timestamp,accX,accY,accZ,gyrX,gyrY,gyrZ
10,-0.106567,-0.137817,1.122070,0.305176,8.178711,9.643555
20,-0.109375,-0.059814,1.203613,0.610352,7.934570,8.728027
30,-0.092529,-0.044922,1.127075,2.197266,7.690430,6.408691
41,-0.010864,-0.194946,0.864990,2.380371,6.469727,4.943848
50,0.031250,-0.246460,0.798340,1.525879,5.615234,4.516602
61,-0.012207,-0.166992,0.866943,0.793457,5.859375,5.737305
70,-0.004028,-0.010620,0.935059,0.122070,6.225586,7.507324
80,-0.002075,-0.166138,0.967651,0.183105,7.202148,9.521484
90,0.008911,-0.197998,0.946045,0.732422,7.324219,10.498047
101,0.043945,-0.214722,1.036743,1.159668,6.896973,10.009766
111,0.047729,-0.201050,1.031128,-0.122070,6.652832,8.789063
121,0.063965,-0.087280,1.044067,-0.061035,5.554199,7.934570
130,0.049316,-0.126465,1.034790,0.244141,4.821777,7.080078
140,0.052490,-0.201782,0.976318,0.183105,4.211426,5.981445
150,-0.001587,-0.180298,0.997559,-0.427246,4.028320,5.004883
160,0.004395,-0.113037,1.077393,-1.037598,3.601074,4.211426
171,0.086914,-0.091553,1.020264,-1.037598,3.295898,4.272461
181,0.114136,-0.117310,1.083740,-0.732422,3.051758,4.028320
190,0.091309,-0.143677,1.023193,-0.610352,2.380371,3.906250
200,0.062500,-0.121094,1.010986,-1.098633,1.953125,3.417969
211,0.077393,-0.094116,1.040649,-0.976562,1.525879,3.112793
220,0.112793,-0.197632,0.979858,-0.488281,1.831055,3.173828
232,0.129517,-0.277710,0.924927,-1.708984,-0.244141,2.136230
241,-0.013672,-0.110840,1.051270,-1.647949,-0.732422,1.464844
251,0.016846,-0.140015,1.020142,-0.671387,-0.244141,0.976562
261,0.073120,-0.209717,1.085571,-0.061035,0.671387,0.671387
270,0.012695,-0.182739,1.133789,-0.183105,0.305176,-0.549316
280,-0.004517,-0.095825,1.115479,0.000000,-0.610352,-2.441406
291,-0.007690,-0.065186,1.130737,1.037598,-0.488281,-4.394531
301,0.054077,-0.229248,1.003906,1.647949,-0.732422,-7.202148
310,0.149536,-0.194214,0.863647,0.366211,-2.136230,-7.690430
320,0.045166,-0.078003,0.884521,-0.427246,-2.502441,-7.263184
331,0.043091,-0.103760,0.827515,-0.549316,-1.525879,-6.042480
340,0.051514,-0.193359,0.809204,-0.732422,-0.671387,-4.577637
350,-0.001953,-0.212524,0.911133,-0.732422,-0.244141,-3.173828
360,-0.031372,-0.051270,1.021606,-0.549316,0.183105,-2.807617
370,-0.083130,-0.129639,1.002563,0.183105,0.671387,-3.051758
382,-0.049927,-0.183472,1.081421,0.854492,1.159668,-5.859375
391,-0.074829,-0.255005,0.925659,1.220703,0.854492,-6.958008
401,-0.051147,-0.202637,0.907593,0.183105,0.671387,-7.690430
410,-0.072144,-0.157715,0.971924,-0.732422,1.220703,-7.690430
420,-0.072388,-0.030029,0.968994,-1.403809,2.258301,-7.629395
431,-0.026611,-0.026489,1.047485,-1.525879,3.112793,-7.263184
441,0.010254,-0.077759,1.063721,-1.403809,3.723145,-6.896973
451,0.056885,-0.089844,0.953247,-0.427246,2.502441,-7.568359
460,0.043945,-0.093872,0.972046,-0.305176,1.647949,-8.300781
470,0.227417,-0.189697,0.935181,-0.183105,0.915527,-7.873535
481,0.163208,-0.101074,0.968872,-0.427246,-0.854492,-10.620117
491,-0.103394,-0.056885,1.094849,-0.732422,-0.549316,-10.925293
501,-0.115112,-0.049683,1.131958,-0.610352,3.051758,-8.666992
511,0.055664,-0.141357,1.036987,-0.305176,6.652832,-3.234863
520,0.019775,-0.251587,0.925781,-0.915527,5.798340,-1.770020
530,0.022949,-0.176880,0.978516,-1.586914,5.187988,0.122070
540,0.053345,-0.157959,0.990845,-1.586914,5.065918,2.136230
550,0.073975,-0.252441,0.947632,-1.403809,4.577637,3.173828
560,0.016479,-0.280884,0.977295,-1.464844,3.906250,4.699707
571,0.046021,-0.200562,0.976562,-2.075195,4.394531,7.019043
581,0.076904,-0.171387,1.012329,-2.441406,5.737305,15.319824
590,0.055664,-0.223389,1.022583,-2.258301,7.568359,18.981934
600,-0.031128,-0.150024,1.093018,-1.586914,7.385254,22.094727
610,-0.038696,-0.140747,1.109863,-0.793457,6.774902,23.864746
620,-0.001587,-0.168457,1.121094,-0.061035,6.530762,25.085449
631,0.012939,-0.139648,1.052734,0.488281,5.676270,26.428223
641,-0.007202,-0.190186,0.986572,1.342773,5.126953,27.893066
650,-0.049683,-0.223267,0.980957,1.708984,4.577637,29.174805
662,-0.084229,-0.104736,0.895874,0.366211,4.821777,30.578613
671,-0.102417,-0.092529,0.967041,0.061035,4.943848,30.761719
681,-0.087036,-0.128784,0.956055,0.244141,4.516602,29.785156
690,-0.081909,-0.037354,0.975220,0.183105,4.089355,28.259277
701,-0.018066,-0.114624,0.935059,0.549316,3.417969,27.038574
710,0.049561,-0.081665,0.942627,0.610352,2.868652,25.695801
722,0.072510,-0.178955,0.953369,-0.305176,0.793457,23.925781
731,0.031250,-0.039673,0.951416,-0.915527,-0.549316,23.315430
741,0.007324,0.006226,0.974243,-1.281738,-0.915527,23.254395
751,-0.039307,-0.036133,1.080200,-1.159668,-0.610352,23.620605
760,0.014160,-0.078857,1.058838,-1.220703,-0.183105,23.864746
770,-0.015259,-0.114380,1.010620,-1.342773,-0.122070,23.864746
781,0.010010,-0.015869,1.009644,-1.525879,-0.854492,23.437500
791,0.014038,-0.073608,0.964233,-1.464844,-1.831055,22.583008
800,0.013184,-0.068481,1.038330,-1.586914,-3.234863,21.850586
811,0.050659,-0.090942,1.022827,-1.464844,-3.601074,21.240234
820,0.045898,-0.074707,0.953247,-1.403809,-4.333496,20.263672
830,0.013184,-0.186523,0.958496,-1.403809,-4.760742,19.287109
840,0.055542,-0.156494,0.978027,-1.403809,-4.943848,17.944336
850,0.011108,-0.106201,1.007446,-1.342773,-5.859375,16.540527
862,0.069458,-0.156860,0.953003,-0.976562,-7.507324,14.770508
871,0.069092,-0.228271,0.910645,-0.854492,-8.056641,13.793945
881,0.115479,-0.228882,0.935059,-1.098633,-8.056641,13.549805
890,0.127441,-0.165527,1.039917,-1.708984,-8.483887,13.549805
900,0.124268,-0.176025,1.015503,-1.525879,-9.094238,12.695313
910,0.068115,-0.094849,1.018066,-0.915527,-9.704590,11.535645
920,0.099609,-0.183960,0.988892,-0.549316,-10.192871,10.375977
932,0.102173,-0.257813,1.049072,-0.854492,-11.779785,7.019043
941,0.069336,-0.168457,0.919312,-0.915527,-12.878418,5.371094
951,0.085327,-0.151489,0.968262,-1.037598,-13.854980,3.906250
960,0.096924,-0.211182,1.040161,-1.464844,-14.282227,3.051758
970,0.058472,-0.006470,1.224487,-1.831055,-14.282227,1.831055
980,0.054443,-0.069336,1.143555,-1.647949,-14.648438,0.183105
990,0.043213,-0.264893,1.046631,-0.854492,-14.892578,-1.098633
1002,0.062744,-0.299805,0.933228,-2.258301,-15.563965,-4.150391
1011,0.100464,0.011108,1.032593,-2.685547,-16.235352,-5.615234
1021,0.061035,-0.181763,0.977051,-2.197266,-17.272949,-6.958008
1030,0.036743,-0.144653,1.019409,-2.014160,-16.906738,-7.934570
1041,0.006226,-0.224487,0.962158,-2.136230,-16.662598,-9.216309
1050,0.052612,-0.181885,1.044922,-2.258301,-16.174316,-10.742188
1060,0.004028,-0.154175,0.984619,-2.258301,-16.174316,-12.390137
1071,0.021973,-0.236572,0.964966,-2.075195,-16.906738,-15.747070
1081,0.044434,-0.257202,0.857788,-1.892090,-17.456055,-17.150879
1091,0.064331,-0.116333,0.974243,-1.892090,-17.272949,-18.249512
1101,0.006836,-0.280029,0.925049,-1.708984,-16.601562,-18.493652
1111,0.010742,-0.125000,0.999756,-1.953125,-16.296387,-19.348145
1120,0.029785,-0.150024,0.915405,-1.525879,-15.869141,-20.080566
1130,0.024170,-0.120239,0.955444,-1.220703,-15.136719,-20.935059
1142,-0.015625,-0.128906,0.927002,-0.854492,-14.465332,-22.216797
1152,-0.020386,-0.151123,0.881348,-1.159668,-14.099121,-22.888184
1161,-0.066772,-0.144897,0.840942,-1.892090,-13.427734,-23.437500
1171,-0.045532,-0.085937,0.942627,-2.502441,-12.512207,-23.925781
1181,-0.120239,-0.096802,0.890381,-3.112793,-12.451172,-24.597168
1190,-0.029907,-0.041016,0.995972,-3.051758,-11.840820,-25.695801
1200,-0.077881,-0.033447,1.045532,-2.746582,-11.230469,-26.733398
1212,-0.026123,-0.042847,1.049683,-2.441406,-10.131836,-28.320312
1222,0.062256,-0.066895,0.995239,-2.014160,-9.094238,-28.686523
1231,0.045288,-0.055786,1.036133,-1.647949,-8.789063,-28.747559
1241,0.024170,-0.061768,1.055054,-1.525879,-8.850098,-28.686523
1250,0.023682,-0.059204,1.038330,-1.098633,-8.178711,-28.503418
1261,-0.025146,-0.145264,0.959229,-0.549316,-7.263184,-28.686523
1271,-0.007324,-0.125488,1.061279,-0.671387,-6.713867,-29.418945
1280,-0.057495,-0.123413,1.104004,-0.671387,-6.591797,-31.555176
1292,-0.067261,-0.121338,1.028931,-0.244141,-6.408691,-32.470703
1302,-0.060059,-0.168579,1.040161,0.427246,-5.981445,-33.264160
1312,0.015869,-0.145508,0.996094,0.366211,-4.821777,-33.691406
1321,0.017578,-0.103516,1.032227,0.244141,-4.455566,-33.813477
1330,0.041382,-0.136108,0.973145,0.305176,-3.417969,-33.386230
1341,0.043823,-0.076904,1.050537,0.061035,-3.173828,-32.348633
1350,0.069214,-0.072632,1.015869,-0.244141,-3.356934,-30.395508
1362,0.035278,-0.103027,0.865845,0.061035,-1.892090,-29.235840
1372,0.055176,-0.141235,0.984375,-0.183105,-0.732422,-27.465820
1381,0.017944,-0.147461,0.962524,-1.220703,-0.427246,-25.817871
1391,-0.024414,-0.060791,0.944580,-1.831055,0.122070,-24.658203
1400,-0.032593,-0.046265,0.991943,-1.831055,0.671387,-23.864746
1410,-0.002197,-0.089966,0.971558,-1.647949,0.915527,-23.376465
1420,-0.033325,-0.125977,1.015625,-1.342773,1.647949,-22.827148
1432,0.018066,-0.023682,1.091309,-0.793457,2.075195,-21.423340
1441,-0.017456,-0.099365,1.038330,-0.244141,3.112793,-20.202637
1451,-0.062744,-0.127563,1.058105,0.488281,3.906250,-19.348145
1460,-0.067627,-0.143066,1.029175,1.159668,4.089355,-18.676758
1470,-0.088623,-0.190063,0.952271,1.525879,4.638672,-18.188477
1480,-0.095459,-0.167114,0.961670,1.525879,5.187988,-17.700195
1490,-0.131348,-0.246094,0.958618,1.892090,6.042480,-17.089844
1502,-0.124756,-0.248047,0.849854,2.380371,6.896973,-15.502930
1511,-0.089722,-0.317871,0.797974,2.746582,7.812500,-14.343262
1520,-0.107178,-0.274292,0.851318,2.563477,8.361816,-12.451172
1530,-0.068726,-0.226318,0.936646,1.953125,8.972168,-10.498047
1540,-0.132446,-0.174805,0.980713,1.831055,10.070801,-8.911133
1550,-0.035889,-0.196411,1.003540,2.380371,10.620117,-8.300781
1561,-0.131714,-0.243652,0.912964,2.990723,10.986328,-8.483887
1571,-0.061646,-0.244141,1.035278,2.380371,11.352539,-8.483887
1580,0.033081,-0.101318,1.041870,2.319336,11.352539,-8.850098
1590,-0.051880,-0.305298,0.900269,2.807617,11.047363,-8.850098
1601,0.015747,-0.393433,0.796997,2.685547,11.108398,-9.155273
1611,0.055542,-0.439819,0.649902,1.037598,10.742188,-8.972168
1620,0.115356,-0.123779,0.906250,-1.220703,10.314941,-8.117676
1632,-0.015015,0.042236,1.160889,-2.197266,11.169434,-6.347656
1641,-0.032104,-0.017090,1.265137,-2.258301,11.596680,-5.432129
1650,-0.105469,-0.161621,1.058838,-1.281738,11.718750,-5.371094
1660,-0.134521,-0.077881,1.038574,-1.220703,11.962891,-5.798340
1671,-0.032959,-0.117310,0.911255,-1.770020,12.329102,-4.394531
1681,-0.010742,-0.016602,0.923706,-2.563477,11.779785,-2.502441
1691,0.052490,-0.023437,0.917969,-2.136230,11.779785,-0.732422
1700,0.005005,-0.177490,0.821777,-2.197266,12.329102,1.647949
1710,0.084473,-0.140625,0.855713,-4.577637,13.366699,6.042480
1721,0.089844,0.119629,1.136719,-5.065918,13.427734,7.568359
1730,0.020508,0.007935,1.094238,-3.906250,13.000488,8.117676
1740,0.026733,-0.027466,1.173340,-2.868652,12.329102,8.850098
1750,-0.020630,-0.156982,1.114136,-2.075195,11.352539,9.216309
1760,0.016357,-0.135254,1.002075,-1.403809,10.375977,9.033203
1772,0.022949,-0.047852,1.004272,-1.098633,9.338379,11.840820
1781,-0.002441,-0.057983,0.906006,-1.464844,9.582520,13.549805
1791,-0.012085,-0.159058,0.834106,-2.258301,9.582520,15.258789
1800,-0.075806,0.109009,1.017456,-3.173828,10.131836,15.991211
1810,-0.122803,-0.088623,0.919434,-3.356934,9.826660,15.625000
1821,-0.168579,0.008667,0.988403,-2.990723,9.277344,14.892578
1830,-0.121704,-0.078003,1.071533,-2.319336,9.399414,13.671875
1842,-0.096069,-0.125977,1.032837,-0.610352,8.422852,12.329102
1851,-0.067505,-0.287720,0.994995,0.000000,8.056641,12.207031
1861,0.019043,-0.036011,1.071045,-0.305176,8.666992,12.512207
1870,0.009155,-0.062378,0.975586,-0.915527,8.300781,13.122559
1881,0.009399,0.050903,1.021851,-1.098633,8.117676,13.732910
1890,-0.041870,-0.058838,1.061646,-0.976562,7.690430,13.977051
1901,-0.005005,-0.100464,1.066895,-0.976562,7.141113,13.732910
1910,-0.018677,0.055054,1.168945,-0.671387,6.958008,13.916016
1920,0.044189,-0.090454,1.074707,0.549316,6.591797,15.563965
1931,0.063965,-0.088745,1.100098,1.464844,6.408691,16.479492
1941,0.060547,-0.176514,1.020996,2.014160,5.920410,17.272949
1950,0.035156,-0.225464,0.994995,2.746582,5.432129,18.127441
1960,-0.062256,-0.363892,0.847168,2.014160,4.638672,18.615723
1970,-0.089722,-0.262207,0.731934,0.915527,4.577637,19.042969
1982,-0.131592,-0.239136,0.716309,-1.770020,5.493164,20.202637
1992,-0.184204,-0.236816,0.714966,-3.112793,5.554199,20.141602
2002,-0.136353,-0.026611,0.686890,-4.333496,5.249023,19.714355
2011,-0.095215,-0.034424,0.925537,-4.821777,4.943848,18.859863
2020,-0.049072,-0.018921,1.150146,-4.577637,4.272461,17.761230
2030,-0.024780,0.014038,1.312378,-3.845215,2.746582,16.357422
2041,0.036743,-0.123169,1.139771,-1.647949,1.953125,14.343262
2050,0.037598,-0.259888,1.067871,0.183105,1.281738,12.084961
2061,0.142700,-0.114014,1.065430,0.122070,1.220703,8.300781
2071,0.167114,-0.165649,1.146484,0.610352,-0.793457,6.713867
2080,0.114014,-0.397095,0.898437,0.305176,-1.953125,4.943848
2090,0.121094,0.074463,0.837646,-0.610352,-1.770020,4.455566
2100,0.169922,-0.010498,0.859009,-0.305176,-1.281738,3.967285
2111,0.192993,-0.138550,0.912964,-0.244141,-1.647949,2.685547
2120,0.096436,-0.160522,1.035645,-1.342773,-3.662109,1.525879
2130,0.120361,-0.112671,1.019775,-1.464844,-5.187988,-1.464844
2140,0.157715,-0.204102,1.078857,-1.525879,-5.920410,-3.112793
2151,0.077637,-0.079834,1.122437,-1.708984,-6.591797,-4.333496
2160,0.075684,-0.058716,1.150635,-1.586914,-6.652832,-4.577637
2170,-0.000854,-0.225830,1.042725,-0.793457,-6.469727,-4.394531
2180,-0.072998,-0.139404,1.053711,-0.427246,-6.103516,-3.967285
2192,-0.084229,-0.197754,1.025757,-0.244141,-3.967285,-1.586914
2201,-0.123901,-0.023437,1.017334,-0.610352,-2.868652,0.488281
2211,-0.134888,-0.200806,0.925415,-0.732422,-2.258301,2.563477
2221,-0.091187,-0.268433,0.854736,-1.403809,-2.136230,4.638672
2230,-0.093872,-0.081909,1.014160,-1.770020,-1.220703,6.408691
2240,-0.112549,-0.158569,1.012329,-2.563477,-1.342773,7.568359
2250,-0.113647,-0.131836,1.038086,-2.868652,-0.976562,8.483887
2262,-0.111084,-0.123047,1.073364,-2.868652,-0.183105,9.521484
2271,-0.164551,0.006592,1.019775,-3.051758,0.061035,10.009766
2280,-0.159302,0.003174,1.010742,-2.868652,0.305176,10.192871
2290,-0.171143,0.035034,1.100098,-2.441406,0.610352,10.314941
2300,-0.187622,0.052124,1.044189,-0.854492,1.403809,9.765625
2310,-0.191040,-0.107422,0.975098,0.732422,1.647949,8.789063
2320,-0.168335,-0.184082,0.907349,1.770020,2.014160,8.300781
2335,-0.108521,-0.274902,0.891235,2.075195,2.868652,6.958008
2345,-0.075806,-0.183105,0.928467,1.770020,2.319336,5.737305
2354,-0.007080,-0.208252,0.874146,0.732422,1.831055,4.821777
2364,0.029053,-0.279785,0.766235,-0.366211,1.953125,4.089355
2373,0.067749,-0.122681,0.883179,-1.525879,2.075195,3.723145
2383,0.095825,-0.183594,0.723755,-2.502441,1.953125,2.624512
2391,0.087646,0.025513,0.926880,-2.502441,1.953125,2.624512
2401,0.139648,-0.004761,0.937866,-3.967285,0.488281,1.159668
2412,0.134521,-0.050049,1.103882,-2.502441,-0.366211,-0.305176
2422,0.168213,-0.267334,1.038696,-1.708984,-0.854492,-1.647949
2432,0.145630,-0.184814,1.074341,-1.098633,-1.831055,-2.746582
2441,0.130493,-0.207764,1.043457,-0.305176,-2.380371,-3.906250
2451,0.053833,-0.370361,0.832520,-0.305176,-3.173828,-4.455566
2460,0.068237,-0.096069,0.901733,-1.220703,-2.990723,-4.760742
2470,0.022827,-0.126953,0.890991,-1.770020,-2.746582,-4.882812
2481,-0.050293,0.024170,1.133667,-2.441406,-2.258301,-6.713867
2491,0.032349,-0.026978,1.262085,-3.540039,-2.624512,-8.117676
2501,-0.078735,-0.184082,1.080200,-3.356934,-2.868652,-9.582520
2510,-0.021362,-0.000366,1.118896,-3.234863,-2.746582,-11.108398
2520,0.101929,-0.024902,1.066650,-2.990723,-2.685547,-11.718750
2530,0.149780,-0.273804,0.944336,-3.417969,-2.624512,-11.840820
2541,0.136230,0.048462,1.056885,-4.150391,-2.563477,-10.314941
2551,0.098633,-0.121338,0.937256,-3.662109,-2.685547,-9.582520
2561,0.069824,-0.030396,1.031860,-3.295898,-2.868652,-9.094238
2570,0.063599,-0.146362,1.003174,-3.112793,-2.807617,-8.728027
2580,0.091187,-0.162964,0.913574,-3.356934,-2.746582,-8.361816
2590,0.078003,-0.097046,0.975586,-3.601074,-3.051758,-7.690430
2600,0.082764,-0.319214,0.901733,-3.662109,-2.990723,-6.774902
2610,-0.023926,-0.139282,0.889160,-3.906250,-2.868652,-6.103516
2620,0.029297,-0.102417,0.926636,-4.882812,-1.953125,-4.699707
2631,-0.038574,-0.068359,0.989258,-4.882812,-1.098633,-4.455566
2641,-0.132812,-0.092529,1.084961,-4.699707,-0.305176,-4.089355
2651,-0.133545,-0.250977,1.002319,-4.028320,0.427246,-4.150391
2661,-0.151611,-0.105835,1.070679,-3.173828,0.854492,-4.455566
2670,-0.169067,-0.079834,1.074585,-2.258301,1.037598,-4.882812
2680,-0.089478,-0.278687,0.922729,-1.159668,1.770020,-5.310059
2690,-0.007935,-0.171753,0.927979,0.305176,1.892090,-5.187988
2702,-0.025513,-0.413208,0.900757,0.854492,1.831055,-4.516602
2712,-0.025391,-0.304688,0.896973,1.098633,2.197266,-3.845215
2722,0.033081,-0.166626,0.946411,0.976562,2.929688,-2.624512
2731,0.018433,-0.358643,0.845825,0.427246,3.295898,-1.403809
2741,0.008057,-0.235474,0.845459,-0.549316,3.173828,-0.976562
2750,-0.008423,-0.081787,0.911865,-1.098633,3.234863,-2.075195
2762,0.004272,-0.258301,0.827515,-1.403809,2.746582,-2.868652
2772,0.132935,-0.052856,0.923096,-2.319336,2.685547,-3.662109
2781,0.106567,-0.305664,0.878662,-3.295898,2.319336,-3.662109
2791,0.146118,-0.261108,0.893799,-4.272461,2.441406,-3.112793
2800,0.108276,0.080078,1.098022,-4.638672,2.380371,-1.953125
2810,0.135010,0.082397,1.099365,-4.333496,2.685547,-0.671387
2819,0.116211,-0.105469,1.086914,-3.967285,2.441406,0.244141
2832,0.106445,0.084595,1.154053,-3.662109,1.586914,0.976562
2841,0.064819,0.102905,1.117676,-3.662109,0.854492,1.403809
2851,0.068970,0.067871,1.127563,-3.112793,0.976562,1.892090
2860,0.004639,-0.006836,1.032959,-2.441406,1.281738,2.624512
2870,0.012207,-0.041992,1.015259,-2.319336,1.098633,3.417969
2880,-0.032715,-0.026733,1.044434,-2.319336,1.342773,4.150391
2890,-0.061157,-0.112793,0.971191,-2.319336,1.586914,5.187988
2900,-0.158203,-0.046143,0.974609,-2.258301,2.258301,6.835937
2910,-0.142456,-0.066406,0.984131,-2.075195,2.685547,7.324219
2920,-0.148315,-0.149414,1.012695,-1.953125,3.234863,8.117676
2930,-0.106201,-0.066650,1.091797,-1.586914,3.356934,8.728027
2940,-0.131104,-0.045410,1.099243,-1.220703,3.234863,9.216309
2950,-0.079834,-0.154541,1.070557,-0.854492,3.906250,9.704590
2959,-0.086182,-0.328613,1.030151,-0.488281,4.394531,10.070801
2972,-0.036133,0.055786,1.069824,-0.183105,3.967285,10.192871
2982,0.058228,-0.031738,1.067139,0.000000,3.662109,9.948730
2991,0.032715,-0.286743,0.940308,0.000000,2.990723,9.826660
3000,0.110596,-0.131104,0.871460,-0.427246,2.929688,9.887695
3010,0.082764,0.058838,1.029053,-1.037598,2.197266,10.131836
3020,0.149048,0.009766,1.068237,-1.037598,2.319336,9.887695
3030,0.118652,-0.175903,0.954468,-1.159668,1.464844,9.155273
3042,0.124390,-0.024780,0.989624,-0.610352,-0.427246,6.835937
3052,0.067383,-0.163452,0.904175,-0.061035,-1.525879,5.798340
3061,0.062012,-0.091919,0.926880,0.183105,-1.892090,4.638672
3071,-0.000610,-0.039673,0.978760,0.671387,-1.953125,3.540039
3080,-0.003540,-0.126831,0.882324,1.586914,-1.770020,2.807617
3090,-0.031250,-0.176392,0.877930,2.197266,-1.708984,2.624512
3101,0.003662,-0.227051,0.932007,2.136230,-2.075195,1.770020
3111,-0.005371,-0.188477,1.140747,2.197266,-2.319336,1.342773
3120,-0.012085,-0.283936,1.062500,2.563477,-1.953125,0.793457
3130,-0.026001,-0.352783,0.891113,2.563477,-2.319336,-0.488281
3140,0.008911,-0.192749,0.976685,1.831055,-2.197266,-1.586914
3150,0.080566,0.012207,1.130493,0.915527,-2.380371,-2.563477
3160,0.083130,-0.059692,1.118774,0.793457,-2.868652,-3.234863
3171,0.082764,-0.232788,1.040405,2.502441,-2.319336,-3.906250
3181,0.101685,-0.002441,1.200073,3.173828,-2.502441,-3.662109
3191,0.050293,-0.122803,1.113159,4.089355,-2.685547,-2.685547
3200,0.003784,-0.259766,0.970093,4.943848,-2.563477,-1.586914
3210,-0.012573,-0.390625,0.903809,4.821777,-1.708984,-0.061035
3221,-0.053223,-0.375244,0.786987,3.601074,-1.098633,2.136230
3230,-0.078491,-0.112427,0.901978,1.892090,-0.915527,4.272461
3240,-0.111572,-0.037598,1.005615,0.549316,0.000000,6.530762
3251,-0.134644,-0.041870,1.064697,-0.671387,0.854492,10.131836
3261,-0.061523,-0.020996,1.137329,-1.403809,0.610352,10.803223
3271,-0.090332,0.024780,1.129272,-0.915527,0.488281,11.535645
3280,-0.050537,0.020996,1.092041,-0.366211,0.671387,11.779785
3291,-0.114380,-0.114136,0.999634,-0.061035,0.305176,11.840820
3300,-0.090698,-0.239502,0.911133,-0.244141,0.854492,11.718750
3310,-0.171753,-0.119141,0.837402,-0.488281,1.159668,11.474609
3321,-0.172363,-0.105225,0.744873,-0.854492,1.770020,8.850098
3331,-0.165283,-0.185059,0.748413,-2.075195,1.708984,6.835937
3340,-0.129150,-0.005859,0.892090,-3.295898,0.732422,3.784180
3350,-0.096924,0.105835,0.979614,-3.662109,0.305176,1.586914
3360,-0.018188,-0.007935,1.058350,-3.295898,0.610352,0.244141
3371,-0.007446,-0.180664,1.085449,-2.136230,0.854492,-0.427246
3380,0.038330,-0.164795,1.062012,-1.342773,1.098633,-0.244141
3390,0.045654,-0.021973,1.096069,-0.305176,2.746582,0.244141
3401,0.055176,-0.126343,1.064575,-0.061035,2.319336,-0.305176
3410,0.075439,-0.195679,0.924683,0.244141,2.014160,-1.220703
3420,0.072754,-0.144775,0.928467,0.366211,0.915527,-1.892090
3430,0.114014,-0.041870,1.060425,0.183105,0.427246,-2.563477
3440,0.094727,-0.091553,1.102051,-0.366211,0.183105,-2.746582
3450,0.076660,-0.197998,1.082153,-0.854492,0.061035,-2.807617
3461,0.001343,-0.247559,1.046875,-0.610352,0.000000,-2.014160
3471,-0.000977,-0.130127,1.084229,-0.915527,0.122070,-1.220703
3481,0.036377,-0.003784,1.160400,-1.098633,-0.244141,-0.854492
3490,-0.033813,-0.117798,1.112793,-0.549316,0.366211,-0.427246
3500,-0.060059,-0.070435,0.940063,-0.427246,-0.183105,-0.549316
3510,0.003784,-0.155884,0.868408,-0.427246,0.366211,-0.488281
3520,-0.013428,-0.043457,0.964111,-0.793457,1.098633,0.244141
3531,-0.008789,-0.301392,0.775146,-0.976562,0.976562,0.305176
3541,0.012451,0.000488,0.890381,-3.601074,1.037598,0.732422
3550,0.013672,0.086670,1.076294,-4.882812,0.610352,0.976562
3560,0.005005,0.028687,1.046753,-5.004883,0.732422,0.488281
3570,-0.036377,-0.218506,0.989990,-4.272461,1.403809,0.000000
3581,-0.022339,-0.167236,0.952759,-3.601074,1.525879,-0.549316
3590,-0.014038,-0.076782,0.979248,-3.479004,1.464844,0.549316
3602,-0.004517,-0.155029,0.875977,-2.624512,2.014160,1.647949
3612,-0.009277,-0.075439,0.892090,-2.075195,2.502441,2.502441
3621,0.007935,-0.293335,0.679199,-1.525879,2.197266,3.295898
3630,0.040771,-0.169800,0.808350,-1.892090,1.892090,3.540039
3640,0.059082,-0.177734,1.043457,-2.685547,1.708984,3.540039
3650,-0.022217,-0.006470,1.267578,-2.807617,1.525879,2.746582
3661,0.004028,-0.139648,1.181152,0.366211,1.831055,-1.220703
3671,0.049438,-0.508667,0.843750,0.305176,1.342773,-3.356934
3681,0.035156,-0.341064,0.814697,-1.464844,0.732422,-4.333496
3690,0.149536,-0.122192,0.897705,-2.441406,0.427246,-4.089355
3700,0.001953,-0.041748,0.978149,-2.929688,0.366211,-3.112793
3710,0.075562,-0.131348,1.024170,-3.112793,0.915527,-1.953125
3720,0.018066,-0.162476,1.031372,-3.540039,1.220703,-1.342773
3730,0.070190,-0.159546,1.056030,-3.845215,1.770020,-1.281738
3740,0.055298,-0.085327,1.128418,-4.760742,1.281738,-0.305176
3751,0.038086,-0.042603,1.071045,-4.455566,1.342773,0.122070
3761,0.001465,-0.105957,1.086792,-3.845215,1.037598,1.037598
3770,0.023926,-0.088135,1.054565,-3.356934,0.732422,1.403809
3781,0.029907,-0.061646,1.027832,-3.112793,1.098633,2.441406
3790,0.042114,-0.123047,1.032837,-3.234863,1.586914,3.662109
3800,0.023804,-0.017090,1.024658,-3.601074,1.586914,4.699707
3811,0.015869,-0.122681,0.901733,-3.723145,1.953125,5.859375
3821,-0.024292,-0.062012,0.836548,-3.723145,1.281738,5.676270
3830,0.039429,0.027222,0.946045,-3.662109,0.671387,5.676270
3840,0.013916,0.094360,0.978149,-4.333496,0.427246,5.920410
3851,0.030762,-0.020386,0.974121,-4.394531,0.854492,7.263184
3860,-0.046875,-0.072998,0.970581,-3.601074,1.647949,8.605957
3870,-0.027222,-0.072021,0.914795,-2.929688,1.831055,9.765625
3882,-0.036621,-0.126587,0.963379,-2.441406,1.525879,11.047363
3891,-0.038208,-0.145996,0.930664,-2.746582,1.403809,11.413574
3900,-0.100342,0.062134,0.929443,-2.624512,1.159668,11.901855
3910,-0.042236,-0.053345,0.931885,-1.098633,1.159668,12.023926
3921,-0.074219,-0.192139,0.954956,0.000000,0.854492,12.390137
3930,0.005127,-0.257568,0.971069,-0.183105,1.098633,12.329102
3942,-0.035767,-0.245728,1.054932,-0.793457,1.098633,11.718750
3951,0.047485,-0.112671,1.081909,-0.915527,0.854492,11.413574
3961,0.047607,-0.012085,1.044312,-0.488281,0.427246,10.864258
3970,0.099487,-0.065796,0.960815,0.122070,-0.305176,10.375977
3980,0.094116,-0.242920,1.013550,0.732422,-1.098633,9.460449
3990,0.117676,-0.057861,1.058716,0.488281,-1.525879,8.422852
4000,0.096802,-0.026611,1.070679,0.427246,-1.953125,7.751465
4011,0.111450,-0.066528,1.047974,0.549316,-3.356934,7.263184
4021,0.126221,-0.138428,0.998535,0.244141,-4.028320,6.713867
4030,0.144775,-0.171875,0.994751,-0.427246,-4.516602,6.286621
4040,0.144653,-0.298706,1.022949,-1.098633,-5.310059,5.004883
4051,0.126099,-0.193970,0.979492,-1.525879,-5.737305,3.662109
4060,0.092407,-0.063843,1.039917,-1.464844,-6.958008,2.014160
4070,0.044922,-0.040771,1.040405,-1.220703,-7.629395,0.305176
4080,0.076416,-0.096436,1.049805,-0.976562,-8.117676,-0.976562
4091,0.014526,-0.150635,0.981201,-1.037598,-8.178711,-2.441406
4101,0.020508,-0.125854,1.076050,-1.647949,-7.568359,-2.746582
4110,0.093628,-0.047241,1.067383,-1.098633,-8.056641,-3.173828
4120,0.022827,-0.152954,0.962891,0.061035,-8.422852,-3.601074
4130,0.134766,-0.244263,0.887451,0.671387,-8.483887,-3.662109
4140,0.124023,-0.302368,0.888672,0.427246,-8.483887,-4.455566
4150,0.034302,-0.260010,0.816772,-0.244141,-8.911133,-4.882812
4160,-0.019653,-0.169434,0.766479,-1.037598,-7.812500,-5.004883
4170,-0.008911,-0.147095,0.885376,-1.342773,-7.263184,-4.394531
4180,-0.114258,-0.294189,0.824341,-1.647949,-7.141113,-4.394531
4190,-0.074097,-0.270996,0.921875,-2.380371,-6.652832,-4.028320
4200,-0.051025,-0.061890,1.081543,-3.417969,-6.286621,-3.173828
4210,-0.062988,-0.004150,1.162231,-2.990723,-5.371094,-2.807617
4221,-0.130493,-0.106323,1.074585,-1.342773,-3.723145,-1.220703
4231,-0.149292,-0.236572,0.911987,-1.525879,-2.746582,-0.915527
4240,-0.201782,-0.267456,0.940186,-1.770020,-1.892090,-1.159668
4250,-0.181274,-0.190308,0.998413,-2.380371,-1.647949,-2.563477
4260,-0.115723,-0.094604,1.054443,-2.136230,-0.976562,-3.967285
4271,-0.099243,-0.116089,1.037476,-1.953125,-1.342773,-6.042480
4280,-0.041626,-0.149414,1.065308,-2.197266,-1.464844,-7.568359
4290,0.018799,-0.108032,1.131958,-2.624512,-0.976562,-8.361816
4301,0.029907,0.003418,1.074097,-2.807617,15.136719,-8.361816
4311,0.073730,-0.073975,1.016235,-2.258301,0.488281,-7.934570
4320,0.047852,0.010376,1.000122,-2.685547,0.122070,-7.751465
4330,0.037354,0.086182,1.058960,-3.051758,-0.549316,-7.751465
4340,0.063843,0.055298,1.097534,-2.441406,-0.366211,-7.934570
4350,0.101807,-0.047485,1.006226,-1.647949,-0.488281,-7.812500
4360,0.041382,-0.070679,0.903564,-1.525879,-0.610352,-7.690430
4371,0.070557,-0.177979,0.878540,-2.075195,15.441895,-6.408691
4381,0.116577,-0.149170,0.805908,-2.868652,0.732422,-6.286621
4390,0.039063,-0.056152,0.796021,-3.784180,0.244141,-6.347656
4400,0.068115,-0.152832,0.741699,-5.065918,-0.305176,-6.469727
4410,-0.011108,-0.219849,0.707153,-6.652832,-0.610352,-7.202148
4420,0.006714,-0.013306,0.791504,-7.568359,-0.427246,-7.507324
4430,-0.016846,0.054565,0.908936,-7.873535,-0.244141,-7.507324
4440,-0.028687,0.017700,0.970459,-6.103516,1.098633,-7.263184
4451,-0.038818,-0.088623,1.019775,-4.882812,1.647949,-6.408691
4461,-0.078491,-0.086182,0.958618,-4.150391,2.563477,-5.432129
4471,-0.075439,-0.155884,0.951904,-3.356934,3.112793,-4.150391
4480,-0.037720,-0.118530,0.912109,-3.417969,4.028320,-2.807617
4490,-0.029541,-0.027100,1.006836,-4.150391,4.638672,-1.403809
4501,-0.073242,-0.123657,1.080566,-3.967285,4.882812,1.159668
4511,-0.099487,-0.159546,1.096802,-3.601074,5.493164,2.685547
4521,-0.108032,-0.076294,1.113647,-3.479004,6.042480,3.601074
4531,-0.042847,-0.029907,1.131836,-2.807617,6.042480,4.760742
4540,-0.082520,-0.123169,1.025269,-1.770020,6.958008,5.920410
4550,-0.085815,-0.309204,0.931763,-1.525879,7.080078,6.530762
4560,-0.077759,-0.315063,0.934204,-1.831055,7.385254,6.652832
4570,-0.070557,-0.220703,1.014648,-2.563477,7.385254,6.835937
4581,0.014771,-0.189575,1.072144,-2.929688,6.713867,6.652832
4591,-0.007690,-0.044800,1.080444,-2.990723,6.103516,6.652832
4601,0.055542,-0.073120,1.210571,-3.295898,5.737305,6.530762
4610,-0.010986,-0.021851,1.175537,-3.295898,5.432129,6.652832
4620,0.040527,-0.093750,1.101196,-2.868652,5.920410,7.446289
4630,-0.014526,-0.131104,1.002075,-2.441406,6.286621,8.544922
4640,0.066284,-0.114380,1.015869,-2.197266,5.310059,9.643555
4651,-0.032959,0.005615,1.137329,-2.258301,5.004883,12.268066
4661,-0.117554,-0.071899,1.057007,-0.061035,5.798340,13.671875
4670,-0.075195,-0.146484,0.988037,1.586914,6.103516,14.587402
4680,-0.116089,-0.156006,1.004272,2.807617,6.835937,16.052246
4689,-0.054687,-0.143921,0.891357,3.784180,6.347656,17.089844
4700,-0.090576,-0.132690,0.874512,4.821777,5.920410,18.188477
4710,-0.054687,-0.280762,0.839844,5.249023,5.676270,19.409180
4719,0.019531,-0.308350,0.772705,3.784180,5.249023,20.141602
4731,0.004517,-0.202881,0.940918,3.295898,4.089355,19.897461
4740,-0.015137,-0.194580,0.886841,3.295898,3.234863,19.104004
4750,0.025391,-0.192749,0.887817,3.540039,2.929688,18.005371
4760,0.028931,-0.209106,1.023193,3.173828,2.197266,16.723633
4770,0.062134,-0.117065,1.065796,2.868652,0.671387,14.648438
4779,0.074707,-0.120483,1.071289,3.173828,-0.305176,12.817383
4792,0.118042,-0.246094,1.033325,3.845215,-2.441406,10.070801
4801,0.154175,-0.231567,0.964844,3.967285,-2.807617,9.094238
4811,0.131226,-0.214233,0.984863,3.906250,-3.234863,8.056641
4820,0.157837,-0.209717,1.004761,3.784180,-4.455566,7.690430
4830,0.135742,-0.191040,1.094604,3.784180,-3.540039,7.202148
4839,0.127441,-0.274902,1.203491,3.540039,-4.211426,6.103516
4850,0.089355,-0.343140,1.198120,2.502441,-4.638672,4.455566
4859,0.086182,-0.324097,1.095337,0.305176,-5.432129,-1.220703
4871,0.223633,-0.266357,1.159058,-0.427246,-5.554199,-4.089355
4881,-0.040649,-0.525513,1.148193,-0.854492,-5.920410,-6.530762
4890,0.200439,-0.325928,0.664307,-7.934570,-6.347656,-8.422852
4900,0.078491,-0.668213,-0.695190,-9.338379,-8.056641,-11.718750
4910,-0.009644,0.604004,0.619019,-16.967773,-9.094238,-14.221191
4921,-0.016846,0.514771,-0.206299,-35.705566,-11.291504,-19.042969
4931,0.175537,1.716064,0.311157,-40.527344,-7.446289,-16.601562
4940,-0.052246,1.114258,0.910645,-38.024902,-5.249023,-13.732910
4950,0.057251,0.316528,1.113892,-36.621094,-5.920410,-14.160156
4960,-0.133667,0.685303,1.479614,-40.039062,-6.774902,-15.930176
4970,0.015503,1.085693,1.373169,-40.649414,-6.347656,-15.808105
4980,-0.018677,0.947754,1.712036,-32.714844,-5.798340,-12.817383
4989,0.059204,1.131226,3.147827,-22.827148,-5.065918,-11.169434
5001,-0.069092,-0.274170,1.395630,-10.803223,-4.028320,-7.507324
5011,0.352539,-0.652710,1.494751,6.896973,-0.061035,-3.906250
5020,0.204468,-0.019653,2.414429,2.380371,0.610352,0.488281
5030,-0.170776,0.367065,1.500000,-4.455566,-1.037598,2.685547
5039,-0.310425,0.629761,-0.370117,-3.723145,-0.488281,6.042480
5050,-0.028442,0.769653,-0.869385,1.892090,4.455566,9.277344
5059,-0.094849,0.824219,0.747559,3.234863,7.873535,10.803223
5071,-0.478638,0.622070,1.193359,-3.479004,6.591797,10.498047
5081,-0.375732,1.241821,0.069702,-11.718750,8.972168,12.756348
5090,0.219971,1.652710,0.365601,-8.056641,12.695313,15.258789
5099,-0.018799,1.546631,1.902710,-2.990723,12.329102,18.798828
5110,-0.133179,0.569458,2.102295,0.122070,7.873535,19.409180
5120,-0.013794,-0.046265,0.698853,-1.037598,5.615234,18.310547
5130,0.469482,0.739014,0.207642,-6.530762,6.530762,18.371582
5139,0.471069,2.026978,1.350708,-11.413574,4.272461,25.756836
5151,-0.152710,0.062622,0.934692,-5.126953,2.868652,27.709961
5160,0.161499,-0.030640,0.355469,-2.990723,4.089355,27.343750
5170,0.534058,0.765259,0.898071,-5.920410,4.699707,27.038574
5180,0.125122,1.179199,2.074707,-9.521484,2.563477,28.320312
5190,-0.244507,0.078369,1.595825,-7.385254,-0.427246,26.733398
5200,-0.132690,-0.553101,0.473145,-3.112793,-2.380371,20.690918
5210,0.190186,0.484131,0.415161,-3.540039,-2.502441,12.084961
5221,-0.131958,0.397583,1.386719,-3.845215,-3.662109,10.803223
5231,-0.314209,-0.121948,1.161255,-4.760742,-4.394531,7.385254
5240,-0.140137,0.266235,0.544800,-8.117676,-4.333496,3.967285
5250,0.055908,1.150269,0.734253,-11.169434,-1.892090,3.784180
5260,-0.043701,1.110962,1.204468,-10.192871,0.000000,5.798340
5269,-0.128784,0.448853,1.218140,-7.080078,-1.098633,5.432129
5279,-0.198364,0.061157,0.871826,-8.605957,-2.563477,-1.464844
5291,0.124390,1.237793,1.104126,-10.070801,-2.197266,-2.502441
5301,0.036255,0.889038,0.969238,-7.751465,-2.075195,-1.953125
5311,0.011841,0.370850,0.757568,-4.638672,-2.136230,-2.136230
5320,0.079590,0.388672,0.858887,-4.882812,-2.258301,-2.868652
5330,0.211670,0.949585,1.152588,-7.263184,-2.380371,-3.234863
5341,0.110596,1.085327,1.104126,-6.835937,-2.563477,-2.014160
5351,-0.077148,0.343262,0.881958,-5.920410,-2.624512,-3.356934
5361,-0.049683,0.790405,1.149780,-7.019043,-2.990723,-4.882812
5370,-0.066406,0.745850,1.168701,-8.605957,-3.112793,-5.493164
5380,-0.158325,0.560425,0.993042,-9.155273,-2.746582,-5.187988
5390,-0.198120,0.442383,0.869263,-8.728027,-1.831055,-4.089355
5400,-0.145386,0.527222,0.913940,-7.873535,-0.854492,-2.990723
5411,-0.089111,0.734009,1.143433,-8.789063,1.220703,-0.854492
5421,-0.107910,0.469482,0.880005,-8.789063,1.220703,0.122070
5431,-0.054443,0.475342,0.887573,-8.117676,1.831055,0.488281
5440,-0.009644,0.754028,1.052979,-8.483887,2.685547,1.159668
5449,0.034790,0.713989,1.084106,-8.666992,2.868652,2.746582
5460,-0.022949,0.520508,1.006470,-8.911133,3.173828,4.455566
5470,-0.015991,0.538208,0.888672,-9.765625,2.929688,6.164551
5481,-0.000244,0.684570,0.882812,-9.826660,4.333496,10.253906
5491,0.007446,0.681274,1.002197,-9.704590,4.882812,12.023926
5501,0.009277,0.655762,0.956543,-10.498047,4.760742,12.451172
5510,0.019897,0.781616,0.914917,-11.291504,4.577637,12.329102
5520,0.052002,0.929199,0.946777,-11.718750,4.821777,12.084961
5530,0.048096,0.973755,1.039917,-11.535645,4.272461,11.901855
5540,0.004272,0.818481,0.951172,-10.803223,4.028320,11.718750
5551,0.045776,0.861206,0.880493,-9.399414,3.479004,12.268066
5560,0.111938,0.667236,1.039063,-7.873535,3.356934,12.207031
5571,0.190918,0.570557,1.029541,-7.934570,3.234863,12.268066
5580,0.207886,0.282227,0.968018,-6.103516,2.807617,12.145996
5590,0.247559,0.271362,1.048828,-4.272461,2.441406,10.864258
5599,0.189209,0.311035,1.076538,-3.234863,1.647949,9.338379
5610,0.131958,0.207764,0.991821,-1.037598,1.098633,7.629395
5619,0.101807,0.270264,0.944214,0.488281,0.488281,5.432129
5631,0.119019,0.239624,0.878662,2.380371,-0.549316,2.197266
5640,0.108154,0.362061,0.919678,6.469727,-2.563477,1.525879
5650,0.092651,0.370728,0.889648,8.789063,-3.051758,1.708984
5659,0.084229,0.369385,0.835449,11.413574,-3.356934,2.319336
5670,0.086060,0.454834,0.855225,13.610840,-3.295898,2.441406
5680,0.043823,0.524902,0.912354,16.113281,-3.234863,2.136230
5689,0.007813,0.586670,0.922363,18.981934,-3.906250,1.098633
5701,-0.079468,0.681030,0.822388,21.850586,-4.333496,-1.708984
5711,-0.080078,0.781860,0.802612,28.198242,-4.699707,-2.197266
5720,-0.054077,0.873169,0.790283,31.311035,-4.577637,-1.586914
5730,-0.025513,0.924072,0.759644,34.851074,-4.028320,0.488281
5739,-0.000488,0.969604,0.752075,38.818359,-3.479004,3.234863
5750,0.005615,0.133057,0.815308,43.212891,-3.112793,5.737305
5759,-0.191284,-2.506470,1.465576,44.372559,-2.502441,7.568359
5771,-0.447388,-1.040527,2.808838,26.611328,0.854492,8.544922
5781,-0.211304,-0.421753,1.052246,-2.441406,3.234863,11.352539
5790,0.135254,-0.509399,-0.120239,8.117676,4.455566,11.962891
5800,0.329834,-0.187500,0.487915,17.456055,4.150391,10.681152
5809,0.066895,-1.102661,0.804443,20.507812,2.746582,10.803223
5820,-0.259644,-0.949707,0.689209,13.061523,1.831055,11.230469
5830,-0.384155,-0.004150,0.554443,3.784180,0.061035,5.920410
5839,-0.194702,0.471069,0.663086,0.000000,-2.563477,-6.103516
5851,0.154419,-0.384644,1.637085,2.258301,0.915527,-3.601074
5861,0.345825,-0.442139,2.134277,4.211426,5.981445,0.305176
5870,0.237671,-0.061523,1.875854,3.967285,7.080078,2.990723
5879,0.120483,0.028320,1.422729,4.760742,3.295898,2.014160
5890,0.151978,0.004517,1.135254,6.591797,-1.159668,-1.586914
5901,0.154175,0.195679,1.116577,6.103516,-3.723145,-2.319336
5911,-0.072632,0.268311,1.099731,6.530762,-2.807617,-2.441406
5921,-0.194702,0.167725,0.986694,7.019043,-2.868652,-2.624512
5931,-0.241699,-0.010010,0.904175,8.361816,-2.136230,-3.051758
5940,-0.165405,-0.086304,0.880005,9.582520,-0.366211,-3.112793
5950,-0.113037,-0.022095,0.873657,10.498047,1.892090,-1.953125
5960,-0.073242,-0.253662,0.859985,11.962891,3.234863,-0.854492
5969,-0.064087,-0.431274,0.799683,13.732910,3.845215,-0.915527
5981,0.061157,-0.410767,0.734375,13.610840,3.479004,-0.976562
5991,0.127563,-0.208374,0.657593,8.850098,3.906250,0.183105
6000,0.130127,-0.013916,0.529785,6.103516,4.272461,2.197266
6009,0.084351,0.060669,0.501343,4.272461,4.028320,4.211426
6020,0.051270,-0.002075,0.589722,3.417969,3.479004,5.859375
6029,0.061523,-0.131592,0.734253,3.051758,3.173828,7.629395
6040,0.077637,-0.331421,0.769775,2.380371,3.051758,9.277344
6051,0.062256,-0.163696,0.814697,1.831055,2.685547,12.084961
6061,0.011963,-0.115723,0.912964,0.366211,1.892090,13.183594
6070,-0.054443,-0.193359,0.927979,0.305176,1.708984,14.221191
6079,-0.070435,-0.125122,0.999146,0.244141,1.647949,14.648438
6090,-0.095215,-0.030273,1.094849,-0.183105,1.220703,14.526367
6100,-0.080078,-0.274780,0.949829,-0.305176,1.464844,14.221191
6109,-0.068237,-0.004639,1.061401,0.244141,2.075195,13.610840
6121,-0.038452,-0.253296,0.987183,0.061035,1.831055,12.512207
6130,-0.029541,-0.244385,0.951050,-0.061035,2.319336,12.084961
6140,-0.027100,-0.156250,0.999390,-0.427246,2.685547,11.718750
6149,-0.000488,-0.165405,1.036499,-0.854492,3.234863,11.474609
6160,-0.026855,-0.137085,1.089722,-1.037598,3.540039,10.375977
6170,-0.037354,-0.147217,1.161499,-1.403809,3.845215,9.765625
6181,0.044922,-0.300659,1.079346,-1.586914,4.760742,9.277344
6191,0.013184,-0.183716,1.141113,-1.220703,4.272461,8.789063
6200,0.040161,-0.202148,1.066406,-0.915527,4.455566,8.605957
6210,0.057495,-0.190186,1.028931,-0.915527,4.089355,8.789063
6219,0.124512,-0.094604,0.972412,-1.098633,3.234863,8.483887
6230,0.159668,-0.019897,0.922363,-1.281738,2.990723,7.995605
6239,0.151855,-0.028198,0.901611,-1.403809,1.647949,7.385254
6250,0.150879,-0.044434,0.906372,-1.403809,1.098633,6.835937
6259,0.151123,-0.060547,0.931519,-1.525879,1.159668,5.798340
6271,0.105103,-0.181763,0.946411,-1.281738,1.525879,5.310059
6280,0.084106,-0.187378,0.923706,-1.281738,1.770020,4.699707
6290,0.035278,-0.185059,0.901855,-1.586914,1.586914,4.272461
6300,-0.006592,-0.180054,0.901611,-1.892090,1.647949,3.540039
6310,-0.038086,-0.157715,0.907471,-2.136230,1.708984,2.868652
6319,-0.042603,-0.132446,0.878296,-2.380371,1.647949,2.441406
6331,-0.014404,-0.004028,0.924072,-2.624512,1.403809,1.098633
6340,0.015625,-0.028687,0.997437,-2.807617,1.647949,0.732422
6350,0.015869,-0.134277,1.018433,-2.685547,2.197266,0.732422
6359,-0.007324,-0.023926,1.033936,-2.624512,3.051758,0.671387
6370,0.002563,-0.094116,1.045044,-2.441406,2.990723,0.915527
6380,-0.008057,-0.122681,1.040894,-2.136230,3.173828,1.037598
6389,0.041138,-0.093750,1.023560,-1.831055,3.173828,1.220703
6402,0.065796,-0.099609,1.022461,-2.014160,2.563477,0.976562
6411,0.058472,-0.065552,1.016968,-2.075195,2.380371,0.488281
6421,0.062500,-0.074829,1.011719,-1.708984,2.136230,0.244141
6430,0.061768,-0.065430,0.985352,-1.586914,2.014160,0.244141
6440,0.086060,-0.013306,1.033081,-1.953125,1.831055,0.122070
6450,0.109009,-0.049316,1.015137,-1.953125,1.770020,0.183105
6459,0.136841,-0.027710,1.010986,-1.892090,1.403809,0.183105
6472,0.140991,-0.077026,0.999390,-1.770020,0.244141,-0.610352
6481,0.108643,-0.070679,1.003906,-1.831055,-0.427246,-1.098633
6491,0.057739,-0.053711,1.000488,-1.647949,-0.854492,-1.159668
6500,0.033447,-0.055664,0.950317,-1.647949,-0.854492,-0.915527
6510,0.023560,-0.078369,0.971924,-1.586914,-0.061035,-0.183105
6519,0.011597,-0.099365,0.985107,-1.647949,0.305176,0.427246
6531,0.011963,-0.115112,0.997925,-1.342773,0.488281,0.915527
6541,0.002441,-0.157959,0.996338,-1.525879,0.732422,1.098633
6550,0.023315,-0.183228,0.997925,-1.525879,0.732422,1.403809
6560,0.024902,-0.169189,0.980469,-1.281738,0.610352,1.342773
6570,0.039429,-0.131836,0.943970,-1.586914,0.305176,1.220703
6579,0.058594,-0.096558,0.920776,-1.464844,0.305176,1.342773
6590,0.075317,-0.128418,0.929199,-0.732422,0.305176,1.342773
6600,0.082031,-0.166016,0.977905,-0.427246,-0.305176,0.854492
6611,0.067139,-0.038940,1.034058,-1.037598,-0.671387,0.915527
6621,0.058350,-0.005493,1.009033,-1.770020,0.061035,1.342773
6630,0.068848,-0.013672,0.981567,-1.281738,0.244141,1.953125
6639,0.085815,-0.055176,0.987915,-0.427246,0.000000,2.136230
6650,0.090820,-0.094482,1.020630,-0.305176,-0.244141,2.380371
6660,0.088745,-0.088135,1.046265,-0.549316,-0.488281,2.746582
6671,0.098022,-0.060181,1.049194,-1.220703,-0.305176,4.028320
6681,0.085571,-0.031494,0.982666,-0.793457,0.122070,5.004883
6690,0.108765,-0.080200,0.968506,-0.122070,0.061035,5.554199
6699,0.064819,-0.125854,1.004883,0.427246,-0.610352,5.554199
6710,0.104858,-0.165283,1.028198,0.000000,-0.854492,6.713867
6719,0.107300,-0.130493,1.038696,-0.549316,-1.342773,6.469727
6730,0.069580,-0.102295,1.020630,-1.159668,-1.342773,6.652832
6741,0.035522,-0.073364,0.972900,-1.098633,-1.220703,7.446289
6751,0.079590,-0.097412,0.951172,-0.610352,-1.159668,7.141113
6760,0.070190,-0.125244,0.973022,-0.183105,-1.831055,6.225586
6769,0.049683,-0.136597,1.003540,-0.366211,-2.380371,4.943848
6780,0.072754,-0.128052,1.045532,-0.793457,-2.502441,3.662109
6790,0.093872,-0.100952,1.022461,-0.793457,-2.685547,1.647949
6800,0.053711,-0.032837,0.975830,-1.037598,-3.234863,-0.244141
6810,0.043335,-0.076904,0.927979,-0.976562,-3.295898,-1.037598
6820,0.185913,-0.085449,1.009155,-0.549316,-4.272461,-1.586914
6830,0.160156,-0.065430,0.995605,-0.854492,-4.882812,-2.746582
6840,0.142578,-0.110962,0.971313,-0.854492,-5.310059,-3.601074
6850,0.150513,-0.021118,1.006348,-0.732422,-5.187988,-4.638672
6860,0.118164,-0.076782,0.969849,-0.610352,-5.310059,-5.432129
6869,0.081543,-0.063110,0.980225,-0.366211,-5.676270,-6.042480
6881,0.048950,-0.026611,1.002197,-0.366211,-5.920410,-4.943848
6891,-0.007690,-0.021606,1.015503,-0.549316,-5.187988,-3.112793
6901,-0.073975,-0.028564,1.029053,-0.488281,-5.126953,-1.159668
6910,-0.130615,-0.057373,1.011841,-0.549316,-5.065918,-0.122070
6920,-0.197021,-0.062256,1.029541,-0.427246,-4.577637,0.610352
6930,-0.284668,-0.037720,1.029785,-0.427246,-3.234863,-0.183105
6939,-0.251587,-0.104126,0.990356,-0.427246,-1.281738,0.305176
6950,-0.173096,-0.083740,0.977783,-0.305176,0.244141,-0.610352
6959,-0.127563,-0.092285,0.906982,-0.549316,0.610352,-2.868652
6970,-0.135132,-0.134766,0.919922,-0.854492,0.305176,-3.723145
6980,-0.019165,-0.140747,0.985229,-1.464844,-0.244141,-4.638672
6990,-0.031982,-0.129639,1.027832,-1.708984,-0.610352,-4.699707
7000,-0.039795,-0.137207,1.040649,-1.770020,-0.305176,-3.723145
7010,-0.015503,-0.162964,1.036133,-1.525879,1.037598,-1.831055
7020,0.029663,-0.191772,1.002930,-0.976562,1.892090,0.732422
7031,0.058105,-0.293823,0.930054,-0.366211,2.929688,4.638672
7040,0.068359,-0.292969,0.946777,-0.610352,2.868652,5.798340
7050,0.087524,-0.294312,0.968628,-1.159668,2.380371,6.286621
7060,0.101563,-0.295532,0.988647,-1.098633,2.075195,5.798340
7070,0.047363,-0.286377,1.000366,-0.915527,1.525879,5.187988
7080,0.027222,-0.287842,0.997070,-0.915527,1.037598,4.821777
7089,0.017944,-0.284302,0.981812,-0.671387,1.525879,4.760742
7101,-0.000488,-0.270020,0.951538,-0.793457,1.708984,5.065918
7110,-0.000977,-0.262939,0.949829,-0.854492,2.136230,6.103516
7120,-0.012939,-0.249268,0.952759,-1.037598,2.624512,7.141113
7129,-0.028198,-0.222900,0.964844,-1.220703,2.929688,8.361816
7140,-0.033325,-0.201172,0.978149,-1.342773,3.845215,9.887695
7149,-0.045410,-0.190796,0.990356,-1.281738,4.211426,11.474609
7160,-0.054687,-0.192261,0.999268,-1.464844,4.516602,13.427734
7169,-0.078857,-0.203491,0.995483,-1.525879,5.554199,17.456055
7181,-0.083008,-0.193970,0.979126,-1.525879,6.225586,19.714355
7191,-0.066772,-0.174194,0.971436,-1.647949,6.896973,22.521973
7200,-0.051758,-0.147339,0.977783,-1.647949,7.812500,25.817871
7210,-0.016846,-0.160400,0.969604,-1.037598,9.033203,29.479980
7220,0.009277,-0.196045,0.955322,-0.976562,9.887695,33.081055
7230,0.014771,-0.205933,0.950073,-1.098633,10.314941,36.132812
7239,-0.000854,-0.174072,0.953003,-1.831055,10.620117,41.015625
7250,-0.014648,-0.156128,0.973022,-1.953125,11.169434,43.151855
7260,-0.031006,-0.192261,1.002441,-1.708984,11.901855,45.532227
7269,-0.014038,-0.213257,1.015381,-1.525879,12.268066,47.729492
7280,0.002319,-0.216431,0.992432,-1.770020,13.122559,49.926758
7290,-0.016357,-0.218140,0.946655,-1.892090,13.671875,52.307129
7301,-0.035034,-0.189575,0.945435,-1.892090,15.319824,57.434082
7311,-0.062012,-0.141357,1.017334,-1.708984,15.808105,60.119629
7320,-0.084839,-0.191650,0.968506,-1.281738,16.845703,61.950684
7330,-0.084106,-0.213257,0.909546,-1.220703,17.272949,63.659668
7340,-0.059692,-0.139160,0.956421,-1.647949,18.127441,65.856934
7350,-0.034058,-0.109619,1.010864,-1.892090,18.981934,68.237305
7365,0.019165,-0.251343,0.932617,-1.159668,18.188477,70.556641
7374,0.000854,-0.219971,0.974365,-1.281738,18.554687,71.472168
7383,0.029663,-0.155640,1.029907,-2.014160,19.165039,72.692871
7393,0.046875,-0.175049,1.003174,-1.892090,19.653320,73.730469
7402,0.061646,-0.200195,0.939697,-1.403809,19.653320,73.974609
7412,0.073975,-0.188110,0.959473,-1.281738,19.836426,74.035645
7421,0.125122,-0.186890,0.997192,-1.037598,20.080566,74.707031
7431,0.147705,-0.225952,0.977051,-0.793457,19.836426,75.134277
7440,0.144165,-0.212402,0.991699,-0.854492,18.310547,75.073242
7452,0.191162,-0.174805,0.988281,-0.976562,18.371582,75.439453
7461,0.182129,-0.174194,0.977051,-0.671387,18.005371,75.622559
7471,0.161621,-0.168335,0.992798,-0.427246,17.333984,75.012207
7480,0.168213,-0.243408,0.974731,0.000000,17.028809,73.974609
7490,0.185303,-0.285034,0.969727,0.244141,16.906738,72.448730
7500,0.180054,-0.272827,1.022827,0.061035,16.296387,70.251465
7511,0.193970,-0.293701,1.015015,0.183105,14.282227,63.598633
7521,0.220947,-0.248535,0.997314,0.305176,12.817383,59.814453
7530,0.234863,-0.209595,0.981567,0.549316,11.169434,56.091309
7539,0.286377,-0.198730,0.944214,0.976562,9.582520,52.307129
7550,0.308228,-0.168701,0.946655,1.281738,8.239746,48.828125
7560,0.340698,-0.177246,0.945801,1.525879,6.835937,46.081543
7570,0.379517,-0.166382,0.981689,1.586914,5.493164,43.151855
7580,0.407837,-0.117554,1.020630,1.586914,3.906250,39.611816
7591,0.536987,-0.076172,1.013794,1.464844,1.159668,32.897949
7600,0.593506,-0.065308,1.018066,2.258301,-0.305176,29.174805
7610,0.570190,-0.071777,0.996460,2.563477,-2.502441,25.207520
7619,0.466309,-0.099609,0.995605,2.929688,-4.699707,21.240234
7630,0.293579,-0.120728,0.997192,3.417969,-6.774902,17.089844
7640,0.166016,-0.141602,1.016113,3.845215,-8.728027,12.023926
7651,0.059326,-0.140625,1.049805,3.845215,-10.253906,1.892090
7661,-0.089233,-0.241943,1.040771,3.112793,-10.009766,-2.807617
7670,-0.070557,-0.179932,1.013550,1.525879,-9.826660,-7.446289
7680,-0.007690,-0.159790,0.993530,0.366211,-10.070801,-12.451172
7690,0.089355,-0.077026,0.985718,-0.427246,-10.925293,-18.310547
7700,0.261475,-0.085449,0.977783,-0.854492,-11.352539,-24.108887
7710,0.358276,-0.127686,0.992676,-0.793457,-12.329102,-29.052734
7721,0.401001,-0.100830,1.030884,-1.220703,-14.831543,-38.330078
7731,0.482666,-0.052368,0.967041,-0.854492,-15.808105,-41.687012
7740,0.526733,-0.016846,0.953369,-0.488281,-16.967773,-44.860840
7750,0.548950,-0.058716,0.949829,0.061035,-18.676758,-47.973633
7760,0.511353,-0.129395,0.942627,0.183105,-19.958496,-50.109863
7770,0.446289,-0.077759,0.983643,-0.244141,-21.911621,-52.734375
7780,0.429932,-0.060547,0.997925,-0.183105,-23.376465,-55.541992
7790,0.370117,-0.114624,0.985718,0.000000,-23.620605,-57.006836
7801,0.359863,-0.018555,1.035767,-0.122070,-24.841309,-60.913086
7811,0.265015,-0.056152,0.970825,-0.122070,-25.085449,-61.340332
7820,0.406006,-0.048218,1.010742,-0.061035,-25.329590,-61.828613
7830,0.299194,-0.030884,0.885132,0.366211,-25.329590,-61.950684
7839,0.285889,-0.101196,0.964844,0.732422,-25.085449,-60.913086
7850,0.277100,-0.069946,0.932617,0.549316,-25.756836,-60.607910
7860,0.085693,0.045288,0.796875,0.122070,-27.160645,-60.607910
7871,0.054321,0.045776,0.975952,-15.563965,-25.573730,-58.959961
7881,-0.045532,-0.010254,0.895996,-0.183105,-23.376465,-56.274414
7890,-0.038452,-0.033203,0.986694,0.305176,-21.911621,-53.955078
7900,-0.036743,0.014771,0.938110,0.427246,-20.812988,-52.062988
7910,-0.064941,0.006592,0.914673,0.793457,-19.897461,-49.560547
7920,-0.067505,-0.053833,0.911133,0.915527,-19.348145,-47.180176
7931,-0.014282,-0.079224,0.977905,0.122070,-17.333984,-41.076660
7941,-0.147461,-0.028076,0.999512,0.000000,-15.747070,-38.391113
7950,-0.137207,-0.007446,0.998291,0.122070,-14.282227,-35.217285
7960,-0.156128,-0.063354,1.009644,0.366211,-12.756348,-32.470703
7970,-0.115967,-0.088135,1.028198,0.610352,-11.291504,-29.785156
7980,-0.093018,-0.097168,1.049805,0.122070,-10.253906,-26.916504
7990,-0.130005,-0.058472,0.983276,-0.061035,-9.399414,-24.108887
8001,-0.112061,-0.063110,0.958008,-0.244141,-7.446289,-19.042969
8011,-0.144043,-0.062866,0.972534,-0.366211,-6.530762,-17.028809
8021,-0.122437,-0.043213,0.997070,-0.610352,-5.432129,-15.441895
8030,-0.091919,-0.069458,1.026611,-0.976562,-4.089355,-14.038086
8040,-0.039551,-0.105591,1.012817,-1.220703,-3.112793,-13.122559
8050,0.073486,-0.085083,0.986694,-1.708984,-2.746582,-12.329102
8059,0.117432,-0.029053,1.007935,-2.136230,-3.234863,-11.352539
8071,0.159424,-0.060425,0.976318,-2.136230,-4.333496,-9.094238
8081,0.353394,-0.244751,1.029785,-2.136230,-4.089355,-7.812500
8091,0.281738,-0.078003,0.919434,-1.953125,-4.150391,-6.774902
8100,0.217163,0.146484,1.053589,-2.380371,-4.638672,-5.554199
8110,0.051025,-0.149780,1.127319,-2.075195,-4.821777,-5.065918
8120,0.073730,-0.298706,0.890869,-1.220703,-6.591797,-6.530762
8130,0.095825,-0.277100,0.806519,-0.671387,-6.958008,-7.141113
8141,0.040161,-0.083252,1.006714,-0.549316,-8.239746,-6.896973
8151,-0.193604,-0.284912,0.910278,0.488281,-7.629395,-7.019043
8161,-0.047729,-0.162964,0.968018,0.061035,-5.554199,-6.042480
8170,-0.037964,-0.186646,1.049927,-0.671387,-3.540039,-4.638672
8180,-0.136597,-0.231689,0.972290,-0.671387,-3.112793,-4.638672
8189,-0.196533,-0.123901,0.987671,-0.854492,-3.784180,-5.187988
8200,-0.112793,-0.106567,0.916260,-0.732422,-4.089355,-5.920410
8210,-0.084595,-0.179687,0.966309,-0.122070,-3.479004,-5.371094
8220,-0.074585,-0.124268,1.025879,-0.183105,-2.990723,-5.187988
8230,-0.082886,-0.150146,1.014038,-0.549316,-2.197266,-3.845215
8240,0.006470,-0.096924,1.033569,-0.793457,-1.464844,-2.014160
8250,0.077148,-0.172607,0.944702,0.000000,-0.671387,-0.488281
8260,0.114990,-0.187866,1.016846,-0.183105,-0.671387,1.281738
8270,0.094604,-0.205444,0.973389,-0.366211,-1.647949,2.136230
8279,0.076904,-0.187866,0.986938,-0.671387,-2.380371,2.319336
8291,0.036987,-0.068970,0.978638,-1.281738,-3.112793,3.356934
8300,-0.007324,-0.115479,0.949097,-0.732422,-2.380371,4.333496
8310,0.005859,-0.152222,0.977417,-0.915527,-1.708984,5.310059
8320,0.010254,-0.148315,0.947754,-1.220703,-1.464844,6.042480
8330,0.022095,-0.076538,1.019043,-1.831055,-1.586914,6.591797
8340,0.029175,-0.034668,0.997559,-1.892090,-1.708984,6.958008
8350,0.016968,-0.095337,0.964111,-1.525879,-2.502441,7.080078
8359,0.004028,-0.147949,1.002930,-1.708984,-2.136230,6.469727
8371,0.027832,-0.093750,1.000610,-2.136230,-2.197266,5.187988
8381,0.057251,-0.068115,1.002563,-2.075195,-2.136230,4.211426
8390,0.070435,-0.120728,0.972900,-1.403809,-2.990723,3.051758
8400,0.093384,-0.213379,1.004028,-1.342773,-3.723145,1.403809
8410,0.086060,-0.246460,0.954590,-1.708984,-4.882812,-0.244141
8421,0.102661,-0.153076,0.986450,-2.380371,-6.164551,-4.760742
8431,0.109497,-0.161133,0.983276,-1.586914,-6.896973,-6.896973
8440,0.093994,-0.219971,1.027588,-1.098633,-7.141113,-9.338379
8450,0.089844,-0.254883,0.982422,-1.342773,-7.873535,-12.390137
8460,0.071533,-0.178711,1.030151,-1.708984,-8.239746,-15.686035
8470,0.106689,-0.174805,1.009155,-1.464844,-8.972168,-18.920898
8480,0.061401,-0.245483,0.962646,-1.098633,-9.765625,-21.606445
8490,0.042603,-0.249634,0.988037,-1.159668,-10.864258,-26.611328
8502,0.017578,-0.170898,1.023193,-1.525879,-11.474609,-28.320312
8511,0.021729,-0.202026,0.995728,-1.159668,-11.413574,-29.541016
8521,0.000000,-0.281860,0.990112,-1.098633,-11.596680,-30.761719
8530,0.008423,-0.285400,0.963623,-0.976562,-10.864258,-31.799316
8540,0.020142,-0.270752,0.948364,-1.159668,-10.803223,-32.714844
8550,0.040649,-0.245728,1.010376,-1.281738,-11.047363,-33.630371
8561,0.016968,-0.272949,0.998901,-1.098633,-11.840820,-35.888672
8571,-0.010132,-0.237793,0.990723,-1.464844,-11.779785,-36.071777
8581,0.001343,-0.210449,0.984253,-1.647949,-11.535645,-35.766602
8591,0.010254,-0.159668,0.985474,-1.708984,-11.230469,-35.156250
8600,0.014404,-0.155518,0.991943,-1.525879,-10.864258,-34.667969
8610,0.025269,-0.165039,1.006836,-1.464844,-10.803223,-34.301758
8620,0.049561,-0.171021,1.025146,-1.647949,-11.291504,-34.790039
8630,0.060791,-0.135864,1.006714,-1.831055,-11.291504,-35.583496
8641,0.065918,-0.195923,0.995728,-1.281738,-12.145996,-37.841797
8651,0.049072,-0.161621,1.007813,-1.220703,-12.756348,-38.879395
8661,0.045410,-0.132324,1.029419,-1.342773,-12.695313,-39.611816
8670,0.057495,-0.169312,0.998901,-0.915527,-12.939453,-40.466309
8680,0.070190,-0.169678,1.004517,-0.793457,-13.122559,-41.381836
8690,0.027466,-0.191284,0.947754,-0.915527,-13.549805,-42.541504
8700,-0.015381,-0.174316,0.956909,-1.098633,-13.854980,-44.372559
8710,-0.061401,-0.201782,0.939331,-0.915527,-12.878418,-45.349121
8720,-0.071045,-0.190186,0.964722,-0.732422,-12.512207,-45.532227
8730,-0.140991,-0.238647,0.955322,-0.549316,-11.596680,-45.349121
8740,-0.167603,-0.260010,0.965820,-0.366211,-10.681152,-45.104980
8750,-0.144775,-0.298096,0.943726,-0.610352,-10.314941,-44.433594
8760,-0.134155,-0.266724,0.977783,-0.610352,-10.314941,-43.518066
8770,-0.121338,-0.307007,0.938354,-0.610352,-9.704590,-42.297363
8781,-0.141235,-0.256226,0.943237,-0.427246,-8.056641,-38.513184
8791,-0.180786,-0.246582,0.963135,0.061035,-6.652832,-35.766602
8800,-0.201172,-0.220581,0.979614,0.488281,-5.187988,-32.775879
8810,-0.219116,-0.221069,0.933716,0.610352,-3.723145,-29.479980
8819,-0.223511,-0.169556,0.972412,0.793457,-2.014160,-26.000977
8830,-0.212769,-0.214233,0.934937,1.281738,-0.305176,-22.460937
8840,-0.211792,-0.252197,0.926514,1.098633,0.488281,-16.662598
8852,-0.206909,-0.220947,0.965454,0.915527,2.075195,-13.916016
8861,-0.186157,-0.241455,0.971069,0.976562,2.746582,-11.413574
8871,-0.195068,-0.172241,0.999023,0.732422,3.662109,-8.972168
8880,-0.219238,-0.216064,1.000610,0.915527,4.211426,-6.835937
8890,-0.209229,-0.234009,1.019043,0.915527,5.371094,-4.821777
8900,-0.212891,-0.190308,1.025391,0.854492,5.798340,-2.136230
8910,-0.224243,-0.212524,1.006958,1.098633,6.286621,0.061035
8921,-0.214600,-0.274658,0.952026,1.342773,8.117676,3.845215
8931,-0.198730,-0.255371,0.943481,1.403809,8.911133,5.432129
8940,-0.193604,-0.239990,0.945923,1.159668,9.460449,6.958008
8951,-0.192139,-0.283691,0.958008,1.159668,9.887695,8.178711
8960,-0.146851,-0.271362,0.960449,0.732422,10.131836,9.277344
8970,-0.138672,-0.254639,0.974854,0.366211,10.437012,10.314941
8981,-0.124512,-0.247803,0.997437,0.061035,11.413574,12.145996
8990,-0.101685,-0.280518,0.931396,-0.183105,10.803223,12.817383
9000,-0.101929,-0.247803,0.980713,-0.305176,10.620117,13.732910
9011,-0.126953,-0.237549,0.975098,-0.915527,10.742188,14.709473
9020,-0.128906,-0.265991,0.931274,-0.732422,10.986328,15.869141
9030,-0.108887,-0.207031,0.922852,-1.281738,10.986328,16.845703
9040,-0.107910,-0.237305,0.954590,-1.892090,11.291504,17.761230
9050,-0.125854,-0.183960,1.021118,-2.197266,11.535645,18.432617
9061,-0.094482,-0.232544,1.050171,-2.380371,11.169434,19.714355
9071,-0.079102,-0.316895,0.957031,-2.014160,10.803223,20.324707
9081,-0.067627,-0.214844,0.990967,-1.831055,10.986328,20.751953
9090,-0.100220,-0.181030,0.991577,-1.892090,11.230469,21.545410
9100,-0.082886,-0.278687,0.955322,-2.014160,10.559082,22.216797
9110,-0.091064,-0.213257,0.939331,-2.624512,10.742188,22.460937
9120,-0.076416,-0.245117,0.933838,-2.746582,10.681152,22.216797
9131,-0.117188,-0.193237,1.001831,-2.746582,10.681152,21.667480
9141,-0.100464,-0.226318,0.949341,-2.807617,10.192871,21.118164
9151,-0.109253,-0.204346,0.973877,-2.868652,9.521484,20.690918
9160,-0.121582,-0.150269,0.983643,-2.563477,9.216309,20.141602
9171,-0.119751,-0.151001,1.020142,-2.502441,9.094238,19.470215
9180,-0.104980,-0.239014,1.011719,-1.831055,9.643555,19.409180
9190,-0.109131,-0.220459,0.969971,-1.647949,9.582520,18.005371
9200,-0.076660,-0.230347,1.002441,-1.220703,8.972168,18.005371
9210,-0.082886,-0.295410,0.959229,-0.976562,9.033203,18.066406
9220,-0.044678,-0.281738,0.941650,-0.793457,8.850098,17.944336
9231,-0.040771,-0.274414,0.956787,-1.159668,8.239746,18.005371
9240,-0.054932,-0.215210,0.989380,-1.342773,8.666992,18.249512
9250,-0.062866,-0.231079,1.014526,-1.281738,8.422852,18.249512
9260,-0.091797,-0.271606,1.003174,-0.793457,8.666992,18.249512
9271,-0.107544,-0.240479,0.972778,-0.244141,8.056641,18.005371
9281,-0.121582,-0.173828,0.963623,-0.183105,8.544922,17.578125
9290,-0.112305,-0.169434,0.941772,-0.122070,8.605957,16.967773
9300,-0.083496,-0.132202,0.970093,-0.793457,8.178711,16.418457
9310,-0.082275,-0.141968,0.974976,-0.732422,8.117676,15.991211
9321,-0.069946,-0.092285,1.030396,-0.976562,7.629395,15.625000
9330,-0.065796,-0.106567,1.052490,-0.915527,8.422852,16.052246
9340,-0.076904,-0.093506,1.021240,-1.037598,7.934570,16.479492
9351,-0.014038,-0.053955,1.002930,-1.647949,8.056641,17.089844
9360,0.026001,0.021729,1.014648,-2.136230,7.385254,17.395020
9371,0.036743,0.027588,1.057739,-2.014160,7.019043,17.639160
9380,0.022827,-0.015625,1.015259,-1.892090,6.408691,18.188477
9390,0.010620,-0.058838,1.018188,-1.647949,6.530762,19.104004
9400,-0.035522,-0.088501,1.001587,-1.525879,6.591797,19.531250
9410,-0.102295,-0.076782,1.030151,-1.037598,6.958008,19.409180
9420,-0.099731,-0.110229,0.956909,-0.488281,6.774902,19.042969
9430,-0.098755,-0.138550,0.974731,-0.366211,5.981445,18.615723
9440,-0.058105,-0.052368,1.034058,-0.122070,5.737305,19.042969
9451,-0.004272,-0.108643,1.025513,0.549316,5.920410,19.897461
9460,0.014038,-0.060181,1.015503,1.037598,5.737305,20.812988
9473,0.082642,-0.143555,0.951172,1.098633,6.103516,20.812988
9482,0.064819,-0.243530,0.815674,0.793457,4.760742,19.653320
9492,-0.007690,-0.234375,0.715332,-0.061035,3.112793,17.578125
9502,-0.034790,-0.168823,0.817749,-1.159668,2.502441,15.869141
9511,0.025146,-0.152832,0.906738,-2.990723,2.563477,14.709473
9521,0.044189,-0.224121,0.926880,-3.234863,2.868652,13.122559
9530,0.026611,-0.231445,0.924194,-3.784180,2.319336,11.413574
9543,-0.018188,0.059570,1.185669,-5.493164,1.770020,8.239746
9552,-0.097778,-0.110352,1.132080,-3.906250,1.831055,6.408691
9562,-0.123779,-0.247437,1.005005,-2.319336,2.014160,4.394531
9571,-0.137695,-0.316528,1.027832,-1.953125,1.953125,1.342773
9581,-0.056519,-0.112915,1.073486,-2.380371,1.647949,-1.586914
9590,-0.027710,-0.115234,1.040894,-2.197266,1.464844,-4.089355
9600,0.033936,-0.111450,0.950806,-1.892090,0.610352,-6.103516
9613,0.174072,-0.137329,0.947266,-1.708984,-0.366211,-8.422852
9622,0.182739,-0.166138,0.992920,-2.380371,-1.159668,-9.521484
9632,0.214233,-0.099365,1.032959,-2.868652,-1.708984,-10.742188
9641,0.194458,-0.143433,1.020752,-2.807617,-2.136230,-11.718750
9651,0.211548,-0.127441,1.043701,-2.685547,-3.112793,-13.061523
9661,0.180298,-0.185303,1.028198,-2.380371,-4.333496,-15.075684
9671,0.210571,-0.154175,0.977051,-2.258301,-4.699707,-17.150879
9680,0.172607,-0.184814,0.962158,-2.868652,-5.493164,-19.653320
9690,0.173584,-0.148193,0.933716,-3.173828,-5.187988,-19.714355
9701,0.108765,-0.098877,1.001221,-3.051758,-4.638672,-19.104004
9710,0.060059,-0.135864,1.020386,-2.380371,-4.272461,-18.127441
9720,0.048096,-0.174438,0.987061,-2.075195,-4.272461,-16.784668
9730,0.028320,-0.156738,1.007935,-2.258301,-4.394531,-15.625000
9740,-0.019897,-0.144043,1.050659,-2.380371,-4.333496,-14.282227
9751,-0.065308,-0.126099,1.040283,-1.342773,-2.685547,-12.634277
9761,-0.149902,-0.199097,1.005005,-0.915527,-1.892090,-11.779785
9771,-0.157349,-0.195435,0.963379,-1.037598,-0.732422,-10.864258
9781,-0.134521,-0.175415,0.948730,-1.159668,0.122070,-9.216309
9791,-0.131348,-0.145996,0.956665,-1.464844,1.342773,-7.568359
9800,-0.108521,-0.142822,1.006958,-1.403809,2.441406,-5.676270
9810,-0.121460,-0.172729,1.034546,-0.793457,3.173828,-3.845215
9820,-0.121582,-0.160400,1.045288,-0.610352,3.479004,-2.075195
9831,-0.074829,-0.196411,0.960083,-0.549316,4.943848,1.159668
9841,-0.070435,-0.185547,0.931763,-1.037598,5.126953,2.380371
9850,-0.054687,-0.219849,0.882935,-1.281738,5.310059,3.540039
9860,-0.066528,-0.259033,0.915771,-1.525879,5.676270,5.126953
9871,-0.035645,-0.194458,0.999634,-2.075195,6.225586,6.713867
9880,-0.010254,-0.209106,1.040283,-2.380371,6.835937,8.728027
9890,0.003296,-0.183716,1.024536,-2.258301,7.324219,11.901855
9900,0.024780,-0.114014,1.020020,-2.319336,7.202148,12.878418
9910,0.044800,-0.194458,0.989258,-2.136230,6.835937,13.549805
9920,0.012451,-0.139648,1.014526,-2.075195,5.798340,13.732910
9930,0.007080,-0.191040,0.988281,-2.014160,5.554199,13.854980
9940,-0.025024,-0.219971,0.967651,-2.380371,5.676270,14.160156
9950,-0.051514,-0.191040,0.931519,-2.502441,5.981445,14.160156
9961,-0.031250,-0.113037,0.996704,-2.563477,5.554199,13.488770
9971,-0.048340,-0.112915,0.991577,-2.624512,5.554199,12.329102
9981,-0.018677,-0.208252,0.972778,-1.647949,5.126953,10.559082
9990,0.018311,-0.382813,0.964111,-0.427246,5.065918,8.544922
10000,0.083862,-0.397095,0.987427,-0.305176,4.028320,6.103516
10010,0.077759,-0.295532,1.008667,-0.122070,3.356934,3.845215
10020,0.091187,-0.273315,0.972412,0.610352,1.892090,1.525879
10030,0.092163,-0.357300,0.943481,1.220703,1.464844,-0.549316
10041,0.185547,-0.319824,0.947998,1.098633,0.854492,-4.211426
10051,0.244629,-0.128784,1.024658,-0.244141,-0.244141,-6.225586
10060,0.237427,-0.268921,0.940796,0.671387,-1.647949,-7.995605
10070,0.275024,-0.373535,0.932983,1.220703,-2.746582,-9.826660
10080,0.271729,-0.252197,0.991821,0.549316,-3.295898,-11.596680
10090,0.265503,-0.094849,1.021118,-0.122070,-4.211426,-13.610840
10100,0.213989,-0.125977,1.000244,0.183105,-5.859375,-17.211914
10110,0.146729,-0.204834,0.959839,0.915527,-5.981445,-18.554687
10121,0.037354,-0.190918,0.948242,0.549316,-5.920410,-19.836426
10130,0.009399,-0.110474,1.022217,0.671387,-5.126953,-20.141602
10141,0.031616,-0.053223,1.105469,0.976562,-4.516602,-20.324707
10150,0.012085,-0.121826,1.052002,1.220703,-3.784180,-20.202637
10160,0.054443,-0.185059,1.036865,1.220703,-3.784180,-20.019531
10171,0.061768,-0.160767,0.951294,0.488281,-3.234863,-19.836426
10181,0.057495,-0.057007,1.005859,0.244141,-3.234863,-19.348145
10190,-0.011230,-0.044067,1.054443,0.122070,-2.380371,-18.371582
10200,-0.024048,-0.039673,0.998779,-0.122070,-1.342773,-17.150879
10210,-0.018799,-0.008057,1.103149,-0.061035,-0.366211,-15.930176
10220,-0.036499,-0.066040,1.033203,0.061035,0.671387,-14.648438
10231,0.031372,-0.160767,1.021484,0.183105,1.159668,-13.244629
10240,0.057373,-0.135498,1.020874,-0.183105,0.915527,-10.131836
10250,0.047852,-0.053467,1.042969,-0.061035,1.098633,-8.361816
10260,0.027588,-0.080933,1.065063,0.610352,1.220703,-6.164551
10271,-0.027954,-0.134644,0.982178,1.098633,1.708984,-3.967285
10280,-0.039917,-0.138184,0.994995,1.708984,2.685547,-1.892090
10290,0.010132,-0.110352,1.037598,1.953125,3.662109,0.244141
10300,-0.001709,-0.071777,0.961426,1.586914,4.089355,2.136230
10310,-0.028687,-0.093384,0.916016,1.159668,4.272461,6.408691
10321,0.007080,-0.218872,0.901367,0.488281,4.882812,8.972168
10331,-0.083252,-0.194580,0.909790,0.122070,5.981445,11.840820
10340,-0.138916,-0.071655,0.909668,0.305176,7.690430,14.892578
10350,-0.083862,-0.194824,1.025879,0.671387,9.277344,17.517090
10361,-0.026611,-0.211426,1.102905,0.854492,8.911133,18.371582
10370,-0.047852,-0.003906,0.965088,0.488281,7.751465,18.310547
10383,-0.194946,0.038330,1.016357,-0.793457,6.713867,21.057129
10392,-0.193237,-0.015015,1.022583,-0.305176,7.690430,23.010254
10402,-0.080444,0.009766,1.020874,0.000000,9.521484,26.062012
10411,-0.030029,-0.104858,1.021851,0.549316,11.413574,29.235840
10420,0.019043,-0.136597,0.996338,0.305176,11.840820,31.982422
10430,0.010986,-0.170654,1.088013,-0.061035,10.437012,33.142090
10440,0.010132,-0.010620,1.007935,-0.427246,8.789063,33.386230
10451,-0.008789,-0.010986,0.969360,-0.244141,7.568359,34.057617
10461,-0.033691,-0.105591,1.013672,0.183105,7.507324,34.973145
10470,-0.034546,-0.161011,0.945801,0.061035,7.385254,35.156250
10481,-0.026245,-0.138916,0.924805,-0.793457,6.652832,35.705566
10490,0.002686,-0.136597,0.910522,-1.220703,6.530762,36.621094
10500,0.032837,-0.169067,0.905762,-1.770020,6.469727,37.536621
10511,0.016846,-0.163330,0.955933,-1.770020,6.225586,37.719727
10520,-0.019775,-0.147461,1.018188,-1.647949,4.516602,35.949707
10531,-0.086060,-0.177124,1.039063,-1.281738,3.356934,34.118652
10541,-0.112793,-0.218262,1.023071,-1.159668,2.990723,31.799316
10551,-0.080078,-0.273071,0.997314,-0.976562,2.624512,29.724121
10560,-0.040039,-0.246704,0.926880,-0.610352,2.258301,27.709961
10571,0.000610,-0.288208,0.888428,-0.732422,1.831055,25.512695
10580,0.062012,-0.326904,0.901367,-1.098633,0.976562,23.925781
10593,0.118652,-0.251953,0.865112,-2.807617,-0.671387,20.080566
10602,0.133667,-0.237549,0.913574,-3.540039,-1.831055,17.700195
10611,0.124756,-0.209839,0.924927,-3.967285,-3.173828,15.258789
10621,0.148193,-0.192749,0.991089,-4.150391,-3.845215,12.878418
10630,0.127075,-0.163696,1.034912,-4.516602,-4.638672,10.864258
10640,0.138550,-0.093750,1.154297,-4.699707,-5.004883,9.582520
10650,0.148804,-0.076172,1.107422,-4.150391,-5.798340,8.605957
10662,0.148437,-0.162354,1.000366,-3.112793,-6.713867,7.568359
10672,0.128174,-0.182129,0.954712,-3.234863,-7.385254,6.958008
10681,0.086182,-0.195679,1.009521,-3.601074,-7.507324,6.103516
10690,0.052734,-0.070801,1.064941,-4.028320,-7.690430,5.310059
10701,0.013672,-0.064453,1.072021,-3.906250,-7.385254,4.333496
10710,-0.008667,-0.158325,1.034302,-3.356934,-7.202148,3.784180
10721,-0.017456,-0.161011,1.005737,-3.479004,-7.568359,2.990723
10730,0.014404,-0.157837,1.068237,-3.967285,-8.300781,0.854492
10740,0.015869,-0.116455,0.990234,-3.601074,-8.300781,0.000000
10750,0.009888,-0.187988,1.020264,-3.356934,-8.361816,-0.793457
10760,-0.042236,-0.169067,0.969360,-3.112793,-7.629395,-1.037598
10771,-0.058350,-0.222656,0.977905,-3.112793,-7.141113,-1.464844
10780,-0.025635,-0.169312,0.955078,-3.051758,-6.225586,-1.708984
10790,-0.051392,-0.159180,0.977661,-2.746582,-6.408691,-2.380371
10803,-0.078125,-0.224731,0.931396,-3.051758,-6.225586,-3.295898
10812,-0.014160,-0.163452,1.004028,-3.173828,-6.042480,-3.173828
10822,-0.030762,-0.134399,0.903564,-3.295898,-5.187988,-2.746582
10831,-0.053345,-0.196533,0.932739,-3.723145,-4.333496,-1.770020
10841,-0.031860,-0.140625,0.933960,-4.089355,-3.906250,-0.732422
10851,-0.038086,-0.121704,0.980225,-4.272461,-3.479004,0.366211
10860,-0.052368,-0.122681,1.017944,-4.577637,-2.563477,1.342773
10873,-0.078247,-0.019043,1.050659,-4.150391,-1.464844,3.173828
10883,-0.151123,-0.133057,0.996826,-3.662109,-0.610352,3.845215
10892,-0.125122,-0.097046,1.022217,-3.662109,-0.915527,4.272461
10902,-0.103638,0.019165,0.987427,-3.356934,-0.427246,4.760742
10912,-0.040527,-0.079712,0.944580,-2.868652,-0.122070,5.432129
10921,-0.032715,-0.108032,0.955933,-2.014160,0.183105,6.164551
10931,-0.002563,-0.045044,1.019775,-2.014160,0.671387,6.896973
10940,-0.009766,-0.075806,0.981079,-2.197266,0.488281,6.469727
10951,0.035156,0.012329,1.029419,-2.319336,0.732422,5.981445
10961,0.025635,-0.042847,0.971191,-1.831055,0.610352,5.493164
10970,0.073608,-0.050415,1.041016,-1.342773,0.122070,4.577637
10980,0.065552,-0.050049,1.077026,-0.610352,-0.183105,3.967285
10991,0.063721,-0.248169,1.011230,0.183105,-0.183105,2.990723
11000,0.086792,-0.222168,1.025879,0.488281,-0.549316,1.647949
11012,0.094360,-0.268555,0.977905,1.159668,-2.014160,-1.586914
11022,0.069702,-0.228149,1.039795,1.281738,-3.051758,-2.868652
11031,0.063110,-0.175049,0.999756,1.281738,-2.807617,-4.394531
11041,0.119873,-0.234131,0.971680,1.037598,-2.868652,-5.493164
11050,0.139893,-0.186157,0.970947,0.793457,-3.112793,-6.774902
11061,0.143188,-0.167236,0.945557,0.549316,-3.540039,-7.873535
11070,0.147461,-0.213379,0.916382,0.305176,-4.638672,-8.605957
11083,0.069214,-0.104248,0.986694,0.122070,-4.882812,-10.253906
11092,0.050659,-0.140747,0.961670,-0.305176,-4.699707,-10.742188
11101,0.007568,-0.085327,1.028076,-0.854492,-4.150391,-10.742188
11111,-0.020264,-0.056519,0.986938,-1.159668,-3.601074,-10.314941
11120,-0.035889,-0.061523,0.974854,-1.281738,-2.807617,-9.887695
11131,-0.030884,0.025391,1.038696,-1.708984,-2.014160,-9.094238
11140,-0.008789,-0.075073,1.021240,-1.586914,-1.770020,-8.361816
11152,-0.007202,-0.050293,1.030273,-1.403809,-1.403809,-6.713867
11162,-0.011353,-0.114258,0.991455,-1.525879,-0.915527,-6.530762
11171,0.028442,-0.099121,1.036865,-1.464844,-0.854492,-6.225586
11181,0.018433,-0.067749,1.027222,-1.281738,-0.732422,-5.371094
11190,0.011108,-0.143921,1.064087,-0.854492,-0.305176,-4.089355
11201,0.007202,-0.092041,1.016602,-0.366211,0.061035,-3.662109
11210,-0.006836,-0.156860,0.911865,0.366211,0.671387,-2.441406
11223,-0.022583,-0.230591,0.944702,-0.061035,2.014160,1.098633
11232,-0.043945,-0.131226,0.980225,-0.549316,2.197266,2.075195
11241,-0.081177,-0.124146,1.015747,-0.671387,2.624512,3.540039
11251,-0.071411,-0.135986,1.040039,-0.183105,2.929688,3.906250
11261,-0.073975,-0.143311,1.076782,0.671387,3.723145,3.906250
11270,-0.057861,-0.205566,1.026245,1.220703,3.662109,3.906250
11281,-0.037476,-0.269287,0.823730,1.220703,3.723145,3.723145
11293,0.015381,-0.164185,0.924927,0.061035,3.479004,5.126953
11302,0.002563,-0.341309,0.764160,0.000000,3.356934,5.371094
11311,-0.004150,-0.268555,0.816040,-0.976562,3.601074,5.554199
11320,0.020386,-0.085205,1.032593,-2.746582,3.723145,5.615234
11331,0.030273,-0.050903,1.099365,-2.624512,4.089355,5.187988
11340,0.001099,-0.314331,0.888916,-1.464844,3.723145,5.126953
11350,0.016846,-0.385010,0.857910,-1.953125,3.967285,4.821777
11363,0.082275,-0.062622,1.019897,-3.967285,3.723145,3.906250
11372,0.074951,-0.227173,0.992676,-3.417969,2.624512,2.624512
11381,0.034912,-0.190918,1.020874,-3.234863,2.441406,1.831055
11390,0.048340,-0.212158,0.956177,-3.723145,1.586914,0.915527
11401,0.036133,-0.111816,0.967773,-4.211426,1.281738,0.000000
11411,0.046265,-0.100708,0.940552,-4.394531,2.075195,-0.061035
11420,0.008423,-0.171753,0.983643,-4.821777,2.685547,0.244141
11432,0.031006,-0.100708,1.050903,-3.967285,2.502441,-0.183105
11442,0.093140,-0.100098,1.062866,-3.479004,1.953125,-0.671387
11451,0.090942,-0.276733,0.942261,-3.051758,1.403809,-1.159668
11460,0.143555,-0.129883,0.975098,-3.417969,1.342773,-1.342773
11471,0.133667,-0.103638,1.021240,-3.662109,0.976562,-1.037598
11480,0.127930,-0.106689,1.053467,-3.540039,0.122070,-0.549316
11491,0.125610,-0.157959,1.046265,-2.990723,1.281738,0.488281
11502,0.110229,-0.094360,1.067139,-2.685547,1.098633,1.647949
11511,0.065796,-0.178345,1.004883,-2.502441,0.366211,1.403809
11521,0.086304,-0.203735,0.961182,-2.563477,-0.305176,1.464844
11531,0.063232,-0.107788,0.950806,-2.624512,-0.549316,1.647949
11540,0.042236,0.011597,1.037354,-2.441406,-0.366211,1.770020
11551,-0.009155,-0.176392,0.924072,-2.075195,-1.220703,1.770020
11562,-0.018311,-0.210815,0.920532,-2.868652,0.854492,2.807617
11571,0.004150,0.052246,1.069824,-3.173828,0.915527,3.662109
11582,-0.038208,0.016479,1.019653,-3.051758,0.732422,4.089355
11591,-0.062134,-0.048462,1.013794,-2.929688,0.793457,4.211426
11601,-0.016968,-0.049683,1.050293,-3.173828,0.732422,4.394531
11610,-0.046143,-0.060181,1.050781,-3.540039,0.610352,4.882812
11621,-0.015015,0.040771,0.986084,-3.906250,0.915527,5.615234
11630,-0.025146,-0.106323,0.959229,-3.295898,2.075195,6.835937
11643,0.033325,-0.098999,1.050415,-2.685547,2.624512,9.460449
11652,0.025269,0.012817,1.106323,-2.502441,2.685547,10.437012
11661,0.047729,-0.067383,1.020874,-1.525879,2.014160,11.474609
11670,0.060547,-0.097046,0.972168,-0.610352,1.647949,12.329102
11681,-0.005981,-0.216431,0.899048,0.000000,1.708984,13.549805
11690,-0.020142,-0.053833,0.875732,-0.244141,1.464844,14.770508
11702,-0.052368,-0.035278,0.924316,1.647949,2.380371,17.944336
11711,-0.038208,-0.183960,0.913696,1.403809,3.356934,19.714355
11721,-0.073975,-0.177979,0.967529,1.098633,3.723145,21.362305
11730,-0.061035,-0.087524,1.082397,0.427246,3.417969,22.521973
11741,-0.056519,-0.100708,0.991699,0.244141,2.868652,23.376465
11751,-0.013550,-0.063843,1.010620,0.305176,2.441406,23.864746
11760,0.009766,-0.185913,0.960815,0.305176,1.831055,23.681641
11771,0.044678,-0.140991,1.021606,0.061035,0.976562,22.705078
11782,0.040161,-0.022705,1.072998,0.183105,-0.793457,19.714355
11791,0.005371,-0.216187,0.993652,0.976562,-1.159668,18.920898
11801,-0.001465,-0.108154,1.048828,0.976562,-0.976562,18.188477
11810,-0.008179,-0.246094,1.010498,1.220703,-0.915527,17.395020
11821,0.019409,-0.098877,1.038574,1.159668,-1.220703,16.601562
11830,0.022339,-0.271484,0.936157,0.976562,-1.831055,15.991211
11841,0.092651,-0.111572,1.070557,0.488281,-2.868652,15.136719
11852,0.133789,-0.126831,1.112671,0.549316,-3.845215,14.282227
11861,0.132324,-0.176514,0.998413,0.061035,-5.615234,11.779785
11871,0.074585,-0.118286,1.019165,-0.061035,-6.103516,10.681152
11881,0.076050,-0.215576,1.024658,0.183105,-6.164551,9.948730
11891,0.042114,-0.153442,0.964722,0.427246,-6.164551,9.033203
11900,0.064697,-0.220093,0.907104,0.427246,-6.652832,7.995605
11911,0.041138,-0.257324,0.949097,0.549316,-6.835937,7.141113
11922,0.029419,-0.196045,1.019043,0.305176,-7.690430,4.638672
11931,0.065552,-0.190918,0.935669,0.366211,-8.789063,3.234863
11940,-0.051758,-0.216675,0.914551,0.427246,-9.338379,1.586914
11951,0.011963,-0.316406,0.892822,-0.122070,-8.850098,0.305176
11960,-0.015259,-0.156494,0.988403,-1.098633,-8.361816,-0.610352
11971,-0.013794,-0.169067,0.938965,-1.586914,-8.483887,-1.220703
11980,-0.040283,-0.157959,0.897095,-1.403809,-7.934570,-1.770020
11992,-0.055664,-0.182251,0.966797,-1.586914,-7.629395,-2.502441
12001,-0.069824,-0.079468,1.071045,-1.403809,-6.958008,-2.014160
12011,-0.092773,-0.307373,0.932251,-1.281738,-5.981445,-1.403809
12020,-0.083618,-0.093628,1.009521,-1.281738,-4.943848,-0.915527
12031,-0.115479,-0.168335,0.948364,-1.403809,-4.760742,-0.244141
12040,-0.141235,-0.075073,0.955688,-1.403809,-4.272461,-0.183105
12052,-0.110962,-0.144043,1.045044,-1.281738,-3.662109,0.244141
12061,-0.102173,0.003418,1.089600,-1.159668,-3.601074,0.061035
12072,-0.078247,-0.087891,1.079590,-0.610352,-2.990723,0.366211
12081,-0.032227,-0.005005,1.089600,-0.244141,-2.624512,0.549316
12091,-0.043701,-0.199829,1.016357,0.244141,-2.136230,0.915527
12101,-0.032349,-0.130615,0.962402,0.366211,-1.647949,1.525879
12111,-0.035889,-0.133301,0.989868,0.244141,-1.525879,1.831055
12122,-0.007324,-0.147705,0.934082,-0.732422,-1.831055,0.122070
12131,-0.013794,-0.152222,1.015869,-0.488281,-1.831055,-1.403809
12141,0.013550,0.026001,1.076782,-0.183105,-2.685547,-3.417969
12150,0.064331,-0.199341,0.980957,0.488281,-2.807617,-4.699707
12161,0.030640,-0.127197,1.001465,0.488281,-2.502441,-5.737305
12170,0.059937,-0.139893,0.953857,-0.122070,-2.380371,-6.286621
12180,0.069214,-0.086548,0.946899,-0.671387,-2.014160,-6.835937
12191,0.125244,-0.063599,0.936768,-0.976562,-2.380371,-7.446289
12200,0.141846,-0.174561,0.906006,-1.464844,-2.746582,-9.216309
12212,0.152832,-0.176880,0.981079,-1.708984,-3.417969,-10.437012
12221,0.131592,-0.003418,1.071167,-1.831055,-3.906250,-11.718750
12230,0.067139,-0.196167,0.994873,-1.098633,-3.967285,-12.878418
12240,0.019531,-0.055786,1.126587,-0.427246,-4.211426,-14.099121
12251,-0.041016,-0.146484,0.999390,0.427246,-3.234863,-15.319824
12260,0.017212,-0.183350,0.996216,0.976562,-2.441406,-16.113281
12272,-0.012817,-0.243774,0.844971,1.220703,-2.258301,-18.249512
12281,-0.030396,-0.031250,1.018921,0.549316,-2.441406,-18.249512
12291,0.022339,-0.126709,0.849487,0.732422,-1.220703,-17.089844
12300,0.056763,0.023804,1.034790,0.732422,-0.732422,-16.052246
12311,0.026245,-0.178345,0.915039,0.793457,0.000000,-14.587402
12321,0.034546,-0.038940,1.025391,0.305176,0.610352,-12.939453
12330,0.045532,-0.028687,1.047852,0.122070,0.976562,-11.230469
12343,-0.038696,0.126831,1.093872,0.061035,1.831055,-7.751465
12352,-0.193481,-0.211914,0.889648,0.305176,2.685547,-6.042480
12361,-0.122803,-0.024536,0.981323,0.305176,4.638672,-4.089355
12371,-0.166992,-0.259521,0.913574,0.671387,6.713867,-1.831055
12380,-0.107178,-0.169922,0.914307,0.305176,6.896973,-0.732422
12394,-0.067261,-0.186523,0.861694,-0.671387,7.141113,1.342773
12404,-0.086426,-0.210693,0.874878,-1.464844,7.324219,1.708984
12413,-0.053955,-0.160522,1.038940,-2.258301,7.385254,1.892090
12423,-0.049316,-0.100708,1.065186,-2.929688,7.812500,2.441406
12432,-0.029663,-0.196167,0.969238,-2.990723,8.056641,2.868652
12442,0.011108,-0.009155,1.036865,-3.051758,8.666992,3.417969
12451,0.029175,-0.222900,0.873169,-3.112793,9.094238,4.455566
12460,0.036133,-0.060547,1.022339,-3.295898,9.155273,5.493164
12471,0.068970,-0.126221,1.032349,-3.356934,9.033203,6.347656
12482,-0.028564,-0.016357,1.120605,-3.234863,9.643555,9.155273
12492,-0.085205,-0.236450,0.911377,-2.258301,9.765625,10.070801
12501,-0.038574,-0.042725,1.008179,-2.197266,9.887695,11.413574
12511,-0.044922,-0.210449,0.973022,-1.708984,10.009766,12.878418
12521,-0.038086,-0.172119,0.992187,-1.525879,10.253906,14.404297
12530,-0.072266,-0.103882,0.974243,-1.342773,10.559082,16.235352
12540,-0.046753,-0.282837,0.810791,-1.525879,10.498047,17.456055
12553,-0.028809,-0.226685,0.937500,-3.112793,9.948730,19.348145
12562,-0.031372,0.028564,1.016602,-3.723145,9.521484,19.287109
12572,-0.023071,-0.243896,0.980225,-3.479004,9.887695,19.409180
12581,-0.056274,-0.206787,0.943848,-3.479004,9.460449,18.859863
12590,0.020020,-0.050049,1.067383,-3.662109,9.338379,18.371582
12601,0.015137,-0.271851,0.886841,-3.723145,8.728027,18.066406
12610,0.095703,-0.024170,1.011108,-3.845215,7.690430,17.456055
12623,0.073853,-0.255005,0.997314,-3.356934,6.713867,18.249512
12632,0.081177,0.008911,1.091431,-3.601074,6.164551,18.066406
12641,0.060913,-0.245361,1.009033,-3.540039,5.981445,17.700195
12651,0.058716,-0.048828,1.040161,-3.784180,5.371094,17.272949
12661,0.053955,-0.016357,1.031616,-3.845215,4.699707,16.540527
12670,0.024414,-0.127686,0.876465,-3.601074,3.967285,15.502930
12681,0.001099,0.013916,0.989868,-3.479004,4.028320,15.014648
12692,-0.003540,0.096558,0.991699,-3.784180,3.295898,15.014648
12702,0.029907,0.039429,0.999146,-4.638672,3.234863,15.258789
12711,0.026245,0.027344,0.939453,-4.516602,2.929688,15.136719
12721,0.038940,0.080200,1.068115,-4.150391,2.624512,15.625000
12730,0.010132,-0.202271,0.914795,-3.295898,2.258301,15.808105
12741,0.030884,0.037598,1.028564,-3.295898,1.892090,15.563965
12750,0.050415,-0.192505,0.934814,-2.807617,1.647949,15.869141
12763,0.125977,-0.133301,1.028198,-2.624512,1.098633,17.211914
12772,0.087524,-0.299316,0.939331,-2.563477,0.915527,18.066406
12781,0.103882,-0.005493,1.132324,-2.502441,0.549316,18.432617
12791,0.068726,-0.216431,1.044189,-2.197266,-0.305176,18.432617
12801,0.048218,-0.205078,1.063599,-2.136230,-0.610352,18.432617
12810,0.075317,0.073975,1.188965,-1.586914,-1.098633,18.554687
12821,0.066406,-0.234741,1.067017,-0.427246,-1.586914,18.371582
12830,0.039795,-0.322144,0.998901,0.366211,-2.502441,17.700195
12842,0.060181,-0.225708,0.985229,-0.305176,-2.624512,17.150879
12851,0.022949,-0.037231,0.953125,-0.915527,-3.356934,16.296387
12861,0.067139,0.122437,1.111572,-1.037598,-4.272461,15.136719
12870,0.006958,-0.254517,0.948364,-0.732422,-5.004883,13.977051
12881,0.043091,-0.013184,1.047852,-1.037598,-4.760742,12.878418
12890,0.065186,-0.027344,1.098755,-0.732422,-5.432129,12.023926
12902,0.094360,0.049072,1.154419,-0.854492,-5.554199,9.826660
12911,0.114014,-0.064209,1.127197,0.549316,-6.958008,8.666992
12921,0.067627,-0.327026,0.958374,2.075195,-6.958008,7.568359
12931,0.073242,-0.204712,1.087524,2.807617,-7.385254,6.225586
12940,0.070557,-0.225098,1.052490,2.990723,-8.361816,4.882812
12951,0.041504,-0.265991,0.915161,2.746582,-8.422852,3.723145
12960,0.078735,-0.133423,0.952026,2.624512,-8.789063,2.868652
12972,0.120361,-0.261475,0.865112,2.868652,-8.789063,2.441406
12981,0.119873,-0.123535,0.998535,1.770020,-9.765625,1.647949
12990,0.085571,-0.380615,0.928467,2.075195,-9.704590,1.525879
13001,0.076904,-0.160889,0.920776,1.770020,-9.521484,1.159668
13011,0.070312,-0.060059,0.982788,1.708984,-9.948730,1.220703
13020,0.011719,-0.352295,0.771240,1.647949,-9.826660,1.220703
13031,-0.004761,-0.168701,0.837158,1.098633,-9.643555,1.281738
13040,0.005249,-0.083496,0.921509,1.220703,-9.338379,0.671387
13052,-0.060425,-0.165771,0.912842,0.915527,-9.216309,0.061035
13061,-0.057739,-0.021606,1.051880,1.037598,-9.399414,-0.122070
13071,-0.043091,-0.171509,1.081909,0.976562,-8.544922,-0.488281
13080,-0.087769,-0.095581,1.080811,0.854492,-7.995605,-0.854492
13091,-0.047119,-0.105347,1.101563,1.098633,-7.629395,-0.549316
13101,-0.051392,-0.302002,0.970337,0.854492,-6.835937,-0.427246
13110,-0.039307,-0.235107,0.933960,-0.671387,-6.835937,-0.305176
13122,-0.104980,-0.249023,0.963989,-0.793457,-6.225586,-0.122070
13131,-0.069092,-0.193726,1.027954,-1.098633,-4.943848,-0.061035
13141,-0.033813,0.094482,1.173950,-1.281738,-4.699707,-0.976562
13151,-0.018311,-0.027588,1.136475,-1.037598,-5.249023,-2.136230
13160,0.020874,-0.157715,1.113647,-0.671387,-5.371094,-3.112793
13171,0.055908,-0.021484,1.138184,-0.427246,-5.920410,-4.089355
13181,0.085449,0.031982,1.094482,0.732422,-5.432129,-3.479004
13191,0.040527,-0.115356,1.031738,0.732422,-5.432129,-3.295898
13201,-0.015259,-0.110718,0.944214,0.122070,-4.760742,-2.807617
13210,0.014160,0.028320,0.942383,-0.671387,-4.943848,-2.685547
13221,-0.018921,-0.140869,0.874512,-1.281738,-5.187988,-2.929688
13230,0.006836,0.027832,0.994385,-2.258301,-4.943848,-3.601074
13242,0.042480,0.074707,1.077148,-3.234863,-3.540039,-4.272461
13251,-0.006714,0.086670,1.172241,-2.685547,-3.112793,-4.821777
13261,-0.032471,0.004639,1.215332,-1.464844,-2.929688,-5.310059
13270,-0.013184,-0.136475,1.101929,-0.488281,-2.380371,-5.981445
13281,-0.015625,-0.149780,1.044312,0.549316,-3.051758,-6.591797
13291,0.039063,-0.070068,1.013550,1.281738,-3.112793,-7.263184
13300,0.011353,-0.238647,0.930176,1.647949,-3.173828,-7.751465
13311,-0.007324,-0.311157,0.750366,1.525879,-3.356934,-8.239746
13321,0.046631,-0.109497,0.875732,1.098633,-3.051758,-9.521484
13330,-0.014282,-0.241089,0.850586,0.610352,-2.441406,-10.253906
13340,0.059570,0.033081,0.981567,0.366211,-2.136230,-10.864258
13351,0.058838,-0.212158,1.033813,1.159668,-1.892090,-11.840820
13360,0.027710,-0.223755,0.976929,1.831055,-2.197266,-12.695313
13371,0.066650,-0.049072,1.050415,2.197266,-2.441406,-13.488770
13380,0.057983,-0.368408,0.969604,2.441406,-2.319336,-12.573242
13392,0.053589,-0.063232,1.024414,2.075195,-1.708984,-10.009766
13401,-0.033081,-0.041016,0.922241,1.647949,-0.610352,-8.361816
13411,-0.024048,-0.134888,0.914307,1.770020,0.366211,-7.202148
13421,-0.002563,-0.038086,0.938721,1.831055,1.525879,-6.164551
13431,-0.090454,-0.097534,0.939819,1.770020,2.014160,-5.737305
13441,-0.153198,-0.104370,0.889526,1.403809,2.380371,-4.699707
13450,-0.107422,-0.081177,0.977539,0.976562,3.417969,-2.868652
13462,-0.073364,-0.271973,0.911133,0.244141,4.638672,-0.732422
13472,-0.073975,-0.062500,1.012573,-2.014160,5.126953,-0.122070
13481,0.045898,0.164795,1.188965,-2.868652,5.187988,-0.122070
13490,-0.043823,-0.163818,1.085327,-2.868652,5.371094,-0.793457
13500,-0.003540,-0.142700,0.966553,-2.380371,4.882812,-1.831055
13511,0.032959,0.054199,1.058716,-2.136230,5.126953,-2.441406
13520,0.053711,-0.303833,0.922974,-2.258301,4.272461,-2.502441
13532,0.017700,0.006104,1.042114,-2.624512,4.394531,-0.732422
13541,0.046997,-0.280762,0.958374,-2.563477,5.554199,0.427246
13550,-0.011963,-0.275269,0.928223,-2.685547,6.469727,1.342773
13561,0.052002,-0.068726,1.053467,-3.784180,6.103516,1.831055
13571,0.049561,-0.250977,0.936157,-4.821777,5.493164,1.464844
13580,0.060913,-0.173706,0.952148,-5.493164,4.699707,1.037598
13590,0.070435,0.100830,1.089966,-5.432129,4.760742,1.098633
13602,0.080688,-0.203125,0.913208,-5.004883,4.577637,0.854492
13611,0.104980,-0.053833,1.110840,-4.150391,4.272461,1.037598
13621,0.069092,-0.102417,1.031250,-3.662109,3.967285,1.647949
13631,0.068481,-0.196533,0.981323,-3.295898,3.906250,2.136230
13640,0.142700,-0.086670,1.025269,-2.746582,3.540039,2.685547
13651,0.110229,-0.197876,1.049805,-2.136230,3.112793,3.295898
13660,0.072266,-0.280640,0.943237,-2.014160,2.380371,3.173828
13672,0.044556,-0.142944,1.021729,-1.770020,2.746582,4.150391
13681,0.047852,-0.329834,0.984253,-1.586914,2.929688,5.126953
13691,0.009033,-0.202759,0.971436,-1.647949,2.868652,5.615234
13701,0.061157,0.034912,1.077393,-1.647949,2.136230,6.530762
13711,0.022461,-0.067627,1.107910,-1.098633,2.502441,7.812500
13721,0.015991,-0.262451,0.917969,-0.976562,2.563477,8.911133
13731,-0.031250,-0.430298,0.422119,-0.915527,2.441406,9.887695
13740,-0.016357,-0.347778,0.243652,-7.080078,2.441406,11.291504
13752,-0.039429,0.289917,0.965332,-10.986328,2.014160,10.864258
13762,-0.009521,1.201416,2.346069,-11.291504,2.075195,10.620117
13771,-0.028198,0.768921,2.237183,-4.333496,2.929688,10.681152
13781,-0.292358,-0.297729,1.347900,4.211426,3.417969,10.437012
13790,-0.230103,-0.489990,1.126099,6.896973,4.699707,10.192871
13802,0.004395,-0.466309,0.770996,6.774902,1.220703,8.239746
13811,0.088013,-0.574219,0.145996,2.807617,-0.488281,7.507324
13822,0.095337,0.026367,0.419189,-1.953125,0.305176,9.155273
13831,0.124146,0.325439,0.926514,-4.089355,2.807617,12.451172
13841,0.066650,0.119263,1.262939,-3.295898,3.601074,14.038086
13851,-0.010010,-0.152222,1.263794,-2.258301,2.563477,13.061523
13861,0.046265,-0.225342,1.187500,-2.563477,2.075195,12.207031
13870,0.037476,-0.179199,1.160645,-3.234863,1.525879,10.864258
13882,0.093750,-0.104126,1.119629,-2.258301,0.915527,10.314941
13891,0.086304,-0.333862,1.037842,2.258301,-1.708984,11.230469
13901,0.090210,-0.345337,1.005981,2.197266,-1.342773,12.268066
13910,0.094971,-0.087158,1.083496,0.549316,-0.732422,13.305664
13921,0.030518,0.047119,0.991943,-0.488281,-0.793457,14.221191
13930,-0.053955,-0.200317,0.713867,-0.305176,-0.854492,14.282227
13940,-0.103271,-0.400513,0.588989,-0.549316,-1.159668,14.282227
13952,-0.080444,-0.162598,0.805664,-1.831055,-0.854492,13.061523
13962,-0.050049,0.031860,0.966797,-7.507324,-1.159668,12.207031
13972,0.058472,0.087646,1.139771,-7.385254,-1.647949,11.535645
13981,0.072998,-0.144897,1.059448,-5.432129,-2.563477,10.742188
13991,0.073242,-0.245239,0.980713,-4.150391,-3.234863,9.765625
14000,0.057373,-0.093872,1.085449,-4.089355,-3.906250,8.728027
14012,0.088501,-0.143799,1.105835,-5.554199,-4.089355,7.751465
14022,0.056885,0.290039,1.040894,-3.601074,-4.943848,7.324219
14031,0.080078,-0.102295,0.984131,0.854492,-5.004883,7.507324
14041,0.019897,-0.629517,0.721191,3.662109,-5.432129,7.934570
14050,-0.093140,-0.478149,0.620728,2.746582,-5.310059,8.117676
14061,-0.155518,-0.836182,0.641602,1.098633,-3.967285,9.216309
14071,-0.131836,-0.434570,0.898071,-3.845215,-3.417969,10.009766
14081,-0.105713,0.161987,1.178467,-8.239746,-2.807617,10.070801
14092,0.008789,0.157593,1.294678,-8.361816,-4.150391,8.728027
14102,-0.023682,0.328003,0.958252,-7.019043,-4.882812,7.019043
14111,-0.026367,-0.133179,0.802979,-4.455566,-4.943848,5.187988
14121,-0.025391,-0.370972,0.812134,-2.502441,-5.310059,4.028320
14131,-0.096680,-0.310425,1.016602,-2.685547,-5.187988,3.479004
14140,-0.126831,-0.195801,1.141479,-3.295898,-4.089355,4.211426
14152,-0.108032,-0.135376,1.159180,-2.502441,-0.854492,8.728027
14162,-0.133423,-0.061035,0.995483,-2.075195,-0.793457,9.948730
14171,-0.138306,-0.270996,0.902344,-2.563477,-1.159668,9.826660
14181,-0.116089,-0.313232,0.831543,-3.723145,-1.831055,8.544922
14191,-0.101318,-0.093506,0.877075,-5.065918,-1.831055,7.568359
14200,-0.049561,0.046265,0.996460,-5.981445,-1.770020,7.141113
14211,-0.101685,-0.015747,0.917969,-6.774902,-1.953125,6.469727
14220,-0.074341,-0.050171,0.852661,-6.958008,-1.098633,6.469727
14230,-0.015625,0.106445,1.055664,-5.554199,-0.976562,4.882812
14242,-0.093384,-0.167603,0.967896,-4.943848,-1.037598,3.295898
14251,-0.087280,0.003174,1.007568,-3.845215,-1.220703,1.342773
14261,-0.069946,-0.008789,1.067871,-2.624512,-0.854492,0.427246
14271,-0.039185,-0.148560,1.025635,-1.953125,-0.915527,-1.220703
14280,-0.002197,-0.236572,0.972656,-1.525879,-0.854492,-2.685547
14292,0.052979,-0.190918,1.000854,-0.976562,-1.464844,-4.394531
14301,0.151855,-0.098999,0.972290,-1.403809,-1.953125,-4.821777
14311,0.206665,-0.140381,0.958496,-1.831055,-2.258301,-5.310059
14321,0.193726,-0.158447,0.996338,-1.953125,-2.014160,-5.615234
14330,0.206787,-0.085083,1.016602,-2.014160,-2.685547,-6.164551
14341,0.109741,-0.037598,1.016357,-1.892090,-3.234863,-7.019043
14351,0.134644,-0.146118,1.023926,-1.586914,-4.028320,-8.300781
14360,0.031982,-0.196045,0.984253,-0.793457,-3.906250,-9.521484
14372,0.013306,-0.092651,0.974976,0.183105,-3.723145,-12.756348
14381,0.052612,-0.227173,0.938599,0.549316,-3.662109,-14.038086
14391,0.007813,-0.293823,0.926758,-0.244141,-3.845215,-15.319824
14400,0.032227,-0.132202,0.996460,-1.037598,-3.479004,-16.357422
14411,0.044312,-0.010742,1.099731,-0.732422,-2.929688,-17.028809
14420,0.016846,-0.001221,1.186157,-0.122070,-2.685547,-17.333984
14432,0.042236,0.044312,1.206177,0.427246,-0.671387,-16.296387
14441,-0.027954,-0.077759,1.068726,0.976562,0.122070,-14.587402
14452,-0.097778,-0.159302,0.921631,1.464844,0.610352,-12.512207
14461,0.071411,-0.056885,0.874390,1.892090,1.770020,-9.826660
14471,0.019409,-0.004272,0.960327,2.136230,2.746582,-7.080078
14480,-0.028931,-0.084595,0.979614,1.770020,2.746582,-4.943848
14491,-0.117920,-0.195190,1.006958,1.831055,4.577637,-2.624512
14500,-0.066406,-0.151123,1.075073,1.586914,5.432129,-1.159668
14512,-0.063354,-0.264404,0.963867,2.258301,5.920410,-0.122070
14521,-0.083496,-0.267456,0.886841,3.417969,6.469727,0.427246
14530,0.015747,-0.228149,0.870850,3.234863,7.446289,1.098633
14541,0.014160,-0.197510,0.810181,2.685547,6.408691,1.770020
14550,0.065430,-0.222168,0.843628,1.647949,6.347656,3.173828
14560,0.098267,-0.255737,0.874634,0.366211,6.347656,4.760742
14571,0.109497,-0.188354,0.982422,-0.610352,7.141113,5.920410
14580,0.053955,-0.101685,1.089111,0.061035,5.798340,6.042480
14592,0.054321,-0.098022,0.976318,0.671387,5.798340,4.882812
14601,0.054565,-0.236450,0.862915,0.549316,5.676270,4.699707
14611,0.090210,-0.311157,0.715210,-0.183105,5.187988,5.004883
14620,0.044067,-0.253174,0.682617,-1.525879,4.333496,5.554199
14631,0.111938,-0.109863,0.828247,-2.746582,4.455566,6.652832
14640,-0.004883,-0.075928,0.971924,-3.356934,4.638672,7.690430
14653,-0.007813,-0.094849,1.054077,-3.234863,5.065918,8.361816
14662,0.015259,-0.080322,1.068726,-2.563477,4.821777,7.934570
14671,-0.025513,-0.017944,1.066406,-2.319336,4.821777,7.629395
14681,0.035522,-0.050171,1.039063,-2.441406,4.882812,7.202148
14691,-0.006104,-0.129883,1.062134,-3.234863,3.662109,7.690430
14700,0.087036,-0.039551,1.097046,-3.845215,2.868652,8.117676
14711,0.007080,0.042725,1.119629,-3.967285,2.990723,9.033203
14722,0.035889,0.029053,1.233765,-4.211426,4.272461,10.742188
14732,0.030762,0.016968,1.233276,-3.784180,3.540039,11.047363
14741,0.000122,0.013794,1.203125,-2.929688,4.089355,11.413574
14751,-0.035645,0.010254,1.187500,-1.831055,3.601074,11.596680
14760,0.020386,-0.004883,1.155151,-0.793457,3.784180,11.657715
14771,-0.051147,0.000366,1.116333,-0.244141,3.112793,11.535645
14781,-0.002197,-0.142090,1.027466,-0.122070,1.831055,10.925293
14790,-0.066650,-0.198730,0.919434,-1.159668,2.197266,10.559082
14801,0.010864,-0.247681,0.859253,-1.892090,2.258301,10.253906
14810,0.043823,-0.140259,0.902588,-2.502441,2.197266,9.399414
14821,0.030762,-0.030518,0.961548,-2.624512,2.807617,9.643555
14830,0.043457,-0.174805,0.891724,-2.258301,2.136230,9.460449
14841,-0.005005,-0.318970,0.859009,-2.136230,1.464844,9.277344
14850,0.020020,-0.193970,0.890381,-2.441406,1.770020,9.216309
14862,0.048828,-0.122559,0.899292,-2.258301,1.708984,9.704590
14871,0.058228,-0.240234,0.828857,-1.708984,1.098633,10.070801
14881,0.096558,-0.138062,0.863892,-1.647949,0.793457,10.070801
14891,0.079712,-0.007935,0.915771,-1.464844,0.061035,10.070801
14901,0.075928,0.032227,0.943970,-0.793457,-0.427246,9.704590
14910,0.093872,-0.133301,0.972412,0.305176,-0.915527,9.704590
14922,0.072144,-0.192017,1.000488,0.793457,-1.647949,8.483887
14931,0.081177,-0.007690,1.141235,1.281738,-1.647949,8.117676
14941,0.032593,-0.003052,1.215454,2.075195,-2.502441,7.324219
14950,0.042114,-0.035034,1.114746,3.112793,-3.234863,6.652832
14961,0.036133,-0.172607,1.017334,3.845215,-2.868652,6.652832
14970,-0.007324,-0.131714,0.963501,3.845215,-2.319336,7.202148
14981,-0.007080,-0.079346,0.967163,2.990723,-2.380371,7.507324
14990,-0.039429,-0.140991,0.950317,2.502441,-2.685547,7.324219
15000,0.020630,-0.219727,0.902344,2.075195,-2.502441,7.873535
15011,0.017212,-0.006226,1.126221,-0.488281,-2.441406,7.995605
15021,-0.048828,-0.114868,1.129883,-1.281738,-1.586914,8.850098
15030,-0.057007,-0.215942,1.007568,-1.464844,-1.770020,9.643555
15041,-0.074219,-0.312012,0.871460,-2.136230,-1.342773,10.437012
15051,-0.068604,-0.212402,0.918457,-3.417969,-0.976562,10.742188
15060,-0.066284,0.051147,1.040771,-4.516602,-1.037598,11.047363
15072,-0.080566,-0.113159,0.988281,-4.882812,-1.159668,11.413574
15082,-0.032227,-0.084106,1.063965,-4.760742,-0.671387,11.840820
15091,-0.063110,0.014282,1.129517,-3.906250,-0.366211,12.207031
15101,-0.074219,-0.008789,1.143188,-3.051758,-0.244141,12.268066
15110,-0.139160,-0.086670,1.087524,-1.831055,-0.183105,12.023926
15120,-0.079468,-0.180664,0.983398,-0.915527,-0.854492,11.352539
15132,-0.025879,-0.338745,0.886841,-0.122070,-0.732422,9.277344
15141,-0.059814,-0.261963,0.625488,-0.183105,-1.220703,8.117676
15152,0.010254,-0.151978,0.734375,-1.220703,-0.854492,6.958008
15161,-0.009399,0.015381,0.881836,-2.807617,-0.976562,6.103516
15171,-0.053589,-0.018555,0.939209,-3.051758,-1.403809,5.249023
15180,0.002686,-0.100464,1.054810,-2.502441,-1.403809,5.310059
15191,-0.001831,-0.178589,1.006958,-1.525879,-0.793457,5.615234
15200,-0.004272,-0.161499,0.924316,-1.342773,-0.854492,5.798340
15212,0.041504,-0.161621,0.978394,-1.647949,-0.488281,5.493164
15221,0.009644,-0.099854,0.955444,-3.479004,-1.403809,4.577637
15231,0.097168,-0.017212,1.058838,-3.906250,-2.014160,3.112793
15240,0.059814,0.052368,1.151611,-3.662109,-2.014160,1.831055
15251,0.109863,0.060669,1.172119,-3.295898,-2.563477,1.464844
15260,0.079468,0.069092,1.086304,-3.051758,-2.685547,1.647949
15272,0.175171,0.011841,1.061157,-2.868652,-2.258301,2.075195
15281,0.121948,-0.108887,1.000732,-3.051758,-3.173828,1.586914
15291,0.090454,-0.060303,0.968262,-3.601074,-4.028320,1.098633
15300,0.068604,-0.003296,0.962769,-3.723145,-4.333496,0.610352
15311,0.050049,-0.032349,1.025513,-3.906250,-4.272461,0.183105
15320,0.008423,-0.036133,1.047485,-3.967285,-4.516602,0.000000
15330,-0.055542,-0.072998,1.046753,-3.601074,-3.845215,-0.061035
15342,-0.018066,-0.195801,0.984985,-2.563477,-3.234863,0.061035
15352,0.021240,-0.233521,0.907593,-2.624512,-3.356934,0.122070
15361,-0.029419,-0.281982,0.903320,-3.051758,-3.723145,0.000000
15371,-0.038574,-0.179199,0.948853,-3.662109,-3.417969,-0.488281
15380,-0.007202,-0.032104,0.998291,-4.272461,-2.929688,-1.098633
15390,-0.007446,-0.015747,0.996704,-4.272461,-2.502441,-1.586914
15400,-0.047363,-0.103516,1.002686,-3.845215,-2.075195,-1.831055
15410,-0.040161,-0.113892,0.961304,-3.906250,-1.464844,-2.197266
15422,-0.076904,-0.094360,0.952515,-3.906250,-1.098633,-2.258301
15432,0.000854,-0.010864,0.935425,-2.258301,-0.488281,-1.953125
15441,-0.012451,-0.083862,0.913574,-1.403809,-0.183105,-1.281738
15451,0.033081,-0.255859,0.828979,-0.610352,0.000000,-0.732422
15460,0.058228,-0.224121,0.873413,-0.610352,0.000000,-0.610352
15470,0.093750,-0.106812,0.992065,-1.281738,0.610352,-0.671387
15481,0.081055,-0.069336,0.960449,-2.319336,0.000000,-0.671387
15490,0.082764,-0.087524,1.052856,-2.380371,-0.488281,-1.892090
15502,0.120117,-0.199463,0.932007,-2.319336,-0.671387,-2.014160
15511,0.110962,-0.133911,1.015869,-2.624512,-1.281738,-1.770020
15521,0.122559,0.071289,1.180176,-2.746582,-1.892090,-1.281738
15530,0.061523,0.107910,1.256348,-2.258301,-1.647949,-0.793457
15540,0.108643,-0.059570,1.159424,-1.342773,-1.647949,-0.366211
15552,0.071045,-0.209473,1.064941,0.000000,-2.075195,0.183105
15561,0.072388,-0.105591,0.960937,0.244141,-2.136230,0.366211
15572,0.024414,-0.107178,0.985107,0.488281,-2.868652,0.732422
15581,-0.023926,-0.156982,0.913940,0.854492,-2.319336,1.464844
15591,-0.019897,-0.120361,0.934937,0.244141,-1.586914,2.258301
15601,-0.039063,-0.089478,1.031494,-0.122070,-1.159668,2.868652
15610,-0.051514,-0.076538,1.003906,-0.671387,-1.220703,3.479004
15620,-0.087036,-0.189453,0.923096,-0.854492,-0.610352,4.089355
15632,-0.022461,-0.254028,0.918701,-1.220703,0.183105,4.577637
15641,-0.051392,-0.187012,0.969360,-1.831055,0.488281,4.882812
15651,-0.041992,-0.121338,0.979858,-1.953125,0.244141,4.821777
15661,-0.015015,-0.167480,0.994385,-2.136230,-0.061035,4.516602
15670,0.025024,-0.162964,1.005493,-2.258301,0.244141,4.638672
15681,0.070435,-0.153809,0.974854,-2.380371,-0.122070,4.638672
15690,0.086304,-0.130859,0.983887,-2.502441,-0.488281,4.638672
15702,0.011963,-0.177124,0.986572,-1.342773,-0.244141,5.004883
15712,0.015381,-0.158813,0.957275,-1.281738,-0.366211,5.249023
15721,0.018433,-0.095337,0.972656,-1.647949,0.183105,5.187988
15731,0.056519,-0.080078,0.980469,-1.892090,-0.366211,5.004883
15740,0.050781,-0.120850,1.011841,-1.831055,-0.976562,4.821777
15750,-0.015991,-0.126099,1.074829,-1.525879,-1.586914,4.455566
15762,-0.011719,-0.143677,1.109741,-0.244141,-1.037598,2.868652
15772,-0.069946,-0.071289,1.055176,0.366211,-0.671387,2.441406
15781,-0.064819,-0.110474,0.999634,1.403809,-0.061035,1.953125
15791,0.012939,-0.107300,0.959961,1.647949,1.403809,1.708984
15800,0.007324,-0.146362,0.905640,1.831055,0.610352,1.159668
15811,0.010742,-0.149292,0.922974,1.586914,0.000000,0.305176
15820,-0.005981,-0.039917,0.951904,0.244141,-0.488281,-1.037598
15832,-0.007446,0.016846,0.954712,-2.685547,-0.854492,-1.770020
15841,0.043457,0.141479,0.970337,-3.479004,0.000000,-1.037598
15851,0.075806,0.208618,1.081055,-3.295898,0.427246,0.061035
15860,0.042480,0.175659,1.114990,-2.319336,0.427246,1.159668
15871,0.037354,0.043823,1.004272,-1.342773,0.244141,1.708984
15881,-0.039551,-0.063477,0.990479,-0.732422,0.000000,2.136230
15890,-0.012817,-0.122681,0.927368,-0.854492,0.366211,2.563477
15900,0.009766,-0.232056,0.912598,-1.403809,0.427246,3.173828
15912,0.025024,-0.274780,0.926025,-1.586914,0.671387,5.798340
15921,0.028564,-0.275757,1.068726,-1.831055,0.732422,7.263184
15931,-0.100220,-0.470337,1.183350,-2.380371,0.610352,8.056641
15940,0.105713,-0.137085,0.743652,-9.399414,1.464844,7.751465
15951,-0.161621,-0.848755,-0.227905,-12.634277,0.732422,8.483887
15961,0.071533,0.257568,0.627319,-19.531250,1.220703,9.399414
15972,-0.064941,0.073364,-0.089722,-31.066895,-0.976562,9.338379
15982,-0.042603,1.210205,0.290894,-34.973145,-0.549316,9.155273
15991,-0.222412,0.986694,0.801392,-33.752441,-2.319336,8.728027
16001,-0.198120,0.599243,0.918457,-32.531738,-2.685547,8.239746
16011,-0.170898,0.500488,1.007935,-35.156250,-1.342773,8.361816
16020,-0.023193,1.091064,1.113281,-38.146973,1.647949,8.117676
16031,-0.057861,1.294678,1.497559,-36.315918,4.577637,10.314941
16041,0.129272,0.513916,1.291382,-28.808594,6.408691,13.000488
16052,0.042725,0.424683,2.248535,-18.676758,5.432129,11.901855
16062,-0.071777,1.241089,2.493408,-15.136719,3.723145,10.986328
16071,-0.054687,0.576050,1.165039,-7.019043,4.150391,13.732910
16081,0.428955,-0.127808,0.752197,1.281738,6.286621,18.432617
16090,0.609375,-0.012451,1.993408,2.868652,5.554199,21.301270
16101,0.007568,-0.104370,1.865356,-2.380371,-1.403809,18.920898
16110,-0.393799,0.753784,1.267212,-9.216309,-6.835937,14.587402
16122,-0.112671,0.809570,0.341919,-10.131836,0.488281,17.822266
16132,0.063843,-0.108521,0.735962,6.286621,4.882812,21.240234
16141,-0.240112,0.033569,1.737061,6.652832,4.882812,19.592285
16151,-0.370972,0.243286,1.589233,-0.793457,2.014160,14.221191
16161,-0.151245,0.499023,0.818237,-7.629395,2.258301,10.375977
16171,0.194702,0.852539,0.601074,-9.765625,5.065918,9.948730
16180,0.177856,0.932983,1.130615,-5.859375,5.065918,11.718750
16192,-0.088257,-0.023437,0.891846,0.244141,-0.305176,10.986328
16201,0.241699,0.136475,0.842285,1.586914,-1.525879,8.239746
16211,0.448486,0.628174,0.941772,-3.417969,-2.258301,6.774902
16220,0.307617,1.109375,1.300903,-6.591797,-3.356934,7.202148
16231,-0.002075,0.610229,0.947266,-4.089355,-3.479004,8.666992
16241,-0.038940,0.175781,0.590332,0.305176,-2.929688,8.605957
16250,0.160767,0.449219,0.885498,0.915527,-3.723145,7.568359
16262,0.021484,0.859497,1.151367,-1.281738,-4.638672,6.958008
16271,-0.072876,0.657227,0.704834,-4.150391,-2.929688,8.544922
16281,-0.060059,0.497437,0.647217,-1.770020,-2.563477,8.117676
16290,-0.032104,0.712524,1.068970,-1.708984,-4.272461,5.920410
16301,-0.114380,0.832520,1.341309,-3.295898,-5.004883,5.065918
16310,-0.076172,0.723022,1.049683,-4.272461,-3.845215,5.249023
16322,-0.049561,0.805786,0.785889,-3.906250,-0.488281,6.042480
16332,-0.054321,0.658447,1.089722,-2.075195,-0.793457,5.126953
16341,-0.135376,0.493042,1.167603,-0.671387,-2.014160,2.990723
16351,-0.094360,0.461182,0.966431,0.000000,-2.746582,-0.366211
16360,-0.015381,0.579590,0.950439,-0.183105,-3.173828,-3.479004
16371,0.059204,0.658447,1.063477,0.732422,-3.479004,-5.615234
16380,0.025757,0.476318,1.065063,2.197266,-3.295898,-6.225586
16390,0.007568,0.349487,0.985229,3.234863,-3.295898,-6.042480
16403,0.103027,0.365723,0.918091,1.525879,-1.831055,-3.173828
16412,0.084473,0.486450,0.957153,-0.122070,-0.732422,-1.220703
16422,0.040039,0.567627,1.069092,-0.793457,-0.671387,0.183105
16431,-0.002441,0.598145,1.044556,-1.037598,-0.854492,0.427246
16441,0.015625,0.513672,0.880005,-0.366211,-1.525879,0.305176
16450,0.041138,0.592896,1.034058,-0.061035,-2.136230,-0.061035
16463,-0.030884,0.622314,0.980225,0.427246,-0.183105,1.831055
16473,-0.007080,0.640991,0.985596,0.671387,0.549316,3.417969
16482,0.024048,0.476562,0.828003,0.366211,0.488281,4.699707
16492,0.034668,0.539795,1.062744,0.183105,0.610352,5.615234
16501,0.023804,0.565063,1.080200,-0.305176,0.976562,5.798340
16511,0.031616,0.681763,1.102905,-0.427246,0.671387,5.676270
16520,0.065552,0.584106,0.906006,-0.549316,0.610352,5.798340
16532,0.097778,0.524780,0.973145,-1.464844,0.183105,5.615234
16541,0.037598,0.722534,0.949951,-1.770020,0.000000,5.737305
16551,0.080078,0.616821,0.896240,-1.220703,-0.183105,5.981445
16560,0.134888,0.637939,0.991943,-0.793457,-0.549316,6.103516
16571,0.108521,0.568481,1.018188,-0.793457,-1.037598,6.652832
16580,0.096680,0.651855,1.119141,-1.403809,-0.732422,7.324219
16591,0.106445,0.607178,1.017822,-1.525879,-0.549316,7.995605
16601,0.092773,0.558350,0.940918,-1.159668,-0.488281,7.995605
16612,0.002930,0.559814,1.093872,-0.793457,-2.319336,6.835937
16621,0.010010,0.520264,1.000488,-0.732422,-2.868652,6.164551
16631,-0.020020,0.496338,0.904541,-1.220703,-2.441406,5.676270
16640,-0.059448,0.567993,0.963257,-2.014160,-1.586914,5.737305
16651,-0.095215,0.656860,1.065430,-2.258301,-0.427246,5.920410
16660,-0.103394,0.654419,1.036865,-1.953125,-0.122070,6.042480
16672,-0.100830,0.512939,0.979736,-0.488281,0.732422,4.577637
16681,-0.045654,0.443848,1.075195,1.220703,0.549316,3.967285
16691,-0.007935,0.193481,1.028076,3.234863,0.976562,3.784180
16700,0.017090,0.224976,1.052734,3.723145,1.403809,3.967285
16710,0.046875,-0.046387,0.997314,5.187988,1.098633,4.516602
16721,0.101685,-0.041870,0.943481,5.554199,0.305176,4.516602
16730,0.140503,-0.021362,0.942383,5.065918,-0.183105,4.638672
16741,0.160645,-0.117432,0.932129,5.493164,-0.244141,4.882812
16752,0.175537,0.094116,0.826538,4.821777,-0.793457,5.065918
16761,0.097900,0.064087,1.168823,3.601074,-0.671387,4.760742
16770,0.039429,0.238892,1.056396,3.662109,-1.220703,3.906250
16781,0.058716,-0.060669,1.110718,5.371094,-1.525879,2.990723
16791,0.041626,0.029297,0.970703,5.798340,-1.525879,0.915527
16800,-0.025024,0.177002,0.936523,4.638672,-2.136230,-0.366211
16812,0.035034,0.025635,0.895508,4.882812,-2.502441,-2.014160
16821,-0.021118,0.191162,1.210938,4.211426,-2.563477,-2.136230
16831,0.037354,0.422607,1.762573,4.150391,-1.953125,-2.014160
16840,-0.048828,0.100708,1.527222,5.859375,-1.647949,-1.892090
16851,-0.017334,0.186401,1.648804,7.873535,-1.464844,-2.258301
16860,-0.020142,0.189209,1.609985,10.437012,-1.525879,-2.197266
16871,0.014648,0.045898,1.061279,12.512207,-1.770020,-1.037598
16881,0.096558,-0.134277,0.877686,13.427734,-2.258301,-0.305176
16892,0.079102,-0.042847,0.901001,13.732910,-3.967285,-0.793457
16901,0.045166,-0.202637,1.065308,10.925293,-3.295898,0.915527
16911,-0.059814,-0.230835,0.775269,10.742188,-1.403809,3.417969
16920,0.003662,-0.276489,1.133667,10.131836,0.366211,5.310059
16931,-0.016235,-0.258423,1.032715,10.192871,1.525879,6.530762
16940,-0.052490,-0.224365,1.105347,10.620117,1.892090,6.408691
16951,-0.112671,-0.328125,0.968750,10.681152,0.976562,5.310059
16960,-0.126953,-0.314697,0.898804,9.948730,0.427246,3.662109
16971,-0.101074,-0.372925,0.638184,9.582520,0.244141,2.746582
16981,-0.050903,-0.320190,0.783325,8.972168,0.122070,2.136230
16990,-0.106323,-0.125610,0.639404,7.812500,0.549316,2.380371
17001,-0.035522,-0.169189,0.821167,6.774902,1.831055,2.929688
17010,-0.041992,-0.150269,0.681641,6.408691,2.929688,3.540039
17022,-0.010620,-0.089600,0.746948,4.821777,3.662109,3.112793
17031,-0.003784,-0.209717,0.861450,4.455566,3.417969,2.258301
17041,-0.080078,-0.048340,0.842773,3.967285,2.807617,1.647949
17051,-0.030151,-0.227783,0.863281,3.784180,3.479004,1.342773
17060,-0.044312,-0.102051,0.956909,3.417969,4.333496,1.281738
17070,-0.012085,-0.233643,0.819458,3.234863,4.577637,1.708984
17081,0.053833,-0.100830,0.901367,3.051758,5.004883,2.380371
17090,0.050781,-0.190552,0.840820,2.563477,4.455566,2.685547
17102,0.091919,-0.071655,1.008057,1.953125,3.906250,2.990723
17111,0.101563,-0.287231,0.889404,1.037598,3.295898,3.234863
17120,0.121338,-0.338623,0.872681,0.671387,2.746582,3.417969
17131,0.119751,-0.093750,1.053589,0.366211,2.807617,3.540039
17140,0.103027,-0.278076,1.077148,0.000000,2.807617,3.723145
17151,0.078247,-0.340576,1.038940,-0.244141,2.258301,3.723145
17160,0.069946,-0.281738,1.204956,-0.549316,2.319336,3.417969
17172,0.058960,-0.377197,1.002075,-0.305176,2.136230,2.136230
17181,0.037476,-0.250000,0.968994,-0.061035,1.831055,0.854492
17191,0.066895,-0.193604,0.930176,-0.793457,1.342773,-0.305176
17200,0.063721,-0.126709,0.904419,-1.647949,0.610352,-1.342773
17211,0.044678,-0.152954,0.851685,-1.953125,0.366211,-2.197266
17220,0.017822,-0.128540,0.935913,-2.441406,0.122070,-2.990723
17232,0.015259,-0.114868,0.971191,-2.868652,1.037598,-3.967285
17241,-0.016724,-0.168091,0.947632,-2.624512,1.220703,-4.150391
17251,-0.000488,-0.155640,0.971069,-2.929688,1.647949,-4.272461
17260,-0.053589,-0.117188,0.952515,-3.112793,1.586914,-4.272461
17271,-0.052490,-0.109985,0.960083,-3.051758,1.098633,-4.760742
17280,-0.022583,-0.072876,0.968994,-3.356934,1.159668,-5.004883
17291,-0.018188,-0.053833,0.981079,-3.540039,1.403809,-4.516602
17300,-0.019409,-0.084473,0.986938,-3.234863,2.136230,-3.723145
17310,-0.027832,-0.086060,0.974731,-2.990723,3.173828,-2.258301
17321,-0.021240,-0.117432,0.921143,-2.990723,3.234863,-1.525879
17331,0.004517,-0.119263,0.890259,-2.868652,3.540039,-1.037598
17341,0.045532,-0.142212,0.846558,-3.356934,3.295898,-0.488281
17350,0.000366,-0.166504,0.978394,-3.601074,2.990723,-0.122070
17361,0.027100,-0.178711,1.002319,-4.211426,2.685547,0.183105
17370,0.045410,-0.128906,0.983765,-4.516602,3.417969,0.976562
17382,0.008301,-0.143799,0.972046,-4.638672,3.295898,2.075195
17391,0.044556,-0.124512,1.135620,-4.272461,2.990723,1.464844
17401,0.124268,0.038208,1.051025,-4.638672,2.136230,1.098633
17410,0.132568,0.032837,0.984009,-4.638672,2.319336,1.464844
17421,0.170288,-0.052856,1.034546,-4.272461,2.441406,1.647949
17430,0.111450,-0.030273,1.079346,-4.394531,1.770020,1.159668
17440,0.095459,-0.009155,1.123169,-4.272461,0.671387,0.061035
17452,0.063477,-0.034546,1.104858,-3.540039,0.061035,-1.342773
17462,0.085449,-0.038574,1.099731,-3.234863,0.549316,-1.525879
17471,0.084351,0.050903,1.064331,-2.990723,1.159668,-1.770020
17481,0.052002,0.072632,1.006104,-2.624512,0.854492,-2.075195
17490,0.000488,0.005615,0.977905,-2.075195,0.854492,-2.075195
17501,-0.049316,-0.046753,0.987915,-1.831055,0.854492,-2.380371
17510,-0.061646,-0.063843,1.000488,-1.525879,0.183105,-2.746582
17522,-0.024048,-0.154419,0.984863,-1.525879,0.244141,-2.441406
17531,-0.041870,-0.157227,0.959229,-1.098633,1.281738,-1.586914
17540,-0.008057,-0.119751,0.947998,-1.464844,1.770020,-0.366211
17550,-0.019165,-0.078125,0.949341,-1.403809,2.197266,0.488281
17561,-0.011597,-0.027344,0.946899,-1.403809,2.685547,1.098633
17570,0.013062,0.011963,0.957275,-1.403809,2.990723,2.258301
17582,0.002319,0.026611,0.973877,-1.098633,4.577637,5.065918
17591,0.041748,0.028076,0.998413,-0.854492,5.187988,6.347656
17601,0.053833,0.000488,0.998413,-0.488281,5.310059,7.507324
17610,0.063843,-0.017700,0.993042,-0.305176,5.371094,8.483887
17621,0.060425,-0.060913,0.996948,-0.122070,5.371094,8.789063
17630,0.057129,-0.101563,0.981323,-0.061035,5.249023,8.911133
17641,0.084351,-0.121704,0.989380,0.000000,5.126953,8.972168
17650,0.105591,-0.150757,1.003906,0.122070,4.882812,8.483887
17660,0.103027,-0.173218,0.982788,-0.305176,3.723145,6.530762
17671,0.101807,-0.114868,0.990479,-0.427246,2.990723,5.676270
17681,0.100586,-0.085327,0.985596,-0.549316,2.624512,4.821777
17690,0.103882,-0.093262,0.989624,-0.305176,2.624512,4.272461
17701,0.108643,-0.069580,0.997314,-0.488281,2.258301,4.028320
17710,0.111206,-0.062134,1.015137,-0.671387,2.441406,4.028320
17722,0.125000,-0.087891,0.994141,-0.793457,2.014160,4.272461
17731,0.150269,-0.042725,1.016846,-0.549316,1.770020,4.516602
17741,0.156006,-0.048828,1.010498,-0.732422,1.098633,4.699707
17750,0.156738,-0.072998,0.999878,-0.671387,0.976562,5.004883
17761,0.172119,-0.092773,1.036621,-0.671387,0.488281,5.310059
17770,0.171875,-0.107300,1.049194,-0.549316,0.122070,5.371094
17780,0.155640,-0.124390,1.018066,-0.610352,0.000000,5.554199
17790,0.145264,-0.108643,1.011597,-0.549316,-0.854492,5.615234
17800,0.136475,-0.106445,1.021851,-0.427246,-1.281738,5.004883
17811,0.121460,-0.070312,1.027588,-0.427246,-0.976562,4.760742
17820,0.071167,-0.078979,0.991699,-0.305176,-1.586914,4.272461
17831,0.059326,-0.075439,0.983521,-0.244141,-1.586914,3.906250
17840,0.074585,-0.076904,0.995728,-0.183105,-1.525879,3.723145
17850,0.066528,-0.085937,0.968384,-0.305176,-1.647949,3.356934
17862,0.076050,-0.102661,0.939819,-0.610352,-2.319336,2.258301
17871,0.095459,-0.108032,0.947632,-0.488281,-2.685547,1.708984
17881,0.089233,-0.106201,0.940674,-0.610352,-3.112793,1.159668
17890,0.093994,-0.119263,0.952515,-0.671387,-2.929688,0.671387
17901,0.103271,-0.121460,0.958008,-0.671387,-2.624512,0.000000
17910,0.109741,-0.120728,0.975952,-0.732422,-2.990723,-0.488281
17921,0.108643,-0.127930,0.988647,-0.854492,-3.234863,-0.671387
17930,0.091064,-0.130981,0.974976,-1.098633,-3.784180,-1.159668
17940,0.078491,-0.138550,0.988770,-1.098633,-4.272461,-1.892090
17951,0.055298,-0.131348,0.984863,-1.220703,-4.150391,-2.014160
17960,0.045654,-0.127563,0.992554,-1.342773,-3.784180,-1.770020
17970,0.043823,-0.120605,0.989136,-1.281738,-4.028320,-1.464844
17981,0.038818,-0.119507,1.013062,-1.281738,-4.211426,-1.037598
17990,0.023560,-0.109619,1.008545,-1.342773,-3.845215,-0.305176
18002,0.016846,-0.113281,1.005615,-1.037598,-2.990723,1.159668
18011,0.034302,-0.123169,0.973755,-0.976562,-2.868652,1.464844
18021,0.038086,-0.126587,0.993652,-1.037598,-2.929688,1.892090
18031,0.027710,-0.086304,1.000000,-1.220703,-3.417969,2.014160
18040,0.035522,-0.107910,1.009766,-1.403809,-3.845215,2.685547
18050,0.041138,-0.088135,1.009277,-1.403809,-3.723145,3.417969
18061,0.052979,-0.118408,0.986206,-1.281738,-2.990723,4.760742
18070,0.045654,-0.156982,0.976196,-1.525879,-2.563477,6.591797
18080,0.021362,-0.097778,0.997437,-1.220703,-2.807617,8.178711
18092,0.001221,-0.150391,0.973145,-1.403809,-2.746582,8.178711
18101,0.008179,-0.142944,1.012695,-1.342773,-3.112793,7.568359
18110,0.006836,-0.140503,1.009888,-1.525879,-3.112793,6.591797
18120,0.020142,-0.157837,1.014648,-1.464844,-2.624512,5.859375
18130,0.046143,-0.152100,1.007813,-1.586914,-2.807617,5.249023
18140,0.077026,-0.146240,0.984619,-1.464844,-2.746582,4.577637
18151,0.104004,-0.145142,0.953003,-1.525879,-2.929688,3.601074
18161,0.101440,-0.207397,0.952759,-0.610352,-3.540039,2.502441
18171,0.105469,-0.228394,0.994995,-0.793457,-3.601074,1.525879
18180,0.104248,-0.194580,1.013062,-1.403809,-4.028320,0.854492
18191,0.078979,-0.154175,1.008423,-1.464844,-4.638672,0.305176
18200,0.074341,-0.169800,1.003052,-1.037598,-4.028320,-0.122070
18210,0.077637,-0.214355,0.975708,-0.854492,-4.577637,-0.305176
18220,0.032837,-0.188965,0.993042,-0.793457,-5.249023,-0.305176
18232,0.071655,-0.211670,1.012085,-1.037598,-5.737305,-1.403809
18241,0.087158,-0.152588,1.001953,-1.159668,-5.798340,-1.708984
18251,0.135620,-0.128784,0.992187,-0.976562,-6.225586,-2.746582
18261,0.114136,-0.258667,0.904419,-0.610352,-6.408691,-3.173828
18270,0.035156,-0.155762,0.947144,-0.610352,-6.896973,-3.601074
18280,0.002686,-0.126343,1.004517,-0.610352,-6.286621,-3.112793
18290,-0.022461,-0.175415,1.011475,-0.915527,-5.676270,0.183105
18301,-0.057129,-0.123413,1.014038,-0.610352,-5.187988,1.647949
18310,-0.095459,-0.137085,0.993652,-0.549316,-5.432129,2.136230
18320,-0.127808,-0.160156,0.969849,-0.244141,-4.821777,2.441406
18331,-0.084595,-0.200684,0.960815,-0.183105,-4.028320,2.624512
18340,-0.046509,-0.217773,0.962402,-0.793457,-3.601074,2.624512
18350,-0.047729,-0.186523,0.968994,-1.220703,-3.173828,2.624512
18362,-0.037476,-0.147095,0.987671,-1.403809,-2.685547,3.784180
18371,-0.037354,-0.168579,0.979736,-0.854492,-1.831055,4.211426
18381,-0.033203,-0.187988,0.974976,-0.671387,-1.525879,4.272461
18391,-0.035767,-0.190918,0.986938,-0.549316,-1.770020,4.150391
18401,-0.046631,-0.198120,0.998901,-0.610352,-1.281738,4.394531
18411,-0.073608,-0.207397,0.996094,-0.732422,-1.708984,4.760742
18420,-0.102051,-0.217041,0.983887,-0.671387,-1.281738,4.882812
18432,-0.090210,-0.256958,0.963013,-0.488281,-0.427246,4.882812
18441,-0.056396,-0.223755,0.992065,-0.610352,0.671387,4.821777
18451,-0.018188,-0.208984,1.013672,-0.488281,1.525879,4.638672
18460,-0.013672,-0.228149,1.010254,-0.549316,0.549316,4.516602
18470,-0.034424,-0.253540,0.986084,-0.305176,0.305176,4.516602
18481,-0.037842,-0.271606,0.952271,-0.061035,0.244141,4.150391
18490,-0.043213,-0.254761,0.946167,-0.122070,1.159668,4.577637
18500,-0.054565,-0.231079,0.946655,-0.549316,2.197266,5.798340
18512,-0.092773,-0.185303,1.011597,-0.488281,2.868652,7.019043
18521,-0.103271,-0.214478,1.004028,-0.244141,3.112793,8.300781
18531,-0.114502,-0.254028,0.978394,-0.061035,3.662109,9.704590
18540,-0.107422,-0.275024,0.955322,-0.183105,4.638672,11.291504
18550,-0.069214,-0.255493,0.952881,-0.549316,5.126953,12.573242
18562,-0.051147,-0.219849,1.004395,-0.976562,5.737305,13.488770
18571,-0.053711,-0.304321,0.974487,-0.793457,6.042480,14.465332
18581,-0.005371,-0.295288,0.954468,-0.915527,6.164551,15.258789
18590,0.031860,-0.253784,0.996826,-1.037598,7.019043,16.784668
18601,0.058228,-0.194458,1.062134,-1.098633,6.958008,18.981934
18610,0.036499,-0.255737,1.020508,-0.610352,6.713867,21.240234
18621,0.007202,-0.347778,0.948730,-0.122070,6.652832,22.644043
18630,-0.024658,-0.343628,0.934204,-0.488281,7.690430,23.803711
18640,0.039673,-0.229492,1.011230,-0.915527,7.873535,25.878906
18651,0.051147,-0.294434,0.948975,-0.671387,7.202148,26.123047
18661,0.040039,-0.263184,1.013794,-0.671387,7.751465,26.733398
18671,0.026611,-0.273682,1.105225,-0.427246,7.507324,27.648926
18680,0.035767,-0.270264,1.101074,-0.122070,7.263184,27.709961
18691,0.057861,-0.192993,1.149536,0.000000,7.080078,27.465820
18700,0.076172,-0.169067,1.168213,0.732422,7.507324,27.954102
18711,0.115112,-0.355835,1.037842,2.197266,7.019043,28.015137
18721,0.098999,-0.469727,1.082275,3.967285,6.286621,26.062012
18731,0.185791,-0.506958,0.951904,3.967285,5.187988,24.475098
18740,0.189697,-0.380127,0.903809,3.234863,5.065918,22.460937
18751,0.161743,-0.372192,0.890869,3.051758,4.150391,21.362305
18760,0.145874,-0.398315,0.887451,3.234863,2.380371,19.165039
18772,0.030396,-0.465210,0.923340,3.234863,1.037598,14.709473
18781,0.077515,-0.360229,0.911255,2.014160,2.014160,13.244629
18791,0.087891,-0.307373,0.970215,1.220703,2.624512,12.512207
18801,0.080078,-0.301880,0.929810,1.098633,0.732422,10.437012
18810,-0.021118,-0.376587,0.844360,1.342773,-0.915527,7.690430
18820,-0.030762,-0.378174,0.856323,0.854492,-1.342773,5.432129
18831,0.057617,-0.315063,0.901001,0.305176,-0.305176,3.784180
18840,0.107300,-0.244629,0.966187,0.000000,0.366211,2.990723
18852,0.060303,-0.288330,0.968506,-0.610352,-1.892090,-0.976562
18862,0.088257,-0.271362,0.912964,-0.854492,-1.586914,-1.892090
18871,0.128784,-0.202637,0.969971,-1.098633,-1.220703,-2.075195
18881,0.143799,-0.254150,1.001099,-0.854492,-1.037598,-2.563477
18891,0.122437,-0.300659,1.000122,-0.671387,-2.258301,-3.601074
18900,0.094482,-0.302002,0.986572,-0.793457,-2.685547,-4.211426
18910,0.123901,-0.272095,0.955688,-0.915527,-2.563477,-4.638672
18922,0.104248,-0.315430,0.969116,-0.793457,-2.624512,-5.920410
18931,0.097290,-0.300659,0.964844,-0.915527,-3.540039,-6.652832
18940,0.107422,-0.332642,0.971802,-0.671387,-3.356934,-7.202148
18950,0.095581,-0.329834,0.982056,-0.488281,-3.479004,-7.751465
18961,0.091309,-0.332031,0.986572,-0.915527,-3.784180,-8.422852
18970,0.086304,-0.300903,0.981567,-1.037598,-3.784180,-9.216309
18982,0.067993,-0.318604,0.947876,-1.281738,-4.211426,-10.314941
18991,0.057861,-0.279419,0.963501,-1.586914,-4.333496,-10.803223
19001,0.078857,-0.320313,0.919434,-1.403809,-4.211426,-11.596680
19011,0.044067,-0.233887,0.994629,-1.647949,-4.577637,-12.268066
19020,0.060791,-0.215454,0.954956,-1.831055,-4.333496,-12.756348
19030,0.053345,-0.232910,1.019653,-1.892090,-4.272461,-13.244629
19041,0.074463,-0.221924,1.040283,-2.319336,-4.577637,-13.366699
19050,0.063721,-0.223999,0.991089,-2.258301,-4.760742,-13.122559
19060,0.082764,-0.232056,1.004395,-1.708984,-3.967285,-12.268066
19070,0.067261,-0.256836,0.941406,-1.770020,-3.784180,-11.657715
19080,0.084106,-0.275757,0.964600,-1.831055,-3.662109,-11.352539
19091,0.067993,-0.322876,0.932373,-1.953125,-3.845215,-11.169434
19100,0.049561,-0.265015,0.976318,-2.136230,-3.784180,-11.108398
19111,0.060181,-0.323608,0.910156,-2.136230,-3.967285,-11.413574
19121,0.040649,-0.306519,0.919922,-2.319336,-3.662109,-11.535645
19130,0.052368,-0.267578,0.966675,-2.319336,-3.662109,-11.901855
19140,0.037842,-0.324341,0.990601,-2.075195,-3.479004,-11.718750
19151,0.041504,-0.333130,0.947632,-2.258301,-3.540039,-10.986328
19160,0.026611,-0.321167,0.936035,-2.563477,-3.417969,-10.559082
19171,0.013184,-0.228027,0.869751,-2.746582,-2.685547,-9.948730
19180,-0.079102,-0.158081,0.838745,-2.990723,-2.502441,-9.399414
19190,0.078125,-0.260620,0.964355,-3.051758,-1.953125,-9.155273
19202,0.011719,-0.136841,1.115601,-3.112793,-1.037598,-6.774902
19211,0.016357,-0.078125,1.053955,-3.723145,-0.427246,-5.554199
19221,-0.047485,-0.101440,0.955444,-3.173828,0.122070,-3.662109
19230,-0.036743,-0.180786,0.897461,-2.807617,0.671387,-2.380371
19240,-0.050537,-0.159546,0.960937,-2.807617,1.525879,-0.793457
19251,-0.014648,-0.106445,1.028809,-2.807617,1.831055,1.037598
19260,-0.039429,-0.106812,1.020874,-2.868652,1.525879,2.258301
19270,-0.028809,-0.110596,0.991821,-2.746582,3.173828,5.737305
19281,-0.018799,-0.111694,0.978882,-2.807617,2.990723,7.385254
19290,-0.012695,-0.076050,0.967163,-2.868652,3.173828,8.850098
19301,-0.020142,-0.211060,0.963745,-2.563477,3.356934,10.009766
19310,-0.025513,-0.153076,1.032593,-2.868652,3.967285,11.230469
19320,-0.034302,-0.135010,1.035767,-2.990723,4.150391,12.512207
19332,-0.047363,-0.122925,1.008301,-2.807617,4.882812,13.244629
19341,-0.046875,-0.155029,0.982056,-2.685547,4.455566,12.878418
19351,-0.009277,-0.119995,0.973999,-2.685547,4.272461,12.451172
19360,0.046753,-0.094849,0.984131,-2.929688,4.150391,12.512207
19371,0.109863,-0.112671,0.982544,-2.929688,3.356934,12.451172
19380,0.138794,-0.055298,0.992310,-2.990723,3.051758,12.817383
19390,0.130371,-0.046387,0.999634,-2.990723,2.624512,13.549805
19402,0.147217,-0.055176,0.974731,-2.868652,3.662109,15.930176
19411,0.122803,-0.065430,1.009033,-2.746582,2.807617,15.869141
19421,0.045044,-0.090576,1.051514,-2.807617,2.136230,15.686035
19431,0.005249,-0.087280,1.070923,-3.112793,1.770020,15.258789
19440,-0.012695,-0.115356,1.063965,-2.929688,1.586914,15.136719
19450,-0.059448,-0.125732,1.048828,-2.624512,2.075195,15.136719
19460,-0.057007,-0.180664,1.019653,-2.319336,2.990723,15.258789
19472,-0.029175,-0.171997,0.996094,-2.075195,3.540039,15.686035
19481,-0.036499,-0.250366,0.990723,-1.892090,3.601074,15.747070
19491,-0.009277,-0.207397,1.028809,-1.831055,3.417969,15.930176
19500,0.019897,-0.236450,1.009033,-2.197266,3.234863,16.113281
19510,0.025146,-0.122559,0.980469,-2.319336,2.929688,16.174316
19520,0.023804,-0.036621,0.948120,-2.319336,2.990723,16.662598
19530,0.037476,-0.094238,0.977539,-1.770020,2.624512,16.967773
19541,0.046875,-0.102661,1.039673,-1.525879,1.586914,16.418457
19551,0.050415,-0.095459,1.040649,-1.342773,1.586914,16.784668
19561,0.019897,-0.039917,1.055908,-1.281738,2.136230,17.150879
19571,0.042114,-0.110962,1.027466,-0.793457,2.563477,17.883301
19580,0.042358,-0.128784,0.989380,-0.976562,2.502441,18.615723
19590,0.042480,-0.117798,0.958984,-1.220703,2.746582,19.226074
19601,0.067017,-0.102417,0.970703,-1.220703,2.441406,19.653320
19610,0.043457,-0.093506,0.955811,-1.525879,2.197266,20.141602
19622,0.079468,-0.151855,0.999390,-1.647949,1.525879,20.385742
19631,0.078247,-0.071167,1.005005,-1.953125,0.915527,20.690918
19640,0.076904,-0.121338,1.017822,-1.708984,0.854492,20.935059
19651,0.064819,-0.093140,1.004883,-1.647949,1.098633,20.812988
19660,0.114380,-0.182007,0.990356,-1.464844,1.098633,20.629883
19670,0.113159,-0.130493,0.945679,-1.342773,0.549316,20.202637
19680,0.105591,-0.124756,0.952148,-1.464844,-0.122070,19.226074
19690,0.121460,-0.166748,0.964111,-1.892090,-1.586914,16.540527
19702,0.118530,-0.152466,0.952759,-2.014160,-2.746582,15.136719
19711,0.084717,-0.144653,0.930786,-2.197266,-3.173828,14.099121
19721,0.046753,-0.114258,0.942993,-2.319336,-3.723145,13.183594
19730,0.053223,-0.195801,0.950928,-2.319336,-3.723145,12.451172
19740,0.025757,-0.186401,0.974487,-2.685547,-3.784180,11.901855
19750,0.028198,-0.224731,0.961670,-2.929688,-3.906250,11.108398
19762,0.014526,-0.125366,0.952271,-2.929688,-3.479004,8.850098
19771,0.032104,-0.223999,0.937012,-2.502441,-3.723145,7.751465
19781,-0.006592,-0.262695,0.934937,-2.136230,-3.601074,7.019043
19790,-0.050293,-0.255249,0.969116,-2.441406,-3.662109,6.713867
19800,-0.039917,-0.184937,1.003174,-2.380371,-3.112793,7.141113
19811,-0.057617,-0.116089,1.014160,-2.441406,-2.502441,8.300781
19820,-0.016357,-0.208008,1.005737,-1.770020,-2.136230,9.765625
19832,-0.026245,-0.170532,0.975220,-1.525879,-1.831055,13.061523
19841,0.009277,-0.267822,0.976440,-0.854492,-1.342773,13.610840
19850,0.050293,-0.281616,0.990845,-0.854492,-1.281738,13.305664
19860,0.108398,-0.279907,1.040039,-0.854492,-1.586914,12.573242
19871,0.118652,-0.268799,1.039429,-0.793457,-2.136230,11.596680
19880,0.147339,-0.277954,0.962769,-0.427246,-2.624512,10.314941
19890,0.173340,-0.241699,0.938843,-0.183105,-3.417969,9.948730
19902,0.137207,-0.141357,0.973145,-0.427246,-4.211426,10.009766
19911,0.102295,-0.113281,0.979248,-0.183105,-4.516602,10.620117
19921,0.134033,-0.187012,1.021606,0.183105,-4.943848,10.925293
19930,0.082642,-0.127808,1.099243,0.061035,-5.065918,10.681152
19940,0.050659,-0.130615,1.067627,-0.122070,-5.493164,10.314941
19950,0.048584,-0.163696,1.010864,0.061035,-5.493164,9.765625
19961,-0.010254,-0.190063,0.949219,0.122070,-6.286621,8.728027
19971,-0.080566,-0.144897,0.982910,-0.183105,-5.554199,8.850098
19980,-0.091187,-0.140015,1.023071,-0.549316,-4.943848,9.277344
19990,-0.123535,-0.124512,1.031494,-0.732422,-4.455566,9.521484
20001,-0.088257,-0.201782,1.043091,-0.366211,-3.845215,9.887695
20010,-0.067627,-0.200439,1.012085,-0.305176,-3.967285,10.192871
20020,-0.058472,-0.245850,0.988403,0.000000,-3.723145,10.070801
20030,-0.026245,-0.230469,0.993530,0.061035,-3.540039,10.314941
20041,0.033936,-0.316528,0.957886,-0.183105,-2.929688,10.559082
20051,0.021362,-0.330078,0.947388,-0.915527,-2.807617,10.559082
20061,0.032959,-0.291626,0.945923,-1.159668,-2.929688,10.375977
20070,0.057495,-0.332764,0.941772,-1.098633,-3.173828,10.070801
20080,0.077637,-0.297729,0.934937,-1.281738,-3.417969,9.887695
20090,0.090332,-0.291992,0.950439,-1.464844,-3.479004,9.582520
20100,0.079468,-0.261353,0.977295,-1.708984,-3.723145,9.399414
20112,0.051880,-0.263794,1.000244,-1.770020,-4.028320,8.483887
20121,0.024292,-0.224609,1.020508,-2.197266,-4.272461,8.056641
20131,0.008911,-0.229858,1.008057,-2.441406,-4.882812,7.263184
20141,-0.004517,-0.213013,0.995361,-2.197266,-4.821777,6.591797
20151,-0.001465,-0.221680,1.000854,-2.197266,-5.371094,6.164551
20160,0.002319,-0.169434,0.997559,-2.197266,-5.065918,5.676270
20172,0.022461,-0.146973,1.046997,-2.136230,-5.065918,4.943848
20181,0.040771,-0.163330,1.036621,-2.136230,-5.187988,4.333496
20191,0.044922,-0.191040,0.976196,-2.136230,-5.432129,3.845215
20200,0.054321,-0.193481,0.968140,-2.258301,-5.187988,3.356934
20210,0.041626,-0.211792,0.974243,-2.563477,-5.554199,2.746582
20221,0.043335,-0.229492,0.991211,-2.380371,-5.676270,1.831055
20230,0.021973,-0.174438,1.013550,-2.319336,-5.493164,1.159668
20240,0.020996,-0.231079,0.990845,-2.075195,-6.103516,0.244141
20250,0.036865,-0.085449,1.093628,-1.281738,-6.347656,-0.732422
20261,0.063477,-0.146118,1.054443,-0.732422,-6.286621,-0.854492
20270,0.045288,-0.153442,1.019653,-0.122070,-6.530762,-0.854492
20280,0.033691,-0.172119,0.985840,0.366211,-5.981445,-0.366211
20290,0.043335,-0.206055,0.931274,0.671387,-5.920410,0.183105
20300,0.033081,-0.212646,0.876465,1.098633,-5.493164,0.488281
20310,0.036621,-0.224976,0.892456,1.281738,-5.432129,0.671387
20322,-0.026245,-0.191284,0.950562,1.220703,-5.493164,0.366211
20331,-0.032837,-0.197388,0.977173,1.403809,-5.432129,0.427246
20341,-0.053833,-0.202026,0.936035,1.525879,-5.187988,0.427246
20351,-0.060059,-0.164062,0.966919,1.342773,-5.310059,0.366211
20360,-0.053589,-0.192627,0.989624,1.464844,-4.699707,0.427246
20370,-0.064697,-0.200195,0.940308,1.403809,-4.760742,0.000000
20382,-0.046021,-0.061035,0.987793,1.403809,-4.272461,-0.488281
20391,0.002075,-0.085937,1.009888,1.403809,-4.150391,-0.793457
20401,0.021362,-0.050659,1.043945,1.586914,-4.272461,-1.281738
20410,0.035767,-0.108887,1.077637,1.831055,-4.211426,-1.770020
20420,0.041626,-0.148804,1.034546,1.770020,-3.784180,-2.502441
20431,0.040039,-0.093750,1.029419,1.647949,-4.089355,-3.417969
20440,0.022949,-0.080566,0.994019,1.647949,-4.272461,-4.516602
20452,0.002319,-0.174072,0.966431,1.098633,-4.394531,-6.469727
20461,0.021362,-0.114502,1.016724,0.915527,-4.089355,-7.446289
20471,0.049316,-0.170776,1.020142,0.488281,-5.004883,-8.483887
20480,0.081177,-0.091797,0.994507,0.366211,-5.126953,-9.765625
20490,0.090210,-0.063110,0.997681,-0.244141,-4.882812,-10.681152
20501,0.116211,-0.078613,0.980591,-0.366211,-5.065918,-11.901855
20510,0.116455,-0.164917,0.995483,-0.915527,-5.371094,-13.427734
20520,0.166626,-0.106812,1.037842,-1.708984,-5.798340,-14.770508
20532,0.153931,-0.140503,1.008179,-1.953125,-8.422852,-17.272949
20542,0.122803,-0.106079,0.925171,-1.342773,-8.911133,-17.517090
20551,0.100464,-0.121338,0.945923,-1.220703,-7.934570,-16.845703
20561,0.108276,-0.203247,0.991821,-1.220703,-6.652832,-16.418457
20570,0.074951,-0.112915,1.006836,-1.525879,-5.859375,-16.601562
20580,0.003174,-0.054443,1.057373,-1.342773,-6.225586,-17.395020
20592,-0.057251,-0.185181,0.928345,-0.732422,-7.141113,-19.104004
20602,-0.050293,-0.146362,0.935791,-0.305176,-7.019043,-19.287109
20611,-0.027710,-0.281128,0.928223,-0.671387,-6.408691,-19.226074
20621,-0.033569,-0.178711,0.887695,-0.915527,-5.737305,-18.554687
20631,-0.015259,-0.193848,0.923828,-1.220703,-4.760742,-17.028809
20640,-0.023193,-0.175171,0.867920,-1.342773,-3.906250,-15.197754
20650,-0.049927,-0.143188,0.930420,-1.586914,-3.356934,-13.977051
20660,-0.041748,-0.099243,1.038818,-1.586914,-2.563477,-12.939453
20670,-0.033813,-0.151245,1.029175,-1.770020,-1.953125,-13.732910
20681,-0.056885,-0.039917,1.017212,-1.403809,-2.075195,-14.770508
20690,-0.037476,-0.133545,0.957886,-1.342773,-2.136230,-15.380859
20700,-0.034912,-0.185181,0.935425,-1.220703,-1.708984,-15.502930
20710,-0.013306,-0.065796,0.982544,-1.586914,-1.159668,-14.831543
20721,0.005005,-0.104492,0.989868,-2.136230,-0.366211,-13.061523
20731,-0.044556,-0.194336,0.979980,-2.685547,0.061035,-9.826660
20740,-0.085815,-0.130615,1.020264,-3.234863,1.281738,-8.483887
20750,-0.079834,-0.103638,1.002319,-3.356934,2.136230,-7.568359
20760,-0.075073,-0.196045,0.995728,-3.295898,2.563477,-6.530762
20771,-0.065063,-0.210449,0.984741,-3.601074,3.112793,-5.615234
20781,-0.039063,-0.119873,0.984619,-3.784180,3.173828,-4.516602
20790,-0.055664,-0.155884,0.976318,-3.601074,3.356934,-3.112793
20800,-0.043823,-0.197144,0.984497,-3.479004,3.112793,-1.770020
20812,-0.023560,-0.199707,1.024780,-3.051758,4.333496,0.671387
20821,0.011230,-0.304932,1.046265,-2.502441,5.004883,2.075195
20830,0.035889,-0.294678,1.041748,-2.197266,5.371094,3.356934
20840,-0.015137,-0.252319,1.016724,-1.953125,4.882812,3.723145
20851,-0.051392,-0.325073,0.967896,-1.892090,4.394531,4.089355
20860,-0.065796,-0.347656,0.953247,-2.075195,4.028320,4.272461
20870,-0.026245,-0.323364,0.987671,-2.197266,4.211426,4.455566
20881,-0.007935,-0.241455,1.066162,-2.380371,4.638672,5.493164
20891,-0.050903,-0.264160,1.013306,-2.197266,4.394531,5.676270
20901,-0.011108,-0.254028,0.941284,-2.258301,4.821777,5.737305
20910,-0.020264,-0.240601,0.962524,-2.563477,4.821777,5.798340
20920,0.001709,-0.223389,0.938721,-2.624512,4.516602,5.920410
20930,-0.024292,-0.222168,1.001831,-2.807617,4.821777,5.432129
20940,-0.083008,-0.199951,0.989380,-2.441406,4.760742,5.187988
20950,-0.059204,-0.192871,0.935791,-2.441406,4.699707,3.906250
20961,-0.062134,-0.188477,0.956543,-2.380371,4.638672,3.234863
20970,-0.020630,-0.228882,0.989014,-2.502441,4.333496,2.075195
20980,-0.050659,-0.213379,0.973022,-2.197266,3.906250,0.549316
20990,-0.043823,-0.202637,0.959106,-2.014160,3.540039,-1.098633
21000,0.016968,-0.227661,0.937134,-1.770020,3.906250,-2.563477
21012,0.036865,-0.167969,0.935425,-2.197266,3.417969,-4.699707
21021,0.088257,-0.188354,0.924194,-2.502441,3.112793,-5.432129
21031,0.122803,-0.179932,0.920532,-2.441406,2.624512,-6.042480
21040,0.164673,-0.152710,0.911255,-2.502441,2.258301,-6.530762
21050,0.198730,-0.122559,0.975952,-2.746582,1.708984,-6.713867
21061,0.213135,-0.125000,0.950928,-2.868652,1.220703,-7.141113
21070,0.218384,-0.140381,1.046143,-2.685547,0.549316,-7.507324
21080,0.209961,-0.041748,1.097900,-2.258301,-0.183105,-7.812500
21092,0.162476,-0.244263,1.010986,-1.525879,-1.892090,-8.422852
21101,0.156616,-0.218140,1.068481,-0.854492,-2.380371,-8.605957
21111,0.106812,-0.150879,1.048950,-0.976562,-2.319336,-8.300781
21121,0.057129,-0.144287,0.982422,-0.854492,-2.319336,-8.117676
21131,0.004761,-0.153931,0.948975,-0.671387,-1.892090,-8.239746
21140,-0.005859,-0.131104,0.982178,-0.427246,-1.647949,-8.300781
21150,-0.000732,-0.179443,0.933960,-0.366211,-1.708984,-8.544922
21162,-0.000244,-0.080444,1.004883,-0.854492,-1.403809,-8.972168
21171,0.045044,-0.108521,1.023193,-0.427246,-1.525879,-9.216309
21181,0.064575,-0.129761,1.048340,-0.244141,-1.464844,-8.605957
21190,0.057251,-0.123657,1.050659,-0.061035,-1.403809,-7.995605
21200,0.024536,-0.134399,1.045288,0.183105,-1.525879,-7.812500
21210,-0.028198,-0.082153,0.982666,0.366211,-0.732422,-7.385254
21220,-0.076294,-0.164185,0.930420,0.549316,0.183105,-6.713867
21232,-0.102051,-0.185303,0.972046,0.305176,1.098633,-4.821777
21241,-0.102905,-0.193970,1.051392,-0.366211,1.953125,-3.479004
21251,-0.040283,-0.057861,1.098267,-0.915527,3.051758,-2.380371
21260,-0.122559,-0.171265,1.074463,-0.366211,3.234863,-1.098633
21270,-0.150635,-0.267700,1.006104,0.305176,3.479004,-0.366211
21281,-0.112061,-0.290161,0.897827,0.671387,4.089355,0.244141
21290,-0.073486,-0.192139,0.962646,0.732422,3.845215,1.281738
21302,0.053467,-0.343628,0.843872,0.793457,4.089355,4.089355
21311,0.048462,-0.225220,0.897217,-1.037598,4.577637,6.469727
21320,0.042847,-0.077759,1.014648,-2.197266,4.333496,8.361816
21330,0.015869,-0.060913,0.980103,-2.197266,4.943848,10.437012
21341,-0.014282,-0.078735,1.045776,-1.647949,5.249023,12.512207
21350,-0.025513,-0.053101,0.999634,-1.037598,5.554199,14.343262
21362,-0.067993,-0.117188,1.046509,-1.220703,5.737305,16.601562
21371,-0.074829,0.084229,1.099121,-1.464844,4.699707,17.150879
21381,-0.079956,0.024780,0.970215,-0.427246,4.760742,18.737793
21390,-0.055054,-0.057983,0.941040,0.549316,5.310059,20.568848
21400,-0.001587,-0.110107,0.993042,1.220703,6.652832,21.911621
21410,0.000854,-0.098633,1.045166,0.732422,6.774902,22.705078
21421,-0.006958,-0.008057,1.165039,0.122070,5.737305,21.911621
21430,-0.038574,-0.025513,1.120850,0.549316,3.906250,20.751953
21442,-0.072754,-0.181763,0.950928,1.281738,3.051758,17.700195
21451,-0.014648,-0.201294,0.951538,1.892090,2.746582,17.150879
21461,0.023315,-0.248413,0.972046,1.525879,2.502441,16.967773
21470,0.033569,-0.227539,0.870972,0.915527,2.014160,17.150879
21480,0.041992,-0.220947,0.883667,0.183105,1.525879,18.066406
21491,0.026611,-0.349121,0.746460,-0.366211,1.464844,18.615723
21500,0.062744,-0.283569,0.894165,-1.342773,1.464844,18.005371
21510,0.042114,-0.222656,0.931030,-2.563477,0.061035,16.052246
21521,0.001099,-0.159546,1.005371,-2.563477,-1.037598,14.770508
21531,0.008911,-0.217285,1.051636,-2.136230,-1.403809,13.793945
21540,0.074951,-0.233643,1.046021,-1.342773,-1.525879,12.939453
21550,0.051636,-0.220825,1.020020,-1.159668,-1.892090,12.573242
21561,0.036011,-0.248413,0.965454,-1.220703,-2.136230,12.329102
21570,0.011597,-0.302612,0.947998,-1.220703,-2.563477,11.108398
21582,0.038452,-0.185669,1.058350,-2.258301,-3.417969,10.314941
21592,0.052246,-0.193848,1.020020,-2.380371,-3.967285,9.277344
21601,-0.007080,-0.198730,0.986084,-2.441406,-4.455566,8.361816
21611,0.019897,-0.192627,1.013916,-2.807617,-4.455566,7.751465
21621,0.005737,-0.218262,1.060547,-2.929688,-4.516602,6.774902
21630,0.005859,-0.116577,1.088013,-2.990723,-4.638672,6.164551
21640,-0.021729,-0.176636,1.009399,-2.807617,-4.882812,5.371094
21652,-0.000977,-0.135254,1.032959,-2.746582,-5.371094,3.173828
21661,0.025635,-0.229492,0.957520,-2.441406,-5.432129,2.563477
21671,0.000122,-0.173218,0.974731,-2.136230,-5.981445,2.380371
21681,-0.059570,-0.234741,0.942017,-2.197266,-5.493164,2.624512
21690,-0.057129,-0.256348,1.013306,-2.075195,-4.577637,3.173828
21700,-0.052368,-0.178345,1.062012,-1.708984,-4.333496,4.028320
21710,-0.081909,-0.296021,0.945190,-1.098633,-4.089355,4.638672
21720,-0.096680,-0.277100,0.942627,-1.281738,-2.990723,5.859375
21731,-0.122559,-0.374512,1.004150,-2.258301,-2.746582,5.798340
21740,-0.108276,-0.156372,0.939209,-2.502441,-2.746582,5.798340
21750,-0.150635,-0.175903,0.994141,-2.441406,-2.685547,5.554199
21760,-0.103149,-0.148071,1.009766,-2.319336,-2.258301,4.455566
21771,-0.119263,-0.176025,0.959717,-2.563477,-1.708984,3.723145
21780,-0.042725,-0.046021,1.042236,-3.051758,-1.953125,2.868652
21790,-0.058472,-0.100342,1.016357,-2.990723,-1.708984,1.220703
21800,-0.039429,-0.063110,0.986084,-2.624512,-1.403809,0.488281
21810,-0.008911,-0.039063,1.095215,-2.563477,-1.586914,-0.671387
21821,-0.015991,-0.086914,1.003906,-2.380371,-1.647949,-1.586914
21830,-0.021973,-0.074341,0.963501,-2.441406,-1.220703,-2.197266
21840,0.011353,0.002563,0.959717,-2.258301,-1.098633,-2.685547
21850,0.010376,-0.126953,0.868774,-2.014160,-1.586914,-3.234863
21859,0.086304,-0.057129,0.953735,-1.892090,-2.258301,-5.004883
21871,0.122314,-0.146362,0.926880,-1.770020,-2.380371,-5.737305
21881,0.114380,-0.112549,0.967896,-1.770020,-2.441406,-6.408691
21891,0.135620,-0.230713,0.943481,-1.831055,-2.441406,-7.263184
21901,0.127808,-0.083862,1.075684,-1.831055,-2.563477,-8.422852
21910,0.072021,-0.210083,1.003052,-1.464844,-3.784180,-10.070801
21920,0.074463,-0.110840,1.093628,-1.159668,-4.150391,-11.901855
21931,0.014648,-0.158203,0.969238,-0.366211,-4.394531,-14.343262
21941,-0.023315,-0.241333,0.918945,-0.427246,-3.051758,-15.075684
21951,0.011353,-0.246582,0.936279,-0.732422,-2.929688,-15.808105
21960,-0.000244,-0.166138,0.981812,-1.220703,-2.990723,-16.235352
21970,-0.046631,-0.164062,0.926025,-1.220703,-2.685547,-16.662598
21980,-0.022827,-0.020386,1.014404,-1.647949,-2.136230,-17.028809
21991,-0.020020,-0.137573,0.968872,-1.342773,-0.671387,-16.296387
22001,0.055420,-0.064453,0.981934,-1.647949,-0.488281,-15.747070
22011,0.052979,-0.008423,1.100464,-1.831055,-0.244141,-14.831543
22021,0.037109,-0.093506,1.069336,-1.403809,0.061035,-13.732910
22030,0.036255,-0.020020,1.123291,-0.976562,0.488281,-12.939453
22040,-0.052246,-0.163452,1.015869,-0.549316,0.366211,-12.390137
22049,-0.119995,-0.145752,0.972534,-0.488281,0.854492,-11.718750
22060,-0.137817,-0.090210,0.936768,-0.488281,2.563477,-10.437012
22070,-0.108398,-0.175415,0.951416,-0.671387,5.065918,-6.652832
22079,-0.105835,-0.068604,1.054321,-0.793457,5.737305,-5.065918
22090,-0.127686,-0.172119,1.036743,-0.610352,6.103516,-3.417969
22100,-0.079590,-0.191772,1.034912,0.000000,6.713867,-2.441406
22110,-0.106567,-0.211670,1.023071,0.427246,7.019043,-1.281738
22119,-0.125610,-0.219482,0.958374,0.549316,7.934570,-0.366211
22130,-0.164917,-0.182861,0.904663,0.488281,7.934570,0.854492
22140,-0.153564,-0.238281,0.914307,0.671387,10.437012,4.821777
22151,-0.122681,-0.114502,0.945190,-0.122070,10.925293,6.591797
22161,-0.077881,-0.068237,1.021973,-0.610352,11.718750,8.178711
22171,-0.067261,-0.106567,1.059570,-0.732422,12.145996,9.765625
22180,0.032959,-0.047607,1.075928,-0.122070,12.329102,11.291504
22189,-0.004517,-0.070435,1.077759,0.549316,11.352539,12.329102
22200,0.037109,-0.176392,1.005981,0.976562,11.413574,13.122559
22209,0.035278,-0.133301,0.952148,1.525879,10.620117,15.808105
22221,0.060181,-0.262573,0.905762,1.953125,10.925293,17.639160
22230,0.071899,-0.236328,0.845581,1.708984,10.437012,19.165039
22240,0.022217,-0.283936,0.778076,0.915527,10.314941,20.202637
22250,0.020752,-0.279907,0.848999,0.000000,9.643555,21.118164
22260,-0.024414,-0.377930,0.894287,-0.732422,9.094238,21.362305
22271,-0.027466,-0.216675,0.961548,-2.075195,8.300781,20.507812
22281,-0.003052,-0.178223,1.013672,-1.770020,7.202148,19.592285
22290,0.012329,-0.219482,1.094971,-1.098633,6.347656,18.310547
22300,0.006470,-0.299316,1.009399,-0.854492,5.798340,17.517090
22309,0.100342,-0.101563,1.093872,-0.671387,5.187988,16.662598
22320,0.115723,-0.188721,0.988525,-0.305176,4.394531,16.113281
22329,0.161499,-0.063599,1.050293,-0.549316,3.417969,16.052246
22340,0.135498,-0.226685,0.990845,-0.427246,2.685547,16.052246
22351,0.082520,-0.121338,1.079590,-0.488281,2.197266,14.953613
22361,0.092896,-0.137939,1.072021,-0.732422,1.220703,14.099121
22370,0.046509,0.038574,1.171997,-0.610352,0.061035,12.756348
22380,0.066650,-0.168823,1.033203,-0.183105,-0.427246,11.535645
22389,0.042847,-0.052979,1.075562,0.122070,-0.793457,10.131836
22400,0.119873,-0.071655,1.179321,0.549316,-1.464844,8.789063
22409,0.116577,-0.182617,1.124634,0.732422,-2.563477,7.873535
22422,0.076904,-0.125732,0.979736,0.854492,-3.479004,5.676270
22431,0.101074,-0.094604,0.957642,0.427246,-3.356934,5.187988
22440,0.101563,-0.005737,1.003540,0.000000,-3.234863,4.821777
22452,0.088013,-0.128662,0.948242,-0.305176,-4.028320,3.784180
22462,0.060181,-0.038452,0.942261,-0.488281,-5.004883,2.929688
22471,0.078125,-0.171631,0.901001,-0.732422,-5.493164,2.563477
22480,0.144409,-0.147339,0.995972,-0.976562,-4.821777,1.708984
22492,0.154053,-0.184448,1.033081,-1.281738,-5.493164,1.586914
22501,0.067017,-0.227417,0.908813,-1.403809,-5.798340,1.037598
22511,0.031006,-0.099731,1.023560,-1.464844,-5.493164,0.366211
22521,-0.034180,-0.297729,0.896240,-1.342773,-5.310059,-0.854492
22530,-0.004150,-0.083130,0.977295,-1.647949,-6.164551,-2.136230
22540,-0.061646,-0.293091,0.900024,-1.831055,-6.347656,-2.502441
22549,-0.012817,-0.026245,0.920776,-2.685547,-5.859375,-2.258301
22559,-0.001831,-0.059570,0.963257,-3.173828,-5.249023,-1.281738
22571,0.040161,-0.134521,0.902100,-3.173828,-5.554199,-0.610352
22581,0.103027,-0.131714,0.979736,-2.624512,-4.760742,0.061035
22590,0.097290,-0.155762,0.946045,-2.441406,-5.004883,0.183105
22600,0.061646,-0.176636,0.863403,-2.075195,-5.004883,0.671387
22610,0.060791,-0.214966,0.938354,-1.892090,-5.126953,0.671387
22620,0.021484,-0.245239,0.891724,-1.831055,-5.432129,0.183105
22631,-0.042114,-0.101440,0.997681,-2.136230,-5.371094,1.159668
22641,-0.019165,-0.166260,0.973755,-2.319336,-4.577637,2.014160
22651,-0.012207,-0.235474,1.008423,-2.502441,-4.394531,2.868652
22660,0.070679,-0.083496,1.051758,-2.624512,-4.211426,3.234863
22670,0.011108,-0.159424,1.056030,-2.441406,-5.310059,3.051758
22680,-0.037720,-0.149292,0.967896,-1.770020,-5.249023,3.051758
22690,-0.035278,-0.063232,1.106689,-1.464844,-4.821777,3.051758
22699,-0.061890,-0.294434,0.974243,-1.586914,-3.234863,4.028320
22711,-0.115234,-0.117310,1.036743,-2.014160,-2.929688,4.516602
22721,-0.118652,-0.226685,0.920532,-2.014160,-2.197266,5.126953
22731,-0.064941,-0.014282,1.031372,-2.380371,-1.525879,5.554199
22740,-0.061890,-0.269043,0.831177,-3.051758,-1.464844,6.103516
22750,-0.073975,0.002441,0.979492,-3.967285,-2.075195,6.042480
22760,-0.076050,-0.193237,0.998291,-4.516602,-1.953125,5.798340
22769,-0.115967,-0.021118,1.127441,-4.882812,-0.976562,5.737305
22781,-0.127075,-0.097656,1.020874,-4.455566,-0.915527,5.615234
22791,-0.067505,-0.101929,1.056274,-3.601074,-0.122070,5.676270
22801,-0.030884,-0.306885,0.922485,-3.173828,-0.488281,5.554199
22811,-0.019287,-0.043701,0.958862,-3.234863,-0.854492,5.310059
22820,-0.015381,-0.383667,0.786377,-2.685547,-0.915527,5.676270
22830,-0.003784,-0.038086,0.954712,-2.929688,-1.037598,5.493164
22840,0.018066,-0.256592,0.909546,-3.234863,0.061035,6.164551
22851,0.009766,-0.101563,1.050415,-3.356934,0.000000,6.286621
22861,-0.002563,-0.356079,0.946045,-3.051758,-0.244141,6.408691
22870,0.026489,0.002319,1.112793,-2.746582,-1.403809,6.103516
22880,-0.009277,-0.135742,0.997803,-2.075195,-1.281738,5.981445
22890,-0.032837,-0.190186,0.864624,-1.586914,-1.098633,5.737305
22900,-0.047119,-0.194336,0.882935,-0.976562,-1.281738,5.615234
22910,-0.052490,-0.317505,0.785278,-1.892090,-0.305176,4.882812
22919,-0.090332,-0.153076,0.890015,-2.441406,-0.427246,3.723145
22930,-0.091431,0.046265,1.050293,-2.990723,-0.671387,2.441406
22940,-0.089722,-0.016968,1.079102,-2.441406,-0.488281,0.732422
22949,-0.086426,-0.201050,0.999634,-1.586914,-0.244141,-0.732422
22960,-0.036255,-0.040283,1.165161,-1.159668,0.244141,-1.708984
22970,0.069824,-0.185547,1.148193,-0.976562,0.549316,-2.502441
22981,0.074219,0.136353,1.115601,-1.220703,-0.061035,-3.845215
22991,0.116333,-0.112305,0.934448,-1.159668,-0.854492,-4.211426
23001,0.103882,-0.123291,0.950562,-1.525879,-0.488281,-4.760742
23011,0.170898,0.009277,1.035889,-2.197266,-0.793457,-5.432129
23020,0.119141,-0.221558,0.968018,-2.929688,-2.319336,-6.042480
23030,0.098755,0.114502,1.058350,-3.540039,-2.685547,-6.408691
23039,0.128174,-0.037354,1.054443,-3.295898,-2.502441,-6.225586
23052,0.093750,-0.005493,1.063232,-2.380371,-2.441406,-6.103516
23062,0.046265,-0.291382,1.010498,-1.708984,-2.380371,-6.042480
23071,0.007568,-0.114136,1.072998,-1.525879,-2.685547,-6.164551
23081,0.010010,-0.137451,1.037476,-1.220703,-2.258301,-5.859375
23091,0.006592,-0.226440,0.889282,-0.793457,-2.258301,-6.042480
23100,0.028809,-0.152222,0.979492,-0.671387,-1.892090,-6.591797
23110,0.010620,-0.320801,0.867065,-1.281738,-2.014160,-7.019043
23120,-0.020630,-0.094849,1.010498,-2.136230,-1.281738,-7.873535
23129,-0.025513,-0.123413,0.896851,-2.014160,-1.098633,-8.483887
23140,-0.031860,-0.118164,0.952393,-1.770020,-0.854492,-8.666992
23150,-0.053589,-0.278442,0.820312,-2.014160,-0.671387,-8.605957
23159,-0.055176,0.016968,0.969116,-2.502441,-0.305176,-8.422852
23170,-0.024902,-0.180420,0.917725,-2.441406,0.610352,-7.568359
23180,-0.076050,-0.109009,0.926147,-2.441406,1.159668,-6.958008
23192,-0.054321,-0.206421,0.817383,-2.380371,2.075195,-5.432129
23202,-0.061646,-0.047607,0.971436,-2.990723,2.563477,-4.272461
23211,-0.077515,-0.091064,0.965942,-3.356934,3.479004,-2.807617
23221,-0.054321,-0.090210,1.044189,-3.417969,4.089355,-1.525879
23230,-0.008179,0.112549,1.099487,-3.112793,5.249023,-0.427246
23239,-0.055664,-0.136963,1.076172,-2.258301,5.676270,0.244141
23250,-0.037476,-0.052734,1.070068,-1.342773,5.676270,0.732422
23260,-0.032715,-0.118042,1.068726,-0.305176,6.103516,2.624512
23271,0.025146,-0.102295,1.041992,-0.671387,6.408691,3.479004
23281,0.048950,-0.211304,0.931030,-0.793457,6.042480,4.394531
23290,0.040527,-0.157227,0.857300,-0.976562,6.164551,5.310059
23299,0.076660,-0.109619,0.965820,-1.281738,5.737305,5.798340
23310,0.061890,-0.334351,0.896851,-1.770020,5.004883,5.615234
23320,0.052612,-0.116455,1.057373,-2.807617,4.211426,4.943848
23330,0.050781,-0.124146,1.131592,-2.380371,3.784180,3.540039
23341,-0.015991,-0.045044,1.064697,-1.892090,4.760742,3.662109
23351,0.014160,-0.222168,0.978638,-1.770020,5.004883,4.089355
23360,-0.025146,-0.284424,0.890015,-2.075195,4.455566,4.150391
23370,-0.016968,0.019409,1.120239,-2.441406,4.699707,4.272461
23379,-0.020508,-0.249512,1.053711,-2.624512,4.333496,4.333496
23390,-0.042236,-0.318604,0.866577,-2.624512,4.150391,4.150391
23399,0.010376,0.000488,1.031006,-2.502441,3.845215,4.699707
23411,-0.000488,-0.139648,0.977417,-2.929688,3.784180,5.065918
23421,0.032959,0.030640,1.065063,-3.356934,3.906250,5.920410
23430,0.057739,-0.147095,0.929687,-3.051758,4.150391,7.324219
23439,0.037231,-0.078979,0.866455,-2.563477,4.577637,8.483887
23450,0.025513,-0.019653,0.955933,-2.075195,4.455566,9.643555
23459,0.010498,-0.298218,0.792114,-1.831055,3.845215,10.498047
23472,0.017944,0.026978,1.046021,-2.197266,3.479004,12.145996
23481,0.036865,-0.182495,0.931641,-2.197266,3.845215,12.878418
23491,-0.004761,0.012451,1.011230,-1.708984,3.906250,13.427734
23500,0.044067,-0.012573,1.170654,-0.671387,4.150391,14.160156
23510,-0.025635,-0.283691,1.001099,-0.305176,3.967285,14.160156
23519,-0.028076,-0.244995,0.917480,0.000000,2.990723,13.610840
23530,0.032227,-0.020752,0.951172,0.000000,2.441406,13.305664
23539,0.035278,-0.274780,0.770874,-0.061035,1.586914,13.061523
23551,0.039795,0.022217,0.971924,-2.075195,1.159668,12.878418
23560,-0.013184,-0.165649,0.954956,-2.868652,1.403809,12.756348
23570,-0.059326,-0.042236,1.117065,-3.540039,1.647949,12.390137
23579,-0.046509,-0.041870,1.187744,-3.295898,2.014160,12.023926
23590,-0.048462,-0.130981,1.103271,-2.563477,1.953125,11.962891
23600,0.023071,-0.113770,1.143921,-1.647949,1.525879,11.840820
23611,0.082642,-0.238770,1.008179,-0.854492,1.281738,11.962891
23621,0.098755,-0.238770,0.995605,-1.403809,-0.427246,11.657715
23630,0.084351,0.047607,0.999634,-1.708984,-0.549316,11.596680
23640,0.072144,-0.154053,0.951904,-1.953125,-1.037598,11.596680
23649,0.035400,-0.409790,0.829712,-2.136230,-1.464844,11.230469
23660,0.036377,0.009644,0.917725,-2.563477,-1.586914,11.169434
23669,0.072266,-0.005127,1.085083,-3.234863,-1.953125,11.291504
23681,0.058350,-0.003662,1.065674,-3.723145,-2.319336,10.925293
23691,0.075073,0.039429,1.078003,-2.685547,-3.173828,10.009766
23700,0.070190,-0.291626,0.902710,-1.831055,-3.601074,9.460449
23710,0.116821,-0.283569,0.922241,-1.953125,-4.455566,8.300781
23719,0.152710,-0.080444,1.024658,-2.441406,-5.615234,7.446289
23730,0.112915,-0.182617,0.933838,-2.624512,-6.774902,6.958008
23740,0.107300,-0.061768,0.945435,-2.746582,-7.324219,5.981445
23749,0.085327,0.053223,1.032471,-2.563477,-7.507324,4.028320
23761,0.025513,-0.217407,0.974365,-1.159668,-7.751465,2.624512
23770,0.050659,-0.137817,1.042603,-0.488281,-7.812500,1.586914
23780,0.039185,-0.258179,1.009766,-0.488281,-8.178711,0.610352
23790,0.020264,-0.326782,0.869507,-0.671387,-7.934570,-0.183105
23800,-0.002319,-0.061646,0.972046,-0.854492,-8.300781,-1.220703
23809,0.078979,0.037964,1.100586,-0.976562,-8.544922,-2.014160
23822,-0.041016,-0.310425,0.926392,-0.366211,-8.239746,-3.234863
23832,0.020264,-0.072998,1.047974,-0.122070,-7.690430,-3.356934
23841,0.040649,-0.163574,0.992065,0.000000,-7.568359,-3.112793
23851,-0.000854,-0.451538,0.848633,0.061035,-7.080078,-3.051758
23860,0.001587,-0.301880,0.894775,-0.183105,-7.385254,-3.112793
23870,0.055786,-0.136475,0.997314,-0.427246,-7.629395,-2.990723
23880,-0.001343,-0.199829,0.947510,-0.854492,-7.568359,-2.685547
23890,-0.056274,-0.162598,0.921753,-2.258301,-6.469727,-1.098633
23899,-0.048218,-0.082886,1.047363,-2.075195,-5.615234,-0.366211
23909,-0.104004,-0.207764,0.974243,-1.831055,-5.554199,0.000000
23920,-0.150391,-0.088135,1.000854,-1.647949,-5.004883,0.366211
23929,-0.137939,0.010986,1.075684,-1.525879,-4.516602,0.488281
23940,-0.147949,-0.040405,1.081421,-1.220703,-3.173828,0.732422
23949,-0.159668,-0.221069,1.039185,-0.854492,-2.685547,0.305176
23959,-0.161011,-0.276367,0.968262,-0.183105,-2.197266,-0.976562
23971,-0.040405,0.053711,0.953125,-0.427246,-1.586914,-1.892090
23980,0.006836,-0.138428,0.898682,-1.525879,-1.892090,-2.929688
23990,0.031738,-0.163696,0.946167,-2.258301,-2.319336,-4.028320
24000,0.052856,0.030518,1.025269,-2.197266,-2.807617,-5.249023
24009,0.055908,0.118042,1.023438,-1.831055,-2.624512,-5.798340
24020,0.046631,-0.148315,0.937134,-1.342773,-2.136230,-6.103516
24029,0.058594,-0.301880,0.934082,-1.403809,-1.892090,-7.385254
24041,0.032349,0.037354,1.042114,-2.197266,-2.197266,-7.995605
24050,0.023560,-0.150513,0.979736,-2.136230,-2.136230,-8.483887
24060,0.027832,-0.157959,0.865601,-1.708984,-1.647949,-8.728027
24069,0.039063,0.031860,0.961426,-1.953125,-1.403809,-8.728027
24080,0.085815,-0.110840,0.968140,-2.014160,-1.403809,-8.972168
24089,-0.007202,-0.245117,0.866455,-2.258301,-1.647949,-9.094238
24099,-0.007080,-0.071411,0.942261,-2.502441,-1.159668,-8.911133
24111,0.061523,-0.283813,0.947510,-2.868652,-0.305176,-7.995605
24121,0.043091,-0.330933,0.990234,-2.868652,-0.427246,-7.568359
24130,-0.035889,-0.111938,1.107300,-2.746582,-0.671387,-7.324219
24140,0.028564,0.066895,1.135132,-2.319336,-0.427246,-6.958008
24150,-0.010376,-0.101074,1.143677,-1.464844,1.098633,-6.591797
24159,-0.015991,-0.168701,1.032593,-0.793457,0.488281,-6.652832
24169,-0.122559,-0.150513,0.929932,-0.366211,0.854492,-5.859375
24181,-0.088135,-0.063599,0.925171,-0.183105,2.990723,-4.821777
24190,-0.090210,-0.099121,0.924072,0.000000,3.540039,-2.929688
24200,-0.110229,-0.172607,1.021973,0.061035,3.845215,-1.342773
24209,-0.174194,-0.123657,1.105835,-0.122070,4.516602,0.488281
24220,-0.177368,-0.182373,1.158325,-0.061035,5.615234,2.502441
24229,-0.145264,-0.174438,1.098633,-0.549316,6.713867,3.845215
24239,-0.078857,-0.073120,1.029907,-1.037598,7.568359,6.530762
24251,-0.030151,0.053589,1.115967,-0.671387,8.422852,7.507324
24260,-0.078613,-0.129639,1.001221,-0.061035,9.216309,8.483887
24270,-0.033081,-0.187500,0.943604,0.305176,9.216309,9.155273
24280,-0.080444,-0.137085,1.014282,0.854492,9.216309,9.460449
24289,-0.044189,-0.152588,1.035400,1.281738,8.117676,10.070801
24300,-0.026245,-0.141479,1.030518,1.647949,8.117676,10.192871
24309,0.019043,-0.320435,0.958252,1.586914,7.263184,9.338379
24319,-0.007935,-0.392700,1.004150,1.464844,6.591797,7.873535
24330,0.014648,-0.219604,1.049927,2.258301,6.286621,6.652832
24339,0.007690,-0.197632,0.967163,2.929688,5.798340,5.859375
24349,0.030029,-0.142944,0.917603,3.112793,5.187988,5.004883
24359,0.109863,-0.197876,0.970093,2.746582,5.371094,4.699707
24370,0.118408,-0.245605,0.995117,2.624512,4.760742,4.150391
24379,0.112915,-0.274658,0.939819,2.868652,4.089355,3.662109
24390,0.156006,-0.232422,0.873413,3.112793,2.929688,2.990723
24400,0.201782,-0.254150,0.880981,2.746582,2.624512,2.563477
24409,0.182861,-0.231934,0.869629,2.258301,2.014160,2.319336
24420,0.208862,-0.209473,0.870239,1.708984,1.586914,1.770020
24429,0.176636,-0.201294,0.937134,0.854492,0.061035,1.342773
24440,0.207886,-0.138794,0.968140,-0.305176,0.000000,0.549316
24449,0.204224,-0.099731,1.032471,-1.403809,-1.403809,-1.098633
24461,0.138916,-0.072632,1.144165,-1.098633,-2.014160,-1.831055
24470,0.096680,-0.089111,1.053833,-0.610352,-2.319336,-2.136230
24480,0.032227,-0.122314,1.052124,-0.366211,-2.441406,-2.197266
24489,-0.021484,-0.080200,1.068604,0.061035,-2.319336,-1.159668
24500,-0.000977,-0.032104,1.037476,0.244141,-1.525879,-0.183105
24509,0.022583,-0.058228,1.017212,0.183105,-1.098633,0.549316
24522,-0.014526,-0.109131,0.939087,-0.549316,-1.220703,2.014160
24531,-0.048706,-0.121460,0.846069,-0.671387,-0.549316,1.831055
24541,-0.055176,-0.013306,0.936035,-1.525879,-0.549316,1.953125
24550,-0.035889,0.091309,1.082886,-2.563477,-0.122070,1.892090
24560,-0.058228,-0.070190,0.998779,-3.356934,-0.122070,1.831055
24570,-0.050781,-0.073608,0.987183,-3.723145,0.427246,1.708984
24579,-0.020874,-0.084595,1.004395,-3.479004,1.281738,2.136230
24592,0.041626,-0.189209,0.968872,-2.441406,-0.183105,2.868652
24601,0.012085,-0.307007,0.886475,-2.868652,-0.061035,3.295898
24611,0.034546,-0.286255,0.859009,-3.662109,0.183105,3.906250
24620,0.016968,-0.039673,0.963501,-4.699707,0.061035,4.516602
24630,0.054565,0.058350,1.002808,-5.249023,0.244141,5.249023
24640,0.021362,-0.024536,1.019287,-4.943848,0.793457,5.859375
24649,0.035400,-0.229736,1.006348,-4.150391,0.488281,6.774902
24662,0.057739,-0.096191,1.066772,-3.173828,0.366211,8.300781
24671,0.053955,-0.013672,1.122559,-2.258301,0.000000,9.033203
24680,0.071899,0.113037,1.089600,-1.586914,-0.244141,9.521484
24690,0.022705,-0.009644,1.027588,-0.732422,-0.671387,10.192871
24700,0.010620,-0.177246,0.963013,-0.061035,-0.854492,10.925293
24709,-0.006348,-0.258179,0.932739,0.488281,0.305176,11.901855
24720,-0.069946,-0.234863,0.855835,0.427246,0.000000,12.573242
24729,-0.107666,-0.142334,0.780151,-0.183105,-0.549316,12.939453
24741,-0.059204,-0.124268,0.792603,-2.563477,-0.305176,14.282227
24750,-0.103516,-0.184692,0.802002,-3.540039,-0.488281,14.282227
24760,-0.082642,-0.111938,0.871826,-4.394531,-0.671387,13.977051
24770,-0.069580,-0.108276,0.974854,-5.004883,-0.671387,13.305664
24779,-0.040894,-0.141235,1.002686,-5.004883,-0.488281,12.756348
24790,-0.040771,-0.250244,1.033936,-4.882812,-1.037598,11.657715
24799,0.005371,-0.293091,1.063721,-4.455566,-1.159668,10.681152
24811,0.012695,-0.131470,1.047363,-4.333496,-1.098633,10.681152
24821,0.002197,-0.030396,1.054932,-4.089355,-1.342773,10.559082
24830,-0.001099,-0.057739,1.031738,-3.540039,-1.342773,11.047363
24840,-0.050781,-0.121216,0.927368,-3.662109,-1.647949,11.596680
24849,-0.036499,-0.200439,0.955688,-3.295898,-1.586914,11.657715
24859,-0.045410,-0.196045,1.025269,-2.990723,-1.403809,11.901855
24869,-0.028320,-0.106567,1.093628,-3.295898,-1.831055,11.657715
24879,-0.057617,-0.100464,1.057861,-2.502441,-1.892090,11.108398
24890,-0.067505,-0.068604,1.124390,-1.647949,-2.075195,10.803223
24900,-0.056885,-0.073364,1.119751,-0.549316,-2.502441,10.131836
24909,-0.071533,-0.072632,1.239990,0.488281,-2.258301,9.338379
24919,-0.069092,-0.136841,1.159424,1.281738,-2.502441,8.605957
24930,-0.022095,-0.172974,0.997437,1.647949,-2.807617,7.629395
24939,0.013916,-0.246460,0.938843,1.525879,-2.746582,6.835937
24951,0.028809,-0.149048,0.782227,-0.671387,-3.234863,5.737305
24960,0.058472,-0.089722,0.852783,-2.319336,-3.662109,4.516602
24970,0.089844,-0.133057,0.933838,-3.662109,-3.173828,3.417969
24979,0.086426,-0.084839,1.005493,-4.333496,-3.845215,2.136230
24989,0.053101,-0.073853,1.002808,-4.089355,-4.577637,0.793457
25000,0.019897,-0.077271,1.003906,-3.234863,-4.272461,-0.366211
25009,0.009033,0.003052,1.003784,-2.319336,-4.516602,-3.051758
25021,0.036499,-0.163574,0.853882,-2.258301,-5.371094,-4.150391
25030,0.063354,-0.124023,0.859253,-2.136230,-5.554199,-5.371094
25040,0.050049,-0.048584,0.924072,-1.770020,-5.554199,-6.591797
25050,0.049805,-0.053955,0.992554,-1.464844,-5.920410,-7.873535
25059,0.074707,-0.078735,1.057373,-1.159668,-6.164551,-9.094238
25070,0.078491,-0.123779,1.076660,-0.793457,-5.676270,-10.314941
25080,0.062500,-0.164551,1.035400,0.000000,-5.737305,-11.413574
25089,0.050903,-0.138916,0.921631,0.244141,-5.371094,-11.230469
25100,0.121338,-0.135132,0.953979,0.671387,-5.371094,-10.925293
25109,0.093384,-0.067383,1.036865,1.037598,-5.615234,-10.986328
25120,0.057617,-0.128662,1.072021,1.037598,-6.164551,-10.864258
25129,-0.009766,-0.207642,1.031372,1.220703,-4.882812,-10.925293
25139,-0.010498,-0.228516,0.917358,1.525879,-4.028320,-10.925293
25152,-0.018677,-0.170532,0.996582,-0.061035,-3.112793,-10.070801
25162,-0.024414,-0.010620,1.092407,-0.732422,-2.441406,-10.192871
25172,-0.016357,-0.084595,1.011475,-0.793457,-2.685547,-10.253906
25181,-0.039307,-0.196777,0.899780,-0.915527,-1.953125,-9.643555
25191,0.012817,-0.249268,0.782593,-2.258301,-1.525879,-8.972168
25201,-0.012207,-0.035034,0.959961,-4.638672,-0.305176,-8.544922
25211,0.007080,0.104858,1.202881,-5.859375,0.549316,-7.690430
25220,-0.110596,0.458618,1.467163,-2.807617,1.464844,-7.690430
25230,-0.147949,-0.318726,0.827637,0.000000,1.953125,-7.568359
25239,-0.048950,-0.358276,0.928589,0.183105,2.685547,-7.019043
25249,0.037720,-0.168579,0.983887,-1.159668,2.746582,-6.958008
25260,0.044800,-0.186401,0.825806,-1.770020,1.831055,-5.981445
25269,0.036133,-0.206421,0.727661,-1.281738,2.380371,-4.821777
25279,0.077271,-0.118652,0.894897,-1.464844,2.563477,-3.906250
25292,0.057373,-0.054321,1.133667,-0.610352,3.112793,-4.455566
25302,-0.010010,-0.209473,1.029175,0.244141,3.601074,-5.126953
25311,0.037964,-0.312866,0.832031,0.549316,3.784180,-4.943848
25321,0.099731,-0.300293,0.747803,-0.061035,3.295898,-4.272461
25331,0.135986,-0.224243,0.807129,-0.854492,2.685547,-3.295898
25340,0.149658,-0.132935,0.911865,-1.586914,1.892090,-1.647949
25350,0.087280,-0.165649,0.999878,-1.953125,2.380371,0.366211
25359,0.056519,-0.149536,1.050781,-2.258301,2.136230,3.173828
25371,-0.059937,-0.174561,0.928223,-1.953125,4.272461,3.845215
25380,-0.029663,-0.193237,0.924072,-2.746582,4.028320,4.089355
25390,-0.079956,-0.136719,0.985229,-3.723145,3.784180,4.821777
25400,-0.025635,-0.038086,1.027466,-3.906250,3.479004,5.249023
25409,-0.032715,-0.061401,1.086914,-3.295898,3.967285,6.347656
25419,-0.053101,-0.109497,1.079468,-2.441406,4.089355,7.446289
25432,-0.079590,-0.010864,1.161377,-1.525879,4.516602,8.666992
25441,-0.090820,-0.084351,1.106445,-0.976562,4.882812,9.521484
25451,-0.075073,-0.031982,1.001099,-0.671387,5.310059,10.437012
25461,-0.020142,0.016968,0.948975,-0.854492,5.187988,10.864258
25470,-0.006348,-0.135498,0.880371,-0.610352,4.150391,11.169434
25480,0.000366,-0.090454,0.930298,-1.220703,4.028320,11.352539
25489,-0.033691,-0.195923,0.953003,-1.831055,4.150391,11.535645
25502,-0.031006,0.089966,1.126587,-3.479004,4.638672,11.657715
25512,-0.017700,-0.029297,1.117432,-3.051758,4.760742,11.962891
25521,-0.006836,-0.078491,1.046265,-2.685547,4.211426,12.207031
25531,0.031128,-0.058350,0.977173,-2.136230,3.967285,12.695313
25540,0.091919,-0.133423,0.957397,-1.037598,3.662109,13.610840
25550,0.107300,-0.250122,0.942627,-0.122070,3.051758,13.793945
25559,0.085449,-0.290649,0.939941,0.000000,1.586914,13.916016
25572,0.072632,-0.130859,0.910034,-1.831055,0.915527,13.732910
25581,0.089233,-0.110840,0.881104,-2.380371,0.854492,13.793945
25591,0.081055,-0.105103,0.899048,-2.807617,0.793457,13.488770
25601,0.088989,-0.055054,0.992065,-2.929688,-0.427246,13.061523
25610,0.058594,-0.049927,1.052368,-2.868652,-1.403809,11.901855
25620,0.002808,-0.045288,1.105713,-2.136230,-2.319336,11.047363
25630,0.020630,-0.023804,1.159546,-1.220703,-3.173828,10.131836
25639,-0.010254,-0.082520,1.132690,0.976562,-3.112793,8.361816
25651,-0.017212,-0.161621,0.985352,1.342773,-3.417969,8.117676
25660,0.082642,-0.196899,0.900757,1.342773,-4.028320,7.934570
25670,0.050781,-0.165649,0.852173,1.159668,-4.455566,7.141113
25680,0.036621,-0.204102,0.927979,0.732422,-4.760742,6.469727
25689,0.046021,-0.131226,1.023193,-0.183105,-5.615234,5.615234
25700,-0.010498,-0.158081,1.009033,-0.732422,-5.371094,4.821777
25709,-0.029419,-0.211182,0.995117,-0.732422,-5.493164,2.868652
25719,0.021973,-0.185547,1.110229,-0.366211,-5.798340,2.197266
25730,0.039307,-0.002197,1.090088,0.183105,-6.652832,1.342773
25739,0.017578,-0.175415,0.986206,1.159668,-7.446289,0.610352
25750,-0.038940,-0.177002,0.946655,1.403809,-6.530762,0.000000
25759,-0.009399,-0.214722,0.935547,1.220703,-6.347656,-0.610352
25769,-0.036499,-0.239624,0.981445,0.610352,-5.920410,-1.708984
25782,-0.014160,-0.151367,0.916504,-1.037598,-5.493164,-3.295898
25791,0.029297,-0.164673,0.908447,-1.220703,-5.676270,-4.028320
25801,0.056152,-0.103516,0.984863,-1.464844,-5.798340,-5.187988
25811,0.060059,-0.044678,1.064209,-1.403809,-5.859375,-5.920410
25820,0.075317,-0.007813,1.087891,-1.403809,-6.591797,-6.530762
25830,0.075928,-0.077759,1.114014,-1.098633,-6.164551,-6.835937
25839,0.112061,-0.087524,1.107788,-0.366211,-5.920410,-6.958008
25852,0.070190,-0.205811,1.013916,0.793457,-6.164551,-7.385254
25861,0.023560,-0.212769,1.055420,1.037598,-5.554199,-7.873535
25871,-0.015137,-0.130249,0.963623,0.732422,-5.859375,-8.361816
25880,-0.024780,-0.169434,0.935913,0.793457,-5.493164,-8.666992
25890,0.013672,-0.266235,0.910522,0.976562,-5.371094,-9.033203
25899,-0.001953,-0.178101,0.891113,0.549316,-5.187988,-9.216309
25909,0.031006,-0.068115,0.947876,0.000000,-4.394531,-9.216309
25922,0.091431,-0.088135,1.049072,-1.098633,-4.150391,-9.094238
25931,0.036011,-0.010498,1.010620,-1.953125,-4.333496,-8.972168
25941,0.117310,0.034790,1.068848,-2.258301,-3.967285,-8.850098
25950,0.028076,0.030762,1.161987,-2.258301,-4.150391,-8.666992
25960,-0.046753,0.159668,1.264160,-1.831055,-4.211426,-8.911133
25970,-0.094971,-0.088867,1.106934,-0.427246,-3.295898,-7.934570
25980,-0.095703,-0.222290,0.955933,0.549316,-2.136230,-6.774902
25989,-0.065186,-0.268799,0.744385,-0.244141,-1.586914,-5.249023
25999,-0.072632,-0.496582,0.533691,-4.028320,-0.549316,-4.150391
26010,-0.058716,0.120605,0.769531,-7.019043,-0.305176,-3.112793
26019,-0.135010,0.237061,1.069580,-7.812500,-0.244141,-3.540039
26029,-0.173828,0.229370,1.260132,-7.141113,0.183105,-3.723145
26040,-0.121582,0.037720,1.260986,-4.577637,1.159668,-3.906250
26049,-0.122437,-0.163696,1.125244,-2.807617,2.990723,-3.417969
26062,-0.074341,0.028931,1.124512,-1.525879,3.051758,-2.136230
26071,-0.140991,-0.060913,0.969849,0.000000,3.234863,-0.549316
26081,-0.049927,-0.131470,0.833862,1.159668,3.906250,0.610352
26090,-0.034424,-0.202759,0.829834,1.647949,5.126953,2.014160
26100,0.001221,-0.215332,0.942261,0.366211,5.065918,3.051758
26109,-0.032837,-0.151001,0.972534,-0.976562,5.554199,3.479004
26120,0.005615,-0.104004,0.958862,-2.014160,4.699707,3.662109
26129,-0.039185,-0.181274,0.938599,-2.136230,5.126953,4.150391
26141,0.064819,-0.244385,0.922852,-2.380371,4.455566,4.455566
26150,0.034790,-0.218140,1.056274,-2.868652,4.089355,4.516602
26159,0.014282,0.029175,1.051025,-3.601074,3.601074,4.272461
26170,0.046509,0.030151,1.126709,-3.356934,3.601074,4.516602
26179,-0.019409,-0.023437,1.087891,-2.746582,3.906250,4.577637
26190,0.008057,-0.123779,1.026489,-1.892090,3.845215,4.150391
26199,-0.011963,-0.244385,0.992920,-1.525879,3.234863,3.479004
26211,0.036987,-0.216309,0.911499,-2.868652,2.380371,3.417969
26220,0.059448,-0.235474,0.830688,-3.723145,2.136230,3.845215
26230,0.071777,-0.165649,0.890259,-4.943848,2.319336,3.417969
26239,0.003662,-0.037720,1.019409,-6.225586,1.586914,3.356934
26250,0.044800,0.174805,1.120728,-6.652832,1.770020,2.868652
26259,-0.049194,0.078369,1.110107,-5.737305,1.770020,0.976562
26272,-0.016602,-0.213867,0.828369,-1.647949,1.708984,-0.671387
26281,0.104858,-0.052612,0.926636,-0.061035,2.197266,-0.610352
26291,0.118774,-0.306274,0.962524,1.464844,1.403809,-0.854492
26301,0.069092,-0.401733,0.930542,0.976562,0.366211,-0.793457
26310,0.013062,-0.177612,0.916748,-1.098633,0.183105,-1.281738
26320,0.078369,-0.021729,0.939331,-2.868652,0.549316,-1.708984
26329,0.028320,0.029663,0.996460,-3.967285,0.427246,-1.892090
26342,0.073975,0.000610,1.075317,-3.906250,1.525879,-0.244141
26351,-0.022949,-0.097778,1.158081,-3.173828,1.770020,0.732422
26361,-0.011963,-0.105835,1.131348,-2.807617,0.671387,0.549316
26370,0.092896,0.039551,1.080688,-2.929688,0.122070,0.488281
26379,0.060425,-0.008911,1.038696,-2.441406,0.183105,1.098633
26390,0.079224,-0.079590,0.981689,-1.647949,0.244141,1.770020
26400,0.059937,-0.042725,0.970825,-1.525879,0.427246,2.746582
26409,0.035156,-0.059448,0.982910,-1.525879,0.610352,3.906250
26420,-0.075684,-0.062134,1.056274,-2.258301,0.549316,4.028320
26430,-0.082153,-0.056030,0.974365,-2.197266,0.732422,3.662109
26440,-0.098267,-0.112915,0.948730,-2.136230,0.915527,3.173828
26450,-0.067261,-0.198608,0.908203,-1.525879,0.915527,2.685547
26459,-0.101929,-0.255981,0.879272,-1.831055,0.976562,1.953125
26470,-0.033569,-0.197876,0.895264,-2.746582,1.220703,1.342773
26480,0.014038,-0.081299,0.968018,-3.295898,1.647949,1.647949
26489,0.087036,-0.117310,0.960815,-3.234863,1.708984,2.075195
26500,0.097412,-0.055176,1.032227,-3.112793,1.403809,2.258301
26509,0.067871,-0.067505,1.046265,-2.868652,0.976562,2.624512
26520,0.083374,-0.141357,0.968140,-2.075195,0.793457,2.624512
26529,0.095093,-0.199829,0.884766,-1.525879,0.366211,2.624512
26540,0.096802,-0.236206,0.804565,-1.403809,0.244141,2.929688
26550,0.080811,-0.205933,0.808960,-2.563477,-1.342773,2.502441
26559,0.066895,-0.156982,0.987427,-3.234863,-1.892090,2.380371
26569,0.029175,-0.039551,1.002930,-3.540039,-1.708984,2.502441
26580,0.010742,-0.012695,1.098633,-3.356934,-1.098633,2.563477
26589,0.012939,-0.000366,1.205811,-2.990723,-1.586914,2.441406
26600,-0.067627,0.003662,1.182373,-2.258301,-1.464844,2.075195
26609,-0.069214,-0.068970,1.065552,-1.342773,-0.915527,1.831055
26619,-0.053711,-0.179321,1.101440,-0.427246,-0.305176,2.197266
26631,-0.069702,-0.054565,1.133423,-0.915527,-0.793457,2.502441
26640,-0.055298,-0.173584,1.083862,-0.244141,-0.427246,3.356934
26650,-0.044556,-0.171997,1.009766,-0.061035,0.549316,4.760742
26660,-0.020630,-0.208740,1.025879,0.061035,0.976562,5.981445
26669,-0.043945,-0.233032,1.000000,0.305176,0.976562,7.141113
26680,0.013306,-0.246948,0.969116,0.244141,0.793457,7.751465
26689,-0.019897,-0.218140,0.904907,-0.793457,0.244141,8.361816
26701,-0.017700,-0.207886,0.903198,-1.953125,0.183105,8.178711
26710,-0.035278,-0.083496,0.964111,-3.417969,0.061035,7.751465
26720,-0.065674,0.001953,1.003662,-3.906250,-0.061035,7.446289
26730,-0.115601,-0.059570,1.033813,-2.929688,0.671387,7.446289
26739,-0.107422,-0.129395,0.995972,-1.708984,0.793457,7.202148
26750,-0.081665,-0.191406,0.969727,-0.549316,0.976562,6.896973
26759,-0.092896,-0.228882,0.955078,-0.183105,0.427246,5.676270
26769,-0.028931,-0.199951,0.888672,-0.366211,0.732422,5.187988
26780,-0.005249,-0.094360,0.885498,-0.549316,0.366211,5.065918
26789,0.024292,-0.070801,0.992310,-1.098633,0.183105,4.516602
26800,0.003174,-0.053467,1.029419,-1.159668,-0.122070,3.967285
26809,-0.023804,-0.021606,1.076416,-0.610352,-0.427246,3.112793
26819,0.024048,-0.082397,1.035156,0.488281,-0.061035,2.746582
26832,0.073364,-0.170654,0.979980,1.525879,-0.732422,2.807617
26841,0.065186,-0.142578,1.016357,1.403809,-1.281738,3.234863
26851,0.067627,-0.151489,1.016479,1.281738,-1.098633,3.540039
26860,0.054565,-0.130615,1.030029,0.671387,-0.915527,4.028320
26869,0.060913,-0.123169,1.015015,0.000000,-0.793457,4.455566
26879,0.036987,-0.091187,1.072266,-1.037598,-1.281738,4.699707
26890,-0.021118,-0.039429,1.115234,-1.464844,-1.892090,4.333496
26900,0.011108,-0.043091,1.131470,-1.281738,-2.563477,3.662109
26909,-0.012695,-0.067383,1.098511,-1.098633,-2.868652,3.112793
26919,0.040771,-0.053955,1.084595,-1.220703,-3.173828,2.380371
26930,0.017822,-0.105591,0.995728,-1.220703,-3.051758,1.770020
26940,0.037231,-0.116699,0.983398,-1.098633,-3.112793,1.037598
26949,0.014526,-0.076294,0.993774,-1.037598,-3.479004,-0.427246
26960,0.012085,-0.101318,0.995361,-0.854492,-4.028320,-1.770020
26970,-0.006714,-0.099854,1.006592,-0.061035,-4.150391,-4.699707
26979,0.021729,-0.093384,0.966309,0.610352,-4.211426,-5.615234
26990,0.014404,-0.148193,0.900024,0.549316,-4.516602,-6.347656
26999,0.025513,-0.083496,0.898315,0.427246,-4.272461,-7.080078
27010,0.049316,-0.084839,0.955078,-0.305176,-4.150391,-7.507324
27019,0.040649,-0.086182,1.008301,-0.671387,-3.540039,-7.873535
27029,0.020630,-0.040649,1.084839,-0.732422,-2.990723,-8.483887
27041,0.040649,-0.069580,1.101318,-0.488281,-2.624512,-10.253906
27051,0.074585,-0.096680,1.107544,0.549316,-3.479004,-11.047363
27060,0.043457,-0.093506,1.047852,1.098633,-3.479004,-11.413574
27070,0.035645,-0.113281,0.924316,1.464844,-3.540039,-11.230469
27080,0.086060,-0.172241,0.821655,1.831055,-3.112793,-10.742188
27089,0.091675,-0.182007,0.777832,1.403809,-2.685547,-9.704590
27100,0.080933,-0.157837,0.801636,0.732422,-2.380371,-9.094238
27110,0.081787,-0.122803,0.863403,-1.098633,-2.014160,-7.934570
27120,0.027100,-0.089478,0.912842,-1.647949,-1.708984,-7.446289
27130,-0.019897,-0.105103,1.020264,-2.075195,-1.586914,-7.141113
27140,0.006470,-0.035645,1.131470,-2.380371,-1.403809,-7.080078
27149,-0.090454,-0.077148,1.052490,-1.892090,-0.732422,-6.774902
27159,-0.052734,-0.147583,0.970215,-1.342773,-1.220703,-6.408691
27170,-0.047485,-0.095093,1.022949,-1.464844,-0.610352,-5.615234
27179,-0.034424,-0.024048,1.072632,-1.342773,0.549316,-3.051758
27191,-0.038696,-0.098755,1.005615,-0.305176,1.220703,-1.892090
27201,-0.098999,-0.086182,0.986694,0.244141,2.075195,-0.610352
27210,-0.046387,-0.052856,1.032104,0.122070,2.014160,0.244141
27220,-0.026733,-0.089600,1.025879,0.122070,2.319336,0.854492
27229,0.025024,-0.104858,1.004150,0.122070,2.502441,1.220703
27240,-0.024414,-0.137451,0.952515,-0.305176,2.075195,1.464844
27249,0.023437,-0.095093,0.961548,-1.403809,2.502441,2.441406
27261,-0.062256,-0.102661,0.996582,-1.770020,2.563477,2.624512
27271,-0.062500,-0.100464,0.977539,-1.892090,2.746582,2.685547
27280,-0.095947,-0.192505,0.905273,-1.708984,3.295898,3.356934
27290,-0.048340,-0.297241,0.907227,-1.892090,3.234863,3.601074
27299,-0.043701,-0.263916,0.942993,-2.624512,2.929688,3.906250
27310,-0.069824,-0.225830,0.946899,-3.112793,3.051758,4.150391
27319,-0.055298,-0.192017,0.934326,-3.906250,3.723145,6.347656
27331,-0.071167,-0.222900,0.951172,-4.516602,4.455566,7.263184
27341,-0.098633,-0.202637,0.979004,-4.821777,5.676270,8.178711
27350,0.006958,-0.396851,1.036499,-4.333496,6.591797,8.666992
27360,-0.096313,-0.419922,0.995850,-4.211426,6.408691,8.850098
27369,0.160156,-0.532959,0.261841,-7.507324,6.286621,8.361816
27380,-0.116455,-1.049316,-0.513062,-7.324219,5.432129,8.850098
27390,0.178345,0.294800,0.942749,-20.751953,0.488281,5.310059
27399,-0.054443,0.182983,0.082764,-27.832031,-0.732422,3.051758
27410,-0.060303,1.217163,0.608398,-30.334473,0.610352,4.272461
27419,0.034058,1.095337,1.073242,-27.038574,0.976562,5.554199
27430,-0.215088,0.554565,0.871094,-25.512695,-0.122070,5.554199
27439,-0.108521,0.758545,0.815796,-29.296875,0.427246,4.943848
27450,0.087036,1.283447,0.931152,-34.606934,3.417969,6.591797
27459,0.213257,1.218750,0.970825,-35.949707,4.943848,12.268066
27471,0.159302,0.917480,1.226929,-33.630371,1.892090,10.803223
27485,0.215332,0.664551,1.260010,-31.494141,-1.403809,8.544922
27494,0.327026,1.275391,2.484253,-27.770996,-5.737305,7.080078
27504,0.214111,0.971558,2.150879,-10.131836,-6.591797,7.324219
27513,0.400879,-0.156006,1.640503,-4.516602,-5.493164,5.676270
27522,0.400879,-0.156006,1.640503,-4.150391,-7.568359,2.014160
27531,-0.193115,0.052124,2.243652,-5.004883,-11.840820,-2.441406
27541,-0.161621,-0.182007,0.587402,-2.929688,-11.352539,-5.004883
27550,0.244263,0.160034,-0.266602,1.037598,-7.019043,-5.676270
27560,0.348999,0.522339,0.673584,4.638672,-5.310059,-5.065918
27569,-0.133423,0.400024,1.773193,4.333496,-8.300781,-5.859375
27580,-0.363525,-0.035156,1.408447,0.427246,-10.498047,-8.789063
27590,-0.136719,0.084717,0.172974,-4.699707,-9.094238,-11.596680
27599,0.263306,1.462524,0.162476,-4.943848,-6.958008,-12.756348
27611,-0.246948,0.426025,1.977417,0.915527,-9.338379,-14.404297
27620,-0.126343,-0.597168,0.995239,3.601074,-9.887695,-17.761230
27630,0.266479,0.428101,0.584351,-1.403809,-7.751465,-20.385742
27639,0.469360,1.609009,1.005859,-6.835937,-7.019043,-20.629883
27650,0.037720,1.248901,1.397461,-5.065918,-7.629395,-18.310547
27659,-0.161011,0.119385,1.080078,-0.122070,-8.361816,-17.150879
27672,0.317993,0.784668,0.666870,-3.295898,-5.371094,-17.822266
27681,0.132568,1.387939,1.425171,-6.896973,-5.432129,-16.418457
27691,-0.141357,0.465332,1.468628,-3.845215,-6.225586,-15.197754
27700,-0.227539,-0.254761,0.793701,-0.793457,-6.591797,-17.395020
27710,-0.073853,0.367798,0.586426,-2.624512,-6.896973,-21.484375
27719,0.064331,1.093384,1.010010,-4.455566,-6.652832,-24.108887
27730,-0.157593,0.942017,1.333130,-3.112793,-6.469727,-23.925781
27740,-0.221191,0.094849,1.043213,0.854492,-2.929688,-22.216797
27749,-0.170654,-0.044922,0.861084,-1.098633,-2.136230,-23.315430
27760,-0.092163,1.188232,1.230591,-2.868652,-2.380371,-22.949219
27769,-0.165283,0.479248,0.968506,-0.305176,-2.014160,-20.507812
27780,-0.115967,-0.001831,0.741699,2.441406,-0.305176,-18.005371
27790,0.072144,0.234497,0.878906,1.770020,1.098633,-16.418457
27800,0.000244,0.834717,1.234253,-1.953125,1.708984,-13.610840
27809,0.043335,0.961914,1.271606,-1.586914,2.380371,-6.591797
27821,0.029419,0.291016,0.504395,-0.183105,3.540039,-3.601074
27830,0.188110,0.792603,1.097290,-0.915527,4.455566,-1.281738
27839,0.094116,0.906250,1.506470,-2.136230,3.784180,1.464844
27850,0.096558,0.461060,1.262085,-1.770020,3.112793,3.540039
27860,0.058228,0.344604,0.651855,-1.464844,2.990723,4.516602
27870,0.100830,0.725586,0.687622,-1.647949,3.662109,4.516602
27881,-0.009521,0.479126,1.447388,-1.464844,2.746582,7.202148
27891,0.013184,0.038940,0.938965,-0.427246,2.746582,8.117676
27900,0.036255,0.536011,0.722534,-3.295898,2.685547,7.812500
27910,-0.051758,1.099976,0.972168,-5.920410,2.136230,7.873535
27920,-0.087646,0.891602,1.387817,-4.089355,1.953125,8.789063
27929,-0.126709,0.154663,1.155518,-0.549316,1.770020,9.155273
27940,-0.082397,0.084961,0.748657,0.366211,2.197266,7.995605
27949,0.013428,0.670044,0.846436,-2.502441,3.051758,7.690430
27961,-0.119141,0.633423,1.189209,-2.746582,3.295898,8.239746
27970,-0.096191,0.098389,0.736816,0.610352,3.295898,7.263184
27980,0.010132,0.351318,0.755005,0.183105,2.868652,5.493164
27989,-0.017212,0.933960,1.197021,-3.112793,2.807617,5.798340
28000,-0.059692,0.735107,1.265625,-3.845215,3.540039,7.446289
28010,-0.080688,0.353760,0.890991,-1.770020,4.028320,8.117676
28021,0.101196,0.678345,0.820068,-1.037598,3.479004,7.141113
28031,0.026489,0.997314,1.479614,-3.540039,3.662109,8.178711
28040,0.042358,0.439697,1.166260,-2.624512,3.784180,9.521484
28050,-0.002319,0.088501,0.581299,-0.976562,3.112793,9.399414
28060,0.133423,0.577148,0.723267,-1.098633,2.685547,8.117676
28070,0.043091,0.973877,1.270508,-1.892090,2.563477,8.605957
28080,0.045166,0.619873,1.333862,-1.403809,2.685547,9.826660
28091,0.114258,0.297974,0.780029,-0.183105,2.563477,7.568359
28100,0.148560,0.997314,0.949341,-1.770020,0.488281,6.225586
28110,0.052002,0.901489,1.031860,-2.075195,-0.671387,6.103516
28120,0.068359,0.469238,0.963135,-0.976562,-1.098633,5.493164
28130,0.040894,0.319824,1.136841,-0.976562,-0.976562,4.211426
28140,0.154785,0.859009,1.142090,-1.037598,-0.976562,3.601074
28150,0.058960,0.002686,0.892334,3.112793,-0.671387,4.089355
28159,0.100098,0.706665,1.127930,0.488281,-1.403809,5.432129
28171,0.023315,-0.069702,0.994751,4.699707,-2.258301,4.943848
28180,-0.019897,0.220459,1.164917,4.272461,-2.868652,4.394531
28190,-0.029297,-0.229370,0.994263,6.225586,-2.258301,5.493164
28200,-0.033569,-0.193726,0.964722,6.713867,-1.953125,5.310059
28210,-0.026733,0.184937,0.991577,4.150391,-2.807617,4.516602
28221,-0.079102,-0.062500,0.884277,5.004883,-3.845215,2.502441
28231,-0.000732,0.288086,0.801758,4.150391,-3.234863,2.319336
28241,0.020020,0.115723,1.170410,4.638672,-2.685547,2.685547
28250,0.043457,0.194458,1.121704,4.516602,-2.136230,2.990723
28260,0.045288,-0.179443,1.148193,6.286621,-1.953125,3.662109
28270,0.035645,-0.071045,1.164917,6.835937,-1.647949,4.028320
28279,0.005737,0.240723,0.983032,4.516602,-1.281738,5.126953
28290,-0.046265,0.090820,0.866699,4.394531,-0.549316,7.324219
28300,0.060425,0.404907,1.645386,5.004883,-1.098633,9.643555
28311,-0.085571,0.090942,2.056885,7.812500,-2.807617,9.216309
28321,-0.187744,0.166992,1.714844,10.253906,-4.028320,8.666992
28330,-0.305420,-0.253906,0.866333,12.145996,-2.746582,10.925293
28340,-0.130981,-0.293701,0.788574,13.916016,0.000000,13.854980
28350,-0.036987,-0.178101,0.839966,14.099121,1.342773,15.136719
28360,-0.116211,-0.093018,0.875244,11.840820,1.098633,15.014648
28371,-0.066772,-0.148193,1.064575,9.155273,2.197266,15.808105
28381,-0.049561,-0.265137,1.033325,8.422852,2.868652,15.991211
28390,-0.022339,-0.339600,0.922241,8.728027,2.624512,15.686035
28400,-0.094238,-0.271973,0.871826,8.972168,2.563477,14.648438
28410,-0.055908,0.026978,1.010986,8.911133,2.441406,14.221191
28420,-0.034668,-0.158569,1.062378,9.338379,2.136230,14.282227
28430,-0.054932,-0.387695,0.926880,9.338379,2.075195,13.854980
28441,0.005249,-0.133789,0.651733,8.789063,2.014160,14.526367
28451,0.040894,-0.241089,0.849487,7.385254,1.831055,15.930176
28460,0.083252,-0.116577,0.759033,6.347656,2.075195,17.028809
28469,0.046143,-0.318359,0.650391,5.676270,1.586914,18.127441
28480,0.079956,-0.404663,0.807007,5.126953,1.892090,18.798828
28489,0.084351,-0.113770,0.853516,4.333496,2.807617,19.104004
28500,-0.002319,-0.090454,0.711914,3.417969,3.784180,19.409180
28509,0.006104,-0.223267,0.786499,2.319336,3.906250,17.333984
28521,0.017700,-0.313599,0.891602,1.281738,3.784180,16.174316
28530,0.041138,-0.027344,0.838623,0.488281,3.295898,14.953613
28540,-0.107788,-0.354126,0.838013,-0.122070,1.953125,13.671875
28550,0.015381,-0.107910,1.082642,-0.793457,0.366211,11.657715
28560,0.094116,-0.156982,1.006104,-0.976562,-0.366211,10.925293
28569,0.162354,-0.281494,1.036255,-0.732422,1.159668,12.145996
28581,0.003662,-0.426147,1.089233,-0.610352,0.732422,12.756348
28591,-0.005859,-0.360962,0.947998,-0.061035,-1.342773,10.009766
28600,0.056519,-0.168335,0.905762,-0.549316,-1.892090,8.483887
28610,0.069214,-0.050903,0.850586,-1.647949,-1.281738,9.033203
28620,0.031860,-0.088379,0.890503,-2.197266,-1.281738,8.911133
28630,-0.008057,-0.096191,0.974854,-2.502441,-2.624512,6.713867
28640,0.004639,-0.104370,1.069824,-2.624512,-3.845215,4.882812
28651,0.012207,-0.170898,1.020142,-2.258301,-2.380371,4.760742
28661,-0.028687,-0.147949,0.982056,-1.892090,-2.014160,4.089355
28670,-0.075073,-0.120972,0.939819,-2.014160,-3.173828,2.990723
28680,-0.073242,-0.088135,0.945923,-2.258301,-3.417969,2.014160
28690,-0.036987,-0.080200,0.954224,-2.624512,-2.746582,1.953125
28700,-0.015747,-0.114258,0.992798,-2.746582,-2.502441,2.014160
28709,-0.067017,-0.137451,1.005249,-2.563477,-2.258301,1.708984
28721,-0.095215,-0.111084,0.997925,-2.746582,-2.441406,1.647949
28731,-0.012695,-0.049072,0.914185,-2.685547,-0.549316,3.601074
28740,-0.087402,-0.087036,1.029785,-2.929688,-0.244141,4.394531
28750,-0.074463,-0.125366,1.025757,-3.173828,-0.793457,4.394531
28759,-0.080200,-0.107422,1.069214,-3.356934,-0.549316,4.516602
28770,-0.032837,-0.128906,1.036865,-3.173828,-0.488281,4.943848
28780,0.161133,-0.099243,0.954712,-2.929688,-0.366211,5.432129
28791,-0.042847,-0.038818,1.014526,-2.563477,-1.525879,4.821777
28801,-0.027222,-0.068115,0.964722,-2.807617,-1.525879,4.211426
28811,0.045654,-0.071167,0.986084,-2.807617,-0.671387,4.455566
28820,0.119995,-0.107788,1.019775,-2.624512,0.000000,4.394531
28830,0.080933,-0.113525,1.016968,-2.502441,-0.366211,3.479004
28839,0.040894,-0.042480,1.000122,-2.563477,-1.770020,1.220703
28850,0.024902,-0.030273,0.976074,-2.441406,-2.441406,-0.793457
28859,0.046997,-0.042114,0.976074,-2.380371,-2.685547,-3.723145
28871,0.043335,-0.046997,1.000366,-2.014160,-2.990723,-4.821777
28881,0.016235,-0.058960,1.021362,-1.525879,-3.051758,-5.859375
28890,0.010376,-0.036499,1.029785,-1.525879,-3.845215,-6.652832
28900,0.008545,-0.049316,1.022949,-1.342773,-3.967285,-7.202148
28910,-0.006104,-0.054443,1.020752,-0.976562,-4.699707,-7.568359
28920,-0.079468,-0.046387,1.001587,-0.915527,-5.249023,-7.629395
28929,-0.172363,-0.066040,0.968018,-0.793457,-3.784180,-5.859375
28940,-0.211304,-0.089233,0.986694,-0.854492,-3.173828,-4.394531
28950,-0.226929,-0.090820,0.999023,-0.732422,-2.563477,-2.685547
28960,-0.183594,-0.080933,1.002808,-0.732422,-1.953125,-0.732422
28970,-0.137695,-0.058228,0.988037,-0.854492,-1.220703,1.647949
28979,-0.121094,-0.057373,0.970093,-0.915527,-0.854492,3.784180
28990,-0.111816,-0.047241,0.978760,-0.793457,-0.427246,5.676270
29000,-0.108765,-0.031738,0.996460,-0.671387,1.037598,10.314941
29009,-0.067139,-0.042480,0.999512,-0.610352,2.197266,12.695313
29020,-0.079346,-0.055908,1.002686,-0.671387,2.685547,14.343262
29030,-0.142334,-0.071533,0.986328,-0.488281,2.929688,15.441895
29039,-0.164795,-0.082886,0.972046,-0.732422,3.234863,16.784668
29050,-0.122070,-0.110718,0.971313,-0.610352,4.272461,18.066406
29061,-0.058960,-0.145508,0.987305,-1.220703,5.249023,19.042969
29071,0.013550,-0.163086,1.002075,-1.342773,5.065918,18.615723
29081,0.052002,-0.156982,0.996948,-1.464844,4.821777,18.554687
29090,0.076050,-0.142944,0.985474,-1.525879,4.821777,18.066406
29100,0.080933,-0.124146,0.983154,-1.708984,4.211426,17.272949
29109,0.083984,-0.104980,0.990723,-1.647949,3.845215,16.357422
29120,0.078125,-0.101318,1.004639,-1.892090,3.051758,15.014648
29129,0.062012,-0.106445,1.008667,-2.075195,2.319336,13.610840
29142,0.036011,-0.093750,0.982788,-1.586914,1.342773,10.131836
29151,0.028442,-0.086670,0.965942,-1.708984,0.915527,8.972168
29161,0.030273,-0.082642,0.956787,-1.464844,0.793457,8.178711
29170,0.008423,-0.084106,0.961060,-1.586914,0.732422,7.385254
29180,0.002563,-0.117554,0.996460,-1.525879,0.793457,6.713867
29190,0.004761,-0.140869,1.037720,-1.708984,0.671387,5.920410
29199,-0.032104,-0.134033,1.046875,-1.770020,0.488281,5.187988
29211,0.016357,-0.184326,1.054321,-1.647949,0.610352,3.784180
29221,0.055176,-0.164795,1.082031,-2.075195,0.183105,3.051758
29230,0.005737,-0.058472,1.048828,-2.563477,-0.366211,2.685547
29240,0.028442,-0.009521,0.983521,-2.380371,-0.793457,2.136230
29249,0.062622,-0.034668,0.961914,-1.770020,-1.220703,1.464844
29260,0.042480,-0.004150,0.994263,-1.525879,-1.342773,0.671387
29269,0.052368,0.044434,1.017700,-1.647949,-1.464844,-0.122070
29281,0.004639,-0.061523,0.930176,-1.403809,-1.770020,-0.732422
29291,-0.046143,0.166138,0.991699,-1.831055,-1.708984,-1.281738
29300,-0.086792,0.092285,0.998901,-1.770020,-1.647949,-1.647949
29310,-0.086182,-0.018921,0.962769,-1.586914,-1.220703,-2.014160
29320,-0.110840,-0.018921,0.983276,-1.098633,-0.671387,-2.563477
29330,-0.120117,-0.102539,1.032593,-0.976562,-0.183105,-2.868652
29339,-0.192017,-0.102661,0.970703,-0.732422,0.061035,-3.356934
29349,-0.196289,-0.104370,1.154175,-0.305176,1.220703,-3.417969
29361,-0.255127,-0.198120,1.149780,-0.061035,1.342773,-3.417969
29370,-0.300781,-0.100586,1.115112,0.427246,1.770020,-3.356934
29380,-0.277100,-0.157471,1.058960,0.732422,2.441406,-2.563477
29390,-0.258057,-0.141235,0.905762,1.098633,3.479004,-0.610352
29399,-0.173706,-0.093140,0.855225,1.342773,5.065918,1.708984
29410,-0.114990,0.010254,0.860596,1.098633,6.347656,4.150391
29419,-0.055054,0.028198,0.871460,0.244141,7.873535,8.300781
29431,0.027710,-0.161987,0.856201,0.305176,7.995605,10.009766
29440,0.076172,-0.026001,0.974243,0.061035,7.873535,11.108398
29450,0.042358,-0.022095,0.875977,-0.305176,7.629395,11.596680
29460,0.049438,-0.050781,0.922974,-0.610352,6.713867,11.474609
29470,0.028320,0.020630,0.911987,-0.366211,6.591797,11.352539
29481,0.039917,-0.059326,0.934448,-0.122070,7.080078,10.131836
29491,0.067383,-0.107300,1.000854,-0.366211,6.896973,8.483887
29500,0.073486,-0.109375,1.022583,-0.427246,6.042480,6.408691
29510,0.107788,-0.174805,1.043945,-0.244141,5.249023,4.028320
29520,0.123291,-0.155273,1.013550,-0.244141,4.577637,1.770020
29530,0.165771,-0.133789,1.061523,-0.061035,3.479004,-0.610352
29539,0.163818,-0.177246,1.006592,0.061035,2.807617,-2.685547
29550,0.182251,-0.206177,1.040771,0.000000,2.441406,-4.455566
29559,0.222412,-0.234985,0.988403,-0.305176,1.037598,-6.713867
29571,0.236938,-0.158447,1.015259,-0.183105,-0.244141,-7.812500
29581,0.232178,-0.209839,1.031128,-0.488281,-1.220703,-9.216309
29590,0.178955,-0.220825,1.006104,-0.793457,-2.502441,-10.559082
29600,0.143799,-0.206543,1.035156,-0.671387,-3.417969,-11.840820
29610,0.103882,-0.151489,1.015869,-1.037598,-3.723145,-12.817383
29620,0.076172,-0.172852,0.991699,-1.037598,-4.272461,-13.977051
29629,0.047852,-0.154053,0.959351,-1.403809,-5.310059,-16.540527
29641,-0.022827,-0.069946,0.967651,-1.525879,-5.371094,-17.761230
29651,-0.086060,-0.053589,0.970825,-1.464844,-5.615234,-18.615723
29660,-0.135376,-0.054932,0.993652,-1.403809,-5.310059,-18.859863
29670,-0.170654,0.009521,0.888428,-1.464844,-4.577637,-18.554687
29680,-0.176270,0.057861,0.956055,-1.525879,-3.540039,-17.883301
29690,-0.179443,0.097412,1.016602,-1.586914,-2.563477,-16.784668
29699,-0.199463,0.050415,0.987915,-0.976562,-0.610352,-14.099121
29709,-0.140625,-0.021240,1.015991,-1.220703,-0.122070,-12.878418
29720,-0.093140,-0.106323,1.033325,-1.037598,0.488281,-11.169434
29730,-0.077271,-0.142212,0.922607,-0.854492,1.098633,-9.399414
29739,-0.024902,-0.170898,1.044678,-1.037598,1.220703,-7.751465
29750,0.001953,-0.157227,0.985474,-1.220703,1.586914,-6.225586
29759,0.041992,-0.191650,1.028931,-1.403809,1.464844,-4.516602
29771,0.040527,-0.183228,1.015991,-1.342773,1.525879,-0.854492
29780,0.028076,-0.188477,1.029541,-1.464844,1.403809,0.915527
29790,-0.001587,-0.150879,1.013062,-1.220703,1.708984,2.380371
29799,-0.024780,-0.103271,0.988892,-1.342773,1.770020,3.601074
29810,-0.038818,-0.038574,0.970215,-1.403809,1.647949,4.882812
29819,-0.057495,-0.024780,0.968018,-1.708984,1.831055,5.981445
29830,-0.092041,-0.049927,0.994629,-1.708984,2.136230,7.202148
29839,-0.098999,-0.081177,1.005859,-1.708984,3.479004,8.850098
29851,-0.070068,-0.138184,0.997192,-1.586914,3.540039,9.094238
29860,-0.053955,-0.143433,1.008179,-1.647949,3.479004,8.911133
29870,-0.030884,-0.123047,0.979492,-1.586914,3.845215,8.666992
29879,-0.005859,-0.114258,0.972046,-1.586914,3.906250,8.056641
29890,0.006104,-0.116211,0.979858,-1.892090,3.234863,7.141113
29899,-0.005615,-0.152954,1.054321,-1.708984,3.540039,6.286621
29911,-0.035034,-0.130859,0.964722,-2.014160,2.868652,4.638672
29920,0.005859,-0.080811,0.931152,-1.953125,2.807617,4.272461
29930,0.022827,-0.037598,0.957397,-1.831055,3.417969,4.394531
29939,0.052734,-0.019043,0.968628,-2.197266,3.906250,4.882812
29950,0.081421,-0.048584,0.979126,-2.319336,4.150391,5.371094
29959,0.076660,-0.111816,0.997437,-2.136230,3.906250,5.310059
29970,0.097778,-0.144165,1.037842,-2.014160,2.807617,4.699707
29979,0.092163,-0.134155,1.038818,-1.708984,2.075195,3.784180
29991,0.044556,-0.106079,0.970581,-1.831055,1.892090,3.295898
30000,0.009521,-0.074707,0.982788,-1.953125,2.014160,3.051758
30010,0.023437,-0.075806,1.009521,-2.075195,2.441406,3.051758
30019,0.016602,-0.096436,1.008057,-1.953125,2.380371,2.868652
30030,0.006714,-0.106689,0.997925,-2.014160,1.831055,2.258301
30039,-0.001465,-0.092163,1.008423,-1.892090,1.342773,1.403809
30051,0.000244,-0.073364,0.997925,-1.708984,1.220703,0.244141
30060,0.000977,-0.075195,0.990967,-1.708984,1.464844,0.122070
30070,-0.019531,-0.085205,0.997437,-1.647949,2.258301,0.183105
30079,-0.024658,-0.099609,1.012939,-1.525879,2.319336,0.244141
30090,-0.023437,-0.109741,1.005981,-1.403809,2.258301,0.061035
30099,0.022339,-0.102539,0.998169,-1.464844,1.647949,0.000000
30111,0.044800,-0.084961,0.990356,-1.342773,1.464844,0.366211
30120,0.087036,-0.068115,0.988037,-1.342773,1.525879,0.793457
30131,0.111084,-0.054810,0.996948,-1.525879,1.098633,1.220703
30140,0.075562,-0.077881,0.992310,-1.586914,1.525879,1.953125
30150,0.047241,-0.091187,0.997070,-1.403809,1.342773,1.953125
30159,0.029541,-0.091553,1.005371,-1.342773,0.915527,1.281738
30170,0.015991,-0.096558,0.996338,-1.220703,0.061035,0.732422
30179,0.023926,-0.077637,0.987793,-1.342773,-0.244141,0.427246
30189,0.014038,-0.066284,0.979126,-1.647949,0.305176,0.732422
30200,-0.026611,-0.067871,0.975464,-1.464844,0.244141,0.854492
30210,-0.011230,-0.069214,1.002686,-1.525879,0.915527,1.159668
30219,-0.010742,-0.119141,1.027466,-1.403809,0.915527,1.281738
30230,-0.007935,-0.153564,1.043823,-1.220703,1.220703,1.159668
30240,-0.018433,-0.170166,1.031494,-0.915527,0.915527,0.549316
30249,0.013428,-0.149048,1.003296,-1.037598,0.244141,0.122070
30261,0.069458,-0.064087,0.948120,-1.220703,0.061035,1.159668
30270,0.040405,-0.035889,0.949585,-1.525879,1.220703,2.075195
30280,0.000122,-0.027222,0.972778,-1.647949,1.708984,2.685547
30289,-0.015259,-0.038330,0.997803,-1.647949,1.403809,2.990723
30300,-0.018555,-0.052612,1.016113,-1.647949,1.159668,3.112793
30310,-0.025635,-0.069458,1.022095,-1.342773,1.098633,3.112793
30319,-0.034424,-0.087158,1.010010,-1.220703,0.732422,3.112793
30329,-0.028320,-0.104248,1.004517,-0.976562,0.976562,3.967285
30340,0.022827,-0.130249,0.996704,-1.220703,2.136230,4.638672
30350,0.050415,-0.144653,0.994141,-1.098633,2.197266,5.432129
30359,0.053345,-0.141235,0.985840,-1.159668,1.892090,5.737305
30370,0.029541,-0.135620,0.981323,-1.403809,1.403809,5.798340
30379,0.023682,-0.133789,0.983643,-1.464844,1.464844,5.920410
30390,0.032593,-0.127563,1.000000,-1.464844,1.892090,6.591797
30399,0.028687,-0.116089,1.000854,-1.464844,1.892090,7.019043
30409,0.018555,-0.106812,0.996826,-1.281738,1.770020,6.958008
30420,0.067383,-0.102661,0.981323,-1.342773,1.281738,6.469727
30429,0.081055,-0.083374,1.002930,-1.525879,0.854492,5.859375
30440,0.091431,-0.084473,0.972534,-1.892090,0.793457,5.249023
30449,0.104492,-0.094482,0.988403,-1.892090,0.610352,4.943848
30459,0.108032,-0.070923,1.015869,-1.770020,0.244141,4.455566
30471,0.075195,-0.086426,1.016968,-1.892090,-0.671387,2.990723
30481,0.053711,-0.103271,1.023926,-1.647949,-0.915527,2.563477
30490,0.046997,-0.083984,1.018921,-1.647949,-0.915527,2.075195
30500,0.012207,-0.100342,0.995850,-1.586914,-1.281738,1.037598
30509,-0.019165,-0.100952,0.982056,-1.525879,-1.342773,-0.244141
30519,-0.003174,-0.085815,0.999023,-1.708984,-1.342773,-1.525879
30530,0.010010,-0.082397,1.009766,-1.647949,-1.464844,-2.441406
30539,0.011475,-0.081909,1.002563,-1.770020,-1.647949,-3.479004
30549,0.019775,-0.073730,1.000732,-1.831055,-1.525879,-3.417969
30559,0.016235,-0.063599,1.000366,-1.708984,-1.342773,-3.417969
30569,0.005371,-0.072998,0.998901,-1.647949,-1.281738,-3.173828
30580,-0.008545,-0.068604,1.000610,-1.586914,-1.342773,-2.990723
30589,-0.028320,-0.054077,0.997681,-1.586914,-1.159668,-2.685547
30599,-0.051758,-0.046509,0.986206,-1.342773,-0.976562,-2.807617
30612,-0.019531,-0.061279,0.972656,-1.159668,-0.427246,-3.173828
30621,-0.026855,-0.044189,0.966553,-1.159668,-0.671387,-3.479004
30632,-0.045044,-0.028809,0.970947,-1.281738,-0.854492,-3.784180
30641,-0.043335,-0.031006,0.984741,-1.159668,-0.610352,-3.356934
30651,-0.034790,-0.035156,0.993774,-1.281738,0.061035,-3.173828
30661,-0.034302,-0.029785,0.998413,-1.403809,0.366211,-2.929688
30670,-0.019409,-0.034180,0.989746,-1.098633,0.915527,-1.403809
30680,-0.006104,-0.028564,0.989990,-1.464844,0.671387,-0.610352
30690,0.071899,-0.051514,0.967529,-1.403809,0.854492,0.366211
30699,0.390625,-0.034180,0.979858,-1.098633,0.488281,1.647949
30710,0.194458,-0.235352,1.238892,-1.098633,0.488281,3.479004
30719,-0.255737,0.246948,1.225098,-1.892090,0.427246,5.004883
30729,-0.000854,-0.099731,1.000366,-1.647949,0.061035,5.065918
30739,0.131592,-0.231323,0.814575,-1.220703,0.488281,5.187988
30751,0.759766,-0.186157,1.518188,-0.549316,1.403809,7.324219
30761,-0.432495,-0.051025,1.038574,-0.183105,-2.319336,6.042480
30770,0.188110,-0.661377,1.235718,0.061035,-6.469727,1.953125
30780,0.089600,-0.310547,0.940552,1.770020,-5.676270,3.051758
30789,0.297363,-0.093628,1.258667,1.098633,-1.281738,5.493164
30799,0.315918,-0.047852,1.301758,-0.854492,2.441406,7.324219
30809,-0.097656,0.058105,1.170044,-3.234863,1.159668,3.784180
30819,-0.201416,0.123047,0.948730,-4.333496,-3.295898,-2.136230
30831,0.051758,0.175537,0.831665,-1.892090,-2.868652,-1.403809
30840,-0.003052,-0.230347,1.092407,0.000000,-2.868652,-0.244141
30850,-0.033569,-0.413818,1.188110,0.122070,-3.662109,0.854492
30859,0.055420,-0.373657,1.286133,-1.708984,-3.112793,2.624512
30869,0.086792,-0.194580,0.992065,-2.136230,-1.220703,5.798340
30879,0.106201,-0.269287,0.851929,-0.488281,-0.244141,9.277344
30891,-0.009521,-0.432617,0.834717,1.220703,-1.403809,11.657715
30901,0.041016,-0.378418,1.035645,-0.427246,-1.586914,11.840820
30910,0.099243,-0.171509,1.063110,-2.014160,-0.488281,10.986328
30920,0.030518,-0.113403,1.050293,-2.014160,0.000000,8.972168
30929,0.006958,-0.212891,0.892212,-0.732422,-1.098633,7.141113
30939,-0.009888,-0.311279,0.827271,0.549316,-2.685547,5.310059
30950,-0.110107,-0.303467,0.997192,0.488281,-4.089355,3.112793
30959,-0.185303,-0.206665,1.104980,-0.610352,-1.708984,4.028320
30969,0.054565,-0.093994,1.035522,-0.610352,0.061035,4.882812
30980,0.012329,-0.168457,0.927124,-0.061035,0.366211,4.943848
30989,-0.079468,-0.247070,0.906128,0.488281,-0.244141,3.906250
30999,-0.138916,-0.255127,0.994019,0.305176,-0.427246,1.464844
31009,-0.061157,-0.203125,1.038574,-0.244141,-0.671387,-0.976562
31019,0.044800,-0.176880,1.033569,-0.549316,-0.427246,-2.868652
31031,0.013794,-0.210693,0.968262,-0.427246,-2.075195,-5.187988
31041,0.000244,-0.200317,0.958984,-0.183105,-1.770020,-5.493164
31051,0.050903,-0.205933,1.020020,0.000000,-1.159668,-5.737305
31060,0.072021,-0.213989,1.026489,0.061035,-0.976562,-6.164551
31069,0.056519,-0.196167,1.010132,0.000000,-1.159668,-6.591797
31079,0.085327,-0.164795,0.953857,-0.305176,-1.342773,-6.408691
31088,0.098633,-0.151733,0.925781,-0.305176,-1.525879,-5.859375
31100,0.058594,-0.176392,0.917358,-0.366211,-2.014160,-4.455566
31110,-0.025635,-0.241333,0.932373,-0.549316,-1.953125,-3.234863
31119,-0.050415,-0.263550,0.976807,-0.854492,-1.220703,-1.892090
31129,-0.070923,-0.279785,1.033203,-1.098633,-0.671387,-0.854492
31139,-0.098511,-0.280029,1.061646,-1.464844,-0.244141,-0.183105
31149,-0.111938,-0.232910,1.077759,-1.770020,-0.366211,0.671387
31159,-0.083130,-0.205566,1.056152,-1.525879,0.000000,1.159668
31169,-0.039063,-0.259155,1.007935,-0.427246,0.549316,2.624512
31179,-0.008423,-0.301880,0.943115,-0.854492,0.732422,3.051758
31189,0.037476,-0.236694,0.940674,-1.281738,0.122070,3.295898
31199,0.058105,-0.218628,0.992187,-1.220703,-0.183105,3.540039
31209,0.049561,-0.241211,0.998779,-0.976562,-0.183105,3.906250
31219,0.034302,-0.322876,0.988159,-0.610352,-0.122070,4.760742
31229,0.031616,-0.328247,1.022583,-0.671387,-0.183105,5.249023
31238,0.058960,-0.248901,1.087402,-0.915527,-0.366211,5.249023
31250,0.099976,-0.247559,1.158691,0.366211,-1.281738,5.432129
31259,0.067505,-0.310669,1.083740,1.464844,-1.708984,5.920410
31269,0.046997,-0.323486,1.070313,2.319336,-1.403809,6.347656
31279,0.037476,-0.388672,1.100708,3.173828,-0.976562,7.385254
31288,0.016602,-0.516724,0.996948,3.845215,-1.098633,8.056641
31299,0.020630,-0.494141,0.918457,3.479004,-0.976562,7.812500
31309,0.011597,-0.410645,0.915649,2.929688,-0.854492,6.469727
31320,-0.033325,-0.407959,0.872803,2.868652,-2.258301,5.249023
31330,-0.094360,-0.481934,0.897217,2.868652,-2.197266,4.150391
31339,-0.080811,-0.496582,0.920410,2.441406,-2.075195,2.685547
31349,-0.036499,-0.441040,0.934082,1.464844,-1.464844,1.220703
31359,-0.074219,-0.395386,0.959106,0.976562,-1.159668,0.427246
31368,-0.034546,-0.309692,0.960449,0.976562,-2.014160,-1.281738
31380,-0.044922,-0.406372,0.889771,1.525879,-2.502441,-4.943848
31390,0.100098,-0.436523,0.886597,1.098633,-2.441406,-6.835937
31399,0.113525,-0.323853,0.956177,0.427246,-2.685547,-8.056641
31409,0.159546,-0.313110,0.986572,0.366211,-3.906250,-9.887695
31418,0.161499,-0.378540,0.885498,0.610352,-5.065918,-12.268066
31429,0.105103,-0.381592,0.904053,0.305176,-5.920410,-14.221191
31439,0.162109,-0.328003,0.877197,-0.244141,-5.920410,-15.625000
31449,0.131592,-0.261475,0.879272,-0.915527,-6.225586,-17.578125
31458,0.149536,-0.263306,0.885864,-1.647949,-6.774902,-18.249512
31469,0.134644,-0.267090,0.935791,-2.380371,-6.896973,-18.554687
31479,0.073975,-0.208252,1.000732,-2.624512,-7.080078,-19.226074
31488,0.104126,-0.250977,0.992065,-2.685547,-7.507324,-20.080566
31499,0.049072,-0.246460,1.006470,-2.685547,-7.812500,-20.629883
31509,0.045044,-0.245972,0.980591,-2.807617,-8.483887,-21.301270
31518,-0.004883,-0.272949,0.997559,-2.563477,-8.544922,-21.850586
31530,-0.061890,-0.307617,0.967896,-2.502441,-8.239746,-22.216797
31540,-0.063477,-0.267456,0.956055,-2.502441,-7.629395,-22.094727
31550,-0.060791,-0.315308,0.966064,-2.502441,-6.713867,-22.155762
31559,-0.066650,-0.311279,1.015015,-2.441406,-6.408691,-21.667480
31569,-0.085815,-0.350464,0.971436,-2.319336,-6.286621,-21.240234
31579,-0.108154,-0.394897,0.993774,-2.258301,-5.676270,-21.118164
31588,-0.142456,-0.428467,0.995361,-2.319336,-5.493164,-21.362305
31600,-0.118896,-0.313965,1.008423,-2.868652,-5.126953,-22.949219
31610,-0.109253,-0.332520,0.957397,-2.502441,-4.455566,-23.437500
31620,-0.080688,-0.336792,0.956421,-2.502441,-3.845215,-23.559570
31630,-0.073975,-0.341675,0.926025,-2.441406,-3.173828,-23.681641
31639,-0.038574,-0.338623,0.939087,-2.563477,-2.868652,-23.681641
31649,-0.022461,-0.270752,0.982300,-2.746582,-2.685547,-23.437500
31659,-0.004517,-0.272949,0.966919,-2.380371,-2.441406,-22.033691
31669,0.018188,-0.290527,0.939209,-2.014160,-2.075195,-20.935059
31679,0.060303,-0.287231,0.965210,-2.136230,-1.892090,-19.836426
31688,0.062012,-0.297607,0.945923,-2.258301,-1.892090,-18.676758
31698,0.025635,-0.277954,0.936157,-2.441406,-1.464844,-17.639160
31709,0.002075,-0.302368,0.918213,-2.258301,-1.647949,-16.845703
31719,-0.013184,-0.314209,0.929932,-2.502441,-1.342773,-16.601562
31728,-0.031982,-0.266357,0.979004,-2.502441,-1.159668,-16.296387
31740,-0.025513,-0.256104,0.971680,-2.990723,-0.854492,-15.625000
31750,-0.058228,-0.265625,0.974243,-2.685547,-0.427246,-15.075684
31759,-0.066406,-0.223999,1.016357,-2.380371,0.122070,-14.648438
31769,-0.071533,-0.213379,1.013672,-2.197266,0.183105,-14.099121
31779,-0.061768,-0.224121,0.914185,-1.892090,0.305176,-13.671875
31789,-0.044922,-0.144897,0.849854,-1.647949,0.671387,-13.000488
31799,-0.056396,-0.162720,0.917358,-1.831055,1.647949,-11.779785
31809,-0.009888,-0.184692,1.006226,-2.197266,2.014160,-10.742188
31818,0.136597,-0.167725,1.084961,-2.502441,1.831055,-9.704590
31829,0.046143,-0.185913,1.091431,-2.502441,0.732422,-9.643555
31839,-0.033203,-0.286987,0.947754,-2.441406,-0.122070,-9.460449
31848,-0.103027,-0.317627,0.827271,-2.624512,-0.122070,-8.850098
31859,-0.087158,-0.339478,0.848633,-3.173828,0.732422,-8.361816
31869,-0.053955,-0.326660,0.817505,-3.845215,1.708984,-6.958008
31878,-0.079712,-0.159424,0.788208,-5.310059,1.586914,-6.225586
31889,-0.132080,-0.174316,0.963013,-5.554199,1.647949,-5.187988
31899,-0.069214,-0.123535,1.082764,-5.249023,2.258301,-3.723145
31908,0.011353,-0.089355,1.141724,-5.065918,2.624512,-2.380371
31919,0.054199,-0.064941,1.248413,-4.821777,2.746582,-1.464844
31928,-0.011230,-0.097046,1.272949,-3.601074,2.807617,-0.976562
31941,-0.096680,-0.164551,1.007202,-1.159668,3.112793,-1.525879
31951,-0.111694,-0.124878,0.934204,-0.610352,3.601074,-2.380371
31961,-0.064575,0.028809,0.792847,-0.915527,4.272461,-3.479004
31970,-0.116943,-0.154907,1.054199,-0.915527,5.004883,-3.662109
31980,0.014160,-0.112671,1.063232,-1.647949,5.676270,-3.723145
31989,0.133789,-0.082886,0.988037,-2.136230,4.882812,-2.807617
31999,0.117310,-0.019409,0.994751,-2.258301,3.479004,-2.990723
32011,0.016724,-0.101929,1.076172,-2.685547,0.915527,-5.615234
32021,0.043823,-0.054199,1.126953,-2.929688,0.793457,-6.958008
32031,0.087524,-0.064331,1.122314,-2.807617,0.427246,-8.544922
32040,0.087280,-0.065674,1.022217,-2.807617,-0.305176,-10.192871
32049,0.027466,-0.184326,1.013672,-2.502441,-0.671387,-10.864258
32059,0.023682,-0.137451,0.963623,-2.258301,-0.305176,-10.070801
32069,0.077271,-0.135376,0.969116,-2.380371,-0.244141,-8.056641
32078,0.072876,-0.168823,0.990723,-2.075195,0.671387,-5.676270
32090,-0.006348,-0.147095,1.015991,-1.892090,1.281738,-0.305176
32100,-0.092651,-0.121826,0.983521,-1.586914,1.708984,1.464844
32109,-0.187378,-0.191040,0.954834,-0.976562,2.014160,2.258301
32119,-0.242065,-0.188965,0.924683,-0.488281,2.563477,2.624512
32129,-0.234131,-0.244507,0.900024,0.000000,3.234863,2.807617
32138,-0.213135,-0.205444,0.947144,0.183105,4.028320,3.112793
32151,-0.022583,-0.043091,1.114624,-0.671387,4.333496,4.577637
32161,-0.032593,0.066284,1.057739,-1.586914,3.662109,5.126953
32170,-0.029541,0.078491,1.038086,-1.770020,3.112793,5.493164
32180,0.259399,0.129517,1.015015,-1.831055,2.685547,5.798340
32189,-0.058228,-0.184082,1.047241,-1.281738,3.051758,6.774902
32199,0.128784,0.118530,0.796021,-0.427246,5.126953,7.629395
32209,0.172852,-0.445801,1.118896,1.708984,8.544922,10.131836
32218,0.158691,-0.498901,1.473267,2.258301,5.859375,7.934570
32230,-0.147461,-0.109863,0.907837,-0.671387,-2.380371,3.051758
32240,-0.203125,0.093140,0.656372,-1.342773,-3.662109,2.502441
32250,-0.175293,0.015869,0.636353,-1.220703,-1.953125,4.516602
32259,0.078491,0.005005,0.809448,-0.732422,2.502441,9.643555
32269,0.223633,-0.167358,1.200928,-0.122070,6.408691,15.014648
32278,0.257202,-0.165405,1.240356,0.061035,6.103516,17.700195
32289,0.068359,-0.158569,1.229004,-0.610352,0.549316,17.578125
32299,-0.105591,-0.123779,0.803589,-0.793457,0.061035,16.906738
32310,-0.253784,-0.125854,0.703613,-0.610352,1.098633,16.967773
32319,-0.185669,-0.184937,0.869141,-0.366211,2.624512,17.089844
32329,-0.161011,-0.136963,0.952637,-0.488281,2.868652,16.662598
32338,-0.091553,-0.079468,1.140137,-0.976562,2.990723,17.211914
32349,-0.098389,0.062500,1.101685,-1.586914,2.258301,17.639160
32359,-0.077393,-0.049194,0.981689,-1.159668,2.014160,19.653320
32370,0.015259,-0.178955,1.006104,0.305176,3.356934,20.935059
32379,0.011230,-0.195068,1.023926,0.183105,2.990723,21.118164
32389,-0.028687,-0.316772,1.027222,-0.305176,2.624512,20.751953
32399,-0.035767,-0.263184,0.986206,-0.854492,1.525879,18.615723
32409,-0.005737,-0.271118,0.901123,-1.159668,0.976562,15.747070
32418,0.029663,-0.252930,0.975098,-1.159668,0.610352,13.122559
32430,0.088135,-0.302368,1.101563,-0.915527,-2.136230,6.774902
32440,-0.044189,-0.260864,0.999146,-1.098633,-2.807617,3.967285
32449,0.022461,-0.271729,0.983887,-1.342773,-2.502441,1.892090
32459,-0.007446,-0.267456,0.968018,-1.281738,-2.258301,0.122070
32468,-0.014282,-0.298950,0.947266,-0.854492,-2.441406,-1.403809
32479,-0.047119,-0.322021,0.934692,-0.732422,-2.563477,-3.173828
32489,-0.000488,-0.360107,0.970459,-0.732422,-2.746582,-5.126953
32499,-0.013916,-0.300171,1.018921,-1.159668,-2.868652,-9.277344
32513,0.025513,-0.201904,1.011719,-1.037598,-4.394531,-11.352539
32523,0.028809,-0.218018,1.004395,-0.671387,-4.394531,-11.779785
32532,0.026245,-0.249268,1.007813,-0.488281,-4.394531,-11.474609
32542,0.040405,-0.230347,1.044922,-0.122070,-3.906250,-10.681152
32552,-0.022217,-0.099121,0.986694,-0.061035,-3.723145,-9.216309
32562,-0.073364,-0.225464,0.963745,0.244141,-2.868652,-8.117676
32570,-0.073364,-0.225464,0.963745,-0.183105,-2.319336,-7.629395
32580,-0.098022,-0.148926,0.943481,-0.915527,-2.136230,-7.568359
32590,-0.104614,-0.140747,0.911987,-0.488281,-1.586914,-7.080078
32600,-0.020386,-0.168213,0.981689,-0.244141,-1.159668,-6.591797
32609,0.016968,-0.217285,1.050171,-0.305176,-0.732422,-5.493164
32619,0.011719,-0.172119,1.071899,-0.671387,-0.610352,-4.150391
32629,-0.043579,-0.097412,1.012085,-0.915527,-0.793457,-2.258301
32639,-0.047729,-0.136963,0.956299,-0.488281,-0.122070,2.502441
32650,-0.030151,-0.201416,0.965088,0.061035,1.159668,4.455566
32660,-0.069214,-0.114258,1.011108,0.000000,1.342773,5.371094
32669,-0.090576,-0.167236,0.987915,-0.061035,1.647949,5.615234
32679,-0.123169,-0.141357,0.933350,-0.427246,1.342773,5.249023
32688,-0.144409,-0.190063,0.891724,-0.366211,1.464844,4.943848
32699,-0.150269,-0.173218,0.864868,-0.427246,1.953125,4.577637
32709,-0.123535,-0.235596,0.918823,-0.305176,2.441406,4.699707
32720,-0.113403,-0.215942,0.934326,-0.427246,2.807617,4.394531
32730,-0.110840,-0.264648,0.959717,-0.915527,2.868652,3.723145
32740,-0.141602,-0.231445,0.922119,-1.281738,3.051758,3.417969
32749,-0.098999,-0.167969,0.976074,-1.586914,3.356934,3.295898
32758,-0.068115,-0.178345,1.019775,-1.281738,4.089355,3.479004
32769,-0.022461,-0.203369,1.013672,-0.732422,3.906250,4.272461
32779,-0.045532,-0.142456,1.024902,-0.549316,3.967285,5.981445
32790,-0.015381,-0.142090,0.973999,-1.342773,4.516602,7.080078
32800,0.012207,-0.109985,0.970703,-1.281738,4.516602,8.117676
32809,0.001343,-0.188232,0.953247,-1.098633,4.272461,8.728027
32819,-0.019409,-0.172852,0.967896,-1.098633,4.028320,9.094238
32828,-0.073242,-0.166382,1.013916,-1.464844,3.967285,8.361816
32839,-0.085449,-0.178589,0.987061,-1.770020,3.845215,7.507324
32848,-0.085083,-0.080811,1.047363,-1.892090,3.784180,6.713867
32860,-0.035889,-0.165283,0.969116,-1.281738,3.601074,6.591797
32870,-0.024902,-0.073730,0.947144,-1.220703,3.601074,7.934570
32879,-0.033569,-0.046753,0.939087,-1.281738,3.845215,9.643555
32889,-0.002319,-0.118774,0.952148,-1.464844,4.394531,11.474609
32899,-0.008789,-0.056519,1.031494,-1.403809,4.943848,13.305664
32909,-0.002930,0.027100,1.088745,-1.403809,4.577637,14.587402
32920,-0.017212,-0.051392,1.011108,-0.610352,4.272461,17.578125
32929,-0.083496,0.064453,1.082153,-0.244141,4.394531,18.981934
32939,-0.082397,-0.104126,1.003296,-0.183105,4.394531,20.080566
32948,-0.059082,-0.037720,1.008057,-0.427246,4.638672,21.179199
32959,-0.064575,-0.050293,0.996338,-0.488281,4.394531,21.728516
32968,-0.152832,-0.093506,0.944702,-0.488281,4.394531,22.094727
32979,-0.067017,-0.101440,0.979004,-0.488281,4.760742,22.766113
32988,-0.076050,-0.158081,0.981934,-0.671387,5.249023,23.132324
32998,-0.062988,-0.214722,0.919067,-1.464844,4.577637,21.789551
33010,-0.033936,-0.124390,0.966797,-1.464844,4.333496,21.423340
33019,-0.007202,-0.269043,0.960327,-1.586914,4.028320,20.690918
33029,0.002075,-0.204346,0.965820,-1.831055,3.784180,19.592285
33039,-0.016479,-0.226074,0.942383,-2.258301,3.234863,18.310547
33048,-0.014893,-0.239502,0.953125,-2.624512,2.380371,16.906738
33060,-0.007568,-0.192627,0.979248,-2.868652,1.342773,13.671875
33069,0.022217,-0.224365,0.901978,-2.807617,1.098633,12.390137
33079,0.037720,-0.219116,0.918091,-2.929688,1.403809,11.108398
33089,0.116699,-0.228516,0.910278,-2.990723,1.159668,9.826660
33098,0.187866,-0.254272,0.970459,-3.356934,0.061035,7.446289
33109,0.150635,-0.130737,1.031006,-3.723145,-1.525879,4.760742
33118,0.070557,-0.206665,1.031738,-3.784180,-3.417969,0.915527
33128,0.005005,-0.211060,1.015747,-3.662109,-4.638672,-3.173828
33140,-0.037109,-0.248169,1.083252,-3.417969,-4.699707,-9.948730
33150,0.004028,-0.241821,1.034546,-3.173828,-4.516602,-14.038086
33159,0.012817,-0.198730,0.986572,-3.112793,-4.577637,-17.761230
33169,0.097778,-0.245728,0.970825,-2.746582,-4.821777,-21.179199
33178,0.169678,-0.276733,0.981201,-2.624512,-5.371094,-23.986816
33188,0.200317,-0.166504,1.037109,-2.807617,-6.225586,-26.245117
33200,0.263062,-0.189209,1.039185,-2.807617,-7.690430,-30.212402
33210,0.260498,-0.112549,1.002441,-2.319336,-8.605957,-31.188965
33219,0.221802,-0.196655,1.017700,-2.075195,-8.728027,-31.921387
33229,0.315063,-0.235107,1.024902,-2.197266,-8.117676,-32.470703
33239,0.290649,-0.258911,0.981323,-2.014160,-7.995605,-32.775879
33248,0.289551,-0.218262,0.967529,-1.953125,-8.605957,-33.569336
33258,0.183472,-0.261719,0.909912,-1.831055,-9.704590,-35.400391
33270,0.042969,-0.336182,0.868896,-2.258301,-10.681152,-38.940430
33279,0.007324,-0.193848,0.984375,-2.258301,-9.704590,-39.855957
33289,0.068359,-0.112549,1.047363,-1.892090,-8.483887,-40.588379
33299,0.092651,-0.204712,1.056641,-1.159668,-8.422852,-40.588379
33309,0.059326,-0.249268,0.964844,-0.793457,-7.995605,-40.161133
33318,-0.013306,-0.195557,0.883301,-0.732422,-7.324219,-39.550781
33328,-0.015015,-0.173584,0.914429,-1.220703,-6.530762,-38.818359
33340,-0.028076,-0.177856,0.914185,-1.647949,-4.089355,-36.743164
33350,0.023071,-0.203003,0.918701,-2.258301,-2.807617,-35.217285
33359,0.020874,-0.105225,1.000488,-2.502441,-1.892090,-33.996582
33369,-0.036865,-0.017456,0.982178,-2.197266,-1.098633,-33.081055
33379,-0.032593,0.013916,1.052124,-1.953125,-0.122070,-32.226562
33389,0.006714,-0.019531,1.047607,-1.831055,0.732422,-31.250000
33398,0.020874,-0.055908,1.050537,-1.953125,1.708984,-30.334473
33410,0.006226,-0.091187,1.027344,-2.136230,1.831055,-28.686523
33419,-0.124512,-0.067261,1.037842,-1.892090,2.685547,-27.404785
33429,-0.092651,-0.005371,1.073975,-1.281738,4.150391,-25.634766
33439,-0.076050,-0.119629,1.026123,-0.488281,5.371094,-23.559570
33448,-0.053223,-0.250366,0.998779,-0.305176,6.591797,-21.545410
33458,-0.072876,-0.305420,1.030884,-0.122070,7.141113,-19.531250
33469,-0.095215,-0.251465,0.940063,0.000000,7.751465,-17.761230
33478,-0.042480,-0.215210,1.011475,0.427246,8.605957,-15.441895
33489,0.067383,-0.193604,1.080078,0.732422,9.460449,-11.169434
33499,0.032471,-0.206177,1.013794,2.075195,9.765625,-8.728027
33508,0.032593,-0.249023,0.991577,2.563477,9.521484,-6.835937
33518,0.016602,-0.290894,0.912476,3.051758,10.070801,-4.577637
33528,0.024170,-0.265259,0.884155,3.173828,10.742188,-2.441406
33538,0.014526,-0.223755,0.923584,2.929688,11.108398,-0.427246
33548,-0.031372,-0.170532,1.007202,2.746582,11.413574,1.464844
33559,-0.120239,-0.080200,0.954468,2.929688,11.901855,5.126953
33569,-0.114136,-0.132446,0.950439,3.479004,13.183594,7.873535
33579,-0.105957,-0.082764,0.953491,3.112793,14.038086,11.047363
33588,-0.075806,-0.060913,0.983398,2.380371,14.587402,14.709473
33598,-0.082275,-0.077637,0.981323,1.892090,15.014648,18.371582
33608,-0.035400,-0.036743,0.973022,1.525879,15.136719,21.972656
33620,-0.049072,-0.066772,0.950806,1.220703,15.075684,27.465820
33629,-0.093628,-0.060059,0.937012,0.549316,14.770508,29.052734
33639,-0.065674,-0.039429,0.872925,0.000000,14.343262,29.235840
33649,-0.097290,-0.068604,0.861206,-0.671387,14.343262,29.113770
33658,-0.059204,-0.058105,0.970703,-1.403809,14.038086,28.198242
33669,-0.010376,-0.006958,1.003418,-1.892090,13.305664,27.038574
33678,-0.023804,-0.034546,1.109497,-2.258301,12.145996,25.329590
33688,-0.049072,-0.013916,1.018433,-2.563477,11.047363,23.803711
33699,0.035889,-0.030884,1.036011,-2.502441,10.864258,23.498535
33709,0.096802,-0.058594,1.044189,-1.464844,11.230469,24.475098
33718,0.154053,-0.085815,1.162598,-0.854492,10.437012,25.512695
33728,0.131104,-0.095581,1.083984,-0.671387,9.582520,26.489258
33738,0.064331,-0.153076,0.991699,-0.671387,8.239746,26.855469
33748,0.046021,-0.179810,0.931885,-0.549316,7.385254,27.099609
33758,0.120239,-0.183594,0.989136,-0.305176,7.446289,26.855469
33768,0.136841,-0.186523,1.044434,-0.305176,5.310059,25.207520
33780,0.033325,-0.153442,1.025635,-0.366211,4.211426,23.803711
33789,0.036011,-0.140259,0.958618,-0.183105,3.662109,22.338867
33798,0.004028,-0.166016,0.965332,-0.305176,3.234863,21.057129
33808,-0.067749,-0.162964,0.923584,-0.366211,2.746582,19.714355
33819,-0.066406,-0.152466,0.971680,-0.488281,2.319336,18.371582
33828,-0.064453,-0.149048,1.042480,-0.305176,2.380371,17.395020
33838,-0.087280,-0.141235,1.022095,-0.732422,2.258301,16.174316
33849,-0.014038,-0.113159,0.953613,-0.610352,2.502441,16.357422
33859,0.002686,-0.139526,1.009277,-0.549316,2.258301,16.601562
33868,-0.010742,-0.200928,0.934204,-0.610352,1.586914,17.028809
33878,0.052734,-0.184937,0.988159,-1.281738,1.220703,17.456055
33888,0.064819,-0.116333,0.988037,-1.953125,1.281738,17.822266
33899,0.145142,-0.119751,1.079834,-2.502441,0.976562,18.188477
33909,0.138428,-0.152344,1.009155,-2.441406,0.122070,18.310547
33919,0.079712,-0.169067,0.988647,-2.319336,0.000000,17.822266
33928,0.039307,-0.218628,1.014648,-2.319336,-0.305176,16.906738
33938,0.038086,-0.192993,1.021729,-2.807617,-1.220703,14.953613
33948,-0.011353,-0.140381,1.060303,-3.112793,-1.892090,13.122559
33959,-0.003662,-0.120361,1.057739,-2.746582,-2.197266,11.535645
33968,-0.074585,-0.188477,0.907227,-2.197266,-2.502441,10.253906
33980,-0.049805,-0.152710,1.000854,-2.868652,-1.525879,10.009766
33990,0.033936,-0.094360,1.088379,-2.868652,-1.403809,9.643555
33999,0.045898,-0.110596,1.035522,-2.502441,-1.953125,9.399414
34009,0.047852,-0.177246,0.995483,-1.708984,-2.258301,10.070801
34018,0.016724,-0.223877,0.932861,-1.098633,-2.014160,10.620117
34028,0.039307,-0.279907,0.959839,-1.159668,-1.586914,11.047363
34039,0.064209,-0.212646,1.056274,-1.159668,-2.441406,10.925293
34049,0.010376,-0.202881,0.960327,-0.671387,-2.685547,10.437012
34058,-0.005127,-0.239380,0.974365,-0.122070,-2.380371,10.375977
34068,0.002197,-0.179199,0.986450,0.061035,-2.746582,10.131836
34078,0.002319,-0.188232,1.001221,0.183105,-2.807617,9.826660
34088,-0.007324,-0.181396,0.964478,0.488281,-3.234863,9.826660
34099,-0.016602,-0.221313,0.886841,0.854492,-2.868652,10.498047
34108,0.006958,-0.308472,0.931519,0.488281,-2.380371,10.803223
34118,0.059082,-0.222778,0.984375,-0.488281,-2.868652,10.131836
34129,0.097900,-0.139160,0.991455,-0.183105,-3.784180,9.460449
34139,0.086304,-0.203003,0.957031,0.061035,-4.394531,8.911133
34148,0.063110,-0.183472,0.968506,0.000000,-4.577637,8.422852
34158,0.089722,-0.171387,0.961304,-0.427246,-4.821777,7.812500
34169,0.078613,-0.171875,0.980957,-0.793457,-4.943848,6.958008
34178,0.051880,-0.184692,0.927490,-0.976562,-5.737305,5.798340
34188,-0.004395,-0.235718,0.871948,-1.953125,-5.737305,1.831055
34198,-0.002686,-0.149414,1.043091,-2.441406,-5.981445,-0.854492
34209,-0.015747,-0.117188,1.028687,-2.197266,-6.530762,-3.601074
34219,-0.054321,-0.208618,1.009277,-1.708984,-6.530762,-5.615234
34228,0.005127,-0.261597,0.998657,-1.342773,-6.225586,-7.202148
34238,-0.005737,-0.259155,0.960449,-1.586914,-6.164551,-8.422852
34248,-0.005615,-0.187134,0.912598,-1.892090,-5.676270,-9.521484
34260,-0.000122,-0.273315,0.908203,-1.586914,-4.638672,-10.803223
34270,0.028564,-0.214355,0.965820,-1.831055,-4.516602,-10.925293
34279,0.019775,-0.204102,0.927002,-2.197266,-3.845215,-10.620117
34289,0.036011,-0.231934,0.938965,-2.441406,-3.662109,-9.887695
34298,-0.002563,-0.071655,0.969604,-2.807617,-2.990723,-8.728027
34308,-0.024292,-0.055176,1.061035,-2.807617,-2.136230,-6.835937
34320,-0.057007,-0.005737,1.125122,-2.014160,-0.610352,-1.525879
34329,-0.200684,-0.058228,0.924438,-1.525879,0.915527,2.197266
34339,-0.211670,-0.126587,0.872803,-1.953125,2.563477,5.737305
34348,-0.169800,-0.107056,0.926392,-2.685547,4.272461,8.728027
34358,-0.140869,0.032471,1.066162,-3.234863,4.699707,11.169434
34369,-0.137695,0.060181,1.051147,-2.868652,4.943848,13.122559
34378,-0.132446,0.013916,1.025391,-2.746582,5.432129,14.892578
34388,-0.101929,-0.005615,1.077515,-2.502441,5.920410,17.028809
34398,-0.072021,0.035278,1.090210,-3.051758,6.530762,21.911621
34409,-0.015869,0.053955,0.967041,-2.685547,6.774902,25.146484
34419,0.023682,-0.061401,0.946167,-2.441406,7.263184,28.686523
34428,-0.097534,-0.089600,0.957153,-2.258301,7.080078,30.883789
34438,-0.169556,-0.174072,0.944946,-2.319336,7.019043,31.860352
34449,-0.104004,-0.187866,1.003906,-2.807617,7.507324,31.677246
34458,-0.115845,-0.140991,1.008423,-2.990723,8.056641,30.334473
34468,-0.081665,-0.179565,0.960693,-2.563477,6.774902,26.611328
34479,-0.055420,-0.177612,0.980347,-2.624512,6.103516,24.291992
34489,-0.080688,-0.204224,1.024170,-2.746582,5.615234,22.460937
34499,0.038086,-0.129028,1.029053,-2.441406,5.371094,21.301270
34508,0.096313,-0.153442,0.977417,-2.014160,4.760742,20.690918
34519,0.143677,-0.229736,0.938843,-1.464844,4.394531,20.141602
34528,0.190552,-0.250854,0.914795,-1.159668,4.028320,19.714355
34538,0.224609,-0.180054,0.932983,-1.953125,1.770020,16.174316
34549,0.268066,-0.225098,1.088013,-1.647949,-0.427246,12.634277
34559,0.154297,-0.216675,1.148438,-1.159668,-2.624512,7.263184
34568,0.061157,-0.264893,1.051147,-1.098633,-4.577637,2.624512
34579,0.098999,-0.145996,0.984253,-0.549316,-4.882812,-2.014160
34589,0.153931,-0.252441,0.993530,-0.366211,-4.760742,-4.211426
34598,0.114502,-0.252563,1.058228,-0.549316,-5.737305,-5.920410
34608,0.023071,-0.164307,1.036255,-0.061035,-6.591797,-7.873535
34618,0.125854,-0.236694,0.967651,0.427246,-6.286621,-8.911133
34629,0.134033,-0.296387,0.917603,0.549316,-6.713867,-11.108398
34638,0.136353,-0.191040,0.965820,0.305176,-7.385254,-13.671875
34649,0.191895,-0.100220,0.980469,-0.122070,-8.239746,-16.052246
34658,0.293213,-0.119263,1.007324,0.183105,-8.422852,-17.822266
34668,0.240479,-0.198242,1.049805,0.549316,-8.911133,-18.981934
34678,0.151245,-0.213135,0.976196,0.488281,-8.361816,-18.920898
34689,0.126465,-0.212402,0.776123,-0.183105,-7.507324,-18.615723
34699,0.130371,-0.278442,0.798584,-0.793457,-6.713867,-17.395020
34709,0.089722,-0.353394,0.727295,-1.464844,-6.408691,-15.808105
34718,0.012939,-0.161743,0.798340,-2.624512,-6.469727,-14.892578
34728,0.068237,0.006104,1.054321,-3.356934,-5.493164,-13.427734
34738,0.044312,-0.053223,1.183594,-2.807617,-4.882812,-12.207031
34748,-0.006348,-0.013184,1.331299,-0.061035,-3.662109,-9.765625
34758,-0.060547,-0.238037,0.906982,0.732422,-3.051758,-9.155273
34768,-0.047852,-0.308105,0.823975,0.427246,-2.441406,-8.850098
34779,-0.033691,-0.303589,0.842773,-0.488281,-1.708984,-8.728027
34789,-0.021729,-0.259399,0.837646,-1.403809,-0.915527,-8.178711
34798,0.049316,-0.069336,1.012939,-1.953125,-0.793457,-7.324219
34808,0.070557,-0.151123,1.032349,-1.892090,-0.488281,-6.225586
34818,0.033081,-0.152100,1.052124,-1.953125,-0.122070,-2.258301
34829,0.046265,-0.158081,0.948486,-2.319336,0.732422,-0.976562
34839,0.020996,-0.180908,0.873413,-2.380371,0.915527,-0.244141
34849,0.049561,-0.179565,0.953491,-2.441406,0.549316,-0.183105
34858,0.025879,-0.241089,0.941406,-2.624512,0.000000,-0.122070
34868,0.069824,-0.119141,1.068848,-2.685547,-0.122070,0.305176
34880,0.105713,-0.144531,1.056519,-2.136230,0.305176,1.953125
34889,0.094482,-0.153442,1.078979,-1.525879,0.061035,2.685547
34898,0.073364,-0.199463,1.011353,-1.037598,-0.305176,2.929688
34908,0.074219,-0.187622,0.952148,-0.610352,-0.671387,2.929688
34918,0.056885,-0.195679,0.938232,-0.976562,-1.098633,2.319336
34928,0.122681,-0.060547,1.004883,-1.464844,-0.976562,1.647949
34938,0.095947,-0.088257,0.963013,-1.831055,-1.892090,1.098633
34948,0.176270,-0.003052,1.033813,-2.258301,-2.319336,0.549316
34959,0.172485,-0.094849,0.955322,-2.197266,-3.051758,0.671387
34969,0.092163,-0.143555,0.828125,-2.502441,-2.990723,0.732422
34979,0.149414,-0.221191,0.739746,-3.234863,-3.417969,0.427246
34988,0.117554,-0.145996,0.862549,-4.028320,-3.601074,0.366211
34999,0.111328,-0.041870,0.990723,-5.493164,-4.272461,0.000000
35008,0.033203,0.114502,1.072754,-5.920410,-4.882812,-0.427246
35018,-0.056274,0.031860,1.069092,-5.249023,-5.310059,-0.366211
35030,-0.031738,-0.011597,1.144653,-3.845215,-3.417969,1.647949
35040,0.039795,-0.017578,1.213257,-2.990723,-3.112793,3.723145
35050,-0.040283,-0.042969,1.088623,-1.403809,-3.173828,6.530762
35059,-0.123901,-0.300171,0.880371,0.000000,-3.295898,9.338379
35069,-0.177124,-0.205322,0.849121,0.305176,-2.380371,11.474609
35078,-0.142578,-0.249146,0.847168,0.061035,-0.854492,13.488770
35088,-0.159912,-0.109009,0.908813,-0.854492,-0.549316,14.587402
35098,-0.113770,-0.131836,1.020264,-2.075195,-0.854492,15.136719
35108,-0.050171,0.073853,1.221313,-1.342773,-0.366211,15.930176
35117,-0.005737,-0.027832,1.166016,-0.732422,-0.366211,17.761230
35128,-0.004150,-0.053101,1.068115,-0.427246,0.427246,20.080566
35138,0.013672,-0.181519,0.982544,-0.427246,0.549316,21.728516
35148,0.000000,-0.068481,1.079224,-0.427246,-0.122070,22.583008
35158,-0.074829,-0.139893,1.019165,0.122070,-1.281738,21.728516
35168,-0.005005,-0.048096,1.063721,1.770020,-2.136230,19.592285
35177,0.015015,-0.235229,1.019165,1.953125,-2.868652,17.822266
35188,0.017944,-0.164307,1.102783,1.770020,-3.784180,16.479492
35198,0.056396,-0.177246,1.018677,1.831055,-4.028320,15.197754
35208,0.079956,-0.088013,1.099365,2.441406,-3.967285,14.648438
35218,0.116089,-0.218140,1.057007,3.295898,-4.089355,14.038086
35228,0.118042,-0.407104,1.064819,3.112793,-5.004883,13.000488
35237,0.127930,-0.227173,1.101685,2.441406,-6.408691,7.019043
35249,0.117432,-0.281128,0.994751,1.647949,-8.850098,2.685547
35258,0.104248,-0.309204,0.933350,1.647949,-10.437012,-2.014160
35268,0.069824,-0.222046,0.901367,1.647949,-11.230469,-5.676270
35278,-0.004761,-0.307861,0.941284,1.403809,-12.390137,-8.483887
35287,0.061157,-0.334106,0.841675,1.098633,-11.962891,-10.742188
35298,0.044556,-0.181152,0.895630,0.732422,-11.718750,-12.207031
35307,0.104980,-0.125854,0.830933,0.976562,-11.840820,-12.878418
35319,0.078491,-0.829956,0.097290,0.793457,-11.840820,-13.366699
35328,0.073608,-0.709717,0.186279,-3.540039,-11.596680,-14.160156
35338,0.068848,0.042114,0.944092,-8.483887,-11.047363,-14.648438
35347,-0.041870,0.906006,2.073242,-8.850098,-10.131836,-15.319824
35358,-0.104980,0.805420,2.288574,-1.159668,-10.375977,-15.991211
35368,-0.012695,-0.391479,1.229858,7.629395,-10.559082,-16.540527
35377,0.138306,-1.059692,0.338989,8.056641,-9.460449,-15.869141
35389,0.075928,0.000366,0.598022,-6.469727,-8.728027,-15.014648
35399,-0.191528,0.476807,0.949341,-7.568359,-7.812500,-12.939453
35408,-0.385498,0.267456,0.954224,-2.685547,-6.591797,-11.291504
35418,-0.238525,-0.473145,0.987793,0.915527,-5.371094,-11.779785
35428,-0.050659,-0.698120,0.930908,-0.915527,-4.394531,-13.122559
35437,-0.048340,0.012207,1.274902,-5.126953,-3.662109,-13.916016
35450,-0.044067,-0.142456,1.097290,-2.929688,-2.624512,-12.939453
35459,-0.051270,-0.317993,0.968628,-1.037598,-2.319336,-12.268066
35469,0.007446,-0.294189,1.027100,-2.136230,-2.502441,-12.207031
35478,0.005127,-0.063843,1.167969,-4.516602,-1.342773,-11.840820
35488,0.099976,0.173950,1.287964,-5.920410,-0.488281,-10.559082
35497,0.092651,0.099976,1.117065,-6.530762,-1.403809,-8.605957
35508,0.049194,-0.000732,0.867920,-6.591797,-1.892090,-7.080078
35518,-0.050903,-0.117676,0.859009,-7.324219,-0.427246,-5.371094
35528,-0.157104,0.123169,1.045166,-8.789063,0.549316,-5.737305
35537,-0.158203,0.103027,1.099854,-9.582520,0.671387,-6.103516
35547,-0.181641,0.049927,1.023438,-9.094238,0.915527,-6.530762
35558,-0.192627,0.040161,1.060059,-8.117676,1.464844,-6.835937
35567,-0.172119,-0.115601,1.011719,-7.263184,2.319336,-7.019043
35578,-0.108154,-0.014526,1.082886,-6.896973,3.479004,-7.019043
35588,-0.077515,-0.098267,1.035767,-5.676270,4.882812,-5.920410
35597,-0.087524,-0.024780,0.940186,-5.065918,5.004883,-4.699707
35608,-0.067871,-0.133179,0.805908,-3.723145,5.737305,-2.990723
35618,-0.060547,0.064941,0.977783,-3.112793,6.286621,-1.159668
35628,-0.060669,0.044556,0.959106,-1.770020,7.080078,0.671387
35637,-0.080811,-0.039917,0.903198,0.549316,7.385254,2.563477
35648,-0.095703,-0.261230,0.940308,3.295898,7.568359,4.028320
35657,-0.060303,-0.467041,0.810425,4.821777,7.629395,6.225586
35669,-0.142700,-0.354370,1.010620,4.272461,7.202148,7.873535
35678,-0.021729,-0.171265,0.962158,2.075195,9.033203,10.620117
35688,-0.027222,0.142700,1.190063,0.671387,10.620117,13.122559
35698,0.019531,0.002930,1.155273,0.427246,10.742188,14.465332
35707,-0.067017,-0.004883,0.964355,0.610352,10.375977,15.563965
35718,-0.048584,0.114624,1.014648,1.647949,9.582520,16.479492
35727,-0.067871,-0.241821,0.838013,3.417969,8.850098,16.784668
35739,-0.102539,-0.019043,1.167725,2.746582,6.652832,14.709473
35748,-0.073975,-0.201538,1.025757,1.892090,6.286621,14.099121
35758,-0.071533,-0.091553,0.965820,1.586914,7.385254,14.587402
35768,0.019165,0.095703,0.989502,1.892090,7.873535,15.747070
35777,-0.005127,-0.270386,0.918945,2.197266,7.629395,16.174316
35787,-0.030396,-0.126343,0.993164,1.586914,7.568359,16.174316
35797,0.011841,-0.109253,1.173218,0.915527,6.896973,15.502930
35808,-0.010864,-0.089722,1.068604,0.183105,5.676270,12.390137
35818,0.051514,-0.190918,0.947388,1.037598,5.126953,10.559082
35828,0.020996,-0.341187,0.827881,1.098633,3.662109,8.666992
35837,0.062866,-0.127930,0.971191,0.427246,2.807617,6.347656
35847,0.058838,-0.342651,0.865723,-0.122070,1.586914,3.845215
35857,0.175415,-0.111450,0.957642,-0.366211,1.342773,1.403809
35868,0.177002,-0.138306,1.081299,0.610352,-0.488281,-3.112793
35878,0.143311,-0.260620,0.999512,0.305176,-1.220703,-5.798340
35888,0.164185,-0.021606,1.148560,-0.366211,-1.831055,-7.751465
35897,0.133545,-0.271851,1.052002,-0.549316,-2.136230,-9.521484
35908,0.117676,-0.038818,0.990112,-1.220703,-2.441406,-10.620117
35918,0.230347,0.009521,1.043457,-1.098633,-2.319336,-11.108398
35927,0.209839,-0.244507,0.951050,-0.671387,-2.502441,-11.108398
35940,0.156738,-0.072998,1.126587,-1.098633,-3.601074,-10.986328
35950,0.141602,-0.156128,1.088379,-1.037598,-4.028320,-11.169434
35959,0.059937,-0.108765,1.028198,-0.122070,-4.150391,-10.681152
35969,0.089355,-0.112671,1.049316,0.244141,-4.089355,-10.070801
35978,0.065796,-0.352295,0.826660,0.122070,-3.417969,-9.704590
35987,0.026489,-0.171753,0.798218,-0.793457,-3.723145,-9.277344
35997,0.040527,-0.068115,0.973022,-1.831055,-3.112793,-8.789063
36010,0.049316,-0.073608,0.873169,-3.967285,-2.258301,-7.995605
36019,0.026001,-0.024902,0.963257,-4.333496,-1.647949,-7.080078
36029,0.005371,-0.066895,0.969482,-4.333496,-1.770020,-6.103516
36039,-0.042725,0.171509,1.114502,-4.211426,-1.098633,-5.065918
36048,-0.005493,0.057495,1.133911,-3.967285,-0.366211,-3.601074
36058,-0.027954,-0.082031,1.028687,-2.990723,-0.122070,-2.441406
36068,-0.065063,0.099365,1.037476,-2.136230,0.366211,-1.281738
36077,-0.059448,0.025146,0.999390,-1.342773,0.610352,0.671387
36087,-0.102539,-0.243286,0.838257,-1.220703,1.037598,1.953125
36098,-0.118164,-0.113892,0.912842,-1.281738,2.197266,3.723145
36107,-0.146851,-0.197876,0.765259,-2.136230,2.563477,5.493164
36117,-0.131226,0.080811,0.918091,-2.990723,3.723145,7.263184
36128,-0.115967,-0.159180,0.938965,-3.479004,4.394531,9.033203
36137,-0.076172,-0.099487,1.012085,-3.906250,4.821777,10.253906
36147,-0.073730,0.012695,1.142822,-3.845215,4.699707,11.474609
36159,-0.074707,-0.119141,1.030151,-3.051758,4.821777,12.634277
36169,-0.008179,-0.152466,1.017944,-2.075195,4.638672,13.244629
36178,-0.045166,-0.300537,0.881714,-1.892090,4.638672,13.427734
36188,0.024780,-0.138184,0.988403,-1.953125,3.906250,13.061523
36198,0.029419,-0.218994,0.930542,-2.319336,3.173828,12.634277
36207,0.034668,-0.152710,0.964600,-2.868652,2.746582,12.145996
36217,0.104858,0.149292,1.113403,-3.112793,2.075195,11.962891
36228,0.087769,-0.295044,0.997437,-2.868652,1.464844,11.901855
36238,0.059937,0.039429,1.088989,-3.112793,0.976562,11.352539
36247,0.071167,-0.123047,1.111938,-3.173828,0.366211,10.620117
36258,0.019653,-0.224609,0.956055,-3.173828,-0.366211,9.704590
36267,-0.005005,0.125244,1.101685,-2.990723,-1.037598,9.216309
36278,0.081299,0.029419,1.118530,-2.502441,-1.281738,9.094238
36287,-0.010498,-0.335083,0.816162,-1.831055,-1.525879,9.277344
36299,0.008179,-0.176392,0.930176,-2.014160,-2.136230,8.911133
36308,-0.012207,-0.314087,0.810059,-1.831055,-2.441406,8.056641
36318,-0.002808,0.062012,0.961304,-1.770020,-2.624512,7.019043
36327,-0.018433,-0.215698,0.963501,-1.037598,-3.234863,6.164551
36337,-0.028198,-0.352905,0.871948,-1.098633,-3.479004,5.004883
36348,-0.023804,-0.004028,1.131714,-1.770020,-3.540039,3.967285
36357,0.011475,-0.076904,1.118774,-1.403809,-3.479004,3.356934
36367,-0.064819,-0.339722,0.969849,-0.976562,-3.540039,3.540039
36378,0.018188,-0.074463,1.066772,-1.037598,-3.601074,4.089355
36387,0.008667,-0.117676,0.992310,-1.159668,-3.784180,4.394531
36397,0.010132,-0.042725,1.063232,-0.854492,-3.479004,4.882812
36408,0.017456,-0.022339,1.058716,0.061035,-3.417969,5.249023
36417,0.010986,-0.220337,0.974121,0.793457,-3.234863,5.676270
36429,-0.027832,-0.280762,0.912109,1.525879,-3.723145,5.371094
36438,0.004639,-0.202026,0.977051,1.037598,-4.516602,4.638672
36447,-0.033325,-0.178467,0.936401,0.671387,-4.760742,3.723145
36457,-0.034790,-0.062256,1.043701,0.793457,-4.882812,2.929688
36468,0.005737,-0.119141,1.003418,0.732422,-4.516602,2.685547
36477,0.009766,-0.249878,0.939941,0.305176,-4.028320,2.197266
36487,0.001831,-0.086670,1.009888,0.183105,-4.516602,1.586914
36500,0.018433,-0.403564,0.881958,0.610352,-4.821777,0.427246
36509,0.038452,-0.306152,0.857910,-0.305176,-5.310059,-1.220703
36519,0.037964,0.015015,1.019897,-1.037598,-5.920410,-2.746582
36528,0.083496,-0.158325,0.998291,-1.831055,-6.042480,-3.723145
36538,-0.003906,-0.208496,0.920898,-2.746582,-6.103516,-5.004883
36548,0.051025,0.061768,1.029785,-3.234863,-6.225586,-5.981445
36557,0.019409,-0.046387,1.021362,-3.234863,-5.859375,-6.530762
36570,0.005371,0.105591,1.048828,-3.479004,-5.859375,-8.422852
36579,0.036865,0.053345,1.082031,-3.479004,-6.408691,-9.277344
36589,0.022827,-0.231934,0.956421,-3.112793,-6.469727,-10.314941
36599,0.015747,-0.073120,0.944580,-2.685547,-7.080078,-11.352539
36608,0.080688,0.101807,1.028931,-2.624512,-7.080078,-12.268066
36618,0.087036,-0.220947,0.903076,-2.258301,-6.347656,-12.573242
36627,0.052124,-0.175415,0.954956,-2.014160,-5.859375,-12.817383
36640,0.039551,-0.066406,1.078491,-1.647949,-5.615234,-13.916016
36649,0.003906,-0.257446,0.986084,-1.464844,-5.676270,-14.526367
36659,-0.007324,-0.081177,1.011597,-1.281738,-5.371094,-14.953613
36669,0.020508,-0.022095,1.068726,-1.342773,-5.493164,-15.014648
36678,-0.015503,-0.158447,1.027954,-1.403809,-5.432129,-14.648438
36688,-0.012939,-0.109619,1.037231,-1.281738,-4.943848,-14.038086
36698,-0.030884,-0.013184,1.045776,-0.854492,-4.028320,-13.061523
36708,-0.047729,-0.116455,1.008301,-0.610352,-2.624512,-10.925293
36717,-0.047607,-0.156128,1.011353,-0.244141,-1.708984,-10.253906
36727,-0.041870,-0.133545,1.028320,-0.122070,-1.281738,-9.704590
36738,-0.031738,-0.134888,0.978638,-0.366211,-0.976562,-9.582520
36748,-0.007935,-0.036499,1.062866,-0.671387,-0.549316,-9.094238
36758,-0.079834,-0.042114,1.068481,-0.549316,0.000000,-8.605957
36767,-0.049072,-0.155762,0.934448,-0.793457,0.732422,-8.239746
36777,-0.082275,-0.237061,0.835327,-1.037598,1.220703,-7.995605
36789,0.006836,-0.166992,0.853516,-2.197266,0.915527,-7.202148
36799,-0.018311,-0.185547,0.825317,-2.685547,1.037598,-6.774902
36808,0.011108,0.096313,0.948364,-2.624512,1.220703,-6.042480
36817,0.001587,-0.072754,0.942627,-2.319336,1.831055,-5.493164
36827,-0.098633,-0.154907,0.939941,-1.708984,2.075195,-4.943848
36838,-0.059448,0.011597,1.013672,-1.403809,2.624512,-4.516602
36847,0.008789,-0.126099,1.059082,-0.671387,3.234863,-3.112793
36859,0.004028,-0.203735,0.977661,-0.366211,3.356934,-2.319336
36868,-0.000488,-0.099365,0.980103,-0.488281,3.356934,-1.586914
36878,0.034180,-0.201294,0.892578,-0.671387,3.356934,-0.671387
36887,-0.049683,-0.083252,0.957520,-0.427246,3.723145,0.183105
36897,0.025024,-0.034180,0.974854,-0.427246,4.211426,0.793457
36908,-0.023315,-0.293701,0.890259,-0.061035,4.333496,1.464844
36917,-0.011230,-0.245728,0.871460,-0.244141,4.089355,1.281738
36929,0.027832,-0.212891,1.017334,-1.098633,2.624512,-0.427246
36938,0.060913,-0.192993,0.995850,-1.220703,2.197266,-1.159668
36948,0.006348,-0.022217,1.053833,-0.915527,2.014160,-1.708984
36957,0.071655,0.014160,1.091431,-1.159668,2.319336,-2.014160
36967,0.007935,-0.185791,1.037842,-1.770020,1.953125,-2.380371
36978,0.102051,-0.164917,0.992554,-1.953125,1.892090,-2.502441
36987,0.001343,-0.038818,1.042969,-2.014160,1.281738,-1.831055
36997,0.041504,-0.131226,1.021729,-2.807617,1.220703,-1.953125
37008,-0.000854,-0.124268,1.079346,-3.051758,1.586914,-1.647949
37017,-0.045410,-0.059570,1.147583,-3.173828,1.281738,-1.525879
37027,-0.007813,0.001343,1.037476,-2.929688,1.525879,-1.464844
37037,-0.018311,-0.051758,1.077026,-2.624512,2.014160,-0.610352
37047,0.022949,-0.085937,1.122314,-2.502441,2.258301,-0.183105
37060,-0.013184,-0.027832,1.029297,-2.380371,2.197266,0.732422
37070,0.004028,-0.030273,0.994629,-1.892090,2.075195,1.037598
37079,-0.048096,-0.037598,0.914185,-1.464844,1.892090,1.708984
37089,-0.032349,-0.181030,0.830078,-1.037598,2.502441,2.563477
37098,-0.062866,-0.273804,0.703369,-1.403809,2.624512,2.807617
37108,-0.009155,0.059082,0.881226,-2.136230,2.868652,2.746582
37117,-0.013184,-0.087402,0.904053,-2.441406,2.624512,2.868652
37130,-0.041870,-0.047241,0.939575,-3.112793,2.075195,2.319336
37139,-0.060303,0.013794,1.004028,-3.234863,2.014160,2.258301
37149,-0.032837,-0.157715,0.974609,-3.479004,2.563477,2.990723
37158,-0.082031,-0.035156,0.967896,-3.417969,2.990723,3.723145
37167,0.014893,0.020752,0.999512,-3.234863,3.112793,4.699707
37178,-0.018311,-0.233154,0.933228,-2.746582,3.479004,5.859375
37187,-0.023437,-0.107056,0.914917,-2.624512,2.929688,6.591797
37197,-0.013916,0.063354,1.095093,-2.441406,2.868652,6.896973
37209,-0.013306,-0.152588,1.091553,-1.831055,2.197266,7.324219
37218,-0.039307,-0.094971,1.069946,-1.098633,2.746582,7.995605
37228,0.000122,-0.130127,1.014893,-0.671387,2.502441,8.789063
37237,0.033203,-0.300293,0.977905,-0.305176,2.685547,9.277344
37248,0.064453,-0.260864,0.928223,-0.732422,2.136230,9.399414
37257,0.004517,0.044067,1.010498,-1.525879,1.342773,9.216309
37268,0.037354,-0.060791,0.984985,-2.441406,-0.122070,7.934570
37278,-0.018677,-0.016357,0.961060,-2.807617,-0.671387,7.141113
37287,0.011597,0.146973,1.066284,-2.868652,-0.610352,6.652832
37298,0.020874,-0.094482,1.080322,-2.319336,-0.793457,6.713867
37307,-0.023071,-0.289673,1.000488,-1.831055,-0.671387,6.408691
37318,0.006348,-0.119507,1.003174,-1.647949,-0.427246,5.920410
37327,0.022949,-0.000122,1.056763,-1.708984,-0.366211,5.004883
37340,0.053833,-0.168091,0.969482,-2.075195,-2.685547,1.831055
37349,0.031738,-0.020630,0.976074,-2.685547,-3.112793,0.122070
37358,0.054321,-0.085449,0.935547,-3.417969,-3.845215,-1.403809
37368,0.052612,-0.177856,0.982178,-3.845215,-3.967285,-2.502441
37378,0.068970,-0.012695,1.065430,-3.845215,-3.784180,-3.662109
37387,0.075195,-0.010620,1.086792,-3.540039,-3.845215,-4.760742
37397,0.050293,-0.248657,0.981079,-2.563477,-4.394531,-5.554199
37410,0.108398,0.010742,1.067383,-1.037598,-5.187988,-6.591797
37419,0.121338,-0.203979,0.955322,-0.610352,-5.676270,-7.202148
37429,0.012939,-0.343750,0.842163,-0.610352,-5.920410,-7.690430
37438,0.087280,-0.103027,0.932129,-0.732422,-5.615234,-8.117676
37448,0.023926,-0.030151,1.010132,-0.976562,-5.798340,-8.544922
37458,0.045532,-0.221924,0.939087,-1.037598,-5.798340,-9.094238
37467,-0.015259,-0.348145,0.931030,-0.854492,-5.371094,-9.521484
37480,-0.022339,0.002319,1.052246,-0.915527,-5.371094,-10.559082
37490,-0.028076,-0.099243,1.035889,-0.732422,-4.882812,-11.108398
37500,-0.048706,-0.235474,1.026611,-0.122070,-4.150391,-11.779785
37509,-0.063354,-0.117676,0.990601,-0.122070,-3.784180,-12.084961
37519,0.006714,-0.035278,0.998047,0.244141,-3.234863,-11.657715
37534,0.018921,-0.144409,0.963135,0.244141,-2.563477,-11.230469
37543,-0.036743,-0.130737,0.957642,0.000000,-1.892090,-10.864258
37553,-0.019531,-0.111328,0.990723,-0.061035,-1.770020,-10.192871
37562,-0.038574,-0.160278,0.958862,0.366211,-1.098633,-9.155273
37572,-0.017578,-0.120483,0.988647,0.122070,-0.610352,-8.117676
37582,-0.021606,-0.005127,1.045776,-0.549316,-0.427246,-7.202148
37591,-0.027832,0.011719,1.046021,-0.427246,0.732422,-5.126953
37601,-0.016602,-0.104858,1.028076,-0.793457,0.793457,-4.638672
37610,0.022705,-0.083496,0.956299,-1.098633,0.793457,-4.028320
37620,-0.020630,0.019287,0.950073,-1.220703,0.610352,-3.540039
37630,0.036987,0.021362,0.955688,-1.403809,-0.061035,-3.234863
37639,-0.024292,-0.271851,0.788330,-1.403809,-0.061035,-3.051758
37649,-0.005005,-0.282837,0.722168,-1.831055,0.244141,-2.502441
37659,-0.015503,-0.026123,0.906372,-2.441406,0.915527,-1.892090
37669,-0.022705,-0.084106,0.935547,-3.356934,1.464844,-1.708984
37678,-0.110107,-0.062134,0.957886,-4.028320,1.770020,-2.197266
37688,-0.109009,0.100708,1.091187,-3.845215,2.380371,-2.563477
37698,-0.136108,-0.110840,0.984009,-3.112793,2.563477,-2.807617
37707,-0.134155,-0.109741,1.015381,-2.624512,2.990723,-2.807617
37717,-0.092529,0.058228,1.179199,-1.953125,3.540039,-2.624512
37728,-0.073853,0.008179,1.186890,-1.098633,3.723145,-2.258301
37737,-0.123291,-0.167480,1.079712,-0.427246,4.211426,-1.770020
37748,-0.043335,-0.264404,1.001343,0.061035,4.638672,-0.976562
37757,0.006592,-0.225952,0.960327,-15.380859,5.126953,0.183105
37769,0.064575,-0.049927,0.987305,-0.854492,4.699707,0.061035
37779,0.111328,-0.249268,0.868408,-1.586914,4.455566,0.183105
37788,0.018433,-0.185669,0.853149,-1.953125,3.967285,0.305176
37798,0.060181,0.109131,0.991821,-2.502441,3.723145,0.183105
37807,0.069458,0.033447,1.020020,-2.807617,3.356934,0.000000
37818,0.005005,-0.172363,1.018311,-2.624512,2.990723,-0.122070
37827,-0.010498,-0.130493,1.020142,-2.990723,2.929688,-0.061035
37839,0.010132,-0.088989,1.019043,-2.563477,3.051758,0.549316
37848,0.005615,-0.162720,0.971313,-2.502441,3.295898,0.793457
37858,0.009644,-0.040283,1.037109,-2.624512,3.295898,0.915527
37868,0.011963,-0.056885,1.017944,-2.258301,2.807617,1.281738
37878,0.047974,-0.230957,0.930176,-2.075195,2.746582,1.159668
37888,0.002808,-0.255493,0.953979,-2.136230,2.685547,1.220703
37900,-0.000610,-0.022827,1.055786,-1.831055,1.953125,0.488281
37909,0.020996,-0.224365,1.008545,-1.037598,1.953125,0.061035
37919,-0.030640,-0.253418,0.917236,-0.549316,2.258301,-0.122070
37929,0.033081,-0.078735,0.995483,-0.305176,1.953125,-0.122070
37938,-0.002197,0.026611,1.026367,0.305176,1.464844,-0.305176
37947,0.029541,-0.167236,0.985352,1.525879,0.976562,-0.549316
37958,-0.048584,-0.341919,0.850342,2.136230,0.610352,-0.305176
37967,0.031494,-0.229492,0.796509,1.708984,0.610352,0.549316
37979,0.047241,-0.069824,1.011719,0.427246,1.037598,0.732422
37988,-0.008911,-0.065308,1.058716,-0.610352,1.647949,1.464844
37997,-0.024780,-0.172607,1.054688,-0.366211,1.770020,2.258301
38007,0.008179,-0.218384,0.937378,-0.305176,2.075195,2.746582
38018,-0.047119,-0.095459,1.075195,-0.549316,1.708984,3.234863
38027,0.025513,-0.148315,0.930908,-0.793457,1.098633,3.173828
38040,0.021606,0.092163,1.073364,-2.014160,0.915527,3.295898
38049,-0.040161,-0.004639,1.027832,-1.770020,1.098633,3.723145
38058,0.003784,-0.110352,1.008301,-1.464844,1.525879,3.234863
38067,-0.080322,-0.139893,1.059326,-1.037598,1.403809,2.807617
38078,-0.067017,-0.107300,1.068481,-1.098633,1.037598,2.075195
38088,-0.078735,-0.044189,1.036499,-1.220703,1.342773,1.342773
38098,-0.008301,-0.048584,1.048462,-1.037598,1.586914,0.976562
38108,-0.070923,-0.172607,1.051392,-0.305176,1.647949,0.366211
38119,-0.030029,-0.254517,0.979004,0.488281,2.319336,0.549316
38129,-0.042114,-0.167847,0.985718,0.549316,2.807617,0.854492
38138,0.001587,-0.166992,1.008423,0.122070,2.746582,0.671387
38147,-0.021240,-0.185791,0.999512,0.000000,2.563477,0.610352
38158,-0.003418,-0.198975,1.034546,0.000000,2.746582,0.305176
38167,-0.037598,-0.277100,0.925781,0.427246,2.685547,0.061035
38180,-0.032349,-0.049194,0.928345,0.305176,3.356934,-0.732422
38189,0.036987,-0.047119,0.874512,-0.183105,3.356934,-0.976562
38199,-0.002686,-0.126465,0.815186,-0.244141,3.295898,-1.037598
38209,0.094849,-0.118774,0.864624,0.000000,3.295898,-0.549316
38218,0.027710,0.005981,0.992065,-0.427246,2.746582,-0.061035
38228,0.020508,0.069946,1.107178,-1.037598,2.502441,0.488281
38237,-0.035400,0.033691,1.133911,-1.281738,2.746582,1.281738
38250,-0.070435,0.060181,1.044067,-0.183105,4.028320,3.479004
38259,-0.034790,0.056152,1.034424,0.671387,4.699707,4.211426
38269,-0.040283,-0.069336,1.014526,0.976562,4.943848,4.394531
38278,-0.042603,-0.119629,0.972168,0.549316,4.272461,3.967285
38288,-0.009033,-0.109619,1.016113,0.122070,3.295898,3.234863
38298,-0.033325,-0.109741,0.933838,-0.061035,3.051758,2.502441
38308,0.039429,0.049683,0.869019,-0.610352,3.356934,2.197266
38317,0.039185,-0.110352,0.929565,-0.793457,2.868652,1.525879
38329,0.035767,-0.175659,0.956055,-1.037598,2.136230,1.586914
38339,0.092896,-0.092773,1.063232,-1.770020,1.342773,1.831055
38348,0.097168,-0.064941,1.129395,-2.258301,1.464844,2.258301
38358,0.097534,-0.047119,1.099365,-2.502441,1.770020,2.807617
38368,0.038574,0.031738,1.065674,-2.380371,1.586914,3.417969
38378,0.059570,0.010986,1.039551,-2.014160,1.037598,3.662109
38389,0.024902,-0.250488,0.943726,-1.708984,0.488281,4.394531
38399,0.046753,-0.184692,0.960327,-1.892090,0.488281,4.516602
38408,0.009399,0.051880,1.060181,-2.136230,0.183105,4.943848
38417,0.034546,-0.012451,1.075073,-2.258301,0.000000,5.004883
38428,-0.021240,-0.210205,0.961670,-1.647949,-0.061035,4.882812
38438,0.006348,-0.315063,0.884399,-1.708984,-0.061035,4.516602
38448,-0.032715,-0.122192,0.973022,-2.014160,-0.732422,4.150391
38458,0.015625,0.065796,1.066772,-1.892090,-0.915527,3.417969
38469,0.002563,-0.129883,0.956665,-1.770020,-0.854492,3.417969
38479,-0.076782,-0.097046,0.940918,-1.464844,-0.549316,3.784180
38488,-0.017578,-0.050903,1.005127,-0.854492,-0.244141,3.906250
38498,-0.042480,-0.060303,1.014648,-0.732422,0.000000,3.601074
38508,-0.015015,-0.115356,0.989868,-1.098633,0.061035,3.479004
38519,-0.029053,-0.160400,0.966919,-1.098633,0.122070,2.868652
38529,-0.005127,-0.138428,0.954834,-1.098633,-0.122070,2.746582
38539,-0.008057,-0.207642,0.986328,-1.098633,-0.488281,2.197266
38549,0.004639,-0.169922,0.997925,-1.342773,-0.671387,1.831055
38559,-0.002808,-0.008545,1.039551,-1.892090,-0.671387,1.770020
38568,0.086792,0.031860,1.038208,-2.136230,-0.793457,2.075195
38578,0.060425,-0.143433,0.951538,-1.953125,-0.244141,2.685547
38589,0.074585,-0.183350,0.865967,-1.892090,-0.549316,2.441406
38599,0.041504,0.035278,1.015015,-2.014160,-1.098633,2.319336
38609,0.015381,-0.217896,0.911499,-1.953125,-1.464844,2.014160
38619,0.000488,-0.238892,0.855103,-1.892090,-1.831055,1.831055
38629,-0.014282,-0.041992,0.937378,-2.197266,-1.525879,1.708984
38638,-0.015991,-0.067505,0.962402,-2.685547,-1.464844,1.586914
38648,-0.022705,-0.140137,0.964844,-3.112793,-1.525879,1.586914
38657,-0.035278,-0.034058,1.066772,-3.295898,-0.915527,1.342773
38669,-0.060669,-0.039185,1.035767,-3.112793,-1.342773,0.854492
38679,-0.008057,-0.082153,1.022949,-2.685547,-1.037598,0.793457
38688,-0.030762,-0.060059,1.040161,-2.441406,-0.793457,0.732422
38698,-0.013672,-0.022827,1.068970,-1.708984,-0.915527,0.366211
38708,0.014038,-0.068359,1.073364,-1.037598,-0.854492,-0.366211
38718,0.077271,-0.174438,1.007446,-0.427246,-0.915527,-0.854492
38728,0.057739,-0.205811,0.924072,-0.244141,-1.464844,-1.403809
38738,0.095093,-0.107788,1.006104,-1.159668,-2.441406,-2.746582
38748,0.040405,-0.095215,1.006958,-1.464844,-2.441406,-2.929688
38758,0.068237,-0.231445,0.918701,-1.403809,-1.953125,-2.685547
38768,0.034058,-0.081665,1.007446,-1.525879,-1.831055,-2.624512
38778,0.032471,0.071167,1.052856,-1.647949,-1.831055,-2.441406
38788,0.010498,-0.020020,1.048096,-1.586914,-2.197266,-1.892090
38797,0.011353,-0.255005,0.974121,-1.342773,-2.136230,-1.525879
38809,0.027466,-0.069336,0.939331,-1.403809,-2.258301,-1.586914
38819,0.019775,-0.038696,0.979614,-2.197266,-1.342773,-1.403809
38828,0.045776,-0.190186,0.899292,-2.746582,-2.075195,-1.892090
38838,0.004639,-0.120728,0.903687,-2.990723,-2.136230,-2.014160
38847,0.060425,-0.001587,0.939453,-3.295898,-2.258301,-2.197266
38858,0.023193,-0.060059,0.954590,-3.356934,-1.831055,-2.441406
38868,0.011963,-0.036987,1.015503,-3.295898,-1.464844,-2.319336
38878,-0.001953,0.056030,1.100830,-2.258301,-1.220703,-2.075195
38889,-0.035400,-0.172729,0.972778,-1.525879,-1.159668,-2.746582
38899,-0.042969,-0.209473,0.902710,-0.732422,-1.220703,-3.723145
38909,0.003906,-0.009766,0.997314,-0.366211,-1.281738,-4.699707
38919,0.007080,-0.038452,1.075073,-0.122070,-1.464844,-5.859375
38928,0.079956,-0.186768,0.987793,0.366211,-1.647949,-6.896973
38938,0.029175,-0.198608,0.955078,0.427246,-1.708984,-7.202148
38949,0.062988,-0.023315,1.012329,0.183105,-1.220703,-7.202148
38959,0.062256,-0.109131,1.047363,-0.610352,-1.586914,-6.958008
38968,0.066650,-0.286377,0.937500,-0.854492,-1.831055,-6.835937
38978,0.023682,-0.186035,0.935547,-1.342773,-1.647949,-6.774902
38988,0.012817,0.090210,1.052612,-1.708984,-1.037598,-6.225586
38998,0.018799,0.035889,1.064697,-1.770020,-1.037598,-5.798340
39007,0.025024,-0.141846,1.017578,-1.708984,-0.610352,-5.554199
39019,0.028198,-0.022095,1.059570,-1.708984,-0.793457,-5.065918
39029,-0.017212,-0.029541,1.021851,-1.098633,-0.244141,-4.699707
39039,0.052856,-0.151001,0.968872,-1.403809,-0.305176,-4.089355
39048,-0.036255,-0.145142,0.957886,-1.464844,-0.488281,-3.906250
39058,0.004639,-0.105957,0.959229,-1.831055,-0.427246,-4.028320
39067,-0.027466,-0.132324,0.975342,-1.953125,0.183105,-4.394531
39079,-0.022095,-0.192505,0.910767,-2.136230,0.366211,-5.065918
39089,0.007202,0.114014,1.056152,-2.014160,0.976562,-5.065918
39099,0.010498,-0.018555,1.087646,-1.586914,0.793457,-4.699707
39109,-0.023804,-0.116699,1.036621,-1.159668,0.793457,-4.089355
39118,-0.004761,-0.054199,0.964722,-0.183105,1.037598,-3.173828
39128,-0.004761,0.002319,0.973267,1.037598,1.708984,-1.953125
39138,0.027100,-0.091187,0.947388,1.586914,2.197266,-0.915527
39147,-0.010010,-0.296875,0.921387,1.831055,2.197266,-0.305176
39159,-0.031494,0.002686,1.011353,1.647949,2.258301,0.488281
39169,-0.012573,0.010986,0.997070,0.671387,2.197266,0.610352
39178,-0.025146,-0.202026,0.937866,0.183105,2.197266,1.159668
39187,-0.049927,-0.129395,0.978271,-0.305176,2.441406,1.953125
39198,-0.032959,0.068115,1.062012,-0.549316,2.197266,2.563477
39208,-0.012329,0.081909,1.087280,-0.610352,3.051758,3.234863
39217,0.016968,-0.082031,1.038696,-0.427246,2.807617,3.967285
39230,0.007202,-0.113770,0.989258,0.732422,3.051758,6.286621
39239,0.008057,-0.087402,1.001587,0.427246,2.990723,7.629395
39249,-0.013550,-0.076050,0.991943,0.061035,3.051758,9.582520
39258,-0.020630,-0.028564,1.047607,0.061035,3.173828,11.230469
39268,-0.014038,0.001587,1.048340,0.122070,2.990723,12.145996
39278,-0.022583,-0.135376,1.041138,0.122070,3.479004,12.817383
39287,-0.074341,-0.234009,0.985474,-0.122070,3.234863,12.695313
39299,-0.076416,0.042114,1.122559,-0.610352,3.173828,12.023926
39309,-0.057739,-0.177856,1.075073,-0.915527,2.807617,11.901855
39318,-0.095215,-0.355957,0.976318,-0.610352,2.868652,12.023926
39328,-0.062622,-0.304443,0.854980,-1.220703,2.990723,12.207031
39338,-0.097534,-0.108032,0.864746,-3.051758,3.051758,11.169434
39348,-0.053223,-0.311890,0.750610,-4.272461,2.624512,9.277344
39358,-0.033325,-0.196533,0.819946,-5.126953,1.708984,5.676270
39369,-0.055176,-0.979370,-0.272705,-6.530762,0.976562,-1.525879
39379,-0.026245,-0.157837,0.657471,-16.540527,-1.953125,-3.112793
39389,-0.000854,0.272095,0.092163,-28.198242,-2.014160,-3.967285
39398,-0.064209,0.609863,-0.720825,-37.536621,-0.366211,-3.723145
39408,-0.124878,1.466675,-0.528442,-44.616699,2.624512,-0.915527
39418,-0.214111,1.633545,0.052979,-46.020508,2.380371,0.854492
39428,-0.050903,0.841553,0.764771,-43.945312,0.061035,0.366211
39439,0.047363,0.548096,1.528076,-45.593262,-2.502441,-1.953125
39448,0.093384,0.758179,1.550659,-50.048828,-3.784180,-6.103516
39458,0.131592,1.366211,2.306641,-47.546387,-1.098633,-3.356934
39468,-0.160400,0.746826,1.706665,-39.611816,0.915527,0.305176
39478,-0.039795,0.011108,1.426270,-28.930664,2.746582,2.990723
39487,0.221924,0.088867,2.544800,-23.925781,5.432129,4.943848
39498,0.201538,0.628906,2.922241,-24.780273,3.784180,5.249023
39507,-0.002563,0.554810,1.661621,-16.784668,3.173828,8.239746
39519,0.188354,0.249268,0.750122,-7.568359,4.211426,11.047363
39529,0.101929,0.289307,1.311768,-4.028320,2.807617,12.207031
39538,0.010132,0.513916,1.659302,-7.995605,0.915527,10.925293
39548,-0.044678,0.751343,0.610474,-12.390137,1.098633,9.216309
39558,0.172485,1.010254,0.259033,-10.681152,1.647949,8.117676
39569,0.285156,0.838989,0.811523,-0.976562,-2.319336,5.859375
39579,-0.125854,-0.205811,1.571655,-2.624512,-4.394531,1.525879
39589,0.057861,0.599609,1.120483,-11.474609,-3.173828,-2.075195
39599,0.099854,1.371094,0.512085,-18.188477,-1.281738,-3.051758
39608,0.104492,1.557373,0.514404,-16.784668,-0.488281,-2.319336
39617,-0.055786,0.980347,1.074463,-11.657715,-2.136230,-2.685547
39628,-0.070679,0.335449,1.355469,-11.291504,-4.943848,-5.249023
39638,0.068115,0.482666,1.203003,-16.418457,-6.713867,-8.117676
39649,0.130981,1.333374,0.636353,-21.911621,-5.187988,-8.544922
39659,0.073608,1.033325,0.779785,-18.798828,-3.417969,-7.019043
39669,0.091187,0.525513,1.095703,-15.380859,-3.723145,-6.958008
39678,0.117432,0.436646,1.250488,-16.052246,-5.676270,-7.995605
39688,0.136719,0.809570,1.046265,-20.996094,-5.859375,-8.117676
39698,0.035034,1.127197,0.816772,-24.536133,-4.516602,-5.920410
39708,-0.039673,1.099976,0.759033,-23.864746,-3.112793,-2.624512
39717,-0.106812,0.663940,0.848755,-19.409180,-3.173828,-0.183105
39729,-0.152100,0.405396,1.147461,-22.644043,-3.662109,-1.464844
39739,-0.181519,0.772705,1.003540,-27.709961,-2.807617,-2.258301
39748,-0.165527,0.920898,0.598022,-29.541016,-1.159668,-1.647949
39758,-0.193237,1.068115,0.878662,-29.052734,1.098633,-0.549316
39768,-0.169678,0.720825,0.954590,-28.198242,2.136230,0.366211
39779,-0.145996,0.643433,1.188477,-33.203125,1.403809,-1.159668
39789,-0.010742,0.874512,0.623169,-36.743164,1.464844,-1.037598
39799,0.014648,1.107178,0.755859,-38.696289,2.807617,0.427246
39808,0.023560,1.040649,0.869995,-39.916992,3.662109,1.892090
39817,0.023804,0.872437,0.877930,-41.320801,3.845215,2.929688
39828,0.028564,0.996460,0.876587,-43.518066,3.784180,2.990723
39838,0.060425,1.004883,0.890381,-44.677734,4.028320,3.234863
39848,0.078979,0.701538,0.919556,-43.579102,4.882812,3.967285
39859,0.050659,0.431396,0.979858,-44.006348,6.225586,6.103516
39868,0.071289,0.256226,1.041870,-42.175293,5.676270,6.408691
39878,0.072144,0.316772,1.095337,-41.809082,5.187988,6.530762
39888,0.073486,0.155518,0.990112,-39.916992,4.272461,6.958008
39898,0.034058,0.105103,0.922729,-37.780762,3.662109,7.324219
39908,-0.020386,0.175903,0.909912,-36.437988,4.150391,8.239746
39917,-0.084229,0.125122,0.894775,-34.484863,4.943848,9.338379
39929,-0.161377,0.232056,0.910767,-32.836914,5.126953,8.605957
39938,-0.183960,0.209229,0.890137,-29.418945,4.028320,7.019043
39948,-0.153198,0.256348,0.848389,-28.015137,3.356934,5.249023
39958,-0.114136,0.353760,0.830688,-27.099609,3.051758,4.028320
39968,-0.090088,0.422119,0.817627,-26.123047,3.234863,3.051758
39978,-0.041992,0.527710,0.783813,-25.390625,3.356934,3.234863
39989,-0.012329,0.609253,0.769287,-23.376465,6.103516,5.981445
39999,0.088745,0.733032,0.801392,-21.972656,6.896973,8.239746
40009,0.146606,0.720093,0.817383,-20.141602,7.202148,10.375977
40018,0.256592,0.692627,0.835327,-18.127441,6.286621,11.535645
40028,0.325684,0.637817,0.846069,-16.113281,4.699707,12.084961
40038,0.301758,0.541016,0.884033,-14.038086,2.624512,11.779785
40048,0.282593,0.461548,0.924805,-12.023926,1.220703,10.620117
40058,0.278809,0.412720,0.973389,-10.131836,0.122070,9.338379
40067,0.252441,0.392578,1.024536,-6.958008,-1.953125,5.554199
40078,0.213867,0.380249,1.017578,-5.676270,-2.807617,3.601074
40088,0.135986,0.397461,0.961792,-4.638672,-4.455566,1.525879
40098,0.095703,0.426147,0.882324,-3.845215,-5.737305,-0.427246
40108,0.044678,0.458374,0.818726,-3.417969,-6.530762,-1.770020
40118,-0.000244,0.503296,0.793945,-3.112793,-7.263184,-2.624512
40128,-0.034546,0.551147,0.798218,-2.563477,-7.385254,-4.638672
40140,-0.087280,0.622314,0.857178,0.000000,-7.690430,-5.920410
40150,-0.083252,0.627563,0.887085,1.953125,-7.507324,-7.202148
40159,-0.063965,0.632080,0.879517,4.028320,-7.934570,-8.422852
40169,-0.047241,0.629150,0.874756,6.530762,-7.629395,-9.155273
40178,-0.040649,0.619019,0.854980,8.972168,-7.324219,-8.789063
40188,-0.065674,0.617554,0.817749,11.291504,-7.202148,-7.690430
40199,-0.110718,0.612915,0.802979,14.587402,-5.126953,-2.990723
40209,-0.184082,0.556274,0.824341,15.625000,-3.540039,-0.854492
40218,-0.203979,0.514771,0.863647,16.357422,-2.563477,0.610352
40228,-0.182983,0.482056,0.913452,17.150879,-2.014160,1.281738
40238,-0.162720,0.449829,0.928955,17.700195,-1.831055,1.770020
40248,-0.168457,0.424072,0.923706,18.798828,-1.220703,2.441406
40258,-0.149292,0.440430,0.900757,19.470215,0.183105,3.723145
40269,-0.105103,0.484253,0.878296,21.606445,3.051758,6.469727
40279,0.006348,0.513794,0.796265,22.460937,3.417969,6.713867
40288,0.075562,0.526855,0.857544,23.620605,2.990723,6.225586
40298,0.108887,0.502197,0.918823,25.085449,2.441406,4.760742
40308,0.091064,0.472290,0.958374,26.672363,1.037598,2.990723
40318,0.061401,0.443604,1.011963,28.503418,0.000000,1.770020
40328,0.026855,0.410278,1.022583,30.395508,-1.037598,0.854492
40339,-0.013916,0.394531,0.994507,33.935547,-1.159668,0.244141
40348,-0.052490,0.393555,0.870483,35.156250,-0.976562,0.366211
40359,0.022217,0.380615,0.804932,36.010742,-0.366211,1.098633
40368,0.052856,0.416138,0.831055,36.132812,-0.671387,2.014160
40378,0.062622,0.430176,0.880981,36.254883,-0.854492,3.295898
40388,0.056396,0.447876,0.916260,36.437988,-0.488281,5.126953
40398,0.055298,0.465576,0.955933,36.987305,0.000000,6.958008
40408,0.063354,0.469482,0.967651,38.269043,0.488281,8.422852
40419,0.072876,0.503174,0.876465,39.733887,0.793457,10.803223
40428,0.092407,0.507202,0.839966,43.701172,0.061035,11.596680
40438,0.128784,0.545532,0.860107,45.471191,-0.366211,12.573242
40448,0.132812,0.524292,0.832031,48.034668,-1.281738,13.793945
40457,0.166626,0.567749,0.843994,50.415039,-1.953125,15.502930
40468,0.191772,0.607422,0.852661,53.100586,-1.892090,18.432617
40478,0.211792,0.646484,0.847412,55.847168,-1.403809,22.460937
40489,0.198120,0.679321,0.757690,58.532715,-1.220703,31.677246
40498,0.169312,0.680786,0.756958,63.415527,-1.586914,35.583496
40508,0.129272,0.670776,0.744629,65.917969,-1.647949,38.269043
40518,0.095215,0.659790,0.679810,68.725586,-2.441406,38.940430
40528,0.059937,0.687012,0.642456,71.350098,-2.929688,38.269043
40538,-0.185669,-1.804443,0.834595,74.523926,-3.295898,37.109375
40548,-0.346680,-3.999512,2.103394,67.016602,-3.051758,35.583496
40559,-0.671143,0.500732,2.604126,27.954102,0.732422,27.832031
40569,-1.335449,1.528931,-0.070190,6.286621,0.549316,24.108887
40579,-0.158325,-0.209106,-0.127319,23.803711,4.760742,18.737793
40588,0.286377,-2.044312,1.165894,35.949707,12.023926,21.850586
40597,0.785034,-1.144043,2.745117,28.442383,18.920898,23.620605
40608,0.529541,0.414185,2.679932,17.333984,17.639160,25.329590
40619,-0.072998,0.276123,1.468506,21.179199,-8.605957,-3.356934
40629,0.144897,-0.280518,1.541260,18.005371,-14.038086,-8.850098
40638,0.488525,0.511230,2.008057,15.014648,-8.056641,-3.723145
40648,0.754028,0.246826,2.025146,17.578125,-0.793457,2.563477
40658,0.630005,0.020996,1.693237,20.996094,1.037598,6.713867
40667,0.158813,-0.168579,1.206421,22.399902,-3.356934,7.446289
40678,-0.199463,-0.205566,1.320435,23.559570,-6.530762,3.417969
40688,-0.237305,-0.138062,0.931641,24.902344,-5.615234,-0.366211
40697,0.181152,0.001953,0.955566,30.334473,3.234863,3.845215
40709,0.350098,-0.201782,1.037598,35.034180,3.112793,5.554199
40718,0.182617,-0.220093,0.841553,35.888672,2.624512,6.835937
40727,-0.099731,-0.237183,0.646729,34.606934,4.577637,10.681152
40738,-0.125244,-0.227539,0.467041,32.409668,8.361816,13.122559
40748,-0.116943,0.036743,0.298340,28.381348,11.230469,13.854980
40759,-0.167480,0.216797,0.251831,23.986816,18.859863,18.188477
40768,-0.161255,-0.281738,0.506714,23.437500,23.071289,22.216797
40779,-0.077393,-0.563721,0.622681,22.644043,26.306152,25.695801
40788,-0.172729,-0.753540,0.722290,21.789551,28.137207,28.076172
40798,0.009644,-0.624634,0.748901,20.629883,29.418945,28.564453
40808,-0.010254,-0.459961,0.729492,19.653320,30.517578,30.395508
40818,0.168701,-0.411743,0.715698,19.592285,30.944824,32.104492
40829,0.203125,-0.391113,0.699341,18.066406,26.062012,33.203125
40838,0.322510,-0.400757,0.725830,16.784668,21.240234,32.226562
40849,0.271240,-0.310547,0.701172,14.587402,15.197754,29.785156
40858,0.194946,-0.259644,0.616577,12.084961,8.666992,26.123047
40867,0.047119,-0.317871,0.634155,10.375977,2.502441,21.789551
40878,-0.129272,-0.388794,0.699341,8.911133,-2.990723,15.625000
40888,-0.255249,-0.519531,0.791138,8.422852,-7.690430,8.483887
40898,-0.280029,-0.622192,0.895508,7.873535,-10.803223,1.342773
40909,-0.272095,-0.569092,0.947510,7.263184,-15.930176,-11.108398
40919,-0.229980,-0.580566,0.922974,6.896973,-18.859863,-16.906738
40928,-0.176514,-0.565308,0.892212,6.286621,-22.399902,-22.827148
40938,-0.101807,-0.510010,0.865112,5.310059,-26.306152,-29.052734
40948,-0.055542,-0.493408,0.880127,4.394531,-30.395508,-35.522461
40958,-0.064453,-0.482544,0.880127,2.807617,-34.790039,-42.541504
40968,-0.069458,-0.486572,0.848389,1.281738,-39.550781,-50.048828
40979,-0.120972,-0.403442,0.861694,-0.793457,-46.997070,-62.011719
40989,-0.211548,-0.448975,0.773071,-4.089355,-49.316406,-65.551758
40999,-0.231201,-0.170898,0.907104,-5.493164,-50.292969,-67.565918
41009,-0.273438,-0.215698,0.873169,-6.896973,-50.292969,-67.199707
41018,-0.288208,-0.184692,0.841431,-8.544922,-49.072266,-65.551758
41028,-0.234497,-0.230347,0.819946,-9.582520,-47.546387,-62.927246
41038,-0.162231,-0.244385,0.910889,-11.108398,-46.813965,-59.936523
41048,-0.151367,-0.124512,0.851807,-13.305664,-43.762207,-50.292969
41058,-0.110718,-0.177246,0.935913,-13.549805,-42.175293,-44.250488
41068,-0.278076,-0.130737,0.880005,-13.610840,-40.466309,-38.269043
41078,-0.343994,-0.178101,0.952026,-13.366699,-38.085937,-32.653809
41087,-0.440430,-0.317993,0.858521,-13.122559,-35.339355,-27.038574
41098,-0.515869,-0.337280,0.696167,-13.183594,-31.250000,-21.301270
41108,-0.583862,-0.343994,0.562622,-12.634277,-26.245117,-15.075684
41118,-0.675537,-0.259766,0.435303,-12.145996,-13.610840,-2.319336
41128,-0.714844,-0.310181,0.361816,-12.145996,-7.019043,5.004883
41138,-0.585449,-0.313232,0.356934,-13.183594,-0.732422,12.145996
41148,-0.483398,-0.317261,0.372437,-15.014648,5.310059,19.531250
41158,-0.344849,-0.305298,0.452881,-17.211914,10.986328,27.160645
41168,-0.265503,-0.272339,0.519775,-19.348145,14.953613,34.362793
41179,-0.198608,-0.227417,0.568359,-22.583008,20.141602,48.400879
41189,-0.163208,-0.357544,0.711548,-23.559570,21.728516,55.053711
41198,-0.199707,-0.344482,0.734863,-24.414062,22.949219,61.279297
41208,-0.207275,-0.339233,0.739136,-24.902344,24.353027,67.199707
41217,-0.182861,-0.302490,0.725830,-25.207520,25.878906,73.120117
41228,-0.117188,-0.215820,0.696655,-25.939941,27.709961,78.796387
41238,-0.028076,-0.212891,0.689331,-26.489258,28.869629,83.557129
41247,0.018066,-0.204102,0.680176,-27.587891,29.235840,87.158203
41259,0.109741,-0.242432,0.725952,-29.052734,28.930664,90.026855
41268,0.126709,-0.257935,0.731689,-32.714844,26.245117,89.172363
41278,0.095459,-0.228882,0.725464,-34.545898,24.291992,87.341309
41288,0.039429,-0.037964,1.121216,-35.827637,21.667480,84.777832
41298,-0.353760,0.522583,2.332031,-34.606934,20.202637,81.970215
41308,0.466064,-0.308472,3.177368,-22.216797,22.216797,81.787109
41318,0.621338,0.026245,1.651367,-19.958496,28.198242,83.984375
41329,0.797485,-0.047729,0.440063,-22.827148,25.207520,77.758789
41339,0.475220,0.389771,1.314087,-17.333984,19.653320,67.626953
41348,0.323486,0.867554,1.588745,-22.583008,17.028809,65.002441
41358,0.511963,-0.078125,1.496826,-17.822266,16.723633,58.654785
41367,0.962402,-0.049927,1.248291,-15.869141,13.977051,43.701172
41378,0.644043,0.226685,1.451538,-16.723633,10.437012,36.376953
41387,0.399780,-0.290039,1.777344,-11.596680,6.530762,30.395508
41399,0.149414,0.203735,1.344727,-10.681152,2.868652,15.075684
41408,0.094604,-0.075928,1.130981,-8.483887,2.990723,7.019043
41418,0.087646,0.099365,1.159058,-7.995605,-1.770020,-5.065918
41428,-0.218506,0.206177,1.156860,-9.277344,-5.432129,-10.559082
41438,-0.263550,0.079590,1.203491,-7.934570,-6.164551,-14.099121
41447,-0.147827,0.217896,1.228882,-7.568359,-5.432129,-16.723633
41458,0.020386,-0.020508,1.238037,-6.530762,-2.624512,-15.686035
41467,0.099487,-0.071411,1.230591,-4.516602,-2.624512,-13.610840
41479,-0.056274,-0.058472,1.016113,-3.540039,-3.234863,-11.047363
41489,-0.041748,-0.166138,0.968018,-2.563477,-3.601074,-10.131836
41499,-0.090576,-0.033081,1.113403,-3.295898,-3.967285,-10.009766
41509,-0.222534,0.086670,0.803223,-3.601074,-4.211426,-9.643555
41518,-0.142944,0.036011,1.104370,-3.479004,-4.089355,-9.460449
41528,-0.173340,0.049561,0.949219,-3.784180,-3.479004,-8.422852
41537,-0.197510,0.102173,0.939453,-2.685547,0.366211,-4.577637
41549,-0.099731,0.283447,1.031006,-2.319336,1.831055,-2.380371
41559,-0.028564,0.282349,0.899780,-1.953125,2.807617,-0.061035
41568,0.024170,0.057129,0.971069,0.244141,3.295898,1.953125
41577,0.071899,-0.004761,1.060913,1.037598,2.990723,3.051758
41588,0.030029,0.134766,1.069336,-0.183105,2.258301,3.906250
41598,0.002563,0.129761,0.986206,-0.854492,1.770020,5.004883
41609,-0.124146,0.020874,0.985962,0.976562,1.831055,6.347656
41619,-0.202148,0.027710,0.981567,-0.061035,2.868652,6.652832
41628,-0.152588,-0.158569,1.007080,1.342773,3.967285,6.591797
41638,-0.075928,-0.012695,1.010620,0.732422,4.028320,5.981445
41648,-0.031250,-0.043823,1.001953,0.488281,3.845215,6.042480
41657,0.050537,-0.192627,1.002197,1.403809,3.295898,5.249023
41668,0.090698,-0.072021,1.025879,0.915527,2.624512,4.455566
41678,0.121582,-0.092896,1.017944,0.915527,1.953125,4.699707
41688,0.207275,-0.152466,1.048950,0.427246,1.464844,4.760742
41698,0.236816,-0.038574,1.062988,0.610352,0.793457,5.493164
41707,0.248901,-0.076538,1.105591,1.159668,-0.122070,5.432129
41718,0.221313,0.010742,1.151489,1.098633,-1.342773,4.821777
41728,0.095947,0.006714,1.138062,1.098633,-2.685547,3.662109
41738,0.039673,-0.002075,1.108643,1.770020,-3.540039,2.258301
41748,0.021118,0.052002,1.090332,2.136230,-3.051758,0.671387
41759,-0.009644,-0.020142,1.018311,2.807617,-2.685547,-0.061035
41769,-0.035645,-0.051758,1.066162,2.746582,-2.441406,-1.220703
41778,-0.067139,0.034058,0.995361,2.929688,-2.441406,-2.563477
41788,-0.019043,0.013184,0.922607,2.868652,-2.502441,-3.906250
41797,-0.097534,-0.148682,1.013794,2.929688,-2.319336,-4.943848
41807,-0.145508,-0.115601,1.023315,2.685547,-2.380371,-5.920410
41819,-0.091309,0.052124,1.053223,2.746582,-2.014160,-6.713867
41829,-0.096436,0.118530,1.021606,2.624512,-0.854492,-6.530762
41838,0.012451,0.013184,0.920166,2.990723,-0.793457,-6.835937
41848,0.109863,0.028564,0.873169,3.295898,-0.427246,-6.958008
41858,0.129272,0.037720,0.922852,3.051758,-0.122070,-6.530762
41868,0.061768,-0.002563,0.952148,2.685547,-0.732422,-6.286621
41877,-0.083130,0.014038,1.083130,2.624512,-2.136230,-7.141113
41889,0.156372,-0.371094,1.038940,2.990723,-2.258301,-7.934570
41899,0.050049,-0.389160,1.120850,0.854492,-3.784180,-8.544922
41908,-0.126343,-0.322144,1.009277,-0.244141,-5.737305,-9.582520
41918,-0.113037,-0.172485,0.775513,0.000000,-6.347656,-10.253906
41927,0.102905,-0.018799,0.896729,0.305176,-5.859375,-9.704590
41938,0.026855,-0.051880,0.962769,-0.183105,-4.089355,-9.155273
41948,0.014038,-0.112427,0.994629,-1.342773,-2.197266,-7.934570
41957,0.098389,0.010132,1.034180,-2.380371,-2.258301,-9.460449
41969,-0.023437,-0.057983,0.946533,-1.586914,-4.028320,-12.084961
41979,-0.030151,-0.131104,0.991699,-0.488281,-5.676270,-15.686035
41988,-0.017944,-0.145020,1.078003,-0.305176,-7.019043,-19.348145
41998,-0.004883,-0.140869,1.100220,-0.854492,-7.141113,-22.399902
42008,0.051880,-0.092773,1.030762,-1.647949,-6.896973,-24.291992
42017,0.065918,-0.060547,0.963013,-1.647949,-6.530762,-24.902344
42029,-0.005981,-0.150513,0.938843,-1.281738,-6.896973,-25.146484
42039,-0.093872,-0.149170,1.007080,-1.342773,-7.324219,-25.268555
42049,-0.125732,-0.126465,1.044678,-1.586914,-6.958008,-25.573730
42058,-0.103516,-0.119629,1.006348,-1.525879,-6.469727,-25.878906
42068,-0.089233,-0.123413,0.942871,-1.159668,-6.530762,-26.977539
42078,-0.041504,-0.182495,0.936890,-0.854492,-7.019043,-28.198242
42087,0.033447,-0.249512,1.001343,-0.793457,-7.629395,-29.296875
42099,0.102783,-0.209229,1.075439,-1.098633,-8.422852,-32.348633
42109,-0.008667,-0.176392,1.020020,-0.610352,-9.338379,-35.522461
42118,-0.076538,-0.272339,0.908325,-0.183105,-10.009766,-39.245605
42128,0.058350,-0.285767,0.909790,0.061035,-9.643555,-43.945312
42138,0.133911,-0.296997,0.955200,-0.244141,-11.169434,-48.645020
42148,0.155640,-0.258423,1.002808,-0.854492,-12.573242,-52.551270
42157,0.111572,-0.239502,1.022705,-1.220703,-14.404297,-56.457520
42170,0.023926,-0.260132,1.032227,-0.854492,-16.723633,-62.744141
42179,-0.044800,-0.237305,1.016479,-0.915527,-17.456055,-65.917969
42189,-0.126099,-0.235107,0.980957,-0.610352,-17.272949,-67.871094
42199,-0.167969,-0.222168,0.945312,-0.427246,-16.662598,-69.030762
42209,-0.221802,-0.162354,0.936035,-0.305176,-16.113281,-69.030762
42218,-0.273193,-0.114746,0.935425,-0.122070,-15.502930,-67.565918
42228,-0.265503,-0.148071,0.942505,0.183105,-14.526367,-64.880371
42238,-0.268799,-0.143799,0.964844,0.366211,-12.145996,-59.387207
42247,-0.310669,-0.084717,0.988525,0.610352,-10.742188,-55.603027
42258,-0.312012,-0.092773,0.953857,0.793457,-9.216309,-51.330566
42268,-0.334839,-0.088379,0.938110,0.976562,-8.117676,-46.691895
42277,-0.361084,-0.065674,0.956787,1.037598,-6.591797,-41.381836
42288,-0.353516,-0.053833,0.978638,1.098633,-4.943848,-34.912109
42297,-0.315918,-0.058838,0.994629,1.342773,-2.807617,-27.343750
42307,-0.299316,-0.049194,1.007446,1.159668,0.610352,-11.291504
42319,-0.279419,-0.012939,1.042236,1.281738,2.990723,-3.784180
42329,-0.244141,0.029541,1.120239,1.770020,5.371094,3.356934
42338,-0.214600,0.038208,1.148804,2.319336,6.713867,10.070801
42347,-0.214844,-0.018311,1.073975,3.234863,7.812500,16.235352
42357,-0.212646,-0.069946,1.010620,4.211426,9.704590,22.277832
42369,-0.199341,-0.116455,0.972046,4.516602,13.000488,34.729004
42378,-0.190918,-0.145020,0.917603,3.845215,13.732910,39.978027
42388,-0.213745,-0.135986,0.894775,2.990723,14.160156,44.372559
42398,-0.233643,-0.127441,0.878906,2.197266,14.404297,47.729492
42407,-0.240967,-0.151123,0.839844,1.647949,14.892578,50.231934
42418,-0.218872,-0.175171,0.826172,1.037598,15.258789,52.612305
42427,-0.179443,-0.173340,0.851685,0.000000,15.930176,54.016113
42437,-0.134521,-0.142212,0.900146,-0.671387,16.479492,54.687500
42449,-0.076172,-0.210205,0.928467,-1.159668,16.906738,55.358887
42458,-0.023437,-0.226196,0.994873,-1.892090,16.845703,54.199219
42468,0.029541,-0.270142,1.041504,-1.525879,16.845703,52.246094
42478,0.055176,-0.334229,1.025513,-1.220703,16.052246,49.438477
42487,0.053101,-0.380127,0.985596,-1.220703,14.953613,45.898437
42498,0.045776,-0.400391,0.959473,-1.342773,13.916016,42.175293
42507,0.058960,-0.397461,0.947144,-1.281738,13.000488,38.269043
42520,0.063110,-0.355835,0.991943,-1.220703,11.230469,30.761719
42529,0.067383,-0.394287,1.017334,-1.098633,10.986328,27.526855
42539,0.086914,-0.460449,0.997070,-0.976562,10.559082,23.986816
42548,0.077515,-0.468140,0.972900,-1.342773,9.887695,20.324707
42561,0.114380,-0.427368,0.968750,-2.075195,8.178711,13.000488
42571,0.112549,-0.298462,1.052612,-2.075195,5.493164,9.094238
42581,0.083740,-0.325928,1.021484,-1.098633,3.845215,5.676270
42590,0.068848,-0.341064,1.004395,-0.488281,3.540039,3.784180
42600,0.075439,-0.304321,1.006104,-0.732422,3.479004,2.868652
42610,0.057739,-0.291992,0.977661,-0.732422,2.563477,1.770020
42619,0.029785,-0.294922,0.918335,-0.854492,1.403809,0.976562
42629,0.025635,-0.269897,0.904175,-1.159668,1.281738,1.037598
42638,0.027100,-0.235107,0.931519,-1.770020,1.159668,1.647949
42647,0.021362,-0.219360,0.951782,-2.014160,0.793457,1.586914
42659,-0.006592,-0.198730,1.024658,-2.014160,0.427246,2.990723
42669,-0.015747,-0.265991,1.008301,-1.342773,0.427246,3.356934
42678,-0.042358,-0.310181,0.976318,-1.037598,0.122070,2.868652
42688,-0.046509,-0.224976,1.032104,-1.647949,0.183105,1.831055
42697,-0.061890,-0.218262,0.985229,-1.525879,0.061035,0.305176
42708,-0.110840,-0.210449,0.916748,-1.281738,-0.183105,-1.525879
42717,-0.157837,-0.204956,0.970947,-1.159668,0.000000,-2.136230
42729,-0.156494,-0.248901,0.983765,-0.732422,0.427246,-1.098633
42739,-0.130249,-0.134766,1.057495,-1.770020,2.136230,0.183105
42748,-0.130249,-0.158081,0.978394,-1.464844,2.685547,1.647949
42758,-0.108887,-0.093506,1.003174,-1.464844,3.479004,2.685547
42767,-0.108765,-0.208984,0.972900,-1.098633,3.967285,4.028320
42778,-0.108887,-0.279053,0.970215,-0.854492,4.272461,5.065918
42787,-0.074219,-0.171875,1.060181,-1.708984,4.272461,5.615234
42799,-0.018311,-0.159424,0.993408,-1.586914,3.723145,6.225586
42809,-0.005249,-0.223267,0.965942,-0.915527,4.089355,5.432129
42818,-0.000244,-0.294312,0.935547,-0.732422,3.662109,4.638672
42828,0.071899,-0.198364,1.007813,-1.098633,3.479004,2.929688
42837,0.050293,-0.228027,0.949219,-0.976562,3.173828,1.037598
42847,0.074585,-0.145386,0.990112,-0.671387,2.624512,-0.976562
42859,0.012939,-0.345215,0.959595,-0.305176,1.892090,-5.065918
42869,0.064941,-0.248657,1.033203,-0.976562,1.403809,-6.530762
42878,0.100220,0.115967,0.990112,-1.159668,0.854492,-7.751465
42887,0.066528,-0.023926,1.031006,-0.915527,-0.061035,-8.789063
42898,0.203125,-0.308472,1.062012,-0.427246,-0.366211,-9.582520
42907,-0.036377,-0.309570,1.176758,-1.037598,-0.061035,-9.277344
42918,0.039673,-0.088135,1.022827,-1.586914,0.671387,-9.033203
42928,0.092529,0.098389,0.929565,-1.159668,0.976562,-9.094238
42937,-0.095703,-0.052490,0.818237,1.403809,-0.061035,-10.131836
42949,-0.046143,-0.231201,1.122070,0.488281,0.854492,-10.314941
42958,-0.001709,-0.029785,1.104004,-1.098633,0.610352,-11.474609
42968,-0.093994,0.103149,1.001953,-1.159668,-0.305176,-11.962891
42978,-0.113159,0.063110,0.944336,-0.427246,0.000000,-10.742188
42987,-0.060669,0.014404,0.947021,0.061035,1.525879,-8.117676
42998,-0.004883,0.062744,1.019409,-0.488281,2.441406,-5.615234
43007,0.008545,0.136597,1.052368,-0.793457,3.112793,0.854492
43018,-0.018921,0.058838,1.031982,-0.915527,3.601074,4.394531
43028,0.065674,0.035522,0.979370,-0.732422,3.906250,7.263184
43038,0.076538,0.038330,1.003906,-0.915527,3.479004,10.253906
43047,0.075928,0.017212,1.000977,-0.854492,3.173828,12.329102
43057,0.076416,-0.049316,0.981201,-0.976562,3.051758,14.953613
43068,0.043335,-0.000854,1.023438,-1.586914,3.234863,17.578125
43077,0.059814,0.054565,1.014282,-1.708984,3.356934,19.836426
43088,0.005249,0.070801,1.016357,-1.220703,3.234863,20.507812
43098,-0.007568,-0.003052,0.981079,-0.793457,3.295898,20.935059
43108,-0.007324,-0.014771,1.011841,-1.281738,3.234863,21.789551
43117,-0.103882,-0.017944,0.983765,-1.342773,2.807617,22.583008
43128,-0.216309,-0.040894,0.870117,-0.549316,3.601074,22.094727
43137,-0.172852,-0.160034,0.979126,-0.244141,4.333496,21.972656
43149,-0.137207,-0.304199,1.039429,-0.366211,6.103516,19.409180
43159,-0.128906,-0.170288,1.146851,-1.953125,6.835937,19.104004
43168,-0.142578,0.175537,1.047852,-3.112793,6.652832,18.737793
43177,-0.042114,0.276367,1.028320,-2.502441,6.652832,18.615723
43188,-0.203979,0.188232,0.982422,-1.037598,5.798340,18.859863
43197,-0.187500,-0.064087,0.887817,0.061035,5.676270,19.897461
43208,0.019043,-0.206787,0.894165,0.061035,6.591797,22.094727
43219,0.176270,0.006348,1.028198,-1.281738,7.263184,26.672363
43228,0.200928,0.041138,1.046265,-2.136230,7.690430,29.418945
43237,0.174561,-0.064819,1.100220,-1.403809,7.873535,31.982422
43248,0.081299,-0.133667,0.933716,-1.342773,7.141113,33.264160
43258,0.056641,-0.097290,0.890869,-1.647949,6.835937,34.179687
43267,-0.038452,-0.115967,0.844238,-2.136230,6.469727,34.606934
43278,-0.049561,-0.033081,0.901489,-2.136230,5.920410,33.874512
43289,0.055786,-0.156372,1.008301,-1.647949,5.371094,30.090332
43298,0.077637,-0.203857,0.999634,-1.098633,4.516602,27.526855
43307,0.188477,-0.160400,1.010376,-1.464844,3.723145,25.634766
43318,0.183960,-0.043579,1.116211,-2.258301,2.929688,25.512695
43328,0.191528,0.051392,1.087280,-2.441406,1.831055,25.634766
43337,0.138306,-0.036621,0.961060,-1.770020,1.281738,26.000977
43349,0.044189,-0.183838,0.861206,-0.671387,1.831055,27.587891
43358,0.037842,-0.253296,0.921753,-1.647949,2.136230,27.099609
43367,0.047852,-0.134155,1.100830,-2.563477,1.525879,26.489258
43378,0.035645,-0.079590,1.071655,-2.441406,0.549316,25.878906
43388,0.067261,-0.120117,0.967407,-1.647949,-0.244141,25.207520
43397,0.030640,-0.185303,0.942627,-0.793457,-0.915527,25.268555
43408,0.074585,-0.260986,0.907349,-0.610352,-1.281738,25.085449
43417,0.073120,-0.204712,0.948975,-1.037598,-1.281738,24.597168
43430,0.092529,-0.177490,1.028687,-0.976562,-1.220703,22.949219
43439,0.052490,-0.211792,1.013794,-0.671387,-1.464844,21.606445
43448,0.014526,-0.262573,0.996338,-0.488281,-1.892090,19.409180
43458,0.021729,-0.318481,0.987305,-0.610352,-2.380371,16.845703
43468,-0.050293,-0.218506,1.017822,-1.464844,-2.807617,14.099121
43478,-0.052734,-0.175537,1.002808,-1.281738,-3.723145,11.047363
43487,0.021484,-0.221802,0.998535,-0.732422,-3.967285,7.995605
43500,-0.009888,-0.299438,0.945435,-0.488281,-5.249023,2.258301
43509,0.021362,-0.230469,1.032471,-0.793457,-5.065918,-0.427246
43519,-0.017700,-0.236206,1.014038,-0.793457,-5.187988,-2.929688
43528,0.027954,-0.264771,1.028564,-0.854492,-5.249023,-5.493164
43537,-0.011963,-0.254883,0.999634,-0.854492,-5.249023,-7.873535
43548,-0.035400,-0.295898,0.970825,-0.610352,-5.554199,-10.131836
43558,0.045410,-0.220337,1.020142,-0.793457,-5.493164,-12.695313
43569,0.063843,-0.233643,1.007690,-0.366211,-6.713867,-17.517090
43578,0.126343,-0.197021,0.973755,0.183105,-7.263184,-19.409180
43588,0.063721,-0.138916,0.922363,-0.122070,-7.629395,-20.141602
43598,0.107910,-0.080566,0.986328,0.000000,-7.385254,-20.080566
43608,0.113770,-0.077881,0.984009,0.061035,-7.202148,-19.470215
43618,0.135864,-0.139038,0.966309,0.000000,-7.751465,-18.615723
43627,0.178101,-0.120972,1.029419,-0.244141,-7.995605,-17.822266
43639,0.221558,-0.061401,1.085571,-0.732422,-8.605957,-16.418457
43648,0.208374,-0.198120,1.024048,-0.244141,-8.972168,-15.991211
43658,0.183472,-0.242187,0.973145,-0.427246,-9.765625,-16.174316
43667,0.152222,-0.120605,0.978271,-0.976562,-10.131836,-16.479492
43678,0.175903,-0.119141,0.939453,-0.793457,-10.375977,-16.845703
43687,0.148437,-0.173828,0.967529,-0.915527,-10.681152,-16.906738
43698,0.158203,-0.228638,0.883667,-0.732422,-10.559082,-17.395020
43709,0.122437,-0.143433,0.979614,-0.732422,-11.901855,-18.249512
43718,0.089600,-0.140991,1.022217,-0.915527,-12.329102,-19.042969
43728,0.068604,-0.192993,0.980225,-0.793457,-12.817383,-20.080566
43737,0.022705,-0.174805,0.967285,-1.037598,-13.366699,-21.789551
43748,0.011108,-0.132080,0.994629,-1.586914,-13.427734,-23.437500
43757,0.011108,-0.162964,0.981445,-1.403809,-12.939453,-25.268555
43768,0.016968,-0.192017,1.015625,-1.586914,-13.305664,-27.038574
43777,0.028320,-0.207520,0.993530,-1.708984,-14.160156,-31.127930
43789,-0.000732,-0.184326,0.993286,-1.647949,-14.221191,-33.020020
43798,-0.012085,-0.219849,1.007202,-1.403809,-14.343262,-34.606934
43807,-0.052734,-0.261963,0.947021,-1.220703,-14.404297,-35.888672
43818,-0.062988,-0.165527,1.013916,-1.708984,-13.916016,-36.804199
43828,-0.088257,-0.191162,0.942505,-1.647949,-13.549805,-37.475586
43837,-0.059570,-0.209839,0.975586,-1.464844,-13.000488,-37.963867
43850,-0.028564,-0.140137,0.964233,-1.525879,-12.268066,-37.963867
43859,-0.048828,-0.186401,0.908203,-1.159668,-11.840820,-37.109375
43869,-0.021606,-0.210937,0.958374,-1.220703,-11.169434,-36.132812
43878,-0.035034,-0.227905,0.939575,-1.159668,-10.498047,-34.484863
43887,-0.001831,-0.149902,1.039185,-1.525879,-9.643555,-32.592773
43898,-0.041016,-0.171997,1.034790,-1.403809,-9.033203,-30.517578
43908,-0.046753,-0.200928,1.028198,-1.159668,-8.850098,-28.137207
43919,-0.073730,-0.123291,0.992676,-1.403809,-7.446289,-22.033691
43929,-0.100586,-0.120361,1.016846,-1.647949,-6.408691,-18.920898
43938,-0.105713,-0.155151,0.930664,-1.647949,-5.615234,-15.808105
43948,-0.114990,-0.082153,0.943481,-1.708984,-4.699707,-12.756348
43957,-0.104858,-0.112549,0.952759,-1.525879,-3.967285,-9.948730
43968,-0.120483,-0.102051,0.993530,-1.647949,-3.356934,-7.873535
43977,-0.148804,-0.096802,0.970581,-1.464844,-2.929688,-6.286621
43989,-0.150757,-0.100586,1.020630,-1.525879,-2.319336,-2.868652
43998,-0.116455,-0.138184,1.018555,-1.464844,-1.647949,-1.831055
44008,-0.111816,-0.093994,1.049194,-1.892090,-2.014160,-0.976562
44017,-0.082397,-0.165039,1.024902,-2.197266,-1.892090,-0.427246
44028,-0.067993,-0.144409,1.024048,-2.075195,-2.136230,-0.122070
44038,-0.096558,-0.109619,0.984497,-2.319336,-2.563477,0.183105
44047,-0.077393,-0.117554,0.991455,-2.136230,-2.197266,0.854492
44060,-0.109253,-0.208862,0.919312,-2.014160,-1.586914,2.197266
44069,-0.103027,-0.167236,0.979614,-1.831055,-1.342773,3.234863
44078,-0.077148,-0.235107,0.988159,-1.586914,-0.793457,4.333496
44088,-0.081299,-0.237061,1.002686,-1.708984,-0.793457,4.882812
44097,-0.116821,-0.220703,1.000610,-1.953125,-1.159668,4.882812
44107,-0.074829,-0.295654,1.009644,-2.075195,-1.403809,4.577637
44119,-0.091919,-0.296021,1.022705,-1.953125,-2.075195,3.601074
44128,-0.100220,-0.302490,0.956543,-2.014160,-1.892090,3.173828
44139,-0.089844,-0.333496,0.958252,-1.831055,-1.770020,2.807617
44148,-0.095703,-0.367676,0.927124,-1.831055,-1.708984,1.831055
44158,-0.069946,-0.369019,0.963989,-1.586914,-1.464844,0.915527
44168,-0.075317,-0.391479,0.969604,-1.464844,-1.464844,0.122070
44177,-0.071655,-0.376343,0.976807,-1.586914,-1.647949,-1.220703
44188,-0.071411,-0.388062,1.012329,-1.892090,-2.136230,-2.075195
44197,-0.070435,-0.375854,0.989136,-1.831055,-2.685547,-4.211426
44208,-0.078613,-0.393066,0.986694,-1.831055,-2.685547,-5.249023
44218,-0.043335,-0.384888,0.990234,-1.708984,-2.685547,-5.859375
44227,-0.068848,-0.386597,0.926392,-1.525879,-2.319336,-5.981445
44238,-0.039795,-0.431274,0.903809,-1.464844,-2.075195,-5.493164
44248,-0.006470,-0.403442,0.944824,-1.586914,-1.647949,-4.699707
44258,-0.035767,-0.368652,0.975220,-2.014160,-1.464844,-4.028320
44269,-0.009521,-0.325562,0.997559,-1.892090,-1.586914,-1.892090
44278,-0.039795,-0.382690,0.984009,-1.647949,-1.464844,-1.098633
44288,-0.077148,-0.358765,0.961426,-1.708984,-1.831055,-0.488281
44298,-0.090454,-0.327759,0.966797,-1.831055,-1.220703,0.183105
44307,-0.104614,-0.340454,0.956177,-1.831055,-1.159668,1.159668
44318,-0.069214,-0.283447,0.989136,-2.136230,-1.403809,2.136230
44327,-0.039185,-0.266235,1.024292,-1.831055,-1.464844,3.051758
44339,-0.054687,-0.356079,0.967407,-1.403809,-1.647949,5.065918
44348,-0.088989,-0.314331,0.985107,-1.464844,-1.647949,6.530762
44358,-0.075195,-0.277100,0.980469,-1.525879,-0.854492,7.995605
44368,-0.123413,-0.301880,0.953735,-1.281738,-0.122070,9.460449
44378,-0.116577,-0.314575,0.958984,-1.037598,-0.061035,10.437012
44388,-0.115723,-0.302246,0.971802,-1.159668,-0.793457,11.413574
44397,-0.093872,-0.278809,0.962402,-1.037598,-1.098633,11.718750
44407,-0.112305,-0.265747,0.945679,-1.342773,-1.281738,12.207031
44419,-0.131592,-0.284546,0.921753,-1.892090,-1.220703,12.268066
44428,-0.130371,-0.255859,0.951904,-2.563477,-1.159668,12.207031
44438,-0.165649,-0.202026,0.990234,-2.807617,-0.671387,11.352539
44447,-0.194458,-0.208984,1.009277,-2.624512,-0.915527,9.826660
44458,-0.175049,-0.194458,1.026367,-2.380371,-1.403809,7.141113
44467,-0.176880,-0.201538,0.994507,-2.075195,-2.075195,4.455566
44479,-0.210449,-0.148682,0.998901,-1.953125,-2.624512,-1.159668
44488,-0.169922,-0.157471,0.975586,-1.464844,-2.136230,-3.295898
44498,-0.194092,-0.123169,0.998291,-1.586914,-1.281738,-4.699707
44507,-0.190430,-0.140137,0.981567,-1.281738,-0.854492,-6.042480
44518,-0.190796,-0.059204,1.039795,-1.159668,-0.061035,-7.263184
44528,-0.181519,-0.092163,1.009399,-1.159668,0.366211,-8.666992
44539,-0.200562,-0.103271,0.989502,-1.037598,-0.305176,-13.977051
44549,-0.136230,-0.000366,1.016724,-1.098633,0.000000,-15.991211
44558,-0.047974,-0.012451,1.016113,-0.976562,0.488281,-17.761230
44567,0.026611,0.028687,1.036011,-1.159668,0.671387,-18.798828
44578,0.068970,0.020264,1.040161,-0.793457,0.732422,-19.287109
44588,0.094360,0.000122,1.033569,-0.427246,0.305176,-19.409180
44597,0.130981,0.000854,1.074219,-0.366211,0.000000,-19.714355
44608,0.084351,0.044312,1.095703,-0.244141,-0.061035,-19.531250
44619,0.077759,0.020630,1.065430,15.502930,-1.281738,-19.165039
44628,0.063721,0.023437,1.058838,0.427246,-1.586914,-18.798828
44638,0.057129,0.010864,1.012695,0.427246,-1.708984,-17.883301
44648,0.041138,0.020996,1.000000,-0.061035,-2.319336,-16.906738
44657,-0.019531,0.046265,0.968140,-0.122070,-2.441406,-16.052246
44668,-0.008911,0.011841,0.951050,-0.427246,-2.197266,-15.075684
44678,-0.093384,0.019043,0.953491,-0.793457,-1.647949,-14.282227
44687,-0.091064,0.043091,1.027710,-0.976562,-0.732422,-13.305664
44699,-0.118408,-0.031494,0.950562,-1.098633,-0.610352,-13.549805
44709,-0.107422,-0.008789,0.963135,-1.220703,0.061035,-13.916016
44718,-0.078003,0.034546,1.003296,-1.525879,-0.061035,-14.343262
44728,-0.059570,0.057983,1.035034,-1.220703,-0.183105,-14.953613
44737,-0.042603,0.055420,1.024170,-0.976562,-0.549316,-15.502930
44749,-0.029785,0.025757,0.995361,-0.549316,-0.793457,-15.747070
44759,-0.030884,0.029785,1.007935,-0.732422,-0.488281,-15.625000
44768,-0.031372,0.071655,1.028320,-0.976562,-0.305176,-15.197754
44778,-0.072876,0.013916,1.030396,-0.549316,0.061035,-14.221191
44787,-0.109375,-0.015015,1.001221,-0.366211,0.061035,-13.305664
44798,-0.206055,-0.051147,0.978882,-0.305176,0.549316,-13.000488
44808,-0.194336,0.027588,0.980469,-0.488281,1.892090,-12.695313
44819,-0.223389,0.042969,0.969727,-0.366211,3.173828,-12.451172
44829,-0.192017,0.032837,0.968140,-0.183105,3.295898,-12.878418
44838,-0.182861,0.034424,1.009033,0.183105,3.540039,-13.366699
44847,-0.198242,0.053345,1.029541,0.183105,3.784180,-13.732910
44858,-0.215576,-0.036255,0.997437,0.305176,4.333496,-13.793945
44867,-0.162231,-0.039795,0.972534,0.244141,5.004883,-13.854980
44878,-0.155518,-0.062988,0.990723,0.610352,6.042480,-14.038086
44887,-0.153687,-0.075684,0.959106,0.549316,6.286621,-14.099121
44899,-0.211182,-0.073853,0.992798,0.122070,5.920410,-14.465332
44908,-0.194824,-0.084595,1.001221,-0.244141,7.080078,-14.587402
44918,-0.129883,-0.118164,0.966675,-0.183105,7.385254,-14.221191
44928,-0.081909,-0.141357,0.959106,-0.244141,7.934570,-13.671875
44938,-0.065796,-0.173096,0.957397,-0.427246,8.239746,-12.512207
44948,-0.040527,-0.224121,0.938843,-0.427246,8.850098,-10.192871
44957,-0.040894,-0.215332,0.968140,-0.549316,9.277344,-7.934570
44969,-0.119385,-0.223389,0.962769,-0.671387,11.169434,-1.831055
44978,-0.105957,-0.226196,0.961670,-0.427246,12.268066,1.770020
44988,-0.142822,-0.235962,0.974487,-0.366211,13.122559,5.126953
44997,-0.154297,-0.228394,0.978760,0.000000,13.366699,7.873535
45008,-0.161255,-0.281494,0.994507,0.183105,13.427734,9.826660
45018,-0.169434,-0.305664,0.970459,0.366211,13.488770,11.169434
45027,-0.162720,-0.332397,0.935791,0.305176,13.061523,12.390137
45039,-0.206787,-0.307861,0.906250,0.122070,13.244629,15.014648
45048,-0.240234,-0.311768,0.895508,0.000000,14.892578,16.845703
45058,-0.198242,-0.302002,0.929321,0.122070,15.869141,18.798828
45068,-0.230713,-0.321289,0.992920,-0.183105,16.235352,20.507812
45077,-0.146484,-0.347412,1.012817,-0.183105,16.662598,21.240234
45088,-0.152954,-0.371948,1.030884,-0.305176,16.662598,21.423340
45097,-0.146362,-0.404663,1.024658,-0.366211,16.174316,20.751953
45110,-0.110596,-0.456543,1.030273,0.000000,15.808105,17.272949
45119,-0.146362,-0.430054,0.966431,0.122070,15.563965,14.648438
45128,-0.142578,-0.511841,0.905396,0.183105,15.075684,11.962891
45137,-0.147583,-0.510254,0.875000,0.183105,14.831543,9.765625
45148,-0.045410,-0.499756,0.881836,-0.122070,14.892578,7.873535
45157,-0.031982,-0.571289,0.864624,-0.427246,13.793945,5.920410
45168,0.003296,-0.551025,0.891846,-0.793457,13.732910,4.577637
45177,0.021118,-0.479492,0.993042,-1.281738,12.512207,2.685547
45188,0.079956,-0.546265,1.012085,-1.403809,12.329102,2.075195
45198,0.104492,-0.524780,1.031982,-1.586914,11.840820,1.831055
45208,0.124512,-0.442261,0.974854,-1.708984,11.352539,2.380371
45217,0.137939,-0.396973,0.986328,-1.586914,10.681152,3.356934
45228,0.164917,-0.375854,0.999756,-1.037598,10.437012,4.516602
45239,0.151978,-0.396973,0.970215,-0.427246,9.277344,6.225586
45248,0.164917,-0.456055,0.940186,-0.366211,8.483887,6.164551
45257,0.199707,-0.456909,0.963135,-0.183105,7.385254,5.676270
45268,0.211548,-0.489380,0.998535,-0.427246,6.469727,4.516602
45278,0.259521,-0.385376,1.035645,-0.732422,5.310059,3.051758
45287,0.242310,-0.318481,1.018799,-0.854492,3.479004,0.915527
45298,0.269043,-0.349487,1.019653,-0.488281,1.647949,-1.586914
45309,0.248535,-0.368774,1.038086,-0.061035,-1.403809,-6.347656
45319,0.293823,-0.365601,1.014648,0.000000,-3.173828,-8.483887
45328,0.274414,-0.282349,0.990723,0.061035,-4.272461,-10.925293
45337,0.224487,-0.267456,0.972290,0.488281,-5.004883,-12.817383
45348,0.222168,-0.247803,0.994019,0.549316,-5.798340,-14.038086
45358,0.159668,-0.317749,0.987061,0.671387,-6.225586,-14.892578
45367,0.182251,-0.226807,1.002808,0.244141,-6.469727,-15.747070
45379,0.178711,-0.118164,0.932007,-0.122070,-6.835937,-17.578125
45388,0.216553,-0.106934,0.915161,0.061035,-7.202148,-18.859863
45398,0.214233,-0.048950,0.899170,0.183105,-7.629395,-19.958496
45407,0.243042,-0.074585,0.876953,0.305176,-8.056641,-21.057129
45418,0.202637,-0.113159,0.959839,-0.061035,-8.789063,-21.911621
45428,0.195435,-0.102539,0.998291,-0.793457,-9.094238,-22.644043
45438,0.221802,-0.062378,1.094727,-1.770020,-8.789063,-23.071289
45448,0.234863,0.010864,1.172485,-2.502441,-8.422852,-23.315430
45459,0.074829,0.069702,1.153687,-2.685547,-8.605957,-25.024414
45469,0.053345,0.039917,1.000000,-1.953125,-8.728027,-26.855469
45478,0.161621,0.011108,0.927856,-1.281738,-9.094238,-29.541016
45488,0.155273,0.048462,0.965942,-0.854492,-9.826660,-32.165527
45497,0.140991,-0.136353,0.878296,-0.366211,-10.986328,-34.179687
45508,0.160034,-0.149780,1.000854,-0.732422,-11.352539,-35.644531
45517,0.109741,-0.065186,1.160767,-1.708984,-12.084961,-35.705566
45529,0.187134,-0.151611,1.037598,-1.953125,-9.521484,-32.897949
45539,0.169800,-0.062012,1.103394,-0.915527,-9.338379,-31.250000
45548,0.178223,-0.218140,0.853271,0.488281,-9.094238,-30.029297
45558,0.079224,-0.292603,0.822021,0.610352,-8.972168,-28.564453
45568,0.067993,-0.178589,0.915527,-0.549316,-9.521484,-27.832031
45578,-0.049072,-0.060913,0.885864,-1.098633,-9.582520,-28.320312
45587,-0.093262,-0.066406,0.760498,-1.342773,-8.911133,-28.198242
45599,-0.106689,0.070435,0.901123,-1.708984,-6.103516,-26.550293
45608,-0.111572,0.108887,1.034058,-2.502441,-5.004883,-25.146484
45618,-0.201538,0.230835,1.151855,-2.807617,-3.540039,-23.864746
45627,-0.231445,0.316528,1.204712,-1.892090,-1.770020,-23.193359
45638,-0.233521,0.229370,1.163452,-0.427246,0.061035,-23.620605
45647,-0.192749,0.114258,1.119141,0.610352,0.732422,-24.658203
45659,-0.124756,0.095459,1.087036,0.671387,0.427246,-27.832031
45668,-0.092041,0.088867,0.992798,0.366211,0.244141,-27.954102
45679,0.084961,0.009521,0.960205,0.366211,0.793457,-26.977539
45688,0.175781,-0.041016,0.954224,0.183105,1.281738,-25.085449
45697,0.188110,-0.043823,0.968384,-0.305176,1.953125,-22.094727
45708,0.227173,-0.036377,1.001465,-1.281738,2.624512,-18.737793
45717,0.212646,0.032715,1.030762,-1.953125,2.441406,-15.686035
45728,0.217651,0.061157,1.080200,-2.136230,2.319336,-13.000488
45739,0.188477,0.027710,1.027832,-1.586914,1.220703,-9.216309
45749,0.148437,-0.051392,1.015625,-1.403809,0.732422,-8.056641
45758,0.146606,-0.040894,1.005371,-1.342773,0.122070,-7.080078
45768,0.040771,-0.054687,0.951294,-1.586914,-0.671387,-5.310059
45778,0.009521,-0.097290,0.936646,-1.464844,-0.122070,-2.563477
45788,-0.056396,-0.031372,0.904175,-1.098633,0.793457,0.549316
45797,-0.067261,-0.036133,0.990967,-0.610352,1.342773,3.540039
45809,-0.189087,-0.068237,1.001953,-0.366211,1.586914,5.554199
45818,-0.200562,-0.046143,1.064453,-0.122070,2.197266,7.690430
45827,-0.184937,0.044312,1.078247,-0.183105,2.746582,8.056641
45838,-0.120239,0.044189,1.048828,-0.244141,3.051758,8.361816
45847,-0.129761,-0.004272,1.000488,-0.244141,2.502441,8.544922
45858,-0.077271,0.034546,1.017944,0.061035,1.586914,8.972168
45867,0.004395,-0.102173,0.943115,0.488281,1.647949,9.887695
45880,-0.501709,-0.262085,1.183838,0.854492,8.666992,11.901855
45889,-0.101318,-0.450317,1.314087,1.831055,13.549805,11.047363
45898,0.197266,-0.063477,1.411377,2.990723,12.145996,8.422852
45907,-0.086670,0.108032,0.868286,4.333496,5.187988,4.882812
45918,-0.310791,-0.050049,0.565796,3.723145,0.854492,2.075195
45927,-0.377808,-0.190674,0.717896,1.342773,1.708984,3.479004
45939,-0.125488,0.135498,0.896118,-2.990723,5.371094,6.103516
45948,0.087646,0.537231,1.118652,0.061035,6.896973,10.559082
45958,0.073608,-0.088623,1.110596,3.234863,7.873535,14.160156
45967,0.025269,-0.255615,1.179932,2.197266,8.178711,15.502930
45978,-0.014526,0.023193,1.181885,-0.488281,7.934570,15.930176
45987,-0.138916,0.195435,1.049316,-1.342773,6.042480,14.404297
45998,-0.240112,-0.001709,0.982178,0.000000,4.333496,11.718750
46007,-0.241333,-0.138306,0.838867,2.197266,3.295898,9.887695
46019,-0.038696,-0.196899,1.001831,0.915527,4.638672,10.437012
46029,-0.028198,-0.111206,0.979126,-0.854492,5.920410,13.122559
46038,-0.009644,-0.031616,0.921753,-2.014160,5.859375,15.380859
46048,0.006470,-0.125488,0.915894,-1.647949,6.042480,16.479492
46058,0.047974,-0.183838,0.973022,-0.732422,5.920410,16.784668
46068,0.080811,-0.198975,0.979858,0.122070,5.126953,16.418457
46079,0.032593,-0.254883,0.993408,-1.159668,3.051758,14.526367
46088,-0.101318,-0.188965,1.015869,-1.770020,2.624512,14.160156
46098,-0.114502,-0.129028,0.996338,-1.647949,2.502441,13.610840
46108,-0.098022,-0.169312,0.964600,-0.915527,2.136230,13.183594
46118,-0.055786,-0.261719,0.992798,-0.366211,2.502441,12.817383
46128,-0.068726,-0.312500,0.957520,-0.122070,2.319336,12.573242
46137,-0.004272,-0.255249,1.013672,-0.671387,2.136230,12.512207
46150,0.001343,-0.153931,0.980957,-0.671387,1.342773,12.573242
46160,-0.015259,-0.181641,0.895142,0.000000,0.854492,13.000488
46169,0.040771,-0.231934,0.947998,0.366211,0.854492,13.305664
46179,0.012573,-0.188232,0.968750,0.122070,0.671387,13.671875
46188,0.045898,-0.185913,0.987549,-0.183105,0.610352,13.977051
46198,0.024536,-0.186890,0.968384,-0.854492,0.061035,14.038086
46208,-0.000244,-0.110840,0.980591,-0.793457,-0.671387,14.099121
46218,0.015503,-0.144043,0.985596,-0.427246,-1.525879,14.343262
46229,0.054443,-0.262207,1.043213,-0.183105,-2.441406,14.160156
46239,0.013306,-0.224976,1.085693,-0.732422,-3.295898,14.099121
46249,0.012085,-0.272705,0.970337,-1.098633,-4.028320,13.854980
46258,-0.020386,-0.373779,0.938843,-1.037598,-4.272461,14.099121
46268,0.011963,-0.274780,0.956055,-1.281738,-4.333496,14.343262
46278,-0.037720,-0.273560,0.922729,-1.525879,-4.394531,13.427734
46290,-0.095703,-0.235107,1.065308,-2.502441,-4.821777,10.986328
46300,-0.055176,-0.205811,1.023438,-2.868652,-5.432129,8.911133
46310,-0.070801,-0.233276,1.072998,-2.746582,-6.042480,6.530762
46319,-0.036865,-0.246948,1.091675,-2.380371,-6.652832,4.028320
46329,-0.011475,-0.269287,1.018066,-2.197266,-7.385254,1.586914
46339,-0.006226,-0.220947,1.012085,-2.014160,-7.629395,-0.549316
46348,-0.021606,-0.182861,1.002319,-1.770020,-7.385254,-2.563477
46358,0.003662,-0.248657,0.928589,-1.586914,-8.117676,-6.713867
46368,-0.020264,-0.172241,0.905884,-1.525879,-7.690430,-8.300781
46377,-0.062866,-0.229004,0.928223,-1.953125,-7.751465,-10.253906
46388,-0.079346,-0.095947,0.973877,-2.136230,-7.568359,-12.695313
46398,-0.050171,-0.090454,0.982788,-2.075195,-7.568359,-14.831543
46407,-0.041748,-0.075073,1.043335,-2.197266,-8.117676,-16.784668
46418,-0.016968,-0.020874,1.121338,-2.014160,-7.934570,-18.737793
46428,-0.022095,-0.015625,1.056885,-1.892090,-7.324219,-22.460937
46438,0.004395,-0.032959,1.041748,-1.281738,-7.141113,-24.291992
46447,0.033081,-0.062378,0.892090,-0.976562,-6.958008,-25.512695
46458,0.004395,-0.035645,0.938232,-0.793457,-6.530762,-26.367187
46468,-0.001343,-0.088257,0.960815,-0.549316,-5.859375,-27.160645
46478,0.004517,-0.109253,1.025269,-0.122070,-5.859375,-27.893066
46487,0.029053,-0.118530,1.074463,-0.061035,-5.554199,-28.381348
46499,-0.052612,-0.210571,1.040527,0.122070,-4.699707,-29.785156
46509,-0.036865,-0.392334,0.581299,0.427246,-4.089355,-29.968262
46519,-0.009521,-0.351563,0.618408,-1.159668,-3.112793,-29.479980
46528,-0.007690,-0.123413,0.787598,-3.906250,-2.441406,-28.076172
46538,-0.017212,0.095947,1.026611,-4.455566,-1.464844,-27.038574
46548,-0.014038,0.057251,1.175781,-3.845215,-0.976562,-26.611328
46558,-0.031616,0.007202,1.333374,-3.234863,-0.610352,-26.672363
46568,-0.038818,-0.101807,1.187866,-1.647949,-0.976562,-29.174805
46578,0.017700,-0.188110,0.979614,-1.037598,-0.427246,-28.869629
46588,0.108154,-0.004272,0.922485,-1.586914,-0.061035,-27.099609
46598,0.081299,0.109741,0.901367,-1.220703,0.793457,-24.230957
46607,0.050049,0.121582,0.997192,-0.610352,2.136230,-19.958496
46618,0.021851,-0.018555,0.996826,0.000000,3.356934,-15.563965
46628,0.028442,-0.040405,1.118286,0.244141,3.845215,-12.390137
46638,-0.001343,0.016602,1.154907,-0.183105,3.662109,-8.300781
46649,-0.063599,0.009399,0.971069,-0.244141,2.807617,-6.835937
46659,-0.235474,-0.039063,0.883545,-0.244141,3.784180,-4.882812
46668,-0.204712,-0.071899,0.884277,-0.122070,5.920410,-2.929688
46678,-0.218750,-0.074219,1.000488,-0.488281,7.812500,-1.159668
46688,-0.289063,-0.118896,0.986938,-0.732422,7.873535,0.000000
46698,-0.357910,-0.118530,0.918823,-0.915527,8.239746,0.427246
46708,-0.338989,-0.141602,0.920044,-0.976562,9.155273,1.953125
46718,-0.235596,-0.200806,0.954224,-1.403809,11.169434,2.685547
46728,-0.200928,-0.144653,1.030273,-1.708984,11.108398,3.112793
46738,-0.166626,-0.174194,1.026001,-1.403809,11.962891,4.150391
46748,-0.053955,-0.243896,1.008423,-0.976562,12.756348,5.432129
46758,0.015625,-0.257080,0.997437,-0.610352,12.695313,6.347656
46768,0.092163,-0.244019,0.966309,-0.366211,12.084961,6.774902
46778,0.109009,-0.299316,0.881104,-0.732422,11.474609,6.774902
46789,0.163696,-0.285522,0.949219,-2.319336,9.704590,6.652832
46799,0.155640,-0.203857,0.993774,-2.685547,8.422852,6.774902
46808,0.104004,-0.199463,0.970947,-2.746582,7.263184,6.164551
46818,0.089722,-0.280884,0.942139,-2.929688,6.591797,5.187988
46828,0.118408,-0.307129,0.932251,-3.417969,5.981445,3.967285
46838,0.094238,-0.276367,0.998901,-3.845215,5.187988,2.380371
46850,0.059937,-0.274658,1.016602,-3.967285,3.356934,-2.197266
46860,0.073120,-0.159058,1.057861,-3.723145,2.990723,-4.028320
46869,0.097656,-0.116943,1.014893,-3.112793,2.563477,-5.432129
46879,0.115479,-0.091064,1.098022,-1.770020,2.258301,-6.286621
46888,0.105713,-0.307739,0.979004,0.061035,1.403809,-6.958008
46898,0.075928,-0.420044,0.945435,1.281738,0.915527,-7.690430
46908,0.058472,-0.463501,0.865479,1.159668,0.427246,-8.605957
46918,0.096436,-0.457275,0.902222,0.488281,-0.488281,-11.535645
46929,0.230225,-0.420044,0.970703,-2.441406,-1.831055,-12.634277
46939,0.289307,-0.194214,1.088135,-3.601074,-2.746582,-13.305664
46948,0.222412,-0.127686,1.115723,-3.173828,-3.662109,-13.305664
46958,0.124878,-0.269775,0.953979,-2.014160,-3.723145,-13.122559
46968,0.085205,-0.262085,1.060791,-0.915527,-3.662109,-12.939453
46978,0.092163,-0.306396,1.072266,-0.244141,-3.356934,-13.000488
46988,0.093628,-0.254150,1.105225,-0.183105,-3.723145,-14.587402
47000,0.032959,-0.263428,1.035645,1.098633,-4.089355,-16.357422
47009,-0.014282,-0.408081,0.945679,1.403809,-4.577637,-17.883301
47019,-0.005737,-0.351563,0.991455,0.854492,-3.967285,-18.981934
47028,-0.010742,-0.218628,1.004883,0.122070,-2.868652,-19.409180
47038,0.033813,-0.103516,1.052246,-0.366211,-1.953125,-19.226074
47048,0.042847,-0.026611,1.054321,-0.183105,-2.075195,-18.920898
47058,0.076660,-0.100586,1.055420,0.732422,-2.075195,-17.822266
47070,0.064697,-0.150757,0.987183,1.770020,-2.014160,-17.700195
47079,0.054443,-0.215820,0.947388,1.708984,-1.647949,-16.662598
47089,0.095581,-0.054687,0.904419,1.708984,-1.098633,-14.953613
47098,0.065796,-0.136963,0.840820,2.197266,-0.915527,-13.488770
47108,0.067261,-0.265991,0.781982,2.258301,-0.610352,-12.268066
47118,0.062866,-0.036011,0.909546,1.708984,-0.061035,-10.437012
47128,0.013672,-0.070557,0.928589,0.915527,0.122070,-7.141113
47138,-0.016602,0.022705,1.151733,0.854492,0.793457,-4.821777
47148,0.010986,0.057129,1.039551,1.586914,1.586914,-1.525879
47158,0.061890,0.087769,1.072876,2.258301,1.831055,2.502441
47168,0.067993,0.010498,1.057739,2.075195,2.197266,6.530762
47178,0.012817,-0.005005,1.000977,1.464844,2.197266,9.948730
47188,0.011841,0.191895,1.050415,0.976562,2.075195,12.939453
47199,-0.021851,0.005859,0.988647,0.671387,1.953125,16.967773
47208,-0.099243,-0.044800,0.901733,0.244141,1.953125,18.066406
47218,-0.124146,-0.079102,0.905640,-0.610352,1.464844,18.859863
47228,-0.123535,-0.056763,0.969727,-1.037598,1.281738,18.432617
47238,-0.161621,-0.005615,1.072632,-1.342773,0.854492,17.089844
47248,-0.212769,0.065308,1.041748,-1.525879,-0.305176,14.526367
47259,-0.254150,-0.097412,0.963135,-0.976562,-0.610352,12.268066
47268,-0.169312,-0.071777,0.987305,-0.610352,0.671387,10.681152
47278,-0.167358,-0.128052,0.997437,-1.525879,0.854492,10.559082
47288,-0.254272,-0.063477,0.938965,-1.647949,0.732422,10.498047
47298,-0.192749,-0.107422,0.972778,-1.708984,0.915527,10.375977
47308,-0.167114,-0.165894,0.960693,-2.014160,1.586914,10.559082
47318,-0.095215,-0.114990,0.964111,-2.685547,1.342773,9.704590
47328,-0.084106,-0.160889,0.926025,-2.990723,1.220703,8.300781
47338,0.015625,-0.068604,1.077026,-3.356934,1.037598,5.798340
47349,0.083984,-0.160889,0.984253,-3.295898,-0.915527,4.333496
47359,0.031494,-0.206787,0.910522,-3.051758,-1.342773,4.028320
47369,0.058350,-0.189819,0.954590,-3.051758,-0.671387,3.845215
47378,0.050293,-0.169067,1.061279,-3.417969,-0.671387,3.540039
47388,0.012329,-0.192261,1.024902,-3.417969,-1.464844,2.624512
47398,-0.040405,-0.178711,1.009521,-2.990723,-2.441406,1.281738
47408,-0.014282,-0.294678,0.930908,-2.563477,-2.990723,-0.732422
47420,-0.027222,-0.157471,1.080444,-2.502441,-3.295898,-1.220703
47429,-0.066040,-0.096069,1.063965,-1.770020,-2.746582,-1.037598
47439,-0.035034,-0.154907,1.123291,-0.549316,-1.892090,0.122070
47448,-0.023926,-0.333496,0.996460,0.061035,-1.342773,1.220703
47458,-0.013550,-0.118774,1.041382,0.183105,-1.525879,2.075195
47468,-0.066650,-0.171875,1.036621,0.427246,-1.953125,2.929688
47478,-0.106812,-0.297607,1.017334,0.366211,-1.831055,3.051758
47488,-0.097412,-0.139526,1.024414,0.488281,-1.098633,3.295898
47498,-0.157349,-0.203857,0.871216,-0.244141,-0.488281,3.051758
47509,-0.190918,-0.279053,0.909424,-1.220703,-0.244141,2.441406
47518,-0.197510,-0.154175,0.929932,-1.892090,0.122070,1.831055
47528,-0.193115,-0.028076,1.019165,-2.075195,0.183105,0.915527
47538,-0.160034,-0.274902,0.932983,-1.464844,0.610352,0.610352
47548,-0.145264,-0.108398,1.012329,-1.220703,1.220703,-0.305176
47558,-0.139526,-0.241211,1.017578,-1.403809,1.464844,-1.159668
47568,-0.062012,-0.007935,1.051514,-1.098633,1.831055,-1.647949
47581,-0.037354,-0.258179,0.873535,-0.854492,1.647949,-2.502441
47591,0.013550,-0.111938,0.949829,-0.976562,1.708984,-4.821777
47600,0.024536,-0.099121,0.988403,-0.976562,1.708984,-4.821777
47609,-0.001465,-0.061035,0.949585,-1.831055,0.671387,-6.652832
47619,0.060425,0.116699,1.117554,-0.732422,0.122070,-7.568359
47628,0.029419,-0.041870,0.953247,-0.488281,0.427246,-8.850098
47639,0.042603,-0.005249,1.042236,-0.183105,1.098633,-9.765625
47648,0.032349,-0.239014,0.927002,0.183105,1.098633,-10.559082
47658,0.020752,-0.022461,1.056030,0.244141,0.732422,-11.596680
47668,-0.002319,-0.196777,0.973022,0.610352,0.305176,-12.573242
47678,-0.016479,-0.242065,0.881836,0.854492,0.183105,-13.427734
47688,-0.031494,-0.133667,0.976807,0.854492,0.183105,-14.404297
47698,-0.022217,-0.323364,0.851074,-0.061035,0.671387,-14.465332
47708,0.036255,-0.054077,1.106689,0.183105,1.525879,-14.404297
47718,-0.022217,-0.152710,0.992432,0.610352,1.953125,-14.465332
47728,-0.022217,0.031982,1.105225,0.976562,2.319336,-14.221191
47738,0.008179,-0.029785,1.141479,1.037598,2.502441,-14.404297
47748,0.032104,-0.268555,0.967773,0.976562,2.380371,-14.526367
47758,0.071045,-0.015991,1.081665,0.366211,2.136230,-13.671875
47769,0.117676,-0.117676,0.868042,-0.915527,2.502441,-12.695313
47779,0.122070,0.041138,1.083008,-1.525879,3.112793,-11.169434
47788,0.082642,-0.119263,0.981201,-1.708984,3.234863,-9.765625
47798,0.059204,-0.043457,1.026611,-2.197266,3.417969,-8.544922
47808,0.051758,-0.021729,1.036255,-2.502441,3.234863,-7.629395
47818,-0.077271,-0.063110,0.980957,-2.319336,3.173828,-6.774902
47828,-0.096069,-0.017456,1.046265,-2.197266,3.540039,-5.310059
47838,-0.079224,-0.184082,0.906128,-1.464844,4.455566,-5.126953
47848,-0.125000,-0.214722,0.893066,-2.014160,4.699707,-5.004883
47858,-0.183594,-0.144043,0.960083,-2.136230,5.004883,-4.272461
47868,-0.164307,-0.034790,1.042358,-1.892090,5.920410,-3.601074
47878,-0.097412,-0.179687,0.979980,-1.525879,6.591797,-2.929688
47888,-0.118896,-0.224976,0.928589,-1.281738,7.446289,-1.464844
47898,-0.068359,-0.166992,0.972656,-1.708984,8.422852,0.427246
47909,0.029419,-0.129272,1.029663,-1.708984,8.911133,0.610352
47919,0.013428,-0.169922,1.011230,-1.220703,8.789063,0.366211
47929,0.021484,-0.190674,0.924316,-0.488281,8.178711,-0.061035
47938,0.042603,-0.302246,0.863159,-0.488281,7.812500,-0.549316
47948,0.024048,-0.262207,0.837402,-0.915527,8.300781,-0.976562
47958,-0.006104,-0.095825,0.984375,-1.464844,7.446289,-1.159668
47968,-0.001343,-0.295410,0.941284,-1.037598,7.995605,-2.136230
47978,0.059692,-0.410889,0.840332,-1.831055,6.713867,-2.624512
47988,0.116699,-0.274292,0.959229,-2.441406,5.371094,-3.051758
47998,0.147827,-0.260986,0.964722,-3.234863,4.882812,-3.723145
48009,0.151245,-0.003784,1.074341,-3.173828,4.272461,-4.394531
48018,0.160400,-0.315918,1.055908,-2.624512,3.967285,-4.333496
48028,0.109741,-0.296875,0.932861,-2.563477,3.784180,-4.577637
48038,0.184326,-0.194092,1.021484,-3.601074,2.685547,-5.554199
48050,0.115845,-0.066528,1.006714,-4.272461,2.380371,-6.347656
48059,0.131104,0.023193,1.166626,-4.333496,1.892090,-6.774902
48069,0.128418,-0.172241,1.002319,-3.906250,1.831055,-7.080078
48079,0.043945,-0.113281,0.971558,-3.173828,1.708984,-7.202148
48089,0.083618,0.091431,1.073608,-3.112793,1.647949,-6.896973
48099,0.077271,-0.186279,0.899902,-3.479004,2.014160,-5.798340
48108,0.066650,-0.167847,0.855835,-5.126953,2.441406,-2.624512
48118,0.095093,0.222656,1.033081,-4.882812,2.624512,-0.976562
48128,-0.052734,0.006714,0.996948,-4.882812,2.868652,0.122070
48138,-0.058472,0.148193,1.106689,-4.272461,2.990723,1.220703
48149,-0.081055,-0.018555,1.041382,-3.662109,3.417969,2.380371
48158,-0.133423,-0.123901,0.917603,-3.295898,3.723145,3.051758
48168,-0.133301,0.082397,1.013428,-2.990723,3.967285,4.333496
48180,-0.103516,-0.152954,0.851562,-1.586914,4.516602,7.324219
48190,-0.053955,-0.064087,1.004272,-1.220703,5.065918,9.277344
48200,-0.011230,-0.228149,0.947876,-1.770020,4.821777,10.620117
48209,-0.052612,-0.202148,0.950684,-2.258301,5.493164,12.207031
48219,0.042603,-0.001953,1.118408,-2.502441,5.371094,13.488770
48228,-0.021606,-0.230713,1.020630,-1.892090,4.760742,14.770508
48238,0.012207,-0.250854,0.918823,-1.770020,4.577637,15.441895
48250,-0.015503,-0.129150,1.014038,-1.464844,3.906250,17.578125
48260,-0.052124,-0.244873,0.931641,-1.342773,4.089355,18.371582
48270,-0.134033,0.089966,1.033936,-0.976562,4.516602,19.470215
48279,-0.086182,-0.042358,1.015381,-0.427246,4.760742,20.141602
48289,-0.171143,-0.311768,0.893433,-0.244141,5.310059,20.629883
48298,-0.105957,0.026245,0.983032,-0.427246,5.676270,21.057129
48308,-0.134399,-0.038208,0.982788,-1.220703,4.821777,21.301270
48320,-0.075317,-0.077515,0.953247,-2.258301,3.662109,20.202637
48330,-0.057007,-0.068115,0.975708,-2.563477,2.807617,19.226074
48340,-0.036743,-0.146362,0.899536,-2.746582,2.258301,17.700195
48349,-0.028809,-0.113892,1.039917,-3.112793,1.831055,16.113281
48359,0.057373,-0.009277,1.097778,-3.173828,1.525879,14.892578
48368,0.036499,-0.055542,1.114014,-2.624512,0.976562,14.160156
48378,0.070312,-0.038086,1.098877,-1.892090,0.183105,12.939453
48390,0.136963,-0.291138,0.997070,-0.793457,-1.220703,11.291504
48400,0.119995,-0.133789,0.977905,-0.793457,-2.319336,10.192871
48409,0.145020,-0.135742,0.986572,-0.305176,-4.333496,9.521484
48419,0.117798,-0.314453,0.919189,-0.061035,-4.333496,8.666992
48428,0.088867,-0.238647,0.908936,-0.122070,-5.004883,7.995605
48438,0.104492,-0.088623,1.023804,-0.488281,-5.371094,7.629395
48448,0.082153,-0.124878,1.043457,-1.159668,-5.920410,7.141113
48458,0.061157,-0.226929,0.965454,-1.281738,-6.896973,6.408691
48470,0.098755,-0.117554,0.941772,-0.915527,-7.629395,5.920410
48479,0.025391,-0.395142,0.808960,-1.037598,-7.812500,6.164551
48488,0.083984,-0.248413,0.972900,-1.892090,-7.812500,6.042480
48498,0.053101,-0.033936,1.101440,-2.136230,-8.361816,6.042480
48508,-0.020508,-0.182129,0.995605,-1.831055,-8.605957,6.164551
48518,-0.055054,-0.323364,0.955933,-1.647949,-8.178711,6.103516
48528,-0.050781,-0.133911,0.994873,-2.197266,-7.812500,4.821777
48539,-0.130493,-0.240601,0.969482,-2.929688,-7.873535,3.723145
48549,-0.072021,-0.165161,1.011475,-2.746582,-8.239746,2.502441
48558,-0.093384,-0.054077,1.010376,-2.441406,-8.239746,1.281738
48568,-0.110718,-0.271973,0.914551,-2.502441,-7.934570,0.610352
48579,-0.100830,-0.293701,0.979858,-2.807617,-7.446289,-0.427246
48588,-0.089355,-0.040894,1.075317,-2.868652,-7.568359,-1.770020
48598,-0.136230,0.015015,0.993896,-2.075195,-7.141113,-3.723145
48610,-0.076660,-0.307617,0.881958,-2.319336,-6.835937,-4.760742
48619,-0.094360,-0.029297,0.931030,-2.868652,-6.774902,-5.737305
48629,-0.077515,0.071289,0.996826,-2.746582,-6.530762,-6.713867
48639,-0.084961,-0.096558,0.980835,-2.441406,-6.225586,-7.873535
48648,-0.064819,-0.203003,0.930664,-2.197266,-5.981445,-9.338379
48658,-0.061157,-0.046631,0.940186,-2.319336,-5.676270,-11.108398
48670,0.012573,-0.320435,0.908813,-2.624512,-5.371094,-13.427734
48679,0.029419,-0.100952,0.986572,-3.540039,-4.333496,-14.953613
48689,0.056519,0.129761,1.093262,-3.356934,-4.089355,-16.235352
48699,0.082642,0.037476,1.084595,-2.746582,-4.638672,-17.395020
48708,0.086792,-0.180542,1.042725,-1.708984,-4.577637,-18.859863
48718,0.062256,-0.204956,1.022949,-1.159668,-4.394531,-20.324707
48728,0.061401,-0.064575,1.030884,-0.793457,-4.394531,-21.850586
48740,0.062134,-0.123535,1.093750,-0.305176,-3.845215,-23.193359
48750,0.075073,-0.215332,0.991455,0.244141,-3.845215,-23.681641
48760,0.057861,-0.254395,0.938232,1.159668,-3.295898,-23.681641
48769,0.003052,-0.021118,0.957153,1.403809,-3.112793,-23.132324
48779,0.021484,-0.004517,0.987061,0.732422,-2.258301,-21.789551
48788,0.007813,-0.056885,0.938843,-0.122070,-1.403809,-19.348145
48798,-0.009766,-0.082764,0.942505,-0.183105,-0.366211,-17.028809
48808,-0.120605,0.013794,0.948853,0.366211,1.953125,-11.047363
48820,-0.047119,-0.061646,1.002686,0.122070,2.990723,-8.056641
48829,0.056763,-0.103882,1.041016,-0.549316,3.723145,-5.493164
48839,-0.048462,-0.029907,1.031250,-0.549316,3.601074,-3.479004
48848,0.036255,-0.099731,0.959961,-0.244141,3.479004,-2.197266
48859,-0.084961,-0.275513,0.957642,-0.183105,4.211426,-1.220703
48868,0.017090,-0.192627,0.990845,-0.183105,4.821777,-1.159668
48878,-0.063354,-0.021851,1.078613,0.183105,4.455566,-2.563477
48890,-0.125000,-0.203857,0.948486,0.732422,4.638672,-2.624512
48900,-0.178101,-0.328735,0.864258,0.976562,5.249023,-2.258301
48909,-0.178589,-0.229614,0.891113,0.488281,5.798340,-2.441406
48919,-0.174316,-0.098267,0.942749,0.366211,6.103516,-2.075195
48928,-0.201782,-0.113403,1.026611,0.488281,6.896973,-1.220703
48940,-0.211304,-0.254883,0.957153,0.732422,8.544922,0.244141
48950,-0.119995,-0.359985,0.840698,0.305176,8.972168,0.610352
48959,-0.002686,-0.241089,0.971558,0.183105,8.911133,0.793457
48969,0.019287,-0.144043,1.048706,0.549316,9.216309,0.976562
48978,0.106812,-0.258057,1.081909,1.098633,9.033203,0.976562
48989,0.105103,-0.259766,1.043213,1.281738,8.300781,0.488281
48999,0.169312,-0.216064,1.041626,1.098633,7.629395,0.305176
49009,0.183228,-0.156494,1.013428,0.793457,7.385254,0.122070
49020,0.199097,-0.218018,1.012573,0.427246,5.554199,0.793457
49029,0.254761,-0.238525,0.979248,-0.488281,4.150391,1.281738
49039,0.158447,-0.220215,1.035645,-0.732422,3.051758,1.831055
49048,0.162476,-0.130005,1.071167,-0.671387,2.624512,2.258301
49059,0.094116,-0.036865,1.076172,-0.366211,2.563477,2.624512
49068,0.083862,-0.085449,1.020996,0.244141,2.807617,3.112793
49080,0.050781,-0.055908,1.019653,0.122070,2.197266,3.967285
49089,0.052246,0.001709,0.961060,-0.061035,0.854492,4.211426
49100,0.075562,-0.060303,0.985352,-0.366211,0.061035,4.272461
49109,0.053833,-0.134766,0.973999,-0.854492,0.305176,4.821777
49119,0.097900,0.048584,0.986816,-1.770020,0.061035,5.432129
49128,0.055664,0.171509,1.110229,-1.831055,0.183105,6.164551
49139,0.040283,0.164307,1.115967,-1.403809,0.000000,6.225586
49148,0.027710,0.111084,1.059448,-1.098633,-0.244141,6.530762
49161,-0.039307,-0.045532,1.006348,-0.244141,-0.793457,5.859375
49170,-0.102783,-0.175415,0.955200,0.305176,-1.220703,5.432129
49180,-0.110474,-0.192505,0.811523,0.366211,-1.586914,4.943848
49190,-0.176514,-0.101074,0.770386,0.183105,-1.281738,5.187988
49199,-0.061646,-0.078857,0.814575,-0.549316,-0.366211,5.432129
49209,-0.024780,-0.088867,0.913696,-1.403809,0.366211,5.737305
49218,0.075806,-0.092163,0.976318,-2.258301,-0.427246,5.187988
49230,0.116333,-0.106934,1.064819,-2.319336,-2.075195,2.990723
49240,0.128296,-0.130371,1.047363,-1.770020,-2.136230,2.075195
49249,0.131226,-0.260620,0.999756,-1.098633,-2.136230,0.976562
49259,0.132935,-0.302124,0.927856,-0.854492,-3.417969,-0.122070
49268,0.098633,-0.113525,0.890991,-1.037598,-4.394531,-0.488281
49279,0.152466,-0.024536,0.979980,-1.342773,-4.821777,-0.549316
49289,0.174316,0.009277,1.091431,-1.159668,-5.493164,-1.281738
49300,0.143433,-0.142090,1.027222,-0.915527,-6.286621,-2.868652
49310,0.082520,-0.213745,0.963135,-1.281738,-6.469727,-3.051758
49319,0.067505,-0.262085,0.997681,-1.525879,-6.835937,-4.089355
49329,0.010376,-0.116577,1.044922,-1.953125,-7.141113,-5.065918
49338,0.042114,-0.022583,1.063599,-2.136230,-7.568359,-5.859375
49348,0.033325,-0.065674,1.051636,-1.953125,-7.263184,-6.408691
49360,0.063599,-0.129883,0.989990,-2.380371,-7.202148,-6.591797
49369,-0.003418,-0.051758,0.989136,-2.197266,-7.507324,-6.713867
49379,-0.004883,-0.090332,0.989990,-2.075195,-6.774902,-6.408691
49389,-0.025024,-0.131958,0.907349,-2.075195,-6.652832,-6.164551
49398,-0.060425,-0.254761,0.902710,-2.563477,-6.408691,-5.920410
49408,-0.028198,-0.233521,0.952148,-3.112793,-6.164551,-5.554199
49419,-0.082153,-0.250122,0.869019,-3.295898,-6.042480,-5.187988
49429,-0.162231,-0.180298,0.778320,-3.417969,-5.615234,-5.554199
49441,-0.116821,-0.028076,0.973267,-5.371094,-3.906250,-5.676270
49450,-0.187256,0.046387,1.084961,-5.310059,-3.112793,-5.615234
49460,-0.160889,-0.030640,1.086548,-3.845215,-2.807617,-5.798340
49469,-0.110229,-0.275269,1.061768,-2.258301,-1.953125,-5.310059
49479,-0.092773,-0.340454,0.937012,-1.647949,-0.915527,-4.821777
49489,-0.093750,-0.322876,0.843262,-1.770020,-0.793457,-4.089355
49498,-0.069946,-0.250000,0.871216,-2.014160,-0.549316,-3.540039
49510,-0.085693,-0.153687,0.956421,-2.624512,-0.244141,-3.051758
49520,-0.063721,-0.100830,1.083496,-2.624512,0.305176,-2.685547
49529,-0.109497,-0.012695,1.126099,-2.441406,0.854492,-2.136230
49539,-0.052124,-0.031982,1.073975,-2.014160,0.732422,-2.319336
49548,-0.093628,-0.060303,0.961060,-1.586914,1.037598,-2.197266
49559,0.028320,-0.093628,0.898560,-1.770020,0.305176,-2.014160
49569,0.019165,-0.041992,0.867065,-2.746582,0.549316,-1.525879
49581,0.027710,-0.004028,0.985840,-4.272461,0.854492,-1.647949
49590,0.061401,0.030029,1.058838,-4.577637,0.732422,-2.075195
49599,0.012817,0.043091,1.031128,-4.638672,0.244141,-2.441406
49609,0.006104,0.025879,1.049805,-4.516602,-0.183105,-2.685547
49619,0.008667,0.019165,1.106934,-4.577637,-0.427246,-3.417969
49628,-0.030273,-0.013184,1.021484,-4.333496,-0.488281,-4.089355
49640,-0.030884,-0.023804,0.990112,-2.807617,0.244141,-5.554199
49650,0.004028,-0.075928,1.064331,-3.051758,0.488281,-5.859375
49659,0.045532,0.146606,1.297485,-3.906250,0.000000,-6.774902
49669,-0.005859,0.104370,1.297852,-2.929688,-0.854492,-7.080078
49678,0.064331,-0.110352,1.113892,-1.647949,-0.732422,-6.591797
49689,0.030273,-0.272583,0.822144,-0.183105,-0.366211,-5.981445
49699,0.035278,-0.213379,1.007690,-0.244141,0.061035,-5.310059
49708,-0.017578,-0.048950,1.114624,-0.671387,0.427246,-4.882812
49720,0.008911,-0.224976,0.927124,0.610352,-0.366211,-5.065918
49729,-0.018555,-0.468384,0.692871,3.295898,-0.061035,-4.638672
49739,-0.083740,-0.221802,0.819214,1.770020,0.488281,-4.455566
49748,-0.074585,-0.019165,0.968994,-0.793457,0.915527,-4.882812
49759,-0.093384,0.021973,1.002075,-1.647949,0.854492,-5.004883
49768,-0.048950,-0.066528,0.970459,-0.915527,1.281738,-5.004883
49780,-0.063354,-0.211426,0.939575,0.244141,2.258301,-3.906250
49789,-0.079712,-0.110840,1.108398,-0.061035,2.502441,-3.417969
49799,-0.104126,-0.004028,1.146851,-0.122070,2.746582,-2.990723
49808,-0.119751,0.061646,1.112549,0.122070,3.234863,-2.075195
49819,-0.119873,0.038330,1.105835,1.098633,4.272461,-0.793457
49828,-0.122925,0.020020,1.099243,2.014160,5.432129,0.732422
49839,-0.093750,0.087158,1.133545,3.173828,5.981445,1.770020
49850,-0.067871,0.007080,1.060669,5.432129,5.371094,2.685547
49859,0.020386,-0.241943,0.782715,5.004883,4.577637,2.624512
49869,-0.019897,-0.301025,0.713135,4.150391,4.211426,2.563477
49879,-0.061523,-0.243408,0.766357,2.502441,4.577637,2.319336
49889,-0.073853,-0.035767,1.002319,0.854492,5.371094,2.136230
49899,-0.011108,0.077393,1.247925,0.244141,5.737305,1.586914
49909,-0.020142,-0.114380,1.158691,0.915527,5.371094,0.488281
49920,0.051270,-0.278931,0.961182,2.197266,4.211426,-0.610352
49929,0.099976,-0.338989,0.843994,0.976562,3.662109,-0.732422
49939,0.100220,-0.148926,0.995850,-0.122070,2.990723,-0.610352
49948,0.117188,0.032349,1.153687,0.000000,2.075195,0.183105
49959,0.046387,-0.032349,1.171387,0.854492,2.685547,1.647949
49968,0.038940,-0.271606,1.001221,1.647949,2.868652,2.624512
49979,-0.004150,-0.176392,1.014526,0.671387,3.295898,3.845215
49988,-0.015625,-0.140625,0.978394,-0.366211,3.356934,4.211426
50000,0.038086,0.007080,1.058228,-1.281738,2.197266,3.540039
50010,0.096191,-0.016235,1.096924,-0.061035,1.831055,3.173828
50019,0.029053,-0.114990,1.071167,1.098633,1.098633,3.479004
50029,0.008545,-0.229858,1.006836,1.831055,1.770020,4.089355
50039,0.028442,-0.285156,0.967896,1.708984,2.502441,4.760742
50049,0.001953,-0.383911,0.959473,1.342773,2.624512,4.882812
50059,0.020142,-0.391113,0.921143,0.915527,2.075195,4.272461
50070,0.031738,-0.390869,0.824097,-0.854492,-0.244141,1.159668
50080,0.009277,-0.467041,0.793457,-1.892090,-0.915527,0.366211
50089,-0.036377,-0.506592,0.802979,-3.173828,-0.976562,-0.305176
50099,-0.044678,-0.501831,0.885986,-4.394531,-0.427246,-1.464844
50109,-0.058472,-0.526855,0.984863,-5.187988,-0.305176,-2.685547
50118,-0.031982,-0.439819,1.098633,-6.530762,-0.122070,-4.394531
50128,0.018677,-0.262451,1.139038,-8.300781,-1.831055,-6.835937
50140,0.016479,-0.933716,-0.333374,-8.544922,-3.784180,-12.451172
50150,0.087158,-0.824829,0.034546,-8.483887,-4.211426,-13.793945
50159,0.016357,-0.519165,0.299561,-15.502930,-3.967285,-13.061523
50169,0.080688,-0.117554,0.163574,-25.146484,-4.760742,-14.160156
50179,0.135376,0.377197,0.271606,-31.860352,-3.906250,-15.502930
50188,0.075073,0.806641,0.637329,-33.020020,-3.417969,-14.892578
50200,0.028564,0.692993,0.882812,-29.418945,-4.699707,-12.756348
50209,0.011353,1.161377,1.286621,-31.311035,-3.662109,-11.718750
50219,0.095215,1.337158,1.321411,-31.005859,-2.319336,-10.925293
50228,0.063599,1.252563,1.287598,-28.198242,-2.197266,-9.826660
50239,0.166138,1.283325,1.479248,-23.315430,-3.295898,-9.826660
50249,0.112183,1.206787,1.666870,-18.859863,-3.906250,-9.521484
50258,0.054932,1.219360,1.716064,-16.113281,-4.394531,-9.277344
50271,-0.036865,1.618530,1.965088,-11.291504,-1.953125,-7.446289
50281,-0.130249,1.120850,1.097534,-6.835937,-0.671387,-6.713867
50291,-0.103149,0.317993,0.632935,-0.305176,0.976562,-6.713867
50300,-0.061401,0.174316,0.876831,1.342773,1.098633,-7.873535
50310,-0.161499,0.621216,1.800049,-4.394531,0.122070,-9.765625
50319,-0.074097,0.748779,1.654663,-8.544922,-0.671387,-11.108398
50329,-0.147461,0.505493,0.620728,-6.713867,0.061035,-11.474609
50339,-0.219604,0.278687,0.238892,0.488281,1.647949,-13.000488
50349,-0.194214,0.651489,1.824829,1.586914,0.976562,-14.099121
50358,-0.052612,-0.004272,1.282471,3.784180,1.770020,-15.380859
50369,0.023437,-0.220337,0.376831,1.953125,4.150391,-14.770508
50379,0.117798,0.610474,0.481812,-3.845215,6.103516,-12.512207
50388,0.098511,1.348022,1.241455,-7.751465,6.225586,-10.314941
50399,0.021118,0.882690,1.218994,-4.943848,6.591797,-8.056641
50409,-0.037354,0.097778,0.646606,-15.502930,6.713867,-6.774902
50421,0.150513,0.848999,1.272705,-4.760742,6.774902,-6.347656
50430,0.139038,0.842407,1.297852,-5.065918,6.591797,-5.187988
50439,0.137085,0.270142,0.697144,-1.892090,7.141113,-4.028320
50449,0.130737,0.218628,0.489868,-1.464844,7.324219,-3.540039
50459,0.204224,0.656982,1.014526,-3.601074,5.554199,-3.662109
50468,0.061646,0.929443,1.540405,-5.737305,3.356934,-3.234863
50480,0.064941,0.659912,1.167114,-3.601074,5.676270,0.854492
50489,0.157471,0.531860,0.756348,-2.502441,6.958008,2.868652
50499,0.089722,0.738037,1.222534,-2.441406,5.249023,3.845215
50509,0.019897,0.540894,1.194458,-1.342773,3.662109,4.394531
50519,0.040405,0.234741,0.798584,1.220703,4.089355,6.042480
50529,0.004517,0.199707,0.644653,1.342773,5.859375,8.239746
50539,0.045410,0.687622,1.025757,-1.098633,6.103516,9.948730
50549,-0.158813,0.897461,1.306396,-2.746582,5.798340,12.268066
50560,-0.154419,0.357300,0.763550,-1.464844,5.432129,12.512207
50570,-0.074219,0.717529,0.985718,-4.028320,5.859375,12.390137
50579,-0.124512,1.047852,1.450684,-5.493164,5.493164,12.207031
50589,-0.168091,0.818115,1.204834,-3.356934,5.920410,12.634277
50599,-0.166748,0.334106,0.714233,-1.281738,6.958008,12.817383
50609,-0.084961,0.613037,0.931885,-2.685547,7.934570,11.474609
50619,-0.033936,1.150513,1.339478,-5.004883,7.141113,9.765625
50630,-0.041382,0.337524,0.790161,-0.610352,6.958008,8.605957
50640,0.070801,0.448364,0.721680,-1.403809,7.690430,8.483887
50649,0.224487,1.069580,1.416138,-4.394531,7.629395,8.117676
50659,0.188477,0.981079,1.214355,-5.187988,5.615234,7.446289
50669,0.102173,0.600586,0.645386,-3.173828,4.211426,6.835937
50679,0.142578,0.624756,0.546387,-2.746582,4.211426,6.286621
50691,0.124146,1.034546,1.561890,-4.821777,2.563477,4.455566
50701,0.013306,0.640381,1.070190,-3.601074,2.563477,3.967285
50710,-0.015259,0.273804,0.504639,-1.708984,2.929688,3.784180
50720,0.012085,0.617676,0.790405,-2.380371,4.577637,3.173828
50729,0.088501,0.923950,1.327393,-3.845215,3.845215,2.014160
50739,-0.079102,0.645874,1.206299,-3.173828,2.136230,0.976562
50749,-0.105957,0.427368,0.807373,-1.403809,1.770020,0.061035
50761,-0.176636,0.922974,1.028809,-2.075195,3.295898,-1.037598
50771,-0.301880,1.081177,1.195557,-1.770020,4.211426,-1.586914
50781,-0.342896,0.873413,0.940308,0.610352,6.408691,-1.159668
50790,-0.221069,0.607178,0.955688,2.258301,9.216309,-0.305176
50800,-0.055542,1.330078,1.030640,1.953125,10.131836,0.671387
50809,-0.046387,0.921753,0.918213,2.563477,9.399414,2.197266
50819,0.082520,1.036987,0.967896,2.807617,8.178711,4.699707
50832,-0.027222,0.280762,1.229858,8.850098,8.666992,8.178711
50841,-0.162964,0.168091,1.137085,10.192871,10.009766,9.216309
50850,0.075928,-0.400635,1.147217,12.634277,12.939453,9.521484
50860,0.337769,-0.510498,1.218994,11.474609,13.977051,9.277344
50869,0.140991,-0.758423,1.250610,10.253906,10.192871,6.713867
50880,0.162964,-0.695801,0.736816,11.474609,2.319336,-0.915527
50889,0.439941,-0.382568,0.405151,9.277344,-1.525879,-5.493164
50899,0.731934,-0.241577,0.659546,7.263184,2.197266,1.647949
50910,0.536011,-0.863770,1.880981,7.080078,7.690430,1.770020
50920,0.254517,-0.341431,1.827026,3.295898,0.915527,-4.272461
50929,-0.061523,0.042969,1.530151,3.845215,-6.591797,-10.131836
50939,-0.234375,0.672241,0.590576,4.638672,-10.009766,-13.305664
50950,-0.013306,0.839844,0.145630,5.554199,-6.958008,-12.939453
50959,0.162231,0.476562,0.434082,7.263184,-4.028320,-12.512207
50969,0.182739,0.446899,1.160034,5.554199,-5.065918,-13.427734
50980,0.025879,-0.232666,1.718872,7.446289,-6.774902,-13.366699
50990,0.148193,-0.276978,1.462402,8.911133,-4.638672,-11.352539
50999,0.285400,-0.409790,1.134888,11.230469,-3.112793,-9.582520
51009,0.222900,-0.443237,0.822266,12.634277,-4.394531,-10.375977
51020,-0.039307,-0.451538,0.681641,12.329102,-8.483887,-11.962891
51029,-0.209717,-0.548950,0.699463,11.779785,-11.108398,-14.160156
51039,-0.249268,-0.435791,0.722290,9.216309,-7.568359,-15.930176
51051,-0.053467,-0.143677,0.555420,2.990723,-5.065918,-16.052246
51060,-0.015381,-0.058350,0.523926,1.342773,-4.272461,-15.136719
51070,-0.085937,-0.087402,0.635864,0.610352,-4.211426,-14.221191
51080,-0.066284,-0.157715,0.860107,0.061035,-5.065918,-14.648438
51090,-0.082764,-0.264893,1.032104,-0.366211,-4.333496,-15.930176
51100,-0.068115,-0.240601,1.106689,-0.915527,-3.784180,-17.211914
51110,-0.120728,-0.176636,1.061035,-0.732422,-3.723145,-16.540527
51120,-0.246460,-0.129150,0.902344,-0.183105,-3.479004,-16.235352
51130,-0.258545,-0.081299,0.932495,0.000000,-3.356934,-16.357422
51140,-0.192627,-0.072754,1.002197,-0.183105,-2.563477,-16.662598
51150,-0.104492,-0.029297,1.012207,-1.037598,-1.342773,-16.906738
51160,-0.116455,0.056030,1.012329,-1.708984,-0.854492,-15.991211
51170,-0.164429,0.051147,1.006470,-1.220703,1.586914,-11.413574
51180,0.114624,0.043579,1.013428,-0.671387,1.464844,-8.972168
51189,0.101807,0.023315,1.070557,-0.061035,-0.061035,-7.751465
51199,0.140259,0.021851,1.154907,0.488281,-0.854492,-6.958008
51209,0.097168,0.025269,1.247803,0.732422,-0.915527,-5.187988
51219,0.082764,0.030640,1.255737,1.342773,-0.244141,-3.295898
51230,0.091675,0.019043,1.162720,1.831055,0.549316,-1.037598
51239,-0.006836,0.057007,1.034424,2.502441,1.647949,1.525879
51251,-0.168701,0.077026,0.763428,3.173828,2.929688,4.272461
51261,-0.216064,0.032837,0.812744,3.356934,4.394531,5.432129
51270,-0.192017,-0.098511,0.968140,4.150391,5.310059,5.493164
51280,-0.153198,-0.305054,1.044434,4.760742,5.554199,4.882812
51289,-0.043945,-0.303711,1.069580,4.089355,5.065918,3.784180
51299,-0.043335,-0.209717,0.963745,2.563477,4.699707,3.234863
51309,-0.002197,-0.183838,0.825073,1.831055,4.089355,3.906250
51319,-0.018188,-0.224243,0.692139,1.708984,3.906250,6.164551
51330,0.027222,-0.229126,0.795898,1.037598,5.187988,7.629395
51340,0.057983,-0.355469,0.938599,0.976562,6.042480,8.911133
51349,0.069580,-0.296509,1.016479,-0.610352,6.286621,9.216309
51359,0.067505,-0.161499,1.035522,-2.075195,6.652832,9.948730
51369,0.045044,-0.140991,0.990112,-2.319336,6.408691,10.131836
51379,0.028809,-0.072510,0.967529,-2.563477,5.554199,9.460449
51389,0.024292,0.010498,0.978271,-2.868652,3.723145,7.934570
51400,0.063599,0.019165,1.018555,-2.319336,3.845215,7.141113
51410,0.077026,0.026978,1.017334,-2.075195,3.784180,6.896973
51419,0.077271,-0.032349,1.000122,-1.586914,4.882812,6.835937
51429,0.074707,-0.059448,0.985840,-1.281738,4.943848,6.347656
51439,0.059937,-0.076538,0.989014,-0.976562,4.699707,5.859375
51449,0.048340,-0.116943,1.001343,-0.854492,4.089355,5.187988
51459,0.039917,-0.123169,1.012329,-0.732422,3.234863,3.784180
51471,0.050171,-0.154053,0.991455,-0.793457,2.929688,3.234863
51480,0.053589,-0.134521,0.977783,-1.159668,2.624512,2.746582
51489,0.053223,-0.118408,0.972046,-1.342773,2.380371,2.319336
51499,0.061768,-0.119019,0.981201,-1.281738,2.868652,2.380371
51510,0.064697,-0.098022,0.991455,-1.403809,2.746582,2.807617
51519,0.047485,-0.084106,1.005859,-1.525879,2.990723,3.356934
51531,0.019897,-0.051636,1.004395,-1.586914,2.990723,4.760742
51541,0.020874,-0.038208,1.000488,-1.403809,3.173828,5.432129
51550,0.031250,-0.035278,0.994263,-1.281738,2.868652,5.920410
51560,0.048828,-0.037476,0.993652,-1.281738,2.746582,6.591797
51569,0.067383,-0.049805,1.001465,-0.854492,2.990723,7.385254
51579,0.075073,-0.068237,1.001099,-0.976562,2.624512,8.056641
51588,0.065918,-0.083984,0.994995,-1.037598,2.685547,8.728027
51600,0.068726,-0.095459,0.989258,-0.793457,2.929688,10.375977
51609,0.080811,-0.110840,0.997681,-1.159668,2.990723,10.986328
51619,0.079224,-0.117065,1.000244,-1.098633,2.563477,10.925293
51628,0.079102,-0.120605,0.995728,-1.342773,2.319336,10.986328
51639,0.077637,-0.116821,0.987915,-1.403809,1.953125,10.742188
51649,0.063599,-0.108276,0.970093,-1.342773,2.136230,10.864258
51659,0.042114,-0.100586,0.959961,-1.342773,2.441406,10.986328
51669,0.038940,-0.110718,0.914185,-1.403809,2.197266,11.413574
51680,0.052979,-0.000854,1.049805,-1.831055,2.441406,11.535645
51690,0.083008,0.036621,1.031372,-1.770020,2.380371,11.413574
51699,0.091309,-0.109375,1.059814,-1.342773,2.014160,10.986328
51708,0.124512,-0.053955,1.003296,-1.220703,1.586914,10.498047
51719,0.112793,-0.151978,0.993774,-1.342773,1.098633,10.375977
51729,0.118530,-0.024292,0.981201,-1.159668,0.976562,10.437012
51741,0.100342,-0.181152,1.005737,-0.793457,0.915527,10.498047
51751,0.085205,-0.046753,0.971680,-0.854492,0.732422,10.192871
51760,0.107788,-0.110962,1.063110,-1.220703,0.244141,9.521484
51770,0.107422,-0.115479,0.936157,-1.159668,-0.183105,8.544922
51779,0.107788,-0.180908,1.020508,-1.037598,-0.427246,7.690430
51788,0.118286,-0.036865,0.991333,-1.220703,-1.159668,6.896973
51799,0.109131,-0.167114,0.947754,-1.098633,-1.464844,6.225586
51809,0.104858,-0.124634,0.955078,-1.281738,-1.586914,4.699707
51818,0.080078,-0.004028,0.934692,-1.525879,-2.441406,3.967285
51829,0.078003,-0.068970,1.032471,-1.647949,-2.319336,3.051758
51838,0.101440,-0.131958,0.946777,-1.892090,-2.807617,2.075195
51849,0.087036,-0.002197,1.038696,-1.770020,-2.868652,1.159668
51859,0.100952,-0.018799,1.062744,-1.403809,-3.662109,0.366211
51869,0.097290,-0.162964,0.948486,-1.098633,-4.211426,-0.122070
51878,0.047852,-0.102661,0.927124,-1.037598,-3.906250,-0.549316
51890,0.019287,-0.036255,1.006104,-1.037598,-3.173828,-0.793457
51900,0.010010,-0.050293,0.972900,-1.037598,-3.295898,-1.098633
51909,0.018921,-0.059448,0.971313,-0.915527,-3.051758,-1.464844
51919,0.046509,-0.056641,1.051880,-0.854492,-2.807617,-1.770020
51928,0.052612,-0.071411,1.003296,-0.793457,-3.662109,-2.014160
51939,0.046875,-0.112183,0.988037,-0.732422,-3.723145,-1.892090
51949,0.049683,-0.112061,1.017944,-0.793457,-3.967285,-0.610352
51958,0.039307,-0.106079,0.979126,-0.976562,-3.906250,0.305176
51969,-0.023804,-0.098511,0.970215,-0.793457,-3.234863,1.159668
51979,-0.027710,-0.098511,0.976318,-0.854492,-2.563477,1.770020
51988,-0.023193,-0.072632,1.000366,-1.098633,-2.441406,2.197266
51999,-0.008179,-0.065308,1.011353,-0.976562,-2.441406,2.014160
52009,-0.005249,-0.047852,1.005859,-0.671387,-2.746582,1.892090
52019,-0.001831,-0.053345,1.011597,-0.610352,-2.990723,1.708984
52029,0.006348,-0.063477,0.997192,-0.488281,-2.685547,2.136230
52040,0.013428,-0.084229,0.988892,-0.305176,-2.319336,2.319336
52049,0.008789,-0.100464,1.001953,-0.061035,-1.831055,2.868652
52059,0.050049,-0.118164,1.006836,0.000000,-1.586914,3.295898
52069,0.053101,-0.138672,1.019287,0.000000,-1.464844,3.173828
52079,0.055542,-0.164795,0.995850,-0.305176,-2.502441,2.990723
52088,0.016968,-0.152710,1.030029,-0.305176,-2.502441,2.685547
52100,0.036011,-0.171631,1.003784,-0.610352,-1.953125,4.028320
52110,0.033569,-0.174927,0.993774,-0.854492,-1.831055,5.126953
52119,0.021240,-0.168579,1.007568,-0.915527,-1.953125,6.469727
52129,0.023437,-0.147949,1.012695,-0.732422,-1.464844,7.019043
52138,-0.001587,-0.101929,1.005371,-0.732422,-1.708984,7.019043
52149,-0.005859,-0.109375,1.001831,-0.366211,-2.014160,6.469727
52159,0.006104,-0.138794,1.010132,0.244141,-1.403809,4.516602
52168,0.034424,-0.159546,1.022217,1.281738,-1.525879,3.662109
52179,0.052002,-0.218262,1.046387,1.281738,-1.892090,4.028320
52188,0.086914,-0.221313,1.062866,1.342773,-1.403809,5.249023
52199,0.069580,-0.244019,1.020996,1.342773,-1.770020,5.493164
52208,0.058716,-0.286255,0.997070,1.525879,-1.953125,6.652832
52219,0.007813,-0.238770,0.954102,1.464844,-2.258301,7.507324
52229,0.005493,-0.198853,0.906128,0.915527,-2.319336,9.582520
52238,0.043823,-0.267090,0.967285,0.976562,-1.953125,9.582520
52249,0.025635,-0.095947,1.003784,0.549316,-2.502441,8.483887
52259,0.035645,-0.272095,0.962891,0.427246,-3.234863,9.338379
52269,-0.006958,-0.218628,0.920898,0.244141,-2.563477,7.812500
52279,-0.015625,-0.139404,0.973145,0.366211,-2.197266,6.958008
52288,-0.049927,-0.208618,0.953491,0.427246,-1.586914,6.225586
52301,-0.068604,-0.164307,1.051636,0.244141,-0.854492,5.798340
52311,-0.062866,-0.103760,1.038818,0.061035,-0.549316,4.150391
52320,-0.115234,-0.106079,1.028809,0.305176,-1.342773,3.601074
52330,-0.110229,-0.117065,0.991455,0.366211,-0.915527,2.685547
52339,-0.056396,-0.138794,1.001221,0.854492,-0.854492,2.197266
52349,-0.015015,-0.143799,0.996948,0.793457,0.061035,2.380371
52358,-0.040283,-0.149536,0.989624,0.732422,-0.122070,3.356934
52370,-0.021851,-0.157715,0.983887,0.610352,0.854492,6.103516
52379,-0.001465,-0.134521,0.951904,0.366211,1.281738,7.751465
52389,-0.009277,-0.121582,0.962036,0.061035,1.464844,8.972168
52398,-0.037598,-0.079590,0.994385,0.061035,1.586914,10.070801
52409,0.009888,-0.108765,1.056274,0.244141,1.953125,11.779785
52418,0.007446,-0.114258,1.060913,0.000000,1.281738,12.695313
52429,-0.089722,-0.069580,1.005859,0.000000,1.281738,13.000488
52438,-0.082153,-0.074951,0.975952,-0.061035,2.319336,14.770508
52450,0.031860,-0.162842,0.939697,0.244141,3.906250,16.601562
52459,-0.013184,-0.176514,0.957520,0.183105,3.295898,16.967773
52469,-0.015747,-0.185059,0.967041,-0.122070,3.479004,17.028809
52479,0.035278,-0.196167,0.967285,-0.488281,3.479004,17.028809
52489,0.071533,-0.192627,0.965210,-0.366211,3.784180,16.540527
52499,0.083862,-0.195435,0.951294,-0.549316,3.173828,15.686035
52509,0.084473,-0.211304,0.938721,-0.854492,2.624512,14.648438
52518,0.084595,-0.223267,0.949951,-1.098633,2.441406,14.343262
52529,0.102539,-0.245605,0.959351,-1.403809,2.075195,13.427734
52538,0.111084,-0.239502,0.954224,-1.525879,1.525879,12.268066
52549,0.094116,-0.216797,0.949585,-1.708984,0.732422,11.291504
52558,0.089722,-0.223389,0.955566,-1.586914,0.915527,10.681152
52569,0.094849,-0.228882,0.972656,-1.403809,1.342773,10.437012
52578,0.091187,-0.220825,0.972412,-1.770020,0.488281,10.314941
52590,0.078613,-0.208984,0.967407,-1.464844,0.183105,9.521484
52604,0.080811,-0.245972,0.960327,-1.220703,0.183105,9.887695
52614,0.061035,-0.255249,0.965942,-1.647949,-0.305176,9.826660
52623,0.024292,-0.235718,0.981567,-1.770020,-0.671387,9.521484
52633,-0.006470,-0.270508,1.009277,-1.525879,-0.488281,8.972168
52643,0.010254,-0.276245,0.989746,-1.342773,-0.366211,8.483887
52652,0.020020,-0.252686,0.975952,-1.586914,-0.427246,8.239746
52662,0.023315,-0.254150,0.965088,-1.770020,-0.061035,8.056641
52671,0.043823,-0.233032,0.983154,-1.831055,-0.488281,8.178711
52681,0.052979,-0.226440,1.007568,-1.708984,-0.610352,8.239746
52690,0.068604,-0.249512,0.995361,-1.220703,-1.159668,7.934570
52700,0.086548,-0.275146,0.961304,-1.220703,-1.403809,7.507324
52710,0.089844,-0.272827,0.957520,-1.464844,-1.892090,6.713867
52718,0.092773,-0.267822,1.007202,-1.464844,-1.892090,6.713867
52730,0.078857,-0.269165,0.992920,-1.281738,-2.502441,4.821777
52739,0.097656,-0.278076,0.970703,-1.464844,-2.258301,4.028320
52749,0.109253,-0.284912,1.000122,-1.586914,-2.258301,3.540039
52759,0.082153,-0.277344,1.005493,-1.770020,-2.624512,3.173828
52769,0.046875,-0.263428,0.979858,-1.831055,-3.356934,2.441406
52778,0.026367,-0.222290,0.953491,-1.647949,-2.807617,2.197266
52788,0.024536,-0.231445,0.952881,-1.220703,-2.563477,1.831055
52798,0.008423,-0.244385,0.969727,-0.671387,-2.990723,1.098633
52809,0.028198,-0.242432,1.001587,-0.793457,-2.624512,0.915527
52818,0.002563,-0.232666,0.987915,-0.854492,-2.319336,0.732422
52828,-0.026489,-0.220703,0.957031,-0.671387,-2.563477,0.366211
52839,-0.069458,-0.231934,0.952148,-0.610352,-2.502441,0.183105
52848,-0.094849,-0.250000,0.994263,-0.366211,-1.892090,0.244141
52860,-0.081177,-0.234863,1.001709,-0.305176,-1.220703,-0.244141
52870,-0.075928,-0.295044,0.995850,-0.244141,-1.342773,-1.159668
52879,-0.070801,-0.291016,0.972778,-0.366211,-1.586914,-1.770020
52889,-0.049072,-0.308594,0.936768,-0.610352,-1.403809,-2.014160
52899,-0.042725,-0.303711,0.927368,-0.976562,-1.342773,-2.258301
52908,-0.022339,-0.283081,0.946777,-1.159668,-1.220703,-2.319336
52918,0.013428,-0.354858,0.945557,-0.793457,-0.732422,-2.136230
52930,0.032104,-0.354492,0.999390,-0.976562,-0.732422,-1.586914
52940,0.047852,-0.283447,1.019531,-1.098633,-0.793457,-1.159668
52949,0.034302,-0.297363,0.982544,-1.098633,-0.549316,-1.403809
52959,0.052734,-0.394897,0.915283,-1.098633,-0.732422,-1.953125
52968,0.067871,-0.412720,0.931030,-1.037598,-0.488281,-2.319336
52978,0.073242,-0.352051,0.957153,-1.708984,-0.854492,-3.173828
52989,0.067627,-0.320313,0.905518,-1.831055,-1.464844,-4.028320
52998,0.075806,-0.324097,0.957275,-1.770020,-1.281738,-4.333496
53010,0.114136,-0.409302,1.044434,-1.403809,-1.220703,-4.699707
53019,0.083252,-0.375488,1.032715,-1.953125,-1.647949,-5.310059
53029,0.079346,-0.360962,0.997437,-2.014160,-2.685547,-6.164551
53039,0.036133,-0.362183,0.942627,-1.770020,-2.807617,-6.652832
53048,0.045898,-0.337402,0.928711,-1.770020,-2.685547,-7.019043
53059,0.004517,-0.297729,0.939697,-1.953125,-2.258301,-7.080078
53068,0.033081,-0.305664,1.009521,-1.525879,-1.525879,-7.263184
53080,0.014404,-0.298950,1.020020,-1.831055,-1.953125,-7.568359
53090,0.005737,-0.254028,0.968140,-2.075195,-1.525879,-8.117676
53099,0.042969,-0.317993,0.920288,-1.953125,-1.831055,-9.277344
53109,0.040161,-0.393799,0.893311,-2.075195,-2.258301,-10.681152
53118,0.051880,-0.367310,0.915283,-2.319336,-2.868652,-12.451172
53129,0.078857,-0.416748,0.942993,-2.319336,-3.540039,-14.099121
53139,0.047241,-0.388916,1.021240,-2.441406,-3.906250,-31.127930
53148,0.047852,-0.323486,1.057495,-2.319336,-3.356934,-18.005371
53158,0.006104,-0.344604,0.998779,-1.403809,-2.929688,-18.615723
53169,-0.013794,-0.316772,0.953125,-1.342773,-2.868652,-18.737793
53178,-0.046021,-0.296875,0.938354,-1.525879,-2.746582,-18.615723
53188,-0.058472,-0.326294,0.913208,-1.403809,-2.441406,-17.395020
53198,-0.041260,-0.301392,0.887329,-1.892090,-1.525879,-15.258789
53208,-0.050049,-0.278320,0.930176,-2.258301,-0.549316,-12.084961
53220,-0.076294,-0.249390,0.942871,-2.197266,1.464844,-4.882812
53229,-0.126709,-0.267090,0.974976,-1.708984,2.807617,-0.915527
53239,-0.161621,-0.278931,0.973145,-1.464844,4.272461,2.929688
53249,-0.163818,-0.284302,0.950073,-1.403809,6.103516,6.164551
53259,-0.175415,-0.307251,0.985596,-1.464844,6.774902,8.544922
53268,-0.212524,-0.306396,0.972534,-1.647949,7.080078,10.070801
53280,-0.221558,-0.357422,0.933350,-2.014160,7.812500,12.573242
53289,-0.217285,-0.299316,0.979248,-2.014160,8.850098,13.977051
53299,-0.164795,-0.324951,0.952393,-2.014160,10.009766,15.014648
53309,-0.098633,-0.322876,0.940308,-2.197266,10.681152,16.052246
53318,-0.035034,-0.258423,0.965576,-2.136230,10.803223,16.357422
53329,0.038818,-0.242432,1.002319,-2.014160,10.437012,16.540527
53338,0.078735,-0.300049,1.011230,-1.831055,10.253906,16.784668
53348,0.156372,-0.309692,0.994507,-1.586914,9.826660,16.845703
53360,0.201538,-0.308716,0.974243,-2.502441,7.812500,17.089844
53369,0.185425,-0.200684,1.014038,-2.319336,7.385254,17.211914
53379,0.166504,-0.249023,0.996582,-2.380371,6.652832,17.395020
53388,0.161377,-0.300293,0.984863,-2.319336,6.042480,17.089844
53399,0.140747,-0.251831,1.002686,-2.319336,5.615234,16.418457
53408,0.110840,-0.307251,1.033203,-2.319336,4.638672,15.197754
53420,0.081543,-0.357910,1.003296,-2.746582,2.990723,10.131836
53429,0.138062,-0.320313,0.985596,-2.563477,2.014160,6.774902
53439,0.144165,-0.261475,0.957275,-2.441406,0.427246,3.540039
53448,0.189697,-0.059448,0.848267,-1.892090,-0.793457,0.183105
53459,0.144043,-0.269043,1.099609,-1.342773,-1.098633,-2.990723
53468,0.336060,-0.241943,1.151367,-1.403809,-1.037598,-5.310059
53478,0.288452,-0.181274,1.168091,-1.892090,-2.197266,-7.141113
53490,0.346802,-0.130737,1.020020,-2.136230,-6.042480,-12.817383
53499,0.161987,0.019531,0.680786,-1.281738,-6.896973,-15.563965
53509,0.220581,-0.002075,0.730835,-1.098633,-6.530762,-18.066406
53518,0.126953,-0.075073,0.948853,-1.464844,-7.019043,-19.897461
53529,-0.011353,-0.073853,1.309570,-1.831055,-7.141113,-22.399902
53538,0.182129,-0.053955,1.276855,-1.708984,-5.615234,-23.193359
53549,0.293701,-0.104858,1.193604,-1.403809,-5.126953,-22.521973
53558,0.197021,-0.214355,1.044556,-1.220703,-6.835937,-22.949219
53570,0.053833,-0.072021,0.967651,-1.831055,-9.338379,-23.986816
53579,0.097412,-0.010254,0.941406,-3.295898,-9.338379,-24.047852
53589,0.068848,-0.017334,0.902344,-2.624512,-8.605957,-23.132324
53598,0.002930,-0.073120,0.901123,-1.708984,-7.690430,-20.751953
53609,-0.094116,-0.099365,0.928467,-1.220703,-5.920410,-18.005371
53618,-0.122437,-0.180542,1.084106,-0.915527,-3.723145,-14.587402
53628,-0.103516,-0.197632,1.141113,-0.976562,-1.831055,-10.620117
53640,-0.019653,-0.107422,1.027954,-0.915527,0.000000,-5.310059
53649,-0.098755,-0.185059,0.876221,-0.061035,-0.488281,-3.356934
53659,-0.089600,-0.189331,0.851318,0.122070,-0.427246,-1.831055
53668,-0.108154,-0.101196,0.888672,-0.122070,-0.244141,-0.061035
53679,0.038452,-0.158203,0.948120,-0.549316,0.488281,2.075195
53688,-0.147095,-0.176392,1.081909,-1.281738,2.380371,5.249023
53700,-0.130493,0.075195,1.009399,-0.122070,5.493164,10.009766
53709,-0.115112,-0.187744,0.920654,0.671387,6.408691,11.413574
53720,-0.064575,-0.177002,0.944824,0.610352,6.286621,11.901855
53729,-0.032104,-0.142456,0.983032,0.366211,4.638672,12.390137
53738,-0.101440,-0.038208,0.923218,-0.183105,2.563477,12.817383
53749,-0.036743,0.000122,0.881714,-0.732422,1.770020,15.075684
53758,0.105835,0.048462,0.923706,-0.366211,4.394531,20.568848
53770,0.178467,-0.011963,1.018921,0.122070,8.911133,33.264160
53779,0.180298,-0.145630,1.112061,-0.305176,7.385254,36.743164
53789,-0.050903,-0.057617,1.021729,-0.854492,6.286621,39.062500
53799,-0.154663,-0.085083,1.005127,-1.403809,6.042480,40.588379
53808,-0.172974,-0.065186,0.924927,-1.464844,6.591797,42.053223
53819,-0.243774,-0.108032,0.905884,-1.403809,6.530762,43.090820
53828,-0.196899,-0.127686,0.963623,-1.098633,6.530762,44.433594
53840,-0.163086,-0.032593,1.034912,-1.220703,8.666992,48.034668
53849,-0.092529,-0.069092,1.025024,-0.915527,8.911133,48.156738
53859,-0.076538,-0.114136,0.969971,-0.793457,8.300781,47.485352
53868,-0.066895,-0.143555,0.970337,-0.610352,7.690430,45.837402
53878,-0.008667,-0.161377,0.997437,-0.610352,7.141113,43.884277
53889,0.042969,-0.130615,1.041016,-0.366211,6.469727,41.625977
53898,0.090576,-0.107300,1.071411,-0.305176,5.065918,39.001465
53910,0.125366,-0.165649,1.075806,0.061035,2.441406,32.958984
53919,0.201660,-0.243896,0.986450,0.427246,0.610352,29.418945
53929,0.238159,-0.256470,0.948730,0.427246,-1.403809,25.817871
53938,0.241943,-0.275513,0.922729,0.122070,-2.563477,22.521973
53949,0.224854,-0.233765,0.946533,0.122070,-3.906250,19.226074
53958,0.215698,-0.225952,0.953613,-0.122070,-4.760742,16.052246
53969,0.175537,-0.202148,0.966797,-0.610352,-6.225586,12.695313
53978,0.196533,-0.223145,0.976807,-0.366211,-7.324219,9.216309
53988,0.179321,-0.208008,0.998047,0.183105,-9.582520,4.211426
53999,0.149780,-0.258545,1.016235,0.122070,-10.620117,2.319336
54009,0.167725,-0.273315,1.020386,-0.183105,-11.169434,0.671387
54019,0.118164,-0.284790,0.997070,-0.183105,-11.169434,-0.183105
54028,0.107056,-0.273560,0.977173,-0.427246,-11.047363,-1.037598
54039,0.074585,-0.269897,0.982422,-0.488281,-11.474609,-2.075195
54048,0.057129,-0.274902,0.966187,-0.549316,-11.474609,-2.319336
54060,0.007080,-0.325195,0.940552,-0.793457,-11.169434,-1.525879
54070,-0.009399,-0.238037,0.996460,-1.037598,-10.681152,-0.793457
54079,-0.013428,-0.302734,1.015625,-1.037598,-10.253906,0.183105
54089,-0.020264,-0.281250,0.975220,-1.464844,-10.253906,1.037598
54099,-0.006470,-0.256836,1.001831,-1.770020,-10.009766,1.708984
54109,-0.006226,-0.266724,0.954468,-1.831055,-9.704590,2.502441
54118,-0.007690,-0.251831,0.956299,-1.831055,-9.277344,3.417969
54128,0.005615,-0.293579,0.943237,-1.953125,-8.911133,5.187988
54139,0.004639,-0.234985,1.005615,-2.197266,-8.605957,5.859375
54148,-0.003540,-0.322754,0.957642,-2.197266,-8.544922,6.408691
54158,-0.008545,-0.301514,0.952393,-2.258301,-8.239746,6.652832
54168,-0.032227,-0.176392,1.003784,-2.441406,-8.361816,6.958008
54178,-0.064819,-0.304565,0.952881,-2.624512,-8.728027,6.713867
54190,-0.067627,-0.302979,0.948120,-3.112793,-8.178711,5.187988
54199,-0.027100,-0.295532,0.976440,-3.417969,-8.178711,4.089355
54209,-0.020020,-0.337158,0.952393,-3.723145,-8.361816,2.258301
54219,0.000854,-0.315552,0.989868,-3.662109,-8.239746,0.244141
54229,-0.011719,-0.342041,1.018188,-3.540039,-8.728027,-1.953125
54239,-0.017578,-0.441406,0.940918,-3.295898,-8.605957,-4.638672
54248,0.006836,-0.453613,0.969727,-3.417969,-8.728027,-6.896973
54258,0.008423,-0.431641,1.014893,-2.990723,-8.728027,-8.605957
54270,0.131836,-0.384521,1.087524,-2.868652,-8.544922,-13.244629
54279,0.178467,-0.362671,1.027100,-2.380371,-10.498047,-15.075684
54289,0.156006,-0.365845,1.026245,-2.136230,-11.596680,-16.174316
54299,0.138428,-0.328125,1.031250,-1.708984,-11.962891,-16.174316
54309,0.104004,-0.272949,1.061401,-1.159668,-10.803223,-15.136719
54318,0.081787,-0.228027,1.076050,-0.366211,-10.192871,-13.854980
54328,0.032349,-0.281616,0.979858,0.244141,-9.277344,-12.451172
54340,-0.044189,-0.356323,0.895752,0.549316,-8.361816,-10.681152
54349,-0.091797,-0.332153,0.902344,-0.122070,-7.385254,-9.826660
54359,-0.146362,-0.326660,0.838989,-0.915527,-7.019043,-9.338379
54368,-0.193726,-0.414917,0.704834,-1.403809,-5.737305,-8.789063
54378,-0.209595,-0.328247,0.728027,-2.319336,-4.333496,-8.789063
54388,-0.213379,-0.125000,0.998657,-3.417969,-3.417969,-8.850098
54398,-0.251099,-0.168945,1.028198,-3.479004,-3.784180,-8.911133
54408,-0.205566,-0.215942,0.991699,-3.295898,-0.854492,-9.216309
54419,-0.116821,-0.247070,0.828613,-2.685547,-0.915527,-9.765625
54429,-0.132568,-0.146606,0.764526,-2.685547,-0.305176,-10.742188
54438,-0.123779,-0.036255,0.872192,-3.784180,0.122070,-11.657715
54449,-0.097534,0.031494,0.999756,-4.089355,0.976562,-11.901855
54458,-0.051514,-0.005493,1.056519,-3.356934,1.708984,-12.084961
54468,-0.001465,-0.140015,1.012573,-2.807617,2.014160,-11.962891
54480,0.047485,-0.032959,1.098999,-2.807617,2.319336,-11.108398
54489,-0.064453,0.172852,1.138428,-3.906250,1.953125,-10.925293
54499,0.081055,0.196167,1.055298,-3.540039,1.892090,-10.192871
54508,0.067627,0.004150,0.993652,-2.624512,2.502441,-8.911133
54518,0.162842,-0.000732,1.033203,-2.380371,2.136230,-8.239746
54529,0.181641,0.150757,1.052368,-2.441406,1.586914,-7.263184
54538,0.104248,0.020508,1.105591,-2.319336,1.037598,-5.676270
54550,0.029419,0.066162,1.046509,-2.563477,1.831055,-2.197266
54559,0.060547,-0.058350,0.902466,-1.586914,3.295898,-0.061035
54569,0.036621,-0.166504,0.915405,-1.403809,3.540039,0.610352
54578,-0.045410,-0.157104,0.950439,-1.831055,2.929688,1.586914
54589,-0.122192,-0.168213,1.006958,-2.380371,2.502441,2.136230
54598,-0.138672,-0.050415,1.048462,-2.502441,2.624512,2.502441
54610,-0.147705,-0.148560,1.003662,-1.770020,3.479004,3.967285
54619,-0.115845,-0.126709,0.914673,-1.770020,3.845215,4.211426
54629,-0.085815,-0.193115,0.849487,-1.831055,3.784180,4.394531
54638,-0.035278,-0.203003,0.955566,-1.586914,4.089355,4.394531
54649,-0.054321,-0.122192,0.932983,-1.831055,4.272461,4.272461
54658,-0.066772,-0.151611,0.987793,-2.014160,4.638672,3.845215
54669,-0.070679,-0.183472,1.106812,-2.136230,4.272461,2.746582
54678,-0.072876,-0.138184,1.181030,-1.770020,4.089355,1.525879
54690,-0.088501,-0.136597,1.053467,-1.647949,3.784180,-0.305176
54699,-0.030884,-0.073975,1.069824,-1.586914,4.516602,0.427246
54708,-0.008789,-0.126465,1.044800,-1.647949,5.187988,1.403809
54718,-0.002319,-0.140503,1.073120,-1.525879,5.126953,2.075195
54729,-0.042847,-0.137939,1.095703,-1.098633,4.577637,2.807617
54738,-0.032715,-0.116333,0.996948,-0.915527,4.516602,3.601074
54750,0.003052,-0.064697,0.901611,-1.098633,5.798340,6.042480
54759,0.030151,0.012695,0.937988,-1.403809,5.615234,7.446289
54769,0.046021,-0.103760,0.984131,-0.915527,5.126953,8.789063
54778,0.011230,-0.279663,0.977661,-0.244141,5.432129,10.375977
54788,0.007324,-0.190552,0.980469,-0.488281,5.310059,11.657715
54798,-0.024292,-0.081055,1.009888,-0.244141,5.920410,12.878418
54808,-0.042847,-0.096924,0.930664,0.488281,5.859375,13.793945
54820,-0.047119,-0.338379,0.979614,0.732422,5.065918,14.587402
54829,-0.038818,-0.157471,0.921875,0.915527,5.004883,15.136719
54839,-0.041870,-0.260742,0.879395,1.708984,4.577637,15.136719
54848,-0.050171,-0.200806,0.944214,1.892090,4.333496,14.587402
54859,-0.045166,-0.190796,0.958496,1.770020,3.662109,13.610840
54868,-0.015625,-0.287720,1.008179,1.892090,3.723145,12.695313
54879,-0.017090,-0.321655,1.022217,2.075195,3.967285,11.291504
54888,-0.014526,-0.324463,0.988403,2.014160,2.929688,8.972168
54900,-0.003174,-0.426758,0.937744,1.770020,1.281738,2.563477
54909,0.092529,-0.473389,0.950684,1.098633,0.915527,-0.610352
54919,0.151733,-0.405273,1.031128,0.305176,0.488281,-3.723145
54929,0.140137,-0.431030,1.051880,-0.366211,-1.159668,-6.713867
54939,0.118896,-0.355347,1.078369,-0.549316,-2.746582,-9.826660
54948,0.116943,-0.439331,0.956665,-0.183105,-3.173828,-12.756348
54960,0.176636,-0.360474,1.040649,0.183105,-3.601074,-17.639160
54969,0.270874,-0.396729,1.046753,0.183105,-4.760742,-19.897461
54979,0.269897,-0.367798,0.964355,0.549316,-5.859375,-21.789551
54988,0.312744,-0.310791,0.980103,0.732422,-6.591797,-23.559570
54998,0.326294,-0.335938,0.985596,0.976562,-6.530762,-24.291992
55008,0.370483,-0.354492,1.000732,1.098633,-7.019043,-23.986816
55019,0.375366,-0.299438,1.003540,1.037598,-7.263184,-23.315430
55028,0.369019,-0.194214,1.006958,0.854492,-7.812500,-22.460937
55040,0.271851,-0.280762,1.002808,0.915527,-7.629395,-18.005371
55050,0.194824,-0.253540,1.013916,1.037598,-7.629395,-16.113281
55059,0.149048,-0.283325,0.952026,0.427246,-7.507324,-14.587402
55068,0.072876,-0.140137,0.980103,-0.488281,-7.324219,-12.878418
55078,-0.035767,-0.102051,0.991699,-1.892090,-6.958008,-11.352539
55088,-0.122192,0.030884,0.981323,-2.441406,-6.469727,-10.498047
55098,-0.237915,0.070923,0.934082,-2.197266,-4.638672,-9.216309
55110,-0.267334,0.010742,0.993896,-1.708984,-0.976562,-6.652832
55119,-0.194580,0.066895,1.004028,-2.075195,-0.061035,-5.187988
55129,-0.130981,0.021240,1.071045,-1.770020,0.732422,-3.845215
55139,-0.022583,0.011353,1.048706,-1.403809,1.098633,-2.502441
55148,-0.008057,-0.076538,0.908936,-1.159668,1.403809,-1.037598
55158,0.056274,-0.074829,0.913818,-0.671387,2.014160,0.061035
55168,0.046143,-0.167480,0.890381,-0.549316,1.098633,1.037598
55178,0.052002,-0.149170,0.805054,-1.892090,0.854492,3.356934
55189,0.054810,-0.157227,1.099365,-2.624512,0.244141,3.601074
55198,0.035889,-0.016724,1.029663,-3.112793,-0.854492,3.540039
55209,0.015137,0.018677,1.091919,-2.868652,-1.098633,3.723145
55218,-0.013550,-0.109985,0.997192,-2.075195,-1.098633,4.028320
55228,0.042236,-0.027466,1.105957,-2.014160,-0.671387,3.967285
55240,0.086792,-0.095581,1.004761,-2.624512,-1.647949,3.784180
55249,0.125366,-0.026001,0.919434,-2.929688,-2.380371,3.295898
55259,0.093994,-0.027710,1.028076,-3.417969,-2.502441,2.624512
55268,0.073975,0.015747,0.957886,-3.906250,-2.868652,1.831055
55279,-0.002930,-0.042969,0.977783,-4.150391,-3.173828,0.915527
55288,0.003540,-0.044312,0.967529,-4.516602,-3.479004,-0.549316
55298,-0.038086,-0.002930,0.995361,-5.126953,-3.479004,-1.831055
55309,-0.007690,-0.002441,1.074951,-5.004883,-4.028320,-5.126953
55319,0.023560,-0.124634,1.046631,-4.272461,-4.638672,-6.530762
55329,-0.020020,-0.178711,0.894409,-3.967285,-4.150391,-7.263184
55338,0.036377,-0.206421,0.831177,-4.211426,-3.662109,-8.117676
55348,0.024536,-0.244019,0.885132,-5.004883,-4.211426,-9.399414
55358,0.005981,-0.182373,0.936401,-5.554199,-4.821777,-11.047363
55369,0.020630,-0.129517,0.928589,-5.676270,-4.760742,-12.207031
55378,0.049561,-0.202759,0.990112,-4.882812,-3.784180,-13.122559
55388,0.089233,-0.320557,1.032471,-4.272461,-4.455566,-14.038086
55399,0.105713,-0.186768,0.971313,-3.784180,-5.126953,-13.488770
55409,0.038940,-0.243652,0.928101,-3.417969,-5.310059,-12.390137
55418,0.043579,-0.233887,0.972656,-3.356934,-4.760742,-10.681152
55428,0.078491,-0.102539,1.055542,-3.173828,-3.784180,-8.361816
55438,0.044678,-0.126709,0.985107,-2.502441,-2.990723,-6.347656
55449,0.020508,-0.162598,0.963257,-2.258301,-1.892090,-1.098633
55459,-0.074951,-0.145874,1.030396,-2.075195,-1.647949,0.366211
55468,-0.142944,-0.176392,0.940674,-1.892090,-1.525879,1.708984
55478,-0.147949,-0.162231,0.903564,-1.831055,-0.854492,2.319336
55488,-0.173096,-0.279297,0.860840,-2.014160,-0.244141,2.990723
55498,-0.127686,-0.192017,0.914307,-2.685547,-0.122070,3.784180
55508,-0.152954,-0.164917,0.900391,-3.295898,0.793457,4.882812
55520,-0.163696,-0.052368,0.988647,-3.662109,1.770020,6.286621
55529,-0.138184,-0.125610,1.059570,-3.540039,2.258301,6.835937
55539,-0.132080,-0.298218,0.888306,-3.784180,2.014160,7.385254
55548,-0.083862,-0.011963,1.074951,-4.272461,2.319336,7.934570
55558,-0.110229,-0.230103,0.969604,-4.211426,2.441406,8.544922
55569,-0.048706,-0.065918,1.110840,-4.211426,2.746582,9.216309
55578,-0.092041,-0.158569,1.080688,-3.845215,2.685547,10.192871
55590,-0.119019,-0.128418,1.020142,-2.563477,4.272461,12.145996
55599,-0.152466,-0.291748,0.983643,-1.953125,4.882812,13.061523
55608,-0.141724,-0.037720,1.058960,-2.014160,5.065918,13.122559
55618,-0.089478,-0.192871,1.035278,-1.647949,4.943848,13.427734
55628,-0.108521,-0.217651,1.024292,-1.281738,4.150391,12.939453
55637,-0.054687,-0.126343,1.066895,-1.098633,3.967285,12.145996
55648,-0.096069,-0.181396,0.977051,-1.159668,3.356934,10.986328
55658,-0.078979,-0.022827,1.029907,-1.281738,3.051758,9.765625
55670,-0.093628,-0.091064,0.998535,-1.220703,2.624512,6.958008
55680,-0.115112,-0.225098,0.838745,-0.854492,2.075195,4.943848
55690,-0.095337,-0.043823,0.935059,-0.976562,2.075195,2.990723
55699,-0.030151,-0.095459,0.989258,-0.976562,2.075195,1.586914
55709,-0.033325,-0.044067,1.015503,-0.854492,2.014160,0.061035
55718,0.083374,0.035767,1.138184,-0.061035,2.075195,-1.464844
55728,0.011963,-0.263062,0.984985,0.671387,1.708984,-2.197266
55740,0.059570,-0.083130,1.141113,1.159668,1.464844,-3.051758
55750,0.039917,-0.250977,0.994507,1.892090,1.831055,-3.356934
55760,0.044556,-0.007813,1.117188,2.197266,1.464844,-3.906250
55769,-0.015869,-0.321777,0.953003,2.563477,0.244141,-4.211426
55779,-0.122070,-0.073853,0.954468,2.502441,0.183105,-4.333496
55788,-0.131104,-0.015625,1.087402,2.685547,1.403809,-3.967285
55798,-0.040894,-0.227417,0.829468,2.563477,2.380371,-3.295898
55809,0.002441,-0.251221,0.950073,2.136230,2.563477,-2.197266
55819,-0.123047,-0.049316,1.011719,1.892090,3.295898,-1.708984
55828,-0.075806,-0.034912,1.080811,1.770020,2.746582,-1.281738
55838,-0.066406,-0.157104,0.919800,2.136230,3.295898,-1.037598
55848,-0.020264,-0.019531,1.067627,2.258301,4.028320,-0.183105
55858,0.003418,-0.271118,0.899414,2.380371,3.906250,0.305176
55868,0.012939,-0.148926,0.895508,2.014160,4.394531,1.403809
55879,0.089111,-0.144043,0.919556,1.464844,5.004883,4.699707
55889,0.077271,-0.128662,0.953247,-0.183105,4.089355,5.798340
55898,0.077026,-0.078735,1.011597,-0.244141,3.784180,6.469727
55908,0.032227,-0.183594,0.946411,-0.366211,3.356934,7.202148
55918,0.008667,-0.265991,0.939331,-1.037598,2.441406,7.446289
55927,-0.005615,-0.088989,0.969116,-1.647949,1.953125,7.690430
55938,-0.027832,-0.038208,1.005737,-1.770020,2.441406,8.239746
55948,-0.047119,-0.098389,0.999390,-1.159668,2.380371,8.422852
55957,-0.156250,-0.132446,0.999878,-1.098633,2.868652,8.178711
55968,-0.188232,-0.145020,1.013062,-1.403809,3.723145,7.446289
55977,-0.104980,-0.138550,1.018555,-1.525879,4.211426,5.676270
55988,-0.122314,-0.188477,1.022827,-1.403809,3.967285,3.173828
55998,-0.026001,-0.101196,1.121216,-1.159668,2.685547,-0.183105
56007,0.012695,-0.236572,0.988403,-0.610352,1.953125,-3.723145
56020,0.084229,-0.313721,0.900024,0.122070,1.098633,-7.568359
56029,0.116089,-0.139160,0.877075,-0.549316,1.220703,-8.300781
56039,0.179932,-0.100220,0.917480,-1.342773,0.610352,-8.605957
56048,0.167480,-0.266479,0.919556,-1.831055,0.671387,-8.666992
56058,0.188599,-0.139648,0.984985,-1.953125,0.793457,-8.728027
56068,0.182129,-0.384033,0.905029,-2.380371,0.244141,-8.605957
56078,0.177490,-0.297974,0.913818,-3.356934,-0.793457,-9.033203
56087,0.199341,-0.093750,1.109863,-4.394531,-1.464844,-8.789063
56099,0.103760,-0.021851,1.130737,-4.333496,-1.586914,-8.666992
56109,0.039063,-0.208252,1.034668,-3.417969,-0.549316,-8.056641
56118,0.001709,-0.380981,0.936523,-2.746582,0.427246,-7.568359
56128,-0.031982,-0.161987,0.995972,-2.929688,0.610352,-7.446289
56137,0.080078,-0.348267,0.937134,-3.051758,0.183105,-7.690430
56148,0.078979,-0.152710,0.913940,-3.295898,-0.793457,-8.178711
56157,0.180176,-0.013062,1.130371,-3.173828,-1.220703,-9.948730
56169,0.171143,-0.114014,0.984863,-2.929688,-2.563477,-10.742188
56179,0.193726,0.106445,1.130371,-2.502441,-2.258301,-10.803223
56188,0.213867,-0.148193,1.085449,-1.831055,-1.403809,-10.925293
56198,0.161133,-0.096802,0.981689,-1.770020,-2.502441,-10.864258
56208,0.187744,0.121338,1.052246,-1.281738,-2.746582,-10.192871
56218,0.159546,-0.050781,0.969482,-0.793457,-3.234863,-8.483887
56229,0.052246,0.126709,0.978271,-0.732422,-2.624512,-3.784180
56239,-0.014648,-0.097290,0.955688,-0.366211,-1.708984,-0.427246
56248,-0.093018,-0.077515,0.966675,0.061035,-0.427246,2.807617
56258,-0.109619,0.009399,1.110352,0.366211,0.000000,5.554199
56267,-0.154907,-0.226929,0.972656,0.793457,0.854492,7.690430
56278,-0.204956,-0.185791,0.926392,1.098633,1.464844,9.643555
56288,-0.133301,-0.083618,1.003784,0.793457,2.136230,11.413574
56297,-0.178345,-0.271118,0.942505,0.488281,2.807617,13.610840
56309,-0.171021,-0.045044,1.060181,-0.061035,3.479004,14.343262
56319,-0.170776,-0.280518,0.921265,0.183105,3.234863,15.075684
56328,-0.179810,-0.125122,0.908203,0.122070,3.906250,15.686035
56337,-0.120850,0.030518,1.012207,-0.061035,4.150391,16.357422
56348,-0.109619,-0.225952,0.901978,-0.244141,4.150391,16.601562
56358,-0.109009,-0.079224,0.977295,-0.488281,4.028320,15.930176
56368,-0.001831,0.114624,1.124634,0.183105,2.929688,15.930176
56379,0.030518,-0.250610,0.960937,-0.305176,2.868652,15.747070
56388,0.062988,0.152954,1.171509,-0.488281,2.563477,15.441895
56398,0.051636,-0.041992,1.110840,-0.427246,1.953125,14.831543
56408,-0.008057,-0.202271,0.862183,-0.671387,0.671387,13.977051
56418,0.008789,0.025635,0.971680,-0.976562,-0.122070,12.817383
56428,0.068726,-0.009155,1.070557,-0.793457,-0.122070,11.596680
56437,0.052002,-0.161621,1.008301,-1.037598,-2.441406,8.056641
56449,0.078857,-0.116943,1.091553,0.122070,-2.319336,6.713867
56459,0.127563,-0.195190,1.005127,0.427246,-2.685547,5.493164
56468,0.152588,-0.080444,1.067871,0.183105,-3.784180,4.333496
56477,0.170776,-0.164062,1.040161,0.610352,-4.882812,3.173828
56488,0.209595,-0.401978,0.878540,0.915527,-5.676270,1.464844
56498,0.143677,-0.249512,0.900635,0.549316,-6.652832,-0.061035
56507,0.176758,-0.373291,0.755737,-0.183105,-8.666992,-4.028320
56517,0.132202,-0.521484,0.705688,-3.356934,-8.483887,-5.371094
56528,0.111816,0.010010,1.047852,-4.699707,-8.911133,-6.347656
56537,0.104370,0.035522,1.118408,-4.699707,-9.033203,-7.019043
56548,0.068115,-0.069092,1.176147,-3.356934,-9.826660,-7.507324
56558,0.040771,-0.234985,1.091064,-2.319336,-9.216309,-7.751465
56568,0.085327,-0.300171,0.950439,-2.075195,-9.277344,-8.361816
56578,0.026001,-0.097778,1.007568,-2.136230,-10.498047,-9.704590
56589,-0.057251,-0.190308,0.980347,-1.831055,-9.399414,-10.559082
56599,-0.054565,-0.066406,1.083252,-1.464844,-8.911133,-11.596680
56609,-0.086060,-0.220337,0.969604,-1.098633,-8.056641,-11.901855
56619,-0.030518,-0.442017,0.884277,-1.770020,-8.117676,-12.329102
56628,-0.014526,-0.104980,1.057495,-2.075195,-7.568359,-12.634277
56638,-0.046875,0.008545,1.113525,-2.136230,-7.507324,-12.939453
56648,-0.117798,-0.273560,1.043701,-0.549316,-6.835937,-13.122559
56657,-0.092896,-0.344604,0.960693,-0.427246,-6.164551,-13.549805
56668,-0.063354,0.032471,1.011719,-0.610352,-4.882812,-13.366699
56678,-0.080811,-0.189697,0.963745,-0.610352,-4.272461,-12.939453
56688,-0.106201,-0.129761,0.993042,-0.366211,-3.234863,-12.817383
56697,-0.059082,0.096802,1.072266,-0.305176,-1.831055,-12.634277
56707,-0.052734,0.048096,1.095337,0.061035,-2.685547,-12.756348
56717,-0.004883,-0.144897,1.046143,0.671387,-1.953125,-12.695313
56729,0.018311,-0.048218,0.953247,0.610352,-1.464844,-12.390137
56738,-0.024902,-0.023193,0.927368,0.305176,-1.098633,-11.352539
56748,-0.005737,-0.141113,0.843628,-0.366211,-0.732422,-10.070801
56758,-0.021118,-0.005127,0.911377,-0.732422,0.183105,-9.033203
56768,-0.013794,0.090820,1.024902,-1.281738,0.610352,-8.483887
56777,-0.012939,-0.173340,0.939941,-1.342773,1.281738,-8.239746
56790,-0.038452,0.196167,1.092651,-1.831055,0.793457,-8.361816
56799,-0.085449,-0.060303,1.050171,-1.037598,0.915527,-8.178711
56809,-0.154663,-0.210449,0.967896,0.000000,2.441406,-7.873535
56818,-0.169556,0.031494,1.047974,0.671387,3.662109,-7.568359
56828,-0.136230,-0.151733,0.993408,1.586914,4.577637,-7.446289
56837,-0.131714,-0.447510,0.733154,1.342773,4.272461,-7.568359
56848,-0.087280,-0.147705,0.791260,0.427246,3.784180,-7.812500
56857,-0.067993,-0.135376,0.720337,-0.427246,4.760742,-6.530762
56867,-0.025879,-0.249023,0.596191,-3.540039,5.920410,-4.882812
56878,-0.038818,-0.056274,0.925171,-4.272461,6.896973,-3.051758
56888,-0.028198,0.024902,1.048950,-4.699707,8.117676,-0.976562
56898,-0.054687,-0.048950,1.192139,-4.577637,8.605957,0.549316
56907,-0.051636,-0.186157,1.057251,-4.211426,8.422852,1.281738
56918,-0.059448,-0.219360,0.955688,-3.967285,7.812500,1.770020
56927,0.024414,0.040894,1.028687,-4.394531,7.263184,3.112793
56939,0.023560,-0.215210,0.864746,-4.882812,7.202148,4.638672
56948,-0.018799,0.041992,1.019287,-5.126953,7.446289,5.859375
56958,-0.047485,-0.014038,1.045410,-5.004883,7.995605,7.324219
56967,-0.046997,-0.210327,0.972656,-5.126953,8.300781,8.056641
56978,-0.100708,-0.089111,1.027954,-5.737305,8.117676,8.972168
56988,-0.049561,0.118042,1.133301,-5.920410,8.361816,9.704590
57000,-0.047119,-0.175293,1.048340,-5.554199,7.690430,11.169434
57009,-0.081421,-0.061035,1.176392,-5.615234,7.141113,11.230469
57019,-0.075317,-0.088745,1.134766,-5.676270,7.080078,11.047363
57029,-0.090210,-0.072510,1.054199,-5.432129,7.873535,11.352539
57038,-0.071045,-0.035767,1.080200,-4.638672,7.873535,11.413574
57048,-0.065918,-0.166260,0.968140,-4.333496,7.568359,11.047363
57058,-0.122192,-0.239502,0.932251,-4.455566,7.812500,10.314941
57067,-0.062378,-0.027832,1.071899,-4.272461,7.507324,8.911133
57079,-0.083496,-0.309448,0.989868,-3.051758,7.019043,8.422852
57089,-0.027222,-0.338501,0.935669,-2.807617,6.958008,7.324219
57098,0.050903,-0.042480,0.994019,-2.258301,5.737305,6.225586
57107,0.113770,-0.189575,0.992554,-1.953125,5.798340,4.943848
57117,0.107056,-0.441650,0.788086,-2.319336,4.028320,3.784180
57128,0.179321,-0.225708,0.820557,-3.173828,3.417969,2.319336
57137,0.140869,-0.180786,0.886230,-3.417969,3.051758,2.075195
57149,0.062134,-0.080566,0.887085,-4.333496,2.563477,2.197266
57158,0.157349,-0.047974,0.961304,-3.845215,2.990723,2.319336
57167,0.082642,-0.239258,0.997681,-2.624512,2.563477,2.380371
57178,0.095215,-0.163696,0.952637,-1.647949,1.708984,1.831055
57187,0.107422,-0.073364,1.037598,-0.915527,1.281738,0.793457
57198,0.139282,-0.117554,1.027832,-0.427246,-0.549316,-0.366211
57208,0.112061,-0.177124,0.983276,0.366211,-1.037598,-2.075195
57217,0.104614,-0.139160,0.975220,0.427246,-1.342773,-2.685547
57228,0.037720,-0.043457,0.976562,0.732422,-1.770020,-2.624512
57237,0.084839,-0.166626,0.920410,0.976562,-1.403809,-2.868652
57248,-0.021606,-0.080444,0.949585,0.122070,-0.915527,-2.990723
57257,0.028076,0.114136,1.057617,-0.427246,-0.915527,-2.990723
57268,-0.078979,0.115356,1.134155,-0.183105,-1.098633,-2.807617
57278,-0.000488,-0.032349,1.055664,0.549316,0.915527,-1.770020
57287,-0.078979,-0.083008,1.062622,0.915527,1.281738,-1.220703
57298,-0.116455,0.033936,1.152710,1.464844,1.342773,-0.671387
57307,-0.053589,0.004150,1.084839,1.647949,1.037598,-0.366211
57318,-0.046997,-0.215332,0.960937,1.464844,2.075195,0.183105
57327,-0.047363,-0.336182,0.888794,0.976562,2.380371,0.854492
57338,-0.017822,-0.176636,0.981323,0.000000,2.929688,2.014160
57348,-0.034912,0.008057,1.079102,-1.342773,3.479004,5.371094
57357,0.041138,-0.112549,1.059326,-1.525879,4.150391,7.385254
57368,0.014282,-0.094727,0.982666,-2.075195,3.662109,9.094238
57377,0.015381,-0.023560,1.021606,-2.441406,3.295898,10.314941
57387,0.094849,-0.095703,1.011108,-2.563477,3.112793,11.535645
57397,0.076538,-0.124512,1.043579,-2.258301,3.112793,13.244629
57408,0.063965,0.098267,1.031738,-2.258301,1.770020,14.831543
57417,0.049683,0.098999,1.033325,-1.464844,2.075195,18.859863
57429,0.032471,-0.101318,0.967163,-0.549316,2.929688,20.629883
57438,-0.028931,0.083496,1.104126,-0.122070,2.685547,21.728516
57448,-0.045044,0.013550,1.090820,0.976562,1.770020,21.789551
57458,-0.109009,-0.112427,1.043945,1.708984,1.831055,20.935059
57467,-0.072876,-0.242554,0.951294,2.502441,1.037598,19.470215
57477,-0.100342,-0.169434,0.853516,2.563477,-0.183105,17.395020
57487,-0.052612,-0.165405,0.855469,2.380371,-1.342773,12.268066
57499,-0.032593,-0.252930,0.774658,1.464844,-2.258301,9.460449
57508,-0.023804,-0.336792,0.839722,0.976562,-2.319336,7.629395
57518,0.057495,-0.232300,0.910278,0.000000,-1.953125,5.981445
57527,0.119141,-0.235596,0.998291,-0.793457,-2.502441,4.150391
57537,0.134399,-0.127441,0.990723,-1.342773,-3.784180,2.258301
57548,0.190796,-0.084717,1.123657,-1.098633,-3.784180,0.488281
57557,0.249512,-0.145630,1.073120,-0.854492,-6.652832,-2.685547
57569,0.215454,-0.264160,1.002319,-0.610352,-8.300781,-4.211426
57579,0.241089,-0.117310,1.105347,-0.854492,-9.094238,-5.310059
57588,0.190186,-0.061768,1.075195,-0.976562,-9.765625,-5.615234
57598,0.153442,-0.192871,1.016968,-1.159668,-9.643555,-6.042480
57607,0.055786,-0.246704,0.966187,-1.342773,-9.521484,-6.164551
57618,0.019897,-0.129150,1.024170,-1.770020,-9.277344,-6.774902
57633,-0.062622,0.088745,1.190430,-2.258301,-9.033203,-8.850098
57642,-0.087524,-0.086304,1.064941,-1.525879,-9.460449,-9.826660
57652,0.033691,-0.247437,0.913208,-1.098633,-7.629395,-10.803223
57662,-0.019897,-0.166016,0.882690,-1.892090,-7.507324,-11.474609
57671,0.031250,0.013550,0.974365,-2.563477,-7.690430,-12.329102
57681,0.030151,0.009399,1.001953,-2.746582,-7.263184,-12.268066
57690,-0.009766,-0.105591,0.873535,-2.807617,-6.591797,-11.962891
57700,0.081421,0.120728,0.963257,-3.112793,-6.103516,-11.169434
57709,0.056274,0.071045,0.977173,-3.479004,-5.798340,-10.375977
57719,-0.015259,-0.158325,0.913208,-3.662109,-5.859375,-9.826660
57729,-0.043335,-0.137451,0.930542,-3.967285,-5.126953,-8.789063
57738,-0.079346,0.038452,1.046631,-4.272461,-4.333496,-7.812500
57748,-0.020020,0.046875,1.095825,-4.150391,-3.417969,-7.141113
57757,-0.038574,-0.070190,1.046631,-4.211426,-2.685547,-6.591797
57770,-0.063354,0.027954,0.963013,-3.479004,-3.540039,-6.225586
57780,-0.088867,-0.117920,0.866943,-3.356934,-2.929688,-5.981445
57789,-0.128052,-0.256714,0.815063,-3.295898,-1.953125,-6.042480
57799,-0.157959,-0.101074,0.936890,-3.234863,-0.366211,-6.774902
57809,-0.168823,-0.086060,1.006592,-3.601074,-0.183105,-7.751465
57818,-0.115967,-0.311523,0.947388,-3.356934,-0.427246,-9.033203
57828,-0.024414,-0.310181,0.933350,-2.929688,-0.915527,-9.704590
57838,0.022827,-0.260254,0.975098,-2.197266,-0.427246,-8.300781
57847,0.066650,-0.345703,1.117676,-2.380371,1.037598,-6.713867
57858,-0.089233,-0.271118,1.132935,-1.831055,2.502441,-5.065918
57867,-0.158203,-0.392700,1.064941,-0.732422,4.455566,-3.662109
57877,-0.095581,-0.478882,0.986938,0.549316,5.310059,-3.479004
57888,-0.036499,-0.557251,0.936035,1.220703,4.943848,-3.784180
57897,-0.023926,-0.818726,0.918457,1.342773,2.868652,-4.638672
57910,-0.101074,-0.806396,-0.089844,-3.967285,2.624512,-4.516602
57919,-0.175781,-1.278076,-0.847168,-4.882812,3.295898,-3.051758
57929,-0.016113,-0.485718,0.405762,-13.183594,5.310059,-2.563477
57939,-0.095947,-0.595337,-0.030762,-22.155762,4.577637,-1.892090
57948,0.082275,-0.334473,0.203003,-31.555176,4.699707,-1.464844
57958,0.149292,0.382813,1.053955,-35.156250,5.493164,-1.281738
57967,0.093628,0.278564,1.564453,-30.761719,4.394531,0.122070
57980,0.061401,0.190063,1.849854,-23.132324,5.920410,3.417969
57989,0.130737,0.379395,1.754272,-20.080566,6.652832,4.089355
57998,0.047607,0.304321,1.486572,-15.625000,6.958008,5.065918
58008,0.047119,0.366821,1.217041,-12.939453,5.798340,4.943848
58017,-0.047852,0.666138,1.250366,-12.573242,3.906250,4.089355
58028,-0.087402,0.845825,1.447876,-10.131836,4.150391,4.028320
58038,-0.098511,0.739258,1.580444,-6.530762,4.028320,3.723145
58047,-0.034790,0.673218,1.712036,-2.075195,3.967285,2.563477
58059,-0.067261,1.052612,1.188599,-2.563477,3.356934,1.708984
58069,-0.137451,0.998535,0.900635,-1.159668,3.051758,1.708984
58079,-0.132812,0.673096,0.596313,1.525879,4.394531,2.502441
58088,-0.058105,0.799072,0.895874,2.746582,5.859375,2.746582
58097,-0.001099,0.703613,0.942749,1.647949,6.042480,2.685547
58108,-0.011841,0.750977,0.957520,-0.976562,5.432129,2.441406
58117,0.028320,1.109741,1.013550,-3.540039,5.920410,5.004883
58129,0.015137,1.151245,0.892212,-4.394531,6.652832,7.324219
58138,0.001953,0.881470,0.923706,-2.563477,7.629395,9.826660
58148,0.004028,0.895630,1.176636,-1.831055,7.751465,12.145996
58157,-0.061646,0.755127,1.208130,-2.075195,8.300781,13.916016
58168,-0.000854,0.534912,1.014038,-2.380371,8.483887,15.075684
58177,0.094360,1.002075,1.298340,-4.577637,7.690430,15.197754
58189,-0.045166,0.422852,0.500977,-1.831055,5.798340,16.723633
58199,0.114502,0.067139,0.528076,-1.708984,5.676270,17.089844
58208,0.212646,0.873535,1.710938,-6.042480,5.920410,16.540527
58218,0.090698,1.012329,1.707520,-8.544922,2.746582,16.662598
58228,-0.083130,0.244629,0.647461,-5.981445,0.244141,17.700195
58238,0.064453,0.268555,0.362427,-2.624512,1.831055,17.028809
58248,0.205566,0.577515,1.186768,-1.953125,3.112793,16.174316
58258,0.271240,0.611694,1.848267,-1.708984,2.197266,15.625000
58269,0.037231,0.072144,0.381226,-3.173828,1.342773,13.366699
58278,0.034424,0.348877,0.589111,-4.882812,0.976562,10.925293
58288,-0.117554,0.713867,1.188354,-5.981445,-0.671387,8.483887
58297,-0.204590,0.532349,1.143433,-6.591797,-2.319336,5.493164
58308,-0.059937,0.206421,0.740112,-6.835937,-2.075195,3.051758
58317,-0.025024,0.572998,0.850952,-7.080078,-0.061035,2.868652
58330,-0.202759,0.804687,1.054932,-6.042480,0.854492,3.356934
58339,-0.025879,0.462036,1.042358,-2.075195,0.976562,2.319336
58349,0.005371,0.262329,1.012817,-0.793457,0.671387,0.549316
58358,-0.008301,0.667847,1.086670,-3.234863,0.427246,-1.342773
58368,-0.174438,1.046265,1.022095,-5.065918,0.732422,-1.159668
58378,-0.162598,0.837891,0.865112,-2.685547,1.647949,-0.305176
58387,-0.081421,0.547607,0.973511,0.366211,3.173828,1.098633
58400,-0.058838,0.720703,1.208618,-0.488281,4.455566,3.051758
58409,-0.110474,0.758423,0.950317,-1.892090,5.126953,4.272461
58419,-0.072021,0.617554,0.756104,-0.671387,6.347656,5.065918
58428,-0.081787,0.739746,0.925659,0.976562,7.080078,5.554199
58438,-0.170898,0.572388,1.054321,2.258301,7.324219,5.310059
58448,-0.177734,0.503052,1.086670,1.220703,7.324219,5.004883
58457,-0.130493,0.647949,0.996216,-1.220703,7.568359,4.760742
58470,-0.011475,0.963135,1.041016,-3.295898,9.338379,7.507324
58479,-0.032471,0.875854,1.136963,-2.563477,9.948730,9.460449
58489,0.031494,0.712769,1.116699,-1.098633,10.070801,10.742188
58498,0.161377,0.664795,1.171143,-0.671387,10.192871,10.803223
58507,0.175781,0.686279,1.023193,-0.854492,9.521484,9.948730
58517,0.193237,0.775269,0.959229,-1.586914,8.728027,8.544922
58528,0.225220,0.833374,1.021729,-2.197266,7.141113,7.080078
58537,0.249878,0.739258,1.021484,-2.380371,6.347656,4.150391
58549,0.347778,0.704102,1.052734,-2.319336,5.249023,2.868652
58558,0.379150,0.816284,0.844116,-2.441406,3.845215,1.892090
58568,0.743286,0.473267,0.975586,-2.075195,2.563477,1.464844
58578,0.681519,0.548950,0.900757,-1.831055,-0.122070,0.061035
58587,0.047974,0.631104,1.182617,-0.854492,-5.371094,-4.333496
58598,-0.279419,0.564697,0.839111,1.098633,-9.643555,-8.850098
58607,0.287354,0.637939,1.895874,3.906250,-0.305176,-8.666992
58619,0.613525,1.014282,1.401733,4.089355,2.380371,-10.131836
58628,0.148926,0.110596,0.663574,1.708984,0.183105,-8.544922
58637,-0.041626,-0.583740,0.694946,6.408691,-3.967285,-11.108398
58647,-0.068848,0.549194,1.398804,1.892090,-9.216309,-16.967773
58658,-0.401733,-0.007935,1.058716,3.601074,-10.620117,-17.395020
58668,-0.467529,-0.188599,0.892822,6.286621,-7.263184,-15.686035
58677,-0.275513,0.397827,1.132690,4.089355,-0.305176,-10.986328
58689,-0.073975,0.177124,0.881348,6.042480,0.671387,-9.582520
58698,0.009644,0.169312,0.977173,5.432129,1.220703,-9.277344
58708,0.040161,-0.191650,1.047974,7.263184,-0.122070,-9.216309
58717,0.032104,-0.081177,1.028687,6.896973,-1.586914,-9.521484
58728,0.100830,-0.131958,0.941895,6.225586,-1.647949,-9.765625
58737,0.168091,-0.245605,0.960571,6.896973,-1.098633,-9.704590
58750,0.168701,0.013062,0.933716,5.249023,-0.183105,-8.117676
58759,0.191895,-0.186523,1.115601,5.371094,0.061035,-7.629395
58769,0.115356,-0.177734,1.088867,4.272461,-0.122070,-7.507324
58778,0.138062,-0.317627,1.083862,4.272461,-0.671387,-7.751465
58788,0.149658,-0.207764,1.399780,4.821777,-2.014160,-9.338379
58797,0.172974,0.163086,1.871826,4.150391,-3.601074,-12.329102
58808,0.050781,-0.298706,1.412476,5.554199,-5.493164,-15.563965
58817,0.169189,-0.136230,1.518066,6.408691,-8.850098,-23.315430
58827,0.052124,0.124146,0.797974,8.117676,-8.666992,-22.949219
58838,0.154663,0.210327,0.781860,8.422852,-7.995605,-22.705078
58848,0.371704,0.004761,1.060303,9.887695,-8.850098,-24.291992
58857,0.429687,-0.220825,1.305298,10.742188,-11.535645,-28.198242
58868,0.401245,-0.255493,1.244385,10.375977,-15.014648,-31.433105
58877,0.217529,-0.227539,1.223877,9.521484,-15.747070,-32.348633
58890,0.062256,-0.015503,0.780640,10.620117,-12.573242,-27.343750
58899,-0.061523,-0.277100,0.775879,13.793945,-11.657715,-26.489258
58909,-0.164917,-0.436401,0.841553,15.502930,-12.878418,-27.770996
58918,-0.066284,-0.501709,0.934326,14.526367,-13.488770,-29.052734
58928,-0.158691,-0.442871,0.866455,11.108398,-13.488770,-29.479980
58937,-0.271484,-0.097412,0.632568,5.676270,-13.305664,-29.541016
58948,-0.273926,0.165527,0.462036,2.685547,-11.718750,-27.465820
58957,-0.300781,0.003418,0.467285,3.051758,-7.507324,-21.240234
58969,-0.205811,-0.187744,0.810303,3.112793,-5.981445,-20.019531
58978,-0.213989,-0.380493,0.926514,2.929688,-4.882812,-19.226074
58988,-0.251831,-0.268433,0.906006,1.770020,-4.516602,-19.104004
58997,-0.342407,-0.160889,0.814575,0.915527,-3.723145,-17.211914
59007,-0.387451,-0.239502,0.717041,1.464844,-1.892090,-14.160156
59018,-0.358276,-0.177490,0.685425,1.220703,-0.305176,-11.535645
59027,-0.298706,-0.163940,0.763550,0.244141,2.746582,-6.896973
59037,-0.221924,-0.175781,0.905029,-1.037598,3.662109,-4.089355
59048,-0.105103,-0.004883,1.026978,-1.647949,4.577637,0.305176
59057,-0.061035,-0.110229,1.030151,-0.793457,5.371094,4.028320
59068,0.017334,-0.039795,1.006104,-1.159668,5.554199,6.469727
59077,0.104248,-0.027466,1.002441,-0.915527,5.493164,8.728027
59088,0.167725,-0.084595,1.023438,-0.366211,5.126953,10.314941
59097,0.185181,-0.033081,1.021484,-1.159668,3.784180,12.023926
59107,0.140625,-0.070068,1.026855,-0.610352,3.723145,13.122559
59118,0.123657,-0.192139,1.048706,-0.854492,3.234863,13.854980
59127,0.146851,-0.212524,1.045776,-1.342773,3.601074,14.709473
59138,0.159424,-0.266602,1.025391,-1.281738,3.784180,15.136719
59147,0.146606,-0.237793,0.988281,-1.586914,2.929688,15.075684
59158,0.102661,-0.198853,0.964355,-2.075195,2.380371,15.136719
59167,0.078857,-0.189453,0.965088,-2.136230,1.953125,13.732910
59179,0.048950,-0.105835,1.000977,-2.929688,1.464844,12.634277
59188,0.055542,-0.113037,1.004272,-2.868652,1.098633,11.535645
59198,0.053345,-0.102417,0.999878,-2.624512,0.549316,10.070801
59207,0.040161,-0.093872,0.984985,-2.868652,-0.244141,8.666992
59218,0.008057,-0.114136,0.966919,-2.807617,-0.671387,7.385254
59227,-0.024048,-0.114014,0.955444,-2.685547,-0.671387,6.469727
59240,-0.088013,-0.094604,0.970947,-2.624512,0.244141,5.737305
59249,-0.108643,-0.085327,0.972290,-2.624512,0.854492,5.920410
59259,-0.117065,-0.070312,0.973999,-2.441406,1.220703,6.469727
59268,-0.123535,-0.069946,0.977051,-2.319336,1.953125,6.835937
59278,-0.088501,-0.070435,0.986206,-2.258301,2.014160,7.324219
59287,-0.053345,-0.068481,0.992310,-2.319336,2.136230,7.568359
59298,-0.033569,-0.078979,0.993530,-2.136230,2.136230,7.873535
59307,-0.020142,-0.080688,0.985107,-1.831055,1.586914,8.605957
59319,0.014771,-0.076904,0.996948,-1.831055,1.647949,9.521484
59328,0.020508,-0.084229,0.993408,-1.647949,1.281738,10.314941
59338,0.025024,-0.078125,0.981201,-1.892090,1.586914,11.169434
59347,0.036377,-0.089844,0.974365,-1.770020,1.647949,12.329102
59358,0.041138,-0.078247,0.940186,-1.708984,2.014160,13.305664
59367,0.040894,-0.093384,0.929077,-2.197266,1.831055,14.099121
59380,0.022339,-0.102295,0.915771,-2.502441,2.014160,15.319824
59389,0.000854,-0.134644,0.871094,-2.563477,2.136230,15.930176
59399,0.007690,-0.093018,0.891235,-2.990723,2.624512,16.418457
59408,0.014893,-0.051147,1.025024,-3.173828,2.563477,16.845703
59418,-0.002197,-0.048706,1.033813,-2.990723,2.136230,17.150879
59427,0.016846,-0.065796,1.039185,-2.929688,2.502441,17.089844
59438,0.021729,-0.053101,1.094604,-2.807617,2.624512,16.723633
59447,0.013428,-0.063843,1.030029,-2.685547,2.258301,15.380859
59458,0.021606,-0.039063,1.056274,-2.014160,2.441406,14.892578
59468,0.015869,-0.027954,1.040161,-1.708984,2.563477,14.526367
59477,0.025269,-0.031006,1.090820,-1.464844,2.197266,14.343262
59488,0.028809,-0.049072,1.058228,-1.281738,1.525879,14.160156
59497,0.038818,-0.057495,1.040039,-1.098633,1.464844,13.732910
59508,0.032104,-0.076904,1.023315,-0.732422,1.281738,13.549805
59517,0.032227,-0.101929,1.011230,-0.244141,0.915527,13.122559
59529,0.037231,-0.144775,0.976318,-0.183105,1.708984,13.427734
59538,0.042603,-0.153076,0.971802,-0.305176,2.014160,13.732910
59548,0.054443,-0.165527,0.992798,-0.305176,1.953125,14.282227
59557,0.064087,-0.176636,0.997070,-0.549316,1.586914,14.221191
59568,0.034058,-0.162720,1.021729,-0.915527,0.427246,13.366699
59577,0.035767,-0.176880,1.026001,-1.098633,0.244141,14.160156
59590,0.083618,-0.165161,1.022705,-0.854492,0.427246,15.136719
59599,0.025879,-0.113159,0.967163,-0.793457,-0.244141,15.319824
59609,0.018433,-0.118774,0.976440,-0.549316,-0.183105,17.150879
59618,-0.011353,-0.107788,0.953735,-0.915527,0.732422,17.700195
59628,-0.035400,-0.151978,0.943726,-1.403809,0.610352,17.700195
59637,-0.107300,-0.157227,0.958130,-1.464844,1.159668,17.395020
59647,-0.084106,-0.153687,0.988403,-1.525879,1.281738,15.441895
59660,0.025513,-0.163452,1.047485,-1.586914,1.037598,11.352539
59669,0.032227,-0.161743,1.020508,-1.220703,0.244141,9.155273
59679,0.050049,-0.165771,1.005127,-1.159668,0.244141,7.507324
59688,0.073120,-0.159302,0.989868,-1.159668,0.122070,6.347656
59697,0.088867,-0.144775,0.986694,-1.281738,0.122070,5.187988
59708,0.092896,-0.137573,0.974609,-1.281738,0.061035,4.211426
59717,0.168701,-0.182739,0.996582,-0.976562,-0.488281,3.723145
59730,0.062378,-0.195557,0.952148,-1.220703,-1.525879,2.502441
59740,0.064331,-0.173584,0.975342,-1.708984,-1.525879,2.807617
59749,0.125732,-0.180786,1.011475,-1.464844,-1.831055,2.502441
59758,0.059082,-0.201782,1.011597,-1.220703,-3.051758,1.892090
59768,-0.019409,-0.191406,0.982666,-1.159668,-2.990723,1.708984
59778,-0.014038,-0.161255,0.984009,-1.098633,-2.746582,1.525879
59787,0.000244,-0.193604,0.963257,-0.732422,-1.770020,2.014160
59800,-0.070190,-0.208130,0.948730,-0.549316,-2.075195,2.380371
59810,-0.084717,-0.176270,0.989624,-0.915527,-2.136230,2.441406
59820,-0.113281,-0.140137,1.030640,-0.793457,-1.708984,1.831055
59829,-0.114990,-0.147705,1.025024,-0.793457,-1.037598,1.708984
59839,-0.027588,-0.170654,1.006348,-0.854492,-0.366211,2.197266
59849,0.013550,-0.162964,0.970459,-0.854492,0.061035,3.051758
59858,-0.020996,-0.139160,0.958496,-0.793457,0.610352,6.103516
59870,-0.033325,-0.136108,0.998413,-0.793457,1.831055,7.141113
59879,-0.025635,-0.140381,1.009399,-0.915527,2.319336,8.117676
59889,-0.043213,-0.136719,0.993164,-0.732422,2.441406,9.399414
59898,-0.036377,-0.110107,0.966064,-0.976562,2.624512,10.742188
59908,-0.038330,-0.098389,0.959229,-0.976562,2.685547,12.329102
59918,-0.055786,-0.092041,0.968018,-0.976562,3.234863,14.160156
59927,-0.061523,-0.096069,0.984619,-0.915527,3.906250,16.296387
59939,-0.067505,-0.122681,0.984131,-0.976562,4.760742,20.996094
59949,-0.065918,-0.126953,0.973022,-1.281738,5.737305,23.864746
59958,-0.048218,-0.136597,0.968140,-1.403809,6.835937,26.794434
59968,-0.027954,-0.152222,0.975830,-1.159668,7.507324,29.235840
59977,-0.022217,-0.165894,0.991455,-1.281738,7.995605,31.555176
59988,-0.024780,-0.166992,0.996948,-1.281738,8.300781,32.958984
59998,-0.026733,-0.167236,0.991455,-1.220703,8.422852,33.996582
