timestamp,accX,accY,accZ,gyrX,gyrY,gyrZ
10,0.080566,-0.182617,1.022461,-2.929688,-6.896973,-5.187988
20,0.033936,-0.202148,0.982056,-3.173828,-6.835937,-5.126953
30,0.152344,-0.133789,0.982910,-3.051758,-5.798340,-5.432129
43,0.018921,-0.195435,0.953979,-2.136230,-7.202148,-7.263184
52,-0.011841,-0.124146,1.005615,-2.319336,-9.338379,-7.446289
62,0.039063,-0.073120,0.989624,-1.953125,-5.737305,-7.507324
71,0.015381,-0.179565,0.927124,-2.563477,-6.713867,-6.896973
81,0.023437,-0.058472,0.914062,-2.563477,-9.277344,-6.469727
90,-0.012207,-0.035522,0.929932,-2.624512,-6.896973,-5.920410
100,0.000122,-0.105835,0.994385,-2.929688,-5.798340,-5.187988
113,0.035400,-0.095215,1.058594,-2.807617,-5.493164,-4.150391
123,-0.019043,-0.104980,1.018188,-2.746582,-5.615234,-4.150391
132,-0.007813,-0.153931,1.040039,-2.624512,-5.493164,-4.089355
142,0.020264,-0.099731,0.963989,-2.868652,-5.432129,-3.295898
152,-0.000122,-0.159180,0.878052,-3.417969,-5.432129,-1.953125
161,0.051025,-0.164185,0.904053,-3.784180,-4.394531,-0.183105
171,0.013794,-0.103638,0.914307,-4.455566,-3.295898,2.441406
180,0.054443,-0.041260,1.040771,-4.577637,-2.075195,7.080078
190,0.019409,-0.075806,1.010498,-4.455566,-1.892090,8.117676
200,-0.031128,-0.091553,0.998901,-4.089355,-2.990723,8.483887
211,-0.084717,-0.165771,0.961548,-3.845215,-3.112793,8.117676
221,-0.078735,-0.136230,1.111450,-3.967285,-2.807617,7.751465
231,-0.013916,-0.084229,1.139893,-3.601074,-2.929688,8.056641
241,0.011475,-0.220093,0.960205,-2.258301,-2.075195,8.239746
250,-0.055664,-0.367432,0.790161,-2.502441,-4.028320,8.422852
260,-0.064209,-0.354614,0.789307,-3.173828,-2.685547,8.666992
271,-0.110596,-0.112061,0.935913,-3.540039,-1.525879,9.765625
280,-0.140503,-0.223633,0.954102,-3.234863,-1.831055,11.169434
290,-0.141357,-0.220459,0.911865,-2.563477,0.366211,11.413574
301,-0.096680,-0.265015,0.899658,-2.624512,0.122070,10.925293
310,-0.072388,-0.269409,0.884521,-3.356934,0.122070,10.253906
320,-0.046997,-0.161011,0.932617,-3.784180,-0.732422,9.460449
332,-0.077148,-0.109863,1.088135,-3.601074,-1.281738,7.629395
341,0.009399,-0.195190,1.037476,-2.868652,-0.854492,7.507324
351,0.016602,-0.156494,1.035034,-2.563477,-0.671387,7.202148
360,0.022705,-0.184692,0.990234,-2.197266,-1.342773,6.225586
370,-0.009277,-0.197998,1.022095,-1.953125,-1.831055,5.615234
380,-0.003052,-0.185791,1.040405,-1.647949,-1.953125,4.882812
390,-0.027588,-0.105713,1.068604,-1.220703,-1.403809,5.004883
401,-0.115601,-0.180420,1.047485,-0.854492,-1.220703,6.103516
411,-0.097534,-0.211182,1.024292,-1.220703,-0.976562,6.469727
420,-0.114380,-0.104004,0.939941,-1.403809,-0.366211,7.019043
430,-0.139038,-0.128052,0.951050,-1.464844,0.305176,7.385254
441,-0.175659,-0.234619,0.882935,-1.464844,0.549316,7.934570
450,-0.169556,-0.139648,0.960693,-2.136230,1.708984,8.300781
460,-0.172485,-0.146973,0.915649,-2.685547,2.258301,9.033203
471,-0.153931,-0.210571,0.887817,-2.685547,3.112793,9.948730
481,-0.155396,-0.210693,0.894653,-3.112793,3.784180,9.643555
490,-0.074829,-0.148682,1.006958,-3.784180,3.723145,8.789063
501,-0.069214,-0.015869,1.016968,-3.845215,3.906250,8.117676
510,-0.110718,-0.009644,1.103149,-3.601074,3.662109,7.324219
521,-0.102051,0.119385,1.293213,-2.929688,4.150391,6.225586
530,-0.096069,0.008789,1.137573,-1.403809,5.004883,3.356934
542,-0.098633,-0.119873,0.931396,-0.488281,4.394531,1.770020
551,-0.159912,-0.012817,0.892578,-0.915527,5.065918,1.098633
561,-0.159302,-0.014404,0.911743,-1.708984,5.615234,1.342773
570,-0.182495,0.103638,1.051025,-2.075195,7.019043,2.136230
581,-0.152222,0.036987,1.001953,-1.342773,8.666992,3.234863
591,-0.112061,-0.050171,0.997925,-0.610352,9.643555,3.845215
600,0.004272,-0.132935,0.962524,-0.610352,8.117676,3.112793
610,-0.000610,-0.124878,0.920410,-0.915527,8.850098,3.112793
621,0.005737,-0.137207,0.870728,-0.854492,8.728027,3.845215
630,0.010986,-0.131836,0.942627,-0.793457,8.972168,4.638672
641,0.042236,-0.223511,0.941040,-0.366211,8.972168,5.920410
650,0.003296,-0.192383,0.951538,-0.427246,8.544922,6.469727
661,-0.054321,-0.170898,0.858521,-0.610352,9.521484,7.263184
670,-0.033447,-0.106934,1.074585,-0.244141,10.070801,7.995605
680,0.040771,-0.162231,1.122925,0.610352,9.704590,7.690430
691,-0.141846,-0.340698,0.933472,1.098633,8.666992,6.103516
700,-0.082031,-0.235962,1.031494,1.098633,9.582520,5.249023
711,0.035156,-0.305176,1.039795,0.854492,9.155273,5.126953
720,0.077148,-0.103027,0.983032,0.427246,8.117676,5.187988
731,0.060669,-0.212280,0.907959,0.732422,8.972168,7.080078
740,0.116455,-0.145386,0.942139,0.610352,10.559082,11.901855
752,0.091797,-0.125854,1.078247,-0.732422,8.789063,13.183594
761,0.013184,-0.084595,1.079834,-0.976562,9.338379,13.916016
771,0.006348,-0.031006,1.093018,-0.671387,9.704590,14.282227
781,0.044189,-0.215332,1.008667,-0.366211,9.521484,14.709473
790,0.013428,-0.105591,1.029541,0.061035,8.728027,13.427734
800,0.053101,-0.175049,0.917480,-0.061035,6.896973,13.000488
813,0.163574,-0.201416,0.833618,-1.220703,6.652832,14.099121
822,0.072754,-0.068115,0.961548,-1.647949,6.652832,15.441895
832,0.091064,-0.088257,1.000488,-1.525879,7.446289,16.601562
841,0.069214,-0.103271,1.052368,-0.732422,6.408691,17.333984
851,0.045288,-0.228149,1.080200,0.061035,6.347656,16.723633
860,-0.028320,-0.277832,0.985107,-0.244141,5.676270,15.747070
870,-0.013428,-0.115112,1.062378,-0.793457,5.981445,14.526367
880,0.014893,-0.188965,0.944824,-0.671387,5.249023,12.878418
891,0.030518,-0.161865,0.956299,-1.098633,5.065918,10.498047
901,0.000244,-0.027100,1.048096,-1.342773,4.211426,9.033203
910,0.037964,-0.099976,1.024414,-1.281738,1.770020,7.507324
921,0.073364,-0.175415,1.006958,-0.488281,6.652832,6.042480
930,0.049805,-0.101563,1.118530,-1.281738,3.479004,5.371094
941,0.009644,-0.144287,1.010376,-0.549316,4.333496,4.028320
950,0.060791,-0.083984,0.983154,0.000000,3.112793,3.234863
962,0.100098,-0.281372,0.789673,-0.427246,3.173828,4.028320
971,0.099243,-0.259521,0.792358,-1.892090,3.723145,5.798340
980,0.061401,-0.088623,0.953369,-2.746582,3.906250,8.605957
990,0.037476,-0.209839,0.972168,-2.441406,5.249023,11.962891
1001,0.030151,-0.132324,1.081299,-1.953125,6.408691,14.282227
1011,0.110962,-0.237671,1.018311,-1.647949,4.943848,14.404297
1020,0.112183,-0.359009,0.895874,-1.892090,3.051758,10.559082
1032,0.103882,-0.181885,1.042480,-2.685547,0.549316,9.460449
1041,0.159790,-0.059570,1.019531,-2.380371,2.685547,9.582520
1051,0.146851,-0.156372,0.974854,-2.197266,0.854492,10.253906
1060,0.201416,-0.220093,0.855835,-1.953125,1.098633,11.291504
1071,0.167114,-0.122314,0.981812,-2.136230,3.234863,12.939453
1080,0.163940,-0.127686,0.931152,-2.746582,-0.244141,14.526367
1093,0.070801,-0.111572,1.084473,-1.770020,-0.305176,16.662598
1103,0.030518,-0.113037,1.072754,-1.464844,1.586914,16.357422
1112,0.071655,0.052612,1.061401,-2.319336,-1.892090,16.174316
1121,0.024170,-0.056519,1.005615,-1.464844,-2.075195,15.197754
1131,0.031738,0.008057,1.026611,-1.220703,-0.061035,15.808105
1140,-0.010132,0.056641,1.099854,-1.220703,-3.784180,16.113281
1150,0.021484,-0.054687,1.029297,-0.244141,0.793457,16.906738
1163,0.033691,-0.021362,1.106201,0.976562,-1.220703,16.906738
1172,-0.004761,-0.203735,0.965698,0.915527,-0.122070,17.578125
1182,-0.039429,-0.004883,1.029785,0.488281,-3.295898,17.272949
1191,-0.061768,-0.171387,0.905396,1.464844,1.647949,17.333984
1201,-0.056763,-0.173584,0.907715,0.915527,-0.366211,17.578125
1210,-0.021362,-0.135986,0.987549,0.183105,-1.586914,18.127441
1221,0.022461,-0.274292,0.916382,0.061035,-0.915527,18.615723
1230,-0.038452,-0.120239,0.979126,-0.549316,-0.427246,20.446777
1242,0.028809,-0.157593,1.039551,-0.549316,-0.366211,21.179199
1251,0.018311,-0.060669,1.050293,0.000000,-0.061035,21.545410
1261,-0.005005,-0.057495,1.045654,-0.427246,-1.831055,22.033691
1270,0.008423,-0.056274,1.079712,0.793457,-1.098633,22.277832
1281,0.029541,-0.038330,1.051514,1.281738,-1.831055,23.620605
1291,0.056519,-0.182861,0.983398,2.197266,-2.502441,23.742676
1300,0.011719,-0.078247,1.013672,1.831055,-5.249023,24.230957
1312,0.032471,-0.109131,1.064575,2.502441,-2.441406,23.803711
1321,0.028320,-0.029541,1.051758,2.258301,-3.662109,23.071289
1331,0.049561,-0.016235,1.086914,2.258301,-3.112793,21.667480
1341,0.039307,-0.167480,1.003052,2.319336,-5.065918,19.958496
1351,0.071899,-0.107544,1.004761,2.624512,-5.493164,18.127441
1362,0.090698,-0.166260,0.908325,2.502441,-6.835937,14.404297
1372,0.123535,-0.094238,0.957275,2.075195,-7.812500,13.305664
1381,0.140015,-0.182617,1.000488,2.014160,-7.995605,12.512207
1391,0.089966,-0.076904,0.997437,2.075195,-8.239746,11.840820
1400,0.102539,-0.051514,1.085815,2.624512,-7.934570,11.596680
1411,0.065918,-0.307495,0.957642,2.807617,-8.300781,11.108398
1420,0.150879,-0.125122,1.034668,2.258301,-10.437012,10.437012
1431,0.092163,-0.106934,1.040283,2.258301,-8.728027,10.070801
1442,0.070435,-0.131104,1.033569,2.014160,-13.061523,7.080078
1451,0.036865,-0.071045,1.029175,1.892090,-12.207031,5.859375
1461,0.053345,-0.282959,0.955688,2.075195,-10.803223,4.455566
1470,0.040039,-0.026611,1.001587,1.159668,-12.023926,3.845215
1481,0.111694,-0.126587,1.074707,1.342773,-10.192871,3.173828
1490,0.055664,-0.125122,0.998291,1.159668,-11.108398,2.624512
1501,0.045166,-0.067749,1.057617,1.525879,-11.169434,2.075195
1510,0.070679,-0.254883,0.960083,1.953125,-11.962891,-0.183105
1522,0.112427,-0.155029,0.951172,1.281738,-13.183594,-1.342773
1531,0.031860,-0.358765,0.818359,1.098633,-12.145996,-1.831055
1541,0.093872,-0.141113,0.941040,-0.183105,-12.512207,-2.075195
1551,0.069824,-0.213989,0.927490,-0.854492,-10.803223,-1.647949
1561,0.053711,-0.218872,0.852417,-1.770020,-11.169434,-1.342773
1571,0.029785,-0.067261,0.986572,-2.685547,-12.268066,-0.732422
1581,0.061523,-0.136719,0.963867,-3.112793,-10.681152,-1.770020
1590,0.024414,0.047974,1.079956,-2.807617,-11.840820,-3.234863
1601,-0.005005,-0.197632,1.025513,-2.014160,-10.375977,-4.211426
1611,-0.005981,-0.123291,1.022949,-1.586914,-10.620117,-5.859375
1620,-0.020996,-0.099854,1.050537,-1.831055,-10.559082,-6.530762
1631,-0.109131,-0.145630,0.952026,-1.525879,-8.911133,-7.568359
1640,-0.101074,0.040039,1.036865,-2.258301,-8.483887,-8.666992
1652,-0.078247,-0.177368,0.779419,-2.380371,-11.108398,-12.817383
1662,0.020752,0.026245,0.951660,-3.051758,-10.009766,-14.465332
1671,0.037720,-0.132935,0.951416,-3.540039,-7.751465,-15.075684
1681,0.067627,-0.044434,1.000610,-3.723145,-7.141113,-15.991211
1691,0.114258,0.113403,1.091675,-3.845215,-7.751465,-16.174316
1700,0.142090,-0.025879,1.000854,-3.234863,-7.263184,-15.747070
1711,0.155884,-0.048340,1.019043,-2.075195,-6.286621,-14.953613
1721,0.114136,-0.205933,0.953735,-2.197266,-6.713867,-13.183594
1731,-0.015747,-0.106812,0.964478,-2.624512,-6.103516,-12.634277
1740,-0.073608,-0.212524,0.851440,-2.807617,-4.943848,-12.329102
1751,-0.062866,-0.110718,0.895874,-3.662109,-5.065918,-12.390137
1761,-0.080078,-0.210815,0.845703,-3.601074,-2.685547,-12.451172
1771,-0.067139,-0.160278,0.861938,-4.333496,-2.685547,-12.512207
1781,-0.008789,-0.045898,0.971802,-5.554199,-2.380371,-11.779785
1790,-0.050659,-0.189087,0.959106,-5.249023,1.281738,-12.329102
1801,-0.046997,0.051147,1.048584,-5.249023,-2.136230,-12.390137
1811,-0.011353,-0.128906,0.977905,-3.967285,2.807617,-12.939453
1821,-0.035278,0.082520,1.104248,-5.126953,0.549316,-12.268066
1831,-0.075562,-0.085815,0.977783,-4.333496,0.366211,-12.329102
1841,0.003174,-0.012817,0.887085,-3.906250,3.723145,-10.314941
1850,0.069580,0.020874,0.975220,-3.356934,1.770020,-8.483887
1862,0.042114,-0.070923,0.965332,-2.441406,6.347656,-4.577637
1872,0.070312,-0.069580,0.992554,-2.441406,6.958008,-1.831055
1881,0.015259,-0.199463,1.002563,-3.601074,4.882812,1.770020
1891,-0.044434,-0.029175,1.122803,-3.112793,7.080078,4.516602
1901,-0.120361,-0.058960,1.074829,-3.112793,4.455566,6.652832
1911,-0.189697,-0.131714,1.037354,-2.380371,5.798340,7.812500
1921,-0.102417,-0.199463,0.931641,-1.464844,8.239746,8.483887
1931,-0.117188,-0.375854,0.842407,-2.807617,7.629395,9.826660
1941,-0.045288,-0.236206,0.891724,-3.967285,8.666992,11.413574
1951,-0.072754,-0.163086,0.937622,-4.699707,6.042480,11.962891
1961,-0.074585,0.156982,1.142822,-3.601074,11.962891,12.878418
1971,-0.038452,-0.131958,1.016602,-4.028320,7.873535,14.221191
1981,-0.042603,-0.282471,0.915894,-3.051758,7.385254,13.610840
1991,-0.031494,0.008911,1.117432,-3.295898,10.253906,13.916016
2002,0.064575,-0.298950,0.879150,-2.868652,7.995605,14.343262
2012,0.102051,-0.021362,0.971069,-2.624512,6.713867,14.465332
2021,0.092651,-0.234009,0.964111,-3.417969,5.859375,16.113281
2031,0.048218,-0.132324,1.012573,-3.967285,4.638672,17.089844
2041,0.054443,0.116455,1.192505,-3.906250,6.225586,19.042969
2051,-0.015015,-0.094604,1.182617,-2.258301,5.981445,20.385742
2062,-0.050293,-0.252197,1.070068,-0.976562,4.882812,21.911621
2072,-0.013306,0.015137,1.156006,0.488281,9.216309,21.423340
2082,-0.036377,-0.109375,1.157715,0.366211,4.455566,21.667480
2091,-0.034790,-0.186523,1.018799,2.014160,2.258301,20.507812
2101,0.001343,-0.169434,0.917847,3.540039,6.042480,20.202637
2112,0.026855,-0.222168,0.919434,2.807617,0.549316,20.080566
2121,0.058594,-0.323853,0.837646,3.051758,4.516602,19.958496
2131,0.083862,-0.158203,0.950195,0.732422,1.403809,20.202637
2142,0.036743,-0.073853,1.041138,0.610352,2.319336,20.874023
2151,0.017944,-0.090088,1.093384,0.854492,-1.342773,20.324707
2161,-0.002686,-0.049438,1.090698,2.624512,2.868652,19.592285
2171,-0.016357,-0.108765,1.076294,2.014160,0.244141,19.775391
2181,-0.024658,-0.135254,1.071411,2.380371,-3.112793,18.371582
2191,0.002686,0.031372,1.120972,3.662109,2.197266,17.333984
2201,0.030396,-0.011597,1.061401,2.868652,-0.732422,17.456055
2212,0.037598,-0.252319,0.892822,3.479004,0.305176,14.587402
2222,-0.013672,-0.088257,0.972656,3.234863,-2.929688,13.977051
2231,0.030029,0.114014,1.075562,3.295898,-2.563477,12.145996
2241,0.003662,-0.113647,0.998413,3.540039,0.183105,12.084961
2251,0.019043,-0.300659,0.877197,3.540039,-5.676270,11.535645
2261,0.049927,-0.222046,0.757202,4.699707,-2.807617,10.559082
2272,0.100464,-0.065918,0.979858,2.624512,-5.371094,8.850098
2282,0.079590,-0.118286,0.924072,2.136230,-2.380371,8.666992
2291,0.119019,-0.135620,0.839966,1.220703,-5.615234,7.019043
2302,0.135498,-0.200195,0.756836,1.098633,-3.295898,6.347656
2311,0.150269,-0.063721,0.865356,-0.427246,-5.798340,5.249023
2321,0.145142,-0.082642,0.920410,-1.342773,-7.202148,3.723145
2331,0.198486,-0.025879,0.893677,-1.770020,-7.080078,2.380371
2341,0.202393,0.020630,0.981201,-1.586914,-6.652832,1.403809
2353,0.119995,-0.228271,1.004883,-2.014160,-8.789063,-1.953125
2362,0.098267,-0.072876,1.083740,-1.831055,-10.192871,-4.089355
2372,0.057129,0.084351,1.207397,-2.197266,-10.742188,-5.187988
2381,0.123413,-0.076416,1.168945,-2.014160,-8.483887,-6.286621
2391,0.077271,-0.133667,1.068970,-2.441406,-10.437012,-6.958008
2402,-0.047729,0.017212,1.079712,-2.319336,-10.681152,-7.446289
2411,0.018433,-0.015015,1.052368,-2.502441,-9.582520,-8.422852
2421,0.055786,-0.159668,0.927856,-2.197266,-9.216309,-8.239746
2432,0.151733,-0.125488,0.956421,-2.441406,-9.338379,-8.483887
2441,0.104980,-0.226562,0.869141,-3.112793,-9.155273,-8.361816
2452,0.131348,0.018799,1.030151,-3.967285,-9.155273,-8.117676
2461,0.075928,-0.106201,1.007446,-4.760742,-9.704590,-7.812500
2471,0.030396,-0.232544,0.980103,-4.272461,-8.544922,-7.995605
2484,0.055420,-0.143066,1.105225,-4.577637,-8.666992,-7.873535
2493,0.012085,-0.337524,0.962646,-4.638672,-8.483887,-7.690430
2503,-0.012695,-0.130127,1.027588,-4.699707,-8.422852,-7.080078
2513,0.008301,0.012695,1.002075,-4.455566,-6.774902,-6.225586
2522,-0.083984,-0.177612,0.907104,-4.455566,-7.324219,-5.004883
2532,-0.075439,-0.094604,0.879761,-4.089355,-6.652832,-3.906250
2542,-0.070923,-0.074829,0.938477,-3.784180,-5.310059,-1.953125
2552,-0.068604,-0.277588,0.869263,-3.723145,-3.601074,0.915527
2562,-0.036133,-0.103027,1.009155,-3.906250,-3.784180,2.197266
2571,-0.116699,-0.173218,0.921021,-3.784180,-2.929688,2.746582
2581,-0.109009,0.090210,0.979370,-3.662109,-2.929688,2.624512
2592,-0.103271,-0.068115,1.046875,-2.563477,-2.441406,3.051758
2601,-0.166626,-0.157104,0.942749,-1.953125,-1.831055,3.356934
2611,-0.132446,-0.086426,1.038208,-1.464844,-1.647949,3.295898
2624,-0.145630,-0.086670,0.984131,1.098633,0.122070,3.662109
2633,-0.125732,-0.376465,0.831787,1.892090,0.061035,3.723145
2643,-0.021606,-0.228760,0.892578,1.831055,0.793457,3.540039
2652,0.027466,-0.057983,0.994263,0.915527,0.671387,3.662109
2661,-0.000977,-0.268677,0.873413,0.366211,0.000000,3.723145
2672,0.042603,-0.232422,0.852051,-0.366211,-0.061035,3.845215
2681,0.073975,0.061523,1.005371,-1.342773,-0.183105,4.028320
2694,0.033447,-0.158325,1.003906,-2.441406,-0.244141,4.333496
2703,0.069824,-0.054932,1.102173,-2.929688,-0.366211,4.455566
2713,0.001343,0.105591,1.088257,-3.112793,-0.732422,4.272461
2723,-0.001099,0.015869,1.013916,-2.746582,-0.427246,3.967285
2732,-0.011353,-0.085571,0.958618,-2.319336,-1.770020,3.784180
2742,0.017334,-0.048340,0.939331,-1.892090,-1.220703,3.662109
2752,0.066528,-0.134644,0.971680,-2.136230,-1.464844,3.173828
2761,0.068604,-0.080078,0.990845,-2.380371,-1.220703,3.234863
2773,0.012329,-0.184082,1.064819,-2.685547,-1.953125,2.624512
2782,0.033203,-0.231567,1.012939,-2.563477,-1.708984,1.464844
2792,-0.017212,-0.005493,1.064819,-2.868652,-2.624512,0.427246
2801,0.040894,0.035645,1.125732,-2.746582,-2.685547,-0.854492
2811,-0.017090,-0.219849,0.976929,-2.502441,-3.295898,-2.319336
2822,0.027832,-0.138184,0.924194,-2.563477,-3.601074,-3.234863
2831,0.001343,0.036621,1.007568,-2.746582,-3.234863,-5.310059
2841,0.055420,-0.162231,0.955078,-2.502441,-3.662109,-6.347656
2852,0.024658,0.105225,1.107056,-2.258301,-4.394531,-7.141113
2861,0.046387,-0.021362,1.074341,-1.281738,-4.333496,-7.751465
2872,0.003418,-0.310303,0.914551,-0.366211,-3.967285,-7.873535
2881,0.061035,-0.097656,0.915161,-0.427246,-3.417969,-7.873535
2892,0.128174,0.025879,0.984985,-0.671387,-2.929688,-7.324219
2901,0.135498,-0.215576,0.942993,-0.732422,-2.868652,-7.019043
2911,0.044434,-0.209229,0.890015,-2.197266,-2.807617,-7.263184
2922,0.100830,-0.086670,0.960815,-2.685547,-2.380371,-7.324219
2931,0.054932,-0.045166,0.986206,-2.807617,-3.234863,-7.507324
2941,0.019531,0.034912,1.072632,-2.136230,-2.990723,-7.751465
2952,0.001953,0.014893,1.048096,-2.441406,-4.943848,-7.507324
2961,0.009155,-0.104736,0.971436,-1.220703,-1.464844,-7.324219
2974,-0.034790,-0.195068,1.010620,0.305176,-1.770020,-7.751465
2983,0.012329,-0.312012,0.888062,0.244141,-1.647949,-8.605957
2993,0.076050,-0.027588,0.939697,-0.488281,-2.868652,-9.216309
3003,0.059814,0.012329,1.003174,-1.098633,-3.112793,-9.033203
3012,0.027588,-0.232544,0.856079,-0.854492,-1.586914,-9.033203
3022,-0.001953,-0.075562,0.904907,-1.342773,-3.417969,-8.422852
3031,0.039185,0.059814,1.062256,-1.037598,0.610352,-7.446289
3044,-0.026611,-0.182007,1.024292,-0.854492,0.793457,-5.920410
3053,0.001709,0.033081,1.054443,-0.793457,-1.281738,-5.615234
3063,-0.002563,-0.037598,1.026855,-0.061035,0.976562,-4.943848
3073,-0.021484,-0.232666,0.902222,0.244141,0.610352,-4.150391
3082,-0.045776,-0.113403,0.923828,-0.183105,-1.708984,-3.051758
3092,-0.008911,-0.041626,1.012329,0.183105,1.403809,-2.075195
3101,-0.062012,-0.166504,0.933716,-0.366211,1.098633,-0.549316
3111,-0.050659,-0.115479,0.980225,-0.488281,4.272461,1.098633
3122,-0.046997,-0.104614,1.007446,-0.488281,3.662109,4.028320
3132,-0.050293,-0.080811,1.077026,-0.427246,3.723145,4.943848
3142,-0.059937,-0.060059,1.055420,-1.220703,0.732422,5.798340
3152,-0.071045,-0.086426,1.003296,-0.427246,3.356934,5.737305
3162,-0.025269,-0.123901,1.014038,-0.122070,2.136230,5.371094
3172,-0.028198,-0.120728,0.969116,0.183105,5.187988,6.225586
3181,-0.021729,-0.152222,0.973877,-0.305176,3.601074,6.896973
3191,0.002441,-0.218262,1.012939,-1.586914,2.624512,7.446289
3202,-0.017212,0.024048,1.024414,-1.464844,2.990723,7.812500
3211,-0.033203,-0.058105,1.031128,-1.464844,2.502441,8.666992
3221,-0.025269,-0.232422,0.964233,-1.037598,3.234863,8.728027
3232,-0.073853,-0.154663,1.005249,-1.037598,3.234863,8.239746
3241,-0.043823,-0.005859,1.031616,-1.464844,1.098633,7.629395
3251,-0.135864,-0.169922,0.963379,-1.159668,2.502441,6.469727
3263,-0.033325,-0.095825,0.943237,-1.586914,2.319336,6.286621
3272,-0.018433,-0.105591,0.994995,-1.647949,3.662109,5.920410
3282,-0.047119,-0.177612,0.956177,-2.258301,2.258301,5.676270
3291,-0.019043,-0.041748,1.014038,-2.380371,2.380371,5.065918
3302,-0.026611,-0.021973,1.039795,-2.075195,2.990723,4.089355
3311,-0.016968,-0.172241,0.924316,-1.831055,2.441406,3.295898
3324,0.034424,0.006714,0.934692,-1.525879,2.319336,0.732422
3333,0.026245,-0.228149,0.740112,-1.708984,1.953125,-0.427246
3343,0.049072,-0.177124,0.787354,-2.380371,1.953125,-1.586914
3352,0.046997,-0.016357,0.883667,-3.723145,1.464844,-2.380371
3362,0.031616,-0.115479,0.835205,-4.821777,1.220703,-2.563477
3371,0.021606,0.064575,0.931030,-5.432129,4.150391,-2.746582
3382,-0.000366,0.186157,1.068359,-6.652832,0.000000,-2.563477
3392,0.023804,-0.071533,1.012817,-5.126953,1.708984,-2.563477
3403,-0.010864,0.076416,1.136963,-3.967285,4.089355,-3.479004
3413,-0.013672,-0.127319,1.083374,-4.394531,3.967285,-3.112793
3422,-0.000977,-0.121582,1.042603,-4.150391,0.244141,-3.906250
3432,0.008423,0.056274,1.092163,-3.540039,4.272461,-3.601074
3442,0.057495,-0.011353,1.023560,-3.662109,3.356934,-2.807617
3451,0.028564,-0.150879,0.967163,-3.417969,3.051758,-2.014160
3464,0.052856,-0.021851,1.095703,-3.234863,2.563477,-0.183105
3473,0.037109,-0.152344,1.078979,-2.929688,3.051758,0.671387
3483,0.015869,0.006226,1.054932,-2.929688,2.319336,1.342773
3492,0.027100,-0.000732,1.084351,-2.197266,3.967285,1.953125
3502,0.025269,-0.101318,0.997192,-2.563477,2.502441,2.624512
3511,0.043091,-0.107910,1.054565,-2.868652,2.380371,3.234863
3522,-0.026489,-0.022339,1.005249,-2.624512,3.601074,3.540039
3532,-0.004761,-0.123657,1.013916,-2.807617,3.479004,4.333496
3542,-0.074341,0.006958,0.896851,-2.990723,3.845215,4.821777
3551,-0.072021,-0.045410,0.987915,-2.929688,4.089355,5.432129
3562,-0.113770,-0.171021,0.874878,-3.051758,3.112793,6.225586
3571,-0.077026,0.000854,0.962036,-2.563477,6.652832,6.530762
3582,-0.044678,-0.098633,0.948975,-3.479004,3.662109,7.812500
3591,-0.020264,-0.165771,0.898315,-2.624512,5.981445,8.422852
3604,0.002441,-0.185547,0.966064,-3.967285,4.760742,10.925293
3613,-0.019775,-0.072510,0.937378,-4.211426,3.417969,11.108398
3623,-0.012451,0.080078,1.029297,-3.845215,1.281738,10.742188
3632,0.003418,-0.129517,0.911865,-2.075195,5.432129,10.070801
3642,0.008545,-0.140381,0.914307,-1.708984,8.056641,10.375977
3651,0.021118,0.049072,1.033569,-1.831055,2.502441,10.864258
3662,-0.005981,-0.076416,1.070801,-0.549316,0.915527,10.864258
3671,0.014771,-0.206665,0.993896,1.098633,3.723145,12.451172
3683,0.054443,-0.028687,1.065552,1.953125,4.516602,12.145996
3692,0.038086,-0.238770,0.965942,1.403809,4.089355,12.939453
3702,0.072510,-0.209473,0.930176,1.159668,-0.549316,12.512207
3711,0.067871,-0.013794,0.971069,2.258301,3.234863,11.840820
3722,0.086548,-0.169922,0.979004,1.525879,1.831055,12.573242
3731,0.046021,-0.256348,0.896729,1.464844,1.892090,12.268066
3744,0.018311,-0.069214,1.009644,-0.305176,0.793457,12.207031
3753,-0.036377,-0.241211,0.896606,-1.159668,0.854492,11.352539
3763,-0.008911,-0.027588,0.953369,-2.075195,1.770020,10.742188
3772,-0.027466,0.148193,1.066406,-1.953125,0.610352,9.521484
3781,-0.031982,-0.108887,1.027466,-2.197266,0.122070,8.544922
3791,-0.045776,-0.193237,1.035034,-1.831055,3.540039,7.324219
3801,-0.030762,0.026123,1.109619,-2.929688,0.000000,7.202148
3814,-0.008301,-0.076416,1.093994,-2.624512,-0.915527,4.455566
3823,0.033813,0.022827,1.053101,-2.990723,1.098633,4.150391
3833,0.058105,0.017334,1.060791,-3.051758,-4.333496,2.563477
3842,0.082153,-0.122803,0.995117,-1.708984,-1.098633,0.915527
3851,0.053711,-0.088989,1.006592,-1.892090,-0.976562,0.183105
3861,0.167847,-0.116943,1.112549,-1.159668,-1.159668,-1.831055
3872,0.113403,-0.206055,1.000000,-1.281738,-2.136230,-2.868652
3881,0.092773,-0.530029,0.990234,-0.854492,-3.173828,-5.187988
3893,0.179077,-0.012573,1.113037,-7.568359,-3.906250,-6.042480
3902,0.337402,-0.415527,0.026611,-8.789063,-5.187988,-6.591797
3912,0.099487,0.053955,0.485596,-10.253906,-6.347656,-5.737305
3921,0.209106,0.222778,0.518921,-14.160156,-9.216309,-4.577637
3931,0.061523,0.279663,0.222656,-18.310547,-8.544922,-3.723145
3942,0.017700,0.571655,0.191040,-24.230957,-8.850098,-0.732422
3951,-0.169556,0.593262,0.299683,-25.451660,0.976562,3.845215
3963,-0.323730,-0.030640,0.410767,-26.000977,-1.586914,3.601074
3972,-0.207642,0.275513,0.500977,-31.066895,0.244141,2.136230
3982,-0.021606,0.763794,0.791016,-35.217285,0.244141,0.244141
3991,0.110718,0.664062,1.143799,-33.508301,-0.427246,-0.549316
4001,-0.016235,0.442749,1.248413,-31.188965,-3.112793,-1.831055
4012,0.061646,0.693115,1.537842,-29.968262,-1.953125,-3.662109
4021,0.019043,0.566284,1.772949,-26.306152,0.732422,-2.868652
4033,-0.008423,0.806274,1.564697,-20.202637,-1.831055,0.488281
4042,0.088989,0.957153,1.538696,-17.578125,3.112793,3.173828
4052,0.150024,0.864868,1.784180,-12.023926,3.417969,6.958008
4061,0.054810,0.104736,1.738770,-3.662109,4.760742,9.765625
4071,-0.103760,-0.102051,1.554932,0.976562,2.563477,9.277344
4081,-0.259033,0.337036,1.434082,0.366211,-2.563477,7.812500
4094,-0.260010,0.192017,0.771973,3.112793,1.037598,7.751465
4103,-0.380859,0.272583,0.993652,3.845215,2.868652,8.300781
4113,-0.419678,0.384155,1.052002,2.502441,4.211426,8.056641
4122,-0.350098,0.498657,0.965942,0.000000,6.286621,7.141113
4131,-0.297974,0.671997,0.961914,-0.793457,5.737305,6.652832
4141,-0.194946,1.071289,1.326294,0.244141,6.591797,7.507324
4151,-0.197266,0.863403,1.022583,3.845215,10.253906,9.887695
4161,-0.071167,0.192383,0.728760,8.728027,7.751465,11.779785
4172,0.008423,0.906616,0.994019,1.586914,10.559082,13.793945
4182,0.039917,1.078979,1.068970,-2.990723,10.314941,14.831543
4191,0.014038,0.927979,0.870972,-3.723145,10.498047,16.418457
4201,0.128540,0.865845,0.723877,-2.014160,11.230469,18.005371
4211,0.186768,0.932495,1.010010,-0.488281,9.704590,20.690918
4221,0.127686,0.755127,1.408813,0.000000,10.559082,22.827148
4234,0.084839,0.640015,0.861206,-2.746582,9.948730,23.742676
4243,0.162720,0.761108,0.555542,-2.075195,10.681152,24.230957
4252,0.231689,0.812012,0.868774,-0.976562,10.681152,24.658203
4262,0.138306,0.574341,1.197876,-0.488281,8.911133,25.085449
4271,0.118286,0.368774,1.150391,-1.403809,7.995605,24.047852
4281,0.226440,0.469727,0.943604,-2.746582,6.591797,21.789551
4291,0.275879,0.805786,0.951172,-4.272461,4.272461,20.446777
4301,0.193848,0.802368,1.023682,-2.746582,3.356934,19.836426
4312,0.052490,0.237305,1.089478,1.220703,1.037598,16.296387
4322,0.141968,0.370117,1.114014,1.037598,2.075195,12.634277
4331,0.162964,0.575439,0.959839,-0.427246,-1.159668,8.789063
4341,0.149658,0.677979,1.004028,-0.305176,-1.464844,6.164551
4351,0.176880,0.584961,0.926025,1.464844,-2.258301,4.333496
4361,0.209473,0.427368,1.010986,4.150391,-2.502441,1.892090
4373,0.162842,0.406372,1.031616,5.065918,-5.065918,-2.136230
4383,0.063599,0.388672,0.940552,3.173828,-5.249023,-3.845215
4392,-0.029419,0.619507,0.895996,-0.732422,-6.164551,-5.004883
4402,-0.022583,0.790039,0.744995,-3.295898,-6.652832,-6.408691
4412,-0.019165,1.051147,0.948608,-3.845215,-4.272461,-7.263184
4421,-0.006592,0.859619,0.940063,-2.258301,-4.882812,-8.239746
4431,0.034546,0.697876,1.134399,-0.366211,-3.479004,-8.728027
4444,0.087891,0.766968,1.138550,-1.220703,-5.249023,-10.742188
4453,0.028809,0.716431,0.976196,-1.525879,-3.540039,-10.620117
4463,-0.055542,0.653809,0.912476,-1.281738,-5.004883,-10.192871
4473,-0.062134,0.666748,0.997925,-1.464844,-2.807617,-9.948730
4482,-0.023071,0.644897,1.048340,-1.770020,-2.868652,-11.230469
4492,0.004150,0.683350,1.087158,-2.624512,0.366211,-11.474609
4502,0.017822,0.712891,1.051392,-4.089355,-4.638672,-11.840820
4511,0.012451,0.688354,1.012817,-2.807617,-0.915527,-11.596680
4523,-0.119019,0.653809,0.959839,-1.464844,-2.014160,-11.596680
4533,-0.182617,0.675049,0.938599,-1.281738,-0.305176,-10.925293
4542,-0.127930,0.567505,0.988525,0.000000,2.746582,-10.192871
4552,-0.050781,0.425171,0.998413,0.976562,4.943848,-7.751465
4561,-0.025757,0.354980,0.996582,1.281738,-0.122070,-6.042480
4571,-0.079346,0.274536,0.974487,1.831055,-2.075195,-4.333496
4583,-0.053467,0.374023,1.001465,5.187988,8.300781,-0.549316
4593,-0.069092,0.283203,0.974609,5.920410,8.972168,1.708984
4602,-0.013428,0.134033,1.008667,6.896973,3.417969,2.136230
4612,0.081665,-0.031128,1.096924,9.338379,6.591797,0.976562
4621,0.158203,-0.243652,1.101563,9.765625,6.530762,-0.427246
4631,0.208252,-0.481201,1.082397,9.887695,0.549316,-3.845215
4641,0.261963,-0.461060,0.899902,10.131836,2.441406,-7.080078
4654,0.261597,-0.102783,0.978027,6.958008,-2.685547,-13.793945
4663,0.178223,0.208130,1.146362,5.249023,-2.685547,-16.235352
4672,0.226929,0.441650,1.463867,4.638672,-1.953125,-17.089844
4682,0.151245,0.243774,1.548340,6.042480,-2.502441,-17.089844
4691,0.192383,0.379395,1.942261,8.422852,-0.488281,-16.784668
4701,0.112427,0.403442,1.778076,10.498047,-3.173828,-14.709473
4711,0.154297,0.276978,1.296875,13.366699,-0.061035,-11.779785
4721,0.132568,0.153198,1.080933,14.831543,-1.586914,-9.643555
4733,0.141357,0.162476,1.103516,14.526367,-3.967285,-10.253906
4742,0.066895,0.134766,1.339233,14.404297,-3.662109,-9.887695
4751,-0.015747,0.007813,1.069580,13.854980,-4.516602,-8.239746
4762,0.012817,-0.079590,0.947754,13.977051,-1.892090,-7.385254
4772,0.129028,-0.230225,1.173706,14.221191,-1.892090,-6.713867
4781,0.054077,-0.226440,0.978149,14.343262,-3.662109,-7.080078
4794,-0.031982,-0.376465,0.744995,13.854980,-4.699707,-7.690430
4803,-0.089111,-0.441284,0.634277,13.854980,-3.723145,-7.385254
4812,-0.003174,-0.488159,0.753052,13.305664,-4.333496,-7.324219
4822,-0.024780,-0.371948,0.874146,12.512207,-2.502441,-7.446289
4832,-0.105835,-0.269775,0.660522,11.535645,-2.685547,-7.202148
4841,-0.086914,-0.480957,0.570801,10.986328,-1.831055,-6.713867
4851,-0.030151,-0.448608,0.665283,9.948730,-2.014160,-6.103516
4864,-0.027466,-0.162964,0.734741,8.789063,-0.549316,-3.723145
4873,0.006348,-0.330811,0.781006,8.728027,-0.244141,-2.441406
4883,0.016724,-0.201782,0.833252,7.995605,0.000000,-1.281738
4892,-0.011719,-0.283447,0.796753,6.652832,0.000000,0.427246
4902,-0.005981,-0.110596,0.796021,5.371094,0.183105,2.014160
4912,-0.019165,-0.098633,0.789307,4.638672,1.098633,3.601074
4921,-0.008911,-0.133545,0.797241,3.540039,0.732422,4.821777
4934,0.040649,-0.196655,0.848267,2.441406,1.403809,7.995605
4943,0.043579,-0.128784,0.926025,1.892090,1.831055,8.850098
4952,0.074951,-0.118896,0.979980,1.708984,1.647949,9.582520
4962,0.108276,-0.183716,1.033936,1.586914,1.953125,9.948730
4971,0.143433,-0.236084,1.055176,1.525879,1.892090,10.009766
4981,0.125366,-0.251709,1.072632,1.220703,1.586914,9.338379
4991,0.098022,-0.279663,1.013672,1.220703,0.244141,8.728027
5002,0.109253,-0.293213,1.031372,1.098633,1.098633,7.629395
5012,0.119995,-0.381104,1.004761,0.793457,0.610352,7.202148
5021,0.124512,-0.266357,1.034790,0.305176,-0.976562,7.080078
5032,0.114502,-0.319824,0.994751,0.976562,0.915527,6.591797
5041,0.079224,-0.330688,0.919067,0.183105,-0.549316,6.652832
5051,0.072144,-0.228638,0.885620,0.061035,-0.915527,6.530762
5061,0.043823,-0.197266,0.857422,-0.915527,-4.577637,6.286621
5074,0.025513,-0.136353,0.890259,-1.647949,-2.807617,6.347656
5083,0.003052,-0.147095,0.900757,-1.831055,-1.281738,6.713867
5093,-0.008911,-0.173706,0.924194,-1.770020,-1.159668,6.835937
5102,-0.007568,-0.176025,0.943726,-2.319336,-1.159668,7.263184
5112,0.001587,-0.185425,0.940186,-2.380371,-0.671387,8.178711
5122,0.014893,-0.192261,0.949951,-2.502441,0.305176,8.789063
5131,0.017456,-0.179321,0.945068,-3.234863,-1.831055,9.948730
5144,-0.004272,-0.129761,0.975342,-3.112793,-0.488281,10.925293
5153,-0.004150,-0.111694,0.977905,-2.563477,3.601074,12.023926
5163,-0.011841,-0.134033,0.921631,-3.295898,1.525879,13.122559
5172,-0.026123,-0.173218,0.856689,-3.051758,1.770020,13.610840
5182,-0.051270,-0.144653,0.881714,-3.417969,1.770020,13.977051
5192,-0.065552,-0.144897,0.912720,-3.417969,2.746582,13.671875
5202,-0.042480,-0.178345,0.938110,-3.601074,3.173828,13.549805
5211,-0.002441,-0.200317,0.976318,-4.272461,1.892090,12.084961
5223,0.048096,-0.180786,0.989624,-4.516602,1.281738,10.986328
5232,0.080811,-0.163086,0.987061,-4.760742,0.305176,9.826660
5242,0.117432,-0.132446,0.994507,-4.882812,-0.061035,8.422852
5251,0.131958,-0.115601,1.011353,-4.699707,-0.671387,6.713867
5261,0.142090,-0.105835,1.032837,-4.638672,-0.244141,5.432129
5272,0.156250,-0.103271,1.034058,-4.577637,-1.037598,3.906250
5281,0.165894,-0.106079,1.016235,-4.333496,-1.586914,2.441406
5291,0.166870,-0.102783,1.014038,-4.211426,-1.159668,2.014160
5302,0.152100,-0.070801,1.034546,-4.089355,-0.610352,1.586914
5311,0.115967,-0.073853,1.024658,-4.394531,-3.601074,1.159668
5321,0.078125,-0.074341,1.002441,-3.662109,-0.732422,0.427246
5331,0.045166,-0.066040,1.007568,-4.028320,-1.220703,0.915527
5341,0.027222,-0.071167,1.011719,-3.967285,-4.333496,0.122070
5353,-0.007935,-0.087402,1.026245,-3.845215,-4.089355,-0.488281
5363,-0.022217,-0.089111,1.028687,-3.295898,-2.441406,-1.403809
5373,-0.029663,-0.093994,1.017944,-3.540039,-2.807617,-1.464844
5383,-0.020630,-0.083130,1.018677,-2.807617,-1.220703,-2.258301
5393,-0.013916,-0.082153,1.013916,-3.356934,-1.831055,-1.770020
5402,-0.005981,-0.077393,1.007935,-3.112793,-4.577637,-2.197266
5412,-0.000732,-0.066040,1.008423,-2.502441,1.220703,-1.281738
5421,0.003418,-0.067993,1.006958,-2.563477,0.549316,0.732422
5431,0.018311,-0.069336,1.009399,-2.807617,-2.075195,1.220703
5442,0.014893,-0.052856,1.008179,-2.319336,0.732422,1.708984
5451,0.019775,-0.045898,1.008057,-2.441406,-0.488281,2.319336
5461,0.028564,-0.051758,1.012451,-2.624512,-1.464844,3.112793
5471,0.025391,-0.059204,1.021973,-2.197266,-0.061035,3.540039
5481,0.033447,-0.064087,1.022095,-1.892090,-0.915527,3.784180
5494,0.044556,-0.063354,1.027344,-1.464844,-0.488281,4.516602
5503,0.043213,-0.066162,1.019287,-1.464844,0.305176,4.882812
5513,0.038818,-0.072021,1.002441,-1.586914,0.305176,5.371094
5522,0.031860,-0.077393,1.000488,-1.464844,-1.342773,5.310059
5532,0.019897,-0.074219,1.006958,-1.647949,0.061035,6.347656
5541,0.022949,-0.077393,1.011475,-1.220703,0.122070,6.225586
5552,0.036133,-0.083862,1.006104,-1.464844,-0.366211,6.713867
5561,0.050171,-0.087402,0.995850,-1.403809,0.000000,6.225586
5572,0.063232,-0.103638,0.984131,-1.037598,-0.061035,6.408691
5582,0.056885,-0.114502,0.984131,-1.098633,-0.488281,6.164551
5592,0.049072,-0.121582,0.981689,-1.220703,-1.525879,5.920410
5601,0.054321,-0.125000,0.978760,-0.732422,1.647949,6.103516
5611,0.041748,-0.124268,0.991089,-1.037598,0.000000,6.042480
5621,0.027344,-0.104492,0.994995,-1.403809,1.770020,6.591797
5631,0.024902,-0.104004,0.991699,-1.647949,-1.586914,6.286621
5642,0.036255,-0.100342,0.981567,-1.281738,-0.427246,6.103516
5652,0.039185,-0.114746,0.965820,-1.220703,-0.793457,6.042480
5661,0.047852,-0.098267,0.966797,-1.281738,-1.342773,5.798340
5671,0.059814,-0.078979,0.976929,-0.549316,2.075195,5.554199
5682,0.062500,-0.080444,0.986206,-1.892090,-2.258301,5.432129
5691,0.069214,-0.087769,0.991333,-0.915527,0.122070,4.394531
5703,0.094238,-0.092163,1.008911,-1.708984,-3.967285,3.845215
5713,0.110352,-0.094849,0.994507,-0.732422,-0.793457,3.295898
5722,0.112793,-0.095093,1.001709,-1.159668,-3.540039,2.929688
5732,0.118042,-0.093384,0.988159,-0.610352,-0.244141,2.136230
5742,0.100952,-0.092407,0.995972,-1.525879,-4.638672,2.075195
5751,0.088989,-0.094360,0.981201,-0.793457,-2.990723,1.037598
5762,0.068604,-0.098389,0.993408,-0.732422,-2.563477,0.732422
5771,0.052734,-0.102417,0.994263,-0.976562,-1.220703,0.427246
5783,0.042603,-0.104492,1.012573,-1.098633,-3.112793,0.122070
5792,0.038696,-0.111694,1.013184,-1.159668,-3.173828,0.122070
5801,0.038452,-0.119995,1.002930,-1.037598,-4.211426,0.061035
5811,0.042603,-0.132568,0.997559,-0.854492,-3.845215,0.122070
5822,0.035889,-0.140991,0.982300,-1.037598,-3.845215,0.427246
5831,0.029175,-0.140137,0.985229,-1.037598,-3.173828,0.671387
5841,0.027100,-0.140747,0.978394,-1.037598,-3.295898,0.427246
5853,-0.012451,-0.125732,1.003540,-1.464844,-4.394531,0.244141
5863,-0.009155,-0.115967,1.003052,-1.281738,-2.807617,0.488281
5872,-0.005005,-0.115967,0.991455,-1.220703,-2.319336,1.037598
5882,-0.020386,-0.114258,0.974487,-0.915527,-1.098633,1.403809
5891,-0.003906,-0.110962,0.971069,-0.976562,-1.892090,2.014160
5901,0.002319,-0.098022,0.964966,-0.915527,-1.831055,2.319336
5914,0.011841,-0.081787,1.005127,-1.464844,-2.441406,3.112793
5923,0.022583,-0.108398,0.983521,-1.220703,-0.671387,3.173828
5933,0.026489,-0.124878,0.973389,-1.281738,-2.136230,3.112793
5942,0.030762,-0.105225,0.998657,-1.403809,-0.793457,3.295898
5952,0.030762,-0.107422,1.014160,-1.098633,-0.976562,2.746582
5962,0.018555,-0.125732,1.016602,-1.098633,-1.525879,2.197266
5971,0.026367,-0.118286,1.003296,-1.098633,-2.624512,1.708984
5981,0.053467,-0.102539,1.001709,-1.098633,-1.892090,0.610352
5993,0.031372,-0.079956,0.979614,-1.159668,-2.197266,0.549316
6002,0.022339,-0.082764,0.981201,-1.098633,-2.441406,0.610352
6011,0.017822,-0.109009,0.987061,-1.098633,-1.464844,0.915527
6021,-0.040161,-0.084473,0.994873,-1.220703,-1.647949,1.159668
6032,-0.056885,-0.094360,1.010376,-1.159668,-2.990723,1.037598
6041,-0.042847,-0.131592,0.987183,-1.037598,-1.159668,1.403809
6051,-0.046021,-0.135742,1.005981,-0.732422,-0.915527,1.281738
6061,-0.017944,-0.051147,1.029297,-1.220703,-0.366211,0.976562
6071,-0.003052,-0.047485,0.951538,-1.342773,-0.549316,0.610352
6081,-0.027832,-0.068115,0.956299,-0.976562,-0.061035,0.305176
6092,-0.039673,-0.108765,0.992187,-0.549316,0.305176,-0.305176
6101,-0.026611,-0.134644,1.037842,-0.854492,-0.854492,-1.220703
6111,-0.018188,-0.104736,1.053711,-1.037598,0.793457,-1.098633
6124,0.030762,0.023804,0.989868,-1.220703,0.488281,-0.976562
6133,0.099365,-0.044312,0.965210,-0.854492,-0.305176,-0.061035
6143,0.112549,-0.216797,0.905273,-0.976562,-0.793457,0.183105
6152,0.089722,-0.148926,0.960449,-1.647949,-3.295898,0.183105
6162,0.062500,-0.096680,1.000610,-1.831055,-1.098633,1.708984
6172,0.053833,-0.122803,1.004395,-1.708984,-0.366211,3.295898
6181,0.072266,-0.169800,0.998535,-1.037598,0.305176,4.577637
6194,-0.040649,-0.246582,0.975952,-0.915527,-1.037598,4.455566
6204,-0.074951,-0.250122,0.981079,-1.220703,-1.403809,3.234863
6217,-0.007813,-0.233765,0.993652,-1.220703,0.183105,1.403809
6227,0.088013,-0.276489,0.989624,-1.281738,-0.122070,-3.356934
6236,0.061157,-0.260986,0.941284,-1.342773,-1.586914,-4.943848
6246,0.068481,-0.271240,0.971680,-1.403809,-1.220703,-5.187988
6255,0.077759,-0.295410,0.997192,-1.342773,-1.525879,-5.493164
6265,-0.005249,-0.241577,1.000122,-1.464844,-1.953125,-5.432129
6274,-0.016357,-0.196655,1.008545,-1.464844,-1.831055,-4.699707
6284,0.057251,-0.276245,1.013306,-1.098633,-0.244141,-3.540039
6294,0.055176,-0.310425,1.000122,-0.854492,-1.708984,-4.272461
6303,-0.012573,-0.316528,0.989624,-0.976562,-2.075195,-5.249023
6313,-0.008179,-0.288818,0.971313,-1.220703,-1.647949,-6.530762
6322,0.032471,-0.240845,0.966797,-1.342773,-2.136230,-7.263184
6332,0.029053,-0.241699,0.993164,-0.610352,-2.197266,-6.530762
6342,-0.044922,-0.285156,0.989014,-0.488281,-1.342773,-5.249023
6351,-0.072266,-0.274536,0.963623,-0.793457,-0.854492,-3.417969
6361,-0.071167,-0.217163,0.928955,-0.915527,0.671387,-2.197266
6372,-0.059570,-0.180176,0.913452,-1.220703,0.793457,-1.220703
6381,-0.058350,-0.180908,0.927490,-0.915527,1.159668,-0.488281
6391,-0.055054,-0.204224,0.973755,-0.610352,0.549316,0.244141
6402,-0.045166,-0.247314,1.011353,-0.793457,1.586914,2.075195
6412,0.000732,-0.204712,1.000366,-1.281738,2.258301,3.295898
6421,0.014526,-0.181519,0.974365,-1.403809,1.647949,4.455566
6431,0.019775,-0.202637,0.933838,-0.854492,2.258301,5.676270
6441,0.000366,-0.206299,0.959717,-0.915527,2.258301,7.019043
6451,-0.009521,-0.203613,1.003052,-0.976562,3.662109,8.361816
6461,-0.017334,-0.191406,0.993530,-1.342773,3.356934,9.704590
6473,-0.060181,-0.136597,0.959961,-2.075195,3.173828,12.695313
6483,-0.092041,-0.154663,0.963013,-1.464844,3.906250,14.099121
6493,-0.102661,-0.180176,1.001343,-1.403809,4.150391,15.869141
6503,-0.088257,-0.218872,0.999634,-1.647949,4.272461,17.883301
6512,-0.085571,-0.211670,0.990601,-1.708984,4.394531,19.653320
6522,-0.084473,-0.167725,0.988525,-1.892090,6.286621,21.301270
6531,-0.072876,-0.171875,0.976807,-1.770020,7.141113,22.460937
6541,-0.069946,-0.225708,0.954224,-1.586914,7.446289,23.071289
6552,-0.056885,-0.276978,0.991211,-2.014160,8.300781,22.705078
6562,-0.022827,-0.252686,1.009155,-2.502441,9.033203,22.033691
6572,0.024170,-0.175781,1.060303,-2.563477,9.399414,21.362305
6581,0.066162,-0.211426,1.037354,-2.075195,8.117676,20.263672
6591,0.101318,-0.330444,0.962524,-1.403809,7.629395,18.798828
6601,0.134399,-0.354126,0.942871,-1.159668,7.995605,17.456055
6613,0.178711,-0.287231,1.006592,-2.258301,5.310059,13.000488
6623,0.156616,-0.295654,1.000854,-2.380371,5.126953,10.131836
6633,0.137085,-0.331665,0.963257,-2.258301,3.723145,7.080078
6642,0.141724,-0.306641,0.961304,-2.563477,3.417969,4.516602
6652,0.146484,-0.238403,1.040039,-2.746582,2.563477,2.441406
6661,0.140503,-0.261597,1.029907,-2.258301,1.770020,0.122070
6671,0.128662,-0.305786,0.976196,-2.014160,0.183105,-2.014160
6681,0.136353,-0.257080,0.976196,-1.953125,0.305176,-4.211426
6693,0.101929,-0.131470,0.969482,-1.831055,-0.183105,-5.432129
6702,0.099243,-0.188843,0.880493,-1.342773,-0.854492,-6.591797
6712,0.112915,-0.189331,0.946045,-1.770020,-1.464844,-7.324219
6721,0.152344,-0.200806,1.016357,-1.586914,-1.220703,-8.728027
6731,0.147705,-0.232178,1.051880,-1.708984,-1.953125,-10.253906
6741,0.124878,-0.241211,1.030640,-1.953125,-2.319336,-11.535645
6753,0.124146,-0.245605,0.956787,-1.892090,-3.601074,-13.916016
6763,0.113403,-0.271851,0.899658,-1.953125,-4.394531,-15.991211
6773,0.134033,-0.205933,0.993286,-2.319336,-5.004883,-18.737793
6783,0.152588,-0.274536,1.013062,-1.831055,-5.676270,-20.507812
6792,0.099243,-0.359009,0.953735,-1.770020,-6.347656,-21.972656
6802,0.081421,-0.264893,1.008057,-2.197266,-5.859375,-24.108887
6811,0.123413,-0.179565,1.032104,-2.746582,-6.896973,-25.878906
6821,0.105347,-0.244263,0.934570,-2.319336,-5.920410,-28.381348
6833,0.101440,-0.278198,0.986450,-2.014160,-6.958008,-29.602051
6842,0.116699,-0.312134,1.000000,-1.708984,-6.896973,-30.151367
6852,0.103882,-0.190063,1.051514,-2.136230,-6.408691,-29.602051
6862,0.109253,-0.146851,1.003662,-2.136230,-6.591797,-28.564453
6871,0.086670,-0.194946,0.901978,-2.380371,-8.850098,-25.878906
6881,0.034790,-0.145386,0.933716,-2.136230,-7.446289,-23.742676
6893,0.004150,-0.067871,0.994385,-1.770020,-4.516602,-18.249512
6903,-0.038940,-0.063721,1.022461,-1.892090,-4.943848,-15.563965
6913,-0.041382,-0.084473,0.999756,-1.525879,-3.601074,-12.512207
6923,-0.072021,-0.069214,1.002197,-1.892090,-3.479004,-9.216309
6932,-0.050049,-0.182373,0.965820,-1.831055,-2.258301,-6.896973
6942,-0.062866,-0.003174,1.023926,-2.075195,-1.525879,-4.516602
6951,-0.122192,0.139771,1.009888,-1.953125,-1.220703,-2.441406
6961,-0.008545,0.005005,0.938721,-1.464844,-15.625000,-0.122070
6971,-0.032104,-0.020142,0.996704,-0.976562,-1.037598,-0.061035
6981,0.159790,-0.022827,0.925415,-0.976562,-0.610352,0.976562
6992,0.119507,0.000732,1.006348,-1.708984,-0.610352,2.258301
7001,0.170044,0.035767,1.014893,-1.708984,-1.342773,2.441406
7011,0.175781,-0.031006,1.018433,-1.770020,-1.953125,3.051758
7021,0.154053,-0.041016,1.032715,-2.197266,-2.258301,3.356934
7031,0.101074,-0.071411,0.954834,-2.319336,-2.929688,3.417969
7042,-0.094849,-0.068604,1.109619,-2.136230,-1.525879,7.202148
7052,0.057373,-0.178833,1.253540,-1.708984,0.061035,9.765625
7061,-0.152832,-0.119385,1.101685,-2.075195,-0.366211,10.803223
7071,-0.233765,-0.069946,1.044189,-1.708984,0.427246,9.887695
7081,-0.144287,-0.083618,1.013672,-2.014160,-0.854492,9.277344
7091,-0.350342,0.169800,0.646729,-2.075195,-0.549316,7.812500
7101,-0.156494,-0.010498,0.934814,-1.281738,2.075195,7.263184
7111,0.025391,-0.130493,1.115845,-1.892090,3.662109,6.469727
7121,-0.018921,-0.039917,1.112427,-2.441406,3.601074,5.065918
7131,-0.024902,-0.094360,1.048828,-2.563477,2.319336,3.173828
7141,0.030396,-0.066040,0.928223,-2.746582,0.793457,0.000000
7151,0.069092,-0.069824,0.891357,-2.380371,0.366211,-1.770020
7161,0.115723,-0.189209,0.943115,-1.892090,1.098633,-1.831055
7171,0.128418,-0.185059,1.034912,-2.441406,0.915527,-1.708984
7182,0.129883,-0.091309,1.029663,-3.051758,0.488281,-0.976562
7192,0.096191,-0.142822,1.016479,-2.624512,-0.122070,-0.671387
7201,0.082031,-0.175293,0.999390,-2.136230,-0.671387,-0.854492
7211,0.053711,-0.262573,1.010498,-1.586914,-1.037598,-0.793457
7221,0.058594,-0.241333,1.059448,-1.770020,-1.342773,-1.037598
7231,-0.012939,-0.180420,1.031006,-1.953125,-1.342773,-1.464844
7241,-0.025269,-0.188110,0.952759,-2.136230,-0.915527,-1.831055
7251,-0.004028,-0.166504,0.925415,-2.075195,-1.159668,-1.892090
7260,0.008301,-0.213989,0.931030,-1.770020,-0.976562,-2.136230
7271,0.022095,-0.182495,1.026978,-2.014160,-0.488281,-1.708984
7281,0.057739,-0.143921,0.993896,-2.136230,-0.976562,-1.281738
7291,0.066040,-0.155884,0.982056,-2.197266,-2.136230,-0.488281
7301,0.044922,-0.108276,1.025269,-1.586914,-0.305176,-0.061035
7311,0.049561,-0.198853,0.965210,-1.281738,-0.793457,1.403809
7320,0.027344,-0.164429,0.981812,-2.136230,-0.610352,2.441406
7331,-0.034180,-0.091064,0.980713,-2.136230,-1.647949,3.723145
7341,-0.111572,-0.015137,0.989502,-1.342773,0.793457,5.432129
7351,-0.090332,-0.092896,0.973633,-1.525879,-0.122070,8.422852
7361,-0.090576,-0.115967,0.947876,-1.281738,0.854492,11.230469
7370,-0.060791,-0.007690,1.048950,-1.586914,2.319336,14.160156
7382,-0.052612,-0.018311,1.014526,-1.342773,3.784180,21.484375
7392,-0.009033,-0.028809,0.999023,-1.403809,4.028320,25.573730
7402,-0.056030,-0.109009,0.912354,-1.281738,4.455566,29.541016
7411,-0.104004,-0.054810,0.952637,-1.708984,5.493164,32.409668
7421,-0.093140,-0.033081,0.989624,-2.197266,6.652832,35.461426
7431,-0.018799,-0.037598,1.019897,-2.136230,7.019043,37.536621
7441,-0.069946,-0.087402,1.022461,-2.136230,7.080078,38.818359
7450,-0.130249,-0.151367,0.922241,-1.953125,7.629395,39.733887
7462,-0.061279,-0.099365,1.029541,-2.441406,9.521484,41.198730
7472,-0.060791,-0.186279,1.013916,-2.319336,8.483887,41.076660
7481,-0.065186,-0.147339,1.035889,-2.075195,8.361816,40.161133
7491,-0.044434,-0.227051,0.999390,-1.647949,8.789063,40.100098
7500,-0.028809,-0.211670,0.942505,-2.014160,8.605957,39.794922
7511,0.066284,-0.119507,1.032227,-2.136230,9.277344,40.283203
7521,0.129272,-0.174805,1.000122,-1.770020,8.666992,41.015625
7532,0.142944,-0.244995,1.000000,-1.342773,8.056641,41.809082
7542,0.086182,-0.267090,0.922363,-1.403809,7.629395,41.076660
7551,0.066772,-0.172974,1.001099,-2.014160,7.263184,39.672852
7560,0.066650,-0.212402,0.965698,-1.647949,7.385254,38.452148
7571,0.016968,-0.193115,1.008667,-1.342773,6.103516,36.560059
7580,-0.004761,-0.226196,0.974121,-1.220703,6.164551,35.888672
7592,0.036621,-0.191162,0.999634,-1.220703,5.310059,35.400391
7601,0.003540,-0.205200,0.968994,-1.098633,4.699707,34.240723
7612,-0.026123,-0.186890,1.029907,-0.976562,4.272461,32.775879
7621,0.042603,-0.208740,0.953247,-0.793457,4.333496,31.738281
7630,0.046143,-0.165161,1.025024,-1.098633,3.906250,30.700684
7641,0.082642,-0.145630,1.003784,-0.854492,3.906250,29.907227
7651,0.118652,-0.154419,1.026489,-0.610352,3.234863,29.418945
7662,0.072266,-0.210571,0.981567,-0.366211,2.868652,27.282715
7672,0.001343,-0.133911,0.984619,-1.159668,2.136230,26.428223
7681,0.036011,-0.143799,0.981689,-1.037598,2.197266,25.268555
7691,0.055420,-0.190063,1.019165,-0.549316,2.014160,24.902344
7700,0.089966,-0.194702,0.964600,-0.793457,1.831055,24.658203
7711,0.093262,-0.170532,0.986206,-1.037598,1.525879,24.169922
7720,0.103149,-0.181641,0.975586,-0.915527,1.647949,23.803711
7732,0.148926,-0.217529,1.029907,-0.488281,-0.793457,20.629883
7741,0.143188,-0.242920,1.011230,-0.427246,-1.098633,17.761230
7751,0.138428,-0.223511,0.981934,-0.488281,-1.647949,14.404297
7761,0.171021,-0.232300,1.032471,-0.305176,-2.136230,10.864258
7770,0.189819,-0.231201,1.031982,-0.183105,-3.173828,7.751465
7781,0.200562,-0.180420,1.047974,-0.122070,-4.150391,5.432129
7791,0.145874,-0.147217,1.013428,0.244141,-5.249023,4.516602
7800,0.124146,-0.201660,0.979370,0.671387,-5.371094,4.699707
7812,0.067383,-0.253174,0.908691,0.244141,-5.004883,5.310059
7822,0.043701,-0.198120,0.958618,-0.549316,-5.249023,4.577637
7831,0.089355,-0.201538,0.972534,-0.427246,-5.615234,3.417969
7841,0.101563,-0.220093,1.024780,-0.366211,-5.859375,2.563477
7851,0.127441,-0.238647,0.990356,0.000000,-6.652832,2.014160
7861,0.109375,-0.190796,0.989624,0.000000,-6.713867,2.014160
7872,0.129517,-0.244019,0.952759,-0.366211,-6.225586,2.990723
7882,0.115845,-0.257202,0.920532,-0.488281,-6.408691,3.356934
7891,0.075928,-0.238159,0.975220,-0.793457,-6.286621,3.601074
7901,0.047607,-0.300903,0.957642,-0.244141,-6.225586,3.356934
7911,-0.001465,-0.288086,0.983643,-0.610352,-6.225586,2.197266
7921,-0.031250,-0.240234,0.972656,-0.854492,-6.958008,0.671387
7931,-0.042236,-0.273804,0.961182,-0.915527,-6.835937,-1.159668
7941,-0.016235,-0.234009,1.023438,-0.915527,-6.958008,-3.479004
7951,0.006714,-0.278687,0.976807,-0.793457,-6.774902,-6.713867
7960,0.114014,-0.300781,0.987061,-0.732422,-6.774902,-7.690430
7971,0.126587,-0.274536,1.003418,-1.037598,-7.324219,-9.033203
7981,0.125366,-0.210937,1.021484,-0.854492,-8.605957,-10.681152
7991,0.157593,-0.308716,0.977295,-0.305176,-8.422852,-11.779785
8001,0.170044,-0.330566,0.985229,-0.366211,-9.216309,-12.878418
8011,0.189087,-0.247559,0.989746,-0.549316,-10.009766,-14.709473
8021,0.197266,-0.301758,0.937378,-0.366211,-10.253906,-15.319824
8031,0.152710,-0.251465,0.955688,-0.976562,-10.803223,-15.869141
8041,0.162476,-0.307007,0.940308,-1.159668,-10.009766,-16.235352
8051,0.137329,-0.279175,0.988037,-1.220703,-10.192871,-16.418457
8061,0.131958,-0.235840,1.002319,-1.220703,-10.864258,-16.662598
8071,0.141235,-0.337158,0.937012,-0.732422,-10.620117,-16.296387
8081,0.093262,-0.283325,0.962891,-0.854492,-10.742188,-0.549316
8092,0.038940,-0.289673,0.927612,-1.281738,-10.375977,-13.732910
8102,-0.009888,-0.261108,0.908203,-1.831055,-9.582520,-12.573242
8111,-0.025269,-0.267090,0.969360,-2.014160,-8.544922,-11.413574
8121,-0.034424,-0.289429,0.972046,-2.136230,-7.934570,-10.498047
8130,-0.063232,-0.279053,0.937134,-2.136230,-8.422852,-9.887695
8141,-0.064209,-0.310913,0.963867,-2.075195,-7.019043,-9.521484
8151,-0.069702,-0.280640,0.984131,-2.197266,-7.141113,-8.605957
8161,-0.074951,-0.305054,0.995483,-1.953125,-5.920410,-8.178711
8171,-0.128906,-0.277344,0.995728,-2.197266,-5.615234,-7.934570
8181,-0.099976,-0.320801,1.007080,-2.014160,-5.249023,-7.873535
8191,-0.110229,-0.274902,1.009644,-1.892090,-4.577637,-7.873535
8201,-0.076660,-0.332886,0.971191,-1.892090,-4.699707,-7.812500
8211,-0.044556,-0.365234,0.936768,-1.831055,-4.333496,-7.873535
8221,0.017090,-0.332153,0.963379,-2.136230,-3.906250,-7.507324
8232,0.043701,-0.254150,0.987671,-1.892090,-3.479004,-7.263184
8242,0.061035,-0.288696,0.989380,-2.075195,-3.540039,-7.019043
8251,0.041382,-0.266479,0.973389,-2.197266,-3.295898,-6.774902
8261,0.026001,-0.259521,0.962402,-2.075195,-3.234863,-6.652832
8271,0.033081,-0.216675,0.973145,-2.197266,-3.051758,-6.408691
8281,0.024414,-0.184814,0.977417,-2.380371,-2.441406,-6.103516
8291,0.018799,-0.191284,1.003662,-2.746582,-3.601074,-5.249023
8302,-0.012207,-0.224487,0.962036,-2.563477,-2.319336,-5.004883
8312,-0.016479,-0.217896,0.963257,-3.295898,-3.845215,-4.211426
8322,-0.028198,-0.175537,0.988647,-3.051758,-1.037598,-3.417969
8331,-0.055054,-0.204712,0.997070,-3.173828,-3.540039,-2.563477
8341,-0.106567,-0.171265,1.007446,-2.685547,0.671387,-1.464844
8351,-0.104736,-0.189941,1.031982,-2.990723,-3.601074,-0.793457
8361,-0.109863,-0.220215,0.999268,-1.708984,-0.183105,0.366211
8370,-0.128418,-0.222412,0.985962,-1.159668,1.708984,0.305176
8380,-0.158325,-0.298096,0.886353,-1.953125,-0.061035,0.549316
8391,-0.113281,-0.285889,0.918945,-2.014160,3.967285,0.793457
8401,-0.115356,-0.241211,0.936523,-3.234863,0.854492,1.586914
8411,-0.088501,-0.231079,0.966309,-2.624512,4.882812,1.953125
8421,-0.096802,-0.200928,0.987793,-3.112793,3.723145,2.929688
8431,-0.053467,-0.159180,1.010864,-3.112793,3.540039,4.333496
8442,-0.034790,-0.128052,1.008789,-2.563477,4.394531,7.995605
8452,-0.070190,-0.120239,1.000366,-2.563477,5.432129,10.681152
8461,-0.052612,-0.148437,0.978394,-2.319336,6.835937,13.061523
8471,-0.060913,-0.121704,1.004883,-2.380371,7.263184,15.136719
8481,-0.065063,-0.101318,1.004150,-2.624512,7.324219,16.906738
8491,-0.085937,-0.089844,1.037842,-2.319336,9.948730,18.249512
8500,-0.080566,-0.067627,1.005737,-2.746582,6.286621,19.104004
8512,-0.100830,-0.032715,0.983154,-2.502441,6.286621,20.080566
8521,-0.095703,0.027100,0.997070,-2.441406,6.103516,20.690918
8531,-0.083008,-0.010620,1.007080,-1.953125,7.812500,22.033691
8540,-0.057861,-0.022705,1.008179,-1.403809,6.347656,22.521973
8551,-0.037354,-0.071777,0.963501,-0.732422,10.681152,23.498535
8561,-0.038940,-0.100830,0.981934,-1.159668,7.263184,23.803711
8570,-0.040039,-0.108398,0.986450,-1.098633,7.324219,23.925781
8582,0.043335,-0.150879,1.044067,-0.122070,7.629395,22.521973
8591,0.087646,-0.123535,1.078613,0.122070,6.774902,21.545410
8601,0.125610,-0.094116,1.089966,0.183105,5.004883,21.240234
8611,0.026611,-0.058472,1.068481,0.122070,4.272461,20.263672
8621,0.114868,-0.101440,1.004150,0.732422,3.662109,19.470215
8631,0.171265,-0.138794,0.971802,0.915527,3.540039,18.920898
8642,0.202637,-0.131104,0.949951,0.976562,4.638672,17.272949
8651,0.117310,-0.153687,1.041870,0.610352,0.305176,15.441895
8661,0.071777,-0.208130,1.049683,0.671387,0.427246,12.695313
8671,0.035522,-0.228271,1.034546,0.610352,-1.708984,9.216309
8680,0.023071,-0.159668,1.014038,-0.244141,-2.380371,6.958008
8691,0.007202,-0.118042,1.001465,0.061035,-2.624512,4.821777
8700,0.058838,-0.134399,0.984009,0.183105,-2.441406,3.784180
8712,0.012817,-0.194214,0.944458,-0.305176,-2.197266,2.441406
8721,-0.028198,-0.158691,0.967773,-0.488281,-1.708984,2.014160
8731,-0.027832,-0.132935,1.025757,-0.976562,-1.953125,1.037598
8741,-0.064819,-0.131470,1.006348,-0.732422,-1.892090,-0.488281
8750,-0.007935,-0.179810,0.995361,-0.610352,-2.624512,-2.319336
8761,0.021362,-0.151733,0.986084,-0.732422,-2.075195,-4.211426
8771,0.072876,-0.175049,0.987793,-0.793457,-3.417969,-6.469727
8780,0.086548,-0.087158,1.031372,-0.854492,-3.967285,-8.361816
8792,0.103882,-0.133301,1.053955,-0.427246,-6.286621,-12.878418
8802,0.113647,-0.174194,1.026367,-0.122070,-5.126953,-14.343262
8812,0.119507,-0.113892,1.034424,-0.061035,-5.554199,-15.686035
8821,0.109619,-0.176514,1.005859,0.061035,-4.943848,-16.235352
8831,0.094360,-0.145264,0.978516,0.061035,-4.882812,-16.052246
8841,0.067261,-0.154297,0.986084,0.000000,-4.699707,-15.686035
8850,0.013672,-0.165405,0.968628,0.000000,-4.272461,-14.709473
8862,0.025879,-0.178833,0.971924,0.061035,-3.479004,-13.427734
8872,0.034424,-0.153076,0.975952,0.305176,-2.807617,-12.939453
8881,-0.017334,-0.164307,1.011108,0.732422,-1.464844,-12.207031
8891,-0.063721,-0.175293,1.029297,0.976562,-1.647949,-11.047363
8901,-0.098267,-0.177246,1.026489,1.159668,-0.976562,-10.009766
8911,-0.135010,-0.239746,0.980957,1.159668,0.061035,-9.155273
8922,-0.134033,-0.228394,0.952026,0.427246,1.892090,-7.507324
8932,-0.099243,-0.224365,0.963257,0.061035,2.380371,-6.958008
8941,-0.116333,-0.166382,1.008789,-0.061035,3.601074,-6.469727
8951,-0.069946,-0.200317,0.977051,-0.183105,3.295898,-5.981445
8960,-0.020386,-0.217285,0.932861,-0.244141,4.028320,-5.065918
8971,0.016602,-0.188965,0.923096,-0.305176,5.676270,-3.967285
8981,0.015625,-0.254517,0.871216,-0.732422,4.272461,-2.746582
8993,-0.019409,-0.220337,0.933228,-1.525879,5.310059,0.183105
9003,-0.027588,-0.183838,0.986328,-1.770020,5.187988,1.342773
9012,-0.035034,-0.274780,0.999756,-1.342773,5.737305,2.441406
9022,-0.046387,-0.250610,0.999512,-1.220703,5.737305,3.601074
9031,-0.028564,-0.216431,0.994263,-1.098633,6.164551,4.516602
9041,-0.041748,-0.249756,1.003296,-1.342773,7.080078,5.676270
9050,-0.023315,-0.210815,1.001953,-1.770020,7.263184,7.019043
9063,-0.003906,-0.167114,0.983521,-1.892090,8.178711,9.948730
9073,0.015015,-0.143311,0.997681,-1.892090,8.361816,11.169434
9082,0.040527,-0.144897,1.055176,-1.892090,8.239746,12.329102
9091,0.007690,-0.162231,0.989380,-1.586914,8.483887,13.122559
9101,0.011108,-0.206787,0.973633,-1.647949,7.690430,13.793945
9111,-0.005127,-0.208618,0.996094,-1.586914,8.239746,14.282227
9120,0.018799,-0.168213,0.995850,-1.403809,8.056641,14.770508
9132,0.011597,-0.174194,1.052856,-1.708984,7.507324,15.197754
9141,-0.012329,-0.279907,1.001465,-1.464844,7.934570,15.197754
9151,0.015869,-0.322754,0.980713,-1.525879,7.324219,15.075684
9161,0.007080,-0.284180,0.966919,-1.586914,7.385254,14.587402
9171,0.049194,-0.256104,0.978638,-1.403809,7.202148,13.671875
9181,0.051392,-0.284912,0.984619,-1.464844,5.676270,12.878418
9191,0.052734,-0.298706,0.914062,-1.525879,7.019043,11.840820
9201,0.081055,-0.369019,0.856079,-2.014160,4.699707,8.789063
9212,0.159546,-0.264404,0.965210,-2.685547,3.295898,7.385254
9222,0.195923,-0.219482,1.079346,-2.685547,3.479004,5.554199
9231,0.171753,-0.264038,1.026978,-2.502441,-0.671387,3.295898
9241,0.171875,-0.301025,0.961426,-1.586914,1.403809,1.037598
9251,0.170898,-0.279541,0.981445,-1.892090,-0.915527,-0.915527
9261,0.156982,-0.198730,1.005371,-1.770020,1.953125,-2.075195
9271,0.161987,-0.198364,0.989746,-2.441406,-2.685547,-3.417969
9282,0.127686,-0.197388,0.943481,-2.563477,-2.136230,-4.333496
9292,0.135864,-0.107544,0.971680,-2.563477,-1.342773,-4.638672
9302,0.137817,-0.077515,0.992432,-3.112793,-2.380371,-4.638672
9312,0.152466,-0.068726,1.021606,-3.234863,-1.953125,-4.760742
9321,0.127686,-0.011108,0.972290,-3.601074,-2.258301,-4.577637
9331,0.131104,0.031982,1.038086,-3.601074,-1.586914,-3.784180
9340,0.100464,0.042114,1.050171,-3.479004,-1.464844,-2.868652
9352,0.079956,-0.017822,1.143066,-2.624512,-0.122070,0.305176
9362,0.078857,-0.045288,1.127197,-2.136230,0.122070,1.647949
9371,0.050415,-0.087891,1.030273,-2.136230,-3.784180,2.807617
9381,0.051147,-0.104736,0.935425,-0.732422,-0.732422,3.845215
9390,-0.061279,-0.137939,0.968628,-0.610352,1.098633,6.103516
9401,-0.134644,-0.144287,0.880859,0.183105,-0.061035,7.324219
9411,-0.058716,-0.182617,0.936523,0.793457,2.685547,11.596680
9420,-0.014526,-0.209351,0.913330,0.488281,1.464844,13.671875
9430,-0.102173,-0.200806,1.067139,0.000000,2.014160,15.258789
9441,-0.182495,-0.136841,0.958862,-1.037598,2.929688,16.662598
9450,-0.122681,-0.146973,0.914307,-1.220703,2.807617,17.639160
9461,-0.066772,-0.213745,0.928467,-0.305176,3.540039,18.615723
9471,-0.063599,-0.143799,0.920166,0.061035,3.906250,19.714355
9481,-0.027222,-0.221191,0.943726,-0.122070,3.601074,21.362305
9490,-0.026001,-0.161133,1.030518,-1.708984,2.685547,21.850586
9500,0.081665,-0.040405,1.029907,-1.647949,2.502441,22.827148
9511,0.083496,-0.056030,0.968750,-1.525879,3.112793,24.902344
9521,0.032837,-0.009399,1.006836,-1.281738,2.624512,26.489258
9531,0.019531,-0.033936,1.073975,-1.159668,2.807617,26.977539
9541,-0.040283,-0.077393,1.052490,-1.342773,3.417969,27.465820
9551,-0.013428,0.014404,1.094971,-1.708984,3.051758,28.076172
9560,-0.003906,0.117920,1.068237,-0.915527,2.380371,28.625488
9571,-0.059204,-0.085449,0.942749,-0.549316,2.685547,29.418945
9581,-0.076782,-0.135132,0.958862,-0.976562,2.807617,30.090332
9591,-0.019897,-0.049561,1.021118,-1.708984,3.356934,31.494141
9601,-0.002930,0.017090,0.971313,-1.708984,3.723145,32.714844
9610,-0.001465,-0.069946,0.971680,-1.525879,4.150391,33.325195
9622,-0.072754,-0.159912,0.914429,-1.464844,0.854492,32.714844
9631,0.066040,-0.200439,1.026855,-1.525879,1.037598,31.433105
9641,0.053345,-0.229980,1.017700,-1.647949,0.305176,30.273437
9651,0.048828,-0.234131,0.985474,-1.281738,-1.403809,28.442383
9661,0.056519,-0.195312,1.000610,-0.854492,-2.624512,26.550293
9671,0.069702,-0.230591,1.022095,-0.183105,-3.234863,25.207520
9680,0.103882,-0.250732,1.076782,0.732422,-3.723145,23.193359
9693,0.076050,-0.242187,0.976196,1.403809,-4.638672,20.385742
9702,0.077515,-0.319336,0.953369,1.586914,-5.920410,18.493652
9712,0.109375,-0.327026,0.923462,1.586914,-6.225586,15.991211
9721,0.101563,-0.306396,0.911377,1.159668,-7.202148,13.549805
9730,0.130859,-0.243286,0.919800,0.671387,-7.507324,10.681152
9741,0.091797,-0.177856,0.995483,0.061035,-8.789063,8.056641
9751,0.110596,-0.205078,1.050903,0.061035,-8.972168,5.187988
9760,0.186401,-0.227783,1.012817,-0.122070,-10.070801,2.624512
9772,0.227295,-0.217041,0.942871,-0.488281,-12.268066,-1.403809
9782,0.182129,-0.223267,0.870728,-1.098633,-11.657715,-3.295898
9791,0.228516,-0.186646,0.914307,-2.807617,-15.991211,-4.455566
9801,0.180786,-0.087158,0.996948,-2.624512,-15.747070,-6.042480
9811,0.196289,-0.072388,0.950439,-2.197266,-10.742188,-6.042480
9821,0.122314,-0.126831,0.972656,-3.051758,-13.916016,-5.187988
9831,0.060303,-0.107422,0.954102,-2.441406,-14.221191,-4.699707
9841,-0.011719,-0.197632,0.944580,-2.990723,-11.840820,-3.967285
9851,-0.091187,-0.054565,1.033936,-3.051758,-12.573242,-3.723145
9861,-0.108276,-0.195923,0.958740,-2.685547,-12.817383,-3.540039
9871,-0.118896,-0.270874,1.005859,-2.136230,-10.864258,-3.723145
9881,-0.112793,-0.188965,1.003174,-1.892090,-9.338379,-4.272461
9891,-0.119873,-0.237915,0.912598,-2.807617,-13.000488,-4.211426
9901,-0.122437,-0.170898,0.997314,-2.075195,-7.385254,-3.356934
9911,-0.178955,-0.162354,1.017578,-2.807617,-10.986328,-3.112793
9921,-0.178833,-0.147949,0.991821,-1.892090,-5.676270,-2.929688
9931,-0.139771,-0.223022,0.943726,-2.563477,-6.042480,-2.075195
9941,-0.100586,-0.175049,0.969604,-3.112793,-8.911133,-2.258301
9951,-0.099487,-0.074951,1.024658,-2.990723,-7.690430,-2.136230
9961,-0.044556,-0.125610,0.993408,-3.662109,-8.117676,-1.220703
9971,-0.041260,-0.118286,0.995850,-3.967285,-2.746582,2.136230
9981,-0.057861,-0.078857,0.968140,-3.356934,1.037598,3.295898
9991,-0.039551,-0.103760,1.045410,-3.173828,2.868652,3.784180
10000,-0.072021,-0.082275,0.967896,-2.380371,3.662109,3.479004
10011,-0.027344,-0.089966,0.952759,-2.258301,3.906250,3.417969
10021,-0.049683,-0.030396,0.989258,-3.112793,0.549316,3.601074
10030,0.002441,-0.059692,0.996948,-3.540039,-4.699707,2.685547
10043,0.056152,-0.050781,1.018311,-2.868652,-0.610352,2.319336
10053,0.052979,-0.094360,1.037964,-2.746582,-3.601074,1.342773
10062,0.061646,-0.023071,1.040771,-2.197266,0.000000,1.037598
10071,0.065063,-0.089844,0.999390,-2.319336,-1.647949,0.732422
10081,0.041260,-0.125122,1.010132,-2.441406,-2.441406,0.183105
10090,-0.026245,-0.140869,1.019653,-2.685547,-1.708984,-0.549316
10101,-0.041748,-0.214600,0.918945,-2.441406,-2.258301,-1.708984
10111,0.002563,-0.155151,0.940552,-2.502441,-2.136230,-2.746582
10122,0.011230,-0.229248,1.019043,-2.197266,-2.197266,-3.417969
10132,0.013916,-0.097656,1.062622,-2.136230,-1.586914,-3.662109
10142,0.035522,-0.202637,1.055908,-1.586914,-1.037598,-4.089355
10151,0.057495,-0.102905,1.052246,-0.732422,-0.610352,-5.065918
10161,0.044922,-0.190308,1.000366,0.305176,-1.403809,-5.859375
10170,0.019531,-0.220337,0.954224,0.366211,-3.845215,-6.347656
10183,-0.002686,-0.107788,0.839722,0.366211,-1.586914,-6.591797
10193,0.036011,-0.095215,0.943726,0.305176,-0.366211,-5.920410
10202,0.026245,-0.108154,0.963745,0.000000,0.976562,-5.187988
10212,0.048096,-0.140747,0.983032,0.793457,0.488281,-5.065918
10221,0.059082,-0.167480,0.949585,0.488281,-0.732422,-4.699707
10231,0.073242,-0.212280,0.896606,0.366211,0.122070,-5.493164
10241,0.040894,-0.285767,0.951782,-1.037598,-2.258301,-5.859375
10253,-0.011841,-0.038086,0.997559,-2.136230,-0.915527,-5.187988
10263,0.032471,-0.037720,1.026733,-1.770020,0.244141,-4.333496
10272,-0.008057,-0.125366,1.041748,-1.525879,0.122070,-2.258301
10282,-0.006104,-0.134644,0.980103,-0.671387,2.258301,-0.732422
10292,-0.032471,-0.142212,0.914185,-1.525879,-0.366211,0.671387
10301,-0.030884,-0.108154,0.900391,-1.403809,3.173828,1.953125
10311,-0.019165,-0.032349,0.936401,-2.075195,2.807617,3.173828
10323,-0.137207,-0.168823,0.998657,-1.525879,1.586914,4.699707
10333,-0.155884,-0.204834,0.981567,-1.342773,2.990723,5.065918
10342,-0.126709,-0.137451,0.995605,-1.586914,4.028320,5.554199
10352,-0.140869,-0.089478,1.019165,-2.075195,4.455566,6.042480
10361,-0.091675,-0.093018,1.021729,-2.136230,5.737305,6.652832
10371,-0.066772,-0.150146,1.007202,-1.831055,7.385254,7.446289
10380,0.021118,-0.160156,0.989380,-1.342773,5.371094,7.141113
10392,-0.018433,-0.158325,1.014160,-1.708984,5.859375,7.385254
10402,-0.001709,-0.148560,1.016113,-2.136230,5.310059,7.080078
10411,0.034912,-0.193115,0.918335,-2.014160,4.882812,6.835937
10421,0.060425,-0.163940,0.882568,-2.197266,5.249023,6.408691
10430,0.029175,-0.235596,0.885010,-2.685547,2.685547,6.286621
10441,0.057251,-0.226807,0.969971,-2.502441,4.638672,5.493164
10451,0.080566,-0.155884,1.041992,-2.624512,7.995605,5.798340
10463,0.096802,-0.170288,1.024292,-2.807617,4.638672,4.760742
10473,0.074585,-0.335571,0.979004,-2.990723,2.746582,4.150391
10482,0.079956,-0.222778,1.028564,-3.234863,2.136230,2.990723
10492,0.085815,-0.210449,0.927124,-3.417969,1.647949,2.136230
10501,0.106079,-0.148437,1.070557,-3.479004,1.098633,1.525879
10510,0.123657,-0.288940,1.016113,-3.479004,0.854492,0.610352
10521,0.174805,-0.136475,1.064941,-3.051758,1.159668,-0.183105
10531,0.174927,-0.286865,0.909668,-2.746582,-0.610352,-0.610352
10541,0.227173,-0.156494,0.967285,-3.112793,-1.098633,-0.305176
10551,0.174316,-0.118896,1.053589,-3.234863,-1.037598,-0.183105
10561,0.143066,-0.212402,1.040161,-3.173828,-2.258301,-0.244141
10571,0.125732,-0.052612,1.068848,-2.563477,-1.037598,-0.549316
10581,0.079590,-0.185791,1.035645,-2.014160,-1.953125,-0.488281
10591,0.108398,-0.134766,1.012207,-1.770020,-3.479004,-0.976562
10601,0.123901,-0.156982,0.957520,-1.770020,-3.784180,-0.061035
10612,0.082886,-0.074707,1.034180,-1.098633,-3.234863,1.403809
10622,0.036621,-0.111084,0.910522,-0.549316,-3.173828,3.051758
10632,-0.036377,-0.082397,0.917358,-0.488281,-2.319336,4.882812
10641,-0.057983,-0.058960,0.927490,-1.098633,-2.319336,6.286621
10651,-0.088135,-0.026733,1.037109,-0.488281,-0.549316,6.591797
10661,-0.159058,-0.083618,0.958008,-0.488281,-2.319336,6.958008
10671,-0.156982,0.003174,1.004150,0.000000,-1.586914,7.263184
10682,-0.129395,-0.066406,0.999146,-0.244141,-1.342773,7.202148
10692,-0.094238,-0.223267,0.883179,0.061035,0.549316,7.385254
10701,0.014038,-0.055908,1.020264,-0.488281,-0.122070,7.629395
10711,0.025146,-0.226685,0.912231,-1.342773,-1.159668,8.056641
10721,0.066528,-0.065552,1.030396,-1.647949,0.671387,7.690430
10731,0.096436,-0.274902,0.986328,-1.586914,-0.305176,7.446289
10741,0.131348,-0.081909,0.976929,-1.770020,-0.976562,6.591797
10752,0.083008,-0.054932,1.030151,-1.770020,-1.708984,6.652832
10762,0.052124,-0.132935,1.018555,-1.647949,-1.647949,6.896973
10771,0.017578,0.016357,1.067993,-1.525879,-2.258301,6.896973
10782,0.006226,-0.014771,1.118042,-1.037598,-1.953125,7.385254
10791,-0.003296,-0.064087,0.970947,-0.732422,-1.098633,8.178711
10801,-0.011230,-0.037842,1.064453,-0.793457,-0.793457,9.277344
10813,-0.074097,-0.088013,0.956543,-0.976562,-1.098633,9.826660
10822,0.019043,-0.078613,0.915283,-1.770020,-1.525879,9.826660
10832,-0.027954,-0.029541,0.915283,-2.685547,-1.770020,9.948730
10841,0.060547,-0.076660,0.947144,-2.807617,-1.403809,9.826660
10851,0.055420,-0.013672,0.990479,-2.868652,-2.075195,9.765625
10862,0.086182,-0.111694,0.985718,-3.112793,-3.234863,9.826660
10871,0.059082,0.016968,1.085938,-2.624512,-1.708984,9.704590
10883,0.019531,-0.111450,1.055054,-2.624512,-4.211426,9.277344
10892,0.011230,-0.269897,0.955566,-1.953125,-3.906250,8.544922
10902,-0.030273,-0.124512,1.035645,-2.258301,-5.432129,8.117676
10911,0.025146,-0.172607,1.037720,-2.014160,-3.784180,7.934570
10921,0.000244,-0.177734,0.982544,-1.586914,-4.394531,7.080078
10931,0.017578,-0.248169,0.976929,-1.220703,-4.211426,7.324219
10943,0.004883,-0.341675,0.931641,-2.075195,-5.310059,6.896973
10952,0.016479,-0.131104,0.996216,-2.014160,-4.760742,7.263184
10962,-0.011841,-0.005859,1.096924,-1.586914,-4.516602,7.568359
10971,-0.005127,-0.276367,1.026367,-1.098633,-4.882812,7.568359
10981,0.002808,-0.186768,1.071777,-0.488281,-4.821777,7.385254
10992,0.045410,-0.228760,0.988525,-0.305176,-4.943848,6.896973
11001,0.008301,-0.147461,0.947632,-0.793457,-6.591797,6.286621
11013,0.041504,-0.131226,1.037842,-0.671387,-7.141113,4.333496
11022,0.020874,-0.161987,0.944458,-0.610352,-6.896973,3.601074
11033,-0.040405,-0.322876,0.895996,-0.671387,-5.920410,3.295898
11042,-0.042969,-0.005127,1.111450,-1.281738,-5.187988,2.868652
11051,0.015625,-0.045410,1.149658,-1.220703,-6.530762,2.624512
11061,-0.029785,-0.223022,0.993286,-0.427246,-6.652832,2.319336
11071,-0.053589,-0.030884,1.104736,0.061035,-7.202148,1.831055
11083,-0.025024,-0.252686,1.067017,0.732422,-9.216309,1.159668
11092,-0.047363,-0.060547,1.024414,1.708984,-4.455566,0.549316
11103,-0.070923,-0.346680,0.788330,0.976562,-4.272461,0.793457
11112,-0.068848,-0.160889,0.901245,0.366211,-6.591797,-0.122070
11122,-0.066650,-0.187988,0.951172,-0.122070,-3.051758,-0.061035
11131,-0.069580,-0.204102,0.885132,-0.915527,-7.568359,-1.586914
11141,-0.065918,-0.055054,1.019531,-0.671387,-4.760742,-3.234863
11151,-0.075195,-0.157227,0.968628,-1.098633,-4.577637,-4.455566
11161,-0.076660,0.085449,1.076294,-0.488281,-4.089355,-6.164551
11173,-0.084717,-0.241699,0.875610,-0.244141,-4.333496,-7.202148
11182,-0.041138,0.011597,1.087280,-0.122070,-2.685547,-8.056641
11192,-0.033936,-0.174561,1.002441,0.122070,-3.417969,-9.216309
11201,-0.011353,-0.086304,0.969604,0.183105,-4.272461,-10.864258
11212,0.040283,0.020996,1.088867,0.732422,-1.708984,-12.084961
11221,0.026733,-0.204712,0.951904,0.488281,-3.662109,-13.305664
11235,0.096802,-0.016724,1.097534,0.366211,-2.380371,-15.686035
11246,0.016602,-0.203247,0.923218,0.671387,-2.563477,-17.211914
11255,0.050171,-0.009888,1.043091,0.732422,-2.441406,-18.005371
11265,0.033203,-0.270142,0.909546,0.915527,-2.075195,-19.531250
11274,0.070557,-0.177856,0.945190,0.427246,-1.342773,-20.751953
11284,0.038818,-0.048462,1.083740,-0.183105,-0.427246,-20.812988
11293,0.040039,-0.354858,1.008423,-0.915527,-0.732422,-20.324707
11303,0.083374,-0.121216,0.935547,-1.159668,0.183105,-19.348145
11313,0.031250,-0.130615,0.953491,-1.098633,1.037598,-18.188477
11322,0.022705,-0.045044,0.962280,-1.159668,1.464844,-16.845703
11332,0.005493,-0.198120,0.887085,-0.915527,1.953125,-15.869141
11341,0.001831,-0.194702,0.889526,-0.854492,2.136230,-13.854980
11351,0.032959,-0.288696,0.858032,-1.953125,2.746582,-11.413574
11363,-0.017456,0.026245,0.996582,-3.112793,4.943848,-5.065918
11372,-0.141479,-0.125122,0.931519,-2.685547,5.859375,-1.159668
11382,-0.077759,0.015015,1.027100,-2.746582,7.141113,1.220703
11392,-0.073730,-0.173584,1.019653,-3.417969,7.629395,3.295898
11401,-0.149414,-0.131714,0.943848,-4.333496,7.934570,4.211426
11412,-0.135498,0.084717,1.013428,-4.760742,8.972168,5.249023
11421,-0.178101,-0.017578,0.945557,-3.845215,9.765625,5.920410
11433,-0.192871,-0.050537,1.041382,-2.990723,9.704590,6.835937
11442,-0.147705,-0.160278,0.948730,-2.624512,10.925293,7.995605
11453,-0.117432,-0.135986,1.049927,-2.380371,10.437012,9.399414
11462,-0.149414,-0.227295,0.953979,-2.014160,11.535645,11.169434
11472,-0.104492,-0.028687,1.015137,-1.892090,11.413574,12.695313
11481,-0.045410,-0.157227,0.965576,-1.403809,12.939453,13.854980
11491,-0.080200,-0.292603,0.880249,-1.647949,12.573242,14.892578
11503,-0.088989,-0.072021,1.105103,-1.586914,13.244629,15.502930
11512,-0.078979,-0.362549,0.865356,-1.525879,12.207031,14.892578
11522,-0.085327,-0.080200,0.999023,-1.708984,12.207031,14.343262
11531,-0.062378,-0.182129,1.025024,-1.831055,11.840820,13.977051
11541,-0.062744,-0.266479,0.877197,-2.197266,11.779785,13.671875
11552,-0.048950,-0.093506,0.970947,-2.258301,12.084961,13.854980
11561,-0.028809,-0.270386,0.947510,-2.441406,11.962891,14.465332
11573,-0.049316,-0.233887,0.936401,-2.502441,12.634277,16.052246
11582,0.017822,-0.293579,1.007813,-2.685547,11.840820,17.089844
11592,0.028809,-0.230103,1.022705,-2.685547,7.568359,16.479492
11601,0.074463,-0.117432,1.047852,-2.136230,11.779785,15.930176
11611,0.136475,-0.221313,0.930054,-2.746582,8.422852,15.258789
11621,0.144775,-0.200806,1.019653,-2.319336,9.094238,14.221191
11632,0.175659,-0.065552,1.030273,-2.136230,8.300781,13.671875
11641,0.183228,-0.250122,0.968018,-1.647949,7.507324,13.244629
11653,0.188599,-0.047852,1.052979,-1.647949,5.920410,13.305664
11662,0.152466,-0.239624,0.960083,-0.793457,5.371094,13.305664
11671,0.168823,-0.225830,0.927856,-0.854492,3.051758,13.183594
11682,0.148315,-0.033203,0.994873,-0.610352,2.380371,13.061523
11691,0.172852,0.031006,1.057861,-0.793457,2.746582,12.817383
11702,0.128296,-0.165039,1.007446,-1.159668,0.976562,12.329102
11711,0.045288,-0.161133,0.955566,-1.281738,-0.610352,11.962891
11723,0.062622,0.075439,1.110474,-0.732422,0.610352,12.268066
11732,0.043701,-0.125000,1.004395,-0.366211,0.549316,12.268066
11742,-0.013306,-0.127075,0.940674,0.000000,-0.915527,12.145996
11751,-0.018555,0.064819,0.990601,0.671387,0.976562,12.512207
11762,-0.033569,-0.081787,0.969482,0.610352,-0.366211,12.573242
11771,-0.041016,-0.204712,0.916016,0.122070,-0.122070,12.512207
11783,-0.047241,-0.065918,0.962158,-0.061035,-0.183105,12.329102
11793,-0.033203,-0.201904,0.935669,0.000000,-0.122070,11.474609
11802,-0.002930,-0.122681,1.010010,-0.732422,-0.488281,10.864258
11812,0.079956,-0.021973,1.109741,-1.098633,0.610352,10.375977
11821,0.086670,-0.192261,1.033081,-1.037598,-0.671387,10.009766
11832,0.069824,-0.144043,1.043213,-0.732422,-0.732422,9.948730
11841,0.128418,0.021851,1.058105,-0.732422,-1.586914,9.826660
11852,0.103149,-0.117065,1.031738,-0.244141,-2.441406,9.582520
11861,0.084473,-0.354980,0.950195,-0.549316,-2.868652,9.338379
11873,0.090820,0.197510,1.154053,-0.732422,-2.258301,9.948730
11882,0.100220,-0.032959,1.101929,0.000000,-2.868652,10.620117
11891,0.093750,-0.214478,0.962402,0.915527,-2.868652,11.108398
11902,0.078369,-0.107666,1.045410,1.037598,-3.540039,10.742188
11912,0.097778,0.102905,1.142578,0.976562,-4.394531,10.009766
11923,0.068237,-0.072144,1.094482,1.464844,-5.737305,8.789063
11932,-0.037598,-0.148193,0.839966,2.258301,-4.882812,7.812500
11943,-0.071899,-0.026855,0.963623,2.197266,-4.882812,7.446289
11952,-0.030762,-0.191528,0.940430,1.831055,-3.112793,7.385254
11962,-0.041138,-0.201294,0.969116,1.525879,-3.540039,6.835937
11971,0.000488,-0.110962,0.985840,1.098633,-4.577637,6.774902
11982,-0.004761,-0.193237,1.001099,1.098633,-4.699707,6.225586
11992,0.075439,-0.213623,1.019287,1.220703,-3.784180,5.371094
12001,0.079834,-0.067017,1.063354,1.159668,-5.615234,3.906250
12013,0.104004,-0.401001,0.967285,1.098633,-6.103516,3.356934
12022,0.057739,-0.273682,0.859253,0.854492,-6.591797,3.051758
12031,0.019409,0.012573,0.944214,0.366211,-6.835937,2.807617
12042,0.015503,-0.128174,0.953979,0.122070,-6.042480,3.173828
12051,0.012329,-0.313721,0.903931,-0.366211,-6.347656,3.540039
12061,0.029053,-0.081055,0.999756,-0.488281,-3.234863,3.906250
12073,-0.019531,-0.211914,0.915649,-0.549316,-5.676270,4.333496
12082,-0.033203,-0.488525,0.573120,-0.244141,-6.042480,4.211426
12092,-0.070679,-0.209229,0.815063,-2.075195,-5.004883,4.394531
12102,-0.057739,-0.224976,0.857056,-4.089355,-4.760742,5.004883
12111,-0.079956,0.056519,1.068237,-4.577637,-4.516602,4.760742
12122,-0.059204,0.103027,1.041016,-3.234863,-2.685547,4.943848
12132,-0.017090,-0.065063,1.060913,-2.746582,-5.371094,4.272461
12141,-0.018555,-0.258667,1.026611,-2.502441,-4.089355,1.831055
12151,-0.015991,0.049072,1.108276,-2.441406,-4.272461,1.464844
12162,-0.083008,0.018677,0.991089,-1.281738,-4.211426,1.464844
12171,-0.105591,-0.221069,0.923096,-1.281738,-5.310059,1.586914
12181,-0.062134,-0.318481,0.826660,-1.770020,-2.746582,1.953125
12192,-0.043335,-0.129150,0.949097,-2.441406,-0.488281,2.014160
12202,-0.011719,-0.116699,1.000000,-3.967285,-3.234863,1.464844
12213,-0.011353,0.109863,0.997192,-5.798340,-2.685547,0.122070
12223,0.063232,0.141235,1.110718,-6.164551,-4.455566,-1.281738
12233,0.040283,-0.110840,0.999146,-4.943848,-1.892090,-3.112793
12242,0.059326,-0.078491,1.038208,-5.859375,-5.187988,-4.455566
12252,0.094482,0.188843,1.229980,-5.065918,-1.464844,-5.615234
12261,0.120361,0.001465,1.107666,-4.882812,-5.065918,-5.737305
12273,0.056396,-0.112305,1.139038,-2.502441,-3.906250,-6.591797
12282,0.053589,-0.104126,1.012573,-1.281738,-3.295898,-7.019043
12292,0.033691,-0.067017,1.044434,-1.098633,-3.601074,-7.324219
12301,0.053467,-0.179565,0.983887,-1.464844,-1.953125,-7.690430
12311,0.018677,-0.181152,0.921631,-1.770020,-2.197266,-8.056641
12322,-0.013184,-0.030029,0.939087,-2.441406,-3.906250,-7.934570
12332,0.007080,-0.050903,0.998169,-1.708984,-0.854492,-8.544922
12341,-0.009155,-0.266602,0.967529,-2.014160,-2.136230,-8.178711
12353,-0.004517,-0.011108,1.076538,-1.892090,-1.037598,-7.690430
12363,-0.063477,-0.056396,1.004883,-0.793457,1.098633,-7.690430
12373,-0.039185,-0.011230,0.953491,-0.305176,4.516602,-6.591797
12382,-0.030273,-0.094238,0.926880,0.732422,1.464844,-5.737305
12392,0.004272,-0.180908,0.953735,2.319336,1.281738,-5.310059
12402,-0.018311,-0.108154,0.915527,1.831055,3.417969,-3.479004
12411,-0.005615,-0.148804,0.928955,2.136230,3.662109,-1.708984
12423,-0.061646,-0.058960,0.976807,2.136230,4.943848,1.342773
12432,-0.163086,-0.105103,0.975952,1.464844,4.882812,2.929688
12442,-0.158691,-0.180542,0.895386,1.159668,5.249023,4.150391
12452,-0.057983,-0.104370,0.921509,0.915527,6.347656,5.371094
12462,-0.068848,-0.087646,0.972412,1.403809,7.324219,6.347656
12472,-0.041870,-0.130737,0.915771,0.366211,6.042480,7.629395
12484,-0.060669,-0.006958,0.988159,0.732422,7.934570,10.192871
12494,-0.084961,-0.155884,1.002197,1.159668,8.911133,11.352539
12503,-0.057251,-0.279175,0.907715,1.525879,8.728027,12.329102
12513,-0.065186,-0.221191,0.992065,1.892090,8.544922,13.366699
12522,-0.007202,0.001709,1.095581,1.220703,6.591797,13.793945
12532,-0.010132,-0.078125,1.082520,1.953125,9.704590,14.099121
12542,-0.035889,-0.404541,0.885620,2.136230,7.995605,14.404297
12552,-0.027710,-0.260376,0.930298,0.976562,6.896973,14.526367
12561,-0.002075,-0.065918,1.094849,0.732422,10.009766,14.831543
12572,-0.019165,-0.119995,1.116821,-0.793457,6.835937,15.258789
12582,-0.022461,-0.149780,1.033691,-0.793457,5.615234,14.953613
12592,0.000000,-0.288818,0.942871,-0.732422,6.164551,15.380859
12602,0.083130,-0.038330,1.105225,-0.549316,8.911133,15.136719
12611,0.131104,-0.155884,1.025146,-0.732422,5.371094,15.380859
12623,0.086304,-0.292725,0.869629,-2.075195,2.685547,15.014648
12632,0.114258,-0.129883,0.792725,-1.708984,4.821777,14.282227
12642,0.039917,-0.086548,0.821655,-2.868652,5.981445,15.319824
12652,0.081421,-0.204590,0.786499,-4.760742,3.540039,15.441895
12662,0.099609,-0.012817,0.900146,-6.408691,-0.549316,14.465332
12672,0.140015,0.109741,1.064697,-6.103516,1.281738,13.183594
12682,0.042358,0.007202,1.103149,-5.981445,3.051758,12.939453
12692,0.109619,-0.030640,1.069214,-5.859375,-1.281738,10.375977
12703,0.067261,0.054321,1.150269,-3.173828,1.464844,9.643555
12713,0.041382,-0.002319,1.118164,-2.746582,4.089355,10.070801
12722,0.054565,-0.049927,0.992310,-2.807617,2.502441,11.291504
12731,0.038330,-0.180542,0.854980,-2.868652,-3.356934,12.207031
12742,0.009277,-0.058228,0.910278,-1.953125,-1.220703,11.718750
12752,0.076294,0.086304,0.999878,-1.892090,1.892090,11.108398
12764,0.085205,-0.148682,0.912354,-2.197266,3.051758,9.460449
12774,0.041138,-0.061279,0.898437,-2.685547,-1.403809,8.728027
12783,0.135864,-0.015259,1.012329,-2.624512,-6.286621,7.324219
12793,0.063843,-0.236328,0.988770,-1.525879,-3.906250,5.859375
12802,0.083374,-0.244141,0.970215,-1.464844,-0.793457,5.310059
12812,0.052979,-0.092773,1.005737,-2.502441,-2.014160,5.676270
12822,0.064941,-0.109009,0.989624,-2.685547,-4.516602,4.943848
12832,0.049805,-0.267822,0.880737,-2.380371,-4.760742,5.004883
12844,0.044800,-0.097290,1.046021,-3.662109,-1.586914,5.187988
12853,0.004395,-0.112183,0.996582,-4.516602,-5.187988,5.676270
12863,0.044922,-0.102051,0.989502,-3.601074,-4.455566,4.577637
12872,0.023804,0.025879,1.046631,-2.990723,-0.854492,4.577637
12882,0.051514,0.049561,1.063843,-3.845215,-6.103516,4.577637
12892,-0.018188,-0.127686,1.042725,-2.868652,-2.563477,3.845215
12902,-0.018677,-0.181885,0.990723,-3.662109,-5.310059,2.929688
12914,0.046021,0.047974,1.056519,-2.929688,-1.892090,3.540039
12923,0.031128,-0.061523,0.969604,-2.868652,-4.760742,3.723145
12933,0.032471,-0.171143,0.974731,-1.403809,-2.136230,4.211426
12942,0.054565,-0.156982,1.022949,-0.244141,-2.990723,4.211426
12952,0.084351,-0.178345,1.016724,0.183105,-5.371094,4.272461
12962,0.098145,-0.348511,0.957886,0.610352,-3.356934,4.943848
12975,0.034546,-0.273438,0.829956,0.305176,-4.760742,5.004883
12984,0.018066,-0.196167,0.884644,-0.793457,-4.211426,5.249023
12994,0.031250,-0.061646,0.956421,-2.014160,-3.540039,5.798340
13004,0.022217,-0.059570,1.009399,-2.807617,-5.493164,5.737305
13013,0.021362,-0.139771,0.952515,-2.502441,-4.760742,5.615234
13023,-0.027588,-0.133667,0.913208,-2.563477,-4.760742,5.249023
13033,0.007690,-0.036011,1.009033,-2.807617,-4.760742,5.004883
13042,-0.041260,0.051636,1.108643,-2.685547,-3.112793,4.882812
13053,-0.035767,-0.112183,1.005737,-1.098633,-2.136230,4.638672
13063,0.019531,-0.193970,0.946777,-0.793457,-3.051758,5.371094
13073,0.054077,-0.213867,0.919678,-0.915527,-2.258301,5.737305
13082,-0.025391,-0.185181,0.909058,-1.403809,-5.249023,5.432129
13092,-0.022583,0.031738,0.990845,-1.953125,-3.234863,6.164551
13102,0.008179,0.035156,1.041870,-1.403809,-2.990723,6.835937
13112,-0.011108,-0.120117,0.977051,-1.770020,-3.601074,6.530762
13124,-0.019165,-0.166504,1.019287,-1.525879,-3.784180,5.920410
13133,0.006226,-0.052246,1.037964,-1.586914,-3.540039,6.103516
13143,0.008423,-0.041870,0.985229,-0.732422,-3.234863,5.981445
13152,0.015747,-0.224609,0.925415,-0.366211,-2.563477,5.493164
13162,0.005371,-0.255615,0.975342,-1.159668,-4.516602,5.249023
13172,0.036621,-0.177979,1.042847,-1.586914,-2.990723,4.882812
13182,0.019775,-0.135864,1.040894,-1.708984,-2.136230,3.051758
13194,0.030396,-0.176025,1.009644,-2.136230,-4.699707,2.075195
13203,0.024292,-0.127686,1.042603,-1.770020,-0.549316,1.281738
13213,0.005005,-0.033081,1.069946,-2.502441,-4.577637,0.671387
13222,0.009277,0.025513,1.118408,-1.892090,-5.004883,-1.586914
13233,-0.026367,0.012817,1.062134,-1.770020,-4.272461,-2.685547
13242,0.019897,-0.077637,0.987915,-1.342773,-4.333496,-3.784180
13254,0.050537,-0.049683,1.010132,-2.075195,-6.774902,-5.676270
13263,0.027832,0.059937,1.055786,-0.854492,-3.662109,-5.676270
13273,0.028076,0.039917,1.022217,0.000000,-1.770020,-6.103516
13282,0.013550,-0.092041,1.026245,-0.610352,-4.089355,-6.225586
13292,0.053833,-0.236694,0.972046,0.000000,-3.234863,-6.469727
13303,0.017578,-0.248901,0.921143,-0.488281,-6.042480,-6.469727
13312,0.009521,-0.079102,0.948364,0.122070,-2.929688,-7.019043
13324,-0.061035,-0.138428,0.926514,-0.183105,-2.929688,-6.591797
13333,-0.038452,-0.143066,0.933472,-0.366211,0.488281,-6.286621
13343,-0.036499,-0.099121,0.996338,-0.793457,-1.831055,-6.042480
13352,-0.003906,0.021240,1.090454,-0.549316,0.000000,-5.493164
13362,-0.043823,0.019531,1.052490,0.244141,0.732422,-4.455566
13372,0.041382,-0.121582,0.977173,0.549316,-1.403809,-3.051758
13382,-0.043213,-0.203003,1.001953,2.075195,1.770020,-2.624512
13394,-0.075806,-0.067261,1.028687,2.258301,6.225586,0.244141
13404,-0.042480,-0.096313,1.018066,1.831055,4.333496,1.159668
13413,-0.012573,-0.067383,0.952148,1.037598,3.234863,2.319336
13423,0.024780,-0.230103,0.898315,1.525879,6.164551,2.685547
13432,-0.066040,-0.190674,0.968628,1.586914,4.943848,2.990723
13442,-0.032837,-0.022217,0.944946,1.403809,1.831055,2.868652
13452,-0.053467,0.003784,1.010620,1.770020,5.371094,3.906250
13464,-0.037354,-0.294067,0.845459,1.159668,2.990723,4.699707
13473,-0.008057,-0.303345,0.654419,-0.061035,3.356934,5.004883
13483,0.020508,-0.150391,0.801514,-1.159668,3.601074,5.859375
13492,-0.016724,-0.052612,0.964233,-2.319336,3.540039,6.347656
13503,-0.018799,-0.033691,0.974121,-3.051758,4.638672,6.408691
13512,-0.002075,-0.061523,1.106079,-3.295898,1.708984,6.164551
13522,-0.057739,-0.048218,1.111206,-2.807617,4.699707,5.798340
13534,0.017700,-0.142700,1.014160,-2.441406,4.577637,5.371094
13544,0.066406,-0.252808,0.982544,-2.380371,4.516602,5.187988
13554,0.023926,-0.287598,0.946411,-2.624512,2.929688,5.798340
13563,0.064209,-0.093262,0.916382,-2.624512,3.662109,6.835937
13572,0.060303,-0.046997,0.996338,-2.807617,3.845215,8.178711
13582,0.062378,-0.067993,1.024902,-2.929688,5.126953,9.094238
13593,0.004150,-0.130005,1.046875,-3.540039,2.929688,9.521484
13603,0.060181,-0.115479,1.032104,-2.197266,5.310059,10.131836
13612,-0.027344,-0.106201,1.013672,-2.685547,2.258301,10.681152
13623,-0.024048,-0.077393,0.903320,-2.075195,1.953125,10.314941
13633,-0.006592,-0.008057,1.028931,-2.685547,1.647949,10.803223
13642,0.022095,-0.172852,0.918457,-2.441406,2.319336,10.559082
13653,0.005127,-0.082275,0.959106,-3.112793,1.953125,10.803223
13662,0.047974,0.063721,1.067993,-3.723145,1.953125,10.864258
13674,0.030640,-0.128296,1.098633,-3.356934,2.258301,11.901855
13684,-0.007446,-0.171265,1.016357,-3.295898,1.708984,11.962891
13693,0.033325,-0.165527,1.011108,-3.356934,0.732422,12.512207
13702,-0.075439,-0.054443,1.084961,-2.990723,-0.061035,11.901855
13712,0.003174,0.038330,1.121582,-2.136230,3.173828,11.962891
13722,-0.095337,0.059326,1.083008,-2.380371,-1.831055,11.535645
13732,-0.065430,0.037109,0.976807,-0.854492,3.051758,10.864258
13744,-0.010986,-0.206543,0.868530,-0.793457,0.732422,9.887695
13753,0.021240,0.012451,0.975586,-0.915527,0.305176,9.521484
13762,0.005859,-0.027222,0.992920,-0.122070,1.037598,8.972168
13773,0.082153,-0.145264,0.950684,0.183105,0.061035,8.666992
13782,0.026733,-0.177490,0.944824,-0.061035,0.427246,8.178711
13792,0.071411,-0.211304,1.001099,0.183105,0.366211,7.873535
13804,0.079956,-0.145752,1.015259,0.061035,-1.586914,8.239746
13814,0.059814,-0.009766,1.017578,0.427246,-1.708984,8.666992
13823,0.143066,-0.144409,0.957275,0.854492,-3.784180,9.155273
13832,0.142090,-0.245850,0.903076,1.281738,1.098633,10.070801
13842,0.130981,-0.123047,0.934814,-0.122070,-3.845215,10.681152
13852,0.130249,-0.001343,1.049683,0.183105,-3.417969,10.803223
13862,0.185791,0.020264,1.021118,0.427246,-2.136230,10.498047
13873,0.141968,-0.027466,0.959595,0.671387,-4.333496,9.460449
13882,0.125122,-0.091675,0.986572,0.488281,-6.042480,6.652832
13892,0.078491,0.005981,1.078735,0.000000,-7.446289,5.371094
13902,-0.031494,0.113037,1.134277,0.000000,-7.995605,4.638672
13912,0.084351,0.088745,1.108887,1.159668,-7.568359,4.882812
13922,0.022461,-0.035034,1.031860,1.831055,-7.202148,6.591797
13933,-0.015259,-0.151489,1.042236,2.136230,-6.896973,8.056641
13943,0.019531,-0.279663,1.006592,2.563477,-7.263184,8.361816
13954,0.022461,-0.348877,0.869629,2.624512,-6.347656,7.873535
13964,-0.023926,-0.279663,0.843140,1.525879,-6.652832,7.446289
13973,0.020752,-0.261719,0.866455,0.305176,-7.202148,5.859375
13983,0.013306,-0.240479,0.935669,-0.610352,-6.408691,4.333496
13993,0.092529,-0.209473,0.946411,-1.770020,-9.704590,2.807617
14002,0.052246,-0.073975,0.986572,-2.075195,-10.131836,2.380371
14013,0.117310,-0.098022,1.042603,-2.136230,-8.850098,2.197266
14023,0.057983,-0.148926,1.012939,-2.685547,-8.911133,2.258301
14032,-0.023437,-0.181885,0.898071,-1.953125,-8.972168,2.197266
14043,0.031982,-0.243286,0.897217,-0.915527,-8.544922,1.953125
14052,-0.082397,-0.152954,0.864258,-0.732422,-6.286621,1.159668
14063,-0.066772,-0.147827,0.920166,-2.380371,-9.704590,0.671387
14073,-0.111450,-0.134888,0.999634,-1.831055,-7.873535,-0.427246
14082,-0.079712,-0.072388,1.068481,-2.258301,-7.324219,-0.244141
14094,-0.148560,-0.129150,1.024536,-1.464844,-5.554199,0.000000
14104,-0.147095,-0.146606,1.060303,-1.770020,-4.089355,0.610352
14113,-0.120117,-0.102051,1.037476,-1.342773,-2.502441,0.549316
14123,-0.091064,-0.177734,1.008301,-1.159668,-4.272461,0.427246
14133,0.028931,-0.280396,1.007202,0.000000,-0.732422,-0.305176
14142,0.029175,-0.233154,1.006714,-0.061035,-4.028320,-1.159668
14154,-0.042969,-0.213013,1.037476,-0.671387,-8.361816,-3.112793
14164,-0.044800,-0.099243,0.966187,-0.122070,-3.173828,-3.662109
14173,0.003418,-0.065674,0.945679,-1.220703,-2.014160,-2.929688
14183,0.018921,-0.042725,0.939575,-2.685547,-7.507324,-2.990723
14193,0.067261,-0.132568,0.928589,-3.234863,-8.361816,-3.540039
14202,0.096924,-0.125854,0.946411,-4.333496,-8.666992,-4.272461
14213,0.127441,-0.042725,0.991577,-5.371094,-8.422852,-5.004883
14222,0.126221,0.056885,1.031006,-5.493164,-9.460449,-6.225586
14234,0.098267,-0.021973,1.021973,-4.638672,-7.446289,-7.019043
14243,0.111694,-0.063721,0.998413,-4.211426,-2.685547,-6.958008
14253,0.017212,-0.024292,1.011963,-4.638672,-8.789063,-7.690430
14262,-0.016602,0.005005,1.028076,-3.479004,-9.582520,-8.972168
14272,-0.062134,-0.096191,0.982666,-1.586914,-8.239746,-10.742188
14283,-0.061523,-0.117676,1.003174,-0.366211,-5.371094,-12.573242
14292,-0.053833,-0.088501,1.007446,0.183105,-2.685547,-13.854980
14304,-0.079834,-0.143921,0.925659,0.427246,0.793457,-15.075684
14313,-0.066040,-0.182251,0.860596,0.610352,1.892090,-14.770508
14323,-0.006958,-0.176636,0.909302,0.244141,2.563477,-13.793945
14332,-0.001465,-0.110229,0.999146,-0.305176,1.037598,-12.878418
14343,0.022217,-0.068848,1.023071,-0.854492,-3.173828,-12.390137
14352,0.051636,-0.097534,1.018188,0.305176,1.281738,-12.207031
14363,0.035767,-0.069336,0.998169,-0.061035,4.760742,-10.742188
14374,0.041382,-0.157349,1.008301,-0.427246,4.150391,-8.361816
14383,0.047607,-0.175903,0.989502,-0.732422,4.821777,-7.629395
14393,0.068359,-0.137207,0.922485,-0.427246,5.676270,-7.019043
14403,0.034912,-0.102661,0.946899,-1.220703,4.760742,-6.103516
14413,0.025879,-0.114136,0.944824,-1.342773,6.652832,-5.493164
14423,0.024902,-0.036743,0.961426,-2.868652,5.249023,-3.906250
14433,-0.004272,0.006348,1.042969,-3.356934,3.784180,-2.441406
14442,-0.036987,-0.043701,1.088867,-2.502441,-0.488281,-2.502441
14454,0.006226,-0.036621,1.078857,-1.159668,3.601074,-2.441406
14463,-0.053101,-0.152344,1.004150,-0.610352,7.263184,-1.892090
14473,0.032471,-0.169800,0.864014,-0.610352,7.812500,-2.441406
14482,-0.000977,-0.259033,0.841187,-0.061035,7.934570,-3.173828
14493,-0.052246,-0.268677,0.853638,0.183105,7.629395,-3.723145
14502,-0.036011,-0.051025,0.903442,-0.549316,8.117676,-3.845215
14514,-0.049683,-0.064697,1.041016,-0.854492,8.361816,-5.249023
14523,-0.032104,-0.188354,0.915283,-0.244141,6.591797,-5.554199
14533,-0.015259,-0.196045,0.872559,-0.793457,6.652832,-5.554199
14542,0.008911,-0.130371,0.984863,-1.098633,8.178711,-5.310059
14553,-0.003662,-0.080200,1.039795,-1.464844,9.704590,-4.638672
14562,0.033203,0.005981,0.999756,-1.708984,8.422852,-4.272461
14572,0.057861,-0.037354,0.954102,-2.075195,5.187988,-3.356934
14584,0.033936,-0.113159,0.978760,-2.746582,5.920410,-0.549316
14593,0.035522,0.079224,1.063110,-1.403809,7.629395,-0.061035
14603,0.038330,0.060303,1.191284,-1.464844,2.746582,1.098633
14613,0.024536,-0.059082,1.150024,0.122070,6.774902,2.197266
14622,-0.019165,-0.125488,1.063599,-0.183105,3.051758,2.807617
14633,0.008789,-0.158813,1.069092,-0.183105,5.737305,3.723145
14642,0.014771,-0.200928,1.072021,1.098633,7.385254,3.234863
14655,-0.014160,-0.212158,0.941528,-0.305176,4.882812,4.028320
14664,-0.018066,-0.105469,0.986816,0.122070,10.070801,3.906250
14673,-0.033569,-0.037842,1.043335,0.549316,10.742188,3.601074
14682,-0.065186,0.023682,1.091309,0.671387,7.812500,3.662109
14693,-0.055908,-0.018433,1.050293,-0.183105,2.563477,3.723145
14702,-0.098511,-0.025024,1.028320,0.366211,3.112793,4.089355
14714,-0.044556,-0.153320,0.942017,1.281738,10.375977,4.211426
14723,-0.141479,-0.220703,0.681396,-0.732422,9.277344,3.662109
14734,-0.139648,-0.001221,0.824097,-3.173828,6.225586,3.845215
14743,-0.023193,0.045532,0.878784,-3.967285,7.873535,3.845215
14752,-0.085083,0.030396,0.929077,-4.028320,8.728027,4.577637
14763,-0.045044,-0.023682,0.949463,-4.333496,5.126953,5.798340
14772,-0.083862,-0.095459,0.959839,-4.150391,4.577637,6.958008
14784,-0.003418,-0.003418,1.049316,-3.723145,5.615234,8.483887
14793,-0.015869,0.082886,1.026978,-2.441406,5.432129,9.033203
14803,0.036011,-0.100952,0.911133,-0.366211,7.568359,9.521484
14813,0.065674,-0.132690,0.900757,0.061035,7.385254,10.131836
14823,0.053467,-0.129150,0.960815,-0.183105,6.164551,10.803223
14832,0.070435,-0.052612,1.022583,-0.915527,5.065918,11.230469
14843,0.076416,-0.044312,1.019531,-0.976562,5.249023,11.718750
14852,0.044922,-0.057129,0.947388,-0.732422,6.469727,12.207031
14864,0.012573,-0.059204,1.122070,0.427246,8.178711,13.122559
14874,-0.050415,-0.083008,1.160645,1.098633,9.826660,13.793945
14883,-0.016357,-0.080200,1.122559,1.525879,11.291504,14.099121
14893,-0.008423,-0.008301,1.155640,1.037598,11.474609,14.770508
14903,-0.022461,-0.033081,1.109131,0.671387,12.451172,15.625000
14912,-0.095703,-0.137207,1.053467,0.305176,12.512207,16.479492
14924,-0.076294,-0.183105,1.005005,-2.136230,7.141113,17.700195
14933,-0.060791,-0.150269,1.042725,-2.807617,5.798340,17.639160
14943,-0.014038,-0.165161,1.047363,-3.295898,4.821777,17.517090
14952,-0.078125,-0.174072,1.013062,-3.051758,8.544922,17.395020
14963,-0.063599,-0.075562,0.988281,-2.319336,11.718750,16.723633
14972,-0.087769,-0.182983,0.986206,-1.708984,11.169434,16.479492
14983,-0.010742,-0.315430,0.939941,-2.502441,5.981445,16.723633
14992,-0.095459,0.070068,0.985840,-3.356934,8.361816,17.761230
15004,-0.047974,0.004639,0.991333,0.183105,11.596680,18.249512
15014,0.002319,-0.053345,0.961060,1.525879,11.108398,18.920898
15023,-0.059692,-0.236938,0.962891,3.112793,11.291504,19.531250
15033,-0.033325,-0.169312,1.084595,3.601074,11.352539,20.019531
15043,-0.038696,-0.142700,1.154419,3.479004,10.925293,20.141602
15052,-0.055786,-0.109131,0.972534,4.089355,11.779785,19.348145
15064,-0.077271,-0.168335,0.886597,4.760742,11.169434,18.859863
15073,-0.042480,-0.185303,0.840942,3.234863,6.530762,18.432617
15083,-0.001953,-0.045166,0.904175,2.197266,2.746582,16.845703
15092,0.044434,-0.057983,0.978271,2.929688,7.812500,16.723633
15102,-0.014893,-0.162598,0.908569,2.441406,5.249023,17.883301
15113,0.025635,-0.154541,0.990112,2.563477,5.065918,18.188477
15123,-0.022583,-0.049927,1.072388,2.624512,10.070801,19.531250
15132,0.022949,-0.100098,1.061157,1.098633,5.798340,20.812988
15144,0.031738,-0.289917,0.857422,-0.244141,0.488281,20.690918
15154,0.069336,-0.063843,0.945679,-1.647949,-0.610352,19.653320
15163,0.087524,0.083984,1.078125,-2.319336,-0.610352,18.798828
15172,0.065308,0.073853,1.122314,-2.929688,-0.610352,17.944336
15183,0.104126,-0.040405,1.084717,-2.380371,3.051758,17.517090
15193,0.090698,-0.114868,1.055298,-2.197266,3.295898,17.272949
15202,0.108154,-0.110229,1.066528,-2.563477,2.868652,17.395020
15214,0.135254,-0.018799,1.017700,-3.112793,-5.126953,16.052246
15223,0.106201,-0.064209,0.986084,-1.708984,-2.746582,14.587402
15233,0.123291,-0.061646,0.977295,-0.915527,0.610352,12.817383
15243,0.097778,-0.092896,0.969360,-1.281738,-1.281738,11.291504
15252,0.050781,-0.124756,0.955688,-2.075195,-6.591797,9.643555
15262,0.030762,-0.018555,0.993164,-2.746582,-8.728027,8.300781
15272,0.050415,0.042603,1.013916,-2.990723,-8.666992,7.629395
15284,-0.006958,-0.177368,0.904175,-2.258301,-4.577637,6.896973
15294,0.013672,-0.248657,0.841064,-2.502441,-6.958008,5.920410
15303,-0.000244,-0.069092,0.922729,-2.807617,-6.469727,4.882812
15313,0.007202,0.044922,1.002197,-3.356934,-5.859375,4.516602
15322,0.033203,0.086792,1.013672,-3.967285,-6.164551,4.394531
15332,0.016235,0.026367,0.995850,-4.455566,-6.469727,4.882812
15342,-0.010742,-0.086304,0.963379,-4.394531,-6.530762,5.004883
15354,0.027588,-0.001099,1.098755,-3.295898,0.061035,5.920410
15364,0.016602,0.019409,1.093872,-2.136230,-0.244141,5.187988
15373,0.064941,-0.039307,1.065430,-2.624512,-5.126953,5.554199
15383,0.033936,-0.162598,1.013916,-1.892090,-0.854492,6.408691
15392,0.042114,-0.163940,1.009399,-0.671387,2.929688,6.103516
15402,0.032593,-0.143311,1.052734,-0.976562,0.366211,6.042480
15414,0.037476,-0.048706,1.045532,-1.281738,-1.892090,6.958008
15423,0.043823,-0.162354,0.929443,-0.854492,-0.183105,7.934570
15433,0.012939,-0.169800,0.929443,-1.403809,-3.356934,8.544922
15442,0.044067,-0.092163,1.004517,-0.549316,0.000000,9.155273
15452,-0.013062,-0.093628,1.003906,-0.671387,-3.906250,9.338379
15462,-0.013184,-0.126099,0.941040,-0.610352,-4.882812,9.521484
15473,-0.037354,-0.155884,0.925415,0.427246,-1.342773,9.277344
15482,-0.031372,-0.101318,0.964111,0.610352,1.281738,9.521484
15494,-0.058228,-0.053589,1.006104,-0.061035,0.488281,10.559082
15503,-0.006836,-0.109741,0.974854,0.061035,4.577637,11.352539
15512,-0.062988,-0.083496,1.001221,0.366211,5.798340,12.207031
15523,0.022217,-0.048950,1.032349,0.671387,3.356934,12.573242
15532,-0.044678,-0.008667,1.048218,0.427246,-0.976562,13.305664
15543,0.029297,-0.073364,1.039307,0.427246,-2.502441,14.099121
15552,-0.026489,-0.162964,0.976196,0.549316,-1.159668,14.831543
15564,0.009277,-0.168701,0.940430,0.061035,-3.540039,14.770508
15574,0.057861,-0.073120,0.973511,-0.122070,-3.845215,14.892578
15583,0.017456,-0.006470,0.982788,-0.183105,-3.784180,15.319824
15593,0.011719,-0.069702,0.974365,0.366211,1.281738,15.686035
15602,0.010742,-0.182861,0.948975,-0.183105,1.770020,16.723633
15613,0.008179,-0.177124,0.920044,-0.061035,2.624512,16.662598
15622,-0.019043,-0.084229,0.959595,-1.464844,0.549316,17.883301
15634,0.030762,-0.104858,0.976196,-2.136230,-3.479004,17.944336
15644,-0.011719,-0.105469,0.976685,-1.037598,1.831055,18.127441
15653,-0.000854,-0.074463,0.955566,-1.953125,1.770020,18.676758
15663,-0.008423,0.011597,1.071533,-2.746582,-4.089355,18.005371
15672,0.044312,-0.057129,1.077393,-2.502441,-3.662109,16.906738
15682,-0.020264,-0.134033,1.022949,-2.258301,-3.173828,16.418457
15694,0.025513,-0.162231,0.961182,-0.976562,2.014160,16.052246
15703,-0.048828,0.014282,1.123169,-0.671387,2.563477,16.174316
15713,-0.003174,-0.038086,1.163208,-0.366211,3.295898,16.052246
15723,0.080811,-0.082886,1.094849,-0.427246,3.479004,16.235352
15732,0.019897,-0.165771,1.021851,-0.976562,-1.586914,16.357422
15742,0.047363,-0.197998,0.988159,-0.610352,-6.286621,15.380859
15752,0.026733,-0.170654,0.988281,0.000000,-6.652832,14.221191
15764,0.049316,-0.106445,1.001953,-0.122070,-7.263184,13.488770
15774,0.058838,-0.229736,0.929443,-0.122070,-7.385254,13.061523
15783,0.046265,-0.216431,0.923340,0.305176,-4.333496,12.207031
15792,0.012329,-0.154907,0.958252,0.671387,0.488281,12.390137
15803,0.063232,-0.095703,0.988647,-0.061035,0.305176,12.817383
15812,0.008423,-0.081787,0.990723,-1.159668,-2.258301,13.000488
15823,0.074585,-0.122314,0.976562,-1.342773,-1.342773,13.061523
15834,-0.002563,-0.084839,0.981812,-0.915527,0.793457,12.329102
15843,0.004150,0.066772,0.973145,-1.037598,0.610352,12.878418
15853,0.038940,-0.014282,0.979858,-1.464844,-0.610352,13.244629
15863,0.019409,-0.148560,0.890991,-0.610352,0.915527,13.305664
15872,-0.001709,-0.105469,0.885498,-0.488281,1.281738,13.183594
15883,-0.013062,0.017944,0.958496,-0.122070,1.342773,13.000488
15892,-0.015869,0.097046,0.980347,0.061035,0.976562,12.451172
15904,0.000000,-0.081299,0.962891,-1.464844,-5.249023,12.451172
15913,0.009521,-0.027344,0.935303,-1.831055,-8.422852,11.840820
15924,0.032104,0.055298,0.986938,-1.831055,-8.483887,11.962891
15933,0.042236,-0.114014,0.880249,-1.831055,-8.728027,11.901855
15942,0.043579,-0.226929,0.824829,-2.563477,-8.117676,11.962891
15953,0.049438,-0.062866,0.912598,-3.112793,-6.896973,11.169434
15963,0.080811,0.075317,1.020020,-2.197266,-1.159668,10.131836
15972,0.077881,0.016968,1.022583,-2.319336,-0.488281,10.314941
15983,0.017334,-0.140015,0.997437,-2.624512,-6.774902,9.887695
15993,0.043579,-0.018066,1.142212,-1.831055,-3.234863,7.568359
16002,0.076050,-0.068726,1.098877,-2.197266,-1.281738,7.446289
16013,0.073730,-0.121094,0.988281,-2.502441,-2.441406,7.263184
16022,0.066162,-0.058594,1.047852,-2.929688,-8.728027,6.408691
16033,0.092407,0.051758,1.126221,-2.136230,-7.202148,5.126953
16044,0.133667,-0.023804,1.104248,-2.685547,-8.666992,4.455566
16053,0.103394,-0.190552,0.981445,-1.586914,-5.798340,3.051758
16063,0.136108,-0.161499,0.999512,-1.037598,-2.624512,2.380371
16073,0.145630,-0.047729,1.026733,-2.136230,-4.943848,2.075195
16082,0.122681,-0.005615,1.039307,-3.417969,-11.901855,0.976562
16092,0.104492,-0.084717,1.022217,-3.295898,-12.512207,-0.305176
16103,0.051758,-0.069702,1.002686,-2.807617,-10.131836,-1.342773
16113,0.072510,-0.023926,1.051636,-2.746582,-6.164551,-2.014160
16124,0.021118,-0.096313,0.987061,-2.868652,-11.962891,-2.990723
16134,-0.001587,-0.174805,0.963501,-2.075195,-11.779785,-4.333496
16143,0.041016,-0.137207,0.950317,-0.976562,-5.981445,-4.577637
16153,0.064697,-0.181885,0.885376,-1.525879,-5.554199,-3.906250
16162,0.062500,-0.195557,0.845581,-2.868652,-11.291504,-3.906250
16173,0.067505,-0.017578,0.918579,-2.929688,-11.352539,-4.516602
16182,0.108398,0.002808,0.993774,-2.136230,-7.324219,-4.699707
16194,0.022461,-0.141235,0.883423,-2.380371,-9.521484,-4.028320
16203,0.031494,0.020020,0.977905,-3.051758,-7.080078,-3.356934
16212,0.037109,-0.052856,0.966309,-2.441406,-4.699707,-3.234863
16223,0.023682,-0.200317,0.844482,-0.915527,-2.929688,-3.540039
16232,0.053955,-0.080322,0.902832,-1.037598,-7.446289,-3.112793
16243,0.043457,-0.037842,0.936157,-1.342773,-7.446289,-1.464844
16252,0.016846,-0.233398,0.872437,-0.610352,-1.708984,-0.732422
16264,-0.016479,0.025024,0.982788,-0.244141,-2.197266,-0.854492
16273,0.058960,0.077637,1.085815,-1.831055,-7.690430,-0.488281
16283,-0.012695,-0.113647,1.066162,-1.708984,-5.249023,0.915527
16293,0.004883,-0.208984,1.002441,-0.488281,-0.427246,1.220703
16302,-0.024536,-0.081787,1.099121,-0.915527,-4.272461,1.281738
16313,0.026367,-0.005615,1.205566,-1.037598,-5.615234,2.197266
16324,-0.006958,-0.005615,1.111206,0.183105,0.793457,4.943848
16333,-0.012451,-0.080078,1.084595,-0.732422,-4.028320,5.432129
16344,0.032837,-0.069824,1.122192,-0.122070,-1.953125,5.493164
16353,-0.021484,-0.106812,1.090454,0.976562,-0.305176,4.699707
16362,0.017578,-0.076538,1.174805,0.427246,-4.760742,4.577637
16372,0.025757,-0.116577,1.021851,0.793457,-2.746582,5.432129
16383,-0.018921,-0.188599,0.956909,1.281738,0.976562,5.493164
16394,-0.022461,-0.202515,0.902344,1.220703,1.708984,3.540039
16403,0.014893,-0.260132,0.806274,-0.244141,0.061035,3.295898
16413,-0.041260,-0.048706,0.852661,-2.624512,-5.249023,2.990723
16423,0.024780,0.143677,0.966064,-3.601074,-7.324219,2.563477
16433,-0.033691,-0.005371,0.974121,-3.662109,-7.080078,2.563477
16443,-0.036743,-0.123047,0.948486,-3.234863,-5.554199,2.380371
16453,-0.107422,0.050659,1.030762,-2.319336,-3.234863,2.441406
16462,-0.013306,0.134277,1.038086,-1.586914,-1.037598,2.868652
16474,-0.029541,-0.255249,0.854614,-1.281738,-2.441406,4.028320
16483,-0.002808,-0.111572,0.905884,-0.793457,-3.417969,4.455566
16493,0.061646,-0.006714,1.011963,-1.464844,-4.638672,5.310059
16502,0.037720,-0.151001,0.942383,-1.342773,-4.943848,5.310059
16513,0.034180,-0.100220,0.970581,-1.098633,-5.126953,4.943848
16523,0.065186,-0.002563,1.027710,-0.671387,-5.676270,5.187988
16532,0.024902,-0.019043,0.977173,-0.061035,-5.798340,5.371094
16544,0.024902,-0.216675,0.948364,0.183105,-4.699707,5.737305
16553,0.047363,-0.037109,1.018921,0.671387,0.732422,6.042480
16563,0.000977,-0.006470,1.072510,1.586914,1.586914,5.310059
16572,0.057007,-0.146729,0.997192,0.976562,-4.760742,5.432129
16583,-0.006714,-0.207397,0.949585,0.671387,-3.112793,6.591797
16593,0.024048,-0.075684,1.013794,0.610352,1.098633,7.202148
16602,-0.004639,-0.037964,1.059570,-0.244141,1.342773,7.507324
16613,-0.014893,-0.153931,0.993408,-1.525879,-3.173828,6.530762
16623,-0.016846,0.006348,1.066895,-1.281738,-2.624512,6.408691
16632,-0.014526,0.019531,1.113281,-1.647949,-2.014160,6.347656
16643,-0.002441,-0.067383,1.103882,-2.014160,-2.868652,6.347656
16652,-0.017822,-0.070923,1.081421,-2.136230,-2.929688,6.713867
16663,-0.022583,-0.097412,1.078857,-1.708984,-0.610352,6.958008
16672,0.037598,-0.170532,1.031982,-1.342773,1.220703,6.958008
16683,0.007568,0.049561,1.064941,-1.708984,2.990723,8.239746
16693,-0.003540,-0.051514,1.008545,-2.563477,-4.882812,7.446289
16703,0.026245,-0.133667,0.909790,-1.037598,-1.342773,6.835937
16712,-0.018311,-0.207031,0.879883,-1.525879,-0.305176,6.774902
16723,0.007568,-0.161743,0.905640,-2.319336,-6.103516,6.042480
16732,0.007446,-0.015991,0.941528,-2.014160,-6.530762,4.760742
16744,-0.036133,-0.145264,0.929199,-1.647949,0.976562,2.929688
16753,-0.013550,-0.121094,0.879150,-2.624512,-1.281738,2.441406
16763,0.007446,-0.015503,0.964478,-2.746582,-5.432129,1.220703
16773,-0.020508,-0.190430,0.931152,-2.563477,-6.103516,-0.366211
16782,0.039917,-0.182373,0.973877,-1.770020,-0.549316,-1.831055
16793,0.054932,0.056030,1.092529,-1.953125,0.915527,-2.319336
16803,0.081055,0.067871,1.151733,-2.197266,-3.112793,-2.746582
16812,0.124146,-0.125977,1.058350,-1.770020,-6.347656,-3.540039
16824,0.110474,-0.064697,0.992920,-0.183105,-1.708984,-4.455566
16834,0.081421,-0.028809,0.971436,0.183105,0.366211,-3.723145
16843,0.125122,-0.137451,0.920776,-0.854492,-3.295898,-2.380371
16852,-0.026245,-0.199219,0.931396,-0.915527,-5.310059,-1.953125
16863,0.011475,-0.032349,1.083984,-0.732422,0.122070,-1.831055
16872,0.050903,-0.056763,1.064941,-1.525879,-4.333496,-2.075195
16884,0.063477,-0.091309,1.101196,-0.732422,-1.464844,-1.770020
16893,0.028809,-0.106934,1.035889,-0.549316,-5.371094,-2.258301
16903,0.056885,-0.171875,1.020142,0.000000,-2.258301,-2.807617
16912,0.022583,-0.206665,1.025024,-1.037598,-3.234863,-2.990723
16923,0.000366,-0.025513,0.974731,-0.854492,-1.159668,-2.746582
16932,-0.009644,0.155884,1.039307,-1.403809,-4.760742,-1.586914
16943,0.030151,0.029053,1.026733,-0.244141,0.671387,-0.122070
16952,-0.039551,-0.192139,0.896118,-1.098633,0.305176,3.234863
16964,-0.087891,0.248657,1.070679,-1.403809,1.159668,8.666992
16974,-0.051025,0.044800,1.045410,-0.427246,0.976562,10.925293
16983,-0.079712,-0.343506,0.858154,-0.610352,2.929688,13.916016
16993,-0.103638,-0.196167,0.879028,-1.098633,-2.075195,15.075684
17002,-0.075195,0.126587,1.098633,-0.061035,2.746582,15.441895
17013,-0.128540,-0.015869,1.044312,0.000000,4.028320,16.723633
17022,-0.086182,-0.274536,0.898560,-0.488281,-1.281738,16.540527
17034,0.001465,0.024048,1.007568,0.732422,1.525879,13.244629
17043,-0.031494,-0.188110,0.995361,-0.061035,0.061035,10.620117
17053,0.023682,-0.140991,0.983154,0.305176,4.028320,9.033203
17063,0.067505,0.019043,1.056519,-0.427246,-0.915527,7.690430
17072,0.079224,-0.151001,0.964600,0.000000,-4.821777,6.042480
17083,0.099365,-0.264526,0.883057,-0.061035,-4.516602,4.638672
17095,0.060181,-0.005981,1.060303,-0.854492,-0.061035,3.723145
17105,0.022827,-0.101807,1.049561,-1.647949,-4.943848,2.563477
17114,0.067261,-0.019409,1.107788,-0.610352,-0.854492,1.220703
17124,0.045898,0.106445,1.144897,-0.793457,-2.380371,1.037598
17133,0.042480,-0.092041,1.088135,-0.183105,-6.591797,-0.366211
17142,-0.002808,-0.244751,1.015869,1.159668,-1.464844,-1.281738
17153,0.077637,-0.105469,1.033325,0.366211,-4.150391,-1.281738
17163,0.082764,0.046265,1.097290,1.159668,-3.295898,-1.708984
17174,0.129028,-0.222168,0.973267,0.549316,-7.080078,-2.075195
17184,0.171631,-0.111328,1.027710,1.342773,-6.408691,-2.929688
17193,0.179810,0.033447,1.031738,1.953125,-2.136230,-2.929688
17202,0.146484,-0.140991,0.983765,1.464844,-1.770020,-2.380371
17213,0.141479,-0.274170,0.959961,0.854492,-2.868652,-2.319336
17222,0.112549,-0.070679,1.014771,0.366211,-4.211426,-2.136230
17234,0.129639,-0.043091,0.996948,-0.183105,-7.385254,-0.976562
17243,0.018799,-0.187988,0.974976,-0.671387,-6.774902,-1.037598
17253,0.050049,-0.087524,1.082031,-0.427246,-4.699707,-1.586914
17263,0.061157,-0.282227,1.018555,0.061035,-6.347656,-2.319336
17272,0.007446,-0.625488,0.990112,0.366211,-5.432129,-3.051758
17283,0.022217,-0.108398,1.018677,-3.662109,-7.751465,-4.516602
17293,0.142456,-0.171387,0.601685,-7.507324,-6.591797,-5.310059
17302,0.033936,-0.651001,-0.473511,-9.094238,-6.713867,-5.920410
17314,0.063232,-0.293213,0.343384,-19.409180,-12.268066,-6.164551
17324,-0.061890,0.002808,0.089478,-26.306152,-12.207031,-8.972168
17333,-0.072388,0.622925,0.313232,-30.517578,-7.385254,-11.230469
17343,-0.119385,0.762939,0.526855,-32.409668,-6.774902,-11.352539
17352,-0.063477,0.576904,0.572144,-33.630371,-6.164551,-11.474609
17363,-0.069580,0.621460,0.692993,-34.851074,-6.652832,-14.099121
17372,-0.040283,0.698608,0.814087,-37.780762,-7.019043,-15.808105
17384,0.003540,1.014282,1.205811,-41.137695,-7.995605,-17.272949
17393,0.078491,0.701782,1.070801,-36.437988,-6.042480,-15.319824
17403,0.154785,0.540894,1.499390,-32.897949,-9.460449,-12.207031
17413,0.067993,0.430786,1.944702,-29.479980,-3.662109,-9.582520
17424,0.074097,0.884766,2.663818,-28.015137,-4.028320,-8.056641
17433,-0.062744,0.485596,1.796265,-23.803711,-6.347656,-5.432129
17443,0.008667,0.286621,1.085938,-14.831543,-0.244141,-4.211426
17454,-0.140869,0.091431,1.826660,-3.540039,-5.249023,-4.638672
17464,-0.206055,-0.096558,1.436279,-2.685547,-1.647949,-6.042480
17473,-0.315430,0.062622,0.498779,-3.540039,-3.540039,-7.019043
17483,-0.214722,0.679199,0.273804,-3.051758,1.159668,-7.263184
17492,-0.095459,0.907837,0.797241,-1.647949,-0.061035,-7.019043
17503,-0.235840,0.350098,1.076904,-1.159668,-1.159668,-6.164551
17513,-0.047363,0.184448,1.154663,-3.051758,3.845215,-7.385254
17522,0.036499,0.614136,0.942871,-5.371094,-0.915527,-7.080078
17533,0.080078,1.203979,0.900146,-2.502441,2.319336,-5.737305
17542,0.071411,0.571045,0.954468,3.906250,4.455566,-5.065918
17553,0.172974,0.191406,0.999756,5.065918,0.671387,-4.699707
17562,0.314941,0.550903,1.040405,-0.671387,1.953125,-4.516602
17573,0.263916,1.284058,1.031860,-9.094238,-2.441406,-3.295898
17582,0.075684,1.650391,1.180664,-11.779785,1.831055,-1.037598
17594,0.116821,0.752563,0.964844,-8.850098,13.977051,3.967285
17603,0.265381,0.685059,1.384277,-1.464844,0.610352,4.028320
17612,0.079956,0.865234,1.656128,-4.272461,-2.014160,3.845215
17623,-0.030762,0.855225,1.223267,-7.507324,-2.807617,4.699707
17632,-0.103394,0.693481,0.580688,-6.591797,-1.708984,5.310059
17643,0.017212,0.667114,0.663452,-3.906250,1.220703,4.272461
17652,0.043335,0.575439,1.202637,-1.708984,2.258301,2.685547
17664,-0.019043,0.307861,1.043823,-2.868652,-0.305176,-0.732422
17673,0.023560,0.500977,0.664673,-3.417969,-1.953125,-1.831055
17683,0.078369,0.742676,0.720337,-3.051758,-2.380371,-1.892090
17692,-0.053711,0.642090,1.008301,-2.563477,-4.089355,-1.892090
17703,-0.073120,0.428955,1.224487,-3.906250,-6.958008,-2.685547
17713,-0.055298,0.379883,1.025024,-6.225586,-7.263184,-3.845215
17722,-0.005493,0.716675,0.815918,-8.422852,-6.958008,-5.798340
17732,-0.045044,1.125122,0.923706,-7.751465,-5.737305,-5.920410
17743,-0.119141,0.730957,1.110352,-5.981445,-6.225586,-5.432129
17752,-0.058594,0.701538,1.021606,-7.324219,-5.981445,-5.554199
17763,-0.047852,0.993164,0.939087,-8.972168,-4.455566,-5.615234
17773,-0.093628,1.078857,0.895020,-9.155273,-2.014160,-5.554199
17782,-0.134155,0.812866,0.875122,-7.507324,-1.281738,-5.432129
17795,-0.047119,0.551514,1.067871,-9.582520,0.061035,-3.417969
17805,-0.066406,0.692139,1.068359,-12.023926,-0.488281,-2.014160
17814,-0.127441,0.767822,0.964966,-14.038086,-2.258301,0.122070
17824,-0.156372,0.766479,0.879761,-14.404297,-1.525879,2.136230
17833,-0.171875,0.726929,0.895264,-13.977051,0.183105,3.601074
17843,-0.187744,0.744141,1.026733,-14.099121,1.403809,3.906250
17853,-0.169678,0.794678,1.113770,-13.854980,7.995605,4.028320
17862,-0.131592,0.827148,0.986450,-13.671875,9.765625,3.845215
17874,-0.049072,0.593506,0.898804,-12.268066,3.662109,5.249023
17883,-0.028442,0.704468,1.034546,-11.840820,8.850098,6.896973
17893,-0.002686,0.590698,1.020508,-11.047363,8.911133,8.422852
17902,-0.007935,0.409912,1.038452,-10.314941,6.652832,10.559082
17913,-0.002075,0.400635,1.058350,-8.300781,12.756348,11.474609
17923,-0.006470,0.260498,0.987183,-5.798340,14.221191,11.840820
17935,0.050171,0.321167,0.935181,-3.784180,6.958008,10.559082
17945,0.032104,0.234741,0.854492,-3.051758,2.929688,10.070801
17954,0.053345,0.249146,0.871460,-1.159668,2.075195,9.277344
17964,0.067139,0.312744,0.939331,0.793457,1.953125,9.094238
17973,0.109009,0.341309,0.965332,2.746582,1.403809,8.850098
17983,0.121826,0.393066,0.945068,5.554199,0.976562,7.690430
17993,0.118042,0.413208,0.913208,9.521484,2.380371,6.469727
18005,0.054687,0.523193,0.837280,16.723633,4.882812,4.211426
18015,0.029419,0.575562,0.798828,18.737793,3.051758,4.028320
18024,0.028564,0.592041,0.747803,20.935059,0.183105,3.784180
18033,0.026367,0.663208,0.774780,23.864746,-2.441406,3.112793
18043,0.044556,0.725464,0.825073,27.587891,-1.647949,3.051758
18053,0.063965,0.749146,0.854126,31.188965,-0.122070,3.967285
18063,0.067139,0.722900,0.852661,34.362793,0.732422,5.187988
18075,0.033325,-0.581421,0.916138,42.419434,6.347656,5.249023
18084,0.077881,-2.542725,1.718628,39.733887,5.310059,3.723145
18094,-0.021362,-2.096802,2.859863,19.592285,2.807617,1.159668
18103,-0.279785,-0.331055,3.016357,0.976562,-3.784180,-0.732422
18113,0.015137,-0.336792,0.184448,4.028320,-2.258301,-1.647949
18123,0.518921,0.248535,0.151245,15.747070,3.051758,-2.197266
18133,0.504272,-0.519653,0.806641,25.817871,3.417969,-3.112793
18143,0.120483,-1.004272,0.967773,7.507324,-2.624512,-2.746582
18154,-0.075073,0.220337,0.745239,5.920410,-1.037598,-5.432129
18164,0.117676,0.327759,0.825073,3.234863,-0.427246,-5.004883
18174,0.135254,-0.354248,1.391235,4.333496,-2.868652,-0.549316
18183,0.044434,-0.631226,1.987793,6.591797,-1.831055,3.479004
18193,-0.159058,-0.157104,1.911255,5.859375,0.854492,6.774902
18204,-0.226562,0.064575,1.466309,7.141113,3.784180,6.835937
18213,-0.225098,0.001587,1.107056,9.277344,-1.708984,-1.708984
18223,-0.247559,0.248047,0.933838,8.544922,-4.699707,-3.112793
18233,-0.419067,0.256836,1.026978,8.666992,-2.868652,-3.234863
18243,-0.356934,0.240479,0.978394,8.117676,-2.563477,-2.136230
18253,-0.207642,0.038940,0.865723,9.643555,0.366211,-0.488281
18263,-0.061523,-0.300293,0.716309,13.244629,7.019043,0.915527
18273,0.052856,-0.298706,0.945679,15.258789,6.652832,2.319336
18285,0.158203,-0.675293,0.776733,16.479492,1.586914,0.793457
18294,0.230225,-0.615356,0.622681,14.282227,1.831055,-1.586914
18304,0.253418,-0.310303,0.540649,10.742188,-1.037598,-4.089355
18314,0.200317,0.039185,0.453369,7.080078,-1.953125,-5.004883
18323,0.191406,0.196045,0.421509,3.906250,-2.258301,-3.051758
18333,0.180908,0.115112,0.552490,2.319336,-2.441406,-0.244141
18344,0.171143,-0.079834,0.772339,2.136230,-2.441406,2.197266
18353,0.129028,-0.283813,0.917725,2.685547,-0.366211,3.906250
18363,0.123047,-0.448364,0.843628,3.234863,3.479004,4.272461
18373,0.040649,-0.424561,0.858643,1.770020,1.892090,4.211426
18383,0.001709,-0.259521,0.821777,0.244141,-4.699707,2.624512
18393,-0.020264,-0.217285,0.825439,0.061035,-7.202148,1.281738
18403,-0.030762,-0.277344,0.883423,-0.244141,-6.896973,0.305176
18413,-0.054321,-0.190552,0.981567,-1.708984,-5.554199,0.549316
18423,-0.059204,0.002808,0.858398,-2.197266,1.953125,2.014160
18434,-0.051636,-0.098877,0.941528,-1.098633,0.183105,2.136230
18444,-0.024536,-0.122070,1.101929,-2.258301,-0.671387,3.662109
18453,-0.022339,-0.094971,1.127197,-1.586914,0.183105,3.112793
18463,0.029297,-0.078491,1.065674,-1.831055,-2.075195,2.502441
18473,0.038574,-0.199463,1.057739,-2.014160,-2.014160,2.319336
18483,0.040039,-0.293823,1.099487,-1.647949,-3.601074,1.892090
18495,0.050415,-0.206665,0.971191,-1.892090,-1.770020,2.807617
18505,0.025024,-0.116455,0.952026,-2.441406,-0.793457,3.540039
18514,-0.009277,-0.071533,0.939819,-2.685547,0.061035,3.906250
18524,-0.046265,-0.072754,0.935791,-2.929688,-0.061035,4.150391
18533,-0.113892,-0.110596,0.976562,-3.112793,0.488281,4.211426
18543,-0.148071,-0.129639,1.009888,-3.356934,0.366211,3.723145
18553,-0.169800,-0.125244,0.996826,-3.234863,0.183105,3.967285
18563,-0.158813,-0.131714,0.962280,-3.173828,-0.427246,5.859375
18574,-0.109985,-0.054077,0.928223,-2.929688,3.479004,7.568359
18584,-0.096313,-0.035156,0.935791,-3.295898,1.770020,8.483887
18593,-0.062866,-0.030029,0.966919,-2.990723,6.347656,9.643555
18603,-0.020508,-0.039185,0.983643,-2.990723,3.662109,9.338379
18613,0.003296,-0.080444,0.982056,-3.173828,3.906250,9.582520
18623,0.046631,-0.116577,0.960205,-2.197266,6.225586,8.544922
18635,0.113647,-0.188721,0.863770,-2.929688,1.831055,6.896973
18645,0.136108,-0.188843,0.854858,-3.662109,1.831055,6.225586
18654,0.122192,-0.165161,0.923462,-3.173828,5.737305,4.821777
18663,0.121460,-0.183350,0.992187,-3.356934,2.014160,3.295898
18673,0.123169,-0.198364,1.027954,-4.333496,-0.427246,2.380371
18684,0.103394,-0.176636,1.033325,-3.845215,2.868652,0.671387
18693,0.074707,-0.132690,1.003906,-3.479004,2.563477,-1.098633
18705,0.041870,-0.053223,0.994263,-3.356934,1.892090,-2.624512
18714,0.032349,-0.035034,1.018555,-4.699707,-4.150391,-2.990723
18724,0.022949,-0.039429,1.045288,-5.004883,-2.868652,-2.929688
18733,0.030151,-0.050903,1.050049,-4.394531,-1.953125,-3.601074
18743,0.040527,-0.071289,1.020020,-4.089355,-1.281738,-3.540039
18754,0.046143,-0.091309,1.007202,-3.967285,-1.892090,-3.784180
18763,0.035767,-0.089966,1.023560,-3.234863,0.244141,-4.272461
18773,0.028687,-0.090210,1.043579,-3.540039,-6.225586,-4.760742
18784,0.007813,-0.051758,1.049316,-4.272461,-2.685547,-4.455566
18794,-0.010986,-0.014404,1.048828,-3.234863,-0.793457,-5.065918
18804,-0.005981,0.010620,1.055786,-3.662109,-5.798340,-4.760742
18813,0.002197,0.020386,1.064331,-3.295898,-2.746582,-4.089355
18823,-0.000854,0.014648,1.056152,-3.295898,-2.319336,-3.784180
18833,-0.016724,-0.001465,1.036255,-2.136230,1.159668,-3.479004
18843,-0.018066,-0.015137,1.012817,-2.136230,-4.882812,-2.502441
18855,-0.016113,-0.023682,0.998413,-2.441406,-6.042480,-1.159668
18864,-0.018677,-0.031616,1.000610,-2.014160,-2.258301,0.366211
18874,-0.024658,-0.041504,1.004028,-1.586914,1.708984,1.586914
18884,-0.026123,-0.052612,1.002808,-0.976562,0.671387,2.075195
18893,-0.018799,-0.057251,0.999146,-1.525879,-4.150391,3.234863
18903,-0.008301,-0.056152,0.999512,-1.770020,-2.075195,4.699707
18913,-0.008057,-0.051514,0.988525,-0.610352,3.967285,5.676270
18924,-0.036499,-0.049927,0.984863,-0.488281,0.061035,5.432129
18934,-0.045044,-0.065674,0.967896,-1.220703,-3.906250,6.042480
18944,-0.047607,-0.089966,0.963867,-1.464844,-3.967285,6.591797
18953,-0.042480,-0.040894,0.972534,-1.770020,-3.234863,7.324219
18963,-0.020508,0.040405,1.007446,-1.708984,0.244141,7.995605
18973,0.001221,-0.011353,0.982300,-0.915527,3.295898,8.178711
18983,0.010864,-0.026367,0.944458,-1.098633,-1.464844,7.568359
18994,0.028320,0.029419,0.982666,-0.732422,2.136230,8.056641
19003,0.023315,0.001465,1.015991,-0.305176,0.305176,7.568359
19014,-0.012817,0.001587,1.000732,-0.610352,2.136230,7.934570
19023,-0.009521,0.003296,0.998901,-0.427246,0.976562,7.507324
19033,-0.010132,0.004761,1.019653,-0.244141,2.258301,7.568359
19043,-0.007935,-0.027100,1.022827,0.061035,1.953125,7.324219
19053,0.033813,-0.056641,0.998413,0.366211,2.380371,5.920410
19064,0.081421,-0.116333,1.011475,-0.427246,-0.305176,5.249023
19074,0.069458,-0.144043,1.014160,0.366211,1.281738,3.417969
19083,0.012695,-0.215576,1.018433,-0.305176,-2.502441,2.502441
19094,0.005493,-0.190308,0.991455,0.244141,1.892090,2.685547
19103,-0.010620,-0.175903,1.019897,-0.549316,-1.831055,2.258301
19113,-0.037842,-0.189453,0.974121,-0.244141,2.319336,2.502441
19125,-0.093506,-0.214355,0.967773,-0.732422,0.915527,2.441406
19135,-0.076782,-0.200806,0.869751,-1.342773,-2.014160,2.075195
19144,-0.060059,-0.002686,1.109619,-0.976562,2.319336,1.159668
19154,-0.088501,-0.059326,0.936768,-1.525879,-1.281738,0.549316
19164,-0.046021,-0.100464,0.997803,-1.586914,1.770020,0.488281
19173,-0.030640,-0.061035,0.990601,-1.159668,5.249023,-0.671387
19185,-0.015625,0.007446,1.022461,-2.563477,-2.136230,-2.258301
19194,0.039551,0.012085,0.971558,-1.342773,3.112793,-1.770020
19204,0.082642,-0.108398,0.952637,0.305176,5.065918,-1.708984
19213,0.056641,-0.095093,0.940186,-0.122070,1.098633,-1.159668
19223,0.117920,-0.079834,1.006226,-1.586914,-1.586914,0.915527
19234,0.144165,0.014160,1.109131,-1.464844,2.258301,2.624512
19243,0.071777,-0.158081,0.965088,-1.037598,4.699707,1.586914
19253,0.032349,-0.093018,1.057129,-0.366211,3.540039,0.488281
19265,-0.175171,-0.098633,1.028931,-0.915527,-4.333496,-4.638672
19275,-0.204102,-0.113281,1.062134,-0.732422,-2.624512,-5.310059
19285,-0.166016,-0.050781,1.044556,0.122070,3.479004,-7.019043
19294,-0.060181,-0.078247,0.978149,1.220703,5.310059,-8.911133
19304,-0.025024,-0.148804,0.884155,0.671387,0.305176,-9.338379
19313,0.062622,-0.150269,0.876465,-1.220703,-2.319336,-8.605957
19323,-0.012939,-0.108398,0.930420,-2.197266,-1.770020,-7.873535
19333,-0.077637,-0.054321,0.996948,-2.624512,-1.098633,-4.516602
19345,-0.148560,-0.127930,1.022705,-1.525879,1.281738,-2.746582
19354,-0.167725,-0.203125,1.009644,-0.488281,6.652832,-0.610352
19364,-0.133179,-0.243286,1.003906,-1.220703,8.361816,2.014160
19374,-0.079834,0.013428,1.092896,-2.441406,2.502441,3.723145
19383,0.039307,-0.297852,0.973145,-1.525879,3.540039,5.371094
19393,0.049072,-0.208252,0.961670,-0.610352,6.835937,6.225586
19403,0.009155,-0.185303,0.951782,-1.037598,9.521484,12.207031
19414,0.141846,-0.223755,1.048584,-1.708984,5.859375,13.671875
19424,0.127319,-0.163330,1.049805,-1.220703,5.432129,13.854980
19434,0.146851,-0.194946,0.977295,-0.732422,9.887695,14.343262
19444,0.152466,-0.225708,0.936157,-1.403809,7.995605,14.831543
19453,0.127075,-0.204468,0.951172,-2.319336,2.197266,14.587402
19465,0.102417,-0.183350,0.977539,-0.976562,3.784180,13.610840
19474,0.080322,-0.207520,0.998413,-0.671387,5.371094,13.305664
19484,0.049927,-0.207275,0.992798,-0.854492,4.394531,12.634277
19493,0.028076,-0.193848,0.999634,-1.159668,7.141113,12.145996
19504,0.019287,-0.194214,0.993530,-1.708984,6.469727,11.352539
19513,0.018311,-0.214600,0.984619,-2.441406,2.136230,9.887695
19524,0.006348,-0.234009,0.978149,-2.624512,-0.061035,8.300781
19533,0.003906,-0.241943,0.983521,-2.746582,-1.708984,6.591797
19545,0.038086,-0.239624,0.990479,-2.319336,1.892090,4.638672
19554,0.059692,-0.249512,0.975220,-1.098633,6.408691,4.577637
19564,0.068359,-0.248535,0.979980,-1.342773,7.019043,4.516602
19573,0.070312,-0.235596,0.998535,-2.380371,0.549316,3.967285
19583,0.073853,-0.218018,1.029663,-2.441406,-2.624512,3.234863
19594,0.082642,-0.233154,1.026978,-1.708984,-0.976562,2.746582
19603,0.070068,-0.245605,1.001221,-2.014160,-1.464844,3.540039
19614,0.050049,-0.239624,0.955688,-2.319336,1.708984,6.408691
19624,0.041260,-0.229614,0.948120,-1.708984,5.798340,7.995605
19633,0.000122,-0.205200,0.955566,-1.586914,3.295898,9.643555
19643,-0.028320,-0.192749,0.957153,-2.746582,-0.244141,12.573242
19653,-0.047363,-0.188965,0.996582,-2.319336,5.065918,16.052246
19663,-0.073853,-0.200684,1.015137,-1.464844,7.019043,17.883301
19673,-0.116089,-0.212646,1.012329,-2.136230,1.464844,19.897461
19685,-0.153687,-0.272217,0.925903,-1.892090,1.708984,22.460937
19695,-0.137451,-0.263550,0.927612,-1.464844,3.967285,23.132324
19705,-0.118774,-0.233154,0.990723,-0.793457,10.131836,24.047852
19714,-0.102051,-0.255615,1.004761,-1.525879,9.948730,25.390625
19724,-0.061279,-0.261841,0.963745,-2.197266,4.943848,25.634766
19734,0.113159,-0.223633,0.858521,-2.624512,4.821777,26.000977
19743,0.087891,-0.105225,0.927368,-2.014160,9.826660,26.977539
19755,0.097534,-0.127319,0.997681,-1.770020,10.253906,31.066895
19764,0.026245,-0.187988,0.977295,-1.770020,7.324219,31.738281
19774,0.056519,-0.188232,0.962891,-0.671387,10.498047,32.470703
19783,0.044189,-0.122070,1.038940,-0.854492,14.343262,34.729004
19794,0.097534,-0.009155,1.038452,-1.220703,15.197754,36.499023
19803,0.011719,-0.014771,0.987549,-0.854492,14.892578,37.780762
19814,0.025024,-0.077026,0.893921,-0.793457,12.878418,39.672852
19823,0.038696,-0.125854,0.924316,-0.610352,12.329102,43.762207
19834,0.054687,-0.053467,1.058350,-0.732422,16.357422,45.776367
19844,0.027100,-0.063232,0.949707,-1.281738,14.831543,47.912598
19853,0.047241,-0.045410,0.901489,-2.197266,10.314941,49.926758
19864,0.036011,-0.032471,1.003662,-2.014160,9.216309,51.391602
19873,0.031738,-0.088623,1.029175,-0.793457,14.343262,52.795410
19885,-0.015625,-0.132446,1.002319,-1.892090,9.155273,53.649902
19895,-0.026123,-0.055786,1.044556,-1.159668,15.197754,53.283691
19904,0.042358,-0.057251,1.021118,-2.197266,13.488770,53.222656
19914,0.095703,-0.139771,0.931030,-2.136230,7.629395,51.330566
19923,0.098511,-0.214478,0.909912,-1.525879,8.056641,49.560547
19934,0.129150,-0.200562,1.022217,-1.586914,9.948730,47.790527
19943,0.114258,-0.154541,0.981323,-2.624512,5.920410,46.020508
19953,0.162842,-0.189697,0.977417,-2.990723,5.615234,43.884277
19965,0.065674,-0.165649,0.899902,-1.281738,12.390137,37.353516
19975,0.170532,-0.293457,1.013428,-1.159668,9.338379,33.142090
19984,0.254272,-0.376343,1.112915,-1.892090,4.333496,29.174805
19994,0.308105,-0.325439,1.166870,-2.624512,2.014160,24.963379
20003,0.402710,-0.289429,1.100952,-3.051758,2.319336,21.423340
20014,0.347168,-0.262573,1.025757,-2.014160,6.164551,17.700195
20023,0.303711,-0.204102,0.961914,-0.854492,2.502441,12.573242
20035,0.279053,-0.212646,0.926880,-0.366211,-2.868652,8.728027
20044,0.291138,-0.202393,0.950928,1.159668,1.586914,9.094238
20054,0.286987,-0.207153,0.944336,0.366211,-3.234863,10.375977
20063,0.262451,-0.209351,0.975586,0.549316,-0.549316,11.779785
20073,0.216553,-0.231445,1.022217,1.403809,-1.525879,12.207031
20083,0.231079,-0.292236,1.008179,0.793457,-4.028320,13.244629
20094,0.232666,-0.294434,1.019409,1.586914,-0.122070,12.817383
20103,0.201294,-0.255615,1.022949,1.953125,-4.760742,8.972168
20114,0.126831,-0.199463,1.007202,1.220703,-8.789063,6.958008
20124,0.148682,-0.211914,0.985718,1.953125,-4.089355,5.493164
20134,0.106323,-0.177002,0.941650,1.464844,-6.591797,4.394531
20143,0.088257,-0.056519,0.933716,1.342773,-2.746582,3.784180
20154,0.031250,-0.040527,0.935669,1.647949,-0.610352,2.624512
20163,0.010498,-0.080444,0.972168,1.953125,-1.159668,1.586914
20175,0.012695,-0.102417,1.043335,1.953125,-2.746582,-0.549316
20184,0.024658,-0.031860,1.061890,1.220703,-0.549316,-1.953125
20193,0.034668,-0.017456,1.020630,1.037598,-2.502441,-3.540039
20203,0.085449,-0.045410,0.983276,0.854492,-5.432129,-5.004883
20214,0.146973,-0.074097,0.989624,0.793457,-6.103516,-6.164551
20223,0.123291,-0.031128,1.000977,0.061035,-7.324219,-6.774902
20235,0.172607,0.035522,1.010742,0.488281,-3.723145,-7.629395
20244,0.229004,-0.043823,0.982544,0.488281,-6.042480,-7.568359
20254,0.295044,-0.075562,0.994507,1.037598,-5.065918,-7.568359
20263,0.284424,-0.036865,1.034180,1.159668,-2.746582,-7.141113
20274,0.293335,0.009644,0.998657,0.671387,-4.516602,-6.347656
20283,0.255005,0.033691,0.990967,0.183105,-9.460449,-6.103516
20294,0.213501,0.063965,0.950195,0.549316,-12.817383,-6.103516
20303,0.201660,0.015381,0.884399,1.586914,-10.009766,-5.737305
20315,0.180786,0.146240,0.945190,1.464844,-8.789063,-3.601074
20324,0.084473,0.010376,0.947632,1.281738,-11.901855,-3.845215
20334,0.052979,-0.026611,1.049927,1.892090,-7.751465,-3.906250
20343,0.055054,-0.065308,1.055908,0.793457,-12.084961,-4.516602
20354,0.037231,-0.098877,1.002197,1.159668,-7.873535,-5.676270
20363,0.003906,0.003418,1.025635,-0.488281,-9.765625,-6.042480
20376,0.005737,-0.095337,0.965820,0.427246,-12.207031,-10.253906
20385,-0.019409,-0.133545,1.015381,1.098633,-8.789063,-12.268066
20395,0.035767,-0.066162,1.042358,0.549316,-5.249023,-14.282227
20404,0.207153,-0.157471,0.921875,-0.610352,-6.347656,-15.258789
20414,-0.014160,-0.495361,0.974121,-1.770020,-10.986328,-15.869141
20424,-0.115967,0.029419,1.218018,-2.197266,-8.789063,-17.089844
20433,0.173828,0.102051,1.266357,-0.671387,-3.234863,-17.639160
20446,0.182129,-0.333374,0.894165,1.342773,-11.474609,-22.399902
20455,-0.030884,-0.267822,0.993652,-0.427246,-17.089844,-23.864746
20465,-0.167114,0.007813,1.067871,-3.234863,-17.822266,-22.155762
20475,0.024902,0.163696,1.062622,-3.295898,-13.000488,-20.385742
20484,0.225342,0.038086,0.991455,-1.159668,-3.051758,-16.479492
20494,0.203613,-0.209351,0.810547,-0.854492,-5.798340,-11.108398
20503,0.144653,-0.222290,0.924438,-0.610352,-7.873535,-8.972168
20516,0.003418,-0.133423,1.115234,-1.525879,-4.882812,-7.568359
20526,-0.020752,-0.051025,1.098511,-2.197266,-10.681152,-8.239746
20536,-0.002930,-0.128540,0.970215,-0.610352,-7.080078,-9.216309
20545,-0.038330,-0.193237,0.850830,-0.366211,-5.126953,-7.690430
20555,-0.003662,-0.189453,0.959717,-1.586914,-9.765625,-6.713867
20565,0.064453,-0.106689,0.962891,-0.976562,-7.141113,-5.737305
20574,0.056152,-0.140747,0.994995,-0.854492,-1.220703,-2.441406
20584,0.072021,-0.113281,1.033081,-0.854492,-1.953125,-0.549316
20594,0.100952,-0.234009,0.939819,-1.220703,-3.784180,0.793457
20605,0.033691,-0.236084,0.994263,-1.220703,-7.507324,-0.488281
20614,0.052734,-0.203247,0.984131,-0.366211,-7.080078,-2.441406
20623,0.010498,-0.183350,1.017700,-0.610352,-7.751465,-3.662109
20633,0.017212,-0.140625,1.038696,-1.220703,-8.850098,-5.065918
20644,0.025635,-0.199829,0.977661,-0.549316,-8.056641,-6.164551
20654,-0.014404,-0.200684,1.003540,-0.427246,-6.103516,-6.469727
20664,-0.002319,-0.177734,0.964355,-0.122070,-3.417969,-6.103516
20674,-0.051514,-0.142212,1.026733,-0.061035,-3.112793,-5.859375
20683,-0.038452,-0.184570,0.996704,0.305176,-2.380371,-6.103516
20694,-0.028198,-0.251587,1.004272,0.000000,-4.333496,-6.225586
20704,0.002075,-0.219116,0.954956,0.427246,-1.220703,-6.896973
20713,0.035034,-0.224854,0.946167,0.793457,0.671387,-7.507324
20725,0.045654,-0.192017,1.024170,-0.854492,-2.441406,-7.812500
20735,0.045166,-0.200195,1.036987,-1.098633,-7.324219,-8.728027
20744,0.057739,-0.171875,0.976074,-0.366211,-3.601074,-9.765625
20754,0.047363,-0.124146,0.973999,-0.427246,-4.211426,-10.192871
20763,0.085327,-0.137695,0.983154,-0.122070,-3.967285,-11.047363
20774,0.088379,-0.194214,0.962402,-0.061035,-3.234863,-11.596680
20784,0.081665,-0.182739,0.934326,-0.671387,-6.408691,-13.122559
20793,0.061157,-0.131592,0.994019,-0.915527,-3.356934,-13.732910
20803,0.056763,-0.078979,1.028564,-0.488281,-3.662109,-15.380859
20814,0.059814,-0.219849,0.995239,-0.366211,-5.798340,-15.930176
20824,0.080933,-0.198364,0.997314,-0.976562,-4.516602,-15.747070
20833,0.059204,-0.091064,1.009644,-1.037598,-3.295898,-15.380859
20844,0.049561,-0.119019,0.989624,-0.976562,-5.676270,-14.465332
20854,0.054565,-0.200195,1.004150,-0.122070,-3.173828,-14.160156
20863,0.019775,-0.259766,0.943848,-0.488281,-5.798340,-13.854980
20875,-0.004883,-0.159058,0.963135,-1.159668,-4.638672,-12.145996
20885,0.005981,-0.195068,0.979858,-1.098633,-3.662109,-10.925293
20894,-0.031372,-0.191284,0.977051,-0.793457,-3.479004,-9.765625
20904,-0.019409,-0.150024,0.964111,-0.976562,-2.807617,-7.690430
20914,-0.067017,-0.132935,1.003540,-0.915527,-2.136230,-5.798340
20924,-0.047607,-0.172119,0.991943,-0.488281,-0.976562,-3.540039
20934,-0.064331,-0.184448,1.004272,-0.915527,1.281738,1.586914
20944,-0.099976,-0.150513,0.967773,-2.136230,-2.624512,3.662109
20954,-0.104248,-0.202759,0.966553,-1.708984,-2.502441,4.821777
20963,-0.094360,-0.221924,1.004883,-2.075195,-2.014160,6.835937
20974,-0.097168,-0.172729,0.996704,-2.258301,0.366211,8.850098
20984,-0.100708,-0.140869,1.002319,-2.258301,1.953125,10.253906
20994,-0.076050,-0.195679,0.973877,-1.953125,5.065918,11.535645
21006,-0.025391,-0.219727,0.977173,-1.953125,2.075195,14.160156
21016,-0.002808,-0.219238,0.986084,-1.953125,0.549316,15.075684
21026,-0.000610,-0.255737,0.986816,-1.464844,0.549316,15.991211
21036,0.004517,-0.252075,1.008911,-0.915527,2.807617,16.845703
21045,-0.008057,-0.221924,1.009277,-0.305176,5.126953,17.883301
21055,0.010254,-0.227173,0.999146,0.366211,7.629395,18.615723
21064,-0.001709,-0.268799,1.009277,0.671387,9.277344,19.165039
21074,-0.010376,-0.298828,0.988647,-0.305176,5.859375,18.615723
21085,0.016479,-0.263062,0.961304,0.183105,5.615234,17.761230
21095,0.059204,-0.227661,1.009399,-0.366211,6.286621,17.944336
21104,0.081055,-0.229736,0.978882,-0.549316,1.525879,17.272949
21114,0.089966,-0.217285,0.975220,0.122070,6.225586,16.967773
21124,0.101563,-0.232910,0.984985,-0.305176,7.141113,17.089844
21135,0.095825,-0.240112,0.991821,-1.342773,1.342773,16.723633
21144,0.093872,-0.158203,1.001343,-0.366211,5.065918,15.869141
21155,0.104370,-0.226074,0.996948,-1.098633,-0.976562,15.747070
21165,0.108154,-0.183350,0.989868,-0.183105,1.647949,15.502930
21174,0.109253,-0.262817,0.983032,-0.488281,2.319336,16.357422
21184,0.066162,-0.272949,0.980835,-0.122070,1.403809,16.235352
21194,0.035034,-0.245728,0.943604,-0.793457,0.000000,16.479492
21204,0.011353,-0.309204,0.975830,-0.488281,0.610352,16.845703
21216,-0.007568,-0.249756,1.037476,-0.488281,1.220703,16.113281
21226,0.020386,-0.258789,1.098999,-0.366211,0.488281,16.113281
21235,0.024658,-0.202148,1.162720,0.488281,0.915527,16.052246
21245,0.019531,-0.186157,1.171387,1.464844,0.366211,16.479492
21254,0.003662,-0.332642,1.092896,2.258301,-2.014160,17.028809
21265,0.004272,-0.357300,1.067871,3.601074,0.427246,17.150879
21274,-0.023926,-0.334229,1.012207,3.845215,-0.244141,16.967773
21285,-0.031494,-0.400391,0.876099,3.295898,0.305176,17.211914
21295,0.047485,-0.433472,0.845581,2.990723,-1.037598,16.357422
21304,0.049927,-0.420410,0.824707,2.746582,-0.427246,15.258789
21314,0.093750,-0.381592,0.840698,1.770020,-4.272461,13.977051
21325,0.135864,-0.356445,0.910156,2.014160,0.122070,13.854980
21334,0.138672,-0.372192,0.912720,1.098633,-4.638672,13.427734
21346,0.124390,-0.362549,0.898682,-0.244141,-5.249023,13.122559
21355,0.097656,-0.249023,0.886719,-0.427246,-3.967285,12.329102
21366,0.096313,-0.263062,0.891846,-0.732422,-4.455566,11.474609
21375,0.089600,-0.253418,0.915771,-0.976562,-4.943848,10.314941
21385,0.078003,-0.248291,0.944702,-1.220703,-6.225586,9.338379
21394,0.042358,-0.237915,0.976196,-1.831055,-7.446289,8.056641
21404,0.047974,-0.307617,0.951660,-1.281738,-6.591797,6.835937
21415,0.056885,-0.292725,0.968628,-1.037598,-6.652832,5.737305
21424,0.056519,-0.276855,1.030884,-0.915527,-6.896973,3.234863
21434,0.048828,-0.282715,1.025879,-0.854492,-6.530762,1.708984
21445,0.070190,-0.351440,0.979980,-1.159668,-9.460449,0.122070
21454,0.035767,-0.320068,0.969971,-0.793457,-6.652832,-1.831055
21464,0.033203,-0.330322,0.960937,-1.159668,-9.277344,-4.089355
21475,0.044312,-0.321777,0.932983,-1.403809,-8.789063,-6.530762
21484,0.062744,-0.305664,0.938965,-1.708984,-9.826660,-8.361816
21494,0.109375,-0.299927,0.986328,-1.586914,-10.253906,-12.878418
21506,0.178467,-0.298706,0.963257,-1.647949,-10.742188,-14.343262
21515,0.171021,-0.321655,0.974243,-1.403809,-10.925293,-15.563965
21525,0.135620,-0.331299,0.981445,-1.281738,-11.047363,-16.906738
21535,0.086548,-0.339355,0.968262,-1.464844,-11.169434,-18.127441
21544,0.050293,-0.281860,0.919922,-2.075195,-11.901855,-19.409180
21554,0.021973,-0.254395,0.943481,-2.258301,-11.718750,-20.996094
21566,0.018433,-0.281250,1.006226,-2.197266,-12.756348,-23.620605
21575,0.062378,-0.225098,1.050415,-1.831055,-10.314941,-24.536133
21585,0.062256,-0.213867,1.087280,-1.770020,-10.498047,-24.230957
21595,0.128662,-0.194458,1.047241,-1.770020,-9.399414,-23.559570
21604,0.125854,-0.216919,1.038818,-1.281738,-8.605957,-23.132324
21615,0.098267,-0.192871,0.969604,-1.525879,-10.742188,-22.460937
21625,0.023560,-0.185181,0.916626,-1.220703,-9.399414,-22.399902
21634,-0.002441,-0.145142,0.882324,-1.708984,-11.474609,-22.033691
21645,-0.009277,-0.104492,0.976440,-0.854492,-6.713867,-21.911621
21654,0.008789,0.045288,1.071899,-1.281738,-4.638672,-20.751953
21665,0.000488,0.081909,1.087524,-1.953125,-8.361816,-18.859863
21675,-0.014648,0.143921,1.061279,-1.770020,-11.474609,-16.784668
21684,-0.038208,0.125854,1.062256,-0.915527,-5.493164,-13.488770
21695,-0.128662,0.139893,1.079834,-1.770020,-6.042480,-9.521484
21704,-0.211304,0.087402,1.047363,-2.624512,-2.624512,-4.821777
21716,-0.268188,0.127197,1.000244,-2.441406,-0.976562,-3.356934
21725,-0.239746,0.125366,0.992432,-2.624512,0.976562,-1.464844
21734,-0.179565,0.089600,0.995361,-1.831055,2.807617,-0.183105
21745,-0.120728,0.085571,1.035034,-1.953125,2.380371,1.342773
21754,-0.068604,0.112671,1.042480,-1.892090,4.089355,2.685547
21767,-0.064575,0.125000,1.040527,-1.892090,4.028320,5.187988
21777,-0.080078,0.105103,1.041992,-2.685547,2.136230,6.591797
21786,-0.090820,0.090454,1.010986,-2.929688,5.187988,7.812500
21796,-0.115967,0.032349,0.972168,-3.723145,0.610352,8.361816
21805,-0.021240,0.083130,0.965820,-2.929688,5.187988,9.277344
21814,-0.018188,0.034302,0.973022,-3.540039,5.371094,10.925293
21825,-0.045776,-0.016235,0.950195,-3.356934,0.549316,10.986328
21834,-0.058350,0.025757,0.860229,-2.685547,4.638672,11.901855
21846,-0.051147,-0.212158,0.903442,-2.807617,6.286621,12.756348
21855,-0.061523,-0.254150,0.990112,-2.197266,6.408691,13.061523
21865,-0.165894,-0.272095,1.020630,-2.441406,3.723145,10.986328
21874,-0.308960,-0.230347,1.027954,-2.502441,2.746582,8.789063
21885,-0.315552,-0.245728,1.018921,-2.014160,1.281738,5.981445
21894,-0.234741,-0.341797,0.936768,-1.281738,2.319336,3.234863
21906,-0.140747,-0.281738,0.919922,-1.647949,4.089355,2.319336
21916,0.035522,-0.215332,0.943848,-1.342773,7.080078,3.295898
21925,0.012207,-0.287842,0.932617,-1.464844,6.958008,4.882812
21934,0.052612,-0.289917,0.964722,-1.098633,10.375977,6.408691
21945,0.071289,-0.221924,1.018311,-0.488281,12.512207,7.873535
21954,0.023926,-0.240723,1.048340,-0.244141,11.962891,9.033203
21965,-0.004150,-0.270020,1.054443,-0.061035,9.216309,9.033203
21975,-0.004395,-0.294556,1.054932,-0.427246,3.051758,10.070801
21986,0.015503,-0.338135,0.928833,-1.281738,5.798340,11.291504
21996,0.054199,-0.361938,0.918823,-0.305176,10.009766,11.596680
22005,0.027344,-0.422852,0.914917,0.000000,10.131836,12.023926
22015,0.087036,-0.452515,0.894409,0.000000,7.873535,11.901855
22025,0.091553,-0.453613,0.935913,-0.854492,3.906250,11.657715
22035,0.142090,-0.388672,0.964600,-1.464844,5.310059,11.291504
22044,0.138794,-0.367554,0.978638,-2.563477,0.305176,9.887695
22056,0.090088,-0.400024,1.025391,-1.464844,0.671387,4.760742
22065,0.047119,-0.427124,1.002686,-0.732422,-0.671387,0.305176
22075,-0.030273,-0.469238,1.005005,-0.732422,0.671387,-2.685547
22085,-0.033569,-0.443115,0.965210,-1.586914,-2.929688,-5.554199
22094,-0.037842,-0.417358,0.919067,-1.953125,-5.920410,-8.972168
22104,0.023926,-0.315063,0.911743,-1.159668,-0.854492,-11.779785
22116,0.059814,-0.356812,0.901123,-1.770020,-2.746582,-15.075684
22126,0.074951,-0.282349,0.981689,-1.159668,-4.577637,-16.967773
22136,0.056763,-0.345337,0.976074,-0.793457,-0.122070,-16.479492
22145,0.006714,-0.235107,0.959229,-2.075195,-3.234863,-15.441895
22155,-0.022949,-0.208862,0.957642,-1.953125,-3.784180,-14.953613
22164,-0.036987,-0.243896,0.992310,-1.586914,-0.122070,-13.366699
22175,-0.038452,-0.382690,0.989868,-1.464844,0.427246,-12.084961
22185,-0.040283,-0.406982,1.002319,-1.953125,-13.488770,-9.033203
22195,-0.045288,-0.287109,1.028931,-1.464844,4.638672,-8.483887
22204,0.032104,-0.215942,0.942017,-2.319336,4.272461,-7.324219
22215,0.066650,-0.304688,0.962769,-2.319336,1.342773,-6.835937
22225,0.029785,-0.430664,0.932007,-2.319336,2.319336,-6.286621
22236,0.069824,-0.402466,0.947876,-1.892090,3.417969,-6.103516
22245,0.039917,-0.364258,0.917358,-2.441406,1.464844,-5.371094
22257,0.007813,-0.333008,0.962769,-2.258301,2.197266,-5.737305
22267,-0.015015,-0.366699,0.971313,-2.136230,-0.793457,-6.408691
22277,-0.000244,-0.399780,0.905396,-1.464844,5.004883,-7.141113
22286,0.030029,-0.366211,0.933472,-3.112793,2.502441,-7.507324
22296,0.046997,-0.325317,0.927856,-3.845215,-1.403809,-8.972168
22306,0.084595,-0.276367,1.013306,-3.173828,3.662109,-10.070801
22315,0.087402,-0.259644,1.070923,-3.845215,-0.915527,-9.826660
22324,0.050537,-0.232300,1.065186,-2.258301,0.549316,-10.559082
22336,0.029175,-0.300781,0.955322,-2.441406,0.061035,-10.620117
22346,0.116211,-0.304443,0.969849,-2.624512,-3.112793,-11.901855
22355,0.150269,-0.399292,0.978882,-2.136230,-0.427246,-13.610840
22365,0.161987,-0.375366,0.945435,-2.319336,2.075195,-14.221191
22376,0.159302,-0.286621,0.948120,-3.234863,-5.004883,-15.014648
22385,0.178589,-0.310059,0.909912,-2.563477,-4.150391,-15.441895
22395,0.227905,-0.299683,0.954224,-2.258301,2.136230,-13.366699
22405,0.233887,-0.179687,0.900513,-3.051758,-2.868652,-12.084961
22416,0.189331,-0.207886,0.908203,-3.295898,-7.080078,-11.657715
22425,0.189941,-0.128052,0.942261,-3.234863,-6.164551,-10.742188
22436,0.149414,-0.122803,0.985229,-2.075195,0.183105,-10.498047
22445,0.125000,-0.114380,1.019043,-0.915527,0.671387,-10.742188
22455,0.063477,-0.060059,1.077393,-1.342773,-4.333496,-10.681152
22467,0.047363,-0.044556,1.166382,-1.525879,-5.676270,-9.216309
22477,0.015991,-0.063354,1.175781,-1.037598,-4.943848,-9.399414
22487,0.013184,-0.087280,1.031128,-0.305176,-5.554199,-10.192871
22496,0.010620,-0.076050,0.986938,-0.366211,-5.615234,-10.864258
22506,0.048340,-0.073608,1.000244,-0.366211,-1.281738,-11.352539
22516,0.075928,-0.095825,1.016235,0.305176,1.037598,-12.268066
22525,0.094482,-0.108765,0.953735,-0.610352,-1.281738,-11.657715
22538,0.138916,-0.112793,0.919922,-2.929688,-5.249023,-8.972168
22547,0.206055,-0.018677,1.092041,-3.479004,-2.075195,-7.263184
22557,0.211304,0.026123,1.061523,-2.563477,0.305176,-6.103516
22566,0.162842,-0.036743,0.955444,-2.258301,-0.488281,-4.638672
22575,0.133301,-0.064697,0.952515,-3.234863,-1.159668,-2.319336
22586,0.140259,-0.066040,0.967285,-3.479004,-4.882812,-1.464844
22595,0.158813,-0.072144,1.038696,-3.723145,-2.380371,-0.915527
22605,0.169067,-0.016724,1.023438,-4.272461,-3.662109,-2.990723
22615,0.163574,0.041748,0.995850,-4.089355,-8.239746,-3.906250
22625,0.251709,0.031738,1.081421,-2.868652,-6.164551,-4.577637
22636,0.190063,-0.018066,1.030273,-3.173828,-8.117676,-3.845215
22645,0.162231,-0.135620,1.015137,-2.502441,-6.652832,-3.784180
22656,0.119751,-0.086914,1.002319,-3.417969,-8.483887,-2.990723
22665,0.078003,-0.108521,1.020142,-3.601074,-10.620117,-3.906250
22675,0.027222,-0.204590,0.984375,-2.624512,-6.591797,-7.629395
22685,-0.032959,-0.142456,1.008667,-1.892090,-6.896973,-10.559082
22696,-0.102051,-0.302979,0.925903,-1.647949,-7.446289,-13.732910
22705,-0.103638,-0.252563,0.982788,-1.953125,-9.826660,-16.662598
22715,-0.126587,-0.199951,0.930420,-1.037598,-5.981445,-18.798828
22725,-0.096802,-0.280273,0.971191,-1.525879,-6.652832,-19.531250
22735,-0.085815,-0.345825,0.971436,-0.976562,-10.070801,-20.507812
22745,-0.061890,-0.285034,0.915161,-0.671387,-7.202148,-20.141602
22755,-0.069214,-0.299927,0.899292,-0.793457,-7.019043,-18.920898
22765,-0.018555,-0.270508,0.997437,0.061035,-4.089355,-17.395020
22775,-0.019165,-0.233765,0.942261,-0.183105,-4.577637,-14.587402
22785,-0.030151,-0.275269,0.925415,0.488281,-5.126953,-12.634277
22795,-0.094116,-0.274902,0.994141,1.220703,0.427246,-9.216309
22805,-0.091553,-0.310669,1.017456,0.915527,-2.929688,-6.164551
22818,-0.091797,-0.300659,0.976685,0.610352,4.638672,1.403809
22827,-0.138672,-0.181885,1.000244,-0.732422,1.708984,5.615234
22837,-0.121216,-0.261963,0.913452,-1.220703,-1.098633,9.765625
22847,-0.145996,-0.251465,0.901978,-0.610352,2.014160,13.793945
22856,-0.191528,-0.388428,0.853882,0.549316,8.972168,18.737793
22866,-0.262817,-0.269897,0.953003,0.671387,11.169434,23.010254
22875,-0.295776,-0.412842,0.954102,-0.305176,11.352539,27.648926
22885,-0.292725,-0.278687,1.036621,-1.098633,12.207031,33.813477
22895,-0.248047,-0.396484,1.018921,-1.586914,11.535645,36.621094
22905,-0.249268,-0.371216,1.016846,-1.403809,6.286621,37.841797
22915,-0.301147,-0.386230,0.972046,-0.183105,6.713867,38.208008
22925,-0.329956,-0.290283,1.071533,1.098633,10.925293,38.574219
22935,-0.357544,-0.587524,0.866333,1.464844,13.977051,39.123535
22945,-0.327515,-0.349976,0.990723,0.244141,9.155273,38.513184
22955,-0.304565,-0.422485,0.903442,1.281738,10.253906,35.827637
22967,-0.321289,-0.239990,1.024780,1.159668,7.385254,33.874512
22976,-0.302734,-0.496094,1.008423,1.892090,13.183594,32.409668
22986,-0.216919,-0.256958,1.108032,0.793457,9.582520,30.944824
22995,-0.172974,-0.134399,1.162231,1.831055,10.498047,27.893066
23005,-0.217407,-0.345459,1.028931,2.197266,12.512207,25.878906
23015,-0.090820,-0.126099,1.090698,1.220703,7.873535,23.986816
23027,0.053467,-0.013672,1.038940,1.098633,2.319336,21.606445
23036,0.098145,-0.035522,1.076660,0.915527,5.249023,17.211914
23045,0.124878,0.034424,1.083740,-0.122070,7.324219,17.089844
23056,0.113525,0.162231,1.056519,-1.281738,3.234863,16.784668
23065,0.107178,0.028809,1.055054,-0.610352,1.464844,15.808105
23075,0.053589,-0.168823,0.990723,-0.183105,0.244141,14.465332
23085,0.058716,-0.146729,1.032593,-0.305176,0.732422,12.268066
23097,-0.137573,-0.181763,0.857910,-1.586914,-4.150391,3.112793
23107,-0.193359,0.131836,0.909546,-1.586914,-5.432129,-3.173828
23117,-0.238281,-0.110352,0.642334,-0.915527,-4.272461,-8.789063
23127,-0.280273,0.131592,0.674683,-0.671387,-2.075195,-13.671875
23137,-0.205200,0.103271,0.764282,-0.610352,-0.549316,-16.845703
23146,-0.078491,0.099976,0.987549,-0.671387,3.540039,-18.066406
23155,0.098999,0.188721,1.263184,-0.366211,5.615234,-18.249512
23165,-0.020508,0.007324,1.229370,0.671387,6.225586,-18.371582
23177,-0.064575,-0.092285,1.029663,1.220703,7.812500,-17.761230
23186,-0.108887,-0.207886,0.724731,0.915527,5.798340,-16.967773
23196,-0.092651,-0.136963,0.697388,0.427246,9.887695,-15.686035
23206,-0.014526,-0.156128,0.647095,-1.525879,12.145996,-12.939453
23215,0.046265,-0.122192,0.837891,-3.723145,8.850098,-10.192871
23226,0.126953,-0.005615,1.102539,-4.699707,7.324219,-8.483887
23235,0.149780,-0.144531,1.165283,-4.272461,3.784180,-6.530762
23247,0.171265,-0.029175,1.214478,-4.272461,3.173828,-4.943848
23256,0.187378,-0.039307,1.125000,-4.211426,5.737305,-2.685547
23265,0.134521,-0.160156,0.926025,-3.784180,2.380371,-0.976562
23275,0.149414,0.007202,0.954712,-3.295898,2.136230,0.976562
23285,0.088379,-0.255859,0.864868,-3.295898,2.380371,2.868652
23295,0.089478,0.060913,1.027100,-3.906250,2.868652,4.394531
23307,0.150391,-0.061768,1.039917,-2.807617,7.690430,7.385254
23317,0.144653,0.059204,1.043823,-2.502441,9.094238,8.850098
23326,0.094971,-0.057861,0.991333,-3.051758,9.338379,10.681152
23335,0.104248,0.017700,1.057251,-3.601074,8.789063,11.901855
23345,0.082642,0.019653,1.010498,-4.150391,4.577637,12.756348
23355,0.013916,0.110596,1.163574,-4.699707,-0.427246,12.207031
23365,-0.007568,-0.044922,0.970703,-4.150391,0.915527,11.474609
23377,-0.041626,-0.119019,0.895508,-3.784180,7.507324,11.535645
23387,-0.070312,-0.057373,0.852661,-3.417969,8.300781,10.681152
23396,-0.059570,-0.050049,0.949219,-4.028320,8.117676,10.314941
23406,-0.052124,-0.088623,0.951538,-3.784180,7.751465,8.422852
23415,-0.061523,-0.109619,0.942261,-3.601074,7.446289,6.652832
23425,-0.070190,-0.174683,1.004395,-3.051758,6.164551,4.211426
23436,-0.084351,-0.209351,0.945068,-3.051758,2.929688,1.647949
23445,-0.054321,-0.170410,0.968628,-3.540039,-2.441406,-1.770020
23455,-0.030396,-0.266113,0.990234,-3.356934,-2.319336,-2.807617
23466,0.031860,-0.312622,0.927612,-3.906250,-1.708984,-3.051758
23475,0.136597,-0.124512,1.060669,-3.662109,3.356934,-3.479004
23486,0.163818,-0.279663,0.948120,-2.685547,6.530762,-4.272461
23495,0.167847,-0.156616,1.077271,-3.112793,5.493164,-4.455566
23505,0.177856,-0.174072,1.066528,-3.662109,2.929688,-4.638672
23515,0.159424,-0.192871,0.905151,-2.990723,-2.746582,-5.737305
23527,0.164307,-0.268188,0.870117,-2.319336,-2.685547,-5.676270
23536,0.174805,-0.034058,1.049438,-1.831055,-3.540039,-5.798340
23546,0.140869,-0.336304,1.003662,-1.159668,-5.065918,-5.920410
23555,0.112793,-0.229858,0.958496,-1.220703,-4.150391,-5.798340
23566,0.097046,-0.207397,1.069214,-1.586914,-3.601074,-5.615234
23575,0.071045,-0.392212,0.974731,-2.441406,-1.403809,-5.187988
23585,0.031250,0.042114,1.125244,-2.624512,3.540039,-4.211426
23596,0.027466,-0.238281,0.956299,-0.976562,3.967285,-3.601074
23606,0.039307,-0.204712,0.948242,-0.427246,4.516602,-2.624512
23615,0.060059,-0.343262,0.848267,-1.220703,5.249023,-0.854492
23625,0.051147,-0.119629,0.971191,-2.075195,5.859375,0.854492
23635,0.098145,-0.158691,1.077881,-2.136230,5.432129,2.807617
23646,0.057617,-0.178833,1.084595,-2.685547,0.976562,5.065918
23655,0.042603,-0.188354,1.061646,-1.464844,2.319336,8.117676
23666,-0.019775,-0.239258,1.025513,-1.464844,2.624512,9.765625
23676,0.046631,-0.255981,1.067871,-1.037598,1.953125,9.826660
23685,0.019775,-0.363770,0.932007,-1.892090,-3.234863,10.192871
23696,0.079346,-0.135254,1.008423,-2.075195,-3.417969,10.314941
23705,0.085693,-0.113037,1.049194,-1.525879,1.220703,10.314941
23716,0.134766,-0.339233,0.996216,-1.220703,0.000000,10.070801
23725,0.166626,-0.140015,0.986816,-0.671387,-5.432129,9.155273
23735,0.112915,-0.049316,0.892334,1.586914,-6.835937,8.544922
23745,0.004395,-0.161377,0.847412,2.990723,-3.295898,8.300781
23756,0.104980,-0.010742,0.948730,4.089355,0.854492,8.544922
23765,0.025757,-0.156616,0.973755,3.845215,1.098633,9.216309
23775,0.067749,-0.224609,0.958740,3.173828,-1.342773,9.094238
23786,-0.015137,-0.003540,1.005005,2.868652,-2.258301,8.666992
23795,0.047729,0.033813,1.085449,2.014160,-8.056641,7.507324
23807,0.090576,0.001343,1.047119,2.319336,-4.272461,6.713867
23816,0.096069,0.182007,1.150024,2.380371,-1.037598,6.652832
23825,0.064453,-0.100220,1.101196,2.136230,-0.427246,7.202148
23836,-0.012695,-0.193726,1.025879,1.342773,-1.098633,6.958008
23845,-0.013794,0.148926,1.079712,0.244141,-3.906250,7.202148
23855,0.027222,0.041870,1.091064,-0.305176,-7.568359,7.324219
23865,-0.031738,-0.305542,0.898682,-0.366211,-7.019043,6.286621
23877,0.011841,-0.117065,0.993164,-0.183105,-1.770020,5.920410
23886,0.046387,-0.130615,0.955444,-1.770020,-7.202148,5.065918
23896,0.060913,0.015747,1.059326,-2.929688,-7.019043,4.760742
23905,0.096436,-0.144653,1.058350,-2.441406,-3.845215,3.417969
23915,-0.021118,-0.238159,0.941895,-1.953125,-7.385254,1.708984
23926,-0.088989,0.015381,0.969360,-2.075195,-7.690430,1.953125
23935,-0.095093,-0.179443,0.861694,-2.502441,-9.460449,0.305176
23945,0.047729,-0.130371,0.956787,-3.723145,-10.742188,-0.305176
23956,-0.055542,-0.146973,0.915405,-3.356934,-12.023926,-1.464844
23965,-0.055542,-0.139648,0.989014,-2.258301,-10.559082,-2.380371
23975,0.007568,-0.263672,1.014893,-1.220703,-7.080078,-2.319336
23986,0.033936,-0.401855,0.933105,-0.915527,-5.859375,-2.685547
23996,0.046143,-0.123413,1.010254,-0.732422,-2.624512,-2.929688
24005,0.001831,0.033203,1.150024,-0.488281,-0.793457,-1.525879
24017,-0.114868,-0.318115,0.852173,-0.671387,-3.234863,-0.305176
24027,-0.102905,-0.120605,0.935669,-1.159668,-6.286621,0.122070
24036,-0.104980,-0.439819,0.773560,-1.708984,-7.629395,0.061035
24046,-0.081421,-0.364258,0.789917,-2.624512,-6.958008,-0.976562
24056,-0.086792,-0.013916,1.003052,-2.624512,-4.333496,-1.586914
24066,-0.158569,-0.050659,1.018188,-2.075195,0.183105,-0.854492
24078,-0.149414,-0.049316,1.037354,-1.464844,3.112793,-0.122070
24087,-0.133667,-0.162109,0.991699,-1.953125,3.601074,0.671387
24097,-0.158691,-0.206299,1.007935,-2.807617,5.859375,2.014160
24106,-0.090088,0.094238,1.100952,-4.150391,5.065918,3.417969
24116,-0.101074,0.016357,1.068359,-4.577637,1.708984,4.150391
24126,-0.095337,-0.190063,1.056763,-4.150391,2.563477,4.211426
24135,-0.034180,-0.057739,1.061401,-4.333496,3.234863,4.211426
24145,0.002075,0.204224,1.087280,-4.821777,-1.159668,3.723145
24157,-0.091675,-0.089966,0.922729,-4.882812,-1.464844,4.333496
24166,-0.038452,0.126343,0.991821,-4.943848,-1.098633,5.554199
24176,-0.047241,0.084351,0.990356,-4.089355,2.624512,7.324219
24185,-0.032837,-0.159912,0.881836,-3.601074,4.211426,8.422852
24195,-0.069824,0.039917,1.009033,-3.784180,2.624512,9.399414
24206,-0.054321,0.067261,1.070557,-4.028320,0.244141,10.375977
24215,-0.110596,-0.058716,1.016479,-3.051758,-0.183105,11.718750
24225,-0.068848,0.014282,1.056641,-1.159668,2.075195,11.718750
24236,-0.136230,-0.403564,0.884277,0.183105,3.540039,11.596680
24246,-0.137573,-0.236450,0.943970,0.427246,5.981445,10.925293
24255,-0.057739,-0.122681,1.034546,0.549316,6.835937,10.009766
24266,-0.119141,-0.387939,0.789062,0.671387,3.784180,8.300781
24275,-0.008423,-0.302979,0.892456,0.366211,-0.488281,6.774902
24287,0.080933,-0.435059,0.676147,-15.625000,-0.610352,3.417969
24296,0.069214,-0.168823,0.895386,-2.380371,1.403809,1.220703
24306,0.079834,-0.093994,1.024780,-3.356934,1.098633,-0.915527
24315,-0.026123,-0.139526,1.045166,-2.868652,2.136230,-1.892090
24325,0.070435,0.083984,1.093872,-3.051758,-0.854492,-3.540039
24336,0.063965,-0.120361,1.205933,-2.563477,1.403809,-4.821777
24345,0.118286,-0.215698,1.076782,-1.647949,4.943848,-7.873535
24355,0.129028,-0.002441,1.130127,-0.732422,-1.037598,-13.854980
24367,0.118286,-0.282715,1.007446,1.220703,0.671387,-15.869141
24376,0.097046,-0.302856,0.955566,0.366211,-4.211426,-15.991211
24386,0.136963,0.042480,0.988281,0.854492,0.671387,-14.953613
24396,0.117554,-0.042114,1.063721,0.854492,-0.305176,-12.756348
24406,0.078613,-0.192993,0.873901,0.976562,1.953125,-10.070801
24415,0.045044,-0.125732,0.853882,0.976562,3.173828,-7.141113
24427,0.084229,-0.359009,0.949829,1.281738,5.249023,-4.211426
24436,0.058716,-0.234619,1.005493,-0.976562,5.554199,0.427246
24445,0.106323,0.047974,1.129028,-2.136230,0.000000,0.854492
24456,0.056030,-0.129517,1.150024,-2.441406,-2.624512,1.708984
24466,-0.015381,-0.116699,1.005615,-1.647949,-0.854492,1.464844
24475,-0.070679,-0.057861,1.032104,-0.732422,1.281738,0.915527
24485,-0.045410,-0.151245,0.979980,0.000000,3.662109,1.037598
24497,-0.011230,-0.246338,0.822021,-0.366211,7.934570,2.136230
24507,-0.012573,0.006958,0.948120,-0.793457,7.629395,2.685547
24516,-0.011475,-0.203003,0.955078,-2.319336,2.075195,3.417969
24526,-0.042358,-0.260132,0.963867,-3.479004,3.295898,4.760742
24535,-0.048706,-0.117798,1.076172,-3.173828,6.713867,4.516602
24545,0.010620,-0.001587,1.121460,-3.906250,0.854492,3.601074
24556,-0.052124,-0.173096,1.034180,-3.601074,3.479004,3.234863
24565,-0.052612,-0.071899,0.971924,-2.441406,2.014160,1.770020
24577,0.081055,-0.202759,0.908325,-1.037598,3.173828,1.525879
24586,0.083984,-0.220825,0.876709,-0.915527,3.601074,2.807617
24596,0.127441,-0.112183,0.897217,-0.549316,3.662109,4.516602
24605,0.186035,-0.190063,0.878296,-0.488281,3.540039,6.408691
24616,0.143921,-0.378418,0.896851,-1.403809,2.014160,8.728027
24625,0.084473,-0.226196,0.981812,-0.732422,6.530762,9.521484
24637,0.101318,-0.059692,1.030640,-1.342773,-1.586914,9.765625
24646,0.061279,-0.241089,0.922729,-2.258301,-2.258301,9.704590
24656,0.038208,-0.189209,0.920044,-1.770020,0.732422,9.155273
24665,0.080444,0.034058,1.004639,-2.014160,4.638672,10.131836
24676,0.025024,0.027954,1.047729,-3.173828,3.601074,12.329102
24686,-0.028564,-0.023193,1.081177,-3.417969,2.197266,14.099121
24696,-0.072998,0.033813,1.137207,-3.479004,0.305176,16.723633
24707,-0.113647,-0.127075,1.082764,-1.281738,1.831055,18.371582
24717,-0.117432,-0.220825,1.030396,0.610352,6.469727,18.249512
24726,-0.143188,-0.092651,1.006104,0.671387,4.577637,18.005371
24736,-0.115967,0.019165,1.005127,-0.549316,-1.342773,18.249512
24745,-0.084839,0.022339,1.020874,-1.098633,-1.892090,18.920898
24756,-0.088989,-0.161499,0.951538,-1.831055,-2.746582,19.042969
24765,-0.060669,-0.202515,0.913696,-2.563477,-2.929688,17.822266
24777,-0.025146,0.158325,1.172852,-3.662109,-1.770020,16.845703
24786,-0.067627,-0.008423,1.106323,-2.929688,1.770020,15.869141
24796,-0.038208,-0.211182,1.008911,-2.441406,-2.990723,14.831543
24806,-0.088501,-0.162354,0.964355,-1.586914,-3.784180,14.526367
24816,-0.014648,-0.010620,1.022217,-1.403809,-2.929688,15.014648
24825,0.053101,-0.099121,0.987671,-1.831055,-2.502441,15.258789
24837,0.062988,-0.223877,0.929932,-1.831055,-4.516602,15.136719
24846,0.088989,-0.087280,0.918579,-1.098633,-3.234863,14.526367
24856,0.095459,-0.242187,0.864746,-0.366211,0.549316,14.038086
24866,0.155884,-0.210815,0.864380,-0.793457,2.075195,13.671875
24875,0.166382,-0.208130,0.953735,-2.075195,-0.732422,13.549805
24886,0.141479,-0.118042,0.962036,-2.685547,-6.591797,12.207031
24896,0.062256,-0.191528,0.889404,-1.831055,-8.544922,10.253906
24905,0.047729,-0.232666,0.913574,-0.244141,-4.028320,7.934570
24917,0.158569,-0.072266,1.044067,-1.403809,-10.131836,4.394531
24926,0.061157,-0.109131,0.996826,-1.281738,-8.117676,3.295898
24936,0.129395,-0.160767,1.020386,0.366211,-4.638672,1.403809
24945,0.184937,-0.043457,1.039429,0.244141,-4.821777,0.610352
24956,0.167969,-0.112305,1.078491,-0.061035,-7.019043,-0.244141
24966,0.066406,-0.221436,1.044922,0.183105,-7.629395,-1.098633
24975,0.095093,-0.240601,0.994507,0.488281,-8.361816,-1.892090
24987,0.094971,0.027710,1.107056,0.122070,-13.061523,-4.150391
24997,0.114136,-0.092773,1.093628,0.549316,-10.681152,-4.394531
25006,0.025146,-0.158081,1.023560,0.854492,-8.300781,-4.760742
25015,-0.017944,-0.160522,0.979248,0.671387,-8.300781,-5.249023
25025,-0.046265,-0.117676,0.950317,0.366211,-9.582520,-5.859375
25036,-0.031128,-0.157837,0.928833,0.122070,-7.019043,-5.798340
25045,-0.077393,-0.216187,0.922974,-0.183105,-4.699707,-6.103516
25057,-0.060669,-0.087524,0.983032,-0.854492,-6.591797,-6.652832
25067,0.007690,-0.192749,0.978149,-3.417969,-11.291504,-6.286621
25076,-0.002319,-0.173096,1.027100,-4.028320,-9.582520,-5.126953
25086,0.035156,0.026611,1.092773,-3.540039,-5.432129,-3.662109
25095,0.005859,0.002319,1.116943,-3.295898,-7.507324,-3.051758
25106,-0.000854,-0.178955,1.034180,-1.892090,-4.577637,-3.173828
25116,-0.000610,-0.225830,0.971924,-1.708984,0.366211,-2.197266
25127,-0.042969,-0.113892,0.940430,-2.136230,-2.563477,-3.112793
25137,-0.068237,0.009277,1.049561,-2.380371,-7.263184,-4.882812
25147,-0.029175,-0.034912,1.084106,-1.342773,-8.605957,-6.835937
25156,-0.085205,-0.182861,0.952637,0.427246,-5.554199,-7.690430
25166,-0.044434,-0.113892,0.994995,1.159668,-3.601074,-8.178711
25176,-0.068970,-0.013184,1.010864,0.976562,-5.310059,-8.300781
25188,-0.021118,-0.154663,0.895996,1.159668,-1.159668,-7.019043
25198,0.034668,-0.163086,0.897949,0.915527,-2.929688,-6.347656
25208,0.016479,0.000488,0.972656,0.183105,-4.577637,-5.554199
25217,0.073730,-0.004761,1.024536,0.244141,-1.464844,-4.577637
25227,0.017578,-0.139771,0.967407,-0.183105,-2.319336,-3.662109
25236,-0.002197,-0.179687,0.945801,0.305176,1.586914,-2.990723
25246,-0.007813,-0.073975,0.974854,0.793457,4.211426,-2.624512
25255,0.018921,-0.028442,0.985596,0.549316,4.638672,-1.831055
25267,-0.010986,-0.282959,0.952271,0.488281,4.211426,-1.281738
25276,0.004028,-0.103760,1.025757,0.305176,4.089355,-0.793457
25286,-0.040161,0.089233,1.081787,0.122070,2.685547,-0.610352
25295,0.025391,0.039429,1.098145,-0.732422,-2.746582,-0.061035
25306,-0.050781,-0.164429,0.983398,-0.915527,-1.953125,1.098633
25316,-0.067627,-0.173584,0.918457,-0.122070,4.272461,1.647949
25328,0.003662,0.015625,0.977783,-0.671387,-0.183105,1.708984
25338,-0.111328,-0.151855,0.872559,-0.183105,3.967285,1.525879
25348,-0.073608,-0.141602,0.888428,-0.915527,-0.244141,1.159668
25357,-0.034668,-0.072266,0.929565,-1.770020,1.464844,1.770020
25367,-0.036499,-0.212891,0.901978,-1.892090,2.136230,1.708984
25376,-0.071289,-0.143921,0.933716,-2.441406,1.708984,1.586914
25386,-0.059448,0.068726,1.046753,-2.136230,5.249023,1.098633
25395,-0.007446,0.027710,1.116699,-2.136230,0.610352,0.122070
25407,0.015015,-0.296997,0.952026,-1.281738,2.380371,-1.098633
25417,0.009888,-0.135132,0.962036,-2.014160,1.281738,-0.671387
25426,0.118896,-0.020386,1.046265,-1.586914,2.563477,-1.159668
25436,0.040039,-0.164062,1.038452,-1.831055,1.464844,-1.098633
25445,0.091064,-0.240601,0.965088,-2.075195,1.159668,-0.671387
25456,0.066650,-0.196045,0.963623,-2.075195,1.647949,-0.122070
25466,0.102783,-0.114502,0.959106,-1.770020,2.014160,0.854492
25475,0.053711,-0.172241,0.953369,-2.441406,1.159668,1.708984
25486,0.049438,-0.121704,0.920166,-2.746582,0.854492,2.319336
25495,0.046387,-0.137695,0.950073,-3.112793,-0.671387,2.563477
25506,0.022583,-0.149414,0.947266,-4.455566,-1.586914,3.723145
25516,0.037720,-0.056763,1.036133,-3.723145,1.525879,3.784180
25526,0.005615,-0.014648,1.085693,-3.967285,-0.549316,4.516602
25538,-0.006104,-0.235352,1.008057,-2.563477,5.065918,4.882812
25548,-0.023926,-0.160156,1.055420,-2.197266,2.929688,4.882812
25557,-0.062988,0.011841,1.128662,-1.647949,2.746582,4.638672
25567,-0.058838,-0.013794,1.126587,-2.197266,-2.258301,4.333496
25577,-0.019409,-0.106934,1.020630,-2.258301,-2.441406,4.455566
25587,-0.007935,-0.139648,1.008301,-1.892090,3.051758,3.356934
25596,0.023926,-0.175293,1.005981,-2.075195,1.525879,2.014160
25606,0.031250,-0.105347,0.998535,-2.014160,-1.098633,0.366211
25616,0.125610,0.035156,0.994629,-1.647949,-1.525879,-0.488281
25626,0.086182,-0.361084,0.833252,-1.281738,-4.455566,-1.403809
25636,0.088013,-0.141235,0.903442,-1.281738,-3.112793,-2.502441
25647,0.130493,0.000244,0.955200,-0.976562,2.380371,-2.868652
25656,0.054687,-0.125610,0.947266,-1.708984,1.586914,-2.685547
25666,0.014893,-0.090454,0.935791,-2.258301,-3.723145,-3.173828
25679,0.012817,-0.050659,1.007935,-1.525879,-4.577637,-4.028320
25688,-0.008545,-0.237427,0.964966,-1.831055,-5.004883,-3.479004
25698,-0.043213,-0.208252,0.924316,-2.258301,-4.882812,-3.112793
25707,-0.003662,0.020630,0.964111,-2.929688,-2.441406,-2.502441
25717,-0.042725,-0.041626,0.986694,-2.380371,3.479004,-1.892090
25727,-0.041992,-0.279053,0.861450,-1.953125,5.859375,-2.014160
25737,-0.032104,-0.218872,0.888672,-2.990723,5.798340,-1.220703
25746,0.002075,0.002441,1.010132,-4.638672,-0.549316,-0.549316
25756,-0.013428,0.045532,1.076172,-4.333496,-2.136230,-0.366211
25767,-0.005737,-0.060181,1.063721,-3.417969,0.366211,0.122070
25776,0.016602,0.035156,1.112305,-2.014160,4.760742,0.610352
25786,0.041382,-0.029419,1.119019,-0.244141,6.042480,0.793457
25796,0.064331,-0.096802,1.078125,-0.183105,-0.122070,1.464844
25806,0.040283,-0.160400,1.069336,-0.366211,-0.610352,3.051758
25819,0.072876,-0.062256,1.040039,-0.122070,-0.244141,5.065918
25828,0.075684,-0.153809,0.983032,0.000000,3.967285,7.263184
25837,0.014771,-0.125854,0.973999,0.549316,6.896973,7.202148
25847,-0.013062,-0.102173,0.991333,0.366211,4.150391,7.690430
25856,0.024292,-0.021973,1.039307,-0.305176,0.671387,7.324219
25867,-0.013306,0.004395,0.992676,-1.892090,-3.112793,6.591797
25876,-0.007324,-0.153687,0.939453,-2.563477,-3.295898,7.263184
25886,-0.003906,-0.148437,0.945679,-1.525879,5.249023,8.666992
25898,-0.002441,-0.027832,0.974731,-0.671387,1.831055,9.094238
25907,-0.022461,-0.371826,0.916626,-0.793457,1.342773,10.437012
25916,0.011353,-0.231812,0.903198,-0.976562,3.662109,11.352539
25926,-0.029297,0.020264,1.004517,-1.220703,5.615234,12.329102
25937,-0.043457,-0.065552,1.008789,-2.014160,3.967285,13.183594
25946,-0.037720,-0.185303,0.932495,-2.502441,1.586914,13.854980
25956,-0.028687,-0.162720,0.973877,-2.319336,-1.708984,12.329102
25968,-0.050293,-0.262573,0.800537,-2.380371,3.173828,11.474609
25977,-0.000854,-0.185913,0.917480,-3.173828,5.554199,11.718750
25987,-0.023682,0.111206,1.102661,-4.394531,2.197266,11.230469
25996,-0.052856,-0.046631,1.171021,-3.601074,0.671387,10.131836
26007,-0.073730,-0.251099,1.068726,-2.075195,-2.319336,9.399414
26016,-0.037720,-0.321655,0.928589,-1.159668,-3.173828,8.422852
26026,-0.041870,-0.194824,0.900024,-1.892090,-0.366211,7.263184
26038,0.034180,-0.291748,0.845459,-1.831055,1.831055,7.080078
26047,0.067871,-0.265259,0.841309,-1.953125,2.685547,7.019043
26057,-0.039551,-0.041260,0.895264,-2.807617,-0.488281,7.690430
26067,-0.015747,-0.036133,0.976440,-3.356934,-2.990723,7.568359
26077,-0.097168,-0.107422,1.066406,-3.723145,-1.098633,7.995605
26086,-0.082031,-0.129883,1.043335,-4.333496,-1.953125,7.568359
26096,-0.124756,-0.221069,1.024048,-3.845215,-2.014160,6.042480
26108,-0.047241,-0.158325,1.017334,-3.662109,1.037598,4.821777
26117,-0.031494,-0.093506,1.049438,-4.089355,-2.380371,3.234863
26127,-0.035034,0.001587,1.114014,-4.089355,-3.479004,3.173828
26137,-0.002319,-0.021729,1.054565,-2.990723,-1.708984,3.051758
26146,0.064697,-0.027954,1.006226,-3.479004,-2.807617,2.319336
26157,0.009888,-0.097168,0.992798,-3.662109,-0.976562,2.136230
26166,0.082642,-0.128906,1.013306,-4.455566,3.356934,1.953125
26178,0.028198,0.135986,1.112061,-5.249023,-1.220703,1.403809
26187,-0.020996,0.097290,1.088257,-5.187988,-3.479004,0.854492
26197,0.065186,-0.018066,1.082642,-3.662109,2.502441,0.061035
26206,0.065063,-0.074341,1.075439,-1.953125,1.342773,-1.586914
26216,0.082397,-0.047363,1.033691,-2.380371,-4.760742,-2.380371
26227,0.081177,0.028687,0.964355,-1.708984,-1.220703,-2.319336
26236,0.077393,-0.186035,0.839355,-2.563477,0.061035,-0.915527
26246,0.145996,0.047974,0.994019,-3.051758,-2.014160,-0.305176
26257,0.028198,-0.006470,1.027832,-2.624512,-4.882812,-0.488281
26267,0.032227,-0.202148,1.004272,-1.586914,-3.173828,-0.732422
26276,-0.014404,-0.223389,0.957275,-0.244141,-1.281738,-2.014160
26286,-0.045044,-0.086914,0.943604,-0.610352,-4.333496,-3.356934
26296,-0.076172,-0.155884,0.964355,-0.061035,-1.342773,-4.394531
26308,0.044067,-0.195801,0.860352,0.122070,-2.563477,-4.150391
26322,-0.012207,-0.061401,0.839600,-0.244141,0.915527,-2.929688
26332,-0.065918,-0.041260,0.902466,-0.610352,0.122070,0.488281
26342,-0.099121,-0.026123,0.953857,-1.342773,1.708984,1.770020
26351,-0.122437,-0.071045,1.026489,-0.122070,6.652832,2.807617
26361,-0.092651,-0.104614,1.043701,0.183105,2.746582,2.624512
26371,-0.061768,-0.150146,0.979248,-0.915527,-1.098633,3.601074
26381,-0.018677,-0.129395,1.024902,-0.915527,2.746582,5.310059
26390,0.000488,-0.024414,1.102051,0.488281,6.774902,6.042480
26400,0.094116,0.117065,1.053223,0.488281,1.892090,6.958008
26409,0.099365,-0.079590,1.062500,1.098633,0.427246,8.361816
26418,0.063843,-0.307373,1.023804,1.403809,1.281738,9.033203
26428,0.142822,-0.185791,0.977661,1.281738,3.784180,9.704590
26438,0.117676,-0.030640,1.028809,-0.854492,-1.892090,11.413574
26447,0.115723,0.042236,0.960083,-0.427246,1.098633,11.718750
26458,0.052979,-0.270630,0.951050,0.305176,4.028320,10.925293
26467,0.039673,-0.137207,0.998047,0.061035,0.915527,9.948730
26476,0.013550,-0.157593,1.086792,-0.427246,-0.488281,9.277344
26487,-0.053345,-0.157715,1.020874,-0.427246,2.258301,9.094238
26496,-0.006714,-0.158813,0.981079,-0.488281,2.502441,8.728027
26507,-0.043945,-0.067017,1.001343,-0.549316,1.037598,7.690430
26516,-0.003662,-0.008789,1.054810,-1.586914,2.868652,6.652832
26528,0.082275,-0.176147,0.911011,-2.441406,1.037598,5.432129
26537,0.071533,-0.090332,0.962524,-2.502441,0.305176,4.150391
26546,0.150879,0.059570,1.019775,-1.831055,1.953125,2.502441
26557,0.265015,0.009033,1.044556,-1.525879,1.464844,0.732422
26566,0.214233,-0.132690,0.994019,-1.342773,-2.441406,-0.671387
26577,0.264404,-0.033691,1.025269,-2.319336,-8.544922,-1.525879
26586,0.167969,-0.003906,1.056885,-1.342773,-4.333496,-2.014160
26598,-0.089355,-0.073853,0.993774,-0.549316,-5.554199,-3.417969
26608,-0.109863,-0.154419,0.983887,-1.403809,-9.094238,-4.455566
26617,-0.114990,-0.105713,0.945312,-1.281738,-4.455566,-6.164551
26627,-0.007935,-0.168701,0.968140,-0.366211,-1.403809,-8.728027
26637,0.019775,-0.243042,1.012695,-0.793457,-7.507324,-11.169434
26648,0.105469,-0.185547,0.982056,-1.159668,-8.850098,-11.718750
26658,-0.053467,-0.517700,0.745361,-1.464844,-4.638672,-9.399414
26667,-0.091675,-0.930176,0.387207,-1.831055,0.976562,-7.995605
26677,-0.149048,-0.750000,0.789429,-3.417969,1.647949,-7.751465
26686,-0.233643,-0.477539,1.058960,-5.676270,-0.854492,-7.019043
26696,-0.160889,-1.092529,1.017334,-3.417969,5.615234,-5.859375
26707,-0.049072,-2.888550,-1.536133,-2.380371,1.770020,-2.441406
26716,0.143921,-1.372681,0.334229,-14.892578,-0.488281,2.319336
26728,-0.455322,0.416016,-0.664429,-29.846191,1.708984,2.868652
26737,-0.337036,1.498047,-0.247437,-53.955078,-2.197266,2.685547
26747,-0.461670,1.637573,1.148193,-47.180176,5.310059,5.493164
26756,-0.101929,0.590088,2.365601,-36.987305,8.911133,7.202148
26767,-0.241943,0.422241,2.923950,-36.376953,8.422852,5.310059
26777,-0.061035,1.163086,2.135132,-42.236328,5.859375,3.112793
26788,-0.215942,2.295654,1.838623,-31.433105,9.887695,15.014648
26798,-0.202881,1.407593,0.831909,-17.272949,11.047363,19.287109
26808,0.291382,0.857056,2.344849,-10.803223,11.413574,22.399902
26817,0.088989,-0.289917,1.559448,-8.605957,11.962891,23.376465
26827,0.445557,0.317749,0.897095,-14.465332,7.446289,22.949219
26836,0.485596,1.817505,1.008423,-18.127441,9.887695,23.498535
26847,0.211304,1.799683,0.831787,-12.084961,8.972168,27.038574
26858,-0.032104,0.617065,1.657715,8.911133,1.953125,34.423828
26867,-0.044556,-0.567017,1.790405,6.408691,2.990723,34.362793
26877,-0.243896,0.801758,1.752930,-6.103516,3.479004,30.456543
26887,-0.400757,1.039795,0.768433,-9.887695,2.380371,27.404785
26897,-0.419312,0.685913,0.026001,-3.234863,2.685547,26.062012
26906,-0.172607,0.323975,0.324707,3.845215,3.540039,24.291992
26917,-0.007568,0.696533,1.155884,2.136230,4.699707,21.789551
26926,-0.143188,1.117065,1.574341,-4.577637,2.868652,18.920898
26938,0.151855,0.882690,0.299561,-5.310059,4.211426,14.221191
26947,0.156860,0.828491,0.657959,-0.976562,4.821777,14.892578
26957,-0.039307,1.048340,1.261475,-3.112793,3.234863,15.441895
26966,-0.275391,1.009644,1.331787,-5.981445,2.929688,16.052246
26977,-0.139160,0.706787,0.849731,-5.981445,5.432129,17.578125
26986,-0.010620,0.552124,0.754150,-4.272461,8.789063,19.042969
26998,-0.058838,0.944336,1.202515,-5.737305,8.728027,18.554687
27007,-0.203247,0.303833,0.967163,-4.882812,7.568359,16.052246
27018,0.016846,0.315308,0.606812,-5.432129,7.202148,13.061523
27027,0.193359,0.991699,0.830566,-8.483887,6.652832,11.474609
27036,0.089600,1.022217,1.084961,-9.155273,5.737305,11.962891
27047,-0.043457,0.554199,1.139404,-7.568359,5.187988,12.207031
27057,0.063599,0.317139,1.074219,-7.385254,4.577637,10.681152
27068,0.217651,0.686890,0.986694,-10.314941,4.516602,9.399414
27077,0.237671,0.761108,1.057617,-8.056641,4.394531,10.742188
27088,0.281372,0.324707,1.050293,-4.882812,3.540039,10.803223
27097,0.310425,0.232422,1.030151,-4.821777,1.464844,8.361816
27107,0.365601,0.853882,1.071411,-7.995605,-0.366211,5.737305
27117,0.262207,1.019165,0.994141,-8.605957,-0.793457,5.310059
27127,0.180176,0.668213,0.920288,-6.408691,-1.098633,4.943848
27137,0.188477,0.473511,1.011963,-3.784180,-2.136230,2.990723
27148,0.272583,0.616089,1.175293,-3.417969,-5.676270,-3.295898
27157,0.195801,0.848511,1.018677,-8.361816,-6.042480,-5.126953
27167,0.148682,0.834961,0.833862,-7.995605,-6.286621,-6.164551
27176,0.105591,0.606201,0.832275,-5.310059,-6.286621,-6.713867
27187,0.059937,0.450195,1.076294,-4.516602,-7.080078,-8.117676
27197,0.084473,0.562866,1.189209,-7.019043,-8.483887,-10.986328
27208,0.077271,0.789917,1.007324,-10.070801,-8.911133,-14.770508
27217,0.172241,0.660400,0.856567,-8.300781,-8.972168,-14.892578
27228,0.161377,0.507202,1.114624,-7.263184,-9.948730,-15.441895
27237,0.127808,0.467773,1.153442,-8.422852,-10.498047,-16.235352
27247,0.106812,0.598633,1.042969,-10.009766,-10.314941,-16.418457
27257,0.040771,0.692871,0.829102,-10.620117,-9.155273,-15.502930
27267,0.099854,1.630737,1.286499,-10.192871,-7.385254,-13.977051
27277,-0.304077,-0.404297,0.930786,-5.249023,-7.446289,-14.526367
27287,-0.314819,0.156250,1.172241,-12.268066,-6.042480,-15.258789
27297,-0.150757,0.767944,0.666992,-13.854980,-4.516602,-14.099121
27306,-0.163086,0.689209,0.754883,-10.742188,-2.685547,-11.962891
27317,-0.207886,0.770264,1.078003,-10.803223,-1.953125,-10.192871
27327,-0.249268,0.821533,0.959473,-11.596680,-2.258301,-8.544922
27337,-0.113403,0.971680,0.873169,-11.779785,-0.610352,-6.042480
27348,-0.013306,0.775635,0.983032,-7.812500,2.502441,-0.122070
27358,-0.014771,0.622192,0.867920,-6.347656,3.662109,3.845215
27368,0.113525,0.432129,0.984253,-3.540039,4.638672,6.591797
27377,0.140381,0.514526,1.090576,-2.929688,5.737305,8.300781
27387,0.047363,0.197266,1.010620,-1.403809,4.943848,9.521484
27397,0.048584,0.077393,1.047363,0.732422,4.577637,9.765625
27408,-0.005249,0.155029,1.052002,1.831055,4.821777,10.314941
27417,0.001709,0.033081,0.974121,3.662109,5.554199,7.690430
27428,-0.067139,0.195312,1.115112,6.408691,4.882812,4.699707
27438,-0.033813,0.299438,1.379639,8.056641,4.089355,0.915527
27447,-0.071899,0.214233,1.261597,10.620117,3.723145,-2.685547
27457,-0.038696,0.174927,1.262817,13.732910,3.479004,-5.249023
27467,-0.002563,0.195801,1.151855,17.028809,3.845215,-6.164551
27477,0.099854,0.265503,0.747437,18.737793,4.028320,-5.676270
27487,0.278076,0.287231,0.604248,20.080566,3.540039,-5.249023
27498,0.286133,0.519165,0.631348,20.568848,1.098633,-8.605957
27507,0.188354,0.447144,0.680298,20.324707,-1.953125,-9.948730
27517,0.133179,0.443726,0.758789,21.362305,-1.770020,-10.192871
27527,0.092651,0.506836,0.868774,22.094727,0.061035,-9.338379
27537,0.127441,0.412354,0.965088,24.047852,1.586914,-8.300781
27547,0.153687,0.436035,1.133057,26.123047,2.380371,-7.995605
27559,0.144531,0.376587,1.271118,31.188965,1.647949,-6.652832
27569,0.111938,0.139160,1.267456,34.179687,0.427246,-6.469727
27578,0.010986,-1.536133,1.426758,36.071777,-1.159668,-7.019043
27587,0.080688,-2.070557,2.281860,27.893066,-3.051758,-9.155273
27597,0.015381,-1.392456,2.172607,12.939453,-5.187988,-12.390137
27607,0.067627,-0.550415,1.477173,6.347656,-7.568359,-16.174316
27617,0.222412,-0.265625,0.380615,9.948730,-9.155273,-18.676758
27627,0.366455,-0.009033,0.121338,14.770508,-8.850098,-18.066406
27638,0.216064,-0.068604,0.667480,17.578125,-5.249023,-10.375977
27648,0.131714,-0.116699,0.925171,14.099121,-4.638672,-7.080078
27657,0.042358,0.071655,1.216919,10.925293,-4.150391,-5.615234
27667,-0.040405,0.093872,1.368774,10.192871,-4.577637,-6.286621
27677,0.033569,0.095947,1.168945,10.803223,-4.089355,-7.141113
27687,0.089722,-0.250854,1.155762,13.305664,-4.455566,-7.934570
27698,0.054565,-0.414429,1.188721,12.878418,-6.103516,-9.460449
27708,-0.114746,-0.230225,0.946899,12.268066,-6.958008,-9.887695
27717,-0.141357,0.054321,0.971191,11.596680,-8.300781,-11.596680
27727,-0.133423,0.116821,1.024292,10.620117,-7.873535,-12.329102
27737,-0.084473,-0.159790,1.003052,10.620117,-6.469727,-12.023926
27747,-0.073730,-0.124268,0.976562,10.375977,-5.249023,-11.901855
27757,0.005859,-0.074463,1.027344,10.009766,-4.394531,-11.291504
27767,-0.053955,-0.141724,0.866333,10.253906,-3.967285,-10.192871
27778,-0.005371,-0.277710,0.750366,9.948730,-4.333496,-9.155273
27788,0.014526,-0.295532,0.728149,9.338379,-4.272461,-8.605957
27797,0.008301,-0.373047,0.824097,9.033203,-4.516602,-8.422852
27807,0.010498,-0.465088,0.840576,8.056641,-4.333496,-8.483887
27817,-0.058960,-0.436279,0.834229,6.652832,-3.906250,-7.934570
27827,-0.097290,-0.476196,0.744995,5.065918,-3.662109,-7.507324
27840,-0.049316,-0.297241,0.803223,3.601074,-1.525879,-5.920410
27849,-0.047363,-0.501343,0.858643,3.051758,-0.671387,-4.943848
27859,-0.016846,-0.361328,0.625977,2.380371,-0.915527,-4.943848
27868,0.018677,-0.288818,0.837402,1.342773,-1.220703,-5.126953
27878,0.010010,-0.377686,0.825317,0.549316,-1.892090,-5.310059
27887,0.057617,-0.339478,0.869019,-0.427246,-2.258301,-5.310059
27897,0.063477,-0.299072,0.932861,-0.610352,-2.929688,-5.187988
27910,0.083130,-0.164917,0.955078,-1.892090,-3.173828,-4.028320
27919,0.073608,-0.111328,0.997559,-2.441406,-3.295898,-2.441406
27929,0.093994,-0.130005,1.039917,-2.380371,-2.624512,-0.732422
27938,0.105469,-0.136841,1.049927,-2.807617,-2.319336,1.037598
27948,0.084229,-0.170532,1.014771,-3.051758,-2.075195,2.258301
27957,0.071655,-0.209351,0.974731,-2.563477,-2.136230,2.746582
27967,0.050049,-0.218018,0.915527,-3.051758,-2.441406,2.624512
27978,0.034912,-0.225098,0.916260,-3.845215,-3.173828,1.647949
27988,-0.003174,-0.231201,0.953369,-4.272461,-3.601074,0.305176
27998,-0.046631,-0.206177,0.962402,-4.699707,-4.150391,-0.976562
28008,-0.091675,-0.185303,0.945679,-4.882812,-4.455566,-1.892090
28017,-0.112915,-0.140991,0.917969,-5.126953,-3.784180,-2.563477
28027,-0.124756,-0.111450,0.905273,-5.126953,-3.112793,-2.807617
28037,-0.126465,-0.117310,0.903931,-5.371094,-2.746582,-2.807617
28047,-0.115601,-0.125000,0.914307,-5.676270,-2.014160,-3.112793
28059,-0.129028,-0.159546,0.945068,-6.103516,-1.770020,-2.624512
28068,-0.125610,-0.154907,0.947754,-6.042480,-1.342773,-2.319336
28078,-0.110229,-0.137451,0.937622,-6.286621,-0.793457,-1.770020
28088,-0.080566,-0.120361,0.935059,-6.347656,-0.366211,-0.976562
28098,-0.056519,-0.106445,0.939331,-6.469727,0.427246,0.183105
28107,-0.048950,-0.081909,0.959473,-6.347656,1.220703,1.464844
28117,-0.047607,-0.078247,0.971191,-6.469727,1.708984,3.723145
28129,-0.025391,-0.066040,1.004395,-6.713867,2.929688,4.760742
28138,-0.006226,-0.074341,1.011841,-6.652832,2.868652,5.493164
28148,0.002930,-0.086914,1.014526,-6.347656,2.685547,5.920410
28157,-0.001953,-0.087158,1.011841,-6.225586,2.502441,6.042480
28168,0.000732,-0.084473,1.009766,-6.286621,2.563477,6.408691
28177,0.004761,-0.081787,1.001465,-6.347656,2.746582,6.347656
28190,-0.033447,-0.040771,1.043091,-5.920410,2.441406,6.835937
28199,-0.021973,-0.024658,1.083374,-5.859375,2.380371,7.019043
28209,0.002563,-0.018066,1.108032,-5.798340,2.624512,7.446289
28218,0.011353,-0.024536,1.108154,-5.432129,2.136230,7.141113
28228,0.020020,-0.026001,1.110840,-5.187988,2.258301,6.713867
28237,0.039429,-0.026611,1.107178,-4.821777,2.990723,6.530762
28248,0.065308,-0.025513,1.102173,-4.516602,2.746582,5.737305
28257,0.080566,-0.020630,1.081055,-4.150391,1.770020,3.295898
28269,0.065063,-0.001831,1.072388,-3.601074,1.098633,1.953125
28278,0.061279,-0.001343,1.068115,-3.173828,0.427246,0.915527
28288,0.053467,-0.007202,1.059692,-3.051758,0.366211,0.000000
28297,0.051880,-0.004272,1.045044,-2.624512,0.183105,-0.732422
28307,0.058105,-0.000244,1.032349,-2.258301,0.122070,-1.037598
28317,0.060669,-0.008179,1.019165,-1.953125,0.000000,-1.098633
28327,0.055054,-0.027100,1.009399,-1.647949,-0.122070,-0.793457
28339,0.047363,-0.071899,0.991089,-1.525879,-0.061035,-0.549316
28349,0.039795,-0.085327,0.978882,-1.342773,-0.549316,-0.671387
28358,0.030151,-0.093384,0.974854,-1.342773,-1.037598,-0.671387
28368,0.027222,-0.091675,0.982544,-1.159668,-0.915527,-0.793457
28378,0.016357,-0.079956,0.992310,-1.281738,-0.976562,-0.793457
28387,0.002441,-0.070068,0.993042,-1.403809,-0.671387,-0.854492
28397,-0.022217,-0.059692,0.983154,-1.159668,-0.305176,-0.549316
28407,-0.044189,-0.052368,0.971924,-1.220703,0.427246,0.061035
28418,-0.032349,-0.055054,0.975952,-1.037598,0.732422,0.671387
28427,-0.013550,-0.059570,0.985229,-0.854492,0.915527,1.281738
28437,-0.013794,-0.061279,0.996582,-0.854492,0.793457,1.953125
28448,-0.004517,-0.055908,1.002930,-1.037598,0.488281,2.746582
28458,0.011230,-0.056396,1.002441,-0.793457,0.610352,3.967285
28467,0.019287,-0.058960,1.001465,-0.671387,1.770020,6.530762
28477,0.027344,-0.064941,0.996948,-0.610352,1.831055,7.324219
28488,0.045044,-0.083496,0.994141,-0.610352,1.464844,7.568359
28497,0.043823,-0.085693,0.999512,-0.671387,1.159668,7.446289
28508,0.038452,-0.084961,1.007690,-0.732422,0.915527,6.958008
28517,0.036621,-0.087280,1.011475,-0.610352,-0.061035,6.408691
28528,0.043823,-0.093140,1.008911,-0.427246,0.732422,6.103516
28537,0.050171,-0.098511,1.000854,-0.610352,0.122070,5.615234
28549,0.050049,-0.102173,1.008057,-0.488281,-0.366211,5.187988
28558,0.048706,-0.104858,1.012573,-0.427246,-0.183105,4.760742
28568,0.051880,-0.109863,1.014404,-0.305176,-0.427246,4.455566
28577,0.062378,-0.106934,1.010742,-0.488281,-0.854492,4.272461
28588,0.068726,-0.101074,1.001587,-0.488281,-1.159668,3.906250
28597,0.070923,-0.101685,0.993530,-0.488281,-1.220703,3.479004
28607,0.067017,-0.102783,0.993652,-0.610352,-1.708984,2.685547
28619,0.057739,-0.107910,1.005859,-0.732422,-1.892090,2.136230
28628,0.045776,-0.102051,1.007324,-0.732422,-2.258301,1.647949
28637,0.033081,-0.098755,1.000977,-0.854492,-2.319336,1.220703
28647,0.030273,-0.102905,0.996582,-0.793457,-2.441406,0.915527
28658,0.021606,-0.113403,0.988403,-0.671387,-2.685547,1.037598
28667,0.009277,-0.113159,0.988403,-0.732422,-2.075195,1.037598
28680,0.005981,-0.103149,0.992676,-0.854492,-1.770020,1.342773
28689,-0.000244,-0.112305,0.981934,-0.854492,-2.136230,1.342773
28699,0.009399,-0.129761,0.960937,-0.976562,-2.319336,1.403809
28709,0.029175,-0.122070,0.960083,-1.220703,-2.197266,1.098633
28718,0.033813,-0.080200,0.965698,-1.403809,-1.953125,0.854492
28728,0.034790,-0.101196,0.951782,-1.464844,-2.807617,0.915527
28737,0.031860,-0.106567,0.952637,-1.647949,-3.112793,1.037598
28747,0.030884,-0.070435,0.978394,-1.586914,-2.746582,1.586914
28759,0.033936,-0.079468,0.984009,-1.770020,-2.258301,1.892090
28768,0.025146,-0.076416,0.975708,-1.831055,-2.746582,1.892090
28778,0.025757,-0.073608,1.017944,-1.831055,-2.746582,1.892090
28788,0.018433,-0.078125,1.034424,-1.586914,-2.807617,1.770020
28797,-0.006226,-0.094482,1.045410,-1.464844,-2.868652,1.464844
28808,-0.020752,-0.135986,1.039185,-1.159668,-3.417969,1.159668
28817,0.012451,-0.154785,1.013916,-1.098633,-3.601074,-0.061035
28829,-0.065552,-0.115356,0.981934,-1.159668,-3.540039,0.793457
28839,-0.076050,-0.070312,0.987061,-1.342773,-2.868652,2.075195
28848,-0.059692,-0.077271,0.973633,-1.098633,-1.647949,3.662109
28858,-0.090942,-0.086914,0.941895,-1.159668,-1.403809,5.187988
28867,-0.158936,-0.043091,0.902588,-1.037598,-1.586914,6.103516
28877,-0.097046,-0.119141,0.958374,-0.671387,-0.610352,8.911133
28890,-0.049072,-0.162231,1.039307,-0.183105,1.220703,12.512207
28899,-0.071289,-0.226929,1.028198,0.244141,1.098633,13.061523
28908,-0.063965,-0.208618,1.001221,-0.427246,1.037598,12.268066
28918,-0.002563,-0.196045,0.975098,-0.732422,1.525879,11.108398
28927,-0.037720,-0.167847,0.962402,-0.915527,0.793457,9.338379
28937,-0.061401,-0.178223,0.961060,-0.793457,0.488281,8.483887
28948,0.040405,-0.204102,1.036987,-0.976562,0.671387,8.483887
28957,0.093018,-0.175415,1.059570,-1.037598,-0.915527,6.469727
28969,0.241577,-0.250732,0.958862,-0.976562,-1.525879,3.723145
28978,0.047363,-0.059448,1.026245,-0.366211,-3.051758,-4.028320
28988,-0.049194,-0.190918,1.004517,-0.061035,-3.540039,-8.117676
28997,0.030884,-0.265381,0.980103,-0.122070,-2.868652,-12.207031
29008,0.120605,-0.205444,0.957642,-0.549316,-2.563477,-18.066406
29017,0.049683,-0.133545,0.967773,-1.098633,-4.333496,-21.423340
29027,0.020752,-0.233643,0.926025,-1.220703,-4.699707,-25.756836
29039,-0.064819,-0.181763,1.008545,-1.403809,-4.333496,-25.817871
29049,-0.113037,-0.197266,1.019409,-1.342773,-3.417969,-26.000977
29058,-0.145752,-0.182251,0.996582,-1.098633,-3.173828,-26.000977
29068,-0.199097,-0.191284,0.968262,-0.854492,-2.441406,-24.353027
29078,-0.170532,-0.226196,0.951538,-0.732422,-1.220703,-22.094727
29088,-0.139526,-0.251953,0.952759,-0.732422,-0.915527,-19.897461
29098,-0.112549,-0.256958,0.970215,-0.915527,-0.793457,-15.869141
29108,-0.016357,-0.283569,0.990234,-0.854492,0.000000,-13.061523
29117,0.009155,-0.188965,1.017456,-1.281738,0.305176,-11.779785
29128,0.041138,-0.252319,1.055664,-1.159668,-0.366211,-9.643555
29138,0.024902,-0.241455,1.024658,-0.976562,-0.549316,-9.399414
29147,-0.029907,-0.198364,0.989624,-0.976562,-1.220703,-9.155273
29157,-0.006836,-0.201660,0.972778,-0.732422,-0.244141,-7.568359
29167,0.038330,-0.189575,0.971924,-0.793457,0.183105,-5.676270
29179,0.035645,-0.198242,0.968506,-0.854492,0.488281,-3.906250
29188,0.041870,-0.202148,0.960449,-0.915527,0.488281,-2.258301
29198,0.035156,-0.167847,0.985718,-1.037598,0.610352,-1.037598
29207,0.021240,-0.128174,1.041260,-0.976562,0.549316,0.244141
29218,0.014893,-0.123169,1.058594,-0.732422,0.549316,0.732422
29227,-0.014160,-0.150146,1.039429,-0.244141,0.610352,1.342773
29240,-0.027344,-0.153076,1.021362,0.000000,1.037598,2.563477
29249,0.002563,-0.122437,1.013184,-0.244141,1.342773,2.807617
29259,0.017456,-0.125977,0.983765,0.061035,1.159668,2.746582
29268,0.020386,-0.171021,0.963257,0.366211,1.098633,2.868652
29277,0.027466,-0.242310,0.949707,0.488281,1.037598,3.173828
29288,0.036011,-0.292725,0.915039,0.061035,1.098633,3.723145
29297,0.017944,-0.269287,0.903442,-0.549316,1.098633,4.333496
29310,-0.021973,-0.167847,0.940430,-1.586914,0.183105,3.784180
29319,-0.044800,-0.187622,0.948120,-1.464844,0.122070,3.662109
29329,-0.082397,-0.231323,0.944580,-1.403809,0.183105,3.417969
29338,-0.112793,-0.229370,0.944214,-1.831055,0.793457,3.356934
29348,-0.135376,-0.185059,0.971802,-2.563477,0.976562,3.723145
29358,-0.148926,-0.168579,0.962158,-2.807617,1.708984,4.516602
29367,-0.163940,-0.166504,0.942261,-2.624512,2.502441,5.432129
29380,-0.155640,-0.234985,0.978394,-2.441406,4.394531,7.263184
29389,-0.121582,-0.217651,1.039307,-2.258301,4.760742,7.995605
29399,-0.096191,-0.234131,1.016235,-2.014160,5.310059,9.216309
29409,-0.088867,-0.227539,0.967041,-1.892090,6.164551,10.559082
29418,-0.081177,-0.184204,0.970703,-1.892090,6.835937,12.634277
29428,-0.069580,-0.203735,0.959595,-1.525879,7.324219,14.953613
29437,-0.066162,-0.231567,0.908325,-1.342773,7.568359,17.211914
29449,-0.091064,-0.112427,1.009399,-1.770020,9.582520,23.803711
29459,-0.106201,-0.121826,1.025635,-2.258301,10.498047,26.977539
29468,-0.120483,-0.189331,0.967773,-1.831055,10.864258,29.602051
29478,-0.114136,-0.209473,0.964111,-1.464844,11.779785,32.348633
29487,-0.076660,-0.143921,1.079102,-1.892090,12.451172,35.095215
29498,-0.046021,-0.156738,1.058594,-2.136230,12.084961,36.926270
29508,-0.030884,-0.213257,0.959351,-1.770020,11.962891,38.024902
29517,-0.000488,-0.172485,0.970215,-2.197266,12.573242,40.100098
29528,0.030762,-0.205933,0.948730,-2.075195,12.084961,40.466309
29538,0.005615,-0.218384,0.937744,-2.136230,11.657715,40.100098
29547,0.008789,-0.177368,1.036499,-2.380371,12.207031,40.283203
29558,0.009155,-0.181763,1.017700,-2.441406,12.329102,40.039062
29567,0.002197,-0.170044,0.967163,-2.319336,11.840820,38.818359
29579,0.008911,-0.133301,1.013306,-2.319336,11.474609,36.865234
29589,0.043579,-0.269043,0.957764,-2.014160,11.169434,35.095215
29598,0.097900,-0.278198,0.997925,-2.197266,10.192871,33.264160
29607,0.116699,-0.282959,1.011719,-2.746582,9.338379,31.860352
29618,0.151123,-0.230835,0.987549,-3.051758,8.422852,29.418945
29627,0.216675,-0.194580,0.989136,-3.051758,7.080078,26.306152
29638,0.228516,-0.268921,0.960815,-2.441406,6.774902,23.925781
29649,0.228027,-0.343384,0.986328,-2.014160,3.601074,17.639160
29659,0.170776,-0.314575,1.018433,-2.136230,2.746582,14.526367
29668,0.156494,-0.244629,1.044556,-2.319336,1.586914,11.108398
29678,0.151978,-0.198853,0.983521,-2.136230,0.610352,8.605957
29688,0.117798,-0.287354,0.942017,-1.525879,-0.549316,6.347656
29698,0.168457,-0.306641,0.977051,-1.220703,-0.793457,4.394531
29708,0.152344,-0.303467,0.982544,-1.464844,-1.770020,3.112793
29718,0.147705,-0.244873,1.071777,-1.953125,-2.197266,1.403809
29727,0.187134,-0.181763,1.027710,-1.525879,-1.831055,-3.051758
29739,0.176636,-0.184937,1.007813,-1.892090,-3.234863,-5.615234
29749,0.170288,-0.124512,0.975830,-1.708984,-4.394531,-8.666992
29758,0.102051,-0.096436,1.024536,-1.525879,-5.615234,-11.596680
29768,0.109375,-0.160400,0.991699,-1.159668,-6.591797,-14.770508
29777,0.113647,-0.063721,1.041260,-1.342773,-6.591797,-17.517090
29789,0.168823,-0.003784,1.010376,-1.831055,-7.812500,-21.118164
29799,0.215576,0.056152,0.981323,-2.014160,-8.483887,-22.155762
29808,0.255737,-0.039429,0.919067,-1.342773,-8.666992,-23.010254
29818,0.331421,-0.302124,1.144775,-1.647949,-8.911133,-24.047852
29828,0.206421,-0.059937,0.968018,-1.770020,-9.521484,-25.146484
29837,0.192627,0.091553,1.022339,-1.831055,-9.704590,-25.634766
29848,0.174072,0.049561,1.062256,-1.831055,-10.253906,-26.855469
29858,0.132446,0.006470,0.963379,-1.831055,-12.023926,-28.625488
29868,0.056274,0.058716,1.003174,-1.647949,-13.427734,-29.724121
29878,0.167114,-0.061890,0.916870,-1.098633,-13.244629,-28.808594
29888,0.136963,-0.104980,0.965820,-1.159668,-13.305664,-28.076172
29898,0.025146,-0.140381,0.821655,-1.037598,-13.427734,-27.160645
29908,0.147827,-0.191162,1.177856,-1.342773,-12.084961,-25.146484
29918,0.101929,-0.120117,1.153198,-1.586914,-10.864258,-23.437500
29930,0.024536,-0.044678,1.056152,-1.220703,-11.657715,-22.705078
29940,-0.015381,-0.049072,0.935425,-0.793457,-12.634277,-24.291992
29950,-0.128296,0.083740,0.791748,-0.366211,-13.916016,-26.245117
29959,-0.026123,0.066406,0.953613,0.244141,-13.671875,-27.893066
29969,-0.036011,-0.083008,0.914062,0.671387,-12.145996,-28.442383
29978,0.002319,-0.096558,1.024170,-0.122070,-10.986328,-28.259277
29988,-0.070679,-0.077148,1.014404,-0.549316,-10.192871,-27.648926
29997,-0.023926,-0.061646,1.029175,-0.793457,-9.887695,-27.648926
30009,-0.020508,-0.064331,1.059448,-1.281738,-10.925293,-28.564453
30019,0.104248,-0.060303,1.096069,-0.976562,-11.657715,-28.991699
30029,0.088867,-0.056274,1.107666,-1.525879,-12.207031,-28.747559
30038,0.016235,-0.010742,0.978760,-1.831055,-13.244629,-29.174805
30048,0.029419,0.001343,0.947876,-2.197266,-12.817383,-28.137207
30058,-0.058350,0.041504,0.949585,-2.197266,-11.962891,-26.184082
30068,-0.085327,-0.026245,0.931519,-1.403809,-9.948730,-24.597168
30078,-0.108765,-0.093872,1.005981,-0.732422,-7.751465,-21.423340
30088,-0.268677,-0.221069,0.982178,-0.732422,-6.958008,-20.629883
30097,-0.268799,-0.134399,1.007935,-1.159668,-6.042480,-20.568848
30108,-0.275024,-0.137451,0.947510,-0.976562,-5.249023,-21.057129
30118,-0.070190,-0.247559,0.797729,-0.549316,-4.882812,-21.545410
30127,-0.223022,-0.020508,1.044434,-1.342773,-3.540039,-21.545410
30139,-0.182739,-0.180542,1.156494,-0.854492,-1.403809,-20.019531
30149,0.113403,-0.125732,0.869629,-0.427246,-1.464844,-19.897461
30159,-0.025757,-0.183472,0.963867,-0.610352,-2.563477,-18.371582
30168,-0.041748,-0.156494,1.130371,-1.098633,-3.417969,-16.601562
30178,-0.015259,-0.143677,1.073486,-1.464844,-3.173828,-14.892578
30188,0.000122,-0.062134,0.965576,-1.770020,-2.136230,-12.207031
30197,0.069946,-0.052612,0.991821,-1.953125,-0.976562,-9.033203
30209,-0.008789,-0.162720,0.904297,-0.488281,-0.183105,-4.882812
30219,-0.088013,-0.253784,1.042358,-0.488281,0.244141,-3.051758
30228,-0.074707,-0.171143,1.036865,-0.732422,1.159668,-1.403809
30238,-0.099854,-0.089111,1.088379,-1.464844,1.586914,0.488281
30248,-0.106934,-0.146606,0.915649,-0.610352,1.464844,1.831055
30258,-0.148560,-0.167847,0.943237,-0.244141,1.525879,3.234863
30268,-0.153931,-0.240967,0.851685,0.183105,1.770020,4.760742
30279,-0.116699,-0.142578,0.963257,-0.427246,3.845215,7.019043
30289,-0.056519,-0.099121,1.041260,-0.183105,4.150391,7.995605
30298,-0.050781,-0.172485,1.059326,-0.305176,3.417969,8.789063
30308,-0.125366,-0.182373,0.970337,-0.427246,3.295898,9.033203
30317,-0.069458,-0.059570,1.005981,-0.976562,4.028320,9.033203
30328,-0.034180,-0.162231,0.970825,-0.061035,3.967285,8.728027
30337,0.027466,-0.168823,1.028931,0.061035,3.479004,7.629395
30349,0.001831,-0.247437,0.960571,-0.915527,2.014160,5.798340
30359,0.018433,-0.087769,1.006104,-0.427246,2.319336,5.554199
30368,0.020996,-0.120605,1.047729,0.183105,2.990723,5.249023
30378,-0.002441,-0.226807,0.973389,0.610352,3.173828,5.249023
30388,-0.038940,-0.192505,0.946045,0.183105,2.929688,5.126953
30398,-0.047363,-0.121826,0.961426,-0.305176,2.807617,5.310059
30407,-0.055298,-0.123291,0.968384,-0.366211,2.502441,5.432129
30419,-0.088501,-0.169434,1.031860,0.183105,2.380371,6.530762
30428,-0.064331,-0.159180,1.017578,-0.427246,2.807617,7.751465
30439,-0.018799,-0.130981,1.009888,-0.549316,3.234863,9.338379
30449,-0.004517,-0.164429,1.012085,-0.122070,3.540039,11.535645
30458,-0.025513,-0.201904,0.946167,0.000000,3.601074,13.793945
30468,-0.055786,-0.188965,0.962036,0.122070,3.601074,15.686035
30478,-0.061768,-0.165283,0.968994,0.000000,3.967285,17.333984
30488,-0.082642,-0.185669,1.011719,0.122070,4.821777,19.714355
30498,-0.089966,-0.186157,0.990723,0.244141,5.004883,20.874023
30508,-0.097168,-0.157471,1.004272,0.549316,5.065918,22.216797
30518,-0.090332,-0.191772,1.017822,1.037598,5.310059,23.132324
30528,-0.053711,-0.220337,1.036621,1.159668,5.126953,23.132324
30538,-0.078003,-0.225830,0.984497,1.098633,4.577637,22.216797
30547,-0.056763,-0.165771,0.975464,0.854492,4.943848,20.507812
30559,-0.063599,-0.186279,0.929687,0.427246,3.845215,15.563965
30569,-0.002808,-0.155518,0.968872,0.122070,3.051758,13.977051
30579,0.037720,-0.122437,0.988281,-0.366211,2.746582,12.268066
30588,0.017700,-0.181152,0.970215,-0.122070,2.197266,11.169434
30597,0.057007,-0.227539,0.990112,-0.061035,1.586914,10.009766
30608,0.078003,-0.174072,1.052002,-0.183105,0.915527,8.605957
30618,0.139404,-0.227783,1.074585,0.000000,0.671387,7.446289
30628,0.146362,-0.262085,1.087891,0.244141,-0.122070,6.530762
30639,0.125977,-0.218628,0.996582,-0.061035,-2.075195,4.516602
30649,0.097168,-0.262695,0.911499,0.061035,-2.319336,4.150391
30658,0.052124,-0.287598,0.896484,-0.183105,-2.319336,4.211426
30668,0.041626,-0.220703,0.921509,-0.732422,-2.136230,4.577637
30678,0.026245,-0.261353,0.975952,-0.793457,-1.892090,5.187988
30688,0.015137,-0.311523,1.022095,-0.610352,-1.403809,5.554199
30698,-0.017700,-0.281494,1.040039,-0.915527,-1.770020,5.065918
30708,-0.051270,-0.271240,1.099243,0.061035,-2.258301,3.479004
30718,-0.128418,-0.269531,1.131714,0.549316,-2.258301,2.380371
30728,-0.135376,-0.281372,1.147949,1.220703,-2.441406,1.403809
30738,-0.136841,-0.405640,1.088257,2.319336,-2.075195,0.488281
30748,-0.111206,-0.382324,1.122192,3.112793,-1.708984,-0.305176
30758,-0.097778,-0.424194,1.114502,3.967285,-1.159668,-1.037598
30768,-0.048218,-0.485718,1.056641,4.394531,-0.854492,-1.403809
30780,-0.010742,-0.406128,0.914185,4.089355,-0.915527,-2.746582
30789,0.012817,-0.400757,0.870728,3.784180,-1.281738,-3.784180
30799,0.048096,-0.362793,0.864136,3.540039,-1.464844,-4.638672
30808,0.097778,-0.410156,0.874146,3.295898,-1.708984,-5.371094
30818,0.131226,-0.400879,0.858398,2.258301,-2.319336,-6.225586
30828,0.140869,-0.367554,0.879761,1.586914,-2.807617,-6.958008
30838,0.121094,-0.298340,0.900879,0.793457,-3.662109,-6.958008
30848,0.106323,-0.237671,0.878296,-0.244141,-3.967285,-6.286621
30858,0.059448,-0.281006,0.887939,-0.732422,-3.295898,-5.310059
30868,0.015137,-0.292358,0.892456,-0.915527,-2.929688,-4.272461
30878,0.017944,-0.323242,0.886719,-1.342773,-2.746582,-3.234863
30888,-0.018799,-0.311279,0.871582,-1.586914,-2.746582,-2.685547
30898,-0.053101,-0.305298,0.882080,-1.953125,-2.380371,-2.258301
30908,-0.101563,-0.296631,0.918701,-2.136230,-2.197266,-1.525879
30918,-0.101929,-0.320679,0.924683,-2.868652,-1.708984,-0.549316
30928,-0.096069,-0.350098,0.982544,-3.173828,-1.770020,-0.427246
30938,-0.152466,-0.322021,0.993286,-3.234863,-1.525879,-0.549316
30948,-0.173462,-0.306152,0.976074,-3.173828,-1.159668,-0.305176
30958,-0.126953,-0.275024,0.964722,-2.990723,-0.305176,-0.183105
30968,-0.103271,-0.313110,0.977173,-2.807617,0.305176,0.183105
30978,-0.089233,-0.369385,0.980713,-2.319336,0.915527,0.488281
30988,-0.046631,-0.343994,0.969360,-1.892090,0.732422,-0.122070
30998,0.025879,-0.365356,0.991089,-1.525879,0.183105,-0.732422
31008,-0.000488,-0.436646,0.945923,-1.281738,-0.122070,-1.647949
31018,0.017090,-0.435303,0.925293,-1.403809,-0.732422,-2.441406
31028,0.004639,-0.354858,0.946289,-1.586914,-0.976562,-3.112793
31038,0.037109,-0.353027,0.930664,-1.770020,-0.793457,-3.601074
31048,0.034180,-0.351196,0.984009,-1.892090,-1.281738,-4.394531
31058,0.044678,-0.390381,0.972900,-2.258301,-1.220703,-4.089355
31068,0.050293,-0.371216,0.916748,-2.380371,-1.403809,-3.540039
31078,0.022949,-0.293945,0.932739,-2.746582,-0.488281,-2.746582
31088,0.024292,-0.267212,0.952759,-3.051758,0.183105,-1.708984
31098,-0.003784,-0.256226,0.941650,-3.173828,0.244141,-0.854492
31108,-0.028076,-0.189941,0.972412,-3.723145,0.183105,-0.122070
31119,-0.057983,-0.269653,0.881958,-4.882812,0.305176,0.244141
31129,-0.194580,-0.152588,0.914307,-5.126953,0.793457,0.854492
31138,-0.216797,-0.201172,0.921021,-5.310059,1.159668,1.831055
31148,-0.200439,-0.246094,0.965088,-4.821777,2.441406,3.479004
31159,-0.208862,-0.270874,0.973633,-4.882812,4.150391,5.554199
31168,-0.176758,-0.277832,0.925293,-4.638672,5.920410,7.934570
31178,-0.172363,-0.271484,0.924805,-4.821777,6.896973,10.070801
31190,-0.274536,-0.225830,0.855347,-6.042480,6.469727,11.474609
31200,-0.263428,-0.159424,0.847900,-6.958008,6.286621,11.657715
31210,-0.264893,-0.223145,0.743652,-7.812500,6.835937,12.207031
31219,-0.228271,-0.017090,0.824585,-8.422852,8.117676,13.366699
31229,-0.202393,-0.080078,0.897583,-8.544922,9.460449,14.526367
31239,-0.175049,-0.011353,0.989868,-8.544922,10.314941,15.686035
31248,-0.137939,0.047729,1.131958,-7.995605,10.437012,16.967773
31258,-0.099609,0.006104,1.188477,-7.507324,10.559082,17.944336
31269,-0.065552,0.044312,1.219360,-5.676270,9.582520,19.409180
31279,-0.044312,0.003906,1.163574,-4.577637,9.826660,20.324707
31288,0.026367,-0.018433,1.123901,-3.906250,9.826660,22.155762
31298,0.070923,-0.057495,1.047241,-3.295898,10.192871,23.925781
31308,-0.053101,-0.069336,1.041016,-3.173828,10.620117,25.573730
31318,0.056274,-0.122559,1.016479,-2.929688,11.108398,26.733398
31329,0.070801,-0.206177,1.032715,-3.479004,10.375977,26.733398
31340,0.064697,-0.170410,1.047241,-3.601074,8.972168,25.207520
31350,0.051514,-0.086670,1.071167,-3.540039,7.568359,23.803711
31359,0.092773,-0.158325,1.023193,-3.051758,6.042480,22.094727
31369,0.104492,-0.192993,0.961182,-2.624512,4.577637,20.690918
31378,0.120117,-0.193726,0.993408,-2.197266,3.784180,19.714355
31388,0.154785,-0.252686,0.987305,-2.014160,3.051758,18.371582
31398,0.171631,-0.260986,0.972900,-1.770020,2.197266,17.028809
31410,0.114868,-0.204712,1.018555,-1.647949,1.098633,13.671875
31419,0.055176,-0.188843,1.025024,-1.647949,0.244141,11.413574
31428,0.005127,-0.168701,1.042969,-1.342773,-0.610352,9.338379
31438,-0.032227,-0.222046,0.974976,-1.098633,-0.976562,7.751465
31448,-0.035767,-0.095703,1.030762,-1.159668,-1.586914,7.019043
31458,-0.012573,-0.116089,1.038818,-1.342773,-1.586914,7.385254
31468,-0.004395,-0.174072,1.011963,-1.037598,-1.037598,8.178711
31479,0.002319,-0.156982,1.125122,-0.366211,-1.525879,7.446289
31489,0.041626,-0.146484,1.091553,0.183105,-0.793457,5.310059
31499,0.117065,-0.110962,1.012085,0.732422,-1.464844,2.380371
31508,0.120972,-0.145752,0.951660,1.220703,-2.746582,-0.732422
31518,0.092285,-0.175781,0.933228,1.464844,-3.784180,-3.906250
31528,0.024780,-0.078003,0.992920,1.220703,-4.516602,-6.164551
31540,-0.004028,-0.182617,1.035034,1.464844,-5.126953,-7.934570
31550,-0.054565,-0.155762,1.030518,1.464844,-4.394531,-8.239746
31560,-0.097534,-0.153198,1.005737,1.708984,-3.723145,-8.422852
31569,-0.112915,-0.261108,0.966919,1.831055,-3.051758,-8.178711
31579,-0.066162,-0.253052,0.984131,2.136230,-1.708984,-7.629395
31589,-0.004150,-0.176147,1.041260,2.563477,-0.976562,-7.446289
31599,0.092773,-0.290161,1.018311,2.990723,-0.305176,-7.263184
31608,0.057007,-0.331909,0.968262,3.356934,-1.708984,-8.666992
31618,0.077148,-0.282959,1.015869,4.577637,-2.075195,-10.131836
31628,0.051025,-0.362549,0.890991,4.882812,-2.319336,-10.925293
31638,0.024170,-0.347290,0.882690,4.882812,-1.953125,-11.840820
31647,0.023804,-0.282593,0.942139,4.455566,-0.915527,-12.695313
31658,-0.050293,-0.257813,1.008057,4.089355,-0.305176,-12.939453
31668,-0.071167,-0.246216,1.034180,3.845215,-0.122070,-13.549805
31678,-0.054932,-0.259155,1.019775,3.906250,0.244141,-14.038086
31689,0.016235,-0.397339,0.992920,4.089355,1.159668,-14.404297
31699,0.043701,-0.369019,0.990112,4.333496,0.244141,-14.953613
31709,0.000122,-0.460693,0.915527,4.028320,-0.549316,-15.380859
31718,0.090210,-0.419556,0.931641,3.662109,0.000000,-15.319824
31728,0.093018,-0.295288,0.971313,3.295898,0.488281,-14.770508
31738,0.105591,-0.339722,0.957153,3.295898,0.976562,-13.732910
31748,0.072632,-0.380737,0.974365,3.173828,1.770020,-11.413574
31758,0.103882,-0.363770,0.952393,2.014160,2.258301,-9.704590
31768,0.083618,-0.406616,0.804687,1.098633,2.746582,-7.812500
31778,0.077881,-0.391235,0.793945,0.427246,2.502441,-6.469727
31788,0.060425,-0.385132,0.807495,-0.610352,2.563477,-4.882812
31798,-0.018677,-0.347778,0.824951,-1.403809,2.990723,-3.051758
31808,-0.044189,-0.359497,0.856812,-2.014160,3.723145,-1.220703
31820,-0.076904,-0.287598,0.974365,-2.746582,5.371094,1.586914
31830,-0.117188,-0.378296,0.984497,-2.563477,5.432129,1.770020
31840,-0.151245,-0.357178,1.009277,-2.502441,5.004883,1.342773
31850,-0.103516,-0.371582,0.958008,-2.502441,5.004883,0.366211
31859,-0.109863,-0.351440,0.952393,-2.197266,4.882812,-0.854492
31869,-0.067627,-0.402466,0.962036,-2.258301,5.065918,-1.892090
31878,-0.034912,-0.429932,0.930908,-2.380371,5.371094,-2.746582
31888,0.031250,-0.450317,0.848022,-2.685547,5.065918,-4.089355
31900,0.126465,-0.318115,0.992920,-4.211426,5.126953,-4.089355
31909,0.173584,-0.303711,1.000000,-4.882812,4.638672,-4.577637
31919,0.220947,-0.193726,1.109253,-4.638672,4.089355,-4.882812
31928,0.249878,-0.258789,1.039185,-3.845215,2.990723,-5.737305
31938,0.271973,-0.201538,1.129761,-3.540039,2.441406,-6.164551
31948,0.292847,-0.302612,1.055176,-3.540039,1.342773,-6.286621
31958,0.296143,-0.130615,1.125244,-3.662109,1.220703,-6.347656
31969,0.249878,0.089966,1.037598,-4.272461,-0.122070,-5.310059
31979,0.241943,0.024292,0.963379,-4.333496,0.305176,-4.333496
31988,0.211792,0.026367,1.036865,-4.455566,-0.244141,-3.417969
31998,0.114136,-0.013306,0.977295,-4.577637,-0.122070,-2.746582
32008,0.043091,0.019287,1.036377,-5.004883,-0.732422,-1.831055
32018,-0.040527,0.027100,1.075562,-5.249023,-0.793457,-0.305176
32028,-0.068848,-0.002930,1.074219,-4.882812,-0.488281,1.403809
32039,-0.085327,-0.088501,1.038940,-3.906250,1.464844,6.896973
32049,-0.019409,-0.019775,1.082031,-3.601074,2.868652,10.559082
32058,-0.066284,-0.063110,1.034912,-3.906250,3.967285,14.099121
32068,-0.122437,0.015991,1.091187,-3.723145,4.516602,16.845703
32078,-0.155518,-0.023437,1.003418,-3.356934,4.394531,18.127441
32089,-0.196167,-0.044067,0.925903,-2.685547,3.784180,19.042969
32098,-0.226440,-0.133301,0.878662,-2.380371,4.882812,21.667480
32110,-0.163330,-0.052124,0.988892,-1.586914,6.347656,23.315430
32119,-0.090820,-0.113525,0.978027,-1.220703,7.568359,25.451660
32128,-0.063110,-0.055054,1.017090,-1.098633,7.934570,27.587891
32138,0.027344,-0.029175,0.964844,-0.610352,7.751465,29.663086
32149,0.040894,-0.077148,0.962280,0.305176,6.469727,31.616211
32158,0.085693,-0.217651,0.887451,1.281738,5.249023,33.447266
32170,0.069946,-0.194214,0.956177,1.098633,4.699707,35.034180
32180,0.067383,-0.171753,1.001099,0.915527,3.479004,34.729004
32189,0.062988,-0.165405,1.069092,0.671387,2.014160,33.569336
32199,-0.004883,-0.185059,0.997925,0.793457,0.793457,32.165527
32208,0.033569,-0.120850,1.035156,0.915527,0.000000,30.334473
32218,0.111938,-0.126099,1.107788,0.976562,-0.305176,28.869629
32228,0.102539,-0.103394,1.149292,1.281738,-1.525879,27.099609
32238,0.089478,-0.162231,1.040894,1.892090,-3.051758,24.963379
32249,0.128540,-0.225464,1.060303,2.563477,-5.615234,19.104004
32259,0.137817,-0.309204,0.998657,2.624512,-6.774902,15.441895
32269,0.108643,-0.256836,0.941406,2.746582,-7.934570,11.413574
32278,0.078613,-0.397827,0.872314,2.685547,-9.399414,7.629395
32289,0.146362,-0.372314,0.927368,2.502441,-9.643555,4.150391
32298,0.164062,-0.419556,0.873779,1.647949,-10.681152,0.976562
32308,0.186523,-0.331665,0.975098,0.793457,-11.840820,-1.892090
32319,0.169434,-0.292114,0.922485,-0.610352,-12.573242,-6.225586
32329,0.099731,-0.360718,0.861084,-1.525879,-13.061523,-7.568359
32339,0.050049,-0.227417,0.874878,-2.258301,-13.305664,-9.094238
32349,0.013916,-0.272949,0.900391,-2.746582,-13.244629,-10.681152
32358,0.049805,-0.203857,0.908447,-3.234863,-13.122559,-12.145996
32368,0.050903,-0.123657,1.044678,-3.601074,-12.878418,-13.366699
32378,0.005249,-0.133545,1.054199,-2.929688,-11.718750,-14.282227
32388,-0.014526,-0.227539,1.116211,-2.380371,-10.742188,-13.244629
32398,0.083618,-0.307861,1.010376,-2.197266,-10.070801,-12.390137
32408,0.013672,-0.239990,0.987793,-2.319336,-9.887695,-11.291504
32419,-0.039307,-0.237305,0.910645,-2.441406,-9.277344,-10.131836
32428,-0.077881,-0.347778,0.947998,-2.502441,-8.361816,-8.789063
32438,-0.098389,-0.266113,1.002686,-2.990723,-7.568359,-7.568359
32448,-0.115356,-0.220947,1.015625,-3.295898,-6.164551,-6.286621
32460,-0.140503,0.002075,1.075562,-4.211426,-4.150391,-2.441406
32469,-0.175293,-0.233887,0.963745,-4.028320,-2.929688,0.549316
32479,-0.193115,-0.118408,0.941162,-3.906250,-2.014160,2.929688
32489,-0.260498,-0.177979,0.974365,-3.479004,-0.793457,5.310059
32498,-0.230713,-0.314697,0.916870,-3.356934,1.281738,7.629395
32508,-0.224609,-0.017212,1.114868,-3.540039,2.746582,9.582520
32518,-0.218384,-0.092041,1.007568,-3.356934,3.112793,11.108398
32530,-0.248535,-0.142456,0.993774,-2.624512,4.150391,13.061523
32539,-0.242432,-0.260132,0.927124,-2.929688,5.065918,13.610840
32549,-0.210571,0.050781,1.071777,-3.540039,5.554199,13.854980
32558,-0.213257,-0.173462,1.037109,-3.356934,6.225586,14.038086
32568,-0.208130,-0.090820,0.998291,-3.417969,6.408691,13.671875
32579,-0.147583,0.128418,1.110107,-3.601074,6.286621,13.061523
32588,-0.115723,-0.159180,0.934937,-3.356934,6.347656,13.000488
32600,0.039063,0.047363,1.093384,-3.173828,5.981445,13.122559
32609,0.107300,-0.062744,1.040405,-2.746582,5.310059,13.183594
32619,0.124268,0.137573,1.140381,-1.770020,4.333496,13.671875
32628,0.191772,-0.130615,1.046875,-0.061035,4.272461,14.282227
32639,0.154175,-0.251221,0.921143,1.037598,3.051758,14.465332
32648,0.179077,-0.217407,1.069580,1.708984,2.197266,14.038086
32661,-0.017334,-0.172852,0.989990,2.624512,0.244141,12.451172
32670,0.064575,-0.355835,0.955200,3.234863,0.854492,11.474609
32680,0.039185,-0.466553,0.781372,2.990723,1.037598,10.131836
32689,0.036255,-0.241943,0.863892,2.014160,0.122070,8.422852
32699,-0.016846,-0.303955,0.788574,1.281738,-0.854492,6.469727
32708,-0.019897,-0.386353,0.877197,0.366211,-1.708984,3.784180
32719,-0.014648,-0.237549,1.017456,-0.793457,-2.563477,0.000000
32729,0.034058,-0.040771,0.982422,-0.610352,-3.051758,-7.263184
32739,0.076660,-0.195190,0.984009,-0.610352,-3.906250,-10.253906
32748,0.147095,-0.057129,1.019775,-0.793457,-4.150391,-12.390137
32758,0.210937,0.069824,1.156250,-0.793457,-3.845215,-12.756348
32768,0.219604,-0.112549,1.138550,-0.244141,-4.028320,-12.695313
32778,0.161743,-0.169067,1.106079,0.488281,-4.516602,-12.573242
32788,0.116943,-0.072998,1.007446,0.427246,-5.187988,-12.939453
32801,0.093994,-0.151855,0.878296,-0.183105,-5.004883,-13.366699
32810,0.078857,-0.153076,0.884644,-0.610352,-4.699707,-12.634277
32820,0.082886,-0.132324,0.942993,-0.732422,-4.394531,-11.291504
32829,0.095825,-0.343628,0.805786,-0.854492,-3.906250,-9.521484
32839,0.010864,-0.180664,0.863892,-1.525879,-3.723145,-7.995605
32848,0.016357,-0.064209,0.984741,-2.685547,-3.479004,-6.958008
32858,-0.015503,-0.379028,0.804443,-3.723145,-2.868652,-5.798340
32868,-0.023437,-0.129150,0.954712,-4.211426,-2.258301,-3.356934
32880,-0.087402,-0.327026,0.968140,-4.028320,-0.854492,-2.136230
32889,-0.036499,-0.225830,1.101685,-3.967285,-0.427246,-1.708984
32899,-0.077515,-0.326782,1.071411,-3.845215,-0.061035,-1.525879
32909,-0.078735,-0.157349,1.136353,-3.967285,0.915527,-1.892090
32918,-0.036255,0.011230,1.265747,-3.967285,-0.061035,-2.502441
32928,0.020874,-0.327881,1.030396,-3.173828,0.244141,-3.051758
32941,0.074097,-0.258667,0.926636,-2.929688,0.000000,-4.394531
32950,0.139282,-0.412231,0.710693,-3.295898,-0.122070,-5.004883
32960,0.196655,-0.354614,0.765015,-4.821777,-0.671387,-5.798340
32969,0.236450,-0.337891,0.890259,-6.408691,-2.014160,-6.774902
32979,0.201050,-0.412476,0.922852,-7.324219,-3.356934,-7.934570
32989,0.207642,-0.165283,1.067017,-7.446289,-4.028320,-9.338379
32998,0.168701,-0.089111,1.178833,-6.591797,-3.906250,-10.498047
33008,0.159058,-0.212646,1.117676,-5.493164,-4.638672,-13.000488
33020,0.132812,-0.224609,1.014038,-3.479004,-4.760742,-14.221191
33029,0.097412,-0.198975,1.015259,-2.563477,-5.004883,-15.502930
33039,0.119751,-0.194092,0.978027,-1.464844,-4.882812,-15.869141
33049,0.154785,-0.285645,0.806274,-1.098633,-5.249023,-15.991211
33058,0.093994,-0.278320,0.773315,-1.831055,-5.371094,-15.502930
33068,0.144043,-0.114746,0.881104,-3.112793,-5.065918,-14.465332
33080,0.170532,-0.037109,0.917725,-4.760742,-3.784180,-10.986328
33090,0.076050,0.027832,1.019165,-5.065918,-3.173828,-9.155273
33099,0.075562,0.171997,1.133057,-4.882812,-2.929688,-7.812500
33109,-0.035034,0.170654,1.102539,-4.150391,-2.807617,-6.225586
33119,-0.022339,0.009033,1.036621,-3.234863,-2.136230,-4.394531
33128,-0.110840,-0.039429,0.973267,-2.258301,-0.793457,-2.319336
33138,-0.149170,0.033447,0.986694,-1.403809,-0.366211,0.000000
33148,-0.113525,0.015869,1.042114,-0.427246,0.244141,4.638672
33159,-0.048462,-0.220459,1.034790,1.098633,1.464844,7.141113
33169,-0.050659,-0.286865,1.066528,1.098633,2.014160,9.277344
33179,-0.016724,-0.150391,1.062256,0.793457,1.586914,10.742188
33188,-0.063232,-0.040649,1.062622,0.488281,0.610352,12.268066
33198,-0.047852,-0.054565,1.006714,0.488281,0.732422,13.305664
33208,-0.146484,-0.219238,0.826904,-0.488281,0.671387,14.160156
33220,-0.145386,0.077271,0.940186,-3.356934,2.563477,16.601562
33230,-0.083862,0.083374,0.990234,-4.333496,3.417969,17.639160
33240,-0.123657,0.111450,1.066528,-4.089355,3.540039,18.493652
33249,-0.099243,0.007935,1.097290,-2.868652,3.173828,18.920898
33259,-0.071777,-0.115601,1.058594,-1.708984,2.990723,18.737793
33268,0.009766,-0.283813,1.035278,-1.281738,1.770020,17.578125
33278,0.023682,-0.377075,1.003174,-0.976562,0.366211,15.869141
33291,0.008545,-0.231445,0.992432,-1.037598,-2.136230,12.695313
33301,0.062988,-0.258057,0.825928,-1.281738,-2.868652,11.535645
33310,0.083374,-0.212280,0.730591,-1.525879,-2.502441,10.681152
33320,0.103271,-0.375244,0.783691,-2.685547,-2.624512,10.375977
33329,0.067627,-0.286255,0.851685,-4.211426,-3.723145,9.277344
33339,0.099609,0.041870,1.002441,-4.516602,-4.821777,7.263184
33348,0.061646,-0.042236,1.017944,-3.540039,-5.676270,5.187988
33361,0.123779,-0.330444,0.842529,-2.685547,-7.568359,0.854492
33370,0.121216,-0.299194,0.946167,-3.295898,-8.483887,-1.403809
33380,0.177124,-0.198364,1.014771,-3.540039,-9.399414,-3.234863
33389,0.123901,-0.153809,0.966553,-3.295898,-9.521484,-4.211426
33399,0.089355,-0.168945,0.964722,-3.112793,-10.192871,-5.676270
33409,0.043823,-0.104004,1.061035,-3.051758,-10.192871,-7.080078
33418,0.028809,-0.086670,1.133789,-2.624512,-9.826660,-8.178711
33428,-0.067261,-0.161621,1.093384,-2.319336,-10.559082,-11.230469
33438,-0.031738,-0.289185,0.989502,-1.770020,-9.643555,-11.413574
33449,-0.093262,-0.120361,1.108765,-2.746582,-8.911133,-11.413574
33458,-0.086426,-0.002319,1.146362,-3.234863,-8.300781,-10.864258
33468,-0.030884,-0.019653,1.167603,-3.356934,-7.202148,-10.131836
33478,-0.038208,-0.122925,1.077026,-2.624512,-6.530762,-9.582520
33489,-0.035278,-0.176758,1.005371,-2.563477,-5.981445,-9.216309
33498,-0.119019,-0.218994,1.031738,-2.502441,-4.516602,-8.178711
33508,-0.170776,-0.160645,1.021362,-1.403809,-3.967285,-8.056641
33518,-0.127197,-0.186401,0.900024,-0.854492,-3.662109,-7.446289
33528,-0.172485,-0.265137,0.838745,-0.671387,-2.502441,-6.774902
33538,-0.088135,-0.174194,0.791260,-1.647949,-1.586914,-5.981445
33548,-0.171875,-0.235962,0.767578,-3.112793,-0.854492,-5.126953
33558,-0.160889,-0.115479,0.832520,-4.394531,0.061035,-4.150391
33570,-0.182617,0.102905,1.021973,-5.187988,1.281738,-4.455566
33580,-0.198608,0.084473,1.010620,-4.333496,2.014160,-5.065918
33589,-0.122192,0.017334,1.026489,-3.662109,2.441406,-5.798340
33599,-0.136108,0.026733,1.009888,-3.234863,3.051758,-6.286621
33608,-0.182739,0.026489,0.989502,-2.563477,2.990723,-6.286621
33618,-0.135376,-0.010986,0.978516,-1.525879,4.089355,-5.737305
33628,-0.123291,-0.074341,0.950562,-0.122070,5.187988,-4.882812
33638,-0.013184,-0.074829,1.026978,0.549316,5.432129,-3.845215
33650,0.058594,-0.173584,1.079834,1.220703,5.554199,-3.356934
33659,0.047119,-0.220093,1.028320,1.831055,5.126953,-2.868652
33669,0.063110,-0.321289,0.957153,2.563477,4.821777,-2.807617
33678,0.024292,-0.300293,0.935547,2.868652,4.760742,-2.990723
33688,0.002686,-0.188599,1.062500,2.746582,4.638672,-3.112793
33698,0.012939,-0.132812,1.108643,2.807617,4.211426,-3.723145
33708,0.022217,-0.140747,1.070557,2.868652,4.577637,-5.187988
33719,0.045410,-0.060059,1.105713,2.685547,4.150391,-5.676270
33729,0.048828,-0.095825,1.171509,2.929688,4.333496,-6.042480
33738,0.101440,-0.159546,1.138916,2.929688,4.272461,-6.286621
33748,0.067383,-0.156738,1.090088,2.563477,3.662109,-6.774902
33758,0.094360,-0.210083,1.030273,2.075195,3.295898,-7.080078
33768,0.006104,-0.281860,0.945435,1.892090,3.234863,-6.896973
33781,-0.019531,-0.197998,0.826050,-0.244141,3.173828,-6.042480
33790,-0.053345,-0.128784,0.787598,-0.732422,4.089355,-4.760742
33800,-0.124756,-0.077148,0.850952,-1.586914,5.493164,-2.502441
33809,-0.068359,-0.048706,0.901001,-1.831055,7.263184,0.488281
33819,-0.080811,-0.071655,1.049927,-1.220703,8.361816,2.868652
33829,-0.075562,-0.194580,1.040527,0.183105,8.239746,4.211426
33838,-0.039551,-0.281982,0.917969,1.037598,7.751465,4.211426
33848,-0.036865,-0.390747,0.827026,1.220703,6.896973,3.845215
33859,0.037720,-0.290527,0.862305,-0.122070,4.821777,2.197266
33869,0.069458,-0.266235,0.900879,-0.122070,5.004883,2.319336
33878,-0.008057,-0.286133,0.974731,-0.122070,5.065918,3.112793
33888,-0.026733,-0.286133,1.000122,-0.061035,5.615234,3.662109
33899,0.054443,-0.136963,1.041260,0.061035,6.652832,4.211426
33908,0.010986,-0.159180,1.104004,0.549316,6.469727,4.455566
33921,0.110107,-0.360596,0.812866,0.976562,4.821777,4.516602
33930,0.145386,-0.250000,0.856934,-0.183105,3.906250,5.004883
33940,0.154541,-0.138306,0.943970,-1.403809,2.624512,5.615234
33949,0.120117,-0.020996,0.989502,-2.136230,1.647949,6.408691
33958,0.057739,-0.079224,1.071411,-1.831055,1.586914,7.141113
33968,-0.012085,-0.142944,1.070190,-1.464844,2.075195,7.446289
33979,0.016357,-0.141724,1.089722,-1.342773,2.441406,6.713867
33988,0.001465,-0.121094,1.096924,-1.770020,0.305176,1.770020
33999,0.060791,-0.041992,0.999390,-2.563477,-1.098633,-0.427246
34009,0.076050,-0.007080,1.016113,-3.417969,-1.159668,-1.464844
34018,0.061890,-0.000366,1.076904,-4.211426,-1.953125,-1.464844
34028,0.076538,0.097046,1.099243,-4.333496,-0.915527,-0.671387
34038,0.056152,0.121704,1.062500,-4.272461,-0.549316,0.854492
34048,0.068359,0.026611,1.094849,-3.601074,-0.427246,1.586914
34061,0.043335,-0.045044,1.005371,-2.746582,-0.244141,2.014160
34070,0.021851,-0.081787,0.997803,-2.014160,-1.220703,1.464844
34080,0.029419,-0.144287,0.990967,-1.342773,-1.220703,1.647949
34089,-0.025513,-0.173828,0.923584,-0.671387,-1.525879,2.380371
34099,0.006714,-0.183594,0.794189,-0.427246,-0.976562,2.807617
34109,-0.044678,-0.163696,0.765869,-0.610352,-1.098633,3.845215
34119,0.019287,-0.268677,0.704956,-1.647949,-0.366211,5.004883
34129,0.022827,-0.262573,0.732056,-2.502441,-1.098633,5.371094
34138,-0.008179,-0.261841,0.908203,-2.807617,-1.220703,5.798340
34148,0.032959,-0.163330,1.004028,-2.807617,-1.098633,5.187988
34159,0.007568,-0.067139,1.060303,-2.868652,-1.525879,4.455566
34168,-0.016357,-0.112305,1.089111,-2.136230,-1.892090,3.967285
34178,0.023926,-0.093262,1.078613,-1.220703,-2.075195,3.540039
34188,0.044922,-0.134521,1.045044,-0.305176,-2.807617,3.417969
34198,0.076050,-0.173462,1.088867,0.366211,-3.356934,3.417969
34209,0.084961,-0.064941,1.081787,0.671387,-4.638672,3.356934
34219,0.023560,-0.159546,0.968262,1.098633,-4.699707,3.540039
34228,0.028076,-0.197754,0.901245,0.854492,-4.394531,3.356934
34238,0.000610,-0.112549,0.957397,-0.061035,-4.089355,2.990723
34248,-0.027710,-0.072266,0.949463,-1.220703,-4.150391,2.929688
34258,-0.059082,-0.042480,0.981689,-1.953125,-5.126953,2.380371
34268,0.015747,0.017334,1.078491,-2.502441,-4.699707,1.647949
34279,0.012939,-0.078247,1.184326,-2.075195,-5.310059,1.525879
34289,0.003540,-0.164673,1.141479,-1.403809,-5.676270,1.403809
34298,0.044189,-0.217651,1.119385,-0.976562,-4.821777,2.075195
34308,0.040771,-0.236206,1.078491,-0.793457,-4.333496,2.563477
34317,0.097412,-0.199951,0.973389,-1.220703,-5.798340,3.234863
34328,-0.011475,-0.251221,0.854004,-0.854492,-5.187988,3.906250
34338,-0.032837,-0.314575,0.781616,-1.098633,-5.493164,4.455566
34347,-0.066284,-0.322998,0.778809,-2.929688,-5.004883,4.455566
34358,-0.102417,-0.002686,1.044556,-3.723145,-4.943848,3.601074
34367,-0.069336,-0.010864,1.101807,-3.417969,-4.943848,2.807617
34378,-0.171875,-0.020386,1.048706,-2.075195,-4.943848,2.380371
34388,-0.113770,-0.134521,1.029175,-0.366211,-4.394531,1.525879
34398,-0.077271,-0.229492,0.991699,0.671387,-3.967285,1.037598
34408,-0.061035,-0.233887,0.984253,1.159668,-4.028320,-0.915527
34418,-0.061523,-0.238159,0.934814,0.671387,-5.249023,-1.586914
34428,-0.011963,-0.214355,0.887207,0.366211,-4.455566,-1.831055
34438,-0.012695,-0.168213,0.973877,-0.854492,-4.821777,-2.441406
34448,-0.005249,-0.077637,1.099609,-1.647949,-3.417969,-2.929688
34458,-0.020752,-0.067383,1.096436,-2.380371,-3.784180,-3.601074
34468,-0.019775,-0.085327,1.033813,-2.441406,-4.150391,-4.638672
34478,0.013916,-0.019653,1.102905,-2.563477,-3.051758,-5.798340
34489,0.009033,0.034424,1.119385,-2.075195,-4.089355,-6.530762
34499,0.019653,-0.043091,1.090088,-1.098633,-4.455566,-7.934570
34509,0.006592,-0.054321,1.044800,-0.183105,-4.455566,-9.277344
34518,0.036011,-0.064453,1.070923,0.183105,-4.455566,-11.047363
34528,0.037109,-0.102417,1.123535,0.671387,-4.638672,-12.634277
34538,0.116943,-0.203979,1.058716,0.976562,-4.455566,-13.793945
34550,0.141724,-0.120483,1.153198,-0.183105,-3.906250,-14.648438
34560,0.100586,-0.086426,1.116943,-0.732422,-3.784180,-15.014648
34570,0.036865,-0.105591,1.001953,-0.732422,-3.906250,-15.502930
34580,0.041504,-0.131226,0.946533,-0.427246,-3.784180,-16.113281
34590,0.034424,-0.147461,0.912109,-0.366211,-4.028320,-16.723633
34599,0.000854,-0.177734,0.916626,-0.366211,-4.577637,-17.211914
34608,0.014648,-0.129639,0.939575,-0.183105,-3.601074,-17.150879
34618,0.055298,-0.084839,0.896118,-0.366211,-3.051758,-16.540527
34628,0.015137,-0.121948,0.875732,-0.793457,-2.441406,-16.540527
34638,0.029907,-0.106079,0.842407,-1.159668,-1.281738,-16.113281
34648,-0.048218,-0.136719,0.908081,-1.220703,-0.427246,-15.686035
34658,-0.091675,-0.029053,0.964355,-1.831055,0.122070,-15.258789
34667,-0.042480,0.050781,1.057617,-2.685547,0.976562,-14.343262
34678,-0.125610,-0.015503,1.093750,-2.014160,2.075195,-13.000488
34688,-0.075195,0.015625,1.018433,0.000000,3.540039,-10.070801
34698,-0.097534,-0.103516,1.077148,0.244141,4.638672,-8.666992
34707,-0.135742,-0.161255,0.953979,0.244141,4.760742,-7.263184
34718,-0.043457,-0.270996,0.811035,0.549316,5.493164,-6.286621
34728,-0.037231,-0.265625,0.824829,0.000000,5.737305,-5.004883
34738,-0.085449,-0.221191,0.902832,-1.098633,6.225586,-4.516602
34747,-0.004150,-0.057983,1.015015,-2.136230,7.080078,-3.662109
34759,-0.044678,-0.134888,1.085327,-1.892090,6.469727,-2.380371
34768,-0.017456,-0.144653,1.075806,-2.075195,7.507324,-1.586914
34778,0.008301,-0.053955,1.099854,-2.075195,8.239746,-1.220703
34788,-0.004395,-0.189575,1.028442,-1.342773,7.263184,-0.549316
34798,-0.043335,-0.182007,0.943237,-1.281738,6.408691,0.549316
34808,0.060669,-0.223755,0.994629,-1.464844,7.080078,1.770020
34817,-0.027710,-0.181152,1.013672,-1.953125,7.629395,3.173828
34829,0.044312,-0.058472,0.977295,-3.234863,8.239746,5.798340
34839,-0.015991,-0.244873,0.843628,-3.723145,8.178711,6.652832
34848,0.002197,-0.162476,0.960327,-4.821777,8.056641,7.263184
34858,-0.022461,0.058594,1.022583,-5.615234,7.263184,7.202148
34868,-0.120850,0.026489,1.116577,-4.821777,6.774902,7.446289
34877,-0.140991,-0.046143,1.014771,-3.479004,6.774902,7.629395
34888,-0.036377,-0.086060,0.929077,-2.624512,7.751465,8.178711
34898,-0.095215,-0.126953,0.995728,-2.319336,7.385254,8.361816
34909,0.004639,-0.040283,0.960083,-2.258301,6.164551,8.117676
34919,0.001221,-0.113159,0.948608,-1.586914,5.737305,7.873535
34928,0.045776,-0.182251,0.907227,-1.464844,5.493164,7.446289
34937,0.042480,-0.085815,0.932007,-1.892090,4.821777,7.446289
34948,0.032104,-0.047607,0.908447,-2.258301,4.516602,7.385254
34958,0.040527,-0.083984,0.962646,-2.624512,4.394531,7.629395
34968,0.021606,-0.053223,0.974243,-2.990723,3.662109,7.324219
34977,0.050415,0.118042,1.103027,-2.441406,3.295898,6.591797
34988,0.023193,-0.016235,1.172119,-0.793457,2.868652,5.981445
34997,0.042114,-0.140015,1.117432,0.671387,2.868652,5.737305
35008,0.062866,-0.196289,1.077515,1.342773,2.014160,5.554199
35017,0.091919,-0.141968,1.131470,1.708984,1.586914,5.432129
35028,0.103149,-0.121460,1.103516,2.075195,1.037598,5.310059
35039,0.075684,-0.164795,1.047241,3.295898,0.183105,5.126953
35048,0.050049,-0.115723,1.067871,3.295898,0.000000,5.126953
35058,0.057129,-0.125732,1.063477,3.601074,-0.305176,4.455566
35067,0.067993,-0.217651,0.989014,4.089355,-1.342773,3.295898
35078,0.141357,-0.299927,0.801147,3.784180,-2.258301,2.075195
35087,0.121704,-0.272217,0.703613,2.685547,-3.417969,0.732422
35098,0.138550,-0.200195,0.736816,1.464844,-4.333496,-0.427246
35107,0.125854,-0.077881,0.819702,0.122070,-5.065918,-1.831055
35119,0.071899,-0.063477,0.955200,-0.854492,-5.004883,-3.356934
35129,0.010864,-0.133545,1.036987,-0.488281,-4.699707,-3.967285
35139,0.006714,-0.086304,1.057373,-0.183105,-4.760742,-4.821777
35148,0.002197,-0.144653,1.139038,0.000000,-4.394531,-5.065918
35158,0.049683,-0.071289,1.153320,-0.549316,-4.821777,-5.004883
35167,0.023804,0.060181,1.126587,-0.793457,-5.004883,-4.943848
35179,-0.020020,-0.084351,1.080811,1.037598,-3.906250,-4.150391
35189,-0.099854,-0.055908,1.089844,1.464844,-3.723145,-3.784180
35198,-0.070557,-0.097656,1.083374,2.075195,-2.929688,-3.906250
35208,-0.072876,-0.108276,0.998413,2.258301,-2.502441,-3.906250
35217,-0.123779,-0.226196,0.942017,2.807617,-2.258301,-3.540039
35228,-0.139526,-0.175903,0.936279,2.563477,-2.075195,-3.723145
35238,-0.121826,-0.202026,0.998779,1.953125,-1.464844,-3.417969
35247,-0.087524,-0.166870,0.974609,1.647949,-1.037598,-2.868652
35259,-0.014038,-0.328125,0.830322,0.305176,0.671387,-0.488281
35268,0.038086,-0.176392,0.852783,-1.708984,0.854492,0.549316
35278,0.001465,-0.095459,0.952271,-3.662109,0.488281,1.464844
35287,0.096191,-0.130859,0.812744,-5.187988,0.427246,2.258301
35298,-0.014893,-0.124512,0.859253,-6.835937,0.000000,3.173828
35308,-0.017944,0.023071,0.927856,-8.911133,-0.183105,3.662109
35317,-0.002441,0.110474,1.005859,-10.498047,0.183105,4.150391
35329,-0.088257,0.073486,1.154419,-10.559082,0.732422,5.004883
35338,-0.030273,0.026978,1.187744,-8.544922,0.488281,4.760742
35348,-0.067017,0.050171,1.212036,-6.896973,0.061035,4.577637
35357,-0.093506,0.078003,1.171143,-4.943848,0.366211,3.967285
35367,-0.057373,-0.096680,1.124512,-2.929688,0.793457,3.479004
35378,-0.057251,-0.251831,1.091309,-1.159668,0.549316,2.746582
35388,-0.081787,-0.233398,1.009277,-0.427246,0.122070,0.671387
35397,-0.018799,-0.218994,0.944336,-0.549316,-0.244141,-0.732422
35408,0.028320,-0.227173,0.847656,-0.854492,-0.793457,-1.892090
35418,0.004883,-0.175171,0.879272,-1.342773,-0.854492,-2.746582
35428,0.041260,-0.112061,1.013306,-1.953125,-0.854492,-3.173828
35437,0.027466,-0.071899,1.079468,-2.319336,-1.037598,-3.295898
35448,0.031860,-0.124634,1.120728,-2.014160,-0.793457,-3.417969
35458,0.032715,-0.140381,1.078125,-1.708984,-0.732422,-3.906250
35468,-0.017212,-0.181519,0.857300,-2.380371,0.305176,-4.089355
35479,-0.035889,-0.143433,0.811157,-3.173828,0.549316,-4.211426
35488,-0.032471,-0.131348,0.817383,-3.845215,0.793457,-4.089355
35498,-0.034302,-0.071533,0.863525,-4.943848,0.183105,-4.150391
35508,0.015991,-0.024902,0.936768,-5.798340,0.061035,-4.333496
35517,-0.048218,0.051147,1.015747,-6.530762,-0.183105,-4.150391
35527,-0.006958,0.026489,1.033691,-6.286621,1.037598,-3.906250
35539,-0.020630,-0.069702,0.950562,-4.394531,2.136230,-2.929688
35549,-0.031982,0.039429,1.080200,-3.784180,1.403809,-3.173828
35558,0.037231,0.086060,1.112915,-2.502441,1.647949,-3.234863
35568,-0.048828,-0.053833,1.036499,-1.159668,1.220703,-3.234863
35577,-0.033447,-0.186523,0.992554,0.061035,1.464844,-3.417969
35588,0.023804,-0.232422,0.896973,0.610352,1.831055,-3.051758
35597,-0.008301,-0.256592,1.050171,0.427246,1.770020,-2.258301
35607,0.053101,-0.223755,1.139160,-0.732422,2.319336,-0.427246
35618,0.065796,-0.255737,1.046387,-1.159668,2.380371,0.671387
35627,0.038208,-0.112793,1.037476,-1.647949,1.770020,0.732422
35638,0.097534,-0.095825,1.123413,-2.502441,1.281738,0.366211
35647,0.049438,-0.104004,1.090088,-2.563477,0.549316,0.000000
35658,0.044434,-0.095947,1.061768,-2.441406,-0.122070,-0.732422
35668,0.043579,-0.140137,1.020508,-1.708984,-0.244141,-1.403809
35679,0.049072,-0.231689,1.041992,-1.342773,-0.610352,-1.770020
35689,0.105347,-0.096313,0.957153,-1.892090,-1.037598,-1.953125
35698,0.070190,-0.134399,0.933472,-2.624512,-1.647949,-1.770020
35708,0.029419,-0.070923,0.933960,-3.112793,-2.014160,-1.892090
35717,0.033569,0.094971,0.983887,-3.540039,-1.647949,-2.075195
35728,-0.006226,0.036011,1.101074,-3.601074,-1.586914,-2.197266
35738,-0.062134,0.071289,1.144043,-2.868652,-1.220703,-2.563477
35747,-0.042480,0.055176,1.125122,0.671387,-0.061035,-2.441406
35758,-0.036987,-0.080200,1.006470,1.647949,-0.366211,-2.380371
35768,-0.080688,-0.062988,0.949341,2.380371,-0.732422,-2.380371
35778,-0.036255,-0.096436,0.876465,2.990723,-0.122070,-2.258301
35787,-0.044556,-0.196411,0.855469,3.356934,0.061035,-1.464844
35798,-0.067993,-0.263916,0.845703,3.784180,0.549316,-0.671387
35807,-0.059814,-0.239014,0.899292,3.662109,0.610352,0.183105
35819,-0.028931,-0.298706,0.967773,3.173828,1.403809,1.831055
35829,-0.068848,-0.286133,1.029419,2.685547,1.892090,2.136230
35838,-0.025146,-0.226440,1.108276,2.075195,2.014160,1.708984
35848,-0.028198,-0.183594,1.074341,2.441406,2.258301,1.281738
35858,-0.032349,-0.194336,1.060913,3.173828,2.258301,0.610352
35868,0.011230,-0.236816,1.094849,3.906250,2.258301,-0.061035
35879,-0.026123,-0.224609,1.070313,3.845215,2.197266,-0.976562
35888,0.024658,-0.180664,0.890991,3.906250,2.563477,-1.159668
35898,0.067871,-0.208740,0.813965,3.417969,2.807617,-0.854492
35908,0.067017,-0.104858,0.832886,1.953125,2.990723,-0.671387
35917,0.058350,0.007446,0.895386,0.610352,1.831055,-1.220703
35927,0.000732,0.139160,0.974609,-0.549316,1.098633,-1.831055
35938,-0.022339,0.153076,0.993896,-1.159668,1.098633,-2.197266
35948,-0.035034,0.078003,0.984253,-1.281738,2.197266,-1.647949
35957,-0.115112,0.079712,0.992676,-1.708984,3.295898,-1.281738
35968,-0.097412,0.114746,1.161743,-1.342773,3.417969,-0.854492
35978,-0.113647,0.044067,1.088257,-0.915527,3.479004,-0.427246
35987,-0.113525,-0.018555,1.119263,-0.488281,3.784180,-0.183105
35998,-0.111694,-0.069824,1.063599,-0.305176,3.845215,0.000000
36008,-0.118408,-0.080200,0.952393,-0.061035,4.394531,0.305176
36017,0.031982,-0.060669,0.860962,0.000000,4.821777,0.732422
36029,0.107544,-0.029053,0.927612,-0.061035,3.906250,2.258301
36038,0.078369,-0.075073,0.979370,-0.610352,3.051758,2.807617
36047,0.103271,-0.134888,0.986206,-0.976562,2.380371,3.662109
36058,0.119995,-0.242676,0.864990,-1.464844,2.746582,4.943848
36067,0.120728,-0.258423,0.845703,-2.624512,2.929688,6.042480
36077,0.119751,-0.086426,0.832153,-4.394531,2.868652,6.530762
36089,0.080566,0.026611,1.016113,-5.371094,0.671387,5.798340
36098,-0.001831,0.006104,1.090942,-5.004883,0.610352,5.065918
36108,-0.054443,-0.098389,1.144775,-4.394531,0.854492,4.577637
36118,-0.089233,-0.120850,1.162109,-3.967285,1.037598,4.150391
36128,-0.053223,-0.090332,1.157837,-3.723145,1.220703,3.845215
36138,-0.059937,-0.085693,1.143433,-3.173828,1.220703,4.028320
36147,-0.029297,-0.048706,1.022461,-2.502441,0.915527,3.967285
36159,-0.001953,-0.105469,0.960327,-0.854492,-0.305176,3.479004
36169,0.031372,-0.167114,0.848022,-0.915527,-0.183105,3.723145
36178,0.038940,-0.144775,0.861938,-0.915527,0.000000,4.211426
36187,0.038574,-0.109619,0.901123,-1.403809,0.061035,4.760742
36198,-0.001587,-0.113159,0.931152,-1.159668,0.915527,5.493164
36208,-0.040161,-0.136230,0.986816,-1.037598,0.671387,5.981445
36217,-0.058105,-0.137329,1.024658,-1.037598,0.854492,5.981445
36230,-0.079468,-0.135986,1.076660,-0.549316,0.732422,5.371094
36239,-0.058594,-0.133057,1.036133,-0.732422,0.183105,4.577637
36249,-0.056519,-0.096558,1.076782,-0.915527,-0.061035,3.906250
36259,-0.016968,-0.068481,0.982422,-1.159668,0.000000,3.417969
36268,0.018188,-0.114502,0.973145,-1.403809,0.000000,2.868652
36278,0.041382,-0.079834,0.941284,-1.770020,0.000000,2.319336
36287,0.059692,-0.030518,0.987549,-1.953125,0.183105,1.892090
36299,0.050415,-0.008301,1.004150,-1.892090,-0.915527,0.610352
36308,0.023804,-0.052734,1.043823,-1.342773,-1.220703,0.000000
36318,0.080078,-0.040894,1.069946,-0.976562,-1.159668,-0.549316
36327,0.029419,0.010620,1.183228,-0.366211,-0.732422,-1.098633
36337,0.066162,-0.006104,1.144897,0.183105,-1.342773,-1.647949
36348,0.041992,-0.090088,1.070313,1.098633,-1.708984,-2.197266
36363,0.030273,-0.190796,1.032959,1.770020,-2.319336,-3.479004
36372,0.024048,-0.148926,1.040161,1.281738,-2.807617,-4.272461
36382,-0.024414,-0.183350,0.952759,0.427246,-2.624512,-4.577637
36391,0.008057,-0.235840,0.828247,-0.122070,-2.136230,-4.699707
36401,0.029907,-0.168335,0.840454,-1.403809,-1.831055,-4.394531
36411,0.055664,-0.086060,0.858032,-2.319336,-1.647949,-4.150391
36420,0.014648,-0.057983,0.919678,-2.502441,-1.403809,-4.089355
36430,0.052246,-0.066406,0.973022,-2.197266,-0.915527,-3.479004
36439,0.010254,0.005371,0.983154,-1.831055,-0.732422,-3.173828
36449,0.003174,-0.073975,1.012329,-0.549316,-0.488281,-2.807617
36458,-0.039063,-0.111084,0.981445,0.366211,-0.244141,-2.746582
36468,0.022949,-0.165649,0.850464,0.915527,-0.366211,-2.990723
36477,0.023437,-0.256592,0.821777,0.549316,-0.732422,-2.990723
36487,0.093628,-0.220459,0.962524,-0.854492,-0.854492,-3.295898
36498,0.061890,-0.008301,0.923584,-2.441406,-1.037598,-3.540039
36507,0.029419,-0.001953,0.926636,-3.540039,-1.464844,-3.662109
36519,-0.000488,-0.048584,0.941650,-3.845215,-0.976562,-3.112793
36528,-0.037964,0.026001,1.085938,-4.394531,-0.549316,-2.685547
36538,-0.034546,0.003906,1.122803,-3.845215,-0.488281,-2.441406
36548,-0.025513,-0.068359,1.021362,-3.051758,-0.122070,-1.953125
36557,-0.012451,-0.082397,0.971436,-2.563477,0.366211,-1.403809
36567,0.029663,-0.065063,1.050293,-2.563477,0.549316,-0.976562
36579,0.020142,-0.030396,1.084351,-2.380371,0.061035,-0.366211
36588,-0.010376,-0.138306,0.975098,-2.380371,0.122070,0.000000
36598,0.009399,-0.192993,0.897095,-2.441406,0.244141,0.366211
36607,-0.001221,-0.152344,0.951904,-3.112793,-0.183105,0.732422
36617,0.047607,-0.071777,1.004517,-4.028320,-0.183105,0.488281
36627,-0.029053,-0.048584,1.012695,-4.638672,-0.488281,0.183105
36637,0.011230,-0.019897,0.952515,-4.943848,-0.671387,0.183105
36649,-0.032227,-0.006104,0.987915,-4.882812,-0.183105,0.610352
36658,-0.020386,-0.090820,1.065186,-4.150391,0.244141,1.098633
36668,-0.011719,-0.100220,1.021362,-3.784180,0.610352,1.586914
36677,0.009644,-0.157593,0.962158,-3.723145,0.854492,1.831055
36688,-0.002930,-0.169189,0.904663,-3.662109,0.549316,1.831055
36697,0.021240,-0.120483,0.915039,-3.784180,0.000000,1.281738
36708,-0.027588,-0.073364,0.961304,-4.272461,-0.305176,0.732422
36717,-0.062256,-0.076050,0.998535,-4.516602,-0.183105,-15.625000
36727,-0.048950,-0.037354,1.016724,-4.150391,0.488281,-0.610352
36738,-0.053467,-0.063477,1.003296,-3.540039,0.427246,-0.549316
36747,-0.010132,-0.086060,1.019043,-3.051758,0.427246,-0.793457
36757,0.047485,-0.069702,1.044189,-2.624512,0.122070,-0.915527
36768,0.027100,-0.126343,1.032104,-1.953125,0.671387,-1.159668
36777,0.067627,-0.185181,0.922363,-1.220703,0.549316,-1.525879
36788,0.026245,-0.130371,0.887085,-1.525879,0.122070,-1.586914
36798,0.048828,-0.147705,0.870850,-1.953125,-0.244141,-1.708984
36808,0.036987,-0.064087,0.968628,-2.441406,0.427246,-1.525879
36817,-0.040039,-0.060547,0.992065,-2.746582,0.610352,-0.671387
36827,-0.050659,-0.070435,0.939941,-2.929688,0.671387,0.122070
36837,-0.064209,-0.035400,0.988281,-2.929688,1.586914,0.915527
36848,-0.039307,-0.029785,1.076294,-2.990723,1.342773,1.403809
36857,-0.038330,-0.026001,1.093872,-2.929688,1.342773,1.831055
36867,-0.033203,-0.013794,1.072144,-2.807617,1.525879,2.502441
36878,-0.016724,-0.015015,1.101318,-2.746582,1.342773,2.807617
36888,0.010498,-0.006714,1.109131,-2.380371,1.342773,2.868652
36897,0.024536,-0.016357,1.122925,-1.525879,1.831055,3.356934
36907,-0.006226,-0.051392,1.105469,-1.037598,1.342773,3.601074
36918,0.064819,-0.033081,1.155273,-0.427246,1.281738,3.601074
36927,0.022095,-0.016113,1.187256,0.183105,0.732422,3.051758
36937,0.013550,-0.103760,1.120605,1.342773,-0.061035,2.014160
36947,0.019165,-0.099731,1.062256,1.159668,-0.305176,1.770020
36957,0.014160,-0.079224,1.047241,1.403809,-0.061035,1.525879
36967,0.006104,-0.124634,0.981689,1.647949,-0.183105,1.342773
36977,-0.007202,-0.135498,0.977539,1.953125,0.122070,1.037598
36987,0.006104,-0.062134,1.022095,1.586914,0.061035,0.915527
36998,-0.002563,-0.040161,1.087891,1.953125,0.122070,0.183105
37008,0.005615,-0.095703,0.955322,2.441406,0.244141,-0.061035
37018,0.053101,-0.193970,0.868164,2.929688,0.061035,-0.183105
37027,0.041504,-0.221313,0.824585,2.868652,-0.061035,-0.488281
37037,0.040527,-0.140625,0.846436,1.708984,-0.854492,-1.037598
37047,0.040283,-0.081543,0.898437,0.488281,-1.525879,-1.892090
37057,0.004761,-0.028076,0.934204,0.061035,-1.647949,-2.258301
37067,0.010498,0.026123,0.991943,0.122070,-0.915527,-2.380371
37079,-0.047852,-0.100830,1.032349,0.305176,-0.183105,-1.831055
37088,-0.027710,-0.129272,1.005371,1.647949,-0.061035,-1.708984
37098,-0.004761,-0.149658,0.971191,2.075195,0.000000,-1.831055
37107,0.053833,-0.159424,0.885254,2.136230,-0.366211,-2.014160
37118,0.066895,-0.136108,0.874634,1.892090,-1.037598,-2.380371
37127,0.068848,-0.096802,0.862305,1.586914,-1.403809,-2.807617
37137,0.070312,-0.155762,0.912476,1.159668,-1.464844,-3.051758
37147,0.043091,-0.182007,0.852417,-0.305176,-0.854492,-2.624512
37158,0.055786,0.027344,1.069336,-1.586914,-0.671387,-2.563477
37168,0.030640,0.022949,1.133301,-1.831055,-0.915527,-2.258301
37177,-0.030884,-0.041870,1.052612,-1.464844,-0.671387,-1.953125
37187,-0.013428,-0.052246,1.056519,-1.037598,-0.305176,-1.403809
37197,-0.002686,-0.089600,1.121948,-1.159668,-0.244141,-1.281738
37207,-0.005981,-0.095337,1.155884,-1.892090,-0.366211,-1.220703
37217,-0.022217,-0.109741,1.094971,-2.807617,-0.183105,-1.037598
37227,0.040405,-0.205688,0.841553,-3.662109,-0.122070,-1.098633
37237,0.034912,-0.210449,0.853638,-4.638672,-0.305176,-1.403809
37247,0.022339,-0.200562,0.882080,-5.554199,-0.488281,-1.892090
37257,0.014771,-0.239990,0.973755,-6.286621,-0.915527,-2.502441
37267,-0.030884,-0.294556,1.113159,-7.202148,-0.976562,-3.479004
37277,0.000122,-0.010620,1.069214,-11.108398,-1.037598,-4.638672
37286,0.118286,-1.110840,-0.768677,-12.023926,-1.831055,-5.798340
37298,0.165894,0.389893,0.358521,-25.634766,-4.089355,-6.408691
37307,-0.212769,0.310547,-0.256836,-30.700684,-4.760742,-8.850098
37317,-0.025024,0.879883,0.181152,-34.729004,-4.333496,-9.399414
37327,-0.107544,0.854614,0.779053,-33.691406,-3.051758,-9.399414
37337,-0.091309,0.398560,1.032959,-30.883789,-3.173828,-10.253906
37347,-0.156250,0.315552,0.986206,-32.653809,-1.770020,-10.681152
37356,0.058228,0.739990,1.065308,-37.170410,0.000000,-6.652832
37368,0.204590,0.630127,1.108398,-34.851074,2.685547,-3.601074
37377,0.166382,0.268677,1.195679,-30.273437,1.403809,-2.075195
37387,0.098633,0.248047,1.470215,-27.221680,-1.281738,-1.770020
37397,0.170044,0.885864,2.499268,-24.169922,-2.807617,-2.197266
37407,0.075073,1.065430,2.217163,-19.958496,-4.089355,-1.037598
37417,0.099854,0.634644,1.140503,-11.596680,-3.479004,1.098633
37429,0.195190,-0.070557,1.737061,8.239746,-0.183105,2.746582
37439,0.038452,-0.185669,1.825073,10.681152,-2.258301,0.915527
37448,-0.079224,-0.289185,0.996338,6.408691,-4.394531,-2.258301
37458,-0.181763,0.109741,0.146362,-0.610352,-5.004883,-4.455566
37468,-0.126587,1.499756,0.762817,-5.554199,-3.112793,-4.821777
37477,-0.299683,1.356323,1.225220,-4.821777,-0.549316,-3.173828
37487,-0.312622,0.577637,1.084106,0.183105,0.854492,-2.441406
37496,-0.117676,0.191528,0.898071,2.746582,1.708984,-5.065918
37508,0.112061,1.218750,1.302368,-3.479004,1.831055,-5.493164
37518,0.017822,1.054810,1.412964,-2.197266,-0.671387,-6.469727
37527,-0.046265,0.394043,0.808228,1.647949,-2.502441,-7.385254
37537,0.048706,0.131958,0.610107,3.845215,-1.892090,-7.751465
37546,0.134155,0.853516,1.248535,0.976562,0.183105,-7.263184
37557,-0.004272,1.239014,1.460205,-3.112793,1.037598,-5.310059
37566,-0.045776,0.481323,0.700684,-2.075195,1.098633,-4.272461
37578,0.122314,0.736084,0.866211,-0.244141,1.342773,-4.455566
37587,0.056763,0.839722,1.459229,-1.586914,1.342773,-3.173828
37597,-0.076050,0.472290,1.420776,-1.770020,0.915527,-1.586914
37606,-0.050171,0.208740,0.874268,-0.244141,0.854492,-0.854492
37617,0.038452,0.461304,0.678711,0.427246,1.831055,-1.220703
37626,0.083496,0.701172,1.006470,-0.793457,1.831055,-1.831055
37639,-0.137085,0.272583,1.024414,-1.403809,0.854492,-3.845215
37648,0.002441,0.407837,0.598877,-1.647949,1.281738,-5.371094
37658,0.066772,0.863159,0.697021,-2.258301,2.868652,-5.554199
37667,0.060181,0.922119,1.232788,-1.586914,3.479004,-4.943848
37677,0.036133,0.572021,1.374146,-0.305176,2.563477,-5.004883
37687,0.080200,0.261230,0.900146,-0.244141,0.427246,-6.164551
37697,0.164551,0.483521,0.691284,-0.732422,0.488281,-7.080078
37706,0.146240,0.914795,1.065918,-1.770020,0.366211,-6.896973
37718,-0.134033,0.442505,1.021362,-2.502441,-0.671387,-6.958008
37728,-0.004150,0.576660,0.864990,-1.831055,-0.610352,-7.812500
37737,0.057617,0.877319,0.936646,-2.868652,0.061035,-8.483887
37746,0.088379,1.053711,1.239746,-3.356934,0.427246,-7.995605
37757,0.008667,0.823364,1.236816,-2.685547,0.244141,-7.446289
37767,0.044189,0.431885,0.895874,-1.220703,-0.305176,-7.690430
37779,0.102051,0.822388,1.051758,-2.014160,0.122070,-8.605957
37788,0.038330,0.799438,1.253662,-2.746582,-0.305176,-8.605957
37798,-0.059326,0.512451,1.100220,-2.502441,-0.976562,-8.972168
37808,-0.001221,0.441406,0.730103,-1.831055,-1.281738,-10.192871
37817,0.012329,0.661011,0.892578,-1.525879,-0.488281,-11.047363
37827,-0.017212,0.712402,1.108032,-1.403809,-0.488281,-10.620117
37837,-0.112427,0.546021,1.276367,-0.915527,-0.061035,-9.826660
37847,-0.123657,0.312012,0.937378,-1.586914,2.014160,-8.911133
37858,-0.133789,0.992920,0.819458,-2.685547,2.441406,-8.300781
37868,-0.159058,0.748291,1.009399,-1.464844,2.746582,-7.873535
37877,-0.152222,0.626221,1.034668,-2.380371,2.746582,-7.873535
37887,-0.099854,0.638428,0.958740,-2.624512,2.685547,-7.873535
37897,-0.068726,0.865479,0.995728,-3.417969,3.356934,-7.568359
37908,-0.029785,1.004883,1.107544,-3.051758,5.126953,-5.432129
37918,0.018188,0.697876,0.880859,-2.380371,5.493164,-4.455566
37927,0.079346,0.767822,0.938110,-2.746582,5.676270,-3.906250
37937,0.121948,0.867432,1.050415,-3.356934,5.554199,-3.295898
37947,0.153687,0.826904,1.035767,-3.479004,5.432129,-2.014160
37957,0.085449,0.823486,1.054077,-3.234863,4.760742,-1.159668
37967,0.201172,0.946655,1.042236,-3.234863,3.234863,-1.525879
37977,0.243286,0.691772,0.953979,-0.854492,1.892090,-1.342773
37989,0.183960,0.668457,1.043823,0.244141,2.563477,2.441406
37998,0.117676,0.183960,0.750366,2.807617,4.089355,4.943848
38008,0.188354,0.281860,0.993896,4.882812,5.432129,6.225586
38017,0.084229,0.249268,1.216919,6.835937,4.150391,5.981445
38027,0.028442,0.242310,1.134766,6.347656,2.319336,4.699707
38037,-0.100586,-0.055908,0.933105,9.399414,1.586914,4.028320
38046,-0.042480,0.073975,0.882202,11.169434,1.220703,2.319336
38059,-0.080566,0.107910,0.818481,13.000488,1.220703,1.586914
38068,-0.030396,-0.175049,1.193115,12.634277,1.464844,1.708984
38078,0.142944,-0.253540,1.806519,11.840820,1.647949,2.380371
38087,0.186157,-1.185181,2.115601,12.939453,1.159668,2.319336
38097,0.190186,-0.889404,2.139404,11.718750,-0.854492,1.159668
38107,0.069946,-0.694702,1.790894,10.681152,-3.479004,0.793457
38116,-0.045410,-0.181885,0.930786,11.230469,-5.126953,1.037598
38129,0.139282,0.282227,0.086670,12.451172,-2.136230,3.112793
38138,0.127197,0.278809,0.347900,10.864258,-2.868652,-0.305176
38148,-0.018433,0.085571,0.794312,8.361816,-4.577637,-4.760742
38157,-0.053833,-0.295288,1.127441,7.873535,-5.615234,-8.605957
38167,0.061279,-0.218506,1.044678,7.080078,-5.981445,-12.329102
38177,0.201416,-0.229004,1.311768,6.896973,-5.126953,-13.916016
38187,0.162109,-0.280518,1.165039,8.117676,-4.455566,-14.282227
38196,0.063965,-0.293457,1.136841,8.850098,-3.051758,-12.939453
38208,-0.270508,-0.211548,1.044800,9.094238,-2.441406,-11.962891
38218,-0.342651,0.028076,0.856079,7.446289,-2.990723,-11.169434
38227,-0.299072,0.053833,0.895752,7.446289,-3.723145,-10.742188
38237,-0.292358,0.154785,0.955200,7.202148,-3.540039,-10.253906
38246,-0.233765,0.071533,0.903442,6.591797,-2.990723,-8.300781
38257,-0.166016,-0.093262,0.903198,6.408691,-1.647949,-5.737305
38267,-0.084717,0.040649,1.013916,5.798340,0.610352,-1.159668
38278,-0.058716,-0.010742,0.985107,6.164551,1.281738,1.281738
38288,-0.064941,-0.042847,0.854614,6.652832,2.197266,3.479004
38297,-0.045044,-0.088379,0.799438,6.469727,2.441406,5.615234
38307,-0.046631,-0.131104,0.944214,6.286621,2.929688,7.873535
38317,-0.046143,-0.175171,1.025024,6.408691,3.723145,10.070801
38327,-0.095337,-0.200684,0.891846,5.981445,5.249023,12.695313
38336,-0.151367,-0.239868,0.744263,5.371094,8.239746,17.822266
38348,-0.106689,-0.259399,0.816772,4.516602,9.277344,19.287109
38357,-0.080078,-0.324219,0.991821,3.906250,9.582520,19.592285
38367,-0.084229,-0.280884,1.017456,3.601074,9.155273,18.859863
38376,-0.100952,-0.253052,0.949219,3.356934,8.300781,17.456055
38387,-0.096436,-0.253540,0.897461,2.868652,7.385254,16.052246
38398,-0.056519,-0.229736,0.901489,2.624512,6.835937,14.526367
38408,0.074707,-0.197876,0.975220,2.014160,6.896973,14.343262
38417,0.102905,-0.137695,0.959717,1.464844,6.774902,14.648438
38427,0.130493,-0.075439,0.948975,1.098633,7.324219,15.258789
38437,0.173096,-0.047974,0.951538,0.549316,7.202148,15.686035
38447,0.195557,-0.086792,1.067993,0.610352,7.324219,16.113281
38457,0.206909,-0.124878,1.050659,0.732422,7.080078,15.991211
38467,0.221680,-0.211304,1.177246,0.732422,5.920410,15.075684
38479,0.132080,-0.245361,1.062378,0.732422,3.723145,11.657715
38489,0.110840,-0.255615,1.033569,0.915527,3.173828,9.887695
38498,0.062500,-0.248657,0.988770,0.976562,2.380371,8.239746
38507,0.016968,-0.170288,1.036743,0.976562,1.708984,6.958008
38517,0.006592,-0.272339,1.032715,0.793457,2.258301,6.286621
38527,0.005615,-0.269775,1.003662,0.366211,2.441406,5.615234
38536,-0.009521,-0.201294,0.937622,0.427246,2.319336,4.882812
38549,-0.013184,-0.222290,0.973389,-0.427246,0.854492,3.173828
38559,0.010254,-0.215820,0.929443,-0.488281,0.305176,2.502441
38568,0.036377,-0.194702,0.936646,-0.488281,0.366211,1.953125
38578,0.043701,-0.162598,0.910889,-1.098633,0.366211,1.464844
38587,0.046875,-0.154907,0.926636,-1.159668,0.061035,1.525879
38597,0.052612,-0.178711,0.928955,-1.281738,0.000000,1.892090
38607,0.066895,-0.164795,0.937012,-1.586914,0.488281,2.136230
38617,0.059937,-0.149658,0.945312,-2.136230,0.793457,3.051758
38628,0.082397,-0.166260,0.974731,-2.258301,0.671387,3.051758
38637,0.064819,-0.146484,0.967163,-2.441406,0.549316,3.234863
38647,0.035889,-0.145508,0.976318,-2.746582,0.244141,3.295898
38657,0.016968,-0.116333,0.962280,-2.807617,0.122070,3.295898
38666,-0.007202,-0.091919,0.968384,-2.624512,0.183105,3.723145
38677,-0.015137,-0.094482,0.975708,-2.441406,0.671387,4.455566
38687,-0.031494,-0.094360,0.983398,-2.502441,1.586914,4.882812
38698,-0.038696,-0.099854,0.997681,-2.502441,1.281738,4.943848
38708,-0.025269,-0.104248,0.998535,-2.441406,1.464844,4.455566
38717,-0.009033,-0.108643,0.992798,-2.441406,1.770020,4.272461
38726,0.009033,-0.119385,0.993042,-2.441406,1.831055,4.150391
38737,0.028442,-0.117065,0.997559,-2.624512,1.403809,4.089355
38746,0.038940,-0.108521,1.001953,-2.502441,1.770020,4.150391
38759,0.078247,-0.104614,1.008667,-2.258301,1.770020,4.516602
38768,0.094971,-0.094604,1.015869,-2.441406,1.098633,4.699707
38778,0.086670,-0.085815,1.013672,-2.380371,1.159668,4.821777
38787,0.065186,-0.077393,1.007935,-2.258301,0.732422,4.760742
38797,0.047241,-0.071289,1.013550,-2.441406,0.488281,4.821777
38807,0.028687,-0.071045,1.005005,-2.197266,0.976562,4.821777
38817,0.024048,-0.077515,1.005127,-2.075195,1.159668,4.821777
38828,0.036011,-0.091553,0.992676,-2.075195,0.793457,4.516602
38838,0.031738,-0.098511,0.988159,-1.831055,0.549316,4.272461
38847,0.025391,-0.104004,0.989746,-1.831055,0.366211,4.150391
38857,0.028564,-0.108521,0.993286,-1.708984,0.488281,4.150391
38867,0.036377,-0.106201,0.994873,-1.403809,0.854492,4.028320
38877,0.046021,-0.097412,0.993408,-1.708984,0.061035,3.906250
38887,0.061768,-0.089844,0.987793,-1.708984,-0.122070,3.967285
38897,0.079590,-0.089233,0.987427,-1.464844,-0.183105,3.479004
38908,0.073608,-0.090210,0.990845,-1.464844,-0.549316,3.173828
38918,0.068359,-0.096069,0.994751,-1.342773,-1.281738,2.990723
38927,0.059448,-0.099487,0.996948,-1.586914,-1.037598,2.929688
38937,0.049683,-0.102661,0.999146,-1.403809,-1.098633,3.173828
38947,0.045166,-0.104004,0.999756,-1.342773,-0.854492,3.173828
38957,0.049805,-0.109375,0.998901,-1.098633,-0.793457,3.173828
38967,0.053711,-0.104126,0.994873,-1.037598,-1.586914,2.380371
38976,0.057007,-0.093018,1.000366,-1.037598,-1.953125,1.708984
38987,0.053711,-0.095581,1.002319,-1.159668,-2.075195,1.525879
38997,0.045044,-0.102051,1.003418,-1.159668,-2.197266,1.403809
39007,0.029297,-0.108643,1.000610,-1.098633,-2.014160,1.464844
39017,0.019531,-0.110474,1.001343,-1.220703,-1.708984,1.525879
39028,0.019653,-0.111816,0.998901,-0.976562,-1.831055,1.281738
39038,0.044312,-0.117432,0.992187,-0.915527,-2.197266,1.220703
39048,0.042236,-0.118042,0.994629,-1.220703,-2.746582,1.037598
39057,0.033691,-0.118042,0.994995,-1.342773,-2.502441,0.915527
39067,0.021240,-0.120605,0.989990,-1.159668,-2.685547,1.098633
39077,0.009399,-0.123779,0.985718,-1.159668,-2.563477,1.586914
39088,-0.006470,-0.120728,0.980347,-1.342773,-1.953125,2.136230
39097,-0.021484,-0.113159,0.984863,-1.342773,-1.464844,2.380371
39107,-0.030029,-0.105469,0.991699,-1.159668,-1.464844,2.868652
39117,-0.025146,-0.102783,0.994019,-1.281738,-1.464844,3.051758
39127,-0.010010,-0.106689,0.991699,-1.220703,-1.098633,3.295898
39137,0.003906,-0.108398,0.990967,-1.220703,-0.793457,3.723145
39147,0.010254,-0.111572,0.984253,-1.342773,-0.915527,4.089355
39158,0.011353,-0.112427,0.984009,-1.342773,-0.488281,4.455566
39167,0.013916,-0.113525,0.985229,-1.525879,-0.915527,5.004883
39179,0.009888,-0.122070,0.993774,-1.525879,-0.488281,5.065918
39189,0.014160,-0.123779,0.988892,-1.586914,-0.305176,5.187988
39198,0.018555,-0.118774,0.984375,-1.342773,-0.366211,5.310059
39208,0.020142,-0.114868,0.985962,-1.464844,-0.854492,5.065918
39217,0.017212,-0.112915,0.991333,-1.464844,-0.732422,4.943848
39227,0.015747,-0.111816,0.998291,-1.586914,-0.366211,4.943848
39239,0.013916,-0.110352,0.999878,-1.464844,-0.366211,4.882812
39248,0.000244,-0.114258,0.997803,-1.647949,-0.122070,4.821777
39258,0.010742,-0.116333,0.998169,-1.464844,-0.183105,4.760742
39267,0.017822,-0.118042,0.990723,-1.525879,-0.488281,4.577637
39277,0.021851,-0.120117,0.989014,-1.708984,-0.610352,4.150391
39287,0.025513,-0.122925,0.990967,-1.586914,-0.366211,3.906250
39297,0.028931,-0.128784,0.996704,-1.708984,-0.793457,3.784180
39307,0.023193,-0.129639,0.997803,-1.770020,-0.610352,3.417969
39319,0.015503,-0.102905,0.996826,-1.892090,-0.610352,2.807617
39328,0.022583,-0.097900,0.995605,-1.831055,-0.793457,2.624512
39338,0.021729,-0.102417,0.994751,-1.831055,-0.976562,2.380371
39347,0.020752,-0.109131,0.994873,-1.525879,-0.732422,2.136230
39358,0.020874,-0.113647,0.999756,-1.770020,-0.732422,1.892090
39367,0.021362,-0.114624,1.000732,-1.831055,-0.671387,1.953125
39378,0.015625,-0.112427,0.999512,-1.770020,-0.549316,1.892090
39388,0.005615,-0.103149,0.991577,-1.708984,-0.671387,1.831055
39397,0.004761,-0.102173,0.991455,-1.464844,-0.671387,1.892090
39407,0.003296,-0.102905,0.989624,-1.525879,-0.488281,1.953125
39417,0.000854,-0.107056,0.990845,-1.708984,-0.854492,1.953125
39427,0.000610,-0.108276,0.991821,-1.464844,-0.366211,2.014160
39437,0.003418,-0.110229,0.991333,-1.525879,-0.488281,2.075195
39449,0.005737,-0.111084,0.990845,-1.708984,-0.671387,2.502441
39458,0.010620,-0.109619,0.990112,-1.831055,-0.366211,2.441406
39467,0.022217,-0.109741,0.989014,-1.708984,-0.427246,2.685547
39477,0.026367,-0.104004,0.994385,-1.770020,-0.488281,2.685547
39487,0.029053,-0.098389,0.999756,-1.525879,-0.122070,2.990723
39497,0.031982,-0.095703,1.000366,-1.586914,-0.427246,2.929688
39507,0.030762,-0.100708,0.997925,-1.831055,-0.610352,2.868652
39517,0.024048,-0.105835,0.991211,-1.647949,-0.488281,2.990723
39529,0.023804,-0.113525,0.997559,-1.403809,-0.244141,2.868652
39538,0.024536,-0.115845,0.999268,-1.525879,-0.488281,2.624512
39548,0.027466,-0.114014,0.999023,-1.586914,-0.793457,2.502441
39557,0.029053,-0.109497,0.997192,-1.647949,-1.159668,2.380371
39567,0.025513,-0.103394,0.999878,-1.708984,-1.098633,2.197266
39577,0.021118,-0.100586,0.998657,-1.586914,-0.732422,2.319336
39589,0.014404,-0.099487,0.998047,-1.342773,-0.549316,2.441406
39598,0.018188,-0.100830,0.995728,-1.525879,-0.793457,2.502441
39608,0.020508,-0.102783,0.996460,-1.525879,-0.854492,2.624512
39617,0.021484,-0.106567,0.997681,-1.464844,-0.915527,2.563477
39627,0.021851,-0.098999,0.992432,-1.464844,-0.671387,2.624512
39637,0.022705,-0.096924,1.000244,-1.586914,-0.732422,2.807617
39647,0.022095,-0.104614,0.988159,-1.525879,-0.610352,3.051758
39659,0.017090,-0.118164,0.989502,-1.281738,-0.244141,3.295898
39668,0.024414,-0.114624,0.998169,-1.525879,-0.122070,3.356934
39677,0.026733,-0.111694,0.979858,-1.525879,-0.976562,3.295898
39687,0.027588,-0.108276,0.994751,-1.525879,-1.159668,3.112793
39698,0.023437,-0.111084,0.995850,-1.647949,-1.220703,3.234863
39708,0.019043,-0.080688,0.998779,-1.403809,-1.037598,3.295898
39718,0.019409,-0.094116,0.976196,-1.342773,-1.159668,3.295898
39727,0.011230,-0.092163,0.969238,-1.464844,-0.854492,3.479004
39739,0.018555,-0.072510,0.999634,-1.647949,-1.037598,3.540039
39748,0.016235,-0.073486,0.982788,-1.708984,-0.793457,3.601074
39758,0.028687,-0.076904,1.004395,-1.708984,-0.549316,3.540039
39767,0.020996,-0.077393,0.988037,-1.525879,-0.732422,3.662109
39777,0.029419,-0.089722,1.012329,-1.464844,-0.488281,3.601074
39787,0.026733,-0.099487,0.998169,-1.342773,-0.732422,3.662109
39799,0.026978,-0.110718,1.003296,-1.281738,-1.220703,3.173828
39808,0.036255,-0.115601,0.989746,-1.220703,-1.831055,2.807617
39817,0.041260,-0.119263,0.995972,-1.220703,-1.770020,2.624512
39827,0.047363,-0.114502,0.989746,-1.220703,-1.281738,2.380371
39838,0.054565,-0.118286,1.006470,-1.098633,-1.159668,2.258301
39847,0.057861,-0.118286,0.997437,-1.037598,-1.708984,2.380371
39858,0.053589,-0.123169,1.006470,-1.159668,-1.525879,2.380371
39867,0.042725,-0.130371,0.982666,-1.037598,-1.525879,2.380371
39878,0.020752,-0.133057,1.005859,-0.915527,-1.647949,2.258301
39888,0.007080,-0.125244,1.018188,-0.976562,-1.708984,2.319336
39898,-0.025879,-0.106323,0.993896,-1.098633,-2.014160,1.708984
39908,-0.024658,-0.135254,1.007568,-0.976562,-1.953125,1.892090
39918,-0.030273,-0.067993,1.016968,-1.220703,-1.892090,2.014160
39927,-0.017334,-0.136475,1.019287,-1.159668,-1.464844,2.685547
39937,-0.045898,-0.104614,1.005249,-1.159668,-1.098633,3.906250
39947,-0.045654,-0.055664,1.014771,-1.525879,-0.427246,4.333496
39957,-0.016235,-0.058105,0.976929,-1.037598,-0.427246,4.333496
39967,0.005493,-0.111084,0.961792,-0.671387,-0.427246,3.845215
39978,0.000000,-0.130249,0.979858,-0.793457,-0.305176,3.295898
39987,0.033447,-0.096436,1.038818,-1.220703,-0.244141,2.990723
39998,0.021851,-0.092773,0.998291,-1.403809,-0.915527,1.831055
40007,0.085083,-0.120728,1.019897,-1.464844,-1.281738,0.793457
40017,0.135132,-0.121948,0.988892,-0.793457,-2.075195,-1.525879
40028,0.169312,-0.225342,0.967041,-0.854492,-2.929688,-2.197266
40038,0.188232,-0.151855,1.041626,-1.403809,-4.089355,-4.089355
40047,0.084839,-0.121582,1.026733,-1.098633,-4.150391,-5.249023
40057,-0.019165,-0.189331,0.935913,-0.915527,-4.394531,-6.591797
40068,-0.008057,-0.201782,0.967529,-0.732422,-3.540039,-7.141113
40078,-0.024170,-0.163330,1.001831,-1.159668,-4.516602,-7.507324
40087,-0.077881,-0.132446,1.013062,-1.342773,-4.150391,-7.080078
40097,-0.124146,-0.131470,1.023926,-1.098633,-3.173828,-6.896973
40107,-0.179443,-0.131348,0.990845,-0.732422,-2.502441,-7.629395
40117,-0.079956,-0.243652,0.931030,-0.793457,-2.075195,-7.080078
40127,-0.022705,-0.131714,0.999756,-0.854492,-0.976562,-8.300781
40137,0.018188,-0.135620,0.989990,-0.854492,-1.342773,-9.765625
40147,0.081299,-0.225830,0.972412,-0.610352,-1.647949,-9.826660
40158,0.076782,-0.185791,0.970215,-0.793457,-2.441406,-12.207031
40168,0.037598,-0.130493,1.021973,-1.525879,-2.319336,-11.413574
40178,0.083374,-0.163940,1.076294,-1.586914,-2.868652,-10.070801
40188,0.014160,-0.144409,1.060791,-1.159668,-3.356934,-8.789063
40198,0.024536,-0.229858,1.029541,-0.610352,-3.356934,-6.896973
40208,0.008057,-0.200439,0.976807,-0.671387,-3.662109,-6.286621
40217,-0.027344,-0.159912,0.948853,-0.915527,-3.967285,-3.356934
40227,-0.008911,-0.148682,0.958252,-0.610352,-3.112793,-2.258301
40237,-0.052734,-0.210449,0.952759,-0.488281,-2.807617,-0.915527
40248,-0.072021,-0.214600,0.958618,-0.793457,-2.746582,0.183105
40257,-0.027344,-0.224609,0.957642,-1.220703,-2.197266,0.427246
40267,-0.025146,-0.235718,0.949829,-1.586914,-1.831055,-0.183105
40277,-0.032104,-0.250244,0.947754,-1.770020,-1.892090,-1.403809
40287,-0.006104,-0.254028,0.972046,-1.770020,-1.953125,-2.807617
40297,0.017944,-0.276123,0.998657,-2.014160,-2.319336,-4.516602
40308,0.029785,-0.318115,1.011230,-1.831055,-2.502441,-5.493164
40318,0.028442,-0.321899,0.996094,-1.708984,-2.685547,-6.164551
40327,0.043945,-0.320801,0.977417,-1.525879,-2.990723,-6.835937
40337,0.040771,-0.312866,0.980225,-1.464844,-3.295898,-7.324219
40348,0.025879,-0.323120,0.988647,-1.464844,-3.845215,-7.446289
40357,-0.006226,-0.326050,0.987671,-1.403809,-4.089355,-6.713867
40367,-0.041504,-0.329102,0.969116,-1.770020,-3.601074,-6.347656
40377,-0.085083,-0.282715,0.958252,-2.014160,-3.662109,-6.164551
40387,-0.073486,-0.270264,0.981812,-1.831055,-3.479004,-6.469727
40398,-0.069702,-0.320190,0.983154,-1.647949,-3.051758,-6.713867
40407,-0.083130,-0.325806,0.962158,-1.708984,-2.685547,-6.896973
40417,-0.087646,-0.288574,0.950928,-2.258301,-2.807617,-6.774902
40427,-0.078613,-0.274780,0.933594,-2.502441,-2.014160,-6.958008
40438,-0.055542,-0.252441,0.991211,-2.014160,-2.197266,-7.385254
40449,-0.071655,-0.258057,1.027832,-1.953125,-2.075195,-7.751465
40458,-0.041382,-0.301392,1.004395,-1.464844,-1.770020,-8.300781
40468,-0.006226,-0.350708,0.957397,-1.281738,-1.647949,-9.155273
40477,0.022583,-0.331787,0.966675,-1.586914,-2.441406,-10.559082
40487,0.037476,-0.257446,0.978271,-2.075195,-2.868652,-12.023926
40497,0.049927,-0.219238,0.964233,-2.136230,-2.868652,-13.000488
40508,0.035645,-0.263306,0.947144,-1.770020,-2.685547,-13.366699
40518,0.003296,-0.210327,1.017578,-2.014160,-2.197266,-14.038086
40527,-0.051880,-0.196411,1.015259,-2.014160,-2.441406,-14.831543
40537,-0.100098,-0.259766,0.941162,-1.831055,-2.990723,-15.808105
40547,-0.143799,-0.294434,0.953857,-1.953125,-2.441406,-16.906738
40558,-0.162964,-0.274780,0.977417,-2.441406,-2.319336,-18.066406
40567,-0.145874,-0.245605,0.967407,-2.502441,-2.075195,-20.080566
40577,-0.112427,-0.239502,0.975708,-2.136230,-1.159668,-20.507812
40587,-0.110840,-0.308350,0.912109,-1.708984,-0.610352,-21.240234
40597,-0.098145,-0.306763,0.953003,-1.708984,-0.366211,-22.277832
40607,-0.072754,-0.339233,0.998291,-1.525879,0.610352,-22.827148
40618,-0.066040,-0.367676,0.981445,-1.403809,0.122070,-23.803711
40627,-0.030518,-0.220825,1.060059,-1.586914,-0.671387,-25.451660
40637,0.000732,-0.201782,1.020386,-0.976562,-0.793457,-25.512695
40649,-0.030029,-0.170044,0.995605,-0.244141,0.061035,-22.644043
40658,-0.040894,-0.248413,0.931885,-0.183105,1.281738,-19.531250
40668,-0.097290,-0.183716,0.947876,-0.854492,1.831055,-16.113281
40677,-0.079468,-0.069092,0.978760,-1.342773,2.929688,-13.610840
40687,-0.068970,-0.095459,0.954224,-1.281738,3.601074,-11.474609
40697,-0.093872,-0.126465,1.001587,-1.281738,3.234863,-10.070801
40708,-0.100220,-0.162354,1.036865,-1.281738,3.662109,-11.840820
40718,-0.055176,-0.140259,1.074463,-1.403809,3.295898,-13.244629
40728,-0.009888,-0.100952,0.994507,-1.464844,2.929688,-15.808105
40737,0.054443,-0.081299,0.982544,-1.220703,2.990723,-18.554687
40747,0.094849,-0.147461,1.005493,-1.037598,3.112793,-20.568848
40757,0.154907,-0.145508,1.028198,-1.159668,1.770020,-23.681641
40767,0.209961,-0.109619,1.067261,-1.525879,0.854492,-26.123047
40777,0.187866,-0.064697,1.045166,-2.014160,-0.061035,-27.832031
40788,0.259644,-0.045654,1.012085,-1.892090,-1.281738,-30.822754
40798,0.241821,-0.063843,1.011719,-1.770020,-3.479004,-31.250000
40808,0.256104,-0.025391,1.032837,-1.892090,-4.333496,-31.799316
40817,0.266724,-0.038940,1.031250,-2.136230,-5.493164,-31.127930
40827,0.236206,-0.046265,0.995728,-2.258301,-7.141113,-30.395508
40837,0.202881,-0.003296,0.975586,-2.685547,-7.019043,-29.602051
40847,0.099487,-0.027954,0.965698,-3.051758,-6.713867,-27.404785
40859,-0.005859,0.007324,0.997559,-3.112793,-6.896973,-25.024414
40868,-0.041626,-0.067505,1.006714,-2.868652,-6.225586,-23.803711
40878,-0.038696,-0.134766,1.019775,-2.624512,-6.408691,-23.376465
40888,0.013672,-0.137817,1.049683,-2.746582,-7.629395,-24.047852
40897,0.008789,-0.162109,1.038696,-2.868652,-7.751465,-24.536133
40907,-0.026123,-0.188477,0.981323,-2.807617,-8.728027,-25.329590
40917,-0.033691,-0.144165,0.950684,-2.868652,-8.911133,-26.611328
40927,-0.047241,-0.162842,0.964722,-2.075195,-8.300781,-29.113770
40938,-0.034546,-0.251221,1.003052,-1.892090,-8.239746,-31.250000
40948,-0.005859,-0.262451,1.014526,-1.831055,-8.300781,-33.569336
40958,0.008423,-0.292847,1.023804,-1.892090,-8.728027,-35.949707
40967,0.006348,-0.243896,1.044678,-2.014160,-9.948730,-38.574219
40977,-0.021729,-0.264893,0.996216,-1.708984,-10.253906,-40.405273
40987,-0.051392,-0.254639,0.918823,-1.464844,-10.253906,-41.442871
40996,-0.013916,-0.257202,0.889893,-0.854492,-9.399414,-40.710449
41008,0.018677,-0.200439,0.936646,-0.732422,-9.399414,-39.062500
41018,0.007935,-0.255615,1.009155,-0.732422,-8.789063,-36.499023
41028,-0.016602,-0.248779,1.090454,-0.915527,-8.361816,-33.020020
41037,0.066406,-0.393799,1.252686,-1.403809,-8.239746,-29.724121
41047,-0.014771,-0.237915,0.980835,-1.525879,-6.958008,-25.451660
41057,0.019165,-0.021240,1.013184,-2.014160,-6.530762,-21.301270
41068,0.013550,0.029297,0.901367,-1.770020,-6.042480,-14.404297
41078,-0.152588,0.050903,0.926880,-1.708984,-5.859375,-11.352539
41087,-0.130249,0.086060,0.924072,-1.953125,-4.821777,-8.728027
41097,-0.189941,0.142578,0.982300,-2.319336,-3.112793,-5.737305
41107,-0.190552,0.137939,1.032349,-2.441406,-2.197266,-2.258301
41117,-0.236938,0.094849,0.945679,-1.892090,-2.136230,0.305176
41128,-0.212280,0.142700,0.922852,-1.464844,-0.976562,5.371094
41138,-0.210327,0.185669,0.741455,-0.793457,-0.488281,7.019043
41148,-0.243042,0.106201,0.830688,-0.366211,0.000000,8.422852
41157,-0.129028,-0.121704,1.069946,-0.122070,0.976562,9.094238
41167,-0.054443,-0.076904,1.226318,-1.159668,1.037598,9.094238
41177,-0.044434,-0.023071,1.281372,-2.197266,0.915527,9.033203
41187,-0.149658,0.163330,0.948608,-2.563477,0.854492,8.605957
41198,-0.376099,0.130249,0.675415,-0.366211,0.732422,5.798340
41208,-0.320801,-0.067505,1.080933,-0.183105,2.685547,5.310059
41218,-0.205811,-0.214233,1.169922,-0.183105,4.821777,5.249023
41227,0.037842,-0.151855,1.256348,-0.915527,5.065918,4.882812
41237,0.052368,-0.061523,1.289551,-2.746582,3.356934,4.211426
41247,-0.066528,-0.146240,1.140625,-3.906250,1.159668,2.685547
41257,-0.138672,-0.102051,1.015137,-4.638672,-0.915527,0.671387
41267,-0.136475,-0.008545,0.961914,-4.882812,-1.892090,-1.098633
41278,-0.130127,-0.195190,0.839600,-3.662109,-2.319336,-5.310059
41288,-0.089966,-0.309082,0.955566,-1.403809,0.671387,-5.065918
41297,-0.056763,-0.278198,0.979492,-1.892090,1.586914,-4.821777
41307,0.039185,-0.233643,0.979736,-2.868652,1.281738,-5.371094
41317,-0.009644,-0.174927,0.996338,-3.173828,0.366211,-6.042480
41326,-0.049316,-0.155884,1.000732,-2.624512,-0.122070,-6.713867
41338,0.037354,-0.212524,0.948853,-1.464844,-1.159668,-9.948730
41348,0.005493,-0.170166,0.951782,-1.586914,-2.136230,-12.451172
41357,-0.062378,-0.202393,0.961548,-1.220703,-3.234863,-15.563965
41367,-0.071167,-0.178955,0.906738,-0.732422,-3.845215,-18.615723
41377,0.043457,-0.100098,0.943481,-0.671387,-3.967285,-21.057129
41391,0.044434,-0.156738,0.974365,-0.671387,-4.638672,-25.756836
41401,0.102539,-0.096558,1.034180,-0.854492,-5.676270,-28.869629
41411,0.125977,-0.181885,1.024902,-0.732422,-7.263184,-31.677246
41420,0.157715,-0.145508,1.030029,-0.366211,-8.239746,-34.545898
41430,0.140381,-0.197388,0.994019,-0.244141,-9.582520,-37.170410
41440,0.083008,-0.220337,0.974121,0.000000,-9.826660,-39.367676
41449,0.072510,-0.107666,1.031616,-0.671387,-10.253906,-41.564941
41459,0.017944,-0.122681,1.004028,-0.793457,-10.375977,-43.457031
41468,-0.028687,-0.097412,1.015137,-0.671387,-11.291504,-47.485352
41478,-0.080566,-0.136353,0.999878,-0.305176,-12.207031,-48.889160
41488,-0.075195,-0.129395,1.031494,-0.732422,-12.145996,-50.292969
41498,-0.027100,-0.105469,1.033569,-1.098633,-12.390137,-51.452637
41508,-0.054199,-0.101929,1.027710,-0.976562,-12.084961,-52.124023
41518,-0.110718,-0.081665,0.965942,-0.854492,-12.512207,-52.307129
41527,-0.143921,-0.096313,0.983154,-0.793457,-12.023926,-52.246094
41537,-0.155151,-0.048584,0.995728,-0.915527,-11.840820,-51.757812
41547,-0.151367,-0.001343,1.044556,-0.976562,-10.620117,-51.330566
41557,-0.149902,0.011719,1.012939,-0.244141,-10.437012,-49.865723
41568,-0.209473,-0.064331,0.982056,0.061035,-10.131836,-49.133301
41578,-0.212891,-0.054687,0.961060,0.183105,-9.521484,-48.339844
41588,-0.178833,-0.012817,0.986450,0.183105,-8.300781,-47.546387
41597,-0.139771,-0.049072,0.986450,0.488281,-7.507324,-46.630859
41607,-0.164307,-0.100952,0.991699,0.793457,-7.141113,-45.104980
41618,-0.188965,-0.118042,0.984497,1.281738,-5.432129,-41.320801
41628,-0.168457,-0.026245,0.963745,1.281738,-4.882812,-39.489746
41638,-0.201416,-0.028198,0.980713,1.892090,-3.906250,-37.658691
41648,-0.230225,-0.114502,0.956665,2.685547,-3.112793,-35.949707
41657,-0.266846,-0.123901,0.939697,2.685547,-2.380371,-34.484863
41667,-0.215820,-0.061279,0.967041,2.441406,-1.159668,-33.020020
41677,-0.196533,-0.027954,0.976807,2.807617,-0.366211,-31.250000
41688,-0.206665,-0.079712,0.979736,3.662109,0.488281,-27.221680
41698,-0.229370,-0.142700,0.961304,3.356934,1.770020,-24.719238
41708,-0.184570,-0.075439,0.975586,3.234863,2.624512,-22.338867
41717,-0.145142,-0.057861,1.020020,3.662109,4.272461,-20.141602
41728,-0.184814,-0.131714,1.007324,3.906250,4.821777,-18.127441
41738,-0.182861,-0.151855,1.018311,3.723145,4.394531,-16.540527
41747,-0.175781,-0.085693,0.991577,3.479004,4.516602,-14.831543
41757,-0.140991,-0.044067,1.004028,3.051758,4.333496,-12.878418
41768,-0.242187,-0.098877,0.975952,3.295898,4.821777,-7.141113
41778,-0.278076,-0.123413,0.937134,3.479004,7.202148,-3.845215
41787,-0.261719,-0.034912,0.981445,3.051758,9.216309,0.122070
41797,-0.244263,-0.057983,0.965942,3.540039,11.108398,4.699707
41807,-0.269775,-0.085083,0.987427,3.601074,11.840820,8.911133
41818,-0.298218,-0.157227,0.944214,3.784180,13.061523,12.817383
41827,-0.308228,-0.095215,0.956665,3.295898,14.038086,16.235352
41838,-0.311157,-0.064575,0.950806,2.929688,15.869141,23.315430
41848,-0.348755,-0.123779,0.960327,2.990723,16.540527,26.855469
41858,-0.349365,-0.124512,0.945435,2.746582,17.822266,30.456543
41867,-0.355957,-0.078125,0.956055,2.319336,19.042969,33.996582
41877,-0.336548,-0.057739,0.940918,2.380371,20.446777,37.292480
41887,-0.335938,-0.099365,0.939819,2.807617,21.667480,40.771484
41897,-0.327393,-0.158325,0.930664,2.746582,21.850586,44.189453
41908,-0.272583,-0.105591,0.966187,2.685547,23.254395,50.231934
41917,-0.269897,-0.134644,0.988525,2.502441,25.451660,52.978516
41927,-0.243164,-0.182983,0.976929,2.563477,25.817871,55.541992
41937,-0.240479,-0.151611,0.946045,2.197266,25.939941,57.800293
41947,-0.181152,-0.135254,0.932983,1.770020,25.878906,59.509277
41957,-0.220337,-0.172119,0.927124,1.647949,25.695801,61.340332
41967,-0.178467,-0.204102,0.957275,1.403809,25.573730,62.988281
41978,-0.132812,-0.154053,0.961060,1.159668,26.611328,65.979004
41988,-0.151001,-0.176880,0.974365,0.732422,26.306152,66.955566
41997,-0.116577,-0.191406,0.968506,0.671387,25.878906,67.199707
42007,-0.107544,-0.170776,0.992920,0.671387,25.390625,67.138672
42017,-0.060303,-0.191406,0.989502,0.427246,24.963379,66.772461
42027,-0.052612,-0.221069,0.979858,0.305176,24.414062,66.223145
42037,-0.052856,-0.203613,0.961792,-0.244141,23.193359,65.307617
42048,-0.026367,-0.206787,0.991699,-0.366211,22.583008,63.598633
42058,-0.010376,-0.235229,0.988037,-0.793457,21.118164,62.255859
42067,-0.001953,-0.192261,1.012695,-1.159668,20.019531,60.546875
42077,-0.023682,-0.248169,0.975708,-1.220703,18.798828,59.082031
42087,-0.023071,-0.243652,0.985962,-1.403809,17.761230,57.922363
42097,-0.006470,-0.199219,0.994019,-1.098633,17.517090,56.701660
42108,-0.010864,-0.264038,0.960571,-0.854492,16.784668,54.687500
42118,0.011841,-0.233887,0.963257,-0.915527,16.113281,53.649902
42127,-0.000488,-0.321167,0.954468,-1.159668,14.953613,52.185059
42137,0.002441,-0.281128,0.975708,-1.464844,14.526367,50.292969
42147,-0.014282,-0.254883,0.981934,-1.525879,13.000488,48.339844
42157,0.000488,-0.325806,0.972778,-1.586914,12.390137,46.691895
42167,-0.003052,-0.284790,1.000122,-1.342773,12.329102,45.104980
42180,0.008667,-0.344482,0.997559,-1.159668,11.169434,41.809082
42189,0.018433,-0.322388,0.990723,-0.915527,10.375977,40.405273
42198,0.026245,-0.269409,0.995850,-0.854492,9.704590,38.635254
42208,0.014771,-0.347534,0.968994,-0.732422,8.728027,37.048340
42217,0.053467,-0.324585,0.978760,-0.915527,8.239746,35.461426
42227,0.043823,-0.345459,0.988770,-0.854492,7.385254,33.752441
42237,0.022583,-0.357422,0.972046,-0.976562,6.774902,32.348633
42247,0.017090,-0.352051,0.935669,-1.403809,6.469727,31.311035
42258,0.056641,-0.297119,1.038696,-1.403809,6.225586,29.479980
42268,0.054687,-0.275879,1.021851,-1.525879,5.554199,28.686523
42277,0.051636,-0.288452,0.988525,-1.464844,4.394531,27.709961
42287,0.042603,-0.246582,0.948730,-1.281738,3.906250,26.672363
42297,0.054687,-0.299927,0.959106,-1.159668,3.723145,26.062012
42307,0.060547,-0.246216,1.022217,-1.281738,4.028320,25.634766
42318,0.069702,-0.296143,0.994995,-1.098633,3.356934,24.719238
42328,0.061768,-0.329102,0.931396,-1.281738,2.746582,24.047852
42338,0.012573,-0.286255,0.945435,-1.220703,2.746582,23.498535
42348,-0.003906,-0.260498,0.980469,-1.403809,2.990723,23.193359
42357,-0.010864,-0.278687,0.969604,-1.586914,2.319336,22.460937
42367,-0.019165,-0.237305,0.992554,-1.708984,1.708984,21.972656
42377,0.004150,-0.247314,0.977173,-1.586914,1.464844,21.606445
42387,-0.018311,-0.277588,0.953125,-1.708984,1.281738,21.301270
42397,-0.020752,-0.276855,0.982910,-1.586914,2.380371,23.132324
42407,-0.036133,-0.270386,0.980225,-1.281738,3.234863,24.536133
42417,-0.083618,-0.328003,0.973511,-0.915527,3.906250,26.062012
42427,-0.108032,-0.333008,0.969360,-0.793457,4.516602,26.977539
42437,-0.146362,-0.304321,0.979492,-1.342773,4.760742,27.343750
42447,-0.151611,-0.316650,0.978760,-1.831055,4.272461,27.343750
42457,-0.137451,-0.240479,0.973145,-2.197266,4.150391,27.404785
42467,-0.123535,-0.200195,0.999023,-2.441406,4.699707,28.015137
42476,-0.070801,-0.145386,1.023193,-2.441406,5.126953,29.296875
42487,-0.041748,-0.148071,1.006470,-2.014160,5.859375,31.005859
42497,-0.048218,-0.167603,1.003540,-2.075195,6.713867,33.020020
42506,-0.049438,-0.205811,0.933594,-2.136230,7.324219,34.790039
42517,-0.061890,-0.200073,0.947388,-2.258301,7.934570,36.560059
42527,-0.063477,-0.160400,0.959351,-2.319336,8.361816,37.292480
42537,-0.101807,-0.159912,0.981567,-2.380371,6.896973,36.376953
42547,-0.141357,-0.192261,0.907837,-2.502441,6.713867,35.522461
42557,-0.083984,-0.171631,0.922119,-2.807617,6.896973,35.034180
42567,-0.049072,-0.156616,0.952515,-2.990723,7.263184,34.851074
42577,-0.026978,-0.146973,0.980713,-2.868652,7.324219,34.912109
42587,-0.006592,-0.120605,0.995972,-2.868652,7.385254,34.606934
42596,-0.006226,-0.100220,1.007202,-2.807617,7.568359,34.179687
42608,0.060791,-0.094849,0.966064,-2.685547,6.713867,32.226562
42618,0.084595,-0.069702,0.971436,-2.441406,6.103516,31.372070
42628,0.079590,-0.092041,0.991943,-2.197266,5.187988,30.578613
42637,0.100586,-0.101563,1.041992,-2.014160,4.089355,29.113770
42647,0.092163,-0.076904,1.061768,-1.586914,3.417969,27.465820
42657,0.132812,-0.048462,1.045044,-1.586914,2.380371,25.756836
42667,0.157715,-0.050781,0.988159,-1.159668,1.892090,24.414062
42678,0.171631,-0.125732,0.935791,-0.732422,1.098633,22.277832
42687,0.173584,-0.142944,0.979370,-0.610352,-0.061035,20.751953
42697,0.203491,-0.120850,1.000122,-0.732422,-1.037598,19.226074
42707,0.261597,-0.144897,1.038574,-0.610352,-2.075195,17.517090
42717,0.296265,-0.128052,1.026611,-0.488281,-3.601074,15.563965
42727,0.190063,-0.151733,1.031860,0.061035,-5.371094,13.488770
42737,0.200439,-0.167358,1.001831,0.488281,-5.920410,11.596680
42748,0.146240,-0.196045,0.972168,0.488281,-6.530762,7.812500
42757,0.094482,-0.203735,0.984863,0.000000,-6.774902,5.676270
42767,0.035156,-0.193359,0.999634,-0.122070,-7.568359,3.356934
42776,0.014771,-0.228394,0.997314,0.061035,-7.751465,0.915527
42787,0.000000,-0.218384,0.966309,0.305176,-8.728027,-1.770020
42797,0.016113,-0.206909,0.976685,0.122070,-8.544922,-3.784180
42808,0.030640,-0.195923,0.965454,0.061035,-7.568359,-5.615234
42818,0.102051,-0.197876,0.942139,0.366211,-6.774902,-5.187988
42828,0.129761,-0.179199,0.961792,0.305176,-6.835937,-4.638672
42837,0.092163,-0.159302,0.942627,0.122070,-7.080078,-4.089355
42846,0.075073,-0.170166,0.926147,-0.122070,-6.103516,-4.272461
42857,0.054321,-0.119019,0.943604,-0.488281,-6.042480,-4.821777
42867,0.044067,-0.161255,0.956421,-0.427246,-6.347656,-5.981445
42878,0.024902,-0.135010,0.970215,-0.183105,-6.774902,-8.483887
42888,0.075073,-0.158447,1.001709,-0.122070,-7.324219,-9.765625
42897,0.120605,-0.152588,0.993164,-0.183105,-7.385254,-10.742188
42907,0.136963,-0.123413,0.981323,-0.366211,-7.446289,-10.925293
42918,0.198975,-0.117310,0.994507,-0.366211,-7.080078,-11.108398
42928,0.146606,-0.113770,0.997070,-0.427246,-6.652832,-11.169434
42937,0.125000,-0.129272,1.011108,-0.244141,-7.202148,-11.535645
42947,0.056519,-0.157959,0.991577,0.122070,-6.530762,-11.962891
42958,0.060913,-0.194580,0.917480,-15.625000,-5.981445,-12.573242
42968,0.094482,-0.200806,0.889282,-0.366211,-5.676270,-12.573242
42977,0.060669,-0.177002,0.903687,-0.610352,-5.920410,-12.023926
42987,0.016846,-0.183228,0.976807,-0.732422,-5.310059,-11.230469
42997,-0.022461,-0.191284,1.021118,-0.793457,-5.065918,-10.498047
43006,-0.035889,-0.211304,1.016235,-0.671387,-3.845215,-9.704590
43018,-0.010010,-0.224731,0.964355,-0.793457,-2.136230,-8.728027
43028,0.004150,-0.242187,0.872681,-0.793457,-1.159668,-8.239746
43038,0.020996,-0.241821,0.892090,-0.915527,-1.037598,-7.995605
43048,0.063354,-0.210571,0.936768,-1.281738,-1.281738,-7.690430
43057,0.061035,-0.201416,0.978027,-1.403809,-0.976562,-7.141113
43067,0.101074,-0.159180,1.027344,-1.281738,-0.427246,-5.920410
43077,0.110840,-0.151733,1.005737,-0.915527,0.427246,-4.089355
43087,0.100464,-0.220459,0.988892,-0.488281,0.793457,-2.319336
43098,0.047607,-0.223999,0.987305,0.122070,0.549316,0.427246
43108,0.044067,-0.251831,0.967896,0.427246,0.610352,1.586914
43117,0.018921,-0.227539,0.990967,0.244141,0.915527,2.502441
43127,0.008911,-0.237915,1.036743,0.183105,0.915527,2.929688
43137,-0.053711,-0.231689,1.015381,0.305176,0.976562,3.234863
43147,-0.068604,-0.205811,0.999390,0.244141,1.098633,3.967285
43157,-0.066284,-0.218140,1.019287,0.305176,1.892090,4.638672
43168,-0.037720,-0.250610,0.959473,0.244141,3.112793,6.347656
43178,0.002197,-0.243286,0.992310,-0.122070,3.295898,6.835937
43188,-0.015503,-0.181519,1.010254,-0.244141,3.356934,7.507324
43197,0.002197,-0.185059,1.028198,0.000000,3.845215,7.995605
43207,-0.015259,-0.189453,1.020996,0.122070,3.967285,8.361816
43217,0.040527,-0.231934,1.021606,0.183105,4.455566,9.033203
43227,0.068359,-0.250000,0.976807,0.488281,4.394531,9.582520
43238,0.102295,-0.254150,1.030762,0.244141,3.662109,9.277344
43248,0.126465,-0.244019,1.018799,0.549316,2.624512,9.155273
43257,0.102173,-0.202881,1.055176,0.854492,2.258301,9.216309
43267,0.129761,-0.180054,1.067505,1.220703,2.441406,9.582520
43276,0.075439,-0.263672,0.983643,1.220703,2.502441,10.070801
43287,0.116577,-0.292969,0.941162,1.037598,2.319336,10.253906
43297,0.092529,-0.225952,0.995850,0.671387,1.892090,10.131836
43308,0.079468,-0.229492,1.041016,0.671387,1.342773,9.704590
43317,0.067627,-0.272461,1.005859,0.549316,-0.122070,7.812500
43328,0.054321,-0.222290,0.941772,0.305176,-0.427246,6.652832
43337,0.116089,-0.195923,0.932007,-0.183105,-0.488281,5.981445
43347,0.129395,-0.187378,0.894043,-0.610352,-0.183105,5.493164
43358,0.151611,-0.217163,0.887695,-1.159668,-0.976562,5.004883
43367,0.190308,-0.222046,0.955078,-1.342773,-2.014160,4.211426
43377,0.186035,-0.143677,1.020386,-1.159668,-2.746582,3.662109
43388,0.180420,-0.189087,0.949951,-0.854492,-3.173828,3.295898
43397,0.184326,-0.169800,0.929321,-1.098633,-3.723145,2.807617
43407,0.152100,-0.130615,0.977661,-1.159668,-4.028320,2.319336
43417,0.151123,-0.147949,0.909302,-1.037598,-4.333496,2.502441
43427,0.137329,-0.165527,0.937866,-1.464844,-4.516602,3.173828
43438,0.099609,-0.053711,0.995239,-1.342773,-5.187988,3.234863
43448,0.029541,-0.096680,1.057251,-0.854492,-5.126953,2.868652
43458,-0.027954,-0.082275,1.041748,-0.244141,-5.432129,2.502441
43467,-0.036743,-0.087280,1.071411,0.244141,-5.004883,2.014160
43477,-0.047363,-0.156250,1.059082,0.671387,-4.577637,1.464844
43488,-0.043335,-0.153931,1.033569,1.342773,-4.028320,1.342773
43497,0.025513,-0.129272,1.060181,1.586914,-3.845215,1.464844
43507,0.033691,-0.179810,1.016235,1.953125,-3.906250,1.770020
43518,0.051270,-0.110596,0.993408,2.075195,-3.540039,2.990723
43528,0.083862,-0.146729,0.955444,1.770020,-3.173828,4.333496
43537,0.102661,-0.110718,0.998535,1.708984,-3.479004,5.432129
43548,0.112549,-0.058838,1.060791,2.197266,-3.295898,6.591797
43557,0.074707,-0.142456,1.027832,2.258301,-3.417969,8.117676
43567,0.094116,-0.129639,1.038940,2.075195,-3.723145,9.765625
43578,0.066040,-0.065918,1.097778,1.892090,-3.784180,13.671875
43588,0.032959,-0.109863,0.944458,1.892090,-3.173828,16.052246
43597,0.049683,-0.074219,0.933350,1.647949,-2.441406,18.676758
43607,-0.001953,-0.110107,0.987915,0.732422,-2.014160,20.935059
43617,-0.043701,-0.061646,0.971680,0.000000,-1.770020,22.766113
43627,-0.091309,-0.043091,0.970825,-0.427246,-2.136230,23.925781
43637,-0.073853,-0.094238,0.979370,-0.427246,-1.892090,24.780273
43650,-0.146973,-0.140747,0.888550,-1.708984,-1.525879,25.207520
43659,-0.152100,-0.174194,0.864258,-2.319336,-1.281738,24.414062
43669,-0.111816,-0.109619,0.921875,-3.295898,-1.342773,23.132324
43678,-0.031860,-0.067017,0.960815,-3.906250,-1.586914,21.667480
43687,0.029541,-0.091431,0.979858,-4.150391,-2.258301,20.202637
43697,0.050171,-0.105347,0.996826,-3.967285,-2.746582,18.920898
43708,0.060669,-0.128052,1.054810,-3.845215,-3.051758,17.700195
43717,0.109619,-0.198486,1.040527,-3.601074,-3.784180,16.906738
43729,0.080811,-0.196289,0.959595,-3.295898,-4.577637,15.380859
43738,0.052734,-0.203003,0.935791,-3.112793,-5.737305,14.282227
43748,0.049805,-0.252686,0.908691,-2.685547,-6.469727,13.122559
43758,0.043701,-0.278198,0.951904,-2.624512,-6.835937,12.023926
43767,0.050659,-0.213745,0.975098,-2.136230,-6.652832,11.413574
43777,0.035400,-0.230957,0.988037,-2.014160,-6.713867,10.681152
43788,0.036499,-0.261963,1.015259,-0.915527,-6.835937,9.399414
43798,0.085815,-0.236938,1.010010,-0.549316,-7.690430,8.544922
43808,0.102539,-0.215454,1.021973,0.366211,-8.056641,7.995605
43817,0.121704,-0.260376,0.999756,0.915527,-8.544922,7.507324
43827,0.090942,-0.298340,0.959106,0.915527,-9.155273,6.347656
43837,0.105469,-0.256836,0.988647,0.610352,-9.338379,5.187988
43847,0.138794,-0.230591,1.005981,0.244141,-9.704590,4.333496
43858,0.132690,-0.178345,0.949829,-0.671387,-10.986328,2.319336
43868,0.132324,-0.229858,0.931396,-1.342773,-11.474609,1.037598
43877,0.109741,-0.228394,0.882568,-2.380371,-12.329102,-0.183105
43887,0.097168,-0.101563,0.937622,-2.990723,-12.695313,-1.525879
43897,0.038086,-0.136597,0.939819,-3.417969,-12.939453,-2.868652
43907,0.016235,-0.194580,0.975464,-3.417969,-12.634277,-3.845215
43917,0.029419,-0.122803,1.113403,-3.601074,-12.329102,-5.065918
43927,0.044189,-0.130371,1.057861,-3.662109,-12.756348,-6.591797
43937,0.036743,-0.174438,1.048584,-3.967285,-12.756348,-8.911133
43947,0.053833,-0.145386,1.009521,-4.211426,-12.878418,-9.826660
43957,0.004395,-0.138550,0.996826,-4.394531,-12.817383,-11.047363
43967,-0.028931,-0.132446,0.969971,-4.455566,-12.329102,-11.962891
43977,-0.047363,-0.154785,0.940552,-4.516602,-11.474609,-12.573242
43987,-0.011963,-0.146851,0.988281,-4.821777,-11.169434,-12.817383
43997,-0.013550,-0.109253,0.982178,-5.187988,-11.291504,-13.427734
44007,-0.055908,-0.154541,0.989624,-5.371094,-10.192871,-13.366699
44017,-0.088135,-0.085693,0.943970,-4.638672,-9.155273,-13.061523
44027,-0.062256,-0.179932,0.949829,-4.211426,-8.239746,-12.695313
44037,-0.095825,-0.137451,0.976196,-3.540039,-7.446289,-12.329102
44047,-0.120117,-0.155762,0.860596,-3.295898,-6.774902,-12.329102
44057,-0.131104,-0.120361,0.966187,-2.624512,-5.493164,-12.145996
44068,-0.117920,-0.147217,0.980835,-1.647949,-4.638672,-13.366699
44078,-0.097168,-0.136353,1.019287,-1.403809,-4.638672,-14.099121
44088,-0.063599,-0.175415,0.961426,-1.098633,-4.821777,-15.319824
44098,-0.007324,-0.090698,1.013062,-0.732422,-4.028320,-16.235352
44107,0.031128,-0.088867,1.003662,-0.732422,-2.685547,-16.906738
44117,0.083740,-0.030029,1.045044,-0.915527,-2.929688,-17.639160
44127,0.096069,-0.054565,0.979858,-0.793457,-2.380371,-18.554687
44138,0.151978,-0.099731,0.956055,-0.427246,-3.356934,-19.958496
44148,0.155273,-0.195557,0.968018,-0.427246,-3.845215,-20.385742
44157,0.188354,-0.095093,1.047485,-0.732422,-3.479004,-20.690918
44167,0.143677,-0.130981,1.001343,-0.793457,-3.417969,-20.629883
44177,0.130005,-0.129639,1.028198,-1.098633,-3.662109,-20.751953
44187,0.110596,-0.095947,1.066650,-1.037598,-3.723145,-20.507812
44197,0.053223,-0.158447,0.985962,-1.037598,-3.601074,-20.324707
44208,-0.029907,-0.161255,0.962036,-1.770020,-2.136230,-20.080566
44218,-0.125854,-0.123291,0.922974,-2.197266,-1.586914,-19.592285
44228,-0.052002,-0.018066,1.011597,-2.563477,-1.098633,-19.287109
44237,-0.104736,-0.047241,1.008301,-2.624512,-0.427246,-18.676758
44247,-0.065796,-0.097290,0.982056,-2.380371,0.732422,-17.517090
44257,-0.053223,-0.021606,0.980835,-2.502441,1.403809,-16.052246
44267,-0.061890,-0.102295,0.864624,-2.380371,2.075195,-14.404297
44278,-0.035278,-0.104614,0.941284,-2.075195,3.723145,-10.253906
44288,-0.018311,-0.020752,1.126709,-1.464844,4.455566,-8.178711
44298,-0.059570,-0.314453,0.716919,-0.305176,4.760742,-6.652832
44307,-0.057861,-0.193848,0.843628,-1.403809,5.554199,-4.943848
44317,-0.089966,0.112305,1.210938,-2.380371,6.591797,-2.441406
44328,-0.056396,-0.115967,1.012573,-0.915527,6.652832,-0.366211
44337,-0.084351,-0.257813,0.884399,0.305176,7.202148,2.075195
44350,-0.129517,-0.030518,1.061646,-1.220703,9.643555,8.605957
44359,-0.143311,-0.027344,1.049072,-0.305176,10.314941,10.864258
44368,-0.126343,-0.246216,0.923950,0.854492,10.559082,13.122559
44378,-0.134644,-0.217285,0.958008,1.037598,10.681152,15.014648
44387,-0.098755,-0.201904,0.925049,0.366211,10.925293,16.601562
44397,-0.168823,-0.092407,0.995605,-0.427246,11.413574,18.310547
44407,-0.120239,-0.131348,0.975708,-0.610352,11.413574,19.470215
44417,-0.130737,-0.121826,0.979858,-0.061035,11.962891,20.263672
44428,-0.116089,-0.294434,1.005859,-0.122070,11.901855,21.118164
44438,-0.058960,-0.146851,1.047485,-0.732422,11.596680,20.385742
44447,-0.040161,-0.172974,0.918701,-1.220703,11.291504,19.653320
44457,0.015625,-0.074829,1.009033,-1.464844,10.437012,19.470215
44467,0.026367,-0.231567,1.049683,-1.220703,9.948730,18.981934
44477,-0.009399,-0.153931,1.119141,-1.342773,9.338379,18.249512
44490,0.034668,-0.085205,1.080688,-1.708984,7.568359,16.174316
44499,0.027832,-0.175293,1.013550,-1.586914,7.202148,15.197754
44508,0.036987,-0.136475,1.016968,-1.770020,6.713867,14.709473
44518,0.048096,-0.153687,0.971436,-1.831055,5.920410,13.916016
44527,0.069702,-0.101440,1.030640,-1.586914,5.432129,13.549805
44538,0.067871,-0.166992,0.945923,-1.525879,4.882812,13.183594
44547,0.050781,-0.138428,1.032837,-1.647949,4.760742,12.573242
44560,0.072144,-0.110840,1.015747,-1.037598,3.356934,11.901855
44569,0.092407,-0.145752,0.961426,-0.061035,3.234863,10.925293
44578,0.090454,-0.198730,1.100586,0.305176,2.136230,9.826660
44587,0.098999,-0.204712,1.016357,0.671387,1.037598,8.666992
44597,0.108276,-0.117432,0.970093,0.671387,0.366211,7.385254
44607,0.118286,-0.142334,0.937012,0.976562,-0.183105,6.652832
44617,0.143311,-0.194824,0.964966,1.403809,-0.549316,5.981445
44628,0.140869,-0.190308,0.931030,1.586914,-1.220703,5.004883
44637,0.146606,-0.132202,1.026367,0.976562,-2.319336,4.150391
44647,0.108154,-0.034546,1.089233,1.037598,-2.746582,3.295898
44657,0.082397,-0.202881,1.008667,1.525879,-3.417969,2.014160
44667,0.120605,-0.077393,1.087891,1.647949,-3.967285,0.915527
44677,0.108276,-0.030029,0.985229,1.464844,-4.455566,0.183105
44687,0.095581,-0.064575,1.093750,1.892090,-4.333496,-0.183105
44698,0.038086,-0.218872,0.990601,1.159668,-4.699707,-1.464844
44708,0.006348,-0.109619,1.016968,1.342773,-4.455566,-2.136230
44717,0.060791,-0.056763,1.030518,1.525879,-4.150391,-2.746582
44727,0.040039,-0.146973,0.901245,1.220703,-4.333496,-3.784180
44737,0.086304,-0.039551,1.003662,0.427246,-5.065918,-4.821777
44747,0.094238,-0.130127,0.973755,0.122070,-5.737305,-5.249023
44757,0.129761,-0.038086,0.993774,0.061035,-5.493164,-5.615234
44768,0.064453,-0.170898,0.936768,0.000000,-5.371094,-6.225586
44778,0.037720,-0.168091,0.908936,0.000000,-5.737305,-6.469727
44787,0.072876,-0.119873,0.987549,-0.366211,-5.371094,-6.713867
44797,0.042603,-0.161499,1.015137,-0.244141,-5.004883,-6.713867
44807,-0.008179,-0.172607,0.919434,-0.549316,-5.065918,-6.774902
44817,-0.062622,-0.114990,0.936646,-1.220703,-5.065918,-6.774902
44827,-0.003296,-0.102051,0.985107,-1.586914,-4.333496,-6.652832
44838,-0.003418,-0.072754,0.926147,-1.770020,-3.662109,-6.103516
44848,0.005737,-0.045654,0.983521,-1.892090,-3.601074,-6.042480
44858,-0.022583,-0.070923,0.927002,-1.770020,-3.112793,-5.859375
44867,0.033081,-0.063599,1.049561,-1.708984,-2.441406,-5.004883
44877,0.037720,-0.063599,1.125122,-1.831055,-2.685547,-4.516602
44888,0.070312,-0.000122,0.984253,-1.586914,-3.051758,-3.845215
44897,0.030396,-0.037842,1.049927,-1.159668,-2.563477,-2.685547
44907,0.083008,-0.122559,1.108032,-0.610352,-2.624512,-1.464844
44918,0.023560,-0.072144,0.915649,-1.037598,-2.014160,0.793457
44928,-0.032471,-0.127686,1.019775,-1.525879,-1.770020,2.441406
44938,-0.026733,-0.141724,1.013306,-1.586914,-1.220703,3.540039
44947,-0.110840,-0.010864,1.065796,-1.831055,-0.427246,4.211426
44957,-0.073853,-0.034546,1.106445,-1.647949,-0.976562,4.272461
44968,-0.101929,-0.063110,1.130981,-1.037598,-1.098633,3.967285
44978,-0.089844,-0.153320,1.070679,0.427246,-0.854492,3.356934
44987,-0.052124,-0.146973,1.084717,0.488281,-0.610352,3.234863
44997,-0.011230,-0.160156,0.951660,0.610352,-0.671387,3.662109
45007,-0.026245,-0.181274,0.880371,0.366211,-0.122070,3.662109
45017,0.026611,-0.226196,0.959351,0.122070,0.366211,4.211426
45027,-0.029175,-0.117676,0.851929,-0.793457,0.061035,4.455566
45037,0.024902,-0.193726,0.844849,-1.586914,-0.793457,4.211426
45048,-0.008545,-0.117188,0.906616,-2.502441,-0.427246,3.234863
45058,-0.036011,-0.047607,0.911621,-2.807617,-0.427246,2.624512
45068,0.002441,-0.117554,0.916382,-2.807617,-0.610352,2.258301
45077,-0.020386,-0.082397,0.954224,-3.234863,-0.915527,2.136230
45088,-0.028442,-0.113037,0.895142,-3.540039,-0.122070,2.258301
45097,0.014648,-0.053589,1.019653,-4.028320,-0.488281,2.014160
45108,0.027832,-0.018433,1.017944,-3.967285,0.427246,2.136230
45117,-0.018066,-0.021362,0.993530,-3.906250,0.061035,1.647949
45127,-0.018433,-0.050903,0.965820,-2.258301,0.427246,1.647949
45137,0.010254,-0.080566,1.014404,-1.464844,0.122070,1.525879
45147,0.028809,-0.174316,0.938721,-1.037598,-0.671387,1.098633
45158,0.033691,-0.145630,0.924072,-0.793457,-0.732422,0.732422
45167,0.034912,-0.171997,0.956787,-0.549316,-1.220703,0.305176
45177,0.032837,-0.058350,1.031982,-0.793457,-1.525879,-0.244141
45188,0.047607,-0.174194,0.967285,-1.098633,-1.586914,-0.732422
45198,0.041260,-0.137573,1.010254,-1.281738,-1.464844,-0.854492
45207,0.005005,-0.086548,1.072510,-1.342773,-1.342773,-1.037598
45217,0.032593,-0.154663,0.979980,-1.586914,-1.342773,-1.342773
45228,-0.049805,-0.100952,0.995361,-1.770020,-1.403809,-1.708984
45237,0.020630,-0.160522,1.033936,-1.770020,-1.708984,-2.075195
45247,-0.039429,-0.079834,1.035400,-2.014160,-1.403809,-2.136230
45260,-0.004517,-0.148071,1.070313,-2.258301,-0.854492,-1.953125
45270,0.052856,-0.174438,1.018433,-2.441406,-0.854492,-1.953125
45279,0.054932,-0.101563,0.977051,-2.868652,-1.647949,-2.380371
45289,0.072632,-0.097778,1.044922,-2.929688,-2.014160,-3.051758
45299,0.055054,-0.097290,1.045654,-2.990723,-2.197266,-3.479004
45308,0.039185,-0.117676,1.032715,-3.662109,-1.831055,-4.028320
45318,0.051270,-0.052124,1.072876,-4.211426,-1.403809,-4.394531
45327,-0.011353,-0.043091,0.969238,-4.577637,-2.258301,-5.432129
45337,0.025146,0.024658,1.030518,-4.211426,-1.953125,-5.737305
45347,0.061157,-0.048584,1.022827,-4.211426,-1.770020,-5.798340
45357,-0.028809,-0.018555,0.988159,-3.845215,-1.831055,-5.920410
45367,0.018555,0.029541,1.076782,-3.662109,-1.342773,-5.920410
45377,-0.043579,-0.050415,0.980103,-3.112793,-1.220703,-5.798340
45387,-0.003540,-0.092529,0.953491,-2.319336,-0.671387,-5.737305
45400,-0.031494,-0.035278,1.002197,-1.281738,-0.366211,-5.920410
45409,-0.053833,-0.034058,0.975464,-0.732422,-0.366211,-5.981445
45419,-0.031982,-0.174316,0.904419,-0.061035,0.000000,-5.798340
45429,-0.029053,-0.043701,0.944946,0.488281,0.305176,-5.126953
45438,-0.043457,-0.178833,0.859741,0.976562,0.244141,-4.638672
45448,-0.009521,-0.073853,0.976807,0.854492,0.183105,-4.516602
45457,-0.086670,-0.155762,0.975342,0.610352,1.647949,-3.967285
45467,-0.052856,0.035522,1.043579,0.305176,2.258301,-3.479004
45479,-0.064697,-0.021606,1.058716,1.098633,3.295898,-2.502441
45488,-0.068726,-0.109619,1.062378,1.586914,3.723145,-1.281738
45497,-0.033081,-0.035278,1.068970,2.136230,3.845215,-0.244141
45507,-0.002319,-0.114258,1.014771,2.563477,4.150391,0.976562
45518,-0.014404,-0.109375,0.984741,2.624512,4.577637,2.441406
45527,0.000854,-0.204468,0.953247,2.502441,3.967285,3.906250
45540,0.029053,-0.149048,0.865112,0.976562,4.882812,6.408691
45549,0.009644,-0.091309,0.945923,0.061035,5.004883,7.446289
45558,0.010376,-0.075439,1.032959,-0.671387,4.760742,8.483887
45568,-0.043457,-0.021606,1.021362,-1.098633,4.455566,9.094238
45577,-0.031006,-0.037231,0.911255,-1.098633,4.394531,10.070801
45588,-0.060059,-0.178589,0.924927,-1.281738,4.455566,11.169434
45597,0.003540,-0.066650,1.034912,-1.586914,4.211426,11.840820
45610,-0.017700,-0.178223,0.806274,-2.563477,4.455566,12.573242
45619,0.002686,-0.011719,0.930908,-3.479004,4.394531,12.573242
45629,-0.016846,-0.130249,0.864136,-3.723145,4.638672,12.695313
45638,-0.083496,-0.121826,0.802612,-4.272461,4.089355,11.901855
45648,-0.021484,-0.090942,0.894409,-4.699707,3.540039,11.291504
45658,-0.021973,-0.100098,0.989624,-5.554199,3.845215,10.986328
45667,-0.034180,0.008667,1.023682,-5.676270,3.967285,10.498047
45680,-0.028198,0.017822,1.073975,-5.249023,3.417969,9.887695
45689,0.011841,-0.110474,1.069702,-4.516602,2.929688,9.765625
45699,0.021240,-0.038574,1.129639,-3.967285,2.197266,9.277344
45708,0.028198,-0.160034,1.001831,-3.356934,1.892090,9.155273
45717,0.068359,-0.140015,1.014893,-3.295898,2.075195,8.666992
45728,0.100098,-0.191528,1.012085,-3.479004,1.770020,8.483887
45738,0.121704,-0.149048,1.092896,-3.234863,1.464844,7.934570
45747,0.093628,-0.162231,1.032349,-3.112793,0.305176,6.958008
45759,0.082642,-0.186646,0.979858,-3.112793,-0.183105,6.347656
45768,0.072876,-0.112183,1.031372,-3.112793,-1.220703,5.676270
45778,0.058350,-0.118774,1.071899,-3.173828,-1.525879,5.126953
45787,0.034180,-0.123291,1.082520,-3.295898,-1.708984,4.638672
45798,0.015015,-0.137695,1.031006,-3.356934,-1.831055,3.906250
45807,0.020508,-0.103516,1.055542,-3.356934,-1.403809,3.356934
45817,0.019165,-0.092163,1.092163,-3.601074,-1.892090,2.807617
45829,-0.005371,-0.074585,0.980225,-4.333496,-1.892090,2.746582
45839,0.041504,-0.054443,1.002686,-4.577637,-1.892090,2.563477
45848,0.021729,-0.027832,1.046143,-4.943848,-2.258301,2.563477
45858,-0.004883,-0.009888,0.972534,-4.821777,-2.014160,2.929688
45868,-0.047974,-0.082642,0.967041,-4.699707,-1.892090,2.929688
45877,0.006104,-0.016846,1.041870,-4.638672,-1.770020,2.685547
45890,0.018311,-0.051025,0.973999,-3.601074,-1.525879,2.136230
45900,0.052734,-0.090454,0.935791,-3.173828,-2.014160,1.464844
45909,0.034180,-0.191528,0.966675,-2.807617,-2.624512,0.732422
45919,0.052734,-0.062256,0.976318,-2.685547,-2.502441,0.061035
45929,0.033936,-0.103271,0.872803,-2.807617,-2.746582,-0.732422
45938,0.038330,-0.084961,0.939331,-2.380371,-2.868652,-1.525879
45948,-0.005737,-0.164307,0.876587,-2.197266,-3.112793,-2.502441
45957,0.013550,-0.062866,0.886475,-1.953125,-3.051758,-3.723145
45969,0.024536,-0.166382,0.932983,-0.671387,-2.807617,-4.211426
45979,0.025513,-0.042236,1.014038,-0.122070,-2.746582,-4.760742
45989,-0.000122,-0.115356,0.936401,-0.061035,-2.746582,-4.882812
45998,0.031616,-0.045898,0.979004,0.244141,-2.502441,-5.004883
46008,0.004272,-0.210815,0.854614,0.915527,-2.136230,-5.187988
46017,0.039795,-0.086060,0.947021,0.915527,-1.892090,-5.187988
46030,0.041382,-0.095825,0.987793,-0.183105,-2.441406,-4.821777
46039,0.029297,-0.023926,1.027222,-0.610352,-2.075195,-4.821777
46049,-0.001587,-0.080688,0.972778,-1.037598,-2.197266,-4.699707
46059,-0.008301,-0.033447,1.005005,-1.342773,-1.831055,-4.394531
46069,0.006836,-0.022461,1.122803,-0.915527,-1.464844,-3.662109
46078,-0.017822,-0.041260,1.126709,-0.488281,-1.220703,-3.051758
46088,-0.004272,-0.061157,1.093262,-0.427246,-1.037598,-1.647949
46098,-0.007568,-0.065552,1.067261,-0.549316,-0.915527,-1.098633
46108,0.015747,-0.074097,1.054199,-0.488281,-0.610352,-0.549316
46117,0.040771,-0.136230,1.035278,-0.488281,-0.305176,0.122070
46128,0.025024,-0.129150,1.040161,-0.854492,-0.122070,0.549316
46138,0.009644,-0.049927,1.044922,-1.098633,-0.366211,0.976562
46147,0.010864,-0.038452,1.072144,-1.037598,-0.488281,0.976562
46158,0.001953,-0.093506,1.014038,-0.732422,-0.244141,1.342773
46168,-0.004272,-0.111084,1.000854,-0.427246,0.061035,2.502441
46177,-0.006226,-0.045044,1.022461,-0.488281,0.122070,2.990723
46188,-0.039063,-0.027832,0.966919,-0.732422,0.122070,3.479004
46198,-0.044434,-0.116699,0.928223,-0.610352,0.183105,3.601074
46208,-0.016968,-0.016357,1.011230,-0.732422,0.244141,3.906250
46218,-0.065430,-0.113403,0.910645,-0.610352,0.549316,4.638672
46227,-0.029907,-0.132935,0.890869,-0.305176,1.098633,5.065918
46239,-0.033691,-0.187378,0.887939,-0.610352,1.403809,5.432129
46249,-0.024780,-0.080688,0.918701,-1.708984,1.342773,5.920410
46258,-0.060913,-0.168213,0.857666,-2.014160,1.281738,5.798340
46268,-0.020264,-0.154297,0.917969,-2.441406,1.586914,5.676270
46278,-0.016968,-0.088623,0.989136,-2.685547,1.525879,6.042480
46287,0.036011,-0.078491,1.082642,-2.746582,1.708984,6.469727
46298,0.004883,-0.034912,1.112671,-2.136230,1.586914,6.835937
46307,-0.009766,-0.016846,1.145508,-1.281738,1.159668,7.507324
46319,0.000000,-0.077759,1.124268,0.610352,0.793457,7.629395
46328,0.005371,-0.060181,1.137329,1.342773,0.671387,7.629395
46338,0.031738,-0.078369,1.099731,1.892090,0.610352,7.934570
46348,0.019531,-0.091431,1.043823,2.197266,0.244141,8.117676
46358,0.011475,-0.128662,1.018677,2.685547,0.793457,8.056641
46368,-0.002808,-0.176270,0.993652,2.502441,0.122070,7.812500
46379,-0.005127,-0.124268,1.015015,2.319336,-0.366211,6.896973
46389,-0.005005,-0.187988,0.953125,1.892090,-1.037598,6.408691
46398,-0.003906,-0.157227,0.960327,1.708984,-0.793457,5.798340
46408,-0.006470,-0.195190,0.988892,1.586914,-0.732422,5.737305
46423,-0.041992,-0.071655,1.050537,0.976562,-0.183105,5.493164
46432,-0.028076,0.092285,1.370605,1.281738,-0.854492,5.432129
46442,-0.042969,-0.065674,1.166870,2.868652,-0.427246,6.164551
46451,-0.012939,-0.157959,0.891846,4.638672,0.976562,7.263184
46461,0.070312,-0.182861,0.973755,4.577637,0.000000,7.934570
46470,0.134644,-0.396606,0.754028,4.150391,-1.525879,7.629395
46480,0.080200,-0.491577,0.497925,3.234863,-2.685547,6.347656
46489,0.141113,-0.205078,0.660522,-0.305176,-3.601074,5.126953
46499,0.197632,0.152344,0.979492,-3.051758,-3.723145,4.150391
46508,0.061523,0.040527,0.845459,-3.051758,-3.540039,1.708984
46520,0.053345,-0.075439,1.065063,-2.319336,-3.906250,0.854492
46529,0.094971,-0.091431,1.088867,-2.929688,-4.638672,0.000000
46539,0.018799,-0.008911,1.000366,-3.540039,-4.943848,-0.915527
46548,0.011475,-0.030029,0.909424,-3.845215,-5.310059,-1.464844
46558,0.035767,0.061279,0.991821,-3.845215,-5.493164,-2.136230
46568,0.048096,0.041016,0.984619,-3.112793,-6.042480,-3.295898
46578,0.022583,-0.128540,0.975464,-2.502441,-6.042480,-4.699707
46589,0.041016,0.030396,1.125488,-2.868652,-6.042480,-6.652832
46599,-0.014160,-0.045166,1.034668,-1.708984,-5.371094,-7.080078
46609,0.029663,-0.197021,0.950073,-0.610352,-6.164551,-7.385254
46618,0.070679,-0.164551,0.981934,0.549316,-6.042480,-7.873535
46628,0.055542,-0.139160,1.000366,0.915527,-6.958008,-8.361816
46637,0.058472,-0.180786,1.054810,0.549316,-6.896973,-8.789063
46649,0.045288,-0.209595,1.031372,-0.732422,-6.469727,-9.887695
46659,0.000977,-0.038086,1.108154,-0.610352,-6.225586,-10.253906
46668,-0.015015,-0.229980,0.966431,0.061035,-6.103516,-10.742188
46678,0.011230,-0.233276,0.958008,0.183105,-6.225586,-10.925293
46688,0.021118,-0.227295,0.873047,-0.915527,-5.615234,-10.620117
46697,0.042236,-0.254639,0.767456,-2.441406,-5.676270,-10.498047
46708,0.030029,-0.100952,0.733276,-4.455566,-5.249023,-10.314941
46718,0.015991,0.060303,0.816406,-6.164551,-4.638672,-9.643555
46729,-0.043091,0.059814,1.060547,-7.019043,-3.906250,-10.009766
46739,-0.091553,0.000854,1.178101,-6.469727,-3.601074,-10.375977
46749,-0.067749,0.024292,1.277588,-6.103516,-3.417969,-10.498047
46758,0.026001,-0.085327,1.110596,-5.126953,-3.112793,-10.620117
46768,0.075195,-0.167236,1.032837,-4.089355,-3.051758,-10.681152
46778,0.030396,-0.236206,0.975830,-3.234863,-4.211426,-10.375977
46788,0.006592,-0.294189,0.927368,-3.295898,-5.371094,-10.559082
46798,0.046631,-0.168701,0.949585,-5.432129,-3.967285,-9.887695
46808,0.069214,0.095825,0.952148,-6.042480,-2.746582,-9.155273
46818,0.043701,-0.107056,1.010864,-5.432129,-1.892090,-9.033203
46828,0.002808,-0.133911,1.140747,-4.943848,-1.892090,-10.009766
46838,0.015137,0.244629,1.142944,-4.516602,-2.929688,-11.169434
46848,0.023682,0.024292,1.073242,-2.136230,-3.723145,-11.779785
46858,0.070557,-0.289795,0.980835,0.610352,-4.028320,-12.268066
46869,0.034302,-0.068604,1.014282,-15.136719,-3.967285,-12.451172
46879,-0.039551,-0.074707,0.921265,0.061035,-3.662109,-12.329102
46888,-0.014893,-0.175659,0.892578,0.793457,-2.502441,-12.145996
46898,-0.072998,-0.103271,0.991821,1.037598,-1.831055,-11.413574
46907,-0.071777,-0.258911,0.981934,1.708984,-1.586914,-11.108398
46918,-0.114502,-0.184937,1.022705,2.075195,-1.342773,-11.169434
46927,-0.115234,-0.176025,0.946167,1.892090,-0.915527,-10.437012
46939,-0.043701,-0.168457,0.996582,1.953125,0.305176,-8.666992
46949,-0.095825,-0.189575,0.944092,2.319336,0.915527,-7.751465
46958,-0.079956,-0.056641,0.947876,1.525879,1.342773,-6.896973
46968,-0.031372,-0.067627,0.934204,1.342773,1.953125,-6.164551
46978,-0.047241,-0.112793,1.003540,1.464844,2.380371,-5.554199
46987,-0.043945,-0.170654,0.960937,0.915527,2.868652,-4.821777
46998,-0.058960,-0.097168,0.943848,0.183105,2.624512,-4.028320
47007,-0.013306,-0.116699,0.948975,-0.305176,3.112793,-2.563477
47019,0.007202,-0.049438,1.077637,-2.319336,3.723145,-1.647949
47028,-0.069824,0.045288,1.125610,-3.356934,3.906250,-0.793457
47038,-0.055664,0.016113,1.021851,-3.173828,4.150391,-0.366211
47048,-0.071411,-0.020996,1.063232,-2.319336,4.394531,0.244141
47057,-0.014160,-0.041626,1.089600,-1.281738,4.028320,0.793457
47069,-0.052246,-0.065674,1.019043,1.464844,4.333496,1.525879
47078,-0.027344,-0.135010,0.958252,2.136230,4.577637,2.136230
47089,0.033691,-0.271118,0.845337,2.014160,4.333496,2.441406
47098,0.029053,-0.157959,0.892578,0.976562,4.272461,2.441406
47108,-0.006836,-0.096924,0.936279,0.000000,4.211426,2.441406
47118,-0.010132,-0.147827,0.921753,-1.159668,3.417969,2.380371
47127,-0.083618,-0.004639,0.993530,-1.831055,3.723145,2.319336
47139,-0.059448,-0.128418,0.951416,-1.892090,4.272461,2.563477
47149,-0.033813,-0.025146,1.033081,-1.281738,3.906250,2.807617
47158,-0.050049,-0.042236,1.072266,-0.244141,4.394531,3.601074
47168,-0.043213,-0.094604,0.981323,0.244141,4.333496,3.784180
47177,0.019897,-0.144165,0.997681,0.549316,4.394531,3.967285
47188,0.015015,-0.108154,1.028076,0.305176,4.394531,4.394531
47197,0.055908,-0.150635,0.971191,-0.305176,4.272461,4.394531
47208,0.045532,-0.061035,0.993652,-0.549316,3.845215,4.394531
47217,0.039429,-0.093262,0.949341,-0.793457,3.662109,3.845215
47228,0.054443,-0.042603,1.052612,-1.953125,2.624512,3.051758
47238,0.011230,-0.092041,0.985596,-1.892090,1.892090,2.685547
47247,0.016968,-0.169189,0.965332,-1.892090,1.708984,2.197266
47257,0.022339,-0.064453,1.025879,-2.624512,1.037598,1.892090
47268,0.036377,-0.082520,0.940186,-3.112793,0.854492,1.464844
47277,0.008545,-0.023193,0.994141,-3.479004,0.915527,1.098633
47290,0.051880,-0.026123,1.022583,-4.089355,1.281738,1.708984
47299,-0.006348,0.011108,1.026367,-4.150391,1.586914,1.892090
47309,-0.012085,-0.095215,0.924927,-4.028320,1.403809,2.136230
47318,-0.000854,-0.078125,1.009155,-4.150391,1.159668,2.258301
47328,-0.004761,-0.022339,1.000854,-4.089355,1.281738,2.258301
47337,-0.018188,-0.099243,0.934570,-3.723145,0.793457,2.197266
47348,0.010742,-0.067749,0.992676,-3.173828,1.220703,2.197266
47357,-0.021851,-0.077026,0.974609,-2.929688,0.671387,1.464844
47369,-0.026733,-0.061279,0.997314,-2.502441,0.549316,1.525879
47378,-0.043823,-0.140991,0.975220,-2.197266,0.976562,1.159668
47388,-0.005981,-0.089355,1.031250,-2.136230,1.098633,0.549316
47397,-0.044312,-0.056396,0.976196,-2.197266,0.549316,0.305176
47407,-0.031006,-0.190674,0.941528,-1.770020,0.793457,-0.183105
47417,-0.032471,-0.095581,1.028809,-2.014160,0.183105,-0.671387
47429,-0.013428,-0.138184,0.968018,-2.136230,0.427246,-1.342773
47439,-0.020142,-0.085083,1.012939,-2.319336,0.610352,-1.159668
47449,-0.032715,-0.132568,0.984863,-2.258301,1.098633,-1.342773
47458,0.002930,-0.082764,1.014404,-2.319336,1.342773,-1.464844
47468,0.025269,-0.104126,1.004395,-1.892090,1.525879,-1.708984
47477,0.033325,-0.131470,1.018555,-1.586914,1.098633,-1.525879
47488,0.016235,-0.119019,1.008423,-1.098633,0.976562,-1.464844
47497,0.052368,-0.205566,1.026611,-1.159668,0.793457,-1.647949
47507,0.054199,-0.125244,1.088501,-1.220703,0.976562,-1.586914
47517,-0.006348,-0.081177,1.040405,-1.464844,0.793457,-1.525879
47527,-0.032715,-0.108643,0.997314,-1.525879,0.793457,-1.647949
47538,0.008179,-0.151367,0.940186,-1.342773,0.732422,-1.708984
47547,0.000610,-0.115356,0.983154,-1.708984,0.488281,-1.831055
47558,0.010864,-0.141846,0.953857,-2.014160,0.610352,-1.647949
47567,0.010742,-0.110840,0.960449,-2.319336,0.549316,-1.464844
47578,0.012451,-0.065552,0.975830,-2.502441,0.488281,-1.403809
47588,0.017822,-0.097046,1.009399,-2.563477,1.220703,-1.037598
47598,-0.038452,-0.036743,0.957642,-2.380371,1.098633,-0.366211
47607,0.004028,-0.093018,0.961426,-2.136230,1.647949,0.183105
47618,0.001953,-0.091553,1.030151,-1.953125,1.464844,0.488281
47627,0.022949,-0.168213,1.036011,-1.403809,1.220703,0.915527
47639,-0.018677,-0.053833,0.958984,-0.915527,0.976562,1.220703
47648,-0.041260,-0.186157,0.948120,-0.122070,1.342773,1.281738
47658,-0.027710,-0.159180,0.959717,0.122070,0.915527,1.342773
47667,0.004150,-0.135986,0.933472,0.122070,2.014160,1.281738
47678,-0.003784,-0.083740,0.972412,-0.305176,1.281738,1.464844
47687,0.022949,-0.087646,0.965210,-0.244141,0.793457,1.647949
47698,0.003052,-0.093018,0.980469,-0.427246,1.159668,2.014160
47710,-0.005127,-0.102051,0.986816,-0.305176,0.732422,2.502441
47720,-0.047607,-0.064575,1.038696,0.000000,1.037598,2.990723
47729,-0.030029,-0.117065,1.028931,0.488281,1.037598,3.417969
47738,-0.019409,-0.159302,1.069214,0.366211,1.342773,4.028320
47747,-0.043213,-0.112061,1.010254,0.305176,1.586914,4.394531
47757,-0.036499,-0.179199,0.892944,-0.061035,1.281738,4.638672
47767,0.014160,-0.173828,0.866943,-0.854492,0.793457,4.760742
47780,0.024414,-0.062988,1.011230,-2.502441,0.793457,4.699707
47789,0.011108,0.010254,1.072876,-2.685547,0.732422,4.333496
47798,-0.011353,0.032715,1.122192,-2.563477,0.671387,4.089355
47808,-0.039795,-0.046509,1.156616,-1.647949,1.464844,3.601074
47817,-0.063721,0.015503,1.195801,-0.976562,0.732422,3.540039
47827,-0.022705,-0.079102,1.114990,-0.061035,0.427246,2.990723
47837,0.000244,-0.132080,1.062500,0.488281,0.488281,2.746582
47848,0.019653,-0.230713,0.859009,0.427246,-0.854492,1.281738
47857,0.063110,-0.203979,0.726807,-0.732422,-0.915527,0.305176
47867,0.037231,-0.201416,0.690674,-2.685547,-0.671387,-0.366211
47877,0.034424,-0.133667,0.775635,-4.394531,-0.671387,-0.976562
47887,0.032715,0.013184,0.881104,-5.676270,-0.488281,-1.098633
47897,-0.004639,0.004395,0.892334,-6.652832,-0.183105,-1.159668
47907,-0.030640,-0.021973,0.939209,-6.835937,-0.244141,-1.831055
47920,-0.021118,0.009888,0.987793,-6.408691,-0.549316,-2.807617
47929,-0.021606,-0.055664,0.991577,-5.981445,-0.488281,-3.173828
47939,-0.020874,0.001465,0.980957,-5.432129,-0.366211,-3.173828
47948,-0.010864,-0.032471,0.937988,-5.126953,0.000000,-2.929688
47957,-0.005493,-0.051758,1.009766,-5.187988,0.427246,-2.502441
47967,-0.034302,0.004150,1.066895,-5.126953,0.366211,-2.197266
47977,0.027344,-0.079102,1.083496,-4.821777,1.220703,-1.953125
47987,-0.016968,-0.093750,1.077637,-4.577637,0.488281,-1.403809
47999,-0.026367,-0.138916,1.099609,-3.295898,0.427246,-1.403809
48008,-0.017090,-0.110107,1.050415,-2.868652,0.244141,-1.220703
48018,-0.008057,-0.123779,1.096436,-2.380371,0.061035,-0.854492
48027,0.017212,-0.111938,1.021606,-2.258301,1.708984,-0.610352
48038,0.061157,-0.021851,1.077759,-2.624512,0.793457,-0.305176
48047,0.034180,-0.100098,1.103394,-2.624512,0.671387,0.000000
48059,0.026245,-0.133667,1.109741,-1.892090,-0.061035,0.061035
48069,0.084717,-0.135986,1.118774,-1.586914,0.061035,-0.061035
48078,0.062378,-0.083862,1.170044,-1.403809,-0.061035,-0.244141
48088,0.096436,-0.147461,1.067627,-0.915527,-0.427246,-0.366211
48097,0.000122,-0.160034,1.036987,-0.915527,-0.671387,-0.793457
48108,0.016724,-0.145630,1.019409,-0.915527,-0.793457,-1.159668
48117,-0.012939,-0.081177,0.974487,-0.671387,-1.770020,-1.647949
48130,-0.003906,-0.114136,1.001831,0.427246,-0.549316,-2.136230
48139,-0.018433,-0.165894,1.009644,0.915527,-0.854492,-2.624512
48149,-0.011108,-0.098022,1.029785,1.342773,-0.610352,-3.540039
48158,0.044067,-0.073730,0.909668,1.525879,-1.037598,-3.906250
48167,0.045288,-0.261353,0.819702,1.892090,-1.403809,-4.333496
48178,0.023071,-0.258423,0.833130,1.525879,-0.793457,-4.821777
48187,-0.015625,-0.092529,0.939941,0.183105,-0.732422,-4.760742
48200,0.000977,0.047363,0.936157,-2.014160,-0.610352,-4.394531
48209,-0.051392,-0.032715,0.935425,-1.953125,-0.305176,-3.967285
48219,-0.045044,-0.044189,1.043823,-1.770020,-0.061035,-3.906250
48228,-0.048950,-0.017456,0.983765,-0.671387,-0.244141,-3.967285
48238,0.002563,-0.064209,0.966309,0.732422,0.488281,-3.723145
48247,0.025513,-0.070312,1.007935,2.075195,0.610352,-3.173828
48257,0.011719,-0.156494,0.967529,3.173828,0.610352,-2.868652
48269,-0.043823,-0.179443,0.941406,3.662109,0.488281,-2.563477
48279,-0.014404,-0.166992,0.953491,4.028320,0.488281,-2.624512
48288,-0.036987,-0.145874,0.999146,4.516602,0.793457,-2.563477
48297,-0.054810,-0.243774,0.956543,5.371094,1.159668,-2.197266
48308,-0.017090,-0.176758,1.006592,5.310059,0.671387,-1.892090
48317,-0.016968,-0.135864,1.031128,5.371094,1.098633,-1.281738
48328,-0.021973,-0.105591,1.042236,5.554199,1.525879,-0.427246
48339,0.003540,-0.142700,1.101929,6.042480,2.502441,2.319336
48348,-0.042358,-0.130493,1.117554,5.371094,2.807617,3.417969
48357,-0.040527,-0.122192,1.051880,4.943848,2.929688,4.455566
48368,-0.069824,-0.175171,0.945190,4.943848,3.173828,5.249023
48377,-0.041382,-0.219604,0.953247,4.272461,3.662109,5.920410
48387,-0.035034,-0.095703,1.011108,3.295898,3.479004,6.713867
48398,-0.041992,-0.077759,0.954468,2.258301,3.356934,7.080078
48407,-0.000366,-0.137573,0.888916,1.953125,4.028320,9.399414
48418,0.014893,-0.106812,1.016724,-0.122070,4.150391,10.070801
48428,-0.014771,0.002319,1.012329,-1.220703,4.211426,10.864258
48437,-0.014771,-0.013428,1.024048,-1.892090,3.112793,11.657715
48447,0.009277,-0.026489,1.030884,-1.892090,3.601074,12.084961
48458,-0.003662,-0.023071,0.968994,-2.075195,3.417969,12.573242
48467,0.029541,-0.102905,0.938477,-1.953125,3.723145,13.427734
48480,0.023315,-0.084595,0.981445,-2.502441,2.929688,14.282227
48489,0.001099,-0.141968,0.945801,-3.051758,2.563477,15.197754
48498,0.014526,-0.023804,1.008423,-3.417969,1.953125,15.441895
48507,-0.010376,-0.074097,0.949463,-3.723145,1.892090,15.197754
48518,-0.011597,-0.112183,0.982910,-3.356934,1.892090,14.892578
48527,-0.012207,-0.005127,1.025146,-3.479004,1.647949,14.160156
48537,-0.028442,-0.032959,0.981689,-3.356934,0.915527,12.939453
48550,-0.031982,-0.064819,0.965576,-2.075195,-0.122070,10.742188
48559,-0.030029,-0.057861,0.968018,-2.197266,-0.122070,8.911133
48568,-0.031006,-0.050171,0.991211,-1.831055,-0.122070,7.446289
48578,-0.003784,-0.125610,0.971313,-1.647949,0.183105,5.554199
48587,-0.007690,-0.093018,0.965820,-2.014160,-0.244141,3.845215
48598,-0.012207,-0.050293,0.999634,-2.258301,-0.732422,2.624512
48608,-0.013550,-0.125854,0.986084,-1.892090,-0.793457,1.525879
48617,0.007935,-0.140015,0.966553,-1.647949,-0.610352,-0.366211
48628,0.008911,-0.105347,0.993042,-2.319336,-1.403809,-0.854492
48638,0.005371,-0.103638,0.992187,-2.502441,-1.464844,-1.159668
48647,0.014038,-0.077637,0.959961,-2.746582,-1.037598,-0.854492
48657,0.022217,-0.132690,0.944946,-3.173828,-0.732422,-0.671387
48668,0.017944,-0.097290,1.027588,-3.723145,-0.671387,-0.549316
48677,0.026611,-0.066162,1.014160,-3.845215,-1.098633,-0.549316
48689,0.057617,-0.144043,0.978271,-3.784180,-1.098633,-0.488281
48698,0.073975,-0.030518,1.038086,-4.516602,-1.708984,-0.610352
48708,0.095581,-0.090698,0.979736,-4.943848,-1.647949,-0.427246
48717,0.080444,-0.116211,0.936768,-5.310059,-1.647949,0.000000
48728,0.078003,0.004028,1.031494,-5.737305,-1.525879,0.671387
48737,0.063599,0.001465,1.021729,-5.920410,-1.403809,1.281738
48748,0.048096,-0.047485,0.995850,-5.615234,-1.586914,1.770020
48757,0.028198,-0.021240,1.064209,-4.638672,-1.586914,2.258301
48769,0.022583,-0.131104,0.922363,-4.211426,-2.014160,2.380371
48778,0.008423,-0.070435,0.984375,-3.967285,-1.953125,2.685547
48787,0.007202,-0.105225,0.919800,-3.967285,-3.234863,2.807617
48798,0.027832,-0.110352,0.923462,-4.150391,-1.892090,2.746582
48807,-0.003662,-0.034058,1.046753,-4.272461,-2.258301,2.685547
48817,-0.038452,-0.103027,0.974365,-4.150391,-1.892090,2.624512
48830,-0.028198,-0.063965,1.033936,-3.845215,-2.075195,1.831055
48839,-0.020386,-0.104858,0.996704,-3.417969,-2.441406,1.159668
48849,-0.016724,-0.161011,0.940918,-3.112793,-2.319336,0.244141
48858,0.022461,-0.108032,1.020386,-2.685547,-1.831055,0.000000
48867,0.012329,-0.133667,0.947754,-2.563477,-2.990723,-0.610352
48877,0.043823,-0.183228,0.909546,-2.258301,-3.051758,-1.708984
48888,0.066406,-0.147827,1.033325,-2.319336,-2.868652,-2.563477
48897,0.077148,-0.153442,0.973022,-2.380371,-3.540039,-3.540039
48909,0.066528,-0.108032,1.033203,-2.380371,-3.662109,-3.906250
48918,0.082275,-0.110840,1.043457,-2.319336,-3.417969,-3.967285
48927,0.063965,-0.090454,1.060425,-2.197266,-3.784180,-4.211426
48937,0.054565,-0.093628,1.028809,-1.831055,-3.845215,-4.638672
48947,0.065430,-0.135132,1.036987,-1.892090,-3.906250,-5.004883
48957,0.037476,-0.057739,1.060181,-1.953125,-4.211426,-5.493164
48970,0.004639,-0.105469,1.005737,-1.770020,-4.760742,-6.774902
48979,-0.002441,-0.052856,1.048096,-1.708984,-4.455566,-7.202148
48989,-0.014893,-0.013184,0.995850,-1.525879,-4.394531,-7.629395
48998,0.014648,-0.073853,1.008423,-0.915527,-3.173828,-7.873535
49008,0.043823,-0.070312,1.036865,-1.037598,-3.295898,-7.873535
49017,0.008301,-0.071411,0.955811,-1.220703,-3.906250,-8.178711
49028,0.032104,-0.162964,0.950317,-1.220703,-4.028320,-8.422852
49037,0.017090,-0.090820,1.022461,-1.159668,-3.417969,-9.216309
49049,-0.022339,-0.127930,0.961670,-1.525879,-3.417969,-9.765625
49058,0.025635,-0.075317,1.060913,-1.281738,-2.929688,-10.070801
49068,0.000000,-0.122070,0.936035,-1.281738,-3.417969,-9.765625
49077,0.026001,-0.173462,0.877441,-0.793457,-3.051758,-9.521484
49088,0.067139,-0.131714,0.987671,-0.549316,-2.746582,-9.338379
49097,0.070068,-0.123169,0.901001,-0.305176,-2.136230,-8.544922
49107,0.073975,-0.210327,0.919800,-0.549316,-2.319336,-7.568359
49119,0.013916,-0.167480,0.954346,-0.671387,-1.525879,-6.835937
49128,-0.013428,-0.241211,0.960083,-1.098633,-1.953125,-6.530762
49138,-0.033691,-0.259644,1.005615,-1.098633,-2.014160,-6.286621
49148,0.056641,-0.256592,1.109253,-1.281738,-1.159668,-5.798340
49157,-0.090332,-0.638062,1.100830,-1.403809,-1.586914,-5.187988
49168,0.208862,-0.980469,-0.646118,-8.789063,-1.464844,-5.065918
49178,0.040039,-0.366089,0.591187,-20.996094,-2.990723,-2.502441
49187,-0.029297,0.374878,-0.584839,-26.428223,-4.699707,-3.112793
49197,-0.140747,1.081421,-0.106201,-32.775879,-4.394531,-2.563477
49208,-0.059082,1.279541,0.742920,-34.240723,-3.723145,-2.502441
49217,-0.243286,0.594971,1.042725,-31.982422,-4.699707,-3.967285
49228,-0.026978,0.142456,1.159912,-34.790039,-5.310059,-6.164551
49237,-0.148804,0.653076,1.179932,-41.320801,-3.234863,-6.835937
49247,0.071289,1.014038,1.045776,-38.879395,-0.976562,-4.943848
49259,0.151611,1.078125,2.053345,-31.738281,-0.305176,-4.394531
49268,-0.029907,0.162598,1.652222,-22.277832,-1.098633,-2.807617
49277,0.076294,-0.251099,1.399292,-14.038086,-1.708984,-3.173828
49287,0.024414,0.286133,1.772217,-10.314941,1.831055,-2.075195
49297,0.117310,0.836426,2.379272,-11.352539,0.061035,0.976562
49309,-0.003296,0.331665,1.452271,1.403809,-2.807617,3.356934
49318,-0.107544,-0.121582,1.012207,6.958008,-1.892090,4.516602
49328,-0.345337,0.273926,1.628540,5.981445,-0.610352,5.920410
49337,-0.222168,0.660278,1.320679,1.892090,3.234863,7.141113
49348,-0.162598,0.735718,0.102173,-0.854492,4.455566,7.507324
49357,-0.114868,1.015991,-0.077271,-0.854492,5.187988,6.530762
49368,-0.076660,1.026733,1.125732,0.244141,6.103516,5.249023
49379,-0.008911,0.976440,2.104370,-3.845215,0.793457,0.244141
49388,0.087891,0.791504,0.552612,-6.652832,-2.624512,-0.854492
49399,0.226929,1.477173,0.770630,-7.019043,-1.647949,0.549316
49408,0.211670,1.306274,1.433105,-3.662109,0.183105,2.868652
49418,0.203125,0.196167,1.244995,-0.061035,1.403809,3.356934
49428,0.217163,-0.161499,0.771484,-1.525879,-1.159668,2.014160
49437,0.201538,0.496948,0.758911,-5.676270,-1.647949,0.610352
49449,0.033813,1.173462,1.213501,-5.493164,-0.366211,2.014160
49458,-0.147095,-0.250000,0.927246,-1.037598,-0.427246,0.305176
49469,-0.248901,0.044189,0.841553,-1.159668,-2.746582,-2.319336
49478,-0.104614,0.900757,0.940430,-4.150391,-1.525879,-2.868652
49488,-0.123657,0.949219,0.969238,-4.333496,0.244141,-1.159668
49497,-0.171021,0.364746,1.002197,-2.136230,0.061035,-0.610352
49508,-0.159790,0.145020,0.811523,-1.708984,-0.671387,-2.258301
49517,-0.047363,0.707642,0.927612,-4.211426,-1.770020,-3.295898
49529,-0.063477,0.778442,0.968994,-6.164551,-0.732422,0.000000
49538,-0.013794,0.543091,1.021118,-1.953125,0.488281,1.525879
49548,-0.025269,0.546387,0.968994,-1.342773,1.220703,3.112793
49557,0.116211,0.897095,0.994141,-2.502441,1.831055,4.577637
49567,0.025146,0.979980,1.101196,-3.540039,2.136230,6.835937
49578,-0.030884,0.618774,0.849121,-2.136230,1.708984,8.972168
49587,-0.056519,0.436768,0.822144,-0.305176,2.014160,9.948730
49599,0.012939,0.609009,1.215576,-1.037598,1.953125,10.742188
49609,-0.054077,0.568237,1.095337,-2.136230,0.793457,10.803223
49618,-0.097290,0.585693,0.928955,-1.586914,0.793457,10.437012
49627,-0.079102,0.593018,0.901978,-0.366211,0.671387,10.192871
49638,-0.034180,0.580078,1.010132,0.854492,1.159668,9.826660
49647,-0.022339,0.517578,1.110229,1.220703,1.586914,9.155273
49658,-0.008911,0.453735,1.034058,1.281738,1.342773,8.239746
49667,0.062256,0.494873,0.923828,1.464844,0.488281,6.408691
49678,0.204346,0.619751,0.973145,1.647949,-0.427246,5.981445
49688,0.043823,0.232788,0.184326,1.403809,-1.098633,6.347656
49697,0.185059,0.010986,1.263306,10.559082,-0.915527,6.958008
49707,0.249023,-0.071899,1.761719,9.094238,-1.831055,3.540039
49717,0.044678,0.711426,1.129028,1.708984,-1.953125,2.685547
49727,-0.023315,-0.592529,0.685181,6.652832,-2.258301,2.807617
49739,-0.204590,0.395020,1.097168,6.469727,-2.685547,-2.990723
49748,-0.039795,-0.088501,0.937622,3.417969,-4.272461,-3.540039
49758,-0.053223,-0.190552,1.085693,6.286621,-4.028320,-4.577637
49767,0.059082,0.032471,1.098633,5.126953,-3.906250,-4.272461
49777,0.014404,-0.182617,1.031616,6.164551,-3.662109,-2.929688
49788,0.082275,0.029785,0.952881,6.469727,-4.028320,-3.051758
49797,-0.011108,0.279663,0.793091,4.821777,-3.906250,-2.502441
49809,0.013062,0.144287,1.103149,5.187988,-4.516602,-2.014160
49818,-0.014404,0.005615,1.032715,5.554199,-4.272461,-0.610352
49828,0.013306,0.058228,1.528809,6.652832,-3.295898,0.610352
49838,0.049805,0.233032,1.724487,6.103516,-3.540039,0.976562
49847,-0.019165,0.098755,1.401855,7.629395,-4.943848,1.220703
49857,-0.000977,0.304443,1.604614,9.460449,-6.469727,0.122070
49868,-0.126831,0.172119,1.100098,10.620117,-6.896973,-0.427246
49877,-0.088501,-0.073853,0.632690,11.962891,-3.784180,0.793457
49888,-0.026367,0.200317,0.786255,10.070801,-4.028320,-0.122070
49898,-0.097656,0.259644,0.877441,8.728027,-3.845215,-0.122070
49907,-0.036255,0.036011,1.141968,8.789063,-4.028320,0.183105
49918,-0.050049,-0.083984,1.079346,8.605957,-3.540039,0.488281
49927,-0.036133,-0.143555,0.889648,8.361816,-3.723145,0.854492
49937,-0.040405,-0.188232,1.058472,9.155273,-3.540039,0.488281
49949,-0.083252,-0.217896,1.204468,9.277344,-3.479004,-0.305176
49958,-0.187622,-0.302246,0.973267,10.131836,-3.356934,-0.061035
49968,-0.165283,-0.252319,0.792603,10.131836,-2.380371,0.915527
49977,-0.132935,-0.088867,0.893677,9.582520,-2.075195,1.953125
49988,-0.085571,-0.142700,1.016479,9.399414,-1.403809,3.417969
49997,-0.140015,-0.267212,0.806396,8.972168,-2.075195,4.577637
50007,-0.137695,-0.438477,0.623779,8.239746,-2.807617,5.615234
50019,-0.043457,-0.066284,0.826660,7.324219,-2.258301,9.155273
50029,0.019287,-0.326050,0.690063,5.737305,-2.014160,11.169434
50038,0.067261,-0.281982,0.742920,4.638672,-1.953125,12.451172
50047,0.094971,-0.123535,0.877197,3.845215,-1.831055,14.343262
50058,0.034790,-0.409058,0.788086,3.417969,-0.854492,16.540527
50067,0.031982,-0.268066,0.889771,2.258301,-0.366211,18.005371
50078,0.001709,-0.151733,0.971558,1.647949,-0.366211,18.127441
50087,-0.014893,-0.446899,0.846069,0.793457,-0.793457,16.357422
50099,-0.071045,-0.243896,0.919067,0.305176,-1.037598,15.502930
50108,-0.104736,-0.264404,0.976318,0.000000,-1.342773,14.526367
50117,-0.116577,-0.211548,0.987061,-0.427246,-1.892090,13.366699
50128,-0.116577,-0.230469,0.970459,-0.671387,-1.281738,12.329102
50138,-0.081909,-0.182617,1.080322,-0.976562,-1.403809,11.779785
50147,-0.087891,-0.169312,1.032471,-1.159668,-0.915527,11.169434
50159,-0.097290,-0.269409,1.023193,-1.403809,-0.793457,10.192871
50168,-0.103760,-0.203491,1.055664,-1.953125,-0.427246,10.192871
50178,-0.043823,-0.215942,0.987305,-1.770020,-0.061035,10.375977
50188,-0.033813,-0.223755,0.957275,-1.831055,-0.488281,10.192871
50197,-0.021729,-0.161499,0.938354,-1.953125,-0.671387,9.826660
50207,-0.037231,-0.086548,0.937988,-2.319336,-1.159668,9.521484
50219,-0.041504,-0.098267,0.920898,-2.563477,-0.671387,9.399414
50228,-0.039795,-0.087769,0.968384,-2.685547,-0.366211,9.460449
50239,-0.033569,-0.113525,0.977783,-2.685547,-0.610352,9.033203
50248,-0.014282,-0.156616,0.997314,-2.563477,-0.793457,8.483887
50258,-0.045166,-0.122925,1.000366,-2.624512,-1.464844,8.300781
50267,-0.079346,-0.100708,0.992310,-2.685547,-1.770020,7.934570
50277,-0.078125,-0.114746,1.001099,-2.685547,-1.831055,7.507324
50288,-0.028809,-0.129150,1.037476,-2.746582,-1.708984,7.141113
50297,-0.035645,-0.100586,1.056763,-3.112793,-0.793457,7.446289
50307,-0.083008,-0.047607,0.995483,-2.807617,-0.183105,7.202148
50317,-0.068604,-0.062256,1.010864,-2.624512,-0.183105,7.019043
50327,-0.045898,-0.044800,1.043091,-2.258301,-0.183105,6.103516
50337,-0.024414,-0.013184,1.056763,-2.380371,-0.427246,5.065918
50347,-0.027710,-0.035767,1.022827,-2.380371,-1.464844,3.967285
50357,-0.057861,-0.091309,1.021118,-1.892090,-1.464844,2.746582
50367,-0.092896,-0.113159,1.025269,-1.831055,-2.136230,1.159668
50377,-0.107544,-0.108032,0.992920,-1.708984,-0.854492,1.037598
50387,-0.244385,-0.103149,0.959351,-1.525879,0.122070,1.037598
50397,-0.256836,-0.092163,0.951294,-1.403809,1.403809,1.098633
50407,-0.305420,-0.073608,0.976562,-1.525879,2.380371,1.342773
50418,-0.317139,-0.075806,1.007324,-1.342773,2.868652,1.281738
50427,-0.312012,-0.062256,1.004517,-1.159668,4.028320,0.915527
50437,-0.328247,-0.060669,0.993774,-0.915527,4.211426,0.122070
50449,-0.230103,-0.046509,0.924194,-0.976562,4.577637,0.488281
50458,-0.161011,-0.056152,0.927856,-1.037598,5.737305,1.892090
50468,-0.102051,-0.073730,0.949097,-1.098633,6.896973,3.784180
50477,-0.022827,-0.092163,0.979126,-1.159668,7.629395,5.676270
50487,0.020386,-0.120239,0.988281,-0.976562,7.751465,7.629395
50498,0.053467,-0.123779,0.991333,-0.915527,7.812500,9.338379
50507,0.065674,-0.111572,0.989502,-0.976562,7.873535,11.596680
50519,0.082642,-0.072388,0.968750,-1.037598,6.958008,11.901855
50528,0.093506,-0.051636,0.965820,-1.220703,6.835937,11.901855
50537,0.086182,-0.053345,0.969971,-1.159668,6.408691,11.657715
50548,0.063965,-0.069458,0.973755,-1.037598,5.798340,10.620117
50557,0.029053,-0.092651,0.977051,-0.793457,5.371094,9.216309
50569,0.006592,-0.118774,0.975952,-0.793457,4.089355,5.065918
50578,-0.004883,-0.154785,0.982422,-0.732422,3.906250,3.051758
50588,-0.026489,-0.165894,0.989624,-0.976562,3.662109,1.037598
50597,-0.033936,-0.170166,0.993774,-0.976562,3.601074,-0.671387
50607,-0.024414,-0.160278,0.998657,-1.281738,3.356934,-2.197266
50617,-0.000977,-0.152832,1.007690,-1.403809,3.417969,-3.417969
50627,0.015259,-0.145874,1.009521,-1.525879,2.807617,-4.516602
50637,0.035767,-0.132935,1.003906,-1.403809,2.990723,-5.249023
50649,0.077148,-0.093872,0.990112,-1.586914,2.746582,-5.981445
50658,0.076904,-0.064941,0.993774,-1.586914,1.892090,-6.103516
50668,0.070679,-0.044434,0.997437,-1.525879,1.220703,-5.981445
50677,0.063477,-0.034180,0.995483,-1.403809,0.915527,-5.981445
50687,0.052856,-0.035156,1.000854,-1.220703,0.976562,-5.554199
50697,0.036377,-0.058472,1.008301,-1.037598,0.915527,-5.310059
50707,-0.002808,-0.092529,1.016235,-0.976562,0.549316,-5.004883
50720,-0.060913,-0.127197,1.006714,-0.732422,0.793457,-5.065918
50729,-0.056152,-0.132324,0.985596,-0.915527,0.854492,-5.065918
50739,-0.066406,-0.127319,0.968262,-1.098633,0.915527,-5.004883
50748,-0.088013,-0.115234,0.973145,-1.037598,1.037598,-5.004883
50758,-0.106567,-0.101440,0.980225,-1.281738,1.159668,-4.943848
50768,-0.118042,-0.088989,0.985352,-1.403809,1.770020,-4.577637
50777,-0.122681,-0.038086,0.957764,-1.159668,2.685547,-3.784180
50787,-0.107056,-0.087158,1.017944,-1.220703,3.540039,-2.136230
50799,-0.107544,-0.033325,0.970459,-1.586914,3.173828,-1.220703
50808,-0.074585,-0.080078,1.003784,-1.464844,3.845215,-0.122070
50818,-0.004639,-0.092896,1.014771,-1.281738,3.662109,0.915527
50827,0.066650,-0.106201,1.017700,-1.403809,3.723145,1.647949
50837,0.098999,-0.120361,0.985718,-1.220703,3.845215,2.136230
50847,0.118896,-0.150879,0.978271,-1.281738,3.051758,2.624512
50857,0.140991,-0.142334,1.019287,-1.464844,2.380371,3.417969
50868,0.084351,-0.093628,1.005127,-1.342773,1.831055,3.479004
50878,0.062622,-0.100098,1.010254,-1.098633,1.953125,4.028320
50887,0.044556,-0.076172,1.006592,-1.281738,1.281738,4.272461
50897,0.005127,-0.053711,1.001099,-1.220703,0.854492,4.333496
50907,-0.049194,-0.077026,0.960083,-1.281738,0.793457,4.516602
50917,-0.086060,-0.116699,0.966675,-1.037598,0.732422,4.455566
50929,-0.099121,-0.049438,0.929932,-1.342773,2.197266,4.394531
50939,-0.110718,-0.024902,0.988281,-1.525879,2.807617,4.089355
50948,-0.118774,-0.098511,0.995850,-1.403809,3.051758,4.150391
50958,-0.098022,-0.153198,0.989014,-1.281738,3.417969,3.967285
50968,-0.074341,-0.106567,1.009277,-1.403809,3.234863,3.662109
50977,-0.028564,-0.080566,1.034912,-1.281738,3.234863,3.479004
50987,0.005493,-0.121460,1.050537,-1.159668,3.295898,3.601074
50997,0.032471,-0.213013,1.003174,-1.220703,2.746582,3.967285
51008,0.085815,-0.215454,1.014526,-1.708984,2.197266,4.394531
51018,0.082886,-0.183716,0.964722,-1.525879,2.685547,4.882812
51027,0.076538,-0.127197,0.955688,-1.525879,2.807617,5.432129
51037,0.062744,-0.068481,0.950195,-1.708984,2.868652,5.371094
51047,0.050293,-0.046631,0.973267,-1.953125,2.441406,4.821777
51057,0.048584,-0.067993,1.006348,-2.075195,1.953125,3.967285
51069,0.042114,-0.112183,1.038208,-1.708984,0.854492,1.281738
51079,0.051880,-0.128784,1.026611,-1.525879,-0.061035,0.366211
51088,0.045776,-0.127441,1.010132,-1.342773,-0.061035,-0.610352
51098,0.025879,-0.130859,0.987061,-1.281738,-0.122070,-1.403809
51107,0.011108,-0.128052,0.965942,-1.281738,-0.061035,-1.831055
51117,0.011353,-0.123657,0.972168,-1.770020,0.122070,-2.197266
51127,0.008301,-0.128052,0.991821,-1.892090,0.122070,-2.502441
51139,0.021240,-0.117310,1.010498,-1.892090,-0.732422,-3.906250
51149,0.023682,-0.101929,1.004028,-1.892090,-0.915527,-4.272461
51159,0.024414,-0.084961,0.990723,-1.892090,-1.037598,-4.638672
51169,0.021118,-0.073730,0.983032,-1.892090,-0.854492,-4.882812
51178,0.008057,-0.070923,0.978394,-1.647949,-0.610352,-4.516602
51188,0.014038,-0.080811,0.979980,-1.708984,-0.488281,-3.906250
51197,0.011353,-0.091797,0.993164,-1.953125,-0.976562,-3.601074
51207,0.003906,-0.106445,1.006714,-1.770020,-1.403809,-2.502441
51217,-0.012573,-0.106079,1.002930,-1.708984,-0.976562,-1.831055
51227,-0.027466,-0.095459,0.993652,-1.708984,-0.793457,-1.159668
51238,-0.037598,-0.080811,0.980103,-1.586914,-0.366211,-0.244141
51247,-0.042969,-0.069458,0.977295,-1.770020,-0.061035,0.305176
51257,-0.042725,-0.069214,0.983765,-1.831055,0.183105,0.793457
51267,-0.046387,-0.068726,0.996338,-1.770020,0.183105,1.220703
51279,-0.052856,-0.082520,1.001709,-1.708984,0.671387,1.403809
51289,-0.046875,-0.096802,0.997192,-1.647949,0.549316,1.403809
51299,-0.040894,-0.107910,0.994019,-1.464844,0.671387,1.586914
51308,-0.035278,-0.110962,0.993408,-1.342773,1.159668,1.647949
51318,-0.028809,-0.111938,0.994873,-1.403809,1.464844,1.708984
51327,-0.009766,-0.116943,0.996338,-1.525879,1.037598,1.708984
51337,0.028320,-0.110840,0.999146,-1.708984,0.976562,1.281738
51349,0.058838,-0.084351,0.991455,-1.464844,0.915527,0.793457
51358,0.055298,-0.079956,0.972900,-1.647949,-0.183105,0.610352
51368,0.031372,-0.073608,0.968140,-1.525879,0.244141,0.793457
51377,0.012451,-0.069946,0.979736,-1.464844,0.732422,0.976562
51388,0.000000,-0.074707,0.996338,-1.281738,0.488281,1.159668
51397,-0.012207,-0.088989,1.003784,-1.159668,0.610352,1.220703
51407,-0.026611,-0.093750,1.009033,-1.281738,0.366211,1.647949
51417,-0.034180,-0.095825,1.006470,-1.342773,0.122070,2.014160
51428,-0.010864,-0.112305,0.992554,-1.037598,0.366211,2.319336
51438,0.033569,-0.105347,0.906006,-1.159668,0.488281,2.380371
51447,-0.007324,-0.093384,0.939453,-0.915527,0.793457,2.624512
51462,0.035645,-0.121582,1.056519,-1.464844,0.732422,3.234863
51471,-0.032593,-0.141235,1.062012,-1.403809,0.671387,3.662109
51481,-0.055420,-0.094971,1.025269,-1.647949,0.854492,3.723145
51490,-0.024170,-0.074097,1.005371,-1.647949,0.732422,3.967285
51500,-0.054199,-0.131348,0.982300,-1.098633,0.915527,4.211426
51510,-0.035278,-0.060547,0.965576,-1.403809,0.915527,3.967285
51519,0.012695,-0.089600,0.981812,-1.586914,1.159668,4.211426
51529,0.012085,-0.114990,0.986938,-1.342773,1.403809,4.150391
51538,0.047119,-0.096191,1.012207,-1.586914,1.403809,4.028320
51548,0.043213,-0.126587,1.018921,-1.464844,1.647949,4.150391
51557,0.041016,-0.128052,1.006104,-1.647949,0.915527,3.356934
51568,-0.008179,-0.119873,0.981323,-1.403809,0.610352,3.112793
51578,-0.026245,-0.123779,0.994385,-1.342773,0.671387,2.502441
51587,-0.029419,-0.083374,1.002441,-1.403809,0.610352,1.770020
51597,-0.042603,-0.120605,0.996094,-1.220703,0.793457,1.403809
51607,-0.017578,-0.151001,0.989136,-1.098633,0.671387,1.098633
51617,-0.002075,-0.131226,0.995483,-1.342773,0.610352,0.976562
51627,-0.002930,-0.124146,0.978882,-1.220703,0.305176,0.549316
51638,-0.021851,-0.085205,0.955078,-1.403809,0.122070,0.488281
51648,-0.007202,-0.078491,0.973389,-1.525879,0.671387,0.915527
51657,0.002075,-0.078613,0.983276,-1.708984,0.793457,1.220703
51667,0.009521,-0.097046,0.988892,-1.892090,0.976562,1.708984
51677,0.012573,-0.119873,0.999146,-1.892090,1.037598,2.319336
51687,0.020264,-0.117920,1.000000,-1.892090,0.488281,2.746582
51699,0.003418,-0.085571,0.993286,-1.831055,0.610352,3.356934
51709,0.013184,-0.066650,0.967773,-1.708984,0.915527,3.784180
51718,-0.004150,-0.060669,0.986938,-1.831055,1.159668,4.516602
51728,-0.003296,-0.069458,1.034302,-1.953125,1.403809,5.065918
51737,-0.024170,-0.095215,1.023682,-1.892090,1.525879,5.493164
51747,-0.006348,-0.129150,1.016602,-1.464844,1.892090,5.371094
51757,0.005371,-0.113892,1.020630,-1.831055,1.708984,5.432129
51767,0.011108,-0.102539,1.003906,-1.892090,1.281738,5.371094
51778,-0.022461,-0.095215,1.009521,-1.770020,0.671387,5.065918
51788,-0.026001,-0.074097,0.998413,-1.831055,1.403809,4.943848
51798,0.012695,-0.098633,0.978271,-1.831055,1.586914,4.760742
51808,0.004395,-0.103271,1.007324,-1.953125,1.831055,4.577637
51817,0.006592,-0.111572,1.002563,-1.708984,1.525879,4.516602
51827,0.028809,-0.143311,0.976318,-1.708984,1.647949,4.089355
51837,0.019409,-0.101807,0.997925,-1.770020,1.708984,3.295898
51848,0.038452,-0.104980,0.966919,-1.770020,1.220703,2.746582
51857,0.028809,-0.079712,1.015747,-1.892090,1.098633,2.380371
51867,0.044189,-0.088623,0.971191,-1.708984,0.732422,1.953125
51877,0.035400,-0.122070,1.006226,-1.342773,0.732422,1.708984
51887,0.050171,-0.053101,0.980591,-1.647949,0.915527,1.098633
51897,0.011475,-0.129028,1.037964,-1.647949,0.854492,0.610352
51907,0.001465,-0.081909,0.993042,-1.586914,0.183105,-0.122070
51918,-0.004272,-0.112427,1.020020,-1.342773,0.244141,0.000000
51928,0.007202,-0.116455,0.984741,-1.342773,0.183105,0.122070
51938,0.046753,-0.058594,0.914429,-1.525879,0.122070,0.305176
51947,0.025146,-0.022827,1.006592,-1.708984,0.305176,0.854492
51957,-0.027466,-0.035278,1.069580,-1.831055,0.427246,1.464844
51967,-0.051758,-0.118774,1.015625,-1.464844,0.549316,1.586914
51977,-0.004883,-0.109497,0.972656,-0.976562,0.671387,1.770020
51988,-0.049561,-0.098999,1.011108,-1.159668,0.915527,2.197266
51998,-0.058594,-0.107788,0.974854,-0.915527,0.549316,2.014160
52007,-0.049194,-0.086548,0.939697,-1.159668,1.098633,2.197266
52017,0.000732,-0.125732,0.966919,-1.220703,1.342773,2.319336
52027,0.004639,-0.003296,1.003662,-1.770020,1.708984,2.807617
52037,0.007690,-0.006104,0.999878,-1.708984,1.770020,3.051758
52049,0.067505,-0.198364,0.947754,-1.464844,1.770020,2.868652
52059,0.020386,-0.247192,1.013916,-0.976562,1.281738,3.051758
52069,-0.044678,-0.245972,1.079224,-0.915527,0.610352,2.868652
52078,-0.043823,-0.159180,0.973389,-0.793457,0.122070,2.807617
52088,0.018433,-0.051514,0.890869,-1.037598,0.793457,3.234863
52097,0.088379,-0.037476,0.939575,-1.159668,1.770020,4.455566
52107,0.099731,-0.063354,0.985107,-1.281738,2.929688,5.798340
52119,0.003418,-0.063110,0.947510,-1.892090,1.831055,5.432129
52129,-0.010498,-0.032227,1.040405,-1.586914,1.159668,4.821777
52139,0.010498,-0.020508,1.086426,-1.464844,1.403809,4.394531
52148,0.041870,-0.144653,1.004272,-1.159668,1.403809,4.516602
52158,0.049927,-0.111206,0.997192,-1.037598,2.075195,5.432129
52167,0.050781,-0.121948,1.000244,-1.281738,1.342773,5.920410
52178,0.040039,-0.118896,1.000000,-1.159668,1.647949,5.798340
52187,0.047119,-0.136597,0.994995,-1.403809,0.610352,4.882812
52198,0.059937,-0.105347,1.001831,-1.525879,0.976562,4.455566
52208,0.046265,-0.128296,0.999756,-1.525879,0.122070,4.089355
52217,0.033936,-0.158447,1.009766,-1.464844,-0.183105,3.479004
52227,0.017700,-0.119141,1.006470,-1.403809,0.427246,3.234863
52237,0.027466,-0.102661,0.988525,-1.342773,-0.244141,2.990723
52247,0.035278,-0.096802,0.967651,-1.342773,0.732422,2.624512
52257,0.031738,-0.089233,0.974854,-1.464844,0.549316,1.953125
52268,0.034302,-0.065186,0.930420,-1.586914,-0.122070,1.464844
52278,0.046387,-0.042969,1.010254,-1.586914,-0.854492,0.610352
52287,0.034180,-0.087402,1.005005,-1.586914,-0.244141,0.122070
52297,0.022949,-0.091309,0.996338,-1.586914,-0.183105,0.061035
52307,0.021362,-0.104614,1.015991,-1.464844,-0.244141,0.488281
52317,0.003052,-0.108154,1.044556,-1.281738,0.244141,0.732422
52327,-0.005249,-0.130737,1.001465,-1.220703,0.183105,0.427246
52339,0.013672,-0.126831,0.997925,-1.037598,-0.061035,0.244141
52348,0.008667,-0.127075,0.983276,-1.281738,-0.488281,0.122070
52357,-0.001465,-0.116943,0.980957,-1.403809,-0.305176,0.122070
52367,0.000488,-0.100952,0.981934,-1.403809,0.122070,0.366211
52377,0.000244,-0.102051,0.992676,-1.647949,0.061035,0.732422
52387,0.002075,-0.104614,0.996948,-1.525879,0.549316,1.098633
52397,0.006226,-0.095337,1.006348,-1.647949,0.183105,1.525879
52408,0.021973,-0.089600,0.989380,-1.464844,0.427246,1.708984
52418,0.028687,-0.089233,0.989136,-1.342773,0.671387,2.075195
52427,0.040527,-0.088013,0.986450,-1.342773,0.610352,2.380371
52437,0.056763,-0.057861,0.922119,-1.159668,0.549316,2.502441
52447,0.043701,-0.021606,1.008789,-1.464844,0.427246,2.441406
52457,0.018311,-0.044067,1.028687,-1.586914,0.488281,2.319336
52469,0.025757,-0.113892,1.004028,-1.586914,0.183105,2.075195
52479,0.035645,-0.077026,1.008789,-1.586914,0.305176,2.258301
52488,0.034912,-0.080933,1.026489,-1.403809,0.244141,2.441406
52498,0.028687,-0.087524,1.001587,-1.281738,0.305176,2.197266
52507,0.048950,-0.070801,1.001099,-1.037598,0.244141,1.953125
52517,0.067505,-0.043213,0.994141,-1.037598,-0.122070,1.647949
52528,0.074707,-0.038452,0.987671,-1.098633,-0.366211,1.464844
52537,0.093994,-0.032227,1.005737,-0.854492,-0.732422,1.586914
52547,0.033569,-0.039063,1.038574,-0.671387,-0.488281,2.136230
52557,0.055908,-0.070801,1.007080,-0.122070,0.000000,2.624512
52567,0.079346,-0.113525,1.010010,0.000000,-0.915527,1.770020
52577,-0.018066,-0.070068,0.950439,-0.122070,-1.892090,0.793457
52587,0.061523,-0.125244,1.038208,-0.305176,-2.136230,1.525879
52597,0.089844,-0.104004,0.990112,-0.793457,-1.647949,2.258301
52607,0.081299,-0.055420,1.028809,-1.403809,-1.342773,5.554199
52618,0.002686,-0.071411,0.955688,-1.342773,-1.281738,5.981445
52628,-0.008423,-0.102051,0.925049,-1.159668,-0.793457,5.737305
52638,-0.037964,-0.175415,0.919556,-0.793457,-0.427246,4.150391
52648,-0.002319,-0.192383,1.012329,-1.098633,-1.098633,1.831055
52657,-0.057617,-0.157104,1.025146,-1.525879,-1.647949,-1.220703
52667,0.033569,-0.178467,1.085938,-1.892090,-1.525879,-3.112793
52677,0.070068,-0.114014,1.031738,-1.403809,-2.624512,-6.652832
52687,0.041382,-0.290161,0.895264,-1.342773,-3.417969,-7.385254
52698,0.049316,-0.286743,0.926758,-1.281738,-3.417969,-7.873535
52707,0.008179,-0.275757,0.961060,-1.586914,-3.173828,-7.507324
52717,-0.063354,-0.235352,0.982178,-1.770020,-2.380371,-7.446289
52727,-0.059326,-0.250854,1.004761,-1.892090,-1.281738,-6.469727
52737,-0.075806,-0.282837,0.982422,-1.281738,-0.915527,-5.065918
52749,-0.268555,-0.225220,1.014893,-0.976562,-0.793457,-6.042480
52758,-0.153076,-0.308105,1.020874,-0.549316,1.342773,-6.408691
52768,-0.051147,-0.246948,1.038452,-0.366211,1.525879,-9.216309
52778,-0.072021,-0.230469,0.947388,-0.244141,0.610352,-12.512207
52787,-0.028076,-0.271973,0.899536,-0.244141,0.366211,-12.939453
52797,0.092407,-0.264038,0.888794,-0.976562,0.366211,-12.756348
52809,0.095215,-0.218872,0.949585,-1.770020,0.183105,-8.361816
52818,0.000732,-0.140747,1.017090,-1.342773,1.403809,-5.493164
52828,0.017700,-0.177490,1.020508,-0.915527,2.502441,-1.770020
52837,0.005005,-0.234253,0.997314,-0.610352,2.929688,1.159668
52847,0.027100,-0.191650,1.016357,-0.854492,1.892090,2.319336
52857,-0.002808,-0.176636,1.013672,-0.793457,0.549316,3.356934
52867,0.057739,-0.188843,1.004517,-0.732422,0.915527,3.784180
52877,0.041260,-0.197632,0.957764,-0.671387,1.403809,4.516602
52887,0.000488,-0.217407,0.922852,-0.610352,2.441406,6.958008
52898,0.071045,-0.207642,0.991455,-1.342773,2.807617,7.690430
52908,0.059204,-0.193848,1.027588,-1.464844,2.075195,7.690430
52917,0.048584,-0.192139,1.019287,-1.525879,0.854492,6.713867
52928,0.048462,-0.225952,0.988770,-1.342773,0.610352,6.042480
52937,0.059448,-0.245239,0.970337,-1.403809,0.854492,5.493164
52947,0.079712,-0.230103,0.959229,-1.770020,1.037598,5.065918
52959,0.094238,-0.252808,0.974243,-1.586914,0.427246,3.601074
52969,0.108643,-0.290161,0.974243,-1.770020,-0.488281,2.502441
52978,0.091553,-0.270142,1.002808,-1.708984,-0.976562,1.586914
52988,0.083496,-0.234863,1.017578,-1.953125,-1.525879,0.854492
52997,0.091064,-0.250244,1.002563,-1.647949,-0.610352,0.549316
53007,0.078491,-0.265991,0.963623,-1.464844,-1.037598,0.305176
53017,0.060791,-0.283691,0.931519,-1.464844,-1.403809,0.000000
53027,0.032227,-0.296143,0.919800,-2.075195,-1.647949,-0.732422
53039,-0.023682,-0.245728,1.008179,-2.380371,-2.075195,-1.098633
53048,-0.048462,-0.231079,1.011841,-2.197266,-2.136230,-1.281738
53058,-0.058594,-0.277954,0.970825,-1.892090,-1.770020,-1.525879
53068,-0.069336,-0.316772,0.929443,-1.647949,-1.037598,-1.525879
53078,-0.062378,-0.296021,0.960937,-1.708984,-0.427246,-1.770020
53088,-0.042969,-0.255005,1.004028,-1.831055,-0.915527,-1.525879
53097,-0.028809,-0.259766,1.009277,-1.647949,-0.488281,-1.525879
53107,-0.038696,-0.290161,0.985596,-1.953125,-0.305176,-1.098633
53117,-0.039673,-0.248291,0.988892,-2.319336,0.427246,-0.183105
53128,-0.051392,-0.215454,0.974609,-2.502441,0.488281,0.488281
53137,-0.074097,-0.236206,0.913330,-2.319336,0.732422,0.976562
53147,-0.089233,-0.256714,0.921509,-2.014160,0.976562,1.770020
53157,-0.067383,-0.269165,0.965698,-1.892090,1.770020,2.868652
53167,-0.040039,-0.285156,0.985718,-1.770020,2.685547,4.882812
53178,-0.023560,-0.316528,0.965332,-2.136230,3.173828,6.103516
53187,0.005493,-0.240845,0.956665,-2.502441,3.234863,6.896973
53197,-0.007324,-0.210083,0.980835,-2.624512,3.173828,7.507324
53207,-0.019409,-0.231079,0.957153,-2.014160,2.990723,7.812500
53217,-0.027466,-0.289307,0.949951,-1.525879,3.417969,8.361816
53227,-0.028687,-0.286499,1.017334,-1.770020,4.333496,9.094238
53239,-0.078613,-0.211304,0.984863,-2.197266,4.394531,11.108398
53249,-0.093018,-0.127075,1.013428,-2.502441,4.821777,12.207031
53258,-0.119385,-0.161377,0.939209,-2.075195,5.187988,13.793945
53268,-0.126953,-0.184326,0.968140,-1.586914,6.530762,14.831543
53278,-0.131592,-0.200806,1.050293,-1.892090,7.141113,16.296387
53287,-0.138550,-0.192871,1.033081,-1.708984,8.483887,17.883301
53297,-0.096924,-0.090210,1.002319,-1.953125,7.568359,18.554687
53309,-0.060547,-0.116211,0.923828,-1.892090,8.911133,21.606445
53318,0.003540,-0.114136,0.996948,-1.892090,9.460449,23.254395
53328,-0.020752,-0.154053,0.999634,-1.953125,10.253906,25.268555
53338,0.022217,-0.078491,1.030640,-2.075195,10.131836,26.184082
53347,0.045166,-0.130005,1.018311,-2.380371,10.131836,27.160645
53357,0.063354,-0.137329,0.987671,-2.441406,9.826660,27.770996
53367,0.129639,-0.114014,1.021240,-2.441406,10.070801,27.404785
53379,0.116211,-0.070679,1.005859,-2.319336,8.544922,27.404785
53388,0.133545,-0.077026,0.992310,-1.831055,7.690430,27.587891
53398,0.117676,-0.144653,0.947998,-1.708984,8.300781,28.869629
53407,0.163818,-0.124146,0.979980,-2.319336,7.446289,29.479980
53418,0.141602,-0.139160,1.001709,-2.563477,7.690430,30.151367
53427,0.116943,-0.082642,1.020142,-2.502441,6.591797,29.602051
53437,0.150635,-0.046509,1.028564,-2.380371,6.103516,27.526855
53447,0.128540,-0.181885,1.009399,-1.953125,4.089355,22.094727
53458,0.189453,-0.173218,1.035034,-2.685547,2.563477,18.188477
53468,0.143433,-0.133057,1.004639,-2.929688,1.464844,14.160156
53477,0.208984,-0.053955,0.967285,-2.868652,0.549316,9.216309
53488,0.211548,-0.164551,0.976318,-2.197266,-0.122070,5.371094
53497,0.227051,-0.198364,1.007568,-2.319336,-1.586914,1.525879
53508,0.269775,-0.145142,1.046509,-2.868652,-3.234863,-2.746582
53517,0.222046,-0.125122,1.049194,-2.746582,-5.126953,-8.728027
53529,0.205811,-0.111084,0.993164,-2.319336,-6.164551,-11.962891
53538,0.205200,-0.117920,1.004150,-2.075195,-6.958008,-14.709473
53548,0.153442,-0.084473,0.985718,-2.136230,-7.507324,-17.272949
53557,0.184570,-0.084351,0.975098,-2.380371,-8.361816,-19.958496
53567,0.179321,-0.085205,1.007935,-2.319336,-8.789063,-21.545410
53578,0.175537,-0.110352,1.018799,-2.502441,-9.460449,-23.437500
53587,0.215942,-0.118652,0.993652,-2.685547,-10.375977,-25.939941
53597,0.155029,-0.153442,0.965210,-2.624512,-10.681152,-27.099609
53608,0.152588,-0.210083,0.938477,-2.441406,-11.047363,-27.954102
53618,0.086670,-0.191650,0.993164,-2.746582,-11.474609,-28.564453
53627,0.089722,-0.173462,0.987915,-2.990723,-11.901855,-29.296875
53638,0.086426,-0.155396,1.009399,-2.746582,-11.779785,-29.296875
53647,0.057739,-0.211548,0.994751,-2.380371,-11.901855,-29.418945
53657,0.100342,-0.248657,0.979614,-2.258301,-12.145996,-30.578613
53667,0.044312,-0.174683,0.953613,-2.502441,-12.390137,-31.066895
53677,0.041748,-0.101563,0.959717,-2.502441,-11.840820,-31.188965
53688,0.045410,-0.100952,0.968384,-2.258301,-10.986328,-30.822754
53697,0.248779,-0.291504,0.770386,-1.831055,-10.375977,-30.517578
53707,0.036743,-0.244385,0.941040,-2.136230,-10.986328,-29.785156
53717,0.158691,-0.148804,0.967896,-2.380371,-10.864258,-28.747559
53729,0.043701,-0.017090,1.038696,-2.746582,-11.352539,-27.221680
53738,0.048340,-0.024048,0.976562,-2.807617,-12.512207,-25.939941
53748,0.003662,0.019043,0.958130,-2.685547,-10.314941,-22.460937
53757,0.013794,-0.065796,0.840820,-1.770020,-8.911133,-18.859863
53767,0.008057,-0.051270,0.881836,-1.281738,-7.934570,-15.747070
53778,0.015259,-0.113525,0.874268,-1.037598,-8.239746,-12.939453
53788,-0.091064,-0.005981,0.810303,-1.708984,-8.850098,-10.131836
53797,-0.013062,-0.032104,1.092163,-1.953125,-7.080078,-4.882812
53807,-0.124023,0.062012,1.165283,-1.892090,-6.164551,-2.380371
53817,-0.114136,0.068726,1.091309,-1.647949,-6.408691,-2.258301
53827,-0.361694,0.256348,0.834229,-1.342773,-6.469727,-2.258301
53837,-0.309448,0.220825,0.894165,-0.915527,-5.004883,-2.258301
53848,-0.212769,0.132568,0.999023,-0.732422,-1.953125,-1.037598
53857,-0.249023,0.099243,1.056152,-1.159668,0.549316,0.976562
53867,-0.296143,0.061768,1.084717,-1.647949,1.098633,2.685547
53878,-0.190186,0.022705,1.109741,-1.953125,0.915527,4.028320
53888,-0.122314,0.052002,1.121704,-2.319336,1.098633,5.004883
53897,-0.008179,0.083740,1.062744,-2.624512,1.464844,6.347656
53907,0.088623,-0.002686,1.034058,-2.746582,1.831055,8.117676
53917,0.058105,-0.105347,0.990234,-3.112793,1.342773,9.338379
53927,0.111816,-0.114624,0.979248,-3.662109,0.915527,10.498047
53938,0.101440,-0.172974,1.043579,-4.089355,1.281738,12.145996
53948,0.108398,-0.326660,1.024658,-3.051758,1.831055,13.854980
53957,0.032959,-0.329102,1.006104,-3.051758,1.525879,13.977051
53968,0.076904,-0.385620,0.996338,-3.479004,0.000000,13.732910
53977,0.043335,-0.372803,0.868408,-3.479004,-0.183105,13.610840
53987,-0.054077,0.015259,0.937256,-3.356934,0.488281,14.099121
53997,-0.075317,-0.108765,0.979736,-2.746582,1.159668,13.671875
54007,0.006958,-0.385986,0.776245,-1.831055,1.342773,11.047363
54018,-0.067749,-0.338745,1.090454,-2.197266,0.244141,9.887695
54027,-0.096680,-0.258667,0.967285,-1.220703,-0.671387,8.300781
54037,0.041748,-0.218506,0.933228,-0.244141,-0.854492,6.652832
54048,0.137695,-0.239014,0.964478,-0.183105,-0.793457,6.225586
54057,0.058838,-0.154297,1.060547,-0.183105,-0.122070,5.371094
54067,0.071289,-0.109009,0.979736,-0.732422,-1.770020,3.479004
54079,-0.000610,-0.099854,0.997559,-0.854492,-2.624512,-0.976562
54088,0.000488,-0.130737,0.972290,0.122070,-2.624512,-2.807617
54098,0.045044,-0.152100,1.088501,0.244141,-2.380371,-4.577637
54108,0.034424,-0.183228,1.005005,0.183105,-2.929688,-5.859375
54117,0.059326,-0.093872,1.039185,-0.061035,-2.929688,-6.591797
54127,0.053589,-0.125610,1.009644,-0.244141,-3.845215,-7.263184
54137,0.042358,-0.135132,0.950439,-0.122070,-4.699707,-7.690430
54149,0.021484,-0.126953,0.966797,-0.488281,-4.821777,-7.934570
54158,0.001587,-0.057251,1.057617,-0.915527,-3.845215,-7.751465
54168,0.010132,-0.122314,1.000977,-1.098633,-3.845215,-7.934570
54177,-0.020386,-0.097290,1.010010,-1.342773,-3.906250,-8.361816
54187,-0.028931,-0.041626,0.976318,-1.586914,-4.272461,-9.155273
54197,-0.011963,-0.092407,0.901367,-1.464844,-4.394531,-9.338379
54207,-0.032227,-0.097046,0.975830,-1.831055,-4.577637,-9.582520
54217,0.008057,-0.124146,0.950439,-2.380371,-4.028320,-9.399414
54229,0.001343,-0.027222,1.031128,-2.746582,-3.723145,-8.666992
54238,-0.014038,-0.038086,1.019409,-2.319336,-3.601074,-7.568359
54248,0.002441,-0.084351,1.014648,-1.647949,-3.784180,-6.896973
54258,0.002441,-0.206421,0.993042,-1.586914,-4.089355,-5.981445
54267,-0.022461,-0.152222,0.991943,-2.075195,-4.089355,-5.493164
54277,0.011108,-0.111816,0.946533,-2.319336,-4.028320,-4.821777
54287,0.013184,-0.124268,0.955933,-1.647949,-3.356934,-5.004883
54298,-0.061646,-0.296509,0.919067,-1.953125,-3.295898,-5.676270
54308,-0.039185,-0.224365,0.972046,-2.502441,-2.868652,-6.835937
54318,0.004883,-0.187622,1.033936,-2.685547,-2.624512,-7.751465
54328,-0.011597,-0.244995,1.042603,-1.892090,-3.112793,-9.033203
54337,-0.096924,-0.327515,0.920654,-1.342773,-3.662109,-10.131836
54347,-0.178589,-0.235718,0.931763,-1.708984,-3.356934,-10.437012
54357,-0.138794,-0.200806,0.937988,-1.098633,-1.647949,-9.399414
54368,-0.067749,-0.282959,1.005005,-0.305176,-1.892090,-8.483887
54378,-0.084717,-0.245117,1.025757,-0.671387,-1.342773,-7.751465
54387,-0.014404,-0.141846,0.990234,-0.854492,-0.915527,-6.225586
54397,0.002563,-0.093262,1.039917,-0.305176,0.061035,-3.540039
54408,-0.002197,-0.154541,1.024048,0.000000,-0.061035,-0.183105
54417,-0.070679,-0.166382,0.992187,-0.061035,0.366211,3.601074
54427,-0.120605,-0.158325,0.956177,-0.732422,3.417969,11.718750
54438,-0.191040,-0.111206,0.985474,-1.037598,4.272461,14.770508
54447,-0.225708,-0.090698,0.991333,-0.915527,4.455566,16.357422
54458,-0.166992,-0.106201,0.980835,-0.671387,4.272461,16.845703
54468,-0.113403,-0.206055,0.991211,-0.549316,4.394531,17.028809
54477,-0.055786,-0.267090,0.978271,-0.732422,4.516602,17.089844
54489,-0.032227,-0.204468,1.001465,-0.671387,4.699707,15.686035
54498,-0.003174,-0.205444,1.026367,-0.305176,4.577637,14.953613
54508,-0.009644,-0.220215,1.029907,0.061035,4.211426,13.916016
54517,0.018921,-0.186035,1.026123,-0.122070,3.784180,12.878418
54528,0.013062,-0.195923,1.031372,-0.183105,3.601074,12.329102
54537,0.019043,-0.254150,0.951294,-0.488281,3.173828,12.023926
54548,0.019409,-0.193726,0.953491,-0.793457,2.563477,11.535645
54559,0.043823,-0.218994,0.896484,-0.793457,1.098633,10.864258
54568,0.096436,-0.261963,0.957397,-0.976562,0.671387,10.253906
54578,0.096924,-0.213135,0.999390,-1.037598,-0.122070,10.070801
54587,0.074707,-0.244385,0.968628,-1.098633,-0.366211,10.009766
54598,0.061035,-0.265137,0.952637,-1.159668,-0.488281,9.643555
54607,0.051147,-0.204956,0.980103,-1.281738,-0.305176,9.521484
54618,0.034302,-0.289917,0.970459,-1.159668,-0.427246,9.704590
54628,0.017212,-0.300537,1.019531,-1.098633,-0.427246,9.277344
54639,-0.043945,-0.303711,0.989624,-1.220703,-0.793457,8.605957
54649,-0.063354,-0.279297,0.967163,-1.037598,-1.098633,8.056641
54659,-0.089478,-0.281616,0.935791,-0.976562,-1.342773,7.385254
54668,-0.091919,-0.330444,0.933960,-0.976562,-1.159668,6.896973
54678,-0.063110,-0.333862,0.926270,-1.281738,-1.586914,6.408691
54688,-0.054687,-0.280518,0.916748,-1.770020,-1.220703,5.920410
54697,-0.032471,-0.300049,0.942261,-2.014160,-0.976562,5.554199
54709,-0.029175,-0.264526,0.971436,-2.075195,-1.037598,5.004883
54718,-0.027954,-0.316895,0.996704,-2.136230,-1.159668,5.004883
54728,-0.015747,-0.288086,1.015747,-1.770020,-1.037598,5.249023
54738,-0.022583,-0.239624,0.983398,-2.075195,-1.098633,5.493164
54747,-0.033691,-0.302246,0.943237,-1.892090,-1.342773,5.920410
54757,-0.031616,-0.324341,0.958008,-1.770020,-1.037598,6.225586
54769,-0.020630,-0.317017,0.968506,-2.075195,-0.915527,6.286621
54778,0.032471,-0.323853,0.954956,-2.197266,-0.732422,6.042480
54788,0.052612,-0.338257,0.983398,-2.319336,-1.281738,5.676270
54798,0.056152,-0.340942,0.999023,-2.197266,-1.647949,4.821777
54807,0.022217,-0.334595,1.004883,-2.319336,-2.502441,4.150391
54818,0.001221,-0.367554,0.955566,-2.258301,-2.746582,3.479004
54827,0.002563,-0.298096,0.991333,-2.441406,-2.807617,2.746582
54837,0.002197,-0.336304,1.003784,-2.624512,-2.685547,2.075195
54849,-0.026978,-0.304810,1.057007,-2.685547,-2.990723,0.305176
54858,-0.002441,-0.363159,1.019531,-2.319336,-2.929688,-0.549316
54868,0.013184,-0.415405,0.967041,-2.075195,-2.990723,-1.770020
54877,0.013916,-0.402832,0.929687,-1.770020,-3.601074,-3.173828
54887,0.018921,-0.384766,0.925903,-2.014160,-3.967285,-4.699707
54898,0.023926,-0.325684,0.961182,-1.953125,-4.150391,-6.347656
54907,0.010254,-0.230225,1.032837,-2.502441,-5.065918,-7.751465
54917,0.015625,-0.216919,1.077271,-2.685547,-5.554199,-9.948730
54929,0.057495,-0.206543,1.055054,-1.953125,-5.676270,-10.498047
54938,0.054687,-0.161743,1.026001,-1.647949,-5.981445,-10.742188
54948,0.051758,-0.194580,0.978394,-1.098633,-6.225586,-10.803223
54958,0.054932,-0.201904,0.924805,-0.671387,-5.554199,-10.437012
54967,0.058472,-0.231445,0.938110,-0.427246,-5.065918,-9.826660
54977,0.056396,-0.202881,0.969116,-0.671387,-4.821777,-9.704590
54987,0.000244,-0.228638,0.985107,-0.610352,-5.065918,-9.704590
54997,-0.068604,-0.238037,1.016235,-0.793457,-5.065918,-10.009766
55008,-0.096802,-0.185303,1.023560,-0.854492,-5.187988,-10.375977
55017,-0.158447,-0.205933,0.987915,-0.610352,-4.760742,-10.742188
55027,-0.132324,-0.189819,0.981323,-0.244141,-4.333496,-10.314941
55038,-0.115967,-0.239258,0.976196,0.061035,-3.295898,-9.765625
55047,-0.058350,-0.215088,0.994507,-0.183105,-2.441406,-9.338379
55059,0.010498,-0.168457,1.051392,-0.244141,-1.159668,-7.751465
55068,-0.008301,-0.192261,1.014404,0.122070,-0.854492,-7.568359
55078,-0.049927,-0.151123,0.997192,-0.061035,-1.037598,-7.507324
55088,-0.041260,-0.137085,1.064575,-0.183105,-1.098633,-7.507324
55097,-0.068970,-0.136841,1.046021,-0.366211,-1.525879,-7.385254
55108,-0.077759,-0.076050,1.001709,-0.183105,-1.586914,-7.141113
55117,-0.072632,-0.068481,0.975830,-0.122070,-0.610352,-6.164551
55127,-0.010742,-0.087158,0.947998,-0.854492,0.305176,-2.502441
55137,0.007690,-0.095459,0.911621,-0.915527,0.305176,-0.915527
55147,-0.049927,-0.069946,0.914551,-1.464844,0.793457,0.122070
55157,-0.052490,-0.067627,0.932373,-1.892090,0.793457,0.671387
55168,-0.118286,-0.083862,0.941284,-2.014160,1.037598,1.037598
55177,-0.113647,-0.103394,0.997559,-2.014160,1.403809,0.976562
55189,-0.171875,-0.130981,1.009888,-1.953125,1.770020,0.427246
55198,-0.165283,-0.122314,0.993408,-1.892090,1.708984,0.427246
55208,-0.077393,-0.087524,0.998413,-1.770020,2.136230,0.976562
55218,-0.091187,-0.094971,0.978882,-1.281738,2.502441,2.014160
55227,-0.074219,-0.085083,0.987305,-1.098633,2.563477,3.112793
55237,-0.073730,-0.142700,0.978516,-0.854492,3.051758,4.394531
55248,-0.037109,-0.131958,1.023804,-0.671387,3.662109,4.943848
55257,-0.014038,-0.117798,1.034546,-0.671387,3.662109,5.065918
55268,0.017212,-0.069092,1.030640,-0.427246,3.356934,4.821777
55278,-0.016357,-0.046875,1.038574,0.366211,2.319336,4.882812
55287,-0.051392,-0.074707,1.007324,0.732422,1.770020,5.126953
55298,-0.070923,-0.093506,1.015259,1.098633,2.258301,5.737305
55307,-0.060669,-0.149536,1.007568,1.342773,2.929688,5.920410
55317,-0.155884,-0.151978,1.035400,1.586914,2.746582,5.004883
55329,-0.178833,-0.167603,1.019165,1.892090,2.685547,1.647949
55338,-0.096680,-0.184326,1.011719,2.197266,3.112793,-0.061035
55348,-0.036621,-0.162964,1.005859,1.892090,3.662109,-2.258301
55357,-0.027832,-0.210205,1.018555,1.708984,3.051758,-4.394531
55367,0.011475,-0.223267,0.990723,1.281738,2.258301,-6.408691
55378,0.052002,-0.144165,1.011963,0.793457,1.403809,-7.812500
55387,0.093628,-0.162720,1.026001,0.549316,1.037598,-9.033203
55397,0.142822,-0.140625,1.039795,0.366211,0.305176,-10.253906
55407,0.161499,-0.094482,1.069214,0.488281,-0.305176,-11.474609
55419,0.125732,-0.098633,0.997070,0.183105,-0.732422,-12.084961
55428,0.107422,-0.052856,1.001221,0.244141,-1.037598,-12.451172
55438,0.082520,-0.144409,0.949219,0.305176,-0.732422,-12.878418
55447,0.032471,-0.127808,1.001221,0.000000,-1.037598,-14.038086
55457,-0.009644,-0.148926,1.036987,-0.305176,-1.586914,-15.686035
55467,-0.037964,-0.154541,0.989380,-0.671387,-2.014160,-17.150879
55477,-0.036621,-0.071899,1.013794,-1.037598,-1.586914,-19.348145
55489,0.081055,-0.108887,0.984619,-0.732422,-1.220703,-20.080566
55498,0.096313,-0.129395,1.008667,-0.366211,-1.342773,-20.812988
55508,0.079712,-0.213623,0.994385,-0.244141,-1.892090,-21.728516
55518,0.088867,-0.195801,1.014404,-0.122070,-1.831055,-22.460937
55527,0.044067,-0.122803,1.018555,-0.061035,-1.953125,-22.888184
55537,0.033813,-0.221313,0.957886,0.183105,-2.136230,-22.888184
55549,0.011108,-0.266113,0.937256,0.549316,-0.671387,-21.118164
55558,-0.023071,-0.170410,0.970947,0.183105,-0.427246,-20.141602
55567,-0.040405,-0.165649,0.985107,0.366211,-0.183105,-19.165039
55577,-0.047607,-0.215088,1.027100,0.427246,0.183105,-17.883301
55587,-0.043701,-0.140503,1.042969,0.915527,0.732422,-16.357422
55597,-0.021362,-0.189087,1.006104,1.098633,1.281738,-14.526367
55607,-0.017822,-0.211304,0.948486,1.281738,2.136230,-12.573242
55619,-0.039673,-0.237671,0.966675,1.220703,2.502441,-8.789063
55628,-0.072266,-0.253418,0.945190,0.793457,2.929688,-7.263184
55637,-0.085571,-0.119263,0.992676,0.549316,3.906250,-5.859375
55647,-0.097046,-0.187012,0.964722,0.610352,5.126953,-4.028320
55658,-0.103027,-0.180176,0.936768,1.159668,5.737305,-1.953125
55667,-0.118896,-0.176270,0.921509,1.098633,6.347656,0.000000
55679,-0.113525,-0.223389,0.958252,1.037598,6.958008,3.295898
55688,-0.141968,-0.228271,0.932983,1.098633,7.202148,4.394531
55698,-0.122681,-0.304199,0.845581,1.220703,7.690430,5.920410
55708,-0.089722,-0.315430,0.818848,0.671387,8.178711,7.202148
55718,-0.102417,-0.215332,0.869141,0.305176,7.995605,7.690430
55727,-0.092529,-0.217041,0.919067,-0.183105,7.873535,7.812500
55737,-0.093262,-0.270508,0.908325,-0.976562,8.117676,8.361816
55747,-0.060059,-0.203369,0.944336,-2.075195,8.789063,9.033203
55758,-0.067749,-0.152588,0.977417,-2.563477,8.728027,9.399414
55768,-0.048218,-0.097656,0.975708,-3.051758,9.094238,9.277344
55777,-0.035156,-0.118164,0.971069,-3.295898,8.850098,8.972168
55787,0.031982,-0.054932,1.106201,-3.784180,8.483887,8.056641
55797,0.017944,-0.119995,1.094482,-3.662109,7.812500,7.141113
55808,0.066772,-0.182495,1.073975,-3.112793,7.080078,5.798340
55817,0.064087,-0.122314,1.068359,-2.258301,6.958008,4.516602
55828,0.146606,-0.232300,1.015869,-2.197266,6.225586,2.014160
55838,0.154175,-0.264038,0.882690,-2.075195,4.455566,0.915527
55847,0.148071,-0.283325,0.867065,-2.624512,3.417969,-0.366211
55857,0.182983,-0.234497,0.893555,-3.112793,2.319336,-1.892090
55868,0.176147,-0.263062,0.905762,-3.845215,1.220703,-3.356934
55877,0.141724,-0.255127,0.962402,-4.333496,0.549316,-4.699707
55889,0.117065,-0.229492,1.043213,-4.699707,0.305176,-6.530762
55898,0.069458,-0.208008,0.993652,-4.211426,0.305176,-7.080078
55908,0.058716,-0.223999,1.012817,-3.723145,0.366211,-7.751465
55917,0.058105,-0.201538,0.989014,-3.601074,-0.366211,-8.850098
55927,0.078247,-0.185791,0.982056,-3.601074,-1.281738,-9.887695
55938,0.078003,-0.231934,1.062256,-3.479004,-1.647949,-10.559082
55947,0.089111,-0.195190,0.956421,-3.479004,-2.502441,-10.742188
55957,0.084961,-0.146729,0.982788,-3.417969,-2.502441,-10.437012
55967,0.077148,-0.078003,0.950195,-3.295898,-0.793457,-8.850098
55978,0.066650,-0.012573,1.070068,-3.295898,-0.732422,-8.483887
55987,0.024536,0.003784,1.057495,-3.234863,-0.610352,-8.361816
55997,0.047485,-0.078735,1.073364,-3.051758,-0.671387,-8.361816
56007,0.018311,-0.129517,0.929199,-3.173828,-1.098633,-8.361816
56018,0.018799,-0.111450,0.992187,-3.173828,-1.525879,-7.690430
56027,0.032104,-0.057739,0.982056,-3.295898,-1.159668,-7.019043
56039,-0.013916,0.046509,1.060791,-3.356934,0.305176,-4.272461
56048,-0.014771,-0.048950,0.990601,-3.417969,1.220703,-2.929688
56058,0.002197,-0.084229,1.078491,-3.479004,1.708984,-1.831055
56068,-0.025513,-0.125366,1.023804,-3.417969,1.342773,-0.976562
56077,-0.073364,-0.034790,0.935913,-3.540039,0.915527,-0.061035
56087,-0.038574,0.007202,0.983765,-3.173828,1.037598,0.671387
56098,-0.047974,-0.021240,0.944458,-2.075195,1.281738,2.746582
56108,-0.027710,-0.237427,1.065186,-1.770020,2.014160,4.211426
56119,-0.005249,-0.098145,1.027344,-1.831055,2.380371,5.249023
56128,-0.015259,0.024902,1.051758,-1.892090,2.441406,6.103516
56138,0.013672,-0.050415,0.982788,-1.586914,2.685547,7.202148
56147,-0.005493,-0.125610,0.963257,-1.037598,2.319336,7.629395
56158,-0.047485,-0.205322,0.962402,-1.159668,1.708984,7.568359
56167,-0.049072,-0.056274,1.005615,-1.403809,1.647949,7.690430
56179,-0.032471,-0.059204,0.936035,-1.220703,2.075195,7.995605
56189,-0.070068,-0.199341,0.953735,-1.037598,2.685547,8.361816
56198,-0.041626,-0.260986,0.900757,-0.793457,3.112793,8.361816
56207,-0.068726,-0.181396,0.927368,-0.976562,2.685547,7.995605
56217,-0.009155,-0.099243,0.991699,-1.281738,2.807617,7.568359
56228,0.003662,-0.139771,1.023315,-1.586914,2.685547,7.080078
56237,-0.030029,-0.157227,0.988037,-1.770020,2.136230,5.920410
56249,-0.051147,-0.188599,0.974731,-1.525879,1.403809,3.662109
56258,-0.036377,-0.138184,1.030029,-1.892090,1.403809,2.441406
56268,-0.001953,-0.182129,1.001465,-1.525879,1.525879,1.403809
56277,0.005981,-0.230469,0.957764,-1.525879,1.403809,0.671387
56288,0.010254,-0.156128,0.935913,-1.586914,1.220703,0.244141
56297,0.070435,-0.141479,0.887329,-1.464844,0.976562,0.000000
56310,0.055298,-0.219971,0.911865,-1.586914,1.220703,1.159668
56319,0.012329,-0.178589,0.982300,-2.258301,1.831055,1.892090
56329,-0.032715,-0.122925,1.015259,-2.319336,2.075195,2.441406
56338,-0.064819,-0.169800,0.985718,-1.770020,1.708984,3.173828
56348,-0.038818,-0.152222,1.025391,-1.525879,1.647949,3.662109
56357,-0.071289,-0.127808,0.921753,-1.159668,2.197266,4.577637
56368,-0.055542,-0.158447,0.955811,-1.220703,2.807617,5.493164
56377,-0.035889,-0.169067,0.953247,-1.525879,2.990723,7.263184
56389,-0.011597,-0.102661,1.053711,-2.990723,3.173828,8.605957
56398,0.022095,-0.013916,1.135620,-2.868652,3.234863,10.253906
56408,0.009888,-0.029907,1.160034,-2.075195,3.479004,12.084961
56417,0.005127,-0.081055,1.155396,-1.159668,3.234863,14.099121
56428,0.046021,-0.088867,1.192261,-0.305176,3.601074,16.174316
56437,0.008179,-0.200439,1.062500,0.732422,3.906250,18.249512
56449,-0.011841,-0.227295,0.992065,0.549316,2.624512,19.653320
56458,-0.003418,-0.163208,0.994629,0.427246,2.075195,19.653320
56468,-0.042847,-0.193970,0.984863,0.305176,1.220703,19.348145
56482,-0.038696,-0.220459,0.924072,-0.061035,0.549316,18.615723
56491,-0.052124,-0.217163,0.899414,-0.671387,1.098633,19.287109
56501,-0.085937,-0.253296,0.891479,-1.647949,1.586914,19.714355
56510,-0.055664,-0.190063,0.985474,-2.319336,1.464844,20.080566
56519,-0.055664,-0.190063,0.985474,-2.380371,0.793457,19.958496
56528,-0.080322,-0.121826,1.077515,-2.014160,0.244141,20.019531
56538,-0.110718,-0.156494,1.054810,-1.464844,0.671387,20.812988
56547,-0.133057,-0.266479,0.992920,-1.037598,1.281738,21.972656
56558,-0.100220,-0.155273,1.031738,-0.854492,1.831055,23.071289
56567,-0.106079,-0.160034,0.977417,-0.793457,2.136230,24.536133
56578,-0.103149,-0.201294,0.900757,-0.793457,2.624512,25.512695
56588,-0.166748,-0.173950,0.937012,-1.037598,3.112793,25.573730
56598,-0.156006,-0.252319,0.980103,-0.854492,2.929688,24.536133
56608,-0.136841,-0.194824,0.982544,-0.732422,2.136230,22.644043
56618,-0.092651,-0.130005,0.952148,-0.610352,1.098633,20.324707
56628,-0.082275,-0.239502,0.939697,-0.610352,1.159668,18.127441
56638,-0.053589,-0.289429,0.920410,-1.037598,0.244141,16.052246
56647,-0.038086,-0.171631,0.938843,-1.403809,-0.305176,13.671875
56660,-0.010254,-0.131470,0.914185,-1.770020,-0.610352,9.582520
56670,0.013916,-0.061157,0.989746,-1.647949,-0.427246,7.629395
56680,0.003540,-0.056519,1.010254,-2.014160,-1.037598,5.676270
56689,0.027588,-0.021484,1.071899,-1.831055,-1.342773,3.479004
56698,0.068970,0.050049,1.137695,-1.281738,-1.892090,1.159668
56708,0.073730,-0.063110,1.067627,-0.305176,-2.258301,-0.854492
56718,0.072754,-0.083252,1.025757,0.488281,-2.990723,-2.929688
56730,0.103638,-0.146362,0.900635,1.159668,-3.723145,-6.591797
56739,0.156738,-0.246338,0.898437,1.037598,-4.516602,-8.239746
56749,0.130005,-0.106079,0.938965,0.366211,-4.882812,-9.826660
56758,0.110352,-0.053223,0.970093,-0.244141,-5.310059,-11.718750
56768,0.110352,-0.109985,1.001587,-0.549316,-5.432129,-14.404297
56777,0.156128,-0.140381,1.083252,0.061035,-5.676270,-16.906738
56788,0.165771,-0.218994,0.999023,0.122070,-6.225586,-18.859863
56797,0.180542,-0.201904,0.956299,-0.061035,-7.141113,-22.033691
56809,0.104126,-0.205933,0.959595,-0.915527,-7.385254,-23.010254
56819,0.072754,-0.212402,0.924194,-2.624512,-6.530762,-23.620605
56829,0.064575,-0.122803,1.047241,-3.784180,-5.981445,-23.925781
56838,0.092773,-0.040771,1.012573,-3.845215,-5.798340,-24.658203
56848,0.042358,-0.129150,1.025879,-3.723145,-6.591797,-25.817871
56858,0.044312,-0.093750,1.037231,-3.723145,-6.469727,-26.428223
56867,0.099609,-0.047241,1.068604,-3.723145,-6.103516,-24.902344
56879,0.151245,-0.098145,0.949463,-3.540039,-4.638672,-23.498535
56889,0.085571,-0.084839,1.028809,-3.417969,-3.967285,-21.606445
56899,0.123413,-0.059448,0.989014,-3.417969,-3.662109,-20.263672
56908,0.055298,-0.156860,1.007568,-3.173828,-2.868652,-18.981934
56918,0.075317,-0.040283,1.035889,-3.479004,-2.868652,-17.456055
56927,0.020020,-0.049072,1.017700,-2.990723,-2.563477,-16.296387
56940,-0.058838,-0.157593,0.973389,-2.624512,-1.281738,-13.549805
56950,-0.093506,-0.107910,0.974854,-2.868652,-0.610352,-11.901855
56960,-0.084595,-0.047363,0.951172,-2.929688,0.488281,-10.314941
56970,-0.121948,-0.113892,1.055542,-2.746582,1.342773,-8.483887
56979,-0.124512,-0.054932,1.053223,-2.441406,2.502441,-7.080078
56989,-0.156738,0.007446,1.088867,-2.258301,3.540039,-5.981445
56998,-0.105591,-0.067383,1.073975,-1.586914,4.089355,-4.760742
57008,-0.044922,-0.110352,0.956543,0.366211,5.249023,-2.258301
57017,-0.057373,-0.189209,0.980347,0.671387,4.516602,-1.220703
57028,-0.066040,-0.170776,0.922241,1.403809,5.065918,0.183105
57038,-0.049194,-0.281372,0.847290,1.831055,5.981445,1.953125
57048,-0.043213,-0.310669,0.805054,1.647949,7.202148,3.967285
57058,-0.040161,-0.332886,0.790405,1.037598,6.774902,5.737305
57068,-0.054199,-0.342529,0.704468,-0.244141,6.958008,7.019043
57080,-0.046387,-0.150269,0.998047,-2.929688,7.629395,8.666992
57090,-0.048340,-0.016724,1.088379,-3.845215,7.629395,8.666992
57099,-0.122803,0.011475,1.200684,-3.540039,7.385254,8.300781
57109,-0.107422,-0.173828,1.105469,-2.746582,8.117676,7.568359
57118,-0.102905,-0.084839,1.016479,-2.319336,8.300781,6.713867
57128,-0.046143,-0.140747,0.973145,-2.014160,7.812500,6.530762
57138,-0.027832,-0.181030,0.979980,-1.586914,8.056641,7.019043
57150,0.000977,-0.158203,0.948975,-0.732422,7.995605,9.216309
57160,0.004150,-0.206787,0.913208,-0.854492,8.239746,10.986328
57169,0.021851,-0.151001,1.013550,-1.098633,8.911133,12.634277
57179,0.001953,-0.177368,0.949219,-1.586914,9.277344,13.427734
57188,0.010986,-0.202393,0.946289,-1.770020,8.728027,13.122559
57198,0.020874,-0.181030,0.927856,-1.953125,7.690430,11.962891
57207,0.064819,-0.227905,0.886108,-2.258301,6.408691,10.864258
57220,0.085327,-0.162354,0.914917,-2.502441,5.310059,9.826660
57230,0.065552,-0.190308,0.972046,-2.868652,4.882812,10.070801
57239,0.102173,-0.033325,1.086548,-3.051758,5.493164,10.559082
57248,0.087036,-0.035889,1.159302,-2.746582,5.065918,10.742188
57258,0.068359,-0.083374,1.112915,-1.464844,4.455566,10.742188
57269,0.054565,-0.207275,1.052612,-0.488281,4.455566,10.009766
57278,0.066650,-0.159546,1.028076,-0.122070,3.906250,9.277344
57290,0.094482,-0.212891,1.018188,0.549316,2.929688,8.117676
57299,0.110840,-0.166382,0.962524,-0.488281,1.770020,7.995605
57308,0.102295,-0.101440,0.926880,-1.159668,0.732422,7.995605
57319,0.101074,-0.032227,0.994751,-1.525879,1.037598,8.422852
57328,0.086304,-0.077148,1.066406,-1.892090,0.854492,8.789063
57339,0.070801,0.009521,1.088623,-2.441406,0.793457,8.850098
57348,0.001953,0.008057,1.116333,-2.746582,0.854492,8.850098
57360,-0.003296,-0.011230,1.127075,-2.258301,1.342773,8.605957
57369,-0.055664,-0.020020,1.149414,-1.953125,0.793457,8.605957
57378,-0.048218,-0.021973,1.004150,-1.708984,0.183105,8.605957
57388,-0.084473,-0.060791,0.907837,-1.525879,0.427246,9.338379
57399,0.006470,0.032349,1.007324,-1.708984,0.854492,10.253906
57408,-0.014771,-0.058960,0.931396,-1.525879,1.892090,11.047363
57420,-0.022461,-0.165894,0.840698,-1.464844,2.197266,12.634277
57429,0.010864,-0.175659,0.809937,-1.403809,1.953125,12.756348
57439,0.036621,-0.234131,0.820923,-0.915527,0.976562,12.573242
57449,0.063110,-0.241089,0.828125,-1.220703,0.732422,12.390137
57458,0.087646,-0.315430,0.847534,-1.892090,-0.549316,12.451172
57468,0.112915,-0.208984,0.927612,-2.319336,-0.671387,12.695313
57478,0.130981,-0.060547,1.017456,-2.807617,-0.854492,13.305664
57488,0.094604,-0.099976,0.980225,-2.990723,-1.098633,14.038086
57500,0.075317,-0.125122,1.039063,-3.295898,-1.525879,15.502930
57509,0.052002,0.076416,1.107056,-3.051758,-2.868652,15.502930
57519,-0.017456,-0.042725,1.021729,-2.258301,-2.807617,16.174316
57528,-0.075562,-0.028076,1.037964,-1.586914,-2.014160,16.906738
57538,-0.101196,-0.070312,0.999634,-0.915527,-1.831055,17.028809
57548,-0.124023,0.011108,1.100708,-0.549316,-1.403809,16.906738
57560,-0.116211,-0.069336,1.049683,0.549316,-2.136230,16.662598
57569,-0.043091,-0.119263,1.006470,0.793457,-2.014160,15.747070
57579,-0.015137,-0.193481,1.004028,0.549316,-1.892090,14.831543
57588,-0.013550,-0.139771,1.057007,0.366211,-2.563477,13.610840
57598,-0.004028,-0.311523,0.855469,0.488281,-3.295898,12.451172
57609,-0.012207,-0.332886,0.787842,-0.488281,-3.540039,10.742188
57618,0.037109,-0.203003,0.914551,-2.197266,-3.417969,9.216309
57628,0.077881,-0.254517,0.871704,-3.234863,-3.906250,7.934570
57638,0.071533,-0.185913,0.926025,-5.371094,-5.432129,4.516602
57650,0.145386,-0.151001,1.120483,-4.943848,-6.103516,3.234863
57659,0.140625,-0.140991,1.094971,-4.089355,-6.774902,1.525879
57669,0.143311,-0.181274,1.005249,-3.295898,-6.774902,-0.061035
57679,0.146606,-0.221802,1.078369,-2.746582,-7.446289,-0.915527
57688,0.157104,-0.318481,0.998779,-2.563477,-7.934570,-1.831055
57698,0.135742,-0.220825,1.050049,-2.990723,-8.178711,-2.014160
57710,0.030151,-0.113525,0.982056,-3.173828,-8.300781,-2.502441
57719,0.018677,-0.215698,0.970337,-4.394531,-8.666992,-2.990723
57729,0.010620,-0.085815,1.005615,-5.004883,-8.666992,-3.234863
57739,-0.007935,-0.048096,1.022217,-5.432129,-8.605957,-3.234863
57749,0.010742,-0.015991,0.981689,-5.004883,-8.422852,-3.723145
57758,-0.021118,-0.060303,0.949829,-4.638672,-8.056641,-3.784180
57768,0.022949,-0.166260,0.950562,-4.272461,-7.507324,-3.662109
57780,0.020142,-0.044678,0.923950,-4.455566,-8.178711,-3.906250
57789,-0.019653,-0.062012,0.983154,-3.662109,-7.446289,-3.356934
57799,0.019043,-0.202271,0.935791,-2.929688,-6.896973,-2.990723
57809,-0.038818,-0.163574,0.963013,-2.624512,-6.591797,-2.624512
57819,-0.047363,-0.108032,0.937744,-2.380371,-6.164551,-2.197266
57828,-0.100464,-0.139893,1.019165,-1.831055,-5.859375,-2.075195
57838,-0.112671,-0.293335,0.966553,-1.586914,-5.615234,-2.441406
57850,-0.121826,-0.136719,1.006226,-1.464844,-5.432129,-2.868652
57860,-0.078125,-0.150146,0.962036,-0.976562,-4.333496,-3.295898
57869,-0.101929,-0.249878,0.924561,-1.098633,-4.333496,-3.295898
57879,-0.013184,-0.100342,1.082397,-1.525879,-3.662109,-3.662109
57888,-0.078003,-0.046143,0.963257,-1.647949,-3.112793,-3.479004
57898,0.007568,-0.027588,0.986694,-1.342773,-2.868652,-3.295898
57908,-0.029419,0.024292,1.255371,-1.159668,-2.502441,-3.112793
57920,0.003906,-0.148071,0.910889,-0.549316,-2.563477,-2.929688
57929,0.042603,0.210449,1.280518,-2.929688,-2.502441,-2.624512
57939,0.003662,0.242065,1.403198,-2.075195,-2.441406,-2.563477
57948,0.037842,-0.347656,0.875854,0.854492,-2.258301,-2.258301
57959,0.045166,-0.264771,1.051392,0.671387,-2.319336,-2.746582
57968,0.002808,0.092285,1.132935,-0.549316,-2.807617,-2.746582
57980,0.018677,0.062500,0.934082,1.220703,-2.563477,-2.441406
57989,0.082520,-0.301758,0.873779,1.464844,-2.807617,-2.502441
57999,0.031982,-0.105835,0.924561,0.244141,-3.173828,-2.807617
58008,0.073730,-0.112427,0.892700,-0.549316,-2.807617,-3.112793
58019,0.060181,-0.084839,0.971924,-1.159668,-2.502441,-3.295898
58028,0.000610,-0.183716,0.879639,-1.464844,-2.990723,-3.845215
58038,-0.078735,-0.026001,0.975464,-1.647949,-2.807617,-5.004883
58048,-0.032837,-0.121826,0.960327,-1.586914,-3.479004,-6.225586
58060,-0.093628,-0.167114,0.985229,-0.854492,-2.075195,-8.483887
58070,-0.092651,-0.070801,1.096558,-0.732422,-2.319336,-9.887695
58080,-0.072021,-0.168335,0.919312,-0.183105,-2.319336,-11.169434
58090,-0.013428,-0.062622,0.983521,0.122070,-1.525879,-11.718750
58099,-0.011353,-0.229980,0.984985,0.732422,-2.075195,-11.962891
58109,0.043457,-0.119507,1.055420,0.854492,-0.732422,-11.474609
58118,0.062744,-0.144897,0.977783,0.671387,-0.793457,-11.047363
58128,0.058472,-0.111084,1.068726,1.037598,0.549316,-9.765625
58140,0.037231,-0.173706,0.937988,1.037598,0.732422,-9.155273
58149,0.121582,-0.215210,0.963989,0.915527,0.305176,-8.544922
58159,0.115601,-0.148193,0.941284,0.610352,-0.183105,-7.995605
58168,0.052979,-0.109497,0.933105,-0.183105,-1.403809,-7.202148
58178,0.038574,-0.117188,0.988647,-0.488281,-0.244141,-6.347656
58190,0.025391,-0.047363,1.102539,-0.671387,0.976562,-4.089355
58199,-0.115967,-0.014160,1.086060,-0.671387,0.793457,-3.173828
58209,-0.131104,-0.153076,0.986084,-0.854492,1.098633,-2.075195
58218,-0.141602,-0.024048,1.025024,-0.793457,1.708984,-0.976562
58228,-0.115356,-0.257690,0.909912,-0.183105,3.051758,0.427246
58239,-0.178955,-0.085571,0.926636,-0.488281,3.601074,1.770020
58248,-0.127686,-0.133911,0.969971,-0.610352,4.272461,2.990723
58258,-0.118530,-0.110840,0.978271,-0.976562,4.028320,3.723145
58270,-0.030151,-0.135864,0.998779,-1.831055,4.028320,4.760742
58279,-0.012695,-0.046387,0.977905,-2.441406,4.577637,5.126953
58289,-0.028809,-0.127930,0.851196,-2.136230,4.028320,5.249023
58298,0.070435,-0.068970,1.014282,-2.685547,4.516602,5.859375
58308,0.043335,-0.121826,1.006958,-2.868652,4.272461,6.286621
58318,0.010986,-0.023926,1.078979,-2.868652,3.845215,6.408691
58330,-0.041382,-0.234863,0.964722,-1.953125,4.089355,5.615234
58339,0.016846,-0.169556,0.935791,-1.708984,3.417969,4.882812
58350,0.071289,-0.099854,1.031616,-1.586914,2.746582,4.272461
58359,0.026489,-0.253906,0.898437,-0.976562,2.807617,4.455566
58369,0.092773,-0.157959,0.906250,-0.854492,2.319336,4.821777
58378,0.037598,-0.152100,1.002319,-0.854492,1.953125,5.371094
58389,-0.024414,-0.218140,0.941406,-0.915527,2.014160,5.493164
58398,0.024170,-0.189941,0.975952,-1.403809,2.441406,5.493164
58408,0.041260,-0.180054,0.946533,-2.624512,1.892090,4.821777
58420,-0.000732,-0.154907,0.963745,-2.746582,1.525879,4.760742
58429,-0.010132,0.003540,1.066528,-2.929688,0.976562,4.577637
58439,-0.006226,-0.149902,0.935303,-2.929688,1.342773,3.967285
58448,0.008057,-0.038208,1.050781,-3.356934,0.671387,3.112793
58458,0.009033,-0.049438,1.142944,-3.295898,0.183105,2.014160
58468,-0.014526,-0.002563,1.099365,-2.990723,0.061035,1.525879
58480,0.046143,-0.173584,1.001831,-1.831055,0.122070,0.793457
58489,0.112915,-0.135376,1.002441,-0.427246,0.366211,1.098633
58498,0.056641,-0.305786,0.931152,-0.427246,0.427246,1.098633
58508,0.155029,-0.144897,0.952637,-1.342773,0.000000,0.793457
58518,0.075073,-0.038574,1.062012,-2.197266,-1.403809,0.488281
58528,0.094971,-0.127686,1.054810,-2.319336,-1.525879,-0.122070
58540,0.067383,0.014648,1.208862,-1.342773,-1.281738,-1.220703
58549,0.021118,-0.263062,0.892212,-1.403809,-1.525879,-1.953125
58559,-0.051270,-0.136108,1.019897,-2.136230,-1.464844,-3.051758
58568,-0.051758,0.004517,1.070313,-2.014160,-1.159668,-4.577637
58578,-0.039185,0.070923,1.057739,-1.220703,-1.342773,-5.615234
58588,0.022095,0.025757,1.150146,-0.366211,-0.793457,-6.042480
58599,-0.001953,-0.069946,1.085205,0.976562,-0.732422,-6.286621
58608,-0.000977,-0.129883,1.025146,2.136230,-1.342773,-6.530762
58618,-0.078857,-0.178589,0.975464,2.685547,-0.549316,-7.385254
58630,0.070679,-0.162354,0.859985,2.624512,-0.793457,-7.568359
58639,0.133789,-0.156738,0.907959,1.892090,-0.671387,-7.507324
58648,0.174927,-0.265137,0.847900,0.610352,-0.976562,-7.324219
58658,0.132812,-0.030884,1.042480,-0.671387,-1.281738,-7.385254
58669,0.141724,-0.015625,1.037231,-1.464844,-2.746582,-7.324219
58678,0.099243,-0.095947,1.007202,-1.220703,-2.014160,-6.835937
58690,0.324585,-0.341553,1.701050,-0.488281,-1.892090,-4.638672
58699,-0.166260,-0.876709,1.176392,0.366211,-2.014160,-2.868652
58709,0.036743,-0.947632,-0.796509,-10.925293,-1.708984,-2.441406
58719,-0.161255,0.410034,0.429932,-19.653320,-2.380371,-1.953125
58728,0.229248,0.572876,-0.359863,-24.475098,-3.112793,-0.671387
58738,-0.307007,0.719238,-0.956055,-28.015137,-4.089355,0.793457
58748,-0.039307,1.292603,-0.247314,-32.348633,-3.784180,0.244141
58760,0.059692,0.224487,1.331421,-35.644531,-4.455566,-1.892090
58769,-0.063110,0.379395,1.186157,-43.273926,-3.051758,-1.892090
58779,0.064087,1.374634,1.218018,-48.461914,-0.183105,-1.647949
58788,0.151855,2.236572,2.065918,-44.494629,1.708984,1.098633
58798,-0.123291,0.679687,1.449951,-27.526855,-0.305176,5.249023
58809,0.127319,-0.680420,1.686768,-12.695313,-0.732422,5.615234
58818,0.024292,-0.564941,2.491699,-11.230469,-1.708984,3.662109
58830,-0.041138,0.878662,1.899780,-15.441895,-1.464844,10.131836
58839,-0.148682,-0.131470,0.264160,-0.061035,0.488281,15.625000
58849,-0.254272,-0.171387,0.955322,9.582520,2.929688,17.333984
58858,-0.328247,-0.281006,1.418213,10.742188,3.356934,17.150879
58868,-0.450806,-0.030640,1.324707,4.394531,2.746582,15.075684
58879,-0.434814,0.480835,0.569214,-1.586914,3.540039,11.718750
58888,-0.412354,0.741821,0.110107,-3.234863,5.310059,9.643555
58898,-0.295654,0.650635,0.736084,0.854492,7.263184,5.310059
58909,-0.257568,0.632812,1.743408,-2.014160,4.882812,2.685547
58919,0.010254,0.794067,0.781616,-3.723145,5.920410,3.356934
58928,0.208252,1.245361,0.271362,-2.319336,9.338379,6.469727
58939,0.335571,1.313477,0.893433,0.732422,9.521484,9.887695
58948,0.158447,0.671387,1.486206,3.112793,6.225586,12.329102
58958,0.174072,0.136963,1.163208,0.793457,2.990723,12.512207
58968,0.358398,0.838989,0.757324,-10.131836,5.065918,16.113281
58979,0.190918,1.203369,1.179199,-7.568359,5.615234,20.751953
58989,0.038818,0.208496,1.373535,-1.647949,4.028320,21.667480
58998,0.128418,0.086670,1.217651,-0.732422,2.685547,18.249512
59009,0.215088,0.580688,0.975098,-4.272461,0.427246,13.549805
59018,0.145264,1.014893,0.996582,-6.591797,-0.549316,10.559082
59030,-0.114868,0.613647,0.971069,0.122070,-2.624512,6.652832
59039,0.017944,0.235474,0.907104,0.488281,-3.417969,2.746582
59050,0.103882,0.525146,1.000000,-1.586914,-4.028320,0.183105
59059,-0.003662,0.727661,1.196289,-3.173828,-4.455566,-0.915527
59068,-0.007446,0.323730,0.982178,-1.892090,-4.638672,-2.014160
59078,0.008789,0.305542,0.832642,-1.037598,-4.272461,-4.089355
59088,0.091064,0.429443,0.755615,-1.342773,-4.028320,-5.981445
59098,0.031982,0.738770,1.180420,-1.953125,-5.310059,-6.713867
59108,-0.049561,0.492432,1.158081,-1.098633,-4.516602,-7.324219
59120,0.070435,0.479858,0.807617,-2.136230,-4.089355,-7.568359
59129,0.137085,0.956787,0.951416,-4.028320,-4.028320,-8.117676
59139,-0.008301,0.872559,0.989868,-3.723145,-5.187988,-7.629395
59149,0.010498,0.609497,1.003662,-2.075195,-5.310059,-7.324219
59158,-0.026245,0.363281,0.879028,-0.732422,-3.967285,-6.958008
59170,0.021606,0.814453,1.124146,-3.234863,-3.417969,-6.103516
59179,-0.057739,0.670288,0.935059,-1.892090,-4.272461,-5.187988
59189,-0.097534,0.576294,0.946411,-0.671387,-4.089355,-4.882812
59198,-0.106323,0.508301,0.859619,-0.061035,-2.746582,-4.760742
59209,-0.082153,0.705444,1.067749,-0.915527,-2.990723,-4.028320
59218,-0.134766,0.670166,1.080566,-1.159668,-2.929688,-2.563477
59228,-0.149292,0.486206,0.984985,-0.732422,-1.770020,-1.281738
59240,-0.148315,0.465210,0.940918,-2.197266,0.610352,0.366211
59249,-0.168091,0.674072,1.122192,-3.112793,0.732422,1.464844
59259,-0.198120,0.649414,1.014526,-3.051758,1.525879,2.502441
59268,-0.135742,0.618408,0.911377,-2.197266,3.112793,3.662109
59279,-0.064209,0.703735,0.933472,-1.525879,3.417969,4.455566
59288,-0.034058,0.723145,1.018921,-1.342773,3.601074,4.638672
59299,-0.041260,0.708862,1.097168,-1.525879,3.417969,4.394531
59308,-0.000610,0.784668,0.988037,-1.892090,2.990723,4.455566
59318,0.090454,0.630737,0.944336,2.624512,4.333496,5.859375
59330,0.135620,0.536743,1.128174,2.624512,4.394531,5.859375
59339,0.085205,0.240845,0.974243,3.540039,4.150391,6.347656
59348,0.137573,0.073120,1.000366,5.493164,4.028320,5.493164
59358,0.103394,0.129517,1.100952,5.676270,3.540039,4.150391
59369,0.041870,-0.071899,1.084473,6.469727,2.258301,3.356934
59378,0.021851,-0.170898,1.035767,7.202148,1.708984,2.319336
59390,0.026001,-0.147095,0.981567,7.751465,1.525879,0.427246
59399,0.024780,-0.026367,1.002197,8.239746,1.281738,-0.427246
59409,0.022705,-0.021973,0.962891,7.995605,0.854492,-1.220703
59418,0.038818,-0.173096,0.979736,8.972168,0.610352,-2.014160
59428,0.050049,-0.187622,1.076904,8.972168,-0.122070,-3.295898
59438,0.035522,-0.052124,1.090942,7.934570,-1.037598,-4.455566
59450,0.030029,0.036865,1.068970,7.385254,-1.708984,-6.469727
59459,0.134155,0.194580,1.587891,7.995605,-2.136230,-7.019043
59469,0.041748,0.103638,1.495972,9.399414,-3.417969,-8.483887
59478,0.036865,0.337769,1.722778,10.620117,-3.906250,-10.620117
59489,-0.130005,0.311646,1.117188,12.390137,-4.150391,-10.009766
59499,0.029663,0.209351,0.918945,13.488770,-2.502441,-8.544922
59508,0.173584,-0.039673,0.950806,14.648438,-1.708984,-8.239746
59520,0.229248,-0.167847,0.894897,11.413574,-4.455566,-11.108398
59529,0.105835,0.009888,1.255737,11.291504,-4.699707,-10.437012
59539,0.041992,-0.093506,1.236572,11.230469,-3.662109,-9.643555
59549,0.099121,-0.225464,1.166382,11.169434,-2.624512,-9.399414
59559,0.087524,-0.296143,1.141602,11.535645,-2.807617,-9.765625
59568,0.087158,-0.271729,1.129639,11.596680,-4.577637,-10.803223
59579,-0.024780,-0.532349,1.039795,11.657715,-5.676270,-11.352539
59589,-0.058228,-0.468140,0.781616,11.779785,-5.859375,-12.207031
59600,-0.015625,-0.394287,0.890503,12.084961,-6.164551,-13.061523
59610,-0.014526,-0.522339,0.797974,12.878418,-6.225586,-13.610840
59620,-0.033447,-0.486450,0.718384,13.549805,-5.859375,-13.671875
59629,-0.018799,-0.377441,0.720703,13.366699,-5.676270,-13.000488
59639,-0.008057,-0.330078,0.714600,12.512207,-5.615234,-12.329102
59649,-0.046997,-0.271851,0.658691,10.498047,-5.676270,-12.023926
59658,-0.001831,-0.116577,0.688477,7.263184,-5.493164,-12.512207
59670,-0.072632,0.108643,0.781006,3.723145,-5.310059,-10.437012
59679,-0.097534,-0.139526,0.863403,3.295898,-4.028320,-8.300781
59689,-0.014282,-0.196899,0.948486,2.807617,-2.990723,-7.019043
59699,-0.047485,-0.321533,1.010986,2.685547,-2.990723,-6.042480
59709,0.005493,-0.272217,0.907227,3.051758,-3.601074,-5.859375
59718,-0.085815,-0.097412,0.805420,1.708984,-4.150391,-6.103516
59730,-0.196899,-0.060303,0.785767,0.366211,-2.746582,-3.234863
59740,-0.148071,-0.393066,0.821777,0.427246,-1.525879,-1.342773
59749,-0.152100,0.063965,1.100098,-1.098633,-0.183105,0.793457
59759,-0.150024,-0.208374,1.006836,-0.854492,0.549316,3.112793
59769,-0.153198,-0.347656,0.953125,-0.610352,0.793457,4.577637
59778,-0.126709,-0.204468,1.007324,-1.098633,1.220703,6.286621
59789,-0.105957,-0.235107,1.027100,-1.342773,1.525879,7.812500
59798,-0.103394,-0.376587,1.039185,-1.403809,1.586914,9.094238
59810,-0.064941,-0.225464,0.952881,-1.770020,2.014160,9.826660
59820,-0.093384,-0.201660,0.903687,-2.075195,1.892090,10.253906
59829,-0.061035,-0.146973,0.939819,-2.502441,2.258301,10.498047
59839,-0.070068,-0.105225,0.940918,-3.112793,3.051758,10.437012
59849,-0.059326,-0.144165,0.952148,-3.173828,2.563477,9.826660
59859,-0.020752,-0.145874,0.999268,-2.990723,2.624512,8.972168
59869,-0.022827,-0.109375,1.024902,-3.356934,2.746582,8.422852
59878,-0.008301,-0.120850,1.016602,-3.173828,2.746582,8.056641
59889,0.010376,-0.117554,0.990234,-3.112793,2.624512,7.934570
59898,0.011353,-0.119507,0.979614,-3.234863,2.319336,7.507324
59909,0.023926,-0.140137,0.955078,-3.112793,2.258301,6.713867
59918,0.031372,-0.151733,0.904175,-3.356934,2.136230,5.859375
59929,0.039429,-0.165039,0.887939,-3.601074,1.281738,5.065918
59938,0.029541,-0.178101,0.886963,-4.028320,0.732422,3.906250
59950,0.025513,-0.174805,0.956909,-4.333496,0.793457,1.831055
59960,0.030640,-0.182861,0.993042,-4.394531,0.549316,0.976562
59969,0.000732,-0.150269,0.997070,-4.516602,-0.122070,0.061035
59979,-0.017090,-0.125732,0.988037,-4.638672,-0.366211,-0.610352
59988,-0.010742,-0.120850,0.979736,-5.004883,-0.305176,-0.732422
59998,0.001709,-0.113037,0.962769,-4.821777,-0.244141,-1.220703
