timestamp,accX,accY,accZ,gyrX,gyrY,gyrZ
11,-0.082031,-0.048828,1.014648,-2.929688,5.554199,7.385254
21,-0.053345,-0.080444,1.052246,-2.136230,5.310059,7.324219
30,0.000732,-0.166626,1.002563,-1.464844,5.310059,7.751465
41,0.027100,-0.194092,0.954468,-1.037598,5.676270,9.033203
50,0.088379,-0.188477,0.938354,-1.098633,5.920410,13.427734
60,0.034790,-0.142212,1.016724,-0.915527,6.286621,16.418457
71,-0.025635,-0.192871,1.027588,-0.488281,6.713867,18.798828
81,-0.054810,-0.190796,1.029541,-0.305176,6.958008,21.179199
90,-0.062988,-0.111450,1.052612,-0.366211,7.141113,22.644043
101,-0.091064,-0.180420,0.961670,-0.366211,7.507324,24.047852
110,-0.117554,-0.197266,0.919678,-0.244141,7.934570,25.634766
120,-0.090576,-0.193604,0.866455,-0.305176,7.873535,29.296875
132,-0.106567,-0.284424,0.831299,-1.281738,8.361816,31.494141
141,-0.103882,-0.215332,0.886230,-1.953125,8.789063,33.691406
151,-0.106323,-0.186768,0.919556,-2.075195,8.789063,36.132812
160,-0.124268,-0.235840,0.954956,-2.014160,9.216309,38.330078
170,-0.093872,-0.177002,1.087769,-1.770020,9.399414,39.367676
181,-0.077393,-0.138306,1.113647,-1.342773,9.460449,40.283203
190,-0.054810,-0.250732,1.078979,-0.671387,8.666992,39.611816
202,-0.035156,-0.253662,0.917358,-0.366211,7.995605,38.757324
212,-0.008911,-0.191406,0.921021,-0.610352,6.652832,37.963867
221,-0.013916,-0.099365,1.050293,-1.281738,5.737305,37.597656
231,-0.013428,-0.047363,1.080200,-1.770020,5.676270,37.231445
240,0.012573,-0.088745,1.106689,-1.403809,5.676270,37.414551
251,0.040894,-0.044434,1.116333,-1.403809,5.126953,37.231445
260,0.014526,-0.045532,1.119507,-0.854492,3.479004,36.132812
272,-0.008423,-0.226440,0.969482,-0.305176,2.746582,34.729004
281,0.045654,-0.128418,1.014038,-0.915527,2.014160,33.691406
291,0.031372,0.017578,1.059814,-0.854492,1.464844,32.958984
300,0.017822,0.011597,1.057129,-0.793457,0.488281,32.470703
311,-0.046997,-0.130005,1.029907,-0.366211,0.122070,32.653809
320,-0.026245,-0.245117,0.955078,-0.183105,0.183105,32.714844
332,-0.023804,-0.120117,0.993774,-0.610352,0.244141,34.423828
342,-0.078125,-0.091675,0.979248,-0.671387,-0.671387,34.851074
351,-0.081787,-0.220581,0.921265,-0.427246,-0.732422,35.461426
361,-0.102173,-0.222900,0.940552,-0.488281,-0.610352,35.522461
371,-0.104126,-0.233276,0.975220,-0.549316,-0.427246,35.949707
380,-0.074341,-0.131104,1.005493,-0.732422,-0.244141,36.621094
390,-0.083374,-0.130371,1.013550,-0.305176,-0.427246,36.621094
400,-0.066650,-0.271362,0.923340,-0.122070,-0.854492,36.621094
410,-0.063477,-0.277222,0.938477,0.061035,-1.098633,36.010742
421,-0.030762,-0.202881,0.942261,0.000000,-1.708984,35.949707
431,-0.006958,-0.093872,0.983521,0.305176,-2.197266,35.522461
440,-0.082031,-0.086304,0.999390,0.305176,-2.380371,34.912109
451,-0.071167,-0.056396,1.131836,0.549316,-2.502441,33.935547
461,-0.112427,-0.014038,1.165527,0.793457,-2.258301,32.043457
470,-0.069580,-0.005981,1.149170,1.892090,-3.234863,26.977539
480,-0.073364,-0.151245,1.071655,2.929688,-3.845215,23.254395
491,-0.027588,-0.267090,0.998047,3.540039,-4.089355,19.042969
500,0.016724,-0.212891,0.937134,2.807617,-5.187988,15.197754
510,0.112183,-0.166382,0.878662,2.014160,-6.042480,12.023926
521,0.143311,-0.148560,0.742676,1.525879,-7.019043,10.437012
530,0.201660,-0.107422,0.788574,0.915527,-8.178711,9.338379
540,0.243408,-0.083618,0.893066,-0.427246,-10.009766,8.850098
552,0.154541,-0.001953,0.913696,-1.708984,-10.559082,8.361816
561,0.099609,-0.107910,0.976929,-1.525879,-10.498047,7.385254
571,0.117798,-0.196167,0.942383,-0.793457,-9.643555,6.774902
581,0.138794,-0.192627,0.943237,-0.549316,-9.765625,5.004883
590,0.049683,-0.053345,1.047607,-1.037598,-11.169434,2.136230
601,-0.037231,-0.056030,1.017456,-1.342773,-11.779785,-1.037598
610,-0.020386,-0.131592,1.048096,-0.549316,-11.779785,-7.934570
622,0.048340,-0.206787,0.992065,-0.122070,-12.573242,-11.108398
631,0.095581,-0.216064,0.980469,-0.122070,-12.878418,-14.587402
641,0.168823,-0.097290,0.959106,-0.915527,-13.610840,-16.662598
651,0.200073,-0.087036,0.979126,-1.281738,-13.427734,-17.578125
660,0.192993,-0.030518,1.043823,-1.464844,-13.244629,-17.456055
671,0.190186,-0.026367,1.079956,-1.220703,-13.793945,-17.333984
681,0.181519,-0.102905,1.009033,-1.037598,-13.854980,-15.380859
690,0.152222,-0.113770,1.072876,-0.854492,-14.160156,-15.136719
701,0.066406,-0.119995,1.021729,-0.732422,-13.610840,-13.732910
711,0.051270,-0.096191,0.991821,-0.793457,-12.939453,-12.634277
720,0.089600,-0.168213,0.967041,-0.732422,-12.451172,-11.901855
731,0.051270,-0.136230,1.001465,-1.159668,-12.512207,-10.620117
740,0.057129,-0.046997,1.067261,-1.464844,-12.634277,-10.253906
753,-0.009033,-0.180176,1.025391,-0.976562,-12.207031,-9.521484
762,-0.020752,-0.280029,0.953491,-0.671387,-11.718750,-10.437012
772,-0.037109,-0.303589,0.939453,-0.854492,-11.474609,-11.718750
782,-0.089355,-0.209229,0.986938,-1.464844,-11.535645,-13.549805
791,-0.114868,-0.165894,0.974121,-2.136230,-11.596680,-15.869141
801,-0.055298,-0.248901,0.923218,-1.953125,-10.681152,-18.005371
811,-0.025391,-0.241943,0.896973,-2.441406,-10.559082,-23.254395
823,0.085571,-0.149292,1.055054,-2.685547,-10.437012,-26.184082
833,0.129517,-0.121094,1.099854,-2.014160,-10.925293,-29.113770
842,0.166504,-0.135864,1.017944,-0.732422,-11.474609,-31.860352
852,0.224243,-0.209961,0.964600,0.488281,-12.084961,-34.057617
861,0.227295,-0.286865,0.886230,0.610352,-12.634277,-35.095215
871,0.217041,-0.305054,0.911987,-0.061035,-12.756348,-35.583496
881,0.121216,-0.211426,0.982178,-1.037598,-12.023926,-35.156250
891,0.081421,-0.120728,0.966553,-1.464844,-10.742188,-34.851074
900,0.034790,-0.210327,0.962891,-2.014160,-10.192871,-35.095215
911,-0.000244,-0.051758,1.029053,-2.624512,-9.338379,-35.156250
920,-0.008301,0.044312,1.052856,-2.685547,-8.605957,-35.644531
930,0.002441,0.005981,1.098022,-2.075195,-7.934570,-35.583496
941,0.023926,-0.065552,1.033081,-0.793457,-6.896973,-35.339355
951,0.009888,-0.097656,0.969971,-0.061035,-6.225586,-34.606934
960,-0.065796,-0.151611,0.929443,1.098633,-5.615234,-31.433105
970,-0.057251,-0.189453,0.887817,1.220703,-3.479004,-27.893066
981,-0.052734,-0.209961,0.853882,0.976562,-2.197266,-24.414062
991,-0.042969,-0.236694,0.908936,0.915527,-0.610352,-21.179199
1001,-0.093750,-0.266968,0.942627,0.915527,-0.122070,-18.554687
1011,-0.086182,-0.274780,0.924316,1.098633,0.122070,-17.700195
1022,-0.060547,-0.257813,0.881714,0.915527,1.831055,-16.479492
1032,-0.026245,-0.228638,0.995117,0.488281,2.563477,-16.235352
1042,0.005005,-0.176025,0.997803,0.366211,2.807617,-15.747070
1051,0.039185,-0.168579,0.972534,0.305176,2.624512,-14.709473
1061,0.015015,-0.231201,0.910156,-0.061035,2.990723,-13.488770
1070,0.098022,-0.225464,1.006348,-0.610352,3.356934,-11.840820
1081,0.031616,-0.081055,1.055908,-1.647949,3.662109,-10.375977
1090,-0.003418,-0.117676,1.067017,-2.014160,3.906250,-9.033203
1102,0.005493,-0.108887,0.988647,-1.586914,4.455566,-7.385254
1112,-0.005249,-0.167358,0.951904,-1.647949,4.089355,-6.469727
1121,-0.033813,-0.109009,1.041382,-1.831055,4.089355,-5.126953
1131,0.000488,-0.047119,1.016357,-2.197266,4.211426,-2.868652
1141,-0.041138,-0.050415,1.044312,-2.258301,3.967285,-0.122070
1151,-0.063110,-0.046265,1.060669,-1.770020,4.821777,2.563477
1162,-0.036011,-0.107788,1.060425,-0.793457,6.591797,7.568359
1172,-0.021851,-0.084961,1.000244,-0.671387,7.385254,8.239746
1181,0.010986,-0.151611,0.987061,-0.793457,6.713867,8.850098
1191,0.084717,-0.042236,0.999390,-1.098633,6.164551,8.972168
1201,0.097900,-0.076782,0.922485,-1.403809,4.882812,9.094238
1211,0.070679,-0.100220,0.907837,-2.014160,3.295898,9.460449
1221,0.036499,-0.058594,0.975708,-1.953125,2.380371,9.582520
1231,0.084595,-0.110352,0.950317,-2.258301,2.258301,10.009766
1242,0.002319,0.042114,1.110229,-3.295898,2.441406,11.352539
1251,-0.043457,-0.036621,1.018066,-3.173828,1.892090,11.535645
1261,-0.113892,-0.082397,0.990112,-2.441406,1.525879,11.413574
1271,-0.096069,-0.086304,1.009155,-2.014160,1.525879,10.986328
1281,-0.004517,-0.141235,1.012817,-1.831055,1.220703,10.192871
1291,0.027832,-0.158081,1.029297,-1.586914,0.915527,9.094238
1300,0.006592,-0.114990,0.964111,-1.708984,-0.061035,7.873535
1312,0.073364,-0.242920,0.888916,-2.136230,-0.976562,4.272461
1322,0.077148,-0.176880,0.951538,-2.563477,-2.014160,2.136230
1331,0.094971,-0.219849,0.902466,-3.295898,-2.807617,0.244141
1341,0.070068,-0.126587,0.953369,-4.028320,-3.845215,-1.464844
1350,0.108643,-0.095825,1.008789,-4.150391,-4.150391,-2.563477
1361,0.086914,-0.190308,0.944214,-4.089355,-4.577637,-3.540039
1371,0.134644,-0.092285,1.066895,-3.845215,-4.516602,-5.065918
1381,0.139160,-0.046509,1.043579,-2.685547,-5.554199,-5.920410
1391,0.055786,-0.092529,1.003418,-2.258301,-6.042480,-6.896973
1400,0.043457,-0.136841,1.002808,-2.075195,-6.591797,-7.629395
1411,0.071045,-0.148804,0.973633,-2.014160,-6.103516,-8.728027
1421,0.040161,-0.111816,1.026611,-2.136230,-7.263184,-9.704590
1431,0.026978,-0.133301,0.947144,-1.770020,-7.385254,-10.559082
1441,-0.011230,-0.204468,0.893677,-1.464844,-7.141113,-10.803223
1452,-0.023560,-0.144287,0.994507,-1.770020,-6.286621,-10.009766
1462,-0.053467,-0.178955,1.004028,-1.586914,-6.164551,-9.277344
1471,-0.048218,-0.209839,0.984497,-1.525879,-5.554199,-8.605957
1481,-0.000977,-0.175049,0.985474,-1.892090,-5.554199,-7.751465
1491,-0.017578,-0.138672,1.009399,-1.647949,-5.432129,-7.141113
1501,-0.003052,-0.203979,0.991821,-1.525879,-5.249023,-7.141113
1511,-0.000610,-0.172119,1.015625,-1.708984,-5.493164,-7.141113
1521,-0.006714,-0.195435,0.968872,-1.770020,-5.432129,-7.995605
1531,0.087402,-0.046387,0.998535,-2.075195,-5.249023,-8.483887
1541,0.044922,-0.125610,1.028687,-2.136230,-6.225586,-9.521484
1551,-0.002808,-0.128052,1.014282,-1.831055,-7.202148,-10.498047
1561,-0.012817,-0.156738,0.952759,-2.014160,-7.690430,-11.474609
1572,-0.004517,-0.076172,1.024536,-2.319336,-6.408691,-12.084961
1581,-0.013428,-0.115112,0.995850,-2.197266,-6.286621,-12.268066
1591,-0.009521,-0.084351,0.972778,-2.258301,-5.615234,-12.512207
1601,-0.111328,-0.161255,0.956665,-2.197266,-4.638672,-12.939453
1612,-0.145508,-0.067627,1.049316,-2.075195,-4.272461,-13.305664
1621,-0.121338,-0.191284,1.000122,-1.892090,-3.784180,-13.671875
1631,-0.144897,-0.156006,0.995239,-2.136230,-3.662109,-13.977051
1641,-0.152954,-0.147461,0.977661,-1.892090,-2.624512,-14.343262
1654,-0.131470,-0.098267,1.001465,-1.403809,-1.464844,-13.793945
1663,-0.092529,-0.176514,0.963257,-0.671387,-0.793457,-13.183594
1673,-0.082153,-0.167847,0.997681,-0.183105,-0.061035,-12.634277
1683,-0.047729,-0.210571,1.015381,0.122070,0.183105,-12.268066
1692,-0.071655,-0.081177,1.059326,0.305176,0.549316,-11.535645
1702,-0.068848,-0.143921,1.018555,1.281738,0.915527,-10.742188
1712,-0.097168,-0.215088,0.991821,2.441406,2.075195,-9.521484
1721,-0.061646,-0.264038,0.942749,2.502441,3.356934,-7.263184
1733,-0.079468,-0.143188,0.979858,1.831055,4.089355,-5.981445
1742,-0.130737,-0.052979,0.983154,1.953125,4.577637,-4.699707
1752,-0.086182,-0.191772,0.937744,2.319336,4.516602,-3.723145
1761,-0.101563,-0.092651,0.982300,2.258301,4.821777,-3.173828
1771,-0.081665,-0.182251,0.837036,2.014160,5.126953,-2.319336
1782,-0.099121,-0.039673,0.981323,1.647949,5.554199,-1.586914
1791,-0.079468,-0.207886,0.900024,1.403809,5.920410,-0.061035
1803,-0.113403,-0.122070,0.851074,-0.183105,6.652832,1.037598
1812,-0.079834,-0.079834,0.969116,-0.793457,7.263184,1.525879
1822,-0.102173,-0.057129,0.952637,-1.770020,7.629395,1.770020
1832,-0.030396,-0.027344,1.029785,-2.685547,7.690430,1.159668
1841,-0.103027,0.046387,1.047363,-2.807617,6.652832,-0.305176
1851,-0.063110,-0.011108,0.991455,-2.502441,6.225586,-1.647949
1864,0.017822,-0.026855,1.128662,-1.831055,6.164551,-4.333496
1873,0.026489,-0.010620,1.110962,-1.220703,5.737305,-5.798340
1883,0.078979,-0.044067,1.101563,-0.732422,4.760742,-6.530762
1892,0.106079,-0.055908,1.146851,-0.305176,4.455566,-7.019043
1902,0.129517,-0.089722,1.197266,0.610352,4.211426,-7.629395
1911,0.121216,-0.190674,1.040527,1.586914,3.723145,-8.666992
1921,0.081665,-0.277222,0.963501,2.380371,2.746582,-9.948730
1931,0.051758,-0.250854,0.917603,2.563477,2.380371,-10.986328
1942,-0.019653,-0.186768,0.849976,2.136230,3.234863,-11.718750
1952,-0.058960,-0.195435,0.820435,0.549316,3.479004,-11.901855
1961,-0.064697,-0.136353,0.920044,0.061035,4.028320,-12.329102
1972,-0.130371,-0.270630,0.879028,-0.061035,4.516602,-12.329102
1981,-0.081421,-0.088989,1.028198,-1.098633,4.882812,-12.390137
1991,-0.125488,-0.121826,1.053467,-1.464844,5.187988,-12.329102
2001,-0.118896,-0.005859,1.054810,-1.342773,5.065918,-12.268066
2013,-0.045288,-0.069580,1.061768,-0.488281,7.202148,-10.070801
2022,-0.050659,-0.118286,0.920654,-0.183105,8.300781,-8.789063
2032,-0.002075,-0.012085,1.026733,-0.427246,9.155273,-7.446289
2041,-0.021484,-0.050903,0.948730,-0.610352,9.704590,-5.310059
2051,-0.030151,0.009644,1.022217,-0.854492,10.192871,-2.685547
2061,-0.122192,-0.076294,0.951172,-0.854492,10.498047,0.305176
2072,-0.107056,0.028198,1.018555,-1.647949,12.390137,5.981445
2082,-0.174438,-0.020508,0.946533,-2.380371,12.939453,9.094238
2091,-0.220337,-0.019165,1.030884,-2.807617,13.977051,12.207031
2102,-0.219116,0.091553,1.131104,-2.929688,14.587402,14.343262
2111,-0.249390,-0.050293,1.038574,-2.014160,15.502930,16.296387
2121,-0.221436,-0.016968,1.174805,-1.342773,16.296387,17.761230
2132,-0.202881,-0.231567,1.082397,-0.732422,16.479492,18.859863
2141,-0.160767,0.058228,1.136963,0.793457,16.540527,21.057129
2153,-0.061157,-0.124634,1.039551,1.831055,16.540527,22.277832
2162,-0.060181,-0.350098,0.929687,2.807617,16.540527,23.986816
2171,-0.034790,-0.169067,0.900269,2.746582,16.540527,25.329590
2182,-0.036133,-0.271851,0.844727,2.380371,16.174316,26.672363
2191,0.011841,-0.294067,0.858032,1.953125,15.808105,27.709961
2202,-0.016724,-0.303223,0.917725,0.976562,15.502930,28.076172
2211,-0.025269,-0.185669,1.043091,0.549316,13.610840,24.963379
2223,-0.036377,-0.082031,1.102783,0.366211,13.061523,23.010254
2232,-0.045166,-0.261475,1.077881,0.732422,12.145996,20.629883
2242,0.001953,-0.187012,0.994263,0.305176,11.291504,18.249512
2251,0.053467,-0.172119,1.017822,-0.488281,10.498047,16.723633
2261,0.103516,-0.100708,0.934326,-0.549316,9.948730,15.686035
2271,0.150269,-0.082642,1.007202,-0.244141,8.850098,15.197754
2283,0.138306,-0.168335,1.004028,0.244141,7.324219,15.197754
2293,0.104492,-0.276123,0.904419,0.183105,7.019043,15.075684
2302,0.137329,-0.107300,1.069458,-0.122070,6.347656,14.892578
2311,0.104614,-0.299927,0.933350,-0.061035,5.371094,14.343262
2321,0.159180,-0.104980,1.033813,-0.122070,4.272461,13.305664
2331,0.125610,-0.358154,0.879028,0.183105,3.051758,12.451172
2342,0.178711,-0.243896,0.927002,0.244141,2.075195,11.352539
2351,0.147827,-0.213013,0.938354,-0.244141,0.000000,9.094238
2361,0.171021,-0.115234,0.931763,-0.427246,-0.610352,7.995605
2371,0.146118,-0.174316,0.950317,-0.488281,-1.281738,6.896973
2381,0.143066,-0.018188,1.047119,-0.488281,-1.708984,5.615234
2391,0.115479,-0.189331,0.920044,-0.366211,-2.746582,4.394531
2401,0.111938,0.006470,1.033203,-0.549316,-3.051758,3.784180
2412,0.121582,-0.048584,1.027344,-0.366211,-3.356934,3.540039
2422,0.100098,-0.053833,0.980347,-0.366211,-4.516602,2.624512
2431,0.088989,0.078125,1.096558,-0.183105,-4.211426,2.563477
2441,0.046143,0.028320,1.108643,-0.244141,-3.967285,2.075195
2452,0.012939,-0.057739,1.078003,-0.366211,-4.150391,1.586914
2461,0.000854,-0.092041,0.970093,-0.427246,-4.394531,0.976562
2471,-0.015869,-0.037109,0.985840,-0.854492,-4.455566,0.610352
2481,0.018188,-0.137329,0.964722,-1.159668,-4.028320,0.610352
2494,0.016602,-0.180542,0.948730,-2.380371,-4.394531,0.793457
2503,-0.044556,-0.031372,1.039795,-3.234863,-3.723145,1.892090
2513,-0.013306,-0.187866,0.995117,-3.417969,-2.990723,2.502441
2522,-0.016602,-0.024414,1.055298,-3.356934,-2.868652,2.441406
2532,-0.002319,-0.237305,0.911255,-2.929688,-2.990723,2.685547
2542,0.013916,-0.087769,1.000610,-2.929688,-3.479004,2.441406
2551,0.037354,-0.231934,0.946899,-3.112793,-3.784180,2.319336
2561,0.037476,-0.080933,0.997681,-4.089355,-3.417969,2.868652
2572,0.080933,-0.087158,0.954224,-4.455566,-2.929688,3.906250
2582,0.119019,-0.025635,1.023315,-4.394531,-3.173828,4.211426
2591,0.087769,-0.143188,0.974243,-4.089355,-3.540039,4.150391
2601,0.145386,0.008667,1.130493,-3.967285,-4.150391,3.295898
2611,0.000000,-0.198120,0.988892,-3.723145,-5.126953,2.441406
2621,0.004761,-0.001709,1.056885,-3.173828,-5.493164,1.037598
2633,0.018555,-0.096313,0.971191,-2.014160,-5.310059,-1.037598
2644,-0.010132,-0.175049,0.924438,-1.525879,-5.432129,-1.770020
2653,0.009277,-0.198730,0.882080,-1.770020,-5.187988,-1.953125
2663,0.000488,-0.198730,0.839233,-1.831055,-5.187988,-2.075195
2672,0.027710,-0.171143,0.930786,-2.136230,-5.004883,-2.380371
2682,0.018433,-0.129028,0.907104,-2.380371,-4.760742,-3.295898
2692,0.012085,-0.177002,0.943726,-2.319336,-5.126953,-3.662109
2701,0.032715,-0.091431,1.080933,-1.953125,-4.760742,-4.028320
2711,0.077637,-0.209229,1.065186,-1.220703,-4.516602,-3.845215
2722,0.084717,-0.149048,1.004028,-0.427246,-5.310059,-3.479004
2731,0.090332,-0.275635,0.994507,-0.183105,-5.310059,-2.929688
2741,0.077515,-0.103394,1.116089,-0.244141,-5.187988,-2.624512
2751,0.037476,-0.306885,0.958374,-0.305176,-4.699707,-1.831055
2761,-0.020630,-0.104248,0.974121,-0.793457,-4.516602,-1.098633
2771,0.009766,-0.209473,0.953735,-1.281738,-4.272461,0.000000
2782,-0.049805,-0.025146,0.946167,-3.295898,-3.295898,2.380371
2792,-0.063232,-0.152832,0.986206,-3.540039,-3.234863,3.784180
2802,-0.046631,0.002441,1.125610,-3.417969,-2.685547,4.699707
2811,-0.020996,-0.086060,1.130005,-2.868652,-3.051758,5.249023
2821,-0.036987,-0.081421,1.032227,-2.380371,-3.051758,5.981445
2830,-0.035278,-0.092285,1.112915,-1.892090,-3.112793,6.896973
2842,-0.021240,-0.272461,0.958130,-0.976562,-2.563477,8.422852
2852,-0.041260,-0.203613,0.878296,-1.159668,-2.075195,9.460449
2862,-0.085571,-0.062622,0.914795,-1.464844,-1.708984,10.192871
2871,-0.111694,-0.124023,0.924194,-1.708984,-1.403809,10.437012
2881,-0.156982,-0.204224,0.853149,-2.136230,-1.525879,10.192871
2891,-0.203857,0.043579,1.008423,-2.258301,-1.708984,9.094238
2900,-0.167236,-0.255493,0.933228,-1.831055,-1.770020,7.995605
2910,-0.191406,-0.139160,1.009766,-1.647949,-1.586914,7.019043
2922,-0.231445,-0.192505,0.950317,-1.770020,-0.610352,5.371094
2932,-0.219238,-0.003662,1.050415,-1.342773,0.061035,5.126953
2942,-0.188843,-0.195068,1.026733,-0.671387,1.342773,4.394531
2952,-0.201050,-0.265259,0.949341,-0.610352,1.831055,3.723145
2961,-0.172974,0.019775,1.099976,-0.427246,2.685547,2.868652
2970,-0.111206,-0.145752,1.087402,0.061035,3.112793,2.258301
2982,-0.095337,-0.092041,1.016357,0.854492,3.173828,-0.122070
2992,0.001343,-0.178955,1.000122,1.770020,2.990723,-1.464844
3001,0.056274,-0.149780,0.931274,2.075195,2.868652,-2.014160
3011,0.197510,-0.066406,0.997925,1.708984,2.441406,-2.380371
3021,0.217773,-0.184570,0.895264,0.793457,1.831055,-2.868652
3030,0.212036,0.001709,0.945801,-0.183105,0.854492,-3.417969
3041,0.213501,-0.233643,0.916626,-0.427246,0.000000,-3.601074
3051,0.205322,-0.103638,0.926758,-1.281738,-0.366211,-3.906250
3062,0.130737,-0.186401,0.950562,-2.319336,-1.586914,-5.432129
3072,0.098999,0.027954,1.077393,-2.197266,-1.831055,-6.286621
3081,0.065918,-0.258789,0.968750,-2.136230,-2.441406,-7.019043
3091,0.052856,-0.039063,1.056885,-2.136230,-2.441406,-7.751465
3101,0.082764,-0.039917,1.070435,-1.647949,-2.502441,-8.605957
3111,0.029175,-0.315796,0.924194,-0.915527,-2.441406,-9.582520
3120,0.030884,-0.013062,0.987183,-0.915527,-2.319336,-10.437012
3132,0.019531,-0.135498,0.847046,-0.976562,-1.770020,-10.742188
3142,-0.018799,-0.050293,1.036499,-1.464844,-1.342773,-10.559082
3151,-0.014038,-0.121460,0.976196,-1.892090,-1.098633,-10.314941
3161,-0.055542,-0.080688,1.018555,-2.197266,-0.549316,-9.704590
3171,-0.038818,-0.089966,0.964600,-2.136230,0.427246,-8.422852
3181,-0.063232,-0.079468,0.938232,-2.258301,1.037598,-7.385254
3191,-0.027832,-0.009766,1.021118,-2.624512,2.197266,-4.821777
3201,-0.057739,-0.154785,0.918945,-2.685547,2.807617,-3.845215
3211,-0.010132,-0.209351,0.977051,-2.136230,3.662109,-2.624512
3221,-0.024048,-0.256470,0.892456,-1.953125,3.662109,-1.770020
3231,-0.033081,-0.066040,0.942627,-2.258301,3.662109,-1.281738
3240,-0.000244,-0.232666,0.877319,-2.685547,4.028320,-0.366211
3250,-0.070312,-0.106201,1.001465,-2.929688,4.333496,1.037598
3262,-0.030396,-0.024658,1.129395,-2.136230,5.187988,3.906250
3272,-0.051270,-0.137573,1.071899,-1.831055,5.615234,5.493164
3281,-0.106567,-0.120605,1.026978,-2.075195,6.103516,7.019043
3291,-0.110474,-0.166870,0.951050,-2.563477,6.530762,8.239746
3301,-0.063232,0.003418,0.968750,-2.746582,6.713867,9.094238
3311,-0.045166,-0.255859,0.864258,-2.685547,6.774902,9.582520
3320,-0.082031,-0.183350,0.919800,-3.356934,6.347656,9.948730
3332,-0.024414,-0.158447,0.970215,-4.028320,6.347656,10.314941
3341,-0.019653,0.088257,1.128906,-3.967285,6.530762,10.437012
3351,-0.018677,-0.226318,1.046387,-3.234863,6.530762,10.681152
3361,-0.055542,-0.281738,0.921631,-2.746582,6.469727,10.681152
3370,0.034424,-0.051025,1.042480,-2.502441,6.652832,10.253906
3381,0.020752,-0.447754,0.949341,-2.197266,6.103516,9.460449
3390,0.012207,-0.352783,0.909912,-2.685547,5.798340,7.995605
3402,0.070068,0.005249,1.050171,-2.990723,4.272461,4.089355
3412,0.103271,-0.223633,0.923828,-3.356934,3.479004,1.892090
3422,0.180786,-0.068970,0.985229,-3.906250,2.441406,0.122070
3431,0.189453,-0.148315,1.032837,-4.394531,1.708984,-1.220703
3441,0.174683,0.032837,1.111694,-4.333496,0.915527,-2.197266
3450,0.201050,-0.004883,1.207031,-3.234863,0.854492,-2.197266
3461,0.151245,-0.188599,1.021851,-2.258301,0.488281,-2.136230
3470,0.176147,-0.125244,0.954590,-1.831055,-0.122070,-2.197266
3482,0.175781,-0.202515,0.994629,-1.464844,-0.732422,0.061035
3492,0.155273,-0.135864,0.883423,-1.586914,-1.098633,1.098633
3501,0.136230,0.064331,1.004639,-1.831055,-1.098633,2.624512
3511,0.080078,-0.204712,0.955444,-1.770020,-1.098633,4.150391
3521,0.037354,-0.223145,0.866943,-2.014160,-0.976562,4.577637
3531,-0.031372,0.186646,1.035034,-2.624512,-1.098633,4.821777
3541,-0.052490,0.003540,1.005005,-2.624512,-1.281738,4.760742
3552,-0.166504,0.052246,0.948730,-1.892090,-0.732422,4.455566
3562,-0.134155,-0.218750,0.868774,-1.647949,-0.488281,4.577637
3571,-0.140381,-0.190430,0.837646,-2.319336,0.549316,5.249023
3581,-0.093506,-0.156860,0.763794,-2.868652,1.098633,6.103516
3591,-0.078735,-0.170898,0.786743,-4.089355,1.586914,7.019043
3601,-0.023682,-0.029297,0.822266,-5.310059,1.892090,8.056641
3611,-0.039795,-0.051758,0.894775,-6.347656,2.136230,8.483887
3622,0.042236,0.072388,1.109375,-5.920410,1.831055,9.033203
3632,0.061646,-0.080444,1.137817,-4.943848,1.281738,9.521484
3641,0.014038,-0.172729,1.068237,-3.601074,1.159668,10.131836
3651,0.050171,-0.033203,1.129150,-2.380371,1.281738,10.620117
3661,0.094482,-0.095947,1.120850,-2.197266,1.159668,11.047363
3671,0.072388,-0.263794,0.982666,-2.441406,0.671387,10.864258
3682,0.103882,-0.016113,1.047119,-2.502441,-0.488281,11.108398
3692,0.097534,-0.246948,0.958008,-2.258301,-1.220703,10.803223
3701,0.068604,-0.192627,0.939331,-2.502441,-1.953125,10.437012
3711,0.056152,0.093994,1.084717,-2.685547,-2.136230,10.437012
3721,0.081787,-0.214355,1.026123,-2.563477,-2.441406,10.498047
3731,0.016968,-0.252075,0.912109,-2.868652,-2.746582,10.070801
3740,0.023437,0.002075,1.079956,-3.173828,-3.234863,9.765625
3752,-0.034058,-0.155396,1.070801,-3.479004,-4.150391,7.690430
3762,-0.017944,-0.105591,1.036377,-3.601074,-4.455566,6.530762
3771,0.011597,-0.173096,0.993896,-3.295898,-4.943848,5.371094
3782,-0.008545,-0.255005,0.896484,-3.356934,-4.882812,4.455566
3792,0.037598,0.035034,1.067017,-3.540039,-5.126953,4.272461
3802,0.089233,-0.018921,1.110352,-3.356934,-4.577637,4.760742
3811,0.033936,-0.291504,0.971802,-3.112793,-4.577637,5.310059
3821,0.044922,-0.166382,1.028809,-3.051758,-4.577637,5.859375
3831,0.008301,0.057983,1.084595,-1.831055,-4.699707,6.225586
3841,-0.108276,-0.465454,0.864624,-1.525879,-4.638672,6.225586
3851,-0.095337,-0.064331,0.944092,-1.708984,-4.516602,6.103516
3860,-0.071655,0.049805,1.049316,-1.770020,-3.601074,6.469727
3871,-0.108887,-0.287720,0.809814,-1.586914,-3.540039,6.591797
3881,-0.077881,-0.144287,0.826172,-1.464844,-3.417969,6.469727
3891,-0.046997,-0.074463,0.898437,-0.732422,-3.051758,6.286621
3900,-0.026855,-0.323975,0.819336,-1.220703,-3.662109,5.371094
3912,-0.036743,0.106812,1.451660,-0.854492,-3.845215,4.455566
3921,-0.077026,0.283569,1.699097,1.159668,-3.601074,3.662109
3931,-0.086548,0.122437,1.660156,4.638672,-3.784180,3.173828
3940,-0.077881,-0.262817,1.256714,8.666992,-3.662109,2.563477
3951,-0.111816,-0.408691,0.995239,10.009766,-2.563477,2.380371
3961,-0.138550,-0.329956,0.936890,9.704590,-0.915527,3.356934
3970,-0.186890,-0.421509,0.718994,7.446289,0.244141,4.516602
3982,-0.115234,-0.091064,0.680298,5.187988,0.732422,3.906250
3991,-0.010864,-0.102783,0.814941,3.051758,0.305176,2.807617
4001,0.045410,-0.127441,1.026367,1.586914,0.061035,1.098633
4011,0.123291,-0.015259,1.234985,0.854492,-0.915527,-0.488281
4021,0.084961,0.029663,1.245361,0.915527,-1.892090,-1.953125
4032,0.063110,-0.068237,1.174805,2.380371,-1.770020,-2.563477
4042,0.093384,-0.111328,1.029053,3.051758,-1.586914,-2.136230
4051,0.046753,0.015015,1.055664,3.356934,-1.464844,-1.403809
4061,0.084229,0.090576,1.050537,3.417969,-1.098633,-0.976562
4071,0.015381,0.065674,1.077393,3.540039,-0.854492,-0.854492
4081,0.088013,-0.037231,1.098389,3.662109,-1.464844,-1.464844
4091,0.042969,-0.133789,1.086670,4.333496,-1.770020,-2.624512
4101,0.055054,-0.166992,1.008057,4.882812,-2.624512,-4.577637
4112,0.064331,-0.085693,0.941895,5.187988,-2.868652,-5.004883
4122,0.046875,-0.291138,0.768433,4.699707,-2.746582,-5.004883
4131,-0.015137,-0.384033,0.669434,3.784180,-2.685547,-4.943848
4141,0.010986,-0.196777,0.672241,2.319336,-2.624512,-4.577637
4151,0.018188,-0.033447,0.797607,1.342773,-2.014160,-3.845215
4161,0.028931,-0.047119,0.962402,1.647949,-1.647949,-4.333496
4170,-0.010376,-0.063354,0.899902,2.136230,-1.586914,-5.798340
4182,-0.021362,-0.289185,0.891846,2.807617,-1.220703,-8.728027
4192,0.030151,-0.305298,0.872314,1.708984,-1.403809,-10.131836
4201,0.002441,-0.379150,0.853882,0.671387,-1.647949,-10.864258
4211,0.016235,-0.335083,0.929565,-1.525879,-1.770020,-10.986328
4221,-0.063965,0.061279,1.143799,-4.821777,-1.281738,-10.375977
4231,-0.084839,0.235107,1.300903,-7.080078,-0.244141,-9.826660
4240,-0.112915,0.217285,1.244873,-6.713867,1.220703,-9.887695
4252,0.005981,-0.035522,0.854980,-5.065918,2.136230,-9.826660
4261,0.024292,-0.282715,0.738159,-3.417969,2.746582,-9.155273
4271,0.046143,-0.032715,0.882690,-3.723145,2.624512,-7.995605
4280,0.112671,-0.026855,1.130249,-3.356934,3.173828,-6.408691
4291,0.058105,-0.259277,1.108765,-3.173828,3.112793,-5.065918
4300,0.000610,-0.223022,0.926636,-3.356934,3.173828,-5.310059
4312,-0.032471,-0.119019,0.966675,-4.211426,4.333496,-5.371094
4321,-0.006836,-0.301392,0.849976,-5.859375,5.432129,-5.126953
4332,0.009033,-0.110107,0.943115,-7.324219,5.554199,-4.821777
4342,-0.017578,0.054687,1.098511,-7.568359,5.676270,-4.089355
4351,-0.046997,-0.122437,1.084961,-6.469727,5.676270,-3.601074
4361,-0.020020,-0.302124,0.872070,-5.798340,5.798340,-3.173828
4371,-0.001465,-0.247192,0.873901,-6.225586,6.164551,-2.075195
4381,0.041016,-0.017700,0.981812,-6.958008,6.774902,2.258301
4392,0.065918,0.034912,1.164429,-7.507324,7.080078,4.638672
4402,0.050171,-0.189087,1.099487,-5.920410,7.080078,6.774902
4411,-0.006104,-0.118286,1.025879,-4.882812,6.958008,8.239746
4421,-0.001343,-0.078735,0.954468,-4.516602,7.141113,9.155273
4431,0.011230,-0.143188,0.898315,-4.150391,7.629395,10.131836
4441,-0.022217,-0.359131,0.914795,-3.723145,7.385254,10.742188
4451,-0.029541,-0.180786,0.897705,-3.051758,6.408691,11.657715
4461,0.038330,-0.107178,0.923218,-2.807617,6.225586,12.207031
4471,0.072510,-0.096802,0.960449,-3.601074,5.798340,12.268066
4481,0.046875,-0.002197,1.022095,-3.234863,5.676270,12.756348
4491,0.012207,0.018799,1.044800,-2.502441,5.554199,13.244629
4501,0.008423,-0.091919,1.052979,-1.708984,4.760742,13.366699
4512,-0.000244,-0.104614,1.066040,-1.586914,4.821777,13.488770
4521,0.017456,-0.063599,1.016724,-1.647949,3.662109,13.000488
4531,0.025879,-0.043579,0.949341,-1.586914,3.601074,13.183594
4542,-0.005981,-0.075317,0.845581,-1.708984,3.356934,13.000488
4551,-0.020386,-0.091431,0.944092,-2.441406,3.417969,12.512207
4561,-0.025391,0.087280,1.142944,-2.685547,3.479004,12.512207
4571,-0.028442,0.146118,1.209595,-1.647949,3.356934,12.268066
4581,-0.020508,0.023560,1.168701,-0.183105,3.356934,12.207031
4591,-0.013062,-0.136353,1.069580,1.098633,3.356934,12.756348
4602,0.151367,-0.232544,1.060913,2.746582,2.441406,12.817383
4612,0.110474,-0.134766,1.035767,2.685547,2.136230,12.939453
4621,0.121948,-0.101685,0.973633,2.563477,1.342773,12.634277
4631,0.106934,-0.310791,0.893555,2.502441,0.793457,11.962891
4641,0.123901,-0.399170,0.821899,1.220703,-0.061035,11.047363
4651,0.084595,-0.163086,0.919434,-0.427246,-0.976562,10.070801
4663,0.072754,0.026855,1.136597,-1.037598,-2.990723,9.460449
4673,0.111206,0.043457,1.089844,-0.854492,-3.479004,8.972168
4682,0.085083,-0.134888,1.153931,-0.488281,-3.295898,9.094238
4691,0.105225,-0.196167,1.060303,-0.183105,-3.417969,8.972168
4701,0.043701,-0.241211,0.940186,-0.122070,-3.479004,8.850098
4711,0.038574,-0.080200,0.821289,-0.305176,-3.906250,7.934570
4721,0.019531,-0.252808,0.737305,-0.915527,-4.272461,7.385254
4733,0.005249,0.017334,0.854736,-2.807617,-4.577637,6.103516
4743,-0.050659,0.004028,0.987549,-2.624512,-4.699707,5.859375
4753,-0.008057,-0.177856,0.957397,-2.136230,-4.699707,5.432129
4762,-0.059814,-0.362549,0.809448,-1.525879,-4.821777,5.004883
4772,-0.010742,-0.356201,0.781128,-2.319336,-4.394531,4.699707
4782,0.026733,-0.239624,0.847290,-3.601074,-4.516602,4.455566
4791,0.034790,0.007690,1.013916,-5.065918,-4.699707,4.089355
4801,0.008057,0.034180,1.051025,-5.004883,-5.187988,3.540039
4813,0.064819,-0.197266,1.011963,-3.601074,-5.065918,3.784180
4822,0.060669,-0.113403,0.993286,-3.662109,-5.126953,4.150391
4832,0.015259,-0.119141,1.052246,-3.234863,-4.394531,5.004883
4841,-0.021851,-0.049683,1.133545,-2.624512,-4.699707,5.676270
4851,-0.010376,-0.139771,1.181030,-1.037598,-4.394531,6.103516
4861,-0.031860,-0.191772,1.121338,-0.061035,-4.211426,5.920410
4872,-0.048096,-0.337158,1.058105,-0.915527,-4.211426,4.760742
4882,-0.111694,-0.187866,0.934326,-1.770020,-4.089355,4.333496
4891,-0.154175,-0.229858,0.858643,-2.807617,-4.150391,3.295898
4901,-0.094116,-0.248413,0.926514,-2.990723,-3.723145,3.479004
4912,-0.047852,-0.012207,1.034302,-3.051758,-3.417969,3.295898
4921,-0.027954,0.167847,1.291992,-3.234863,-3.051758,3.479004
4931,-0.067261,0.135254,1.370483,-2.563477,-2.563477,4.028320
4944,-0.040161,-0.092407,1.238770,0.854492,-2.563477,3.540039
4953,-0.051514,-0.319214,0.874756,2.746582,-3.112793,1.892090
4963,-0.066406,-0.282104,0.803589,2.258301,-2.929688,1.159668
4973,0.012207,-0.294678,0.695312,0.549316,-2.319336,0.732422
4982,-0.026733,-0.097656,0.673584,-1.770020,-2.014160,0.732422
4992,0.052002,0.176147,0.782104,-4.028320,-2.319336,0.610352
5002,0.059204,0.063232,0.872070,-4.821777,-2.319336,0.976562
5011,0.026489,-0.111084,0.785278,-4.028320,-3.173828,0.366211
5021,0.028809,-0.071899,0.827881,-4.028320,-2.868652,0.305176
5031,0.012573,0.145020,1.128662,-3.906250,-2.685547,-0.244141
5042,-0.004150,0.164673,1.157349,-2.685547,-2.746582,-0.183105
5051,-0.003540,-0.060059,1.022217,0.061035,-2.685547,-0.671387
5061,-0.047485,-0.300903,0.908081,2.441406,-2.624512,-1.037598
5072,-0.004639,-0.303833,1.004639,3.051758,-2.441406,-1.831055
5081,-0.011230,-0.154785,1.107666,3.540039,-2.380371,-3.234863
5091,-0.017944,-0.170532,0.979736,3.479004,-2.502441,-4.150391
5102,-0.058594,-0.297607,0.835815,2.990723,-1.770020,-4.211426
5112,-0.000122,-0.183105,0.989624,2.014160,-1.403809,-4.150391
5121,-0.071411,-0.060181,1.079590,1.281738,-0.793457,-4.089355
5131,-0.015503,-0.191162,0.867676,1.037598,-0.610352,-4.089355
5141,0.044678,-0.108521,0.881836,0.000000,-0.244141,-3.601074
5153,0.062500,-0.423828,0.406738,-2.929688,-0.183105,-3.295898
5163,0.155396,0.132812,0.785645,-6.958008,0.061035,-2.441406
5173,0.082153,0.436890,1.154053,-8.605957,0.793457,-1.403809
5182,-0.056274,0.363770,1.536011,-7.934570,0.488281,-1.770020
5192,0.007080,-0.171875,1.244263,-4.577637,0.488281,-2.319336
5201,0.045654,-0.517822,1.115845,-3.295898,0.061035,-4.333496
5211,-0.011108,-0.313965,1.002930,-5.554199,-0.793457,-5.920410
5224,0.074219,0.178711,1.026245,-9.399414,0.488281,-3.845215
5233,0.048462,-0.095337,0.949097,-8.972168,1.281738,-2.014160
5243,-0.060059,-0.038086,0.945190,-7.995605,1.464844,-1.464844
5252,-0.047852,0.075073,1.135620,-7.080078,1.464844,-1.342773
5262,-0.007935,0.051758,1.209595,-5.981445,1.647949,-1.708984
5272,-0.017822,-0.201416,1.105469,-4.577637,1.831055,-1.831055
5281,0.048096,-0.136597,1.034302,-2.929688,2.319336,-2.014160
5291,0.056885,-0.190552,1.003540,-1.281738,1.586914,-5.004883
5302,0.035889,-0.302002,0.886475,-0.183105,0.183105,-5.676270
5312,0.141602,-0.228516,0.882446,-0.793457,0.183105,-6.530762
5321,0.094604,-0.177979,0.933960,-1.525879,0.610352,-7.019043
5331,0.041992,-0.203735,1.015625,-1.708984,0.366211,-6.469727
5342,-0.056763,-0.100586,1.047363,-1.464844,0.976562,-6.103516
5351,-0.010620,-0.244751,0.971558,-1.159668,1.586914,-6.652832
5361,-0.045410,-0.286987,0.967041,-1.098633,2.197266,-6.652832
5373,0.022339,-0.011353,1.160645,-1.586914,2.685547,-8.911133
5382,-0.032349,-0.087280,1.106689,-0.305176,2.624512,-9.582520
5392,-0.011597,-0.149170,1.011719,0.793457,2.563477,-10.070801
5402,0.014893,-0.036133,0.955078,0.610352,2.807617,-9.704590
5411,0.017700,0.001709,0.993164,0.244141,2.868652,-8.789063
5422,-0.064087,0.073364,1.038696,0.427246,3.601074,-7.385254
5431,-0.003296,0.034912,0.895264,1.892090,6.408691,-3.601074
5443,0.045898,-0.330688,0.717163,5.310059,6.774902,-1.892090
5452,0.189087,-0.418335,0.734253,4.089355,6.042480,0.244141
5461,-0.062134,-0.293701,0.769165,2.319336,5.615234,2.502441
5471,-0.122559,-0.022949,1.000732,0.610352,6.713867,5.371094
5481,-0.020264,-0.032837,1.072388,0.061035,8.789063,8.422852
5492,-0.094238,-0.014893,1.067993,0.366211,9.521484,10.559082
5501,-0.082275,-0.012939,1.125000,2.746582,10.437012,15.014648
5511,-0.183716,-0.115845,1.036133,3.234863,10.864258,16.784668
5522,-0.173950,-0.197998,1.064819,3.662109,11.230469,18.432617
5531,-0.148560,-0.252441,0.985840,4.150391,11.657715,19.287109
5542,-0.051392,-0.150024,0.952515,3.540039,11.474609,20.141602
5551,-0.008179,-0.019409,0.972046,2.502441,11.413574,20.996094
5561,0.113037,0.106934,1.025391,1.770020,11.962891,22.094727
5574,0.133057,0.123413,1.244263,2.563477,10.803223,24.658203
5583,0.047119,-0.026733,1.321289,3.051758,9.155273,24.475098
5592,-0.073486,-0.000854,1.217041,2.685547,7.385254,23.132324
5602,-0.077393,0.023804,1.135498,2.258301,5.920410,21.423340
5611,-0.033325,-0.031860,1.024414,2.258301,5.981445,20.446777
5622,-0.025757,-0.047607,0.967529,2.197266,5.859375,20.202637
5631,-0.105469,-0.075073,0.991699,1.708984,5.187988,20.141602
5644,-0.165283,0.032959,1.076294,-0.366211,5.554199,19.653320
5653,-0.155151,-0.000977,0.958008,-1.037598,6.164551,19.348145
5663,-0.151123,0.000854,0.839233,-1.586914,5.920410,18.371582
5672,-0.092163,0.028931,0.838745,-2.075195,5.920410,17.456055
5682,-0.014282,-0.245605,0.690552,-1.892090,5.493164,17.578125
5691,0.003906,-0.290283,0.650269,-2.807617,4.760742,17.272949
5701,0.043213,-0.097900,0.757935,-3.784180,4.150391,17.150879
5713,0.094604,0.069336,1.022339,-3.601074,4.150391,18.249512
5723,0.102783,-0.111938,1.042114,-2.502441,4.089355,18.249512
5732,0.067261,-0.192993,0.971436,-1.831055,3.845215,17.944336
5741,0.049438,-0.178589,1.025757,-2.075195,3.234863,17.272949
5751,0.050415,-0.137085,1.054688,-2.441406,2.624512,16.662598
5761,0.064453,-0.086304,1.039673,-2.563477,1.708984,16.479492
5772,0.055298,-0.084961,1.053833,-2.807617,0.854492,17.028809
5781,0.066162,-0.185303,0.946655,-3.479004,0.122070,18.249512
5793,0.146240,-0.154419,0.941772,-4.455566,-0.610352,18.798828
5802,0.139648,0.012207,0.996582,-4.577637,-1.220703,18.249512
5812,0.169189,0.076294,1.120117,-3.906250,-2.380371,16.906738
5821,0.105713,-0.028687,1.153564,-2.441406,-3.051758,14.892578
5832,0.111084,-0.173828,1.172119,-1.892090,-4.333496,12.390137
5841,0.072144,-0.277100,1.121460,-2.319336,-5.310059,9.765625
5851,0.100586,-0.209106,1.070801,-3.479004,-6.347656,5.981445
5863,0.103516,-0.043579,0.944946,-4.760742,-7.690430,4.943848
5872,0.072876,-0.011353,0.927246,-5.065918,-7.812500,4.577637
5881,0.122925,0.043091,1.016968,-5.065918,-7.629395,4.211426
5891,0.057861,0.006348,1.022827,-5.432129,-7.568359,3.967285
5901,0.088135,-0.001831,1.032104,-5.371094,-7.141113,3.173828
5911,0.024292,-0.037476,0.969360,-5.126953,-7.080078,2.807617
5923,0.068115,-0.059204,1.024048,-5.126953,-7.324219,1.464844
5933,0.055908,0.054932,1.033081,-5.310059,-7.568359,0.915527
5942,0.003784,0.051636,1.020142,-5.187988,-7.873535,0.183105
5952,0.017334,-0.219360,0.961304,-3.967285,-7.446289,-0.305176
5961,0.018311,-0.064087,0.867676,-3.356934,-6.835937,-1.098633
5971,-0.007690,0.047607,0.930786,-2.624512,-6.469727,-1.953125
5982,0.025757,0.018311,0.950439,-1.403809,-6.225586,-2.929688
5991,0.012939,-0.140991,1.005371,-0.122070,-6.347656,-5.798340
6001,0.037842,-0.302734,0.966431,-0.244141,-6.652832,-7.324219
6012,0.101563,-0.223022,0.909302,-0.671387,-6.713867,-8.972168
6021,0.099731,-0.102539,0.936523,-1.037598,-6.896973,-10.009766
6031,0.127197,-0.067261,1.008545,-0.732422,-6.713867,-10.559082
6042,0.148682,-0.101563,1.044556,-0.183105,-6.530762,-10.620117
6051,0.139160,-0.122192,1.019043,0.366211,-6.103516,-10.070801
6064,0.078247,-0.123535,1.004272,1.525879,-5.554199,-8.361816
6073,0.028076,-0.060181,0.994385,1.953125,-4.638672,-7.141113
6083,0.043701,-0.023804,1.077148,2.136230,-4.211426,-5.615234
6092,0.024536,-0.049438,1.054443,2.136230,-3.845215,-3.906250
6102,0.068604,-0.080444,1.072632,2.136230,-3.662109,-2.258301
6111,0.031128,-0.115845,1.081299,2.014160,-3.906250,-0.061035
6121,0.030396,-0.139404,0.974976,1.525879,-3.601074,2.319336
6133,0.051147,-0.307251,0.810059,0.915527,-2.990723,4.394531
6142,0.063721,-0.297607,0.790771,-1.281738,-3.051758,7.202148
6152,0.071045,-0.221191,0.806885,-2.746582,-3.295898,7.995605
6161,0.036011,-0.357422,0.809326,-4.394531,-3.051758,8.728027
6171,-0.165771,-0.672729,1.043701,-5.187988,-3.234863,9.033203
6182,-0.143555,-0.217407,1.066040,-11.230469,-2.685547,10.070801
6191,-0.013062,-0.734009,-0.064697,-14.648438,-0.854492,11.779785
6201,-0.197876,-0.208984,0.202515,-17.944336,-0.549316,13.000488
6213,-0.275146,0.242065,0.066528,-26.672363,-2.563477,10.803223
6223,-0.225952,0.793945,0.041016,-29.785156,-3.662109,6.958008
6232,-0.158203,0.982666,0.509521,-30.090332,-2.441406,4.455566
6242,-0.188354,0.661987,1.068970,-28.198242,-3.417969,0.671387
6252,-0.196289,0.214722,1.167236,-29.724121,-4.455566,-3.417969
6261,-0.152710,0.611816,0.981812,-35.156250,-3.356934,-5.798340
6271,0.002686,1.385254,1.174316,-38.757324,14.770508,-1.037598
6282,0.072998,0.865845,1.076904,-27.709961,3.051758,3.173828
6292,0.108154,0.609741,2.048462,-22.338867,2.868652,6.591797
6301,0.154175,0.797852,2.946655,-21.545410,2.136230,9.521484
6311,-0.070801,0.541382,1.792114,-19.592285,1.770020,12.207031
6321,0.128052,0.765015,0.911499,-13.366699,3.479004,15.258789
6331,0.357056,0.579468,0.906860,-3.662109,4.577637,18.249512
6343,0.060547,-0.427368,1.885620,11.596680,-2.807617,16.235352
6353,-0.011108,-0.666870,0.676147,10.437012,-4.760742,13.305664
6363,0.173950,0.244385,0.066895,3.479004,-3.845215,11.291504
6372,0.062622,1.125977,0.455566,-2.258301,-2.868652,10.803223
6382,-0.319580,0.935547,1.058960,-5.493164,-3.356934,9.460449
6391,-0.369263,0.651123,1.426147,-6.774902,-2.563477,6.530762
6401,-0.075073,0.682617,0.794556,-7.446289,-0.915527,4.150391
6413,0.258301,0.999634,0.980103,-5.493164,-0.427246,2.502441
6423,0.070312,0.662842,1.829834,-3.479004,-4.333496,0.183105
6432,0.021729,0.415405,1.656006,-5.432129,-7.812500,-3.417969
6442,0.226562,0.372192,0.653809,-6.652832,-8.483887,-4.882812
6451,0.421265,1.184692,0.564697,-7.629395,-6.286621,-3.295898
6462,0.277954,1.129883,1.380737,-5.371094,-4.577637,0.000000
6471,0.020264,0.139771,1.572021,-1.464844,-5.798340,1.281738
6484,0.283936,0.402466,0.598389,-4.028320,-7.690430,-1.953125
6493,0.219238,1.085938,0.698730,-5.615234,-8.361816,-2.197266
6502,-0.123291,0.918213,1.232666,-4.272461,-8.850098,-1.098633
6512,-0.334473,0.010742,1.039673,-1.342773,-8.666992,-1.403809
6522,-0.146729,0.114868,0.621216,-1.831055,-7.690430,-2.868652
6532,-0.008057,0.992798,0.845093,-5.676270,-5.249023,-3.295898
6541,-0.177979,1.162231,0.926758,-7.141113,-4.455566,-2.685547
6554,-0.256226,0.168945,0.959351,-1.159668,-2.624512,-3.356934
6563,-0.092285,0.612061,1.162476,-3.417969,-2.624512,-5.676270
6573,-0.019531,1.145386,1.153687,-7.385254,-3.234863,-5.737305
6583,-0.124634,1.000244,0.904663,-6.469727,-1.831055,-3.173828
6593,-0.033325,0.521484,0.777954,-2.563477,0.122070,-0.488281
6602,0.108643,0.383179,1.017456,-0.427246,0.549316,0.061035
6612,0.188110,0.751953,1.237549,-2.990723,0.061035,-0.305176
6621,0.091797,1.078491,1.155273,-6.347656,-1.037598,-1.098633
6633,0.120117,0.809326,0.715332,-2.319336,-1.403809,-1.953125
6643,0.188477,0.683350,1.098633,-0.915527,-1.953125,-3.540039
6652,0.157715,0.728394,1.351563,-2.136230,-2.990723,-4.638672
6662,0.029053,0.707764,1.127441,-4.089355,-3.601074,-4.638672
6671,0.097168,0.805664,0.813721,-4.882812,-3.051758,-3.845215
6682,0.091309,0.905884,0.809692,-3.417969,-2.624512,-2.746582
6691,0.007446,0.959595,1.115723,-1.525879,-3.051758,-2.380371
6701,-0.096558,0.636353,0.891357,-3.173828,-3.295898,-3.845215
6712,0.021606,0.820923,0.739380,-5.065918,-3.356934,-5.493164
6721,-0.008911,0.896240,0.713745,-6.042480,-2.746582,-5.126953
6732,-0.046021,0.851196,1.006836,-5.859375,-1.708984,-3.967285
6742,-0.122314,0.572876,1.205200,-5.371094,-1.037598,-3.051758
6751,-0.137939,0.450684,1.186768,-5.493164,-0.671387,-2.868652
6761,-0.174316,0.710205,1.153320,-6.652832,0.915527,-3.784180
6773,-0.289429,0.972168,0.982666,-4.333496,1.892090,-4.333496
6782,-0.250000,0.885620,0.872803,-2.258301,2.563477,-4.943848
6792,-0.138916,0.852905,0.775146,-2.319336,3.173828,-5.004883
6801,-0.101074,0.855347,0.731079,-3.845215,3.906250,-2.990723
6811,-0.082764,0.863037,0.782349,-5.798340,5.859375,0.122070
6822,-0.101318,0.641724,0.879272,-5.981445,7.873535,3.356934
6831,-0.078735,0.549561,1.084106,-4.455566,8.911133,6.896973
6843,-0.008545,0.490356,1.316284,-2.197266,8.850098,6.896973
6852,0.168457,0.472900,1.093628,0.427246,8.544922,5.737305
6862,0.146606,0.698608,0.591064,3.051758,7.934570,5.981445
6871,0.278809,0.515381,0.821289,4.699707,7.751465,7.690430
6881,0.462524,0.730713,0.904907,4.516602,8.178711,11.535645
6891,0.249268,0.511353,0.977905,8.361816,8.300781,16.113281
6903,0.191772,0.235962,0.812256,17.395020,6.591797,14.709473
6913,0.218628,0.216675,1.078979,20.019531,4.150391,10.803223
6922,0.027466,0.191528,1.063721,24.047852,1.220703,3.845215
6931,-0.052612,0.219360,0.911987,27.893066,0.000000,-2.685547
6942,-0.005981,-0.611938,0.840332,32.226562,-0.671387,-7.324219
6952,0.343018,-1.994873,1.371338,32.165527,-1.708984,-10.620117
6961,0.105713,-2.274170,2.239380,17.395020,-3.112793,-12.268066
6973,-0.087402,-0.404541,1.013306,-1.281738,-3.295898,-6.469727
6983,-0.200684,0.033447,0.248535,0.122070,1.464844,-3.906250
6992,-0.043213,0.212280,0.840332,6.103516,2.990723,-3.417969
7001,-0.431274,0.935181,0.603638,7.873535,3.295898,-2.441406
7011,-0.537476,-0.498413,0.539795,11.047363,3.295898,-3.540039
7022,-0.377441,-0.148804,0.866821,6.042480,2.075195,-7.507324
7031,-0.180176,0.009277,1.202759,3.112793,-0.244141,-11.413574
7044,0.211182,0.210327,1.111572,1.953125,-1.342773,-12.451172
7053,0.375488,-0.190796,1.041870,5.859375,2.441406,-3.295898
7063,0.595581,-0.482300,1.209106,9.094238,5.676270,4.882812
7072,0.562744,-0.333740,1.228882,6.164551,6.591797,11.108398
7082,0.349487,-0.132812,1.180908,3.356934,5.187988,14.892578
7091,0.329834,0.231689,1.069336,2.014160,3.479004,15.747070
7102,0.249878,0.414795,1.007568,2.319336,2.563477,16.174316
7113,0.014282,0.124146,1.292847,4.333496,-14.648438,11.901855
7122,-0.123047,0.090942,1.381104,6.225586,-2.990723,9.399414
7132,-0.151367,0.003906,1.316162,7.019043,-3.662109,7.202148
7141,-0.032959,0.070068,1.232666,7.507324,-2.807617,6.042480
7151,0.005493,0.052490,1.134521,8.605957,-1.892090,5.615234
7161,0.005249,-0.099609,1.050171,10.070801,-1.464844,5.187988
7171,-0.025635,-0.136230,0.965332,10.620117,-1.220703,4.699707
7183,-0.090088,-0.120728,0.835327,10.070801,-0.122070,4.821777
7192,-0.047241,-0.124634,0.754639,8.789063,2.136230,2.807617
7202,-0.014160,-0.180420,0.729614,8.605957,1.708984,1.037598
7211,-0.005615,-0.286987,0.730713,8.361816,0.854492,-0.854492
7221,0.017700,-0.331543,0.772583,7.690430,-0.854492,-2.563477
7232,0.022949,-0.384155,0.774536,6.713867,-1.159668,-3.173828
7242,0.060303,-0.366821,0.762451,5.615234,-1.342773,-3.112793
7251,0.061279,-0.366943,0.743042,3.112793,-0.610352,-1.403809
7263,0.045654,-0.323975,0.720703,2.319336,0.366211,0.427246
7272,0.042114,-0.317383,0.771606,2.014160,0.976562,2.136230
7281,0.038940,-0.293579,0.807617,1.342773,1.220703,3.356934
7291,0.034180,-0.248413,0.848877,0.305176,0.427246,3.845215
7301,0.020874,-0.120483,0.894653,-0.793457,0.366211,4.150391
7311,0.021606,-0.010254,0.925293,-1.708984,-0.183105,4.272461
7323,0.049927,0.006348,0.970947,-1.525879,-0.549316,5.126953
7333,0.063843,0.141357,0.986938,-1.220703,-0.427246,5.676270
7342,0.101685,0.218140,1.064697,-1.159668,-0.122070,6.774902
7352,0.101074,0.106201,1.029297,-0.915527,0.122070,7.568359
7361,0.127319,-0.010620,0.935913,-0.427246,0.427246,8.300781
7372,0.115234,0.051880,0.927490,0.122070,0.061035,8.850098
7381,0.120728,0.138184,0.993164,0.061035,-0.183105,8.850098
7391,0.110840,0.082520,0.989258,0.122070,-1.403809,8.178711
7402,0.071533,-0.116211,1.112915,0.305176,-1.586914,7.385254
7412,0.045288,-0.141479,1.128906,0.183105,-1.342773,6.591797
7421,-0.010864,-0.179565,1.125244,0.305176,-0.976562,5.798340
7431,-0.024048,-0.217651,1.101563,0.549316,-0.793457,4.272461
7442,-0.031250,-0.229248,1.089844,0.915527,-1.159668,2.868652
7451,-0.028931,-0.238525,1.148071,0.976562,-1.403809,1.464844
7461,0.001343,-0.347656,1.116455,1.220703,-2.258301,-0.183105
7473,-0.028564,-0.265869,0.953979,1.037598,-2.319336,-0.610352
7482,-0.034546,-0.235352,0.900513,0.732422,-2.319336,-0.915527
7492,-0.026001,-0.185669,0.873047,0.122070,-2.258301,-0.854492
7502,-0.009155,-0.122559,0.874023,-0.488281,-1.403809,-0.366211
7512,-0.003540,-0.075928,0.878662,-1.098633,-1.281738,-0.061035
7522,0.023315,-0.095825,0.912720,-1.159668,-0.976562,0.000000
7531,0.036743,-0.122192,0.945435,-1.281738,-1.403809,-0.244141
7542,0.044189,-0.152832,0.998657,-1.403809,-1.770020,-0.549316
7552,0.041260,-0.151245,0.993286,-1.281738,-1.281738,-0.610352
7562,0.030884,-0.129639,0.984375,-1.647949,-1.464844,-0.549316
7571,0.025391,-0.118042,0.984863,-1.586914,-1.586914,-0.305176
7581,0.018677,-0.111206,0.988525,-1.403809,-1.342773,-0.427246
7592,0.020020,-0.105713,0.987183,-1.647949,-1.525879,-0.610352
7601,0.028564,-0.096191,0.993652,-1.892090,-1.831055,-0.610352
7611,0.042480,-0.082153,0.998169,-1.953125,-1.525879,-0.366211
7622,0.050659,-0.083130,0.992920,-1.831055,-1.586914,-0.183105
7631,0.046143,-0.076538,0.996216,-1.770020,-1.281738,-0.122070
7642,0.038452,-0.066406,1.000366,-1.708984,-1.586914,0.366211
7651,0.025879,-0.066528,1.011353,-1.647949,-1.647949,0.366211
7662,0.006714,-0.064575,1.013794,-1.770020,-2.014160,0.305176
7671,-0.000610,-0.077515,1.018921,-1.464844,-2.197266,0.671387
7683,0.002197,-0.097534,1.000000,-1.464844,-2.014160,1.403809
7692,0.002075,-0.088989,0.983765,-1.281738,-1.892090,2.136230
7702,0.009155,-0.087402,0.963013,-1.708984,-1.708984,3.234863
7711,0.015991,-0.099365,0.964478,-1.708984,-0.732422,4.577637
7722,0.015015,-0.111816,0.966431,-1.892090,-0.488281,5.493164
7731,0.006592,-0.119141,0.986572,-1.892090,-0.549316,5.920410
7741,0.000244,-0.110596,0.999756,-2.136230,-0.976562,6.286621
7753,0.016846,-0.099731,0.995605,-2.075195,-0.915527,6.469727
7762,0.027222,-0.093384,0.987549,-2.197266,-0.915527,6.469727
7772,0.022949,-0.082275,0.984009,-2.136230,-1.098633,6.225586
7782,0.016724,-0.074219,0.989380,-2.258301,-0.915527,6.042480
7791,0.008179,-0.072754,0.994873,-2.075195,-0.732422,5.737305
7801,-0.005493,-0.091675,0.998413,-2.014160,-0.671387,5.249023
7811,-0.020264,-0.098755,0.992310,-1.953125,-0.427246,3.723145
7823,-0.022827,-0.083130,0.994507,-1.831055,-0.549316,2.807617
7833,-0.009033,-0.073486,0.984741,-1.770020,-0.671387,1.953125
7843,0.006714,-0.056396,0.935059,-1.525879,-0.732422,1.281738
7852,0.030518,-0.031006,0.998535,-1.647949,-0.793457,0.610352
7862,0.039673,-0.022095,1.011719,-1.647949,-0.671387,0.366211
7871,0.058594,-0.077637,0.966553,-1.647949,-0.854492,0.732422
7883,0.046509,-0.065308,1.007935,-1.708984,-0.671387,1.098633
7893,0.033447,-0.093628,0.976196,-1.770020,-1.098633,1.403809
7902,0.015747,-0.040161,1.007568,-1.647949,-1.159668,1.708984
7912,0.011597,-0.018799,1.049683,-1.464844,-1.159668,1.770020
7921,0.015137,-0.089233,1.050903,-1.403809,-1.098633,1.831055
7932,0.002686,-0.176636,0.995850,-1.342773,-1.037598,1.953125
7941,-0.006958,-0.115234,0.989136,-1.098633,-0.854492,2.197266
7953,-0.015137,-0.105591,0.999512,-0.976562,-0.671387,2.807617
7962,-0.002197,-0.110962,0.978516,-1.220703,-0.549316,2.685547
7972,-0.010742,-0.077148,0.985229,-1.342773,-0.427246,1.953125
7982,-0.000854,-0.056030,0.986206,-1.281738,-0.610352,1.525879
7991,0.000244,-0.083130,0.990967,-1.464844,-0.854492,1.220703
8002,-0.007446,-0.115234,0.981079,-1.586914,-0.854492,1.220703
8011,-0.006104,-0.058594,0.984375,-1.586914,-0.671387,1.281738
8023,0.004395,-0.102783,1.015991,-1.464844,-0.183105,2.014160
8033,0.029907,-0.123291,0.983887,-1.098633,-0.061035,2.502441
8042,0.040039,-0.141602,1.016968,-1.159668,-0.122070,2.563477
8052,0.039185,-0.104614,1.000732,-1.159668,-0.183105,2.502441
8061,0.036377,-0.123169,1.005615,-1.281738,-0.305176,2.319336
8071,0.024414,-0.133789,0.978516,-1.464844,-0.244141,2.319336
8081,0.019897,-0.125366,0.972656,-1.281738,-0.122070,2.380371
8091,0.010498,-0.105225,0.979858,-1.403809,-0.549316,2.075195
8103,-0.000732,-0.070068,0.981934,-1.647949,-0.061035,2.014160
8112,0.008423,-0.075439,0.997070,-1.770020,-0.305176,1.770020
8122,0.015015,-0.078857,1.006714,-1.586914,-0.488281,1.892090
8131,0.013794,-0.089600,1.008911,-1.647949,-0.488281,1.708984
8141,0.018311,-0.095825,1.002686,-1.525879,-0.793457,1.831055
8151,0.020752,-0.090454,1.007568,-1.342773,-0.610352,2.075195
8161,0.013794,-0.086426,0.997437,-1.403809,-0.488281,2.563477
8171,0.011719,-0.090088,0.993774,-1.342773,-0.549316,2.990723
8182,0.020508,-0.089600,0.994385,-1.403809,-0.671387,3.479004
8191,0.015015,-0.087769,1.000610,-1.403809,-0.549316,3.845215
8202,0.014648,-0.085083,1.009521,-1.647949,-0.183105,3.906250
8211,0.014893,-0.086426,1.004761,-1.525879,-0.122070,4.272461
8222,0.010376,-0.091309,1.003296,-1.403809,-0.305176,4.394531
8231,0.004761,-0.084595,0.997681,-1.403809,-0.366211,4.638672
8243,0.019653,-0.090210,0.986450,-1.159668,-0.122070,4.577637
8252,0.021729,-0.090820,0.984375,-1.281738,-0.305176,4.577637
8261,0.020020,-0.095581,0.990967,-1.464844,-0.732422,4.333496
8271,0.022339,-0.100952,0.990356,-1.281738,-0.305176,4.028320
8282,0.024902,-0.105713,0.995605,-1.342773,-0.244141,3.479004
8291,0.027832,-0.109741,0.997803,-1.342773,-0.244141,3.051758
8303,0.034058,-0.103027,0.992065,-1.464844,-0.549316,1.953125
8313,0.033936,-0.101929,0.991943,-1.770020,-0.732422,1.586914
8322,0.031128,-0.098999,0.989624,-1.586914,-0.854492,1.281738
8332,0.023804,-0.097046,0.991455,-1.586914,-1.281738,0.915527
8341,0.015137,-0.094727,0.989868,-1.403809,-0.976562,0.793457
8351,0.008545,-0.093384,0.986816,-1.464844,-0.732422,0.671387
8361,0.004150,-0.093506,0.986084,-1.525879,-0.732422,0.427246
8371,-0.000122,-0.096436,0.992187,-1.464844,-1.037598,0.000000
8383,0.015259,-0.098389,1.001465,-1.586914,-1.037598,-0.122070
8393,0.018433,-0.097046,0.999023,-1.647949,-1.342773,-0.183105
8402,0.020386,-0.092407,0.999878,-1.708984,-1.281738,-0.183105
8411,0.021484,-0.088379,1.001465,-1.586914,-1.342773,0.000000
8421,0.016235,-0.089111,1.000488,-1.708984,-1.281738,0.183105
8432,0.004517,-0.088867,0.999146,-1.586914,-1.159668,0.305176
8441,-0.006104,-0.085937,0.998657,-1.770020,-1.037598,0.122070
8451,-0.007202,-0.093872,0.990356,-1.708984,-0.976562,0.061035
8461,-0.007446,-0.092285,0.991455,-1.586914,-0.915527,0.122070
8471,-0.008789,-0.088135,0.993164,-1.586914,-0.793457,0.244141
8481,-0.010010,-0.083862,0.994263,-1.525879,-0.671387,0.427246
8491,-0.008545,-0.084839,0.992554,-1.770020,-0.915527,0.793457
8501,-0.009766,-0.083862,0.994019,-1.647949,-0.671387,1.098633
8511,-0.008301,-0.080322,0.998291,-1.525879,-0.366211,1.464844
8523,0.000366,-0.091187,0.996338,-1.342773,-0.427246,1.586914
8532,-0.002075,-0.094604,0.997681,-1.464844,-0.183105,1.403809
8542,-0.001099,-0.093018,0.998169,-1.647949,-0.305176,1.464844
8551,0.001465,-0.089966,0.996460,-1.586914,-0.427246,1.464844
8561,-0.000244,-0.085571,0.995728,-1.586914,-0.244141,1.342773
8571,0.000122,-0.085449,0.992187,-1.525879,-0.061035,1.525879
8584,0.004761,-0.088013,0.995972,-1.525879,0.183105,1.892090
8593,0.000122,-0.086548,1.001221,-1.586914,0.122070,1.892090
8603,-0.000854,-0.087036,1.001099,-1.708984,0.122070,2.075195
8613,-0.003906,-0.085205,1.000488,-1.525879,0.427246,2.197266
8622,-0.004028,-0.084595,0.996338,-1.403809,0.671387,2.319336
8632,0.004272,-0.085937,0.994629,-1.403809,0.549316,2.380371
8642,0.013306,-0.086792,0.992310,-1.647949,0.427246,2.319336
8651,0.014282,-0.086914,0.991821,-1.403809,0.061035,2.441406
8663,0.013184,-0.093628,1.000488,-1.403809,0.305176,2.441406
8672,0.004272,-0.097534,1.000488,-1.403809,0.366211,2.563477
8682,-0.004028,-0.094604,1.000122,-1.586914,0.305176,2.624512
8692,-0.007568,-0.089600,0.999268,-1.464844,0.549316,2.624512
8701,-0.000610,-0.086792,0.995239,-1.281738,0.793457,2.502441
8711,0.005493,-0.079956,0.992798,-1.281738,0.488281,2.502441
8723,0.010132,-0.080688,0.994507,-1.342773,0.183105,2.624512
8732,0.016235,-0.087769,0.992554,-1.342773,0.671387,2.807617
8742,0.017334,-0.094971,0.992432,-1.403809,0.793457,3.173828
8752,0.015869,-0.098633,0.998657,-1.403809,0.610352,3.356934
8761,0.019043,-0.096191,0.999878,-1.403809,0.610352,3.234863
8772,0.018799,-0.093506,0.998901,-1.647949,0.549316,3.295898
8781,0.018311,-0.088623,0.999023,-1.586914,0.488281,3.234863
8794,0.013184,-0.093506,0.996460,-1.281738,0.488281,3.234863
8808,0.015503,-0.095825,0.992065,-1.403809,0.549316,3.173828
8817,0.017700,-0.093994,0.991455,-1.403809,0.549316,3.173828
8826,0.025391,-0.096436,0.990601,-1.586914,0.366211,3.112793
8835,0.030640,-0.098633,0.991089,-1.525879,0.122070,2.868652
8845,0.027222,-0.097412,0.998657,-1.525879,0.061035,2.685547
8854,0.024170,-0.098267,1.000366,-1.525879,0.122070,2.197266
8864,0.019897,-0.094482,0.998779,-1.464844,0.061035,2.136230
8873,0.018433,-0.089478,0.997437,-1.525879,-0.183105,2.258301
8883,0.015869,-0.085571,0.995483,-1.586914,-0.061035,2.258301
8892,0.020996,-0.083496,0.993530,-1.464844,-0.122070,2.380371
8902,0.029541,-0.090210,0.993652,-1.403809,0.061035,2.197266
8911,0.033203,-0.096436,0.994995,-1.647949,-0.366211,1.953125
8921,0.031128,-0.098755,0.996094,-1.586914,-0.366211,1.770020
8933,0.029785,-0.093140,0.996826,-1.525879,-0.061035,1.586914
8942,0.022583,-0.087158,1.000488,-1.403809,-0.366211,1.464844
8952,0.011475,-0.083374,1.000488,-1.464844,-0.366211,1.708984
8961,0.002930,-0.083618,1.000488,-1.525879,-0.183105,1.831055
8971,0.004028,-0.088013,0.998535,-1.525879,-0.305176,1.953125
8982,0.006714,-0.090454,0.995361,-1.586914,-0.427246,2.136230
8991,0.007324,-0.092041,0.991333,-1.647949,-0.244141,2.075195
9001,0.008057,-0.090942,0.991089,-1.525879,-0.244141,1.953125
9012,0.009155,-0.096680,0.995972,-1.708984,0.000000,2.014160
9022,0.007446,-0.095825,0.995728,-1.708984,-0.244141,2.014160
9032,0.010620,-0.091919,0.990234,-1.647949,-0.244141,2.075195
9041,0.014771,-0.088989,0.988770,-1.586914,-0.305176,2.136230
9051,0.015259,-0.086060,0.990356,-1.464844,-0.488281,2.075195
9061,0.012329,-0.087646,0.995605,-1.464844,-0.305176,2.258301
9073,0.010254,-0.093750,1.000610,-1.770020,-0.244141,2.014160
9082,0.011719,-0.093384,0.999634,-1.770020,-0.244141,1.953125
9092,0.011475,-0.090942,0.995728,-1.525879,-0.671387,1.953125
9101,0.012695,-0.090454,0.993530,-1.647949,-0.427246,1.831055
9112,0.016602,-0.090942,0.993652,-1.770020,-0.244141,1.770020
9121,0.017822,-0.088989,0.994263,-1.403809,-0.122070,1.770020
9133,0.016724,-0.087158,0.997803,-1.281738,-0.183105,1.586914
9142,0.015747,-0.092651,0.997070,-1.281738,-0.244141,1.464844
9152,0.018188,-0.097412,0.999634,-1.586914,-0.305176,1.464844
9161,0.016113,-0.096802,0.996948,-1.464844,-0.671387,1.342773
9171,0.015015,-0.095337,0.992554,-1.586914,-0.610352,1.281738
9181,0.016113,-0.092529,0.994507,-1.647949,-0.549316,1.098633
9192,0.015259,-0.090210,0.998413,-1.464844,-0.488281,0.915527
9201,0.012939,-0.088867,1.000000,-1.464844,-0.732422,1.037598
9211,0.011353,-0.086304,1.000122,-1.586914,-0.244141,1.525879
9223,0.015015,-0.087402,0.998047,-1.586914,-0.488281,1.586914
9232,0.017090,-0.088257,0.998169,-1.586914,-0.671387,1.525879
9242,0.013550,-0.090088,0.999023,-1.708984,-0.671387,1.464844
9252,0.011963,-0.094116,1.000854,-1.525879,-0.610352,1.342773
9261,0.012939,-0.093262,1.000610,-1.647949,-0.854492,1.220703
9273,0.016357,-0.088745,1.000122,-1.464844,-0.793457,1.342773
9282,0.018677,-0.088379,0.991455,-1.464844,-0.732422,1.525879
9292,0.018066,-0.091187,0.992554,-1.525879,-0.488281,1.647949
9302,0.015381,-0.093018,0.994263,-1.525879,-0.610352,1.770020
9311,0.010132,-0.092285,0.995361,-1.586914,-0.854492,1.586914
9322,0.006714,-0.090942,0.994873,-1.464844,-0.854492,1.525879
9331,0.003662,-0.087402,0.994751,-1.403809,-0.854492,1.525879
9341,0.004883,-0.085083,0.994995,-1.525879,-0.793457,1.342773
9353,0.010986,-0.089722,0.996094,-1.281738,-0.488281,1.403809
9362,0.014404,-0.091797,0.995361,-1.403809,-0.793457,1.586914
9372,0.017334,-0.093750,0.994141,-1.403809,-0.305176,1.770020
9381,0.015259,-0.092529,0.995117,-1.464844,-0.732422,1.708984
9392,0.010132,-0.090454,0.997681,-1.647949,-0.915527,1.770020
9401,0.003174,-0.092407,0.997192,-1.525879,-0.610352,1.831055
9413,-0.002686,-0.093994,1.000488,-1.586914,-0.610352,1.831055
9423,-0.001953,-0.089111,1.000122,-1.403809,-0.305176,2.136230
9432,-0.001587,-0.083374,0.993164,-1.281738,-0.183105,2.502441
9441,-0.001831,-0.076416,0.989624,-1.464844,-0.305176,2.807617
9452,0.002686,-0.078735,0.988159,-1.525879,-0.427246,3.173828
9461,0.005005,-0.084351,0.995361,-1.464844,-0.061035,3.356934
9472,0.007935,-0.091553,1.000610,-1.464844,0.366211,3.662109
9481,0.012085,-0.097900,1.000610,-1.525879,0.183105,3.479004
9493,0.013062,-0.092163,1.000732,-1.464844,-0.122070,3.112793
9503,0.014282,-0.088989,1.000244,-1.403809,-0.244141,2.868652
9512,0.015137,-0.088257,0.997070,-1.525879,-0.305176,2.685547
9521,0.015137,-0.087036,0.994507,-1.464844,-0.488281,2.624512
9531,0.014160,-0.086426,0.994507,-1.647949,-0.305176,2.746582
9542,0.014038,-0.090942,0.991821,-1.403809,-0.244141,2.807617
9551,0.020142,-0.092651,0.989746,-1.403809,-0.183105,2.929688
9563,0.023560,-0.095581,0.998047,-1.464844,-0.488281,2.807617
9573,0.018677,-0.098755,1.000610,-1.831055,-0.366211,2.685547
9582,0.014404,-0.132690,0.954590,-1.647949,-0.610352,2.441406
9592,0.004883,-0.031738,0.982544,-1.831055,-0.793457,2.441406
9602,0.024780,0.004761,1.014893,-1.770020,-0.549316,2.441406
9611,0.002686,-0.044922,1.003906,-1.831055,-0.549316,2.258301
9621,0.017700,-0.125610,0.997192,-1.647949,-0.610352,2.319336
9633,0.017090,-0.076050,1.012451,-1.464844,-0.305176,2.075195
9642,0.014648,-0.147217,1.010132,-1.159668,-0.488281,1.770020
9652,0.015015,-0.153076,0.987061,-1.159668,-0.488281,1.525879
9661,0.010010,-0.115234,0.993286,-1.342773,-0.549316,1.220703
9671,0.010254,-0.106934,0.989990,-1.281738,-0.793457,1.037598
9682,-0.002930,-0.091797,0.970459,-1.403809,-1.037598,0.976562
9692,-0.003418,-0.072998,0.976685,-1.525879,-0.610352,1.037598
9701,-0.007080,-0.077271,0.998047,-1.708984,-0.854492,1.281738
9712,-0.010864,-0.080566,1.007690,-1.647949,-0.671387,1.403809
9721,-0.006592,-0.098145,1.001465,-1.342773,-0.671387,1.525879
9732,0.003540,-0.073486,0.962891,-1.159668,-0.610352,1.647949
9742,-0.000122,-0.055542,0.981079,-1.464844,-0.793457,1.525879
9751,-0.003784,-0.047241,1.013550,-1.403809,-0.366211,1.403809
9763,0.004883,-0.080688,0.981567,-1.403809,-0.305176,1.586914
9773,-0.002686,-0.110596,1.021729,-1.525879,-0.488281,1.586914
9782,0.000977,-0.101440,1.006104,-1.403809,-0.183105,1.708984
9792,-0.001587,-0.112183,0.999390,-1.220703,0.122070,2.014160
9801,-0.005859,-0.102905,0.995483,-1.220703,-0.061035,2.319336
9812,-0.008667,-0.095337,0.994629,-1.281738,-0.244141,2.075195
9822,-0.008057,-0.085693,0.988892,-1.464844,-0.488281,2.075195
9832,-0.003296,-0.081055,0.992676,-1.525879,0.000000,2.197266
9841,-0.000122,-0.081787,0.996216,-1.708984,-0.305176,2.197266
9853,0.004883,-0.095459,1.000488,-1.403809,0.122070,2.014160
9862,0.003540,-0.088745,0.999390,-1.525879,0.122070,2.197266
9872,0.001343,-0.079590,0.994629,-1.464844,0.061035,2.197266
9881,-0.002930,-0.076904,0.987061,-1.342773,0.366211,2.197266
9892,-0.012329,-0.078369,0.990723,-1.403809,0.183105,2.075195
9902,-0.015259,-0.027466,0.961426,-1.342773,0.305176,2.258301
9913,-0.032104,0.045898,0.975098,-1.770020,0.793457,2.868652
9923,-0.038940,0.028687,0.961182,-1.525879,0.976562,3.112793
9932,-0.013672,0.070068,0.956909,-1.220703,1.159668,3.723145
9942,0.008545,0.008667,0.980713,-0.488281,1.525879,4.333496
9951,0.031982,-0.100586,1.017334,0.000000,1.525879,5.004883
9962,0.027344,-0.105469,1.076172,-0.549316,1.770020,5.798340
9971,0.061646,-0.114136,1.107422,-1.098633,1.953125,6.286621
9983,-0.027832,-0.195068,1.017944,-0.488281,2.075195,5.615234
9993,0.033447,-0.171387,1.001099,-0.549316,2.136230,5.249023
10003,0.036987,-0.154541,0.994873,-0.488281,1.586914,4.455566
10012,-0.012573,-0.138306,0.992920,-0.549316,0.732422,3.540039
10022,-0.015015,-0.086914,1.010986,-0.854492,0.732422,3.356934
10031,-0.018188,-0.030273,1.000488,-1.159668,0.976562,3.295898
10043,0.059937,-0.031860,1.047974,-0.610352,1.098633,2.502441
10053,-0.069824,0.007446,0.954834,-0.610352,1.159668,2.685547
10062,0.095459,-0.040161,1.037354,-1.159668,1.831055,3.417969
10072,0.090576,-0.124756,1.035278,-1.403809,0.610352,1.708984
10082,0.051758,-0.062256,1.041504,-1.525879,-0.671387,0.427246
10091,0.054443,-0.042236,1.009277,-1.525879,-1.037598,-1.770020
10102,0.144043,-0.090820,0.982910,-1.403809,-0.732422,-3.173828
10112,0.120483,-0.051880,0.992187,-1.159668,-0.732422,-3.662109
10122,0.097290,-0.055298,0.990234,-1.220703,-0.915527,-2.807617
10131,0.042480,-0.055542,0.994629,-1.403809,-1.037598,-1.586914
10142,0.036499,-0.060059,0.998657,-1.403809,-1.037598,-0.610352
10151,0.014282,-0.090576,0.983398,-1.342773,-1.037598,0.183105
10162,-0.013184,-0.101563,0.960083,-1.098633,-0.549316,1.281738
10171,-0.041260,-0.122803,0.960205,-1.281738,-0.305176,2.197266
10182,-0.113770,-0.071655,0.999634,-1.098633,-0.305176,1.586914
10192,-0.026611,-0.127197,1.007935,-1.159668,-0.244141,1.281738
10201,-0.061401,-0.170776,0.986206,-1.220703,0.244141,0.122070
10212,-0.094727,-0.095947,1.016968,-1.281738,0.549316,-1.098633
10221,-0.073486,-0.144287,0.971069,-1.037598,0.976562,-2.258301
10231,-0.016357,-0.179321,0.935791,-0.976562,1.220703,-2.624512
10242,0.006470,-0.177368,0.930542,-1.342773,0.488281,-2.502441
10251,-0.044312,-0.128906,0.987061,-1.586914,0.671387,-0.854492
10263,0.042480,-0.157959,1.065796,-1.586914,1.098633,5.371094
10272,0.032471,-0.193848,0.999756,-0.732422,1.892090,6.164551
10281,-0.002197,-0.189331,0.925659,-0.854492,1.281738,7.141113
10292,0.067627,-0.197266,0.928345,-1.037598,1.953125,8.239746
10302,0.191650,-0.174316,0.950073,-1.037598,1.892090,8.117676
10311,0.154541,-0.185791,0.980591,-1.220703,1.464844,7.751465
10323,0.123779,-0.220215,0.988403,-1.586914,-0.244141,5.554199
10332,0.146240,-0.218262,1.015625,-1.892090,-0.427246,3.906250
10343,0.117065,-0.177490,1.021851,-1.586914,-0.671387,1.831055
10352,0.108276,-0.210571,1.000366,-1.342773,-1.403809,0.061035
10362,0.036743,-0.192017,1.000732,-1.525879,-2.197266,-1.159668
10372,-0.024414,-0.229614,0.970581,-1.525879,-2.319336,-1.953125
10381,-0.005005,-0.199219,0.979126,-1.892090,-2.380371,-2.563477
10391,-0.046509,-0.186279,0.984253,-1.831055,-2.319336,-3.051758
10403,-0.060547,-0.201904,0.986816,-1.892090,-2.197266,-3.234863
10412,-0.049438,-0.234985,0.983765,-1.586914,-1.342773,-2.990723
10422,-0.039795,-0.222412,0.992676,-1.892090,-0.976562,-2.868652
10432,-0.058594,-0.209351,0.999146,-2.075195,-0.488281,-2.502441
10442,-0.057129,-0.217651,0.985718,-2.014160,-0.488281,-1.953125
10451,-0.059204,-0.239502,0.962158,-2.136230,-0.244141,-1.281738
10461,-0.070557,-0.250977,0.959717,-2.197266,-0.366211,-0.488281
10473,-0.096069,-0.260376,0.994751,-2.075195,1.159668,1.586914
10483,-0.076416,-0.274414,0.987915,-1.953125,1.892090,2.441406
10492,-0.043701,-0.266235,0.974731,-1.892090,1.892090,2.624512
10502,-0.015991,-0.264282,0.960815,-1.953125,2.014160,2.685547
10512,0.003784,-0.259033,0.960205,-2.136230,1.525879,2.563477
10522,0.028442,-0.270142,0.963989,-2.075195,2.319336,2.502441
10531,0.034180,-0.230347,0.995728,-2.197266,1.770020,2.685547
10543,0.042603,-0.211792,0.984985,-2.075195,2.014160,3.662109
10552,0.053101,-0.235229,0.965210,-1.525879,2.929688,4.272461
10562,0.041870,-0.236694,0.972290,-1.525879,2.197266,4.394531
10571,0.041992,-0.237549,0.995239,-1.770020,1.892090,4.577637
10581,0.030762,-0.195801,1.023560,-2.075195,1.647949,4.760742
10592,0.032959,-0.130615,1.047974,-1.953125,1.953125,4.882812
10601,0.036255,-0.113770,1.017944,-1.770020,1.525879,5.554199
10613,0.016602,-0.165283,0.917603,-1.342773,1.647949,7.934570
10622,0.018677,-0.147583,0.905029,-1.525879,2.746582,9.765625
10632,0.012085,-0.127930,0.928711,-1.770020,3.051758,11.535645
10642,0.007813,-0.092651,0.991089,-2.014160,3.295898,13.244629
10651,0.010010,-0.082031,1.026489,-2.197266,3.417969,14.526367
10661,0.012207,-0.125732,0.985474,-1.892090,3.479004,15.380859
10671,0.012939,-0.184814,0.933960,-1.831055,3.723145,15.563965
10681,0.003784,-0.205566,0.912842,-2.624512,3.906250,15.441895
10693,-0.027954,-0.130615,1.005127,-2.746582,4.028320,14.526367
10702,-0.023926,-0.151489,1.018433,-2.502441,3.906250,13.488770
10712,-0.040649,-0.208496,0.995483,-2.258301,3.601074,12.145996
10721,-0.044922,-0.249756,0.977905,-2.014160,4.272461,10.803223
10731,-0.036987,-0.234375,1.025146,-2.197266,4.211426,9.704590
10743,-0.066772,-0.221558,1.031250,-2.502441,4.150391,7.568359
10752,-0.150269,-0.256958,0.952393,-2.136230,4.760742,6.591797
10762,-0.179565,-0.256348,0.992920,-2.258301,5.981445,5.798340
10772,-0.168701,-0.253662,1.006226,-2.441406,6.469727,5.249023
10781,-0.158569,-0.279297,0.979248,-2.441406,7.446289,4.821777
10791,-0.160400,-0.294312,0.940674,-2.441406,7.812500,5.065918
10802,-0.156006,-0.228149,1.015625,-2.807617,7.873535,5.310059
10811,-0.188110,-0.234619,1.050049,-2.624512,9.338379,6.042480
10821,-0.177856,-0.324463,0.991089,-2.136230,10.192871,7.446289
10832,-0.153809,-0.269775,1.044189,-2.624512,10.864258,8.972168
10842,-0.134399,-0.227539,1.048584,-2.929688,11.169434,10.803223
10852,-0.115723,-0.271973,0.926392,-2.197266,12.817383,12.756348
10861,-0.066528,-0.270752,0.918945,-1.953125,13.366699,14.831543
10871,0.006104,-0.242554,0.988892,-2.136230,15.319824,17.578125
10883,0.063477,-0.280884,0.942139,-2.319336,15.075684,22.766113
10893,0.143311,-0.214600,0.995239,-2.868652,15.625000,25.817871
10902,0.162720,-0.248413,0.965942,-2.563477,16.540527,29.296875
10911,0.215820,-0.269043,0.967651,-2.746582,16.174316,31.738281
10921,0.172485,-0.281982,0.993652,-2.868652,15.747070,34.118652
10932,0.197510,-0.331055,0.944214,-2.746582,14.587402,36.560059
10941,0.226685,-0.280396,1.030029,-2.807617,15.075684,38.452148
10953,0.193237,-0.280029,0.986938,-2.319336,13.977051,41.442871
10962,0.234009,-0.343506,0.968994,-2.380371,13.610840,42.724609
10973,0.225952,-0.356079,0.913330,-2.624512,11.901855,43.701172
10982,0.239746,-0.322510,1.023926,-2.624512,11.657715,43.945312
10992,0.203247,-0.365845,1.009521,-2.502441,11.779785,43.823242
11002,0.181396,-0.291870,1.062378,-2.258301,10.620117,42.907715
11011,0.209717,-0.329590,1.000610,-1.892090,9.765625,41.564941
11021,0.189209,-0.281006,1.031982,-1.464844,8.728027,40.100098
11033,0.285034,-0.260742,0.988892,-0.854492,5.798340,37.109375
11043,0.276489,-0.299927,0.948120,-0.732422,4.028320,35.766602
11052,0.285400,-0.230591,1.046631,-0.915527,3.540039,34.423828
11062,0.213135,-0.226074,0.996094,-0.732422,2.197266,32.897949
11071,0.164185,-0.179443,1.040771,-0.305176,1.831055,31.433105
11082,0.134644,-0.234497,0.969849,0.000000,1.403809,29.785156
11091,0.132690,-0.224731,1.001221,0.000000,0.183105,27.832031
11103,0.148193,-0.226685,0.976318,0.671387,-0.854492,24.414062
11113,0.116821,-0.238892,0.986572,0.671387,-1.953125,23.193359
11122,0.086792,-0.284424,1.035034,0.549316,-2.441406,22.583008
11132,0.065308,-0.273193,1.094360,0.732422,-2.685547,22.277832
11141,0.076782,-0.286621,1.054443,0.610352,-3.479004,22.338867
11151,0.039917,-0.212891,1.080811,0.976562,-3.479004,21.667480
11162,0.028687,-0.198242,0.969727,1.159668,-3.112793,20.812988
11171,0.024048,-0.099609,0.973267,1.464844,-3.784180,17.395020
11183,-0.087646,0.052856,0.929443,1.464844,-3.234863,14.953613
11192,-0.095337,0.065674,0.920288,1.403809,-2.685547,12.268066
11202,-0.091797,0.133301,0.945801,1.220703,-1.770020,9.887695
11211,-0.006836,0.240967,0.956299,0.976562,-1.342773,7.324219
11222,-0.032104,0.290039,0.981689,0.488281,-0.549316,5.737305
11231,0.011963,0.291504,1.003418,0.183105,-0.427246,4.760742
11243,0.052612,0.318726,1.047363,0.061035,-0.122070,4.394531
11252,0.049805,0.304443,1.043823,-1.037598,-0.122070,5.004883
11261,0.130249,0.255737,1.033569,-0.793457,0.488281,5.981445
11271,0.134521,0.240601,1.025757,-0.854492,0.122070,7.324219
11281,0.383179,0.153442,0.863037,-0.610352,0.366211,8.666992
11291,0.326172,0.107178,1.073853,-0.122070,-0.061035,10.375977
11301,0.417114,0.114746,1.027588,-0.061035,-0.488281,12.390137
11311,0.422974,0.110474,0.971191,-0.122070,-3.601074,14.648438
11323,0.359375,0.192993,0.916870,-0.122070,-5.249023,16.052246
11332,0.419312,0.162354,0.961670,0.549316,-5.126953,19.836426
11341,0.394165,0.022705,0.876221,1.586914,-4.272461,23.498535
11352,0.320557,-0.116211,0.937378,2.136230,-4.028320,24.902344
11361,0.198486,-0.166260,1.032593,1.770020,-5.371094,24.780273
11371,0.058228,-0.118652,1.047241,0.732422,-6.530762,23.498535
11383,0.019653,-0.145508,1.098511,0.427246,-6.713867,17.517090
11392,-0.074341,-0.189697,1.007446,1.586914,-7.324219,14.221191
11401,-0.081665,-0.184082,1.023682,1.403809,-9.155273,11.230469
11411,-0.111572,-0.070923,1.012573,1.098633,-9.216309,9.094238
11422,-0.112427,0.068359,0.982056,1.220703,-8.239746,8.361816
11431,-0.061279,0.055176,0.963623,1.708984,-7.507324,8.117676
11441,-0.066406,-0.030029,0.812744,2.319336,-6.530762,8.483887
11451,-0.092773,-0.059937,0.823730,1.647949,-6.042480,7.507324
11463,-0.075195,-0.036499,1.176270,0.793457,-5.920410,5.859375
11472,-0.142212,-0.054932,1.178955,0.122070,-4.882812,4.211426
11481,0.006226,0.030151,1.077026,-0.061035,-4.516602,1.953125
11492,-0.013062,-0.025879,1.039673,0.061035,-4.028320,-0.183105
11502,0.065430,-0.082886,0.993286,0.244141,-3.356934,-1.647949
11511,0.190552,-0.007446,1.027100,-0.549316,-4.028320,-2.441406
11523,0.156250,0.098999,0.987671,-1.525879,-4.089355,-2.868652
11532,0.182373,0.069702,0.965820,-2.380371,-4.577637,-3.356934
11542,0.228882,0.038940,0.981201,-2.441406,-4.211426,-3.479004
11551,0.240234,-0.044434,0.964722,-1.831055,-4.699707,-4.882812
11562,0.224121,-0.129639,1.019043,-1.342773,-4.577637,-6.103516
11571,0.096191,-0.144531,1.070435,-1.342773,-5.371094,-7.263184
11583,0.102295,-0.194458,1.013794,-1.586914,-7.324219,-11.840820
11592,0.058838,-0.096069,0.973999,-1.708984,-8.422852,-14.404297
11603,0.030151,-0.186279,0.858032,-0.915527,-8.300781,-17.333984
11612,0.091187,-0.235229,0.854248,-0.671387,-8.117676,-18.920898
11622,0.171997,-0.147705,0.943970,-1.098633,-8.605957,-20.263672
11632,0.483154,-0.290405,0.702271,-1.098633,-8.544922,-20.996094
11641,0.074463,0.035156,1.289673,-2.441406,-7.202148,-20.141602
11653,0.052979,-0.005859,1.265991,-1.220703,-5.859375,-21.789551
11662,0.071533,-0.217285,0.685547,-0.915527,-7.324219,-23.498535
11673,0.181152,-0.238403,1.003540,-0.427246,-9.460449,-23.315430
11682,0.043213,-0.184692,1.016357,0.549316,-11.474609,-23.254395
11692,-0.041260,-0.077393,0.968872,0.122070,-11.474609,-21.362305
11701,-0.014526,-0.170410,1.040771,-0.305176,-10.009766,-17.456055
11711,0.017212,-0.047485,1.123413,-1.220703,-7.019043,-12.512207
11723,-0.129028,-0.059204,0.984131,-0.305176,-3.479004,-4.821777
11732,-0.101440,-0.121094,0.986938,0.671387,-2.563477,-0.976562
11742,-0.026001,-0.320313,0.997925,1.525879,-1.281738,1.770020
11751,-0.084961,-0.241821,1.054443,0.793457,-1.647949,2.746582
11761,-0.063599,-0.209961,0.996948,-0.183105,-1.708984,3.173828
11772,-0.101807,-0.044189,0.979126,-0.915527,-1.281738,4.272461
11781,-0.053223,-0.010864,0.905518,-0.488281,-0.732422,6.591797
11791,-0.018799,-0.123535,0.856201,0.427246,0.427246,9.033203
11803,0.021606,-0.109375,0.979004,0.366211,1.647949,14.343262
11812,0.045776,0.015869,1.087891,-1.525879,3.051758,17.211914
11821,0.028809,0.045654,1.050537,-1.159668,4.028320,20.446777
11831,0.013428,-0.056519,0.967896,-0.122070,3.784180,22.888184
11842,-0.070435,-0.173096,0.963501,-0.061035,4.028320,24.414062
11851,-0.101929,-0.141113,0.924561,-0.549316,4.882812,25.817871
11863,-0.105225,-0.058838,1.006836,-1.342773,6.347656,27.770996
11873,-0.070068,-0.066650,0.997192,-0.854492,6.896973,29.235840
11882,-0.097778,-0.104492,0.949097,-0.488281,7.202148,31.494141
11891,-0.048706,-0.116333,0.930908,-0.549316,7.934570,34.606934
11901,-0.079834,-0.096680,1.006592,-0.854492,9.216309,38.269043
11912,-0.037231,-0.108887,0.983521,-0.854492,10.742188,41.687012
11921,-0.064087,-0.135254,0.995728,-0.854492,10.681152,43.945312
11933,-0.021118,-0.143066,0.940918,-1.159668,11.108398,46.813965
11942,0.036865,-0.141968,0.992554,-0.976562,11.291504,47.729492
11952,0.053467,-0.184937,1.011108,-0.549316,10.864258,48.034668
11961,0.039429,-0.179077,1.015381,-0.671387,10.620117,48.461914
11971,0.046509,-0.153931,0.988403,-0.366211,10.437012,48.828125
11981,0.067627,-0.115723,0.996216,-0.366211,10.314941,49.316406
11992,0.090942,-0.144897,0.974365,-0.061035,10.253906,50.109863
12002,0.107056,-0.162354,0.977661,0.061035,10.620117,50.903320
12011,0.109741,-0.173584,0.992920,-0.061035,9.826660,51.818848
12023,0.118652,-0.139282,0.992798,0.183105,9.094238,51.513672
12032,0.108276,-0.175293,0.970337,0.244141,8.666992,50.720215
12041,0.092041,-0.195557,0.977295,0.244141,7.324219,49.438477
12052,0.059082,-0.177368,0.989258,0.183105,6.591797,47.851562
12061,0.073364,-0.165894,1.000732,0.366211,6.225586,46.325684
12073,0.070557,-0.192139,1.004028,0.244141,5.615234,43.334961
12082,0.119385,-0.188965,1.000854,0.244141,5.249023,42.541504
12092,0.171021,-0.175781,0.999146,0.610352,4.821777,41.809082
12101,0.187866,-0.211060,1.007080,0.854492,4.028320,41.015625
12111,0.229980,-0.268066,0.996338,1.281738,3.662109,39.611816
12122,0.207886,-0.239014,1.014160,1.464844,2.807617,38.208008
12131,0.216797,-0.264648,0.983521,1.647949,1.525879,36.560059
12141,0.209229,-0.286743,0.993164,1.708984,0.427246,34.912109
12151,0.209351,-0.275879,0.969482,1.831055,-1.647949,31.677246
12163,0.167969,-0.241699,0.987183,1.953125,-2.014160,30.273437
12172,0.180664,-0.284180,1.019165,2.197266,-2.136230,28.747559
12182,0.174072,-0.271362,1.037842,2.380371,-3.234863,27.221680
12191,0.156982,-0.257324,0.995728,2.502441,-3.967285,25.268555
12201,0.160889,-0.279663,1.018799,2.685547,-4.638672,23.132324
12212,0.156738,-0.294312,0.995361,3.112793,-5.493164,21.179199
12221,0.141846,-0.250854,0.984497,3.173828,-6.530762,17.089844
12233,0.178101,-0.285522,0.963135,3.356934,-7.324219,15.441895
12242,0.181519,-0.224731,0.979004,2.929688,-7.934570,13.854980
12252,0.186890,-0.169922,1.000366,2.929688,-8.605957,13.122559
12261,0.208130,-0.241699,0.983643,3.173828,-9.094238,12.268066
12272,0.217773,-0.211182,1.024292,3.234863,-9.643555,11.352539
12281,0.192261,-0.156860,1.039795,3.234863,-10.192871,10.375977
12292,0.204956,-0.245239,1.000977,3.601074,-10.681152,8.911133
12302,0.186035,-0.207520,0.982788,3.784180,-11.413574,7.873535
12311,0.186157,-0.270508,0.933960,4.211426,-11.718750,7.019043
12322,0.177124,-0.300537,0.930176,3.967285,-12.390137,5.737305
12331,0.169067,-0.292725,0.951050,3.662109,-13.061523,4.089355
12342,0.184937,-0.325806,0.973389,3.723145,-13.488770,2.441406
12351,0.192017,-0.275757,0.998657,3.112793,-14.648438,0.366211
12363,0.242065,-0.343872,0.984131,2.990723,-31.066895,-3.784180
12372,0.210327,-0.270874,0.961792,2.929688,-17.089844,-5.798340
12382,0.229004,-0.287109,0.945068,2.868652,-17.883301,-7.324219
12391,0.214478,-0.326538,0.946411,2.624512,-18.493652,-8.911133
12402,0.212891,-0.327759,0.927856,2.197266,-18.981934,-10.803223
12411,0.189087,-0.318848,0.913696,2.136230,-19.287109,-12.939453
12423,0.164429,-0.289185,0.930786,1.037598,-20.568848,-18.432617
12432,0.198242,-0.298828,0.994507,0.793457,-21.118164,-21.362305
12442,0.192505,-0.297363,1.025513,0.854492,-21.789551,-24.475098
12452,0.229370,-0.275879,1.022461,0.854492,-22.521973,-27.526855
12461,0.235352,-0.322021,0.982178,0.915527,-22.888184,-30.273437
12472,0.225342,-0.344849,0.946411,0.671387,-24.047852,-33.203125
12481,0.193604,-0.288330,0.974487,0.610352,-24.597168,-35.705566
12493,0.177124,-0.339478,0.946411,-0.122070,-25.146484,-40.344238
12502,0.210937,-0.280151,0.961182,-0.610352,-26.000977,-42.114258
12512,0.217896,-0.319214,0.963379,-0.549316,-25.878906,-43.640137
12522,0.184937,-0.272461,0.988647,-0.366211,-26.367187,-44.860840
12531,0.202148,-0.304443,0.971313,0.061035,-26.489258,-45.715332
12542,0.201904,-0.314941,0.979980,-0.122070,-26.672363,-45.959473
12551,0.183350,-0.285400,0.963623,-0.427246,-26.794434,-46.264648
12561,0.123901,-0.313232,0.918457,-0.793457,-26.428223,-46.020508
12573,0.106934,-0.266235,0.921265,-1.159668,-25.634766,-45.227051
12583,0.095215,-0.240967,0.919189,-2.014160,-25.268555,-44.555664
12592,0.089111,-0.290527,0.969849,-2.014160,-24.536133,-44.311523
12602,0.043335,-0.319336,0.937988,-2.197266,-24.230957,-43.945312
12611,0.004150,-0.352173,0.905151,-2.258301,-23.498535,-43.884277
12622,-0.022827,-0.345093,0.904663,-2.380371,-22.399902,-43.701172
12632,-0.052856,-0.322388,0.957397,-2.563477,-22.033691,-44.372559
12643,-0.063843,-0.245361,1.005737,-2.868652,-20.812988,-45.104980
12653,-0.044800,-0.231201,1.005249,-2.624512,-19.836426,-45.837402
12663,-0.030396,-0.218628,1.005127,-2.807617,-19.409180,-46.752930
12673,-0.042358,-0.198975,0.966553,-2.624512,-19.714355,-47.302246
12682,0.021362,-0.205811,0.973511,-2.502441,-19.226074,-47.546387
12692,0.034546,-0.227173,0.953613,-2.319336,-18.371582,-46.875000
12701,0.088013,-0.219971,0.985718,-2.014160,-17.028809,-46.081543
12711,0.046631,-0.229614,1.026611,-1.647949,-15.930176,-44.494629
12721,-0.023682,-0.211304,1.040405,-1.647949,-15.014648,-43.701172
12732,-0.020508,-0.188110,1.027954,-1.770020,-14.709473,-42.846680
12742,-0.052124,-0.142944,1.031738,-1.525879,-14.465332,-42.541504
12751,-0.050659,-0.176392,0.995361,-1.159668,-13.916016,-42.053223
12762,-0.068237,-0.135498,0.986450,-0.732422,-13.244629,-41.625977
12772,-0.029053,-0.175415,0.984009,-0.732422,-11.901855,-40.405273
12781,-0.012695,-0.092896,0.994995,-0.915527,-10.925293,-39.672852
12791,-0.024414,-0.060303,0.957642,-0.854492,-10.070801,-39.123535
12802,-0.068115,-0.014038,1.006104,-0.732422,-9.399414,-38.452148
12812,-0.101318,0.002808,1.029419,-0.854492,-9.216309,-37.841797
12822,-0.143555,0.006592,1.043335,-0.183105,-8.483887,-37.170410
12831,-0.134155,0.000977,1.043945,-0.061035,-6.958008,-36.071777
12843,-0.154175,-0.047485,1.035034,0.244141,-5.310059,-34.790039
12853,-0.181519,-0.027710,0.998535,0.427246,-4.577637,-34.423828
12862,-0.189087,-0.027710,0.976196,0.793457,-4.150391,-34.179687
12872,-0.178711,0.007568,0.990479,1.037598,-3.784180,-33.752441
12881,-0.129883,-0.042114,0.977783,1.220703,-2.929688,-32.836914
12891,-0.087769,-0.030273,1.011963,1.586914,-1.892090,-31.433105
12902,-0.018677,-0.063110,1.056885,1.892090,-1.159668,-29.541016
12911,-0.009155,-0.026367,1.053711,1.586914,-0.671387,-27.526855
12921,-0.090942,-0.031128,1.024780,2.319336,-0.427246,-24.353027
12932,-0.093018,-0.148071,0.993042,2.990723,0.305176,-23.620605
12941,-0.182251,-0.150757,0.983398,3.540039,1.403809,-23.559570
12951,-0.178955,-0.102417,1.006226,3.723145,1.953125,-23.498535
12962,-0.214478,-0.134888,0.976685,3.967285,2.868652,-22.888184
12971,-0.153198,-0.081421,0.966553,4.028320,4.028320,-21.972656
12981,-0.174683,-0.114014,0.934448,4.394531,4.272461,-21.057129
12993,-0.119629,-0.135376,0.891357,4.028320,4.455566,-18.676758
13003,-0.059082,-0.175781,0.883057,3.601074,4.638672,-17.395020
13012,-0.020264,-0.154053,0.927734,2.929688,5.920410,-15.625000
13022,0.018066,-0.120117,0.942627,2.380371,6.286621,-14.404297
13031,0.042725,-0.101929,0.941284,1.770020,5.798340,-13.427734
13042,0.005127,-0.079346,0.965088,1.647949,5.737305,-12.817383
13051,0.002686,-0.119873,0.969727,1.586914,5.310059,-12.939453
13063,-0.068604,-0.086548,1.053467,1.525879,5.310059,-13.916016
13072,-0.121216,-0.079590,1.019531,1.281738,4.760742,-14.221191
13082,-0.135986,-0.101074,1.009399,1.647949,5.432129,-14.282227
13091,-0.155762,-0.164185,0.933472,2.380371,5.920410,-14.099121
13101,-0.145020,-0.187256,0.915527,2.197266,6.103516,-13.854980
13112,-0.158691,-0.146973,0.951050,1.831055,6.835937,-13.854980
13121,-0.183350,-0.072876,1.026489,1.831055,6.896973,-13.854980
13133,-0.161987,-0.128662,1.025146,2.075195,7.995605,-14.038086
13143,-0.173584,-0.088623,1.005371,2.624512,8.972168,-13.793945
13152,-0.169067,-0.094360,1.004272,2.746582,9.155273,-13.244629
13161,-0.149658,-0.129150,1.031006,3.051758,9.887695,-12.512207
13171,-0.143921,-0.137451,1.006714,3.173828,10.314941,-10.864258
13182,-0.117554,-0.150391,0.950684,3.112793,10.375977,-9.094238
13192,-0.099731,-0.154419,0.916626,2.807617,11.474609,-5.981445
13201,-0.058228,-0.163818,0.943359,2.319336,11.779785,-4.150391
13211,-0.087646,-0.148804,0.994507,1.953125,12.329102,-2.563477
13222,-0.083618,-0.184326,1.007935,1.892090,12.573242,-1.098633
13231,-0.075317,-0.207642,0.974976,1.647949,12.878418,-0.122070
13241,-0.052002,-0.228516,0.964233,1.403809,13.061523,0.305176
13252,-0.070312,-0.221680,0.961914,1.098633,13.183594,0.854492
13261,-0.041504,-0.263184,0.940430,1.220703,12.207031,0.976562
13273,-0.029907,-0.286621,0.950317,1.220703,11.901855,0.854492
13282,-0.070312,-0.329346,0.890503,0.305176,12.268066,0.732422
13292,-0.048462,-0.379272,0.869751,0.000000,11.779785,0.122070
13301,-0.024536,-0.345825,0.888306,-0.915527,11.535645,-0.488281
13311,-0.004395,-0.294434,0.950317,-1.708984,11.535645,-1.159668
13322,0.001343,-0.227783,1.064819,-1.953125,10.375977,-2.136230
13331,0.003052,-0.261475,1.046143,-1.953125,10.375977,-3.173828
13343,0.027832,-0.274536,1.054199,-1.708984,10.131836,-5.676270
13352,0.050171,-0.237183,1.040649,-1.525879,9.338379,-6.652832
13362,0.035889,-0.197266,1.059692,-1.586914,8.422852,-7.690430
13371,0.014282,-0.201050,0.998291,-1.464844,7.873535,-8.850098
13382,0.012207,-0.241577,0.991943,-1.281738,7.690430,-9.704590
13391,0.040527,-0.267578,0.980469,-1.098633,7.995605,-10.314941
13401,0.035400,-0.277100,0.995361,-1.525879,8.056641,-10.803223
13412,0.021240,-0.251709,0.972412,-1.770020,7.202148,-11.169434
13422,0.066895,-0.258057,0.997437,-1.953125,7.019043,-11.352539
13432,0.022705,-0.262573,0.939209,-2.075195,7.202148,-11.413574
13441,0.037598,-0.245483,0.944580,-2.197266,7.019043,-11.413574
13451,0.039063,-0.268799,0.940796,-2.929688,6.835937,-11.413574
13461,0.009033,-0.257446,0.880005,-3.173828,7.080078,-11.413574
13472,0.013916,-0.290039,0.930542,-3.295898,6.958008,-12.390137
13482,0.037231,-0.219971,0.961914,-2.990723,7.019043,-12.634277
13492,0.082153,-0.236938,0.999878,-2.807617,6.774902,-13.000488
13502,0.060547,-0.298462,0.925049,-2.807617,6.042480,-13.000488
13511,0.097290,-0.237183,0.947266,-2.746582,6.042480,-12.817383
13522,0.088745,-0.192627,1.000610,-2.624512,6.469727,-12.451172
13531,0.088135,-0.191284,0.997192,-2.319336,6.103516,-12.023926
13541,0.081055,-0.210327,1.004150,-1.892090,5.981445,-12.084961
13553,0.094727,-0.168091,0.981689,-1.403809,5.065918,-12.268066
13562,0.098267,-0.209351,0.909058,-1.403809,4.516602,-12.207031
13572,0.087524,-0.176880,0.919678,-1.647949,4.272461,-11.779785
13581,0.047241,-0.141968,0.985107,-2.014160,3.479004,-10.437012
13592,-0.004639,-0.121338,1.036133,-2.502441,4.577637,-8.850098
13601,-0.075073,-0.060181,1.080933,-2.502441,5.737305,-6.958008
13611,-0.111450,-0.016479,1.118652,-2.197266,6.042480,-4.821777
13622,-0.174072,-0.053589,1.012939,-1.586914,7.751465,0.549316
13632,-0.158325,-0.070435,0.979126,-0.061035,10.437012,3.356934
13641,-0.174683,-0.095581,0.941528,-0.061035,10.620117,6.347656
13651,-0.119507,-0.158203,1.000610,-0.305176,11.230469,9.216309
13662,-0.099854,-0.007202,1.069946,-1.098633,11.047363,12.023926
13671,-0.070068,-0.009033,1.094971,-1.037598,10.925293,14.831543
13683,-0.053101,-0.079468,1.109253,0.122070,12.084961,20.874023
13692,-0.023071,-0.030884,0.989746,0.061035,11.901855,23.803711
13702,-0.037964,0.017578,0.994141,0.976562,12.390137,26.672363
13711,-0.061401,-0.041992,0.981323,2.197266,12.939453,29.479980
13721,-0.078491,-0.177246,0.947754,2.807617,12.756348,31.921387
13731,-0.109253,0.002319,0.986694,2.441406,12.573242,34.606934
13741,-0.098145,0.038818,0.984863,2.319336,12.939453,37.353516
13753,-0.129639,-0.019043,0.937256,1.525879,12.268066,41.320801
13762,-0.200684,0.032593,1.008301,0.854492,12.145996,42.663574
13772,-0.215210,-0.007568,0.981201,-0.122070,11.779785,43.395996
13781,-0.208008,0.061768,1.043457,-0.732422,12.145996,43.640137
13792,-0.230469,0.024292,1.049561,-0.732422,11.535645,43.701172
13801,-0.194336,-0.030151,1.025391,-0.366211,11.840820,42.602539
13811,-0.185425,-0.064331,1.062988,-0.366211,11.596680,41.503906
13823,-0.101074,-0.104736,0.991211,-0.366211,10.131836,38.391113
13837,-0.031006,-0.153076,0.900269,-0.305176,8.544922,36.560059
13847,-0.015259,-0.176880,0.917480,-0.549316,7.690430,35.217285
13856,0.065308,-0.194946,0.981201,-0.793457,7.263184,34.118652
13865,0.105347,-0.184692,1.022217,-0.915527,6.408691,31.982422
13875,0.092285,-0.212891,0.974731,-0.915527,3.662109,31.127930
13885,0.117188,-0.237305,0.978027,-0.549316,2.319336,30.395508
13894,0.105835,-0.248291,0.976074,0.061035,2.014160,29.968262
13904,0.065796,-0.248291,0.951172,0.305176,0.732422,29.418945
13913,0.037964,-0.271851,0.965454,0.854492,0.366211,28.808594
13922,-0.012207,-0.307007,1.018799,0.915527,-0.427246,27.709961
13932,0.015503,-0.298218,1.041016,0.732422,-0.732422,26.367187
13942,0.035278,-0.241211,1.035889,0.793457,-2.136230,24.353027
13951,0.000610,-0.268188,0.987793,1.464844,-3.051758,21.911621
13963,0.007690,-0.332642,0.956543,1.647949,-4.394531,16.418457
13973,0.033569,-0.170044,1.045654,1.281738,-4.882812,14.282227
13982,0.049805,-0.182739,1.012695,1.220703,-5.187988,11.840820
13991,0.034180,-0.207886,0.986694,1.281738,-6.591797,9.704590
14002,0.056641,-0.141479,1.028320,1.403809,-6.774902,7.751465
14011,0.098999,-0.187256,1.018921,1.647949,-6.713867,6.164551
14022,0.131226,-0.166748,1.068237,1.647949,-7.812500,4.272461
14031,0.098755,-0.195190,1.017578,1.586914,-9.460449,2.624512
14041,0.058960,-0.243164,0.966553,1.098633,-10.375977,-1.403809
14052,0.094849,-0.268188,0.994751,0.732422,-10.559082,-2.624512
14061,0.085937,-0.201904,1.007690,0.671387,-10.192871,-3.662109
14072,0.040894,-0.234375,0.970703,0.244141,-11.230469,-4.272461
14081,0.045776,-0.246948,0.982788,-0.427246,-10.925293,-4.638672
14091,0.020874,-0.162109,1.087280,-1.220703,-10.559082,-4.455566
14101,-0.015381,-0.229614,1.028198,-1.159668,-10.192871,-3.540039
14111,-0.080078,-0.189087,1.075317,-0.793457,-8.605957,-1.342773
14121,-0.095703,-0.250610,1.005493,-1.403809,-7.324219,-0.549316
14131,-0.145386,-0.188599,1.057983,-1.647949,-6.286621,0.488281
14141,-0.151489,-0.117432,1.055664,-1.586914,-5.859375,1.159668
14152,-0.233887,-0.135620,1.006958,-1.342773,-5.981445,1.831055
14162,-0.194824,-0.188232,0.996826,-0.732422,-4.516602,2.380371
14171,-0.198975,-0.133057,1.038696,-0.366211,-3.234863,3.234863
14183,-0.193237,-0.074219,0.964722,-0.183105,-1.708984,4.638672
14192,-0.200562,-0.210693,0.874023,0.183105,-1.464844,4.455566
14201,-0.199097,-0.229492,0.936646,0.366211,-0.915527,4.333496
14211,-0.219971,-0.205200,0.869751,-0.061035,-0.244141,3.967285
14221,-0.197510,-0.237183,0.882568,-0.549316,0.427246,3.234863
14231,-0.192017,-0.149780,0.964600,-0.793457,1.098633,2.014160
14241,-0.140381,-0.220825,0.949219,-1.037598,1.220703,0.244141
14253,-0.030273,-0.101929,0.993530,-1.403809,1.098633,-3.356934
14262,0.044434,0.012207,1.060303,-1.098633,1.403809,-4.760742
14272,0.118042,-0.112671,0.976318,-0.427246,1.525879,-5.676270
14282,0.173950,-0.035400,1.064819,-0.061035,0.549316,-6.591797
14291,0.193726,-0.070557,0.974609,0.244141,0.183105,-6.958008
14302,0.225708,-0.060547,0.962891,0.610352,0.366211,-7.080078
14311,0.176636,-0.143921,0.957642,0.732422,0.183105,-7.263184
14323,0.125977,-0.160522,1.000366,0.793457,-1.281738,-9.643555
14332,0.097778,-0.167480,0.981201,-0.854492,-2.075195,-11.535645
14342,0.089722,-0.119507,1.012817,-1.220703,-2.075195,-13.305664
14351,0.104126,-0.257935,0.988647,-1.342773,-2.441406,-15.136719
14361,0.104858,-0.035645,1.137817,-2.136230,-2.746582,-17.150879
14372,0.029663,-0.193481,1.060669,-1.770020,-2.990723,-18.859863
14381,0.046265,-0.071289,1.117554,-1.708984,-3.356934,-20.568848
14393,0.146851,-0.099854,1.005249,-1.220703,-3.051758,-22.888184
14402,0.143066,-0.151123,0.941650,-1.220703,-3.173828,-23.193359
14412,0.112427,-0.084961,0.899170,-1.464844,-3.112793,-22.766113
14421,0.098755,-0.046753,0.967041,-1.586914,-2.929688,-21.911621
14431,0.045898,-0.051636,1.010254,-1.953125,-2.502441,-21.118164
14441,-0.004028,-0.045654,0.964355,-2.075195,-1.403809,-19.897461
14453,-0.019653,-0.147095,0.925659,-2.197266,0.122070,-16.723633
14462,-0.036743,-0.099121,0.962280,-2.441406,0.915527,-14.953613
14472,-0.079468,-0.140625,0.965698,-2.746582,1.281738,-13.305664
14482,-0.043213,-0.053833,1.033691,-2.990723,2.380371,-11.779785
14492,-0.047485,-0.101074,1.025879,-2.807617,2.868652,-10.192871
14501,-0.075928,-0.148071,0.935669,-2.380371,3.479004,-8.605957
14511,-0.140869,-0.163696,0.922729,-2.380371,3.906250,-7.019043
14521,-0.122681,-0.139038,0.940552,-2.807617,4.699707,-5.371094
14531,-0.128052,-0.145752,0.959229,-3.112793,7.385254,-0.061035
14543,-0.182129,-0.171265,0.950806,-2.563477,8.728027,2.807617
14552,-0.163086,-0.198853,0.953613,-2.258301,9.582520,4.943848
14562,-0.119507,-0.215088,0.958130,-2.075195,10.742188,7.202148
14571,-0.058228,-0.151733,1.012085,-2.075195,11.718750,9.399414
14582,-0.081177,-0.193970,1.035034,-1.953125,12.268066,11.108398
14591,-0.094238,-0.170410,1.061035,-1.464844,11.962891,12.268066
14603,-0.027466,-0.099365,1.049805,-1.159668,12.634277,13.488770
14612,-0.032227,-0.226807,0.995117,-0.366211,11.901855,14.099121
14622,-0.034912,-0.160278,1.025879,-0.244141,11.718750,14.709473
14631,0.004150,-0.253784,0.924561,-0.122070,11.535645,15.380859
14642,0.010864,-0.228760,0.898193,-0.183105,11.291504,15.747070
14651,0.019043,-0.291260,0.877197,-0.427246,10.864258,16.174316
14663,-0.003296,-0.227539,0.933350,-1.708984,10.253906,16.601562
14672,0.047485,-0.246216,0.957642,-1.708984,10.620117,16.662598
14682,0.068481,-0.318726,0.951782,-1.586914,9.826660,16.418457
14691,0.062256,-0.240479,0.999268,-1.953125,8.361816,15.075684
14701,0.069336,-0.301025,0.905273,-2.685547,7.141113,13.427734
14712,0.059937,-0.158813,1.073486,-3.295898,5.737305,11.230469
14721,0.101929,-0.314331,1.004517,-3.234863,5.187988,8.789063
14733,0.102783,-0.125366,1.108521,-2.868652,4.089355,4.028320
14742,0.177734,-0.217163,0.902344,-2.929688,2.868652,1.525879
14751,0.204224,-0.204956,1.011841,-2.807617,2.075195,-0.061035
14761,0.197388,-0.229736,0.966187,-2.807617,1.831055,-1.220703
14771,0.243408,-0.055542,1.046997,-2.746582,0.976562,-2.441406
14781,0.220947,-0.202637,0.940063,-2.441406,-1.098633,-3.356934
14791,0.239746,-0.139282,0.959839,-2.197266,-1.831055,-3.967285
14802,0.254761,-0.239990,0.906494,-2.563477,-1.770020,-4.150391
14812,0.219727,-0.112793,1.036743,-2.685547,-2.868652,-3.356934
14822,0.173340,-0.101807,1.013794,-2.502441,-3.540039,-2.685547
14831,0.104614,0.013428,1.060181,-2.075195,-2.929688,-1.770020
14841,0.079468,-0.166626,0.949219,-2.258301,-2.380371,-0.610352
14852,0.041626,0.069824,1.044312,-2.746582,-2.807617,0.610352
14861,-0.011597,-0.118042,0.956177,-2.441406,-2.563477,2.075195
14871,-0.048828,-0.162842,0.826660,-1.953125,-2.807617,3.051758
14883,-0.083130,0.002930,0.883423,-2.929688,-1.464844,5.065918
14893,-0.130249,-0.115234,0.883301,-3.295898,-0.915527,5.615234
14902,-0.078735,-0.045532,1.049927,-3.723145,0.488281,6.591797
14912,-0.088989,-0.058472,1.094727,-3.601074,0.854492,7.690430
14921,-0.091675,-0.141235,0.982056,-3.112793,0.854492,8.544922
14931,-0.088989,0.018311,1.088501,-3.112793,0.854492,9.094238
14942,-0.088501,-0.245850,0.963867,-4.333496,1.708984,10.803223
14952,0.036377,-0.044067,1.035522,-4.516602,1.525879,11.840820
14961,0.059204,0.008057,0.956055,-4.394531,1.220703,12.878418
14971,0.026978,0.089600,1.102417,-4.394531,1.159668,14.587402
14981,0.006958,-0.052246,0.990356,-3.845215,1.281738,16.845703
14992,-0.003906,0.114990,1.121460,-3.479004,2.868652,18.798828
15001,-0.007813,-0.118774,0.984375,-3.173828,2.624512,20.874023
15013,-0.017090,0.028198,1.024902,-3.601074,2.075195,22.827148
15022,-0.023315,-0.076538,0.887207,-4.150391,1.464844,22.705078
15032,-0.061401,-0.145874,0.995361,-4.516602,0.793457,22.766113
15041,-0.013672,-0.127319,1.031982,-4.882812,0.427246,22.460937
15051,-0.014648,-0.078247,1.047974,-5.126953,0.549316,21.972656
15061,-0.013184,-0.095825,1.058960,-5.126953,0.061035,21.606445
15071,-0.012817,-0.140747,1.015137,-4.455566,-1.098633,20.690918
15083,0.010010,-0.261353,0.962891,-3.540039,-2.502441,19.165039
15092,0.071533,-0.305054,0.841187,-3.417969,-3.112793,18.554687
15102,0.065674,-0.111816,0.989990,-3.417969,-3.234863,17.639160
15111,0.024780,-0.205322,0.981689,-2.868652,-3.906250,16.723633
15122,0.033813,-0.161133,1.011353,-2.563477,-3.845215,15.930176
15131,0.026733,-0.193970,1.054810,-1.892090,-4.211426,14.953613
15142,-0.008545,-0.361084,0.884155,-1.037598,-4.394531,13.732910
15151,-0.020264,-0.229614,1.006104,-1.220703,-5.249023,12.084961
15161,-0.001099,-0.354004,0.900879,-2.075195,-5.981445,9.155273
15172,0.026978,-0.125732,1.013428,-2.136230,-6.774902,7.873535
15181,0.055420,-0.208130,0.933228,-2.014160,-7.507324,6.469727
15191,0.052612,-0.116211,0.980835,-1.525879,-7.568359,5.371094
15201,0.073853,-0.380127,0.859131,-0.915527,-7.690430,4.089355
15211,0.020142,-0.174561,0.963745,-1.098633,-7.629395,2.563477
15221,0.031738,-0.098267,0.992554,-0.915527,-8.483887,1.342773
15231,0.028931,-0.338745,0.951660,-0.427246,-9.155273,-1.342773
15242,-0.003174,-0.089111,1.102783,-0.549316,-9.521484,-2.075195
15252,0.023804,-0.141479,1.061646,-0.793457,-8.789063,-2.502441
15261,0.016357,-0.071167,1.045044,-0.427246,-8.728027,-2.502441
15271,0.053467,-0.135986,1.039307,-0.122070,-7.568359,-2.624512
15281,-0.013916,-0.226196,0.897095,-0.427246,-8.239746,-2.624512
15293,0.043213,-0.110718,1.008179,-1.281738,-7.141113,-2.380371
15302,-0.079712,-0.062988,0.922363,-1.953125,-6.896973,-2.685547
15312,-0.072021,0.102539,1.085083,-2.319336,-6.286621,-2.685547
15322,-0.050537,-0.118896,1.047974,-1.892090,-6.408691,-3.295898
15331,-0.026733,-0.001221,1.151978,-1.464844,-5.676270,-4.150391
15341,-0.068237,0.038940,1.162476,-0.610352,-5.981445,-4.760742
15351,-0.050171,-0.214355,1.073975,0.122070,-6.835937,-4.943848
15361,-0.116699,-0.220093,0.916260,0.732422,-6.713867,-5.432129
15373,-0.095093,-0.233765,0.824463,0.305176,-5.371094,-5.615234
15383,-0.087280,-0.163696,0.820679,-0.244141,-3.967285,-6.103516
15393,-0.008667,-0.046875,0.922729,-1.281738,-4.028320,-6.835937
15402,-0.019043,-0.265259,0.789307,-1.525879,-1.770020,-7.568359
15412,0.046387,-0.023560,0.995117,-2.990723,-3.601074,-8.300781
15421,0.059570,-0.067749,1.078857,-2.441406,-3.417969,-9.582520
15431,0.051392,-0.089111,1.057373,-2.746582,-5.432129,-10.437012
15441,0.068726,0.084473,1.166382,-0.976562,-4.089355,-10.681152
15452,0.055176,-0.259766,0.922607,-0.183105,-2.929688,-10.803223
15462,0.076904,-0.049927,1.000732,-0.122070,-4.638672,-11.535645
15471,0.044067,-0.221680,0.891602,-0.427246,-4.272461,-11.474609
15481,0.005615,-0.181885,0.827759,0.183105,-4.333496,-12.084961
15491,0.028931,-0.162964,0.844116,-0.366211,-1.525879,-11.474609
15501,0.029907,-0.291748,0.742065,-1.281738,-2.807617,-11.108398
15512,0.055054,-0.073364,1.056519,-2.563477,-1.770020,-10.742188
15522,0.006104,-0.139282,1.056885,-2.868652,-1.220703,-10.131836
15531,-0.018311,0.136597,1.185547,-2.136230,-1.159668,-9.948730
15541,0.006226,-0.066528,1.169556,-0.915527,-0.610352,-9.704590
15551,-0.070435,-0.306152,0.964111,-0.427246,-0.061035,-9.338379
15561,-0.078979,-0.021240,1.048096,-0.671387,0.000000,-8.972168
15573,-0.100830,-0.024536,1.020996,-1.831055,1.831055,-7.080078
15582,-0.000488,-0.024414,0.967041,-2.319336,2.258301,-5.981445
15592,-0.036987,-0.106689,0.883057,-2.746582,2.990723,-4.882812
15601,-0.018677,-0.040039,0.919800,-3.417969,3.173828,-4.028320
15611,-0.007324,0.037476,1.069580,-3.906250,3.356934,-3.723145
15620,0.000854,-0.175659,0.990356,-4.028320,4.028320,-3.540039
15631,-0.066040,-0.007935,1.073975,-3.967285,3.845215,-3.356934
15641,-0.014526,0.008423,1.136719,-3.417969,3.906250,-2.929688
15653,-0.007568,-0.036499,1.026245,-3.356934,4.882812,-0.854492
15663,0.054687,0.077515,1.136353,-3.601074,5.065918,0.671387
15673,-0.001343,-0.242798,0.868530,-3.479004,5.126953,1.770020
15682,0.005371,-0.025024,0.979370,-3.417969,5.554199,2.807617
15691,-0.026611,-0.059692,1.050171,-3.234863,6.103516,3.906250
15701,0.001831,-0.300659,0.922974,-3.112793,5.920410,4.028320
15711,-0.029297,-0.085815,1.017822,-2.990723,5.981445,4.333496
15722,-0.049805,-0.260010,1.011475,-2.197266,5.798340,5.249023
15732,-0.053833,-0.190918,0.979004,-1.037598,5.859375,5.554199
15742,-0.000488,-0.131836,0.992065,-0.915527,5.737305,5.798340
15751,-0.053467,-0.261108,0.977905,-1.159668,5.798340,6.042480
15761,-0.006958,-0.081299,1.023804,-1.342773,5.371094,5.981445
15771,0.025757,-0.016846,1.134399,-1.281738,5.981445,6.225586
15781,0.042603,-0.167480,0.958984,-0.488281,5.126953,6.347656
15793,0.024170,-0.031006,1.048096,0.732422,5.798340,7.385254
15802,0.068970,-0.135620,1.060303,1.525879,5.432129,7.446289
15812,0.010620,-0.227905,1.005371,1.953125,4.699707,7.324219
15821,0.084839,-0.196289,0.973145,2.258301,4.455566,7.629395
15831,0.007690,-0.158813,0.963013,2.441406,4.638672,7.873535
15841,0.091675,-0.330933,0.948120,2.075195,3.906250,8.178711
15851,-0.033081,-0.223633,0.990845,1.464844,3.723145,7.995605
15861,0.025879,0.097168,1.080322,0.976562,3.540039,8.789063
15872,0.027222,-0.338013,0.803101,1.159668,3.417969,9.094238
15882,0.014160,-0.088013,0.891846,0.976562,2.990723,9.460449
15891,0.002563,0.101563,1.030884,0.793457,2.929688,9.704590
15901,-0.010132,-0.125732,0.960083,0.732422,2.929688,10.131836
15911,-0.015381,-0.172119,0.992310,0.366211,3.417969,10.314941
15921,-0.009033,0.046387,1.052856,0.427246,2.990723,10.681152
15931,-0.050781,0.055542,1.033081,0.244141,3.112793,11.169434
15942,-0.061035,-0.064575,0.937988,0.244141,3.112793,11.718750
15952,0.029053,0.082397,1.041992,0.183105,2.563477,11.596680
15961,-0.000488,-0.075195,1.017700,0.244141,2.380371,12.084961
15971,0.012085,-0.154907,0.967896,0.549316,1.647949,11.779785
15981,0.001099,-0.022461,1.053833,0.976562,2.563477,12.329102
15991,-0.009521,-0.149048,1.030273,1.159668,1.892090,12.451172
16003,-0.023560,-0.111450,0.965576,0.366211,1.159668,12.145996
16013,0.057007,0.081299,1.110718,0.000000,0.915527,12.145996
16022,0.024658,-0.154541,1.015625,-0.183105,0.793457,12.573242
16031,0.010376,-0.239014,0.923462,-0.122070,1.220703,13.061523
16040,-0.003052,-0.073608,1.050293,0.183105,1.464844,13.183594
16051,0.035767,-0.054077,1.091553,0.000000,1.098633,12.756348
16060,0.037720,-0.233521,0.943359,-0.610352,0.122070,12.207031
16073,0.157837,-0.047485,1.004639,-0.976562,-1.403809,11.291504
16083,0.165771,-0.073486,0.907715,-1.831055,-2.441406,10.986328
16092,0.164673,-0.136353,0.959717,-2.624512,-3.417969,10.681152
16102,0.180542,0.091919,1.093994,-3.173828,-4.455566,10.070801
16111,0.138916,-0.076904,1.049561,-3.173828,-4.760742,9.460449
16120,0.049927,-0.254028,0.938477,-2.807617,-4.943848,8.605957
16131,0.060303,0.075073,1.025513,-2.929688,-5.371094,7.263184
16142,0.011719,-0.281738,0.973633,-2.563477,-5.981445,4.394531
16152,0.003052,-0.111572,0.998169,-2.014160,-7.019043,2.746582
16161,0.031616,0.140991,1.087891,-1.770020,-7.507324,1.220703
16171,0.052734,-0.205322,1.042725,-1.403809,-7.629395,0.305176
16181,0.040039,-0.307617,0.882935,-0.915527,-7.080078,-0.122070
16191,0.057861,-0.013672,0.970215,-0.854492,-6.958008,-0.793457
16201,0.069824,-0.195435,0.932861,-0.732422,-6.835937,-0.854492
16212,0.073975,-0.264160,0.838623,-1.403809,-7.629395,-1.953125
16222,0.020996,-0.083374,0.825317,-3.723145,-8.117676,-2.380371
16231,-0.002319,-0.143188,0.857788,-3.906250,-7.690430,-2.807617
16241,-0.024048,0.001465,0.977051,-4.089355,-7.202148,-2.868652
16250,-0.014282,-0.194946,0.980591,-4.455566,-8.300781,-2.929688
16261,-0.093628,-0.195312,0.977905,-3.540039,-5.737305,-4.028320
16271,0.012695,0.081787,1.163696,-4.150391,-4.455566,-3.906250
16280,0.020386,-0.045898,1.174438,-4.272461,-9.826660,-4.943848
16292,-0.060181,-0.217163,0.930054,-2.502441,-3.906250,-4.516602
16303,-0.009399,0.073608,1.022461,-2.624512,-5.981445,-4.394531
16312,-0.019043,-0.204346,0.947144,-2.868652,-4.577637,-3.967285
16322,-0.066772,-0.292969,0.770874,-3.845215,-4.394531,-3.417969
16331,-0.082642,0.020508,0.917847,-4.760742,-3.417969,-2.807617
16341,-0.091187,-0.054077,1.021484,-5.432129,-3.295898,-1.953125
16351,-0.087524,-0.142700,0.920532,-5.798340,-3.601074,-1.708984
16360,-0.093506,0.014282,0.976440,-5.371094,-1.586914,-1.464844
16371,-0.058838,-0.140625,0.953247,-5.737305,-2.441406,-1.037598
16381,-0.030396,0.143555,1.074585,-5.493164,-1.281738,-0.732422
16390,-0.040649,0.087646,1.114746,-4.272461,-0.915527,-0.122070
16400,-0.090820,-0.236694,0.979980,-3.356934,-0.793457,0.061035
16411,-0.077515,-0.204102,0.961060,-3.112793,-0.305176,0.305176
16420,-0.081299,0.062988,1.028076,-3.356934,-0.244141,-0.366211
16430,-0.026611,0.004272,1.066406,-3.967285,-0.488281,-1.159668
16441,0.009766,-0.132690,0.976685,-3.784180,-0.122070,-1.708984
16450,0.027466,0.069458,1.036133,-3.784180,-0.122070,-2.075195
16461,0.052246,-0.074585,1.013062,-3.479004,-0.183105,-2.014160
16470,0.045166,-0.192627,0.961670,-3.479004,0.061035,-2.380371
16481,0.061401,0.039795,0.998169,-3.417969,-0.549316,-2.746582
16491,0.112793,0.036865,1.009766,-2.990723,-1.098633,-3.295898
16500,0.074219,-0.233643,0.927124,-2.929688,-1.586914,-3.845215
16511,0.039917,0.008179,1.038452,-2.746582,-1.525879,-3.906250
16521,-0.003662,-0.193359,0.969604,-2.319336,-1.098633,-4.028320
16530,0.002563,-0.208008,1.041504,-2.014160,-0.610352,-4.394531
16541,-0.023071,0.001953,1.069824,-1.342773,-0.183105,-4.699707
16551,-0.032349,-0.076294,1.033447,-1.037598,-0.793457,-4.272461
16561,-0.058350,-0.307861,0.863647,-0.122070,-0.122070,-3.662109
16570,-0.087280,-0.165405,0.822510,-0.732422,0.793457,-3.234863
16581,-0.077271,-0.224731,0.850586,-1.464844,2.014160,-2.319336
16591,-0.063599,-0.074707,0.855591,-2.502441,2.807617,-1.220703
16600,-0.072754,0.078369,1.026855,-2.563477,2.990723,-0.305176
16611,-0.072021,-0.044312,0.995972,-2.563477,3.479004,0.305176
16621,-0.056641,-0.071289,0.972778,-2.685547,3.417969,0.610352
16633,-0.072754,0.072876,1.244263,-1.098633,4.028320,1.281738
16643,-0.009155,-0.064819,1.151611,0.183105,3.845215,2.136230
16652,-0.044434,-0.251831,1.040894,1.892090,3.906250,3.295898
16661,-0.013916,-0.210815,0.944580,2.929688,4.028320,4.089355
16671,0.046143,-0.124023,1.031494,3.112793,4.577637,5.004883
16681,0.088379,-0.153442,0.975586,2.563477,4.760742,5.554199
16690,0.111694,-0.319214,0.871216,1.708984,4.028320,6.225586
16701,0.055786,-0.289307,0.874146,0.671387,3.234863,6.591797
16711,0.106812,-0.160278,1.019775,0.183105,2.075195,6.591797
16721,0.045410,-0.388550,0.927612,-0.061035,1.525879,6.225586
16730,0.012207,-0.304199,0.936768,-0.732422,1.831055,5.493164
16741,-0.001343,-0.017212,0.980835,-1.342773,1.281738,4.943848
16750,0.030273,-0.082886,1.013306,-1.647949,1.037598,4.699707
16761,-0.054321,-0.121216,0.986084,-1.831055,1.342773,4.272461
16770,-0.007446,-0.015869,1.056885,-1.708984,1.647949,2.929688
16782,-0.006348,-0.083862,1.034546,-1.159668,2.014160,2.319336
16792,-0.024780,-0.168335,0.978882,-1.098633,0.793457,1.831055
16801,0.053467,-0.056030,0.954224,-1.281738,0.671387,1.159668
16810,0.037231,0.022461,1.043701,-1.220703,1.464844,1.037598
16821,0.039917,-0.010132,1.044678,-1.647949,0.976562,0.976562
16831,0.056030,-0.191528,0.920288,-2.075195,0.732422,0.976562
16840,0.030151,-0.172119,0.922607,-2.624512,0.610352,1.708984
16852,0.033447,0.121460,1.108643,-2.441406,0.488281,2.258301
16861,0.067139,-0.005249,1.083862,-1.953125,0.488281,2.563477
16871,0.002930,-0.109863,1.061890,-0.793457,0.305176,3.173828
16880,0.023560,-0.196411,1.049072,0.488281,0.366211,3.845215
16890,-0.000610,-0.141479,0.980957,1.159668,0.671387,4.394531
16901,0.000610,-0.307251,0.823486,1.281738,1.098633,5.126953
16910,-0.014038,-0.456787,0.675049,0.427246,0.366211,5.859375
16922,-0.019287,-0.324219,0.780273,-3.356934,0.549316,6.225586
16932,-0.046143,-0.274048,0.867187,-5.310059,1.037598,6.103516
16941,-0.059814,0.059082,1.109619,-6.286621,1.159668,5.920410
16951,-0.060059,0.098511,1.186646,-5.981445,1.403809,5.676270
16960,-0.030273,-0.132568,1.084839,-4.882812,2.197266,5.432129
16971,-0.082886,-0.221313,1.074097,-4.516602,1.586914,5.554199
16980,-0.053711,-0.084839,1.182251,-4.150391,2.014160,4.699707
16992,-0.006714,-0.069702,0.993164,-2.502441,2.685547,4.455566
17002,-0.021851,-0.181885,0.843140,-1.586914,2.197266,3.967285
17011,0.078369,-0.250854,0.732788,-0.915527,2.990723,3.662109
17021,0.118042,-0.036133,0.851318,-1.342773,2.136230,3.051758
17030,0.134155,0.051758,1.088745,-1.647949,1.098633,1.953125
17040,0.099365,-0.081787,1.172974,-1.708984,-0.610352,0.976562
17050,0.066040,-0.090210,1.201416,-1.525879,-1.525879,0.183105
17061,0.093872,-0.203491,1.114990,-0.610352,-0.549316,0.427246
17071,0.073364,-0.297729,1.023926,-0.488281,-0.366211,0.305176
17080,0.023682,-0.369019,1.020874,-1.037598,-0.122070,-0.061035
17091,0.038208,-0.208618,0.986206,-3.845215,-1.220703,-0.671387
17100,0.052979,-0.098389,0.965210,-4.882812,-1.342773,-1.037598
17111,0.073975,-0.180786,0.904175,-5.371094,-1.647949,-2.075195
17120,0.096680,-0.678589,0.084106,-4.821777,-2.502441,-3.295898
17130,-0.130859,-0.249878,0.279419,-13.671875,-3.356934,-3.479004
17141,-0.087158,0.288330,0.310669,-20.507812,-3.845215,-5.004883
17150,-0.000366,0.719238,0.186157,-25.329590,-2.990723,-5.371094
17160,0.000610,1.063110,0.512817,-26.733398,-1.647949,-4.638672
17170,-0.006958,0.741943,0.780151,-24.414062,-2.441406,-5.065918
17180,-0.112671,0.444336,0.944458,-23.986816,-2.502441,-5.126953
17191,-0.072388,0.567749,0.935303,-29.785156,0.000000,-4.333496
17201,-0.009033,0.888550,0.999146,-28.991699,0.244141,-2.807617
17210,0.001099,0.638916,1.143188,-25.634766,-0.061035,-2.014160
17220,0.008301,0.443726,1.553101,-21.362305,0.427246,-1.708984
17230,0.000488,0.249390,1.674438,-17.700195,-0.061035,-0.732422
17241,0.069092,0.668701,2.376831,-14.587402,0.000000,1.220703
17250,0.025024,0.803467,2.007935,-10.559082,0.976562,3.173828
17261,-0.052246,-0.038086,0.268799,2.197266,2.563477,5.554199
17271,0.028076,0.375488,1.883545,1.220703,2.014160,6.591797
17280,-0.158936,0.323242,2.038086,-3.173828,0.610352,7.812500
17290,-0.229004,0.342651,0.773193,-6.042480,1.037598,8.728027
17300,-0.059570,0.620728,-0.156860,-4.882812,2.807617,10.192871
17310,0.116821,0.993286,0.547974,0.183105,6.591797,11.596680
17320,-0.068481,0.750732,1.981812,2.380371,5.676270,11.657715
17331,-0.101440,-0.071899,1.869141,-1.770020,1.464844,6.896973
17341,0.247314,1.022339,0.175049,-4.455566,1.831055,5.371094
17350,0.154785,1.581177,1.008301,-3.356934,2.136230,6.713867
17360,-0.044312,0.942261,1.746216,-0.366211,1.647949,8.789063
17370,-0.125977,0.041382,1.365112,1.037598,1.159668,9.399414
17380,0.126587,0.109619,0.702515,-2.014160,0.793457,7.995605
17390,0.347046,1.351196,0.683594,-7.690430,1.403809,7.507324
17401,0.085571,1.613647,1.276733,-1.770020,-0.244141,8.789063
17411,-0.058960,-0.243774,1.034912,3.479004,-0.366211,4.943848
17421,0.228638,0.300537,0.703857,-0.244141,-1.708984,1.647949
17430,0.222412,1.083008,0.919312,-5.065918,-1.159668,1.525879
17440,-0.131714,1.073730,1.357788,-5.981445,-0.976562,2.624512
17450,-0.218018,0.234375,0.929565,-2.685547,-0.915527,2.197266
17460,0.031372,0.252075,0.619263,-0.549316,-0.427246,0.305176
17470,0.263672,0.669922,0.840576,-1.464844,0.488281,-0.610352
17481,-0.178711,0.453735,1.228149,-2.929688,-1.525879,-0.244141
17491,-0.139282,0.098999,0.688721,-1.831055,-0.488281,-1.159668
17500,0.132446,0.617554,0.744019,-2.563477,0.671387,-2.380371
17510,0.050293,1.006470,1.180664,-4.638672,0.305176,-2.014160
17520,-0.160889,0.770630,1.235718,-5.371094,-0.854492,-1.464844
17531,-0.125854,0.472168,0.826172,-4.150391,0.915527,-1.708984
17540,0.039307,0.701050,0.707153,-3.601074,1.770020,-2.807617
17551,0.025024,1.001831,1.200562,-4.333496,0.610352,-3.234863
17560,0.059814,0.430298,0.975708,-2.929688,0.610352,-2.563477
17570,0.161865,0.607056,0.870728,-2.258301,0.732422,-3.173828
17580,0.303589,0.919556,0.953979,-2.563477,0.366211,-3.479004
17590,0.111206,0.862305,1.096436,-1.708984,-0.854492,-2.624512
17600,-0.010620,0.476929,1.131714,-0.244141,-1.281738,-2.258301
17611,-0.055664,0.248901,0.927124,-1.159668,0.488281,-3.906250
17621,0.008301,0.776733,1.051147,-3.295898,1.464844,-4.699707
17630,-0.125244,0.652222,1.065552,-3.784180,0.671387,-4.699707
17640,-0.112183,0.473511,0.968994,-3.723145,1.403809,-5.249023
17650,-0.058960,0.538086,0.899780,-4.394531,1.403809,-5.981445
17660,-0.033325,0.702881,1.040527,-5.126953,1.525879,-6.469727
17670,-0.155151,0.770630,1.126709,-5.859375,2.197266,-5.981445
17680,-0.226196,0.723511,1.020142,-6.408691,2.685547,-5.798340
17691,-0.082153,0.790283,0.931519,-4.882812,6.347656,-6.103516
17701,0.004395,0.832642,1.031494,-5.249023,4.577637,-5.981445
17710,0.019165,0.786865,1.015137,-5.798340,5.310059,-5.187988
17720,0.094482,0.748535,0.947266,-5.920410,5.737305,-4.333496
17730,0.178833,0.855957,0.917358,-5.981445,4.943848,-3.112793
17739,0.173950,0.864502,0.976318,-5.676270,3.540039,-0.793457
17751,0.127808,0.799194,1.060913,-3.723145,5.615234,1.525879
17760,0.088745,0.770874,1.029175,-2.197266,5.065918,2.258301
17769,0.134521,0.483154,0.987549,0.122070,5.249023,1.770020
17780,0.133789,0.510864,1.070313,0.915527,4.272461,1.464844
17790,0.077148,0.401245,1.041260,2.380371,4.150391,1.770020
17800,0.067993,0.304565,0.984619,4.394531,4.638672,2.014160
17809,0.105591,0.258179,0.907349,6.835937,5.187988,1.586914
17820,0.100220,0.207520,0.842651,8.728027,4.333496,1.220703
17832,0.018433,0.206787,1.043457,11.108398,3.906250,-1.220703
17841,0.004150,0.126221,0.981812,13.305664,3.356934,-3.112793
17850,0.002563,0.165527,0.961304,16.235352,0.366211,-5.065918
17860,-0.002930,0.257446,0.963501,19.592285,3.112793,-6.591797
17869,-0.043213,0.250122,0.927979,20.690918,0.976562,-6.652832
17880,-0.081299,-0.698486,0.947388,23.315430,4.333496,-6.347656
17891,0.028931,-1.204224,1.414429,11.230469,5.371094,-3.662109
17901,0.185303,-0.467285,1.735962,4.760742,2.319336,-2.136230
17911,0.139893,-0.171997,0.908447,6.958008,2.807617,-2.624512
17920,0.262207,0.078613,1.203125,11.779785,1.098633,-3.051758
17929,0.012451,-0.062012,1.184692,14.831543,-0.610352,-1.281738
17940,0.006348,-0.142334,1.023193,14.770508,1.220703,0.854492
17950,-0.079468,0.109253,1.141113,12.023926,2.014160,2.075195
17961,-0.002197,0.314697,1.064941,9.948730,2.807617,0.122070
17970,0.014282,0.362671,1.065430,10.437012,4.821777,0.122070
17980,0.079712,0.312744,1.223511,10.070801,3.662109,0.305176
17989,0.046753,0.188721,1.266357,10.559082,4.821777,0.488281
18000,0.084229,0.039429,1.258911,11.718750,3.051758,-0.915527
18010,0.042969,-0.012939,1.169678,12.145996,2.624512,-2.807617
18020,0.017212,-0.090210,1.084106,12.451172,2.624512,-3.845215
18030,-0.019775,-0.234619,0.969971,13.305664,2.929688,-4.882812
18041,-0.088501,-0.318237,0.819702,13.854980,3.112793,-6.591797
18051,-0.082397,-0.322388,0.735840,12.939453,3.112793,-7.141113
18060,-0.090454,-0.335571,0.714722,12.451172,3.417969,-7.690430
18069,-0.067505,-0.360474,0.720459,11.840820,4.089355,-8.056641
18080,-0.024048,-0.425293,0.697998,11.291504,4.333496,-7.995605
18089,0.053345,-0.447876,0.696655,10.620117,4.455566,-7.568359
18100,0.062134,-0.417847,0.707031,9.643555,4.150391,-7.446289
18111,0.133911,-0.323730,0.671631,8.483887,3.845215,-6.103516
18120,0.164917,-0.318359,0.721924,6.591797,3.906250,-5.126953
18129,0.182495,-0.275757,0.766113,5.859375,3.784180,-3.967285
18140,0.197754,-0.222046,0.847534,4.821777,3.601074,-2.258301
18150,0.206299,-0.190063,0.868530,4.028320,3.356934,-0.793457
18160,0.214355,-0.127686,0.871216,3.417969,2.807617,0.549316
18171,0.191040,-0.126587,0.905029,2.624512,1.708984,2.807617
18180,0.169067,-0.135620,0.981812,2.197266,1.647949,3.662109
18189,0.171387,-0.123901,1.027222,2.075195,1.647949,4.333496
18200,0.174438,-0.137207,1.032837,1.708984,1.708984,4.638672
18210,0.196289,-0.174316,1.041870,1.159668,0.488281,4.272461
18219,0.171997,-0.199097,1.009033,0.122070,0.000000,3.479004
18230,0.084839,-0.118774,0.947632,-1.220703,-1.403809,1.831055
18241,0.021484,-0.051270,0.897705,-1.953125,-3.662109,-1.708984
18250,0.017334,-0.129028,0.959106,-1.464844,-4.028320,-2.929688
18261,0.122192,-0.218628,0.979126,-1.708984,-4.394531,-3.906250
18270,0.167236,-0.219604,1.023438,-2.258301,-3.906250,-4.699707
18280,0.146973,-0.201904,1.008301,-2.929688,-4.516602,-5.187988
18289,0.110352,-0.189331,1.008545,-2.746582,-4.272461,-5.310059
18300,0.082031,-0.210693,1.019531,-2.441406,-4.638672,-5.004883
18309,0.098755,-0.299561,1.006104,-1.831055,-4.638672,-4.882812
18321,0.092163,-0.308105,0.920654,-1.525879,-4.150391,-4.821777
18330,0.079346,-0.256836,0.943359,-2.258301,-5.798340,-5.859375
18340,0.033203,-0.236328,0.883301,-1.953125,-5.615234,-5.737305
18349,0.024170,-0.300537,0.899292,-1.342773,-6.042480,-5.493164
18360,0.029297,-0.346802,0.932739,-1.098633,-5.126953,-4.638672
18369,0.070312,-0.253296,0.975952,-1.464844,-4.272461,-3.784180
18380,0.047607,-0.282837,0.977661,-1.525879,-3.967285,-2.990723
18391,0.051758,-0.221191,0.909790,-1.281738,-3.234863,-0.915527
18400,0.032837,-0.099976,0.912476,-2.380371,-3.479004,-0.061035
18410,0.022583,-0.055542,0.942627,-2.685547,-3.112793,0.732422
18420,0.009644,-0.067139,0.977539,-2.807617,-3.417969,1.708984
18429,0.012451,-0.064331,1.000122,-2.990723,-2.868652,3.112793
18440,0.006836,-0.091431,1.036499,-2.868652,-2.380371,5.065918
18449,-0.002563,-0.128784,1.025513,-2.807617,-2.014160,6.958008
18462,0.001709,-0.148315,0.990112,-2.624512,-1.770020,9.582520
18471,-0.011841,-0.145386,1.000122,-2.502441,-1.464844,10.559082
18481,-0.036987,-0.117798,0.971436,-2.807617,-1.159668,11.352539
18490,-0.042603,-0.123779,0.988525,-2.868652,-0.671387,12.145996
18499,-0.057739,-0.144531,0.987183,-2.868652,0.183105,12.573242
18510,-0.078857,-0.138428,0.971191,-3.051758,0.610352,12.390137
18519,-0.067749,-0.146118,0.970215,-3.356934,0.244141,11.840820
18531,-0.015381,-0.160400,0.930786,-3.234863,0.244141,9.399414
18541,0.002563,-0.172974,0.880005,-3.173828,0.427246,7.934570
18550,0.009888,-0.180176,0.876709,-3.356934,-0.061035,6.835937
18559,0.003296,-0.152832,0.905029,-3.784180,0.305176,6.164551
18570,0.014526,-0.143066,0.941650,-4.150391,0.061035,6.164551
18580,0.053589,-0.159424,0.989624,-4.089355,1.098633,6.469727
18589,0.060669,-0.155396,1.005127,-4.150391,1.708984,6.652832
18601,0.047119,-0.129639,0.999023,-4.516602,-0.488281,6.347656
18611,0.058594,-0.115356,0.959595,-3.784180,1.953125,5.798340
18620,0.078857,-0.081543,0.966309,-4.516602,0.000000,5.554199
18629,0.099731,-0.062378,0.988281,-4.089355,0.244141,4.394531
18639,0.102051,-0.067383,0.992798,-4.211426,0.061035,4.028320
18650,0.094849,-0.074463,1.005493,-4.028320,-0.244141,3.967285
18659,0.100220,-0.087646,1.015381,-4.028320,-0.183105,4.089355
18671,0.146240,-0.107056,1.046509,-3.845215,-0.183105,3.295898
18683,0.139648,-0.108276,1.064453,-3.601074,-1.159668,2.441406
18693,0.127197,-0.097168,1.080078,-3.295898,-1.037598,1.220703
18702,0.100464,-0.074341,1.069580,-3.417969,-1.953125,0.061035
18711,0.076172,-0.046753,1.067627,-3.295898,-2.868652,-0.793457
18721,0.063354,-0.021484,1.071289,-3.112793,-2.868652,-1.159668
18730,0.070435,-0.024536,1.056030,-2.746582,-3.051758,-1.342773
18741,0.076172,-0.038818,1.037598,-2.136230,-3.234863,-1.647949
18751,0.069336,-0.047852,1.029053,-2.197266,-3.723145,-1.647949
18760,0.065063,-0.065308,1.010620,-1.953125,-3.112793,-1.892090
18770,0.063843,-0.079956,1.001221,-1.831055,-4.028320,-2.197266
18779,0.053711,-0.084839,1.005615,-1.708984,-3.601074,-2.380371
18790,0.038818,-0.090942,1.011353,-1.342773,-3.601074,-2.380371
18799,0.020752,-0.098145,0.997437,-1.098633,-4.211426,-2.319336
18811,0.028320,-0.101318,0.973633,-0.976562,-2.319336,-2.380371
18820,0.030884,-0.096680,0.978516,-1.220703,-3.784180,-2.685547
18830,0.020020,-0.091675,0.984497,-1.464844,-3.784180,-3.051758
18839,0.015015,-0.096924,0.986816,-1.708984,-4.272461,-2.868652
18850,0.020630,-0.100464,0.991089,-1.281738,-3.417969,-2.258301
18864,0.022217,-0.091431,0.999146,-1.281738,-2.563477,-0.305176
18874,0.022095,-0.086792,0.994507,-1.464844,-5.615234,0.061035
18883,0.022949,-0.078369,0.985596,-1.037598,-2.929688,0.549316
18893,0.023437,-0.074829,0.986206,-1.159668,-2.868652,1.037598
18902,0.023071,-0.078125,0.992920,-1.464844,-3.356934,1.525879
18911,0.024414,-0.088745,0.999756,-1.098633,-1.586914,1.525879
18921,0.023560,-0.100830,1.000488,-0.915527,-2.502441,1.953125
18930,0.019165,-0.108887,1.002563,-1.159668,-2.563477,2.380371
18939,0.020630,-0.115234,1.002319,-0.732422,-1.831055,2.441406
18951,0.019409,-0.116211,0.995972,-1.220703,-4.638672,2.563477
18960,0.010010,-0.117065,0.994019,-1.098633,-3.845215,2.441406
18970,0.008423,-0.127441,0.983643,-0.976562,-1.098633,3.051758
18979,0.006714,-0.123779,0.980347,-1.159668,-4.455566,2.868652
18989,0.006714,-0.096680,0.973511,-1.037598,0.061035,3.112793
19000,0.013062,-0.078857,0.970947,-1.708984,-2.197266,3.601074
19009,0.019165,-0.067871,0.978516,-1.403809,-1.464844,3.173828
19021,0.030151,-0.066162,0.988647,-1.892090,-3.051758,3.417969
19030,0.028687,-0.071899,0.989258,-1.342773,-2.624512,3.784180
19040,0.028564,-0.090820,0.997070,-1.281738,-1.647949,4.089355
19049,0.034668,-0.113159,1.002075,-1.403809,-1.525879,4.699707
19060,0.030273,-0.130859,1.002441,-1.159668,-1.831055,5.371094
19069,0.016724,-0.144775,0.994873,-1.342773,-2.441406,5.676270
19080,0.008667,-0.156494,0.997437,-1.403809,-2.258301,5.737305
19089,0.021362,-0.153564,1.003174,-1.220703,-2.136230,4.882812
19100,0.002075,-0.154297,0.996216,-1.281738,-2.014160,4.943848
19110,0.034912,-0.152710,0.982788,-1.159668,-1.831055,4.882812
19119,0.019287,-0.151978,0.969238,-1.403809,-2.380371,5.126953
19130,-0.013672,-0.137695,0.965698,-1.586914,-2.136230,5.493164
19139,-0.027588,-0.109131,0.955811,-1.647949,-1.708984,6.408691
19149,-0.006714,-0.036865,1.027832,-1.647949,-1.220703,6.835937
19161,-0.013306,-0.165649,0.997192,-1.159668,-1.403809,5.737305
19171,0.035645,-0.130615,1.034546,-1.159668,-1.647949,4.150391
19180,0.067749,-0.125977,1.015503,-1.342773,-2.319336,2.685547
19190,0.092285,-0.114502,1.002197,-1.281738,-2.624512,1.098633
19199,0.070923,-0.197876,0.942383,-1.220703,-3.479004,-0.122070
19209,0.095337,-0.087769,1.027832,-1.159668,-3.112793,-0.732422
19220,0.083984,-0.065552,1.057739,-1.708984,-3.417969,-1.647949
19229,0.025513,-0.071655,1.007935,-1.770020,-3.295898,-3.540039
19240,-0.039551,-0.083252,0.918457,-1.281738,-3.662109,-4.516602
19250,-0.039551,-0.185791,0.911377,-0.976562,-3.662109,-5.432129
19259,-0.088623,-0.184937,0.974243,-1.220703,-4.394531,-6.530762
19269,-0.093506,-0.151001,1.000610,-1.892090,-3.723145,-6.408691
19280,0.036621,-0.104614,1.057861,-1.892090,-3.173828,-5.371094
19289,-0.026123,-0.082031,1.049805,-1.342773,-2.746582,-5.371094
19302,-0.068604,-0.271240,0.972168,-0.427246,-2.624512,-4.821777
19311,-0.001709,-0.206055,1.037720,-0.854492,-1.586914,-5.737305
19321,-0.035156,-0.161011,1.007080,-0.732422,-1.342773,-7.141113
19330,-0.211182,-0.152222,0.962402,-0.610352,-1.525879,-9.216309
19340,-0.153687,-0.172974,0.934692,-0.366211,-1.281738,-10.437012
19350,-0.010010,-0.217163,0.947632,-0.549316,0.000000,-10.986328
19359,0.013916,-0.154419,0.974976,-1.037598,0.000000,-11.291504
19372,-0.045288,-0.095215,0.981689,-1.586914,-0.549316,-8.605957
19381,-0.046143,-0.123169,0.981323,-1.220703,0.000000,-6.835937
19391,-0.090454,-0.141724,0.993896,-1.281738,0.427246,-5.676270
19400,-0.111328,-0.145264,0.992065,-0.976562,1.220703,-4.760742
19410,-0.070557,-0.160034,0.985107,-1.037598,1.403809,-3.967285
19419,0.007568,-0.169678,0.971924,-1.098633,2.380371,-3.295898
19430,0.052979,-0.142456,0.987549,-1.159668,2.807617,-2.380371
19439,0.057861,-0.101440,1.002075,-1.342773,2.014160,0.549316
19450,0.144287,-0.263184,1.030884,-0.915527,1.892090,3.967285
19460,0.068604,-0.251587,0.961060,-1.525879,1.220703,3.967285
19469,-0.040527,-0.162476,0.968384,-1.892090,0.549316,5.249023
19480,0.026367,-0.132080,0.955200,-2.014160,1.159668,7.263184
19489,0.164062,-0.188477,0.976318,-1.525879,2.075195,8.605957
19499,0.093628,-0.228638,0.997192,-1.403809,1.708984,9.826660
19511,0.107544,-0.211792,1.013794,-2.014160,1.586914,12.145996
19521,0.131470,-0.206665,1.006836,-2.136230,1.647949,12.756348
19530,0.098755,-0.214966,0.982666,-2.014160,1.037598,12.634277
19539,0.031372,-0.242187,0.956543,-1.647949,0.549316,11.901855
19550,0.016235,-0.295776,0.950317,-1.403809,0.488281,11.352539
19559,0.013306,-0.302490,0.981323,-1.708984,-0.122070,10.620117
19570,0.013550,-0.258301,1.007813,-2.136230,0.061035,9.826660
19579,-0.012451,-0.235718,0.999023,-2.197266,-0.122070,8.728027
19591,-0.041992,-0.277466,0.937134,-1.647949,0.000000,8.422852
19600,-0.054199,-0.266724,0.956543,-1.831055,0.610352,8.056641
19609,-0.057495,-0.246582,0.977661,-2.197266,0.244141,7.629395
19619,-0.052979,-0.247192,0.984375,-2.136230,0.244141,6.896973
19630,-0.043945,-0.279541,0.966919,-1.708984,0.366211,5.981445
19639,-0.018555,-0.288696,0.969849,-1.708984,0.488281,5.004883
19651,0.035889,-0.315308,1.000366,-1.342773,0.122070,3.112793
19661,0.050781,-0.326782,0.988770,-1.159668,0.305176,2.441406
19670,0.049927,-0.304443,0.976929,-1.464844,0.305176,1.953125
19680,0.041016,-0.269775,0.987305,-1.403809,0.122070,1.464844
19689,0.014160,-0.246094,1.005615,-1.098633,0.305176,0.915527
19699,-0.014893,-0.265747,1.013672,-0.976562,0.061035,0.366211
19709,-0.038086,-0.290894,0.984619,-0.793457,0.183105,-0.549316
19722,-0.040894,-0.184814,0.966431,-2.258301,0.244141,-1.098633
19731,-0.039063,-0.119629,0.968750,-2.197266,0.366211,-0.976562
19741,-0.028442,-0.115723,0.971191,-1.586914,0.122070,-0.854492
19750,-0.007935,-0.177368,0.953613,-0.854492,0.915527,-0.183105
19760,0.013306,-0.206909,0.958862,-0.793457,0.976562,1.403809
19769,0.026123,-0.173950,0.997803,-1.098633,1.892090,3.112793
19780,0.003540,-0.150391,1.034790,-1.464844,2.136230,4.760742
19789,-0.006958,-0.167480,0.990234,-1.342773,1.892090,6.958008
19800,-0.028320,-0.169067,0.929077,-1.953125,2.685547,7.751465
19810,-0.023682,-0.086670,1.003052,-2.380371,2.380371,8.300781
19820,-0.040527,-0.098755,1.016602,-2.197266,2.807617,8.483887
19829,-0.062256,-0.168213,0.971558,-1.892090,2.563477,8.850098
19839,-0.073853,-0.188232,0.946533,-1.525879,3.234863,9.155273
19849,-0.049194,-0.119751,1.016968,-1.953125,3.356934,9.399414
19859,-0.031860,-0.121460,1.032837,-1.831055,4.455566,10.314941
19870,-0.068237,-0.217651,0.930664,-1.708984,4.150391,10.314941
19880,-0.051392,-0.152344,0.991821,-1.953125,5.126953,10.498047
19889,-0.023315,-0.115723,1.052246,-2.319336,5.859375,10.803223
19899,-0.031616,-0.153931,1.015381,-2.014160,5.920410,10.864258
19910,-0.054687,-0.154541,0.999756,-1.831055,5.310059,10.437012
19919,-0.060913,-0.114868,1.031250,-1.770020,5.554199,10.620117
19929,-0.014038,-0.112061,1.045044,-1.586914,6.835937,13.366699
19940,-0.020508,-0.140991,0.943604,-1.464844,6.042480,14.526367
19950,-0.007690,-0.095093,0.968140,-1.647949,6.835937,16.113281
19960,0.016602,-0.095093,1.008911,-1.770020,7.446289,18.066406
19969,0.000610,-0.151123,0.963623,-1.708984,7.507324,19.531250
19980,-0.009033,-0.144165,0.980835,-1.770020,7.446289,19.836426
19989,0.026855,-0.139038,1.023071,-1.953125,8.544922,20.141602
20002,0.133545,-0.235229,0.995972,-2.197266,7.751465,18.859863
20011,0.149658,-0.187622,1.000000,-2.563477,6.835937,16.357422
20020,0.150513,-0.107300,1.005737,-2.746582,6.652832,14.709473
20030,0.154663,-0.107300,1.006958,-2.441406,5.859375,13.671875
20039,0.140747,-0.145996,0.975708,-1.892090,5.249023,12.573242
20049,0.150024,-0.163940,0.975586,-1.831055,4.821777,11.901855
20060,0.139282,-0.173950,1.002319,-2.014160,4.333496,12.207031
20069,0.128906,-0.208008,0.991577,-1.953125,3.173828,12.084961
20080,0.126709,-0.101196,1.018799,-2.319336,2.868652,10.986328
20090,0.104858,-0.116699,1.015259,-2.014160,2.807617,10.437012
20099,0.083862,-0.193237,0.955811,-1.464844,2.197266,9.155273
20110,0.096191,-0.202393,0.979858,-1.403809,1.647949,7.141113
20119,0.119873,-0.184082,1.028442,-1.403809,1.892090,6.164551
20129,0.087646,-0.205322,1.013184,-1.525879,1.220703,5.981445
20141,0.074829,-0.140625,0.987061,-1.770020,0.122070,4.699707
20151,0.076904,-0.131104,0.973877,-1.892090,-2.075195,4.882812
20160,0.073364,-0.178223,0.893433,-1.098633,1.098633,5.249023
20170,0.085205,-0.157349,0.925293,-1.159668,0.122070,5.187988
20179,0.113892,-0.120850,1.008423,-1.159668,0.366211,5.371094
20190,0.099243,-0.158447,1.004883,-0.915527,0.244141,5.554199
20199,0.119263,-0.158569,1.034668,-0.915527,-0.122070,5.432129
20211,0.102661,-0.133057,1.025635,-1.159668,-0.793457,4.394531
20220,0.090088,-0.167480,0.962158,-0.976562,-1.281738,3.723145
20230,0.094604,-0.133423,1.001831,-1.342773,-1.159668,3.112793
20239,0.067627,-0.142334,0.998535,-1.403809,-1.220703,2.441406
20249,0.153809,-0.456909,1.111084,-0.793457,-1.220703,1.708984
20260,0.054687,-0.298828,0.889526,-0.854492,-2.136230,1.037598
20269,0.069092,-0.078491,1.084961,-0.671387,-1.708984,-0.122070
20279,0.114014,-0.180298,0.959351,-0.061035,-1.953125,-2.990723
20290,0.152466,0.055664,0.935059,-0.671387,-4.760742,-3.906250
20300,0.200195,0.008423,0.793945,0.610352,-5.065918,-3.601074
20309,0.233643,-0.044800,0.973022,1.281738,-4.150391,-2.197266
20319,0.262695,-0.033203,1.105103,1.281738,-3.479004,-0.122070
20329,0.200317,-0.051636,1.089355,0.732422,-4.577637,1.464844
20339,0.072998,0.107666,0.960083,0.183105,-5.004883,2.990723
20351,0.173828,0.045776,1.101685,0.549316,-4.455566,5.187988
20361,-0.005737,0.105591,1.040771,0.183105,-3.784180,6.835937
20370,-0.161377,0.085815,1.001343,-0.183105,-3.784180,7.080078
20379,-0.200073,0.029419,0.993774,-0.061035,-4.089355,6.530762
20390,-0.320190,-0.006958,0.979492,-0.061035,-3.234863,6.164551
20399,-0.256836,0.084106,1.012695,-1.098633,-1.525879,6.408691
20409,-0.245117,0.103516,1.018311,-1.586914,0.732422,7.812500
20421,-0.252319,-0.074341,1.000244,-1.220703,3.356934,10.192871
20431,-0.207886,0.004272,1.054199,-2.319336,3.723145,11.230469
20440,-0.146240,0.010620,1.035400,-2.624512,5.371094,12.817383
20450,-0.026855,-0.093872,0.965454,-2.441406,6.347656,14.892578
20459,0.048462,-0.185669,0.932373,-2.380371,6.958008,16.784668
20469,0.101563,-0.140991,0.981445,-2.807617,6.652832,18.859863
20479,0.152588,-0.135620,1.025024,-2.990723,6.286621,21.057129
20489,0.181274,-0.185303,1.001831,-2.929688,6.469727,24.902344
20500,0.207031,-0.054932,0.936890,-2.868652,5.798340,26.245117
20510,0.300659,-0.212158,0.945190,-2.990723,5.798340,28.015137
20519,0.035767,-0.246582,0.864746,-2.929688,6.347656,30.090332
20529,-0.034058,-0.192749,1.056030,-2.624512,7.019043,31.005859
20539,-0.058594,-0.282471,0.990112,-1.892090,6.896973,30.334473
20549,0.035767,-0.254883,0.917847,-2.014160,7.202148,30.029297
20561,-0.029297,-0.204102,0.972290,-1.525879,7.324219,30.334473
20570,0.027100,-0.349487,0.946411,0.061035,5.920410,29.357910
20580,0.072266,-0.179687,0.991577,-0.793457,5.432129,28.991699
20589,0.141724,-0.131470,1.059570,-1.220703,6.347656,29.663086
20599,0.167725,-0.232544,1.012207,-0.732422,7.568359,30.029297
20610,0.159424,-0.102783,0.962769,-0.549316,6.652832,29.418945
20619,0.102295,-0.076050,0.995728,-0.610352,5.432129,29.296875
20629,0.064087,-0.125000,0.942383,-0.305176,4.821777,30.212402
20640,0.047241,-0.033813,1.031372,-0.854492,4.760742,31.005859
20650,0.021606,-0.042236,0.954834,-0.549316,4.760742,32.348633
20659,0.034058,-0.104736,0.899902,0.000000,6.225586,34.301758
20670,0.017456,-0.104736,0.985718,-0.305176,6.408691,36.682129
20679,-0.036865,-0.033081,1.059204,-0.915527,6.835937,38.391113
20689,-0.059570,-0.114502,1.040649,-1.159668,7.080078,39.794922
20699,-0.022095,-0.060669,0.993530,-1.281738,8.178711,42.663574
20711,0.039673,-0.172241,0.975098,-0.854492,8.483887,43.273926
20720,0.024048,-0.205322,0.979980,-0.976562,8.361816,43.762207
20729,0.046143,-0.095947,1.051758,-1.403809,8.789063,44.189453
20740,0.078613,-0.116211,1.026489,-1.403809,9.033203,44.677734
20749,0.095459,-0.170410,0.908936,-1.098633,9.460449,45.471191
20759,0.104126,-0.108032,0.968872,-1.220703,9.399414,46.020508
20771,0.080200,-0.165894,0.979614,-1.037598,8.911133,48.583984
20781,0.093628,-0.089722,0.989868,-1.220703,9.460449,49.499512
20790,0.093384,-0.102539,0.997925,-1.159668,9.521484,50.476074
20799,0.071045,-0.142090,0.929199,-0.976562,9.277344,50.964355
20810,0.079346,-0.118774,0.982300,-1.098633,9.277344,51.330566
20819,0.092773,-0.161499,0.995361,-0.610352,9.460449,51.879883
20831,0.081055,-0.214966,0.954956,-0.915527,9.033203,51.635742
20840,0.079468,-0.167969,0.993286,-1.159668,8.728027,51.452637
20851,0.106934,-0.150024,0.945190,-0.732422,8.972168,51.330566
20860,0.111450,-0.138062,0.990356,-0.549316,9.277344,51.208496
20870,0.131226,-0.197510,0.942383,-0.366211,9.033203,50.598145
20879,0.109375,-0.193115,0.965088,-0.366211,8.361816,49.926758
20890,0.076172,-0.128540,1.012329,-0.671387,8.300781,49.011230
20899,0.093140,-0.145874,0.984863,-0.305176,7.873535,47.424316
20911,0.134399,-0.181030,0.972900,0.061035,7.690430,43.701172
20920,0.171387,-0.158813,0.973389,0.122070,6.103516,41.381836
20929,0.185669,-0.121460,1.026489,-0.366211,5.065918,39.916992
20940,0.210815,-0.122437,0.994873,-0.061035,4.577637,38.574219
20949,0.245728,-0.073486,1.078003,-0.183105,4.394531,37.292480
20960,0.252441,-0.135010,1.049072,0.183105,3.784180,36.071777
20969,0.263794,-0.171387,1.011353,0.671387,3.295898,34.545898
20982,0.266113,-0.211304,0.952026,0.488281,1.953125,30.212402
20991,0.284912,-0.179077,0.980347,0.427246,0.915527,27.221680
21000,0.246094,-0.167480,0.974121,0.427246,0.000000,24.353027
21009,0.251221,-0.207520,0.962524,0.671387,-1.037598,21.240234
21019,0.270020,-0.182495,1.017456,0.610352,-1.770020,18.127441
21029,0.272705,-0.218262,0.977295,0.732422,-2.929688,15.625000
21039,0.268433,-0.174683,1.023560,0.610352,-3.417969,13.732910
21051,0.266602,-0.164917,0.987671,1.159668,-4.638672,10.498047
21061,0.243652,-0.200073,1.002808,1.403809,-5.310059,9.033203
21070,0.250366,-0.256836,0.941284,1.220703,-6.042480,7.263184
21080,0.212036,-0.224609,0.993042,0.976562,-6.591797,5.371094
21089,0.199463,-0.175537,0.968018,0.915527,-7.202148,3.112793
21099,0.209106,-0.214233,0.983398,1.098633,-7.995605,1.037598
21109,0.212769,-0.243286,1.006714,1.281738,-8.483887,-0.793457
21121,0.183350,-0.207275,1.003296,0.915527,-9.338379,-4.150391
21131,0.187378,-0.187866,0.967773,1.098633,-9.338379,-5.493164
21140,0.178955,-0.202881,0.972412,1.281738,-9.582520,-6.469727
21150,0.208008,-0.247437,0.959351,1.586914,-9.582520,-7.507324
21159,0.137329,-0.225098,0.946045,1.220703,-10.009766,-8.361816
21170,0.127319,-0.158203,0.968628,1.098633,-10.192871,-9.582520
21179,0.112793,-0.172974,0.986450,0.854492,-10.803223,-10.864258
21189,0.162354,-0.222168,0.978027,0.976562,-10.375977,-13.610840
21200,0.181519,-0.192627,0.952148,0.671387,-10.742188,-15.319824
21210,0.171265,-0.161255,0.988281,0.244141,-10.925293,-17.150879
21220,0.216187,-0.155640,1.008423,0.427246,-11.718750,-18.493652
21229,0.224243,-0.169312,1.028931,0.793457,-11.840820,-19.958496
21239,0.242310,-0.132812,1.008179,0.671387,-11.962891,-20.324707
21249,0.225342,-0.097412,0.996826,0.488281,-12.573242,-20.080566
21261,0.248047,-0.151489,0.943359,0.549316,-12.084961,-17.700195
21271,0.242187,-0.171631,0.938232,0.244141,-12.207031,-16.235352
21281,0.185059,-0.129883,0.967529,-0.244141,-12.451172,-15.075684
21290,0.145874,-0.126221,0.957153,-0.183105,-11.657715,-13.793945
21300,0.157227,-0.190430,0.986572,0.061035,-11.535645,-12.451172
21309,0.121948,-0.242187,0.976929,0.183105,-11.108398,-10.864258
21319,0.091797,-0.211060,0.994141,0.183105,-10.375977,-9.582520
21331,0.032349,-0.230713,1.002075,0.183105,-9.887695,-7.324219
21341,-0.020996,-0.310425,0.966919,0.488281,-9.826660,-6.164551
21350,-0.067627,-0.242920,0.971802,0.122070,-9.155273,-5.004883
21360,-0.091064,-0.266113,0.942505,0.061035,-8.239746,-3.906250
21369,-0.056885,-0.264526,0.962158,-0.122070,-7.263184,-2.868652
21379,-0.037598,-0.264526,0.928101,-0.915527,-6.408691,-2.014160
21390,-0.004883,-0.166870,0.988159,-1.586914,-6.164551,-1.220703
21399,0.051270,-0.246338,0.960693,-1.281738,-4.638672,1.647949
21409,0.094360,-0.218140,0.968140,-1.159668,-5.493164,3.540039
21420,0.087280,-0.220459,0.972778,-1.281738,-5.432129,5.126953
21429,0.055298,-0.223755,0.985596,-1.159668,-4.638672,7.141113
21439,0.018921,-0.242554,0.960327,-1.403809,-4.394531,8.911133
21449,-0.007324,-0.234619,0.991577,-1.586914,-3.356934,10.314941
21459,0.010010,-0.259399,0.976929,-1.464844,-2.929688,11.535645
21471,-0.003784,-0.181274,1.012451,-1.586914,-2.868652,12.878418
21481,0.018555,-0.240723,1.009399,-0.976562,-2.380371,13.305664
21490,0.053223,-0.281250,1.020996,-0.915527,-2.319336,13.671875
21500,0.054077,-0.226440,1.000610,-0.854492,-2.502441,14.404297
21509,0.098145,-0.292725,0.934692,-0.610352,-2.807617,15.136719
21519,0.127319,-0.291138,0.957031,-0.854492,-2.319336,15.991211
21529,0.144165,-0.235840,0.942871,-0.976562,-2.441406,16.662598
21539,0.151978,-0.310913,0.919678,-0.915527,-3.173828,16.296387
21551,0.137085,-0.234253,0.952881,-1.159668,-4.272461,15.930176
21560,0.112183,-0.268066,0.941406,-1.037598,-4.943848,15.502930
21570,0.113647,-0.263062,0.996460,-1.220703,-4.821777,15.197754
21580,0.092407,-0.255737,0.986938,-1.220703,-5.310059,15.014648
21589,0.094116,-0.262939,0.962524,-1.525879,-5.493164,14.343262
21599,0.104736,-0.236328,0.966553,-1.586914,-5.920410,13.671875
21611,0.118652,-0.310303,0.923096,-1.647949,-6.347656,12.023926
21621,0.127808,-0.279541,0.943359,-1.892090,-6.530762,10.803223
21631,0.137817,-0.322998,0.943359,-1.831055,-6.958008,9.460449
21641,0.117188,-0.289795,1.007690,-2.380371,-7.934570,7.934570
21650,0.125488,-0.263672,0.948242,-2.258301,-8.422852,5.981445
21659,0.173950,-0.245850,0.967896,-2.258301,-8.789063,4.150391
21669,0.146484,-0.241089,0.975342,-2.746582,-9.704590,2.136230
21682,0.166260,-0.216675,0.983765,-2.624512,-10.986328,-1.220703
21691,0.200073,-0.222656,0.995117,-2.563477,-11.474609,-2.502441
21701,0.204956,-0.296631,0.979370,-2.258301,-12.207031,-4.333496
21711,0.182861,-0.261963,0.964600,-2.197266,-12.207031,-5.737305
21720,0.195679,-0.216187,1.019775,-2.197266,-12.695313,-6.774902
21730,0.197021,-0.222046,1.024292,-1.831055,-13.549805,-8.056641
21739,0.146851,-0.239990,0.997314,-1.647949,-14.526367,-9.582520
21749,0.134888,-0.243774,0.993530,-1.525879,-15.441895,-12.756348
21761,0.096924,-0.222656,0.949829,-1.342773,-15.625000,-14.404297
21770,0.109863,-0.228882,0.965576,-1.098633,-15.625000,-15.930176
21780,0.091919,-0.239624,0.979736,-1.281738,-15.441895,-17.150879
21790,0.087036,-0.241821,1.016968,-1.220703,-15.319824,-18.798828
21799,0.035278,-0.207520,1.025269,-0.976562,-15.319824,-20.263672
21809,0.032104,-0.276489,0.998535,-0.549316,-15.075684,-22.094727
21821,-0.000488,-0.234009,0.970459,-0.610352,-15.808105,-26.428223
21831,-0.001709,-0.274048,0.946411,-0.915527,-15.991211,-28.015137
21841,-0.003296,-0.241333,0.959351,-1.037598,-15.197754,-29.052734
21851,0.022217,-0.238892,0.997192,-1.098633,-14.770508,-29.968262
21860,0.038818,-0.173950,1.025635,-1.403809,-14.221191,-29.968262
21870,0.082642,-0.185913,1.035034,-1.098633,-13.122559,-29.602051
21880,0.092773,-0.131348,1.050659,-0.854492,-12.817383,-29.113770
21891,0.082275,-0.180664,0.996948,-0.549316,-13.061523,-29.235840
21901,0.067383,-0.195190,1.005615,-0.488281,-13.122559,-29.357910
21911,0.075439,-0.146606,1.000000,-0.549316,-13.000488,-28.930664
21920,0.041382,-0.170532,1.031128,-0.732422,-12.634277,-28.076172
21930,0.042236,-0.171265,1.014526,-0.610352,-11.657715,-26.672363
21939,-0.007813,-0.164795,0.998657,-0.915527,-10.620117,-24.963379
21949,0.000366,-0.172607,0.967041,-0.488281,-9.521484,-23.315430
21959,-0.050537,-0.137085,0.960815,-0.610352,-8.361816,-21.484375
21971,-0.143555,-0.059326,0.957642,-0.915527,-7.812500,-21.240234
21981,-0.109741,-0.098145,0.993530,-0.854492,-7.080078,-20.874023
21990,-0.116333,-0.018188,1.007813,-1.037598,-6.530762,-20.324707
22000,-0.080566,-0.068481,0.965576,-0.915527,-6.408691,-19.042969
22010,-0.056519,-0.076294,0.929810,-0.732422,-4.882812,-16.723633
22020,-0.016357,-0.118774,0.898804,-0.793457,-4.272461,-10.742188
22032,-0.036621,-0.063721,0.932007,-1.403809,-3.295898,-8.117676
22041,-0.053467,-0.026001,0.981812,-1.098633,-1.953125,-5.920410
22051,-0.086670,-0.058716,1.006836,-1.342773,-1.220703,-3.601074
22061,-0.106689,-0.024780,1.036987,-1.342773,-0.244141,-1.953125
22071,-0.118530,-0.021484,1.061035,-1.525879,0.183105,-0.366211
22081,-0.075073,-0.028564,1.056885,-1.342773,0.671387,1.770020
22090,-0.078857,-0.046997,1.070190,-1.464844,1.098633,5.493164
22100,-0.036133,-0.042603,1.052979,-1.464844,1.342773,7.080078
22110,-0.049683,-0.058350,1.065796,-1.159668,1.159668,8.117676
22119,-0.136963,-0.069214,1.024414,-0.732422,1.647949,8.789063
22129,-0.041870,-0.197021,1.008423,-0.244141,2.441406,8.361816
22139,-0.069946,-0.173096,1.011597,-0.183105,2.136230,6.774902
22149,-0.048706,-0.198975,0.997803,0.122070,1.647949,4.455566
22159,-0.070923,-0.179077,1.021973,0.610352,1.464844,1.586914
22171,-0.087402,-0.230713,0.988403,0.671387,-0.488281,-4.333496
22181,-0.067261,-0.271240,0.920654,0.366211,-0.305176,-6.652832
22191,-0.014771,-0.216064,0.898926,0.183105,-0.671387,-8.361816
22200,0.027466,-0.194580,0.894775,0.549316,-0.366211,-10.253906
22210,0.089722,-0.220581,0.885132,0.976562,-0.671387,-11.474609
22219,0.119629,-0.193848,0.901978,0.793457,-1.464844,-12.817383
22229,0.164551,-0.203003,0.974121,0.488281,-2.075195,-13.427734
22239,0.150269,-0.143311,0.999268,0.610352,-2.319336,-14.343262
22250,0.117432,-0.104248,1.040894,1.037598,-2.746582,-15.136719
22260,0.107300,-0.182861,1.019409,1.647949,-3.295898,-16.479492
22270,0.046631,-0.197632,1.017822,1.831055,-3.356934,-17.944336
22279,0.042114,-0.227295,0.977661,1.770020,-3.906250,-19.226074
22289,-0.021362,-0.190063,0.966553,1.525879,-3.601074,-20.080566
22300,-0.001953,-0.205200,0.943481,1.647949,-3.051758,-20.202637
22309,-0.054443,-0.180664,0.949707,1.403809,-2.380371,-20.385742
22321,-0.058350,-0.186646,1.005005,1.403809,-2.502441,-20.812988
22330,-0.014282,-0.228760,0.997437,1.464844,-2.136230,-21.728516
22340,-0.054810,-0.181396,1.026001,1.342773,-2.563477,-23.071289
22350,-0.019531,-0.195923,1.045044,1.342773,-2.563477,-24.902344
22360,-0.043457,-0.181519,1.021973,1.708984,-2.258301,-26.367187
22369,-0.000122,-0.192139,0.992676,1.770020,-1.708984,-27.099609
22379,0.005859,-0.196655,0.959595,1.281738,-1.403809,-25.451660
22389,0.013550,-0.108154,1.000122,0.915527,-0.732422,-23.498535
22399,0.002930,-0.114868,0.992798,0.610352,0.244141,-20.935059
22409,-0.015015,-0.085327,0.978760,0.305176,1.464844,-18.493652
22419,-0.053467,-0.124146,0.958130,0.122070,1.892090,-16.723633
22429,-0.067627,-0.129517,0.934082,0.183105,2.746582,-15.014648
22439,-0.094360,-0.164062,0.894531,-0.122070,3.356934,-13.183594
22452,-0.124023,-0.118286,0.930054,-1.770020,4.272461,-9.094238
22461,-0.117676,-0.149536,0.964478,-2.136230,5.493164,-7.019043
22471,-0.123413,-0.163696,0.970459,-2.441406,6.408691,-4.760742
22481,-0.128174,-0.205444,0.994507,-2.380371,7.263184,-1.953125
22490,-0.129639,-0.212158,1.015137,-2.258301,7.995605,0.427246
22500,-0.098755,-0.259155,1.018433,-2.014160,8.666992,2.319336
22510,-0.093384,-0.240845,1.013550,-1.708984,9.399414,4.638672
22519,-0.077026,-0.290894,0.979370,-1.647949,9.521484,9.094238
22531,-0.049683,-0.276489,0.964844,-1.525879,9.948730,11.657715
22541,-0.073853,-0.299683,0.959717,-1.464844,10.925293,14.343262
22550,-0.068848,-0.291870,0.973389,-1.464844,10.803223,16.357422
22560,-0.108765,-0.294800,0.988770,-1.586914,11.230469,18.066406
22570,-0.117310,-0.301514,0.951538,-1.525879,11.230469,19.653320
22579,-0.132812,-0.261230,0.937134,-1.708984,11.291504,20.812988
22589,-0.118530,-0.227905,0.982300,-1.831055,11.352539,22.705078
22600,-0.124512,-0.277710,0.963623,-1.770020,11.840820,23.010254
22610,-0.136841,-0.190063,0.975952,-2.319336,11.535645,23.681641
22620,-0.112427,-0.201660,0.969849,-2.685547,11.474609,23.986816
22629,-0.069458,-0.254639,0.954956,-3.173828,11.413574,24.230957
22640,-0.024048,-0.276855,0.941650,-3.479004,11.413574,23.864746
22649,0.001465,-0.236572,0.937378,-4.089355,11.413574,23.132324
22661,0.070435,-0.154175,1.081177,-4.211426,10.375977,22.216797
22670,0.095093,-0.202637,1.049316,-3.906250,8.300781,20.446777
22679,0.099121,-0.266724,0.990234,-3.662109,7.629395,19.653320
22689,0.117188,-0.226807,0.988892,-3.356934,6.469727,18.432617
22699,0.118042,-0.236938,0.976807,-3.051758,5.615234,17.272949
22710,0.136963,-0.255249,0.918213,-3.112793,4.638672,16.052246
22719,0.156616,-0.257202,0.871704,-3.051758,4.211426,14.709473
22731,0.148437,-0.206421,0.967529,-3.540039,2.807617,12.084961
22740,0.155640,-0.246582,0.991455,-3.784180,0.854492,10.192871
22750,0.123657,-0.359985,1.020142,-4.028320,-0.244141,7.690430
22759,0.153809,-0.262329,1.018433,-4.455566,-1.708984,4.760742
22770,0.147339,-0.215088,1.047119,-4.394531,-3.540039,1.464844
22779,0.149658,-0.259888,1.022339,-3.967285,-3.356934,-1.647949
22791,0.156738,-0.263306,1.010498,-3.601074,-5.554199,-6.713867
22800,0.152954,-0.125122,1.067139,-3.540039,-6.591797,-8.361816
22810,0.154785,-0.087158,1.012207,-3.234863,-7.568359,-10.437012
22819,0.148437,-0.175415,1.004272,-3.112793,-7.690430,-12.268066
22829,0.169800,-0.217285,0.928955,-3.295898,-7.812500,-14.099121
22839,0.166138,-0.231934,0.931519,-3.479004,-7.873535,-16.174316
22849,0.154541,-0.178955,1.030396,-3.417969,-8.056641,-18.005371
22860,0.144043,-0.108032,1.015137,-3.234863,-8.544922,-19.775391
22869,0.138550,-0.124512,1.064331,-2.807617,-10.375977,-23.071289
22879,0.156372,-0.109741,1.113403,-2.807617,-10.131836,-24.108887
22889,0.125854,-0.064697,1.024048,-2.685547,-10.253906,-24.780273
22900,0.124146,-0.062744,1.056030,-2.258301,-8.972168,-24.475098
22909,0.037842,-0.108765,0.988892,-1.342773,-7.812500,-24.353027
22919,-0.004028,-0.150024,1.038086,-0.488281,-7.324219,-25.207520
22931,-0.035767,-0.177124,0.974854,0.305176,-7.873535,-27.465820
22940,-0.017944,-0.172852,0.930176,0.427246,-8.361816,-27.954102
22950,0.035400,-0.136475,1.012939,0.427246,-8.483887,-27.648926
22959,0.012207,-0.094238,1.008667,0.244141,-6.958008,-26.245117
22969,0.033569,-0.099854,0.999634,0.183105,-5.432129,-24.169922
22979,0.032959,-0.230103,0.916138,0.671387,-4.882812,-22.583008
22989,0.052856,-0.251587,0.956909,1.159668,-3.540039,-21.118164
22999,0.069336,-0.130127,0.965210,1.098633,-3.417969,-20.202637
23009,0.048950,-0.203491,0.943481,0.793457,-3.784180,-18.615723
23020,-0.037476,-0.099487,0.930054,0.305176,-3.295898,-17.089844
23030,0.029419,-0.024536,0.987793,-0.305176,-2.502441,-14.831543
23039,-0.062622,-0.034302,0.988647,-0.854492,-0.915527,-12.390137
23049,-0.006104,0.024536,0.995850,-0.793457,-0.244141,-9.948730
23060,-0.100830,0.002686,1.027588,-0.244141,0.549316,-7.690430
23070,-0.090210,0.036987,1.041260,-0.122070,1.525879,-5.615234
23079,-0.153442,-0.029663,0.986450,15.563965,3.601074,-0.427246
23090,-0.174805,0.008179,0.938232,-0.122070,5.126953,2.624512
23100,-0.198120,-0.063232,0.955566,0.244141,6.530762,5.371094
23110,-0.193604,-0.092651,0.962646,0.061035,6.896973,7.263184
23119,-0.171021,-0.068115,0.990967,-0.183105,7.751465,9.033203
23129,-0.133789,-0.088501,1.003662,-0.488281,7.385254,10.192871
23139,-0.104004,-0.126587,0.962769,-0.366211,7.385254,11.352539
23149,-0.100342,-0.130737,0.960449,0.183105,7.202148,13.916016
23161,-0.020508,-0.190430,0.993164,0.061035,7.995605,15.014648
23170,0.005371,-0.133423,1.038330,0.000000,8.239746,16.479492
23179,0.033203,-0.181396,1.052368,0.549316,8.056641,17.272949
23189,-0.018555,-0.191528,1.008057,0.976562,7.324219,18.066406
23200,-0.018066,-0.234375,1.018433,1.037598,7.324219,18.676758
23209,0.000244,-0.260010,0.997803,0.915527,7.263184,18.798828
23219,-0.014282,-0.258301,0.922974,0.671387,6.713867,19.287109
23230,-0.094116,-0.223755,0.892822,-0.183105,6.469727,19.348145
23240,-0.093384,-0.316650,0.826782,-0.305176,6.164551,18.981934
23249,-0.044922,-0.230835,0.952759,-0.610352,6.469727,18.493652
23259,-0.049683,-0.156006,0.970581,-1.220703,6.225586,17.761230
23269,-0.054443,-0.202759,0.961914,-1.281738,5.432129,16.784668
23279,-0.058350,-0.243042,0.931396,-1.281738,4.699707,14.953613
23291,-0.010010,-0.149536,1.098145,-1.586914,4.638672,13.366699
23300,0.016357,-0.124756,1.091431,-2.136230,3.723145,12.695313
23310,0.020264,-0.134888,1.056763,-2.014160,3.540039,12.329102
23319,0.056274,-0.217407,1.030518,-1.770020,3.051758,12.023926
23329,0.134155,-0.232544,1.029297,-1.953125,3.051758,11.352539
23340,0.102539,-0.188354,0.975586,-2.502441,1.647949,10.803223
23349,0.076538,-0.153320,1.007202,-2.441406,0.915527,10.498047
23361,0.001465,-0.222656,0.928711,-2.624512,0.061035,10.559082
23371,-0.016602,-0.213867,0.986450,-2.746582,0.732422,11.779785
23380,-0.015991,-0.146362,1.035522,-2.868652,1.098633,13.122559
23390,-0.066772,-0.201294,0.935669,-2.685547,1.647949,15.197754
23399,-0.115845,-0.263306,0.900635,-2.685547,2.258301,17.700195
23409,-0.124146,-0.246338,0.954712,-2.868652,2.380371,19.470215
23419,-0.143066,-0.218872,0.881836,-3.112793,2.868652,21.240234
23429,-0.190063,-0.247803,0.846924,-3.356934,4.150391,23.681641
23440,-0.262329,-0.182861,0.966187,-4.150391,4.699707,24.902344
23450,-0.230103,-0.181885,1.002563,-4.455566,5.126953,25.451660
23459,-0.229126,-0.081543,1.050903,-4.150391,5.249023,25.695801
23469,-0.195068,-0.195190,0.978760,-3.540039,5.981445,25.573730
23480,-0.195068,-0.211060,0.965454,-2.990723,5.737305,24.719238
23489,-0.164429,-0.174683,0.997437,-2.624512,5.493164,23.925781
23502,-0.130371,-0.097046,1.076782,-2.441406,5.493164,21.728516
23511,-0.075317,-0.118286,1.031250,-2.136230,5.004883,20.629883
23520,-0.062134,-0.158447,1.042358,-1.708984,5.249023,20.446777
23530,-0.025146,-0.112549,1.010132,-1.892090,5.126953,20.141602
23539,0.026611,-0.073608,1.014404,-1.953125,4.577637,19.165039
23549,0.051270,0.012329,1.008789,-2.075195,3.906250,18.371582
23559,0.097046,-0.084717,1.004639,-1.708984,3.051758,17.211914
23572,0.165771,-0.049438,1.071411,-1.464844,1.586914,14.770508
23581,0.143188,-0.068848,1.031860,-1.525879,0.732422,13.366699
23590,0.186523,-0.046753,1.015259,-1.708984,-0.061035,11.535645
23600,0.173462,-0.110107,0.977051,-1.342773,-1.281738,9.887695
23610,0.161743,-0.165283,1.022217,-1.403809,-1.708984,7.751465
23619,0.117554,-0.205566,1.007080,-1.281738,-2.990723,5.249023
23630,0.089355,-0.213745,0.976562,-0.854492,-4.516602,2.563477
23639,0.071045,-0.193604,0.980957,15.319824,-5.432129,-2.197266
23650,0.025024,-0.320435,0.991455,0.366211,-5.859375,-4.455566
23660,0.069580,-0.225952,1.025879,0.000000,-5.615234,-6.286621
23669,0.042236,-0.312622,0.936401,-0.244141,-5.798340,-7.995605
23679,0.052856,-0.272339,0.933716,-0.244141,-5.920410,-10.070801
23690,0.046753,-0.262695,0.936401,-0.427246,-6.347656,-12.207031
23699,0.014038,-0.225220,0.961060,-1.098633,-6.713867,-13.732910
23709,0.045044,-0.118774,1.055664,-1.831055,-5.310059,-15.747070
23721,0.074829,0.065430,1.060059,-1.647949,-4.760742,-15.991211
23730,0.066040,-0.020752,0.970337,-1.037598,-4.699707,-15.869141
23739,0.108276,-0.056396,1.028198,-0.793457,-4.882812,-15.014648
23749,0.107300,-0.068481,0.963623,-0.549316,-4.455566,-13.732910
23759,0.120728,0.006470,0.915405,-0.671387,-3.784180,-11.962891
23770,0.119995,0.045532,0.965942,-0.549316,-3.051758,-9.887695
23779,0.062378,-0.015137,1.011719,0.793457,-2.319336,-7.141113
23789,-0.000488,-0.042969,0.947144,0.915527,-2.014160,-6.286621
23799,-0.105591,-0.191406,0.935669,0.671387,-1.586914,-5.310059
23809,-0.158447,-0.280029,0.871582,0.366211,-1.464844,-4.394531
23820,-0.210937,-0.195435,0.864990,-0.366211,-0.671387,-3.540039
23829,-0.185303,-0.215210,0.859131,-1.281738,0.793457,-2.685547
23839,-0.132935,-0.235596,0.875610,-2.136230,1.953125,-1.159668
23851,-0.099609,-0.170532,1.004028,-2.380371,3.234863,2.014160
23861,-0.107056,-0.199463,0.989014,-2.319336,3.540039,3.051758
23870,-0.072754,-0.189697,0.986816,-2.197266,4.577637,4.211426
23880,-0.013794,-0.177246,0.996094,-2.197266,5.371094,5.493164
23894,0.017212,-0.236206,0.962280,-1.525879,5.187988,6.164551
23902,0.017212,-0.236206,0.962280,-1.708984,4.699707,6.469727
23912,0.079956,-0.196045,0.937622,-2.502441,4.028320,6.713867
23921,0.091431,-0.175659,1.042847,-2.807617,3.784180,6.347656
23930,0.059937,-0.173828,1.057739,-2.868652,3.356934,6.225586
23940,0.077759,-0.216431,0.989502,-2.807617,3.356934,5.981445
23949,0.076050,-0.155029,1.012573,-2.807617,3.234863,5.859375
23959,0.083618,-0.167236,1.065430,-3.112793,3.051758,5.920410
23969,0.049438,-0.136597,1.125977,-2.990723,2.746582,5.554199
23979,0.071167,-0.220947,1.021729,-2.685547,2.685547,5.187988
23991,0.123657,-0.218262,0.997803,-2.258301,2.319336,3.479004
24000,0.108032,-0.195557,1.055908,-2.014160,0.427246,2.075195
24009,0.092407,-0.302734,1.010742,-1.708984,-0.305176,0.488281
24019,0.139160,-0.232300,1.096191,-1.403809,-0.793457,-0.915527
24030,0.125122,-0.367065,0.924805,-0.915527,-1.403809,-2.136230
24039,0.161499,-0.197388,1.068970,-0.915527,-1.647949,-3.540039
24049,0.123657,-0.354004,0.984741,-0.854492,-2.319336,-4.577637
24061,0.131470,-0.339722,1.056152,-0.732422,-3.112793,-5.493164
24070,0.128052,-0.229736,1.106934,-0.305176,-3.234863,-6.652832
24079,0.122070,-0.240723,0.989868,-0.122070,-4.089355,-7.080078
24089,0.120972,-0.174561,0.908325,-0.366211,-4.028320,-7.446289
24100,0.088623,-0.205444,0.917847,-0.488281,-4.455566,-7.507324
24109,0.114624,-0.182739,0.975952,-0.366211,-4.150391,-7.385254
24120,0.088989,-0.146362,0.989746,-0.427246,-3.967285,-6.835937
24129,0.123901,-0.083984,1.037598,-0.061035,-3.662109,-6.591797
24141,0.083130,-0.194336,0.955444,0.305176,-4.028320,-6.713867
24150,0.067993,-0.008301,1.058716,0.427246,-4.333496,-7.202148
24159,0.053589,-0.174561,0.887573,0.732422,-4.760742,-7.751465
24169,0.040771,-0.013306,0.953979,0.610352,-4.699707,-7.934570
24180,0.026245,-0.066406,0.939575,0.427246,-3.906250,-7.690430
24189,0.010010,-0.005493,0.926147,0.366211,-3.417969,-7.263184
24201,-0.052490,-0.111084,0.874146,0.671387,-3.112793,-6.469727
24210,-0.040405,-0.174316,0.854492,1.037598,-1.220703,-4.638672
24219,-0.042969,-0.142456,0.925049,0.488281,-0.610352,-3.662109
24229,-0.008667,-0.051147,1.032104,0.000000,-0.244141,-2.807617
24240,-0.039795,-0.091187,0.948120,0.183105,-0.366211,-1.586914
24249,-0.028442,-0.069458,1.003662,1.281738,0.244141,0.061035
24259,-0.007813,-0.251953,0.929687,1.831055,0.366211,1.159668
24269,-0.007813,-0.123535,0.911621,1.037598,0.183105,3.540039
24280,0.025879,-0.053711,1.057861,0.305176,0.244141,5.187988
24289,0.057495,-0.052246,1.049927,-0.244141,0.610352,7.690430
24299,0.068970,-0.008301,1.036865,-0.366211,0.976562,10.192871
24310,0.067261,0.102295,1.168945,-0.366211,1.647949,13.122559
24319,0.037842,-0.057251,1.086182,-0.610352,2.014160,15.625000
24329,-0.040527,0.112671,1.225098,-0.671387,2.136230,17.395020
24339,-0.052856,0.038330,1.160889,0.244141,1.953125,18.493652
24348,-0.089966,-0.067017,1.068970,0.427246,1.586914,18.493652
24359,-0.063965,-0.216675,1.007324,0.366211,1.098633,17.517090
24370,-0.047974,-0.087891,1.124878,-0.427246,0.122070,16.113281
24379,-0.025269,-0.173584,1.008057,-0.915527,-0.183105,15.136719
24389,0.013428,-0.058228,1.095581,-1.159668,-0.366211,14.892578
24399,0.048218,-0.302124,0.916504,-0.915527,-0.976562,14.282227
24409,0.097900,-0.177734,0.935669,-1.892090,-2.197266,12.390137
24419,0.108398,-0.231079,0.958984,-2.258301,-2.624512,11.840820
24430,0.070557,-0.235229,0.945801,-2.197266,-3.479004,11.352539
24439,0.059204,-0.249756,0.970703,-2.075195,-4.333496,10.742188
24449,0.013672,-0.375122,0.807251,-1.831055,-4.333496,10.498047
24459,-0.030640,-0.300537,0.854614,-2.197266,-4.333496,10.437012
24469,-0.000854,-0.310425,0.872192,-2.868652,-4.211426,10.314941
24479,-0.057983,-0.223022,0.855957,-3.234863,-4.211426,10.070801
24488,-0.063354,-0.223755,0.883423,-3.356934,-4.150391,8.972168
24499,-0.133057,-0.217407,0.869019,-3.234863,-3.967285,7.751465
24509,-0.113159,-0.214966,0.916992,-3.417969,-3.906250,6.103516
24518,-0.125732,-0.179321,0.877075,-3.601074,-3.967285,4.577637
24529,-0.099609,-0.150146,0.937134,-3.662109,-3.723145,2.258301
24539,-0.079956,-0.123657,0.999512,-3.601074,-3.601074,-0.061035
24548,-0.020142,-0.191772,1.007446,-3.173828,-4.150391,-3.906250
24560,0.027710,-0.232910,0.999146,-2.075195,-5.126953,-5.187988
24570,0.061035,-0.124390,1.026367,-1.831055,-4.333496,-5.798340
24579,0.109497,-0.062012,1.055176,-1.831055,-4.394531,-5.554199
24589,0.047119,-0.260010,0.879517,-1.647949,-4.272461,-5.249023
24599,0.008057,-0.031250,0.998657,-1.770020,-3.784180,-4.760742
24608,0.014160,-0.247681,0.989136,-1.464844,-2.868652,-4.028320
24621,-0.008301,0.038818,1.118530,-2.197266,-2.380371,-3.234863
24630,-0.045776,-0.237183,1.028442,-2.441406,-1.831055,-2.563477
24640,-0.041382,-0.042969,1.120605,-3.051758,-2.014160,-2.502441
24650,0.009399,-0.041870,1.143555,-3.112793,-2.441406,-2.563477
24659,-0.024902,-0.256958,0.947754,-2.929688,-1.647949,-1.953125
24669,-0.038086,-0.008057,1.078491,-3.356934,-0.915527,-1.342773
24679,-0.046143,-0.055176,1.060303,-3.967285,-0.549316,-0.610352
24688,-0.092651,-0.000732,0.989502,-4.455566,0.061035,0.366211
24700,-0.121582,-0.138184,0.939453,-4.089355,0.854492,1.098633
24709,-0.104492,-0.035645,1.027222,-4.638672,1.647949,1.770020
24719,-0.097778,-0.116333,0.984863,-4.760742,2.441406,2.319336
24729,-0.124878,0.108765,1.090576,-5.187988,2.136230,2.502441
24739,-0.104858,-0.057495,0.995483,-5.371094,2.014160,2.807617
24749,-0.133179,-0.011108,0.958130,-5.065918,2.685547,2.990723
24758,-0.084839,-0.028931,0.993286,-4.638672,3.417969,3.051758
24770,-0.093628,0.009521,1.009888,-3.845215,3.601074,3.112793
24779,-0.045776,-0.155762,0.896729,-3.356934,3.234863,3.295898
24789,-0.059082,0.024658,0.991089,-2.746582,3.051758,3.845215
24798,-0.013550,-0.261597,0.849731,-1.586914,3.417969,4.333496
24809,-0.036499,-0.197754,0.964844,-1.037598,3.417969,4.211426
24818,0.005127,-0.223755,0.911621,-0.488281,4.028320,4.150391
24831,-0.046997,-0.203125,0.864136,-0.122070,4.699707,4.577637
24840,-0.034424,-0.293091,0.753174,-0.671387,4.760742,4.882812
24850,-0.023193,-0.135986,0.984253,-1.464844,4.638672,4.760742
24859,0.005127,-0.165894,0.939453,-1.770020,4.882812,4.455566
24869,0.000366,-0.050049,1.018921,-1.525879,4.638672,4.272461
24879,0.035767,-0.167358,1.006714,-0.915527,4.699707,4.455566
24888,0.039063,-0.198242,1.013550,-0.854492,4.760742,4.760742
24901,0.003784,-0.030640,1.095459,-0.915527,3.845215,5.432129
24910,0.000122,-0.049072,1.047607,-0.244141,4.760742,5.981445
24920,0.026978,0.025635,1.067261,0.549316,4.638672,6.713867
24929,0.019775,-0.269897,0.938477,0.671387,5.004883,7.385254
24938,-0.028809,-0.133667,0.943481,0.000000,4.150391,7.385254
24949,0.016113,-0.110962,1.012207,-0.854492,4.333496,7.446289
24959,-0.046021,-0.145752,0.921875,-2.075195,4.089355,7.446289
24969,0.027588,0.130371,1.104370,-2.624512,3.540039,5.310059
24978,-0.020996,-0.182739,0.935669,-2.868652,3.295898,4.455566
24989,0.026855,-0.125244,1.095459,-3.295898,1.892090,3.112793
24998,0.033691,-0.255981,0.992676,-3.784180,2.685547,2.807617
25008,0.057007,0.074951,1.122925,-4.394531,-1.953125,2.014160
25018,0.073975,-0.221680,0.994019,-2.563477,0.061035,1.159668
25029,0.055054,-0.246948,0.951172,-1.525879,5.493164,1.281738
25038,0.070801,-0.223633,1.000366,-2.502441,1.403809,0.793457
25050,0.075073,-0.147095,1.026611,-3.234863,1.831055,1.220703
25059,0.068359,-0.300781,0.889282,-2.563477,2.624512,0.976562
25069,0.065796,-0.189941,0.857178,-3.173828,0.671387,0.427246
25078,0.102783,-0.248291,0.805298,-2.807617,2.136230,0.061035
25089,0.114136,-0.291748,0.835205,-3.784180,0.854492,-0.122070
25098,0.127319,-0.019287,1.035400,-4.272461,1.159668,-0.427246
25111,0.083740,-0.137085,0.963501,-4.333496,-0.122070,-1.220703
25120,0.100220,-0.071533,1.102051,-3.540039,-0.488281,-1.098633
25130,0.057129,-0.243164,0.978882,-3.234863,-0.488281,-0.610352
25139,0.033691,-0.002930,1.016235,-3.112793,0.244141,0.183105
25149,0.075928,-0.068359,1.001343,-2.319336,0.732422,1.770020
25158,0.014282,-0.330688,0.945679,-1.831055,0.793457,3.417969
25169,0.026978,-0.005005,1.012695,-1.647949,1.159668,4.638672
25178,0.047729,-0.123291,1.015747,-0.976562,0.976562,5.798340
25190,0.021851,0.015503,1.057373,-1.403809,0.122070,6.286621
25199,0.007813,0.007690,1.082764,-1.342773,-0.427246,6.286621
25209,-0.016479,-0.187500,0.962158,-0.854492,0.427246,6.225586
25218,-0.020874,-0.092529,1.002930,-1.281738,0.122070,6.774902
25228,0.010010,-0.119019,1.086426,-1.403809,0.549316,7.141113
25238,-0.030518,-0.152100,0.976685,-1.647949,0.610352,7.629395
25248,0.012573,0.089478,1.052856,-2.258301,0.366211,7.995605
25259,0.017700,-0.172363,0.942383,-2.380371,0.122070,7.751465
25269,0.026733,0.115967,1.011353,-2.380371,0.183105,7.446289
25278,0.077148,-0.062378,1.000854,-2.075195,0.000000,6.896973
25288,0.037476,-0.191528,0.989624,-2.136230,-0.366211,6.225586
25298,0.010864,0.129761,1.128540,-2.014160,-0.732422,5.432129
25309,0.039795,0.011597,1.089722,-1.464844,-1.098633,5.065918
25318,0.010010,-0.226074,0.869995,-1.159668,-0.732422,5.065918
25330,0.053345,-0.160767,0.976807,-0.915527,-0.854492,5.432129
25339,0.051025,-0.279907,0.924316,-0.976562,-1.220703,5.249023
25348,0.098633,-0.011353,1.053101,-1.342773,-1.342773,5.737305
25358,0.045410,-0.225098,0.920044,-1.342773,-1.586914,6.164551
25369,0.016113,-0.165161,0.900269,-1.647949,-1.770020,6.408691
25378,0.013672,-0.057007,0.949341,-1.770020,-1.892090,6.469727
25392,-0.009277,-0.069336,0.999268,-1.770020,-1.464844,6.530762
25402,0.017700,-0.097656,0.999146,-1.953125,-1.464844,6.225586
25411,0.004517,-0.144409,0.910156,-1.586914,-1.953125,6.164551
25421,0.008423,0.078735,1.113525,-1.342773,-1.953125,6.286621
25431,0.059692,-0.061157,1.094360,-0.976562,-3.173828,5.981445
25440,0.035400,-0.230225,0.934692,-0.549316,-2.441406,5.371094
25449,0.067749,-0.029053,0.994385,-0.183105,-2.685547,4.943848
25459,0.076538,-0.260742,0.883179,-1.098633,-4.455566,3.784180
25468,0.042847,-0.358643,0.911621,-2.380371,-3.601074,3.601074
25478,0.043335,-0.097290,0.954224,-3.173828,-3.967285,3.112793
25489,0.014526,-0.062256,0.963257,-4.150391,-4.577637,3.417969
25498,0.019409,0.060425,1.141846,-4.028320,-3.784180,4.028320
25508,0.025269,-0.131592,1.074219,-3.784180,-3.601074,4.943848
25518,-0.014771,-0.127319,1.072632,-3.234863,-3.356934,6.042480
25528,-0.012939,-0.076538,1.109741,-2.563477,-3.234863,7.141113
25540,-0.022217,-0.016479,1.057739,-2.136230,-2.136230,8.972168
25549,0.025391,-0.089111,1.016235,-1.586914,-2.502441,9.826660
25559,0.001465,-0.310425,0.918701,-1.464844,-3.845215,10.620117
25568,0.048462,-0.109253,0.974243,-1.464844,-2.258301,11.779785
25578,-0.004639,-0.206299,0.965332,-1.464844,-2.990723,13.000488
25589,-0.011841,-0.494751,0.794922,-2.258301,-3.845215,13.671875
25598,-0.072021,-0.103027,0.951904,-3.356934,-2.624512,13.916016
25608,-0.020264,0.039063,1.114258,-4.150391,-3.295898,12.145996
25618,-0.099609,-0.117676,1.012573,-4.028320,-3.601074,11.291504
25629,-0.054077,-0.052490,1.088013,-3.967285,-3.784180,10.253906
25639,-0.099243,-0.308472,0.906128,-3.967285,-4.211426,9.277344
25648,-0.079468,-0.171265,0.981689,-3.967285,-4.272461,8.056641
25658,-0.057251,-0.053467,1.035522,-3.540039,-3.540039,6.958008
25670,-0.034424,-0.184692,0.912842,-3.234863,-3.601074,5.004883
25679,0.006470,-0.065918,1.026245,-2.929688,-3.906250,4.150391
25689,-0.022339,-0.198242,1.027100,-2.563477,-3.967285,2.990723
25698,0.014648,-0.210083,1.018921,-1.953125,-4.516602,1.953125
25708,0.040649,-0.153809,0.996948,-1.525879,-4.699707,0.305176
25719,0.026001,-0.325317,0.931274,-1.464844,-5.554199,-1.281738
25728,0.000854,-0.238037,0.940063,-2.014160,-5.187988,-2.624512
25740,0.008057,0.115723,1.086304,-2.197266,-4.943848,-4.638672
25749,-0.004028,-0.142212,1.030151,-1.647949,-3.967285,-5.310059
25759,0.037598,-0.072510,1.061768,-1.342773,-3.417969,-5.798340
25768,0.054199,0.021851,1.096802,-0.183105,-3.845215,-6.958008
25779,0.058472,-0.119629,1.007202,0.610352,-4.577637,-8.178711
25788,0.029053,-0.311646,0.913696,1.159668,-5.859375,-9.338379
25798,0.028198,-0.119385,0.902222,1.281738,-5.859375,-10.681152
25810,0.066895,-0.097290,0.914917,-0.793457,-5.004883,-12.390137
25819,0.065308,-0.075073,0.865601,-2.319336,-3.662109,-12.634277
25829,0.111450,0.104248,1.056030,-3.234863,-4.028320,-13.488770
25838,0.083008,-0.081299,1.044067,-3.173828,-4.821777,-14.587402
25848,0.017334,-0.087646,1.088257,-2.563477,-4.150391,-15.258789
25858,0.072266,-0.042969,1.197876,-1.647949,-4.089355,-15.686035
25869,0.105957,-0.077637,1.196777,-0.671387,-3.906250,-15.686035
25878,0.046997,-0.108276,1.104492,-0.122070,-4.333496,-15.441895
25888,0.028564,-0.136719,0.976074,1.464844,-3.051758,-14.709473
25899,0.006836,-0.273071,0.794556,1.403809,-2.685547,-13.977051
25908,-0.025391,-0.205322,0.708618,0.610352,-1.342773,-13.488770
25918,0.000244,-0.043579,0.942749,-0.610352,-1.098633,-12.939453
25929,-0.015869,-0.143799,1.031128,-1.831055,-0.976562,-12.390137
25939,-0.057251,-0.090332,0.952148,-2.197266,-0.610352,-11.901855
25948,-0.094116,0.073730,1.034180,-1.037598,1.586914,-9.826660
25958,-0.045410,0.036133,1.052979,0.000000,2.441406,-8.728027
25969,-0.065552,-0.138550,0.959961,0.183105,3.234863,-7.751465
25979,0.003906,0.088257,1.047607,0.061035,3.540039,-6.591797
25988,-0.073120,-0.177856,0.946289,-0.061035,4.272461,-4.577637
25998,-0.065552,-0.216187,0.792480,-0.976562,4.455566,-2.990723
26008,-0.126831,-0.150269,0.912720,-1.708984,4.821777,-0.976562
26019,-0.071167,-0.058350,0.933105,-2.685547,7.568359,3.112793
26029,-0.061646,0.002075,0.970825,-2.441406,8.361816,5.004883
26038,-0.053467,-0.103760,0.954346,-2.502441,8.605957,6.835937
26048,-0.102295,-0.299438,0.871582,-2.929688,8.056641,8.178711
26059,-0.084351,-0.069092,1.019897,-3.662109,8.300781,8.544922
26068,-0.044189,0.122437,1.133057,-3.906250,8.239746,8.972168
26078,-0.046753,-0.195312,1.083008,-3.356934,8.972168,9.521484
26089,-0.078491,-0.274536,1.006958,-2.685547,8.728027,10.864258
26099,0.009033,0.028809,1.086304,-2.258301,8.911133,11.535645
26108,0.035767,-0.307983,1.029419,-1.831055,7.873535,11.840820
26118,-0.007568,-0.230469,0.943237,-1.770020,7.629395,11.962891
26128,0.032104,-0.053467,1.043457,-1.708984,8.605957,12.268066
26138,0.000366,-0.087036,1.039307,-1.708984,7.812500,12.634277
26148,-0.026978,-0.317383,1.006592,-1.586914,7.568359,12.512207
26159,-0.062744,-0.225586,0.989014,-2.197266,6.835937,12.207031
26169,0.000122,-0.109375,1.065552,-1.831055,7.934570,12.084961
26178,0.050293,-0.118286,1.057861,-1.953125,6.408691,12.207031
26188,0.072144,-0.080078,1.069702,-1.220703,6.469727,12.084961
26198,0.096069,-0.070557,1.080688,-1.037598,5.187988,11.779785
26208,0.077759,-0.172485,1.089844,-0.244141,4.089355,11.596680
26218,0.041016,-0.109131,1.033325,0.183105,4.333496,11.230469
26228,0.090332,-0.144775,1.060669,0.427246,4.028320,11.047363
26240,0.077148,-0.149048,0.968506,0.732422,3.112793,10.864258
26249,0.058838,-0.193848,0.981323,0.427246,2.319336,10.620117
26259,0.095459,-0.161499,0.979370,0.000000,1.220703,10.253906
26268,0.043823,-0.023926,1.055542,0.488281,1.342773,10.131836
26278,0.067627,-0.017212,1.123901,1.403809,0.610352,10.314941
26288,0.043335,-0.059326,1.052612,2.197266,0.976562,10.925293
26298,0.041138,-0.071045,1.041016,2.807617,2.136230,11.291504
26309,-0.042236,-0.170166,0.920898,3.173828,0.671387,12.512207
26319,-0.010864,-0.088135,0.834229,4.455566,1.281738,13.122559
26328,-0.041992,-0.037476,0.855957,3.906250,0.488281,13.061523
26338,-0.008911,-0.173584,0.867065,3.234863,0.854492,13.366699
26348,-0.087158,-0.238037,0.817139,2.563477,-0.244141,13.244629
26359,-0.035889,-0.092041,0.884644,2.197266,0.915527,12.939453
26368,-0.056396,-0.024536,0.951782,1.831055,0.549316,12.512207
26379,0.013062,-0.179321,1.021606,1.831055,-0.183105,10.925293
26389,0.081055,-0.135742,1.107666,1.525879,-0.793457,10.375977
26398,0.097656,-0.110107,1.169922,1.770020,-1.220703,9.887695
26407,0.096924,-0.133179,1.075684,1.647949,-2.319336,9.155273
26418,0.144897,-0.167847,0.971802,1.953125,-2.685547,8.422852
26428,0.154175,-0.179077,0.964844,1.831055,-3.234863,7.751465
26438,0.148682,-0.020386,0.989380,1.037598,-4.333496,6.896973
26447,0.113403,-0.010986,0.992676,-0.061035,-5.432129,5.676270
26459,0.098633,-0.156128,1.044556,-0.183105,-5.554199,4.821777
26468,0.100098,-0.125732,1.064819,0.183105,-5.615234,4.394531
26478,0.082031,-0.011230,0.989014,0.427246,-6.103516,3.967285
26488,0.118896,-0.197388,0.942017,0.305176,-6.042480,3.906250
26498,0.097412,-0.246216,0.841064,-0.854492,-5.676270,3.540039
26507,0.114258,-0.107788,0.945190,-2.197266,-7.202148,2.685547
26519,0.081787,-0.066528,1.058594,-2.868652,-7.385254,0.610352
26529,0.030396,-0.148437,1.005005,-2.685547,-8.422852,-0.366211
26539,0.020630,-0.163086,0.988037,-2.380371,-8.666992,-1.281738
26548,0.005371,-0.149048,0.957886,-2.685547,-8.056641,-1.647949
26558,0.020630,-0.362915,0.827637,-3.540039,-8.056641,-1.831055
26567,-0.002319,-0.288574,0.833130,-4.699707,-8.605957,-2.319336
26579,-0.000854,-0.129761,0.948730,-5.004883,-8.483887,-2.990723
26589,-0.044312,-0.157471,0.992920,-5.065918,-7.446289,-2.563477
26598,-0.012085,-0.083496,1.058350,-5.432129,-7.202148,-2.563477
26608,-0.026978,0.041504,1.186157,-5.371094,-5.859375,-2.136230
26617,-0.015381,-0.063354,1.157837,-4.577637,-5.432129,-1.525879
26628,-0.063477,-0.145386,1.050049,-3.173828,-5.065918,-1.159668
26638,-0.087891,-0.176025,0.990723,-1.708984,-5.371094,-0.671387
26647,-0.127319,-0.162720,0.968872,-0.488281,-4.699707,-0.183105
26657,-0.113525,-0.165161,0.983765,-0.488281,-3.784180,0.366211
26669,-0.161865,-0.361328,0.801147,-0.732422,-2.685547,0.732422
26679,-0.134644,-0.283813,0.772217,-1.281738,-2.136230,1.342773
26689,-0.070557,-0.060181,0.828857,-2.319336,-1.953125,1.464844
26698,-0.058838,-0.109863,0.894409,-3.845215,-1.770020,1.525879
26708,-0.089966,-0.222900,0.873901,-5.065918,-0.671387,1.464844
26717,-0.051758,-0.087280,0.961670,-5.920410,-1.220703,1.220703
26730,-0.066162,-0.111572,0.948853,-5.249023,0.061035,2.075195
26739,-0.077637,-0.150269,0.983765,-5.004883,0.000000,2.563477
26749,-0.034546,0.006226,1.053467,-5.004883,0.122070,2.807617
26758,-0.050293,0.098633,1.080444,-5.126953,0.610352,3.051758
26768,0.010620,-0.050537,1.053711,-4.760742,0.610352,2.990723
26777,-0.010254,-0.240601,0.998779,-4.150391,0.793457,3.051758
26788,0.018799,-0.123657,0.965088,-3.540039,1.037598,3.051758
26797,-0.005371,0.038696,1.011108,-3.662109,0.305176,2.929688
26809,0.063965,-0.166260,1.032715,-4.089355,-0.366211,2.319336
26818,0.041626,-0.100220,1.050537,-4.272461,-0.671387,1.220703
26828,0.090942,0.020264,1.088867,-4.089355,-1.098633,0.305176
26838,0.051392,0.061523,1.076050,-3.234863,-1.220703,0.122070
26848,0.075562,-0.000244,1.113159,-2.197266,-1.464844,-0.061035
26858,0.027832,-0.117920,1.049072,-1.281738,-1.953125,-0.061035
26869,-0.028076,-0.128174,1.132935,-0.305176,-2.014160,-0.305176
26879,-0.032471,-0.177368,1.075195,1.647949,-1.159668,-0.244141
26889,-0.078735,-0.191040,1.008301,1.892090,-0.915527,-0.061035
26898,-0.011353,-0.157349,0.982544,1.586914,-1.098633,0.061035
26907,-0.012329,-0.275269,0.931030,0.976562,-0.671387,0.610352
26918,-0.075806,-0.407349,0.762329,0.122070,-1.525879,0.793457
26927,-0.005981,-0.114868,0.817383,-1.586914,-1.037598,0.976562
26939,-0.004028,-0.023315,0.989136,-2.990723,15.258789,1.708984
26949,-0.034302,0.008789,0.963379,-3.234863,1.403809,1.586914
26958,-0.021729,-0.030762,0.994751,-2.380371,0.366211,1.464844
26968,0.007690,-0.044678,1.001343,-1.281738,2.197266,1.647949
26977,0.070190,-0.153198,0.967651,-0.854492,3.051758,1.708984
26988,-0.034424,-0.260742,0.893433,-1.159668,-1.098633,1.831055
26998,-0.021729,-0.049316,0.884155,-0.427246,0.366211,1.403809
27009,0.010620,-0.169556,0.896729,-0.671387,0.244141,1.525879
27019,-0.002319,-0.224976,0.892944,-0.183105,0.793457,1.525879
27028,0.030029,-0.113159,0.936523,-0.610352,0.732422,1.403809
27038,0.062012,-0.027832,0.993408,-1.037598,0.305176,1.220703
27048,0.032471,-0.049072,1.061768,-0.549316,0.427246,0.488281
27058,0.011719,-0.117798,1.095337,0.000000,0.122070,-0.549316
27069,0.054321,-0.254761,1.061157,0.427246,-0.793457,-3.173828
27079,0.027466,-0.250854,1.003174,1.098633,-0.549316,-3.967285
27089,0.028564,-0.113525,0.967529,1.281738,-0.610352,-4.699707
27099,0.094727,-0.183228,0.934570,1.220703,-0.122070,-4.943848
27108,0.127075,-0.275269,0.913574,0.549316,-1.342773,-5.493164
27118,0.069092,-0.192505,1.050781,-0.549316,-1.342773,-5.920410
27128,0.063354,-0.041504,1.152222,-1.831055,-1.586914,-6.408691
27137,0.045532,-0.085327,1.123657,-1.647949,-1.708984,-7.141113
27150,0.072876,-0.349731,0.842407,-1.647949,-1.464844,-7.568359
27160,0.100220,-0.439453,0.550903,-3.173828,-1.098633,-7.507324
27169,0.155396,0.106079,1.063232,-6.408691,-0.549316,-6.896973
27179,0.182495,0.386719,1.375732,-7.995605,-1.037598,-5.920410
27188,0.100708,0.240234,1.402832,-6.652832,-0.915527,-5.676270
27197,0.003662,-0.120605,1.082886,-3.906250,-0.488281,-5.554199
27209,-0.017212,-0.344116,0.987671,-2.075195,-0.366211,-4.394531
27219,-0.022217,-0.082153,0.975342,-2.319336,-0.854492,-3.845215
27229,-0.005737,-0.108276,0.882812,-1.647949,0.183105,-2.197266
27238,-0.011719,-0.257690,0.774902,-1.586914,0.549316,0.122070
27249,0.076416,-0.155518,0.838745,-2.319336,0.793457,1.281738
27258,-0.007935,-0.014771,1.027222,-2.807617,0.488281,1.953125
27268,-0.000610,-0.054810,1.065186,-2.441406,1.220703,3.112793
27277,-0.038940,-0.062134,0.995483,-2.136230,1.403809,4.333496
27290,-0.037598,-0.251465,0.906250,-1.159668,1.831055,6.591797
27300,-0.063965,-0.172241,0.926758,-0.793457,2.014160,6.958008
27309,-0.074951,0.047485,0.975952,-1.342773,1.464844,7.202148
27319,-0.051758,0.036499,0.946899,-1.647949,0.976562,7.995605
27328,-0.077271,-0.125244,0.924072,-1.159668,2.136230,8.972168
27338,-0.055420,-0.178589,0.904297,-1.464844,2.136230,9.643555
27348,-0.100464,-0.151611,0.907593,-1.892090,2.319336,9.765625
27359,-0.037598,-0.049072,1.029297,-1.953125,2.746582,10.070801
27369,0.018066,-0.050781,1.048828,-2.441406,2.075195,9.643555
27378,-0.040039,-0.132446,1.033203,-1.953125,2.136230,8.972168
27388,-0.037598,-0.120239,1.022583,-1.647949,1.953125,8.544922
27397,-0.001953,-0.000610,1.159668,-1.647949,2.258301,8.300781
27408,-0.013062,0.098267,1.261963,-1.770020,2.258301,7.629395
27418,-0.006714,0.054321,1.165894,-1.770020,1.525879,7.263184
27429,0.013672,-0.014526,0.963379,-1.281738,1.586914,7.446289
27439,-0.018066,-0.194946,0.878540,-0.244141,0.793457,7.080078
27448,0.036621,-0.234741,0.942627,0.732422,0.610352,6.958008
27457,0.049561,0.001465,0.968262,-0.366211,0.000000,6.835937
27468,0.088501,-0.390015,0.995972,-0.610352,-0.366211,7.202148
27477,0.066040,-0.164673,1.012451,-2.014160,-0.427246,7.995605
27489,0.140747,-0.075684,1.083252,-2.685547,-0.427246,9.948730
27499,0.146606,-0.328125,0.969238,-1.708984,0.061035,10.192871
27508,0.065918,-0.109985,0.911987,-1.525879,-2.563477,10.131836
27518,0.048096,-0.046753,0.964600,-1.159668,-3.723145,9.277344
27528,-0.050415,-0.191162,0.964722,-0.549316,-3.601074,8.605957
27537,-0.037720,-0.219116,0.946533,-1.159668,-3.967285,7.690430
27548,-0.083130,-0.148071,0.922119,-1.770020,-3.417969,7.751465
27558,-0.052002,-0.088989,0.903931,-2.441406,-3.479004,7.263184
27568,-0.071411,-0.067139,0.896484,-2.563477,-3.295898,6.103516
27579,-0.079712,-0.087402,1.029541,-2.807617,-3.173828,5.065918
27589,-0.047241,-0.045410,1.026978,-2.502441,-2.868652,3.845215
27598,-0.051270,-0.023560,1.014648,-2.380371,-3.662109,2.685547
27608,0.002319,0.034302,1.025513,-2.136230,-4.089355,1.464844
27618,0.006714,0.001587,1.021606,-1.647949,-3.540039,0.732422
27629,0.018555,-0.093506,1.016479,-0.305176,-3.295898,0.000000
27638,0.029663,-0.248779,1.046265,-0.488281,-3.540039,-0.366211
27649,0.030396,-0.179810,1.048828,0.183105,-3.540039,-1.159668
27658,-0.009277,-0.155273,1.072632,0.122070,-2.563477,-0.915527
27668,0.056030,-0.166626,1.045898,0.305176,-5.249023,-2.258301
27678,0.000610,-0.221069,0.976685,0.610352,-3.662109,-2.746582
27687,0.054443,-0.246216,0.976440,0.671387,-4.394531,-3.540039
27698,0.022583,-0.180542,0.991821,-0.122070,-2.380371,-3.784180
27708,0.058838,-0.057007,1.058228,-1.037598,-3.967285,-5.065918
27717,0.053223,-0.141357,1.042603,-0.061035,-2.441406,-5.187988
27728,0.102417,-0.204834,1.000366,0.488281,-4.272461,-5.371094
27738,0.055786,-0.237427,0.933960,1.098633,-2.746582,-6.469727
27748,0.010498,-0.200928,0.920532,0.854492,-5.798340,-7.568359
27758,0.089233,-0.154541,0.972412,0.854492,-0.244141,-7.812500
27767,0.036133,-0.123535,0.939331,-1.098633,-2.319336,-7.995605
27779,-0.014648,0.031372,0.972046,-1.708984,-1.342773,-9.338379
27789,0.031128,0.074829,1.030273,-3.051758,-6.164551,-9.338379
27799,0.004883,0.029053,1.033447,-1.708984,-2.319336,-9.704590
27808,0.046997,-0.046509,0.999634,-1.281738,-2.014160,-8.850098
27817,0.023560,-0.095215,0.994263,-0.244141,-1.892090,-9.155273
27828,-0.015015,-0.101318,0.993652,-0.244141,-1.647949,-8.666992
27838,0.003906,-0.111816,0.965454,0.244141,-3.601074,-9.033203
27847,-0.054443,-0.072388,0.944946,0.488281,-0.305176,-8.789063
27859,-0.062134,-0.096313,0.964722,-0.122070,-1.464844,-8.117676
27869,-0.083740,-0.133179,0.942505,0.000000,-0.122070,-7.446289
27878,-0.066528,-0.144409,0.959351,0.122070,0.915527,-6.774902
27888,-0.063599,-0.084229,0.999878,-0.061035,1.953125,-5.737305
27897,-0.098877,-0.016357,1.026733,-0.244141,2.197266,-4.394531
27909,-0.082275,-0.023926,1.032471,-0.244141,3.112793,-1.586914
27919,-0.064331,-0.106934,0.936401,-0.488281,3.662109,-0.183105
27929,-0.031616,-0.107178,0.965576,-0.427246,5.310059,0.915527
27938,-0.060913,-0.055054,1.014526,-0.549316,4.638672,2.197266
27948,-0.020142,-0.029663,1.044800,-0.549316,5.004883,3.601074
27958,-0.051147,0.133179,1.271973,-0.305176,4.821777,5.004883
27968,-0.033081,-0.190430,0.944214,0.915527,5.859375,6.530762
27978,-0.048706,-0.340820,0.607422,0.610352,6.347656,7.385254
27987,0.100342,-0.203369,0.683716,-1.831055,4.333496,7.507324
27999,-0.044678,0.011963,0.864380,-6.286621,3.662109,6.713867
28008,-0.038940,0.213745,1.100220,-8.300781,3.417969,5.981445
28018,-0.041016,0.013428,1.119873,-6.774902,3.662109,5.676270
28027,-0.083374,-0.313477,1.062866,-4.333496,4.211426,6.225586
28038,0.006714,-0.125122,1.144165,-3.784180,3.784180,5.981445
28048,0.067993,0.044922,1.277832,-3.112793,5.187988,5.615234
28059,0.057373,-0.100464,0.974609,-1.831055,2.624512,4.760742
28069,0.127930,-0.192627,0.929443,-0.244141,0.183105,4.211426
28079,0.048584,-0.370361,0.888428,0.427246,3.662109,4.211426
28088,0.003418,-0.295776,0.894531,-1.098633,-1.220703,3.417969
28097,0.098755,-0.034180,0.937134,-2.075195,3.540039,3.662109
28108,0.003174,0.004150,1.029663,-3.356934,-0.122070,4.516602
28118,0.066772,-0.095825,0.978149,-2.197266,1.037598,3.540039
28127,0.034790,-0.084473,0.965454,-2.197266,0.488281,2.929688
28139,-0.014282,-0.236450,1.068848,-1.831055,-0.061035,2.746582
28148,0.034058,-0.159302,1.021484,-2.197266,-1.770020,1.892090
28158,0.026245,-0.052979,0.948730,-2.075195,3.784180,1.708984
28168,0.059204,-0.178101,0.896851,-2.746582,3.662109,2.319336
28178,-0.025513,-0.260620,0.902344,-3.540039,-2.685547,2.685547
28187,-0.010132,-0.133057,0.935181,-3.417969,-1.037598,2.563477
28199,0.014893,-0.028809,1.120117,-3.662109,1.220703,2.868652
28208,-0.022827,-0.071899,1.050415,-3.662109,0.610352,2.685547
28218,0.027466,-0.088379,0.971069,-3.845215,0.305176,2.685547
28227,0.005005,-0.236206,0.943481,-3.417969,0.244141,2.746582
28238,-0.012573,-0.156372,0.921387,-3.723145,0.732422,2.685547
28247,-0.070312,0.203003,0.960449,-4.638672,0.671387,2.807617
28258,0.003906,-0.053833,0.930786,-3.784180,0.671387,2.929688
28267,-0.020630,-0.161255,0.903687,-3.234863,1.159668,3.723145
28279,0.023193,-0.011597,0.964111,-1.892090,1.586914,4.211426
28288,-0.089111,-0.227783,1.019531,-0.122070,0.976562,4.089355
28298,-0.030273,-0.139404,1.045410,-0.366211,1.220703,3.784180
28308,-0.081543,-0.039551,1.008179,-1.281738,1.525879,3.601074
28318,-0.008911,-0.185303,0.936523,-1.586914,1.220703,3.479004
28327,-0.091187,-0.257202,0.864380,-2.014160,1.403809,3.784180
28340,-0.036255,0.018433,1.059204,-3.356934,1.647949,5.126953
28349,0.066040,0.002441,1.123047,-3.356934,3.845215,6.286621
28358,0.038574,0.026733,1.123657,-3.967285,2.136230,6.896973
28368,0.060181,-0.013672,1.154297,-3.540039,2.319336,7.629395
28377,0.075806,-0.091797,1.104248,-2.441406,1.403809,7.812500
28388,0.053345,-0.123657,0.990356,-1.525879,0.976562,8.239746
28397,0.098755,-0.098145,1.022217,-1.220703,0.427246,8.544922
28410,0.052002,-0.012817,0.925171,-1.281738,-0.488281,8.361816
28419,0.032959,-0.028809,0.937988,-1.892090,-1.281738,8.666992
28429,0.008179,-0.169067,0.923462,-2.075195,0.183105,8.789063
28439,-0.002563,-0.158691,0.963867,-2.563477,-0.793457,8.666992
28448,-0.012817,-0.062622,1.013550,-2.868652,-1.098633,8.666992
28458,-0.042480,-0.052979,0.999878,-2.746582,-0.549316,8.422852
28467,-0.039795,-0.134766,0.961914,-2.807617,-1.464844,7.995605
28477,-0.052368,-0.174805,0.929077,-2.746582,-1.403809,6.713867
28487,-0.030884,0.041504,0.915527,-2.868652,-1.464844,6.164551
28497,-0.014282,-0.094971,0.896362,-3.173828,-1.770020,5.676270
28508,-0.015747,-0.151733,0.896240,-3.051758,-1.220703,4.943848
28517,0.022583,-0.112915,0.984985,-3.051758,-1.525879,4.211426
28527,-0.022949,-0.080200,0.987061,-2.624512,-2.258301,3.479004
28538,0.024414,-0.086304,0.975952,-1.892090,-2.136230,3.051758
28547,0.053711,-0.171265,0.951660,-1.586914,-2.136230,1.892090
28559,0.069092,-0.267334,0.892822,-2.868652,-3.662109,0.976562
28568,0.061279,-0.153320,0.929565,-3.906250,-4.028320,0.488281
28578,0.056763,-0.099243,0.943481,-4.089355,-3.540039,0.366211
28587,0.030640,-0.085693,0.969360,-4.272461,-3.051758,0.183105
28598,0.009888,-0.061157,1.013672,-4.211426,-3.173828,0.000000
28607,0.032837,-0.049561,1.104126,-3.540039,-2.929688,-0.427246
28620,0.031250,-0.126953,1.126343,-1.953125,-3.906250,-1.892090
28629,0.036987,-0.133179,1.102051,-1.708984,-4.150391,-2.258301
28639,0.066528,-0.149414,1.129028,-1.342773,-4.699707,-2.685547
28648,0.039917,-0.141846,1.151733,-1.098633,-4.089355,-2.563477
28658,0.021729,-0.135010,1.073608,-1.098633,-3.356934,-2.258301
28667,0.014404,-0.086670,1.038086,-1.403809,-3.417969,-2.136230
28678,0.014282,-0.052612,1.045166,-1.159668,-3.295898,-2.380371
28688,-0.015137,-0.025879,1.082642,-0.549316,-3.723145,-3.051758
28697,-0.001221,-0.208252,0.982910,-0.122070,-3.784180,-3.723145
28707,0.015015,-0.236694,0.929443,-0.244141,-4.272461,-4.028320
28718,0.059814,-0.237549,0.901001,-0.427246,-4.272461,-4.150391
28727,0.011475,-0.206543,0.867920,-1.220703,-4.333496,-4.089355
28738,0.035400,-0.143555,0.916870,-1.770020,-3.356934,-3.662109
28747,-0.003418,-0.028198,0.930420,-2.197266,-3.601074,-3.051758
28757,0.010986,0.030884,0.948730,-2.075195,-3.295898,-2.075195
28769,-0.038086,-0.135620,0.958740,-1.403809,-2.685547,-1.770020
28778,-0.037476,-0.106934,0.993530,-1.159668,-2.441406,-1.586914
28788,-0.056030,-0.099121,0.989868,-0.854492,-2.746582,-1.464844
28798,-0.023804,-0.038330,1.000244,-0.671387,-3.112793,-1.525879
28807,-0.002686,0.029541,0.991333,-0.427246,-1.953125,-1.037598
28818,-0.015625,-0.003174,0.959595,-0.366211,-1.770020,-0.610352
28828,-0.020264,-0.097656,0.889648,0.549316,-1.342773,0.183105
28837,-0.021484,-0.111084,0.895752,0.732422,-1.220703,0.732422
28847,-0.043823,-0.025635,0.948853,1.037598,-0.915527,0.793457
28858,-0.062378,-0.015625,0.999756,0.976562,-0.366211,0.793457
28867,-0.086060,-0.035522,1.031982,0.793457,-0.671387,0.854492
28877,-0.063110,-0.111084,1.012451,0.976562,-0.549316,0.915527
28888,-0.071411,-0.164429,0.984131,1.037598,-0.244141,1.342773
28897,-0.021851,-0.189331,0.989624,1.098633,0.183105,2.197266
28907,-0.029907,-0.135742,1.034546,-0.183105,0.183105,2.441406
28918,0.002197,-0.033325,1.084106,-0.915527,0.610352,3.051758
28927,0.019897,-0.025146,1.083374,-1.525879,0.427246,3.662109
28937,0.009277,-0.055786,1.106934,-2.014160,0.732422,4.211426
28947,0.021240,-0.034668,1.158325,-2.197266,0.427246,4.638672
28958,0.001831,-0.049194,1.142456,-1.892090,-0.061035,4.699707
28967,0.045044,-0.123657,1.036743,-1.403809,-1.037598,3.967285
28979,-0.024658,-0.096924,0.983032,-1.159668,-1.159668,3.173828
28988,-0.055420,-0.088867,0.993530,-1.342773,-1.281738,2.258301
28998,-0.046509,-0.072510,1.008545,-1.342773,-1.281738,1.342773
29007,-0.037964,-0.086914,0.987793,-1.586914,-1.647949,0.793457
29018,-0.043213,-0.096924,0.960449,-1.098633,-0.732422,-0.061035
29027,0.003418,-0.152588,0.983398,-1.159668,-0.671387,-0.549316
29037,-0.002930,-0.218506,0.966797,-1.281738,-1.342773,-2.197266
29049,-0.019653,-0.120483,0.946777,-1.525879,-1.586914,-2.807617
29058,0.035400,-0.034302,0.970215,-1.159668,-1.342773,-3.173828
29068,-0.013062,-0.006348,0.991577,-0.671387,-1.525879,-3.234863
29077,0.057373,-0.020996,1.026001,0.061035,-0.915527,-3.295898
29088,0.015747,-0.078125,1.034180,0.610352,-0.732422,-3.479004
29097,0.081909,-0.100342,1.025879,1.159668,-0.549316,-3.723145
29110,0.076050,-0.204346,0.921753,2.014160,-1.098633,-3.723145
29119,0.057251,-0.135254,0.913818,1.770020,-1.403809,-3.967285
29129,0.090210,-0.095459,0.907349,1.037598,-1.464844,-3.906250
29138,0.040283,-0.098145,0.902466,-0.122070,-1.464844,-3.540039
29147,0.014282,-0.124878,0.871216,-0.976562,-1.464844,-2.990723
29157,-0.011108,-0.089355,0.862915,-1.342773,-1.342773,-2.624512
29167,-0.030518,0.000977,0.897095,-1.586914,-1.098633,-2.319336
29178,-0.038574,-0.090332,0.956543,-2.014160,-0.610352,-2.441406
29188,-0.041260,-0.142090,1.079224,-2.258301,-0.976562,-3.112793
29198,-0.023193,-0.123413,1.038452,-2.014160,-0.488281,-3.784180
29207,-0.028442,-0.036255,1.097900,-1.770020,-0.122070,-3.845215
29217,0.028809,0.014893,1.188354,-1.892090,-0.061035,-4.028320
29228,-0.006470,-0.048950,1.180908,-1.770020,-0.610352,-4.455566
29238,-0.040161,-0.054810,1.124268,-1.708984,-0.366211,-4.516602
29247,-0.004639,-0.112671,1.034668,-1.403809,0.183105,-4.760742
29257,0.027710,-0.180908,0.994507,-0.488281,0.183105,-5.004883
29268,0.007690,-0.047974,1.008667,-0.244141,-0.183105,-4.943848
29277,0.092651,-0.089844,0.999756,0.183105,0.732422,-4.943848
29288,0.010132,-0.106934,1.015015,0.183105,0.549316,-4.882812
29297,0.103516,-0.135010,1.011597,-0.549316,-0.061035,-4.760742
29307,-0.005005,-0.123169,1.009521,-0.549316,0.488281,-4.882812
29320,-0.036499,-0.156982,0.906738,-0.061035,1.098633,-4.272461
29329,0.042480,-0.157715,0.895386,0.122070,1.342773,-3.967285
29338,-0.017700,-0.254639,0.829224,-0.610352,0.549316,-3.723145
29348,-0.010132,-0.133057,0.882812,-1.647949,0.976562,-3.112793
29358,-0.040649,0.080688,0.992187,-2.746582,2.075195,-2.624512
29368,-0.035400,0.134521,1.039307,-3.417969,2.380371,-1.770020
29377,-0.079346,0.037231,1.041016,-3.479004,2.563477,-0.732422
29387,-0.076172,-0.043945,1.036987,-3.662109,2.624512,1.037598
29398,-0.093140,-0.003784,1.032837,-2.258301,3.356934,1.525879
29408,-0.054199,0.047729,1.023315,-1.831055,3.479004,1.892090
29417,-0.043945,-0.012573,0.984741,-1.159668,3.723145,2.441406
29428,-0.055298,-0.211792,0.910767,-0.549316,3.845215,2.990723
29437,-0.052368,-0.206665,0.935425,-0.122070,4.516602,3.234863
29448,-0.108643,-0.105835,0.999023,-0.061035,4.394531,3.540039
29457,-0.073975,-0.106934,0.982910,0.183105,4.577637,4.455566
29469,-0.050049,-0.313110,0.881958,0.732422,5.126953,5.249023
29478,-0.014526,-0.215942,0.958130,0.183105,5.065918,5.798340
29487,-0.019897,-0.101685,1.030518,-0.549316,5.249023,6.469727
29497,-0.023071,-0.087158,1.030518,-1.098633,5.004883,6.835937
29507,-0.072021,-0.149780,0.969238,-1.525879,5.249023,7.141113
29517,-0.006836,-0.202026,0.929687,-1.770020,5.249023,7.324219
29529,-0.004639,0.084106,1.074951,-2.136230,5.432129,8.117676
29539,-0.028687,0.139282,1.144043,-2.258301,5.065918,8.789063
29549,0.008179,0.043945,1.083740,-1.770020,5.249023,9.460449
29558,0.015137,-0.142944,1.030640,-1.403809,5.432129,9.887695
29568,0.011597,-0.205811,1.010742,-1.342773,4.699707,10.253906
29578,0.000244,-0.175415,1.027954,-1.464844,4.028320,10.253906
29587,0.003174,-0.155640,0.977661,-1.525879,3.784180,10.559082
29600,0.021240,-0.121948,0.868774,-2.685547,3.356934,10.498047
29609,0.008911,-0.106079,0.891357,-3.540039,3.234863,10.620117
29619,0.060181,0.151855,1.042358,-4.211426,2.990723,10.498047
29628,0.058960,0.129150,1.149414,-4.150391,2.624512,10.192871
29638,0.056030,-0.104248,1.069092,-3.234863,1.525879,9.948730
29647,0.044067,-0.183960,1.034546,-2.197266,1.770020,10.009766
29658,0.037720,-0.174683,0.961670,-1.281738,1.708984,10.070801
29667,0.068359,-0.128174,0.913452,-1.159668,0.976562,8.666992
29679,0.056152,-0.143799,0.898437,-1.647949,-1.037598,7.446289
29688,0.002075,-0.249146,0.926514,-1.892090,-1.281738,6.652832
29698,0.045044,-0.145996,1.017822,-2.319336,-1.220703,5.615234
29708,-0.005737,-0.072632,1.061035,-2.380371,-1.464844,4.699707
29717,0.090942,-0.056641,1.033203,-2.380371,-1.708984,3.601074
29727,0.074219,-0.082275,0.967407,-2.685547,-1.953125,2.685547
29739,0.070190,-0.180664,0.860107,-2.441406,-2.319336,1.464844
29749,0.062012,-0.061646,0.909790,-2.075195,-3.479004,0.793457
29758,0.082886,-0.090942,0.889648,-2.136230,-3.906250,-0.549316
29768,0.057983,-0.199585,0.943481,-2.624512,-3.784180,-1.892090
29778,0.114258,-0.213501,0.987549,-3.662109,-4.211426,-3.417969
29787,0.074707,-0.140137,1.049927,-4.089355,-4.943848,-5.126953
29797,0.071411,-0.169556,1.017700,-4.089355,-5.798340,-7.629395
29808,-0.085937,-0.355469,0.986084,-4.150391,-3.662109,-7.812500
29818,-0.150879,-0.380493,1.262207,-3.479004,-4.455566,-8.300781
29828,0.085571,-0.731079,-0.603149,-11.108398,-4.699707,-8.117676
29838,-0.034424,-0.378662,0.229004,-14.526367,-4.882812,-7.690430
29847,0.258179,0.524170,0.805420,-22.216797,-5.676270,-7.385254
29857,-0.256470,-0.038818,-0.135010,-24.780273,-7.263184,-8.850098
29867,-0.041138,0.531006,0.236938,-28.686523,-7.751465,-10.925293
29880,-0.137817,0.516602,1.427734,-22.705078,-4.455566,-9.582520
29889,-0.141724,0.062866,1.181396,-22.033691,-3.356934,-9.521484
29899,-0.073608,0.781494,1.068970,-27.832031,-0.183105,-9.094238
29909,0.101563,1.175293,0.884521,-31.494141,1.403809,-7.995605
29918,0.060791,1.059692,0.864746,-29.235840,1.647949,-6.774902
29927,0.064453,0.566162,1.085327,-25.695801,1.281738,-5.798340
29938,-0.040527,0.457520,1.457764,-24.902344,0.305176,-5.004883
29948,0.026855,0.450073,1.546753,-21.911621,0.061035,-0.854492
29957,0.002686,0.347534,1.466553,-19.897461,1.464844,2.258301
29968,0.012329,0.939087,1.567627,-17.883301,1.770020,5.859375
29977,0.016724,1.296753,2.128052,-12.695313,2.014160,8.789063
29988,-0.182739,0.224976,1.415771,-3.356934,2.441406,10.314941
29997,0.067749,-0.701538,0.619263,4.821777,2.014160,9.704590
30007,0.285278,0.020142,1.250366,2.807617,1.159668,8.239746
30017,-0.000122,0.836182,1.730469,-3.906250,-1.220703,7.629395
30029,-0.113403,-0.014038,0.123779,-2.563477,0.183105,8.544922
30038,0.118042,0.441284,0.588745,-1.586914,2.075195,8.850098
30048,0.117188,0.831665,1.427612,-2.990723,1.586914,8.483887
30057,-0.020142,0.545044,1.545410,-5.493164,-0.854492,7.629395
30068,-0.051147,0.333496,0.815186,-5.737305,-1.831055,6.042480
30077,0.127319,0.738159,0.546753,-5.126953,-1.525879,5.004883
30090,-0.024658,0.811646,1.532227,-2.197266,-2.685547,1.892090
30099,-0.126709,0.518433,1.214111,-4.211426,-3.173828,0.183105
30109,0.060913,0.259644,0.563354,-4.211426,-2.136230,-1.770020
30118,0.213013,0.923340,0.657715,-5.126953,-1.953125,-3.723145
30128,0.060547,1.177979,1.332153,-5.493164,-3.540039,-5.065918
30138,-0.147827,0.461914,1.615967,-3.112793,-5.249023,-6.225586
30147,-0.113647,-0.014404,1.136597,-0.427246,-5.432129,-8.056641
30157,0.138184,0.421631,0.692383,-1.220703,-5.554199,-10.803223
30169,-0.029663,0.995483,1.352295,-2.075195,-6.469727,-10.620117
30179,-0.146973,0.390869,1.252441,-1.037598,-6.591797,-10.681152
30188,-0.007935,-0.025879,0.726807,-0.915527,-5.126953,-10.742188
30198,0.189819,0.617065,0.735596,-3.601074,-3.540039,-10.498047
30208,0.034180,1.309204,1.208862,-6.652832,-3.173828,-9.582520
30217,-0.131836,0.917603,1.272949,-5.493164,-4.150391,-8.666992
30230,0.075195,0.279663,0.900024,0.000000,-2.197266,-8.239746
30239,0.118774,0.860107,1.101440,-1.892090,-2.258301,-8.056641
30249,-0.146606,1.037964,1.142334,-3.540039,-2.258301,-6.958008
30258,-0.190796,0.542969,0.841309,-1.525879,-2.136230,-5.432129
30268,-0.013184,0.317017,0.765015,0.854492,-0.915527,-4.333496
30278,0.094116,0.489136,0.949829,0.183105,-0.061035,-3.723145
30287,-0.058960,0.953979,1.261230,-3.479004,-0.244141,-2.319336
30297,-0.169556,0.870728,1.129639,-5.187988,0.427246,1.220703
30309,0.056885,0.625000,0.800171,-1.586914,1.953125,1.525879
30318,0.060181,0.756836,1.125610,-1.464844,1.647949,1.708984
30327,-0.049683,0.648804,1.236572,-2.685547,0.671387,2.502441
30337,0.016602,0.508911,1.055298,-3.784180,0.671387,3.112793
30348,0.130371,0.665894,0.769287,-3.845215,1.647949,3.967285
30358,0.182373,0.812500,0.819702,-3.417969,0.671387,4.943848
30367,0.056274,0.806274,1.116333,-2.258301,0.244141,6.958008
30379,0.016235,0.362305,1.022217,-2.258301,0.183105,6.835937
30388,0.043091,0.722778,0.932007,-4.028320,0.488281,6.042480
30398,-0.034058,0.891968,0.891235,-4.516602,0.976562,5.554199
30407,-0.103638,0.778809,0.990112,-3.356934,0.488281,5.126953
30418,-0.032837,0.582520,1.067261,-2.014160,0.549316,3.967285
30427,0.016602,0.539673,1.006348,-2.502441,0.061035,2.502441
30440,0.003418,0.867798,1.013550,-4.882812,-0.488281,1.953125
30449,-0.023315,0.746338,0.941650,-4.150391,-0.488281,2.685547
30459,-0.010254,0.633057,0.919067,-2.990723,-0.122070,2.990723
30469,0.003662,0.673340,1.006836,-2.868652,0.366211,2.319336
30478,-0.018188,0.776123,1.078979,-3.356934,0.244141,1.770020
30487,-0.048462,0.825806,1.067505,-3.295898,0.122070,1.159668
30497,-0.030884,0.834961,0.952515,-2.380371,0.183105,0.305176
30510,0.077637,0.779175,0.923096,1.220703,-0.366211,0.061035
30519,0.024170,0.771118,0.982910,2.014160,-0.244141,1.647949
30529,-0.013062,0.627686,0.946655,3.479004,0.488281,3.662109
30538,-0.016479,0.471680,0.947388,5.981445,2.014160,5.004883
30547,-0.037598,0.446899,1.021606,8.422852,2.197266,5.432129
30558,0.055176,0.462158,0.912109,10.742188,1.708984,5.004883
30567,-0.040771,0.469727,0.939087,12.634277,1.403809,4.333496
30579,-0.059326,-0.240356,1.396606,14.038086,1.037598,2.197266
30589,-0.063477,-1.143433,1.326782,16.418457,0.793457,2.197266
30598,0.022461,-0.857910,0.970947,15.258789,0.488281,2.258301
30608,-0.048462,-0.605347,0.875854,11.718750,1.586914,4.333496
30617,-0.110352,-0.565063,0.649658,7.934570,2.136230,5.798340
30628,-0.024780,-0.521973,0.595825,6.103516,3.417969,6.774902
30637,0.011475,-0.671631,0.910645,6.530762,3.662109,6.469727
30647,-0.039429,-0.175049,1.297852,4.028320,2.929688,3.784180
30658,-0.205566,-0.027954,0.895874,2.685547,1.220703,-3.234863
30668,-0.079102,0.454102,1.243896,2.929688,1.464844,-5.981445
30677,-0.047607,0.788452,1.755005,3.173828,1.708984,-7.873535
30687,-0.105957,0.410156,1.514160,5.493164,0.854492,-10.009766
30698,0.022583,0.399170,1.541138,7.568359,0.183105,-11.535645
30707,0.089722,0.434326,1.535889,8.850098,0.854492,-10.375977
30719,0.281738,-0.045288,1.171265,11.901855,1.403809,-5.371094
30729,0.305786,-0.166504,1.084106,12.023926,0.000000,-4.272461
30739,0.173218,-0.209351,1.007324,11.230469,-2.014160,-3.906250
30748,0.078125,-0.252197,0.855469,10.253906,-2.502441,-2.014160
30757,0.033813,-0.297119,0.874268,10.009766,-1.586914,0.305176
30767,0.013672,-0.234497,1.011475,9.826660,0.488281,2.441406
30777,-0.006104,-0.346924,0.976318,9.521484,0.915527,3.112793
30787,-0.070679,-0.668701,0.824463,8.972168,0.061035,2.624512
30799,-0.085083,-0.316406,0.710571,7.202148,-0.671387,2.502441
30808,-0.050171,-0.358154,0.650513,6.225586,-0.854492,1.892090
30818,0.002930,-0.325317,0.640381,5.249023,-1.220703,1.342773
30827,0.048706,-0.266357,0.639282,3.967285,-1.770020,1.159668
30838,0.013672,-0.180054,0.664551,2.746582,-1.403809,1.403809
30847,0.023071,-0.294922,0.459717,2.136230,-1.342773,2.075195
30860,0.006958,0.146240,0.703857,-0.427246,-0.671387,3.601074
30869,-0.007446,0.078979,0.783936,-1.037598,0.122070,4.272461
30879,-0.000366,-0.040283,0.947388,-0.671387,0.305176,4.882812
30888,0.015259,-0.048218,1.138916,-0.732422,0.488281,5.554199
30897,-0.007568,-0.051025,1.207397,-0.854492,0.671387,6.530762
30908,-0.001587,-0.187500,1.123657,-0.244141,0.061035,6.958008
30917,-0.003052,-0.202026,1.051392,0.549316,0.366211,7.141113
30930,-0.022583,-0.323486,0.916016,0.427246,0.122070,6.958008
30939,-0.036743,-0.145752,1.014160,0.610352,0.000000,6.286621
30949,-0.022339,-0.196045,0.961426,0.122070,0.244141,6.103516
30958,-0.034790,-0.157959,0.941895,-0.244141,-0.427246,5.371094
30968,-0.011108,-0.232178,1.035645,-0.549316,-0.732422,4.760742
30978,-0.006714,-0.125488,1.010986,-1.037598,-1.159668,4.455566
30988,0.028320,-0.052246,0.935669,-1.220703,-1.220703,4.089355
30997,0.016846,-0.094116,1.018066,-1.586914,-0.549316,3.417969
31007,0.000122,-0.146484,1.050293,-1.708984,-0.305176,3.234863
31017,-0.041504,-0.063477,1.049561,-1.647949,0.427246,2.990723
31027,-0.073853,-0.022217,1.019897,-1.647949,0.549316,2.441406
31037,-0.058105,-0.180664,1.051514,-1.892090,-0.122070,1.831055
31047,-0.071899,-0.174927,1.008789,-1.770020,-0.305176,1.159668
31057,-0.050415,-0.125366,1.008423,-1.708984,-0.061035,0.549316
31067,-0.029297,-0.123169,0.987427,-1.708984,0.244141,-0.244141
31079,0.015869,-0.154663,0.986816,-1.525879,-0.244141,-1.342773
31088,0.022095,-0.096924,0.986572,-1.708984,-0.488281,-1.770020
31098,0.006836,-0.079834,0.970581,-2.197266,-1.159668,-2.380371
31108,0.011230,-0.109375,1.010864,-2.075195,-0.976562,-2.319336
31118,0.055542,-0.111328,0.993896,-1.892090,-1.525879,-2.319336
31127,0.078247,-0.140869,0.982666,-1.831055,-1.037598,-2.319336
31137,0.044067,-0.117554,0.981689,-2.014160,-1.220703,-1.403809
31149,-0.005127,-0.130737,0.964233,-1.892090,-1.098633,-0.976562
31158,-0.064697,-0.087280,0.968872,-2.014160,-0.671387,-0.549316
31168,-0.117310,-0.077393,0.952759,-2.319336,-0.549316,-0.549316
31178,-0.127197,-0.079102,0.984863,-2.258301,0.000000,-0.366211
31188,-0.130493,-0.048096,0.991333,-2.624512,0.061035,-0.061035
31198,-0.095581,-0.063232,0.991089,-2.319336,1.037598,0.488281
31207,-0.066650,-0.090576,0.984131,-2.258301,0.366211,1.403809
31219,-0.058350,-0.075562,0.991333,-2.441406,1.098633,1.953125
31228,-0.039429,-0.084595,0.991089,-2.136230,1.220703,2.075195
31238,-0.028931,-0.065552,0.978760,-2.136230,1.770020,2.136230
31247,-0.015869,-0.064941,0.995850,-2.136230,2.136230,2.441406
31257,-0.005371,-0.075317,1.005859,-2.136230,2.929688,2.319336
31267,0.002808,-0.075317,1.024292,-2.380371,2.258301,2.258301
31278,0.014893,-0.079590,1.037842,-2.136230,2.380371,1.831055
31287,0.019165,-0.066162,1.010864,-2.197266,1.647949,1.464844
31298,0.022705,-0.056396,0.995850,-2.014160,1.464844,1.464844
31307,0.029175,-0.052734,0.994995,-1.831055,1.098633,1.464844
31317,0.027954,-0.047729,1.001221,-1.586914,1.220703,1.525879
31327,0.019531,-0.061523,1.006470,-1.647949,1.220703,1.586914
31338,0.022095,-0.074219,1.004761,-1.647949,0.915527,1.586914
31347,0.018677,-0.069092,1.007935,-1.647949,0.854492,1.892090
31359,-0.001587,-0.066528,0.986450,-1.708984,0.793457,1.831055
31368,-0.014893,-0.059326,0.985474,-1.342773,0.549316,1.953125
31378,-0.032959,-0.063599,0.991577,-1.281738,0.976562,2.319336
31387,-0.046631,-0.079590,0.998901,-1.220703,1.220703,2.258301
31397,-0.054443,-0.089844,1.000610,-1.403809,1.464844,2.319336
31407,-0.061646,-0.102661,0.989990,-1.464844,1.342773,2.685547
31417,-0.067383,-0.108154,0.989380,-1.403809,2.197266,3.295898
31427,-0.076782,-0.090820,0.981567,-1.464844,2.197266,3.540039
31438,-0.063965,-0.080688,0.980103,-1.342773,2.624512,3.906250
31447,-0.055176,-0.042847,0.952515,-1.586914,2.807617,4.211426
31457,-0.036133,-0.066406,0.968140,-1.770020,2.746582,4.638672
31467,-0.028198,-0.042358,0.965942,-1.708984,3.356934,4.943848
31477,0.003540,-0.017090,0.988403,-1.770020,3.662109,5.310059
31487,0.027710,-0.075317,0.971069,-1.708984,3.662109,5.737305
31498,0.035278,-0.050293,1.015259,-1.770020,3.906250,5.798340
31508,0.061279,-0.073242,1.034302,-1.770020,3.295898,5.920410
31517,0.071777,-0.098999,1.028809,-1.403809,3.234863,5.920410
31527,0.060791,-0.129761,1.008789,-1.586914,2.685547,5.798340
31537,0.044189,-0.119751,0.992676,-1.342773,2.685547,5.676270
31547,0.040527,-0.049805,1.018555,-1.159668,2.502441,5.859375
31557,0.034058,-0.086182,0.988892,-1.037598,2.807617,5.920410
31568,0.029175,-0.077148,0.981201,-1.098633,2.136230,5.432129
31577,0.035400,-0.110352,0.962402,-1.281738,2.441406,4.821777
31587,0.036377,-0.065674,0.965698,-1.586914,1.770020,4.211426
31597,0.045166,-0.017090,1.000732,-1.525879,1.342773,3.417969
31607,0.065796,-0.039551,1.016724,-1.342773,1.220703,2.746582
31616,0.063477,-0.063843,1.022705,-1.525879,0.854492,1.953125
31628,0.058350,-0.068726,1.003540,-1.159668,0.305176,1.159668
31637,0.051270,-0.077881,1.014038,-1.159668,-0.183105,0.854492
31648,0.026001,-0.086182,1.013794,-0.976562,-0.122070,0.488281
31657,0.025269,-0.098877,0.994385,-0.793457,0.305176,0.366211
31667,0.021729,-0.104126,0.973877,-0.915527,-0.366211,0.183105
31677,0.028931,-0.090942,0.988403,-0.976562,-0.061035,-0.122070
31687,0.042236,-0.077637,0.988892,-1.342773,-0.488281,-0.427246
31699,0.028076,-0.071167,0.974609,-1.342773,-1.037598,-0.732422
31709,0.040771,-0.058228,0.987549,-1.464844,-1.098633,-0.671387
31719,0.030396,-0.056519,1.010742,-1.037598,-0.366211,-0.610352
31729,0.023804,-0.053223,0.983398,-1.281738,-0.732422,-0.366211
31738,0.033569,-0.050781,0.979736,-1.220703,-0.488281,-0.122070
31748,0.037109,-0.055664,0.998413,-1.159668,-0.305176,0.244141
31757,0.025757,-0.056763,0.992798,-1.220703,-0.732422,0.732422
31767,0.023193,-0.067627,1.013184,-1.342773,-0.122070,2.014160
31778,0.000122,-0.093262,1.018921,-1.037598,0.305176,3.356934
31788,0.004395,-0.126465,1.014404,-0.915527,0.244141,3.906250
31797,0.022949,-0.136841,1.018555,-0.793457,0.305176,4.333496
31807,0.001831,-0.114746,0.990723,-0.854492,-0.122070,3.601074
31817,-0.018066,-0.145874,0.999023,-0.915527,-0.671387,3.479004
31827,-0.004517,-0.108032,0.990479,-0.793457,0.000000,4.211426
31837,0.020508,-0.105225,0.991699,-0.671387,0.549316,5.554199
31847,-0.026489,-0.142700,0.966919,-1.159668,0.183105,6.347656
31856,0.014771,-0.099365,1.021729,-0.915527,0.915527,6.469727
31867,0.002441,-0.196899,0.970337,-1.037598,1.159668,5.493164
31877,-0.008545,-0.025146,0.994507,-1.342773,-0.122070,3.845215
31887,0.012451,0.025757,1.026978,-1.159668,-0.671387,2.502441
31896,0.058228,-0.052734,0.975098,-1.342773,-1.403809,1.342773
31908,0.011353,0.012939,0.972656,-0.793457,-0.366211,0.488281
31917,0.055298,-0.042236,1.029663,-0.671387,0.732422,-0.183105
31928,-0.010132,-0.077515,1.009033,-0.854492,-1.037598,-1.647949
31938,0.044067,-0.084595,1.004883,-1.098633,-1.098633,-2.807617
31947,0.101929,-0.173828,0.979370,-0.976562,-0.610352,-4.455566
31957,0.051392,-0.112549,1.017700,-1.037598,-2.197266,-5.615234
31966,-0.009766,-0.103760,1.013672,-0.976562,-2.075195,-6.591797
31976,-0.008789,-0.086670,1.027222,-1.098633,-1.403809,-6.286621
31988,-0.067993,-0.042480,0.962280,-1.098633,-2.136230,-4.028320
31998,-0.125000,-0.020752,0.993774,-0.305176,0.488281,-2.563477
32007,-0.273193,-0.022461,0.991455,-0.061035,1.159668,-2.014160
32017,-0.273926,-0.118408,0.991699,-0.183105,2.807617,1.159668
32027,-0.313965,-0.039063,1.023804,-0.549316,5.004883,1.037598
32037,-0.181519,-0.036011,0.981689,-0.915527,5.310059,2.136230
32047,-0.117188,-0.088989,0.905518,-1.037598,6.347656,6.835937
32056,-0.096069,-0.067261,0.883057,-1.647949,7.324219,10.009766
32067,-0.111206,-0.060913,1.037842,-1.770020,8.361816,14.587402
32077,-0.071289,-0.085571,1.049561,-1.525879,8.850098,18.554687
32086,-0.056641,-0.093384,1.005615,-1.525879,9.521484,22.155762
32097,-0.032837,-0.105957,0.956177,-1.342773,10.559082,25.878906
32107,-0.010132,-0.141846,0.933350,-1.342773,10.864258,29.052734
32117,0.010376,-0.196289,0.938354,-1.342773,11.230469,31.738281
32128,0.042480,-0.244507,0.978516,-1.586914,11.474609,34.484863
32138,0.050659,-0.231812,0.995850,-2.197266,11.169434,34.851074
32147,0.084473,-0.229614,1.002808,-1.953125,12.817383,35.522461
32157,0.094727,-0.243774,1.005859,-2.441406,9.765625,36.010742
32167,0.083130,-0.246216,0.995605,-1.525879,11.901855,36.437988
32177,0.088623,-0.247437,0.982300,-1.892090,9.765625,36.804199
32189,0.143677,-0.262085,0.979126,-1.708984,11.047363,35.583496
32199,0.145752,-0.258179,0.982056,-1.770020,10.681152,34.484863
32208,0.131348,-0.228760,0.993896,-1.953125,10.070801,33.020020
32218,0.129272,-0.207397,0.989624,-2.014160,9.216309,31.921387
32227,0.124390,-0.211670,0.976074,-1.953125,9.399414,30.822754
32237,0.097900,-0.215454,0.976562,-1.953125,9.277344,29.663086
32247,0.086670,-0.224487,0.981689,-1.892090,9.277344,28.625488
32257,0.101074,-0.238525,0.974121,-1.770020,8.666992,27.343750
32268,0.116089,-0.210205,0.999878,-1.892090,6.469727,24.291992
32278,0.147583,-0.203247,1.013550,-1.647949,5.981445,23.193359
32287,0.171875,-0.219849,0.992187,-1.281738,5.371094,22.155762
32296,0.180786,-0.225952,0.966187,-1.098633,4.577637,21.484375
32307,0.192383,-0.220215,0.965332,-1.159668,4.821777,20.812988
32317,0.222656,-0.222534,0.974365,-1.342773,4.394531,20.812988
32327,0.237427,-0.240234,0.978638,-1.770020,3.540039,20.446777
32338,0.185669,-0.228394,1.010620,-1.770020,1.770020,17.944336
32348,0.163696,-0.240845,1.031128,-1.525879,1.342773,16.479492
32357,0.137695,-0.294189,1.020508,-1.220703,1.159668,15.014648
32366,0.096069,-0.319214,0.989136,-0.976562,0.549316,12.817383
32377,0.064575,-0.301758,0.965454,-1.281738,-0.244141,10.803223
32387,0.046265,-0.278198,0.945312,-1.403809,-0.305176,8.728027
32397,0.026123,-0.238037,0.969604,-1.464844,-0.488281,6.713867
32408,0.041138,-0.231934,1.017822,-1.281738,-0.549316,1.831055
32418,0.082031,-0.286499,0.975708,-1.098633,-1.098633,-0.549316
32427,0.139038,-0.265991,0.959961,-1.281738,-0.854492,-2.746582
32437,0.183350,-0.202637,0.998901,-1.464844,-1.037598,-4.394531
32446,0.218140,-0.146973,1.073608,-1.525879,-2.136230,-5.798340
32457,0.214478,-0.168701,1.074463,-1.220703,-3.845215,-6.896973
32466,0.203735,-0.211426,1.030151,-0.671387,-5.126953,-8.117676
32478,0.222168,-0.115845,0.984009,-0.915527,-5.065918,-10.681152
32487,0.195801,-0.012573,1.009644,-1.831055,-6.469727,-12.145996
32497,0.198853,-0.010986,0.999146,-1.342773,-7.507324,-13.732910
32507,0.162109,-0.074951,0.971558,-0.671387,-9.033203,-14.709473
32517,0.156738,-0.091675,0.968262,-0.427246,-8.911133,-15.502930
32527,0.175293,-0.050903,0.994629,-0.915527,-9.216309,-16.235352
32536,0.206543,-0.033081,0.999878,-1.281738,-9.399414,-16.235352
32548,0.185791,-0.076782,0.990356,-1.586914,-10.009766,-16.357422
32558,0.137451,-0.096802,0.969116,-1.525879,-10.375977,-16.967773
32567,0.091064,-0.081299,0.962158,-1.831055,-10.131836,-18.310547
32577,0.055054,-0.080566,0.958984,-1.892090,-10.437012,-19.775391
32586,0.007080,-0.090698,0.984863,-1.831055,-10.375977,-21.118164
32597,-0.055786,-0.135254,0.989502,-1.647949,-9.826660,-22.277832
32606,-0.091675,-0.169556,1.003540,-1.708984,-10.070801,-23.620605
32618,-0.075806,-0.206909,0.979980,-1.770020,-9.521484,-26.000977
32628,-0.039795,-0.196045,0.977539,-1.892090,-9.155273,-27.099609
32638,0.007324,-0.208130,0.966919,-2.075195,-9.399414,-27.954102
32647,0.049072,-0.225464,0.958496,-2.014160,-9.338379,-29.174805
32657,0.064941,-0.200928,0.977783,-2.075195,-9.582520,-30.578613
32667,0.083130,-0.185791,0.999512,-1.892090,-9.277344,-31.433105
32676,0.086426,-0.200195,1.007568,-1.403809,-9.155273,-32.043457
32686,0.090332,-0.220581,0.970093,-1.892090,-9.643555,-32.165527
32697,0.077148,-0.171387,0.905884,-2.014160,-9.765625,-32.165527
32707,0.055542,-0.107788,0.948486,-2.075195,-9.521484,-30.944824
32716,0.020630,-0.151367,0.959839,-1.647949,-9.216309,-29.174805
32727,-0.065186,-0.163208,0.967041,-1.770020,-8.789063,-27.648926
32736,-0.153442,-0.106567,1.006714,-2.136230,-7.629395,-26.306152
32746,-0.175415,-0.112915,0.999634,-2.197266,-6.347656,-24.658203
32758,-0.222900,-0.227295,0.862061,-2.136230,-3.662109,-21.240234
32768,-0.224243,-0.175415,0.943848,-2.380371,-2.624512,-20.202637
32777,-0.193726,-0.140869,1.007935,-2.685547,-1.464844,-19.104004
32787,-0.158691,-0.157471,0.977417,-2.502441,-0.427246,-17.395020
32796,-0.156616,-0.140503,0.972900,-2.136230,0.488281,-15.563965
32806,-0.126221,-0.113647,0.985962,-2.014160,1.647949,-13.488770
32818,-0.086060,-0.132202,0.957764,-1.586914,3.295898,-7.934570
32828,-0.006470,-0.200806,1.023560,-1.953125,3.662109,-5.554199
32837,-0.012085,-0.152832,1.035767,-2.441406,3.967285,-2.929688
32847,0.002319,-0.073853,1.056641,-2.807617,3.479004,-0.610352
32857,-0.008301,-0.093872,1.032471,-2.441406,4.455566,2.136230
32866,-0.039307,-0.204590,0.950684,-1.647949,4.638672,3.601074
32877,-0.083008,-0.190308,1.011963,-1.770020,4.943848,3.662109
32886,-0.075562,-0.167847,1.062866,-2.136230,5.493164,3.662109
32898,-0.117188,-0.116333,0.992065,-2.075195,6.347656,3.234863
32907,-0.082153,-0.101318,1.002441,-2.685547,7.080078,2.319336
32917,-0.034424,-0.173950,0.954712,-2.136230,7.202148,1.342773
32926,0.006714,-0.167969,1.013062,-2.258301,6.774902,0.732422
32937,0.046753,-0.149902,1.077515,-2.380371,7.019043,0.183105
32946,0.076294,-0.173340,1.017578,-2.380371,6.469727,0.000000
32958,0.097168,-0.105469,0.992920,-2.136230,5.737305,1.464844
32967,0.067261,-0.136841,0.948242,-1.464844,6.408691,3.173828
32977,0.114014,-0.167114,0.948120,-1.403809,6.652832,5.859375
32987,0.113281,-0.168579,0.972046,-1.831055,6.347656,9.704590
32996,0.144043,-0.138672,0.981812,-1.770020,6.896973,13.793945
33007,0.123779,-0.095581,0.994263,-1.647949,7.141113,17.822266
33016,0.079346,-0.160767,1.000732,-1.098633,7.141113,20.751953
33028,0.111084,-0.215454,0.983398,-0.366211,7.080078,24.353027
33037,0.142090,-0.247314,1.001221,-0.549316,6.469727,25.634766
33047,0.133667,-0.182251,0.986084,-0.732422,6.042480,26.367187
33056,0.092529,-0.104004,0.989990,-0.976562,5.798340,27.404785
33067,0.077026,-0.104980,0.944824,-0.183105,6.103516,27.770996
33076,-0.001953,-0.161987,0.901367,0.305176,6.042480,27.770996
33086,-0.053467,-0.191162,0.935791,-0.061035,5.371094,27.343750
33096,-0.071167,-0.112793,0.983398,-0.976562,5.676270,26.306152
33106,-0.079346,-0.011841,1.030273,-1.159668,3.906250,21.728516
33117,0.029297,-0.083374,1.014893,-0.366211,4.699707,18.615723
33127,0.108643,-0.158081,1.030151,-0.244141,3.906250,15.869141
33136,0.224121,-0.165771,1.028320,-0.427246,3.295898,13.916016
33146,0.250244,-0.106079,1.023193,-1.342773,-0.610352,12.084961
33156,0.292236,-0.096802,1.019653,-1.159668,-0.854492,9.887695
33168,0.252319,-0.125732,0.993042,-0.244141,-1.831055,5.859375
33177,0.275146,-0.264160,1.001343,-0.061035,-1.892090,2.807617
33187,0.236450,-0.269409,1.015503,-0.244141,-4.089355,-0.366211
33196,0.275269,-0.237183,1.058594,-0.854492,-5.249023,-3.845215
33206,0.302246,-0.232300,1.036743,-1.281738,-6.774902,-7.019043
33216,0.310913,-0.160400,1.022095,-1.159668,-8.117676,-9.460449
33226,0.322266,-0.146240,0.974609,-0.976562,-9.826660,-12.084961
33236,0.285156,-0.142944,0.964478,-0.549316,-10.925293,-14.282227
33248,0.143066,-0.156738,0.966309,-0.305176,-11.230469,-15.319824
33258,0.150879,-0.048950,1.065186,-0.976562,-11.352539,-15.686035
33268,0.088135,0.041504,0.976318,-1.281738,-12.145996,-16.723633
33278,-0.060791,0.093750,0.967773,-1.281738,-12.817383,-18.188477
33287,0.018799,0.102905,0.947388,-1.281738,-12.817383,-19.226074
33297,0.034180,0.084961,0.939941,-0.976562,-12.207031,-19.836426
33307,0.071045,0.096802,0.997925,-1.220703,-13.183594,-21.240234
33316,0.008423,0.121704,0.758545,0.183105,-12.573242,-20.568848
33326,0.179443,-0.093994,1.096069,-0.122070,-11.596680,-19.104004
33335,0.179199,-0.071411,1.098022,-0.610352,-11.169434,-17.089844
33346,-0.031006,0.196411,0.856079,-1.647949,-11.962891,-15.747070
33356,-0.149780,0.093140,0.909302,-1.098633,-12.390137,-15.136719
33366,0.067993,-0.040405,0.980591,-0.061035,-11.596680,-13.916016
33375,0.051636,-0.041992,1.071655,0.000000,-11.230469,-12.817383
33388,-0.262207,0.038208,1.038330,-0.854492,-10.559082,-11.901855
33397,-0.299561,0.055054,0.994995,-1.220703,-9.826660,-12.268066
33407,-0.241821,0.045654,0.969971,-1.220703,-8.422852,-11.901855
33417,-0.253052,-0.001953,1.013428,-1.281738,-6.591797,-10.131836
33426,-0.271484,-0.007202,1.022095,-1.220703,-4.760742,-8.117676
33436,-0.215576,-0.017944,1.027954,-1.464844,-3.906250,-6.774902
33446,-0.208862,-0.049316,1.058228,-2.075195,-2.990723,-4.638672
33456,-0.181030,0.009521,1.043701,-2.685547,-1.586914,-1.281738
33465,-0.088501,0.043823,0.996826,-2.746582,-1.403809,0.488281
33476,0.043457,-0.124756,1.000366,-2.502441,-1.770020,0.915527
33485,0.143799,-0.163208,0.964966,-2.441406,-2.197266,0.610352
33496,0.259888,-0.277222,0.991943,-2.685547,-1.892090,0.793457
33506,0.273682,-0.332397,0.884888,-2.441406,-2.380371,0.732422
33516,0.265015,-0.045288,1.127441,-2.868652,-3.234863,0.183105
33526,0.170654,-0.123291,1.062378,-2.929688,-4.516602,-2.075195
33535,0.158325,-0.278687,0.906860,-1.586914,-5.187988,-3.479004
33546,-0.052124,-0.191040,1.037842,-1.953125,-5.676270,-4.394531
33556,-0.171997,-0.229858,0.986084,-1.464844,-6.042480,-5.798340
33565,-0.067505,-0.334595,0.895630,-0.793457,-5.798340,-6.896973
33576,-0.029785,-0.191040,0.986816,-1.159668,-4.394531,-7.446289
33586,-0.014893,-0.168457,1.012207,-1.098633,-4.638672,-7.751465
33596,0.026245,-0.238770,0.979980,-0.183105,-5.737305,-9.948730
33605,-0.011230,-0.112183,1.028198,-0.732422,-6.347656,-11.169434
33615,-0.016479,-0.149780,1.038818,-0.671387,-6.896973,-12.573242
33626,0.011963,-0.107178,0.985107,-0.549316,-6.774902,-13.732910
33635,0.023193,-0.115967,0.949585,-0.427246,-6.774902,-14.099121
33645,0.036255,-0.127441,1.019043,-0.366211,-6.469727,-14.038086
33656,0.054932,-0.173462,0.999023,-0.305176,-6.469727,-14.465332
33666,0.050171,-0.213013,1.065308,-0.549316,-7.141113,-14.892578
33675,-0.019287,-0.104126,1.036133,-0.976562,-7.385254,-14.953613
33686,-0.023560,-0.046753,1.001831,-0.671387,-7.019043,-14.526367
33696,-0.005615,-0.151855,0.970337,-0.366211,-7.141113,-14.953613
33706,-0.023926,-0.108032,0.995605,-0.610352,-7.141113,-14.953613
33716,-0.017822,-0.112427,0.988037,-1.159668,-7.324219,-15.625000
33725,-0.050659,-0.083374,0.948242,-1.342773,-7.019043,-16.357422
33735,-0.091675,-0.019653,1.027954,-1.647949,-6.774902,-16.967773
33747,-0.103271,-0.119385,1.039429,-0.915527,-5.859375,-18.493652
33757,-0.103149,-0.046387,1.009521,-1.220703,-6.042480,-19.714355
33767,-0.060669,-0.109497,0.949829,-1.037598,-5.432129,-19.714355
33777,-0.048340,-0.059814,1.011719,-1.342773,-5.371094,-20.141602
33786,-0.006836,-0.090454,0.951538,-0.976562,-5.310059,-20.324707
33796,-0.052124,-0.123169,0.983765,-0.854492,-4.699707,-20.080566
33806,0.033325,-0.052368,1.056274,-0.915527,-4.211426,-19.042969
33816,0.086426,-0.096924,1.047974,-0.732422,-5.065918,-18.920898
33825,0.062622,-0.160522,0.979248,-0.183105,-5.676270,-18.737793
33836,0.028320,-0.244995,0.905518,-0.244141,-6.103516,-18.493652
33846,-0.000732,-0.175171,0.892212,-0.793457,-6.835937,-19.653320
33855,-0.057983,-0.147583,0.891846,-1.403809,-6.530762,-20.446777
33865,-0.067017,-0.134644,0.994385,-1.525879,-6.469727,-22.216797
33878,0.017700,-0.236328,1.022095,-0.854492,-7.568359,-24.353027
33888,-0.011841,-0.220459,0.970581,-1.464844,-8.056641,-25.268555
33898,-0.021240,-0.202026,0.936157,-1.586914,-7.751465,-24.108887
33907,-0.020508,-0.160156,1.015259,-1.708984,-7.141113,-23.132324
33917,-0.056152,-0.286133,0.999634,-0.793457,-6.408691,-22.094727
33927,-0.108032,-0.244873,1.069214,-0.732422,-6.774902,-21.423340
33937,-0.113281,-0.236816,0.981934,-0.549316,-6.225586,-21.179199
33951,-0.152588,-0.201904,0.961304,0.000000,-4.699707,-21.484375
33961,-0.165527,-0.178955,0.983398,0.427246,-3.845215,-21.423340
33971,-0.055176,-0.234985,0.944214,0.488281,-3.295898,-20.263672
33980,0.042969,-0.194336,1.043457,0.061035,-3.295898,-19.958496
33989,-0.028687,-0.175781,1.009644,0.061035,-3.295898,-19.958496
33998,-0.006836,-0.206299,1.041748,-0.061035,-4.516602,-19.775391
34008,0.066162,-0.237305,1.012695,-0.061035,-4.760742,-19.592285
34018,0.014893,-0.184204,0.953247,0.366211,-5.249023,-18.493652
34028,-0.062378,-0.216187,0.971436,0.427246,-5.371094,-17.333984
34037,-0.117554,-0.185303,0.926636,0.061035,-4.516602,-16.418457
34047,-0.128662,-0.083252,0.966797,-0.366211,-3.051758,-14.709473
34057,-0.145630,-0.080078,0.979980,-0.366211,-2.807617,-12.695313
34066,-0.121338,-0.147095,1.046265,0.122070,-2.075195,-10.925293
34076,-0.078491,-0.185303,1.053345,0.122070,-1.892090,-8.850098
34086,-0.051514,-0.186523,1.041992,-0.183105,-2.319336,-5.798340
34096,-0.147217,-0.207153,0.919922,-0.183105,-2.319336,-4.943848
34106,-0.162109,-0.171509,0.896240,-0.305176,-1.770020,-4.821777
34115,-0.144897,-0.156494,0.919800,-0.427246,-1.220703,-5.249023
34125,-0.145630,-0.166382,0.974609,-0.366211,-0.427246,-6.042480
34136,-0.129028,-0.172363,1.005371,0.061035,-0.549316,-6.958008
34146,-0.122681,-0.134521,1.062378,0.061035,-0.671387,-7.690430
34155,-0.092041,-0.181885,0.983154,0.366211,-1.098633,-7.812500
34167,-0.083618,-0.205566,0.976318,-0.122070,-1.220703,-7.873535
34177,-0.074585,-0.215698,0.964111,-0.305176,-1.220703,-8.056641
34186,-0.053101,-0.228149,1.016968,-0.061035,-0.915527,-8.056641
34196,-0.017944,-0.253662,1.046753,-0.061035,-1.098633,-8.666992
34205,0.001953,-0.213867,1.131958,0.000000,-1.464844,-9.582520
34216,0.016602,-0.140137,1.224854,0.671387,-2.075195,-9.582520
34225,0.003540,-0.134521,1.245361,1.220703,-2.502441,-9.826660
34237,-0.042480,-0.222168,1.106689,3.723145,-2.624512,-9.460449
34246,-0.059326,-0.364258,1.062134,4.760742,-2.319336,-8.422852
34256,-0.053955,-0.408081,0.979004,5.004883,-1.281738,-7.507324
34265,-0.096313,-0.328369,0.893188,4.516602,-0.427246,-6.042480
34275,-0.161621,-0.315430,0.888184,3.845215,0.244141,-4.272461
34286,-0.209351,-0.287231,0.911133,3.601074,0.671387,-2.868652
34295,-0.196289,-0.246826,0.921509,3.723145,1.281738,-2.014160
34307,-0.188354,-0.285889,0.961914,3.356934,1.953125,-1.220703
34316,-0.223877,-0.229126,0.930176,2.929688,1.892090,-1.586914
34326,-0.226074,-0.263306,0.871704,2.563477,2.014160,-1.892090
34335,-0.231201,-0.260498,0.848022,2.258301,2.136230,-1.647949
34346,-0.204102,-0.291870,0.832642,1.770020,2.563477,-0.610352
34355,-0.202759,-0.273804,0.822388,1.403809,3.662109,0.549316
34367,-0.150757,-0.254272,0.856689,0.610352,4.943848,2.502441
34376,-0.088623,-0.255859,0.889893,0.244141,4.943848,3.540039
34385,-0.100220,-0.233276,0.895020,-0.122070,4.943848,4.028320
34396,-0.066528,-0.243530,0.930664,-0.244141,4.882812,4.577637
34405,-0.050537,-0.228516,0.951172,-0.549316,4.882812,5.065918
34416,-0.046021,-0.249390,0.972290,-0.854492,4.577637,5.187988
34425,-0.030762,-0.243652,0.959229,-1.098633,5.004883,5.737305
34435,-0.011475,-0.230835,0.958130,-1.281738,5.249023,6.713867
34447,-0.084229,-0.232666,0.987793,-1.220703,4.699707,7.995605
34456,-0.111938,-0.316040,0.972900,-1.159668,5.187988,8.605957
34465,-0.126465,-0.315186,0.955444,-1.281738,5.249023,8.666992
34475,-0.145752,-0.265991,0.981445,-1.220703,5.981445,8.178711
34485,-0.160645,-0.281250,0.985229,-1.220703,5.981445,7.751465
34495,-0.146606,-0.241821,0.976562,-1.708984,5.676270,7.141113
34507,-0.116211,-0.231323,0.998535,-1.586914,5.249023,5.981445
34516,-0.145142,-0.285278,0.980347,-1.342773,4.821777,5.737305
34526,-0.119019,-0.247803,0.991455,-1.342773,5.249023,5.798340
34535,-0.084839,-0.249512,0.994629,-1.403809,5.432129,6.347656
34545,-0.064209,-0.303711,0.985962,-1.281738,5.249023,6.958008
34555,-0.083252,-0.241943,0.984375,-0.976562,5.737305,7.507324
34565,-0.080078,-0.298462,0.946045,-0.610352,6.652832,8.483887
34576,-0.109863,-0.276001,0.926392,-1.647949,7.019043,11.291504
34586,-0.099365,-0.184814,0.940552,-2.075195,7.080078,12.512207
34596,-0.114136,-0.204346,0.970459,-2.502441,7.385254,13.488770
34606,-0.133789,-0.148315,1.007324,-2.685547,7.019043,13.793945
34615,-0.164185,-0.199219,1.006958,-2.502441,6.774902,13.610840
34626,-0.193115,-0.157227,0.997803,-2.563477,7.385254,13.427734
34635,-0.183350,-0.139038,1.028198,-2.624512,8.361816,13.244629
34645,-0.176880,-0.164673,0.986328,-2.441406,8.544922,13.549805
34656,-0.176147,-0.270020,0.872437,-2.197266,8.972168,14.526367
34666,-0.159546,-0.239502,0.896729,-2.319336,9.887695,15.563965
34675,-0.158325,-0.220459,0.930908,-2.746582,10.131836,17.578125
34685,-0.187378,-0.196045,0.960937,-2.868652,10.864258,19.226074
34695,-0.186401,-0.211792,0.986084,-2.502441,10.986328,20.690918
34705,-0.183105,-0.126343,1.013184,-2.624512,11.474609,22.399902
34716,-0.153809,-0.141479,1.036621,-2.929688,12.145996,25.146484
34727,-0.086304,-0.108521,1.002075,-2.807617,12.023926,26.306152
34736,-0.062134,-0.051392,1.007935,-2.929688,12.390137,27.648926
34746,0.008911,-0.112183,1.011475,-2.990723,12.207031,28.686523
34755,0.010010,-0.055542,1.005249,-3.173828,11.291504,29.724121
34765,-0.000366,-0.096802,1.018921,-2.990723,10.986328,30.334473
34775,-0.043945,-0.034180,1.047607,-2.929688,10.803223,30.639648
34785,-0.035645,-0.101318,1.056152,-2.807617,10.375977,30.517578
34797,-0.093506,-0.170166,0.945435,-2.258301,9.826660,28.503418
34806,-0.098389,-0.168823,0.939087,-2.075195,9.155273,27.587891
34815,-0.102173,-0.159668,0.944336,-1.831055,8.911133,26.550293
34825,-0.070190,-0.124268,0.955688,-1.708984,8.605957,25.573730
34834,-0.064087,-0.132935,0.977417,-1.586914,7.690430,24.291992
34845,-0.022705,-0.116455,0.984009,-1.525879,7.141113,23.132324
34855,0.001099,-0.117554,1.010498,-1.770020,6.958008,21.301270
34866,0.056641,-0.076050,1.011230,-1.953125,5.981445,16.784668
34876,0.105347,-0.105469,0.994263,-1.586914,3.906250,14.343262
34885,0.108276,-0.159302,1.000244,-1.464844,2.868652,12.145996
34895,0.095215,-0.171509,1.022461,-1.342773,1.831055,9.399414
34905,0.058350,-0.142090,1.016846,-1.647949,1.342773,6.652832
34915,0.112061,-0.157104,1.030396,-1.403809,1.037598,4.028320
34926,0.172729,-0.203003,0.991699,-1.464844,-0.305176,0.305176
34936,0.157715,-0.191650,0.982422,-1.770020,-1.220703,-1.342773
34945,0.128296,-0.226440,0.996338,-1.647949,-1.892090,-2.563477
34955,0.053589,-0.209351,0.989990,-1.770020,-2.990723,-4.150391
34964,0.035889,-0.226074,0.988770,-1.708984,-3.051758,-5.981445
34975,0.006348,-0.217773,0.970459,-1.831055,-3.356934,-7.690430
34985,0.028442,-0.183594,0.993530,-1.892090,-3.845215,-9.948730
34996,0.020020,-0.145386,0.990723,-2.258301,-4.455566,-15.075684
35006,0.040283,-0.124634,0.977417,-2.258301,-5.310059,-17.272949
35016,0.049438,-0.097290,1.008789,-1.953125,-5.187988,-19.287109
35025,0.037720,-0.094116,1.011108,-2.136230,-4.943848,-20.690918
35035,0.070190,-0.077026,0.989258,-2.380371,-5.249023,-21.301270
35045,0.067139,-0.049683,0.988647,-2.319336,-4.577637,-20.812988
35055,0.054321,-0.031982,1.021973,-2.319336,-4.150391,-20.080566
35065,0.028931,-0.052734,1.046387,-1.647949,-3.845215,-18.981934
35075,0.018311,-0.082520,1.056030,-0.793457,-3.845215,-16.723633
35086,-0.032593,-0.108032,1.041626,-0.610352,-3.601074,-16.113281
35096,-0.048218,-0.108154,0.996338,-0.549316,-2.868652,-15.441895
35106,-0.041138,-0.123779,0.956421,0.122070,-2.319336,-14.343262
35115,-0.066040,-0.180176,0.927612,0.610352,-1.403809,-13.305664
35125,-0.054687,-0.171265,0.956665,0.732422,-1.037598,-12.145996
35135,-0.085571,-0.164551,0.989258,0.671387,-0.183105,-10.803223
35144,-0.078125,-0.143188,1.007813,0.610352,0.732422,-7.812500
35156,-0.052490,-0.170166,0.951294,0.793457,1.281738,-6.469727
35166,-0.075317,-0.238159,0.919189,1.037598,1.647949,-5.493164
35175,-0.043579,-0.260254,0.917603,0.976562,2.075195,-4.699707
35185,-0.087646,-0.229004,0.941650,0.671387,2.502441,-4.272461
35195,-0.075439,-0.198853,0.962524,0.488281,2.868652,-3.784180
35205,-0.070801,-0.174072,0.980225,0.427246,3.417969,-3.356934
35215,-0.023682,-0.178101,0.979492,0.732422,4.333496,-1.647949
35226,-0.000732,-0.254150,0.929810,0.671387,4.882812,-0.488281
35236,-0.031250,-0.247925,0.967529,0.244141,4.516602,0.671387
35246,-0.008423,-0.213379,0.980103,-0.183105,4.760742,2.014160
35255,-0.013428,-0.203369,0.973022,-0.122070,4.943848,3.295898
35265,-0.009644,-0.194092,0.989624,0.122070,5.126953,4.089355
35276,-0.041992,-0.289063,0.964844,0.305176,5.676270,4.821777
35286,-0.083740,-0.202637,1.002319,-0.122070,5.249023,4.821777
35296,-0.079956,-0.222900,0.972900,-0.061035,5.737305,4.699707
35305,-0.075806,-0.195679,0.968384,-0.122070,5.920410,4.394531
35315,-0.070557,-0.192749,0.984009,-0.183105,5.859375,4.028320
35325,-0.050415,-0.261108,0.967651,-0.183105,6.164551,3.845215
35334,-0.026123,-0.237427,0.953857,-0.549316,6.713867,3.417969
35345,-0.042969,-0.225708,0.947388,-0.976562,6.286621,3.295898
35354,-0.049316,-0.248291,0.903442,-1.525879,6.408691,2.990723
35366,0.010254,-0.112305,0.973755,-1.953125,7.019043,3.051758
35376,0.047485,-0.142334,1.007935,-2.075195,6.713867,3.051758
35385,0.021362,-0.167114,1.013916,-2.136230,6.347656,3.051758
35395,0.031250,-0.122559,1.051758,-2.014160,5.798340,3.540039
35404,0.026611,-0.085449,1.091064,-1.708984,5.493164,3.723145
35415,0.042480,-0.149780,1.016113,-1.281738,5.859375,4.272461
35425,0.040894,-0.156006,0.967407,-0.854492,5.676270,5.859375
35434,0.052002,-0.147217,0.958496,-0.671387,5.371094,6.835937
35445,0.031006,-0.180298,0.937012,-0.610352,5.615234,7.995605
35454,0.019775,-0.183716,0.945068,-0.854492,5.554199,8.911133
35465,0.020752,-0.187500,0.962280,-0.976562,5.981445,9.216309
35474,0.028442,-0.254517,0.971436,-1.159668,5.676270,9.155273
35485,0.029419,-0.270752,0.977661,-1.464844,5.310059,8.850098
35494,0.021973,-0.270874,0.981934,-1.281738,4.089355,5.554199
35506,0.055542,-0.243652,0.957764,-1.586914,3.417969,3.845215
35515,0.098267,-0.259033,1.007568,-1.647949,2.563477,2.014160
35525,0.127319,-0.230103,0.984619,-1.708984,2.014160,0.244141
35534,0.139648,-0.208618,1.018433,-2.197266,1.098633,-1.159668
35545,0.119019,-0.232178,1.003906,-2.441406,0.305176,-2.136230
35555,0.129028,-0.198853,0.927979,-2.929688,0.427246,-3.112793
35564,0.123169,-0.220093,0.936768,-3.112793,0.244141,-4.150391
35576,0.066284,-0.153076,0.999634,-3.723145,0.183105,-4.333496
35585,0.035645,-0.105591,1.059570,-3.906250,0.610352,-4.455566
35595,0.046509,-0.051270,1.094238,-3.723145,0.671387,-5.004883
35604,0.064331,-0.075195,1.051270,-3.479004,-0.488281,-5.432129
35614,0.122803,-0.144165,1.065796,-3.173828,-0.976562,-5.737305
35625,0.122314,-0.118530,1.006836,-3.234863,-1.159668,-5.615234
35634,0.099854,-0.036255,1.007568,-3.601074,-1.037598,-4.028320
35644,0.073364,-0.010986,0.973877,-3.540039,0.122070,-2.929688
35655,0.011597,-0.028442,1.023315,-3.234863,-0.061035,-1.647949
35664,0.023804,-0.098145,1.043579,-2.746582,0.366211,-0.366211
35674,-0.021484,-0.024536,1.017090,-2.502441,0.061035,0.366211
35685,0.010620,0.005981,1.051514,-2.197266,0.244141,1.098633
35695,-0.009399,-0.087524,0.967896,-1.525879,0.183105,1.892090
35705,-0.006592,-0.153320,0.909302,-1.159668,1.037598,5.126953
35714,-0.041382,-0.159180,0.932129,-0.854492,1.831055,7.080078
35725,-0.036865,-0.090332,1.055786,-0.793457,2.380371,9.094238
35734,-0.038330,-0.152588,1.039063,-0.854492,2.746582,11.352539
35745,-0.094238,-0.173828,0.978882,-0.610352,2.563477,12.939453
35754,-0.065796,-0.154175,0.958130,-0.366211,2.502441,14.099121
35765,-0.049438,-0.171631,0.925903,-0.061035,2.624512,15.441895
35774,-0.014038,-0.231323,0.957031,1.098633,3.295898,18.798828
35784,0.007690,-0.268433,0.995972,0.976562,3.540039,20.385742
35794,0.055054,-0.160278,0.985962,1.037598,2.929688,21.545410
35804,0.051514,-0.205688,0.994385,1.220703,3.173828,22.460937
35814,0.000488,-0.214844,0.975708,1.220703,3.051758,23.254395
35824,-0.004395,-0.204102,1.027100,1.098633,2.807617,23.681641
35835,-0.010620,-0.115356,1.002441,0.671387,2.197266,23.803711
35844,0.001587,-0.078613,1.019775,0.183105,2.075195,25.207520
35856,0.010254,-0.047241,0.963745,0.122070,1.831055,26.184082
35865,-0.005737,-0.046875,1.028442,-0.061035,1.708984,27.465820
35874,-0.000488,-0.094482,1.010254,-0.122070,1.403809,28.442383
35884,-0.027466,-0.117676,0.968628,-0.610352,0.610352,28.991699
35895,-0.027588,-0.130859,0.973267,-0.732422,0.427246,28.747559
35904,-0.030640,-0.105835,0.948853,-0.793457,-0.183105,27.526855
35914,-0.023315,-0.106567,0.965454,-0.793457,-0.976562,23.498535
35924,0.000488,-0.117554,0.976562,-1.159668,-2.624512,20.996094
35935,0.099243,-0.154907,1.033813,-1.159668,-3.417969,19.226074
35944,0.110229,-0.181274,1.036133,-0.976562,-4.211426,17.883301
35954,0.094116,-0.144653,1.055664,-0.976562,-5.187988,16.479492
35964,0.134888,-0.199219,0.973755,-0.305176,-5.249023,15.380859
35974,0.142090,-0.277344,0.963013,-0.244141,-6.469727,13.732910
35984,0.135498,-0.261841,0.929077,-0.305176,-7.324219,11.535645
35995,0.026733,-0.294189,0.858032,-0.854492,-8.544922,6.591797
36005,0.001587,-0.345337,0.864014,-1.281738,-9.155273,4.455566
36015,0.017944,-0.337524,0.936401,-1.586914,-9.277344,2.197266
36025,0.001831,-0.269531,0.976929,-1.647949,-9.216309,0.488281
36035,0.016602,-0.239868,0.964111,-1.708984,-9.155273,-1.098633
36045,0.024658,-0.246460,0.993408,-1.892090,-9.826660,-2.624512
36054,0.056519,-0.270020,0.970947,-2.197266,-10.437012,-5.249023
36065,0.081787,-0.209839,1.006836,-2.380371,-10.925293,-6.225586
36075,0.077026,-0.174561,1.075439,-2.197266,-10.864258,-7.019043
36084,0.069580,-0.190918,1.042969,-1.647949,-10.803223,-7.873535
36094,0.049683,-0.220337,1.009399,-1.647949,-11.108398,-8.850098
36104,0.068115,-0.253174,1.014282,-1.953125,-11.169434,-10.070801
36114,0.057495,-0.233276,0.921265,-2.197266,-11.108398,-10.986328
36125,0.025391,-0.222168,0.940186,-3.051758,-10.498047,-12.207031
36135,0.051147,-0.183105,1.015869,-3.479004,-10.192871,-12.817383
36144,0.097046,-0.167847,1.066528,-3.356934,-9.948730,-13.183594
36154,0.085449,-0.215454,0.967163,-3.234863,-10.375977,-14.099121
36164,0.086426,-0.235718,0.935669,-3.601074,-10.864258,-14.892578
36174,0.008057,-0.158203,0.972168,-3.967285,-11.047363,-15.380859
36184,0.000366,-0.151611,1.038574,-3.906250,-10.009766,-15.563965
36194,-0.037354,-0.165283,0.959717,-4.028320,-9.338379,-15.136719
36203,-0.051025,-0.175537,0.980957,-3.845215,-7.751465,-12.573242
36213,-0.108032,-0.211914,0.946411,-3.784180,-6.469727,-11.108398
36224,-0.152832,-0.248047,0.947510,-4.089355,-5.676270,-9.582520
36234,-0.158203,-0.167358,0.953247,-4.333496,-4.577637,-7.995605
36244,-0.196899,-0.148560,0.889404,-4.394531,-2.502441,-6.530762
36253,-0.212891,-0.246826,0.863647,-4.699707,-1.220703,-5.004883
36265,-0.216797,-0.113159,0.971558,-5.249023,0.976562,-1.708984
36275,-0.163208,-0.124146,0.997192,-4.943848,1.220703,0.061035
36285,-0.202148,-0.103882,1.038940,-4.333496,1.953125,1.770020
36294,-0.207764,-0.109497,0.995605,-3.601074,3.112793,3.662109
36304,-0.208496,-0.137207,0.995361,-3.417969,3.845215,5.371094
36314,-0.221924,-0.034912,1.050415,-3.295898,4.943848,7.080078
36324,-0.214355,-0.114624,0.973999,-2.502441,6.103516,8.544922
36333,-0.208984,-0.131836,0.992065,-2.014160,6.164551,9.521484
36345,-0.153442,-0.137207,0.989502,-1.525879,7.324219,11.230469
36355,-0.149658,-0.031616,0.992676,-1.770020,7.690430,12.023926
36364,-0.114990,0.013062,0.991821,-1.953125,8.483887,12.756348
36374,-0.096313,-0.025513,0.973511,-1.953125,8.605957,13.366699
36383,-0.077881,0.033081,1.055054,-1.586914,8.239746,13.610840
36394,-0.063232,-0.088623,0.868530,-0.976562,8.605957,13.610840
36404,-0.011719,-0.132324,0.875244,-1.220703,7.995605,13.305664
36413,-0.020264,-0.031982,1.026733,-1.098633,7.751465,12.695313
36424,0.022827,-0.260254,0.873779,-1.159668,6.835937,12.145996
36434,0.077148,-0.048218,1.075317,-1.892090,7.080078,11.230469
36443,0.036255,-0.096680,1.118652,-1.464844,6.103516,10.681152
36454,0.112671,-0.338135,0.994751,-0.366211,5.615234,9.521484
36464,0.092529,-0.236938,0.985962,-0.183105,4.089355,7.690430
36475,0.072754,-0.300171,0.985352,-1.037598,1.403809,3.540039
36485,0.088745,-0.034912,1.100342,-1.159668,1.647949,1.770020
36494,0.101318,-0.186157,1.060059,-0.549316,1.770020,0.061035
36504,0.168457,-0.088745,1.097900,0.183105,1.159668,-1.831055
36513,0.135620,-0.231689,1.050781,0.854492,-0.915527,-4.394531
36524,0.177124,-0.178589,1.025269,1.342773,-1.098633,-6.164551
36534,0.151611,-0.218750,0.994751,1.281738,-2.014160,-7.385254
36543,0.167358,-0.173340,0.859131,0.793457,-2.197266,-8.361816
36555,0.155518,-0.041382,0.933594,0.122070,-3.051758,-9.765625
36565,0.099731,-0.101440,0.932129,-0.488281,-2.807617,-9.826660
36574,0.085205,-0.125244,0.994141,-0.610352,-1.892090,-9.582520
36584,0.130005,-0.043213,0.977295,-0.976562,-1.770020,-9.094238
36594,0.050659,-0.134277,1.013062,-1.281738,-1.892090,-8.789063
36603,0.029663,-0.095947,1.035400,-1.220703,-2.136230,-8.239746
36615,-0.015381,-0.096436,0.930298,-0.488281,-2.258301,-6.958008
36625,0.004028,-0.171265,0.948486,-0.976562,-1.892090,-5.493164
36634,-0.026978,-0.159302,0.978638,-1.159668,-1.037598,-3.662109
36644,-0.056641,-0.048584,1.067749,-1.342773,-0.183105,-1.464844
36654,-0.032837,-0.157593,1.000610,-0.915527,0.854492,0.549316
36664,-0.037842,-0.218994,0.953857,0.000000,0.732422,1.647949
36673,-0.081909,-0.243408,0.972656,0.305176,1.525879,2.197266
36684,-0.138672,-0.223633,0.984131,0.183105,0.793457,2.319336
36693,-0.148437,-0.131348,0.983154,-0.183105,2.929688,2.136230
36705,-0.138550,-0.192749,1.050903,-0.244141,2.502441,1.831055
36714,-0.104736,-0.168457,1.053833,-0.366211,3.295898,1.525879
36724,-0.073730,-0.162842,0.987671,-0.793457,2.929688,0.915527
36733,-0.039551,-0.224365,0.897461,-1.281738,2.197266,0.366211
36744,0.046265,-0.138428,0.857178,-1.525879,3.234863,0.122070
36753,0.012817,-0.167969,0.880005,-1.892090,3.845215,0.610352
36765,-0.008301,-0.294434,0.827271,-2.075195,4.333496,0.976562
36774,-0.003662,-0.213501,0.789795,-3.417969,5.126953,1.953125
36784,-0.059814,-0.177124,0.890869,-4.272461,5.920410,1.831055
36793,-0.042725,-0.191895,0.926758,-4.882812,4.516602,1.037598
36804,0.007446,-0.111450,1.052734,-4.394531,5.371094,0.122070
36813,0.067993,-0.198853,1.036255,-4.455566,3.662109,-0.366211
36824,0.135986,-0.098877,1.146606,-3.784180,3.723145,-1.281738
36833,0.077759,-0.328857,1.081055,-2.807617,3.234863,-0.915527
36843,0.134888,-0.281372,1.089844,-3.173828,2.563477,-0.793457
36853,0.136963,-0.119507,1.005371,-3.417969,2.563477,-0.244141
36863,0.091675,-0.200073,0.986694,-3.417969,2.685547,-0.061035
36873,0.094482,-0.138672,1.090210,-3.356934,2.563477,0.000000
36884,0.045776,-0.214478,0.950928,-3.173828,1.403809,-0.305176
36893,0.129883,-0.044312,1.105591,-3.540039,1.770020,-0.488281
36903,0.075439,-0.107178,1.073242,-3.601074,1.770020,0.366211
36914,0.073975,-0.160645,1.015259,-2.136230,0.671387,0.427246
36924,0.094971,-0.057983,1.076050,-1.708984,-0.122070,0.793457
36933,0.078857,-0.111450,1.031860,-1.464844,0.122070,1.037598
36943,0.088867,-0.044189,1.122070,-1.220703,-0.122070,0.976562
36953,0.100586,-0.030396,1.174194,-0.793457,0.183105,1.098633
36963,0.080933,0.034668,1.099731,0.061035,-0.488281,1.403809
36974,0.057861,-0.128296,1.017212,1.831055,-1.159668,2.014160
36984,0.079224,-0.194336,1.046265,1.708984,-1.586914,2.197266
36993,0.028198,-0.024536,0.993408,1.403809,-1.464844,2.075195
37004,0.009644,-0.047241,1.024780,1.586914,-1.159668,2.380371
37013,0.014404,0.008301,1.032227,1.281738,-0.915527,2.380371
37024,0.019775,-0.043457,0.981201,1.342773,-1.037598,1.647949
37033,-0.010864,-0.007690,1.030762,1.525879,-1.770020,0.732422
37043,-0.028442,-0.067749,1.034546,1.770020,-0.854492,-15.380859
37054,0.033936,-0.151489,0.919312,1.831055,-0.610352,-0.244141
37064,0.083252,-0.081665,1.023315,1.831055,-0.305176,0.183105
37073,0.108521,-0.236206,0.843994,1.892090,-0.915527,0.671387
37083,0.094849,-0.203491,0.801636,1.464844,-1.525879,1.342773
37093,0.104492,-0.182129,0.902588,1.159668,-0.854492,2.136230
37103,0.100342,-0.193115,0.922729,0.610352,-1.831055,2.685547
37115,-0.040649,-0.476318,0.427002,0.488281,-0.305176,2.929688
37125,-0.099365,-0.281494,0.668823,-2.197266,-1.953125,2.563477
37135,-0.050049,0.085815,1.062378,-3.967285,-1.403809,2.075195
37144,-0.005493,0.427490,1.563721,-3.540039,-0.183105,3.112793
37154,-0.006958,0.076782,1.254150,0.122070,-1.403809,4.760742
37163,-0.118408,-0.429199,0.845825,3.234863,-1.159668,6.713867
37173,-0.114746,-0.581299,0.578857,2.319336,0.793457,8.422852
37186,-0.036743,0.125122,0.987427,-3.112793,3.295898,10.070801
37195,-0.017334,0.064331,1.098999,-2.441406,2.441406,10.131836
37204,-0.005859,-0.080444,1.020142,-0.610352,0.793457,9.643555
37214,-0.055176,-0.343018,0.837891,0.549316,-0.366211,9.704590
37223,0.020752,-0.278442,1.013306,-0.366211,0.061035,9.826660
37233,0.049561,-0.165894,1.111450,-1.892090,5.554199,10.986328
37243,0.040405,0.118652,1.201416,-3.784180,2.929688,12.329102
37253,0.003418,-0.029419,1.020020,-0.732422,-0.671387,12.939453
37263,-0.031860,-0.153564,0.863647,-1.159668,0.549316,13.854980
37274,0.040039,-0.147217,1.123169,-3.051758,1.159668,14.038086
37283,0.116821,-0.036621,1.220093,-4.211426,0.671387,14.648438
37293,0.040894,0.064697,1.116089,-4.150391,-0.793457,15.441895
37303,0.020142,-0.151001,1.026123,-3.662109,-1.953125,15.747070
37312,-0.011963,-0.253052,0.900269,-3.540039,-2.014160,15.747070
37325,0.063110,-0.132690,1.040161,-6.286621,-2.136230,15.808105
37335,0.054687,-0.131470,0.957642,-7.080078,-2.441406,15.625000
37344,-0.018799,-0.007324,1.027222,-7.507324,-3.845215,15.075684
37354,0.007446,-0.164307,0.952637,-7.446289,-3.417969,14.282227
37363,-0.007813,-0.036621,1.098511,-7.568359,-3.417969,13.305664
37373,0.015015,-0.238159,1.046387,-7.080078,-3.051758,11.840820
37382,-0.011475,-0.036255,1.082886,-7.324219,-4.089355,10.253906
37394,0.001465,-0.152222,0.957520,-6.591797,-1.953125,8.422852
37403,-0.000244,-0.222900,0.976562,-6.530762,-5.737305,7.629395
37413,-0.031372,-0.114746,1.038208,-5.554199,-5.249023,6.713867
37423,-0.024658,-0.281494,1.009277,-4.882812,-4.760742,6.286621
37432,-0.019165,-0.148193,1.002075,-4.638672,-5.065918,5.676270
37443,-0.078857,-0.199951,0.913940,-4.577637,-4.943848,5.615234
37453,-0.069702,-0.008423,1.007324,-3.234863,-4.394531,4.516602
37462,-0.101196,-0.347046,0.876953,-0.976562,-5.310059,3.845215
37474,-0.155396,-0.409424,0.809448,0.549316,-4.516602,1.342773
37483,-0.161743,-0.286255,0.911621,-0.244141,-4.455566,0.549316
37493,-0.116333,-0.197021,1.108276,-0.488281,-3.295898,0.122070
37503,-0.088379,-0.279175,0.995239,-0.610352,-3.234863,-0.427246
37513,-0.070801,0.047241,1.023560,-0.671387,-2.258301,-1.220703
37523,-0.097778,-0.151611,0.960571,-0.183105,-2.197266,-1.037598
37533,-0.081055,-0.125977,1.006470,2.624512,-2.136230,-1.770020
37543,-0.025879,-0.289429,0.938477,2.563477,-0.915527,-2.197266
37552,0.001465,-0.014404,1.114746,1.892090,-0.732422,-2.624512
37563,0.021729,-0.063965,1.070801,1.708984,0.183105,-2.502441
37572,-0.001099,-0.029907,1.060303,1.464844,-2.014160,-2.624512
37583,-0.008057,-0.042603,1.001709,1.892090,-1.098633,-3.540039
37593,0.020752,-0.102173,0.975952,2.197266,-1.708984,-4.272461
37604,0.031860,0.004150,1.026855,1.708984,-1.098633,-4.577637
37613,0.069458,-0.041504,1.015503,1.159668,-1.037598,-4.272461
37623,0.140869,-0.068115,1.041504,0.732422,-1.647949,-4.089355
37632,0.091064,-0.042236,0.944092,0.732422,-1.708984,-3.906250
37643,0.136108,0.019043,1.081299,0.915527,-1.220703,-4.272461
37652,0.090088,-0.278442,0.962158,0.854492,-2.380371,-4.638672
37663,0.082153,-0.090332,1.042114,0.671387,-1.647949,-5.432129
37672,0.067139,-0.282715,0.913574,0.793457,-2.990723,-6.225586
37682,0.005737,-0.116943,0.960693,0.854492,-3.967285,-7.019043
37693,0.004639,-0.253906,0.806030,0.183105,-2.624512,-6.591797
37703,-0.020630,-0.142578,0.957275,-0.671387,-1.892090,-6.103516
37713,0.005371,-0.139282,0.917114,-1.403809,-2.136230,-6.469727
37723,-0.007935,0.026367,1.159790,-1.342773,-1.708984,-7.080078
37732,-0.073486,-0.155396,0.999023,-0.976562,-2.746582,-7.690430
37744,-0.104004,-0.021484,1.103027,-0.366211,-1.464844,-9.948730
37754,-0.068848,-0.202515,0.960693,-0.305176,-0.671387,-10.131836
37763,0.017700,-0.020020,1.026123,-0.305176,1.342773,-9.521484
37773,0.038696,-0.260376,0.891479,-0.061035,0.549316,-8.422852
37782,0.109131,0.063232,0.997925,-0.549316,0.488281,-7.263184
37793,0.121948,-0.201538,0.875000,-0.427246,-0.061035,-5.920410
37803,0.189575,-0.100098,0.895630,-0.488281,1.220703,-4.516602
37815,0.116333,-0.220215,0.975708,-1.586914,-0.183105,-3.906250
37825,0.070190,-0.004639,1.009033,-1.770020,-0.061035,-4.150391
37834,0.035645,-0.257202,0.929932,-1.770020,-0.732422,-5.004883
37844,0.018433,-0.216064,0.940186,-2.075195,-1.098633,-5.126953
37854,0.004028,-0.263306,0.895752,-2.624512,-1.281738,-4.516602
37863,-0.010864,-0.139160,1.020996,-3.051758,-0.915527,-4.150391
37873,0.013672,-0.079956,0.982788,-3.662109,-0.732422,-2.868652
37883,-0.000366,-0.043701,1.086304,-3.356934,-1.708984,0.549316
37894,-0.096069,-0.256348,0.962769,-2.563477,0.732422,1.342773
37904,-0.079956,-0.066040,1.139160,-1.586914,5.676270,1.647949
37913,-0.073364,-0.246094,1.037109,-2.563477,2.868652,2.746582
37923,-0.085327,-0.085449,1.021240,-2.258301,0.610352,2.258301
37933,-0.022705,-0.027588,1.032227,-1.586914,4.333496,2.685547
37942,-0.012695,-0.385254,0.729370,-1.220703,1.525879,2.685547
37954,-0.034790,-0.150146,0.966553,-2.319336,1.220703,1.831055
37964,-0.025024,-0.097290,0.976318,-3.906250,1.586914,1.770020
37973,0.047119,0.001831,0.983643,-3.906250,0.549316,0.915527
37982,-0.019165,-0.249268,0.911011,-3.295898,1.892090,0.427246
37993,0.005005,-0.127075,0.966309,-3.479004,1.586914,-0.488281
38003,0.047485,-0.294922,0.880249,-3.234863,1.403809,-1.647949
38012,0.067139,-0.085083,0.978882,-3.540039,0.915527,-2.197266
38024,0.113037,-0.278687,0.976318,-3.967285,0.183105,-2.502441
38033,0.159668,-0.004150,1.099365,-3.479004,0.793457,-2.929688
38043,0.080688,-0.242432,0.973877,-3.173828,0.061035,-3.234863
38052,0.076294,-0.065674,1.081299,-2.990723,-0.244141,-3.845215
38062,0.092041,-0.146362,1.078613,-2.075195,0.549316,-4.699707
38073,0.105469,-0.249390,0.928833,-2.136230,-1.037598,-5.493164
38083,0.089722,0.001221,1.088379,-2.319336,-3.173828,-5.615234
38092,0.147217,-0.123535,1.109253,-1.342773,0.366211,-5.310059
38104,0.100952,0.021606,1.033936,-1.892090,12.817383,-3.479004
38113,0.080933,-0.127808,0.988037,-2.441406,-1.770020,-1.342773
38123,0.031006,-0.143066,0.914795,-2.807617,-2.136230,-0.305176
38133,-0.011108,0.097656,1.015869,-3.417969,-0.671387,2.014160
38143,-0.070557,-0.061401,0.919312,-2.685547,0.366211,2.807617
38152,-0.113037,0.039917,0.970337,-2.624512,-0.427246,3.356934
38164,-0.147217,-0.134521,0.924683,-1.525879,1.708984,4.516602
38173,-0.129883,-0.022339,0.991211,-1.953125,0.793457,5.249023
38183,-0.098389,-0.235840,0.925659,-1.831055,2.014160,6.042480
38192,-0.081177,-0.036255,1.002197,-2.014160,1.708984,6.469727
38203,0.007446,-0.124023,0.974609,-2.014160,0.732422,7.019043
38212,-0.038452,-0.251709,0.936035,-2.136230,2.624512,7.751465
38223,0.033325,-0.010620,1.113159,-2.380371,2.258301,7.324219
38232,-0.000610,-0.163696,1.109619,-3.051758,0.793457,7.202148
38244,-0.026001,0.107300,1.096802,-1.953125,0.061035,6.530762
38253,-0.033203,-0.125610,0.981323,-0.610352,3.051758,6.652832
38263,0.019897,-0.135132,1.036011,-0.915527,1.281738,7.507324
38272,0.097046,0.100586,1.091675,-0.305176,1.892090,7.568359
38282,0.104980,-0.201660,0.985718,-0.305176,-1.525879,7.324219
38293,0.088623,-0.078369,0.969482,1.098633,2.441406,6.713867
38302,0.126221,0.032837,1.097290,0.183105,1.159668,6.896973
38314,-0.012207,-0.067993,1.002930,0.183105,-0.549316,3.601074
38324,-0.017944,-0.153198,1.005127,0.122070,-3.601074,2.380371
38333,-0.065308,-0.295654,0.885132,0.305176,1.098633,1.770020
38342,-0.040161,-0.071289,0.994507,-0.976562,-2.624512,2.014160
38352,-0.040527,-0.238037,0.888184,-1.037598,-5.981445,2.136230
38363,-0.029785,-0.167114,0.935791,-0.488281,-2.807617,2.319336
38372,0.007690,-0.072388,1.001709,-1.220703,0.976562,3.479004
38384,-0.004395,0.006226,1.031738,-2.441406,-1.220703,3.723145
38393,0.016846,-0.229492,1.073364,-1.953125,-2.990723,3.723145
38403,0.010620,-0.226685,0.914795,-1.281738,-3.173828,2.441406
38413,0.074585,0.036133,1.080078,-0.671387,1.708984,2.563477
38422,0.026978,-0.269043,0.904907,-1.525879,-1.770020,2.929688
38433,0.068237,-0.209351,0.875244,-1.708984,-4.699707,2.136230
38442,0.044312,-0.027222,0.976074,-1.953125,-1.037598,2.929688
38452,0.067017,-0.310791,0.880859,-2.990723,-7.690430,3.723145
38464,0.050537,-0.046509,1.048584,-2.502441,-6.408691,4.150391
38473,-0.003906,-0.167847,0.965942,-1.892090,-1.831055,4.272461
38483,-0.021606,0.008545,1.036499,-2.014160,-6.835937,3.967285
38492,-0.027344,-0.210815,0.959717,-0.366211,-3.967285,3.662109
38503,-0.059204,-0.346802,0.869141,-0.427246,0.366211,4.089355
38513,-0.022095,-0.091431,1.004639,-2.197266,-5.065918,3.112793
38522,-0.102661,-0.153442,1.003662,-2.197266,-4.455566,3.417969
38532,-0.044067,-0.011353,1.085449,-1.464844,-2.685547,2.929688
38543,-0.071899,-0.204224,1.001709,-1.708984,-3.845215,3.417969
38553,-0.016968,-0.229004,1.004028,-1.525879,-6.408691,3.051758
38562,0.019897,-0.081055,1.090210,-0.549316,-1.159668,3.051758
38573,0.047607,-0.160767,1.077881,-1.464844,-2.990723,3.540039
38582,-0.038208,-0.238647,0.999634,-0.976562,-3.417969,2.258301
38592,-0.055420,-0.092407,0.981689,-1.281738,-3.112793,1.159668
38602,-0.075439,-0.187012,0.999512,-1.525879,-4.150391,-0.549316
38613,-0.081055,-0.080200,1.014038,-2.014160,-2.807617,-1.281738
38623,-0.091553,-0.022583,0.989014,-1.953125,-2.685547,-2.380371
38632,-0.045532,-0.296265,0.902832,-1.953125,-3.662109,-3.540039
38642,-0.036499,-0.136841,0.964111,-2.685547,-3.173828,-4.516602
38652,0.017090,-0.004272,0.975098,-2.929688,-3.112793,-5.432129
38664,0.063477,0.075317,1.032471,-3.356934,-3.967285,-6.652832
38673,0.092285,0.035034,1.064819,-3.112793,-3.845215,-6.958008
38683,0.074097,-0.108643,0.968750,-2.258301,-3.356934,-7.141113
38692,0.057007,-0.041870,1.002563,-1.403809,-3.173828,-7.141113
38702,0.093750,-0.156616,1.029297,-0.915527,-3.112793,-7.568359
38713,0.051025,-0.311157,0.898437,-0.915527,-4.394531,-8.483887
38722,0.060913,-0.038086,0.958618,-0.915527,-4.211426,-9.216309
38734,0.039429,-0.257446,0.761597,-0.671387,-4.699707,-10.009766
38743,0.046997,-0.004639,0.966675,-1.586914,-4.394531,-10.070801
38753,0.030518,-0.204712,0.914795,-1.831055,-3.601074,-10.070801
38763,-0.025146,-0.216553,0.898071,-2.136230,-2.868652,-10.742188
38773,-0.049072,0.024170,1.053955,-2.014160,-3.295898,-11.291504
38782,-0.090820,-0.070557,1.055420,-1.831055,-3.662109,-11.657715
38792,-0.115723,-0.162476,0.992920,-1.159668,-2.502441,-11.779785
38802,-0.111084,0.015625,1.082275,-0.488281,-1.403809,-10.925293
38813,-0.090210,-0.325562,0.880981,0.854492,0.427246,-10.498047
38823,-0.072388,-0.080322,0.961914,0.244141,-0.488281,-9.582520
38832,-0.006348,-0.068359,0.991943,-0.549316,1.281738,-8.300781
38842,0.025391,-0.209351,0.861816,-0.671387,1.953125,-8.056641
38852,0.029907,-0.072876,1.006958,-1.647949,0.366211,-7.263184
38862,0.045044,0.022827,1.065063,-2.075195,0.976562,-7.141113
38872,-0.006226,-0.047974,1.105957,-2.929688,2.136230,-5.798340
38882,-0.045044,0.006348,1.093872,-2.685547,-0.061035,-4.760742
38893,-0.062866,-0.220825,1.023804,-1.586914,0.610352,-4.272461
38902,-0.022461,-0.032715,1.014160,-1.464844,3.112793,-2.441406
38912,0.005859,-0.006592,1.092896,-1.281738,3.967285,-1.647949
38922,-0.022217,-0.227905,0.850342,-1.403809,3.295898,-0.549316
38932,-0.074829,-0.135132,0.869141,-1.708984,2.380371,0.122070
38944,-0.006714,-0.384155,0.814697,-1.770020,4.272461,1.281738
38954,-0.050659,-0.102783,0.957886,-2.685547,3.356934,1.220703
38963,0.021729,-0.086426,1.014160,-2.563477,2.929688,1.220703
38972,-0.023560,-0.282104,0.972534,-2.868652,2.685547,0.915527
38985,0.005371,-0.079224,0.974976,-3.051758,3.356934,0.366211
38994,0.019409,-0.179199,0.992798,-3.784180,2.624512,0.183105
39004,-0.028320,-0.270020,0.873779,-4.516602,2.746582,0.000000
39014,0.013062,-0.104004,1.043457,-4.211426,4.333496,0.671387
39023,-0.028564,-0.173706,0.939209,-3.662109,3.540039,0.854492
39032,-0.073730,0.087402,1.057007,-3.234863,5.065918,1.525879
39042,-0.007568,-0.104736,1.008911,-2.441406,2.441406,1.220703
39051,-0.018188,-0.274414,0.893311,-2.380371,3.417969,1.770020
39062,-0.019287,-0.031372,0.986694,-2.197266,4.089355,1.953125
39072,0.032715,-0.098145,0.981323,-1.831055,3.112793,2.075195
39084,-0.015503,-0.126465,0.965454,-1.953125,3.906250,2.929688
39094,0.027710,0.074219,1.064697,-2.929688,2.380371,3.356934
39103,0.009644,-0.124512,0.973633,-3.051758,2.075195,3.540039
39113,-0.038696,-0.067139,0.944458,-3.234863,3.234863,3.601074
39122,-0.010742,0.008789,1.053223,-3.356934,2.380371,3.723145
39132,-0.004517,-0.154053,0.984497,-3.173828,2.685547,4.089355
39141,0.001831,-0.114014,1.034058,-2.807617,2.746582,4.455566
39151,0.047852,-0.079956,1.049805,-2.746582,1.281738,5.432129
39163,0.042114,-0.121094,1.025024,-2.197266,0.915527,5.676270
39172,0.002930,-0.033325,1.020142,-2.258301,3.234863,6.042480
39182,0.052002,-0.060059,1.005615,-2.929688,-0.244141,5.737305
39192,-0.005371,-0.194214,0.973755,-2.746582,3.601074,6.042480
39202,0.018555,-0.051636,0.970459,-2.929688,1.342773,5.554199
39211,-0.015625,0.009399,0.999023,-2.990723,1.464844,5.126953
39224,-0.014404,-0.044556,1.011597,-2.990723,0.854492,4.089355
39234,0.028442,0.073853,1.069824,-2.990723,0.793457,3.417969
39243,0.006348,-0.106812,0.978638,-2.746582,-0.915527,2.502441
39253,-0.005981,-0.106567,0.952881,-1.831055,2.624512,2.075195
39263,0.039673,-0.049316,1.036133,-2.136230,-2.014160,2.197266
39272,0.026611,-0.224121,0.995605,-0.915527,-1.403809,0.854492
39282,0.092896,-0.263550,0.999390,-0.671387,2.319336,0.671387
39294,0.068115,-0.098999,1.022583,-1.037598,-1.586914,-0.549316
39304,0.033936,-0.192139,0.962646,-1.281738,-2.014160,-0.915527
39313,0.046631,-0.038086,0.950195,-0.854492,-1.037598,-0.610352
39323,0.045288,-0.075195,0.978760,-0.183105,-1.403809,-0.976562
39333,0.027954,-0.270508,0.898682,-0.061035,-2.075195,-1.342773
39342,0.033081,-0.118164,0.877563,-0.305176,-2.136230,-1.647949
39352,0.075684,-0.076294,0.976318,-0.488281,-2.929688,-1.831055
39361,0.077637,-0.153076,0.965820,-0.610352,-3.173828,-1.953125
39371,0.061157,-0.013306,1.024170,-1.220703,-2.380371,-1.708984
39382,0.006226,-0.095825,1.035645,-0.610352,-2.502441,-1.281738
39392,-0.008423,-0.164062,1.073242,-0.488281,-1.770020,-1.403809
39401,-0.061035,0.049561,1.090820,-0.732422,-2.441406,-1.770020
39412,-0.101196,-0.039063,1.127319,-0.244141,-2.624512,-1.770020
39422,-0.068604,-0.172974,1.031982,0.488281,-2.685547,-1.525879
39431,-0.088501,-0.146973,0.943604,1.159668,-1.647949,-1.403809
39443,-0.012329,-0.198608,0.938354,1.220703,-1.281738,-0.732422
39452,-0.014160,-0.324463,0.861816,0.427246,-1.953125,-0.732422
39462,-0.038574,-0.078979,0.943726,-0.366211,-0.854492,-0.610352
39472,0.041138,-0.015869,0.933960,-1.220703,-1.525879,-0.305176
39482,-0.003906,-0.347168,0.851685,-1.159668,-0.915527,-0.122070
39492,0.009399,-0.258301,0.911133,-1.464844,-0.793457,-0.122070
39501,0.083740,-0.028809,0.995728,-2.197266,-1.220703,-0.427246
39513,-0.007324,-0.070801,0.922607,-2.746582,-1.098633,0.000000
39522,0.012207,0.013794,0.989868,-3.051758,-1.464844,-0.244141
39532,0.009399,-0.126221,1.003662,-2.807617,-1.525879,-0.122070
39541,-0.031860,-0.112793,1.010132,-2.380371,-0.732422,-0.061035
39552,0.030640,-0.045532,1.072754,-1.647949,-0.305176,-0.244141
39562,0.041016,-0.214600,1.078247,-1.586914,-0.671387,-0.488281
39571,0.012939,-0.251343,1.054932,-1.892090,-1.525879,-1.098633
39583,-0.051636,-0.030884,1.054565,-1.037598,-1.708984,-2.258301
39593,-0.009521,-0.133789,1.025146,-1.037598,-1.281738,-2.746582
39602,-0.028564,-0.268311,0.964233,-1.037598,-0.915527,-3.417969
39612,0.029053,-0.203369,0.962524,-1.342773,-1.220703,-3.784180
39621,0.010376,-0.039551,1.011230,-2.075195,-1.892090,-3.906250
39631,0.024536,-0.047485,0.976318,-2.502441,-1.464844,-4.516602
39642,-0.015503,-0.158936,1.039551,-1.403809,-1.464844,-5.004883
39652,-0.054687,0.007202,1.065918,-1.281738,-1.464844,-5.432129
39662,-0.014404,-0.025391,1.079468,-1.098633,-1.464844,-5.493164
39671,-0.053711,-0.119873,1.039795,-1.098633,-0.305176,-5.065918
39681,-0.019653,-0.079102,0.938599,-1.159668,0.610352,-4.333496
39692,-0.004761,-0.090332,0.947998,-1.525879,0.549316,-3.662109
39701,0.011719,-0.155396,0.903442,-1.892090,0.549316,-2.990723
39713,0.036621,-0.012329,0.932495,-3.417969,-0.183105,-2.075195
39722,0.074707,-0.097900,1.015381,-3.723145,-0.488281,-2.136230
39732,0.014648,-0.122559,0.948242,-3.234863,-1.098633,-2.746582
39742,0.030029,0.070801,0.968994,-2.624512,-0.854492,-2.563477
39751,0.047974,-0.059937,0.984741,-1.892090,-1.403809,-2.380371
39762,0.016479,-0.196167,0.897461,-1.892090,-0.549316,-2.319336
39771,-0.016357,0.055542,1.006592,-2.014160,-0.610352,-2.746582
39781,-0.025269,0.009521,1.023682,-1.831055,-0.488281,-3.234863
39793,-0.111694,-0.169678,0.884277,-0.915527,0.061035,-4.699707
39803,-0.022217,-0.070190,0.984619,-0.915527,-0.671387,-5.554199
39813,-0.064575,-0.204712,0.911743,-0.915527,-0.488281,-6.164551
39822,-0.093750,-0.100830,0.927246,-0.976562,0.305176,-6.286621
39832,-0.074707,0.015137,0.973511,-0.854492,-0.305176,-5.981445
39842,-0.046875,-0.112061,1.000366,-0.427246,1.464844,-5.371094
39852,-0.059692,-0.197998,1.017212,-0.488281,2.807617,-3.723145
39861,-0.046509,-0.095947,1.060181,-0.183105,3.173828,-3.173828
39871,-0.047485,-0.072754,1.095459,-0.122070,2.807617,-2.746582
39882,-0.045532,-0.138916,0.978638,-0.183105,2.990723,-2.197266
39891,-0.022339,-0.137695,0.866699,0.305176,2.441406,-1.770020
39901,-0.004272,-0.163574,0.918945,0.427246,3.845215,-1.464844
39911,0.010620,-0.241211,0.917725,-0.915527,3.662109,-0.488281
39921,0.054932,0.083252,1.166748,-2.441406,2.319336,-0.366211
39932,-0.049072,-0.101807,1.049683,-1.708984,2.441406,0.549316
39942,-0.049316,-0.291626,1.063477,0.976562,4.028320,1.037598
39951,0.034424,-0.249756,1.088501,1.464844,4.516602,1.342773
39961,0.054565,-0.098633,1.158569,0.976562,3.479004,1.098633
39971,0.006470,-0.082275,1.098389,0.427246,2.258301,0.793457
39981,0.052368,-0.162842,0.974121,0.610352,1.770020,0.366211
39991,0.066284,-0.214478,0.938965,1.220703,6.835937,0.549316
40002,0.005859,-0.113159,1.046265,1.098633,1.831055,0.061035
40012,0.121460,-0.175659,0.955200,-0.244141,2.502441,-0.610352
40022,0.032959,-0.246704,0.879639,-0.793457,1.892090,-1.403809
40031,0.073975,-0.157227,0.874878,-0.610352,1.159668,-2.258301
40041,0.033325,-0.092651,0.920410,-0.244141,0.671387,-2.258301
40050,0.085693,-0.169800,0.862549,-0.122070,1.464844,-2.197266
40061,0.000000,-0.186035,0.923706,-0.488281,0.061035,-2.258301
40071,0.036621,-0.048828,0.970581,-0.488281,1.220703,-1.708984
40080,0.033325,-0.241577,0.782349,-0.549316,0.732422,-1.403809
40091,-0.029419,-0.125732,0.854248,-0.610352,0.854492,-1.403809
40101,-0.010376,0.042847,0.963013,-0.976562,0.732422,-0.793457
40111,0.037720,-0.103638,0.974854,-1.220703,0.549316,0.061035
40121,-0.059692,-0.210327,0.958008,-1.037598,1.586914,1.281738
40130,-0.025879,-0.141724,0.979492,-0.610352,1.098633,1.831055
40143,0.068848,0.001221,1.086426,-1.037598,2.136230,3.356934
40152,-0.082886,-0.154785,1.097900,-0.610352,1.708984,3.417969
40162,-0.005615,-0.237305,1.017944,-0.488281,1.403809,3.479004
40171,-0.010254,-0.058594,0.969604,-0.793457,2.197266,3.784180
40181,0.013184,-0.020386,1.016968,-0.915527,1.953125,3.479004
40191,-0.005371,-0.266357,1.067017,-0.305176,2.746582,3.356934
40201,0.028564,-0.241211,1.044800,-0.549316,1.220703,3.051758
40212,0.016357,-0.165161,1.034058,-1.525879,0.671387,2.441406
40221,0.074463,-0.297485,1.004395,-2.319336,-0.366211,1.892090
40231,0.048584,-0.184937,1.042236,-3.356934,0.183105,1.586914
40240,0.024780,0.041382,1.174561,-4.028320,0.061035,1.098633
40251,-0.060181,0.044312,1.158936,-4.028320,0.122070,0.488281
40261,-0.049805,-0.067749,1.067749,-3.417969,0.732422,-0.610352
40271,-0.102417,-0.118164,1.056152,-3.112793,1.220703,-1.586914
40281,-0.012329,-0.073120,1.005859,-2.685547,1.831055,-2.990723
40291,0.034058,0.030762,0.955933,-2.258301,1.770020,-3.662109
40301,0.058105,-0.134033,0.911133,-2.075195,0.854492,-4.150391
40311,-0.002563,-0.182983,0.902344,-2.197266,0.610352,-4.577637
40321,0.008179,-0.019043,0.944458,-2.380371,0.488281,-4.882812
40331,-0.008301,-0.074585,0.972046,-2.502441,0.793457,-5.249023
40341,-0.042358,-0.219360,0.891846,-2.197266,1.892090,-5.676270
40352,-0.041992,0.011597,0.930054,-2.197266,2.075195,-6.347656
40362,-0.087036,-0.248535,0.831299,-0.488281,2.380371,-7.141113
40371,-0.046997,-0.300171,0.796997,-0.488281,5.126953,-7.141113
40381,-0.030273,-0.041992,0.945923,-0.915527,2.685547,-7.446289
40391,0.019043,0.056274,0.986084,-0.915527,1.953125,-7.202148
40400,-0.011597,-0.256104,0.889893,0.305176,4.272461,-6.286621
40410,0.012207,-0.349731,0.776611,0.305176,3.295898,-5.371094
40423,0.047363,0.008301,1.070801,-0.671387,3.417969,-1.647949
40432,0.057617,-0.123047,1.111206,-0.610352,3.845215,0.366211
40442,0.086426,-0.096069,1.049316,-0.305176,4.394531,2.441406
40451,0.117676,0.033569,1.112427,-0.244141,3.601074,4.760742
40460,0.057495,0.110718,1.078857,-0.244141,4.211426,7.019043
40471,0.124023,-0.084473,1.019531,-0.427246,4.150391,10.192871
40481,0.039917,-0.166138,0.974487,-0.854492,3.906250,12.268066
40490,-0.087036,-0.163330,0.957886,-0.976562,3.295898,15.441895
40502,-0.035645,0.010864,1.037109,-1.159668,4.455566,17.211914
40511,-0.070801,-0.081055,1.038696,-1.220703,4.333496,17.150879
40521,-0.115234,-0.105225,1.001465,-1.647949,4.455566,17.272949
40530,-0.116577,0.029175,1.067505,-2.258301,3.601074,16.296387
40541,-0.065430,0.019409,1.050171,-2.197266,4.028320,16.113281
40550,-0.047119,-0.120117,0.994385,-2.136230,4.089355,15.441895
40563,0.034302,-0.038452,0.972168,-2.441406,2.624512,12.084961
40572,0.169189,-0.019653,1.041748,-3.479004,1.831055,10.986328
40582,0.224854,-0.198486,1.000610,-4.333496,0.488281,10.925293
40591,0.175903,-0.016235,1.069946,-4.455566,0.122070,10.070801
40601,0.183350,0.254883,1.146606,-3.723145,-0.793457,10.559082
40610,0.077759,0.056396,1.064209,-3.234863,-2.380371,10.192871
40621,0.035278,-0.203857,0.934326,-3.051758,-1.464844,9.155273
40630,-0.091064,-0.141724,0.927856,-3.356934,-2.624512,5.432129
40642,-0.078613,0.054443,1.058716,-2.258301,-2.441406,3.723145
40652,-0.075684,-0.289307,0.908813,-1.342773,-1.770020,2.258301
40661,-0.008545,-0.321411,0.899292,-0.915527,-1.159668,0.305176
40671,0.030762,-0.075806,1.006226,-1.525879,-2.197266,-1.708984
40680,0.024048,-0.056519,1.027588,-1.831055,-2.075195,-4.089355
40691,0.030029,-0.188721,0.888916,-1.403809,-2.014160,-5.920410
40701,0.093506,-0.088257,0.933472,-0.610352,-3.845215,-9.704590
40710,0.038574,-0.216919,0.847534,-1.342773,-4.394531,-11.169434
40721,-0.005981,-0.025391,0.995117,-1.403809,-2.624512,-11.718750
40731,0.078491,-0.012207,1.028931,-1.281738,-2.624512,-11.779785
40740,0.052612,-0.290649,0.910278,-1.342773,-3.295898,-11.047363
40751,0.083984,-0.169434,0.965454,-1.220703,-1.892090,-10.559082
40761,0.051147,0.127197,1.144653,-1.403809,-1.464844,-9.704590
40770,0.098511,0.011108,1.123901,-1.159668,-1.892090,-8.056641
40782,-0.019653,-0.068481,1.003784,-0.488281,-1.525879,-7.202148
40791,0.039063,0.011108,1.058105,0.061035,0.793457,-6.103516
40801,0.031982,-0.091675,1.003052,-0.488281,-0.610352,-4.943848
40810,0.042969,-0.226440,0.961548,-0.427246,3.051758,-3.356934
40821,0.020630,-0.149536,0.971802,-0.793457,3.784180,-1.159668
40831,0.084473,-0.026855,0.974365,-1.220703,1.281738,0.366211
40840,0.052368,-0.137085,0.974854,-1.342773,-1.220703,1.464844
40851,-0.007324,-0.023437,0.994751,-1.464844,1.098633,2.624512
40861,-0.018677,-0.011108,1.082886,-1.953125,-0.244141,3.540039
40871,-0.066650,-0.119385,1.028198,-0.915527,-0.366211,3.295898
40880,-0.080078,-0.084595,1.099487,-0.549316,-0.305176,3.295898
40891,-0.019409,-0.069702,1.134033,0.183105,4.028320,3.601074
40900,-0.064575,-0.155884,1.021362,-0.061035,0.671387,3.967285
40913,0.008545,-0.073730,1.002197,0.610352,1.525879,3.112793
40922,0.051270,-0.026978,0.982422,0.549316,0.305176,3.356934
40931,0.053223,-0.222534,0.874634,-0.366211,0.061035,3.234863
40941,0.016724,-0.237549,0.825562,-1.281738,-0.183105,3.234863
40950,0.005615,0.089966,0.979004,-2.136230,0.427246,3.234863
40960,0.038818,0.084961,1.063110,-1.586914,0.671387,2.197266
40971,0.034302,-0.305176,0.932495,-1.342773,0.488281,1.464844
40980,-0.022095,-0.235840,0.958496,-1.647949,0.610352,-15.502930
40992,0.008667,0.068970,1.158813,-1.403809,-0.366211,-1.403809
41001,-0.030151,-0.152710,0.981934,-0.793457,0.061035,-1.708984
41011,-0.032471,-0.132324,0.934814,0.244141,-0.366211,-1.831055
41021,0.023682,0.037476,0.971191,0.732422,0.549316,-1.098633
41030,0.029785,-0.120850,0.958008,0.488281,-0.427246,0.122070
41041,0.012451,-0.252319,0.896118,0.427246,0.305176,0.976562
41050,0.030884,-0.027222,0.993286,0.305176,1.159668,2.197266
41061,0.027100,-0.274292,0.883545,0.549316,1.281738,5.249023
41070,0.011475,-0.129883,0.914795,-0.671387,1.281738,6.103516
41080,0.018311,0.113647,1.090942,-1.464844,2.075195,6.530762
41090,0.000488,-0.133545,1.013306,-2.014160,0.610352,7.080078
41100,-0.040039,-0.188843,0.952271,-1.647949,1.037598,6.652832
41110,-0.035278,0.055298,1.036499,-1.525879,-0.427246,5.432129
41123,0.011597,-0.284668,1.016846,-1.159668,0.366211,3.967285
41132,-0.004761,-0.042725,1.024536,-1.525879,-0.122070,2.868652
41142,-0.022217,0.147949,1.152100,-1.037598,-1.342773,2.502441
41151,0.010620,-0.077393,1.054077,0.244141,0.488281,2.685547
41161,0.007324,-0.304688,0.889282,0.732422,0.610352,2.624512
41170,0.050537,-0.201172,0.925049,0.610352,-0.427246,2.136230
41181,0.098145,-0.002563,1.072144,0.000000,-0.854492,1.770020
41190,0.025391,-0.137939,1.065430,-0.122070,-1.403809,-0.305176
41201,0.115723,-0.088379,1.120605,-0.427246,-0.793457,-2.136230
41211,0.128540,-0.077881,1.019775,-0.244141,-1.953125,-3.234863
41221,0.119873,-0.213013,0.898682,-0.122070,-2.868652,-4.028320
41230,0.149536,-0.228027,0.787720,-0.732422,-3.234863,-4.272461
41240,0.153442,-0.077637,0.893311,-1.525879,-3.234863,-4.394531
41251,0.143799,-0.166870,0.834229,-2.441406,-3.723145,-4.638672
41260,0.147461,-0.053711,0.830688,-2.319336,-3.967285,-4.943848
41270,0.158447,-0.159302,0.877441,-2.319336,-5.126953,-5.493164
41280,0.142212,-0.345703,0.960205,-5.065918,-6.042480,-6.347656
41290,-0.032593,0.113281,1.015625,-11.596680,-5.615234,-7.202148
41300,-0.134033,-0.453857,-0.662109,-12.512207,-5.004883,-7.385254
41310,-0.163208,0.156982,0.090698,-17.517090,-5.554199,-7.507324
41320,-0.105591,0.402588,-0.008301,-24.291992,-3.784180,-7.690430
41330,-0.140259,0.534668,-0.141724,-31.066895,-3.784180,-13.000488
41342,-0.027100,0.835815,0.432129,-39.978027,-6.225586,-13.488770
41351,0.028320,0.681152,0.818848,-41.381836,-6.042480,-14.648438
41360,0.038940,0.544312,0.897461,-44.860840,-5.249023,-14.099121
41370,0.074341,0.741455,1.084717,-47.912598,-5.065918,-12.634277
41379,0.013672,0.801270,1.359497,-46.325684,-3.051758,-10.192871
41390,0.037964,0.612183,1.723755,-41.015625,-1.831055,-7.324219
41400,0.030762,0.983887,2.701538,-35.949707,-0.488281,-5.065918
41411,0.108032,0.021729,1.574219,-26.672363,0.549316,1.464844
41421,0.132324,0.356567,2.299805,-10.986328,-0.244141,3.662109
41430,0.068604,0.336914,2.256958,-8.300781,-0.244141,7.385254
41439,-0.014771,0.200073,2.074097,-4.577637,-0.305176,10.681152
41449,-0.099365,-0.285645,0.937134,1.586914,-2.197266,11.901855
41460,-0.088501,-0.200562,0.805908,5.065918,-0.183105,11.718750
41470,-0.351196,0.295776,0.967041,3.112793,1.892090,10.681152
41481,-0.413818,0.617798,0.356567,-0.305176,3.784180,7.263184
41490,-0.314209,0.606445,0.270020,1.464844,6.469727,3.845215
41500,-0.125244,0.670288,0.947144,-0.427246,7.080078,1.037598
41509,-0.165649,0.862427,1.688110,-4.211426,5.310059,-1.647949
41520,-0.176758,1.029297,1.298096,-8.239746,4.028320,-3.173828
41530,-0.034058,1.048706,0.691772,-7.995605,4.028320,-2.746582
41539,0.159912,1.165039,0.823486,-5.310059,6.103516,0.000000
41551,0.261353,0.498413,1.672241,-3.479004,4.211426,5.981445
41560,0.311157,0.163574,1.003174,-3.845215,4.638672,9.033203
41570,0.466064,0.760498,0.689331,-6.042480,3.601074,11.657715
41580,0.465942,1.227051,1.025146,-6.530762,4.089355,15.380859
41590,0.260132,0.729736,1.247681,-3.906250,2.624512,17.944336
41600,0.089844,-0.062134,0.916016,-0.488281,1.403809,17.517090
41610,0.244995,0.146118,0.746582,-0.793457,-1.098633,15.869141
41621,0.094116,0.696411,1.277466,-2.258301,-2.807617,10.864258
41630,-0.164917,0.326782,1.148682,-2.502441,-5.249023,8.239746
41640,-0.141235,0.296387,0.865845,-1.586914,-5.493164,4.821777
41649,-0.126831,0.545776,0.810791,-2.258301,-5.737305,2.258301
41660,-0.201172,0.745850,1.036133,-3.540039,-4.699707,0.549316
41670,-0.323608,0.771606,1.086426,-4.394531,-3.662109,0.061035
41681,-0.302124,0.672607,0.852539,-4.211426,-0.244141,0.305176
41691,-0.052246,0.740601,1.052612,-4.150391,-0.488281,-1.037598
41701,-0.058105,0.804565,1.286255,-5.798340,-0.854492,-1.281738
41710,-0.067261,0.690674,1.021729,-7.019043,-1.037598,-1.281738
41720,0.071655,0.911621,0.829590,-6.896973,0.549316,-1.647949
41730,0.135986,0.983398,0.793945,-6.042480,0.854492,-0.366211
41740,0.112549,0.744751,1.046387,-3.601074,1.953125,0.488281
41749,0.034180,0.608643,1.181885,-4.089355,-0.793457,1.770020
41761,0.110107,0.793945,0.856689,-5.432129,0.244141,4.638672
41770,0.088379,0.937256,0.835449,-7.690430,2.075195,5.798340
41780,0.030396,0.814453,1.016602,-7.141113,0.549316,6.347656
41790,-0.084229,0.580078,1.108398,-6.530762,-0.793457,5.981445
41800,-0.144653,0.464844,1.061890,-7.141113,-0.732422,4.028320
41809,-0.169678,0.783203,1.052368,-9.765625,-0.305176,1.953125
41821,-0.202271,0.904419,0.925415,-10.070801,2.197266,2.014160
41830,-0.198853,0.774414,0.960327,-9.338379,3.845215,2.807617
41840,-0.160767,0.731689,0.950806,-10.192871,4.577637,3.906250
41849,-0.118408,0.831055,0.953491,-11.779785,5.554199,5.065918
41859,-0.075562,0.946411,0.977051,-13.366699,4.821777,5.737305
41870,-0.042358,0.938721,0.983643,-13.427734,5.187988,6.652832
41879,0.017944,0.905273,0.954468,-12.878418,5.493164,7.934570
41889,0.080566,0.755737,0.953125,-12.023926,5.187988,9.582520
41901,0.176392,0.611816,1.105347,-11.352539,6.896973,14.038086
41910,0.169922,0.420532,1.040283,-9.704590,7.263184,16.357422
41919,0.235596,0.280884,1.042358,-7.751465,7.019043,17.639160
41929,0.237427,0.216553,1.048950,-6.225586,5.859375,17.333984
41939,0.200684,0.170044,0.989990,-4.272461,3.906250,15.380859
41949,0.155151,0.160522,0.934814,-2.380371,2.136230,12.451172
41959,0.118774,0.125854,0.882812,-0.549316,1.525879,8.911133
41971,0.026245,0.127197,0.933105,1.281738,-15.441895,2.441406
41980,-0.008423,0.172119,0.930420,4.699707,-1.708984,-0.488281
41990,-0.056763,0.163330,0.895874,6.835937,-2.197266,-3.234863
42000,-0.093628,0.215088,0.888794,8.789063,-1.892090,-5.187988
42009,-0.141602,0.275757,0.897217,11.108398,-1.464844,-6.652832
42020,-0.172974,0.373901,0.894653,13.549805,-1.403809,-7.385254
42029,-0.212524,0.497314,0.891113,15.991211,-0.610352,-8.239746
42039,-0.245850,0.588379,0.834839,19.042969,-0.671387,-10.803223
42051,-0.151001,0.777954,0.730103,25.207520,0.000000,-10.437012
42060,-0.085327,0.858643,0.745850,28.137207,0.671387,-7.873535
42070,-0.051025,0.914917,0.771484,31.188965,1.770020,-3.417969
42079,-0.016968,0.947388,0.836060,34.729004,4.272461,3.723145
42089,0.041992,0.224243,0.915894,38.818359,6.164551,11.413574
42099,0.140137,-2.273682,1.461548,39.978027,7.080078,17.822266
42112,-0.026001,-1.084595,3.073120,2.929688,6.896973,25.451660
42121,-0.125732,-0.406006,1.302002,-2.075195,5.249023,26.489258
42131,0.189087,-0.335449,0.449585,6.958008,3.479004,26.123047
42140,0.596924,-0.109619,0.678101,16.052246,1.647949,23.559570
42149,0.156494,-1.031372,0.545044,18.249512,-1.403809,18.859863
42159,0.102905,-1.024658,0.351440,13.122559,-1.586914,13.000488
42169,-0.084229,-0.391724,0.431030,4.089355,-2.014160,5.554199
42179,0.082886,0.252808,0.667969,-1.586914,-3.540039,-11.047363
42189,0.271729,0.206665,0.921265,1.220703,-3.417969,-13.427734
42199,0.416138,-0.438232,1.502686,3.051758,-1.708984,-12.939453
42210,0.270996,-0.176880,1.678101,2.563477,-0.244141,-11.718750
42219,0.085815,0.185669,1.539429,1.403809,-2.563477,-13.122559
42229,-0.021484,0.296631,1.361572,2.563477,-5.859375,-17.395020
42239,-0.035767,0.344971,1.289673,4.577637,-9.399414,-22.644043
42249,-0.108765,0.458252,1.435791,6.958008,-12.207031,-27.343750
42261,-0.263428,0.257202,1.133545,8.789063,-10.803223,-26.916504
42270,-0.201416,0.155518,1.100220,9.887695,-8.972168,-25.695801
42280,-0.081177,0.028809,1.037231,10.742188,-6.225586,-24.047852
42289,-0.048218,-0.120483,0.983398,11.108398,-4.943848,-21.911621
42299,-0.003906,-0.239380,0.918213,11.596680,-2.807617,-19.836426
42309,-0.044189,-0.316040,0.850464,11.413574,-2.075195,-18.371582
42321,-0.003662,-0.249390,0.749390,10.192871,-3.234863,-18.127441
42331,0.050537,-0.202759,0.742554,9.704590,-3.906250,-18.493652
42341,0.079346,-0.221436,0.735107,9.521484,-3.845215,-18.432617
42350,0.095459,-0.258911,0.737915,9.277344,-4.028320,-17.700195
42360,0.029053,-0.303589,0.748657,8.666992,-3.784180,-15.808105
42369,0.062744,-0.257446,0.759521,7.690430,-3.845215,-13.916016
42380,0.046753,-0.172729,0.724854,6.164551,-3.417969,-11.230469
42389,-0.065674,-0.127441,0.730225,3.845215,-2.563477,-5.859375
42399,-0.095947,-0.104858,0.762451,3.234863,-2.624512,-3.540039
42409,-0.063721,-0.110229,0.687866,2.746582,-3.295898,-1.647949
42419,-0.039917,-0.191772,0.805176,1.831055,-3.601074,-0.305176
42429,-0.040771,-0.073730,0.821899,0.732422,-3.540039,1.098633
42439,-0.064087,-0.171875,0.795410,0.305176,-2.868652,2.868652
42449,-0.078613,-0.165283,0.912231,0.061035,-2.807617,3.967285
42462,-0.206909,-0.069946,1.060181,-1.098633,-1.892090,4.760742
42472,-0.147949,-0.275635,1.143921,-0.671387,-0.854492,4.699707
42481,-0.161499,-0.248291,1.045654,-1.098633,-0.183105,4.821777
42491,-0.146851,-0.331177,1.119629,-1.098633,1.525879,5.493164
42501,-0.161011,-0.382324,0.870728,-0.549316,2.380371,5.493164
42510,-0.143188,-0.199707,0.996216,-0.976562,2.746582,5.554199
42520,-0.143188,-0.085205,1.076050,-1.647949,3.234863,5.554199
42529,-0.124756,-0.191772,0.943604,-1.708984,4.150391,5.065918
42538,-0.038940,-0.202637,0.876465,-2.258301,4.150391,4.943848
42549,0.008789,-0.096436,0.993408,-2.441406,3.723145,4.333496
42559,0.035645,-0.162231,0.997314,-2.258301,3.662109,3.601074
42569,0.076904,-0.146973,1.046631,-2.685547,2.624512,2.685547
42579,0.081787,-0.137085,1.027222,-2.807617,2.075195,1.586914
42588,0.103149,-0.160645,0.996582,-2.502441,2.014160,0.427246
42600,0.076050,-0.134277,0.971191,-2.990723,1.525879,-0.976562
42609,0.016846,-0.117188,0.971313,-2.746582,1.770020,-1.464844
42619,-0.002075,-0.098145,0.975586,-3.051758,1.159668,-1.953125
42629,-0.000977,-0.082642,0.974976,-3.112793,0.976562,-2.380371
42638,0.001343,-0.086182,0.978638,-3.051758,0.549316,-2.990723
42649,0.023926,-0.050293,0.966675,-2.990723,0.366211,-2.685547
42659,0.022705,-0.037964,0.977661,-3.051758,0.183105,-2.136230
42671,-0.024902,-0.049683,1.027100,-2.868652,-0.549316,-0.610352
42681,-0.058105,-0.055786,1.029053,-2.807617,0.061035,0.183105
42690,-0.077393,-0.061035,1.014893,-2.685547,0.915527,1.098633
42699,-0.071533,-0.045654,1.015991,-2.563477,1.220703,1.892090
42709,-0.062744,-0.047363,1.015991,-2.502441,1.098633,2.563477
42719,-0.046387,-0.066650,0.990112,-2.319336,2.319336,3.234863
42728,-0.034302,-0.073975,0.987793,-2.319336,2.258301,4.272461
42741,-0.048584,-0.088257,0.992065,-2.197266,3.112793,5.554199
42751,-0.040771,-0.088623,0.995239,-2.258301,2.441406,6.347656
42760,-0.036011,-0.077026,0.991821,-2.014160,3.051758,6.774902
42770,-0.013062,-0.072510,0.990601,-1.953125,2.563477,6.652832
42779,-0.008545,-0.060059,0.979736,-1.770020,3.173828,6.347656
42789,0.003174,-0.060059,0.981934,-1.831055,2.868652,5.615234
42799,0.028687,-0.074097,0.985474,-1.953125,3.417969,5.126953
42809,0.048706,-0.078491,0.998047,-1.770020,2.807617,4.028320
42820,0.057739,-0.074219,0.984497,-1.464844,2.380371,3.295898
42830,0.083008,-0.058716,0.994263,-1.342773,2.075195,2.441406
42839,0.106323,-0.050903,0.988770,-1.220703,2.197266,1.647949
42849,0.102295,-0.060547,1.000244,-1.037598,2.563477,0.549316
42859,0.078613,-0.070801,1.003296,-1.342773,0.183105,-0.366211
42869,0.049927,-0.074341,1.003052,-0.854492,0.244141,-1.281738
42881,-0.002197,-0.088989,0.999146,-0.854492,0.183105,-1.953125
42891,-0.029785,-0.091187,0.996338,-0.732422,0.366211,-1.953125
42900,-0.040161,-0.064575,0.948364,-0.732422,0.366211,-1.586914
42910,-0.073120,-0.006226,0.927979,-0.976562,0.549316,-1.220703
42919,-0.071655,0.025024,1.022949,-1.403809,0.427246,-0.793457
42929,-0.076782,-0.072021,0.918823,-1.281738,1.342773,-0.488281
42939,-0.048828,0.047852,1.006836,-1.159668,1.220703,-0.610352
42949,-0.033447,0.063477,1.038696,-1.159668,1.037598,-0.488281
42960,-0.022217,-0.077881,0.984985,-0.732422,2.136230,-0.061035
42970,0.001587,-0.048096,1.014282,-0.854492,1.525879,0.549316
42979,-0.009033,-0.031982,0.993774,-0.854492,1.525879,1.037598
42989,-0.009033,-0.050537,0.979004,-0.793457,2.136230,1.586914
42999,0.003296,-0.060791,1.010132,-0.671387,2.441406,2.441406
43008,0.003296,-0.086182,1.007202,-0.671387,1.953125,3.601074
43020,0.007935,-0.118652,1.019897,-0.671387,1.953125,5.126953
43030,-0.005249,-0.137939,1.014038,-0.549316,2.136230,5.737305
43039,-0.012207,-0.124756,0.984009,-0.305176,3.356934,5.981445
43049,-0.016235,-0.135254,0.980469,-0.549316,2.807617,6.408691
43058,-0.027588,-0.151489,0.989624,-0.793457,3.051758,6.774902
43069,-0.033936,-0.133179,0.958496,-0.976562,1.892090,6.530762
43079,-0.030518,-0.113037,0.997314,-1.037598,2.929688,6.591797
43091,0.017944,-0.092163,1.001953,-1.220703,3.234863,7.934570
43100,0.031616,-0.089355,0.987793,-1.098633,3.234863,8.117676
43110,0.030640,-0.109375,1.005371,-0.976562,3.601074,7.934570
43119,0.032593,-0.118042,1.007080,-0.976562,3.356934,7.873535
43128,0.041260,-0.117798,1.014771,-0.854492,3.173828,7.324219
43139,0.040771,-0.126221,1.007324,-0.793457,2.258301,6.591797
43149,0.037842,-0.134888,0.997803,-0.854492,2.136230,6.225586
43160,0.038574,-0.126709,0.985718,-0.793457,2.380371,5.371094
43169,0.063477,-0.136353,0.988037,-0.915527,2.319336,4.943848
43179,0.080566,-0.126465,0.981689,-1.037598,2.258301,4.333496
43188,0.086060,-0.111694,1.001587,-1.281738,1.220703,3.784180
43199,0.090210,-0.113403,1.000854,-1.220703,1.281738,3.234863
43209,0.096680,-0.119751,1.005615,-1.220703,0.854492,2.563477
43218,0.088135,-0.121094,1.022095,-1.342773,0.488281,2.197266
43230,0.074585,-0.122925,1.015259,-1.342773,-0.305176,1.708984
43239,0.047119,-0.124268,0.995117,-1.281738,-0.122070,1.525879
43249,0.032837,-0.124146,0.992187,-1.159668,0.427246,1.464844
43258,0.025269,-0.121582,0.985962,-1.159668,0.000000,1.220703
43269,0.022827,-0.118530,0.994629,-1.220703,-0.427246,1.403809
43279,0.032349,-0.112305,0.984131,-1.403809,-0.549316,1.464844
43288,0.028931,-0.112305,0.993774,-1.403809,-0.549316,1.464844
43298,0.024414,-0.111816,0.991211,-1.708984,-0.427246,1.281738
43310,0.023315,-0.107056,0.989014,-1.770020,-0.488281,0.976562
43320,0.012939,-0.115845,0.978149,-1.464844,-0.366211,0.793457
43329,0.014404,-0.122192,0.980591,-1.647949,-0.854492,0.854492
43338,0.011230,-0.115967,0.976807,-1.770020,-0.488281,0.976562
43348,0.010864,-0.106323,0.985962,-1.647949,-0.549316,0.671387
43358,0.016113,-0.106201,0.988647,-1.647949,-0.915527,0.732422
43368,0.014038,-0.106445,0.992554,-1.647949,-0.732422,0.793457
43380,-0.008423,-0.097534,0.985229,-1.647949,-0.427246,1.159668
43389,-0.013916,-0.089233,0.981201,-1.892090,-0.244141,1.342773
43399,-0.015015,-0.092651,0.991089,-1.647949,-0.305176,1.953125
43409,-0.009888,-0.099609,0.995117,-1.708984,-0.305176,2.380371
43419,-0.000366,-0.105347,1.002441,-1.647949,0.122070,2.685547
43428,0.014404,-0.107300,1.003662,-1.647949,0.000000,3.051758
43440,0.029663,-0.106323,1.002197,-1.586914,-0.061035,2.990723
43450,0.031372,-0.101074,0.989502,-1.586914,-0.122070,3.112793
43459,0.017822,-0.097168,0.994263,-1.464844,-0.061035,3.051758
43469,0.012939,-0.090942,0.994141,-1.403809,-0.122070,2.929688
43478,0.014526,-0.085571,0.994629,-1.708984,-0.122070,2.746582
43489,0.007324,-0.079712,0.984375,-1.586914,0.061035,2.502441
43499,0.001709,-0.073853,0.974854,-1.647949,0.122070,2.502441
43508,0.024902,-0.068848,1.002075,-1.464844,0.244141,2.502441
43520,-0.002319,-0.075928,1.002930,-1.586914,-0.366211,1.159668
43530,-0.047485,-0.075806,1.016357,-1.708984,-0.488281,1.403809
43540,-0.003418,-0.070190,1.013184,-1.525879,0.915527,2.197266
43549,-0.003906,-0.081909,1.002563,-1.403809,0.732422,3.112793
43559,-0.020386,-0.083130,0.991455,-1.403809,0.854492,3.845215
43568,0.000732,-0.090454,0.970825,-1.342773,-0.244141,3.662109
43581,0.059082,-0.073975,1.027466,-1.403809,-0.671387,1.770020
43591,0.053955,-0.056030,1.009399,-1.159668,-0.732422,0.488281
43600,0.035278,-0.063965,0.992432,-1.037598,-0.427246,0.183105
43609,0.022461,-0.039307,0.989868,-1.159668,-0.488281,0.244141
43619,0.027710,-0.023560,1.000122,-1.037598,0.244141,0.793457
43628,0.031250,-0.029297,0.989502,-0.793457,-0.183105,1.464844
43639,0.023071,-0.033813,0.990112,-0.610352,-0.427246,2.258301
43648,0.033203,-0.052612,0.983032,-0.549316,-0.122070,3.234863
43660,0.084229,-0.104736,0.961670,-0.732422,-0.366211,5.554199
43670,0.057617,-0.081421,0.982910,-0.976562,-1.098633,5.676270
43679,0.021362,-0.071045,1.033447,-0.732422,-0.976562,4.699707
43689,0.034424,-0.104492,1.060181,-0.549316,-1.159668,3.845215
43698,0.109985,-0.140015,1.054688,-0.366211,-0.793457,3.173828
43708,0.004395,-0.066284,1.020020,-0.366211,-0.915527,0.976562
43720,-0.122681,0.001831,1.039429,0.061035,-0.915527,-3.295898
43729,-0.069458,-0.004761,1.002319,0.000000,-0.061035,-6.347656
43738,0.029785,-0.044800,0.932495,-0.305176,-0.854492,-9.216309
43748,0.117920,-0.082520,0.908936,-0.976562,-1.770020,-9.887695
43759,0.124756,-0.016357,0.909790,-1.953125,-3.845215,-9.887695
43768,0.084229,0.010498,0.958618,-2.380371,-3.479004,-7.873535
43779,-0.011108,-0.008667,1.015137,-2.441406,-2.136230,-4.211426
43788,-0.041138,-0.089722,1.046143,-2.380371,-1.159668,-0.244141
43800,-0.118042,-0.202271,0.983032,-1.892090,0.244141,3.601074
43810,-0.091675,-0.197510,0.964111,-1.586914,0.488281,4.150391
43819,-0.039551,-0.229004,0.955811,-1.586914,0.732422,4.699707
43829,-0.035767,-0.229492,0.969116,-1.464844,0.488281,4.882812
43838,-0.016968,-0.271118,0.982544,-1.708984,0.488281,5.493164
43849,-0.050537,-0.275635,0.994995,-1.892090,1.159668,6.164551
43858,-0.082397,-0.259277,1.004395,-1.770020,1.586914,6.774902
43868,-0.036377,-0.275879,0.993774,-1.586914,2.197266,7.873535
43880,-0.001221,-0.302856,0.984009,-1.525879,2.319336,7.507324
43889,0.002686,-0.303101,0.995728,-1.647949,2.441406,7.202148
43899,0.024658,-0.299438,0.997681,-1.647949,2.990723,6.835937
43908,0.024414,-0.296509,0.981445,-1.647949,2.136230,6.103516
43919,0.006836,-0.302979,0.959473,-1.525879,2.380371,4.882812
43928,0.012573,-0.300903,0.951660,-1.831055,2.258301,4.211426
43940,0.007446,-0.290771,0.962036,-1.953125,2.014160,3.845215
43950,-0.016357,-0.269043,0.960937,-1.892090,2.258301,3.906250
43959,-0.035278,-0.261597,0.954590,-1.831055,2.380371,4.394531
43969,-0.040527,-0.266235,0.944214,-1.586914,2.929688,4.699707
43978,-0.037231,-0.268921,0.946899,-1.342773,2.807617,5.249023
43988,-0.023560,-0.245117,0.976929,-1.159668,3.173828,6.042480
43998,-0.003662,-0.197876,1.024536,-1.037598,3.295898,7.324219
44008,-0.002075,-0.181152,1.040161,-0.610352,4.516602,10.986328
44019,-0.027466,-0.240723,0.952759,-0.427246,5.004883,13.061523
44029,-0.038696,-0.246582,0.940918,-0.427246,5.432129,15.075684
44038,-0.055664,-0.215576,0.951538,-0.549316,5.432129,16.784668
44049,-0.072632,-0.192749,0.990479,-0.976562,6.103516,18.188477
44058,-0.067383,-0.191406,1.031616,-1.403809,6.408691,19.226074
44070,-0.037720,-0.197754,1.038940,-0.854492,6.713867,19.531250
44079,0.016602,-0.229492,0.971924,-0.976562,6.713867,18.493652
44089,0.015259,-0.242920,0.948242,-1.037598,6.652832,17.089844
44099,0.025391,-0.208984,0.965088,-1.159668,6.286621,15.136719
44108,0.037231,-0.199463,1.000000,-1.342773,5.554199,12.451172
44119,0.092407,-0.253906,1.020386,-1.403809,5.004883,9.826660
44128,0.127686,-0.312500,0.995361,-1.220703,4.211426,6.774902
44138,0.187134,-0.299438,0.978882,-1.281738,3.723145,3.540039
44148,0.247681,-0.234741,1.002441,-1.831055,1.586914,-1.708984
44159,0.260986,-0.170654,1.028687,-1.586914,0.793457,-3.295898
44169,0.214844,-0.198853,0.999146,-1.342773,-0.366211,-4.028320
44178,0.175659,-0.253052,0.945435,-1.037598,-1.403809,-4.638672
44188,0.156738,-0.228271,0.980469,-1.525879,-1.525879,-5.249023
44198,0.116333,-0.172729,1.015503,-1.708984,-1.220703,-5.737305
44208,0.056030,-0.164551,1.017700,-1.892090,-2.441406,-6.103516
44220,0.049194,-0.252319,0.973022,-1.953125,-2.441406,-6.835937
44230,0.056519,-0.204712,1.022339,-2.319336,-3.051758,-7.812500
44240,0.036499,-0.139771,1.046021,-2.380371,-3.723145,-9.399414
44249,0.016724,-0.174194,0.989990,-2.014160,-4.089355,-11.413574
44259,0.031250,-0.258179,0.917114,-1.708984,-3.723145,-13.671875
44268,0.047607,-0.288330,0.959839,-1.525879,-4.455566,-16.479492
44278,0.030273,-0.275513,1.005493,-1.770020,-5.554199,-19.592285
44290,0.060425,-0.297485,0.968750,-1.403809,-5.493164,-24.291992
44300,0.089111,-0.234131,0.992187,-1.831055,-5.554199,-25.085449
44310,0.048096,-0.149292,1.001587,-1.953125,-5.554199,-26.123047
44319,0.033203,-0.180908,0.955444,-1.464844,-5.187988,-26.916504
44329,0.060181,-0.247925,0.929687,-0.976562,-4.943848,-27.404785
44338,0.081177,-0.230591,1.000366,-1.098633,-5.493164,-28.076172
44348,0.044312,-0.205200,1.051636,-1.098633,-6.042480,-29.479980
44360,0.098022,-0.160645,1.006104,-1.281738,-5.981445,-29.785156
44369,0.066528,-0.091553,1.039917,-1.647949,-6.591797,-30.151367
44379,0.077881,-0.096313,0.996216,-1.342773,-6.958008,-31.066895
44388,0.108521,-0.131592,0.973755,-1.037598,-6.835937,-30.883789
44398,0.114136,-0.109131,1.031616,-0.976562,-6.713867,-30.456543
44408,0.098022,-0.038696,1.026245,-1.220703,-7.202148,-30.883789
44418,0.119385,-0.054810,0.958374,-1.037598,-7.385254,-30.517578
44428,0.112061,-0.045166,0.964966,-1.403809,-8.178711,-28.747559
44439,0.127319,0.000488,0.938599,-1.281738,-8.300781,-27.465820
44448,0.143311,-0.088257,0.988892,-1.403809,-8.117676,-24.841309
44458,0.175415,0.016846,1.089478,-2.197266,-8.300781,-22.460937
44468,0.151367,0.047974,0.985962,-1.953125,-7.263184,-20.141602
44478,0.055542,-0.082153,0.968384,-2.014160,-7.385254,-16.845703
44488,-0.010498,0.004639,1.032471,-2.502441,-6.958008,-14.526367
44498,-0.005371,0.045898,1.046265,-2.563477,-6.347656,-9.338379
44509,0.012085,-0.033813,0.855591,-1.953125,-6.713867,-7.324219
44519,0.046021,0.003784,0.900513,-2.136230,-6.652832,-5.065918
44529,-0.139526,-0.009888,0.729370,-1.464844,-6.713867,-2.563477
44538,-0.000244,-0.287109,1.127686,-0.915527,-5.554199,0.244141
44548,-0.004517,-0.283569,1.213745,-1.586914,-4.272461,2.502441
44558,-0.067505,-0.183350,1.186279,-2.868652,-4.028320,3.845215
44568,-0.140381,-0.033813,0.786621,-2.502441,-3.906250,3.173828
44578,-0.314453,-0.146729,1.020508,-0.732422,-3.234863,2.319336
44588,-0.189819,-0.135254,0.968994,0.305176,-2.807617,0.549316
44599,-0.197266,-0.109375,1.015137,0.305176,-1.220703,0.793457
44608,-0.134399,-0.017822,1.050781,-0.122070,-0.366211,0.793457
44618,-0.202271,0.024292,0.987427,-0.122070,-1.281738,-0.366211
44630,-0.199341,-0.034790,0.904663,0.183105,-1.464844,-1.464844
44639,0.080933,0.031494,0.968750,0.671387,-0.854492,-0.793457
44649,0.093872,-0.053101,0.999512,0.976562,-0.610352,0.244141
44658,0.119751,-0.093506,1.029785,0.671387,0.061035,1.892090
44668,0.127319,-0.044312,1.116577,-1.037598,-0.061035,3.051758
44678,0.063965,0.005981,1.109619,-2.075195,-0.549316,3.784180
44688,-0.023193,0.024292,1.104614,-2.441406,-0.976562,4.455566
44698,-0.104370,-0.035889,1.106812,-2.136230,-1.220703,4.333496
44710,-0.057251,-0.135742,1.053223,-2.136230,-1.159668,2.685547
44720,-0.042847,-0.052734,1.019409,-2.990723,-0.549316,2.319336
44730,-0.010864,-0.014404,0.947021,-3.417969,-0.610352,1.953125
44739,0.005981,-0.005737,0.938477,-3.417969,-0.854492,1.464844
44748,0.053955,-0.045532,0.981323,-3.356934,-0.976562,0.854492
44758,0.038452,-0.084839,0.978638,-3.295898,-1.281738,-0.183105
44768,0.227051,-0.104980,1.045898,-3.417969,-1.281738,-1.037598
44780,0.246216,0.027832,1.500122,-4.638672,0.122070,-1.525879
44790,-0.199829,-0.440430,1.287720,-2.380371,-1.037598,-3.479004
44799,-0.029907,-0.307739,0.727661,-1.647949,-3.356934,-7.812500
44809,0.204346,-0.184692,0.770752,-1.708984,-3.845215,-9.094238
44818,0.065796,-0.225830,1.010620,-1.281738,-5.554199,-10.253906
44828,0.007568,-0.211182,1.008301,-1.159668,-7.934570,-12.695313
44838,-0.008301,-0.222412,0.977295,-1.586914,-7.690430,-13.122559
44850,0.076660,-0.101318,1.030273,-2.563477,-4.699707,-11.108398
44860,-0.014771,-0.168823,1.063599,-1.464844,-5.432129,-12.268066
44870,-0.094238,-0.255005,0.936523,0.000000,-6.713867,-13.610840
44880,-0.005981,-0.272217,1.016968,0.915527,-5.920410,-13.610840
44889,-0.004761,-0.291504,1.075684,1.098633,-5.249023,-14.465332
44899,-0.043945,-0.208984,0.923340,0.610352,-6.225586,-16.418457
44909,-0.172974,-0.204712,0.845215,0.427246,-6.896973,-17.822266
44920,-0.033936,-0.062622,0.982910,-0.244141,-6.103516,-18.249512
44930,-0.003418,-0.166992,0.988281,0.122070,-5.493164,-18.066406
44940,0.031616,-0.107910,1.081421,-0.549316,-5.493164,-18.615723
44949,0.101318,-0.073730,1.098877,-1.098633,-6.286621,-19.165039
44959,0.110962,-0.134766,1.020630,-0.793457,-6.713867,-19.348145
44968,0.134644,-0.128418,1.036377,-0.732422,-7.446289,-20.446777
44978,0.156250,-0.110229,1.048340,-0.793457,-8.361816,-22.460937
44990,0.024780,-0.054565,1.033203,-0.793457,-10.131836,-26.428223
45000,-0.003296,0.050171,1.068726,-1.037598,-10.559082,-28.198242
45009,-0.013794,-0.043213,1.037231,-0.976562,-11.047363,-29.113770
45019,-0.078979,-0.138184,0.895752,-1.098633,-11.474609,-30.883789
45029,-0.083862,-0.120239,0.894531,-1.647949,-11.108398,-34.606934
45039,-0.029541,-0.051392,0.967773,-2.319336,-11.169434,-38.635254
45048,0.068481,-0.084717,0.981201,-2.380371,-11.474609,-42.114258
45058,0.068481,-0.171143,0.946899,-2.075195,-13.671875,-49.438477
45069,0.108643,-0.178833,1.028198,-1.708984,-13.793945,-51.635742
45079,0.106689,-0.274902,0.995239,-1.403809,-14.526367,-52.124023
45088,0.074341,-0.223511,1.020996,-1.525879,-14.343262,-52.490234
45098,0.103516,-0.175049,1.044922,-1.403809,-14.465332,-52.917480
45108,0.019165,-0.227539,0.954102,-0.915527,-14.221191,-52.124023
45118,-0.038818,-0.271851,0.945679,-0.549316,-14.892578,-51.452637
45128,-0.067139,-0.232544,0.958252,-0.427246,-14.831543,-52.062988
45138,-0.168335,-0.237427,0.967529,-0.610352,-14.648438,-51.391602
45148,-0.138916,-0.178711,0.976807,-0.793457,-14.099121,-51.574707
45157,-0.154297,-0.143188,0.939575,-0.366211,-13.183594,-50.476074
45167,-0.145996,-0.131714,0.983398,0.000000,-12.634277,-48.950195
45178,-0.122192,-0.148804,0.956787,0.488281,-12.084961,-48.522949
45188,-0.185425,-0.195679,0.939453,0.793457,-11.413574,-47.363281
45200,-0.149780,-0.139648,0.973145,0.671387,-9.948730,-45.349121
45210,-0.157715,-0.082397,1.012207,0.793457,-8.972168,-44.372559
45219,-0.168945,-0.128418,0.985107,1.281738,-8.850098,-43.212891
45229,-0.186157,-0.170532,0.963257,1.525879,-8.483887,-42.419434
45239,-0.188354,-0.126221,1.005859,1.464844,-8.239746,-42.114258
45249,-0.170288,-0.111938,0.996216,1.342773,-7.568359,-41.564941
45258,-0.165039,-0.059937,1.036011,1.342773,-7.080078,-40.710449
45268,-0.133301,-0.082397,0.980957,1.831055,-6.042480,-37.475586
45278,-0.155518,-0.123657,0.976929,1.831055,-4.943848,-35.156250
45288,-0.170654,-0.135254,0.976685,2.014160,-3.356934,-32.348633
45298,-0.172974,-0.107788,1.032104,1.770020,-1.953125,-29.296875
45308,-0.162720,-0.093384,0.997803,1.831055,-1.281738,-26.550293
45318,-0.191650,-0.111816,1.001831,2.014160,-0.854492,-23.986816
45328,-0.184082,-0.167847,0.969116,2.014160,-0.854492,-21.728516
45338,-0.233398,-0.153931,0.947021,1.281738,0.000000,-17.333984
45349,-0.251221,-0.050659,0.958496,1.159668,0.671387,-14.404297
45359,-0.284180,-0.079956,0.947021,1.770020,2.990723,-11.352539
45368,-0.271240,-0.167358,0.949829,2.136230,4.455566,-8.728027
45378,-0.261230,-0.150391,0.984253,2.258301,5.187988,-6.286621
45388,-0.209473,-0.106934,0.984253,2.136230,6.652832,-3.356934
45398,-0.191650,-0.106201,0.997925,1.831055,6.530762,-0.244141
45408,-0.243530,-0.153076,0.952271,2.502441,7.507324,6.103516
45419,-0.330078,-0.159058,0.928345,2.258301,8.850098,9.643555
45429,-0.294922,-0.113647,0.953613,2.014160,10.803223,13.549805
45438,-0.334839,-0.134888,0.949707,2.563477,12.512207,17.578125
45448,-0.310181,-0.179687,0.981201,2.746582,14.160156,21.789551
45457,-0.330933,-0.217163,0.977905,2.746582,15.502930,25.634766
45468,-0.245728,-0.158691,1.001953,2.380371,16.113281,29.052734
45480,-0.246826,-0.179687,0.981079,2.319336,16.418457,36.560059
45489,-0.301270,-0.183350,0.956299,1.953125,17.639160,40.466309
45499,-0.286865,-0.141113,0.953857,1.525879,18.432617,44.494629
45508,-0.300659,-0.105225,0.954956,1.220703,19.897461,48.278809
45519,-0.266724,-0.157837,0.970459,1.281738,20.935059,51.635742
45528,-0.260254,-0.145264,1.002319,1.159668,21.911621,54.809570
45538,-0.201172,-0.091797,1.044922,1.159668,22.399902,57.556152
45548,-0.178589,-0.073242,1.082397,1.647949,21.240234,61.218262
45559,-0.223511,-0.091553,1.152466,2.014160,20.751953,62.377930
45569,-0.232178,-0.156860,1.078735,2.502441,20.690918,63.720703
45579,-0.223755,-0.228638,1.057861,3.723145,21.606445,63.964844
45588,-0.165283,-0.284546,1.045532,4.638672,22.033691,63.842773
45598,-0.127441,-0.308838,1.032593,4.455566,22.705078,63.781738
45610,-0.079346,-0.311279,0.961670,3.845215,21.240234,63.049316
45619,-0.051270,-0.318604,0.896606,3.662109,20.751953,62.377930
45628,-0.062256,-0.308228,0.884888,3.173828,19.470215,61.218262
45638,-0.051758,-0.369263,0.866089,2.746582,19.104004,60.913086
45649,-0.037476,-0.369873,0.870361,2.014160,18.432617,60.119629
45658,-0.042725,-0.293823,0.903076,1.159668,17.578125,59.143066
45669,-0.008423,-0.270752,0.902832,0.732422,16.540527,58.044434
45678,0.004150,-0.302734,0.924072,0.549316,15.808105,57.373047
45690,0.034790,-0.284912,0.919556,-15.380859,14.587402,56.396484
45699,0.038452,-0.273804,0.927124,-0.305176,13.732910,56.091309
45708,0.013672,-0.279907,0.896240,-0.488281,13.061523,55.603027
45718,0.020508,-0.306763,0.876343,-0.488281,12.390137,54.870605
45728,-0.013184,-0.314819,0.875732,-0.854492,11.718750,53.955078
45739,-0.007935,-0.325439,0.865479,-1.220703,11.047363,52.368164
45748,0.015503,-0.314453,0.902222,-1.831055,10.131836,50.659180
45759,0.020142,-0.293701,0.978516,-2.258301,8.789063,45.532227
45769,0.046387,-0.301514,0.963257,-2.502441,6.408691,43.334961
45778,0.018188,-0.275146,0.969116,-2.807617,5.432129,41.198730
45788,0.032471,-0.306519,0.997314,-2.990723,4.882812,39.428711
45798,0.042358,-0.326538,1.007690,-2.624512,4.211426,37.597656
45808,0.010254,-0.317749,0.973633,-2.502441,3.784180,35.339355
45818,0.018555,-0.388428,0.955078,-2.380371,3.540039,33.020020
45828,0.054443,-0.358276,0.990479,-2.380371,1.770020,28.137207
45839,0.059814,-0.424683,0.956909,-2.502441,0.183105,25.451660
45849,0.078125,-0.364502,0.942871,-2.624512,-0.183105,22.827148
45858,0.105713,-0.367310,0.984253,-2.563477,-0.976562,20.507812
45868,0.069946,-0.335449,0.991577,-2.563477,-2.136230,17.944336
45878,0.076660,-0.342041,0.975342,-2.502441,-3.234863,15.319824
45888,0.089233,-0.350830,0.985840,-2.563477,-3.601074,13.610840
45898,0.082031,-0.337891,0.996338,-2.502441,-4.882812,11.047363
45909,0.082520,-0.313843,0.996582,-2.502441,-5.004883,10.131836
45919,0.096069,-0.310669,0.996338,-2.624512,-5.126953,9.887695
45929,0.053833,-0.255737,1.008423,-2.136230,-5.126953,9.399414
45938,0.021729,-0.322144,0.987427,-1.892090,-5.249023,8.911133
45948,-0.008301,-0.373901,0.936279,-1.708984,-4.943848,8.300781
45958,-0.048584,-0.314697,0.981567,-2.075195,-4.821777,7.873535
45968,-0.086914,-0.281372,1.011475,-2.197266,-4.333496,6.469727
45978,-0.078491,-0.393799,0.942017,-2.258301,-4.455566,5.432129
45988,-0.083496,-0.334106,0.971191,-2.868652,-4.394531,4.455566
45998,-0.080200,-0.262939,0.997803,-3.112793,-4.455566,3.479004
46009,-0.083862,-0.209473,1.043335,-2.990723,-4.516602,2.746582
46018,-0.063599,-0.270996,1.029785,-2.014160,-4.211426,2.807617
46028,-0.030762,-0.269775,0.961670,-1.770020,-4.577637,3.723145
46040,-0.028198,-0.268066,0.915894,-2.441406,-3.417969,5.493164
46050,-0.022339,-0.268433,0.950928,-2.807617,-2.441406,6.591797
46060,-0.078491,-0.227173,0.997192,-3.051758,-1.647949,7.263184
46069,-0.083496,-0.218994,1.001709,-2.868652,-1.342773,7.385254
46079,-0.159790,-0.237061,0.994019,-2.929688,-1.098633,6.713867
46089,-0.130981,-0.198730,1.015747,-2.990723,-0.976562,5.859375
46098,-0.149658,-0.201416,1.002930,-2.746582,-0.976562,4.943848
46108,-0.064575,-0.180054,1.011719,-2.319336,-1.892090,4.455566
46118,0.010742,-0.180542,0.939453,-2.380371,-1.342773,4.882812
46128,-0.022827,-0.159058,0.925171,-2.319336,-0.244141,5.615234
46138,0.028931,-0.097046,0.941650,-2.380371,0.000000,6.774902
46147,-0.028809,-0.075684,0.963257,-2.746582,0.610352,7.080078
46158,0.006348,-0.048096,0.961670,-2.990723,0.549316,7.446289
46168,-0.040039,-0.078735,0.973267,-2.929688,0.976562,8.056641
46179,-0.050293,-0.047974,1.039185,-2.929688,1.220703,9.826660
46189,-0.030640,-0.008057,1.034790,-3.295898,1.831055,10.620117
46199,-0.082275,-0.017700,1.014526,-3.295898,1.708984,11.108398
46208,-0.053223,-0.043213,0.973877,-3.051758,1.464844,12.023926
46217,-0.038330,-0.026733,1.006226,-2.929688,1.831055,12.878418
46228,0.017334,-0.042480,1.007935,-2.929688,1.342773,13.732910
46238,0.032349,-0.042358,1.029663,-3.051758,0.488281,14.343262
46249,0.098389,-0.085937,1.009155,-2.929688,0.671387,15.197754
46259,0.097534,-0.125488,0.980469,-2.441406,0.122070,15.686035
46269,0.008057,-0.155762,0.982300,-1.953125,-0.061035,15.136719
46279,0.040894,-0.218262,0.971436,-1.525879,-0.183105,13.916016
46288,-0.026978,-0.235352,0.979492,-1.525879,-0.793457,12.512207
46298,0.015259,-0.235596,0.985840,-1.586914,-1.342773,10.314941
46308,-0.033936,-0.190552,0.995972,-1.708984,-1.953125,8.239746
46318,-0.003784,-0.241455,0.985352,-1.281738,-2.990723,3.906250
46329,0.004517,-0.270752,0.935547,-0.732422,-3.845215,1.831055
46339,0.000122,-0.264526,0.947876,-0.488281,-3.784180,0.061035
46348,0.045410,-0.281616,0.958740,-0.793457,-3.845215,-2.014160
46357,0.091431,-0.182007,0.973022,-1.281738,-4.150391,-3.845215
46368,0.135376,-0.155029,0.969360,-1.464844,-4.455566,-5.737305
46378,0.207764,-0.098633,0.981689,-1.464844,-5.371094,-7.751465
46387,0.187988,-0.151733,0.970215,-1.098633,-7.873535,-12.390137
46399,0.190918,-0.092285,1.010254,-1.342773,-8.178711,-14.648438
46409,0.241577,-0.053345,1.013062,-1.525879,-8.544922,-16.784668
46418,0.215698,-0.096802,0.990601,-1.464844,-9.704590,-18.920898
46428,0.205200,-0.100952,0.966309,-1.586914,-10.925293,-21.423340
46438,0.140747,-0.147705,0.979370,-1.770020,-11.596680,-23.315430
46448,0.127930,-0.115845,1.026001,-2.136230,-11.657715,-24.719238
46459,0.097778,-0.102661,1.025269,-2.258301,-11.474609,-28.076172
46469,0.056274,-0.123901,1.019775,-1.953125,-11.596680,-30.151367
46478,0.049194,-0.192261,0.948364,-1.403809,-11.901855,-32.653809
46488,0.039307,-0.202148,0.932495,-1.525879,-11.657715,-35.339355
46498,0.040161,-0.226196,0.927612,-1.831055,-11.535645,-37.536621
46508,0.056396,-0.190796,0.939697,-2.258301,-11.535645,-39.550781
46519,0.065552,-0.193604,0.965820,-2.563477,-10.620117,-42.541504
46529,0.057251,-0.204712,1.025269,-2.502441,-10.131836,-43.212891
46539,0.052734,-0.231445,1.036377,-2.563477,-10.498047,-43.457031
46548,0.041260,-0.189819,1.062622,-2.258301,-9.887695,-43.518066
46558,0.051392,-0.195923,1.028076,-1.953125,-9.460449,-42.785645
46568,0.071411,-0.154663,1.004272,-1.831055,-8.483887,-41.381836
46578,0.115112,-0.143677,0.958130,-1.525879,-7.141113,-39.672852
46588,0.087036,-0.221436,0.904175,-1.098633,-6.225586,-37.353516
46599,-0.008667,-0.218872,0.964966,-1.281738,-5.920410,-32.897949
46609,-0.029419,-0.112183,1.012451,-1.892090,-3.967285,-30.578613
46619,-0.113403,-0.172485,0.984131,-1.953125,-3.784180,-27.893066
46628,-0.111084,-0.147461,0.948975,-1.464844,-2.075195,-25.695801
46638,-0.159790,-0.149048,0.963257,-1.281738,-0.915527,-23.132324
46648,-0.145752,-0.203979,0.948486,-1.037598,0.488281,-20.629883
46658,-0.209961,-0.188599,0.992065,-1.037598,1.770020,-18.737793
46668,-0.210815,-0.235229,0.977051,-0.732422,3.662109,-15.197754
46677,-0.235107,-0.206177,1.022949,-0.549316,5.126953,-13.427734
46688,-0.192993,-0.326782,0.975586,-0.122070,6.530762,-11.596680
46698,-0.190186,-0.272949,0.974243,-0.122070,6.164551,-9.887695
46708,-0.179077,-0.153687,1.041382,0.061035,8.300781,-8.422852
46718,-0.140015,-0.238037,1.033325,0.244141,8.911133,-7.141113
46728,-0.128418,-0.261108,0.998535,0.610352,9.521484,-5.859375
46738,-0.100708,-0.155762,0.983154,1.342773,10.620117,-2.441406
46749,-0.052856,-0.245117,1.003418,1.708984,10.253906,-0.671387
46759,-0.070923,-0.252686,0.970947,1.708984,10.864258,1.342773
46768,-0.096802,-0.151123,0.957275,1.403809,11.108398,3.295898
46778,-0.058472,-0.078369,0.983887,1.159668,12.329102,5.493164
46788,-0.067017,-0.122314,0.922119,1.098633,13.000488,7.446289
46798,-0.029663,-0.177124,0.916870,0.610352,13.000488,9.399414
46809,-0.031616,-0.112793,1.015137,0.244141,13.244629,12.878418
46819,-0.048950,-0.099976,1.013916,0.488281,13.610840,14.099121
46828,-0.018555,-0.152344,0.979248,0.366211,13.305664,15.136719
46837,-0.018799,-0.180542,0.951416,0.427246,13.183594,15.625000
46848,0.020264,-0.210815,1.022827,0.305176,12.329102,16.052246
46857,-0.004639,-0.215942,1.010376,0.244141,11.962891,16.296387
46868,0.052368,-0.154907,1.006592,0.488281,11.169434,16.357422
46878,-0.008057,-0.204712,0.976562,0.915527,11.169434,18.676758
46889,-0.022583,-0.205200,0.998535,0.793457,11.413574,19.531250
46899,-0.023315,-0.269165,0.974243,0.488281,11.291504,20.385742
46908,0.018555,-0.238403,0.981323,0.244141,11.047363,20.446777
46917,0.061768,-0.285645,0.967773,0.000000,9.094238,20.080566
46928,0.067139,-0.273804,0.946045,0.183105,8.544922,19.470215
46937,0.064819,-0.200684,1.014282,0.244141,7.446289,18.432617
46950,0.046875,-0.302246,0.768921,-0.793457,6.591797,17.211914
46959,0.086304,-0.083740,1.031860,-1.831055,5.920410,16.601562
46969,0.084351,-0.142700,1.019897,-1.464844,5.554199,16.052246
46978,0.076050,-0.245728,0.921387,-1.037598,5.187988,15.502930
46988,0.039795,-0.101685,1.114502,-1.831055,4.577637,14.587402
46998,0.081787,-0.075073,1.091919,-2.441406,3.112793,13.244629
47008,0.001953,-0.116211,0.979858,-1.770020,2.685547,11.657715
47020,0.052734,-0.066162,0.980591,-2.502441,1.708984,8.239746
47030,0.073120,0.041138,0.997559,-2.990723,2.014160,7.263184
47039,0.061279,-0.061401,0.857300,-2.685547,1.281738,6.164551
47048,0.066284,-0.181030,0.848145,-2.197266,1.281738,5.493164
47058,0.098633,-0.145630,0.938477,-2.380371,0.488281,4.638672
47068,0.152344,-0.064575,1.043457,-2.685547,-0.366211,3.356934
47078,0.129761,-0.027100,1.122314,-2.624512,-0.976562,2.685547
47087,0.117188,-0.148071,1.072266,-2.197266,-1.586914,1.159668
47099,0.129028,-0.191772,1.039795,-1.770020,-2.685547,0.671387
47109,0.096558,-0.190674,0.978394,-1.586914,-2.380371,0.488281
47118,0.067261,-0.295288,0.997559,-1.403809,-2.624512,0.244141
47128,0.065796,-0.247437,0.957520,-1.464844,-2.868652,-0.244141
47137,0.053711,-0.160034,0.971436,-1.892090,-3.356934,-0.549316
47148,0.028931,-0.120239,0.995972,-2.319336,-3.417969,-1.037598
47158,-0.021118,-0.066284,0.964844,-2.868652,-2.990723,-1.281738
47167,-0.040649,-0.108032,0.961914,-3.112793,-3.051758,-1.403809
47178,0.033813,-0.011719,1.037842,-3.540039,-2.563477,-1.098633
47187,0.017578,-0.034790,1.124512,-3.845215,-1.892090,-0.549316
47198,0.061157,-0.042358,1.039185,-3.723145,-2.502441,-0.671387
47208,-0.018921,-0.114136,1.018677,-3.173828,-2.075195,-0.061035
47218,0.009766,-0.054687,1.042480,-3.479004,-2.685547,0.915527
47227,-0.002930,-0.034546,1.000610,-3.051758,-1.647949,2.746582
47239,0.021851,-0.130859,0.977173,-3.112793,-1.037598,3.723145
47248,-0.013184,-0.064331,0.996460,-3.295898,-1.464844,4.211426
47258,0.015015,-0.023071,1.077271,-3.295898,-1.708984,4.821777
47268,-0.005127,-0.073853,1.004639,-3.173828,-1.586914,6.042480
47277,0.015137,-0.128662,1.011230,-2.685547,-1.098633,7.629395
47288,-0.023071,-0.161377,0.915527,-2.746582,-0.183105,9.155273
47298,-0.015625,-0.150879,0.963501,-3.845215,-0.671387,11.108398
47307,-0.005493,-0.151855,0.998779,-3.906250,-0.549316,11.535645
47317,-0.029785,-0.131592,1.017944,-3.479004,-0.671387,11.474609
47328,-0.075439,-0.181885,0.964478,-3.173828,-1.464844,11.291504
47338,-0.068970,-0.242065,0.995361,-2.685547,-0.732422,11.108398
47347,-0.090698,-0.243164,0.956421,-2.563477,-0.610352,10.864258
47358,-0.059937,-0.143188,0.965576,-2.502441,-0.671387,10.559082
47367,-0.051880,-0.142700,0.982056,-1.953125,-0.244141,10.253906
47379,-0.081421,-0.284424,0.917114,-1.159668,-1.220703,10.070801
47389,-0.007080,-0.128540,1.025513,-1.525879,-0.793457,10.314941
47398,0.066528,-0.024902,1.055908,-0.854492,-0.793457,10.192871
47408,0.112671,-0.432983,0.976685,0.183105,-1.464844,9.826660
47417,0.085083,-0.218384,0.944580,-0.488281,-2.685547,9.826660
47428,0.059570,-0.035400,0.938477,-0.793457,-2.563477,10.070801
47437,0.082031,-0.183838,1.008057,-0.183105,-3.051758,11.291504
47449,0.042358,-0.201172,1.010620,0.732422,-3.417969,12.329102
47458,0.025024,-0.194824,0.996826,0.366211,-2.685547,13.183594
47468,0.015015,-0.179443,1.005981,0.244141,-3.112793,13.916016
47477,0.033203,-0.167480,1.018555,0.671387,-3.784180,13.854980
47488,0.028687,-0.234619,1.021362,0.915527,-3.723145,13.610840
47497,-0.004150,-0.272705,0.936523,0.976562,-4.028320,13.183594
47510,-0.061401,-0.201660,0.967163,0.488281,-4.760742,11.596680
47519,-0.071777,-0.259277,0.951294,0.244141,-4.211426,10.925293
47528,-0.108032,-0.138916,0.994751,-0.061035,-4.638672,10.009766
47538,-0.112549,-0.149414,0.959595,-0.061035,-4.333496,8.666992
47548,-0.089355,-0.299927,0.987793,-0.122070,-4.089355,7.263184
47557,-0.068970,-0.138184,1.060791,-0.488281,-5.004883,5.798340
47568,-0.045654,-0.136230,0.998901,-0.244141,-5.432129,3.967285
47577,-0.005859,-0.216309,0.963867,-0.122070,-5.554199,2.502441
47589,-0.067627,-0.150757,0.982300,-0.183105,-5.615234,1.586914
47598,-0.070312,-0.182617,0.984253,-0.427246,-4.821777,0.976562
47608,-0.052734,-0.146851,0.993774,-0.610352,-4.699707,0.610352
47617,-0.065308,-0.189331,0.886719,-0.366211,-3.967285,0.000000
47628,-0.064941,-0.207642,0.950562,-0.671387,-3.356934,-0.732422
47637,-0.068970,-0.135864,1.019531,-1.281738,-3.662109,-1.525879
47647,-0.029419,-0.148682,1.015381,-1.525879,-3.784180,-3.906250
47659,-0.026367,-0.099854,0.993164,-1.342773,-4.211426,-4.699707
47668,-0.045532,-0.200684,0.986084,-1.037598,-3.479004,-5.371094
47678,-0.024902,-0.040771,1.024780,-0.854492,-3.234863,-5.981445
47688,-0.069580,-0.033936,0.958984,-0.915527,-3.295898,-6.408691
47698,-0.017822,-0.012085,1.030273,-0.610352,-2.075195,-6.469727
47707,0.011475,-0.015015,1.057129,-0.427246,-2.441406,-6.835937
47720,0.031982,-0.000977,1.069336,-0.427246,-3.723145,-7.690430
47729,0.030396,-0.027832,0.987305,-0.061035,-3.112793,-8.239746
47739,0.031250,-0.075195,1.008057,0.122070,-2.624512,-8.178711
47748,0.054932,-0.067017,1.006958,0.305176,-2.014160,-7.934570
47758,-0.021973,-0.172363,0.965454,0.549316,-1.281738,-7.995605
47767,0.000366,-0.141724,1.044312,0.244141,-1.708984,-8.178711
47778,-0.023926,-0.155151,1.020142,0.061035,-2.319336,-8.666992
47787,-0.004639,-0.218018,1.015015,0.061035,-2.075195,-9.460449
47797,-0.013916,-0.165649,1.067017,-0.122070,-1.586914,-9.826660
47807,0.000488,-0.198975,0.968018,-0.305176,-0.976562,-10.009766
47817,0.016235,-0.130981,1.026123,-0.305176,-0.488281,-10.314941
47827,-0.004272,-0.197266,0.971680,-0.061035,-0.488281,-10.437012
47838,0.071167,-0.170044,0.952148,-0.366211,-1.220703,-10.925293
47847,0.069336,-0.167847,0.981689,-0.610352,-0.366211,-10.681152
47860,0.082397,-0.152344,0.937988,-0.976562,0.305176,-10.559082
47869,0.081665,-0.030029,0.937500,-1.525879,-1.586914,-9.155273
47879,0.044800,-0.107178,0.984253,-1.220703,-0.610352,-8.544922
47888,0.063110,-0.078247,1.025879,-0.671387,-0.122070,-8.056641
47898,0.017578,-0.168579,1.043335,-0.305176,-0.488281,-7.873535
47907,0.004883,-0.183350,0.992920,-0.305176,-0.549316,-7.873535
47917,0.008911,-0.088257,1.044312,-0.427246,0.305176,-7.629395
47928,-0.048950,-0.137207,1.035889,0.122070,0.488281,-7.324219
47938,-0.122559,-0.225708,0.881470,0.122070,1.159668,-7.019043
47948,-0.092773,-0.150757,0.886719,-0.305176,1.892090,-6.103516
47957,-0.091187,-0.170532,0.851440,-0.549316,2.563477,-4.943848
47967,-0.113281,-0.255005,0.870605,-0.549316,3.051758,-3.723145
47978,-0.072388,-0.176880,0.909302,-0.671387,3.417969,-1.953125
47987,-0.045044,-0.187988,0.820068,-1.098633,4.333496,-0.366211
47997,-0.023804,-0.141235,0.944702,-1.831055,4.150391,0.671387
48009,-0.025146,-0.145264,1.007690,-0.854492,4.699707,1.342773
48018,-0.043335,-0.220947,0.950073,-0.793457,4.638672,1.831055
48028,-0.010132,-0.251587,0.951782,-1.037598,5.493164,2.380371
48037,-0.000854,-0.188965,1.002441,-1.464844,4.943848,2.807617
48047,0.001221,-0.134766,0.995361,-1.708984,4.943848,2.624512
48058,0.003906,-0.141968,0.961304,-1.770020,4.516602,2.624512
48067,0.036987,-0.162598,0.939575,-2.136230,4.638672,2.929688
48079,0.021729,-0.122437,1.052124,-2.441406,4.516602,2.929688
48088,0.011597,-0.153687,1.027710,-2.990723,4.028320,2.502441
48097,-0.023193,-0.092163,1.037109,-3.479004,4.455566,2.502441
48107,0.004150,-0.176636,0.954224,-3.295898,3.967285,2.258301
48118,-0.035278,-0.109131,1.063721,-3.173828,3.845215,1.831055
48127,-0.034912,-0.209229,1.053711,-3.051758,3.967285,1.403809
48137,-0.049194,-0.213501,1.026855,-3.356934,3.540039,0.244141
48149,-0.020508,-0.173096,0.943970,-3.479004,4.028320,-0.122070
48158,-0.005493,-0.159668,1.049438,-3.479004,3.417969,-0.549316
48168,-0.007446,-0.244873,0.985840,-3.417969,3.417969,-0.976562
48177,-0.004028,-0.161255,0.945679,-3.601074,4.028320,-1.281738
48188,0.046631,-0.198608,0.914795,-3.662109,4.272461,-1.770020
48197,0.060059,-0.247314,0.960571,-4.028320,3.601074,-2.075195
48207,0.129761,-0.167358,1.027832,-4.333496,3.356934,-2.624512
48218,0.168091,-0.181641,0.870361,-4.272461,2.258301,-3.845215
48228,0.186401,-0.201294,0.969360,-4.211426,1.159668,-4.455566
48237,0.196289,-0.145508,1.074463,-4.394531,0.854492,-4.455566
48247,0.140015,-0.134521,1.006226,-3.967285,0.427246,-4.333496
48257,0.146729,-0.149902,0.986694,-3.479004,0.183105,-4.577637
48267,0.173950,-0.126343,1.052856,-3.051758,0.061035,-4.028320
48278,0.184937,-0.261353,1.008789,-2.502441,-1.403809,-3.051758
48288,0.147095,-0.167847,0.908569,-3.051758,-1.953125,-1.647949
48298,0.146484,-0.061401,1.002686,-3.295898,-1.953125,-0.122070
48307,0.047119,-0.042725,0.980591,-3.234863,-0.732422,1.342773
48317,-0.020142,0.005981,1.006104,-3.356934,-1.159668,2.502441
48328,-0.111450,-0.104736,0.951294,-2.807617,-0.976562,2.807617
48337,-0.076050,-0.033936,1.055786,-2.319336,-0.183105,2.563477
48347,-0.080933,-0.015503,1.062622,-2.319336,-0.366211,2.380371
48358,-0.082031,-0.071411,0.985474,-1.708984,-0.366211,2.441406
48368,-0.056641,-0.085449,1.050659,0.061035,-0.549316,3.112793
48378,-0.011230,-0.129395,1.010376,0.549316,0.305176,3.906250
48387,0.039795,-0.092773,1.031128,0.427246,0.244141,4.699707
48397,0.054810,-0.147461,0.957642,0.671387,0.427246,5.737305
48407,0.051270,-0.096436,1.019897,0.671387,-0.305176,6.591797
48418,0.082642,-0.081177,1.020874,1.831055,-0.488281,7.507324
48428,0.059082,-0.212158,0.928711,1.831055,-1.281738,8.361816
48438,0.005981,-0.125244,0.942627,1.708984,-1.647949,8.728027
48448,-0.014648,-0.091797,1.024536,1.342773,-1.403809,9.521484
48457,-0.045532,-0.020386,1.074829,0.976562,-1.586914,10.498047
48466,-0.074585,-0.018311,0.984131,1.098633,-1.220703,11.779785
48477,-0.128662,-0.060791,0.987793,1.159668,-0.366211,13.000488
48487,-0.154785,-0.105347,0.971069,1.098633,0.671387,14.099121
48498,-0.150879,-0.019409,0.949951,0.732422,1.831055,15.441895
48508,-0.111938,-0.138672,0.961670,-0.427246,1.708984,15.136719
48517,-0.029907,-0.042969,1.106689,-0.732422,0.610352,13.977051
48527,0.003662,-0.181885,1.021851,-0.732422,-0.305176,12.878418
48537,0.055176,-0.024902,1.173584,-0.549316,-0.488281,11.291504
48547,0.118164,-0.266357,1.184326,0.488281,-0.854492,9.338379
48556,0.114868,-0.213623,1.160889,1.159668,-2.563477,7.446289
48568,0.126587,-0.294922,0.902344,2.075195,-3.845215,4.333496
48578,0.134033,-0.414062,0.775146,2.197266,-4.516602,3.112793
48587,0.111938,-0.360596,0.753418,1.098633,-5.004883,2.563477
48597,0.157593,-0.283691,0.801880,0.000000,-5.371094,2.014160
48607,0.043457,-0.131226,1.001099,-0.793457,-5.615234,1.281738
48617,0.136475,-0.082397,1.148071,-1.220703,-6.347656,-0.122070
48628,0.084717,-0.076050,1.129883,0.183105,-7.507324,-3.173828
48638,-0.008301,-0.211060,0.980225,0.488281,-7.751465,-4.699707
48647,-0.006226,-0.200439,0.953979,0.366211,-7.751465,-5.920410
48657,0.008301,-0.155762,0.907837,0.244141,-7.934570,-6.713867
48667,0.000000,-0.164062,0.883545,0.488281,-7.385254,-6.958008
48677,-0.043335,-0.146240,0.915894,0.610352,-7.446289,-6.591797
48687,-0.048340,-0.269165,0.912842,0.915527,-7.019043,-6.164551
48698,-0.010498,-0.223267,0.993530,-0.854492,-5.187988,-4.394531
48708,-0.026123,-0.083008,0.979492,-1.831055,-4.699707,-2.990723
48718,-0.029907,-0.215088,0.907593,-1.586914,-4.882812,-1.953125
48728,-0.025757,-0.041992,1.016235,-1.647949,-5.004883,-1.037598
48737,-0.014160,-0.266846,0.894653,-1.281738,-4.638672,0.610352
48747,-0.034302,-0.153320,1.012451,-1.525879,-3.540039,2.197266
48757,-0.023437,-0.240967,0.928711,-2.197266,-3.845215,3.601074
48767,-0.053467,-0.057373,1.078247,-2.502441,-3.173828,6.103516
48777,-0.097656,-0.166260,0.983276,-2.685547,-2.868652,7.080078
48787,-0.150391,-0.190796,1.042847,-2.502441,-2.990723,7.873535
48797,-0.114868,-0.098389,1.096313,-2.807617,-2.380371,8.117676
48807,-0.115967,-0.060913,1.106323,-2.990723,-2.319336,8.544922
48818,-0.184448,-0.109863,0.968384,-2.807617,-2.075195,8.911133
48827,-0.216553,-0.074341,1.001465,-2.502441,-1.159668,9.216309
48836,-0.167969,-0.263062,0.855591,-2.441406,-0.671387,9.216309
48848,-0.096191,-0.207520,0.911133,-2.807617,-0.427246,7.873535
48858,-0.113281,-0.047852,1.048828,-3.112793,-1.159668,6.164551
48867,-0.091309,-0.227417,1.007690,-3.112793,-1.647949,4.577637
48877,-0.100586,-0.007080,1.051147,-3.723145,-1.770020,3.112793
48887,-0.072021,-0.147217,0.979614,-3.540039,-1.770020,2.075195
48897,-0.077026,-0.057007,1.083252,-3.662109,-0.732422,1.098633
48908,-0.034668,-0.046753,1.093262,-3.356934,-0.549316,-0.244141
48918,0.000244,-0.091431,0.991821,-2.624512,-0.915527,-0.854492
48928,-0.022827,-0.095459,0.918335,-2.014160,-1.525879,-2.014160
48937,0.032471,-0.102173,0.996216,-1.525879,-1.525879,-2.685547
48947,0.059448,-0.148193,0.946655,-1.159668,-1.831055,-3.173828
48957,0.085571,-0.077637,1.000488,-1.708984,-2.075195,-3.234863
48967,0.097412,-0.123657,0.926758,-2.014160,-2.136230,-3.356934
48977,0.060791,-0.141113,0.947510,-1.708984,-2.075195,-3.784180
48987,0.098145,-0.241333,0.871338,-1.708984,-3.051758,-4.882812
48997,0.087769,-0.247925,0.937134,-1.831055,-3.479004,-6.103516
49007,0.008179,-0.118164,1.031006,-1.892090,-4.089355,-7.019043
49017,-0.011353,-0.295532,0.915039,-1.403809,-3.723145,-7.690430
49027,0.017822,-0.052734,1.036011,-1.770020,-3.479004,-8.544922
49037,0.045776,-0.218872,0.868042,-1.403809,-2.990723,-9.338379
49047,0.010864,-0.057861,1.052002,-1.281738,-3.845215,-11.230469
49057,0.012329,-0.235474,0.998535,-0.976562,-3.356934,-12.207031
49067,0.056030,-0.097534,1.018799,-0.488281,-3.173828,-12.634277
49077,0.065430,-0.167236,0.946045,0.000000,-2.685547,-13.427734
49087,0.056885,-0.080811,0.954956,-0.671387,-3.967285,-14.343262
49097,0.037720,-0.160400,0.946289,-0.732422,-5.310059,-14.770508
49107,0.067139,-0.004028,0.998779,-0.854492,-3.845215,-14.648438
49116,0.068604,-0.139648,0.938232,-0.976562,-3.540039,-13.977051
49128,0.003296,-0.235718,0.965454,-0.671387,-2.990723,-13.244629
49138,0.025879,-0.073608,1.016235,-1.586914,-3.295898,-13.000488
49147,-0.018188,-0.122437,1.003662,-1.892090,-2.807617,-12.878418
49157,-0.001099,-0.027954,1.058594,-2.014160,-2.502441,-12.817383
49167,-0.063232,-0.220093,0.852173,-1.220703,-2.319336,-13.122559
49177,-0.033203,-0.152222,0.873047,-1.159668,-1.953125,-12.939453
49188,-0.015137,-0.203735,0.953491,-1.770020,-0.366211,-11.535645
49198,-0.015747,-0.156616,1.031738,-1.892090,-0.915527,-11.596680
49208,-0.039429,-0.234375,0.889648,-1.953125,-0.305176,-11.657715
49217,0.030762,-0.066162,1.075684,-2.441406,-0.061035,-11.596680
49227,-0.001099,-0.291382,0.967041,-2.807617,0.061035,-12.084961
49237,0.017578,0.010132,1.128052,-2.990723,0.610352,-12.939453
49247,-0.014648,-0.123413,1.011719,-2.868652,0.732422,-12.939453
49257,0.006470,-0.121460,1.015747,-2.807617,1.342773,-13.427734
49269,-0.066772,-0.263428,0.905640,-2.014160,1.464844,-13.427734
49278,-0.060059,-0.064331,0.950073,-2.014160,1.281738,-13.061523
49288,-0.036987,-0.214111,0.868896,-2.197266,1.708984,-11.901855
49298,0.000854,-0.053101,1.011597,-2.441406,2.563477,-10.864258
49308,-0.024536,-0.184570,0.908813,-2.502441,3.234863,-10.009766
49317,-0.000732,-0.035645,1.005981,-2.624512,3.906250,-8.850098
49327,-0.040649,-0.194824,0.972168,-2.807617,4.455566,-7.995605
49339,-0.025146,-0.130981,1.034790,-2.563477,4.516602,-7.141113
49348,0.014160,-0.209106,0.924194,-2.319336,3.906250,-6.958008
49357,0.027954,0.017578,1.022583,-2.258301,4.089355,-6.530762
49367,0.076538,-0.361328,0.922363,-1.647949,4.577637,-5.676270
49377,0.083984,-0.026489,1.015381,-1.586914,4.516602,-4.760742
49387,0.130005,-0.233276,0.911499,-1.953125,3.540039,-3.234863
49398,0.144531,-0.174072,0.975708,-2.258301,4.150391,1.037598
49408,0.101318,-0.149780,1.066650,-1.831055,3.906250,2.929688
49417,0.000488,-0.006592,1.062378,-0.915527,4.028320,4.394531
49427,0.013916,-0.160522,1.032959,0.061035,3.784180,6.042480
49437,-0.048462,-0.211548,0.894287,0.671387,4.211426,7.202148
49447,-0.041748,-0.012085,1.016113,0.244141,3.845215,7.873535
49456,-0.069580,-0.151978,0.878906,-0.122070,3.173828,8.605957
49468,-0.071289,0.010132,0.945312,-1.281738,3.540039,9.521484
49477,-0.107300,-0.019043,0.888794,-1.770020,3.417969,9.338379
49487,-0.063354,0.001465,0.931396,-2.197266,3.906250,8.911133
49496,-0.091309,-0.099731,0.909668,-2.319336,3.906250,8.117676
49507,-0.059326,0.056885,1.118896,-2.563477,3.112793,7.324219
49517,-0.052734,-0.205322,0.956543,-2.319336,2.258301,6.530762
49527,-0.040649,0.085815,1.076050,-2.014160,2.319336,6.103516
49537,-0.014648,-0.172729,0.969971,-1.159668,2.197266,6.042480
49548,0.021240,-0.033081,1.098633,-0.793457,1.586914,5.981445
49558,-0.001831,-0.326904,0.940430,-0.854492,1.342773,6.591797
49567,-0.018433,0.052734,1.052246,-1.281738,1.770020,7.202148
49578,0.007080,-0.101563,1.015259,-0.915527,1.708984,8.178711
49587,-0.003296,-0.097046,1.004395,-0.610352,1.586914,9.277344
49597,0.011963,0.052979,1.097046,-0.976562,1.464844,10.375977
49607,-0.024048,-0.285522,0.942627,-0.732422,1.281738,11.596680
49618,0.021240,-0.140503,0.990845,-0.732422,0.305176,13.244629
49628,0.025269,-0.050781,0.954834,-0.488281,0.427246,13.183594
49637,0.003784,-0.095947,0.996826,-0.427246,0.244141,13.122559
49647,-0.014771,-0.309448,0.878906,-0.366211,-0.244141,12.573242
49657,0.005859,-0.077271,1.010254,-0.549316,-0.976562,11.047363
49667,-0.027466,-0.223145,0.927246,-0.854492,-2.014160,9.277344
49677,-0.015015,-0.004395,1.077148,-1.525879,-2.563477,4.699707
49687,-0.026733,-0.180420,1.036377,-1.159668,-3.784180,2.563477
49697,0.053833,-0.039917,1.108887,-0.793457,-4.455566,0.915527
49707,0.026855,-0.402832,0.897339,-0.488281,-4.699707,-0.305176
49717,0.094116,-0.057617,1.036743,-0.915527,-4.699707,-1.403809
49727,0.121582,-0.199219,0.997070,-1.464844,-5.615234,-2.380371
49737,0.125854,-0.219116,0.898926,-1.770020,-6.286621,-3.417969
49747,0.137207,-0.075928,1.047729,-1.770020,-6.408691,-3.967285
49758,0.133545,-0.176636,0.929077,-1.708984,-7.446289,-5.249023
49768,0.121948,-0.159180,0.888184,-2.868652,-8.239746,-6.286621
49777,0.041382,-0.101563,0.888550,-2.990723,-8.361816,-7.202148
49787,0.066895,-0.140381,0.950928,-2.990723,-9.216309,-7.995605
49797,0.014648,-0.216064,0.918091,-2.380371,-9.460449,-8.605957
49807,0.013184,-0.153442,1.012939,-2.441406,-8.911133,-8.911133
49817,-0.039063,-0.219971,0.999146,-2.380371,-8.911133,-8.728027
49827,-0.008057,-0.063843,1.119019,-1.037598,-7.019043,-8.728027
49837,-0.115479,-0.343384,0.840210,-0.366211,-8.178711,-8.972168
49847,-0.087524,-0.134644,0.938965,0.000000,-7.629395,-9.216309
49857,-0.012451,-0.247437,0.996216,-0.549316,-7.446289,-9.033203
49867,-0.024048,-0.212524,0.954346,-1.159668,-7.385254,-8.972168
49877,-0.052979,0.022339,1.074829,-1.464844,-7.324219,-9.094238
49888,-0.032471,-0.302856,0.975586,-1.708984,-5.371094,-8.117676
49898,0.013550,0.086426,1.098999,-2.502441,-5.249023,-7.934570
49907,-0.044189,-0.236816,1.001953,-2.563477,-4.943848,-8.178711
49917,-0.060059,-0.196655,1.008789,-2.319336,-4.699707,-8.728027
49927,-0.047607,0.003784,1.070435,-2.319336,-4.638672,-9.277344
49937,-0.094482,-0.271606,0.896240,-2.136230,-4.821777,-9.338379
49947,-0.092529,-0.122925,0.962402,-2.441406,-4.638672,-9.399414
49957,-0.118408,-0.035034,1.015259,-2.563477,-3.906250,-9.460449
49968,-0.068237,-0.006592,1.041016,-3.234863,-2.929688,-9.948730
49978,-0.071777,-0.077515,1.045288,-2.929688,-2.990723,-10.803223
49987,-0.035278,-0.138428,1.028198,-2.990723,-4.089355,-11.779785
49997,-0.003174,0.008057,1.076538,-3.051758,-3.479004,-12.145996
50007,-0.046143,-0.116089,1.004883,-2.868652,-2.380371,-12.207031
50017,-0.091309,-0.138062,0.917725,-2.746582,-2.197266,-12.145996
50029,-0.083008,-0.070923,0.933228,-2.441406,-0.854492,-12.268066
50039,-0.075317,-0.098633,0.876099,-2.258301,-0.549316,-12.390137
50049,-0.042114,0.104736,1.046265,-2.136230,0.366211,-12.634277
50058,-0.052490,-0.064941,0.993896,-1.831055,0.183105,-12.939453
50068,-0.024414,-0.046509,1.019165,-1.586914,-0.183105,-13.183594
50077,-0.015869,0.061157,1.038452,-0.915527,0.610352,-13.122559
50088,0.036133,-0.185059,0.940186,-0.183105,0.061035,-13.183594
50097,0.024902,-0.168945,0.973877,0.183105,0.610352,-12.573242
50108,0.038940,-0.270142,0.957397,0.915527,0.183105,-12.634277
50117,0.029663,-0.204712,0.985474,1.098633,-0.366211,-13.305664
50127,0.000000,-0.215210,0.969849,1.403809,0.122070,-13.549805
50137,-0.024902,-0.217651,0.886841,0.976562,0.549316,-13.610840
50147,0.016724,-0.108032,1.019287,0.854492,1.281738,-13.427734
50157,0.004272,-0.178223,1.007690,0.915527,1.464844,-13.549805
50169,-0.061768,-0.069946,0.989624,0.976562,0.976562,-14.465332
50179,0.017944,-0.093140,0.941772,1.403809,1.892090,-14.282227
50188,-0.038940,-0.267822,0.983398,1.098633,1.770020,-14.099121
50198,-0.048340,0.004517,1.023926,0.671387,1.708984,-14.099121
50207,-0.088501,-0.092407,1.053467,0.366211,1.953125,-13.793945
50218,-0.063843,-0.179687,0.920288,0.183105,2.685547,-12.756348
50227,-0.026367,0.036987,1.053833,0.305176,3.784180,-11.901855
50239,-0.025757,-0.214478,0.920410,0.610352,4.882812,-10.314941
50249,-0.064331,0.004761,1.044556,0.488281,5.187988,-9.277344
50258,-0.042969,0.073486,1.128540,0.732422,5.004883,-8.850098
50268,-0.071411,-0.251831,1.007324,1.342773,5.004883,-8.300781
50277,-0.030518,-0.199829,0.930054,1.770020,5.249023,-7.629395
50287,0.007324,-0.044067,1.040527,2.258301,5.798340,-6.958008
50297,0.023071,-0.223267,0.910156,1.892090,5.676270,-5.981445
50308,-0.017822,-0.321533,0.787109,0.366211,6.042480,-3.906250
50318,-0.025513,-0.181274,0.928833,-0.183105,5.920410,-2.502441
50327,-0.094360,-0.253540,0.893677,-0.488281,6.896973,-1.647949
50337,-0.069214,-0.147095,0.952393,-1.037598,7.629395,-0.732422
50347,-0.089722,-0.310181,0.942139,-1.342773,7.751465,-0.305176
50358,-0.153809,-0.081909,0.936768,-1.892090,7.873535,-0.305176
50367,-0.105103,-0.028687,1.108887,-1.770020,7.934570,-0.732422
50377,-0.087158,-0.190186,0.995117,-1.342773,8.361816,-1.342773
50389,-0.019043,0.001465,1.092651,-0.671387,7.690430,-2.319336
50398,-0.003540,-0.141113,1.069214,-0.427246,7.873535,-2.685547
50408,0.037476,-0.264404,1.018311,-0.732422,7.446289,-2.441406
50417,-0.005249,-0.179810,1.135498,-0.427246,7.507324,-2.014160
50428,0.049561,0.008423,1.077515,0.305176,7.385254,-1.342773
50437,0.026855,-0.220947,0.993286,0.976562,7.812500,-0.732422
50448,0.083130,-0.362061,0.906616,0.000000,6.469727,-0.732422
50458,0.092163,-0.005005,1.041382,-0.244141,5.371094,-0.427246
50467,0.072388,-0.203003,0.960815,0.366211,5.432129,0.305176
50477,0.045776,-0.330322,0.884155,0.671387,5.859375,1.281738
50487,0.079468,-0.154541,0.989502,0.305176,6.103516,2.380371
50497,0.041260,-0.132080,1.004272,0.122070,5.798340,3.662109
50507,0.033081,-0.157715,0.990723,0.000000,6.286621,4.394531
50517,-0.043701,-0.091431,0.967651,-0.366211,5.859375,5.126953
50528,-0.017700,-0.104248,0.994263,-1.220703,4.638672,5.981445
50538,-0.038696,-0.167969,0.937500,-1.342773,4.760742,6.347656
50547,-0.087280,0.057983,1.021606,-1.586914,4.760742,6.591797
50557,-0.083740,0.179199,1.053589,-1.770020,4.821777,7.019043
50567,-0.098389,-0.060303,0.925781,-1.831055,5.615234,7.141113
50578,-0.094482,-0.153564,0.884888,-2.014160,6.164551,7.446289
50587,-0.096680,0.056396,1.001953,-2.197266,5.432129,6.896973
50598,-0.034790,-0.071411,0.955811,-2.258301,4.699707,6.225586
50608,-0.051025,0.088379,1.036255,-1.708984,4.577637,6.286621
50617,0.005127,-0.060547,1.027710,-1.037598,3.967285,6.164551
50627,-0.034302,-0.275513,0.906372,-0.305176,4.272461,6.103516
50637,0.004395,-0.104614,0.980713,0.061035,4.882812,6.286621
50648,-0.032471,-0.186646,0.889893,0.305176,4.089355,6.347656
50657,-0.019897,-0.387085,0.741699,-0.305176,4.760742,6.103516
50668,0.032471,-0.174072,0.793701,-1.892090,3.112793,5.981445
50677,-0.034058,-0.267944,0.857910,-2.929688,2.990723,6.164551
50687,0.019043,-0.002930,1.031006,-3.906250,3.112793,6.835937
50697,0.039185,0.170044,1.162964,-4.028320,3.173828,7.446289
50707,0.010498,-0.159180,1.061523,-3.112793,3.051758,8.544922
50718,0.046387,-0.249878,0.992310,-3.051758,3.723145,9.582520
50727,0.068115,-0.114258,1.044189,-3.356934,3.906250,9.765625
50738,0.014526,-0.059937,0.965332,-4.150391,1.831055,9.216309
50747,0.023437,0.075928,1.085449,-4.272461,0.610352,9.033203
50757,0.012329,-0.098022,0.924683,-4.394531,-0.183105,8.911133
50767,-0.019043,-0.203369,0.989502,-4.577637,-0.183105,9.216309
50778,-0.052002,0.071777,1.120972,-4.333496,0.366211,9.582520
50787,0.000366,-0.019775,1.131714,-3.845215,0.732422,9.155273
50798,-0.027588,-0.289185,1.053833,-2.807617,-0.732422,7.568359
50807,0.032837,0.003296,1.142334,-2.563477,-1.159668,6.469727
50818,0.082520,-0.181519,1.013794,-2.685547,-1.770020,5.249023
50827,0.032593,-0.308105,0.920776,-2.319336,-2.807617,4.516602
50837,0.069946,-0.052246,0.947266,-2.197266,-2.807617,4.028320
50847,0.103149,-0.143188,0.981323,-2.319336,-3.051758,3.662109
50857,0.070190,-0.394287,0.850830,-2.624512,-3.906250,2.807617
50869,0.018677,-0.037476,0.996094,-3.967285,-4.638672,0.427246
50879,-0.003662,-0.163696,0.872559,-3.662109,-5.004883,-1.159668
50888,-0.033936,-0.182129,0.895386,-3.417969,-3.601074,-1.831055
50898,0.000610,-0.039673,0.996826,-3.356934,-4.821777,-3.051758
50907,-0.023071,-0.262573,0.928345,-3.295898,-5.126953,-4.272461
50917,-0.052979,-0.205322,0.880127,-3.479004,-5.004883,-5.310059
50927,0.020752,0.019043,1.030762,-3.540039,-5.126953,-6.103516
50940,0.009521,-0.136841,1.025024,-2.990723,-4.577637,-7.263184
50949,0.026978,-0.063843,1.099487,-2.014160,-4.089355,-7.385254
50958,0.000000,-0.058838,1.082886,-1.159668,-4.516602,-7.507324
50968,-0.015503,-0.133545,1.001831,-0.183105,-3.540039,-7.568359
50977,0.011841,-0.237061,0.962646,0.427246,-3.906250,-7.934570
50987,-0.007446,-0.193970,0.957764,0.732422,-3.723145,-8.239746
50997,0.005859,-0.064697,0.944946,0.427246,-4.089355,-8.544922
51007,0.024902,-0.143433,0.966797,0.122070,-3.234863,-7.995605
51018,0.015869,-0.137329,0.965454,-1.098633,-2.685547,-7.324219
51027,0.046631,0.165649,1.170654,-1.342773,-2.685547,-7.263184
51037,0.011475,0.036133,1.132324,-0.427246,-3.173828,-7.080078
51047,0.000977,-0.177368,1.008179,0.366211,-3.112793,-7.446289
51057,0.015259,-0.218872,0.987671,0.854492,-3.112793,-7.629395
51067,0.005981,-0.096558,1.047363,0.854492,-3.417969,-8.056641
51077,0.027588,0.047729,1.047729,0.732422,-3.234863,-8.178711
51088,-0.030762,-0.200562,0.859863,0.427246,-2.685547,-7.385254
51098,-0.028320,-0.178589,0.923950,-0.061035,-2.807617,-7.263184
51107,-0.030640,-0.043457,1.046509,-0.122070,-1.220703,-7.019043
51117,-0.021484,-0.080933,1.045044,-0.976562,-0.976562,-6.713867
51128,-0.057983,-0.133301,1.015625,-1.098633,-2.807617,-7.568359
51137,-0.023193,-0.085815,1.070068,-1.159668,-1.464844,-7.568359
51147,-0.050903,-0.012695,1.066284,-1.403809,-1.647949,-7.629395
51159,-0.097168,-0.180908,0.974487,-0.305176,-0.061035,-7.873535
51168,-0.050537,-0.016846,1.000977,-0.244141,0.061035,-7.934570
51178,-0.065674,0.036499,0.993408,-0.061035,0.183105,-8.239746
51187,-0.040161,-0.155273,0.943726,0.366211,0.061035,-8.178711
51197,-0.058716,-0.203491,0.981201,0.732422,0.671387,-7.629395
51207,-0.015991,0.037109,1.102051,0.976562,1.342773,-7.141113
51219,-0.055054,-0.119751,1.075195,2.380371,2.685547,-5.798340
51229,-0.054932,-0.284546,1.034668,2.502441,3.173828,-5.676270
51239,-0.016357,-0.213257,0.932617,2.136230,3.173828,-5.249023
51248,-0.007446,-0.050171,0.959717,2.014160,3.479004,-4.638672
51258,0.013428,-0.026733,0.985718,1.647949,2.807617,-4.394531
51267,-0.006348,-0.119263,0.912354,1.159668,2.380371,-3.845215
51277,-0.028809,-0.257690,0.875122,1.098633,3.723145,-2.197266
51289,0.019897,-0.050781,0.990479,0.610352,3.662109,-0.183105
51299,-0.005249,-0.161743,0.996094,0.854492,3.173828,0.061035
51308,-0.001099,-0.133057,0.972290,0.671387,3.051758,0.244141
51318,-0.020630,-0.135742,0.992676,1.525879,4.760742,0.427246
51328,-0.012573,-0.206665,0.937500,0.976562,1.708984,0.549316
51337,0.032593,-0.228027,0.939087,0.915527,3.723145,0.122070
51346,-0.027832,-0.139160,1.039063,-0.122070,1.159668,0.183105
51358,0.001465,0.019409,1.048462,-1.220703,0.000000,0.427246
51367,-0.019165,-0.036865,0.990356,-0.427246,2.624512,0.122070
51377,-0.007568,-0.317749,0.974121,-0.183105,2.502441,-0.610352
51387,-0.039551,-0.151978,0.953857,-0.061035,1.953125,-1.220703
51396,0.037476,-0.003174,0.952271,0.183105,3.295898,-1.770020
51407,0.026001,-0.226196,0.964355,0.061035,2.624512,-1.831055
51417,0.036743,-0.297607,0.888794,-0.549316,2.624512,-1.708984
51426,0.025513,-0.052002,0.937256,-1.281738,2.807617,-2.319336
51438,0.033203,-0.130005,1.024780,-1.342773,1.464844,-3.234863
51447,0.004272,-0.116455,1.059448,-0.732422,1.098633,-3.906250
51457,0.017944,-0.119507,1.019775,-0.610352,1.831055,-3.845215
51467,-0.008911,-0.106445,1.005249,-0.610352,-0.549316,-4.394531
51477,0.009888,-0.220825,1.009033,0.854492,5.615234,-4.150391
51487,0.033203,-0.266113,0.950195,0.000000,5.065918,-3.723145
51499,0.022583,-0.040161,1.036011,-1.037598,0.244141,-3.417969
51509,0.070312,0.025146,1.065308,-1.159668,5.493164,-2.624512
51518,0.060303,-0.074707,0.986694,-2.746582,0.976562,-2.319336
51528,-0.013428,-0.148560,0.977173,-3.234863,-2.746582,-2.990723
51537,-0.077637,-0.083862,1.039551,-2.990723,-2.746582,-3.356934
51547,0.005615,0.081665,1.092163,-2.441406,2.929688,-3.540039
51557,-0.000122,0.060303,1.072632,-2.868652,0.793457,-2.746582
51569,-0.047974,-0.119751,0.987183,-1.770020,0.366211,-2.014160
51579,-0.028687,-0.067993,0.961670,-0.854492,3.051758,-1.525879
51588,-0.015503,-0.030029,0.978882,-1.220703,2.746582,-0.793457
51598,-0.092163,-0.116699,0.960693,-0.915527,3.051758,-0.122070
51607,-0.045898,-0.093506,1.002808,-0.732422,3.234863,1.037598
51616,-0.075684,0.012207,1.025146,-0.854492,3.479004,2.197266
51627,-0.062988,-0.033081,1.007324,-0.610352,3.662109,3.784180
51636,-0.106689,-0.160767,0.952515,0.183105,5.493164,5.065918
51648,-0.005249,-0.041504,0.981934,0.000000,5.187988,7.324219
51657,0.016113,-0.043335,0.993408,-0.305176,5.126953,7.995605
51667,-0.007202,-0.136597,0.985718,-0.488281,4.699707,8.544922
51677,-0.018066,-0.133179,1.017456,-0.427246,4.150391,9.765625
51687,-0.020020,-0.063965,1.010010,0.549316,3.417969,9.948730
51697,-0.018555,-0.012695,0.970947,1.525879,7.080078,11.108398
51706,0.076904,-0.164917,0.988159,1.403809,2.990723,11.962891
51718,0.062866,-0.118164,0.957642,1.464844,3.234863,12.390137
51727,0.017090,0.007202,1.019531,0.732422,0.854492,12.390137
51736,0.072632,0.007813,1.039795,0.427246,3.356934,12.207031
51747,0.002197,-0.109741,1.067505,-0.488281,0.732422,11.657715
51757,0.025391,-0.129028,1.117920,-0.427246,0.732422,11.108398
51766,0.000244,-0.075317,1.052368,-0.061035,1.159668,10.437012
51778,-0.025391,-0.116089,0.917480,1.220703,2.441406,8.422852
51787,-0.013794,-0.282471,0.838257,-0.610352,-0.854492,8.178711
51798,0.022217,-0.206909,0.781494,-1.770020,-3.784180,6.591797
51807,-0.015991,-0.269165,0.814941,-2.807617,0.488281,6.042480
51816,0.013550,0.015381,0.983398,-4.516602,-3.479004,5.676270
51827,0.000122,0.040161,1.085205,-3.540039,-0.915527,4.272461
51837,-0.020142,-0.214722,1.002441,-3.540039,-1.831055,3.479004
51847,-0.004517,-0.292847,1.003418,-3.173828,-1.037598,1.342773
51857,0.032715,-0.154785,1.108032,-2.868652,-2.380371,0.427246
51867,0.025146,-0.151001,0.946533,-3.051758,-4.028320,0.854492
51877,0.003540,-0.184692,0.946533,-2.624512,-1.647949,1.342773
51887,0.050659,-0.043091,1.022583,-2.929688,-3.906250,1.464844
51897,0.010986,-0.097900,1.011597,-3.295898,-2.075195,1.586914
51907,0.017700,-0.164551,1.008667,-3.356934,-3.051758,0.854492
51917,0.035278,-0.114258,1.034180,-2.807617,-3.173828,-0.488281
51926,0.034546,-0.047485,0.996338,-2.502441,-4.211426,-1.464844
51937,0.018921,-0.332886,0.939087,-2.929688,-4.455566,-2.258301
51947,-0.001343,-0.271118,0.947632,-3.295898,-4.577637,-3.234863
51958,0.001099,0.047241,0.963989,-3.662109,-4.882812,-3.723145
51967,0.001221,-0.045654,0.944702,-4.028320,-3.479004,-3.723145
51977,0.010620,-0.303833,0.911743,-4.394531,-4.333496,-4.211426
51988,0.023437,-0.118896,0.974976,-5.004883,-5.004883,-5.310059
51998,0.004272,-0.092041,1.079224,-4.699707,-3.784180,-5.859375
52007,-0.011353,-0.225830,1.002563,-4.028320,-3.356934,-5.737305
52017,0.029297,-0.125488,1.021362,-3.662109,-4.272461,-6.530762
52027,-0.039307,-0.104248,1.011963,-3.173828,-0.793457,-6.896973
52037,0.003784,-0.185425,1.007935,-4.150391,-3.723145,-6.896973
52047,-0.012329,-0.194458,0.998291,-4.211426,-7.263184,-8.056641
52056,-0.021362,0.009888,1.000244,-3.295898,-3.112793,-9.399414
52068,0.041504,-0.074829,1.061157,-3.845215,-2.258301,-10.375977
52078,-0.006592,-0.164307,0.948853,-3.723145,-7.385254,-11.047363
52087,0.021484,0.003906,1.000244,-3.051758,-7.507324,-11.657715
52097,0.067017,0.035156,1.001221,-1.342773,-4.272461,-12.512207
52107,0.040039,-0.180054,0.922607,-0.427246,-2.990723,-11.962891
52117,0.005859,-0.289673,0.944336,-0.122070,-2.685547,-11.901855
52127,-0.001465,-0.187256,0.985474,-0.305176,-1.892090,-11.291504
52137,0.014038,-0.003906,1.044434,0.183105,-0.854492,-10.620117
52147,-0.001831,-0.166260,0.981201,0.183105,-0.244141,-10.314941
52157,-0.043091,-0.100830,0.950684,0.122070,-1.159668,-9.582520
52167,-0.037964,-0.008667,0.980835,0.793457,0.488281,-9.277344
52177,-0.043945,-0.079834,0.984985,0.793457,0.793457,-9.277344
52187,0.009888,-0.233643,0.899048,0.854492,0.366211,-8.911133
52198,-0.006592,-0.191650,0.869995,-0.061035,1.892090,-7.446289
52207,0.029907,0.033325,1.034058,-0.183105,2.746582,-6.469727
52217,0.028320,-0.068481,0.929687,-0.732422,3.295898,-5.615234
52227,-0.039185,-0.162720,0.963013,-0.732422,2.807617,-5.065918
52238,-0.108521,-0.079468,1.004272,-0.976562,2.014160,-4.821777
52247,-0.016968,0.019287,1.048584,-1.220703,2.990723,-4.394531
52258,-0.140015,-0.191406,0.986206,-0.122070,1.647949,-4.699707
52267,-0.071167,-0.141846,0.945557,0.183105,3.479004,-3.662109
52278,-0.008301,-0.162231,0.975220,0.549316,3.601074,-3.295898
52288,-0.126099,-0.301147,0.890991,0.732422,4.760742,-2.075195
52298,-0.070923,-0.159546,0.859375,0.427246,4.699707,-1.525879
52307,-0.045532,-0.158325,0.942505,0.427246,5.798340,-1.098633
52318,-0.009033,-0.076538,0.995728,-0.549316,4.699707,0.061035
52327,-0.032349,-0.178833,1.053101,-0.976562,5.310059,1.098633
52337,-0.104736,-0.128662,1.012695,-0.671387,7.202148,1.586914
52348,-0.052734,0.074829,1.051514,-0.793457,8.056641,2.624512
52358,0.003418,-0.054932,1.122314,-1.464844,6.591797,3.417969
52367,-0.055664,-0.171875,0.928589,-1.281738,7.019043,3.051758
52378,0.063721,-0.216919,0.856445,-1.342773,5.981445,3.234863
52387,0.024902,-0.109497,0.899048,-1.525879,7.690430,4.394531
52397,0.138550,-0.244873,0.911865,-2.563477,5.493164,5.615234
52410,0.091309,0.106812,1.058105,-3.723145,8.239746,8.361816
52419,-0.062134,-0.009766,1.116333,-4.211426,4.577637,9.704590
52428,-0.029663,-0.188354,1.013550,-3.173828,6.347656,9.582520
52438,-0.063232,-0.253662,0.986572,-3.723145,8.056641,9.765625
52447,-0.039185,-0.049072,0.983643,-4.821777,1.403809,9.338379
52458,-0.035522,0.037109,1.031006,-4.699707,-0.305176,9.033203
52467,-0.068970,-0.151733,0.923218,-4.028320,2.197266,8.728027
52479,-0.028198,-0.058228,0.979980,-4.272461,4.272461,10.620117
52489,-0.004883,-0.117920,1.009277,-3.479004,4.760742,10.437012
52498,-0.058960,-0.118774,0.997559,-3.540039,5.493164,10.986328
52508,0.008423,-0.026855,1.086670,-2.563477,5.249023,10.192871
52517,-0.050781,-0.098633,1.095093,-2.014160,3.967285,10.131836
52528,0.007324,-0.213867,0.997803,-1.159668,3.906250,8.911133
52537,0.038696,-0.249268,0.920532,-1.037598,1.647949,7.568359
52550,0.064331,-0.123657,1.036865,-1.708984,1.647949,6.225586
52559,0.131226,-0.069824,1.049683,-1.770020,1.831055,5.737305
52569,0.085693,-0.217041,0.945557,-1.708984,1.770020,5.065918
52578,0.069092,-0.344482,0.942627,-1.770020,1.464844,4.760742
52587,0.052002,-0.261719,0.994141,-1.953125,-0.671387,3.662109
52598,0.017090,-0.073486,1.055542,-1.525879,2.746582,2.807617
52607,0.010742,-0.045044,1.066650,-1.953125,-1.037598,1.281738
52619,0.004028,-0.213989,0.970947,-1.525879,0.610352,-1.281738
52629,-0.041992,-0.129517,0.983765,-1.770020,-0.427246,-2.502441
52638,-0.000732,0.051758,1.058472,-1.708984,1.342773,-3.234863
52648,-0.038086,0.094238,1.067383,-1.403809,-1.159668,-4.211426
52657,0.000244,0.018311,1.033325,-0.244141,2.685547,-4.943848
52668,-0.007935,-0.044434,1.058350,0.488281,1.159668,-6.103516
52677,0.012817,-0.084717,1.041504,0.549316,1.464844,-6.225586
52689,0.008789,-0.034058,0.996948,1.220703,2.197266,-5.859375
52699,0.045288,-0.045776,0.962280,0.793457,-1.586914,-4.760742
52708,0.020996,-0.186279,0.824707,1.953125,2.014160,-4.028320
52718,0.023560,-0.191040,0.816040,1.159668,2.197266,-3.173828
52727,0.019897,0.009644,0.922119,0.854492,4.333496,-3.295898
52738,0.034058,0.033203,0.928589,-0.732422,0.488281,-2.868652
52747,-0.026367,-0.104370,0.914185,-0.244141,1.770020,-3.784180
52759,-0.044800,-0.045654,0.982544,-0.610352,1.586914,-2.990723
52769,0.000000,-0.074829,0.980469,0.488281,2.380371,-2.014160
52778,0.006592,-0.180054,0.919189,0.061035,3.540039,-0.183105
52788,0.032837,-0.269287,0.886230,-0.732422,-1.281738,1.159668
52797,0.016968,-0.071777,1.014526,-1.098633,-1.098633,3.051758
52808,0.024536,0.135620,1.007813,-1.953125,-0.427246,5.004883
52817,0.042603,-0.152710,0.931396,-1.159668,2.319336,5.371094
52829,0.016235,-0.158936,0.903931,-1.220703,7.080078,7.934570
52838,0.006470,0.009888,0.968628,-3.112793,0.549316,8.300781
52847,0.032471,-0.091797,1.009766,-3.295898,-1.281738,7.751465
52858,-0.020630,-0.155151,0.938965,-2.746582,2.563477,7.995605
52867,-0.001831,-0.053589,1.022217,-3.601074,2.807617,8.972168
52878,-0.054321,-0.076050,1.003174,-3.356934,1.403809,8.789063
52887,-0.010498,-0.181519,1.007202,-3.540039,2.868652,9.704590
52899,-0.008667,0.009521,1.009521,-3.662109,14.099121,9.704590
52908,0.029785,-0.027588,1.022705,-2.319336,5.615234,10.253906
52918,0.002197,-0.228394,0.973267,-3.662109,6.408691,11.779785
52927,-0.009644,-0.159424,1.007080,-5.310059,1.037598,11.840820
52938,-0.035034,-0.003418,1.056152,-5.432129,-0.610352,10.620117
52948,-0.021118,-0.031982,1.069336,-4.516602,5.371094,10.009766
52957,-0.030273,-0.059570,1.064209,-5.676270,2.258301,9.460449
52969,0.022705,-0.069580,1.089722,-5.493164,0.610352,7.629395
52979,0.099731,-0.082275,1.023560,-4.760742,0.183105,6.286621
52988,0.071899,-0.080933,0.962158,-4.516602,-0.854492,6.103516
52998,0.136963,-0.063843,1.013672,-3.784180,-0.183105,5.126953
53007,0.097412,-0.048706,1.020996,-4.150391,1.159668,5.371094
53018,0.123779,-0.084839,1.010376,-3.906250,-1.647949,4.150391
53027,0.080444,-0.146484,1.000000,-3.112793,1.464844,3.417969
53039,0.045288,-0.025513,1.022583,-3.417969,-4.516602,2.197266
53048,0.041992,-0.030762,1.107910,-3.295898,-4.272461,0.183105
53058,0.028931,-0.133667,1.063354,-2.441406,-2.014160,-0.488281
53067,-0.016235,-0.176392,1.064941,-2.563477,-6.103516,-0.854492
53078,-0.012939,-0.067505,1.013550,-1.159668,-3.173828,-1.586914
53088,-0.036743,-0.028931,1.093872,-1.037598,-3.051758,-0.854492
53097,0.006348,-0.130737,1.091675,0.427246,-1.281738,-1.403809
53109,0.005859,-0.212524,1.006470,0.427246,-0.732422,-1.892090
53118,-0.026733,-0.135742,0.932861,2.014160,-6.408691,-3.234863
53128,0.046631,-0.219727,0.892334,2.441406,-6.408691,-4.028320
53138,0.054321,-0.294434,0.888062,2.136230,-6.835937,-4.638672
53147,0.080444,-0.215088,0.937134,1.464844,-7.324219,-5.065918
53158,0.046997,-0.035156,1.012085,1.770020,-5.615234,-5.554199
53169,0.048584,-0.021973,0.986450,1.708984,-3.845215,-5.004883
53179,0.036377,-0.173950,0.924561,2.929688,-1.464844,-5.432129
53188,0.020752,-0.069336,1.009155,3.051758,0.915527,-4.821777
53198,-0.010376,0.050781,1.104370,2.868652,-2.990723,-5.004883
53207,0.028320,-0.000854,1.063843,3.845215,1.098633,-4.699707
53218,0.021240,-0.140625,0.942261,3.784180,-2.258301,-4.699707
53227,0.038574,-0.270142,0.921143,4.028320,-0.183105,-4.272461
53237,-0.007690,-0.173340,0.873047,3.479004,-2.258301,-4.760742
53249,0.039185,-0.056030,0.944458,2.807617,-0.427246,-3.356934
53258,0.069824,-0.109253,0.854126,0.976562,-0.488281,-2.990723
53268,0.016357,0.001465,0.949341,-0.122070,-0.427246,-2.441406
53278,0.018921,0.034302,1.009399,-0.488281,-0.915527,-1.770020
53287,-0.051025,-0.147217,0.890625,-0.427246,-0.671387,-1.647949
53298,-0.005249,-0.195312,0.837524,-0.915527,0.427246,-0.671387
53308,-0.002441,-0.020874,0.932739,-1.586914,0.427246,0.305176
53317,0.054687,-0.049194,0.982178,-3.173828,0.610352,3.112793
53328,0.018188,-0.357788,0.865967,-3.784180,2.685547,4.760742
53338,0.004761,-0.200073,0.979370,-4.699707,0.549316,5.676270
53348,-0.061401,-0.307373,1.001221,-5.493164,1.464844,6.286621
53357,-0.005737,-0.405151,1.002563,-5.737305,3.417969,6.408691
53368,0.003174,-0.404297,1.065796,-6.530762,1.220703,6.164551
53378,0.091187,-0.466675,1.027466,-6.896973,0.366211,5.371094
53389,0.023315,-0.464844,1.085205,-8.911133,-1.403809,3.112793
53399,-0.089600,-1.642944,-1.477661,-10.498047,-0.244141,2.502441
53409,-0.114014,0.115967,0.974976,-16.296387,-0.793457,2.441406
53419,-0.173706,0.400635,0.348267,-25.695801,-0.244141,3.845215
53428,-0.412231,0.657715,-0.140259,-32.348633,0.915527,2.075195
53438,-0.286133,1.417603,0.332642,-36.682129,2.197266,0.183105
53449,-0.336914,1.475342,0.877808,-26.916504,2.746582,0.366211
53459,-0.182983,0.217773,1.218750,-28.503418,1.403809,-2.502441
53468,-0.043335,0.871826,1.182983,-36.804199,1.831055,-2.563477
53478,0.134521,1.439209,1.130249,-41.442871,3.967285,0.915527
53488,0.238525,1.361938,0.887451,-39.367676,3.967285,5.798340
53498,0.171143,1.075073,1.029419,-34.606934,2.990723,9.033203
53508,0.081909,0.701172,1.454956,-30.029297,3.906250,11.169434
53517,0.168213,0.838745,2.389038,-25.878906,3.295898,12.268066
53529,0.140869,0.079956,0.930664,-22.583008,2.075195,17.089844
53538,0.186157,0.082886,0.682617,-10.803223,3.234863,17.578125
53548,0.164185,0.906250,2.311523,-9.216309,6.042480,17.150879
53558,-0.124268,0.584106,2.550049,-5.737305,4.211426,18.127441
53568,-0.303833,-0.214478,0.690918,-2.685547,-1.342773,18.432617
53578,0.122314,0.509033,-0.399414,-0.976562,0.915527,17.517090
53588,0.227783,1.145264,0.755127,-1.708984,4.516602,23.620605
53599,-0.283325,-0.117188,1.161133,-0.305176,-1.647949,23.193359
53609,-0.109619,-0.268311,0.539673,-1.098633,-1.892090,17.883301
53619,-0.034668,0.421143,0.622681,-6.286621,0.549316,14.526367
53628,0.075439,1.387817,1.444580,-10.314941,-2.929688,14.099121
53638,-0.033081,0.987549,1.465942,-5.676270,1.159668,15.014648
53648,-0.115601,-0.411743,0.684082,0.000000,3.662109,14.709473
53658,0.052368,-0.314941,0.914795,0.488281,13.366699,6.652832
53669,0.097900,0.998901,1.020752,-3.112793,-0.549316,8.361816
53679,0.006836,-0.001709,0.726685,1.708984,-1.403809,7.324219
53689,-0.079468,-0.183594,0.724731,3.601074,-6.286621,2.075195
53698,0.041992,0.483154,0.974487,-0.305176,-6.469727,-0.854492
53708,0.201538,0.973755,1.110718,-3.479004,-6.958008,-0.854492
53718,-0.015015,0.813354,0.928833,-3.967285,-7.690430,-0.183105
53730,-0.072632,0.484863,0.953979,-1.403809,-6.774902,-2.441406
53740,0.104370,0.842529,1.344849,-2.624512,-5.981445,-3.784180
53749,0.088257,0.895874,1.241089,-3.967285,-4.943848,-3.173828
53759,0.079224,0.707031,0.869995,-3.173828,-6.530762,-2.258301
53769,0.130493,0.531250,0.720337,0.915527,-3.295898,-2.136230
53778,0.105957,0.783447,1.045410,1.586914,-6.347656,-1.831055
53788,0.003296,0.647461,1.303711,1.953125,-2.807617,-1.831055
53797,-0.130371,0.460449,1.106567,-1.220703,-4.394531,-0.671387
53809,-0.180542,0.901245,0.854858,-3.540039,-7.324219,-1.037598
53819,-0.122192,0.770874,1.015381,-2.929688,-5.249023,-0.549316
53828,-0.107178,0.647583,1.177734,-2.319336,-5.126953,0.427246
53838,-0.106201,0.421265,1.046753,-0.976562,-0.549316,0.366211
53848,-0.012451,0.411377,0.948486,-0.854492,1.525879,-0.671387
53858,0.039307,0.763184,1.046997,-2.929688,-3.723145,0.061035
53869,0.002197,0.746338,1.042114,-2.319336,-5.371094,1.037598
53879,-0.055542,0.603516,0.912476,-1.586914,-5.065918,-0.244141
53888,-0.039917,0.758179,0.921753,-1.403809,-1.159668,-0.732422
53898,-0.025146,0.852051,1.004272,-1.647949,-1.647949,-0.793457
53908,-0.091675,0.674316,0.968018,-0.427246,2.075195,-1.098633
53918,-0.091064,0.475586,0.919922,-0.610352,0.488281,-0.671387
53929,-0.044189,0.546021,0.872437,-1.281738,-0.854492,-1.708984
53938,0.003906,0.828003,1.076660,-3.356934,-1.586914,-1.342773
53948,-0.000977,0.809814,0.966919,-3.112793,1.220703,-1.098633
53958,0.005249,0.611450,0.891724,-2.746582,-1.281738,-1.281738
53968,0.033813,0.787231,1.035522,-2.929688,0.854492,-0.427246
53978,0.027588,0.732788,1.022339,-3.417969,1.831055,1.342773
53988,-0.007446,0.599976,0.963867,-3.662109,3.601074,3.173828
53998,-0.025391,0.604126,0.933228,-5.065918,3.479004,5.249023
54008,-0.001099,0.661987,0.963745,-6.164551,0.549316,6.164551
54019,0.061523,0.632568,1.096313,-5.432129,6.713867,6.469727
54029,0.093872,0.632446,1.009399,-6.408691,2.563477,6.408691
54038,0.121582,0.659912,0.996338,-6.896973,-3.356934,6.103516
54048,0.102417,0.520142,1.059814,-4.943848,-3.967285,6.164551
54058,0.059326,0.575928,1.072510,-4.394531,-2.990723,6.408691
54073,0.064087,0.211182,0.917847,-1.159668,2.563477,8.056641
54083,0.047363,0.268311,0.984009,-0.366211,4.638672,7.568359
54093,0.014038,0.205322,0.985352,-0.122070,3.540039,7.263184
54102,-0.006348,0.131470,0.974121,1.770020,1.342773,5.615234
54112,-0.009888,0.188354,0.977051,3.112793,2.990723,4.882812
54122,-0.005371,0.189575,0.955078,5.493164,1.342773,4.089355
54130,-0.030640,0.271362,0.979858,5.493164,1.342773,4.089355
54140,-0.063843,0.380127,0.946289,12.329102,-0.488281,4.089355
54149,-0.073608,0.354980,0.866577,15.136719,0.915527,4.150391
54159,-0.059326,0.288452,0.868042,17.211914,0.305176,3.479004
54168,0.029297,-0.505127,0.970337,18.859863,0.244141,2.502441
54178,0.007202,-1.015747,1.369019,15.625000,0.854492,2.014160
54189,-0.024902,-0.848633,1.590820,8.239746,0.854492,1.403809
54198,-0.155273,-0.611572,1.236084,3.601074,0.671387,1.708984
54208,-0.235962,-0.364868,0.680298,4.211426,1.892090,1.831055
54219,-0.103027,-0.151978,0.525391,9.521484,6.225586,3.356934
54228,0.144043,-0.104858,0.880249,7.995605,6.530762,4.638672
54238,0.009033,0.070557,1.196777,4.089355,1.403809,3.540039
54248,-0.031006,0.286499,1.297607,2.014160,-1.098633,0.122070
54258,0.155396,0.497070,1.211426,3.479004,0.061035,-3.723145
54268,0.385864,0.386597,1.878906,5.493164,1.586914,-5.676270
54278,0.385010,0.109985,1.637573,6.530762,-2.990723,-5.004883
54290,0.359497,0.123169,1.633179,11.108398,-3.479004,-3.540039
54300,0.215332,0.020142,1.296265,11.718750,0.671387,-3.479004
54309,0.073364,-0.063721,1.140747,11.779785,-4.089355,-4.333496
54319,0.157104,-0.007080,1.194214,12.390137,-8.544922,-8.239746
54328,-0.000366,-0.029175,1.177002,11.596680,-4.943848,-10.803223
54338,-0.126587,-0.072632,1.012207,9.887695,-6.286621,-10.925293
54349,-0.193359,-0.175659,0.821899,10.559082,-4.333496,-11.108398
54358,-0.167480,-0.154541,0.821045,9.826660,-2.319336,-7.934570
54368,-0.145996,-0.178955,0.885986,9.765625,-1.281738,-7.812500
54378,-0.132446,-0.341309,0.851440,9.948730,0.671387,-7.751465
54388,-0.153687,-0.302124,0.838257,8.789063,1.281738,-6.591797
54398,-0.119751,-0.397827,0.681519,7.568359,-4.943848,-6.042480
54408,-0.082031,-0.548950,0.590820,7.202148,-2.075195,-5.432129
54418,-0.081299,-0.464355,0.536255,5.798340,-2.441406,-3.601074
54428,-0.061157,-0.308716,0.534424,3.479004,-0.122070,1.403809
54438,-0.028564,-0.217285,0.596924,2.075195,1.586914,4.943848
54449,0.040405,-0.173584,0.653564,1.586914,2.624512,6.286621
54458,0.024658,-0.090332,0.798950,0.244141,3.417969,8.178711
54468,-0.031494,-0.022095,0.639160,-0.549316,2.441406,9.826660
54479,-0.032593,0.070190,0.946045,-1.098633,2.136230,10.375977
54488,-0.049927,0.056030,1.036133,-1.708984,2.441406,10.375977
54501,-0.030762,-0.011719,1.047974,-0.305176,3.662109,9.765625
54510,0.013428,0.013306,1.183228,-0.366211,3.479004,9.765625
54520,-0.000610,-0.018921,1.141235,-0.183105,3.845215,9.826660
54529,0.007690,-0.147827,1.003662,0.427246,3.540039,9.338379
54539,0.068481,-0.161865,0.958862,0.366211,4.272461,9.094238
54548,0.049194,-0.147461,1.022827,-0.122070,3.906250,9.582520
54558,0.042236,-0.229370,1.096069,0.061035,3.601074,9.948730
54568,0.066406,-0.202393,1.139893,0.183105,3.723145,10.803223
54579,0.041016,-0.191406,1.117188,-0.854492,3.417969,11.352539
54589,0.038696,-0.215576,1.074585,-0.671387,2.624512,11.718750
54598,0.019409,-0.291016,1.080444,-0.305176,4.150391,12.329102
54609,0.038330,-0.219849,1.083862,-0.427246,1.708984,12.573242
54618,0.036743,-0.193848,1.085449,-0.122070,3.051758,12.695313
54629,0.034668,-0.228516,0.978394,0.183105,2.685547,12.756348
54638,0.048218,-0.186768,0.948853,-15.625000,2.319336,11.657715
54650,0.007813,-0.074463,0.870361,-0.610352,1.770020,10.742188
54660,0.007080,-0.067383,0.843872,-0.976562,2.075195,9.765625
54669,0.029297,-0.084717,0.854126,-1.159668,1.892090,8.972168
54679,0.044922,-0.113525,0.879272,-1.220703,1.831055,8.056641
54688,0.053955,-0.136108,0.913086,-1.220703,2.929688,7.263184
54698,0.072510,-0.142456,0.938965,-1.403809,2.624512,6.896973
54708,0.097046,-0.136963,0.954834,-1.220703,3.234863,5.798340
54719,0.105591,-0.102539,0.966553,-1.220703,2.563477,4.821777
54729,0.093506,-0.034790,0.940308,-1.464844,1.159668,3.845215
54738,0.068848,-0.102295,0.981201,-1.464844,0.671387,2.746582
54748,0.027954,0.030029,0.992554,-1.953125,-0.305176,1.525879
54758,0.041382,0.008301,1.013672,-1.647949,0.122070,0.793457
54770,0.037109,-0.098022,1.003296,-1.342773,0.183105,-0.671387
54780,0.057983,-0.005249,0.998291,-1.647949,-0.122070,-0.976562
54789,0.081543,-0.032349,1.026733,-1.342773,0.427246,-1.098633
54799,0.071289,-0.045776,1.005005,-1.098633,0.610352,-1.342773
54809,0.074951,-0.083496,1.034424,-0.915527,0.305176,-1.037598
54818,0.033813,-0.104004,1.033325,-1.220703,-0.427246,-1.220703
54828,0.045898,-0.116943,1.010620,-0.976562,-0.793457,-1.403809
54838,0.052734,-0.141846,1.061279,-1.159668,-1.220703,-1.464844
54851,0.039551,-0.146118,1.000977,-1.281738,-1.220703,-0.793457
54860,0.023437,-0.153442,1.030396,-1.403809,-1.159668,-0.244141
54870,-0.002441,-0.133057,0.974365,-1.342773,-0.793457,0.610352
54880,0.017700,-0.123535,0.982544,-1.525879,-0.366211,1.281738
54889,-0.004150,-0.106934,0.986206,-1.647949,-0.610352,1.831055
54899,-0.003784,-0.090942,0.936890,-1.647949,-1.098633,2.197266
54909,0.019897,-0.087280,0.979980,-1.708984,0.000000,2.441406
54918,-0.000122,-0.066284,0.973022,-1.464844,-0.183105,1.770020
54930,0.008057,-0.069092,0.999146,-1.342773,0.183105,1.464844
54939,0.002563,-0.069580,0.987671,-2.014160,-1.953125,1.525879
54949,0.015503,-0.086548,0.987915,-1.098633,-0.854492,1.220703
54959,0.015991,-0.101807,0.998657,-1.159668,0.671387,2.136230
54968,0.020874,-0.112671,0.984497,-0.854492,-0.122070,2.197266
54978,0.024292,-0.117676,0.989746,-0.915527,0.976562,2.929688
54991,0.018066,-0.108398,0.988525,-0.549316,0.122070,3.295898
55000,0.007202,-0.092163,1.016235,-1.037598,2.258301,4.455566
55010,0.029907,-0.079834,0.997681,-1.831055,-1.037598,5.737305
55020,0.057129,-0.072021,0.992676,-1.831055,-2.990723,5.737305
55029,0.088623,-0.094727,1.011963,-0.854492,-0.732422,5.432129
55039,0.041626,-0.062012,0.993408,-0.793457,3.723145,5.187988
55049,-0.004395,-0.071899,1.022827,-1.220703,3.051758,5.554199
55058,0.036011,-0.057373,1.019287,-1.098633,0.732422,7.385254
55070,0.030151,-0.082275,0.979736,-1.708984,-3.601074,6.835937
55079,0.017456,-0.085937,0.998901,-0.549316,1.037598,5.920410
55089,0.088623,-0.078491,0.996582,-0.854492,3.662109,6.408691
55099,0.120728,-0.102905,1.005371,-1.525879,0.793457,6.347656
55108,0.073608,-0.091431,1.005493,-2.014160,-4.577637,4.943848
55120,0.051636,-0.090698,1.009644,-1.037598,0.122070,4.577637
55129,0.052490,-0.115967,0.955322,-1.037598,0.000000,4.638672
55139,0.025269,-0.124756,0.984253,-1.770020,-1.770020,4.821777
55148,0.007935,-0.122070,0.995728,-1.403809,-1.281738,4.455566
55158,0.025269,-0.132935,0.992920,-0.976562,-1.037598,4.028320
55169,0.023315,-0.129517,0.997925,-1.342773,-2.441406,3.356934
55178,0.040527,-0.128052,0.998413,-1.037598,-1.403809,2.441406
55189,0.061646,-0.094727,0.979614,-1.098633,-1.464844,1.831055
55198,0.068604,-0.114868,0.950562,-1.220703,-2.563477,1.098633
55209,0.058472,-0.123535,0.995117,-1.098633,-2.380371,0.732422
55219,0.035767,-0.061890,0.998169,-1.281738,-1.525879,0.793457
55228,0.022339,-0.077393,0.996216,-1.220703,-0.976562,1.098633
55239,0.021362,-0.083252,0.997192,-1.220703,-3.845215,0.976562
55248,0.016602,-0.078247,0.993286,-0.915527,-0.549316,1.464844
55259,0.015015,-0.074951,0.983521,-0.793457,-1.098633,1.281738
55268,0.026367,-0.077515,0.995850,-1.220703,-4.821777,1.953125
55280,0.039795,-0.091919,1.034790,0.000000,-0.061035,1.342773
55289,0.037964,-0.092896,1.044067,-0.854492,-2.624512,1.342773
55298,0.052368,-0.081787,1.023926,-0.244141,-3.906250,-0.305176
55309,-0.030518,-0.055786,1.023438,0.488281,1.098633,-2.014160
55319,-0.007324,-0.094238,0.983276,-0.305176,-1.464844,-1.953125
55328,-0.022705,-0.068726,0.940063,-0.183105,-0.854492,-1.892090
55340,-0.045410,-0.081909,0.978760,-0.549316,-0.549316,0.427246
55350,-0.096069,-0.007080,0.990601,-0.671387,-1.464844,-1.098633
55360,-0.092529,-0.169434,0.933228,-0.366211,-1.342773,-2.258301
55369,-0.081787,-0.122437,0.943481,-0.732422,-1.525879,-4.821777
55379,-0.074463,-0.108643,0.985596,-0.671387,-0.915527,-6.652832
55389,-0.074585,-0.137207,1.028687,-0.976562,-0.854492,-7.141113
55399,-0.047729,-0.101807,1.075806,-0.732422,-2.990723,-8.056641
55408,-0.006470,-0.128174,1.050293,-0.610352,0.061035,-6.042480
55420,0.093750,-0.190308,0.950195,-1.037598,0.732422,-4.821777
55429,0.105469,-0.171753,0.954956,-1.220703,1.586914,-3.479004
55439,0.084473,-0.174805,0.958374,-1.525879,0.976562,-2.441406
55448,0.097900,-0.224121,0.975708,-1.342773,1.220703,-1.342773
55459,0.074219,-0.265381,0.995361,-1.342773,0.854492,-0.244141
55469,0.050415,-0.254028,0.998413,-1.403809,0.305176,-0.122070
55478,0.057007,-0.253540,0.971924,-1.220703,-0.122070,-0.122070
55489,0.092651,-0.282593,0.951416,-1.220703,-0.976562,-0.305176
55499,0.098999,-0.307251,0.971802,-1.403809,-1.770020,-0.366211
55508,0.089111,-0.312866,1.009644,-1.037598,-1.037598,-0.122070
55519,0.065063,-0.312622,1.031738,-1.220703,-1.831055,-0.061035
55529,0.020996,-0.312256,1.017822,-1.037598,-1.220703,-0.732422
55540,0.004150,-0.297974,0.990112,-0.793457,-0.305176,-2.563477
55550,-0.020996,-0.298462,0.961670,-0.915527,-1.708984,-3.479004
55559,-0.028198,-0.301270,0.950806,-0.915527,-1.647949,-4.272461
55569,-0.023071,-0.271973,0.967041,-1.098633,-2.319336,-4.821777
55579,-0.014282,-0.234497,0.993408,-1.342773,-1.708984,-4.699707
55589,-0.004272,-0.228882,0.987061,-1.281738,-1.647949,-4.394531
55599,-0.012939,-0.234009,0.977051,-0.976562,-1.159668,-3.906250
55609,-0.021362,-0.209961,0.985107,-1.037598,-1.220703,-2.868652
55619,-0.018799,-0.191040,0.990967,-0.427246,1.037598,-2.075195
55629,-0.013184,-0.258301,0.915283,-0.488281,-0.244141,-1.586914
55640,-0.011230,-0.238892,0.929199,-0.854492,-0.183105,-0.610352
55649,0.000732,-0.192017,0.969971,-1.159668,-0.366211,0.732422
55659,-0.002686,-0.174316,0.987427,-1.098633,0.366211,2.258301
55670,-0.015259,-0.197754,0.982422,-1.159668,0.122070,3.906250
55679,-0.028687,-0.240967,0.961426,-0.793457,1.281738,5.493164
55691,-0.045166,-0.244385,0.990234,-1.220703,1.464844,7.812500
55700,-0.045532,-0.234131,0.986572,-1.098633,1.647949,8.361816
55710,-0.056396,-0.209961,0.980835,-1.281738,2.014160,9.216309
55719,-0.053467,-0.241211,0.943481,-1.159668,2.441406,10.314941
55729,-0.062256,-0.256470,0.942749,-1.159668,2.990723,11.230469
55739,-0.085083,-0.236206,1.004272,-1.159668,3.173828,11.840820
55750,-0.100220,-0.277954,1.001831,-1.586914,3.112793,12.329102
55760,-0.126709,-0.226440,1.002441,-1.770020,4.516602,12.573242
55770,-0.117188,-0.184937,1.007446,-1.953125,5.187988,12.634277
55780,-0.104004,-0.215454,0.973389,-1.525879,5.554199,13.488770
55789,-0.075439,-0.250732,0.953369,-1.464844,5.920410,14.282227
55799,-0.026489,-0.182739,1.029175,-1.770020,6.835937,15.014648
55809,-0.005615,-0.162964,1.026733,-1.464844,8.239746,15.747070
55821,0.038696,-0.221069,0.938965,-1.647949,7.080078,16.784668
55831,0.064087,-0.141113,1.028564,-1.892090,7.141113,17.089844
55841,0.063721,-0.153809,0.994385,-1.831055,5.126953,16.357422
55850,0.065186,-0.216675,0.931763,-1.892090,5.981445,15.441895
55860,0.074829,-0.181641,1.000610,-1.892090,6.713867,13.549805
55869,0.073242,-0.179443,1.039307,-2.502441,4.699707,11.352539
55879,0.093384,-0.277588,0.971802,-2.014160,4.150391,7.629395
55889,0.121582,-0.313110,0.958496,-1.708984,3.723145,-0.793457
55899,0.137939,-0.236694,1.040405,-2.380371,2.197266,-4.455566
55910,0.145142,-0.211548,0.970825,-2.319336,-0.244141,-7.141113
55919,0.178345,-0.154053,1.012085,-2.319336,0.183105,-8.911133
55930,0.173584,-0.233398,0.992065,-1.892090,0.549316,-10.070801
55939,0.159302,-0.314087,0.956055,-1.770020,0.854492,-11.047363
55949,0.136719,-0.235962,1.020386,-2.685547,-1.403809,-12.084961
55959,0.145996,-0.176147,1.024536,-2.502441,0.854492,-14.282227
55969,0.148437,-0.212769,1.005249,-2.929688,-4.760742,-16.235352
55980,0.093750,-0.287720,0.998291,-2.136230,-3.784180,-18.554687
55989,0.101929,-0.332886,0.977417,-2.319336,-4.638672,-20.263672
55999,0.092285,-0.239136,1.028320,-2.807617,-4.821777,-22.460937
56010,0.083496,-0.185425,0.995605,-2.868652,-5.737305,-24.719238
56019,0.099365,-0.169067,0.960205,-2.197266,-6.042480,-26.489258
56029,0.098022,-0.191895,0.976562,-2.136230,-6.164551,-27.832031
56040,0.089966,-0.288818,0.955322,-1.831055,-5.615234,-30.151367
56050,0.029785,-0.213379,1.014038,-2.197266,-6.774902,-31.616211
56059,0.023071,-0.208862,0.966309,-1.892090,-6.530762,-33.325195
56069,0.026245,-0.225220,1.005737,-1.953125,-6.469727,-33.569336
56080,0.064331,-0.223389,0.983887,-1.403809,-4.394531,-34.362793
56089,0.115723,-0.178223,1.010254,-1.525879,-5.004883,-34.667969
56102,0.101563,-0.120850,0.956177,-1.586914,-6.286621,-33.508301
56111,0.126953,-0.107422,0.996704,-1.281738,-3.967285,-32.165527
56121,0.147705,-0.111084,0.960205,-1.770020,-7.568359,-30.578613
56130,0.142700,-0.052612,0.997681,-0.793457,-3.906250,-28.686523
56140,0.136597,-0.091553,0.977417,-1.464844,-7.080078,-24.841309
56149,0.179810,-0.123413,0.971436,-0.366211,-4.028320,-21.728516
56159,0.162598,-0.062500,1.015137,-1.342773,-3.540039,-17.822266
56172,0.095093,0.048096,1.021729,-1.953125,-4.089355,-12.207031
56181,0.124146,-0.033813,0.887695,-1.403809,-4.577637,-9.521484
56191,0.027710,-0.047729,0.987061,-1.342773,-5.737305,-7.141113
56200,0.031494,-0.019897,1.035645,-0.976562,-1.403809,-4.760742
56210,0.020630,0.033936,0.994629,-1.770020,-4.089355,-2.624512
56219,-0.097778,0.102051,1.017334,-2.075195,-2.868652,-0.183105
56229,-0.050415,0.036133,0.903442,-1.831055,-2.868652,1.525879
56242,-0.053589,-0.126709,0.914185,-1.525879,-4.272461,4.943848
56251,-0.146973,-0.052246,0.791382,-1.342773,-6.713867,4.882812
56261,-0.062988,-0.079956,1.124634,-0.305176,-0.610352,5.615234
56271,0.003906,-0.224976,1.277100,-0.549316,2.685547,6.652832
56281,0.050659,-0.338013,1.160034,-1.708984,0.305176,6.591797
56290,-0.055664,-0.207642,0.743530,-2.502441,-3.417969,5.187988
56300,-0.226440,-0.065674,0.769409,-1.647949,-3.784180,2.502441
56310,-0.107178,-0.018188,1.002319,-0.122070,-1.647949,-0.183105
56319,-0.163574,-0.257813,1.060669,0.366211,3.601074,-0.549316
56329,0.010620,-0.227173,0.981445,-0.976562,0.488281,-0.854492
56339,0.003174,-0.012085,1.041748,-2.136230,0.244141,-1.281738
56350,-0.047607,0.054932,1.047119,-2.380371,-0.854492,-2.014160
56359,-0.029297,0.083984,1.028564,-1.953125,-1.525879,-1.770020
56369,0.003784,0.043213,0.945923,-1.159668,-0.732422,-0.793457
56382,0.204590,-0.022949,0.930420,0.427246,-0.305176,2.441406
56391,0.158081,-0.180420,0.989868,0.671387,-1.647949,5.065918
56401,0.075806,-0.207520,1.117188,0.061035,-1.403809,7.995605
56410,-0.013306,-0.120483,1.162109,-1.037598,-0.793457,10.803223
56420,-0.082520,0.071777,1.117554,-1.647949,0.061035,13.244629
56430,-0.156616,0.139893,1.010986,-0.854492,1.342773,15.258789
56439,-0.269775,0.030518,0.904785,0.183105,1.953125,17.272949
56452,-0.156982,-0.109253,0.879150,0.061035,3.845215,19.287109
56461,-0.246948,-0.041138,0.928711,-1.037598,5.432129,20.385742
56471,-0.216797,0.152710,1.119507,-2.075195,5.920410,22.216797
56480,-0.247437,-0.004883,1.130615,-0.976562,6.591797,24.536133
56490,-0.118530,-0.223145,0.958862,-0.366211,6.958008,26.672363
56500,-0.009644,-0.194580,0.869507,-1.220703,8.361816,29.602051
56509,0.012207,0.050171,1.025269,-2.136230,9.582520,33.020020
56522,-0.000244,-0.097168,0.984009,-1.281738,9.338379,38.146973
56531,0.025635,-0.070190,1.018433,-1.953125,10.375977,40.893555
56540,-0.025879,-0.064331,0.962769,-2.502441,10.681152,42.907715
56550,-0.072266,-0.003906,0.976440,-2.563477,9.338379,43.518066
56559,-0.090454,-0.020752,0.976440,-1.953125,9.948730,44.433594
56569,-0.073120,-0.130737,0.954468,-1.037598,10.498047,45.837402
56580,-0.021118,-0.180542,1.052124,-1.342773,11.352539,46.630859
56590,-0.062866,-0.138672,0.977051,-1.647949,11.718750,47.546387
56599,-0.056885,-0.073608,0.990479,-0.976562,11.901855,48.034668
56609,-0.023926,-0.218872,0.891479,-0.183105,10.803223,48.522949
56619,0.012329,-0.230347,0.989746,-0.122070,11.901855,48.400879
56629,0.034302,-0.197998,0.976929,-0.366211,11.901855,47.973633
56639,0.056030,-0.151611,1.005127,-0.427246,11.230469,47.363281
56649,0.111450,-0.178101,1.034546,-0.244141,10.559082,46.264648
56662,0.152222,-0.226807,1.012573,0.183105,8.239746,43.762207
56671,0.147705,-0.212891,0.929687,0.122070,7.690430,42.236328
56681,0.157227,-0.166016,1.015259,0.122070,7.019043,41.015625
56690,0.139648,-0.131348,0.981567,0.122070,5.310059,39.611816
56699,0.094482,-0.174194,0.985352,0.549316,5.065918,38.513184
56710,0.103516,-0.155396,0.984741,0.183105,4.882812,37.963867
56719,0.072876,-0.169312,0.965088,0.061035,4.089355,37.475586
56732,0.052856,-0.162109,0.992065,0.488281,3.845215,36.437988
56741,0.049805,-0.129395,1.071411,0.244141,3.601074,36.010742
56750,0.070435,-0.129395,0.999268,0.061035,2.868652,35.461426
56760,0.056274,-0.040405,1.035400,-0.244141,2.258301,35.034180
56770,0.069580,-0.122437,0.994629,0.366211,2.075195,34.362793
56779,0.064697,-0.148804,1.011963,0.427246,2.014160,33.386230
56790,0.061279,-0.141968,1.001831,-0.122070,1.953125,32.714844
56799,0.102539,-0.056152,0.967163,-0.244141,0.976562,31.005859
56809,0.114746,-0.081177,1.006958,-0.244141,-0.122070,30.029297
56820,0.060425,-0.118530,1.043701,-0.305176,-0.244141,28.991699
56829,0.040771,-0.118896,0.975952,-0.305176,-0.610352,28.442383
56840,0.038086,-0.089844,1.060181,-0.244141,0.122070,27.526855
56849,0.046387,-0.192871,0.984619,0.122070,0.305176,26.550293
56859,0.036133,-0.166382,0.997803,0.000000,-0.427246,25.512695
56872,0.024536,-0.163330,0.979370,0.000000,-0.671387,23.376465
56881,0.019653,-0.236450,0.956421,0.305176,-0.854492,22.155762
56890,0.050049,-0.256958,0.947632,0.061035,-1.220703,21.179199
56900,0.039307,-0.193726,0.996460,-0.610352,-2.197266,20.141602
56909,0.063599,-0.135620,0.990479,-0.488281,-2.441406,19.226074
56919,0.073486,-0.188599,1.017700,0.061035,-2.075195,18.554687
56930,0.078491,-0.274902,0.954590,0.549316,-1.892090,18.066406
56941,0.053101,-0.172485,0.992676,0.183105,-1.586914,17.150879
56950,0.063721,-0.194702,1.016357,0.122070,-2.441406,14.038086
56960,0.061401,-0.267212,0.980591,0.366211,-2.746582,12.268066
56969,0.073608,-0.236816,1.010132,0.183105,-2.868652,10.559082
56980,0.057373,-0.172363,0.985474,-0.183105,-3.662109,9.155273
56990,0.089355,-0.191040,0.981079,-0.061035,-4.394531,7.751465
56999,0.100708,-0.245239,0.988403,0.122070,-4.699707,6.591797
57012,0.095947,-0.162964,0.999512,-0.427246,-4.882812,3.906250
57021,0.130371,-0.192139,0.975586,0.122070,-5.065918,2.197266
57031,0.147827,-0.248535,0.983154,0.366211,-5.126953,0.244141
57040,0.163574,-0.238647,0.982300,0.122070,-6.103516,-2.014160
57050,0.162720,-0.170776,1.003418,-0.183105,-7.080078,-4.577637
57059,0.204346,-0.172974,0.988647,-0.061035,-7.995605,-6.469727
57070,0.203979,-0.222900,0.987305,0.061035,-8.300781,-7.934570
57082,0.191650,-0.180786,0.980103,-0.183105,-9.643555,-11.047363
57091,0.206299,-0.200928,0.982422,-0.183105,-10.559082,-12.695313
57101,0.160889,-0.234985,0.976562,-0.244141,-11.047363,-14.160156
57111,0.183716,-0.156250,1.020020,-0.305176,-11.169434,-15.686035
57120,0.173218,-0.170288,0.979614,-0.244141,-12.145996,-16.601562
57130,0.181030,-0.179199,0.992676,0.183105,-12.023926,-17.028809
57139,0.156494,-0.212769,0.940430,0.244141,-12.390137,-17.211914
57149,0.145508,-0.189941,0.975708,-0.122070,-12.023926,-16.967773
57159,0.132080,-0.232056,0.989746,-0.244141,-12.390137,-16.967773
57170,0.055054,-0.221191,0.992187,-0.305176,-12.634277,-17.150879
57179,0.008057,-0.221191,0.980591,-0.488281,-12.573242,-17.272949
57190,0.019165,-0.225708,0.999756,-0.183105,-12.145996,-16.906738
57199,0.020020,-0.250122,0.969360,-0.305176,-12.207031,-16.235352
57210,0.001465,-0.202759,0.982666,-0.549316,-11.474609,-14.892578
57220,-0.000366,-0.237915,0.991333,-0.610352,-9.399414,-11.840820
57229,-0.011963,-0.194580,1.013184,-0.915527,-9.033203,-10.742188
57239,-0.018311,-0.262329,0.990967,-0.732422,-8.972168,-10.009766
57250,-0.048096,-0.278076,0.974487,-0.610352,-8.728027,-9.521484
57260,-0.064697,-0.225708,0.997437,-0.366211,-8.361816,-9.277344
57269,-0.058838,-0.290039,0.946045,-0.488281,-8.178711,-8.850098
57279,-0.052734,-0.250977,0.955566,-0.732422,-7.324219,-8.117676
57292,-0.002441,-0.278931,0.923950,-1.037598,-6.591797,-6.713867
57301,0.005493,-0.232910,0.993164,-1.281738,-6.042480,-5.737305
57311,0.019287,-0.155029,1.017944,-1.403809,-5.920410,-4.882812
57321,0.032837,-0.242798,0.989990,-0.976562,-6.042480,-4.150391
57331,0.036499,-0.282471,0.989868,-0.915527,-5.798340,-3.295898
57341,0.031006,-0.220459,0.996216,-0.915527,-6.042480,-2.685547
57351,0.018188,-0.231323,0.973877,-0.976562,-6.164551,-2.380371
57361,0.004517,-0.262451,0.989014,-0.915527,-5.798340,-2.075195
57371,0.010986,-0.248901,0.999756,-1.037598,-5.859375,-2.136230
57380,0.007813,-0.235718,0.992432,-1.220703,-5.798340,-2.319336
57390,0.024780,-0.282227,0.977417,-1.098633,-6.103516,-2.380371
57400,0.043945,-0.251465,1.002563,-0.976562,-5.859375,-2.929688
57410,0.067383,-0.238403,1.002441,-1.159668,-6.103516,-3.173828
57420,0.069824,-0.253662,0.988647,-1.159668,-6.469727,-3.662109
57429,0.081665,-0.241211,0.974487,-1.403809,-6.958008,-4.577637
57441,0.091431,-0.252075,0.959717,-1.708984,-7.507324,-5.310059
57450,0.092773,-0.242554,0.976685,-1.892090,-7.873535,-6.164551
57460,0.097778,-0.232788,0.980591,-1.892090,-8.422852,-7.080078
57469,0.093384,-0.202393,1.005493,-2.014160,-8.911133,-7.995605
57480,0.084106,-0.258057,1.003540,-1.892090,-9.094238,-9.277344
57489,0.072388,-0.223755,1.000732,-2.014160,-9.643555,-10.742188
57501,0.071777,-0.219116,0.953979,-1.892090,-9.582520,-13.732910
57511,0.069214,-0.185303,0.962280,-2.685547,-10.498047,-15.136719
57520,0.078125,-0.219238,0.966187,-2.868652,-10.864258,-16.540527
57530,0.065674,-0.211182,0.973877,-3.051758,-11.474609,-17.822266
57539,0.102173,-0.213501,0.968384,-3.051758,-11.169434,-18.554687
57550,0.123535,-0.214233,0.981812,-3.051758,-11.596680,-19.592285
57559,0.100342,-0.236328,0.983154,-2.990723,-11.718750,-20.446777
57569,0.046509,-0.198364,0.994019,-3.173828,-15.930176,-23.376465
57581,0.001831,-0.240479,1.011108,-2.441406,-11.230469,-25.207520
57590,-0.027954,-0.220337,0.994507,-2.868652,-11.474609,-26.123047
57600,-0.023193,-0.267334,0.972290,-2.563477,-12.939453,-28.015137
57610,-0.044556,-0.244873,0.966309,-2.441406,-12.878418,-29.541016
57619,-0.016113,-0.227417,0.982544,-2.563477,-12.084961,-31.005859
57630,-0.020264,-0.217407,0.985474,-2.441406,-12.573242,-32.531738
57639,-0.011719,-0.198120,0.980835,-2.502441,-11.413574,-34.179687
57649,-0.029419,-0.219604,0.993042,-2.441406,-10.498047,-34.484863
57659,-0.030273,-0.194580,1.004028,-2.197266,-10.131836,-34.423828
57670,-0.008789,-0.219971,1.018188,-2.258301,-9.643555,-33.996582
57679,0.018066,-0.232910,0.961060,-2.197266,-9.582520,-33.325195
57690,0.005493,-0.204590,0.994019,-1.770020,-9.216309,-32.409668
57699,0.014038,-0.147095,1.012573,-1.586914,-8.728027,-31.555176
57709,-0.056030,-0.152832,1.001465,-1.159668,-8.361816,-30.151367
57721,-0.086060,-0.098145,1.027222,-0.976562,-7.202148,-29.052734
57730,-0.066650,-0.110107,0.993164,-0.854492,-7.446289,-28.137207
57740,-0.070923,-0.104004,0.991089,-0.549316,-6.408691,-26.855469
57749,-0.082642,-0.094727,0.979126,-0.366211,-4.638672,-25.085449
57759,-0.061646,-0.092285,0.975220,-0.427246,-4.333496,-23.254395
57770,-0.123169,-0.077148,0.989380,-0.244141,-3.967285,-21.850586
57779,-0.104370,-0.080811,0.980469,0.183105,-1.892090,-19.531250
57791,-0.107788,-0.099854,0.937378,0.427246,-1.525879,-18.920898
57800,-0.136230,-0.096313,0.956421,0.427246,-0.671387,-18.493652
57810,-0.079346,-0.051270,0.977173,0.427246,-0.549316,-17.883301
57820,-0.092529,-0.036987,1.013916,0.183105,0.000000,-17.272949
57830,-0.061890,-0.030029,1.028564,0.427246,1.037598,-16.540527
57839,-0.064941,-0.060669,1.026123,0.488281,0.915527,-15.991211
57849,-0.051270,-0.044189,1.027832,0.488281,0.610352,-15.502930
57861,-0.060059,-0.044800,0.994873,0.061035,0.976562,-14.831543
57870,-0.056396,-0.094482,0.954590,0.061035,0.854492,-13.854980
57880,-0.027222,-0.143555,0.961304,-0.183105,1.037598,-13.000488
57890,-0.018311,-0.110962,0.993774,-0.122070,2.441406,-12.145996
57899,-0.110840,-0.096313,1.015625,-0.366211,2.746582,-11.352539
57909,-0.168945,-0.065430,1.033569,-0.244141,2.563477,-11.108398
57921,-0.104736,-0.113525,1.039795,0.183105,2.868652,-11.108398
57931,-0.133911,-0.093750,1.030151,0.671387,3.845215,-11.169434
57941,-0.058960,-0.116577,1.002930,0.793457,2.685547,-11.230469
57950,-0.108154,-0.170776,0.940918,0.976562,3.295898,-11.169434
57960,-0.030029,-0.173706,0.937622,0.732422,3.112793,-10.864258
57969,-0.102539,-0.135864,0.966187,0.549316,3.356934,-9.948730
57980,-0.014404,-0.125977,0.976440,0.488281,3.662109,-9.155273
57989,-0.065552,-0.119019,0.975098,0.488281,4.821777,-7.690430
58001,-0.080200,-0.107300,1.005615,0.244141,5.004883,-7.202148
58010,-0.055054,-0.122437,1.016235,0.671387,5.249023,-7.019043
58020,-0.072266,-0.162109,0.968506,0.976562,5.371094,-7.202148
58029,-0.083374,-0.135864,0.968750,0.671387,4.882812,-7.263184
58039,-0.067749,-0.082764,0.993164,0.488281,4.699707,-7.263184
58050,-0.085083,-0.101440,0.998657,0.854492,4.577637,-7.141113
58059,-0.050415,-0.144287,0.969727,1.037598,5.065918,-6.530762
58071,-0.008301,-0.132080,0.982300,0.366211,5.676270,-6.286621
58080,-0.069946,-0.092407,1.020264,0.488281,5.493164,-5.187988
58089,-0.006714,-0.136597,1.028564,0.854492,6.713867,-3.845215
58099,-0.062744,-0.138306,1.019165,0.976562,6.225586,-3.112793
58110,-0.038940,-0.181519,0.999878,0.976562,6.347656,-2.258301
58121,-0.125610,-0.158936,0.970947,1.037598,6.774902,-1.525879
58130,-0.096558,-0.122925,0.964478,1.403809,7.080078,-0.976562
58141,-0.095703,-0.146362,0.973877,1.647949,7.202148,-0.183105
58150,-0.143433,-0.133911,0.958252,1.403809,5.371094,0.732422
58160,-0.104614,-0.163330,0.986450,2.075195,10.131836,2.136230
58169,-0.119263,-0.174805,1.035400,1.220703,7.629395,3.662109
58180,-0.104492,-0.208496,1.054443,1.708984,9.704590,4.699707
58189,-0.161377,-0.194458,1.054688,1.464844,6.713867,5.065918
58201,-0.134521,-0.190308,1.020874,1.586914,8.605957,6.713867
58210,-0.079590,-0.199097,0.982788,1.220703,9.765625,8.056641
58220,-0.056274,-0.200684,0.963135,1.403809,10.131836,8.850098
58229,-0.030396,-0.245972,0.941650,1.281738,10.742188,9.765625
58240,-0.030029,-0.236328,0.935669,0.976562,10.253906,10.375977
58249,-0.038940,-0.244629,0.967529,0.244141,8.911133,10.681152
58261,-0.047241,-0.227051,0.982910,-0.732422,7.995605,11.169434
58271,-0.046265,-0.246094,0.936157,-0.610352,8.728027,11.108398
58280,-0.038086,-0.271606,0.921875,-0.793457,8.911133,11.169434
58290,-0.035767,-0.287842,0.932251,-0.915527,8.728027,10.925293
58300,-0.052246,-0.312500,0.947632,-1.281738,9.033203,10.559082
58309,-0.079712,-0.257202,1.005127,-1.586914,7.995605,9.582520
58319,-0.099854,-0.284668,0.992065,-1.647949,7.080078,8.728027
58330,-0.064331,-0.269287,0.994263,-1.586914,7.446289,7.568359
58339,-0.042114,-0.227173,1.026489,-1.342773,6.652832,4.760742
58351,0.006104,-0.203613,1.033569,-0.793457,6.286621,3.112793
58360,0.018555,-0.229248,1.023560,-0.793457,5.249023,1.525879
58370,0.044800,-0.341431,0.941895,-0.732422,4.455566,0.244141
58379,0.070190,-0.230103,0.927246,-0.610352,4.821777,-0.793457
58390,0.085449,-0.236206,0.923950,-0.976562,4.821777,-1.770020
58399,0.099243,-0.297485,0.882202,-1.220703,3.601074,-3.295898
58412,0.091431,-0.166748,1.048096,-1.831055,2.258301,-5.065918
58421,0.126587,-0.144531,1.075073,-1.831055,2.990723,-5.737305
58431,0.079224,-0.236938,1.077393,-1.708984,2.380371,-6.164551
58441,0.080811,-0.282349,0.993652,-1.281738,1.525879,-6.530762
58450,0.043945,-0.271606,0.936523,-1.159668,1.281738,-6.896973
58460,0.038086,-0.190674,0.986206,-1.281738,1.220703,-7.263184
58469,0.004639,-0.203369,1.002930,-1.586914,0.610352,-7.202148
58482,0.013550,-0.276001,0.942627,-1.403809,1.770020,-7.568359
58491,0.046753,-0.218750,0.991089,-1.586914,2.319336,-7.446289
58501,0.049805,-0.236328,1.023315,-2.075195,1.647949,-7.873535
58510,0.072021,-0.262451,1.053101,-2.075195,0.488281,-8.666992
58520,0.081299,-0.280151,1.034790,-2.197266,0.854492,-9.887695
58530,0.078003,-0.200439,1.003784,-2.136230,1.220703,-11.291504
58540,0.076538,-0.207031,0.997314,-1.892090,0.854492,-13.000488
58549,0.105713,-0.186035,0.993042,-1.464844,-0.976562,-15.136719
58561,0.114990,-0.188354,1.043091,-0.427246,-0.488281,-15.991211
58570,0.116577,-0.185303,1.030884,-0.732422,-1.098633,-16.235352
58580,0.089600,-0.215698,0.937866,-0.671387,-1.831055,-16.601562
58589,0.106445,-0.252563,0.951294,-0.427246,-1.647949,-17.089844
58600,0.136353,-0.229370,0.973633,-0.488281,-2.075195,-17.150879
58610,0.159180,-0.170166,0.974487,-0.854492,-2.502441,-17.272949
58620,0.139771,-0.085571,0.966431,-2.014160,-2.868652,-16.906738
58629,0.153687,-0.091675,0.993286,-1.770020,-2.319336,-16.418457
58640,0.110107,-0.060425,1.070923,-1.831055,-2.258301,-15.869141
58650,0.037720,-0.065430,1.029541,-2.197266,-4.211426,-15.380859
58660,-0.003052,-0.091309,0.985107,-1.831055,-1.647949,-14.953613
58669,-0.064941,-0.109863,0.939941,-1.464844,-2.197266,-14.282227
58681,-0.088257,-0.110229,0.957764,-2.136230,-4.089355,-11.657715
58691,-0.099243,0.046997,1.032715,-1.098633,1.708984,-10.314941
58701,-0.094604,-0.018555,1.010986,-1.586914,0.610352,-8.666992
58710,-0.089600,-0.086792,0.943970,-1.159668,-0.854492,-8.178711
58720,-0.066650,-0.183960,0.902466,0.305176,4.211426,-7.141113
58730,-0.058350,-0.146729,0.940796,0.244141,6.469727,-5.615234
58739,-0.074097,-0.082031,0.992432,-0.427246,1.831055,-3.540039
58751,-0.122192,-0.106934,0.972656,1.037598,3.112793,1.525879
58761,-0.088135,-0.252441,0.910645,1.281738,6.103516,4.272461
58770,-0.122314,-0.228516,0.903931,0.976562,6.591797,7.385254
58780,-0.094238,-0.231934,0.807373,0.854492,7.202148,10.375977
58789,-0.111816,-0.237793,0.738770,-0.244141,7.202148,12.634277
58800,-0.082764,-0.105469,0.819824,-1.953125,7.995605,15.441895
58810,-0.067017,-0.015991,0.916748,-2.990723,8.422852,18.432617
58819,-0.057251,-0.036255,0.957275,-3.906250,8.239746,21.118164
58831,-0.100830,0.035034,1.072998,-4.333496,9.582520,25.939941
58841,-0.120728,-0.006714,1.114624,-4.028320,9.765625,28.198242
58851,-0.121704,-0.028809,1.016602,-3.906250,8.728027,29.785156
58860,-0.143433,-0.039917,1.003052,-3.356934,9.826660,30.639648
58870,-0.197021,-0.018677,0.955933,-3.784180,8.422852,31.616211
58881,-0.159912,-0.014404,0.995117,-3.845215,8.483887,31.799316
58890,-0.139648,-0.097290,1.049072,-3.601074,9.826660,31.555176
58900,-0.105469,-0.123779,1.032349,-3.906250,9.277344,31.127930
58911,-0.050659,-0.134888,1.024414,-3.601074,8.239746,30.883789
58920,-0.009033,-0.148437,1.024170,-3.417969,7.324219,30.334473
58930,0.048462,-0.162842,0.984863,-3.356934,6.286621,29.479980
58940,0.025391,-0.222046,0.943481,-3.662109,5.554199,28.869629
58950,0.001099,-0.185547,0.933960,-3.967285,4.577637,27.709961
58960,-0.000610,-0.251465,0.961304,-4.333496,3.784180,26.184082
58971,0.075684,-0.229126,1.029053,-4.211426,2.990723,23.193359
58981,0.070435,-0.242554,1.017212,-4.333496,1.770020,21.606445
58990,0.042969,-0.235352,1.007202,-3.845215,0.549316,19.653320
59000,0.057373,-0.220459,0.978271,-3.723145,-0.244141,17.517090
59011,0.141479,-0.250732,1.044067,-4.089355,-1.098633,15.808105
59020,0.101074,-0.208252,1.018555,-3.784180,-1.708984,14.099121
59030,0.132812,-0.161865,1.039185,-3.540039,-2.929688,10.498047
59042,0.113892,-0.188477,1.002197,-3.356934,-4.760742,8.544922
59051,0.056763,-0.205566,1.002075,-3.356934,-5.187988,6.958008
59061,0.093750,-0.187012,1.034180,-3.112793,-5.859375,5.371094
59070,0.144409,-0.192139,1.025146,-2.868652,-6.835937,3.479004
59080,0.091187,-0.272949,0.982300,-2.685547,-6.958008,2.136230
59091,0.099854,-0.264771,1.009888,-2.624512,-8.300781,0.549316
59102,0.078857,-0.204346,0.987427,-2.746582,-9.216309,-1.586914
59111,0.050293,-0.223633,1.006714,-2.746582,-9.460449,-2.563477
59121,0.041748,-0.149292,0.994019,-2.746582,-9.155273,-3.234863
59130,0.031860,-0.178223,0.965942,-2.685547,-9.338379,-3.906250
59140,0.055298,-0.255737,0.959595,-2.868652,-9.094238,-4.333496
59150,0.014771,-0.193115,0.936035,-3.234863,-9.277344,-4.821777
59161,-0.010864,-0.150757,0.932007,-3.540039,-9.277344,-5.310059
59170,-0.033936,-0.226562,0.872681,-3.601074,-8.850098,-6.835937
59180,-0.048706,-0.170776,0.938477,-3.662109,-8.483887,-7.690430
59191,-0.058105,-0.203491,0.953369,-2.807617,-8.239746,-8.178711
59200,-0.058228,-0.316650,0.880737,-1.831055,-7.751465,-8.728027
59210,-0.072021,-0.319946,0.856934,-1.342773,-7.141113,-8.911133
59220,-0.067871,-0.269775,0.919922,-1.464844,-7.202148,-9.033203
59231,-0.045776,-0.235840,0.942993,-1.464844,-7.324219,-9.033203
59240,-0.022949,-0.185547,1.022095,-1.281738,-6.347656,-7.934570
59250,-0.061523,-0.286133,1.002441,-1.281738,-5.004883,-6.652832
59260,-0.074097,-0.149292,0.983032,-1.037598,-3.906250,-4.760742
59270,-0.096680,-0.178955,0.951904,-0.732422,-3.051758,-2.807617
59281,-0.146118,-0.127197,1.000610,-0.854492,-2.441406,-1.159668
59290,-0.166626,-0.143555,1.021973,-0.427246,-1.403809,0.549316
59300,-0.191040,-0.095703,1.064087,-0.122070,-0.549316,1.953125
59313,-0.159302,-0.105957,0.985718,-0.061035,-0.305176,2.624512
59322,-0.183228,-0.080322,0.967407,0.000000,0.488281,3.112793
59331,-0.120483,-0.078003,1.029663,-0.122070,1.037598,3.173828
59341,-0.127686,-0.056030,1.086914,-0.122070,2.075195,3.234863
59351,-0.082275,-0.060059,1.135376,0.061035,1.831055,2.868652
59360,-0.095703,-0.003540,1.125488,0.244141,2.929688,2.502441
59370,-0.067505,0.010864,1.033081,-0.305176,1.220703,2.258301
59380,0.012207,-0.020996,1.050659,0.183105,3.540039,1.403809
59391,0.038696,-0.137695,0.959351,0.305176,2.075195,0.488281
59401,0.016357,-0.119263,0.976318,0.061035,1.037598,-0.366211
59410,0.006958,-0.213623,0.922119,-0.732422,-0.427246,-0.610352
59421,0.028809,-0.210327,0.952637,-0.610352,2.868652,-1.586914
59430,0.031128,-0.206055,1.005615,-0.915527,1.342773,-2.929688
59441,-0.015137,-0.293335,0.980835,-1.525879,0.366211,-4.577637
59450,0.001587,-0.173584,1.049561,-1.770020,-0.488281,-9.704590
59462,0.039429,-0.224854,1.046753,-1.464844,-1.342773,-12.817383
59471,0.020508,-0.203979,1.055176,-1.342773,-1.647949,-15.686035
59481,0.043457,-0.219360,1.077759,-1.342773,-2.929688,-17.211914
59490,0.098267,-0.060913,1.067627,-1.037598,-2.136230,-18.432617
59501,0.078125,-0.165161,0.934448,-0.610352,-1.342773,-18.554687
59510,0.139160,-0.113770,0.993164,-0.366211,-2.014160,-18.432617
59523,0.203003,-0.037720,0.973145,0.061035,-1.342773,-17.578125
59532,0.172119,-0.057251,0.946533,0.366211,-2.136230,-16.906738
59542,0.156860,-0.113525,0.994507,0.610352,-2.929688,-16.601562
59551,0.145142,-0.009766,1.047974,0.976562,-2.502441,-16.357422
59561,0.097168,-0.080811,1.048706,1.647949,-1.831055,-15.808105
59571,0.075195,-0.084595,1.114380,2.502441,-1.770020,-15.686035
59580,0.002930,-0.186401,1.019531,3.234863,-2.014160,-15.136719
59593,-0.055664,-0.183350,0.878418,2.868652,-0.610352,-13.366699
59602,-0.045166,-0.223022,0.840088,2.380371,-0.488281,-11.779785
59611,-0.109253,-0.177734,0.922119,1.831055,0.610352,-10.620117
59621,-0.141113,-0.145020,0.964966,1.220703,0.793457,-9.521484
59630,-0.145386,-0.183716,0.931030,1.037598,1.708984,-8.850098
59641,-0.114502,-0.218628,0.859741,0.854492,2.929688,-7.995605
59650,-0.115479,-0.217896,0.910156,0.183105,4.272461,-7.080078
59663,-0.107056,-0.167847,0.952393,-0.366211,4.333496,-6.042480
59672,-0.046265,-0.168335,0.965088,-0.305176,5.432129,-5.371094
59682,-0.042603,-0.160889,1.042969,-0.366211,5.859375,-4.394531
59692,-0.032959,-0.162842,1.003662,-0.366211,5.676270,-3.173828
59701,-0.026855,-0.182007,0.958008,-0.793457,6.164551,-2.075195
59711,-0.003052,-0.158569,0.979370,-1.220703,6.713867,-0.915527
59721,0.013672,-0.146851,1.041260,-1.708984,6.530762,0.183105
59732,-0.018799,-0.140503,1.023926,-1.831055,6.591797,1.098633
59742,-0.028442,-0.139282,0.927856,-2.075195,6.286621,2.624512
59751,-0.020142,-0.202393,0.928345,-2.197266,7.507324,3.723145
59761,-0.045410,-0.116943,1.067993,-2.136230,7.629395,4.699707
59770,-0.051514,-0.168213,1.011963,-2.319336,6.652832,5.493164
59781,-0.049927,-0.134521,1.005615,-1.647949,9.216309,5.859375
59791,-0.012817,-0.225708,1.035400,-2.014160,5.432129,5.920410
59802,0.019409,-0.215332,1.004395,-1.159668,9.155273,5.920410
59812,0.064209,-0.241821,0.931030,-1.647949,6.286621,5.249023
59821,0.096924,-0.218262,0.876587,-2.136230,4.150391,5.432129
59831,0.102173,-0.309448,0.857910,-1.525879,6.652832,5.310059
59841,0.104004,-0.263550,0.986206,-3.112793,3.173828,6.042480
59851,0.087769,-0.208374,0.969971,-3.173828,5.432129,6.286621
59861,0.101685,-0.152954,1.045776,-3.906250,4.638672,6.530762
59870,0.066406,-0.149780,1.030029,-3.906250,3.784180,6.042480
59882,0.055664,-0.265503,0.911499,-3.479004,2.075195,5.187988
59891,0.064819,-0.121094,1.040894,-3.356934,2.014160,4.150391
59901,0.029541,-0.181641,1.016724,-3.662109,1.525879,3.479004
59910,0.052002,0.029907,1.159180,-3.906250,0.549316,2.624512
59921,0.050537,0.020020,1.092651,-3.417969,-0.061035,2.258301
59931,0.033569,-0.059448,0.981812,-2.563477,1.281738,2.136230
59942,0.045410,-0.163086,0.863770,-2.380371,-0.305176,1.892090
59952,0.068237,-0.006104,0.954102,-3.051758,-0.366211,1.831055
59961,-0.015625,-0.012085,0.869507,-3.540039,-0.732422,1.953125
59972,-0.036865,0.028931,0.964233,-3.723145,-0.793457,2.075195
59981,-0.048218,-0.060303,0.943115,-3.295898,1.342773,2.807617
59991,-0.122192,0.000854,1.017090,-3.051758,1.281738,2.807617
