timestamp,accX,accY,accZ,gyrX,gyrY,gyrZ
11,-0.000122,-0.005493,1.140869,-1.342773,3.417969,3.723145
21,-0.030273,-0.149658,0.987427,-0.610352,3.295898,2.868652
31,0.023926,-0.085937,1.055664,-0.366211,2.258301,1.403809
41,0.007446,-0.170410,0.914307,-0.671387,1.647949,0.488281
51,0.023804,-0.030273,1.001831,-1.037598,1.159668,0.061035
63,-0.004272,-0.068604,0.974121,-0.610352,2.258301,0.427246
73,0.014160,-0.100464,1.027222,-0.610352,2.014160,0.305176
83,0.021729,-0.155762,0.865112,-0.610352,1.953125,-0.122070
93,0.044922,0.006226,1.030396,-1.098633,1.647949,0.244141
102,-0.029053,-0.086426,0.913574,-1.098633,1.159668,0.610352
112,-0.031738,0.040283,1.066162,-1.037598,1.403809,0.793457
122,-0.025513,-0.061523,1.052368,-0.610352,2.075195,0.976562
131,0.004150,-0.116943,0.931274,-0.061035,1.647949,0.244141
141,0.033325,-0.184570,0.837402,-0.671387,0.793457,0.183105
152,-0.020142,-0.118652,0.892456,-1.159668,1.159668,1.342773
162,-0.015869,-0.182007,0.873901,-1.586914,1.892090,3.417969
172,-0.015991,-0.113037,0.936157,-2.014160,2.746582,5.249023
181,-0.026611,-0.154663,0.878174,-2.441406,2.258301,6.958008
191,-0.010986,-0.060547,0.942017,-2.929688,2.014160,8.361816
201,-0.021851,-0.123779,0.922852,-3.295898,2.075195,10.070801
212,-0.061279,0.000366,1.157715,-3.112793,2.380371,10.009766
222,-0.048706,-0.052246,1.124023,-2.258301,2.563477,9.216309
232,0.000977,0.007690,1.133545,-1.159668,2.014160,7.995605
241,0.048706,-0.230835,1.024780,-0.244141,1.586914,6.286621
251,0.030518,-0.186646,0.892334,-0.122070,1.159668,4.882812
261,0.036133,-0.188965,0.960327,-0.732422,-0.122070,4.882812
271,-0.000366,-0.151611,0.946045,-2.258301,0.366211,7.507324
280,-0.056519,0.069580,1.120605,-1.586914,3.479004,8.666992
291,-0.077637,-0.092896,1.082886,-1.464844,1.464844,9.216309
301,-0.060303,-0.122803,1.045898,-0.793457,1.708984,7.446289
311,-0.061035,-0.249023,0.945190,-0.732422,1.159668,5.920410
321,-0.019897,-0.072144,0.988892,-1.403809,0.610352,4.211426
331,-0.068115,-0.082275,0.966064,-2.197266,0.427246,3.479004
341,-0.026367,0.010376,0.990723,-2.807617,0.671387,3.417969
352,0.031250,-0.064941,0.968262,-2.807617,0.732422,3.051758
362,0.050415,-0.028198,0.995361,-3.234863,0.366211,2.746582
371,0.048218,-0.037964,0.959473,-3.601074,-0.488281,1.831055
381,0.008423,0.110107,1.049683,-3.479004,-0.244141,0.671387
391,0.023682,-0.000610,1.031616,-2.990723,-0.732422,-0.427246
401,0.061890,-0.002808,1.024048,-2.380371,-0.549316,-2.014160
413,0.047119,-0.046875,0.978882,-2.014160,-2.441406,-6.164551
423,0.052979,-0.055176,0.889526,-2.014160,-2.624512,-6.774902
432,0.063599,-0.100464,0.895996,-2.075195,-2.136230,-6.896973
442,0.033691,-0.181274,0.824219,-2.136230,-2.258301,-6.713867
452,0.056396,-0.123047,0.827271,-2.807617,-2.807617,-5.981445
461,0.049683,-0.028320,1.048584,-3.356934,-1.464844,-4.394531
471,0.012939,-0.033325,0.978882,-3.417969,-1.342773,-3.356934
481,0.321411,-0.251343,1.066406,-2.624512,-1.403809,-1.281738
491,0.357666,-0.757935,1.017090,-2.197266,-5.798340,-0.366211
501,-0.344116,0.008667,0.878174,-1.403809,-6.591797,0.305176
512,-0.295898,-0.120972,0.679810,0.732422,-3.234863,1.770020
521,0.002563,-0.339844,0.878296,1.586914,0.427246,4.638672
531,0.119995,-0.434326,0.943359,0.244141,1.525879,7.324219
541,-0.025391,0.013550,1.071167,-2.319336,-0.793457,7.568359
551,-0.319702,0.085693,1.026489,-2.868652,-1.892090,6.774902
561,0.020874,-0.261597,0.905029,-1.831055,0.732422,6.591797
572,0.011475,-0.228882,0.905273,-3.234863,-0.427246,5.859375
581,0.064331,0.100830,1.084961,-4.638672,-0.732422,6.164551
591,0.062744,-0.044434,1.137695,-4.882812,-0.244141,7.812500
601,0.126099,0.024780,1.121460,-3.845215,-0.366211,7.385254
611,0.112793,-0.031494,1.195435,-2.563477,-1.403809,6.286621
623,0.149536,-0.059326,1.177002,-2.380371,-3.845215,1.647949
633,0.200928,-0.026001,1.100708,-2.380371,-4.943848,0.061035
642,0.173096,-0.142090,0.879272,-1.708984,-6.286621,-1.525879
652,0.172974,-0.044922,0.927490,-1.342773,-7.263184,-2.197266
662,0.181274,-0.134644,0.854004,-1.525879,-7.690430,-3.295898
671,0.162842,-0.028198,1.009888,-2.197266,-7.812500,-3.967285
681,0.088989,0.058594,1.064453,-2.685547,-8.544922,-4.943848
693,0.005493,-0.077515,0.925049,-1.098633,-9.277344,-7.812500
703,-0.047852,-0.187134,0.833862,-0.976562,-9.277344,-10.192871
713,-0.007813,-0.187744,0.785645,-2.319336,-9.216309,-12.207031
722,-0.010864,-0.044067,0.878540,-3.723145,-9.094238,-13.671875
732,0.001709,0.138428,1.007446,-4.882812,-9.033203,-14.648438
741,0.064697,0.128418,1.083618,-4.150391,-8.544922,-13.977051
751,0.108643,0.089478,1.093506,-2.868652,-8.178711,-13.977051
763,0.107910,0.017090,1.019409,-2.014160,-8.911133,-13.244629
773,0.191895,-0.027710,1.071533,-1.831055,-8.911133,-13.366699
782,-0.018188,-0.164795,0.966675,-1.159668,-8.483887,-12.817383
792,-0.080566,-0.136475,0.922485,-1.037598,-7.629395,-13.000488
802,-0.004028,-0.197388,0.786255,-0.793457,-6.713867,-14.831543
812,0.076782,-0.313232,0.804565,-0.976562,-7.019043,-17.822266
821,-0.078735,-0.249756,0.832397,-2.563477,-8.850098,-21.850586
831,-0.120361,0.000000,0.925171,-3.417969,-8.911133,-26.123047
841,-0.133545,0.050171,1.089844,-2.685547,-7.080078,-26.794434
851,-0.017700,-0.012817,0.908447,-2.624512,-5.249023,-25.695801
861,-0.029175,-0.053711,0.978638,-2.624512,-4.760742,-24.658203
871,-0.104248,-0.065796,0.914429,-2.502441,-3.784180,-23.437500
881,-0.086792,0.055786,0.976318,-2.563477,-2.258301,-22.033691
891,-0.043823,0.020142,1.126953,-1.831055,-1.159668,-21.301270
901,-0.101196,-0.137451,1.037842,-0.976562,-0.671387,-19.226074
911,-0.070068,-0.090942,1.095337,-0.549316,-0.061035,-17.639160
921,-0.045776,-0.114380,0.818604,-1.342773,0.854492,-15.014648
931,-0.020630,-0.151611,0.880981,-2.197266,1.708984,-11.901855
941,-0.055908,-0.092651,0.998901,-2.990723,3.234863,-7.873535
951,0.010742,0.037231,1.187866,-3.295898,4.821777,-3.967285
961,-0.011719,-0.106445,1.175659,-2.868652,5.737305,-0.854492
971,-0.064453,0.058228,1.139648,-2.563477,5.310059,4.089355
982,-0.197754,-0.215698,0.890381,-2.136230,6.103516,4.516602
992,-0.151245,-0.023804,1.024658,-2.746582,7.019043,4.882812
1001,-0.219971,-0.078735,1.099731,-2.319336,6.530762,4.577637
1011,-0.204590,0.132812,1.117065,-1.953125,6.530762,4.211426
1021,-0.072510,0.038574,1.203857,-0.854492,7.812500,5.187988
1031,-0.023437,-0.146973,0.940918,0.061035,7.995605,6.164551
1043,-0.075439,-0.176758,1.003540,0.244141,7.812500,8.666992
1053,-0.049194,-0.047363,1.007324,0.366211,7.751465,9.765625
1062,-0.026733,-0.020386,1.118286,1.159668,8.605957,9.948730
1072,-0.100586,-0.341675,0.880371,2.258301,7.812500,9.155273
1081,-0.117554,-0.379150,0.734985,1.892090,7.263184,7.385254
1091,-0.051636,-0.343872,0.663574,0.671387,7.019043,5.310059
1102,-0.049683,-0.281372,0.766357,-1.342773,6.164551,3.479004
1111,-0.059570,-0.079224,0.811646,-2.563477,5.981445,2.075195
1121,-0.028076,0.067017,0.982300,-1.831055,6.774902,2.441406
1131,0.071655,-0.032349,0.961304,-1.953125,6.286621,2.685547
1141,0.018066,-0.058228,0.982666,-1.953125,5.737305,2.319336
1151,-0.029663,-0.046387,0.950562,-1.708984,5.493164,2.319336
1161,-0.001587,0.089233,1.127197,-1.342773,5.798340,1.831055
1171,-0.014893,-0.036499,1.042358,-0.671387,5.859375,0.549316
1181,-0.027832,-0.111206,1.049072,-0.305176,4.943848,-3.051758
1190,-0.034668,-0.012939,1.101563,0.000000,4.760742,-5.065918
1201,-0.025146,-0.063232,0.999023,-0.061035,4.150391,-6.469727
1211,-0.007324,-0.076538,1.051270,0.061035,4.150391,-7.446289
1221,-0.016968,-0.188843,0.954834,0.122070,4.577637,-7.202148
1231,0.062622,-0.114624,1.078613,-0.122070,4.699707,-7.202148
1241,0.006592,-0.169434,0.989868,-0.427246,4.821777,-6.408691
1251,0.035889,-0.036865,1.064209,-0.488281,5.737305,-3.051758
1262,-0.012573,-0.102295,1.093262,0.183105,6.591797,-0.488281
1272,-0.054687,0.038574,1.142944,0.671387,7.507324,1.159668
1281,-0.114380,-0.069214,1.068115,0.427246,6.774902,2.258301
1292,-0.115601,-0.146851,0.941162,0.671387,7.507324,3.417969
1301,-0.047241,-0.042603,0.966309,0.305176,7.202148,4.211426
1311,-0.035645,-0.163818,0.903320,-0.244141,7.690430,6.103516
1323,-0.032227,0.191772,1.210938,-0.915527,7.995605,10.498047
1333,-0.041504,0.022583,1.093262,-0.488281,9.094238,13.427734
1342,0.007568,0.060181,1.198486,0.427246,9.399414,14.770508
1351,0.002563,-0.016113,1.084351,1.403809,9.094238,14.831543
1361,0.006226,-0.367676,0.843140,1.647949,8.178711,14.831543
1371,0.041260,-0.387573,0.653564,0.305176,7.141113,14.038086
1381,0.030151,-0.169312,0.703003,-2.258301,5.859375,13.427734
1393,0.026978,0.044434,1.048462,-4.699707,5.920410,14.160156
1403,-0.032593,0.102051,1.164307,-3.540039,5.798340,14.404297
1412,-0.068848,0.014404,0.990601,-2.197266,5.004883,13.549805
1422,-0.009644,-0.089478,0.983398,-0.854492,4.516602,12.145996
1431,-0.063354,-0.169678,0.858887,-0.427246,3.784180,10.253906
1441,-0.071899,-0.089111,0.851440,-0.793457,3.295898,8.789063
1452,-0.048096,-0.003906,0.991699,-0.671387,3.662109,7.751465
1461,-0.024902,-0.082153,1.077148,1.037598,3.906250,7.202148
1471,-0.028564,-0.167725,0.924805,1.342773,3.784180,6.591797
1481,-0.013062,-0.204712,0.877197,0.854492,3.417969,5.859375
1491,0.072632,-0.091187,0.912109,0.183105,3.540039,5.798340
1501,0.073364,-0.148804,1.000488,-0.061035,3.112793,5.371094
1510,0.041870,-0.103638,1.003906,0.000000,2.502441,4.882812
1521,0.055542,-0.095581,1.007446,-0.183105,2.258301,4.333496
1533,0.105469,-0.148804,1.041870,-0.976562,1.464844,3.662109
1543,0.106201,-0.125488,0.977539,-1.281738,0.488281,3.173828
1552,0.109619,-0.067261,1.095825,-1.037598,1.037598,3.112793
1562,0.111816,-0.180664,1.121582,-0.671387,0.488281,3.173828
1571,0.067017,-0.171631,0.979004,-0.854492,0.366211,3.234863
1581,0.033325,-0.026001,1.064575,-0.976562,-0.122070,3.479004
1591,0.003784,-0.154053,1.040771,-0.915527,-0.305176,3.234863
1601,-0.044067,-0.161133,1.036865,-1.220703,0.427246,4.455566
1612,-0.008667,-0.078125,1.031250,-1.831055,1.037598,5.737305
1622,0.101807,-0.038452,1.095459,-1.953125,0.915527,7.202148
1631,0.035156,-0.063354,1.063477,-1.586914,0.793457,7.568359
1641,-0.024048,-0.174683,0.932251,-1.953125,-0.183105,8.239746
1651,-0.016113,0.006592,1.018311,-2.502441,-0.854492,8.483887
1661,-0.030029,-0.066406,1.080566,-2.807617,-0.732422,9.094238
1673,-0.037598,0.058350,0.990356,-3.479004,-0.793457,10.986328
1682,-0.005981,-0.009399,0.931152,-2.990723,0.061035,12.817383
1692,0.048096,-0.062012,0.877197,-2.563477,-0.061035,13.854980
1701,0.021484,-0.141235,0.894653,-2.380371,-1.098633,14.587402
1711,0.039063,-0.053467,0.971558,-2.258301,-1.525879,15.563965
1721,0.023804,0.050781,1.067749,-1.525879,-1.037598,16.113281
1731,0.045532,-0.119385,1.022827,-0.183105,-0.976562,16.418457
1740,0.020874,-0.172119,0.953857,0.183105,-2.014160,12.878418
1752,-0.025146,-0.202271,0.814087,-0.610352,-3.723145,10.803223
1762,-0.005127,-0.133911,0.869263,-0.976562,-4.394531,7.812500
1771,0.012085,-0.156982,0.921631,-0.976562,-4.882812,5.859375
1781,0.015381,-0.186157,0.923340,-1.098633,-5.249023,3.967285
1791,0.067505,-0.140747,0.896484,-1.647949,-5.004883,2.746582
1801,0.067139,-0.095337,0.939819,-2.502441,-5.493164,2.258301
1811,0.083618,0.045898,1.106934,-2.746582,-5.126953,1.342773
1822,0.052124,-0.033813,1.182251,-1.525879,-6.042480,-0.244141
1832,0.032593,0.026367,1.163208,-0.915527,-5.737305,-2.136230
1842,0.064209,-0.106689,1.075562,-0.732422,-6.347656,-4.333496
1852,0.053223,-0.044312,0.993530,-0.488281,-7.690430,-6.469727
1861,0.061646,0.051025,1.092651,0.183105,-7.690430,-7.812500
1871,0.010986,-0.120605,0.931274,0.976562,-7.629395,-8.361816
1883,0.075806,-0.139160,1.010498,-0.122070,-6.530762,-6.347656
1893,-0.024048,-0.092651,0.976074,-1.464844,-5.859375,-4.150391
1902,-0.060059,0.121094,1.195801,-1.770020,-4.699707,-1.525879
1912,-0.003296,-0.086060,1.038452,-0.671387,-3.540039,0.366211
1921,0.010498,-0.309082,0.887451,-0.427246,-4.089355,1.037598
1931,-0.027832,-0.285767,0.794067,-2.136230,-5.981445,0.732422
1940,-0.070190,-0.080444,0.888062,-3.662109,-5.920410,1.037598
1953,-0.016113,0.079590,1.013672,-4.699707,-4.455566,4.882812
1963,0.087036,0.061401,1.045410,-3.845215,-3.479004,6.103516
1973,0.061401,-0.089600,1.025879,-3.051758,-3.662109,7.324219
1982,0.111572,-0.178467,0.976440,-3.356934,-4.943848,7.141113
1992,0.105835,0.012695,0.938721,-3.906250,-5.859375,5.554199
2001,0.070557,0.039307,1.030640,-3.417969,-7.019043,4.028320
2011,0.028809,0.032227,1.046387,-2.197266,-7.568359,1.770020
2023,0.083008,-0.293213,0.929687,-0.793457,-8.300781,-2.807617
2033,0.105469,-0.192993,0.915405,-1.831055,-9.826660,-5.249023
2042,0.077515,-0.087891,0.944824,-2.441406,-9.765625,-6.469727
2052,0.048828,0.032837,1.110962,-2.319336,-9.826660,-7.995605
2061,0.014160,-0.059937,1.021484,-1.281738,-10.253906,-9.338379
2071,-0.007324,-0.222656,0.978271,-0.061035,-9.826660,-11.413574
2081,0.014282,-0.172607,1.073608,0.244141,-10.192871,-14.343262
2090,-0.000977,-0.081055,1.029297,-0.122070,-10.437012,-18.615723
2102,-0.112305,0.011841,1.102661,2.685547,-9.948730,-20.385742
2112,-0.095459,-0.332275,0.931274,4.150391,-8.605957,-21.728516
2122,0.004395,-0.402710,0.804321,4.028320,-7.934570,-22.521973
2131,0.065796,-0.305786,0.828369,2.441406,-7.934570,-22.155762
2141,-0.002319,-0.222412,0.799561,0.976562,-7.446289,-20.690918
2151,-0.031982,-0.013428,0.969971,-0.061035,-6.591797,-17.944336
2161,-0.023926,-0.106689,0.982666,-0.366211,-3.417969,-11.779785
2171,-0.039551,-0.056152,1.128906,-0.610352,-2.746582,-10.314941
2180,-0.057495,-0.221069,1.009888,-0.915527,-2.136230,-9.521484
2191,-0.062500,-0.151733,0.938721,-1.342773,-1.892090,-9.887695
2201,-0.021362,-0.100586,0.869385,-1.770020,-1.342773,-10.009766
2211,-0.065186,-0.125488,0.862671,-2.136230,-1.342773,-10.192871
2220,-0.026123,0.016235,1.015747,-3.417969,-1.037598,-9.155273
2233,-0.091431,0.135864,1.125977,-3.417969,-0.122070,-6.652832
2243,-0.129272,0.094727,1.126831,-2.014160,-0.244141,-5.737305
2252,-0.090332,-0.166382,0.895630,-1.159668,1.342773,-5.310059
2262,-0.053467,-0.031860,0.937012,-1.342773,1.770020,-4.821777
2272,-0.038696,0.146118,1.144165,-1.403809,1.403809,-5.310059
2281,-0.081665,-0.038574,1.089844,-0.976562,1.708984,-5.065918
2291,-0.022095,-0.004761,1.130249,0.061035,2.807617,-5.004883
2301,0.003540,0.030273,1.126099,1.281738,2.502441,-6.042480
2312,-0.042725,-0.188354,0.882446,0.549316,2.075195,-6.591797
2322,-0.003174,0.086182,1.148682,0.610352,2.258301,-7.324219
2331,-0.087158,-0.118042,0.965332,1.220703,2.502441,-7.324219
2341,-0.071655,-0.214111,0.953857,1.525879,2.502441,-7.324219
2350,-0.070679,-0.201050,0.943237,1.525879,3.540039,-7.385254
2361,-0.080811,-0.234863,0.930908,0.732422,4.211426,-6.835937
2371,-0.082397,-0.021729,1.043335,0.000000,4.760742,-5.737305
2380,-0.100708,-0.020630,1.038940,0.915527,6.042480,-4.821777
2391,-0.053101,-0.109497,0.907227,0.732422,6.164551,-4.211426
2401,-0.034302,-0.145996,0.893188,-0.427246,5.920410,-3.845215
2411,-0.026489,0.014648,0.932861,-1.525879,5.859375,-3.295898
2421,0.011353,-0.069702,0.935059,-1.770020,6.408691,-2.319336
2431,0.017090,-0.064941,0.867187,-2.319336,5.798340,-1.647949
2441,0.022949,0.019897,0.986084,-2.868652,5.859375,0.671387
2452,0.058350,0.094238,1.131836,-2.990723,6.591797,1.403809
2461,-0.022705,0.052612,1.081543,-2.014160,5.859375,1.464844
2471,-0.007813,-0.162354,0.951660,-1.525879,5.676270,0.854492
2481,0.029663,-0.135742,0.866089,-1.220703,5.981445,0.122070
2491,0.054565,-0.136108,0.908203,-1.708984,5.981445,-0.488281
2501,0.003174,-0.032227,0.921143,-2.319336,4.882812,-0.854492
2511,-0.008911,-0.023315,0.927979,-1.647949,5.737305,0.671387
2523,-0.031250,-0.177368,0.951050,-1.159668,5.859375,1.464844
2532,-0.108643,-0.162109,0.855591,-1.525879,5.065918,2.136230
2542,-0.057129,-0.060059,0.916992,-2.136230,5.615234,2.990723
2552,-0.081665,-0.086792,0.949463,-2.380371,5.920410,4.272461
2562,-0.108032,-0.020386,1.109253,-2.075195,6.896973,5.187988
2571,-0.161255,0.083496,1.165161,-1.953125,7.019043,6.958008
2581,-0.165161,-0.206665,1.089111,-1.342773,8.483887,7.812500
2592,-0.033325,-0.035034,1.075195,-1.342773,8.117676,8.483887
2602,-0.085937,-0.209961,0.874512,-1.831055,7.446289,8.544922
2611,-0.010498,-0.150269,0.878418,-2.319336,7.080078,9.338379
2621,0.026367,-0.215820,0.958374,-2.868652,7.751465,10.925293
2631,0.023926,-0.156494,0.996094,-3.845215,8.544922,12.451172
2643,0.011719,-0.149902,0.940552,-4.821777,7.812500,14.038086
2652,0.034668,-0.139771,0.954712,-5.371094,6.530762,14.160156
2661,-0.025391,-0.148926,1.045166,-5.615234,5.249023,13.854980
2671,-0.050537,0.036621,1.113892,-5.126953,5.554199,12.512207
2681,-0.012329,0.068359,1.190308,-4.333496,6.225586,12.268066
2691,-0.010376,-0.249390,1.040161,-3.662109,5.126953,11.169434
2701,-0.011963,-0.062500,0.980835,-3.601074,4.821777,9.704590
2711,0.057129,0.103027,1.063843,-3.723145,3.601074,8.544922
2723,0.139771,-0.136353,1.001343,-2.258301,2.990723,7.446289
2733,0.127563,-0.142578,0.985596,-2.136230,2.868652,6.652832
2742,0.075073,-0.176392,0.897217,-2.136230,1.220703,5.615234
2752,0.069580,-0.067627,1.002319,-1.892090,0.305176,5.004883
2761,0.035767,-0.170410,0.954956,-1.647949,-0.183105,4.882812
2771,0.055542,-0.180054,0.902954,-1.831055,-0.122070,5.920410
2781,0.041504,-0.110229,0.907227,-1.770020,0.366211,7.080078
2791,0.060669,-0.145508,0.896362,-2.197266,0.488281,10.009766
2803,-0.021362,-0.001709,1.037231,-2.441406,0.305176,10.864258
2812,-0.025513,-0.005249,1.076904,-1.647949,0.122070,11.779785
2822,-0.018555,0.015259,1.094360,-0.915527,0.305176,11.108398
2832,-0.037354,-0.122559,1.028198,-0.061035,0.122070,9.887695
2841,-0.043335,-0.151245,0.993164,0.000000,-0.549316,8.178711
2851,-0.040894,0.023560,1.105835,0.244141,-1.647949,6.103516
2863,0.007080,-0.137207,1.047363,1.708984,-1.586914,3.417969
2872,0.021118,-0.018555,1.078369,1.831055,-1.281738,2.380371
2882,0.018677,0.034790,1.161865,1.953125,-1.647949,1.647949
2891,-0.046265,-0.152222,1.046997,2.258301,-1.220703,1.342773
2902,-0.003540,-0.158081,1.050049,2.380371,-0.671387,0.793457
2911,0.060791,-0.021851,1.123779,2.197266,-1.037598,0.244141
2921,-0.033081,-0.117554,0.955200,1.953125,-1.953125,-0.427246
2933,0.033691,-0.102905,0.859375,1.708984,-1.586914,-0.427246
2943,0.040649,-0.191528,0.762085,1.342773,-1.464844,0.305176
2952,0.047363,-0.172607,0.754761,0.549316,-1.403809,1.770020
2962,0.071777,-0.145874,0.840332,-0.610352,-1.831055,3.479004
2971,0.015015,0.038208,0.910400,-1.342773,-1.342773,5.859375
2981,0.004517,0.062622,1.065308,-1.281738,-1.220703,8.300781
2991,-0.090088,-0.050903,1.002686,-0.793457,-0.854492,10.437012
3003,-0.015747,-0.083252,1.053223,-0.549316,15.563965,10.314941
3012,0.011597,-0.024414,1.074463,-0.732422,-0.854492,8.666992
3022,-0.046997,0.069824,1.235474,-0.427246,-2.441406,6.591797
3031,-0.091187,-0.040283,1.092041,0.427246,-3.112793,5.310059
3041,-0.010742,-0.184204,0.977051,1.098633,-3.051758,4.516602
3052,0.067139,-0.025757,0.904907,0.732422,-2.502441,3.784180
3061,0.080078,-0.103516,0.938965,0.610352,-2.502441,3.662109
3073,0.121582,-0.146240,1.062988,1.281738,-3.234863,3.906250
3083,0.103760,-0.192139,0.938354,1.525879,-3.784180,3.723145
3092,0.123047,-0.136108,1.087158,1.403809,-3.723145,3.540039
3102,0.129395,-0.039551,1.123169,0.915527,-4.394531,3.845215
3111,0.039917,-0.107178,0.964722,0.976562,-5.065918,3.479004
3121,-0.041504,-0.161499,1.025879,1.708984,-5.615234,3.112793
3133,-0.017212,-0.089722,1.038574,0.976562,-5.065918,2.380371
3142,0.059937,-0.171997,1.026733,0.488281,-5.065918,1.892090
3152,0.004272,-0.015747,1.027222,0.061035,-6.164551,0.976562
3161,-0.026611,-0.253174,0.917847,-0.061035,-6.347656,0.427246
3171,0.052368,-0.202026,0.896240,-0.732422,-5.737305,-0.244141
3181,0.015259,-0.199951,0.805298,-1.831055,-6.713867,-1.098633
3191,-0.007202,-0.307617,0.742310,-3.540039,-6.835937,-0.793457
3201,-0.016602,-0.228882,0.770264,-6.103516,-7.446289,-1.098633
3211,0.032959,-0.081177,0.827637,-8.422852,-5.981445,0.610352
3221,-0.010376,0.087158,1.001099,-8.911133,-6.408691,0.671387
3231,-0.030518,0.141968,1.161987,-8.728027,-6.042480,0.915527
3241,-0.020630,-0.010376,1.129028,-7.629395,-5.432129,0.183105
3252,-0.029907,0.039063,1.051514,-6.103516,-5.187988,-0.183105
3261,0.011841,-0.043945,1.072876,-4.577637,-5.920410,-1.892090
3271,0.025024,-0.267456,0.852051,-3.845215,-6.835937,-3.112793
3281,0.090698,-0.147339,0.840820,-4.150391,-7.080078,-2.929688
3293,0.015747,-0.168213,0.950806,-3.356934,-6.896973,-2.075195
3302,0.033569,-0.144409,1.049805,-2.990723,-6.286621,-1.281738
3312,0.061279,-0.239258,1.037842,-2.746582,-5.798340,-1.647949
3321,-0.043579,-0.244629,0.983765,-2.563477,-7.019043,-2.685547
3331,-0.048462,-0.085937,1.090332,-2.624512,-7.202148,-4.333496
3341,-0.019897,-0.112671,1.038086,-3.295898,-7.080078,-5.981445
3353,-0.049072,0.097168,1.139526,-3.356934,-7.263184,-9.216309
3362,-0.055908,0.000122,1.066162,-2.563477,-7.019043,-10.192871
3372,0.028320,-0.202881,0.966309,-2.685547,-6.530762,-10.986328
3382,0.043579,0.020752,0.992554,-3.173828,-6.652832,-12.084961
3392,0.014038,-0.004517,1.000366,-3.417969,-6.958008,-12.329102
3401,-0.045654,-0.028076,0.923462,-3.540039,-6.286621,-12.573242
3411,0.045410,0.013184,1.057861,-3.845215,-5.920410,-12.390137
3421,0.020142,-0.130005,0.983765,-4.394531,-5.554199,-11.901855
3431,0.050537,-0.100952,1.021729,-4.638672,-5.493164,-11.413574
3441,-0.006104,-0.044556,0.940796,-4.821777,-5.371094,-11.474609
3451,-0.001099,0.034058,1.007690,-5.004883,-5.249023,-11.352539
3461,-0.000366,-0.037842,0.927368,-4.882812,-5.065918,-10.742188
3471,-0.051636,0.052856,1.008301,-4.882812,-4.394531,-11.230469
3481,-0.005615,0.053101,1.102295,-4.455566,-4.394531,-10.498047
3493,-0.018188,0.066528,0.986328,-3.234863,-3.540039,-11.413574
3503,0.014771,-0.057129,0.936768,-2.197266,-3.906250,-12.329102
3512,-0.001953,-0.084839,0.881592,-1.464844,-3.906250,-13.427734
3522,0.025269,-0.046143,0.963623,-0.915527,-3.784180,-14.160156
3532,-0.011353,-0.105103,1.006104,-0.305176,-3.784180,-14.770508
3541,-0.024658,-0.124512,0.949219,0.671387,-3.173828,-15.686035
3551,-0.032959,-0.090454,1.024536,1.342773,-2.868652,-16.357422
3563,-0.043091,-0.048218,1.057373,2.136230,-2.075195,-19.348145
3573,-0.012085,-0.069946,1.078369,2.807617,-1.525879,-20.812988
3583,-0.041260,-0.266235,0.916016,3.051758,-1.159668,-21.850586
3592,-0.019897,-0.182983,0.853760,2.502441,-1.220703,-22.949219
3602,0.029907,-0.138794,0.835571,1.647949,-0.549316,-23.132324
3612,0.026489,-0.185059,0.876587,0.732422,-0.244141,-21.301270
3621,-0.048462,0.023437,1.094482,-0.122070,0.427246,-19.348145
3631,-0.084351,0.004517,1.096680,1.098633,3.601074,-13.061523
3643,-0.035156,-0.056152,1.135498,1.037598,3.967285,-11.108398
3652,-0.054443,-0.088623,1.016113,0.793457,4.638672,-8.728027
3661,-0.106567,-0.191406,0.915283,0.427246,4.943848,-7.446289
3671,-0.056641,0.028076,1.081909,0.061035,5.310059,-5.615234
3681,-0.121460,-0.114990,0.930176,-0.122070,6.286621,-2.807617
3692,-0.094849,-0.254517,0.873779,-0.549316,7.080078,0.061035
3701,-0.093994,-0.017944,0.995239,-1.831055,8.605957,6.225586
3711,-0.108276,0.031494,1.138428,-1.220703,9.338379,9.216309
3721,-0.057251,0.061523,1.105225,-0.366211,9.582520,11.535645
3731,-0.093140,-0.277832,0.934692,0.122070,9.643555,12.695313
3741,-0.028198,-0.197632,0.908203,-0.732422,9.155273,13.183594
3751,-0.003906,-0.009155,0.946777,-2.075195,8.361816,13.488770
3761,-0.046997,-0.087524,0.952393,-2.136230,7.873535,13.305664
3771,-0.050293,0.094727,1.098999,-0.244141,7.812500,13.305664
3781,-0.051147,0.030273,1.050293,0.488281,6.591797,11.596680
3791,-0.029785,-0.116089,0.998413,0.732422,6.652832,10.070801
3801,0.052124,0.042114,1.113525,1.586914,5.920410,8.361816
3811,0.031982,-0.291138,0.911255,2.075195,5.126953,7.080078
3821,0.053223,-0.394653,0.806885,2.014160,4.394531,6.164551
3831,0.064941,-0.166992,0.880737,1.586914,3.479004,6.103516
3841,-0.028809,-0.213135,0.982056,-15.014648,3.601074,7.202148
3853,-0.063599,0.067627,1.140991,-0.122070,4.333496,7.202148
3862,-0.044800,-0.076538,1.166382,0.854492,4.272461,6.530762
3872,-0.092896,-0.240234,1.096558,1.831055,3.112793,4.577637
3881,-0.036255,-0.027954,1.042236,1.770020,2.807617,2.197266
3891,-0.007813,-0.062134,1.110596,1.464844,2.014160,-0.061035
3901,0.014526,-0.176636,0.963867,1.831055,2.319336,-1.586914
3911,0.107544,-0.014404,1.072632,2.319336,1.953125,-1.770020
3922,0.082153,-0.366089,0.744629,2.685547,1.525879,-1.708984
3931,0.132568,-0.365601,0.754517,1.464844,1.342773,-1.342773
3941,0.084595,-0.184082,0.736938,-0.244141,0.793457,-0.671387
3951,0.042725,-0.113647,0.828369,-1.770020,0.305176,0.000000
3961,-0.015991,-0.045776,1.011230,-2.746582,0.610352,1.098633
3973,-0.065186,0.080933,1.067993,-2.014160,2.014160,2.441406
3982,0.007935,0.145142,1.161133,-1.464844,1.586914,2.319336
3992,-0.049927,0.041016,1.016479,-0.976562,0.305176,0.793457
4001,-0.044800,0.010864,0.943970,-0.183105,0.366211,0.488281
4012,0.022217,0.039429,0.973022,0.305176,-0.061035,0.061035
4021,-0.005371,-0.085205,0.916992,0.244141,-0.427246,-0.366211
4031,0.023437,-0.079834,0.867310,-0.366211,-0.427246,-0.122070
4041,0.055542,0.074219,1.046753,-0.915527,-0.061035,0.610352
4053,0.027222,-0.082153,1.015015,-0.366211,0.122070,1.953125
4062,0.017334,-0.112061,1.039063,0.183105,-0.061035,1.159668
4072,-0.036499,-0.254272,0.994019,0.000000,-0.122070,0.366211
4081,-0.008789,-0.272705,0.983276,-0.427246,-0.549316,-1.220703
4091,0.023071,-0.062988,1.032349,-0.976562,-0.549316,-2.563477
4101,0.011597,-0.128052,1.048340,-0.854492,-1.159668,-3.723145
4111,-0.011841,-0.189697,0.990601,-0.732422,-1.403809,-5.249023
4121,-0.019409,-0.162842,1.020142,-1.586914,-1.525879,-6.225586
4133,0.046509,-0.142334,0.907715,-2.075195,-1.342773,-6.103516
4142,0.018311,-0.177368,0.865112,-2.746582,-0.793457,-5.126953
4152,-0.006958,-0.031616,0.901855,-3.540039,-0.854492,-3.723145
4161,-0.044678,0.135010,1.083252,-3.845215,-0.061035,-2.380371
4171,-0.094238,-0.053101,1.021484,-3.662109,0.427246,-1.281738
4183,-0.104248,-0.122192,1.036377,-4.272461,1.525879,-1.586914
4192,-0.121948,-0.088013,0.945312,-4.333496,1.220703,-2.014160
4202,-0.112427,-0.057739,1.032471,-4.577637,1.831055,-1.892090
4211,-0.044922,0.152344,1.150391,-4.333496,2.868652,-1.647949
4221,-0.013306,0.076294,1.219360,-3.417969,2.929688,-1.342773
4232,-0.011963,0.023804,1.191895,-2.197266,2.563477,-1.342773
4241,0.005493,0.006958,1.108643,-1.037598,2.624512,-1.770020
4251,0.021973,-0.279419,0.903931,-0.305176,2.258301,-1.953125
4263,-0.001343,-0.052124,0.955811,0.061035,1.770020,-3.295898
4272,0.009888,-0.288208,0.836670,1.342773,2.319336,-2.685547
4281,0.061035,-0.351196,0.833130,0.793457,2.075195,-2.624512
4291,0.054321,-0.170410,0.837524,-0.305176,1.403809,-1.953125
4301,-0.031372,-0.085083,0.965088,-1.220703,2.014160,-0.671387
4311,-0.010620,-0.060547,1.128906,-1.159668,2.319336,0.366211
4321,-0.068970,-0.049561,1.016724,-0.610352,3.173828,1.770020
4333,-0.097656,-0.123047,1.005615,0.854492,2.746582,1.281738
4343,-0.063965,-0.327637,0.822021,-0.061035,2.990723,0.549316
4352,0.007446,-0.108032,0.955688,-0.915527,2.746582,-0.366211
4362,-0.067261,-0.019287,1.027222,-0.976562,2.319336,-0.549316
4372,-0.090942,-0.282959,0.914673,-1.159668,3.051758,-0.122070
4381,0.019165,-0.085815,1.035889,-1.953125,4.211426,0.915527
4391,0.037231,0.027710,1.141235,-2.502441,4.333496,1.831055
4403,-0.082397,0.015869,1.011230,-2.685547,4.089355,2.868652
4412,0.026123,0.058838,1.120361,-2.258301,4.882812,3.540039
4422,-0.003662,-0.087524,1.026733,-1.647949,4.394531,3.662109
4432,0.012329,-0.014526,1.122192,-1.403809,4.333496,3.784180
4441,-0.052246,0.065796,1.092407,-0.976562,3.784180,3.723145
4451,-0.027222,-0.130859,0.977661,-0.427246,3.845215,3.540039
4461,-0.000854,-0.047363,0.926514,-0.061035,3.784180,3.417969
4471,-0.010132,-0.075684,0.963745,-0.122070,3.723145,2.624512
4482,-0.031494,0.007813,1.101318,-0.305176,3.662109,2.258301
4492,0.008545,-0.026367,1.134033,0.061035,3.906250,2.075195
4501,-0.052612,-0.135132,0.991455,1.037598,4.028320,2.258301
4511,-0.012085,-0.065796,1.016968,1.708984,3.601074,1.403809
4521,-0.007813,-0.232300,0.824097,1.525879,3.662109,1.647949
4531,0.017212,-0.352783,0.746094,0.549316,3.784180,1.525879
4543,0.055786,0.031738,0.964355,-2.197266,3.906250,2.746582
4553,0.060059,0.003662,1.078003,-2.563477,3.356934,4.089355
4562,0.029419,-0.052612,0.984619,-2.136230,3.295898,5.554199
4572,0.047119,-0.036743,0.981812,-1.831055,3.051758,6.103516
4582,0.036255,0.032227,1.019409,-2.136230,2.746582,6.408691
4591,0.000244,-0.073364,1.020020,-2.441406,2.258301,5.798340
4603,0.001831,-0.008545,1.018066,-1.525879,1.586914,4.455566
4612,0.062378,-0.174805,0.925903,-0.854492,1.403809,3.601074
4622,0.053955,-0.105835,0.961548,-1.403809,1.464844,3.479004
4631,0.088623,0.018311,0.968018,-2.197266,1.098633,3.906250
4641,0.071411,-0.072144,0.957397,-2.136230,1.159668,4.577637
4651,0.067261,-0.078491,0.979858,-1.586914,1.159668,5.554199
4662,0.051758,-0.229858,0.899902,-1.159668,0.854492,5.737305
4671,0.039795,-0.208252,0.779053,-2.136230,0.427246,5.676270
4683,-0.082642,-0.001343,0.939819,-3.112793,-0.610352,6.652832
4693,-0.081787,0.086914,1.122559,-4.028320,0.366211,7.751465
4702,-0.134033,-0.093872,1.103027,-2.685547,0.854492,8.666992
4711,-0.102539,-0.183228,1.114136,-1.831055,1.220703,8.300781
4721,-0.132812,-0.155518,0.935669,-1.708984,0.915527,7.019043
4732,-0.088745,-0.168091,0.836548,-2.197266,0.427246,5.065918
4741,0.009521,-0.064331,0.942505,-2.868652,0.732422,4.211426
4751,0.054321,-0.098022,0.980225,-3.051758,0.244141,4.333496
4762,0.036011,-0.027222,1.157349,-3.051758,0.610352,4.882812
4772,0.085083,-0.193115,1.037231,-2.624512,0.488281,5.187988
4781,0.089111,-0.166138,0.967896,-2.746582,-0.305176,4.638672
4791,0.058472,-0.048706,0.973145,-2.929688,-1.037598,3.845215
4801,0.084229,-0.192017,0.854248,-3.601074,-0.976562,3.356934
4811,0.083984,-0.200439,0.979614,-4.516602,-1.464844,3.479004
4823,-0.013062,-0.049561,0.935059,-5.187988,-1.586914,4.150391
4832,0.043945,0.000244,0.946533,-5.615234,-1.220703,4.333496
4842,0.007080,-0.108154,1.010986,-5.187988,-1.892090,5.065918
4851,-0.023071,0.037598,1.062134,-5.126953,-2.258301,4.516602
4861,-0.008423,-0.025391,1.098145,-4.638672,-1.708984,3.845215
4872,0.050171,-0.133423,1.029541,-3.967285,-2.075195,3.479004
4881,0.167358,-0.094971,1.071045,-3.356934,-2.990723,2.502441
4891,0.137207,-0.131470,0.878662,-3.295898,-5.187988,-0.183105
4903,0.075928,0.037231,1.039673,-3.723145,-5.187988,-0.732422
4912,0.035156,-0.094971,1.090210,-3.479004,-4.882812,-1.098633
4922,-0.031860,-0.105469,1.041260,-2.563477,-4.394531,-1.281738
4931,-0.015503,-0.086060,1.075439,-2.197266,-4.211426,-1.770020
4941,-0.032837,-0.232178,0.924683,-2.258301,-4.638672,-2.929688
4953,-0.031982,-0.100342,0.959473,-2.563477,-5.981445,-5.981445
4963,-0.034790,-0.036865,1.034912,-1.464844,-4.943848,-6.835937
4973,-0.005127,-0.094482,1.048218,-0.305176,-3.784180,-7.080078
4986,0.035767,-0.077881,1.027100,0.244141,-3.906250,-7.385254
4996,0.013672,-0.162842,0.839600,-0.427246,-3.723145,-6.103516
5006,0.003662,-0.157593,0.906982,-0.610352,-3.356934,-3.967285
5016,-0.057251,-0.207275,0.830566,-1.159668,-1.831055,-1.647949
5026,-0.022461,-0.007568,1.022217,-2.380371,-1.525879,0.488281
5035,-0.092651,-0.010254,1.017090,-2.624512,-0.976562,1.708984
5045,-0.058228,-0.091431,1.049194,-2.441406,-0.915527,1.953125
5055,-0.118408,-0.114624,0.953979,-2.502441,-0.732422,2.136230
5064,-0.099365,-0.090332,0.903809,-2.624512,-0.305176,1.770020
5074,-0.115356,0.058350,1.031738,-2.990723,0.061035,2.929688
5082,-0.080811,0.039307,1.013794,-2.990723,0.061035,2.929688
5092,-0.079346,0.003662,1.008789,-2.807617,1.220703,7.324219
5101,-0.029907,0.111084,1.063477,-2.014160,1.525879,9.643555
5111,-0.034790,-0.102905,0.880249,-2.197266,1.342773,11.230469
5122,-0.027222,-0.056152,0.925903,-2.380371,1.586914,12.512207
5132,-0.020264,-0.046143,0.937134,-2.746582,1.586914,13.427734
5141,-0.024536,0.050903,1.075806,-2.502441,1.770020,13.183594
5152,-0.022339,0.030762,1.252930,-1.403809,0.976562,12.268066
5161,-0.075562,-0.144897,1.218018,0.183105,0.183105,10.070801
5173,0.020752,0.053467,1.259277,1.220703,-0.671387,3.845215
5182,0.051147,-0.263794,0.987061,2.807617,-1.708984,0.732422
5192,0.109497,-0.354492,0.879028,3.051758,-1.892090,-1.586914
5202,0.145020,-0.063232,0.922607,2.441406,-3.051758,-3.112793
5211,0.115601,-0.205933,0.931030,1.953125,-3.601074,-3.295898
5222,0.106567,-0.213257,0.889160,1.586914,-3.356934,-3.417969
5231,0.089478,-0.028931,1.085938,1.281738,-3.112793,-3.112793
5241,0.008667,0.013794,1.006226,1.159668,-3.356934,-2.319336
5252,-0.014771,-0.144775,1.138062,1.525879,-3.112793,-2.014160
5261,0.002441,-0.192993,0.860962,0.793457,-3.295898,-1.892090
5272,0.011719,-0.176514,0.914917,0.000000,-3.479004,-1.098633
5282,-0.014526,-0.171143,0.865967,-0.854492,-3.540039,0.305176
5291,-0.001709,0.026123,0.953369,-1.586914,-2.929688,2.014160
5304,-0.083496,-0.171631,1.001099,-0.915527,-2.441406,4.455566
5314,-0.025879,-0.113647,0.951050,-0.488281,-2.319336,4.760742
5324,0.003540,-0.124268,0.952881,-0.244141,-2.868652,4.516602
5334,-0.013428,-0.224976,0.834229,-0.305176,-3.601074,4.333496
5343,-0.040894,-0.072388,0.835571,-0.732422,-3.540039,4.699707
5353,-0.008545,-0.043335,0.932495,-0.366211,-2.929688,6.042480
5362,0.036743,-0.203003,0.863403,-0.488281,-2.624512,7.141113
5372,0.019165,-0.184082,0.757690,-1.586914,-3.723145,8.361816
5381,-0.065063,-0.079712,0.839722,-1.464844,-3.112793,8.972168
5392,-0.073853,-0.112183,0.976318,-1.525879,-2.380371,9.704590
5402,-0.067017,-0.051270,1.027710,-1.342773,-2.685547,9.094238
5411,-0.074463,-0.091553,1.098267,-0.610352,-3.295898,7.995605
5422,0.005737,-0.224976,0.972656,-0.671387,-3.112793,6.225586
5432,0.027954,-0.238403,0.911621,-0.976562,-3.845215,5.004883
5444,0.015259,-0.142822,1.202026,-0.854492,-5.249023,0.915527
5454,0.071899,-0.348389,0.996582,-0.915527,-5.493164,-0.732422
5463,0.110840,-0.163208,1.047607,-1.220703,-5.920410,-3.112793
5473,0.106934,-0.096680,1.055298,-1.892090,-6.896973,-5.004883
5482,0.058960,-0.248901,0.915161,-3.051758,-6.958008,-6.896973
5492,0.116699,-0.011597,1.119751,-4.272461,-7.446289,-8.239746
5501,0.122925,0.204590,1.303467,-4.272461,-8.117676,-9.521484
5514,0.111816,-0.200073,1.063354,-3.112793,-8.544922,-12.634277
5524,0.164307,0.011353,1.070557,-3.295898,-9.277344,-14.953613
5534,0.148437,-0.012939,1.000000,-3.540039,-10.009766,-16.601562
5543,0.079956,-0.036621,0.906738,-3.601074,-10.437012,-17.517090
5552,0.088623,-0.003784,1.018066,-3.417969,-10.681152,-17.517090
5562,0.035645,-0.050659,0.914429,-3.112793,-9.521484,-17.028809
5571,0.046875,-0.014771,0.944824,-3.356934,-8.850098,-15.991211
5584,-0.065308,-0.040649,0.872559,-3.845215,-9.094238,-15.319824
5594,-0.086060,0.107178,1.032104,-3.540039,-8.666992,-15.563965
5604,-0.068237,-0.028564,1.026001,-2.563477,-7.751465,-16.784668
5613,-0.046387,-0.126953,0.916626,-1.586914,-7.873535,-17.761230
5623,0.019287,-0.033936,0.981812,-1.586914,-7.873535,-19.958496
5632,0.006836,-0.050537,0.934814,-1.464844,-7.385254,-21.057129
5642,0.095703,0.009277,1.045166,-1.647949,-7.263184,-21.728516
5651,0.088989,0.152832,1.155396,-0.671387,-7.385254,-22.399902
5663,0.023315,-0.161621,0.949829,1.708984,-6.835937,-24.536133
5672,0.116821,-0.050293,1.017090,1.831055,-7.080078,-26.184082
5682,0.023804,-0.085327,0.897217,1.953125,-6.774902,-27.648926
5692,-0.010986,-0.093628,0.873657,2.014160,-6.958008,-28.991699
5701,-0.053467,-0.072510,0.941284,2.380371,-5.493164,-29.113770
5712,-0.053345,-0.135132,0.883911,2.502441,-4.333496,-28.381348
5722,-0.056396,-0.042969,1.010376,1.708984,-2.380371,-26.794434
5731,-0.031128,-0.064697,0.970093,1.464844,-2.075195,-25.634766
5742,0.083374,-0.117798,1.106689,0.976562,-2.258301,-24.047852
5752,-0.207153,-0.143799,0.958618,0.976562,-2.868652,-22.399902
5761,-0.362061,-0.133423,0.892578,1.464844,-0.976562,-19.653320
5772,-0.188965,0.019165,0.861694,1.342773,3.417969,-16.296387
5782,0.049072,-0.023560,0.968140,1.037598,6.347656,-13.244629
5794,-0.208618,0.064941,1.186890,0.671387,4.943848,-12.207031
5804,-0.216064,0.030151,1.087402,1.098633,5.187988,-12.756348
5813,0.019043,-0.050415,1.079224,1.586914,6.469727,-13.671875
5822,0.035278,-0.203247,1.036011,1.525879,5.981445,-14.465332
5832,0.001221,-0.210083,0.932129,1.098633,4.943848,-14.465332
5842,0.000366,0.046875,0.973511,0.366211,5.493164,-12.634277
5851,0.094360,-0.155640,0.979004,0.488281,7.080078,-9.582520
5864,-0.079834,0.014038,1.007324,0.610352,8.056641,-6.042480
5873,-0.055054,-0.136963,0.996216,0.732422,9.643555,-3.601074
5883,-0.046631,-0.130615,1.026611,0.976562,9.887695,-2.746582
5893,-0.093506,-0.020264,1.015381,0.915527,9.643555,-2.441406
5902,-0.137939,-0.153076,0.823730,1.098633,9.155273,-2.502441
5912,-0.082397,-0.257690,0.832520,0.610352,9.155273,-2.014160
5921,-0.023071,-0.054810,0.875122,-0.427246,9.521484,-0.122070
5933,-0.034790,0.092651,1.002441,-0.854492,10.192871,5.371094
5943,-0.046021,-0.146606,0.954102,-0.183105,11.047363,7.385254
5952,0.000122,-0.211914,0.951660,-0.427246,11.108398,8.911133
5962,0.050049,-0.101685,1.048950,-0.915527,10.192871,9.826660
5972,-0.017212,-0.161377,1.015747,-1.464844,9.155273,9.887695
5982,-0.009277,-0.096802,0.988403,-1.220703,9.338379,10.864258
5991,-0.027832,-0.111938,1.065796,-0.671387,9.643555,11.596680
6003,-0.095459,-0.290039,0.792480,-2.258301,8.666992,13.183594
6012,-0.186768,-0.119751,0.847046,-3.662109,9.460449,15.563965
6022,-0.167603,-0.000854,1.040039,-3.662109,11.047363,18.615723
6032,-0.203247,-0.042969,1.091187,-3.112793,11.718750,21.057129
6041,-0.245483,-0.079102,0.945923,-2.441406,11.718750,22.766113
6052,-0.207031,-0.019165,1.055298,-2.563477,11.718750,23.193359
6061,-0.109497,-0.051758,1.052002,-2.441406,12.329102,23.681641
6071,-0.157959,-0.121704,0.916382,-2.563477,11.291504,23.193359
6083,-0.059204,-0.100952,1.117920,-2.258301,10.314941,22.644043
6093,-0.053711,-0.195190,0.996460,-2.746582,9.643555,22.399902
6102,0.038452,0.048828,1.070801,-3.295898,9.521484,21.850586
6111,0.024170,0.075684,1.095581,-2.807617,8.850098,20.874023
6122,0.018433,-0.184448,0.868530,-2.075195,7.812500,19.714355
6131,0.091064,-0.171143,0.935425,-2.563477,6.347656,18.615723
6144,0.064453,-0.082764,0.940308,-3.356934,3.845215,16.662598
6153,0.110718,-0.029297,0.964111,-3.784180,3.662109,17.028809
6163,0.163452,0.013550,0.958252,-3.845215,3.601074,17.761230
6172,0.110840,-0.031860,0.895996,-3.845215,1.770020,18.066406
6182,0.116699,-0.111450,0.862915,-4.455566,1.098633,17.639160
6191,0.047363,-0.135376,0.883057,-5.310059,0.305176,17.578125
6201,0.036377,-0.078491,0.882568,-5.920410,-0.976562,16.784668
6214,0.010132,0.057739,1.030396,-6.347656,-1.159668,15.136719
6224,-0.008911,-0.008423,1.026367,-5.859375,-2.380371,12.939453
6234,0.002686,-0.064453,1.101685,-5.432129,-3.173828,10.192871
6243,0.040771,0.002686,1.149902,-4.699707,-3.906250,6.774902
6253,0.000610,-0.150391,1.065552,-4.211426,-5.310059,2.868652
6262,0.119141,-0.164551,0.964844,-3.784180,-5.798340,-0.427246
6272,0.152588,-0.121338,0.992798,-3.479004,-6.408691,-3.173828
6282,0.155151,-0.179565,0.902222,-4.150391,-8.056641,-6.896973
6291,0.135132,-0.016357,1.046997,-4.394531,-8.544922,-7.690430
6302,0.035522,-0.192017,1.066650,-3.173828,-9.033203,-8.972168
6312,0.072876,-0.123779,1.018921,-2.868652,-8.728027,-11.413574
6321,0.121216,-0.124878,0.971191,-2.685547,-9.460449,-13.366699
6332,0.097656,-0.173096,0.918335,-2.258301,-9.887695,-15.258789
6342,0.083252,-0.082642,1.077271,-1.831055,-10.070801,-16.540527
6351,0.011963,-0.061279,0.950928,-1.708984,-9.521484,-16.845703
6363,0.018188,-0.048584,1.105225,-1.525879,-7.690430,-16.418457
6373,-0.004028,-0.079224,1.002197,-1.586914,-7.751465,-16.296387
6382,-0.051270,-0.059570,0.942261,-1.281738,-7.629395,-16.601562
6392,-0.088257,-0.094238,0.999878,-0.915527,-6.469727,-16.479492
6402,-0.069092,-0.194214,0.913086,-1.342773,-5.615234,-15.869141
6411,-0.064697,-0.077515,0.893799,-2.197266,-5.310059,-14.770508
6424,-0.135254,-0.037109,0.955688,-3.051758,-3.295898,-10.803223
6434,-0.043213,0.095703,1.136230,-3.173828,-2.197266,-8.483887
6443,-0.028076,-0.123535,1.076050,-2.441406,-1.525879,-6.958008
6453,-0.047241,-0.100952,0.947998,-2.136230,-1.403809,-6.469727
6463,0.008911,-0.013916,1.058594,-1.770020,-1.403809,-5.798340
6472,0.056152,-0.225098,0.960449,-1.403809,-1.037598,-4.699707
6482,0.049683,-0.067139,0.849487,-1.647949,-0.671387,-3.417969
6492,0.009888,0.035034,0.997803,-1.586914,-0.915527,-0.183105
6503,-0.028931,-0.138184,0.906372,-0.305176,0.305176,1.525879
6513,-0.030273,-0.048340,0.905518,0.061035,0.244141,2.258301
6522,-0.137085,-0.177124,0.892334,0.610352,0.183105,2.502441
6531,-0.130859,-0.210327,0.947144,0.427246,0.488281,2.746582
6542,-0.132080,-0.092041,0.985474,-0.061035,1.220703,2.258301
6552,-0.176392,-0.107666,0.987793,-0.427246,1.098633,1.281738
6561,-0.142212,-0.079346,0.978149,-0.854492,0.915527,-0.671387
6573,-0.015381,-0.086914,0.899536,-1.403809,0.671387,-3.845215
6583,-0.006592,0.056885,1.029053,-1.403809,0.305176,-5.371094
6592,0.073608,-0.177368,1.055664,-1.342773,0.305176,-5.920410
6602,0.058838,-0.161377,0.885742,-1.464844,0.549316,-6.469727
6612,0.148437,0.010254,1.055054,-1.892090,-0.061035,-6.652832
6622,0.056885,-0.048096,0.982666,-2.319336,-0.549316,-6.774902
6632,0.037598,-0.126343,0.916016,-2.807617,0.366211,-5.798340
6642,0.108154,-0.112061,0.939819,-3.479004,-0.427246,-6.042480
6652,-0.005005,-0.148437,0.942017,-4.150391,-1.037598,-5.615234
6662,-0.031616,-0.059326,1.000488,-4.638672,-1.159668,-5.371094
6672,-0.072144,-0.018188,0.976074,-4.821777,-0.488281,-4.516602
6682,-0.073730,0.114258,1.144165,-4.882812,0.427246,-2.929688
6691,-0.050293,0.101196,1.181396,-4.211426,0.915527,-2.502441
6704,-0.040527,0.012085,1.046265,-2.929688,1.342773,-2.929688
6714,0.038818,-0.018555,1.124512,-2.197266,0.854492,-3.540039
6723,0.041748,-0.185913,0.935303,-1.831055,0.244141,-4.333496
6733,0.076538,-0.156250,0.900391,-2.075195,0.000000,-4.699707
6742,0.086914,0.081909,1.055908,-2.502441,-0.122070,-4.821777
6752,0.062378,-0.035156,0.961548,-2.502441,-0.122070,-4.516602
6762,0.022705,-0.069702,0.929077,-2.380371,-0.366211,-4.577637
6774,-0.029175,-0.103271,1.017334,-1.525879,0.061035,-5.432129
6784,-0.080811,-0.051758,1.023438,-1.647949,-0.427246,-6.713867
6794,0.000854,0.104736,1.171631,-1.220703,-0.366211,-7.568359
6803,-0.001099,-0.083496,1.056030,0.000000,-0.183105,-8.239746
6813,0.001831,-0.218506,0.940308,0.427246,-0.671387,-9.582520
6822,0.019165,-0.009277,1.009521,0.671387,-0.854492,-10.803223
6832,0.052734,-0.122803,1.019897,0.793457,-0.671387,-11.352539
6844,0.061401,-0.013428,1.041626,1.342773,0.122070,-12.207031
6853,0.007324,-0.067505,0.996094,1.464844,0.122070,-11.596680
6863,-0.005493,-0.183960,0.919556,1.403809,-0.061035,-12.145996
6873,-0.005005,0.029785,1.130737,1.403809,0.549316,-12.756348
6882,-0.104004,0.046753,1.094482,2.014160,0.244141,-13.427734
6891,-0.087158,-0.213623,0.924316,2.807617,0.671387,-14.404297
6902,0.041504,-0.209717,0.848145,3.295898,1.525879,-14.831543
6911,0.024170,-0.191895,0.797607,2.807617,0.732422,-15.136719
6923,0.048340,-0.014160,0.927734,-0.122070,2.258301,-10.681152
6932,-0.041382,-0.002197,1.049438,0.122070,4.150391,-7.751465
6942,-0.130981,-0.025879,0.998535,0.793457,5.004883,-6.225586
6952,-0.051514,-0.115356,1.043091,1.220703,5.554199,-5.493164
6961,0.011475,-0.189941,0.958740,1.220703,5.676270,-5.859375
6972,-0.027954,-0.072876,0.979492,1.037598,4.638672,-6.652832
6981,-0.044678,0.054932,1.077515,1.403809,4.211426,-6.896973
6993,0.037354,-0.253906,0.862793,1.464844,5.920410,-3.173828
7002,0.017212,0.039307,1.072266,0.793457,6.347656,-0.061035
7012,-0.076538,0.024536,1.127075,-0.366211,6.896973,2.563477
7022,-0.111206,-0.154663,1.090942,-0.183105,8.178711,5.554199
7032,-0.104492,-0.053955,1.169922,0.305176,8.911133,7.324219
7041,-0.119141,-0.038696,1.189087,1.342773,9.033203,8.361816
7053,-0.070679,-0.269165,0.986328,0.427246,8.483887,8.300781
7062,-0.022339,0.052002,1.105347,0.000000,8.178711,9.094238
7072,-0.123169,0.104736,1.212158,0.244141,7.507324,10.681152
7082,-0.175781,-0.166138,1.083984,0.915527,8.422852,12.878418
7091,-0.114014,-0.235474,0.984131,0.976562,10.375977,15.991211
7102,-0.051147,-0.106812,1.017822,0.793457,10.925293,18.493652
7112,-0.035156,-0.197266,0.936035,0.366211,10.070801,19.775391
7121,-0.103149,-0.094238,0.840820,-0.122070,9.460449,20.141602
7133,-0.078003,-0.005005,1.156494,-0.671387,9.277344,20.751953
7142,-0.093140,-0.174927,1.046753,-0.671387,9.033203,19.531250
7152,-0.034668,0.046875,1.214844,-0.427246,8.117676,17.456055
7162,-0.029663,0.217285,1.280151,0.549316,6.713867,14.343262
7172,0.034912,-0.177856,1.049316,1.892090,5.859375,11.047363
7182,0.103760,-0.524048,0.758057,1.770020,4.577637,7.873535
7191,0.191650,-0.235229,0.757812,0.366211,3.417969,6.469727
7203,0.126709,0.098877,0.910034,-1.403809,2.929688,8.178711
7212,0.129639,0.054687,0.977173,-0.610352,3.295898,10.925293
7222,0.083374,-0.057373,0.941772,0.427246,3.112793,11.535645
7232,0.050659,-0.116089,0.925293,1.037598,1.708984,11.535645
7241,0.048706,-0.088257,0.918091,1.037598,0.488281,10.192871
7252,0.062378,-0.005981,0.982788,0.488281,-0.183105,9.094238
7261,0.053589,0.054565,1.037720,0.427246,-0.427246,7.568359
7273,0.033447,-0.039917,1.033203,2.136230,-0.732422,6.713867
7282,0.033691,-0.087646,0.967529,1.953125,-1.464844,5.249023
7292,0.021606,-0.036255,1.042725,1.708984,-2.624512,2.502441
7301,-0.005981,-0.021606,1.076782,2.136230,-3.295898,0.183105
7312,-0.047485,-0.202881,1.007202,2.624512,-3.112793,-1.525879
7322,-0.056763,-0.221924,0.960815,2.868652,-3.051758,-3.540039
7334,0.034546,-0.388550,0.704346,1.647949,-2.807617,-4.821777
7344,0.075317,-0.349121,0.683105,-0.793457,-3.173828,-4.150391
7354,0.026855,-0.161621,0.847900,-2.807617,-2.807617,-0.793457
7363,-0.012451,0.184937,1.087280,-3.967285,-1.953125,2.685547
7373,-0.054687,0.212646,1.335449,-3.723145,-0.183105,6.591797
7383,-0.089722,-0.097290,1.172119,-2.258301,-0.061035,8.361816
7393,-0.122314,-0.302124,0.897461,-1.464844,-0.122070,6.408691
7401,0.005737,-0.090454,0.971313,-1.464844,-0.122070,6.408691
7413,-0.086670,-0.065063,0.960083,-3.845215,-1.892090,4.699707
7423,-0.027954,0.024170,1.162476,-2.929688,-0.305176,5.676270
7432,0.058105,-0.016602,1.204468,-2.136230,0.305176,6.591797
7442,0.040283,-0.349854,0.960937,-2.319336,-1.159668,6.164551
7452,0.066650,-0.282227,0.919312,-2.807617,-1.831055,4.943848
7462,0.049805,-0.032471,1.025024,-3.662109,-2.258301,4.211426
7471,-0.000732,-0.034180,0.940674,-4.272461,-3.173828,4.028320
7483,-0.028931,-0.178955,0.966797,-3.662109,-2.258301,4.577637
7493,-0.038086,-0.109985,0.832886,-3.967285,-1.953125,5.126953
7503,-0.036133,-0.001587,0.901367,-4.272461,-2.380371,5.798340
7513,-0.123779,-0.106689,0.861694,-3.662109,-1.953125,7.080078
7522,-0.110352,-0.067261,0.853882,-3.356934,-1.708984,8.728027
7532,-0.033691,-0.090576,0.953491,-3.234863,-1.037598,10.864258
7542,-0.038940,-0.225464,0.877563,-3.723145,-1.464844,13.183594
7553,-0.028809,0.081421,1.086426,-5.187988,-0.427246,14.526367
7563,-0.006348,-0.110107,1.047363,-4.516602,-0.854492,14.831543
7572,-0.036377,-0.238281,1.017578,-3.845215,-1.831055,13.305664
7581,-0.010864,-0.064331,1.009766,-4.089355,-2.441406,10.437012
7592,0.026978,-0.165405,1.058105,-4.760742,-3.295898,8.056641
7602,0.116821,-0.145752,1.015747,-5.371094,-3.906250,6.103516
7611,0.067627,0.073730,1.059082,-4.943848,-4.699707,2.563477
7623,0.120117,-0.157959,1.003784,-4.211426,-5.310059,1.098633
7632,0.200684,0.045654,1.166870,-4.577637,-5.676270,-0.610352
7642,0.102539,-0.052368,1.104980,-3.601074,-6.652832,-2.624512
7651,0.020142,-0.236572,0.977783,-2.868652,-7.263184,-4.272461
7662,0.098755,0.010620,0.977417,-2.197266,-7.934570,-5.981445
7671,0.096802,-0.055298,1.009888,-1.525879,-7.934570,-7.446289
7684,0.054687,-0.087891,0.913818,-3.234863,-8.972168,-8.728027
7693,0.048096,0.121704,1.150391,-3.967285,-8.361816,-8.422852
7703,-0.064331,0.021729,1.108154,-3.051758,-8.422852,-8.972168
7713,-0.073486,0.007568,1.095581,-1.281738,-8.300781,-10.009766
7722,0.001831,0.064575,1.189941,-0.305176,-8.300781,-12.451172
7732,0.025146,-0.180176,0.992676,-0.122070,-7.873535,-15.197754
7741,0.066772,-0.272705,0.859741,-0.610352,-8.239746,-18.005371
7754,0.091919,-0.016357,0.822632,-1.525879,-8.972168,-20.263672
7764,0.108154,-0.178833,0.827515,-1.892090,-8.361816,-19.653320
7773,0.112671,-0.099976,0.873291,-2.624512,-7.934570,-18.249512
7783,0.102051,0.052124,1.071289,-3.295898,-7.019043,-17.089844
7793,-0.004395,0.169922,1.148315,-3.601074,-6.652832,-16.662598
7803,-0.005981,0.183228,1.267700,-2.319336,-6.469727,-17.333984
7813,-0.035278,0.002808,1.126465,-0.183105,-6.103516,-21.911621
7824,0.058960,-0.037842,1.026489,0.915527,-7.080078,-24.047852
7834,0.049927,0.100220,1.074463,0.854492,-6.530762,-25.024414
7843,-0.010376,-0.027710,0.953369,1.708984,-5.798340,-25.390625
7853,0.019531,-0.126465,0.905273,2.624512,-4.943848,-24.291992
7863,0.050903,-0.190796,0.806519,2.746582,-4.516602,-23.925781
7872,0.076416,-0.293823,0.732666,1.770020,-3.662109,-22.583008
7882,0.154175,-0.214355,0.899170,0.305176,-3.112793,-20.202637
7894,-0.220581,0.071411,1.026611,-0.366211,-2.502441,-14.038086
7904,-0.247925,0.031250,0.980103,1.037598,-0.122070,-11.474609
7913,-0.143555,-0.204346,0.832764,1.647949,2.258301,-9.033203
7923,-0.065308,-0.174316,0.821045,0.854492,2.746582,-8.178711
7932,-0.118652,0.092041,0.962646,-0.610352,2.624512,-8.300781
7942,-0.146851,0.016968,1.029907,-0.854492,2.807617,-7.690430
7952,-0.152466,-0.060059,0.965454,-0.488281,3.845215,-7.202148
7962,-0.074829,-0.035034,1.055054,-0.549316,4.577637,-6.774902
7972,-0.041748,-0.091309,1.050293,-1.037598,4.699707,-6.408691
7982,-0.030884,0.005615,1.182739,-0.610352,5.432129,-5.737305
7992,-0.098511,-0.151245,1.060425,0.305176,5.676270,-5.187988
8002,-0.062622,-0.322021,0.813721,0.427246,5.798340,-4.211426
8012,0.134399,-0.206299,0.938232,-0.122070,6.408691,-3.112793
8022,0.036011,-0.189331,0.987305,-1.464844,6.103516,-0.549316
8034,-0.078857,0.077759,1.078735,-3.051758,8.300781,5.798340
8043,-0.046631,0.001465,1.086304,-2.807617,8.483887,8.422852
8053,-0.196533,-0.074097,1.080322,-2.136230,8.666992,9.826660
8062,-0.153564,0.076172,1.154541,-1.831055,8.117676,10.681152
8072,-0.167603,-0.013184,1.072388,-1.159668,8.544922,10.925293
8082,-0.091309,-0.227051,0.923706,-0.427246,8.666992,10.803223
8092,-0.046387,-0.099976,0.981201,-0.183105,7.934570,11.840820
8102,-0.046387,0.002930,1.022949,-1.403809,8.117676,13.488770
8114,0.012085,-0.166260,1.035034,-1.342773,8.117676,14.221191
8123,-0.014771,0.026245,1.101440,-1.159668,7.568359,13.793945
8132,-0.169800,-0.189575,0.901611,-1.708984,6.347656,12.390137
8142,-0.086060,-0.202026,0.934204,-2.136230,5.798340,11.047363
8153,0.033081,0.099121,1.096436,-2.136230,6.652832,10.131836
8162,0.025879,-0.078735,1.046997,-1.464844,6.713867,9.765625
8174,0.023437,-0.055664,0.960083,-1.281738,4.882812,8.300781
8183,0.055054,-0.098511,1.001099,-0.854492,4.516602,8.361816
8192,0.076294,-0.111938,0.971313,-0.732422,3.906250,8.789063
8203,0.061401,-0.043213,1.071167,-0.244141,3.417969,8.728027
8212,-0.054687,-0.138794,0.996826,0.183105,3.234863,8.544922
8223,0.009521,-0.169678,0.993408,0.122070,3.173828,8.300781
8232,-0.040894,0.097412,1.195923,0.488281,2.746582,6.713867
8242,-0.059082,0.067749,1.215820,2.807617,2.319336,2.197266
8253,0.053955,-0.227661,0.981567,3.540039,1.525879,-0.488281
8263,0.152954,-0.055786,1.052002,3.601074,1.037598,-2.868652
8272,0.111084,-0.186768,0.959351,3.356934,-0.366211,-4.150391
8283,0.128174,-0.299805,0.800415,2.868652,-0.488281,-4.516602
8292,0.093262,-0.055054,0.915649,2.380371,-0.305176,-4.150391
8304,0.109497,-0.014893,0.965332,0.183105,-0.366211,-3.234863
8314,0.014282,0.002686,0.928955,-0.488281,-0.793457,-3.662109
8323,-0.032959,0.101685,1.055664,-0.366211,-0.244141,-3.906250
8333,0.001343,0.020386,1.036255,0.183105,-0.183105,-4.699707
8342,0.002197,-0.062744,1.110229,0.671387,-0.549316,-5.249023
8353,0.024780,-0.006226,1.071777,0.915527,-1.159668,-6.652832
8362,0.092285,-0.082397,1.009644,1.159668,-0.671387,-7.019043
8374,0.168213,-0.030396,1.002563,0.976562,-2.136230,-7.263184
8383,0.046753,-0.261230,0.884521,0.610352,-2.136230,-6.347656
8393,0.050293,-0.134277,0.920288,-0.366211,-0.732422,-5.249023
8403,0.139038,-0.062500,1.023926,-0.793457,0.244141,-3.845215
8412,0.050903,-0.212402,1.064453,-0.854492,-0.854492,-3.723145
8422,-0.093994,-0.091064,1.050171,-0.854492,-1.708984,-4.211426
8433,-0.129028,0.129028,1.191406,-0.549316,-1.708984,-4.577637
8443,-0.168213,-0.090698,1.062134,0.427246,-0.610352,-4.638672
8452,-0.091309,-0.250977,0.893433,0.000000,0.366211,-3.967285
8462,-0.059204,0.000488,0.925293,-0.244141,0.549316,-2.136230
8473,-0.132812,-0.237549,0.935425,0.366211,2.380371,0.244141
8482,-0.049805,-0.168335,0.902710,0.366211,3.479004,2.136230
8493,-0.089478,-0.101563,0.863037,-0.122070,3.967285,3.234863
8502,-0.079834,-0.135620,0.886108,-0.793457,3.173828,3.662109
8512,-0.127808,-0.208130,0.889404,-1.525879,3.784180,4.821777
8524,-0.151245,0.020630,1.024658,-2.136230,4.943848,7.141113
8533,-0.188599,-0.145508,1.019409,-2.258301,5.004883,7.812500
8543,-0.118774,-0.329468,0.912598,-3.051758,5.798340,8.178711
8552,-0.106445,-0.119263,0.960449,-3.845215,5.859375,8.544922
8562,-0.102173,0.064453,1.012207,-4.455566,6.042480,8.239746
8573,-0.145874,-0.031982,0.934692,-4.150391,6.225586,8.911133
8583,-0.081421,-0.125977,0.964111,-3.967285,6.347656,9.582520
8594,-0.036743,-0.044556,0.957275,-4.882812,7.019043,11.840820
8604,-0.064575,0.026245,1.170288,-4.760742,7.141113,13.793945
8613,-0.100342,-0.086792,1.061035,-3.906250,7.751465,15.869141
8623,-0.057129,-0.053467,1.034180,-3.173828,7.934570,17.333984
8632,-0.051758,0.063110,1.122803,-2.380371,7.690430,17.822266
8643,-0.088867,-0.112183,1.057007,-1.953125,7.385254,18.249512
8652,-0.066406,-0.314209,0.961914,-2.014160,7.202148,18.493652
8664,-0.032837,0.010864,1.116943,-1.953125,6.408691,18.127441
8674,-0.058960,-0.216309,1.029053,-1.770020,5.859375,17.578125
8683,-0.005249,-0.105469,0.987183,-1.647949,5.493164,16.662598
8693,0.057861,0.154907,1.156616,-1.220703,5.737305,15.747070
8703,0.019043,-0.096436,0.953003,-1.037598,4.577637,14.465332
8712,0.033569,-0.320679,0.808472,-1.098633,3.784180,13.061523
8724,0.123779,-0.040161,0.934814,-2.685547,2.075195,11.657715
8733,0.010864,-0.020630,1.089233,-3.051758,1.892090,11.169434
8743,0.022095,0.075073,1.154419,-2.441406,1.953125,11.474609
8752,0.012451,0.033691,1.126831,-1.647949,1.647949,9.765625
8763,0.005005,-0.132080,1.014282,-1.464844,0.732422,7.263184
8772,0.048584,-0.010376,1.020264,-1.464844,-0.244141,4.699707
8783,0.096069,-0.009766,1.120972,-1.037598,-0.793457,2.563477
8793,0.136108,-0.177734,0.966431,-0.488281,-1.281738,0.671387
8804,0.148804,-0.109375,0.968384,-0.244141,-2.746582,0.671387
8813,0.138184,-0.118774,0.963867,-0.427246,-3.051758,0.488281
8823,0.137085,0.007690,1.060913,-0.183105,-3.173828,0.610352
8833,0.052490,-0.130005,0.924438,0.671387,-3.723145,0.061035
8842,-0.007568,-0.311279,0.746216,0.854492,-4.516602,-0.976562
8853,0.048096,-0.150391,0.798706,-0.122070,-4.333496,-1.831055
8863,0.019409,-0.040283,0.864990,-1.098633,-4.516602,-2.624512
8872,-0.044312,0.003906,0.913696,-1.037598,-4.211426,-2.746582
8883,-0.045044,-0.059326,0.925781,-0.610352,-3.295898,-3.601074
8893,-0.012329,-0.098999,0.858032,-0.671387,-2.990723,-4.577637
8903,0.026123,-0.048584,0.885376,-1.403809,-3.662109,-5.493164
8912,0.057861,-0.056763,0.885010,-1.953125,-3.601074,-6.103516
8923,0.048462,-0.041382,0.962646,-2.380371,-3.356934,-6.103516
8933,0.009277,-0.028564,0.987183,-2.502441,-3.295898,-5.981445
8944,0.055298,-0.037476,1.086914,-2.868652,-2.197266,-6.042480
8954,0.073486,-0.150269,1.079102,-3.112793,-2.807617,-6.835937
8964,0.046509,0.003662,1.094238,-3.112793,-3.112793,-7.751465
8973,0.046509,0.051147,1.222412,-2.380371,-2.990723,-8.972168
8983,0.080200,-0.220215,1.094116,-1.647949,-3.295898,-9.277344
8993,0.225708,-0.298340,1.056885,-1.403809,-2.990723,-9.521484
9005,-0.033203,-0.104614,1.047607,-1.708984,-4.821777,-6.286621
9015,-0.292725,-0.093628,0.926392,-0.610352,-3.540039,-3.173828
9025,-0.138672,-0.100220,0.906128,0.000000,-0.305176,1.342773
9034,0.033081,-0.230469,0.870361,-0.183105,2.075195,5.249023
9044,-0.094116,-0.122803,1.025391,-0.976562,2.319336,7.629395
9054,-0.204224,0.110352,1.184082,-2.441406,0.915527,8.728027
9063,-0.196289,0.010498,0.948975,-3.173828,1.464844,9.216309
9073,-0.026978,-0.129639,0.888306,-2.868652,1.831055,6.530762
9082,-0.046753,-0.299072,0.831787,-4.333496,-0.427246,5.493164
9093,0.057861,-0.011963,0.914062,-6.225586,-0.183105,5.798340
9103,0.067017,0.033447,0.943237,-6.164551,1.525879,6.530762
9113,0.081177,0.097168,1.113525,-5.310059,1.281738,6.713867
9122,0.015747,-0.060547,0.985352,-4.455566,0.366211,5.371094
9133,0.075806,-0.160767,0.863403,-4.028320,-0.305176,3.234863
9143,0.176758,-0.111450,0.963379,-4.455566,0.061035,0.305176
9152,0.188110,-0.082520,0.949097,-4.821777,-3.051758,-0.610352
9163,0.070190,0.032227,0.965820,-4.211426,-3.234863,-0.732422
9173,0.072876,-0.107910,0.974731,-3.295898,-3.234863,-0.793457
9183,0.071167,-0.137939,0.989502,-2.563477,-2.868652,-1.403809
9193,-0.061035,-0.185425,0.909302,-2.868652,-4.150391,-1.953125
9203,-0.083984,-0.035278,0.911011,-3.173828,-4.638672,-2.441406
9213,-0.049316,-0.053955,0.970459,-2.380371,-2.014160,-0.366211
9223,0.002319,-0.232666,0.859497,-1.403809,-1.770020,-0.183105
9233,-0.045532,-0.182739,0.993286,-1.953125,-2.563477,0.244141
9243,-0.067993,-0.186523,0.992310,-2.258301,-1.342773,0.976562
9253,-0.026855,-0.063721,1.133179,-2.319336,-0.915527,1.403809
9262,-0.090698,0.012085,1.179688,-1.831055,-1.220703,0.671387
9273,-0.087402,-0.118896,1.194824,-1.281738,-1.831055,-0.488281
9283,-0.036987,-0.103149,1.141968,-0.610352,-1.464844,-3.784180
9293,0.044678,-0.258179,0.837646,-1.220703,-2.014160,-4.577637
9303,0.056152,-0.142334,0.794434,-2.258301,-2.136230,-4.089355
9313,0.098267,-0.032471,0.997559,-3.356934,-1.770020,-2.014160
9323,0.013428,-0.018677,1.004883,-4.089355,-0.915527,0.671387
9333,-0.002930,0.163452,1.174438,-4.272461,0.061035,3.112793
9343,-0.016113,0.077759,1.189209,-3.723145,-0.061035,4.028320
9355,-0.009888,0.024902,0.994751,-4.028320,-0.793457,2.319336
9365,0.002075,0.040771,1.014771,-4.150391,-1.281738,1.464844
9374,-0.048584,-0.027954,0.989014,-3.967285,-1.403809,1.464844
9384,-0.005127,0.061523,1.000000,-3.112793,-0.244141,2.441406
9393,0.032959,0.006714,0.929687,-2.441406,-0.244141,3.540039
9403,0.066162,-0.134521,0.825928,-1.892090,-0.305176,3.967285
9413,0.061523,-0.145264,0.764526,-2.075195,-0.915527,4.272461
9425,0.049683,-0.119995,0.915527,-2.624512,-1.892090,5.676270
9435,0.019897,-0.084473,0.945557,-2.746582,-1.953125,5.981445
9444,-0.031860,-0.057373,0.968994,-2.563477,-2.075195,5.615234
9454,-0.021118,-0.023315,1.026367,-2.380371,-2.441406,4.028320
9463,-0.008301,-0.023193,1.056763,-2.319336,-2.624512,2.136230
9473,0.000366,0.000610,1.058594,-1.647949,-3.173828,-0.549316
9483,-0.056763,-0.075073,1.012695,-0.854492,-3.845215,-3.662109
9495,0.083374,-0.056396,1.051880,-0.549316,-3.601074,-6.530762
9505,0.049805,0.079956,1.051147,-0.793457,-4.028320,-6.774902
9514,-0.026489,-0.087158,1.055664,-0.122070,-4.455566,-6.103516
9524,-0.014893,-0.107300,1.101440,0.915527,-2.868652,-5.065918
9534,0.068726,-0.199951,1.071411,1.037598,-2.441406,-3.601074
9544,0.012451,-0.270630,0.932373,0.854492,-3.112793,-2.502441
9553,0.006714,-0.142700,1.125610,0.854492,-2.746582,-1.220703
9563,-0.007080,-0.085571,1.128662,0.732422,-2.380371,2.319336
9574,-0.075073,-0.237427,0.996460,0.732422,-1.403809,3.356934
9584,-0.007568,-0.206787,1.013428,-0.061035,-1.342773,4.455566
9593,-0.021240,-0.250244,0.901123,-1.281738,-1.525879,5.981445
9603,-0.102417,0.004517,1.001953,-2.014160,-1.220703,7.324219
9613,-0.098999,0.094482,1.138428,-2.075195,-0.793457,8.789063
9623,-0.122070,-0.071899,1.052368,-1.342773,-0.122070,9.582520
9633,-0.084351,-0.060791,1.057983,-0.732422,-0.061035,8.178711
9644,-0.047852,-0.162476,1.019653,0.061035,-1.403809,7.019043
9654,-0.024536,-0.182251,0.930298,0.427246,-1.220703,5.554199
9664,-0.001465,-0.099243,0.945557,0.488281,-1.953125,4.455566
9673,0.013672,-0.147461,0.869873,0.061035,-2.624512,2.929688
9683,0.010010,-0.102783,1.016479,-0.183105,-2.380371,2.563477
9693,0.080933,0.036621,1.170288,-0.427246,-2.380371,1.770020
9703,-0.001099,-0.040405,1.092773,-0.061035,-2.746582,-1.953125
9713,-0.025391,-0.054687,1.090942,2.624512,-3.601074,-4.882812
9723,0.073730,-0.208618,1.083130,3.540039,-4.333496,-7.995605
9733,0.084229,-0.365356,0.789795,3.784180,-4.882812,-11.047363
9744,0.073364,-0.128906,0.937988,3.662109,-5.065918,-12.573242
9753,0.082031,0.048218,1.050293,3.479004,-5.310059,-13.183594
9763,0.036865,-0.205811,0.907837,3.723145,-4.638672,-12.329102
9775,0.018188,-0.108887,0.934814,3.784180,-3.845215,-10.559082
9785,-0.004639,-0.028809,1.221558,3.234863,-3.601074,-9.765625
9795,-0.023804,-0.027588,1.310913,3.051758,-2.929688,-10.070801
9805,-0.114990,0.010620,1.067017,4.882812,-3.479004,-12.329102
9814,-0.019531,-0.268188,0.793945,5.981445,-2.990723,-13.183594
9824,0.131348,-0.707153,0.315063,5.371094,-3.295898,-14.648438
9834,0.184448,-0.484253,0.215698,-0.183105,-4.455566,-9.216309
9845,-0.063354,0.707031,1.363525,-7.202148,-1.342773,-2.929688
9855,-0.240601,0.391724,1.462036,-3.479004,1.464844,3.112793
9864,-0.275146,-0.280762,1.230347,0.671387,2.868652,3.723145
9873,-0.162964,-0.278931,1.010254,0.671387,2.075195,-0.122070
9883,-0.051880,-0.047363,1.040894,-1.953125,0.244141,-4.943848
9893,-0.097900,0.025513,0.786499,-2.868652,-1.892090,-8.483887
9903,-0.058838,0.036743,0.811768,-1.770020,-1.159668,-8.666992
9913,0.045166,-0.062622,0.878418,-1.220703,2.807617,-1.586914
9924,0.030396,-0.147095,1.068481,-3.112793,2.868652,1.220703
9934,-0.034058,-0.009521,0.921631,-4.028320,3.234863,3.051758
9943,0.012695,0.081665,1.021973,-3.234863,2.990723,3.417969
9954,-0.005493,-0.056274,1.040649,-2.441406,2.075195,2.929688
9964,-0.116211,-0.237549,1.023438,-2.380371,0.854492,1.403809
9973,-0.108521,0.005127,1.130249,-2.807617,1.403809,0.427246
9983,0.010620,0.115967,1.280151,-2.807617,1.953125,-0.488281
9994,0.052734,-0.196899,0.810181,-1.281738,0.976562,-1.708984
10007,0.105835,-0.068481,1.004517,-1.342773,0.488281,-2.441406
10016,0.081421,-0.173828,0.945923,-2.258301,0.000000,-2.380371
10026,0.053589,-0.124390,1.048950,-3.112793,0.244141,-1.892090
10036,-0.025024,-0.001221,1.074463,-3.479004,0.854492,-1.586914
10045,0.002930,-0.118164,1.015869,-3.356934,0.122070,-2.014160
10055,-0.039063,-0.124023,0.990601,-3.417969,-0.061035,-2.990723
10065,-0.062622,-0.068970,0.971680,-3.906250,0.061035,-2.929688
10075,0.032837,0.091187,1.046753,-4.272461,0.671387,-2.136230
10084,-0.042969,-0.245605,0.976807,-3.784180,1.159668,-1.220703
10094,0.003174,-0.145630,0.859375,-4.699707,0.793457,-0.427246
10103,0.054443,0.051636,0.972412,-6.347656,1.159668,0.305176
10115,0.038452,0.077637,1.125854,-4.577637,0.549316,0.000000
10124,-0.066406,0.177979,1.186523,-4.211426,0.366211,-0.854492
10134,-0.027954,0.185669,1.055298,-2.807617,1.037598,-2.014160
10143,0.082520,-0.030396,1.077393,1.464844,0.671387,-5.065918
10154,0.080078,-0.358032,0.860718,3.906250,-0.793457,-6.286621
10163,0.062866,-0.395752,0.647095,2.990723,-1.403809,-6.835937
10173,0.106201,-0.205444,0.786377,0.732422,-1.464844,-5.554199
10184,0.002808,-0.081909,0.924683,-0.610352,-0.244141,-2.990723
10193,-0.084961,0.029053,1.042358,0.122070,2.136230,1.220703
10204,-0.161255,-0.241333,1.101074,0.671387,1.464844,-0.061035
10214,-0.085083,-0.213989,0.948730,1.281738,1.464844,-3.295898
10223,-0.037842,-0.046143,0.998413,1.464844,0.732422,-5.371094
10233,0.025146,-0.189331,0.739502,1.831055,0.488281,-6.225586
10243,0.077026,-0.221558,0.743286,1.464844,0.549316,-5.493164
10253,0.134521,-0.127930,0.903564,0.305176,0.610352,-2.868652
10265,-0.093750,0.120605,1.319946,-0.427246,2.258301,2.502441
10275,-0.081543,0.067871,1.312012,1.281738,3.295898,3.173828
10284,0.016235,-0.382324,0.979370,3.173828,3.479004,2.258301
10293,0.056152,-0.451904,0.702637,2.380371,1.953125,-0.427246
10303,0.015991,-0.318359,0.571289,-0.366211,-0.366211,-1.342773
10313,0.039917,-0.041016,0.742432,-3.356934,0.183105,0.854492
10323,0.016724,0.053223,1.092773,-5.126953,2.075195,5.615234
10335,-0.139038,0.108276,1.128784,-4.150391,3.601074,11.108398
10345,-0.091797,0.027588,1.130005,-3.417969,3.234863,10.375977
10354,-0.075317,-0.071045,0.929443,-3.051758,2.319336,7.995605
10364,-0.046265,-0.017944,0.928101,-2.868652,1.403809,5.798340
10373,-0.043335,-0.021606,0.905640,-3.234863,1.220703,5.065918
10383,-0.061890,-0.036255,0.945923,-3.356934,1.037598,5.249023
10393,0.019897,0.011963,1.069336,-3.479004,2.136230,6.225586
10405,-0.023682,0.074829,1.123169,-2.319336,1.892090,6.469727
10415,0.038940,0.006836,1.175171,-1.098633,1.892090,4.943848
10424,0.008057,-0.222168,1.031372,-0.427246,0.427246,2.807617
10433,0.025635,-0.189453,0.915405,-0.366211,-0.061035,0.427246
10443,0.039673,-0.113770,1.025269,-0.976562,-0.976562,-1.525879
10453,0.048584,-0.205688,0.892578,-1.464844,-0.854492,-2.258301
10463,0.050537,-0.171509,0.881836,-2.136230,-0.732422,-2.136230
10473,0.072632,-0.088867,0.877686,-3.356934,-1.525879,0.427246
10485,-0.015015,-0.044556,0.983643,-3.723145,-1.403809,1.770020
10494,-0.027222,-0.149048,0.968384,-3.417969,-1.220703,3.417969
10504,-0.037720,-0.119751,0.966431,-3.051758,-0.244141,4.516602
10514,-0.048462,-0.077515,0.896484,-3.784180,-0.549316,5.432129
10523,-0.064941,-0.002808,0.963379,-4.638672,-0.732422,6.408691
10533,-0.027710,-0.016968,1.046509,-5.004883,-0.610352,7.507324
10545,-0.038574,0.093140,1.142456,-5.065918,-0.427246,7.934570
10554,-0.048340,-0.067871,1.035278,-3.479004,-0.610352,7.019043
10564,0.046875,-0.252930,0.961914,-2.868652,-0.610352,5.615234
10574,0.109863,-0.114380,0.848511,-3.356934,-1.647949,5.371094
10583,0.051636,-0.090698,0.892212,-4.333496,-2.746582,5.371094
10593,0.045288,-0.012573,1.074097,-4.638672,-2.197266,7.080078
10603,0.050049,0.076050,1.202637,-4.455566,-2.319336,8.361816
10615,0.014648,-0.055908,1.112549,-3.173828,-2.258301,7.141113
10624,0.055908,-0.132446,0.948242,-0.732422,-4.333496,5.310059
10633,0.069824,-0.225952,0.807617,-0.427246,-5.126953,3.662109
10643,0.061523,-0.161621,0.943848,-0.244141,-5.615234,2.807617
10653,0.003540,-0.132324,0.931152,-0.549316,-5.493164,3.173828
10663,-0.047485,-0.090454,0.966919,-0.610352,-5.554199,3.479004
10675,-0.003418,-0.045654,1.104858,0.549316,-5.920410,2.075195
10684,-0.073486,-0.222656,0.898560,0.549316,-6.042480,0.427246
10694,-0.040649,-0.173950,0.978882,0.183105,-5.615234,-1.342773
10704,-0.039551,-0.237671,0.877075,-0.244141,-6.408691,-3.112793
10714,0.006348,-0.169312,0.948975,-0.793457,-6.408691,-4.455566
10723,0.014526,-0.198486,1.036499,-1.342773,-5.798340,-5.737305
10733,0.043823,-0.273926,0.959106,-2.380371,-6.408691,-6.408691
10743,0.060547,-0.013306,1.067627,-3.662109,-7.141113,-7.629395
10755,0.020996,-0.090088,1.066284,-3.967285,-7.507324,-10.803223
10765,0.127686,-0.077759,1.070801,-2.380371,-7.812500,-13.244629
10774,0.191650,-0.154663,1.016357,-2.014160,-8.361816,-15.075684
10784,0.184326,-0.154907,0.987915,-2.380371,-9.521484,-16.113281
10794,0.155273,0.031250,1.125122,-2.502441,-9.399414,-15.930176
10803,0.123413,0.093384,1.196777,-1.586914,-9.521484,-15.686035
10815,0.044556,-0.135010,1.099243,0.732422,-9.155273,-17.456055
10824,0.063232,-0.171387,1.017090,0.915527,-9.521484,-18.981934
10835,0.047607,-0.184326,0.830078,0.488281,-10.253906,-20.324707
10844,0.034546,-0.077759,0.874512,0.244141,-9.460449,-20.812988
10854,0.015015,-0.117920,0.883545,0.061035,-9.155273,-20.202637
10863,0.003418,-0.173950,0.766479,-0.305176,-8.239746,-19.531250
10873,0.035278,-0.037109,0.882690,-1.037598,-8.117676,-18.676758
10885,0.032959,-0.032349,0.876953,-2.258301,-7.690430,-17.700195
10894,-0.059448,-0.026855,0.930908,-2.075195,-6.774902,-17.028809
10904,-0.068726,-0.025513,0.920166,-1.953125,-5.859375,-16.662598
10914,-0.071899,0.003174,0.961304,-2.136230,-6.042480,-16.967773
10923,-0.031006,-0.104614,0.921387,-2.563477,-5.676270,-16.967773
10933,-0.045410,-0.003296,0.983521,-3.112793,-5.249023,-16.723633
10943,-0.045776,0.170044,1.101196,-3.051758,-4.272461,-16.723633
10953,-0.057129,0.002686,1.118164,-2.380371,-3.295898,-16.357422
10965,0.023926,0.029663,1.219116,-2.014160,-3.173828,-17.700195
10974,0.019775,-0.071167,1.067383,-1.403809,-3.173828,-18.615723
10984,0.007324,-0.111084,0.964233,-1.525879,-3.295898,-18.920898
10994,0.006958,0.017334,1.046143,-1.281738,-2.563477,-18.737793
11003,-0.015259,-0.115723,1.038574,-0.732422,-1.403809,-17.089844
11013,-0.019897,-0.078735,0.983154,-0.488281,-1.159668,-15.502930
11025,-0.061523,-0.019775,1.042725,-0.549316,1.098633,-11.230469
11035,-0.139526,-0.044800,0.901123,-0.854492,1.037598,-9.643555
11044,-0.203125,-0.009644,0.915039,-1.037598,1.403809,-7.934570
11054,-0.232300,-0.104126,0.904663,-1.037598,2.380371,-6.408691
11064,-0.142700,-0.078491,0.944580,-1.159668,3.845215,-5.126953
11073,-0.179932,-0.120972,0.925049,-1.220703,4.699707,-3.784180
11084,-0.186768,-0.070068,0.908569,-1.953125,4.211426,-3.234863
11093,-0.114868,0.016846,1.018188,-2.441406,4.882812,-2.685547
11103,-0.124878,-0.045532,1.041992,-1.464844,5.859375,-2.441406
11113,0.010864,-0.050903,1.101074,-1.342773,5.798340,-3.295898
11124,0.073730,-0.115234,0.954346,-1.770020,5.126953,-4.272461
11133,0.046753,-0.004883,1.007568,-1.953125,4.272461,-5.004883
11144,0.083740,0.002563,1.010864,-1.831055,4.028320,-4.455566
11153,0.049072,-0.100952,0.911133,-1.586914,3.967285,-3.356934
11165,0.094238,-0.100220,0.997681,-2.258301,3.662109,0.183105
11174,-0.088257,-0.008423,1.033691,-2.319336,4.272461,2.319336
11184,-0.051392,0.090332,1.164551,-1.892090,5.004883,3.906250
11194,-0.126587,-0.077026,1.153442,-0.427246,5.249023,4.882812
11203,-0.137085,-0.126709,1.103882,0.915527,5.432129,4.882812
11213,-0.136597,-0.002197,1.106445,1.464844,4.882812,3.723145
11224,-0.072021,-0.162964,1.052124,2.014160,3.967285,2.380371
11233,-0.053467,-0.207764,0.935303,2.380371,3.784180,0.793457
11245,-0.025391,-0.148437,0.899780,2.563477,3.845215,0.427246
11254,-0.044922,-0.254028,0.880249,2.563477,4.333496,0.793457
11264,0.006348,-0.109863,1.001343,2.197266,4.211426,1.586914
11273,-0.052246,-0.127930,0.921265,1.464844,3.479004,1.647949
11284,-0.040894,-0.174683,0.889404,1.220703,3.906250,1.525879
11293,-0.031128,-0.061401,1.014648,0.793457,3.295898,1.342773
11305,-0.079102,-0.126587,1.042847,0.610352,3.295898,-0.122070
11314,-0.048706,0.057495,1.129395,1.098633,3.417969,-1.220703
11324,-0.041016,-0.127197,1.065186,1.953125,3.051758,-2.624512
11333,-0.052734,-0.211548,0.938477,1.953125,2.563477,-3.784180
11344,0.041382,0.001709,1.048218,1.831055,1.953125,-4.333496
11354,0.052124,0.007568,1.083130,2.136230,2.990723,-4.089355
11363,0.066772,-0.225708,1.020508,2.441406,2.990723,-3.845215
11373,0.111572,-0.084839,1.069824,2.563477,2.929688,-4.272461
11385,0.012817,-0.069702,1.107666,2.685547,1.831055,-6.164551
11394,-0.000854,-0.061523,1.094238,3.356934,1.098633,-7.141113
11403,0.016113,-0.018066,1.111572,4.211426,1.159668,-8.178711
11414,-0.045288,-0.114258,0.989014,4.455566,0.976562,-9.460449
11423,0.018188,-0.182495,0.973022,4.150391,0.854492,-9.521484
11434,0.073730,-0.078491,1.062378,3.784180,0.976562,-9.460449
11443,0.012085,-0.133789,0.820557,3.417969,0.793457,-8.850098
11455,0.080933,-0.125244,0.896362,3.356934,1.892090,-6.896973
11464,0.040771,-0.195312,0.864136,1.770020,1.953125,-5.737305
11474,0.021973,-0.026733,0.984009,0.976562,1.953125,-4.882812
11483,-0.000366,0.033569,1.046753,1.220703,1.892090,-3.906250
11494,-0.037720,-0.047363,1.038574,1.647949,1.953125,-4.150391
11503,-0.041992,-0.096802,0.997803,1.831055,1.586914,-4.638672
11513,-0.038452,-0.222656,0.840576,1.403809,1.098633,-5.187988
11525,-0.011230,-0.019409,0.874512,-0.244141,1.647949,-3.356934
11534,-0.060913,-0.019897,0.919922,-2.807617,2.685547,-1.281738
11544,-0.085571,0.061890,0.984253,-3.173828,3.417969,0.793457
11554,-0.055542,0.028564,1.063110,-2.441406,3.662109,1.464844
11563,-0.061157,-0.010986,1.008911,-2.502441,2.990723,1.037598
11574,-0.003052,-0.032959,1.040527,-2.502441,2.563477,0.732422
11583,-0.020508,-0.036377,0.938599,-2.258301,2.624512,0.671387
11595,0.019165,-0.100708,0.949951,-2.380371,3.173828,3.173828
11604,0.009033,-0.109619,1.000854,-2.380371,3.356934,4.699707
11613,-0.106079,-0.127930,1.045654,-2.746582,3.540039,5.187988
11624,-0.200928,-0.192017,0.986084,-2.868652,4.272461,5.249023
11634,-0.033936,-0.023926,1.030762,-2.624512,5.004883,4.333496
11644,0.104980,-0.199219,1.259033,-1.403809,3.906250,1.770020
11653,-0.004150,-0.237549,0.933350,-1.220703,0.793457,-1.403809
11665,0.027222,-0.101440,1.034912,-1.892090,-0.183105,-4.516602
11674,0.053711,-0.093140,0.926147,-3.051758,0.183105,-4.150391
11684,0.080811,0.137085,0.998657,-3.356934,0.427246,-3.723145
11694,0.063477,-0.140869,1.001221,-2.441406,1.037598,-3.112793
11704,0.050903,-0.308228,0.906372,-2.197266,0.915527,-2.990723
11714,0.093262,-0.234253,0.890625,-3.601074,0.610352,-2.990723
11726,-0.082642,-0.005981,0.947510,-5.554199,-0.732422,-2.319336
11736,-0.094849,-0.190674,0.917603,-5.737305,0.427246,0.061035
11745,-0.021362,0.026489,0.958862,-6.103516,1.159668,1.770020
11754,-0.015869,-0.087402,1.006104,-6.042480,1.037598,2.563477
11764,-0.089355,-0.065674,1.017700,-6.347656,0.183105,3.295898
11773,-0.070679,0.036011,0.895874,-6.408691,0.427246,4.089355
11784,-0.048462,-0.134033,0.928589,-5.432129,1.586914,4.943848
11793,-0.007935,-0.121094,0.999268,-4.699707,1.586914,5.737305
11805,-0.045654,-0.102051,0.982788,-5.065918,0.915527,5.554199
11815,-0.037842,0.010132,1.151489,-4.516602,0.915527,5.432129
11824,-0.119751,-0.044922,0.952637,-3.906250,0.671387,4.943848
11834,-0.164307,-0.076050,0.990601,-3.234863,0.427246,3.601074
11844,-0.123901,-0.166626,1.017090,-2.380371,0.549316,2.685547
11854,-0.044189,-0.196533,0.877197,-2.441406,1.586914,2.624512
11863,-0.056274,-0.065063,0.960937,-2.685547,1.525879,2.502441
11875,-0.095947,-0.115479,0.927490,-2.319336,1.525879,3.234863
11885,0.032959,-0.045776,1.060303,-2.380371,2.014160,3.234863
11894,-0.009277,-0.165771,1.051147,-2.075195,0.976562,2.258301
11904,-0.062256,-0.154053,1.058105,-1.770020,0.366211,0.671387
11914,0.063477,-0.014404,1.125732,-1.464844,0.244141,-0.549316
11924,0.088623,-0.175659,1.055542,-0.854492,0.427246,-2.441406
11934,0.095825,-0.161499,0.930054,-0.854492,-0.854492,-5.981445
11945,0.103638,-0.096436,1.075317,-1.403809,-1.892090,-7.080078
11955,0.042480,-0.083984,1.061523,-1.159668,-2.075195,-8.178711
11965,0.087036,-0.009521,1.087769,-0.915527,-2.380371,-9.338379
11974,0.041748,-0.172729,0.914673,-0.610352,-2.624512,-10.559082
11984,0.049438,-0.142578,0.951660,-1.037598,-2.868652,-11.291504
11993,0.066406,0.027222,1.017700,-1.831055,-3.234863,-11.291504
12005,-0.023071,-0.074219,1.046631,-1.831055,-2.014160,-11.047363
12015,0.029907,-0.088379,1.079468,-1.464844,-2.258301,-11.230469
12025,0.006104,-0.109985,0.900513,-1.342773,-2.868652,-12.817383
12034,0.035156,0.044922,1.052612,-1.342773,-3.051758,-13.854980
12044,0.036011,-0.064697,0.971802,-1.037598,-3.173828,-14.526367
12054,0.008545,-0.077148,0.888184,-0.488281,-2.624512,-14.892578
12064,0.037842,-0.012085,0.947510,0.061035,-2.441406,-15.380859
12074,0.029541,-0.113525,0.880615,0.366211,-1.770020,-13.183594
12085,0.035034,0.042480,1.003296,0.488281,-1.953125,-12.695313
12095,-0.043945,-0.104736,0.914429,1.220703,-0.915527,-12.207031
12105,0.010254,-0.056152,0.951538,0.915527,-1.464844,-12.084961
12114,0.013062,-0.036865,1.046631,0.915527,-1.037598,-12.573242
12124,-0.054687,-0.081055,1.002563,0.854492,-0.915527,-13.671875
12133,-0.042847,0.017944,1.087280,1.159668,-0.793457,-14.770508
12146,-0.023926,-0.095947,0.982544,2.197266,0.183105,-16.174316
12156,0.020020,-0.066650,0.999023,2.502441,0.183105,-16.296387
12165,0.001465,-0.158325,0.867676,2.624512,0.976562,-14.770508
12174,-0.018433,-0.089111,0.915527,1.831055,1.708984,-12.084961
12184,0.001831,0.083130,1.150146,1.281738,2.807617,-8.605957
12193,-0.101807,0.042358,1.231689,1.953125,3.906250,-6.164551
12204,-0.128296,-0.101318,1.136475,2.990723,4.699707,-4.943848
12213,-0.110962,-0.152222,1.019531,3.173828,5.065918,-4.150391
12225,-0.115479,-0.180542,0.837280,2.685547,4.699707,-2.197266
12234,-0.140747,-0.293457,0.645386,-0.366211,5.554199,0.610352
12244,-0.117798,-0.080200,0.871948,-2.380371,7.324219,4.699707
12254,-0.128296,0.085449,1.064331,-3.479004,8.911133,9.094238
12264,-0.214844,0.053101,1.053833,-3.662109,9.094238,10.681152
12273,-0.154663,-0.045898,1.045410,-3.417969,9.887695,11.230469
12285,-0.111206,-0.115356,0.881714,-3.295898,8.422852,8.178711
12295,-0.065430,-0.096924,0.886597,-3.601074,8.117676,8.544922
12304,-0.077881,-0.062622,0.810059,-3.906250,8.300781,8.422852
12314,-0.007568,-0.088623,0.799683,-4.333496,8.972168,10.192871
12323,0.028198,-0.069946,0.781738,-5.126953,8.728027,12.207031
12334,-0.025024,-0.051758,0.844238,-5.920410,8.361816,13.610840
12344,-0.033325,0.009033,0.987061,-6.286621,8.422852,15.380859
12356,-0.090820,-0.031494,1.145996,-4.943848,7.812500,15.075684
12366,-0.097900,-0.034180,1.078247,-3.906250,7.568359,13.244629
12375,-0.017700,0.040405,1.157715,-2.929688,6.958008,10.498047
12384,-0.026489,-0.231445,1.006226,-1.953125,5.920410,7.873535
12394,0.017700,-0.201172,0.927246,-1.831055,5.249023,6.164551
12404,0.062012,-0.124756,0.977783,-1.892090,5.126953,5.615234
12414,0.076904,-0.141113,0.920654,-2.380371,4.943848,5.615234
12426,0.021362,-0.094116,1.033691,-3.173828,4.455566,7.446289
12436,-0.015869,-0.101074,1.111206,-3.051758,4.699707,7.995605
12445,-0.007324,-0.033691,1.204712,-2.807617,4.394531,7.507324
12454,-0.039917,-0.132690,1.116211,-2.563477,3.356934,5.615234
12464,-0.028076,-0.056885,1.022339,-2.380371,3.540039,3.967285
12474,-0.000122,-0.086304,1.023926,-2.807617,2.624512,2.563477
12484,-0.018555,-0.103027,0.910889,-3.051758,2.258301,1.708984
12494,-0.043701,-0.034790,1.025146,-4.089355,3.051758,2.685547
12503,-0.008911,-0.083252,0.988281,-4.577637,2.990723,3.356934
12514,0.010986,-0.005859,1.059692,-4.638672,2.990723,3.479004
12524,0.009277,-0.053955,0.964600,-4.638672,2.197266,3.112793
12534,0.030396,-0.019409,0.983521,-4.516602,1.953125,2.502441
12544,0.030151,-0.028931,0.941040,-4.455566,1.831055,2.136230
12554,0.025635,0.091309,0.991699,-4.394531,1.892090,2.441406
12564,0.023315,0.023926,0.994507,-3.479004,1.953125,2.746582
12575,0.021851,-0.010498,0.928345,-1.953125,1.892090,2.502441
12585,0.012085,-0.140747,0.887573,-1.342773,1.220703,1.831055
12594,-0.014893,-0.100098,0.869507,-1.464844,1.342773,2.258301
12604,-0.075684,-0.062744,0.893433,-1.220703,1.647949,1.953125
12613,-0.103882,0.047363,0.952026,-1.281738,1.892090,2.075195
12624,-0.086792,-0.018677,1.025757,-0.427246,2.624512,2.075195
12636,-0.014648,-0.155029,0.939575,1.342773,2.502441,-0.244141
12646,0.045288,-0.190674,0.980591,1.464844,1.831055,-1.403809
12655,0.054810,-0.082764,1.015869,1.464844,1.892090,-1.831055
12665,0.096558,-0.109009,1.084106,2.258301,1.831055,-1.831055
12674,0.087646,-0.328613,0.986206,2.807617,1.770020,-1.037598
12684,0.092773,-0.226562,1.003662,2.319336,1.098633,-0.793457
12694,0.100342,-0.139160,1.061646,1.525879,1.159668,-0.549316
12704,0.049683,-0.102905,1.090088,1.037598,1.342773,1.342773
12715,-0.048096,-0.195923,0.953247,0.915527,0.732422,1.708984
12725,-0.024780,-0.192017,0.927490,0.427246,1.220703,2.319336
12734,0.029175,-0.143433,0.954834,-0.427246,1.708984,3.967285
12744,-0.032837,-0.088745,0.960205,-1.342773,1.647949,5.981445
12754,-0.059814,0.015991,1.024048,-2.014160,1.892090,8.300781
12764,-0.120972,-0.083252,0.938232,-2.441406,2.807617,10.620117
12773,-0.094971,-0.044800,0.976196,-3.112793,3.417969,12.207031
12785,-0.105469,-0.005859,1.003296,-4.150391,3.112793,13.427734
12795,-0.107300,0.022339,1.046753,-4.211426,3.234863,13.366699
12804,-0.080444,-0.018921,0.937378,-3.662109,3.173828,13.000488
12814,-0.052490,0.061035,0.977417,-3.112793,2.807617,11.840820
12824,-0.007935,-0.087769,0.901123,-2.929688,2.929688,12.023926
12834,0.013428,-0.061157,0.902344,-3.540039,2.624512,12.084961
12844,-0.033081,0.134766,1.116089,-3.845215,2.380371,11.962891
12855,-0.058594,-0.036743,1.147095,-1.281738,2.990723,10.253906
12865,-0.003296,-0.092773,1.077026,0.061035,1.770020,7.080078
12874,-0.004761,-0.268311,0.939087,0.427246,0.488281,3.295898
12884,0.079712,-0.180664,0.931763,-0.122070,-0.122070,0.854492
12894,0.076050,-0.178711,0.969116,-0.915527,-0.122070,0.122070
12904,0.048096,-0.101196,0.927734,-1.037598,-0.244141,0.427246
12916,0.053101,-0.157471,0.909668,-1.098633,0.122070,1.586914
12926,0.087769,-0.066406,1.007446,-1.403809,-0.061035,1.708984
12935,0.019531,-0.101929,1.030151,-1.342773,-0.366211,1.647949
12945,0.032837,-0.044067,1.045898,-1.220703,-0.427246,1.708984
12954,-0.013794,0.018555,1.094360,-0.610352,-1.037598,0.671387
12964,-0.012695,-0.164551,0.953979,-0.244141,-1.525879,-0.549316
12973,0.039063,-0.125488,0.957275,-0.976562,-2.014160,-1.403809
12985,0.126343,-0.090088,1.028076,-2.075195,-1.892090,-0.061035
12995,0.050171,0.092651,1.266968,-1.953125,-2.075195,-0.061035
13004,0.088745,0.033081,1.224365,-0.610352,-1.892090,-0.366211
13014,0.104614,-0.105103,1.131714,0.976562,-1.953125,-2.075195
13024,0.160278,-0.147949,1.033936,1.159668,-2.868652,-4.028320
13034,0.086182,-0.171875,0.953003,0.976562,-4.089355,-5.554199
13044,0.035400,-0.097168,0.952271,0.976562,-4.394531,-5.737305
13054,0.018433,0.026733,1.042603,1.342773,-2.624512,-4.882812
13065,-0.021484,-0.026855,1.010498,2.258301,-2.624512,-5.065918
13075,-0.032349,-0.129272,0.946167,2.380371,-3.051758,-5.554199
13085,-0.002319,-0.083984,0.927490,2.563477,-2.624512,-5.737305
13094,-0.018677,-0.009155,1.042114,2.868652,-2.014160,-5.249023
13104,-0.028076,-0.120605,0.992310,3.540039,-2.014160,-5.065918
13114,-0.007568,-0.087646,1.064331,4.028320,-1.525879,-5.249023
13126,0.053467,-0.128296,0.997192,5.371094,-1.770020,-5.920410
13136,0.062134,-0.237671,0.902100,5.798340,-2.380371,-6.408691
13145,0.074585,-0.188721,0.893188,5.371094,-2.502441,-6.713867
13155,0.033569,-0.173462,0.859375,4.760742,-2.197266,-5.981445
13164,0.074585,-0.027466,1.020630,3.845215,-1.770020,-4.821777
13174,0.001831,-0.066650,0.985840,3.173828,-1.098633,-3.112793
13184,0.003784,-0.041382,1.049927,2.929688,-1.098633,-2.258301
13194,-0.015869,0.029907,1.047852,2.990723,-0.915527,-1.098633
13204,0.010254,-0.132690,0.929565,2.319336,-1.037598,-0.793457
13214,-0.002319,-0.050537,0.876099,1.647949,-0.854492,0.488281
13224,0.024414,0.005127,0.910767,0.610352,-0.122070,2.563477
13234,0.006348,-0.022095,0.954102,0.000000,0.183105,4.882812
13243,0.027466,-0.003906,0.970703,-0.244141,0.488281,6.774902
13254,0.026489,-0.039917,1.003540,-0.244141,0.610352,7.873535
13264,0.019165,-0.161987,0.948364,-0.427246,-0.183105,7.446289
13275,-0.323120,-0.264160,0.896240,-0.793457,0.854492,6.225586
13285,-0.022339,-0.127197,0.920654,-0.671387,2.929688,6.042480
13294,0.207764,-0.456909,0.982666,-0.183105,2.746582,4.943848
13304,0.185547,-0.292236,0.870728,-0.305176,-1.098633,2.929688
13314,-0.039917,-0.124634,1.027832,-0.976562,-2.929688,3.173828
13324,-0.099731,-0.040405,1.169434,-1.953125,-2.502441,3.906250
13334,-0.056885,0.083130,1.138184,-2.807617,-0.488281,2.868652
13345,-0.107300,-0.128784,0.882568,-2.563477,-0.305176,0.854492
13355,-0.044067,-0.186768,0.987061,-2.258301,0.549316,-0.305176
13365,-0.068359,-0.166626,0.929443,-2.807617,0.183105,-2.502441
13374,-0.094604,-0.105591,1.101196,-3.540039,0.061035,-3.967285
13384,-0.107422,-0.150879,1.070679,-4.150391,0.000000,-4.516602
13394,0.006104,0.040161,1.112671,-4.089355,1.647949,-3.662109
13406,-0.006714,-0.180420,0.990845,-2.380371,0.915527,-1.831055
13416,0.018311,-0.152710,1.007568,-2.807617,0.183105,-0.915527
13425,0.057007,-0.187012,1.035889,-3.784180,1.037598,0.000000
13435,-0.035034,0.001099,0.942261,-5.371094,1.770020,1.586914
13444,-0.095825,0.107422,1.128418,-5.615234,2.563477,2.685547
13454,-0.163208,-0.016357,1.176270,-4.455566,3.051758,2.624512
13463,-0.105957,-0.088379,1.136353,-3.173828,3.723145,1.586914
13476,-0.055542,-0.162598,0.886353,-2.929688,2.441406,-0.915527
13486,-0.097046,-0.160034,0.761108,-3.723145,2.807617,0.305176
13496,-0.052734,-0.109619,0.720947,-4.455566,3.234863,2.746582
13506,-0.067749,-0.069092,0.771240,-5.004883,4.089355,6.103516
13515,-0.044189,-0.064453,0.853027,-5.310059,5.004883,9.765625
13525,-0.052368,-0.072266,0.900513,-5.676270,5.920410,12.756348
13534,-0.034546,0.015137,0.861328,-5.920410,6.225586,14.770508
13544,-0.034546,0.000977,0.913818,-5.981445,6.652832,16.601562
13555,-0.064575,-0.004150,1.039917,-5.065918,5.493164,15.075684
13565,-0.069824,-0.045410,1.041748,-4.455566,5.554199,13.793945
13574,-0.021484,-0.002075,1.070923,-4.150391,5.126953,11.657715
13584,-0.011597,-0.043945,1.048340,-3.540039,4.211426,9.521484
13593,0.000610,-0.146240,0.923706,-2.990723,3.540039,7.812500
13604,0.079346,-0.052002,1.007690,-2.563477,3.540039,6.408691
13616,0.044800,-0.050049,1.119019,-1.464844,2.990723,4.943848
13626,0.046387,-0.104004,1.077637,-0.976562,2.807617,4.699707
13635,0.086548,-0.233154,0.977051,-0.671387,2.685547,4.638672
13645,0.059326,-0.162842,0.939575,-0.488281,2.319336,4.394531
13654,0.007568,-0.172485,0.827759,-1.220703,1.770020,4.821777
13664,-0.013062,-0.083618,0.914307,-2.197266,1.647949,5.859375
13674,-0.033081,-0.131226,0.953003,-2.685547,2.563477,7.385254
13684,-0.066772,-0.058228,0.929932,-3.295898,2.868652,8.972168
13695,-0.043457,-0.018921,0.940430,-3.662109,2.929688,8.911133
13705,-0.051880,-0.022095,0.932251,-3.967285,2.807617,8.422852
13715,-0.024292,-0.012939,0.971191,-4.333496,2.685547,7.568359
13724,-0.007813,0.054199,1.067261,-4.882812,2.319336,6.469727
13734,0.030396,-0.119141,1.003540,-4.760742,1.953125,5.310059
13744,0.082642,-0.142334,0.919556,-4.638672,1.098633,3.967285
13756,0.072388,0.050903,0.928711,-6.042480,0.671387,2.990723
13766,0.057251,-0.090088,0.996216,-5.981445,1.098633,3.967285
13775,0.091797,-0.061279,1.091431,-6.225586,0.976562,4.577637
13785,0.017578,-0.000610,1.129639,-6.408691,0.793457,4.821777
13795,0.037842,0.011963,1.107788,-6.286621,0.915527,4.394531
13804,0.042480,0.001465,1.080322,-5.249023,1.037598,3.906250
13814,0.054443,-0.140137,1.019409,-4.699707,0.305176,2.868652
13824,-0.015625,-0.053467,1.071777,-4.394531,0.000000,2.502441
13835,0.036011,0.014648,1.079346,-3.540039,0.671387,3.295898
13844,0.020386,-0.139282,0.983398,-2.441406,0.854492,4.089355
13854,-0.049072,-0.134521,0.862549,-2.014160,0.610352,4.577637
13864,-0.021851,-0.125977,0.927612,-1.464844,0.671387,5.126953
13874,-0.007324,-0.183105,0.913940,-1.159668,1.159668,5.615234
13883,-0.068604,-0.043091,0.980469,-1.464844,1.281738,6.164551
13896,-0.088989,-0.104614,1.012817,-0.976562,1.892090,5.676270
13906,0.001221,-0.098511,1.056763,-0.854492,1.770020,4.638672
13915,-0.007690,-0.192383,0.923828,-0.732422,1.586914,3.540039
13925,0.015747,-0.078491,1.029785,-0.854492,0.549316,2.075195
13935,0.005615,-0.044434,1.010864,-1.159668,0.732422,1.037598
13944,0.088135,-0.061890,1.054810,-0.976562,1.098633,0.488281
13954,0.115967,-0.079102,1.189819,-0.305176,1.098633,-0.061035
13966,0.089233,-0.072632,1.019653,-0.061035,0.061035,-1.464844
13976,0.081909,-0.086548,1.032715,-0.122070,-0.366211,-0.976562
13985,0.025269,-0.136597,1.001709,-0.183105,0.061035,-0.061035
13995,-0.014771,-0.046021,1.052368,-0.366211,0.549316,1.770020
14004,-0.044067,-0.099365,0.951904,-0.122070,1.159668,4.089355
14014,-0.060059,-0.068848,1.024536,0.427246,2.197266,6.103516
14024,-0.090820,-0.109253,0.988159,0.244141,2.502441,8.361816
14034,-0.126343,-0.049927,0.910889,0.183105,3.479004,12.695313
14045,-0.091187,-0.209595,0.842529,0.366211,4.150391,14.099121
14055,-0.022827,-0.167969,0.878662,-0.305176,3.906250,15.380859
14064,-0.085571,-0.083740,0.795654,-0.732422,3.662109,16.296387
14074,-0.014160,0.003662,0.918945,-1.037598,3.906250,17.150879
14085,0.025391,0.010254,1.055908,-0.854492,4.211426,18.127441
14094,0.025024,-0.144043,1.036133,-0.183105,4.211426,18.493652
14106,0.013672,-0.140015,0.942139,0.305176,2.807617,15.930176
14116,0.114258,-0.115234,0.968628,0.244141,2.197266,14.404297
14125,0.066772,-0.163208,0.937622,0.000000,1.098633,13.305664
14134,0.059204,-0.182373,0.774414,-0.854492,0.244141,12.573242
14144,-0.004150,-0.099731,0.940063,-1.770020,0.061035,12.512207
14154,0.053955,-0.084961,1.095215,-2.075195,0.549316,13.061523
14164,0.009399,0.010986,1.236084,-1.586914,1.159668,13.732910
14176,0.018188,-0.001343,1.320068,1.098633,0.366211,11.291504
14186,0.022949,-0.264282,1.070068,2.624512,-0.610352,8.666992
14195,0.109863,-0.516724,0.761841,2.868652,-1.403809,6.652832
14204,0.056519,-0.382813,0.681152,0.549316,-2.868652,6.103516
14214,0.102173,0.024414,0.958252,-2.197266,-2.319336,7.629395
14224,0.021606,0.103760,1.188721,-2.929688,-1.220703,11.047363
14234,0.002319,0.021240,1.160156,-1.892090,-0.732422,12.634277
14244,0.026733,-0.129028,1.008911,-1.159668,-0.976562,10.559082
14255,0.103027,-0.073242,0.842896,-2.807617,-3.601074,8.483887
14265,0.080078,-0.028687,0.966797,-3.845215,-4.394531,7.690430
14274,0.041870,0.159424,1.073364,-4.272461,-4.577637,7.263184
14284,0.042969,0.129028,1.232300,-3.723145,-4.577637,6.042480
14293,0.055420,-0.047119,1.132202,-2.563477,-5.126953,3.601074
14304,0.122192,-0.003418,1.088379,-2.014160,-5.493164,-0.122070
14314,0.092529,-0.056885,1.009033,-1.586914,-6.469727,-5.126953
14324,0.083374,0.002319,1.152588,-0.366211,-6.896973,-6.835937
14334,0.030762,-0.105103,1.089722,0.549316,-7.446289,-8.544922
14344,-0.036865,-0.115845,1.038208,1.098633,-8.056641,-10.192871
14354,0.015869,-0.127930,0.886841,1.525879,-8.239746,-11.413574
14364,-0.045654,-0.130371,0.888184,1.281738,-7.507324,-11.352539
14374,0.032959,-0.139404,0.861572,1.159668,-6.164551,-9.521484
14384,-0.005615,-0.012207,0.830322,1.220703,-3.417969,-6.103516
14395,0.032104,-0.455566,0.760986,2.441406,-3.234863,-5.126953
14405,0.097290,-0.266724,0.662476,0.427246,-3.295898,-3.051758
14414,0.024780,0.025513,0.857788,-1.586914,-3.417969,-1.220703
14424,-0.131958,0.054932,1.030884,-1.770020,-2.807617,1.098633
14433,-0.102417,-0.168457,0.974731,-1.953125,-1.098633,4.150391
14444,-0.074463,-0.038086,0.959961,-1.647949,-0.305176,5.065918
14454,-0.056885,-0.161011,0.933716,-0.915527,-0.915527,4.333496
14464,-0.078125,-0.105469,0.894043,-1.770020,-0.244141,5.187988
14474,-0.052246,-0.208130,0.892456,-2.380371,0.366211,6.469727
14484,-0.088135,0.000366,1.066650,-3.295898,0.610352,8.117676
14494,-0.095215,0.036621,1.195313,-3.845215,1.159668,9.521484
14504,-0.081787,-0.167969,1.191406,-3.234863,2.136230,10.375977
14514,0.073120,-0.106812,1.154419,-3.112793,2.197266,10.803223
14526,0.004272,-0.119629,0.924561,-2.868652,0.183105,11.291504
14536,0.002075,-0.143921,1.037109,-2.624512,1.037598,13.977051
14545,0.011841,-0.128662,1.047241,-2.990723,1.403809,16.723633
14555,-0.034180,-0.041748,1.134644,-2.929688,1.892090,18.920898
14564,-0.055298,-0.059204,1.102661,-2.441406,2.197266,20.690918
14574,-0.073975,-0.156494,0.989990,-1.708984,2.197266,21.179199
14584,-0.016846,-0.041626,0.960083,-2.136230,1.281738,20.874023
14594,-0.091797,-0.172607,0.950684,-2.075195,0.122070,18.676758
14604,-0.156860,-0.048096,1.172363,-1.464844,0.244141,17.333984
14614,0.027954,-0.216797,1.027344,-0.915527,0.366211,15.380859
14624,0.050171,-0.130249,0.955322,-0.976562,-1.159668,12.939453
14634,0.037964,0.025391,1.092773,-1.647949,-2.563477,11.169434
14644,0.046509,-0.035522,1.069824,-2.563477,-2.624512,10.253906
14654,0.129150,-0.010254,1.093872,-2.624512,-2.197266,8.972168
14664,0.146484,-0.114136,1.062988,-2.136230,-4.455566,5.981445
14674,0.111816,-0.254150,0.876221,-3.540039,-5.126953,5.126953
14684,0.101563,-0.013794,0.931885,-4.760742,-5.798340,5.371094
14694,0.028076,0.196045,1.123047,-4.516602,-5.554199,6.164551
14704,-0.036377,-0.073364,1.040649,-2.929688,-5.859375,6.408691
14714,-0.033447,-0.151245,0.942139,-1.708984,-5.798340,5.310059
14724,0.036621,-0.124268,0.837280,-1.708984,-5.737305,4.150391
14736,-0.023682,0.143066,1.024292,-2.685547,-6.591797,2.746582
14745,-0.067993,0.043945,0.956055,-1.525879,-6.652832,2.380371
14755,-0.014771,-0.120361,0.985718,-0.488281,-6.103516,1.770020
14764,0.071289,-0.157227,0.878418,-0.061035,-6.042480,-0.244141
14774,0.094727,-0.139160,0.873779,-0.732422,-6.896973,-1.953125
14784,0.125854,-0.031250,0.928955,-0.854492,-7.629395,-3.601074
14794,0.109253,-0.077637,0.902588,-0.366211,-7.690430,-4.882812
14804,0.113159,-0.134521,0.945679,-0.122070,-8.300781,-7.446289
14816,0.093018,-0.150269,0.923096,-1.281738,-9.277344,-8.361816
14825,0.094116,-0.035767,1.019165,-1.892090,-8.483887,-8.850098
14835,0.097778,-0.010010,1.048706,-2.014160,-8.605957,-9.338379
14845,0.048218,0.033569,1.134521,-1.037598,-9.033203,-9.826660
14854,-0.006226,-0.122192,1.007935,-0.244141,-9.155273,-10.375977
14864,-0.028931,-0.241455,0.968994,-0.366211,-8.789063,-10.925293
14874,0.053467,-0.077637,1.026978,-2.075195,-7.812500,-9.887695
14886,0.030762,-0.075562,0.926025,-2.624512,-7.629395,-8.544922
14895,0.044312,-0.185669,0.897827,-3.234863,-6.958008,-6.896973
14905,0.057373,-0.138672,0.952515,-4.150391,-6.713867,-5.126953
14915,0.087158,-0.014771,1.074951,-5.126953,-6.225586,-2.929688
14924,0.002319,0.007935,1.147827,-5.249023,-6.225586,-1.464844
14934,-0.020630,0.120605,1.245483,-4.577637,-6.469727,-1.586914
14944,-0.023560,0.011230,1.152954,-3.906250,-6.530762,-4.211426
14955,0.036987,-0.094116,1.025635,-3.601074,-7.507324,-5.493164
14965,0.067871,-0.151245,0.928589,-4.089355,-7.507324,-6.408691
14975,0.080200,0.040649,0.983643,-5.126953,-7.080078,-6.652832
14984,0.076294,0.094238,1.162109,-5.187988,-7.202148,-6.896973
14994,0.026855,0.019653,1.060181,-4.028320,-7.324219,-7.812500
15004,0.033569,-0.037231,1.036133,-2.624512,-7.568359,-9.399414
15016,0.059570,-0.149170,0.839233,-1.892090,-7.690430,-11.352539
15030,0.053467,-0.083130,0.807495,-2.929688,-8.300781,-13.916016
15040,0.012939,0.041504,0.971802,-3.234863,-6.958008,-14.831543
15048,0.019043,-0.047241,0.995972,-3.234863,-6.958008,-14.831543
15058,-0.000610,-0.102783,0.994385,-0.915527,-7.385254,-18.249512
15067,0.058228,-0.065063,0.993408,-0.671387,-7.873535,-21.179199
15077,0.114746,-0.223999,0.830566,-1.098633,-8.178711,-23.620605
15086,0.055176,-0.178101,0.784302,-1.770020,-8.117676,-25.146484
15096,0.069458,-0.156860,0.781860,-2.197266,-7.690430,-26.062012
15105,0.048462,-0.101196,0.869019,-2.868652,-7.202148,-25.817871
15115,0.039307,0.066284,1.033325,-2.990723,-6.103516,-25.512695
15124,-0.030029,0.077271,1.135132,-2.868652,-5.676270,-25.268555
15134,-0.096313,0.003662,1.067749,-1.892090,-5.004883,-25.634766
15144,-0.064331,0.003662,1.103149,-0.732422,-4.272461,-26.245117
15154,-0.077026,-0.156616,0.950928,-0.244141,-2.563477,-25.024414
15164,-0.050171,0.051636,1.058228,-0.915527,-1.525879,-22.460937
15174,-0.099243,-0.066284,1.031494,-0.854492,-0.305176,-18.615723
15184,-0.154419,-0.006714,1.059204,-0.549316,1.281738,-14.587402
15194,-0.098022,-0.059204,1.121338,-0.244141,3.234863,-10.620117
15204,-0.124878,-0.047729,1.075928,-0.061035,4.150391,-7.629395
15214,-0.150879,0.016113,1.105591,0.427246,4.577637,-5.676270
15224,-0.183594,-0.100830,1.020386,0.671387,5.126953,-0.732422
15235,-0.140137,-0.144165,0.989136,1.525879,7.690430,2.258301
15245,-0.130127,-0.196899,0.869141,0.854492,8.544922,4.882812
15254,-0.066162,0.134644,1.020874,-0.122070,9.155273,8.361816
15264,-0.094849,0.129395,1.090698,-0.061035,9.338379,12.451172
15274,-0.081909,-0.007690,0.957886,0.488281,10.009766,16.967773
15284,-0.086304,-0.124146,1.003296,0.671387,10.803223,21.179199
15296,-0.138184,-0.086304,1.007202,-1.464844,10.253906,24.536133
15306,-0.190063,0.002563,0.963867,-2.319336,9.887695,24.230957
15315,-0.133423,0.089233,1.108276,-1.770020,10.070801,23.681641
15325,-0.054443,-0.031738,1.075439,-0.732422,9.277344,22.644043
15334,0.000732,-0.181641,0.972900,-0.610352,8.300781,21.545410
15345,0.006470,-0.021606,1.045532,-1.037598,7.141113,20.324707
15354,0.068604,-0.071289,0.968140,-1.159668,6.774902,20.019531
15366,0.042847,-0.128784,0.896729,-0.732422,6.164551,20.751953
15375,0.060669,-0.282959,0.848877,-0.427246,4.455566,20.629883
15385,0.044312,-0.082031,0.937622,-1.770020,4.089355,20.751953
15394,0.040894,-0.003662,1.002808,-2.624512,3.051758,20.019531
15404,-0.040649,0.063110,1.064331,-2.136230,1.892090,19.348145
15414,-0.064941,-0.048706,0.945190,-0.732422,0.915527,17.517090
15424,-0.035767,-0.117920,0.952515,0.305176,0.854492,16.296387
15436,0.004272,-0.139648,0.938477,-0.732422,-0.793457,11.779785
15446,0.012695,-0.021729,1.047974,-0.854492,-1.708984,10.681152
15456,0.058716,-0.033691,1.055054,-0.061035,-1.892090,8.117676
15465,0.084839,-0.044189,1.035156,0.732422,-2.502441,7.080078
15474,0.126709,-0.227661,0.960205,0.854492,-2.807617,5.126953
15484,0.085815,-0.212524,0.876099,-0.122070,-4.333496,3.601074
15494,0.146240,-0.082031,1.083374,-1.525879,-4.760742,2.990723
15504,0.039795,-0.052856,1.029297,-1.892090,-5.310059,0.000000
15515,-0.084961,-0.236938,1.039673,-0.366211,-4.516602,-3.417969
15525,0.094849,-0.346191,1.040649,-1.159668,-5.310059,-8.850098
15534,0.095459,-0.099365,1.206543,-2.258301,-7.812500,-16.052246
15545,0.090942,-0.054077,1.164063,-1.953125,-10.131836,-22.827148
15554,0.136719,0.004883,1.119263,-0.793457,-10.864258,-28.137207
15564,0.267578,-0.145386,0.956421,-0.244141,-9.582520,-28.686523
15576,0.171875,-0.050903,0.947021,-2.685547,-9.094238,-25.329590
15586,0.099365,-0.077393,0.904297,-3.356934,-8.117676,-23.010254
15596,0.033813,0.113403,1.102051,-3.479004,-7.202148,-21.545410
15605,-0.002563,0.110840,1.174316,-3.051758,-7.385254,-21.057129
15614,-0.162842,0.067871,1.073364,-2.258301,-7.446289,-21.911621
15624,-0.175293,-0.087280,0.916748,-1.586914,-6.530762,-22.460937
15636,-0.137451,-0.191895,0.748535,-2.746582,-4.211426,-21.606445
15645,-0.051514,0.003784,0.800415,-3.906250,-3.906250,-20.446777
15655,-0.042969,0.117065,1.043457,-4.455566,-2.807617,-16.845703
15664,-0.014038,0.092407,1.107666,-3.967285,-0.610352,-13.671875
15674,-0.043701,-0.018433,1.072876,-2.746582,0.976562,-10.192871
15685,-0.059692,-0.204712,0.879517,-2.197266,1.037598,-9.887695
15694,-0.106445,-0.171021,0.859253,-2.624512,0.488281,-10.375977
15704,-0.074097,-0.105103,0.898193,-2.746582,0.549316,-11.474609
15716,-0.064697,0.101685,1.152954,-1.342773,1.342773,-12.451172
15726,-0.099487,-0.146729,1.019653,-0.244141,1.892090,-11.413574
15735,-0.045532,-0.084961,1.038208,0.183105,3.295898,-10.314941
15744,-0.046143,-0.037109,1.075806,0.183105,3.845215,-9.277344
15754,-0.073853,-0.153198,0.979614,0.671387,3.662109,-9.216309
15764,-0.080200,-0.073242,1.067505,1.159668,4.455566,-9.399414
15774,-0.057861,-0.134155,1.135254,1.525879,4.638672,-9.887695
15786,-0.055786,-0.036377,1.165283,2.136230,5.004883,-9.704590
15796,-0.027954,-0.035156,1.113403,2.807617,6.774902,-9.338379
15806,-0.016724,-0.064941,1.148193,3.417969,7.141113,-8.666992
15815,-0.025391,-0.117676,1.138550,3.967285,7.385254,-7.690430
15825,0.010132,-0.084229,1.188354,4.333496,7.324219,-7.568359
15834,-0.047607,0.013184,1.243408,4.150391,7.690430,-6.469727
15846,-0.029785,-0.011108,1.161621,5.493164,8.300781,-5.126953
15855,-0.083618,-0.168213,0.825073,6.103516,8.239746,-3.662109
15864,-0.083618,-0.168213,0.825073,5.859375,8.605957,-1.220703
15874,-0.016357,-0.434082,0.474854,3.173828,9.704590,3.356934
15883,-0.056396,-0.178589,0.521240,-0.122070,10.803223,10.009766
15894,-0.170654,0.205811,0.837036,-2.624512,11.596680,17.456055
15903,-0.247070,0.182739,0.951660,-3.479004,13.427734,24.230957
15914,-0.258789,0.063477,0.969360,-2.685547,15.625000,29.235840
15925,-0.264526,-0.092651,0.882812,-1.892090,16.174316,30.090332
15935,-0.148926,-0.048218,0.960205,-2.197266,13.671875,27.648926
15945,-0.055176,0.005127,0.962158,-2.380371,13.305664,26.306152
15954,0.011719,0.196045,1.076660,-2.136230,12.634277,25.695801
15964,0.094971,0.114502,1.239258,-0.610352,11.901855,25.207520
15973,0.103760,-0.135010,1.103638,0.671387,11.657715,25.146484
15984,0.177490,-0.075439,1.093140,1.403809,11.169434,24.291992
15996,0.115967,-0.154053,0.908325,1.159668,7.751465,21.179199
16005,0.039551,-0.100342,0.956787,1.159668,6.042480,19.653320
16015,-0.023315,-0.127930,0.998047,1.159668,4.821777,18.188477
16024,-0.065674,-0.050903,1.001709,1.525879,4.394531,17.211914
16034,-0.089355,-0.153442,0.971191,1.586914,4.150391,16.052246
16044,-0.078857,-0.098267,0.936401,0.610352,3.662109,15.075684
16054,-0.022217,-0.061157,0.974854,-0.671387,3.967285,14.953613
16066,-0.019531,-0.017944,1.085327,-1.586914,3.112793,13.610840
16076,0.036133,-0.062500,1.161499,-0.976562,2.197266,11.718750
16085,0.022339,-0.104736,1.050781,-1.220703,1.770020,9.643555
16095,0.096191,0.062622,1.176025,-2.319336,1.281738,7.568359
16104,0.101318,-0.017090,1.061401,-2.807617,0.488281,6.103516
16114,0.108887,0.125977,1.032349,-3.173828,0.366211,5.371094
16124,0.102173,-0.007324,0.999146,-3.112793,0.305176,5.249023
16136,0.021851,0.042847,1.005737,-3.417969,-0.671387,5.737305
16145,-0.015747,0.000000,1.034180,-4.699707,-0.366211,7.019043
16155,-0.036255,0.030273,1.038940,-6.103516,0.122070,8.117676
16164,-0.070679,0.140015,1.020874,-7.202148,0.183105,8.483887
16174,-0.081909,0.202148,1.045288,-6.958008,0.366211,7.690430
16184,-0.093750,0.124390,1.091797,-5.798340,0.061035,6.408691
16194,-0.061768,0.070068,1.066650,-4.882812,-0.549316,4.455566
16204,-0.036865,0.081665,1.058105,-4.333496,-0.732422,1.098633
16215,0.025635,0.024536,0.958984,-1.831055,-1.159668,-0.183105
16224,0.015625,0.098145,0.883179,-0.549316,-0.915527,-1.037598
16234,0.004150,-0.106812,0.825806,0.488281,-0.915527,-1.037598
16244,0.026611,0.006348,0.939087,1.037598,-1.037598,-0.976562
16254,-0.011230,-0.094482,0.903076,1.159668,-0.549316,-0.488281
16264,-0.052979,0.023437,0.985840,0.976562,0.183105,0.366211
16276,-0.082153,-0.072144,1.031616,2.136230,0.976562,0.183105
16286,-0.033813,-0.035278,1.077759,2.258301,0.915527,-1.037598
16295,-0.012573,-0.052246,1.031250,2.258301,0.854492,-1.892090
16305,0.026978,-0.087646,0.954956,2.075195,0.854492,-2.746582
16314,0.056519,-0.098633,0.953491,2.380371,0.732422,-2.685547
16324,0.073120,-0.072510,0.960205,2.014160,0.915527,-1.220703
16334,0.059814,-0.058594,0.992310,1.037598,1.159668,1.281738
16346,0.005615,-0.071045,0.908203,1.159668,2.319336,6.408691
16356,0.002563,-0.148560,0.751221,1.037598,2.563477,9.033203
16365,0.039063,-0.162109,0.793457,-0.427246,2.075195,12.390137
16374,-0.064087,0.003784,0.868408,-1.953125,1.831055,16.052246
16384,-0.176025,-0.015137,0.864136,-2.563477,2.502441,19.775391
16394,-0.200195,0.189087,1.065796,-3.295898,3.234863,22.827148
16404,-0.158325,0.091187,1.112427,-3.417969,5.126953,25.573730
16416,-0.028564,-0.089355,0.928345,-1.647949,4.943848,25.573730
16425,-0.050049,-0.125610,0.791138,-2.014160,3.479004,24.902344
16435,0.017334,-0.019897,0.922852,-2.685547,2.624512,24.536133
16444,0.022095,0.004272,1.047485,-3.173828,2.380371,24.963379
16454,-0.047607,-0.035278,1.024048,-3.356934,2.746582,26.611328
16463,-0.045288,0.042725,1.006958,-3.601074,3.173828,27.709961
16474,-0.022705,0.018799,1.031006,-3.234863,3.295898,28.259277
16486,-0.050781,-0.051025,1.044189,-2.197266,1.770020,25.634766
16495,-0.025757,-0.035645,1.079834,-1.953125,0.366211,23.315430
16505,-0.006836,-0.074219,1.091431,-2.319336,-0.976562,20.324707
16514,-0.001587,-0.067871,1.057861,-2.136230,-1.770020,17.089844
16524,0.029663,-0.065063,0.999878,-2.197266,-2.197266,14.221191
16534,0.124023,-0.051147,1.007935,-2.441406,-2.563477,11.474609
16544,0.132568,-0.032837,0.994263,-2.502441,-3.479004,8.850098
16553,0.143311,-0.000610,1.013916,-2.441406,-4.760742,6.164551
16565,0.096802,-0.035156,1.011475,-2.502441,-6.225586,1.770020
16574,0.092651,-0.007568,1.071777,-2.990723,-6.713867,0.122070
16583,0.121948,0.050537,1.054810,-2.929688,-6.896973,-1.647949
16594,0.141235,-0.004150,1.071533,-3.173828,-7.385254,-3.051758
16603,0.171753,0.021606,1.054810,-2.990723,-7.873535,-5.004883
16614,0.144897,-0.005615,0.984619,-2.746582,-8.300781,-6.774902
16626,0.176392,0.004517,1.036255,-3.417969,-9.460449,-9.033203
16635,0.134033,0.038940,1.015747,-3.784180,-10.009766,-10.009766
16645,0.099854,0.026611,0.959717,-4.089355,-10.498047,-11.413574
16654,0.116333,-0.016235,0.986450,-4.516602,-10.986328,-12.573242
16663,0.120728,0.086914,0.973877,-5.065918,-10.925293,-13.854980
16674,0.097168,0.073608,0.970093,-5.126953,-11.169434,-15.441895
16683,0.070801,0.041016,0.947998,-5.249023,-11.596680,-17.089844
16696,0.077271,0.083008,1.011963,-5.676270,-11.840820,-20.996094
16705,0.049805,0.122925,0.996216,-5.920410,-11.718750,-22.827148
16714,0.061035,0.109131,1.096680,-5.310059,-11.413574,-25.207520
16724,0.052490,0.099487,1.010010,-4.333496,-11.413574,-28.076172
16733,0.092407,0.014404,0.990234,-3.417969,-11.779785,-31.066895
16744,0.118774,0.132935,0.912476,-3.112793,-12.512207,-33.203125
16753,0.107544,0.123901,1.007813,-2.197266,-12.390137,-34.667969
16766,0.040405,-0.063477,0.908203,-0.122070,-10.620117,-35.583496
16776,0.077148,-0.102051,0.894043,0.061035,-9.399414,-35.034180
16785,0.077759,-0.052856,1.030396,-0.122070,-8.850098,-35.034180
16795,0.033081,-0.019531,1.026367,-0.793457,-8.850098,-34.606934
16804,0.052124,0.046265,1.041748,-0.915527,-7.568359,-34.057617
16814,0.047729,0.079468,1.123169,-0.183105,-7.202148,-34.484863
16824,0.036255,0.115479,1.129028,1.037598,-7.080078,-35.644531
16833,0.051880,0.092041,1.033325,2.319336,-7.080078,-36.315918
16844,0.082397,0.018799,1.044434,2.807617,-5.981445,-34.851074
16854,0.069946,0.097046,1.111450,2.075195,-4.638672,-32.470703
16864,0.005127,-0.011963,0.985962,2.075195,-3.784180,-29.846191
16873,-0.011230,-0.025635,0.957642,2.075195,-2.502441,-27.038574
16884,-0.031616,-0.040771,0.905640,1.953125,-1.770020,-25.024414
16893,-0.057007,-0.045776,0.954224,1.525879,-1.098633,-23.193359
16905,-0.066650,0.101196,0.997803,0.915527,0.183105,-19.409180
16914,-0.114502,0.058594,0.900391,0.549316,1.770020,-16.906738
16924,-0.101563,0.029175,0.867920,-0.122070,2.746582,-14.038086
16933,-0.095703,0.069092,0.905518,-0.854492,3.967285,-10.864258
16944,-0.077271,0.084961,0.958740,-1.586914,5.432129,-8.178711
16953,-0.110840,0.142578,0.965088,-1.831055,6.225586,-6.530762
16963,-0.118408,0.103149,0.951904,-1.586914,7.019043,-5.187988
16976,-0.057007,0.080444,1.008301,-1.098633,7.812500,-2.685547
16985,-0.053589,0.044189,1.015869,-1.525879,8.117676,-1.586914
16995,-0.052368,0.138184,1.056519,-1.708984,8.666992,-0.122070
17004,-0.063965,0.061279,0.998535,-1.464844,9.155273,1.953125
17013,-0.105835,-0.035767,0.896973,-1.525879,9.826660,3.967285
17024,-0.091553,0.162720,1.020874,-2.014160,10.986328,6.103516
17033,-0.100952,0.075317,1.007202,-2.014160,11.535645,7.995605
17045,-0.131470,-0.074097,0.931030,-1.647949,12.023926,10.253906
17054,-0.101318,0.085327,1.061523,-1.892090,12.023926,11.108398
17064,-0.073120,-0.031616,0.978271,-1.464844,12.329102,11.962891
17073,-0.039063,0.064087,1.070557,-1.525879,12.573242,13.244629
17083,-0.057129,0.169800,1.087036,-1.342773,12.756348,14.648438
17093,-0.082397,0.010254,1.024292,-1.342773,13.183594,16.052246
17103,-0.074951,0.005371,0.922241,-1.098633,13.854980,17.578125
17114,-0.028442,0.156372,0.999146,-1.342773,13.610840,19.470215
17124,-0.076538,0.004395,0.969849,-0.854492,13.305664,19.714355
17134,-0.088989,-0.002441,0.965454,-0.610352,13.061523,19.836426
17143,-0.082031,-0.053345,0.952759,-1.037598,13.244629,20.690918
17154,-0.028442,0.138428,1.097290,-1.647949,13.427734,21.911621
17164,-0.074951,0.044434,0.987793,-1.708984,13.732910,23.071289
17173,-0.082642,0.071411,0.984009,-1.831055,14.343262,24.230957
17185,-0.029541,0.068970,1.021729,-1.831055,14.343262,25.634766
17194,-0.014282,0.115723,1.070313,-2.014160,13.732910,25.756836
17203,-0.016602,0.077759,1.021606,-2.197266,13.610840,25.573730
17214,-0.029907,0.083862,0.983398,-2.380371,12.939453,25.756836
17223,-0.036011,0.134155,0.978271,-2.380371,12.695313,26.000977
17234,-0.030762,0.203979,1.055420,-2.502441,13.244629,26.855469
17243,-0.031128,0.083740,1.030273,-1.892090,12.939453,27.282715
17254,-0.028687,0.091553,1.051025,-2.624512,13.183594,28.808594
17264,-0.029785,0.175049,1.003662,-3.356934,13.305664,29.479980
17273,-0.021973,0.152588,0.993896,-2.990723,13.427734,30.151367
17284,-0.044312,0.117188,1.004395,-2.990723,13.427734,30.700684
17293,-0.066040,0.068115,1.034058,-3.295898,13.061523,31.066895
17304,-0.075928,0.101563,1.053345,-3.356934,12.939453,31.188965
17313,-0.052979,0.155762,1.078369,-3.540039,13.305664,31.372070
17324,-0.049194,0.154785,1.054932,-3.662109,13.122559,32.165527
17334,-0.062134,0.155029,1.086792,-3.295898,13.244629,32.165527
17344,-0.063354,0.154175,1.135620,-2.807617,12.878418,31.433105
17354,-0.037354,0.035400,1.094482,-2.502441,12.878418,30.822754
17363,0.014404,0.154541,1.078369,-2.502441,12.634277,29.907227
17373,0.013306,0.194824,1.063477,-2.197266,12.207031,29.174805
17384,0.006592,0.094360,1.001709,-1.403809,12.023926,28.686523
17393,-0.005737,0.078613,1.005737,-0.366211,12.023926,28.686523
17404,-0.051880,0.087280,0.961426,-0.305176,11.535645,30.517578
17414,-0.028198,0.144287,0.981567,-0.427246,12.878418,32.653809
17423,-0.040894,0.029053,0.919800,0.488281,13.793945,35.339355
17433,-0.053467,0.023804,0.918701,1.098633,13.793945,37.658691
17443,-0.072876,-0.080200,0.930542,1.464844,14.404297,40.893555
17453,-0.092407,0.029297,0.956299,1.159668,14.709473,44.128418
17463,-0.123169,0.101440,0.974487,1.098633,15.136719,47.607422
17475,-0.127808,-0.050415,0.968140,2.075195,17.700195,55.114746
17484,-0.140991,-0.121094,0.966309,2.258301,18.066406,58.349609
17494,-0.128906,-0.121582,1.014648,1.586914,18.432617,61.096191
17503,-0.159302,-0.054199,1.059937,0.732422,18.920898,63.354492
17513,-0.161011,0.039063,1.105347,0.305176,19.348145,65.002441
17523,-0.114014,0.025024,1.046631,0.610352,19.531250,65.734863
17533,-0.055176,-0.045532,1.013916,1.525879,19.897461,65.612793
17545,-0.054443,-0.005493,1.010498,1.281738,18.554687,66.406250
17554,0.002930,0.079956,1.008301,0.793457,18.798828,67.626953
17563,0.032471,0.111328,0.983643,1.037598,19.165039,69.213867
17573,0.089111,0.092407,0.965454,1.403809,19.042969,70.800781
17583,0.096802,0.053955,1.010864,1.770020,18.310547,71.716309
17593,0.056885,0.077515,1.038574,1.647949,17.333984,72.509766
17604,0.038330,0.157837,1.081421,1.770020,16.723633,73.120117
17614,0.069580,0.012695,1.002686,2.014160,16.174316,72.204590
17624,0.009399,0.020142,0.994629,2.075195,15.502930,71.411133
17633,-0.002686,-0.015503,0.976685,1.953125,14.953613,70.068359
17643,0.005371,0.007080,1.038452,2.014160,14.648438,68.664551
17653,0.040527,-0.015259,0.991699,2.197266,14.038086,67.077637
17663,0.033813,-0.007080,0.993774,1.892090,13.122559,65.368652
17674,0.043213,0.028809,1.011963,1.770020,11.657715,60.974121
17683,0.019287,0.037476,1.069458,2.136230,10.742188,58.044434
17693,0.071289,-0.022339,1.023804,2.380371,10.070801,54.931641
17703,0.098022,0.012573,1.001099,2.319336,9.216309,51.391602
17713,0.125610,0.004639,0.988647,2.563477,8.605957,48.889160
17722,0.136719,0.095581,1.000122,2.563477,7.629395,47.058105
17733,0.128418,0.101440,1.020264,2.624512,7.080078,46.020508
17743,0.097412,0.119141,1.033203,2.563477,6.286621,45.715332
17754,0.061279,0.093140,1.010254,2.807617,6.591797,46.508789
17764,0.066162,0.107178,0.992432,2.990723,8.056641,46.813965
17773,0.056274,0.072632,1.003906,3.173828,7.812500,46.936035
17783,0.004883,0.031250,1.008911,3.601074,7.324219,47.363281
17792,-0.009155,0.074585,1.037231,3.417969,7.568359,47.790527
17803,-0.002197,0.093994,1.039063,3.112793,8.300781,49.011230
17812,0.039429,0.037720,0.969849,3.234863,9.094238,49.865723
17825,-0.040161,0.084351,1.060181,3.479004,9.582520,52.062988
17834,-0.033081,0.042847,1.082031,3.845215,10.314941,52.856445
17843,0.011597,0.031860,1.050659,3.845215,10.559082,53.588867
17853,0.020508,0.100708,0.988403,3.295898,11.291504,54.321289
17863,0.056274,0.095947,0.968384,3.173828,12.023926,56.457520
17873,0.047729,0.174194,1.005737,3.234863,12.634277,58.593750
17883,0.054565,0.127930,1.021362,3.845215,13.244629,60.974121
17894,-0.019043,-0.003052,0.969727,4.638672,13.732910,65.490723
17903,-0.035522,-0.024048,0.971069,4.638672,13.671875,67.443848
17913,-0.042847,0.020996,0.956421,4.760742,14.343262,69.885254
17923,-0.018188,0.037598,0.959839,5.432129,15.197754,72.448730
17932,-0.044922,-0.029907,0.951538,6.713867,15.380859,75.988770
17943,-0.087891,-0.123169,0.964233,7.263184,15.136719,79.528809
17954,-0.163452,-0.229492,1.010742,5.432129,17.517090,87.463379
17964,-0.170410,0.026978,1.014038,4.150391,19.226074,91.125488
17974,0.068359,0.126709,0.960937,4.150391,21.118164,94.848633
17983,0.152222,0.186035,0.958008,4.943848,21.484375,98.205566
17993,0.143555,0.097412,1.006958,6.103516,20.996094,100.036621
18002,0.047974,0.049316,1.028564,6.896973,20.202637,101.745605
18012,0.009521,0.068237,1.075317,6.225586,20.141602,103.637695
18023,0.084229,0.097412,1.075562,5.615234,21.301270,105.285645
18035,0.201782,0.118408,0.977295,6.469727,21.362305,107.543945
18044,0.144043,0.013794,0.980347,7.568359,20.690918,107.727051
18053,0.052612,0.077637,1.041626,7.629395,19.348145,107.971191
18062,0.082275,0.052612,1.143188,7.629395,19.226074,107.055664
18073,0.154053,0.054199,1.143311,7.812500,19.531250,105.529785
18083,0.205566,0.085327,1.085205,8.178711,18.737793,102.539062
18094,0.268188,-0.002808,1.043823,9.582520,14.282227,92.102051
18104,0.261719,0.009277,1.080200,10.131836,11.840820,85.632324
18114,0.226929,0.003906,1.105469,10.498047,10.070801,78.430176
18123,0.192749,0.058960,1.043213,10.620117,8.056641,71.350098
18133,0.221558,0.093750,0.996582,11.108398,6.652832,64.697266
18143,0.242798,0.025391,0.969238,11.535645,5.126953,58.593750
18153,0.220581,0.098389,0.960571,11.169434,3.234863,53.466797
18162,0.183594,0.135986,1.009399,10.925293,1.708984,49.194336
18175,0.155396,0.159790,1.036499,10.803223,0.305176,42.968750
18184,0.180054,0.121216,0.995361,11.291504,0.061035,41.137695
18193,0.151978,0.110229,0.936279,11.474609,-0.427246,40.344238
18202,0.135498,0.189941,0.948242,10.864258,-0.183105,40.832520
18213,0.137085,0.130615,0.977905,11.047363,0.488281,41.381836
18222,0.139282,0.095093,0.999512,11.230469,1.220703,42.297363
18233,0.111694,0.090332,1.007080,11.047363,1.220703,42.968750
18245,0.072144,-0.056152,1.031006,11.657715,2.136230,43.395996
18254,0.049561,0.081543,1.036743,10.742188,2.441406,43.762207
18263,0.093018,0.123291,1.009888,10.437012,3.601074,44.189453
18273,0.151001,0.135010,0.965820,10.375977,4.699707,45.715332
18282,0.128296,0.145630,0.926270,10.559082,5.126953,47.912598
18293,0.058350,0.162109,0.982056,10.742188,6.286621,50.354004
18302,0.040039,0.041870,1.019775,11.047363,6.896973,52.734375
18313,0.038208,0.087158,0.994873,10.253906,8.911133,58.410645
18323,0.132446,0.087402,0.982910,10.437012,9.826660,61.035156
18332,0.121338,0.108765,0.957397,11.169434,10.131836,63.781738
18342,0.057739,0.105347,0.990967,12.329102,9.948730,66.345215
18353,0.011108,-0.027344,1.026489,13.610840,10.742188,69.702148
18363,-0.039917,-0.135010,1.022095,14.282227,11.840820,73.669434
18372,-0.095581,-0.085815,1.034180,14.038086,13.244629,77.514648
18385,0.040894,0.058960,0.976318,12.390137,17.089844,84.594727
18394,0.103638,0.125610,0.947021,12.145996,17.700195,86.975098
18403,0.168335,0.078979,1.016113,13.305664,18.127441,88.317871
18412,0.080322,0.118896,1.073853,14.343262,17.944336,89.050293
18423,0.060059,0.145874,1.088989,15.075684,17.822266,89.172363
18432,0.141846,-0.001587,1.038574,15.441895,18.005371,89.233398
18442,0.160889,-0.006592,0.927368,15.319824,17.395020,89.965820
18455,0.156616,0.155029,1.107056,15.441895,17.883301,91.003418
18464,0.178711,0.068726,1.071411,16.479492,17.761230,91.125488
18473,0.163818,0.040161,0.999146,16.967773,16.479492,89.965820
18483,0.207764,-0.003540,1.003662,17.150879,15.625000,88.134766
18492,0.194214,0.016724,1.014893,16.906738,14.465332,86.669922
18502,0.193359,0.115967,1.060303,17.272949,13.549805,84.350586
18513,0.224487,0.061401,1.067505,18.188477,12.695313,80.749512
18524,0.176880,0.083252,0.998169,18.920898,11.718750,77.514648
18533,0.195557,0.066406,1.061768,18.981934,8.972168,70.129395
18543,0.176880,0.119629,1.057251,18.615723,7.751465,66.833496
18553,0.202271,0.111694,1.033081,18.554687,6.896973,62.561035
18562,0.245239,0.044678,0.974487,18.432617,5.981445,57.922363
18572,0.198730,0.085693,0.966187,18.188477,4.272461,54.321289
18583,0.192749,0.108276,1.046753,17.883301,3.112793,50.415039
18595,0.143433,0.119141,0.972900,18.188477,1.953125,44.982910
18604,0.156860,0.148926,0.947998,17.761230,1.464844,43.151855
18614,0.223877,0.086792,0.933105,17.639160,2.075195,42.663574
18623,0.193359,0.155396,0.959351,17.211914,1.708984,42.541504
18632,0.206421,0.176270,0.992187,17.150879,1.647949,41.870117
18643,0.247192,0.072998,0.952637,17.456055,2.197266,41.076660
18652,0.248535,0.044800,0.889526,16.784668,1.281738,40.222168
18663,0.208252,0.074463,0.941650,15.930176,0.793457,36.926270
18673,0.179199,0.085815,0.982056,15.502930,0.305176,35.095215
18683,0.149780,0.139160,0.941528,15.319824,0.183105,33.630371
18692,0.173828,0.095947,0.946777,15.136719,0.183105,33.081055
18702,0.133789,0.113892,0.912720,14.770508,0.427246,33.996582
18713,0.097656,0.237793,0.948853,14.160156,0.732422,36.254883
18722,0.093628,0.231079,1.039307,14.038086,2.502441,39.550781
18733,0.096680,0.123291,0.979126,13.488770,6.225586,47.912598
18743,0.126343,0.154419,0.968140,13.183594,7.507324,51.879883
18753,0.139648,0.155396,0.985840,13.000488,8.544922,55.664062
18762,0.100708,0.164307,0.997070,12.939453,9.338379,58.837891
18772,0.106689,0.117065,1.017334,13.122559,9.826660,60.791016
18783,0.061523,0.088745,1.000366,13.183594,10.375977,62.377930
18792,0.062134,0.179077,0.952271,13.061523,11.474609,64.880371
18803,0.083984,0.093384,0.970581,13.244629,13.916016,71.044922
18813,0.062134,0.085693,0.971924,12.390137,15.075684,74.584961
18823,0.038086,0.081055,1.039429,12.207031,16.479492,77.514648
18832,0.098389,0.053223,1.062500,12.268066,17.822266,79.284668
18842,0.120850,0.083618,1.031616,12.145996,18.493652,80.261230
18853,0.171143,0.116821,1.021362,12.329102,18.249512,80.139160
18862,0.165771,0.041626,1.040039,13.122559,17.517090,79.040527
18873,0.156128,0.039185,1.026611,14.160156,16.113281,76.477051
18882,0.096802,0.010864,1.023926,14.709473,15.991211,75.012207
18893,0.101685,0.014282,0.983398,14.648438,15.686035,73.913574
18903,0.072021,0.068481,0.974854,14.587402,15.197754,72.937012
18912,0.096802,0.032104,1.032959,14.709473,15.197754,71.838379
18922,0.082886,0.058960,1.026367,14.526367,15.441895,71.166992
18933,0.041016,0.125732,1.025024,14.038086,15.502930,70.190430
18942,0.083862,0.053833,1.034302,13.977051,15.991211,68.298340
18953,0.211426,-0.050903,0.896606,13.122559,16.906738,67.626953
18963,0.669556,0.356201,0.751465,13.427734,16.357422,67.199707
18973,0.447021,0.393921,1.247681,16.479492,11.962891,68.115234
18982,0.185669,0.068604,1.388794,20.690918,9.704590,67.932129
18993,-0.001343,-0.272339,1.198486,23.803711,12.390137,70.434570
19002,-0.072144,-0.398682,0.734985,23.071289,15.136719,71.655273
19015,-0.113770,0.065063,0.917114,15.258789,14.099121,74.096680
19024,-0.040527,0.499756,1.186157,11.962891,16.784668,76.538086
19034,0.329468,0.644043,1.367920,12.756348,20.751953,78.857422
19043,0.409424,0.476440,1.112793,16.723633,21.179199,79.101562
19052,0.392090,0.179810,0.871948,20.568848,18.798828,78.125000
19063,0.243042,-0.023315,0.946289,22.033691,16.479492,77.880859
19072,0.149658,-0.028076,1.041504,21.850586,14.465332,75.866699
19085,0.156860,0.105713,0.979980,18.859863,14.343262,72.753906
19094,0.311279,0.151001,0.922852,18.127441,15.808105,72.204590
19103,0.372559,0.156250,0.924805,18.920898,15.441895,72.143555
19113,0.187378,0.140869,0.934937,20.263672,13.366699,71.411133
19122,0.180420,0.108398,0.999268,21.362305,12.268066,70.617676
19132,0.214478,0.046631,1.060791,22.216797,12.695313,70.434570
19143,0.154785,0.003418,1.031006,22.766113,12.023926,69.519043
19152,0.075684,-0.025024,0.988037,22.949219,11.596680,67.138672
19164,0.191528,0.088135,1.029419,22.705078,11.901855,65.795898
19173,0.197632,0.103271,1.041382,23.437500,10.742188,63.171387
19182,0.223267,0.042847,1.074951,24.658203,9.521484,60.241699
19192,0.233032,0.038208,1.035400,25.451660,8.361816,56.274414
19203,0.263916,0.031372,1.027588,25.939941,6.286621,51.452637
19212,0.258423,0.060913,1.064331,26.428223,4.577637,46.813965
19223,0.240479,0.133179,1.050049,26.550293,2.075195,38.146973
19233,0.268799,0.142090,0.998169,26.245117,0.793457,35.522461
19242,0.231934,0.174805,0.977295,25.878906,-0.122070,33.325195
19252,0.285645,0.146606,0.962280,25.451660,-0.061035,31.982422
19262,0.292358,0.149536,0.915894,24.963379,-0.305176,31.921387
19272,0.307129,0.163818,0.928223,24.414062,-0.549316,32.165527
19282,0.333374,0.194092,0.937378,23.986816,-0.732422,33.386230
19293,0.287598,0.212891,0.954834,22.644043,-0.061035,36.315918
19303,0.349243,0.162964,0.859619,22.155762,0.793457,38.330078
19312,0.316650,0.162598,0.859497,21.484375,1.098633,40.649414
19323,0.305786,0.126465,0.894287,20.812988,1.647949,42.785645
19332,0.222534,0.113770,0.918091,20.141602,2.319336,45.166016
19342,0.205444,0.099243,0.924072,19.714355,3.540039,47.668457
19352,0.197144,0.097046,0.951782,19.287109,4.272461,50.109863
19363,0.140259,0.136475,0.927856,19.348145,5.065918,54.870605
19373,0.090698,0.088623,0.950928,19.409180,5.615234,57.739258
19382,0.072998,0.028809,0.998047,19.531250,5.920410,60.241699
19392,0.086792,-0.019043,1.011597,19.714355,7.324219,62.866211
19403,0.057373,0.008179,1.042114,19.714355,8.850098,65.673828
19412,0.101563,-0.005005,1.060425,19.958496,9.765625,67.687988
19423,0.139648,-0.003296,1.032104,20.202637,10.437012,69.458008
19432,0.166626,0.050293,1.012085,20.568848,10.253906,70.678711
19443,0.158936,0.026489,1.084473,22.155762,9.338379,70.922852
19452,0.153076,-0.022583,1.070313,23.193359,9.155273,70.861816
19462,0.163818,-0.042603,1.021729,23.620605,9.338379,70.495605
19472,0.075317,-0.030151,0.983643,24.047852,9.033203,70.434570
19483,0.142700,-0.024414,1.027954,24.414062,8.728027,69.824219
19492,0.151611,0.023437,1.107910,24.536133,7.934570,69.091797
19503,0.162964,0.001221,1.074341,25.756836,6.591797,66.345215
19512,0.218384,-0.008911,0.978882,25.878906,5.737305,64.941406
19522,0.308105,-0.029053,0.973999,26.367187,4.821777,62.805176
19533,0.257935,-0.023315,0.951904,26.489258,3.051758,61.096191
19542,0.235352,-0.050537,0.925659,26.428223,1.892090,59.631348
19553,0.280273,0.045410,0.965210,25.939941,1.403809,58.288574
19563,0.304932,0.062378,1.002930,25.878906,0.793457,56.335449
19572,0.355591,0.031250,0.974854,26.000977,-0.122070,50.231934
19583,0.381348,0.011597,0.940430,26.000977,-3.295898,46.447754
19592,0.352661,0.088867,0.968750,25.878906,-5.493164,43.212891
19602,0.288696,0.095459,1.012207,25.878906,-6.896973,40.344238
19612,0.254395,0.134399,1.022583,25.634766,-7.629395,37.719727
19622,0.232788,0.080078,1.000732,25.695801,-8.422852,35.461426
19632,0.255859,0.070801,0.932617,25.268555,-8.422852,33.386230
19644,0.267212,0.063354,0.898682,24.108887,-9.826660,29.541016
19654,0.269653,0.069336,0.893677,23.315430,-10.131836,28.015137
19663,0.230835,0.070801,0.953613,22.583008,-10.925293,26.245117
19672,0.236450,0.131226,0.979614,21.667480,-10.925293,24.780273
19682,0.215332,0.113770,0.983765,20.996094,-10.925293,23.254395
19692,0.244263,0.175049,0.941650,20.202637,-10.742188,21.911621
19702,0.212280,0.177734,0.944458,19.592285,-10.925293,20.996094
19713,0.236694,0.156128,0.921875,17.639160,-10.620117,19.592285
19722,0.204712,0.127808,0.923096,16.784668,-10.498047,19.042969
19733,0.233398,0.111084,0.956909,16.052246,-10.009766,18.920898
19742,0.183960,0.063843,0.974609,15.441895,-9.948730,18.432617
19752,0.234863,0.118286,0.966797,14.831543,-9.521484,18.371582
19762,0.162109,0.104248,0.986938,14.099121,-9.399414,17.883301
19772,0.223511,0.075684,0.982788,13.732910,-9.277344,17.211914
19782,0.226318,0.078735,0.975220,13.366699,-9.277344,16.845703
19793,0.213501,0.136841,0.993286,12.390137,-9.155273,16.723633
19803,0.203003,0.110596,1.015503,12.084961,-8.728027,16.845703
19812,0.278320,0.079346,1.007446,12.023926,-8.056641,16.845703
19822,0.253784,0.106079,0.996094,11.657715,-8.117676,16.967773
19832,0.278198,0.111816,0.993042,11.779785,-8.728027,16.662598
19842,0.261963,0.142334,0.963379,11.840820,-8.239746,17.517090
19852,0.250610,0.070068,0.942871,12.207031,-8.178711,18.676758
19863,0.126587,0.086060,0.911865,11.901855,-7.324219,22.949219
19873,0.098511,0.032471,0.937378,11.840820,-6.286621,25.878906
19882,0.082275,0.036987,0.941040,11.169434,-4.882812,29.296875
19892,0.075562,-0.030640,0.966309,10.803223,-4.089355,31.921387
19902,0.092285,0.039185,0.995239,10.437012,-3.112793,33.325195
19912,0.093140,0.066162,1.050537,10.375977,-2.929688,33.752441
19922,0.135010,0.026733,1.049683,10.864258,-2.563477,33.569336
19933,0.168945,-0.014526,0.980713,10.681152,-3.051758,33.264160
19943,0.197144,0.009888,0.940918,10.620117,-2.685547,33.813477
19952,0.195679,0.022217,0.939575,10.375977,-2.563477,34.729004
19962,0.195068,0.082886,0.934204,10.314941,-2.014160,35.766602
19972,0.151123,0.108276,0.960083,10.253906,-1.892090,37.048340
19982,0.203003,0.012573,1.007935,10.314941,-1.586914,37.658691
19993,0.194336,0.019653,1.028198,10.498047,-1.525879,38.208008
20002,0.219116,0.030151,1.020630,10.681152,-1.953125,37.231445
20013,0.233521,0.049438,1.020752,10.986328,-3.173828,36.193848
20022,0.248169,-0.020020,1.017944,11.413574,-4.089355,34.301758
20032,0.226929,0.007568,0.982666,11.474609,-4.821777,32.836914
20042,0.234863,-0.006470,1.009888,11.596680,-5.371094,30.883789
20052,0.290283,0.030396,0.990967,11.596680,-5.554199,29.174805
20065,0.377441,-0.031128,0.983032,12.451172,-6.835937,26.123047
20074,0.359741,-0.013794,0.946533,12.756348,-8.178711,24.719238
20084,0.341797,-0.034546,0.962769,13.122559,-9.399414,23.193359
20093,0.302490,-0.033325,0.969849,13.488770,-10.437012,21.850586
20103,0.254395,-0.014893,1.000244,13.488770,-11.230469,21.118164
20112,0.296143,-0.069092,0.955811,13.916016,-11.291504,20.446777
20122,0.262695,-0.010620,0.939575,13.732910,-11.718750,21.240234
20133,0.264160,-0.006714,0.963745,14.099121,-11.535645,23.254395
20143,0.186401,-0.035889,0.977173,14.221191,-11.596680,24.597168
20152,0.111938,-0.048096,0.949097,14.343262,-10.681152,25.634766
20162,0.113037,-0.014160,0.959961,13.977051,-10.070801,26.977539
20172,0.113647,-0.059326,0.994385,13.732910,-9.521484,27.893066
20182,0.113403,0.011719,1.037842,13.488770,-9.094238,28.991699
20192,0.106079,-0.026367,1.037598,13.427734,-8.850098,29.602051
20202,0.149536,-0.016479,1.035278,13.671875,-8.972168,29.907227
20212,0.126587,-0.071533,1.014893,13.793945,-9.277344,29.296875
20222,0.178955,-0.092651,0.940186,13.488770,-9.338379,29.052734
20232,0.236938,-0.145020,0.935181,13.183594,-9.460449,28.808594
20242,0.227539,-0.159790,0.935303,13.061523,-9.826660,29.174805
20252,0.190674,-0.141846,0.976685,12.817383,-10.437012,28.991699
20262,0.238403,-0.091675,1.028442,12.512207,-10.375977,28.747559
20272,0.220215,-0.139526,0.984741,12.573242,-10.559082,27.648926
20283,0.217407,-0.129272,0.975708,12.268066,-12.145996,26.550293
20293,0.212524,-0.092163,0.974976,12.023926,-12.573242,25.634766
20302,0.213013,-0.107910,1.011841,11.779785,-12.817383,25.390625
20312,0.181396,-0.079956,0.993408,12.023926,-13.122559,24.475098
20322,0.153320,-0.024048,1.008911,11.657715,-13.366699,23.803711
20332,0.154907,-0.072388,1.009521,11.657715,-13.305664,23.132324
20344,0.136230,-0.126221,0.971436,11.352539,-13.793945,22.155762
20354,0.134888,-0.109619,0.973389,10.498047,-14.404297,21.118164
20363,0.133911,-0.095825,0.994263,10.498047,-14.038086,20.324707
20373,0.195312,-0.066650,0.983154,9.948730,-14.343262,19.592285
20382,0.169189,-0.099243,0.980469,9.826660,-14.709473,19.042969
20392,0.165771,-0.060913,0.962402,10.009766,-14.770508,18.554687
20402,0.147095,-0.095215,0.950195,9.704590,-14.221191,19.470215
20412,0.164062,-0.084351,0.954102,9.338379,-14.282227,21.850586
20422,0.130859,-0.060791,0.971802,9.277344,-13.793945,23.681641
20432,0.129639,-0.083130,1.005127,9.338379,-13.366699,25.268555
20442,0.114746,-0.111572,1.005493,9.338379,-13.244629,26.550293
20452,0.135742,-0.128418,0.994873,9.338379,-13.183594,26.794434
20462,0.106689,-0.145874,0.993042,9.033203,-13.977051,26.428223
20472,0.141357,-0.155029,1.001343,8.972168,-14.526367,25.268555
20481,0.108032,-0.127808,1.007202,8.850098,-14.831543,24.047852
20493,0.102295,-0.135254,1.020752,8.850098,-14.892578,22.644043
20502,0.142944,-0.163452,1.027100,8.361816,-15.502930,20.080566
20511,0.131104,-0.163574,0.978394,8.117676,-15.625000,18.981934
20522,0.104370,-0.181641,0.983521,7.751465,-16.052246,17.578125
20532,0.126221,-0.158813,0.976562,7.568359,-16.174316,16.174316
20542,0.172363,-0.209473,0.966431,7.263184,-16.601562,14.770508
20551,0.153687,-0.110962,0.982056,6.835937,-17.395020,12.573242
20563,0.193970,-0.016846,1.047852,6.591797,-18.127441,9.521484
20573,0.165283,-0.153198,1.035645,7.080078,-18.249512,8.972168
20582,0.146362,-0.143677,1.008057,7.019043,-18.432617,8.178711
20592,0.101685,-0.191650,0.982056,6.713867,-18.737793,6.896973
20601,0.105835,-0.168823,0.976562,6.286621,-18.920898,5.859375
20612,0.039429,-0.196411,0.978271,6.103516,-19.287109,3.723145
20621,0.066040,-0.119385,1.009399,5.493164,-19.531250,1.281738
20633,0.077759,-0.153076,0.927368,5.493164,-19.714355,-2.502441
20643,0.052612,-0.189087,0.949829,4.150391,-19.775391,-3.601074
20652,0.104004,-0.081055,0.963745,3.601074,-19.348145,-4.699707
20662,0.135620,-0.144409,0.940796,3.295898,-18.920898,-5.676270
20672,0.159912,-0.172485,0.832886,3.112793,-19.165039,-6.164551
20682,0.153687,-0.152100,0.922241,2.014160,-19.226074,-6.530762
20691,0.093994,-0.026367,0.976929,1.403809,-19.287109,-7.019043
20703,0.155884,-0.147217,0.994751,1.525879,-18.249512,-6.774902
20712,0.061768,-0.202393,0.908447,1.464844,-18.737793,-8.483887
20722,0.027588,-0.113403,0.941895,0.976562,-18.676758,-9.826660
20731,0.089111,-0.076050,0.998535,0.671387,-18.249512,-11.169434
20742,0.136353,-0.031494,1.014648,0.793457,-18.371582,-12.695313
20752,0.046875,-0.118286,1.011230,1.098633,-18.737793,-14.465332
20761,-0.009644,-0.099365,0.941162,1.159668,-18.432617,-16.052246
20773,0.039551,-0.115356,0.940430,0.183105,-17.272949,-17.639160
20783,-0.039551,-0.119019,0.993530,-0.427246,-17.211914,-20.202637
20792,-0.012451,-0.068848,1.037720,-0.732422,-16.845703,-22.155762
20802,0.086060,-0.115356,1.016479,-0.244141,-16.357422,-23.620605
20811,0.117798,-0.018799,0.989380,-0.488281,-15.747070,-25.207520
20821,0.119995,-0.078125,0.966187,-0.488281,-15.563965,-25.207520
20832,0.110962,-0.009155,0.972290,-1.037598,-15.319824,-24.353027
20842,0.094727,-0.055786,0.991333,-1.464844,-13.305664,-22.094727
20851,0.051392,-0.130737,0.978271,-1.342773,-13.366699,-22.277832
20861,0.022583,-0.087646,0.991455,-1.708984,-13.793945,-23.010254
20872,0.027466,-0.093750,1.030640,-1.892090,-13.305664,-24.230957
20882,0.065918,-0.059692,1.046997,-1.586914,-13.183594,-24.780273
20891,0.054321,-0.154907,1.001221,-1.220703,-13.061523,-25.207520
20901,0.053345,-0.099609,0.977417,-1.525879,-12.084961,-24.841309
20913,0.032959,-0.006348,1.020630,-1.770020,-11.413574,-22.460937
20922,0.025146,-0.113403,1.022461,-1.892090,-9.460449,-20.385742
20932,0.057739,-0.105591,1.014771,-1.953125,-8.728027,-18.859863
20942,0.039673,-0.178711,0.967163,-2.136230,-8.666992,-17.700195
20951,0.043213,-0.069214,0.962646,-2.624512,-8.422852,-17.089844
20961,0.040405,-0.113892,0.965088,-2.258301,-8.178711,-16.479492
20972,0.055298,-0.072266,0.968262,-2.136230,-7.995605,-15.930176
20981,-0.001465,-0.154907,0.947144,-2.258301,-6.958008,-14.953613
20992,-0.003662,-0.139160,0.946655,-2.441406,-6.042480,-14.221191
21002,-0.021851,-0.022583,0.968384,-2.990723,-5.981445,-13.977051
21012,-0.076538,-0.091064,0.973022,-3.051758,-5.249023,-14.221191
21022,-0.080811,-0.065674,0.990234,-2.868652,-4.638672,-14.831543
21031,-0.059814,-0.081177,0.998413,-2.868652,-4.089355,-15.563965
21041,-0.007690,-0.050293,0.983887,-2.746582,-3.540039,-16.113281
21051,0.005493,-0.097778,0.983398,-2.929688,-3.112793,-15.563965
21063,0.030518,-0.058228,0.978638,-2.929688,-2.502441,-14.099121
21072,0.050293,-0.021484,0.992920,-3.051758,-2.075195,-12.634277
21082,-0.012451,-0.096558,1.000977,-2.807617,-1.586914,-10.559082
21092,-0.042847,-0.037109,0.994629,-2.990723,-1.098633,-9.033203
21102,-0.065430,-0.090820,0.997925,-2.807617,-0.183105,-7.995605
21112,-0.027100,-0.057983,1.028076,-2.685547,0.610352,-7.446289
21122,-0.057617,-0.174805,1.009399,-2.746582,0.183105,-7.629395
21131,-0.111816,-0.082031,1.034790,-2.624512,0.488281,-7.690430
21141,-0.104492,-0.082397,1.061401,-2.319336,1.403809,-7.568359
21152,-0.041016,-0.136597,1.009521,-1.892090,1.770020,-6.896973
21162,0.007935,-0.166748,0.946655,-1.647949,2.441406,-6.164551
21171,0.022095,-0.212646,0.921021,-1.892090,2.502441,-5.065918
21181,0.031982,-0.084229,0.936035,-2.075195,2.685547,-3.540039
21193,-0.019775,-0.179443,0.931885,-1.831055,3.173828,-1.159668
21202,-0.030029,-0.232422,0.901001,-0.793457,4.028320,-0.732422
21212,0.025635,-0.147827,0.911743,-1.586914,4.028320,-0.183105
21222,0.022827,-0.068848,0.963623,-1.708984,4.211426,0.305176
21231,0.031128,-0.098267,1.022217,-1.831055,3.967285,0.610352
21242,-0.024048,-0.137451,1.021362,-1.770020,3.784180,0.976562
21252,-0.018188,-0.097778,1.078491,-1.892090,3.967285,0.915527
21261,-0.025391,-0.081055,1.077148,-1.708984,4.211426,-0.244141
21271,0.036011,-0.145020,0.966919,-1.586914,3.723145,-0.915527
21281,0.007080,-0.161743,0.939941,-1.403809,3.784180,-0.854492
21292,0.008545,-0.128052,0.967529,-1.342773,3.601074,-0.366211
21301,-0.035400,-0.114746,0.986328,-1.342773,3.967285,0.488281
21312,0.001831,-0.146118,0.963989,-1.220703,4.577637,1.831055
21321,0.005615,-0.157593,0.958984,-0.854492,5.187988,3.295898
21333,-0.011719,-0.140381,1.008911,-0.976562,5.615234,6.042480
21342,-0.025269,-0.158081,1.034302,-0.976562,5.554199,7.080078
21352,-0.046265,-0.177856,0.979736,-1.037598,5.554199,7.934570
21361,-0.030518,-0.198364,0.921997,-1.098633,6.164551,9.094238
21372,-0.029175,-0.154175,0.958862,-1.342773,6.042480,10.437012
21381,-0.019531,-0.179932,0.963379,-1.770020,6.713867,11.901855
21393,0.008911,-0.181885,0.983643,-1.770020,7.080078,13.916016
21402,0.033569,-0.216553,1.032471,-1.647949,7.202148,14.099121
21412,0.043945,-0.238525,0.965942,-1.586914,6.835937,13.732910
21421,0.094727,-0.204468,0.988037,-1.525879,6.042480,13.000488
21432,0.122681,-0.124023,1.043701,-1.464844,5.004883,12.084961
21441,0.126221,-0.190552,1.017334,-1.525879,4.455566,11.657715
21452,0.032471,-0.210327,0.976196,-1.770020,3.417969,11.230469
21461,0.027832,-0.103638,0.989502,-1.831055,3.540039,10.803223
21473,0.021118,-0.173706,0.945557,-1.647949,3.784180,10.253906
21482,-0.008667,-0.229858,0.911865,-1.647949,3.295898,10.070801
21492,-0.084595,-0.138672,0.918457,-1.953125,3.417969,10.009766
21502,-0.093384,-0.105225,1.004395,-1.953125,3.784180,10.070801
21511,-0.107300,-0.164917,1.054443,-1.708984,4.150391,10.314941
21522,-0.073364,-0.185791,0.987915,-1.586914,4.577637,10.620117
21532,-0.075195,-0.152588,0.959717,-1.708984,4.943848,10.437012
21541,-0.018799,-0.123413,1.068970,-1.586914,5.187988,10.070801
21553,0.034546,-0.197754,1.061279,-1.708984,5.615234,10.437012
21562,0.077515,-0.136719,1.084717,-1.281738,5.432129,10.437012
21571,0.099487,-0.054810,0.995361,-0.976562,4.699707,9.948730
21582,0.140991,-0.085815,1.029297,-0.915527,4.150391,9.826660
21591,0.162231,-0.088745,1.015137,-0.732422,3.540039,9.521484
21603,0.133789,-0.065430,1.111084,-0.122070,2.380371,8.300781
21612,0.121094,-0.094238,1.013550,0.061035,1.708984,7.568359
21622,0.108643,-0.103394,1.014893,0.244141,1.464844,6.469727
21631,0.094727,-0.077393,1.049316,0.244141,0.915527,5.126953
21642,0.033569,-0.116089,1.016113,0.366211,-0.122070,3.967285
21651,0.051758,-0.073364,1.021729,0.610352,-0.305176,3.051758
21662,0.052856,-0.112549,0.946899,0.610352,-0.366211,3.356934
21671,0.035278,-0.057373,0.947021,0.488281,-0.549316,3.540039
21683,0.012695,-0.101563,0.943481,0.244141,0.366211,5.432129
21692,0.039429,-0.155273,0.936279,0.305176,0.976562,5.554199
21702,0.035767,-0.172852,0.910889,0.549316,1.281738,5.126953
21711,0.042725,-0.085327,0.925537,-0.122070,0.671387,4.882812
21722,-0.005127,0.001953,0.974731,-0.671387,0.305176,4.760742
21732,-0.015747,0.034424,0.992798,-1.037598,0.732422,4.943848
21741,-0.026733,-0.052490,0.927246,-0.976562,0.915527,4.760742
21753,0.010986,-0.145874,0.932129,-1.037598,0.793457,4.821777
21762,0.025635,-0.124756,0.966553,-1.831055,1.342773,5.126953
21772,0.046753,-0.082764,0.966431,-1.525879,1.708984,6.286621
21781,0.054077,-0.011963,1.072266,-1.586914,2.136230,7.690430
21792,0.106812,-0.043823,1.107788,-1.525879,2.319336,8.178711
21801,0.068115,-0.175903,1.026367,-0.854492,1.647949,8.239746
21813,0.109741,-0.283569,0.957031,-0.122070,0.366211,7.263184
21822,0.154907,-0.133789,0.976074,-0.732422,-0.610352,7.629395
21832,0.153687,-0.095093,0.956543,-1.403809,-1.281738,8.544922
21841,0.183716,-0.110474,0.954834,-1.708984,-0.915527,10.498047
21852,0.175903,-0.151367,0.967529,-1.281738,-0.427246,12.939453
21861,0.095825,-0.172729,0.932861,-1.220703,-0.915527,14.587402
21872,0.001343,-0.170532,0.976929,-1.647949,-1.037598,15.380859
21881,-0.005005,-0.143921,1.070679,-1.708984,-0.671387,15.197754
21891,-0.110352,-0.068726,1.008667,-1.953125,-1.220703,13.000488
21901,-0.232178,-0.088623,1.021484,-1.464844,-0.976562,11.901855
21912,-0.170898,-0.137207,0.974609,-1.464844,-0.427246,11.047363
21921,-0.105591,-0.100220,1.067871,-1.708984,0.122070,10.864258
21931,-0.030396,-0.080444,1.035645,-1.770020,0.183105,11.474609
21942,-0.051636,-0.078491,0.993896,-1.403809,0.671387,13.000488
21951,0.011841,-0.166260,0.942017,-1.098633,1.892090,15.625000
21963,0.037354,-0.127686,1.007935,-0.915527,2.441406,20.141602
21972,0.015747,-0.051270,1.075806,-1.403809,2.319336,22.399902
21982,0.004883,-0.081421,1.098145,-0.671387,2.380371,24.230957
21991,-0.009766,-0.105957,1.056274,0.000000,2.746582,25.146484
22002,-0.044067,-0.192627,1.041260,0.366211,2.441406,26.184082
22011,-0.063721,-0.168701,0.989990,-0.061035,2.807617,26.245117
22021,-0.048340,-0.117676,1.022095,-0.610352,2.807617,26.672363
22033,-0.056152,-0.138306,1.044556,-0.549316,2.685547,26.977539
22043,-0.083496,-0.162842,0.956665,-0.305176,2.136230,27.709961
22053,-0.072998,-0.160889,0.995850,-0.854492,2.502441,27.893066
22062,-0.025757,-0.129150,0.926270,-1.586914,2.685547,29.113770
22072,-0.053467,-0.075928,0.966675,-1.831055,2.136230,30.639648
22081,-0.048706,-0.017090,1.009033,-1.953125,1.953125,31.982422
22092,-0.056396,-0.216919,0.797119,-1.892090,1.831055,34.118652
22103,-0.052612,0.151123,1.305542,-2.807617,1.647949,36.804199
22112,-0.070435,0.366699,1.538208,-3.784180,1.831055,38.818359
22122,-0.011353,0.267212,1.592773,0.488281,2.563477,40.222168
22131,0.122803,0.182373,1.479980,3.784180,3.173828,40.710449
22141,0.100098,-0.485107,0.791260,7.141113,1.831055,41.137695
22152,-0.032837,-0.828003,0.231323,6.958008,-1.892090,37.780762
22161,-0.054321,-0.535522,0.296631,1.647949,-2.624512,35.644531
22173,0.053467,0.227295,1.397461,-2.380371,-1.708984,37.536621
22182,-0.078979,0.016479,1.440430,1.770020,-3.234863,37.353516
22192,-0.024902,-0.366089,1.145996,4.821777,-3.845215,36.376953
22201,0.130981,-0.319946,0.864990,4.760742,-3.662109,35.583496
22211,0.150269,-0.183228,0.729980,3.173828,-4.577637,34.118652
22222,0.067871,-0.222290,0.872559,2.136230,-6.286621,31.555176
22232,-0.047729,-0.142822,1.046265,2.075195,-7.812500,28.808594
22241,0.091553,-0.107544,1.258545,3.601074,-9.582520,20.019531
22253,0.215576,-0.199829,1.005249,4.577637,-11.779785,14.404297
22262,0.158447,-0.201294,0.934937,4.272461,-13.244629,9.338379
22272,0.213135,-0.225098,0.910278,3.845215,-14.221191,5.249023
22281,0.270874,-0.103027,1.003662,3.295898,-15.319824,1.342773
22292,0.250977,-0.125366,1.087036,3.784180,-16.784668,-2.197266
22301,0.165405,-0.181152,1.028076,4.028320,-18.310547,-5.554199
22311,0.156860,-0.193726,1.028442,3.845215,-18.981934,-9.338379
22322,0.185669,-0.114990,1.004639,3.662109,-19.104004,-10.986328
22331,0.114624,-0.101563,1.010010,4.028320,-19.592285,-13.000488
22341,0.014648,-0.045654,1.050049,4.028320,-20.568848,-15.075684
22352,0.017212,-0.113892,1.098999,4.028320,-19.836426,-16.479492
22361,0.097534,-0.154053,1.045776,3.601074,-19.226074,-18.371582
22372,0.111938,-0.125732,0.905884,2.746582,-19.348145,-19.836426
22381,0.101807,-0.103516,0.912964,1.708984,-19.531250,-22.155762
22393,0.116333,-0.185303,0.978027,0.915527,-19.042969,-22.827148
22402,0.160889,-0.057861,1.043213,-0.122070,-19.531250,-23.925781
22412,0.156860,0.029297,1.112061,-0.549316,-19.836426,-25.146484
22421,0.158813,0.042725,1.159302,-0.183105,-19.531250,-26.123047
22432,0.179810,-0.062134,1.084839,0.305176,-19.775391,-27.770996
22441,0.133911,-0.099976,1.032715,0.427246,-19.958496,-29.602051
22454,0.076416,-0.037231,0.946533,-0.549316,-20.446777,-34.179687
22463,0.060181,0.085815,1.137939,-0.793457,-19.165039,-35.217285
22473,0.060425,0.047363,1.310425,0.366211,-18.432617,-36.254883
22482,-0.012085,-0.070190,1.112061,2.380371,-18.737793,-37.292480
22492,-0.115112,-0.187500,0.952148,3.295898,-18.615723,-38.879395
22502,-0.111572,-0.288086,0.698975,2.624512,-17.456055,-39.733887
22511,-0.066650,-0.226074,0.709717,1.281738,-15.502930,-40.039062
22521,-0.070923,-0.300659,0.707886,-0.793457,-13.427734,-38.818359
22531,-0.024414,-0.182373,0.805664,-2.380371,-12.451172,-36.499023
22542,-0.069824,0.018799,0.947632,-3.173828,-10.925293,-35.400391
22551,-0.034180,-0.024780,0.980103,-2.746582,-9.033203,-32.775879
22561,0.013916,-0.128052,0.955200,-1.708984,-8.728027,-32.775879
22571,-0.052856,-0.039673,1.005493,-1.037598,-8.239746,-33.508301
22581,-0.109863,-0.031372,1.075439,-0.732422,-8.117676,-33.935547
22591,-0.081909,0.033203,1.126465,0.671387,-5.554199,-34.057617
22603,0.011230,-0.025391,1.007935,1.220703,-5.554199,-33.386230
22612,-0.024536,-0.068848,0.894775,1.403809,-5.310059,-32.226562
22622,-0.018188,-0.100464,0.932861,1.403809,-3.784180,-29.418945
22631,0.003174,-0.063599,0.898071,0.610352,-2.258301,-26.184082
22642,0.029907,-0.143066,0.908081,-0.366211,-0.976562,-22.155762
22651,-0.020386,-0.106323,0.903809,-0.854492,-0.488281,-18.432617
22661,-0.059937,-0.083862,1.036743,-1.159668,1.159668,-11.169434
22673,-0.157471,-0.151245,1.017578,-0.915527,2.136230,-8.544922
22682,-0.158081,-0.161621,0.978760,-0.732422,2.685547,-6.713867
22692,-0.182495,-0.162842,0.960205,-0.549316,3.784180,-4.943848
22701,-0.197388,-0.206299,0.861816,-0.915527,4.943848,-2.746582
22711,-0.228149,-0.197388,0.830322,-1.403809,5.981445,-0.549316
22721,-0.180542,-0.126221,0.874023,-2.563477,6.958008,2.014160
22733,-0.133789,-0.034912,1.098145,-2.990723,8.300781,6.347656
22743,-0.128662,-0.006348,1.170288,-2.746582,8.605957,7.202148
22753,-0.126221,-0.037476,1.154419,-1.953125,8.422852,7.202148
22762,-0.093872,-0.113770,0.997192,-1.220703,8.361816,6.103516
22772,-0.029175,-0.275146,0.838501,-1.281738,7.751465,4.699707
22781,0.012451,-0.242554,0.787598,-2.075195,7.446289,3.417969
22791,0.017944,-0.168701,0.896973,-2.868652,7.507324,2.624512
22804,0.008179,-0.178711,1.037720,-3.479004,6.530762,0.305176
22813,0.017090,-0.053711,1.121948,-3.479004,6.164551,-1.281738
22823,0.075317,-0.109497,1.012573,-2.990723,5.737305,-2.929688
22832,0.037720,-0.140991,1.008545,-2.929688,4.699707,-4.455566
22842,0.034546,-0.122925,1.017578,-2.868652,4.394531,-5.920410
22851,0.026123,-0.062500,0.946655,-2.990723,4.028320,-7.019043
22861,0.049072,-0.189087,0.981567,-2.868652,3.784180,-7.690430
22873,0.017334,0.090332,1.122803,-4.333496,3.845215,-7.751465
22883,-0.008545,0.027344,1.161743,-3.601074,3.784180,-8.056641
22892,0.002686,-0.082153,1.080078,-2.746582,3.479004,-8.728027
22902,0.041504,-0.113159,0.900635,-2.441406,3.112793,-9.948730
22912,0.101563,-0.127319,0.914551,-2.746582,3.906250,-9.887695
22921,0.098877,-0.099976,0.940186,-2.441406,3.601074,-8.850098
22931,0.049438,-0.198975,1.005859,-1.159668,3.234863,-7.873535
22941,0.005981,-0.220215,0.902466,-0.305176,3.601074,-5.065918
22952,-0.027344,-0.383423,0.705933,-2.014160,4.394531,-2.563477
22962,-0.119507,-0.322388,0.809448,-3.173828,5.126953,-0.122070
22971,-0.177002,-0.062134,0.971191,-4.333496,5.371094,2.563477
22981,-0.196899,-0.054077,1.042847,-4.272461,6.408691,4.638672
22992,-0.167847,-0.163818,1.048950,-3.723145,7.263184,5.249023
23001,-0.073120,-0.136841,1.025879,-3.784180,7.324219,5.126953
23013,-0.019897,-0.009521,0.946167,-4.455566,6.103516,1.403809
23023,0.060303,0.113770,1.041138,-3.967285,6.347656,1.098633
23033,0.134644,0.076904,1.087524,-3.479004,5.981445,1.037598
23042,0.119019,-0.052368,1.071899,-2.868652,5.432129,2.075195
23051,0.042114,-0.044189,1.036743,-2.502441,5.065918,2.990723
23061,0.031372,0.011230,0.888062,-2.807617,4.943848,4.699707
23071,0.034302,-0.039307,0.965576,-3.173828,5.737305,6.591797
23084,-0.094727,0.012573,1.072632,-3.356934,5.798340,8.422852
23093,-0.170166,-0.023193,1.124634,-3.417969,5.798340,8.178711
23102,-0.218384,-0.009521,1.158081,-2.868652,6.286621,7.019043
23112,-0.160278,-0.083984,1.031250,-1.892090,6.347656,5.920410
23122,-0.153198,-0.201904,0.934448,-1.525879,6.530762,4.882812
23132,-0.142700,-0.101074,0.963867,-1.831055,6.713867,4.943848
23141,-0.084839,-0.004639,1.010010,-2.075195,7.934570,5.981445
23151,-0.034058,-0.110107,1.027588,-2.380371,8.178711,9.338379
23162,-0.003296,-0.062622,1.059937,-1.831055,7.934570,9.826660
23172,0.057129,-0.195190,0.969238,-1.342773,8.117676,10.498047
23181,0.114746,-0.252808,0.893799,-1.281738,7.263184,11.108398
23191,0.140747,-0.177490,0.910645,-1.525879,6.774902,12.084961
23201,0.161499,-0.132568,0.946045,-1.770020,5.432129,13.305664
23211,0.179443,-0.186157,0.996094,-1.708984,4.821777,14.526367
23223,0.156494,-0.086426,1.141724,-1.586914,2.807617,15.808105
23233,0.133911,-0.173828,1.042236,-1.342773,2.014160,14.953613
23242,0.086792,-0.181641,0.918213,-1.037598,1.159668,13.488770
23252,0.077637,-0.187500,0.967651,-1.159668,0.549316,11.413574
23261,0.010376,-0.184814,0.876221,-1.953125,-0.122070,9.277344
23271,-0.012573,-0.178711,0.916992,-2.807617,-0.732422,7.507324
23280,-0.058105,-0.018433,0.960937,-3.845215,-1.159668,6.530762
23293,-0.178589,-0.014282,1.010010,-2.807617,-0.854492,6.958008
23303,-0.167847,-0.048828,0.987549,-2.563477,-0.305176,7.873535
23312,-0.139404,-0.012817,0.981445,-2.624512,0.000000,9.521484
23322,-0.122681,-0.014893,0.968506,-2.380371,0.793457,11.718750
23332,-0.082397,-0.030762,0.973877,-1.831055,1.586914,14.526367
23341,-0.075806,-0.046997,1.012817,-1.403809,2.014160,17.333984
23351,-0.002686,-0.065430,1.039307,-0.732422,2.685547,19.836426
23361,0.014526,-0.108154,1.053345,0.427246,2.380371,23.498535
23372,-0.027100,-0.236084,0.848022,0.671387,1.953125,24.169922
23382,-0.002075,-0.259033,0.828735,0.549316,1.586914,24.353027
23391,-0.048096,-0.218140,0.828003,-0.122070,1.098633,24.353027
23401,-0.083740,-0.177734,0.879150,-0.671387,0.976562,24.108887
23411,-0.082397,-0.168823,0.962158,-0.854492,0.732422,23.803711
23421,-0.135986,-0.114136,1.033569,-1.037598,0.488281,22.460937
23431,-0.124512,-0.115967,1.064575,-0.549316,-0.061035,17.517090
23441,-0.048218,-0.124512,1.042236,-0.244141,-1.098633,14.465332
23451,-0.011719,-0.195190,0.943604,-0.427246,-2.380371,11.474609
23461,0.006348,-0.146851,0.993652,-0.915527,-3.295898,8.605957
23470,0.071899,-0.134155,1.053345,-1.220703,-3.601074,6.530762
23481,0.130737,-0.229736,0.998047,-1.281738,-3.906250,5.310059
23491,0.096680,-0.207642,0.884521,-1.403809,-4.821777,4.455566
23501,0.123047,-0.192261,0.924194,-1.831055,-5.493164,5.126953
23512,0.138672,-0.122803,1.062866,-2.990723,-5.554199,5.737305
23522,0.098755,-0.086792,1.002686,-3.173828,-6.225586,5.798340
23531,0.036987,-0.167114,0.942139,-3.662109,-6.896973,5.981445
23541,0.013184,-0.083618,1.038086,-4.333496,-6.958008,6.042480
23550,0.059570,-0.011353,1.124146,-4.211426,-7.141113,5.615234
23561,0.081177,0.014526,1.197998,-3.906250,-7.263184,4.760742
23571,0.042114,-0.093506,1.110962,-2.807617,-8.666992,-0.061035
23580,0.071167,-0.224243,1.025757,-2.380371,-9.460449,-3.051758
23590,0.043091,-0.100342,1.031982,-2.685547,-10.070801,-6.408691
23601,0.031250,-0.030640,1.127563,-2.624512,-10.681152,-8.972168
23611,-0.078247,-0.066650,1.045776,-1.831055,-10.925293,-12.573242
23620,-0.047974,-0.204224,0.939941,-0.854492,-10.986328,-15.441895
23631,0.018799,-0.280884,0.894653,-0.976562,-10.742188,-18.371582
23641,0.015015,-0.128418,0.828247,-2.319336,-10.681152,-22.094727
23650,-0.010742,-0.103027,0.792114,-2.136230,-9.765625,-22.949219
23661,-0.067871,-0.041138,1.099609,-1.525879,-9.399414,-23.742676
23671,0.023071,-0.016846,1.154663,-0.366211,-8.666992,-25.207520
23681,0.067139,-0.079468,1.030151,0.671387,-8.789063,-26.794434
23690,0.074341,-0.199463,0.807373,0.976562,-8.911133,-28.015137
23701,0.048950,-0.223389,0.817139,0.366211,-8.544922,-28.320312
23711,0.031738,-0.082520,0.901123,-0.610352,-7.202148,-25.634766
23720,0.045044,0.006958,1.016113,-0.915527,-6.469727,-23.803711
23730,-0.069824,-0.034180,0.990112,-0.183105,-5.371094,-22.460937
23740,-0.000488,-0.198364,0.895020,-0.366211,-4.394531,-20.996094
23751,0.046021,-0.156006,0.867310,-1.647949,-3.967285,-19.775391
23761,0.034058,-0.002319,0.870483,-2.807617,-3.723145,-18.737793
23770,-0.024658,-0.013916,0.941528,-3.417969,-3.173828,-16.662598
23783,0.005615,-0.056396,0.992432,-2.380371,-1.525879,-12.695313
23793,0.026489,-0.131592,0.935913,-2.624512,-1.464844,-11.779785
23802,-0.065308,-0.016357,1.009888,-3.112793,-1.342773,-10.864258
23812,-0.126465,0.050903,1.023438,-2.990723,-0.732422,-9.887695
23821,-0.085083,-0.009277,1.092163,-2.624512,0.305176,-8.850098
23831,-0.083252,-0.038452,1.065552,-1.647949,0.793457,-9.033203
23840,-0.064941,-0.103027,1.022461,-1.464844,0.366211,-10.070801
23853,-0.073364,-0.010742,1.049805,-0.976562,0.793457,-11.962891
23863,-0.034668,-0.086304,1.100586,0.000000,1.708984,-12.145996
23873,0.010986,-0.099854,1.013306,0.793457,1.464844,-12.939453
23882,0.016235,-0.175659,1.003906,1.159668,1.586914,-13.610840
23892,0.049316,-0.142090,1.027954,1.281738,1.464844,-14.343262
23902,0.115723,-0.165771,0.988892,1.892090,2.136230,-14.404297
23911,0.127441,-0.271729,0.962769,2.197266,1.586914,-14.953613
23921,0.047729,-0.182007,0.919556,1.159668,0.610352,-15.197754
23930,-0.007690,-0.165161,0.894287,0.976562,2.258301,-14.892578
23940,0.037598,-0.163086,0.974243,0.610352,2.197266,-14.953613
23950,-0.035645,-0.147461,0.951660,0.122070,1.525879,-15.991211
23961,-0.127563,-0.051025,0.968018,-0.244141,1.220703,-16.662598
23971,-0.069824,-0.037598,0.937622,-0.427246,2.624512,-16.235352
23980,0.003906,-0.208252,0.878784,-0.793457,3.784180,-15.441895
23990,-0.006348,-0.051392,0.982422,-1.892090,3.723145,-14.099121
24002,-0.095337,0.185913,1.206421,-2.075195,5.310059,-10.314941
24011,-0.043823,0.023315,1.148682,-0.671387,6.835937,-8.483887
24021,-0.016357,-0.167358,0.955078,0.305176,6.835937,-7.751465
24030,-0.023560,-0.166138,0.906982,-0.122070,6.286621,-6.713867
24041,-0.110596,-0.063843,0.853271,-1.159668,6.530762,-5.065918
24051,-0.120483,-0.000977,0.973511,-2.319336,8.300781,-1.586914
24060,-0.104858,0.016724,1.091187,-2.014160,9.826660,1.831055
24072,-0.240112,-0.055786,1.107544,-0.976562,11.413574,6.408691
24082,-0.251099,-0.070068,1.032471,-0.671387,12.084961,7.202148
24091,-0.213379,-0.118652,1.003174,-0.122070,12.451172,7.751465
24101,-0.161621,-0.077759,0.923218,0.244141,12.573242,8.117676
24110,-0.175537,-0.178589,0.931274,0.549316,13.061523,9.399414
24121,-0.182861,-0.104492,0.888794,1.159668,13.488770,10.131836
24130,-0.152344,-0.141113,0.926392,1.647949,14.953613,11.779785
24142,-0.053589,-0.201904,0.871338,1.403809,15.625000,15.502930
24151,-0.088013,-0.145630,0.844238,1.403809,15.808105,16.784668
24161,-0.117920,-0.206543,0.809326,1.403809,15.563965,18.188477
24170,-0.062744,-0.226685,0.840698,1.525879,15.686035,18.859863
24181,-0.008179,-0.180908,0.893311,0.976562,15.563965,19.592285
24190,-0.013550,-0.154907,1.003418,0.122070,14.526367,20.568848
24203,-0.116577,-0.194946,0.947876,-0.488281,14.831543,23.071289
24212,-0.077271,-0.111328,0.984131,-0.610352,15.380859,24.353027
24222,-0.078369,-0.158325,1.075928,-0.793457,15.197754,25.207520
24231,-0.120239,-0.094482,1.136475,-1.220703,14.892578,25.695801
24241,-0.105225,-0.134277,1.106567,-1.586914,15.014648,25.878906
24250,-0.077026,-0.123535,1.026001,-1.464844,15.319824,26.489258
24261,-0.003174,-0.158325,0.989746,-1.403809,15.014648,26.611328
24270,0.031738,-0.150879,1.099731,-1.647949,14.038086,28.259277
24280,0.015625,-0.106567,1.057129,-2.685547,13.244629,29.785156
24291,0.010986,-0.073120,1.017944,-2.685547,13.183594,31.494141
24300,0.084839,-0.059570,1.102905,-2.441406,12.634277,33.325195
24311,-0.005981,-0.061523,1.099121,-2.075195,11.596680,34.423828
24321,-0.028931,-0.021484,1.046387,-1.953125,10.864258,35.461426
24330,-0.024292,-0.052368,1.005859,-1.647949,10.864258,36.132812
24342,0.041748,-0.163208,0.981689,-1.464844,8.911133,35.461426
24351,0.066528,-0.128418,0.884888,-1.831055,7.141113,34.423828
24361,0.110962,-0.096680,0.922974,-2.075195,6.042480,33.630371
24370,0.173340,-0.102783,0.981812,-2.319336,4.638672,32.409668
24381,0.165283,-0.148560,1.002319,-2.258301,3.601074,31.066895
24390,0.154663,-0.099731,0.944824,-1.953125,2.014160,28.991699
24400,0.182495,-0.108398,0.936401,-1.892090,0.549316,26.367187
24411,0.148315,-0.100098,0.897339,-2.502441,-2.807617,20.385742
24421,0.073120,-0.033203,0.984131,-2.929688,-3.784180,18.066406
24430,0.047363,0.062622,1.113403,-3.051758,-4.089355,15.625000
24440,0.046387,-0.019165,1.071655,-2.502441,-4.333496,13.122559
24451,0.056274,-0.098267,0.973389,-2.197266,-5.432129,9.887695
24460,0.090088,-0.138428,0.887451,-2.563477,-6.530762,7.141113
24471,0.131348,-0.065674,0.918335,-3.234863,-7.202148,5.249023
24480,0.136230,-0.013550,0.970459,-3.356934,-7.446289,4.333496
24492,0.074463,-0.022949,1.106445,-3.051758,-8.056641,3.112793
24501,0.080200,-0.134766,1.071777,-2.502441,-8.056641,1.586914
24511,0.070190,-0.076172,1.083130,-2.197266,-8.300781,0.000000
24520,0.087158,-0.075073,1.000854,-1.831055,-9.338379,-2.197266
24530,0.069580,-0.119019,0.946655,-1.403809,-9.460449,-3.601074
24541,0.064087,-0.199951,0.887329,-1.220703,-10.253906,-4.638672
24550,0.057007,-0.180908,0.958862,-1.403809,-10.070801,-4.516602
24560,0.002441,-0.030884,0.988892,-2.319336,-8.789063,-2.319336
24571,0.014771,-0.050171,1.084473,-1.586914,-8.117676,-0.610352
24580,-0.036987,-0.030151,1.052856,-1.098633,-7.690430,-0.366211
24590,-0.043213,-0.042236,1.077881,-0.915527,-7.873535,-0.183105
24600,-0.037231,-0.125122,0.943848,-1.159668,-7.812500,-0.671387
24611,-0.043823,-0.153931,0.895264,-1.220703,-7.202148,-0.366211
24620,0.006958,-0.099609,0.914062,-1.586914,-6.469727,0.610352
24632,0.055664,-0.098389,0.992310,-2.807617,-6.408691,1.281738
24641,0.037598,-0.123169,1.003784,-2.746582,-6.469727,1.708984
24651,0.028809,-0.022339,1.056152,-2.807617,-6.652832,1.953125
24660,0.044678,-0.054932,1.103882,-2.441406,-6.530762,2.014160
24670,0.033325,-0.069092,1.070190,-2.136230,-6.774902,1.586914
24681,0.052368,-0.111816,1.039551,-1.892090,-7.141113,1.037598
24690,-0.010864,-0.115967,0.920898,-1.586914,-6.958008,0.366211
24700,0.017456,-0.100098,0.944458,-1.953125,-6.713867,-0.671387
24711,0.022339,-0.133667,0.957397,-2.014160,-6.469727,-1.037598
24720,-0.022583,-0.171631,0.932617,-2.075195,-6.774902,-1.159668
24730,-0.019775,-0.121582,0.886841,-2.319336,-6.286621,-1.342773
24740,-0.001831,-0.095337,1.007690,-2.685547,-6.225586,-0.854492
24751,-0.022827,-0.085327,1.077515,-2.990723,-6.042480,-1.586914
24760,-0.061890,0.005127,1.179321,-2.563477,-5.493164,-3.662109
24772,-0.038330,-0.087158,1.056396,-1.159668,-5.493164,-5.737305
24782,-0.015137,-0.137817,0.955078,-0.732422,-5.798340,-7.263184
24791,0.001709,-0.056030,0.950806,-0.915527,-6.225586,-8.544922
24801,-0.028198,-0.085693,0.984619,-0.915527,-6.103516,-8.911133
24811,-0.004761,-0.044312,1.081299,-0.976562,-5.493164,-8.483887
24821,0.015747,-0.016724,1.055786,0.000000,-4.577637,-7.812500
24830,0.034058,-0.112061,1.013550,1.159668,-4.028320,-6.835937
24842,0.025757,-0.250977,0.962036,1.342773,-4.089355,-6.530762
24852,0.032104,-0.112305,0.954102,0.854492,-3.784180,-5.432129
24861,-0.016357,-0.075439,0.987305,0.732422,-3.784180,-3.845215
24871,-0.044922,-0.069946,1.078857,0.915527,-2.868652,-2.197266
24881,-0.077759,-0.192261,0.954712,1.159668,-1.647949,-0.305176
24891,-0.022583,-0.163940,0.887817,1.037598,-1.464844,0.671387
24900,-0.046143,-0.148682,0.847900,0.671387,-1.586914,1.464844
24912,-0.107056,-0.143921,0.926147,0.122070,-0.793457,2.746582
24921,-0.082886,-0.184204,0.953857,-0.732422,-0.366211,3.356934
24931,-0.006836,-0.115845,0.958618,-0.854492,-0.183105,3.051758
24940,-0.007202,-0.119263,0.873047,-1.647949,-0.366211,2.807617
24950,0.010132,-0.047363,0.964355,-2.319336,-0.366211,2.502441
24961,-0.002075,-0.081299,1.040405,-2.502441,-0.671387,2.075195
24970,0.029297,-0.048950,1.036499,-2.319336,-0.549316,1.647949
24981,0.026489,-0.109741,1.042480,-2.075195,-1.464844,-1.403809
24991,0.011353,-0.132080,1.049683,-1.770020,-1.525879,-2.746582
25001,0.043091,-0.020996,1.103760,-1.708984,-1.525879,-3.784180
25010,-0.010254,0.005371,1.047119,-1.586914,-1.586914,-5.126953
25020,-0.031738,0.010986,1.149292,-0.976562,-1.586914,-6.164551
25031,-0.005981,-0.104736,1.129150,-0.427246,-1.037598,-6.713867
25040,0.026855,-0.041016,1.077393,-0.305176,-1.281738,-7.446289
25050,-0.000488,-0.063965,0.955078,-0.061035,-1.892090,-8.422852
25061,-0.025024,-0.172241,0.909424,-0.244141,-1.159668,-8.178711
25070,-0.001587,-0.158813,0.802246,-0.915527,-0.366211,-7.080078
25084,-0.014526,-0.083618,0.854126,-1.708984,-0.244141,-4.821777
25094,-0.038208,-0.080933,0.935913,-2.441406,0.976562,-3.112793
25104,-0.054932,-0.030884,0.957886,-2.441406,1.464844,-1.464844
25113,-0.020996,-0.033691,1.069458,-2.258301,1.647949,-0.732422
25123,0.003540,-0.047607,1.040405,-2.136230,1.586914,-0.122070
25133,-0.018555,-0.124878,0.943115,-2.563477,1.525879,0.122070
25142,0.054199,-0.051025,0.976685,-2.624512,1.708984,0.305176
25152,0.069214,-0.060059,0.988281,-2.685547,1.770020,0.549316
25161,0.049194,-0.048950,1.002197,-2.868652,1.159668,0.488281
25171,-0.003906,-0.121948,0.950439,-2.868652,1.342773,0.122070
25180,0.078247,-0.082275,1.050049,-2.868652,1.770020,-1.159668
25192,0.058105,-0.071289,1.049194,-2.929688,-0.183105,-2.441406
25202,0.019287,-0.102295,0.942017,-2.746582,-0.488281,-3.662109
25211,0.083740,-0.092407,1.000000,-2.502441,-0.488281,-4.211426
25221,0.087769,-0.106323,1.050049,-2.319336,-0.915527,-4.699707
25231,0.022583,-0.118896,1.037476,-2.685547,-1.403809,-5.371094
25240,-0.068481,-0.042847,1.058716,-2.929688,-0.915527,-5.126953
25250,-0.023926,0.034424,1.101318,-2.380371,0.183105,-5.371094
25260,-0.008301,0.029053,1.139771,-0.244141,-0.549316,-7.202148
25271,-0.030273,-0.106934,1.041016,0.488281,-0.793457,-8.483887
25280,-0.001099,-0.093994,0.948975,0.976562,-0.427246,-8.728027
25290,0.059448,-0.060669,1.004639,1.220703,0.549316,-8.178711
25300,0.034668,-0.096191,1.041382,1.708984,0.732422,-7.202148
25310,-0.021240,-0.086670,1.013672,2.136230,0.976562,-6.408691
25320,-0.087280,-0.156860,0.906616,2.563477,1.403809,-5.554199
25332,-0.012695,-0.235962,0.899292,2.685547,2.380371,-3.784180
25341,-0.066406,-0.164429,0.937622,1.647949,2.441406,-3.112793
25351,-0.115723,-0.113281,0.855103,0.976562,3.112793,-2.502441
25361,-0.025635,-0.024414,1.058228,0.732422,3.479004,-2.258301
25371,-0.002197,-0.099731,1.161743,0.732422,4.089355,-2.868652
25381,-0.049438,-0.089844,1.127441,0.793457,3.540039,-4.272461
25391,-0.085449,-0.157227,1.028564,0.793457,2.868652,-6.958008
25400,-0.004883,-0.043091,1.064941,0.976562,3.540039,-6.652832
25410,0.041504,-0.155273,0.881226,1.159668,3.723145,-5.920410
25420,0.016235,-0.093140,0.916382,1.098633,4.333496,-4.089355
25429,0.098389,-0.098267,0.953369,0.915527,5.249023,-0.915527
25440,0.062012,-0.110352,0.939697,0.732422,6.164551,2.563477
25449,0.025513,-0.184082,0.852173,0.427246,6.408691,5.737305
25460,-0.033691,-0.153564,0.906982,-0.061035,6.103516,8.117676
25472,-0.114624,-0.047729,0.956055,-0.488281,6.774902,12.878418
25481,-0.118408,-0.104858,1.041992,-0.976562,7.019043,13.977051
25490,-0.172241,-0.125488,1.096313,-0.793457,6.896973,14.526367
25500,-0.167236,-0.138306,0.901611,-0.244141,7.202148,14.709473
25509,-0.037964,-0.127197,0.976440,-0.244141,7.080078,15.136719
25520,0.000122,-0.197388,0.910156,-0.244141,7.080078,15.502930
25529,-0.011353,-0.078247,0.955688,-0.671387,7.080078,17.028809
25541,0.016235,-0.035156,1.066772,-0.549316,7.263184,21.179199
25551,0.011475,-0.135986,0.923218,0.000000,7.263184,22.766113
25560,0.010742,-0.114502,1.033936,0.061035,6.713867,23.864746
25570,-0.039673,-0.170776,1.036011,0.000000,6.469727,24.414062
25580,-0.073853,-0.043213,1.042480,-0.305176,6.286621,24.597168
25590,-0.033936,-0.064697,1.102783,-0.305176,6.103516,24.230957
25600,-0.015991,-0.071411,1.113403,-0.244141,5.615234,22.949219
25609,0.000000,-0.176514,1.050049,-0.366211,4.333496,19.165039
25621,0.022949,-0.115356,0.952026,-1.647949,2.380371,17.700195
25630,0.027832,-0.063354,0.949585,-2.014160,1.831055,16.967773
25640,0.062988,-0.124756,0.955200,-2.502441,1.708984,16.906738
25649,-0.014160,-0.064087,0.963501,-3.173828,1.464844,16.784668
25660,-0.013184,-0.008789,1.011597,-3.845215,1.647949,16.784668
25670,-0.029907,0.084717,1.147827,-3.723145,1.770020,16.418457
25679,-0.050049,-0.026123,1.005615,-2.990723,0.549316,12.878418
25691,-0.020020,-0.120117,0.976074,-2.685547,-0.610352,10.192871
25701,0.026001,-0.121216,0.876953,-2.990723,-0.732422,8.544922
25710,0.054077,-0.080322,0.909180,-3.723145,-0.732422,8.178711
25720,0.053467,-0.063721,0.943970,-4.333496,-0.671387,8.117676
25730,-0.001831,-0.078003,0.951904,-4.516602,-0.793457,7.934570
25740,0.035278,-0.068970,0.945679,-4.272461,-0.793457,7.385254
25750,0.034912,-0.037231,1.008911,-3.967285,-2.075195,6.652832
25759,0.001709,0.013184,0.993286,-3.723145,-1.953125,7.263184
25770,-0.048828,0.106445,1.060791,-3.112793,-1.342773,7.751465
25779,-0.043579,0.025269,1.121826,-2.258301,-0.610352,8.605957
25790,0.041016,-0.166016,1.009644,-1.220703,-0.427246,9.399414
25800,0.039063,-0.123169,0.875854,-1.220703,-1.098633,9.582520
25809,0.049805,-0.162598,0.735474,-1.831055,-1.586914,10.314941
25822,-0.029663,0.005005,1.062012,-2.929688,-1.281738,13.366699
25831,-0.000732,-0.034546,1.131348,-2.441406,-0.488281,14.160156
25841,-0.004272,-0.104858,1.055054,-1.586914,-0.488281,13.854980
25851,0.025146,-0.176880,0.919800,-1.281738,-1.525879,12.023926
25860,0.043701,-0.198120,1.001343,-1.525879,-2.624512,10.437012
25870,0.036377,-0.110718,1.006836,-2.075195,-3.295898,9.216309
25879,-0.005737,0.032959,1.101074,-1.953125,-2.685547,8.972168
25892,-0.025391,-0.151611,1.124268,-0.061035,-2.136230,7.507324
25901,0.081421,-0.284790,1.034546,0.244141,-2.685547,6.225586
25911,0.093262,-0.150757,0.938232,-0.122070,-3.784180,5.187988
25920,0.026733,-0.155151,0.818848,-0.671387,-4.699707,5.065918
25930,-0.030762,-0.136719,0.961792,-0.854492,-4.272461,6.103516
25939,-0.012207,-0.207764,1.038086,-1.220703,-3.784180,7.812500
25949,-0.044678,-0.101563,1.017456,-2.014160,-3.479004,8.666992
25962,0.001953,-0.037109,1.124390,-2.563477,-2.624512,9.948730
25972,-0.037231,-0.098022,1.000610,-2.136230,-2.624512,9.521484
25981,0.025146,-0.134399,0.962646,-1.953125,-3.234863,9.033203
25991,0.050293,-0.104248,1.002075,-1.708984,-4.211426,8.544922
26000,0.054199,-0.075317,0.953125,-1.953125,-4.699707,8.300781
26009,0.023071,-0.099854,0.948120,-2.319336,-4.516602,8.972168
26020,0.074219,-0.109741,1.036377,-2.136230,-4.516602,9.277344
26030,0.050171,-0.010864,1.022583,-1.342773,-5.126953,8.850098
26039,0.025757,-0.134033,1.017212,-1.281738,-5.371094,8.117676
26049,0.065796,-0.214722,0.958374,-1.159668,-6.042480,6.408691
26060,0.081177,-0.184692,0.829956,-1.281738,-6.469727,4.943848
26069,0.054321,-0.143433,0.828613,-1.708984,-7.080078,3.540039
26080,0.026001,-0.107788,1.025635,-1.892090,-7.507324,2.075195
26089,0.020264,-0.165649,1.018555,-1.525879,-7.751465,0.915527
26102,0.024780,-0.131836,1.007935,-0.427246,-8.544922,-2.868652
26111,0.041870,-0.148682,0.994995,-0.610352,-9.033203,-4.882812
26121,0.035400,-0.109131,0.915161,-0.915527,-8.789063,-6.286621
26130,0.087036,0.013550,1.093628,-0.671387,-8.605957,-7.446289
26140,0.084351,-0.073730,1.087524,-0.305176,-9.338379,-8.483887
26149,0.096069,-0.013794,1.035156,0.061035,-9.399414,-9.826660
26160,0.121216,-0.104736,1.091553,0.366211,-9.582520,-11.474609
26169,0.177612,-0.149536,1.080933,0.671387,-10.559082,-15.197754
26179,0.149658,-0.163940,0.933594,0.061035,-11.169434,-16.174316
26190,0.100464,-0.139526,0.962280,-0.610352,-11.108398,-16.479492
26199,0.081665,-0.108276,1.052246,-0.854492,-11.291504,-16.479492
26209,0.042969,-0.158691,0.867065,-0.793457,-10.925293,-15.930176
26220,0.050049,-0.129883,0.846069,-1.464844,-10.375977,-15.258789
26229,0.026978,-0.096069,0.885498,-2.746582,-9.460449,-13.793945
26239,-0.025146,-0.041016,0.992554,-3.845215,-9.033203,-11.352539
26251,-0.109009,0.067871,1.121948,-3.967285,-7.934570,-10.681152
26260,-0.092285,0.041504,1.036499,-3.112793,-7.385254,-10.681152
26270,-0.041016,-0.082153,0.946167,-2.868652,-6.958008,-10.681152
26279,-0.008911,-0.026001,0.919189,-3.234863,-6.713867,-10.253906
26289,0.008423,0.057373,1.032349,-3.662109,-6.591797,-8.789063
26299,-0.048218,0.135132,1.105957,-3.173828,-6.103516,-7.690430
26312,-0.005493,-0.120117,0.989624,-1.281738,-4.821777,-6.958008
26321,0.003662,-0.193604,0.813477,-1.159668,-5.310059,-7.934570
26331,0.008301,-0.092651,0.942139,-1.892090,-5.432129,-8.239746
26341,-0.019287,-0.059326,0.957642,-2.380371,-5.065918,-8.483887
26350,-0.047974,-0.025146,1.039307,-2.075195,-4.516602,-8.728027
26360,-0.072632,-0.131348,0.979614,-1.342773,-4.028320,-9.033203
26370,-0.042725,-0.100342,1.082153,-0.671387,-4.150391,-10.314941
26380,0.031250,-0.147583,1.016235,-1.037598,-3.479004,-12.329102
26389,0.060669,-0.130249,0.943115,-0.671387,-4.089355,-13.061523
26399,-0.039307,-0.112671,0.982422,-0.488281,-4.150391,-14.221191
26409,0.007080,-0.142334,0.923584,-0.244141,-3.723145,-15.136719
26420,0.059448,-0.190796,0.944214,-0.732422,-3.295898,-15.808105
26430,-0.037842,-0.104248,0.968018,-1.037598,-3.173828,-16.296387
26439,-0.077759,-0.013550,1.037231,-1.342773,-2.929688,-16.174316
26449,-0.045410,0.015381,1.023071,-0.976562,-2.136230,-15.991211
26461,-0.059204,-0.122437,0.967407,-0.305176,-1.342773,-15.991211
26470,-0.032227,-0.043457,0.985352,-0.915527,-1.281738,-15.686035
26480,-0.023560,-0.011597,1.018921,-1.464844,-0.793457,-14.404297
26490,0.004395,-0.160767,0.949951,-1.586914,0.366211,-12.268066
26500,-0.001709,-0.036499,0.997803,-2.197266,0.732422,-10.437012
26509,-0.093140,-0.075684,1.062256,-2.380371,0.793457,-9.338379
26519,-0.103271,-0.109741,0.944824,-2.258301,1.403809,-7.019043
26531,0.021240,-0.068481,1.074951,-2.380371,2.502441,-5.981445
26540,-0.086182,-0.070435,0.914062,-2.014160,1.892090,-5.249023
26550,-0.016235,-0.088379,0.781738,-2.258301,3.173828,-2.563477
26560,0.047852,-0.161621,0.880737,-2.441406,4.089355,0.244141
26569,-0.004517,-0.087524,1.048706,-2.868652,3.662109,2.197266
26579,-0.128418,0.075195,1.104858,-2.868652,3.723145,4.638672
26590,-0.214233,-0.000244,1.036499,-0.366211,5.432129,5.371094
26600,-0.078125,-0.259277,0.985107,0.305176,5.432129,4.455566
26609,-0.175049,-0.219482,0.828979,0.183105,4.028320,2.319336
26619,-0.172241,-0.189209,0.792847,-0.488281,4.272461,2.319336
26630,-0.096313,-0.082886,0.980957,-1.220703,5.554199,3.479004
26639,-0.088257,-0.086670,1.004150,-1.403809,6.469727,4.882812
26649,-0.125366,-0.083252,1.043457,-1.037598,6.713867,6.103516
26659,-0.137329,-0.189697,1.070435,-0.549316,6.530762,6.164551
26671,-0.035645,-0.160034,0.929199,-1.525879,7.141113,6.896973
26680,-0.031494,-0.077026,1.038452,-1.647949,6.896973,7.202148
26689,-0.016968,-0.074829,1.095337,-1.586914,6.652832,7.629395
26699,-0.041260,-0.082397,1.039307,-1.342773,6.835937,8.300781
26710,0.043335,-0.206909,1.052002,-1.281738,7.141113,9.277344
26719,0.046021,-0.123657,1.127808,-1.708984,6.530762,9.460449
26732,-0.039063,-0.057251,0.994141,-1.708984,5.920410,9.704590
26741,0.061157,-0.092163,1.073730,-1.464844,5.432129,9.643555
26750,0.078003,-0.109985,1.023438,-1.464844,5.249023,9.521484
26760,0.034180,-0.074463,1.001831,-1.647949,4.028320,8.911133
26769,0.024902,-0.051514,0.987915,-1.647949,3.417969,8.361816
26780,0.060913,-0.048462,0.951294,-1.464844,3.234863,8.300781
26789,0.081543,-0.043823,0.934448,-1.647949,3.173828,7.690430
26802,0.000977,-0.009766,1.009766,-1.647949,1.037598,6.530762
26811,-0.014282,-0.038696,1.015503,-1.220703,1.098633,6.164551
26820,0.024536,-0.075928,0.831909,-0.854492,0.732422,5.371094
26829,0.033569,-0.365601,0.500244,-1.220703,0.000000,5.126953
26839,0.071045,-0.386963,0.424805,-3.051758,-0.671387,6.286621
26849,0.030396,-0.185791,0.440552,-6.347656,-0.732422,9.521484
26859,-0.005127,0.104980,0.790771,-8.911133,0.122070,13.366699
26872,-0.121948,0.132690,1.268188,-7.934570,1.586914,19.165039
26881,-0.125732,0.060791,1.267090,-5.737305,0.915527,17.456055
26891,-0.025391,-0.126465,1.132202,-4.211426,-0.305176,13.366699
26900,0.066040,-0.168335,1.044922,-4.089355,-1.647949,8.544922
26910,0.043823,-0.181274,0.876831,-4.150391,-3.173828,4.455566
26920,0.058228,-0.056763,0.901367,-4.394531,-3.784180,1.831055
26930,0.075195,-0.127686,0.969238,-4.150391,-3.479004,0.915527
26939,0.108765,-0.190186,1.031006,-4.943848,-3.417969,-0.427246
26949,0.037964,-0.159180,1.009644,-5.004883,-4.272461,-1.708984
26959,-0.039429,-0.000732,1.172363,-3.967285,-4.333496,-3.234863
26968,0.003540,-0.056763,1.097046,-2.502441,-4.272461,-4.028320
26979,0.005859,-0.277832,0.890503,-1.831055,-4.821777,-4.943848
26989,0.021606,-0.175659,0.963989,-2.929688,-5.615234,-5.432129
26999,0.015503,-0.052246,0.999268,-4.272461,-5.126953,-4.760742
27009,0.016968,0.060181,1.098389,-4.394531,-3.601074,-2.441406
27019,-0.042603,-0.057861,1.094482,-3.173828,-3.540039,-2.502441
27028,0.030762,-0.188843,1.021606,-2.563477,-4.516602,-4.089355
27040,0.054199,-0.084351,1.000732,-3.295898,-5.065918,-5.249023
27050,0.046143,-0.093262,0.969971,-3.723145,-5.554199,-5.737305
27059,0.000610,-0.073608,1.023315,-3.417969,-5.554199,-6.103516
27069,-0.015259,-0.151367,0.950806,-3.295898,-5.432129,-6.103516
27080,0.084473,-0.033203,1.093384,-3.173828,-4.882812,-6.164551
27090,0.000366,-0.047363,1.046875,-3.173828,-5.432129,-6.225586
27100,0.035767,-0.143311,1.015991,-3.051758,-5.249023,-6.286621
27109,0.000610,-0.077148,0.894043,-2.685547,-5.493164,-6.408691
27119,-0.014893,-0.156860,0.851685,-2.807617,-5.981445,-6.347656
27129,-0.037231,-0.064941,1.003174,-3.356934,-5.798340,-5.920410
27139,-0.039307,0.037598,1.109253,-4.211426,-4.638672,-4.638672
27149,-0.084595,0.103394,1.184204,-3.845215,-3.845215,-4.638672
27160,-0.054565,0.039429,1.041992,-0.488281,-3.784180,-6.958008
27170,0.035767,-0.148437,0.977905,1.281738,-4.333496,-9.643555
27180,0.120117,-0.229004,0.833862,2.441406,-4.577637,-11.535645
27189,0.053955,-0.157837,0.783203,2.380371,-5.554199,-12.023926
27198,-0.054687,-0.054077,0.882080,2.624512,-4.516602,-10.559082
27209,-0.105103,-0.131592,1.044800,3.601074,-2.929688,-8.239746
27219,-0.142456,-0.242554,0.961182,4.821777,-1.647949,-7.019043
27230,-0.211670,-0.179932,0.890503,4.760742,-0.793457,-6.591797
27240,-0.211914,-0.157471,0.937866,3.845215,-0.549316,-7.263184
27249,-0.176270,-0.168579,0.943726,3.540039,0.244141,-7.324219
27259,-0.159668,-0.065796,0.923218,3.662109,0.793457,-7.568359
27269,-0.147217,-0.181519,0.993042,4.028320,1.342773,-7.934570
27279,-0.054687,-0.143921,0.973389,3.906250,1.586914,-8.056641
27289,0.014404,-0.069092,1.038574,3.173828,2.319336,-7.812500
27300,-0.028931,-0.031738,1.146362,3.295898,2.563477,-7.446289
27309,0.073608,-0.147705,1.130005,4.516602,3.234863,-7.324219
27319,0.149292,-0.183105,1.034668,4.577637,2.929688,-7.629395
27328,0.103516,-0.144653,0.971680,3.845215,1.708984,-7.629395
27339,0.075439,-0.083740,1.135254,2.929688,1.525879,-6.591797
27349,0.034424,0.003906,1.221558,3.051758,2.380371,-4.882812
27359,0.032593,-0.032349,1.177612,3.540039,2.685547,-3.295898
27370,-0.038086,-0.079712,1.079834,3.540039,2.136230,-2.929688
27379,-0.023315,-0.055908,1.119629,2.868652,2.258301,-2.624512
27389,-0.065552,-0.055420,1.081421,2.929688,2.014160,-3.051758
27399,-0.100464,-0.121826,0.936035,3.112793,2.075195,-3.662109
27409,-0.084839,-0.065796,0.958618,3.051758,2.319336,-3.845215
27419,-0.033936,-0.141846,0.858887,2.624512,2.624512,-3.662109
27429,-0.010010,-0.120972,0.932983,1.770020,3.356934,-2.685547
27440,-0.094971,0.032227,1.043579,1.159668,3.601074,-2.502441
27450,-0.044800,-0.028687,1.055420,2.319336,3.417969,-3.234863
27460,-0.030029,-0.165771,0.905029,2.990723,3.417969,-4.882812
27469,0.006348,-0.227539,0.798706,2.624512,2.807617,-6.469727
27478,0.014771,-0.151001,0.793823,1.342773,2.563477,-6.896973
27489,-0.003052,-0.050171,0.927368,0.061035,2.624512,-6.896973
27498,-0.030396,0.041016,1.003906,-0.366211,3.356934,-6.652832
27511,-0.026489,-0.069092,1.030884,0.732422,3.540039,-8.483887
27520,0.006592,-0.109619,0.936523,1.220703,3.356934,-10.498047
27530,0.078491,-0.104736,0.911133,0.793457,2.990723,-11.657715
27540,0.089844,-0.052246,0.903198,0.366211,2.929688,-11.840820
27549,0.046387,-0.093872,0.758667,-0.061035,3.112793,-11.047363
27558,0.061646,-0.179199,0.797485,-0.854492,3.845215,-8.911133
27570,0.045532,-0.143066,0.866821,-3.295898,5.493164,-4.455566
27580,-0.052368,0.072510,1.052368,-4.028320,5.981445,-2.563477
27589,-0.039795,0.001343,1.120605,-4.150391,6.530762,-1.098633
27599,-0.126343,-0.018677,1.127319,-3.234863,6.164551,-1.342773
27608,-0.123413,-0.044678,1.157471,-2.441406,5.737305,-2.685547
27619,-0.048462,-0.100342,1.040649,-2.075195,5.981445,-3.051758
27629,0.014404,-0.201782,0.952881,-1.831055,6.042480,-3.417969
27638,-0.012573,-0.139771,0.925171,-2.746582,6.225586,-2.441406
27650,-0.068359,-0.096436,0.984741,-3.356934,6.652832,2.014160
27659,0.018555,-0.205811,1.008789,-2.990723,8.544922,3.662109
27669,0.026123,-0.195312,0.913086,-3.417969,7.995605,4.943848
27679,-0.041870,-0.223267,0.909790,-4.272461,7.324219,5.737305
27688,-0.102173,-0.075195,0.961548,-5.432129,7.873535,6.835937
27699,-0.038086,-0.061157,0.994385,-5.798340,8.483887,8.239746
27708,-0.099243,-0.009155,1.107910,-5.737305,8.605957,8.728027
27720,-0.115479,-0.050415,1.081055,-5.493164,8.361816,7.568359
27729,-0.029297,-0.046631,1.171875,-4.821777,8.300781,6.225586
27739,-0.042847,-0.040161,1.000854,-4.394531,8.117676,5.126953
27748,-0.045288,-0.029785,0.976685,-4.028320,7.812500,4.577637
27759,-0.052734,-0.111450,0.973511,-3.662109,8.178711,4.638672
27769,-0.005737,-0.098022,0.945312,-3.417969,8.728027,5.065918
27778,-0.019409,-0.149658,0.944824,-3.234863,8.789063,5.615234
27790,-0.056519,-0.035767,0.953369,-3.356934,9.033203,6.225586
27800,-0.069214,-0.104858,0.957764,-2.929688,9.216309,6.103516
27809,-0.044312,-0.293335,0.913330,-2.380371,9.155273,5.859375
27819,-0.040039,-0.218506,0.825317,-3.234863,8.544922,6.164551
27828,-0.057739,-0.083862,0.855225,-4.272461,9.094238,7.568359
27839,-0.092163,-0.058350,0.973633,-4.882812,9.765625,10.009766
27848,-0.080933,-0.046265,0.974365,-4.943848,10.803223,12.573242
27860,-0.096802,-0.120239,1.030029,-4.211426,11.413574,15.197754
27870,-0.081665,-0.082520,1.002808,-3.295898,11.169434,16.113281
27879,-0.070923,-0.078003,0.990723,-3.295898,11.596680,17.028809
27889,-0.077637,0.016602,1.148926,-2.624512,12.023926,17.761230
27899,-0.016846,-0.075439,1.135254,-1.342773,12.329102,18.066406
27909,0.001953,-0.123779,0.987671,0.000000,11.718750,17.761230
27920,0.063477,-0.274780,0.800659,0.244141,9.155273,17.517090
27930,0.083984,-0.169556,0.782471,-1.342773,9.094238,19.531250
27940,0.002930,0.062256,0.919922,-2.258301,9.399414,22.583008
27949,-0.016479,0.072144,1.087036,-2.441406,10.009766,25.451660
27959,-0.033936,0.035400,1.144043,-1.831055,10.498047,27.160645
27969,-0.049927,0.075317,1.258301,-0.915527,9.704590,26.306152
27979,-0.074707,-0.093140,1.097412,-0.122070,8.728027,24.597168
27988,-0.024170,-0.040894,1.036133,0.305176,7.690430,22.094727
28001,0.059326,-0.096313,0.961914,0.732422,6.408691,19.165039
28010,0.091187,-0.111694,1.005615,0.915527,5.920410,18.920898
28019,0.084717,-0.125854,1.018066,0.976562,5.310059,19.165039
28029,0.082275,-0.054687,1.067871,0.976562,4.882812,19.409180
28039,0.053711,-0.177979,1.038574,1.342773,4.272461,19.836426
28049,0.022217,-0.107910,1.084229,1.342773,3.540039,19.714355
28058,-0.017822,-0.211548,0.970703,0.976562,3.173828,19.165039
28070,0.017334,-0.055664,1.039185,0.549316,3.234863,18.798828
28079,0.001465,-0.069214,1.047729,0.122070,2.502441,18.554687
28089,0.024292,-0.033447,1.106567,0.244141,2.075195,18.188477
28098,0.097412,-0.107056,1.061401,0.183105,1.464844,17.883301
28109,0.096069,-0.038696,1.020996,0.183105,1.159668,17.272949
28119,0.083130,-0.161621,0.907471,0.427246,0.183105,16.357422
28128,0.113403,-0.175659,0.822510,0.061035,-0.610352,15.991211
28141,0.072021,-0.080444,0.882812,-1.892090,-1.708984,16.479492
28150,0.024292,0.000366,0.915161,-2.258301,-2.014160,17.333984
28160,0.002441,0.022217,0.902100,-2.014160,-1.831055,17.883301
28169,0.021606,-0.153442,0.931763,-1.098633,-1.892090,17.761230
28179,0.036011,-0.206055,0.849365,-1.342773,-2.441406,16.418457
28188,0.062744,-0.106323,0.889404,-2.075195,-3.540039,14.587402
28200,0.071411,-0.100708,0.962524,-2.441406,-5.126953,9.399414
28210,0.051025,-0.076660,1.024414,-2.380371,-5.615234,6.835937
28219,0.066040,-0.137817,1.024658,-2.319336,-6.042480,3.479004
28229,0.113159,-0.055054,1.013916,-2.380371,-6.408691,0.366211
28239,0.108765,-0.136719,1.024780,-2.075195,-6.958008,-2.807617
28249,0.120239,-0.087036,0.958374,-2.441406,-7.629395,-5.249023
28258,0.168213,-0.115479,0.974121,-2.563477,-7.568359,-6.652832
28270,0.138062,-0.144775,1.053711,-2.014160,-8.056641,-8.178711
28280,0.010864,-0.097290,1.129395,-1.831055,-7.507324,-7.751465
28289,0.011841,0.032959,1.294678,-1.525879,-7.019043,-7.568359
28299,-0.102173,-0.019165,1.186035,-0.915527,-6.530762,-7.629395
28309,-0.119263,-0.225586,1.043823,0.183105,-5.554199,-7.446289
28319,-0.090088,-0.293091,0.836548,-0.122070,-5.004883,-7.019043
28329,-0.023193,-0.208374,0.798462,-1.770020,-4.394531,-5.554199
28339,-0.048584,-0.129395,0.864624,-3.356934,-3.723145,-2.502441
28348,-0.118164,0.005127,0.991455,-4.089355,-0.122070,6.469727
28359,-0.150146,-0.066162,1.016235,-3.723145,0.671387,9.399414
28369,-0.074219,0.065674,1.199097,-3.540039,0.854492,10.559082
28379,-0.127808,0.119751,1.315430,-3.173828,1.159668,11.474609
28389,-0.132080,0.094238,1.310303,-1.831055,1.708984,11.291504
28399,-0.051147,0.062500,1.381470,-0.183105,2.624512,10.559082
28408,0.020630,-0.102539,1.190918,1.708984,1.892090,8.361816
28420,0.099365,-0.434814,0.508545,3.112793,-15.197754,5.432129
28429,0.132446,-0.332275,0.502197,-1.525879,-0.488281,7.995605
28439,0.071167,-0.098267,0.659912,-4.028320,0.061035,12.268066
28449,-0.058838,0.045654,0.942017,-5.126953,1.770020,17.211914
28458,-0.176880,0.041870,1.024780,-4.882812,2.624512,20.385742
28469,-0.141602,0.100220,1.159668,-3.540039,2.807617,20.202637
28478,-0.072021,-0.064331,1.011719,-1.342773,2.319336,18.127441
28490,0.054565,-0.260254,0.754028,-0.305176,-14.648438,11.474609
28500,0.115845,-0.141235,0.828613,-1.647949,-1.220703,10.192871
28509,0.104126,0.008301,0.998047,-2.563477,-1.098633,10.131836
28518,0.062866,0.139160,1.172119,-1.831055,-0.915527,10.070801
28529,0.110596,0.077637,1.279663,0.061035,-0.732422,9.033203
28538,0.122925,-0.276978,1.012939,2.380371,-1.403809,6.286621
28550,0.214233,-0.271606,0.901489,2.075195,-5.249023,-1.220703
28560,0.142334,0.000244,1.050293,1.342773,-5.371094,-2.685547
28569,0.069946,0.029541,1.264771,2.258301,-4.821777,-3.784180
28579,0.061157,-0.195435,1.040527,3.662109,-5.065918,-5.187988
28588,0.074097,-0.309448,0.905762,4.028320,-5.676270,-6.835937
28598,0.111206,-0.298340,0.742920,2.868652,-6.469727,-7.995605
28608,0.072510,-0.055786,0.906982,0.244141,-6.103516,-7.446289
28618,0.035278,0.059326,1.108643,-0.976562,-4.821777,-5.310059
28630,-0.031006,-0.172852,0.927979,-0.732422,-3.417969,-3.417969
28639,0.028442,-0.323608,0.660400,-2.258301,-3.234863,-1.953125
28649,0.003662,-0.425415,0.428345,-4.638672,-4.211426,-1.770020
28659,-0.045044,-0.016846,0.645752,-8.728027,-3.662109,0.549316
28668,-0.065063,0.259155,1.023560,-10.314941,-1.770020,5.310059
28679,-0.150269,0.512085,1.489502,-9.399414,-0.366211,8.422852
28688,-0.199219,0.281982,1.695190,-5.676270,0.671387,9.033203
28700,0.156372,-0.463013,0.656738,-1.220703,0.427246,5.432129
28710,0.259399,-0.198853,0.664917,-5.126953,-2.014160,-0.244141
28719,0.067261,0.082886,0.933716,-8.117676,-3.234863,-0.061035
28729,-0.046509,0.191406,1.037964,-8.728027,-1.647949,3.723145
28738,0.001465,0.112427,1.213867,-7.629395,0.305176,5.737305
28749,0.026978,-0.193848,1.196167,-6.774902,-0.122070,5.493164
28758,-0.010376,-0.088745,1.134766,-6.958008,-1.647949,3.295898
28768,-0.033936,0.008667,0.963257,-6.408691,-1.159668,1.464844
28780,0.029175,-0.176025,0.980713,-2.807617,-1.098633,1.586914
28790,-0.041382,-0.291748,1.050293,-1.953125,-1.037598,1.708984
28799,-0.086182,-0.078247,1.064453,-2.563477,-0.671387,2.441406
28809,-0.018799,-0.049194,1.134888,-2.380371,0.488281,3.662109
28819,-0.011597,-0.072876,1.088257,-1.037598,0.976562,4.150391
28828,-0.084595,-0.245850,0.822388,0.366211,0.488281,3.479004
28841,-0.013916,-0.205933,0.814087,0.122070,-0.122070,2.136230
28850,-0.017700,-0.129150,0.944824,-0.976562,1.037598,3.234863
28860,-0.053467,-0.062988,1.006348,-2.197266,1.220703,4.028320
28869,-0.087280,0.019043,1.067261,-2.319336,2.136230,4.699707
28879,-0.009644,0.023804,1.145630,-1.464844,2.685547,4.150391
28888,0.074341,-0.143311,1.076172,-0.427246,2.746582,2.746582
28899,0.080322,-0.065796,1.151489,-0.488281,1.037598,0.366211
28908,0.054932,-0.004761,1.174072,-0.061035,0.488281,-3.051758
28920,0.171631,-0.141479,1.060303,0.427246,0.305176,-4.028320
28929,0.126099,-0.204712,0.860474,0.610352,-0.427246,-4.028320
28939,0.117432,-0.031128,0.969238,-0.244141,-0.549316,-2.868652
28948,0.066895,-0.072021,1.011719,-0.976562,0.305176,-0.732422
28959,0.072876,0.001831,0.983398,-1.098633,1.464844,2.136230
28968,-0.016968,0.083130,1.083374,-0.732422,1.647949,4.394531
28980,-0.061890,-0.205078,0.919922,2.929688,1.831055,5.249023
28990,-0.021606,-0.358643,0.739624,3.356934,1.342773,5.737305
28999,-0.047607,-0.323364,0.726196,2.929688,1.464844,6.835937
29009,-0.076782,-0.236084,0.792480,1.586914,1.953125,8.728027
29018,-0.095215,-0.130371,0.977295,0.000000,2.868652,11.230469
29028,-0.118408,-0.014771,1.130249,-0.488281,3.845215,13.305664
29038,-0.155640,-0.026611,1.159424,0.549316,4.516602,13.610840
29051,-0.039795,-0.178345,1.056641,2.807617,3.540039,8.483887
29060,0.032471,-0.225342,0.953247,2.990723,2.990723,5.310059
29069,0.133545,-0.043701,1.066162,2.807617,2.563477,3.540039
29079,0.121582,-0.056885,1.007202,3.112793,2.197266,2.685547
29089,0.180542,-0.121704,1.003906,3.601074,2.197266,2.990723
29098,0.232910,-0.172119,0.982544,3.601074,2.014160,3.723145
29109,0.176880,-0.245728,0.865601,2.868652,1.464844,4.943848
29118,0.074951,-0.033325,1.001465,1.708984,1.159668,8.666992
29129,-0.083618,-0.003662,1.237671,1.281738,2.136230,10.803223
29139,-0.095703,0.055664,1.262451,2.258301,2.807617,10.986328
29148,-0.096558,-0.043335,1.197388,3.051758,2.441406,10.009766
29159,-0.080444,-0.187134,0.982056,3.295898,1.831055,8.728027
29168,0.007446,-0.071167,0.929199,2.685547,2.197266,8.666992
29179,0.032593,-0.128784,0.955566,1.831055,2.258301,10.009766
29188,0.009766,-0.079590,0.937134,0.305176,2.807617,13.610840
29200,0.029419,-0.069580,0.994751,-0.061035,2.624512,14.465332
29209,0.008789,-0.070923,0.936035,-0.244141,2.258301,14.709473
29219,-0.004883,-0.125244,0.869385,-0.793457,1.525879,14.282227
29228,-0.017212,-0.047852,0.873901,-1.708984,1.342773,13.977051
29238,-0.011108,-0.025879,1.036133,-2.014160,1.525879,13.732910
29249,-0.036987,0.065674,1.124878,-2.075195,1.342773,13.244629
29258,-0.003052,0.024658,1.068481,-0.549316,1.220703,11.474609
29270,0.053467,-0.311279,0.628296,-0.610352,-0.061035,10.681152
29279,0.047241,-0.288452,0.595581,-2.014160,-0.854492,10.375977
29289,0.010010,0.045410,0.708862,-4.760742,-0.610352,12.573242
29298,-0.057129,0.201538,1.028442,-5.737305,0.793457,15.625000
29308,-0.115967,0.049683,1.173462,-4.089355,2.197266,18.066406
29319,-0.064087,-0.093872,1.141113,-2.258301,2.563477,18.493652
29328,0.031738,-0.149292,0.996582,-1.342773,-0.244141,13.793945
29338,0.043335,-0.071411,0.914673,-1.647949,-0.427246,13.061523
29349,0.098022,-0.108765,0.950073,-1.647949,-0.488281,13.061523
29358,0.074097,-0.208374,0.950684,-1.159668,-0.122070,13.732910
29369,0.087891,-0.286011,0.942505,-0.915527,-0.915527,13.793945
29378,0.028320,-0.378296,0.925171,-1.831055,-1.647949,14.099121
29389,0.078857,-0.061646,1.072510,-3.723145,-1.892090,14.526367
29398,-0.024536,-0.048584,1.125366,-3.173828,-1.586914,15.319824
29408,-0.101196,-0.133667,1.142212,-2.502441,-1.403809,14.404297
29418,-0.001709,-0.281006,1.032593,-1.892090,-1.831055,13.000488
29429,0.031250,-0.098022,1.064819,-2.258301,-2.380371,12.023926
29438,-0.007568,-0.112915,1.015869,-2.868652,-2.502441,12.084961
29448,-0.030884,-0.159302,0.967529,-3.295898,-2.258301,13.244629
29459,0.049194,-0.021118,1.102173,-3.906250,-1.770020,14.587402
29468,0.025879,-0.147461,1.031372,-4.516602,-2.136230,15.869141
29480,0.008667,-0.082397,1.020752,-5.187988,-2.380371,16.296387
29489,0.043579,-0.020264,0.990723,-5.187988,-2.197266,15.808105
29499,0.002686,-0.065430,1.009033,-5.126953,-3.112793,14.831543
29508,-0.057495,-0.176514,0.922363,-4.577637,-3.662109,12.939453
29518,-0.012695,-0.184082,0.908569,-5.004883,-3.723145,11.962891
29529,0.044922,-0.118896,0.868530,-5.920410,-4.211426,11.169434
29538,0.014893,0.059082,0.946899,-5.676270,-4.272461,10.192871
29550,0.005127,-0.039185,1.045776,-4.699707,-4.272461,9.399414
29559,0.083740,-0.168335,0.989380,-4.028320,-4.577637,7.995605
29569,0.100830,-0.020874,0.967285,-4.089355,-5.554199,6.042480
29578,0.088135,-0.025391,1.019409,-3.601074,-6.591797,3.967285
29589,0.104492,-0.188354,0.975586,-2.807617,-6.652832,1.892090
29598,0.165039,-0.036865,0.935425,-2.502441,-7.263184,-0.366211
29608,0.169312,-0.051392,0.880859,-1.342773,-8.666992,-5.798340
29618,0.123047,-0.103760,0.951294,-0.732422,-9.094238,-7.385254
29628,0.159180,-0.151978,0.927734,-0.976562,-9.277344,-8.850098
29638,0.140259,-0.019653,1.088257,-1.159668,-10.070801,-10.498047
29648,0.041748,-0.067505,1.055542,-0.793457,-10.009766,-12.207031
29658,0.047607,-0.104492,1.123169,0.061035,-9.460449,-13.061523
29669,0.135498,-0.113892,1.038574,0.549316,-9.155273,-14.648438
29678,0.151733,-0.173340,0.966309,-0.366211,-10.314941,-16.540527
29690,0.110352,-0.004150,1.140991,-0.610352,-9.887695,-16.174316
29699,0.100464,-0.016602,1.160034,-0.122070,-8.789063,-14.892578
29709,0.075317,0.041870,1.207397,0.793457,-8.666992,-15.258789
29719,0.094238,-0.059082,1.126221,1.586914,-9.155273,-15.930176
29728,0.071777,-0.038330,1.012451,1.831055,-9.216309,-16.784668
29739,0.069092,-0.033936,1.044922,1.647949,-9.399414,-17.089844
29748,0.001953,-0.131104,0.968506,1.281738,-7.446289,-15.197754
29760,-0.029297,-0.128540,0.895020,1.220703,-6.347656,-13.793945
29769,-0.034180,-0.062988,0.912598,0.793457,-5.310059,-12.023926
29779,-0.044434,-0.078125,0.887085,-0.122070,-4.699707,-9.826660
29788,-0.087158,-0.057617,0.862793,-0.976562,-3.967285,-7.873535
29798,-0.146484,-0.072021,0.845581,-1.037598,-2.807617,-5.798340
29808,-0.156860,-0.092041,0.858887,-1.220703,-1.831055,-3.967285
29821,-0.023071,-0.096680,0.779419,-2.258301,0.244141,0.000000
29830,-0.001343,-0.087891,0.820801,-3.051758,0.732422,2.136230
29840,-0.064331,-0.082764,0.806274,-3.540039,0.732422,3.295898
29849,-0.104492,-0.041260,0.864258,-3.906250,1.281738,5.004883
29859,-0.007690,-0.018066,0.934326,-4.150391,2.014160,6.408691
29868,0.009644,-0.001343,1.034302,-3.845215,2.075195,6.896973
29879,-0.111816,-0.069702,1.020508,-3.601074,1.464844,7.202148
29888,-0.143799,0.035645,1.033447,-2.441406,2.563477,6.713867
29898,-0.055664,-0.063354,1.088379,-1.647949,3.295898,6.225586
29908,-0.104004,0.020020,1.212036,-1.281738,2.502441,4.943848
29918,-0.099243,-0.068115,1.134521,-0.732422,3.173828,4.028320
29928,-0.024658,-0.218750,1.112305,0.366211,3.845215,3.540039
29938,0.040771,-0.145874,1.107544,0.732422,3.356934,2.868652
29948,-0.013916,-0.266479,0.988525,1.098633,2.502441,2.868652
29958,-0.076782,-0.139771,1.016479,0.793457,2.502441,3.662109
29969,-0.036499,-0.176514,1.083252,0.427246,4.577637,8.605957
29979,-0.046875,-0.096069,1.033325,0.427246,4.638672,10.498047
29988,-0.017334,-0.216431,1.037109,0.244141,4.577637,11.596680
29999,-0.023926,-0.233765,0.926636,0.061035,4.516602,12.145996
30008,-0.021606,-0.078735,0.982178,-1.220703,4.211426,13.061523
30018,-0.113281,-0.125610,0.931152,-2.136230,3.906250,13.732910
30030,-0.000977,-0.157837,0.884399,-3.112793,5.310059,15.625000
30040,0.000122,-0.126587,0.955322,-4.150391,4.699707,15.136719
30049,-0.054199,-0.168213,0.794556,-5.371094,4.028320,15.014648
30059,0.034790,-0.029175,0.822998,-6.652832,3.662109,15.319824
30068,0.116089,0.008667,1.013794,-7.446289,3.601074,15.991211
30078,0.062500,0.021606,0.991333,-7.263184,2.502441,15.625000
30088,0.049194,0.065186,1.088623,-6.958008,1.464844,14.831543
30098,0.057983,-0.049316,1.042969,-6.042480,0.976562,14.160156
30109,0.106445,-0.144775,0.938477,-3.784180,-0.549316,11.962891
30119,0.076660,-0.104614,0.849854,-3.479004,-1.586914,10.986328
30129,0.071289,-0.079590,0.969727,-3.479004,-1.770020,11.291504
30139,0.080811,-0.084351,0.958008,-3.112793,-1.464844,11.718750
30148,0.017700,-0.040771,1.071533,-2.197266,-1.464844,12.084961
30158,-0.020020,-0.107788,1.138916,-0.915527,-2.258301,10.925293
30170,0.024536,-0.152466,0.971680,1.708984,-2.807617,6.896973
30180,0.019531,-0.328613,0.837769,2.258301,-3.051758,5.554199
30189,0.009644,-0.267212,0.792603,1.647949,-3.723145,4.394531
30198,-0.003296,-0.103516,0.940796,0.915527,-3.967285,3.845215
30208,0.018799,-0.071777,1.034058,0.610352,-3.295898,4.211426
30218,0.006104,-0.014893,1.141357,0.610352,-3.295898,3.479004
30228,-0.023071,-0.112671,1.140259,0.854492,-4.028320,1.708984
30238,-0.006348,-0.188721,0.993042,0.732422,-4.455566,-2.502441
30248,0.073730,-0.045898,1.061523,-0.610352,-4.638672,-3.662109
30258,0.064331,-0.102173,0.974243,-1.708984,-5.126953,-4.333496
30268,0.141113,0.018066,1.094971,-2.502441,-4.760742,-3.601074
30278,0.112305,-0.056519,0.981323,-3.051758,-4.150391,-2.563477
30288,0.145508,-0.045654,1.045410,-3.540039,-4.699707,-1.831055
30298,0.056885,-0.039307,1.027954,-4.333496,-5.615234,-1.159668
30308,0.041992,0.074707,1.084961,-4.577637,-4.699707,1.342773
30320,0.004272,0.019775,1.042358,-3.723145,-4.760742,1.953125
30329,0.010986,0.007324,0.977661,-3.173828,-5.371094,2.258301
30339,0.033569,-0.114868,0.913208,-2.868652,-5.432129,2.380371
30348,0.012207,-0.075928,0.900513,-3.295898,-4.638672,3.051758
30358,0.024292,0.020142,0.968262,-3.356934,-4.882812,3.295898
30368,-0.027100,-0.022461,0.952515,-2.441406,-4.821777,3.417969
30378,-0.021484,-0.075073,0.941528,-0.854492,-5.187988,0.305176
30389,0.005127,-0.119873,0.813721,-0.122070,-5.981445,-1.525879
30399,-0.021240,-0.068237,0.929077,-0.244141,-5.676270,-2.746582
30408,-0.049438,-0.000244,1.044922,-0.305176,-5.676270,-4.333496
30418,-0.038208,-0.016235,1.089111,0.427246,-5.126953,-5.371094
30428,0.002197,-0.109009,1.001343,1.464844,-5.004883,-7.202148
30438,0.034668,-0.166748,0.993774,1.647949,-5.371094,-9.704590
30448,0.044434,-0.144653,0.889648,1.647949,-5.676270,-14.709473
30459,0.059814,-0.106567,1.060425,1.586914,-5.615234,-15.563965
30469,0.042603,-0.145996,0.954712,1.525879,-5.615234,-16.418457
30478,0.036011,-0.199585,1.019287,1.281738,-5.432129,-16.174316
30488,0.062622,-0.179321,1.141846,0.915527,-4.516602,-15.197754
30498,0.076416,-0.172607,1.098755,0.427246,-3.906250,-13.427734
30508,0.047363,-0.119019,1.091919,0.305176,-3.234863,-11.596680
30520,0.006836,-0.177246,1.022339,0.976562,-2.258301,-8.178711
30530,0.009155,-0.170776,1.028076,0.671387,-1.831055,-6.591797
30539,0.001587,-0.197144,0.967163,0.244141,-1.892090,-4.699707
30549,-0.105347,-0.184570,0.910156,-0.671387,-1.281738,-1.831055
30558,-0.104126,-0.132324,0.916138,-1.647949,0.122070,1.342773
30568,-0.061768,-0.067383,0.950073,-2.075195,1.403809,4.394531
30578,-0.101440,0.105591,1.004883,-2.380371,1.342773,6.713867
30590,-0.117554,-0.097900,0.952759,-2.136230,1.831055,9.094238
30600,-0.061401,0.074463,0.962891,-2.258301,1.953125,9.033203
30609,-0.095825,-0.127197,0.910767,-2.075195,1.770020,8.605957
30619,-0.149414,-0.098267,0.898926,-2.075195,1.647949,7.995605
30628,-0.105713,-0.000244,0.981201,-2.197266,1.953125,7.568359
30638,-0.078735,-0.028931,0.968506,-1.953125,2.624512,7.080078
30648,-0.040649,-0.047729,1.010620,-1.281738,2.441406,6.286621
30660,-0.036865,-0.108887,1.005371,-0.732422,2.197266,4.028320
30670,-0.001709,0.010254,1.068237,-0.122070,2.319336,2.746582
30679,0.021118,-0.168457,0.938843,0.671387,2.075195,1.525879
30689,0.039917,-0.223267,0.882446,0.915527,1.892090,0.488281
30698,0.109619,-0.196533,0.972534,0.427246,1.586914,0.122070
30707,0.056396,-0.145142,0.877808,-0.366211,1.159668,0.793457
30718,0.042847,-0.044434,1.091553,-0.854492,1.525879,1.525879
30728,0.001587,-0.135620,1.099976,-0.549316,2.014160,2.075195
30739,-0.017334,-0.048950,1.052734,-0.488281,1.647949,1.647949
30749,-0.013306,-0.039673,1.117554,-0.976562,1.647949,1.708984
30758,-0.063599,-0.036011,1.157959,-0.793457,1.892090,1.892090
30768,-0.075928,0.008789,1.180786,-0.122070,2.258301,1.953125
30778,-0.037598,-0.143921,1.107788,0.366211,2.258301,1.647949
30788,0.002075,-0.143066,0.942871,0.305176,1.953125,1.098633
30797,0.015015,0.004639,1.046631,-0.305176,1.708984,1.342773
30809,-0.026611,-0.064331,0.938110,-0.671387,2.136230,3.356934
30818,-0.003784,0.009277,1.034790,-1.464844,2.563477,4.638672
30828,-0.011108,-0.113770,0.940918,-1.464844,2.563477,5.004883
30838,-0.000488,-0.027222,0.984253,-1.953125,1.892090,4.699707
30848,-0.015503,-0.008911,0.917480,-2.197266,1.892090,4.760742
30858,-0.029907,0.119751,1.013306,-2.380371,1.647949,4.638672
30868,0.024048,0.123901,1.077881,-1.953125,1.892090,2.746582
30877,-0.046875,-0.061279,0.977417,0.061035,1.403809,1.098633
30888,0.037598,-0.111084,0.984863,0.366211,0.610352,-0.671387
30897,0.089233,-0.135010,0.905273,0.366211,0.488281,-1.464844
30908,0.079834,-0.088989,0.948242,0.305176,0.061035,-2.014160
30918,0.005127,-0.095459,0.877441,0.244141,-0.061035,-2.685547
30928,0.029663,-0.107544,0.951294,0.305176,0.244141,-2.441406
30940,0.029419,-0.156006,0.875732,0.122070,0.427246,-3.295898
30950,0.020386,-0.111816,0.969971,-0.549316,0.305176,-3.417969
30959,-0.008667,-0.069458,0.950195,-0.671387,0.244141,-3.845215
30969,0.008423,-0.004883,1.137573,-0.427246,0.793457,-3.967285
30978,-0.049316,-0.143433,1.079956,0.122070,0.793457,-4.882812
30988,-0.006104,-0.213989,1.004883,0.366211,0.915527,-5.981445
30997,0.048218,-0.107178,1.039185,0.183105,0.610352,-6.591797
31009,0.018921,-0.148926,0.996338,-0.366211,0.976562,-5.981445
31018,-0.000488,-0.119873,1.027344,-0.122070,1.770020,-5.187988
31028,-0.017334,-0.238525,0.956421,0.183105,2.563477,-3.906250
31038,-0.015381,-0.091187,0.990723,-0.549316,2.319336,-3.112793
31048,-0.045288,-0.102051,0.960205,-0.793457,2.441406,-1.708984
31058,-0.048950,0.000366,0.999268,-1.159668,2.929688,-0.122070
31067,-0.039551,-0.048584,0.981689,-1.342773,3.662109,1.586914
31080,-0.032593,-0.046997,1.042358,-2.075195,4.455566,4.211426
31090,-0.014282,-0.130859,1.006348,-2.624512,4.333496,5.126953
31099,-0.035278,-0.032471,0.971436,-2.685547,4.760742,6.103516
31109,-0.015869,0.007568,1.075684,-2.502441,4.760742,6.591797
31119,-0.047119,-0.088379,0.906616,-2.197266,4.638672,7.141113
31128,0.004272,-0.136719,0.938843,-1.953125,4.638672,7.751465
31138,0.007935,-0.216309,0.881592,-2.319336,5.065918,9.155273
31147,0.010742,-0.092896,0.939453,-3.173828,5.310059,11.047363
31159,-0.079468,-0.060547,1.024414,-3.784180,5.432129,14.038086
31169,-0.087036,-0.007202,1.101563,-3.479004,5.798340,14.221191
31178,-0.136963,-0.167969,1.050903,-3.051758,5.554199,13.549805
31188,-0.158691,-0.128906,1.005005,-2.807617,5.615234,12.451172
31198,-0.095947,-0.139404,1.021851,-2.563477,5.737305,11.718750
31207,-0.062134,-0.206299,0.876953,-2.624512,5.920410,10.986328
31217,-0.056152,-0.095459,0.981323,-2.990723,5.737305,11.230469
31229,0.049316,-0.143188,0.916382,-3.112793,6.164551,13.061523
31239,0.060669,-0.125732,0.989380,-3.540039,6.225586,14.648438
31248,0.014771,-0.169922,0.951172,-3.540039,5.371094,15.747070
31258,-0.020874,-0.040771,0.934570,-3.601074,5.187988,16.601562
31267,0.014038,-0.091187,0.908203,-3.356934,5.065918,17.456055
31278,-0.007080,-0.076660,0.917969,-3.479004,4.943848,18.371582
31287,-0.003296,-0.048706,0.966675,-4.028320,4.333496,18.859863
31297,-0.003418,-0.028076,0.951416,-4.455566,4.394531,19.287109
31308,0.040161,0.012451,1.004639,-4.333496,3.784180,18.493652
31317,-0.001221,-0.016235,0.986694,-4.211426,2.319336,16.906738
31327,0.016846,0.011475,1.006714,-4.028320,1.464844,15.075684
31338,0.095947,-0.087402,0.903931,-3.967285,1.281738,13.977051
31347,0.139282,-0.136353,0.965942,-4.211426,0.854492,13.000488
31359,0.096802,-0.166382,0.980469,-5.126953,-0.976562,11.047363
31369,0.070923,0.058105,1.161011,-4.821777,-0.671387,10.192871
31378,0.073608,-0.110474,1.088257,-4.150391,-1.220703,8.850098
31388,0.044800,-0.075806,1.052490,-3.112793,-2.319336,6.652832
31397,0.102661,-0.075562,1.103516,-2.746582,-3.112793,5.187988
31408,0.131592,-0.112427,1.002686,-2.929688,-3.173828,4.089355
31417,0.143188,0.058594,1.127686,-2.624512,-3.723145,3.356934
31429,0.125366,0.020020,1.130737,-1.281738,-4.943848,0.671387
31438,0.181641,-0.091309,1.025391,-1.281738,-4.943848,-0.549316
31448,0.103394,-0.122070,1.039429,-1.342773,-5.798340,-1.953125
31457,0.077759,-0.073608,0.966309,-1.281738,-5.981445,-3.234863
31467,0.058228,-0.024048,1.049316,-0.793457,-6.286621,-4.211426
31478,-0.013306,-0.089233,0.887817,-0.488281,-6.408691,-5.065918
31488,-0.078247,-0.089966,0.959106,-0.488281,-6.347656,-5.371094
31497,-0.106934,-0.106812,0.912109,-0.976562,-5.737305,-5.126953
31507,-0.087646,-0.068359,0.953369,-2.563477,-3.906250,-3.295898
31517,-0.146729,-0.005737,1.018677,-2.319336,-2.807617,-2.014160
31528,-0.104858,0.074585,1.121704,-1.770020,-1.586914,-1.342773
31538,-0.067261,-0.071899,1.088013,-1.037598,-1.525879,-1.098633
31547,-0.048340,-0.164795,1.026123,-0.244141,-1.525879,-1.647949
31558,0.023071,-0.067261,1.099731,0.183105,-0.976562,-1.586914
31567,0.056641,-0.073486,0.992920,0.366211,-0.854492,-1.220703
31577,0.004639,-0.093018,0.995483,1.220703,-0.488281,0.183105
31588,0.029663,-0.194702,0.981567,1.464844,-0.122070,1.037598
31597,0.076294,-0.194824,0.960571,1.831055,-0.366211,1.281738
31608,0.017944,-0.183472,0.884155,1.647949,-0.549316,2.197266
31617,-0.014893,-0.116211,0.884644,1.464844,-0.366211,3.479004
31628,-0.049927,-0.002197,1.056274,1.281738,0.305176,4.699707
31637,-0.078369,-0.127441,0.946411,1.647949,0.976562,6.103516
31649,-0.047241,-0.172607,1.012207,1.953125,1.525879,7.080078
31658,0.001831,-0.183472,0.852661,1.892090,1.770020,7.202148
31668,-0.019409,-0.020264,0.929687,1.770020,1.220703,7.385254
31677,-0.022339,-0.116577,0.981934,2.075195,1.220703,7.385254
31687,-0.048462,-0.189453,0.884521,1.770020,1.220703,7.385254
31698,0.032104,-0.133179,1.000732,1.464844,1.220703,7.019043
31707,-0.035034,-0.173584,0.950806,1.220703,0.915527,6.469727
31719,-0.008545,-0.141968,1.032227,0.671387,1.464844,5.676270
31728,0.052368,-0.189575,0.929443,0.305176,1.403809,5.554199
31738,0.048340,-0.084473,0.949707,-0.427246,0.976562,5.615234
31747,0.016968,-0.118652,0.961060,-1.159668,0.427246,6.591797
31758,0.010376,-0.081909,1.061646,-1.708984,1.159668,8.056641
31767,0.038696,0.058228,1.188110,-1.464844,1.708984,9.338379
31779,-0.023560,-0.083130,1.147705,0.122070,0.854492,9.643555
31788,0.014038,-0.041870,1.118896,0.305176,0.915527,9.521484
31798,0.083008,-0.010498,1.082153,-0.122070,0.793457,9.460449
31807,-0.016235,-0.131836,1.019409,-0.061035,0.244141,9.460449
31818,0.005371,-0.023315,1.085449,-0.061035,0.305176,9.643555
31827,-0.021362,-0.100586,1.032593,0.183105,0.549316,9.643555
31838,0.031128,-0.219971,0.905029,0.000000,-0.183105,8.728027
31847,-0.019653,-0.150391,0.817627,-0.305176,-0.488281,8.239746
31857,-0.028198,-0.147583,0.800415,-2.502441,-0.366211,8.728027
31868,-0.032593,-0.145630,0.885132,-3.540039,0.061035,9.521484
31878,-0.115967,0.013184,1.011353,-4.211426,0.122070,9.826660
31887,-0.121094,0.102661,1.139404,-4.211426,0.732422,9.887695
31897,-0.038330,-0.095703,1.108521,-3.479004,1.220703,9.216309
31908,-0.014526,-0.015503,1.032837,-3.051758,0.793457,7.751465
31918,0.064819,0.100464,1.112915,-2.624512,0.061035,4.577637
31929,0.108154,0.080566,1.156738,-1.464844,-0.305176,2.624512
31939,0.113403,0.084351,1.219971,0.183105,-0.366211,0.610352
31948,0.117920,-0.243530,0.987915,1.586914,-1.281738,-1.770020
31958,0.177246,-0.252563,0.906006,1.770020,-2.441406,-4.455566
31967,0.184448,-0.109619,0.958252,1.098633,-3.295898,-5.798340
31978,0.070068,-0.112305,0.940186,0.427246,-3.662109,-6.164551
31987,0.049438,0.020630,1.064453,0.549316,-2.929688,-5.920410
31999,0.011841,-0.221558,0.908813,2.075195,-3.112793,-6.408691
32008,0.003418,-0.084106,1.032227,1.708984,-3.356934,-6.958008
32018,-0.020508,-0.072510,0.929443,1.220703,-2.319336,-6.835937
32027,0.021729,-0.044556,0.972168,1.281738,-1.708984,-6.408691
32038,-0.034912,-0.108887,0.942139,2.014160,-1.647949,-6.835937
32048,-0.048950,-0.202026,0.851685,2.258301,-1.281738,-7.080078
32057,0.060303,-0.117554,0.909424,1.525879,-1.159668,-6.774902
32069,-0.042969,-0.016113,0.953125,0.549316,-0.427246,-5.798340
32079,-0.006592,-0.086304,0.865601,0.549316,0.549316,-4.760742
32088,0.039917,-0.194214,0.885864,0.183105,1.098633,-3.417969
32098,0.026733,-0.139893,0.962646,-0.488281,0.915527,-2.502441
32107,-0.072876,-0.058228,0.934937,-2.075195,1.525879,-0.976562
32118,-0.046143,0.083374,1.034912,-2.258301,2.380371,0.793457
32127,-0.032349,-0.078125,1.037842,-1.770020,3.417969,2.746582
32137,-0.039063,-0.090454,0.928223,-2.502441,2.746582,5.065918
32148,-0.076538,-0.212524,0.910767,-2.685547,3.662109,7.141113
32157,-0.034668,0.013184,0.924194,-3.479004,4.821777,9.948730
32168,-0.040283,-0.028320,1.031128,-3.356934,5.493164,12.329102
32177,-0.087524,0.050415,1.063843,-2.563477,5.310059,13.916016
32188,-0.020264,-0.066650,1.124268,-1.342773,5.493164,14.770508
32198,-0.009766,-0.266479,1.040649,-0.366211,5.126953,13.549805
32210,-0.044434,-0.181030,0.925659,-0.549316,4.150391,13.610840
32220,-0.026978,-0.159912,0.874756,-0.976562,4.150391,13.610840
32229,0.044800,-0.140015,0.955200,-1.770020,4.760742,15.014648
32239,-0.002563,-0.216919,0.941406,-2.868652,4.211426,15.686035
32248,-0.092041,-0.043579,1.056763,-4.028320,4.089355,15.991211
32258,-0.041382,-0.046753,1.168213,-4.150391,4.821777,16.479492
32267,-0.028931,-0.154785,1.169067,-4.089355,4.333496,15.625000
32277,-0.067627,0.007080,1.182739,-2.990723,3.112793,12.451172
32289,0.028687,-0.179810,1.003052,-2.197266,3.173828,11.108398
32298,0.101685,-0.156616,0.985840,-2.197266,2.990723,10.803223
32307,0.052612,-0.146362,0.965332,-2.563477,2.441406,11.474609
32318,0.021362,-0.083862,1.033691,-2.990723,2.136230,12.512207
32327,0.026123,0.004883,1.086060,-2.929688,2.624512,14.038086
32339,-0.003784,-0.093384,1.009521,-1.953125,2.502441,14.953613
32348,-0.089844,-0.138062,0.923584,-2.136230,1.770020,14.526367
32358,-0.040039,-0.050415,0.866333,-2.380371,2.197266,15.258789
32368,-0.013062,-0.015747,1.003296,-2.502441,2.563477,15.991211
32377,0.003418,-0.071167,0.913574,-2.319336,2.380371,17.028809
32388,-0.035034,0.009766,0.943604,-2.136230,2.136230,16.967773
32397,0.091553,-0.050049,0.929565,-1.953125,1.647949,16.845703
32407,0.105469,-0.089355,0.899170,-1.953125,1.220703,16.601562
32419,0.139160,-0.082764,0.919922,-1.892090,-0.549316,14.953613
32428,0.119141,-0.056274,0.995361,-1.098633,-1.220703,14.404297
32438,0.119629,-0.138184,0.988525,-0.549316,-1.831055,13.366699
32447,0.072876,-0.065674,1.027588,-0.549316,-3.051758,11.657715
32458,0.042480,-0.054932,1.044922,-0.610352,-3.479004,9.948730
32467,0.058594,-0.088867,1.010620,-0.305176,-3.723145,8.056641
32479,0.080566,-0.006470,1.061768,0.549316,-4.943848,3.906250
32488,0.080200,-0.168945,0.890503,0.732422,-5.371094,2.502441
32498,0.143677,-0.116699,0.902100,0.061035,-5.798340,1.342773
32507,0.089233,-0.105957,0.880371,-0.671387,-6.103516,0.915527
32518,0.094604,-0.049683,0.914307,-1.586914,-6.103516,1.586914
32527,0.079956,-0.062012,0.982910,-1.892090,-5.615234,2.868652
32538,0.080688,0.078369,1.120728,-1.831055,-5.798340,3.662109
32547,-0.001465,-0.070190,1.142578,-1.159668,-6.103516,4.272461
32559,0.039551,-0.093750,1.095337,-0.305176,-6.103516,3.906250
32568,0.031738,-0.170654,0.929199,-0.244141,-6.896973,3.662109
32578,0.021362,-0.141113,0.971191,-1.098633,-6.958008,4.089355
32587,0.044922,-0.044067,1.038208,-1.586914,-6.652832,5.554199
32598,0.025391,-0.014160,1.136963,-1.525879,-6.164551,7.019043
32607,0.016235,0.000244,1.298584,-1.159668,-5.737305,8.239746
32619,0.078857,-0.177124,1.083984,0.000000,-6.530762,7.019043
32628,0.055908,-0.313354,0.665161,-0.793457,-7.995605,6.347656
32638,0.002930,-0.321167,0.538330,-2.197266,-8.239746,7.141113
32647,0.033203,-0.226562,0.715454,-4.699707,-7.568359,10.437012
32658,-0.035522,-0.000977,0.968506,-6.835937,-6.103516,14.526367
32668,-0.151733,0.064087,1.188232,-6.591797,-6.042480,17.333984
32677,-0.181519,0.005493,1.129639,-4.760742,-4.943848,19.165039
32689,-0.037109,-0.061646,1.201294,-2.441406,-5.920410,17.883301
32698,-0.041260,-0.264404,0.854614,-2.075195,-7.507324,15.747070
32708,0.009766,-0.212891,0.846924,-2.563477,-7.751465,14.160156
32717,0.008301,-0.182617,0.899780,-2.929688,-7.385254,13.610840
32728,-0.008057,-0.140259,0.941772,-3.051758,-7.568359,12.329102
32738,-0.101685,-0.101807,0.972046,-3.051758,-8.361816,10.375977
32747,-0.092773,-0.273315,0.922485,-3.112793,-8.300781,8.422852
32757,-0.025513,-0.221069,0.947876,-3.723145,-8.178711,4.272461
32769,-0.054932,-0.081909,0.941284,-3.967285,-8.728027,2.746582
32779,-0.031738,-0.037231,1.010132,-3.723145,-8.300781,0.854492
32788,0.069336,0.053345,1.108276,-3.784180,-7.995605,-0.244141
32798,0.021606,0.094360,1.110962,-3.845215,-8.850098,-2.807617
32807,-0.043335,-0.073120,0.968750,-3.356934,-9.094238,-5.310059
32817,-0.018066,-0.023682,0.938354,-3.295898,-8.544922,-7.507324
32827,0.028076,-0.072876,0.955566,-3.173828,-8.911133,-9.948730
32837,0.057007,-0.009155,0.911377,-2.929688,-9.948730,-14.892578
32848,0.002319,-0.229370,0.998535,-2.563477,-9.887695,-16.418457
32857,0.013062,-0.152466,1.068481,-3.051758,-9.155273,-16.662598
32867,0.096069,-0.174438,1.076050,-3.417969,-8.789063,-16.479492
32877,0.058105,-0.237305,0.988403,-3.601074,-8.483887,-15.869141
32887,0.109253,-0.134888,1.016235,-3.967285,-7.934570,-15.869141
32898,0.152466,-0.247925,0.890869,-5.065918,-7.446289,-14.526367
32908,0.033447,-0.209961,0.932373,-5.432129,-7.568359,-14.404297
32918,-0.015625,-0.132446,0.948608,-6.408691,-7.568359,-13.549805
32928,-0.003052,0.070435,1.157349,-6.958008,-7.324219,-13.427734
32938,-0.077881,0.032104,1.093994,-5.859375,-6.530762,-13.488770
32947,-0.034180,-0.039917,1.024536,-5.065918,-6.042480,-13.671875
32957,0.046509,-0.052734,0.870361,-4.455566,-5.920410,-13.854980
32969,0.064453,-0.052490,0.830444,-3.601074,-5.737305,-12.329102
32978,0.034668,0.011108,0.928589,-3.173828,-4.882812,-9.826660
32988,0.065796,0.034302,1.023438,-2.990723,-3.784180,-7.995605
32998,0.009766,-0.048096,1.037109,-2.868652,-3.601074,-7.019043
33007,-0.048706,-0.010742,1.025635,-2.807617,-3.601074,-7.141113
33017,-0.050903,0.028320,1.053955,-2.258301,-3.417969,-7.629395
33028,-0.066162,-0.095825,0.959717,-1.770020,-3.784180,-8.666992
33038,-0.075928,-0.081543,0.988892,-1.892090,-3.906250,-11.230469
33047,-0.051270,0.031616,1.067505,-1.464844,-2.502441,-11.901855
33057,-0.017212,-0.028076,1.062622,-0.427246,-1.403809,-13.000488
33067,-0.009277,-0.141235,1.031372,0.549316,-1.770020,-14.160156
33078,-0.014282,-0.164917,0.920166,1.037598,-2.197266,-15.563965
33087,-0.009644,-0.147827,0.952148,0.976562,-1.708984,-15.563965
33097,0.068604,-0.230957,0.877563,0.671387,-1.098633,-14.770508
33109,0.052856,-0.147705,0.951904,-1.037598,0.000000,-10.681152
33118,-0.082031,-0.114746,1.039795,-1.342773,0.915527,-8.850098
33128,-0.076294,0.021729,1.082642,-0.976562,1.831055,-7.446289
33137,-0.100830,-0.050171,1.075684,-0.427246,2.258301,-7.141113
33147,-0.132324,-0.013428,0.994507,-0.122070,2.868652,-7.263184
33157,-0.036255,0.026001,1.113159,-0.244141,3.295898,-6.958008
33167,-0.117310,-0.113770,0.988159,0.244141,3.845215,-6.591797
33177,-0.089966,-0.078735,0.983521,0.305176,3.967285,-5.737305
33188,0.028442,-0.113281,0.974121,0.305176,4.455566,-2.502441
33198,-0.019531,-0.053101,1.044434,0.427246,5.920410,-0.305176
33207,-0.007690,-0.051025,1.013062,0.305176,6.408691,1.525879
33217,-0.007568,-0.152222,0.975464,0.976562,6.713867,3.112793
33227,0.052979,-0.172729,1.035400,1.464844,6.225586,3.295898
33237,0.048584,-0.146851,0.907593,1.281738,5.920410,4.089355
33248,-0.008179,0.006226,1.022461,1.708984,5.371094,3.356934
33258,-0.036743,0.004639,1.063110,2.746582,5.859375,3.417969
33268,-0.015381,-0.148682,1.011841,3.417969,5.249023,2.258301
33278,0.020508,-0.161865,0.943726,4.028320,4.333496,0.488281
33287,0.026367,-0.279541,0.783203,4.089355,3.967285,0.000000
33298,0.055420,-0.146118,0.947144,2.868652,3.906250,0.122070
33307,0.005005,-0.031860,0.974487,1.892090,4.028320,1.464844
33318,-0.039307,-0.138794,0.972900,1.953125,4.821777,2.746582
33328,-0.049438,-0.246216,0.931763,1.708984,4.516602,2.136230
33339,-0.015259,-0.213379,0.934204,1.342773,4.882812,1.220703
33348,-0.012207,-0.085327,0.958008,0.854492,4.089355,0.671387
33358,-0.028442,-0.154541,0.891479,0.305176,3.601074,0.122070
33367,-0.008911,-0.161987,0.939697,-0.305176,4.455566,1.342773
33378,0.016113,-0.166138,0.968262,-1.342773,5.004883,2.258301
33387,-0.077026,-0.062500,0.948608,-1.831055,5.249023,3.356934
33397,-0.018433,-0.066162,1.056885,-2.136230,5.676270,6.469727
33407,-0.019165,-0.064331,0.923706,-2.563477,6.164551,8.178711
33417,-0.039795,0.005127,0.966431,-3.234863,6.286621,9.765625
33427,-0.048706,-0.086060,0.976562,-3.906250,6.408691,12.268066
33438,-0.092041,0.099731,1.090698,-3.601074,7.324219,14.099121
33447,-0.168335,0.041504,1.082397,-2.990723,7.446289,15.258789
33457,-0.112061,-0.196167,1.009399,-2.563477,7.568359,15.563965
33469,-0.057495,-0.089355,0.918091,-2.502441,6.958008,15.014648
33478,-0.032349,0.021606,1.020508,-3.234863,6.652832,14.526367
33487,-0.000488,0.109741,1.132080,-2.990723,6.469727,14.526367
33497,-0.016235,-0.119995,1.204956,-2.380371,6.530762,14.526367
33508,-0.006226,-0.106934,1.089233,-1.892090,5.920410,12.878418
33517,0.038696,0.032349,1.169189,-1.281738,5.615234,11.108398
33527,0.069458,-0.160156,1.079346,-0.976562,4.821777,8.789063
33539,0.084473,0.018311,1.111206,-1.037598,3.173828,5.371094
33549,0.077759,-0.061279,1.015869,-1.159668,2.624512,4.455566
33558,0.026367,-0.199951,0.945312,-1.220703,2.563477,3.540039
33568,0.060913,-0.046143,0.997681,-1.647949,2.319336,2.746582
33578,0.038574,-0.123413,0.999023,-1.953125,1.892090,2.685547
33587,0.011597,-0.020752,0.970703,-2.441406,1.220703,2.075195
33598,0.023560,0.024536,1.051758,-1.831055,1.342773,2.136230
33608,0.041382,-0.032227,0.976562,-2.197266,1.159668,2.136230
33618,0.085205,-0.121460,0.942505,-2.075195,1.037598,2.441406
33628,0.075439,-0.077393,0.954956,-2.136230,0.549316,2.136230
33637,0.096313,-0.048218,0.936646,-1.892090,0.610352,2.685547
33647,0.093384,-0.127319,0.886108,-1.647949,0.122070,2.380371
33657,0.045288,-0.109375,0.866943,-1.647949,-0.488281,2.014160
33668,0.004639,-0.056885,0.875122,-2.136230,-0.671387,2.380371
33678,0.022827,0.010742,1.068970,-1.586914,-0.183105,3.112793
33688,-0.067383,0.006348,1.111816,-0.488281,0.366211,2.746582
33698,-0.062622,-0.070190,0.989746,1.037598,0.793457,2.624512
33707,0.032959,-0.076660,0.940918,1.464844,0.732422,1.770020
33717,0.038940,-0.182861,0.947876,1.708984,0.244141,1.464844
33727,0.019775,-0.053955,0.915161,1.831055,0.061035,1.464844
33739,-0.074951,-0.157471,0.947754,2.807617,1.159668,4.028320
33748,-0.002319,-0.233398,1.021606,2.319336,1.403809,4.699707
33758,-0.026367,-0.197754,0.979614,1.770020,1.525879,5.371094
33768,-0.034790,-0.247314,1.039307,1.159668,1.525879,5.737305
33777,-0.018677,-0.075562,1.025391,0.854492,1.647949,6.103516
33787,-0.033447,-0.247559,0.982544,0.793457,1.770020,6.408691
33797,-0.046875,-0.166504,0.967896,0.488281,1.708984,5.981445
33807,-0.002686,-0.134033,1.047974,-0.061035,2.197266,7.385254
33818,-0.049194,-0.061646,0.989258,-0.793457,2.380371,8.422852
33828,-0.079590,-0.105347,0.955078,-1.892090,2.502441,11.535645
33837,-0.116089,-0.134888,0.926514,-2.319336,2.868652,13.061523
33847,-0.035278,-0.065552,1.025757,-3.112793,3.540039,14.953613
33857,-0.055420,-0.115601,0.958252,-3.845215,3.967285,16.784668
33867,-0.123047,0.013550,1.049316,-4.028320,3.845215,18.066406
33876,-0.099609,-0.005615,1.052246,-4.272461,4.089355,19.104004
33889,-0.083618,0.017212,1.116577,-4.211426,3.967285,18.676758
33898,-0.132812,-0.035156,1.102661,-3.234863,3.662109,17.211914
33908,-0.053589,-0.256958,1.052002,-2.441406,3.967285,16.174316
33917,0.044312,-0.069824,0.968872,-1.892090,3.662109,14.648438
33927,0.023682,-0.137329,0.898926,-1.831055,2.441406,13.244629
33937,0.009399,-0.231445,0.841919,-2.136230,1.647949,12.512207
33947,0.036987,-0.072388,1.010742,-2.441406,1.953125,12.634277
33958,-0.004150,-0.268066,0.845947,-2.502441,1.953125,12.023926
33968,0.076294,-0.277222,0.762085,-1.708984,0.488281,10.681152
33977,0.087402,-0.146606,0.744995,-2.502441,0.000000,9.582520
33986,0.049805,0.065063,0.989990,-3.662109,-0.671387,9.216309
33997,-0.018677,0.056763,1.145630,-3.601074,-0.549316,9.033203
34006,-0.050659,-0.054077,1.136475,-1.953125,-0.122070,8.178711
34017,0.105591,-0.120483,1.082031,-0.854492,-0.305176,5.432129
34027,0.139526,-0.292358,0.917603,-3.112793,-3.173828,-0.183105
34037,0.158691,0.077393,1.043213,-3.540039,-3.540039,-1.281738
34047,0.137207,-0.013794,1.023560,-3.112793,-3.540039,-1.953125
34057,0.111450,-0.101563,1.080078,-2.807617,-3.540039,-2.807617
34067,0.114624,-0.058716,1.133301,-2.685547,-4.150391,-4.394531
34076,0.092773,-0.141602,1.051758,-2.624512,-4.516602,-5.737305
34087,0.078613,-0.029419,1.039917,-2.502441,-4.211426,-6.713867
34097,0.054199,-0.037842,0.932739,-2.197266,-4.638672,-7.324219
34106,-0.045288,-0.138672,0.844849,-2.319336,-3.417969,-6.469727
34116,-0.055908,-0.120972,0.834961,-3.173828,-2.563477,-4.455566
34127,-0.059570,0.031250,0.944458,-4.272461,-1.708984,-2.014160
34137,-0.108521,0.033325,1.014893,-4.516602,-0.854492,0.549316
34147,-0.110840,0.085083,1.062744,-3.967285,0.000000,2.441406
34157,-0.139526,0.103027,1.165649,-3.417969,0.427246,2.868652
34166,-0.102783,-0.117188,0.978027,-2.807617,0.793457,1.892090
34178,0.062744,-0.062866,0.989136,-2.990723,0.305176,1.403809
34187,0.070679,-0.165649,0.912109,-3.234863,-0.305176,1.403809
34197,0.029053,-0.090210,0.923950,-3.173828,-0.732422,2.319336
34206,0.044434,-0.082886,0.952393,-3.112793,0.122070,3.906250
34217,0.036743,-0.099487,0.944458,-3.417969,0.732422,5.432129
34227,0.066772,-0.129517,0.992065,-3.906250,1.037598,6.286621
34238,0.026489,-0.007568,1.151245,-4.089355,1.098633,5.004883
34248,-0.062134,-0.104492,1.049072,-3.112793,-0.122070,3.356934
34257,-0.052124,0.003296,1.011719,-2.929688,-0.427246,1.586914
34267,0.004761,0.009521,1.005249,-2.502441,-0.122070,1.098633
34277,0.014404,-0.182861,0.972168,-2.136230,-0.061035,0.610352
34287,-0.003784,-0.141113,0.977417,-1.831055,-0.061035,1.342773
34297,0.003052,0.011841,0.839233,-2.014160,0.305176,2.990723
34307,0.015137,-0.132568,0.907837,-1.159668,1.464844,5.920410
34318,-0.035400,-0.181763,0.894409,-1.831055,1.159668,7.019043
34328,-0.058960,-0.009521,0.944214,-2.746582,1.708984,7.690430
34337,-0.101074,-0.032104,1.094360,-2.685547,2.075195,8.239746
34346,-0.066040,-0.057861,1.078613,-1.953125,2.136230,7.446289
34357,-0.022949,-0.025757,1.166138,-0.976562,2.075195,5.737305
34367,0.004761,-0.192383,0.934082,-0.183105,0.854492,2.685547
34379,0.141602,-0.051392,1.042969,-1.647949,0.244141,0.183105
34389,0.118652,-0.072632,1.030762,-2.014160,-0.122070,0.732422
34398,0.090820,-0.117798,1.006592,-1.342773,0.610352,1.403809
34408,0.103516,-0.106323,1.104004,-0.854492,0.488281,1.342773
34417,0.060303,-0.186035,1.008667,-1.159668,-0.427246,1.403809
34427,0.016113,-0.095337,0.976074,-1.342773,-0.488281,0.976562
34436,0.001953,-0.099365,1.015259,-1.342773,-0.183105,0.732422
34449,0.000000,-0.098022,1.075073,-0.854492,-0.122070,1.770020
34459,-0.083130,-0.113647,0.988892,-0.366211,0.183105,2.624512
34468,-0.058105,-0.142334,0.890259,-0.427246,0.732422,3.356934
34478,-0.015747,-0.065430,0.954468,-0.793457,1.220703,5.126953
34488,-0.002441,-0.130737,0.942139,-0.854492,1.770020,7.202148
34497,-0.052734,-0.057373,0.969727,-1.159668,2.502441,9.155273
34507,-0.029419,-0.020996,1.068481,-0.976562,2.380371,10.192871
34517,-0.008667,-0.266357,0.979614,-0.976562,2.075195,10.131836
34526,0.016113,-0.141846,0.882935,-1.525879,1.770020,9.399414
34537,0.008423,-0.143921,0.839233,-1.586914,1.159668,9.155273
34546,0.063232,-0.090820,1.040894,-1.831055,1.281738,9.277344
34557,0.033325,-0.014160,1.004272,-1.770020,0.915527,9.582520
34566,0.030518,-0.187988,0.924561,-1.403809,0.915527,8.911133
34577,0.082153,-0.149292,0.864136,-1.647949,0.122070,8.117676
34586,0.097900,-0.070557,0.927368,-2.380371,-0.122070,7.873535
34598,0.004761,0.084351,1.094482,-3.295898,-0.488281,7.385254
34608,-0.039917,-0.039673,1.111328,-2.319336,0.183105,6.652832
34617,-0.003906,-0.056885,1.057617,-1.525879,-0.305176,4.943848
34627,0.017334,-0.011475,1.155029,-1.220703,-0.915527,2.746582
34637,-0.023193,-0.069214,1.002075,-1.098633,-1.281738,0.061035
34646,-0.020020,-0.071167,0.986328,-0.610352,-1.037598,-1.403809
34658,0.036133,-0.205444,0.955078,-0.061035,-0.854492,-2.624512
34668,0.036011,-0.114014,0.944458,-0.915527,-0.488281,-2.075195
34678,0.030396,0.040894,1.137695,-1.220703,-0.061035,-1.403809
34688,-0.028442,-0.093994,1.137207,-0.793457,0.427246,-0.305176
34697,-0.063110,-0.124634,0.985840,-0.183105,1.037598,0.122070
34707,-0.021606,0.041382,1.154175,0.244141,0.793457,-0.122070
34716,-0.035767,-0.112305,1.048584,0.305176,0.854492,-0.427246
34729,0.007690,-0.038696,0.988037,-0.366211,2.258301,1.098633
34738,0.039551,-0.089966,0.946533,-0.549316,2.563477,2.258301
34748,-0.012817,-0.148315,0.924072,-0.366211,2.624512,3.479004
34757,-0.004028,-0.062134,0.964233,-0.366211,2.502441,4.760742
34767,-0.039307,-0.031738,0.980347,-0.671387,2.746582,6.103516
34776,-0.049561,0.018188,0.937134,-1.159668,2.624512,7.385254
34787,-0.064575,-0.058716,0.976318,-1.159668,3.601074,8.911133
34796,0.007568,-0.089355,0.932495,-1.403809,4.150391,11.352539
34808,-0.000854,-0.088379,0.977173,-2.014160,3.906250,12.207031
34817,-0.012939,-0.047119,1.011230,-2.258301,4.150391,13.427734
34827,0.021973,0.042847,1.059326,-2.136230,4.211426,13.977051
34836,0.026611,-0.072876,0.873413,-1.647949,3.967285,14.526367
34847,-0.004395,-0.162231,0.906006,-1.281738,3.417969,14.892578
34856,-0.003418,-0.115967,0.900879,-1.342773,3.479004,15.258789
34868,-0.034180,-0.072510,0.965698,-1.770020,3.295898,16.906738
34878,-0.076416,0.037598,1.078125,-1.159668,2.990723,17.272949
34887,-0.096558,-0.076050,1.062622,-0.427246,3.479004,17.272949
34897,-0.043579,-0.163330,1.074219,0.427246,3.723145,16.723633
34907,-0.044067,-0.198120,0.883789,0.610352,3.417969,15.319824
34916,-0.022217,-0.300781,0.892700,0.366211,2.807617,14.587402
34928,-0.039185,-0.179565,0.947266,-0.915527,3.601074,15.258789
34938,-0.104248,-0.066162,1.071533,-0.793457,3.540039,16.296387
34948,-0.100830,-0.075439,1.063110,-0.488281,3.540039,16.479492
34957,-0.056274,-0.216919,1.023804,-0.793457,3.784180,16.662598
34967,-0.051758,-0.172607,1.017578,-0.671387,4.028320,16.296387
34977,-0.081665,0.002075,1.138794,-1.037598,3.662109,15.808105
34987,-0.052612,-0.125488,1.121216,-0.793457,4.028320,15.869141
34997,0.038086,-0.327026,0.980347,-0.122070,4.150391,15.258789
35008,0.038330,-0.091309,0.957764,-0.671387,2.929688,14.038086
35018,0.047485,-0.150391,0.973389,-2.258301,1.708984,14.709473
35027,0.087524,0.007324,1.089111,-2.624512,2.380371,15.991211
35037,0.053955,0.001221,1.101196,-2.380371,2.014160,16.174316
35047,-0.011108,-0.224976,0.943848,-2.563477,1.831055,16.296387
35056,0.041748,-0.038208,0.967896,-2.746582,1.403809,16.296387
35067,0.052124,0.060547,1.049438,-2.929688,0.976562,16.235352
35078,-0.085571,0.102905,1.085571,-3.173828,0.488281,15.625000
35088,-0.055298,0.153320,1.156494,-1.708984,0.732422,14.892578
35097,-0.009155,-0.115234,0.984741,-1.037598,0.488281,13.305664
35107,0.021851,-0.091797,0.861084,-0.915527,-0.305176,11.535645
35117,0.049194,-0.037231,0.947998,-0.732422,-0.549316,10.009766
35127,0.058472,-0.083740,0.902344,-0.915527,-0.610352,9.887695
35136,0.048828,0.031494,1.089111,-0.915527,-0.671387,9.277344
35149,0.035767,-0.207520,1.003418,0.610352,-1.281738,6.408691
35158,0.118042,-0.224609,0.932739,1.037598,-1.892090,4.272461
35168,0.191772,-0.169678,0.906616,1.098633,-2.685547,1.953125
35178,0.117065,-0.237061,0.797119,0.488281,-3.784180,0.732422
35187,0.111328,-0.038940,0.943726,0.183105,-4.333496,-0.122070
35197,0.081665,-0.035278,1.065674,0.549316,-3.662109,-0.061035
35207,0.085937,-0.172729,0.962646,0.854492,-3.356934,-0.122070
35218,0.088989,-0.077271,1.003906,1.037598,-3.967285,-1.708984
35228,0.077271,-0.162109,0.930908,0.488281,-4.150391,-2.075195
35237,0.104736,-0.035278,1.034790,0.427246,-4.028320,-1.892090
35247,0.077271,0.033447,1.160156,0.610352,-4.272461,-1.159668
35257,-0.062134,-0.078003,0.995483,0.854492,-4.699707,-1.159668
35267,-0.028687,-0.036987,0.959961,0.793457,-3.845215,-0.305176
35277,0.071899,0.111816,1.188721,1.403809,-1.892090,0.915527
35287,0.072144,0.008057,1.109009,1.708984,-2.136230,1.647949
35298,0.000854,-0.023804,1.073853,1.403809,-2.563477,1.464844
35308,0.024414,0.027832,1.077026,1.464844,-1.708984,2.197266
35317,0.020264,-0.101807,1.057861,1.647949,-1.770020,2.990723
35327,-0.054199,-0.021973,1.082886,2.136230,-1.953125,3.662109
35337,-0.076416,-0.031738,1.049561,2.563477,-1.342773,4.943848
35347,-0.050903,-0.242432,0.938599,2.746582,-0.061035,7.019043
35356,-0.069702,-0.156860,0.999756,2.563477,1.220703,10.986328
35368,-0.093140,-0.190063,0.830811,2.380371,2.014160,13.183594
35378,-0.095215,-0.168701,0.877197,1.892090,2.624512,14.709473
35387,-0.095703,-0.211304,0.814209,1.037598,2.319336,15.930176
35398,-0.155273,-0.235840,0.771973,-0.122070,2.136230,16.845703
35407,-0.103394,-0.110107,0.874390,-1.281738,2.624512,17.700195
35417,-0.034912,-0.101685,1.000854,-1.586914,3.295898,18.615723
35428,0.004761,-0.195068,0.971313,-1.892090,2.685547,17.150879
35438,0.078125,-0.197876,0.870361,-2.075195,1.647949,15.075684
35447,0.197266,-0.140503,0.878784,-2.807617,0.915527,13.488770
35457,0.239746,-0.092163,0.791870,-3.845215,-0.488281,12.817383
35467,0.195679,-0.093872,0.817505,-4.760742,-1.098633,12.695313
35477,0.164185,0.005005,0.988770,-4.821777,-1.342773,13.183594
35486,0.156006,-0.071411,1.065186,-4.150391,-1.281738,13.671875
35498,0.093384,-0.099854,0.966919,-3.417969,-2.197266,10.803223
35508,0.136719,-0.149902,0.980103,-2.807617,-4.516602,9.399414
35517,0.101685,-0.090698,1.008179,-2.990723,-5.065918,8.544922
35527,0.076904,-0.081665,1.036133,-2.990723,-5.249023,8.605957
35537,-0.015625,-0.247803,0.994873,-2.563477,-5.371094,8.300781
35547,0.008301,-0.183838,1.009033,-2.624512,-5.554199,8.239746
35557,0.000000,-0.056885,1.121704,-3.112793,-5.187988,8.178711
35566,-0.033203,-0.132202,1.077271,-3.112793,-4.760742,6.835937
35578,0.014893,0.046021,1.214722,-1.892090,-5.310059,4.882812
35587,0.013062,-0.089478,1.106934,-1.342773,-5.981445,2.685547
35597,0.006226,-0.218872,0.978027,-1.770020,-6.530762,0.671387
35607,0.064087,0.008301,1.021729,-2.197266,-6.652832,-0.793457
35617,0.087036,0.113892,1.231689,-2.258301,-6.103516,-1.464844
35627,0.093628,-0.132324,1.016846,-2.136230,-5.981445,-2.014160
35636,0.086060,-0.099121,0.920654,-2.197266,-6.652832,-3.967285
35646,0.123535,-0.046631,0.926147,-3.601074,-6.591797,-4.272461
35657,0.034302,-0.022217,0.897339,-4.455566,-6.103516,-3.906250
35667,0.013794,-0.017212,0.876831,-4.638672,-5.676270,-3.112793
35677,-0.015747,-0.039551,0.816284,-4.821777,-5.065918,-2.258301
35687,0.000854,-0.132812,0.785767,-5.737305,-4.516602,-0.854492
35696,-0.030884,-0.119751,0.727295,-6.896973,-4.272461,0.549316
35708,-0.121582,0.116211,0.943359,-7.568359,-3.723145,3.906250
35718,-0.151245,0.048218,0.974365,-6.958008,-2.258301,5.615234
35728,-0.092529,-0.001343,1.019775,-5.981445,-1.281738,6.835937
35738,-0.065552,-0.052856,0.963257,-5.004883,-1.403809,7.019043
35747,-0.010864,-0.112305,0.860596,-4.333496,-1.953125,7.080078
35757,0.019897,-0.021240,0.905762,-3.784180,-1.831055,7.263184
35767,0.071533,-0.052002,0.878906,-3.662109,-1.770020,8.056641
35778,-0.017578,-0.106445,1.122681,-2.990723,-1.770020,8.850098
35788,-0.026733,-0.188354,1.143066,-1.342773,-0.793457,8.605957
35797,0.115112,-0.165283,1.083130,-0.427246,-0.427246,7.324219
35807,0.230225,-0.220581,1.039551,0.305176,-2.441406,4.516602
35817,0.123169,-0.159668,0.968994,0.793457,-4.699707,1.281738
35826,0.010254,-0.052124,1.048584,0.732422,-6.164551,-0.610352
35837,0.042480,-0.172363,1.043213,1.220703,-5.432129,-0.854492
35848,0.076416,-0.073486,1.036011,1.159668,-4.333496,0.305176
35858,0.064697,-0.069946,1.040771,0.305176,-4.211426,1.342773
35867,0.035034,-0.127563,0.979126,-0.305176,-3.723145,2.868652
35876,0.026611,0.047852,1.151123,-0.610352,-3.173828,4.089355
35887,0.017578,-0.091064,1.111328,-0.305176,-3.173828,4.760742
35897,-0.022461,-0.294434,1.025757,-0.549316,-3.723145,5.065918
35907,-0.003906,-0.045288,1.028198,-1.525879,-3.906250,5.126953
35918,-0.032104,-0.151978,1.042847,-1.770020,-3.417969,6.958008
35928,-0.031738,-0.131592,0.972778,-2.441406,-3.173828,7.812500
35937,-0.028564,-0.136475,0.956299,-2.807617,-3.234863,8.972168
35947,-0.029419,-0.075439,0.992554,-3.479004,-2.502441,11.047363
35957,0.004517,0.074341,1.144653,-3.784180,-1.892090,12.756348
35967,-0.058350,-0.091675,1.155029,-3.173828,-1.647949,14.343262
35976,-0.188843,-0.077148,1.014893,-2.075195,-1.586914,14.221191
35989,-0.058350,0.000000,1.189453,0.488281,-1.342773,12.390137
35998,-0.104004,-0.230225,0.926880,1.464844,-2.014160,10.803223
36008,-0.118042,-0.106445,0.921753,2.624512,-2.685547,8.972168
36017,-0.115845,-0.074097,0.931274,4.150391,-2.075195,7.812500
36027,-0.031006,-0.381470,0.763428,4.577637,-2.075195,7.385254
36037,-0.007813,-0.467773,0.677124,4.150391,-2.075195,7.507324
36047,-0.046631,-0.179199,0.781982,2.807617,-2.075195,8.117676
36056,-0.035889,-0.072632,0.971436,2.380371,-1.098633,9.704590
36068,-0.021973,-0.176758,1.033203,3.173828,-0.610352,8.972168
36078,-0.043335,-0.138550,1.090576,3.295898,-1.403809,6.408691
36087,-0.004150,-0.243042,1.041016,3.234863,-1.892090,3.845215
36097,0.051270,-0.160522,1.028198,2.807617,-2.502441,0.549316
36106,0.011597,-0.166382,1.049072,2.929688,-2.929688,-2.441406
36117,0.055298,-0.220093,0.984253,2.685547,-2.807617,-4.028320
36126,0.104858,-0.088257,1.016357,2.563477,-3.173828,-5.065918
36138,0.101318,-0.039063,1.059692,2.075195,-2.990723,-4.577637
36147,0.119873,-0.206421,0.912598,1.403809,-3.356934,-3.479004
36157,0.059326,0.033081,0.953979,0.549316,-3.417969,-1.708984
36166,0.048584,0.002563,0.918701,0.305176,-3.173828,0.244141
36177,-0.011597,-0.295898,0.777954,-1.098633,-2.685547,2.685547
36187,-0.009155,-0.128540,0.846558,-3.051758,-2.014160,6.103516
36196,-0.121460,0.122681,0.955444,-4.150391,-1.159668,11.596680
36208,-0.162231,0.088013,1.027222,-4.028320,-0.366211,14.160156
36218,-0.128906,-0.166992,0.881714,-3.906250,-0.183105,15.258789
36228,-0.136719,-0.131348,0.813110,-4.638672,-0.244141,15.869141
36237,-0.125610,0.131470,0.995483,-5.554199,0.000000,16.845703
36247,-0.137695,0.111938,1.086426,-5.249023,0.732422,17.089844
36256,-0.089844,-0.096802,1.115479,-4.150391,1.098633,16.601562
36269,0.013306,-0.216919,0.971436,-2.685547,-0.854492,11.962891
36278,0.066162,-0.250366,0.960693,-3.540039,-1.708984,9.399414
36288,0.102539,-0.075806,1.010742,-4.638672,-1.953125,7.019043
36297,0.094727,-0.087891,1.043579,-4.699707,-2.197266,5.004883
36307,0.126221,-0.197876,1.032959,-4.211426,-2.868652,2.014160
36316,0.135254,-0.135132,1.077271,-4.150391,-4.394531,-2.319336
36327,0.228760,-0.215088,1.137085,-4.394531,-5.737305,-6.652832
36337,0.316528,-0.273560,1.055542,-3.784180,-9.155273,-13.793945
36346,0.252808,-0.004272,1.086060,-2.380371,-10.009766,-16.540527
36357,0.021729,-0.279419,0.852051,-0.915527,-9.521484,-18.432617
36367,0.236450,-0.121460,0.858398,-0.915527,-7.873535,-18.676758
36377,0.319092,-0.067017,1.032349,-1.037598,-7.446289,-19.104004
36387,0.115723,-0.228760,1.005005,-1.770020,-8.178711,-20.385742
36397,0.034546,-0.055420,0.889404,-2.502441,-8.850098,-21.850586
36409,0.099365,-0.115723,1.065674,-1.342773,-7.873535,-25.329590
36419,0.096558,-0.199341,0.837036,-2.380371,-8.422852,-26.855469
36428,0.112671,-0.137451,0.857788,-3.295898,-8.605957,-27.770996
36438,0.091675,-0.100464,0.812988,-3.967285,-7.446289,-27.770996
36447,0.112793,-0.014282,0.876099,-4.821777,-6.652832,-26.245117
36457,0.058105,-0.063965,0.894165,-4.821777,-5.615234,-24.414062
36467,-0.013184,0.016357,0.926758,-4.394531,-4.150391,-22.583008
36479,0.011597,-0.083984,0.979004,-3.356934,-1.892090,-17.578125
36489,-0.090210,0.028442,0.946533,-3.173828,-1.708984,-15.869141
36498,-0.094116,0.161499,1.152344,-2.136230,-0.732422,-13.977051
36508,-0.162231,0.137451,1.259766,-0.610352,0.183105,-12.451172
36518,-0.177734,-0.068726,1.062622,1.403809,1.708984,-10.925293
36527,-0.140747,-0.165527,0.902466,2.807617,2.502441,-10.131836
36537,-0.107056,-0.229980,0.738403,3.051758,3.051758,-8.789063
36546,-0.069580,-0.206787,0.693848,1.770020,5.737305,-2.014160
36558,-0.128174,-0.142944,0.959106,-0.122070,7.263184,2.746582
36568,-0.170166,-0.198853,1.068359,-0.305176,8.483887,6.835937
36577,-0.218018,-0.066528,1.138550,-0.488281,9.521484,10.192871
36587,-0.205322,0.124268,1.256226,-0.183105,10.314941,11.779785
36596,-0.207031,-0.108154,1.104614,0.610352,10.498047,12.207031
36607,-0.128052,-0.380737,0.857300,0.854492,10.314941,12.207031
36617,-0.087646,-0.146851,0.904907,-0.732422,10.742188,14.648438
36626,-0.027710,0.004395,1.002563,-1.281738,11.352539,16.784668
36637,-0.071045,-0.212036,1.027466,-1.159668,11.169434,19.226074
36647,-0.005493,0.055176,1.060669,-0.915527,11.657715,21.179199
36657,-0.030151,-0.083008,0.910278,-1.159668,11.352539,22.583008
36666,-0.010742,-0.327759,0.849609,-2.197266,10.864258,24.108887
36676,-0.053833,-0.039917,1.027832,-3.784180,10.742188,25.817871
36689,-0.296265,0.098267,1.037964,-4.028320,10.437012,28.381348
36698,-0.195679,0.025879,1.068115,-3.051758,11.230469,28.320312
36708,-0.152466,-0.148926,0.804932,-3.540039,10.925293,27.832031
36717,-0.113892,-0.087769,0.735474,-5.371094,10.803223,28.259277
36727,-0.089233,0.168945,0.917236,-6.469727,11.474609,30.700684
36736,-0.129395,0.248047,1.066284,-5.432129,11.718750,31.677246
36747,-0.107788,0.112305,1.220581,-3.906250,11.657715,32.165527
36758,0.012939,-0.026489,1.167725,-2.502441,10.864258,27.832031
36768,0.057617,-0.126343,1.032959,0.366211,8.056641,25.085449
36777,0.100342,-0.108643,1.037720,1.159668,6.225586,22.583008
36786,0.088257,-0.023926,1.170044,2.197266,5.126953,20.385742
36797,0.069824,-0.020996,1.201660,3.356934,4.577637,18.676758
36807,0.089111,-0.245483,1.145142,4.150391,4.089355,16.662598
36817,0.156250,-0.300171,0.958862,4.089355,2.624512,14.465332
36829,0.152466,-0.157471,0.830811,2.685547,-0.061035,10.559082
36838,0.105591,-0.254272,0.744995,2.258301,-0.305176,9.887695
36848,0.143066,-0.267334,0.843140,1.770020,-0.793457,9.277344
36858,0.113403,-0.217285,0.902588,1.037598,-1.403809,8.544922
36867,0.046753,-0.018677,1.033936,0.366211,-2.258301,7.080078
36876,0.016846,0.085449,1.185303,0.366211,-2.319336,5.981445
36887,0.052002,-0.160889,1.069702,1.342773,-2.563477,4.455566
36897,0.071411,-0.254395,0.931641,1.586914,-3.540039,1.586914
36907,0.187866,-0.104004,0.931030,0.183105,-3.906250,2.197266
36917,0.178345,-0.164551,0.850586,-1.342773,-3.784180,4.516602
36927,0.135742,-0.074707,0.869751,-2.136230,-3.723145,7.812500
36936,0.090210,-0.008911,0.983765,-2.624512,-4.028320,10.437012
36947,0.045532,0.005859,0.971069,-3.051758,-4.211426,12.390137
36956,0.055786,-0.065063,0.949707,-3.234863,-4.272461,14.038086
36969,0.022095,-0.017456,1.032959,-3.540039,-4.577637,15.625000
36979,-0.001221,0.220703,1.246094,-3.356934,-5.126953,15.441895
36988,-0.038208,0.035522,1.270142,-1.281738,-5.249023,13.793945
36998,0.001953,-0.287842,1.005371,1.586914,-5.737305,11.657715
37007,0.072388,-0.262939,0.900146,2.319336,-6.713867,8.850098
37017,0.117920,-0.177856,0.770386,1.403809,-8.178711,7.324219
37026,0.011963,-0.224976,0.728516,0.671387,-8.300781,7.568359
37039,-0.057129,-0.155273,1.057617,-0.061035,-6.164551,9.399414
37048,-0.081909,-0.321777,1.067627,-0.183105,-6.225586,8.544922
37058,-0.133423,-0.343018,1.002686,-0.244141,-6.958008,6.225586
37068,-0.020020,-0.063843,1.076904,-0.976562,-7.202148,3.723145
37077,0.033325,-0.158447,1.051392,-1.403809,-7.446289,1.220703
37087,0.006226,-0.340820,0.860718,-1.892090,-8.361816,-1.403809
37097,0.070190,-0.149292,0.924438,-2.990723,-8.422852,-3.173828
37107,0.146118,-0.035889,1.095459,-5.249023,-8.361816,-5.004883
37116,0.202148,-0.095581,1.191162,-5.737305,-8.605957,-5.981445
37127,0.149048,0.140625,1.327271,-4.760742,-8.972168,-7.385254
37137,0.124756,-0.005615,1.197388,-3.173828,-9.704590,-9.643555
37147,0.149292,-0.099121,1.019531,-1.831055,-10.314941,-12.329102
37157,0.105957,-0.000977,1.006104,-1.281738,-11.291504,-14.953613
37167,0.112793,0.044189,1.033203,-1.281738,-11.047363,-15.930176
37177,0.093750,-0.114258,0.858887,-1.525879,-10.375977,-14.343262
37188,0.019653,-0.036377,0.811890,-1.953125,-10.131836,-12.634277
37198,0.023682,-0.097412,0.765503,-3.051758,-9.033203,-10.375977
37207,0.027344,-0.130859,0.830078,-4.272461,-7.873535,-8.666992
37217,-0.038696,-0.015503,0.888306,-4.211426,-7.568359,-8.300781
37227,-0.153320,-0.126709,0.888184,-3.784180,-7.080078,-7.934570
37237,-0.079956,0.022339,0.887939,-4.150391,-6.774902,-8.178711
37249,-0.135986,-0.028076,1.207397,-1.892090,-5.920410,-12.023926
37259,-0.112183,0.014648,1.177002,-0.427246,-5.004883,-14.099121
37268,-0.006104,-0.046997,1.099609,1.098633,-5.004883,-16.845703
37278,0.055054,-0.294922,0.896118,1.831055,-4.943848,-20.507812
37287,0.122681,-0.371216,0.736206,1.159668,-5.310059,-22.033691
37297,0.190186,-0.149658,0.822998,0.000000,-5.065918,-22.155762
37307,0.129395,-0.026855,0.923096,-1.525879,-4.028320,-19.897461
37317,0.079224,-0.000122,1.053345,-1.831055,-1.586914,-14.831543
37326,-0.003540,0.155884,1.309082,-0.610352,-1.525879,-14.343262
37337,-0.034424,-0.154663,1.160400,0.366211,-1.281738,-15.441895
37347,-0.048462,-0.076660,0.978516,0.915527,-1.037598,-16.418457
37356,-0.003662,0.100830,1.076294,0.854492,-1.525879,-16.906738
37367,0.037231,-0.127930,0.949219,0.976562,-0.854492,-15.686035
37377,0.053345,-0.324707,0.860718,0.061035,0.671387,-12.023926
37389,-0.239990,0.160767,1.093750,0.122070,3.051758,-3.112793
37398,-0.247925,-0.176392,0.978882,0.732422,5.798340,2.075195
37408,-0.145630,0.000000,0.994995,1.098633,8.666992,6.286621
37417,-0.068726,0.140137,1.171875,1.403809,9.216309,8.422852
37427,-0.230469,-0.132446,1.126099,1.525879,8.239746,8.605957
37436,-0.312134,-0.208984,0.923828,0.854492,7.873535,8.483887
37447,-0.146973,0.077637,1.007813,0.305176,8.789063,8.544922
37456,-0.079468,-0.059204,1.100952,0.671387,8.728027,9.338379
37468,-0.088745,-0.180420,0.778442,-0.122070,8.850098,10.925293
37477,0.011475,-0.241455,0.758179,-0.671387,9.582520,12.817383
37487,0.026123,-0.166626,0.691284,-1.403809,10.070801,15.747070
37496,0.032349,-0.044800,0.869751,-2.319336,10.192871,18.798828
37506,-0.090576,-0.042358,0.942749,-2.075195,9.887695,20.629883
37517,-0.038818,0.020508,1.037109,-1.342773,10.253906,21.728516
37526,-0.102783,-0.146484,1.015259,0.488281,8.422852,19.348145
37538,-0.028564,-0.214355,0.845459,-0.305176,7.446289,18.615723
37547,-0.002441,-0.069946,0.937866,-1.159668,7.507324,18.859863
37557,0.013916,-0.055054,1.035034,-1.892090,7.629395,20.324707
37566,0.003662,-0.029541,1.141968,-2.197266,7.019043,21.423340
37577,-0.058594,0.041504,1.203613,-1.770020,7.019043,21.728516
37586,0.015991,-0.072510,1.194336,-1.037598,7.080078,20.935059
37599,0.060547,-0.163818,0.979980,0.671387,4.455566,15.563965
37608,0.117676,-0.192505,0.979858,0.427246,3.051758,13.122559
37618,0.145264,-0.386963,0.959961,0.000000,2.258301,11.657715
37627,0.092041,-0.251831,1.027100,-0.610352,1.159668,11.291504
37637,0.069092,-0.008423,1.092041,-0.610352,1.037598,11.352539
37646,0.070679,-0.227661,1.080322,-0.427246,1.220703,11.291504
37657,0.079224,-0.347534,1.002563,-0.854492,0.793457,11.535645
37666,0.097290,-0.033447,1.045776,-1.647949,-0.488281,10.498047
37678,0.052612,-0.267944,1.146362,-1.159668,-1.220703,9.399414
37687,0.052979,-0.257446,1.035889,-1.037598,-1.770020,7.568359
37697,0.090576,0.036865,1.041992,-0.915527,-2.868652,5.493164
37706,0.096680,0.098999,1.086304,-0.732422,-3.845215,3.173828
37717,0.082886,-0.179932,0.987061,-1.159668,-4.455566,1.708984
37726,0.124390,-0.225342,0.848633,-1.647949,-4.150391,1.098633
37739,0.107178,0.104126,0.925171,-3.234863,-5.126953,-1.159668
37748,0.049805,-0.036987,0.902588,-4.028320,-5.493164,-2.075195
37758,0.116943,0.143188,1.002808,-4.455566,-5.676270,-3.295898
37767,0.094360,0.099121,0.992920,-4.211426,-5.798340,-4.577637
37777,0.055420,-0.047485,0.850952,-3.540039,-6.652832,-6.652832
37787,0.109619,0.069336,0.967041,-2.746582,-6.835937,-7.629395
37797,0.138184,0.170532,1.145874,-2.197266,-6.652832,-8.422852
37807,0.077148,0.056274,1.074585,1.159668,-6.958008,-9.887695
37818,0.057373,-0.127686,0.884888,2.197266,-6.835937,-10.375977
37828,0.093628,-0.244751,0.793091,1.831055,-6.530762,-9.643555
37837,0.052979,-0.266113,0.745239,0.854492,-6.347656,-9.094238
37846,-0.085815,-0.110596,0.808105,0.122070,-5.493164,-7.690430
37857,-0.111572,-0.098022,0.944824,0.000000,-4.516602,-6.164551
37867,-0.188965,-0.177368,0.926270,-0.061035,-3.234863,-5.432129
37878,-0.200439,-0.138672,1.005859,-0.671387,-2.563477,-5.737305
37888,-0.188843,-0.165283,0.977661,-1.525879,-1.037598,-5.981445
37898,-0.126099,-0.206909,0.935425,-1.953125,-0.061035,-5.798340
37907,-0.027588,-0.184570,0.855347,-2.075195,0.671387,-5.432129
37917,0.051758,-0.093628,0.995361,-2.319336,0.854492,-4.760742
37927,0.070190,-0.062134,1.098389,-3.601074,1.037598,-3.417969
37937,0.023315,0.058960,1.186279,-4.394531,1.464844,-1.708984
37946,-0.036377,0.257568,1.368652,-1.525879,3.234863,0.610352
37958,0.025757,-0.188843,1.048340,-0.366211,2.685547,-0.061035
37968,0.023926,-0.271240,0.743408,-0.488281,2.075195,-0.122070
37978,0.047607,0.006958,0.951050,-1.525879,2.624512,1.342773
37987,-0.006348,0.016846,0.953491,-2.929688,3.295898,4.577637
37997,-0.055786,-0.181641,0.902954,-3.784180,3.540039,8.544922
38006,-0.103394,0.031372,1.068237,-4.028320,4.638672,12.329102
38019,-0.099487,-0.144897,1.003418,-4.272461,5.432129,17.150879
38029,-0.118896,-0.072388,1.008667,-4.882812,4.699707,18.188477
38038,-0.228882,-0.075195,0.977173,-4.577637,4.516602,18.615723
38048,-0.197021,0.053589,1.022583,-3.723145,5.676270,19.226074
38057,-0.066284,0.002686,1.060913,-2.685547,6.103516,19.287109
38067,-0.064941,-0.253662,0.842285,-2.563477,5.554199,18.798828
38076,-0.075806,-0.123413,0.867310,-2.746582,5.004883,18.005371
38089,-0.024780,-0.125244,0.980225,-1.220703,5.249023,19.226074
38098,-0.025757,-0.336060,0.772217,-0.915527,4.577637,19.348145
38108,-0.026123,-0.198730,0.776245,-1.464844,4.028320,19.226074
38117,0.010254,-0.202393,0.795776,-2.502441,3.967285,20.019531
38127,0.025146,-0.088745,0.875244,-4.394531,3.601074,21.362305
38136,-0.085815,-0.011230,1.074097,-4.882812,3.601074,22.521973
38147,-0.116333,-0.024536,1.144409,-3.295898,3.723145,22.399902
38157,-0.012939,-0.130615,1.157593,-1.464844,2.258301,18.066406
38168,0.023315,-0.323242,0.823975,-1.892090,0.488281,14.404297
38178,0.071289,-0.036621,0.974609,-2.685547,-0.122070,11.779785
38187,0.116943,-0.070435,1.004761,-2.563477,-0.671387,10.070801
38197,0.079956,-0.276489,0.950928,-1.647949,-1.525879,7.324219
38206,0.111938,-0.160400,0.986572,-1.525879,-2.075195,5.432129
38217,0.138916,-0.078857,1.123169,-1.586914,-2.746582,3.417969
38227,0.151733,-0.276001,0.980225,-2.319336,-4.211426,0.183105
38236,0.124146,0.145386,1.115723,-2.258301,-4.882812,-0.854492
38247,0.078125,-0.014893,1.099976,-2.197266,-4.699707,-1.403809
38257,0.083740,-0.213989,0.978760,-2.685547,-4.760742,-2.502441
38266,0.078247,0.026733,1.041138,-3.601074,-5.249023,-3.845215
38277,0.061890,0.086914,1.073975,-4.272461,-5.126953,-4.760742
38287,0.000244,-0.048462,0.982178,-4.333496,-5.310059,-5.981445
38296,0.022705,0.045654,1.141602,-2.807617,-5.554199,-8.239746
38308,0.011108,0.000366,1.213379,-1.770020,-5.615234,-9.643555
38318,0.055420,-0.157349,1.005127,-0.915527,-5.310059,-10.620117
38327,0.107300,-0.064575,0.942749,-0.732422,-5.310059,-10.864258
38337,0.052002,-0.096313,0.836670,-0.732422,-5.187988,-10.864258
38346,0.014771,-0.223511,0.748657,-1.342773,-5.004883,-9.643555
38357,0.050171,-0.158081,0.923096,-2.258301,-4.028320,-8.117676
38366,-0.024048,-0.104248,0.895630,-3.601074,-2.441406,-6.042480
38376,-0.060913,-0.002686,0.965698,-4.089355,-2.441406,-6.103516
38386,-0.087891,-0.043579,0.872559,-3.845215,-2.319336,-6.652832
38397,-0.032593,-0.021973,0.960937,-3.723145,-1.770020,-7.324219
38407,0.039063,-0.025024,1.000610,-3.479004,-1.342773,-7.934570
38416,0.129150,-0.107056,1.028320,-3.295898,-2.014160,-8.850098
38426,0.064209,0.012329,1.062134,-3.173828,-2.746582,-9.094238
38439,0.020874,-0.168945,0.820801,-0.366211,-1.708984,-7.873535
38448,0.080444,-0.243530,0.745972,-0.305176,-0.732422,-6.713867
38458,0.102661,-0.109863,0.825195,-1.647949,-0.183105,-5.187988
38467,0.118774,-0.052979,0.963135,-2.929688,0.183105,-3.540039
38476,-0.039673,-0.003784,1.135498,-2.990723,0.976562,-2.075195
38486,-0.162720,-0.021851,1.102295,-2.014160,1.098633,-2.136230
38497,-0.160156,0.019409,1.064453,-1.159668,1.403809,-2.807617
38506,-0.065918,-0.054077,1.072021,-0.366211,1.708984,-4.333496
38518,-0.117554,-0.065796,0.894287,-0.793457,2.380371,-4.028320
38527,-0.047485,-0.012939,1.041016,-0.610352,3.601074,-2.014160
38537,-0.033569,-0.272583,0.996338,0.244141,4.760742,-0.122070
38546,-0.032715,-0.270630,0.883301,-0.305176,5.065918,2.380371
38557,-0.056641,-0.041260,1.047607,-1.464844,5.126953,4.882812
38566,-0.067505,-0.044678,1.047241,-2.319336,5.798340,7.141113
38576,-0.106934,-0.096924,1.005127,-2.502441,6.835937,11.718750
38588,-0.121704,-0.008911,1.189575,-1.342773,6.958008,12.573242
38597,-0.123901,-0.313721,0.970215,-1.098633,7.385254,13.366699
38607,-0.027100,-0.200317,0.956787,-1.586914,7.324219,14.404297
38616,0.024658,0.069092,1.037598,-2.685547,7.690430,16.723633
38627,-0.007935,-0.147827,0.905273,-3.295898,7.812500,19.226074
38636,0.007446,-0.166138,0.913330,-3.601074,8.178711,21.484375
38649,0.009644,-0.059204,1.064087,-3.723145,6.958008,23.925781
38658,-0.015137,0.010010,1.082397,-3.601074,6.225586,23.315430
38667,0.045898,-0.003540,1.171631,-2.624512,5.310059,21.850586
38677,0.005249,-0.259766,0.959595,-1.403809,3.967285,20.080566
38686,0.031982,-0.214355,0.788818,-0.793457,3.540039,18.432617
38697,0.101318,-0.052246,0.916138,-0.671387,2.014160,16.784668
38706,0.057983,-0.170044,0.886841,-1.220703,1.586914,16.418457
38716,0.075806,-0.186523,0.902832,-1.953125,1.403809,15.808105
38728,0.030029,-0.056396,1.088867,-0.244141,0.427246,14.221191
38737,-0.007935,-0.318481,0.925781,0.427246,-0.244141,11.169434
38747,0.067627,-0.270752,0.847778,0.305176,-1.525879,7.751465
38756,0.069824,-0.064819,0.878662,-0.244141,-2.197266,4.882812
38766,0.086060,-0.081055,0.935059,-0.793457,-2.990723,2.929688
38777,0.066162,-0.165649,0.920776,-0.610352,-2.929688,2.258301
38786,0.093994,-0.122437,0.969604,-0.488281,-2.868652,1.159668
38798,0.022827,-0.008545,0.972900,-1.647949,-3.540039,0.427246
38807,0.051758,0.003418,1.115601,-1.892090,-3.234863,0.305176
38817,0.026489,-0.074829,1.087036,-1.586914,-3.234863,0.000000
38826,-0.062866,-0.093018,0.957520,-0.793457,-2.990723,-1.098633
38836,-0.033081,0.061768,1.103760,-0.610352,-2.929688,-1.464844
38847,0.014648,0.052612,1.115723,-0.793457,-2.868652,-1.953125
38856,0.030884,-0.201416,0.914673,-1.098633,-2.014160,-1.586914
38866,0.018555,-0.103760,0.878418,-2.197266,-1.892090,0.061035
38877,0.030029,-0.074219,1.001953,-2.685547,-1.647949,2.258301
38886,-0.031128,-0.134766,0.997925,-3.112793,-0.976562,4.699707
38897,-0.067993,0.112671,1.115845,-3.479004,-0.671387,6.530762
38906,-0.094238,0.041382,1.088135,-3.234863,0.488281,8.850098
38916,-0.127930,-0.085815,0.958862,-3.051758,0.671387,10.864258
38929,-0.124756,0.057861,1.098022,-2.746582,1.281738,14.282227
38938,-0.152832,-0.208618,0.966309,-2.380371,2.319336,16.113281
38948,-0.097290,-0.222290,0.978394,-2.624512,3.051758,17.272949
38958,-0.008179,-0.083740,0.967529,-2.685547,3.417969,18.737793
38967,0.056396,-0.074829,0.961914,-2.441406,2.746582,18.737793
38977,0.062012,-0.039307,1.105591,-1.770020,1.220703,17.639160
38986,-0.012329,0.001831,1.102051,-1.281738,0.183105,16.540527
38996,-0.010376,-0.171143,1.015137,-0.854492,0.000000,14.892578
39007,0.114746,0.001953,1.002197,-0.915527,-1.586914,10.375977
39017,0.087769,-0.108276,0.925781,-0.366211,-2.441406,7.812500
39027,0.095459,-0.352051,0.821777,0.183105,-2.746582,5.920410
39036,0.154785,-0.192383,0.890625,-0.488281,-3.112793,3.906250
39047,0.132202,0.050659,0.991577,-1.525879,-4.272461,2.746582
39056,0.047241,0.001465,0.971436,-1.647949,-4.943848,1.586914
39066,-0.012329,-0.049194,1.054932,-0.793457,-4.638672,1.525879
39078,-0.002441,-0.232300,0.989746,1.098633,-5.004883,-0.183105
39087,0.016602,-0.225586,0.911377,0.976562,-5.493164,-0.488281
39097,0.044312,0.037109,1.026855,0.732422,-5.004883,0.122070
39106,0.049561,-0.052856,1.094360,1.098633,-4.150391,1.647949
39117,-0.005005,-0.234863,0.883423,1.403809,-3.662109,2.441406
39126,-0.001343,-0.208618,0.959595,1.098633,-3.601074,2.685547
39136,0.031250,-0.141968,1.075317,0.732422,-3.723145,2.197266
39148,-0.014648,-0.200928,1.003052,0.244141,-4.089355,0.976562
39157,-0.077637,-0.179199,1.026123,0.793457,-4.150391,0.061035
39167,-0.041504,-0.328735,0.781372,0.793457,-3.906250,-0.183105
39176,0.033081,-0.344971,0.730835,-0.427246,-4.028320,0.427246
39186,0.037598,-0.157471,0.802734,-2.441406,-3.662109,2.746582
39196,-0.053345,-0.111572,0.866455,-3.967285,-2.746582,6.042480
39206,-0.073486,-0.022095,0.947876,-4.699707,-1.647949,12.817383
39216,-0.092285,0.138428,1.156860,-3.540039,-0.610352,13.854980
39226,-0.139526,-0.010986,0.959961,-3.601074,-0.793457,13.916016
39236,-0.071533,-0.081421,0.956299,-4.028320,-0.976562,13.549805
39246,-0.075562,-0.060425,0.882568,-4.150391,-0.915527,12.634277
39256,-0.105713,-0.190308,0.767334,-4.577637,-1.220703,12.573242
39266,0.012085,-0.056885,0.898682,-5.371094,-0.793457,12.695313
39277,0.015625,0.120117,1.057251,-6.591797,-1.342773,13.061523
39287,-0.037720,-0.003418,1.089844,-6.896973,-1.708984,12.573242
39296,0.050415,0.164673,1.212158,-6.164551,-1.770020,10.803223
39306,0.008911,0.020752,1.149902,-4.882812,-2.136230,8.117676
39316,0.064453,-0.166138,0.906006,-4.394531,-3.662109,5.249023
39326,0.150757,-0.108276,1.020020,-4.455566,-4.028320,3.356934
39337,0.174194,0.085937,1.088379,-4.455566,-5.126953,1.220703
39346,0.107178,-0.011719,1.077393,-3.601074,-5.920410,-0.305176
39356,0.117065,-0.095825,1.032104,-1.708984,-6.286621,-1.220703
39366,0.169312,-0.157471,1.046509,-1.586914,-7.141113,-2.563477
39376,0.087524,-0.253784,0.940674,-1.892090,-7.751465,-4.089355
39386,0.041870,-0.102661,1.029541,-2.136230,-8.422852,-5.798340
39396,0.070923,0.007568,1.239380,-1.892090,-7.934570,-7.507324
39406,0.027588,-0.191406,1.121704,-1.403809,-8.605957,-10.437012
39416,-0.020386,-0.254639,0.978882,-1.220703,-9.399414,-18.676758
39428,0.076904,0.070801,1.053467,-1.464844,-10.070801,-22.094727
39437,0.065918,-0.216187,0.905518,-1.159668,-10.009766,-24.658203
39447,0.066772,-0.074219,0.908081,-0.915527,-9.521484,-26.428223
39457,0.128174,0.184692,1.143555,-0.488281,-8.605957,-27.465820
39466,0.154907,-0.008667,1.231323,0.244141,-8.117676,-28.076172
39476,0.136230,-0.166016,1.032715,1.159668,-8.239746,-29.113770
39488,0.045288,0.117432,1.073975,2.990723,-9.582520,-30.273437
39498,0.018677,-0.137695,0.905396,4.333496,-8.361816,-29.724121
39508,0.049805,-0.232422,0.834595,4.760742,-6.164551,-28.015137
39517,0.074829,-0.031006,0.977051,4.699707,-4.577637,-26.123047
39526,0.016357,-0.021851,1.020142,4.821777,-3.601074,-24.047852
39536,-0.055176,-0.171265,0.923218,5.310059,-2.807617,-22.766113
39546,-0.067627,-0.178955,0.849854,5.493164,-1.342773,-21.545410
39557,-0.018799,-0.055176,0.942505,5.676270,0.000000,-20.324707
39567,-0.102783,-0.125000,0.911255,5.554199,0.976562,-19.104004
39576,-0.072998,-0.067383,1.041260,5.859375,2.258301,-17.272949
39586,-0.097046,0.010254,1.096191,6.835937,3.601074,-15.502930
39596,-0.115601,-0.091064,0.995972,7.019043,4.455566,-13.854980
39606,-0.061279,-0.372437,0.858765,7.019043,6.042480,-11.230469
39616,-0.111450,-0.309570,0.819458,6.652832,7.446289,-9.155273
39628,-0.161621,-0.031982,0.858398,4.455566,10.009766,-3.051758
39638,-0.184814,-0.245117,0.815430,4.028320,11.596680,0.183105
39648,-0.155396,-0.156250,0.903442,2.563477,13.061523,4.394531
39657,-0.163452,0.033691,1.049805,1.037598,12.817383,7.690430
39666,-0.208618,-0.020020,1.076416,0.915527,13.793945,10.620117
39676,-0.163330,-0.012085,1.101685,1.037598,14.892578,13.916016
39686,-0.111084,-0.033936,1.101685,1.464844,15.380859,16.418457
39696,-0.110352,-0.351685,0.848633,1.220703,15.502930,22.094727
39708,0.024292,0.088867,1.035889,-2.380371,16.357422,26.245117
39717,-0.047607,0.227295,1.209961,-2.929688,16.174316,30.212402
39727,-0.087280,-0.167114,1.103638,-2.014160,16.357422,32.653809
39736,-0.070068,-0.352417,0.963257,-1.525879,15.930176,33.691406
39746,-0.036621,-0.099976,0.944458,-2.136230,14.709473,33.386230
39756,-0.051880,-0.062622,0.864380,-3.234863,13.793945,33.386230
39766,-0.018799,-0.265869,0.795898,-3.906250,13.000488,35.827637
39776,0.016235,-0.110840,0.993652,-5.615234,11.230469,37.353516
39786,-0.046875,-0.180420,1.030396,-5.737305,10.864258,38.269043
39796,-0.024536,-0.244141,1.023193,-6.103516,10.559082,38.391113
39806,-0.006714,0.039429,1.103394,-6.408691,9.643555,37.231445
39816,-0.018921,0.057251,1.161621,-6.408691,8.117676,35.400391
39826,-0.027222,-0.094360,1.059448,-5.676270,6.652832,32.592773
39835,-0.016113,0.018921,1.041504,-4.821777,5.432129,29.418945
39847,0.098022,-0.050781,0.918091,-4.394531,3.173828,23.376465
39857,0.129761,-0.208374,0.769287,-4.272461,1.525879,21.118164
39866,0.152710,0.012695,0.868164,-4.577637,0.671387,20.080566
39876,0.152954,0.125977,1.011230,-5.004883,0.244141,20.385742
39886,0.080933,-0.071655,1.045044,-5.371094,-0.854492,19.653320
39895,0.035156,-0.085083,1.053589,-5.493164,-1.220703,18.249512
39907,-0.000366,0.186035,1.221436,-4.089355,-2.624512,13.305664
39916,-0.024658,-0.082275,1.082764,-2.380371,-3.234863,9.826660
39926,0.040771,-0.026855,1.013916,-1.037598,-4.211426,5.554199
39936,0.088257,-0.041138,1.049561,0.000000,-5.065918,1.831055
39946,0.087402,-0.299683,0.950439,0.305176,-5.676270,-0.366211
39956,0.113892,-0.297363,0.907104,0.244141,-6.042480,-2.014160
39965,0.054565,-0.139893,0.953125,0.305176,-5.554199,-2.685547
39977,0.134155,-0.215332,0.814331,0.183105,-5.615234,-3.356934
39987,0.106689,-0.303345,0.664429,-1.098633,-6.591797,-3.540039
39996,0.014648,-0.070312,0.820557,-2.380371,-6.896973,-2.746582
40006,-0.017578,-0.032471,0.942505,-3.295898,-6.408691,-1.159668
40016,-0.023804,-0.065063,1.043335,-3.356934,-5.554199,0.915527
40025,-0.019775,-0.044189,1.000000,-3.051758,-5.310059,2.319336
40036,0.028687,-0.024658,1.026611,-2.502441,-5.004883,3.173828
40046,0.072388,0.116333,1.069458,-2.197266,-5.371094,4.028320
40057,0.051514,-0.047485,1.064697,-1.708984,-4.943848,5.432129
40067,0.080444,0.018921,1.084717,-0.122070,-5.310059,5.493164
40076,0.128662,0.024536,1.170898,0.488281,-5.859375,5.187988
40086,0.095947,-0.181152,1.095581,0.976562,-6.530762,4.455566
40096,0.013184,-0.232300,0.917969,1.159668,-6.774902,3.662109
40106,0.038330,-0.073608,1.002808,0.915527,-6.713867,3.540039
40117,0.047363,0.032715,1.072632,0.854492,-6.530762,4.577637
40126,-0.044678,-0.328735,0.906982,0.427246,-6.225586,5.493164
40136,-0.037231,0.026123,1.040161,-0.305176,-6.225586,6.591797
40146,-0.136475,-0.061523,1.132813,-0.427246,-5.554199,7.446289
40156,-0.204712,-0.223633,1.065186,0.000000,-5.371094,7.690430
40168,-0.158813,-0.108154,1.093628,0.793457,-4.638672,7.385254
40178,-0.088013,0.004272,1.113159,1.892090,-4.943848,5.187988
40187,-0.042969,-0.171631,0.994995,1.464844,-5.371094,4.516602
40197,-0.016357,-0.114746,0.962280,0.488281,-4.882812,4.699707
40206,-0.022827,0.140869,1.156738,0.244141,-4.333496,4.943848
40216,-0.039185,-0.139282,1.094604,0.976562,-3.479004,4.577637
40225,-0.003784,-0.432861,0.810913,0.732422,-4.089355,3.784180
40236,0.068237,-0.304810,0.714600,-0.732422,-4.821777,2.258301
40245,-0.005737,-0.163452,0.729492,-2.685547,-5.187988,1.342773
40257,-0.063110,-0.165771,0.758911,-5.004883,-3.906250,1.525879
40267,-0.029541,0.098267,1.026978,-4.455566,-3.967285,0.488281
40276,-0.046631,-0.016968,0.987427,-3.662109,-4.760742,-1.342773
40286,0.016479,-0.042603,0.931519,-3.234863,-4.943848,-2.990723
40296,0.103149,-0.030518,0.938477,-2.746582,-4.577637,-3.845215
40306,0.019165,-0.004761,0.894287,-2.136230,-4.882812,-4.394531
40315,0.009033,-0.023193,0.906128,-1.403809,-4.638672,-4.699707
40325,0.055054,-0.047485,1.046143,-1.037598,-3.845215,-3.662109
40337,0.000244,-0.099609,1.066040,-0.854492,-4.699707,-5.249023
40346,-0.047363,-0.056396,1.000732,-0.305176,-4.943848,-6.835937
40356,0.021973,-0.036743,1.038208,-0.305176,-4.699707,-8.178711
40365,0.070312,-0.097656,1.032593,-0.427246,-4.760742,-10.620117
40376,0.067627,-0.231201,0.950684,-0.488281,-5.126953,-13.305664
40386,0.056641,-0.076050,1.046509,-0.732422,-5.249023,-15.136719
40395,0.141968,0.095093,1.173096,-1.281738,-4.760742,-16.601562
40407,0.138672,-0.190918,0.979004,-1.220703,-4.943848,-18.859863
40417,0.114502,0.031250,1.067627,-1.831055,-5.004883,-19.287109
40426,0.153076,0.170654,1.233521,-1.586914,-4.882812,-19.714355
40436,0.073608,-0.087891,1.123413,-1.220703,-3.784180,-19.165039
40446,-0.024536,-0.166870,0.911011,-0.976562,-4.150391,-19.592285
40455,-0.002319,0.082153,1.036743,-1.159668,-3.845215,-19.409180
40467,0.023804,-0.049927,0.875122,-2.563477,-2.197266,-16.845703
40477,-0.040649,-0.391968,0.201172,-6.408691,-1.159668,-13.671875
40487,-0.046509,0.158203,0.833740,-10.925293,0.061035,-8.972168
40496,-0.165527,0.656494,1.463501,-12.329102,2.685547,-4.760742
40506,-0.264893,0.508667,1.658447,-9.277344,4.211426,-3.051758
40516,-0.241455,0.048462,1.398071,-4.272461,3.967285,-5.187988
40525,-0.150513,-0.186523,0.947754,-2.624512,2.807617,-9.826660
40537,-0.053467,-0.133301,0.662720,-4.760742,3.051758,-14.770508
40547,0.115479,0.067871,0.886963,-3.723145,4.150391,-13.366699
40556,0.044922,-0.085083,1.035645,-2.502441,4.699707,-11.596680
40566,-0.025879,-0.108765,1.104248,-1.647949,5.249023,-10.681152
40575,0.000732,-0.087891,1.150146,-0.793457,5.981445,-11.169434
40585,-0.028320,-0.097290,1.050049,-0.061035,6.347656,-12.512207
40595,0.011841,-0.051392,0.916992,1.281738,6.225586,-13.427734
40605,0.087402,-0.137573,0.871338,2.990723,6.286621,-12.573242
40617,0.003418,-0.234741,0.946289,3.051758,7.385254,-6.042480
40626,-0.078247,0.087402,1.154419,-0.366211,8.911133,-1.281738
40636,-0.076782,0.034180,1.088501,-0.244141,10.009766,4.455566
40645,-0.117432,-0.059326,1.017578,1.159668,11.352539,8.850098
40655,-0.183838,-0.125244,0.921021,2.014160,11.962891,11.230469
40666,-0.211914,-0.431396,0.757324,0.854492,12.634277,13.610840
40675,-0.199219,-0.265503,0.776367,-1.342773,13.000488,13.793945
40685,-0.155518,0.137329,1.138184,-2.929688,14.160156,16.174316
40696,-0.095703,-0.052368,1.105347,-1.464844,14.282227,17.211914
40706,-0.040649,-0.047729,1.083740,-0.488281,14.038086,18.859863
40716,-0.028564,-0.243286,0.933594,-0.915527,13.854980,19.775391
40725,-0.038330,-0.343506,0.729614,-3.173828,13.916016,22.705078
40735,0.005737,0.134888,0.946289,-5.126953,15.136719,24.780273
40745,0.174072,0.069946,1.191040,-5.432129,14.709473,27.832031
40755,0.059204,-0.113525,1.018799,-5.065918,12.695313,32.287598
40766,0.070312,0.215942,1.088989,-4.333496,12.023926,34.973145
40776,0.060669,-0.081909,1.056641,-1.770020,11.169434,34.912109
40785,0.025146,-0.119263,1.004761,0.000000,10.070801,35.583496
40796,0.083862,-0.091309,0.849854,0.610352,8.972168,36.071777
40806,0.046387,-0.538208,0.775879,1.953125,8.178711,35.034180
40815,0.064453,-0.399780,0.964111,1.770020,6.774902,34.118652
40828,0.188843,-0.270264,1.066284,-1.342773,3.051758,28.686523
40837,0.059326,-0.099121,1.021118,-0.610352,1.098633,24.536133
40847,0.078247,-0.223633,0.920288,0.793457,0.671387,21.484375
40856,0.035278,-0.408081,0.850342,0.549316,-0.549316,17.395020
40866,0.043823,-0.254639,0.821167,-0.488281,-1.770020,15.625000
40876,0.033813,0.234131,1.073853,-1.770020,-1.892090,13.244629
40885,0.109375,0.162964,1.169678,-1.586914,-2.380371,11.352539
40897,0.180542,0.012207,1.056396,-0.244141,-3.234863,7.873535
40907,0.085937,0.031494,1.045532,-0.854492,-4.333496,4.638672
40916,0.116089,-0.069214,1.030884,-2.014160,-5.004883,1.342773
40926,0.107422,-0.051147,1.129150,-2.197266,-4.943848,-2.014160
40936,0.098999,-0.033447,1.066528,-1.525879,-5.981445,-4.821777
40945,0.025879,-0.056641,1.026123,-0.854492,-7.080078,-6.530762
40955,-0.018188,-0.063232,1.071899,-1.464844,-7.141113,-6.591797
40965,-0.072144,-0.080200,1.039551,-2.380371,-5.004883,-3.723145
40977,-0.116333,0.009033,1.020020,-1.770020,-3.601074,-0.610352
40986,-0.085571,-0.290649,0.953735,-0.427246,-2.075195,1.464844
40996,-0.061646,-0.398926,0.924561,0.061035,-1.586914,2.441406
41005,-0.091797,-0.211792,1.047485,0.122070,-1.647949,3.234863
41015,-0.041748,-0.164551,1.114502,0.183105,-1.037598,3.784180
41025,-0.083252,-0.170410,0.970459,0.305176,-1.098633,4.638672
41037,-0.037964,-0.183716,0.968994,0.000000,0.122070,5.981445
41047,-0.035889,-0.057007,1.010132,-0.610352,0.854492,6.042480
41057,-0.043091,0.014282,1.057007,-0.915527,1.037598,5.249023
41066,-0.108643,-0.056152,1.020630,-0.671387,0.305176,3.784180
41075,-0.117554,-0.039917,0.914551,0.000000,0.122070,1.647949
41085,-0.001343,0.065430,0.953491,0.488281,0.061035,-0.549316
41095,0.066284,-0.002686,1.010010,0.183105,-0.244141,-1.892090
41105,0.147461,-0.121216,0.950928,-0.427246,0.122070,-1.525879
41116,0.280396,0.015503,0.946411,-2.380371,0.610352,0.000000
41126,0.210571,-0.038452,0.904053,-2.807617,0.183105,1.525879
41135,0.266968,0.045166,0.953613,-2.136230,0.000000,2.807617
41145,0.283325,-0.139893,1.007935,-1.220703,-1.403809,4.028320
41155,0.259033,-0.235596,1.009644,-0.915527,-3.112793,4.455566
41165,0.234741,-0.165649,1.052246,-0.793457,-4.089355,4.333496
41175,0.264771,-0.163818,1.049683,-0.610352,-5.004883,5.004883
41186,0.237549,-0.192993,1.036255,-0.366211,-6.408691,5.371094
41195,0.185669,-0.067871,1.018433,-0.488281,-7.690430,5.432129
41205,0.159668,-0.124023,0.975708,-0.488281,-8.056641,5.432129
41216,0.144165,-0.260010,0.909546,-0.244141,-8.483887,5.065918
41225,0.083862,-0.179687,0.909790,-0.488281,-9.155273,4.150391
41235,0.024536,-0.199463,0.979858,-0.671387,-9.643555,3.417969
41247,-0.150024,-0.091064,1.127930,-1.403809,-9.582520,0.610352
41257,-0.139648,-0.117310,1.090454,-1.037598,-8.911133,-1.708984
41267,-0.131104,-0.183838,0.975830,-0.549316,-7.873535,-3.906250
41276,-0.150879,-0.171997,0.884155,-0.549316,-7.446289,-6.408691
41286,-0.147583,-0.188599,0.879517,-0.244141,-7.568359,-8.850098
41296,-0.057495,-0.278809,0.884033,-0.488281,-7.751465,-10.864258
41306,-0.059570,-0.401978,0.745239,-1.342773,-7.080078,-13.183594
41315,0.003296,-0.167847,0.919678,-3.417969,-6.347656,-13.122559
41325,0.033081,-0.130493,0.929932,-3.540039,-5.798340,-12.817383
41335,0.036987,-0.164429,0.914673,-2.990723,-4.760742,-12.634277
41345,0.090088,-0.102417,1.035400,-2.868652,-3.845215,-12.512207
41355,0.091187,-0.079224,1.016724,-3.173828,-3.784180,-12.512207
41365,0.047119,-0.102539,1.002441,-3.723145,-4.516602,-12.695313
41375,0.049194,-0.089966,1.010132,-3.601074,-4.699707,-12.695313
41385,0.089111,-0.047607,1.005859,-3.051758,-3.356934,-10.864258
41395,0.065430,-0.061890,0.960815,-3.356934,-3.356934,-9.155273
41405,0.070923,0.063599,1.067261,-2.868652,-2.075195,-7.934570
41415,0.082153,0.027344,0.997314,-2.136230,-1.892090,-6.958008
41425,0.115967,-0.097900,0.946777,-1.159668,-1.708984,-6.164551
41435,0.113892,-0.140259,0.916016,-0.976562,-2.014160,-6.042480
41445,0.075073,-0.090088,0.978638,-1.708984,-2.807617,-6.103516
41457,0.072510,0.057983,1.079468,-2.014160,-2.990723,-6.408691
41467,0.056396,-0.084839,1.000732,-1.647949,-2.624512,-6.225586
41476,0.043091,-0.144287,0.965576,-1.586914,-2.502441,-5.737305
41486,0.051514,-0.035767,0.964966,-2.014160,-2.197266,-4.516602
41495,0.004395,0.031006,0.999756,-2.563477,-2.197266,-2.685547
41505,-0.057617,0.001709,1.029053,-2.197266,-1.525879,-0.671387
41515,-0.114380,-0.039307,0.999756,-1.953125,-0.976562,1.525879
41527,-0.095459,-0.087402,0.938232,-1.770020,0.854492,5.493164
41537,-0.057251,-0.075806,0.931396,-2.014160,0.305176,7.141113
41546,-0.078979,-0.023071,0.954956,-2.197266,-0.122070,9.643555
41556,-0.026611,-0.073364,0.994019,-1.892090,0.427246,11.901855
41565,-0.008423,-0.113037,1.006348,-2.502441,0.793457,13.916016
41575,-0.062012,0.002197,1.039429,-2.990723,1.037598,16.174316
41585,-0.063354,0.149536,1.081055,-2.990723,1.525879,17.761230
41597,-0.069092,-0.171509,0.939331,-0.854492,2.380371,19.104004
41607,-0.087891,-0.169312,0.867554,-0.610352,1.953125,18.066406
41616,-0.108276,-0.062500,0.950562,-0.976562,0.976562,16.479492
41626,-0.074341,-0.221802,0.968628,-1.647949,0.427246,15.686035
41635,-0.022827,-0.277344,0.900513,-2.502441,0.122070,14.709473
41644,0.007446,-0.062012,0.938965,-3.051758,-0.244141,14.099121
41655,0.094604,0.008301,0.949951,-3.051758,-0.610352,12.878418
41665,0.094360,-0.179321,0.936157,-2.929688,-1.892090,7.751465
41674,0.127808,-0.129395,1.028076,-2.746582,-4.577637,3.234863
41685,0.122437,-0.086426,1.098145,-2.258301,-5.615234,-1.953125
41695,0.020142,-0.183716,1.030640,-1.831055,-6.530762,-6.652832
41705,0.045166,-0.095703,0.978149,-1.892090,-6.958008,-10.559082
41715,0.061523,-0.001831,0.970459,-2.319336,-7.873535,-13.854980
41724,0.038330,-0.118896,0.898071,-2.807617,-8.483887,-15.991211
41737,0.083496,0.177368,1.118896,-2.868652,-6.408691,-15.808105
41747,0.110840,0.034180,1.136108,-2.380371,-5.126953,-14.892578
41756,0.081177,-0.107788,1.069702,-1.770020,-4.089355,-14.343262
41766,0.127563,0.031494,1.118164,-1.342773,-4.089355,-14.587402
41776,0.111816,0.110596,1.157715,-0.488281,-4.333496,-15.075684
41785,0.125977,-0.164062,0.901855,0.244141,-5.554199,-16.052246
41794,0.181763,-0.242065,0.866455,-0.183105,-5.554199,-16.296387
41807,0.187744,-0.028320,0.986938,-1.220703,-7.080078,-14.465332
41817,0.206665,-0.212402,0.935059,-1.159668,-6.958008,-13.061523
41827,0.240723,-0.235718,0.873535,-1.647949,-6.347656,-11.047363
41836,0.202515,0.011719,0.971313,-2.014160,-6.164551,-9.704590
41846,0.098145,-0.104370,1.022827,-2.136230,-6.591797,-9.582520
41855,-0.016968,-0.262817,0.931885,-2.258301,-6.164551,-9.216309
41865,-0.032349,-0.123169,0.975952,-3.112793,-6.103516,-9.277344
41875,-0.049805,-0.106445,0.997437,-3.356934,-5.676270,-10.375977
41885,-0.099243,0.027588,0.931030,-3.906250,-5.187988,-10.131836
41895,-0.080811,-0.008301,0.973755,-3.845215,-4.089355,-9.643555
41904,-0.113159,-0.143799,0.911255,-3.784180,-3.417969,-8.850098
41915,-0.140259,0.100952,0.950439,-3.173828,-2.136230,-7.995605
41925,-0.111084,0.141724,1.049438,-2.624512,-1.037598,-7.324219
41935,-0.106323,-0.174438,0.859375,-1.953125,-0.427246,-6.958008
41945,-0.086670,-0.104370,0.872437,-2.014160,-0.061035,-6.652832
41955,-0.071533,0.088013,0.956909,-2.136230,-0.122070,-6.469727
41964,-0.033569,-0.124268,0.929932,-2.197266,0.122070,-6.042480
41975,-0.006348,0.041138,0.987061,-2.136230,0.610352,-5.004883
41985,-0.000366,-0.035889,0.955933,-2.136230,1.342773,-3.723145
41995,0.005493,-0.162231,0.846313,-2.502441,1.831055,-2.075195
42005,0.005371,0.131714,0.957520,-2.929688,2.441406,0.122070
42017,0.005737,-0.100708,1.015747,-2.380371,2.807617,4.150391
42026,-0.022461,-0.084106,1.041260,-1.647949,2.746582,5.249023
42036,-0.012451,0.094482,1.183960,-1.525879,2.746582,6.225586
42045,-0.024658,0.062256,1.168823,-2.014160,2.441406,7.263184
42055,0.011353,0.087524,1.190796,-2.319336,2.624512,7.751465
42064,-0.017944,0.161133,1.162109,-2.380371,2.319336,8.117676
42075,0.033325,0.116211,1.107056,-2.258301,1.770020,7.934570
42085,0.039795,0.062866,1.085083,-2.136230,1.220703,8.056641
42096,0.041504,0.044678,1.069580,-2.258301,1.342773,7.995605
42105,0.032349,0.061768,1.009766,-2.136230,0.488281,7.751465
42115,-0.105103,-0.077026,0.962524,-1.708984,0.366211,7.446289
42124,-0.448486,-0.331665,0.755127,-1.647949,0.732422,6.958008
42135,-0.161499,-0.310303,0.770508,-1.525879,2.807617,5.554199
42145,0.016113,-0.228027,1.279053,-1.464844,4.455566,4.211426
42157,-0.030029,-0.158081,0.833008,0.244141,0.976562,0.915527
42167,-0.167236,0.079468,0.683228,0.793457,-0.488281,1.098633
42176,-0.141357,-0.109985,0.812378,0.488281,-0.854492,0.854492
42186,-0.238159,-0.264648,0.776001,-0.976562,-0.732422,0.366211
42195,-0.171997,0.152832,0.954834,-2.136230,1.220703,1.220703
42205,-0.121338,-0.033569,1.170288,-0.366211,3.601074,3.234863
42215,0.023193,-0.399170,1.056763,1.220703,5.493164,5.004883
42224,0.074097,-0.288330,1.122437,1.647949,5.493164,5.737305
42236,0.120117,-0.313232,0.951294,1.708984,2.502441,5.432129
42245,0.172729,-0.201538,0.841431,2.258301,0.305176,4.882812
42254,0.247314,-0.012207,1.034180,2.380371,-1.281738,4.516602
42265,0.275879,-0.207520,0.927368,1.403809,-3.112793,4.882812
42275,0.291504,-0.271606,0.894653,0.305176,-3.967285,5.981445
42284,0.317139,0.093628,1.030029,-1.098633,-3.723145,7.995605
42295,0.210449,-0.020386,1.027344,-0.793457,-4.028320,9.460449
42305,0.049927,-0.204590,1.119385,-0.183105,-4.699707,7.446289
42314,-0.083740,-0.177979,1.023560,0.061035,-5.249023,4.150391
42324,-0.129517,-0.441895,1.034546,-0.366211,-6.286621,-0.183105
42334,-0.178711,-0.264038,0.977173,-0.976562,-7.141113,-4.272461
42345,-0.154907,-0.113281,1.019775,-1.037598,-7.385254,-7.263184
42355,-0.187012,-0.276489,0.923828,-1.281738,-6.896973,-9.399414
42364,-0.164673,-0.284180,0.961304,-1.770020,-5.798340,-10.131836
42376,-0.082031,0.014771,1.104492,-2.929688,-3.051758,-9.826660
42386,-0.106079,-0.001465,1.047241,-2.868652,-2.441406,-10.131836
42396,-0.069580,0.059570,1.055054,-2.136230,-2.197266,-10.314941
42405,-0.045044,-0.068359,0.970459,-1.342773,-1.831055,-10.192871
42415,-0.091675,-0.159668,0.909790,-1.159668,-1.770020,-10.437012
42424,-0.085327,0.133179,1.034546,-1.770020,-1.342773,-10.192871
42434,-0.049683,0.234619,1.186890,-1.831055,-0.671387,-9.155273
42446,-0.057739,-0.107178,0.921997,-0.366211,0.610352,-4.333496
42455,-0.061890,0.069458,1.008789,0.366211,1.892090,-0.976562
42465,-0.039185,-0.100952,0.994995,0.122070,3.051758,2.502441
42474,-0.106323,-0.291382,0.909790,-0.427246,4.638672,5.554199
42484,-0.115234,-0.159790,0.948120,-1.220703,5.187988,7.141113
42494,-0.121094,-0.045532,0.994385,-1.525879,5.249023,7.934570
42506,-0.144531,-0.018921,0.998779,-1.220703,5.126953,8.850098
42515,-0.123169,-0.123657,1.032959,-1.281738,5.187988,8.544922
42525,-0.133057,-0.078369,1.000488,-0.671387,5.371094,8.422852
42534,-0.148804,0.032349,1.034912,0.183105,5.493164,8.972168
42545,-0.140991,-0.078491,1.015503,0.671387,5.981445,9.582520
42554,-0.145752,-0.250122,0.886719,1.647949,7.324219,10.009766
42564,-0.150391,-0.153931,0.867798,1.647949,7.873535,10.681152
42575,-0.188599,-0.046753,0.836548,0.671387,8.422852,10.925293
42585,-0.127075,-0.171509,0.876953,0.000000,8.544922,10.314941
42594,-0.078491,-0.119385,0.950073,0.000000,8.605957,9.643555
42604,-0.076416,-0.381958,0.888062,-0.122070,8.666992,8.911133
42614,-0.079956,-0.365356,0.815918,-0.732422,8.483887,8.117676
42625,0.013428,-0.043213,0.968018,-1.708984,8.239746,7.690430
42634,0.064087,-0.017456,1.072021,-2.014160,7.995605,7.873535
42646,0.130249,-0.104858,1.025269,-0.366211,6.896973,9.521484
42655,0.094238,-0.206177,0.960815,0.244141,6.347656,10.681152
42664,0.073120,-0.251099,1.023315,-0.427246,5.798340,11.108398
42674,0.060547,-0.177368,1.098022,-1.586914,5.432129,10.559082
42685,0.007080,0.052002,1.167847,-2.136230,4.638672,9.216309
42694,0.016113,0.164429,1.134888,-1.098633,3.845215,7.568359
42704,-0.048096,-0.016602,1.014404,0.366211,3.723145,5.798340
42714,-0.051880,-0.109131,0.975952,0.976562,3.051758,4.089355
42726,-0.035400,0.051147,1.082275,0.122070,2.807617,1.892090
42735,0.032227,0.131958,1.046021,0.122070,2.563477,1.708984
42745,0.078003,0.084595,0.974609,0.305176,2.502441,2.075195
42754,0.078003,-0.033569,0.978638,0.122070,2.624512,3.540039
42765,0.087891,0.021606,1.042847,-0.305176,2.502441,4.638672
42774,0.052979,0.111816,1.024414,-0.366211,2.319336,5.676270
42785,0.046997,0.028687,0.998291,-0.305176,1.281738,8.178711
42795,0.047119,-0.127808,0.863647,-1.220703,1.098633,8.666992
42805,0.024780,0.053467,1.004395,-2.563477,1.159668,10.009766
42814,0.011841,0.097656,1.080200,-3.234863,1.342773,11.352539
42825,0.026001,0.052124,1.069336,-3.356934,1.281738,12.817383
42834,-0.018311,0.035645,1.017456,-3.234863,0.854492,14.709473
42844,0.005127,-0.035522,1.015503,-3.173828,1.403809,16.235352
42854,-0.022705,-0.003296,1.009521,-3.356934,1.281738,17.456055
42866,-0.028320,0.100464,1.043823,-3.112793,0.244141,19.348145
42875,-0.047485,-0.060913,0.945068,-2.990723,-0.183105,19.348145
42885,-0.053467,-0.085083,0.880615,-2.746582,-0.732422,19.287109
42894,-0.049561,-0.009155,1.005249,-2.563477,-1.098633,18.615723
42904,-0.060547,-0.127075,0.961548,-2.380371,-1.953125,17.639160
42914,-0.048706,-0.131592,1.023315,-2.136230,-2.197266,16.113281
42924,-0.028442,-0.098267,1.013306,-1.586914,-2.380371,14.343262
42935,-0.109985,-0.267334,0.909424,-0.976562,-2.502441,12.451172
42945,-0.088135,-0.142212,1.036011,-1.159668,-2.868652,7.202148
42955,-0.085693,-0.299683,0.970459,-1.464844,-2.929688,5.004883
42964,-0.020142,-0.247192,0.932129,-1.586914,-3.601074,2.868652
42974,0.043335,-0.117554,1.027100,-1.464844,-3.479004,1.281738
42984,0.098022,-0.342407,0.954834,-1.342773,-4.028320,0.366211
42994,0.120239,-0.385986,0.896973,-1.708984,-4.760742,-0.427246
43006,0.174561,-0.037476,1.070435,-2.746582,-5.737305,-1.770020
43016,0.184204,-0.209351,0.985229,-1.770020,-6.103516,-2.868652
43025,0.200073,-0.273071,0.946167,-0.732422,-6.896973,-4.028320
43034,0.195679,-0.169312,1.009521,-0.610352,-8.117676,-5.187988
43044,0.185791,-0.146851,1.055298,-0.854492,-8.361816,-6.103516
43054,0.145142,-0.168579,1.087524,-0.915527,-9.033203,-7.019043
43064,0.106323,-0.193359,0.940308,-0.366211,-9.582520,-7.934570
43074,0.080322,-0.164673,0.869995,0.000000,-10.131836,-9.277344
43085,0.059082,-0.172852,0.847778,-0.854492,-9.643555,-9.948730
43095,0.029907,0.087036,1.042358,-2.014160,-9.704590,-9.826660
43104,0.039063,0.067627,1.095581,-1.953125,-9.399414,-9.887695
43114,0.031494,-0.127197,1.043823,-1.159668,-9.033203,-10.253906
43124,0.028931,-0.222168,1.017944,-0.671387,-8.850098,-10.314941
43134,-0.025146,-0.110352,1.045288,-1.037598,-8.117676,-10.803223
43145,-0.055420,0.057007,1.080444,-1.831055,-8.056641,-11.901855
43155,-0.060303,-0.056030,0.958008,-1.586914,-6.774902,-11.901855
43165,-0.080444,-0.062866,0.899414,-1.525879,-5.981445,-12.084961
43175,-0.048218,0.047607,1.000854,-1.525879,-5.004883,-11.413574
43185,-0.062012,-0.006348,1.007324,-2.014160,-4.577637,-10.681152
43194,-0.035889,-0.063477,0.960205,-2.685547,-4.516602,-10.131836
43204,0.004761,0.024414,0.978638,-2.868652,-4.272461,-9.582520
43214,-0.006836,-0.124023,0.862549,-3.112793,-3.845215,-8.728027
43225,-0.011597,0.207642,0.979614,-3.479004,-3.540039,-8.605957
43234,0.019653,-0.065796,0.923218,-3.601074,-3.234863,-8.361816
43244,0.005371,-0.029297,0.873657,-3.967285,-2.990723,-8.239746
43254,0.078491,0.201782,1.071777,-3.845215,-2.624512,-8.178711
43264,0.072388,0.023560,1.048340,-2.990723,-2.868652,-7.934570
43274,0.056641,-0.221802,0.946289,-2.502441,-2.746582,-7.751465
43284,0.075684,-0.032715,1.061523,-2.136230,-2.990723,-7.568359
43295,0.096069,0.060669,1.029907,-2.136230,-2.990723,-7.507324
43304,-0.004395,-0.045654,0.961304,-1.586914,-3.295898,-8.178711
43314,-0.010498,0.076050,1.009155,-0.915527,-3.234863,-8.972168
43324,-0.022095,-0.175781,0.960083,-0.732422,-2.685547,-10.009766
43334,-0.085937,-0.273438,0.890747,-1.037598,-2.929688,-11.657715
43344,-0.039063,0.017578,1.023438,-1.586914,-2.990723,-13.366699
43354,-0.056396,0.075928,1.049805,-1.953125,-2.258301,-15.686035
43363,-0.021973,0.034424,0.995483,-1.647949,-1.708984,-15.869141
43374,0.038330,-0.067627,1.045044,-1.403809,-1.403809,-15.502930
43384,0.197754,-0.424683,1.084717,-1.525879,-1.220703,-14.953613
43394,0.083984,-0.090332,1.227295,-1.831055,-1.647949,-13.916016
43404,-0.250488,-0.032715,1.109375,-1.098633,-2.990723,-13.000488
43414,-0.028564,-0.027222,0.746582,0.061035,-2.258301,-11.413574
43424,0.108398,0.127686,0.840088,0.427246,2.258301,-6.042480
43435,0.045654,-0.087646,1.002197,-0.427246,3.112793,-4.699707
43445,-0.071655,0.054321,1.093384,-1.647949,2.746582,-4.089355
43454,-0.160522,0.185791,1.236694,-1.342773,1.953125,-4.882812
43464,-0.148804,-0.204834,0.918091,0.732422,0.732422,-6.713867
43474,-0.057251,-0.306885,0.701660,1.220703,0.549316,-7.568359
43484,0.021973,-0.426270,0.561035,-0.488281,0.793457,-7.019043
43496,0.201294,0.346558,0.932251,-9.521484,2.014160,-2.136230
43506,0.076294,1.069580,1.901245,-11.413574,3.112793,1.647949
43515,-0.125244,0.755493,1.989502,-4.516602,4.089355,3.295898
43524,-0.241699,-0.279907,1.079712,3.845215,5.615234,2.990723
43534,-0.214355,-1.034180,0.455078,6.774902,6.103516,2.319336
43544,-0.008789,-0.631104,0.709595,2.014160,4.699707,0.122070
43555,0.017944,0.270752,1.083984,-3.906250,1.098633,-2.197266
43565,-0.135376,-0.011108,0.803467,-0.305176,2.563477,-0.305176
43575,-0.078857,-0.377197,0.918335,1.708984,4.760742,1.831055
43584,-0.128296,-0.539551,0.855225,0.000000,6.225586,2.319336
43594,-0.071411,0.014160,0.993774,-4.089355,5.981445,1.342773
43604,0.041260,0.250244,1.144653,-5.798340,6.225586,1.403809
43614,0.021851,-0.063599,0.963989,-4.760742,6.347656,1.586914
43625,-0.039429,-0.090576,1.001221,-1.770020,4.760742,-0.122070
43635,-0.048096,-0.374756,1.156006,-2.624512,3.784180,-2.197266
43645,-0.001587,-0.108887,1.174927,-3.662109,3.723145,-3.662109
43654,0.052856,0.030396,1.004395,-3.295898,4.089355,-3.051758
43663,0.123535,-0.235840,0.880249,-1.892090,4.150391,-2.197266
43674,0.147095,-0.372559,0.863037,-1.098633,3.967285,-1.403809
43684,0.144409,-0.341553,0.995605,-1.464844,3.723145,-1.037598
43694,0.218628,-0.199341,1.083496,-2.502441,3.356934,-0.976562
43704,0.219849,-0.196777,1.094238,-1.953125,2.319336,-1.647949
43715,0.171021,-0.342529,0.966431,-1.159668,1.525879,-2.075195
43724,0.143799,-0.311523,1.047729,-1.159668,0.122070,-3.051758
43734,0.136719,-0.333740,1.036133,-1.831055,-0.732422,-3.845215
43744,0.157227,-0.342041,1.009155,-2.929688,-1.159668,-4.455566
43754,0.124756,-0.229004,0.912598,-3.417969,-1.770020,-4.089355
43764,0.043579,-0.067139,0.965210,-3.662109,-1.708984,-3.601074
43775,0.006226,0.054810,1.025269,-3.173828,-1.220703,-1.953125
43785,-0.005371,0.009521,1.030640,-0.671387,-1.281738,-1.403809
43794,-0.076294,-0.317383,0.903809,1.220703,-0.854492,-1.342773
43804,-0.170410,-0.326050,0.938232,1.892090,-0.976562,-1.525879
43814,-0.209595,-0.176392,1.010742,1.708984,-0.976562,-2.563477
43824,-0.177979,-0.213501,1.030029,1.159668,0.061035,-3.906250
43835,-0.121338,-0.060669,0.985474,0.122070,0.122070,-5.004883
43845,-0.047729,0.124268,0.834106,1.037598,0.305176,-3.601074
43854,-0.046753,0.002808,0.804077,1.892090,1.403809,-0.854492
43864,0.064819,-0.068115,0.925781,2.258301,2.746582,1.892090
43874,0.087158,-0.118652,1.069092,2.319336,3.356934,3.845215
43884,0.073120,-0.183105,1.099976,2.197266,2.807617,4.577637
43894,0.007935,0.025391,1.055786,1.403809,1.586914,4.394531
43905,-0.020508,0.069458,1.038696,1.464844,0.305176,4.394531
43915,0.028931,-0.098877,0.990112,1.342773,-0.244141,4.333496
43925,0.073975,0.024048,1.034790,0.610352,-0.366211,5.065918
43935,0.093750,0.088501,1.059937,0.183105,0.305176,6.347656
43944,0.038086,0.108765,1.033081,-0.549316,0.427246,7.873535
43954,0.011841,0.038696,0.971802,-0.854492,0.732422,8.605957
43964,-0.047852,-0.062134,1.007568,-0.122070,0.549316,8.911133
43974,-0.048828,-0.039673,1.052734,-0.427246,0.244141,8.605957
43986,-0.099854,-0.183716,1.012817,-0.915527,-0.976562,6.530762
43995,-0.140137,0.058350,0.988281,-1.464844,-1.342773,5.493164
44004,-0.138428,0.144043,1.096313,-1.159668,-1.342773,4.760742
44014,-0.152100,-0.019287,1.048706,-0.305176,-0.366211,4.516602
44024,-0.181519,-0.257446,0.915405,-0.427246,-0.183105,4.089355
44035,-0.171631,-0.237671,0.911377,-0.610352,-0.305176,3.112793
44044,-0.101807,0.102905,0.970459,-1.220703,0.305176,2.624512
44054,-0.092896,-0.114502,0.883423,-1.037598,1.037598,2.014160
44065,-0.076172,-0.099854,0.880127,-1.281738,1.464844,1.831055
44075,-0.027710,-0.075928,1.016846,-1.525879,1.770020,2.014160
44084,-0.039429,-0.217773,0.963623,-1.892090,2.014160,2.075195
44094,0.017700,-0.149170,0.997192,-2.075195,1.770020,2.685547
44104,0.013306,-0.047852,1.086182,-1.953125,2.258301,3.356934
44114,0.045410,-0.102661,1.039185,-1.708984,2.319336,3.906250
44126,0.047485,-0.155640,0.989136,-1.342773,1.220703,4.333496
44135,0.060181,0.063721,1.029541,-1.892090,0.854492,4.394531
44144,0.050903,-0.099121,1.002686,-1.831055,-0.122070,3.845215
44154,0.015015,-0.341675,0.929687,-1.647949,-0.305176,3.662109
44165,0.046509,-0.203125,0.925293,-1.708984,-0.488281,3.417969
44174,0.047119,0.047363,1.004028,-2.014160,-0.671387,2.868652
44184,0.023926,-0.126831,0.990234,-2.441406,-0.732422,2.502441
44196,0.015503,-0.049194,0.940063,-3.356934,-1.281738,0.610352
44205,0.017700,0.043335,0.979980,-4.028320,-2.014160,-0.244141
44214,-0.014038,-0.053467,0.987549,-3.967285,-2.014160,-1.098633
44224,0.054565,-0.085327,1.060669,-4.150391,-2.136230,-2.075195
44234,-0.006348,0.042603,1.122314,-4.272461,-2.624512,-2.929688
44244,-0.036255,0.033569,1.087402,-4.028320,-2.563477,-3.540039
44256,-0.002197,-0.051147,1.033936,-2.807617,-2.380371,-4.455566
44265,-0.011475,0.001099,1.053467,-2.380371,-2.441406,-4.638672
44275,0.018677,0.083008,1.034546,-2.563477,-2.258301,-5.004883
44285,0.010986,-0.005615,1.044312,-2.563477,-2.380371,-4.943848
44295,0.040161,-0.204956,0.937622,-2.136230,-2.441406,-5.493164
44304,-0.001709,-0.132935,0.863647,-1.953125,-2.746582,-5.737305
44314,0.048584,0.048340,0.960449,-2.380371,-2.990723,-6.103516
44324,0.089233,-0.093262,0.979004,-2.746582,-2.807617,-6.347656
44334,0.055664,-0.206055,0.914795,-3.662109,-2.990723,-7.568359
44345,0.031250,0.046021,1.020630,-3.112793,-2.746582,-7.568359
44355,0.032471,-0.135376,0.976807,-2.441406,-2.868652,-7.629395
44364,-0.039429,-0.162842,0.955078,-1.831055,-2.258301,-8.056641
44374,0.003662,0.005615,0.963013,-1.770020,-2.990723,-8.239746
44384,-0.001099,-0.087524,0.984985,-1.403809,-2.380371,-8.117676
44394,-0.005371,-0.232422,0.889404,-1.464844,-2.014160,-8.300781
44404,-0.011230,-0.028931,0.945801,-1.892090,-1.831055,-8.666992
44415,0.002808,-0.147583,1.093262,-1.403809,-1.586914,-8.789063
44424,-0.079834,-0.186523,1.024902,-1.281738,-1.586914,-9.155273
44434,-0.045776,-0.040039,1.032349,-1.037598,-0.610352,-9.033203
44445,-0.009033,0.041748,1.059937,-0.671387,-0.244141,-8.544922
44454,-0.007080,-0.081055,0.962769,-0.244141,0.061035,-8.056641
44466,-0.036377,-0.230469,0.851318,-0.122070,1.037598,-7.019043
44475,0.002686,-0.002319,1.032227,0.061035,1.037598,-7.080078
44484,-0.004150,-0.222046,0.987793,0.183105,0.976562,-7.507324
44494,-0.011597,-0.113647,0.994385,0.305176,0.854492,-7.751465
44505,-0.002930,-0.043579,1.110352,0.793457,0.732422,-7.568359
44514,0.012939,-0.066406,1.111450,1.098633,0.915527,-7.263184
44525,0.050537,-0.042114,1.075684,0.976562,1.342773,-7.080078
44534,0.046631,-0.094971,1.056030,1.220703,1.403809,-6.591797
44545,0.055786,-0.011719,1.028809,1.586914,1.586914,-6.103516
44555,0.041870,-0.125977,1.010132,1.831055,1.708984,-5.493164
44564,0.055298,-0.237183,1.005493,1.708984,1.647949,-5.676270
44575,0.008301,-0.357910,0.998779,1.342773,1.464844,-5.798340
44584,0.064331,-0.144043,0.999023,0.732422,1.281738,-5.737305
44595,0.027710,-0.031250,1.036865,0.549316,1.220703,-5.859375
44604,0.025879,-0.139526,1.035767,0.976562,1.281738,-6.042480
44616,0.036743,-0.238647,0.991943,1.953125,1.403809,-5.920410
44625,-0.005371,-0.239258,0.934204,2.258301,1.220703,-5.432129
44635,0.002441,-0.111450,0.913696,2.075195,1.342773,-4.882812
44644,0.051880,-0.177368,0.924683,1.220703,1.403809,-4.089355
44655,0.006958,-0.221558,0.847778,0.610352,1.892090,-2.624512
44664,-0.001709,-0.103394,0.946655,0.305176,1.525879,-1.464844
44676,-0.019653,0.010620,0.947876,0.854492,2.502441,1.281738
44685,-0.046021,-0.221313,1.020264,1.098633,2.502441,2.258301
44694,-0.013794,-0.213257,0.985352,0.793457,2.807617,3.234863
44704,-0.052612,-0.017456,0.960571,0.000000,2.746582,4.394531
44714,0.015137,0.161377,0.950439,-0.549316,2.319336,5.126953
44724,0.006958,0.017456,0.891113,-0.610352,2.441406,6.042480
44734,0.014648,-0.155029,0.803101,-1.098633,2.502441,6.774902
44746,-0.025024,-0.001587,0.889282,-2.685547,1.770020,7.446289
44755,-0.037231,0.100220,1.038940,-2.319336,2.014160,7.873535
44765,-0.055176,-0.061646,1.043579,-1.586914,2.380371,8.300781
44775,-0.031494,-0.019775,1.110962,-1.037598,2.380371,8.239746
44784,-0.048828,-0.000854,1.165894,-0.915527,1.892090,8.361816
44795,-0.073853,-0.129639,1.103516,-0.671387,1.647949,8.056641
44805,-0.073853,-0.185181,1.002563,-0.976562,1.525879,7.385254
44814,-0.065552,-0.146606,0.936523,-1.403809,1.525879,6.408691
44824,-0.091919,0.011475,0.915283,-2.380371,1.403809,5.493164
44834,-0.054321,-0.137939,1.008545,-3.356934,1.220703,4.699707
44845,-0.048340,-0.170654,0.964722,-4.028320,0.915527,3.723145
44855,-0.051270,0.003174,1.030518,-4.028320,1.098633,2.746582
44864,-0.021606,0.032349,1.080078,-3.662109,1.281738,1.647949
44874,0.025757,-0.094482,1.079590,-3.540039,0.427246,0.427246
44884,0.053467,-0.129150,1.118652,-3.173828,0.061035,-0.671387
44896,0.102783,-0.096558,1.040771,-2.075195,-0.549316,-2.014160
44906,0.149170,-0.154663,1.012817,-1.708984,-0.305176,-2.258301
44915,0.128052,-0.215454,0.942871,-1.403809,-1.098633,-2.868652
44925,0.088013,-0.065308,0.968140,-1.220703,-1.831055,-3.479004
44934,0.070923,0.053223,1.006226,-1.342773,-2.319336,-4.150391
44944,0.068115,-0.141846,0.900757,-1.159668,-2.136230,-4.577637
44956,0.047729,-0.319214,0.786987,-1.953125,-2.319336,-4.516602
44966,0.042358,0.071777,1.030762,-2.563477,-2.624512,-4.150391
44975,0.001343,-0.185913,1.006104,-2.014160,-2.563477,-3.906250
44985,0.010010,-0.198608,0.977783,-1.831055,-2.075195,-3.906250
44994,-0.033569,-0.005981,0.993896,-1.403809,-1.892090,-4.089355
45004,-0.001221,0.015503,1.071777,-0.793457,-1.708984,-4.577637
45014,-0.026733,-0.136108,1.048096,-0.305176,-2.136230,-5.187988
45024,0.010132,-0.256470,0.908081,0.305176,-2.014160,-5.493164
45035,0.070068,0.006714,0.979126,0.183105,-2.319336,-5.981445
45045,0.037354,-0.257080,0.865723,0.061035,-1.831055,-5.859375
45054,0.014160,-0.386475,0.713745,-0.549316,-1.342773,-5.432129
45064,0.055420,-0.104370,0.841675,-1.464844,-1.708984,-5.065918
45074,0.047852,-0.119629,0.910889,-2.502441,-1.342773,-4.394531
45084,0.026367,-0.185669,0.870728,-3.356934,-1.403809,-4.028320
45096,0.004395,-0.015137,0.962769,-3.723145,-1.159668,-3.723145
45105,0.001709,-0.188965,0.984375,-3.723145,-1.159668,-3.417969
45115,-0.007813,-0.203125,0.939697,-4.272461,-1.464844,-3.967285
45124,-0.034790,0.005371,1.007324,-4.272461,-1.281738,-3.967285
45134,-0.046387,0.040649,1.041504,-3.967285,-1.098633,-4.089355
45144,0.003174,-0.170044,1.000244,-3.784180,-1.159668,-4.333496
45155,-0.052490,-0.322998,0.955566,-3.723145,-1.098633,-4.150391
45165,-0.015991,-0.218994,0.984497,-3.967285,-0.061035,-4.394531
45175,-0.026245,-0.022217,1.095337,-4.455566,0.000000,-4.577637
45185,-0.052246,-0.005615,1.080811,-4.333496,0.061035,-4.760742
45195,-0.010986,-0.098022,1.056274,-3.784180,0.122070,-4.882812
45205,-0.048950,-0.068481,1.094971,-3.356934,0.366211,-5.065918
45215,-0.051392,-0.057739,1.077637,-3.112793,0.549316,-5.371094
45225,-0.058228,-0.011719,1.053345,-3.051758,0.793457,-5.371094
45234,-0.049561,-0.015503,0.989990,-2.929688,0.854492,-5.615234
45245,-0.039917,-0.131470,0.913940,-2.502441,0.976562,-6.652832
45255,0.022583,-0.056885,0.963989,-3.051758,1.342773,-6.958008
45265,-0.003418,-0.085327,0.939697,-3.173828,0.793457,-7.385254
45274,-0.007202,-0.061768,0.928467,-3.601074,0.915527,-7.568359
45285,-0.001465,0.067261,1.040894,-3.967285,1.403809,-7.507324
45294,0.071655,0.091675,1.114014,-4.333496,1.586914,-7.141113
45306,0.019653,-0.075195,1.072144,-4.150391,2.197266,-6.286621
45315,0.022827,0.006836,1.013428,-3.784180,2.502441,-5.798340
45324,0.056152,0.075439,0.974731,-3.479004,2.075195,-5.004883
45334,0.088623,0.053101,0.987793,-3.173828,2.502441,-4.211426
45344,0.083496,-0.100342,0.882935,-2.868652,2.685547,-3.295898
45354,0.090942,-0.073364,0.926025,-2.746582,1.953125,-2.990723
45364,0.058350,0.052246,0.958740,-2.258301,1.708984,-2.441406
45376,0.026489,-0.035522,0.975952,-1.037598,1.892090,-1.342773
45385,0.015625,-0.104492,0.982544,-0.671387,1.831055,-0.854492
45395,-0.078003,0.021606,1.034546,-0.366211,2.319336,-0.366211
45405,-0.065430,-0.065063,0.984253,-0.244141,2.197266,0.122070
45415,-0.125488,-0.152954,0.953369,0.122070,2.868652,0.793457
45424,-0.149902,-0.096680,0.936768,0.610352,3.295898,1.098633
45435,-0.148071,-0.017578,1.016968,1.037598,3.540039,1.037598
45444,-0.152466,-0.104492,1.066528,1.342773,4.089355,1.037598
45455,-0.096680,-0.236328,1.022949,1.464844,4.638672,0.488281
45465,-0.111328,-0.149048,1.036255,1.953125,4.943848,0.427246
45475,-0.057251,-0.017822,1.020386,1.770020,4.577637,0.488281
45484,-0.030518,-0.075439,0.982300,2.075195,4.699707,0.732422
45495,0.002808,-0.184570,0.956299,2.441406,5.187988,1.159668
45504,0.080933,-0.163940,0.934937,1.831055,6.164551,2.197266
45515,0.067749,-0.031128,1.028442,-0.122070,5.615234,3.784180
45525,-0.021362,-0.163940,1.094360,-0.488281,5.554199,3.662109
45535,0.038208,-0.085937,1.102539,-0.305176,4.150391,3.540039
45544,-0.023193,-0.069092,1.066162,0.793457,4.516602,3.601074
45555,0.005981,-0.069336,1.040039,1.342773,4.150391,3.479004
45564,0.082520,-0.021118,1.000732,0.732422,3.234863,3.845215
45574,0.075562,-0.200806,0.908569,0.610352,3.417969,4.455566
45586,0.075439,-0.248657,0.778687,-0.671387,2.990723,5.065918
45595,0.084351,0.006958,0.988892,-0.976562,2.624512,4.455566
45605,0.030273,-0.030151,1.080078,-1.586914,2.502441,3.479004
45614,-0.030884,-0.087891,1.049194,-1.770020,1.525879,2.563477
45624,-0.048828,-0.110107,1.038574,-1.098633,1.464844,1.831055
45634,-0.017822,-0.075073,1.022461,-0.305176,1.037598,1.464844
45644,-0.036865,-0.077148,1.036377,0.549316,1.403809,1.892090
45656,-0.000244,-0.261963,0.957764,1.220703,1.586914,2.380371
45665,0.036499,-0.109497,0.848999,0.915527,1.708984,2.929688
45674,0.102173,-0.082520,0.881714,0.549316,1.342773,2.807617
45684,0.111206,-0.183472,0.842896,0.061035,0.549316,2.380371
45694,0.054932,-0.326538,0.858887,-0.305176,0.610352,2.075195
45704,0.052734,-0.202026,0.905396,-1.220703,0.244141,1.525879
45714,0.048706,0.044800,0.984131,-2.441406,-0.061035,0.854492
45726,0.079590,0.052002,1.066528,-2.929688,-1.342773,-0.366211
45735,0.001587,-0.114258,1.025269,-2.624512,-1.281738,-0.732422
45745,0.012573,-0.067749,1.031738,-2.380371,-1.403809,-0.915527
45754,0.016968,-0.093262,1.091431,-1.831055,-1.098633,-0.915527
45764,0.034058,-0.094238,1.085571,-2.136230,-0.976562,-0.854492
45775,0.009766,0.056396,1.107178,-2.746582,-1.037598,-0.854492
45784,0.020508,0.183472,1.087402,-2.685547,-1.037598,-1.159668
45794,0.004639,0.089233,1.067627,-1.770020,-0.671387,-1.464844
45805,-0.012817,-0.053955,1.144409,-1.525879,-0.488281,-2.014160
45815,-0.027466,0.036865,1.151733,-1.708984,-0.183105,-1.892090
45825,-0.081665,0.070068,1.109497,-1.586914,0.000000,-1.708984
45835,-0.075317,0.067261,1.070923,-1.098633,0.305176,-1.953125
45844,-0.060425,-0.020386,1.016479,-0.427246,0.610352,-2.136230
45854,-0.075928,-0.099365,0.978394,0.183105,0.854492,-1.892090
45865,-0.046631,-0.205566,0.877319,0.427246,1.708984,-0.976562
45875,-0.002319,-0.067017,0.905884,-0.183105,1.892090,0.488281
45885,0.035278,0.007202,0.978760,-0.488281,1.953125,1.708984
45894,-0.002563,-0.222168,0.961182,-0.610352,2.441406,3.540039
45905,-0.000122,-0.274536,0.996338,-1.037598,2.868652,5.371094
45914,0.008789,-0.036865,1.071411,-1.525879,3.295898,6.958008
45925,0.022095,0.084595,1.132690,-0.976562,3.540039,8.605957
45934,0.008057,-0.015503,1.117798,0.244141,3.479004,9.887695
45945,-0.042725,-0.439331,0.486694,1.464844,2.746582,11.047363
45955,-0.004150,-0.144531,0.737061,0.854492,1.770020,11.230469
45964,0.010132,-0.154907,0.686646,-1.464844,1.037598,10.986328
45975,0.111328,0.144043,0.829224,-3.295898,0.549316,10.559082
45984,0.071045,-0.115234,0.707642,-2.929688,1.342773,12.145996
45994,-0.035034,-0.171021,0.875732,-2.868652,1.281738,13.122559
46007,-0.083862,0.016724,1.291016,-3.906250,0.732422,11.901855
46016,-0.134521,-0.026611,1.194214,-2.746582,0.488281,11.596680
46026,-0.140259,-0.051758,1.003906,-2.014160,-0.244141,10.498047
46035,-0.136841,-0.277222,0.958740,-1.403809,-0.244141,9.765625
46045,-0.064209,-0.268921,1.023804,-0.976562,0.000000,9.521484
46054,0.023560,-0.080811,0.966797,-1.159668,0.244141,9.033203
46065,0.019897,-0.078979,0.903198,-1.953125,0.366211,9.887695
46074,0.047363,-0.181274,0.871704,-2.990723,0.244141,10.192871
46086,0.031006,-0.044434,1.166260,-4.150391,-0.854492,8.666992
46095,0.021484,-0.087036,1.164795,-4.150391,-1.953125,7.324219
46105,0.006104,-0.129395,1.173462,-4.333496,-2.746582,5.981445
46114,0.048950,-0.134399,1.109619,-4.516602,-3.051758,5.493164
46124,0.014038,-0.050659,1.061890,-4.150391,-3.417969,5.371094
46134,0.060181,-0.066040,1.027344,-3.967285,-3.845215,5.371094
46144,0.066162,-0.128540,0.982788,-4.150391,-3.540039,5.432129
46155,0.086914,-0.297363,0.837280,-4.333496,-4.028320,4.150391
46165,0.051392,0.013306,0.949097,-5.920410,-5.310059,2.624512
46174,0.076172,0.056641,0.969360,-6.225586,-6.164551,1.037598
46185,0.028564,-0.174194,0.911865,-6.042480,-6.774902,-0.549316
46194,0.021973,-0.182495,0.983276,-6.652832,-7.080078,-1.953125
46204,0.057495,0.039185,1.098877,-7.080078,-7.263184,-2.441406
46216,0.047363,0.011475,1.077637,-7.141113,-7.202148,-2.990723
46225,-0.013550,0.202026,1.061157,-6.530762,-6.530762,-3.112793
46235,-0.019165,-0.001465,0.983154,-4.028320,-5.981445,-3.662109
46244,-0.048462,0.000977,0.954468,-2.136230,-6.103516,-4.760742
46254,-0.047729,0.039307,0.967407,-1.098633,-6.591797,-6.164551
46265,0.025635,-0.197754,0.887939,0.366211,-6.530762,-7.385254
46274,0.037964,-0.161865,0.953125,0.732422,-6.835937,-8.544922
46284,0.019287,-0.084106,0.952515,0.488281,-7.141113,-10.192871
46294,0.089111,-0.107422,1.025635,-0.244141,-6.774902,-11.718750
46305,0.081665,-0.223389,0.897095,-0.732422,-6.896973,-12.512207
46315,0.058472,0.038086,1.013916,-1.159668,-7.324219,-12.573242
46324,0.054443,0.090332,1.074707,-0.793457,-7.141113,-12.207031
46334,0.056396,-0.085571,1.058594,-0.122070,-6.958008,-12.145996
46344,0.041504,-0.175903,0.990479,0.549316,-6.835937,-12.145996
46355,0.046387,-0.178711,0.979980,1.464844,-5.859375,-11.596680
46365,0.092041,-0.077759,1.150879,1.281738,-5.798340,-11.535645
46375,0.066895,-0.139648,1.015991,0.854492,-5.371094,-11.657715
46385,0.034546,-0.101440,0.980591,0.244141,-5.615234,-12.145996
46394,0.040649,-0.119141,0.948730,0.305176,-5.737305,-12.756348
46404,-0.006714,0.038452,1.056763,0.183105,-5.676270,-13.244629
46414,0.047607,0.085327,1.120728,-0.244141,-5.371094,-13.671875
46425,-0.038086,-0.031616,1.037720,0.061035,-5.004883,-13.671875
46435,-0.031616,-0.197388,0.814087,0.122070,-4.394531,-13.610840
46445,-0.023926,0.000488,0.862793,0.061035,-4.089355,-13.488770
46454,0.015137,-0.104858,0.815063,-0.427246,-3.662109,-13.610840
46464,-0.019165,-0.173462,0.709106,-1.647949,-3.234863,-13.610840
46474,0.075562,-0.021484,0.822632,-2.624512,-2.136230,-13.183594
46484,0.030151,-0.017944,0.964233,-2.929688,-1.586914,-13.122559
46494,-0.028076,-0.064453,0.993774,-3.234863,-1.831055,-13.610840
46506,-0.020874,0.014404,1.042358,-3.479004,-1.586914,-14.465332
46516,-0.025635,0.115356,1.099365,-3.356934,-1.098633,-14.404297
46525,0.046509,-0.025513,1.019653,-3.051758,-0.488281,-13.854980
46535,0.035400,-0.154541,0.888672,-2.929688,-0.061035,-12.512207
46544,0.082153,-0.074707,0.964233,-2.624512,0.305176,-10.864258
46554,0.031494,-0.007446,1.049194,-2.136230,0.732422,-9.582520
46565,0.009033,-0.081665,1.036255,-2.258301,0.976562,-8.300781
46575,-0.042725,-0.163086,1.116943,-2.136230,0.976562,-7.873535
46585,-0.050171,0.027222,1.238037,-1.647949,1.281738,-7.568359
46594,-0.071411,0.046021,1.264893,-0.549316,1.586914,-7.385254
46604,-0.086670,-0.088257,1.244141,1.098633,1.464844,-7.202148
46614,-0.120361,-0.264038,1.053223,2.136230,1.708984,-6.591797
46624,0.000122,-0.224854,0.936401,2.380371,2.502441,-5.920410
46634,-0.004272,-0.187622,0.929565,2.136230,3.417969,-4.821777
46645,-0.032715,-0.118652,0.811279,1.098633,3.417969,-2.746582
46655,0.004272,-0.073242,0.880005,-1.220703,3.967285,-2.197266
46665,-0.058594,-0.072388,0.980957,-1.708984,4.150391,-2.197266
46675,-0.087769,0.049561,1.168457,-2.136230,3.967285,-2.014160
46684,-0.101685,0.143066,1.266846,-1.831055,4.028320,-2.014160
46694,-0.104126,-0.033203,1.176025,-0.610352,4.394531,-1.831055
46704,-0.091309,-0.095581,1.082886,0.732422,4.699707,-1.098633
46715,0.012085,-0.039307,0.957153,1.708984,5.798340,1.586914
46725,0.055054,0.002686,0.901855,1.647949,5.981445,2.990723
46734,0.012085,0.036255,0.860107,2.136230,6.103516,4.821777
46744,0.036377,0.001587,0.813354,2.624512,6.225586,5.615234
46754,0.008301,-0.154541,0.908691,2.868652,5.798340,5.859375
46764,-0.012207,-0.175049,0.967773,3.173828,5.615234,5.737305
46775,-0.032471,-0.200806,0.985229,3.479004,4.272461,6.408691
46785,-0.060303,-0.020142,1.030518,2.929688,4.089355,6.774902
46794,-0.072266,-0.094482,0.987671,3.112793,4.882812,7.507324
46804,-0.078369,-0.222534,0.898071,3.540039,4.943848,8.361816
46814,-0.107056,-0.175659,0.853027,3.479004,5.493164,8.911133
46824,-0.102539,-0.043823,0.896606,3.112793,5.859375,9.277344
46834,-0.093750,-0.091675,0.887573,2.197266,5.554199,9.338379
46844,-0.093506,-0.240601,0.800659,1.037598,5.493164,9.094238
46855,-0.048950,-0.028564,0.895752,0.427246,5.126953,9.704590
46865,-0.036255,-0.192139,0.935913,-0.854492,5.737305,10.131836
46874,-0.024414,-0.257324,0.991211,-2.441406,5.615234,10.559082
46883,0.013550,-0.134399,1.076172,-3.906250,5.676270,10.925293
46894,0.001465,0.037354,1.119141,-4.272461,5.065918,11.657715
46903,0.002197,0.127075,1.149170,-4.272461,4.882812,11.962891
46914,0.023437,0.102173,1.133179,-4.089355,4.211426,11.596680
46925,0.097534,-0.133179,1.107178,-2.746582,2.807617,10.742188
46935,0.074951,-0.064209,1.041504,-0.427246,1.403809,9.948730
46944,0.130005,0.033691,1.032837,-0.488281,0.671387,8.972168
46954,0.142334,-0.023926,1.048828,-0.488281,-0.244141,7.812500
46964,0.153564,-0.084717,1.056885,-1.159668,-1.281738,6.530762
46974,0.127686,-0.066406,1.000977,-2.075195,-2.197266,5.126953
46985,0.117676,-0.103516,1.026855,-1.953125,-3.601074,2.746582
46995,0.063965,0.021240,1.132690,-2.441406,-4.455566,1.098633
47004,0.040771,-0.041992,1.083008,-1.831055,-4.943848,0.061035
47014,0.011597,-0.153931,1.040649,-0.732422,-5.615234,-0.549316
47024,0.013062,-0.088135,0.968628,-0.488281,-5.371094,-1.342773
47034,0.036987,-0.092773,0.978027,-0.305176,-5.126953,-1.647949
47044,0.048584,-0.168945,0.958252,0.000000,-5.004883,-1.708984
47054,0.044922,-0.205688,0.856812,-0.610352,-5.554199,-2.014160
47065,0.038696,-0.099976,0.927612,-0.732422,-5.554199,-3.112793
47075,0.074341,-0.105469,0.983276,-1.892090,-5.798340,-4.272461
47085,0.031860,-0.298950,0.941406,-2.380371,-6.408691,-5.432129
47094,-0.008789,-0.200562,0.907593,-2.746582,-6.408691,-6.591797
47104,-0.006958,0.023071,0.943970,-2.563477,-7.080078,-7.507324
47114,0.022339,-0.043335,0.973389,-1.831055,-6.958008,-8.056641
47125,0.017212,-0.221191,0.857666,-1.281738,-5.920410,-8.911133
47135,0.008057,-0.079346,0.991943,-1.281738,-5.615234,-9.155273
47145,0.012939,-0.020020,0.935547,-0.854492,-5.554199,-9.399414
47154,-0.038818,-0.098389,0.966064,-0.488281,-4.882812,-9.826660
47164,0.003296,-0.200684,1.021973,0.000000,-4.943848,-10.314941
47174,-0.020752,-0.089600,1.062988,0.305176,-4.638672,-10.498047
47184,-0.055420,-0.108154,1.026611,0.549316,-4.638672,-10.803223
47194,-0.031250,-0.153809,1.008911,0.976562,-3.906250,-11.291504
47203,-0.046875,-0.222046,0.959839,0.305176,-2.990723,-10.803223
47214,-0.014404,-0.215210,0.977417,-0.122070,-2.380371,-10.681152
47224,-0.011475,0.014282,1.074463,-0.549316,-1.892090,-10.498047
47234,-0.015747,-0.063477,1.048340,-0.915527,-1.708984,-10.803223
47244,-0.026123,-0.123291,1.013672,-1.220703,-1.770020,-11.291504
47254,-0.029663,-0.176880,1.000366,-1.281738,-1.770020,-11.535645
47265,0.042114,-0.027100,1.062744,-2.014160,-1.281738,-11.840820
47275,0.022949,0.051758,1.141113,-2.197266,-1.403809,-11.779785
47285,0.077148,0.015503,1.096924,-2.197266,-0.732422,-11.535645
47295,0.049316,0.019043,1.070068,-2.380371,-0.915527,-11.413574
47304,0.055420,0.058960,1.085571,-2.441406,-0.793457,-11.291504
47314,0.022217,0.002197,1.063477,-2.502441,-0.793457,-10.681152
47324,0.075317,-0.075928,0.970581,-2.563477,-0.305176,-9.826660
47334,0.064941,-0.047729,0.933838,-2.563477,-0.122070,-9.033203
47345,0.028076,0.078735,0.847656,-2.624512,-0.427246,-7.629395
47355,0.061401,0.161011,0.928711,-3.051758,-0.305176,-7.385254
47364,0.028809,-0.124512,0.849854,-3.356934,-0.488281,-7.080078
47374,-0.027954,-0.065430,0.823364,-3.723145,-0.061035,-7.019043
47384,-0.009766,0.084106,0.931030,-3.601074,0.427246,-6.591797
47394,-0.071289,-0.000977,0.949829,-3.173828,0.732422,-6.164551
47404,-0.114502,-0.069702,0.917236,-2.990723,1.159668,-5.676270
47415,-0.138550,0.002563,0.972656,-2.685547,2.319336,-4.699707
47425,-0.166626,-0.128540,0.918457,-1.586914,2.929688,-4.211426
47434,-0.121216,-0.224976,0.824463,-1.098633,3.356934,-3.845215
47444,-0.081909,-0.076782,0.932007,-1.098633,4.455566,-2.929688
47454,-0.039673,-0.140137,0.966309,-1.464844,4.699707,-2.197266
47464,-0.149658,-0.256348,0.844727,-2.014160,4.699707,-1.953125
47474,-0.066650,-0.169556,0.877319,-2.624512,5.065918,-1.342773
47485,-0.024780,-0.083984,1.057495,-2.441406,6.408691,1.281738
47495,-0.007935,-0.226562,0.997314,-2.929688,6.774902,2.197266
47505,-0.014038,-0.132568,1.024780,-2.929688,6.591797,2.624512
47514,-0.067505,-0.003784,1.115112,-3.234863,6.164551,2.441406
47523,-0.035400,-0.059082,1.061157,-3.173828,5.676270,1.647949
47534,0.036743,-0.175049,0.994995,-2.868652,5.859375,1.525879
47543,0.023193,-0.154053,1.062622,-2.563477,5.432129,1.708984
47555,0.035522,0.026611,1.088745,-2.990723,5.432129,2.563477
47564,-0.004028,-0.123413,1.071289,-3.601074,4.943848,3.051758
47574,0.008423,-0.184326,1.065186,-3.173828,4.882812,3.479004
47584,0.001465,-0.033325,1.125977,-3.295898,4.821777,3.906250
47594,0.010376,0.004028,1.149902,-3.173828,4.394531,3.845215
47604,-0.015137,-0.035034,1.087891,-3.112793,3.479004,3.356934
47615,-0.010498,-0.055664,1.042969,-2.563477,3.051758,3.295898
47625,0.015747,-0.022949,0.891724,-2.380371,3.295898,2.868652
47634,0.005249,0.078003,0.990112,-2.197266,3.540039,3.356934
47643,0.000610,-0.096313,0.941895,-1.403809,3.479004,3.662109
47654,0.003296,-0.260742,0.860840,-1.220703,3.723145,3.356934
47664,0.019897,-0.187622,0.924438,-1.098633,3.601074,3.662109
47674,0.020264,-0.096313,0.978271,-1.037598,3.173828,3.112793
47685,0.006836,-0.199951,0.871948,-2.014160,2.502441,2.319336
47695,0.008789,0.008057,0.916870,-2.441406,2.014160,2.502441
47705,0.034424,-0.010498,0.942139,-2.502441,1.708984,2.075195
47714,0.010376,-0.178589,0.862671,-3.051758,1.708984,2.502441
47724,0.015991,-0.169678,0.819580,-3.051758,1.403809,3.173828
47734,-0.009888,0.048828,0.924683,-2.868652,1.342773,3.845215
47744,0.042236,0.069824,1.038696,-2.624512,1.892090,4.760742
47755,0.004150,-0.104126,1.005859,-1.525879,1.525879,5.615234
47765,0.006226,-0.056396,1.149048,-0.915527,1.281738,5.859375
47774,-0.044189,-0.016602,1.096802,-0.671387,1.525879,6.042480
47784,-0.010132,-0.047363,1.008301,-0.122070,1.037598,5.615234
47794,-0.012695,-0.138916,1.005005,0.061035,1.098633,5.371094
47803,-0.042236,-0.140381,0.941772,-0.427246,0.915527,5.493164
47814,-0.036743,-0.033569,0.952393,-0.915527,1.098633,5.004883
47823,-0.049927,0.016846,0.996582,-1.098633,0.671387,4.516602
47836,-0.045898,-0.138672,1.032593,-1.220703,0.854492,2.807617
47846,-0.051758,-0.134766,0.993408,-1.525879,0.610352,1.892090
47855,-0.018311,-0.085815,1.027710,-2.136230,0.488281,1.281738
47864,0.033325,-0.217651,1.005371,-2.624512,-0.061035,1.098633
47874,0.020020,-0.230469,0.974731,-2.563477,0.366211,0.610352
47883,0.041138,-0.052124,1.007202,-2.807617,0.244141,0.488281
47893,0.092651,0.091675,1.045288,-3.051758,0.000000,0.366211
47906,0.132324,-0.156128,1.014893,-3.417969,-1.159668,0.000000
47915,0.093628,-0.123047,0.996216,-3.479004,-1.342773,-0.061035
47925,0.070435,0.026611,1.010132,-3.173828,-1.586914,-0.244141
47934,0.104492,0.054810,1.033936,-2.197266,-2.197266,-0.366211
47943,0.112793,-0.101196,1.016846,-2.014160,-2.380371,-0.732422
47953,0.068604,-0.136230,0.929932,-1.586914,-3.112793,-1.586914
47964,0.045288,-0.041016,0.914795,-1.220703,-3.723145,-2.746582
47973,0.041138,0.000732,0.981689,-0.793457,-4.577637,-3.784180
47985,0.088379,-0.207886,0.896484,-0.610352,-4.455566,-3.723145
47994,0.070923,-0.099243,0.996094,-0.671387,-4.089355,-3.356934
48003,0.037354,0.041138,1.024048,-0.671387,-4.028320,-3.234863
48014,0.014282,-0.042725,1.048218,-0.305176,-3.784180,-3.295898
48024,-0.046753,-0.242432,1.024780,0.183105,-3.784180,-3.845215
48033,-0.060669,-0.165161,0.969238,0.671387,-4.394531,-4.760742
48043,-0.092529,-0.045166,0.919678,1.098633,-3.967285,-5.798340
48055,-0.035767,-0.355713,0.882446,0.915527,-3.356934,-5.859375
48064,-0.083740,-0.196167,0.830444,-0.122070,-2.990723,-5.676270
48074,-0.024780,0.018188,0.961914,-0.854492,-2.197266,-5.065918
48083,-0.033936,-0.018555,1.055908,-1.220703,-2.075195,-4.516602
48094,-0.046143,-0.106445,0.998657,-1.403809,-1.525879,-4.577637
48103,-0.016113,-0.213867,0.993286,-1.708984,-1.098633,-4.882812
48116,-0.033325,0.008423,1.016357,-1.770020,-1.647949,-5.737305
48125,-0.015991,0.011963,0.994385,-1.342773,-1.037598,-5.737305
48134,0.003296,-0.280396,0.929687,-1.159668,-0.915527,-5.126953
48144,0.046021,-0.271973,0.857422,-1.586914,-0.488281,-4.577637
48153,0.041992,-0.115234,0.904419,-2.502441,-0.610352,-3.906250
48164,0.018677,-0.095459,0.986206,-3.051758,-0.427246,-3.662109
48173,0.042725,-0.078369,0.959473,-3.356934,-0.244141,-3.295898
48186,0.005981,-0.020874,1.077393,-3.540039,-0.732422,-3.173828
48195,-0.014893,0.043091,1.117065,-3.479004,-0.793457,-3.784180
48204,-0.005249,-0.034790,1.066284,-3.417969,-0.305176,-3.662109
48214,-0.057739,-0.190674,0.927490,-3.234863,-0.610352,-3.601074
48223,-0.020020,-0.177979,0.863037,-3.051758,-0.793457,-4.089355
48234,-0.003174,0.089600,0.996338,-3.356934,0.244141,-3.784180
48243,0.004517,0.180298,1.064941,-3.173828,0.671387,-3.967285
48254,-0.052490,0.008789,1.003174,-2.502441,0.610352,-4.516602
48264,0.005371,-0.152100,1.076538,-2.563477,0.671387,-4.699707
48273,0.000610,-0.044556,1.098877,-2.319336,0.610352,-5.187988
48283,-0.012451,0.034180,1.116943,-2.197266,0.488281,-5.004883
48294,-0.001953,-0.011963,1.089600,-1.953125,0.610352,-4.699707
48303,0.066040,-0.030518,1.027100,-1.892090,0.976562,-4.516602
48314,0.022583,-0.143921,0.932129,-1.892090,0.671387,-4.394531
48323,0.099976,-0.094116,0.977905,-2.441406,0.732422,-4.455566
48335,0.049072,-0.035400,0.929199,-3.479004,0.366211,-4.699707
48344,-0.014893,-0.123535,0.871338,-3.295898,-0.122070,-4.943848
48354,0.011841,-0.031616,0.891602,-3.234863,-0.610352,-5.065918
48363,0.018677,0.064819,1.035889,-3.295898,-0.244141,-4.760742
48373,-0.006226,-0.169312,0.979858,-3.723145,0.000000,-4.516602
48383,-0.023315,-0.170898,0.934082,-3.784180,0.488281,-4.211426
48396,-0.078369,0.129272,1.029297,-3.234863,1.281738,-3.479004
48405,-0.049805,0.045898,1.048950,-2.441406,1.281738,-3.479004
48415,-0.073120,-0.071655,1.038940,-1.525879,1.770020,-3.417969
48424,-0.098389,-0.061646,1.074463,-0.549316,1.831055,-3.234863
48433,-0.103882,-0.000854,1.051758,0.488281,2.197266,-3.112793
48443,-0.116699,0.019897,0.993896,1.464844,2.746582,-2.807617
48453,-0.060181,0.008545,1.019531,2.319336,3.234863,-2.258301
48466,0.021484,-0.237671,0.990479,2.929688,4.394531,-1.647949
48475,0.031494,-0.193237,1.038574,2.441406,4.150391,-1.708984
48484,-0.096802,-0.059082,0.979004,2.197266,4.089355,-1.892090
48494,-0.045898,-0.103882,0.944458,2.197266,2.990723,-1.770020
48503,0.003906,-0.185059,0.960449,2.258301,3.112793,-0.976562
48513,0.052856,-0.131714,0.991211,2.319336,3.845215,0.488281
48523,0.043823,-0.074097,1.016357,2.197266,4.882812,2.197266
48534,0.024170,-0.066895,0.993652,1.281738,4.333496,3.723145
48543,0.020386,-0.119873,1.040527,0.976562,3.906250,3.051758
48553,0.010254,-0.201294,0.946411,1.281738,3.112793,2.258301
48563,0.010620,-0.157837,0.984619,0.854492,2.685547,2.380371
48573,0.026733,-0.198120,0.916504,-0.061035,2.502441,2.563477
48583,0.022461,-0.339722,0.800293,-1.098633,1.953125,3.051758
48593,0.027710,-0.144775,0.778564,-2.258301,2.685547,4.211426
48605,-0.033691,0.078735,1.092773,-3.784180,2.258301,5.126953
48615,-0.048340,-0.056152,1.033936,-3.906250,2.014160,4.211426
48624,-0.016724,-0.111694,1.025024,-3.112793,2.441406,3.479004
48634,-0.058105,-0.072754,1.028564,-2.014160,2.502441,2.868652
48643,-0.036499,0.004883,0.978760,-1.220703,2.197266,2.197266
48653,0.000366,-0.042480,0.982056,-0.610352,1.647949,2.014160
48662,0.015747,-0.234131,0.953735,-0.122070,2.197266,2.136230
48674,0.023437,-0.255493,0.953369,-0.366211,2.380371,3.479004
48684,0.024536,-0.062744,0.969116,-0.793457,2.014160,3.967285
48694,-0.019531,-0.125610,1.019409,-0.915527,1.831055,4.150391
48704,-0.040161,-0.208008,1.056885,-1.098633,1.708984,4.211426
48713,-0.067505,-0.087769,1.079102,-1.281738,1.708984,4.455566
48723,-0.011719,0.036133,1.110840,-1.098633,1.281738,4.577637
48733,-0.052124,-0.004761,1.078125,-0.488281,1.586914,5.554199
48744,0.011475,-0.069458,1.072144,-0.976562,2.075195,6.408691
48753,0.014648,-0.104980,1.014160,-1.220703,1.892090,6.713867
48764,-0.014038,-0.044678,0.965698,-1.098633,1.647949,7.019043
48773,-0.001343,-0.002075,0.987915,-1.220703,1.464844,6.958008
48783,0.005737,0.076172,1.087280,-1.525879,0.854492,6.530762
48793,0.031860,-0.013672,1.085327,-1.831055,0.427246,6.042480
48802,-0.016113,-0.050659,1.029175,-1.953125,0.549316,5.859375
48815,0.027466,-0.099243,0.997314,-2.197266,0.183105,4.760742
48825,-0.015381,-0.021484,1.008545,-2.136230,0.305176,4.333496
48834,-0.003052,0.019409,0.989502,-2.136230,0.305176,3.967285
48843,0.001099,-0.133667,0.925537,-2.197266,0.122070,3.662109
48853,0.002930,-0.089478,0.922974,-2.258301,0.305176,3.540039
48862,0.033691,0.094849,1.017212,-2.319336,0.061035,3.112793
48873,0.055176,-0.003418,0.972290,-1.464844,0.000000,2.624512
48884,0.046021,-0.233643,0.883545,-0.488281,-0.732422,2.197266
48893,0.069092,-0.031250,0.914917,-0.427246,-1.342773,1.953125
48904,0.081055,-0.082642,0.931274,-0.366211,-2.075195,1.770020
48913,0.112305,-0.154907,0.898804,-0.854492,-2.502441,1.464844
48923,0.079102,-0.125122,0.922607,-1.403809,-2.868652,1.464844
48933,0.071289,-0.126465,0.970215,-1.037598,-3.173828,1.586914
48943,0.046265,-0.110107,1.035767,-0.549316,-2.929688,1.464844
48954,0.126343,-0.072266,1.069336,0.610352,-3.479004,0.427246
48963,-0.024414,-0.244507,0.948242,0.854492,-4.638672,-1.037598
48973,-0.041138,-0.088989,0.951538,0.488281,-5.371094,-2.502441
48983,0.035034,0.026245,1.019409,-0.122070,-5.310059,-3.356934
48993,0.064575,-0.025146,1.018433,-1.159668,-5.004883,-3.784180
49002,0.059937,-0.088623,0.970459,-1.586914,-4.699707,-3.967285
49013,0.028076,-0.102173,1.019165,-1.831055,-4.699707,-4.333496
49023,0.021240,-0.140259,1.094727,-1.770020,-4.699707,-5.004883
49034,0.018555,-0.181030,1.037354,-2.197266,-4.821777,-6.958008
49044,0.052856,-0.123413,1.069824,-1.892090,-5.004883,-7.568359
49053,0.043457,0.014282,1.101196,-2.014160,-5.432129,-8.361816
49062,0.022949,-0.024902,1.084351,-1.770020,-5.432129,-8.666992
49072,0.045532,-0.152222,1.025269,-1.342773,-5.065918,-9.033203
49083,0.061157,-0.163208,0.983887,-1.892090,-5.187988,-8.911133
49092,0.073242,-0.134277,0.934448,-2.563477,-5.004883,-8.728027
49104,0.039917,-0.015259,0.867676,-2.624512,-4.638672,-8.666992
49113,0.081299,0.078125,0.911621,-3.051758,-4.455566,-8.850098
49123,0.049561,-0.165283,0.898682,-2.746582,-4.882812,-8.911133
49132,0.014771,-0.224976,0.847412,-2.990723,-4.821777,-9.338379
49143,-0.030762,-0.010864,0.885376,-3.234863,-5.126953,-9.826660
49152,-0.018921,-0.024170,0.895996,-3.112793,-4.821777,-9.887695
49164,-0.035400,-0.186768,0.916260,-3.417969,-3.417969,-8.911133
49174,-0.036499,0.006104,0.987183,-3.295898,-2.563477,-8.117676
49183,-0.073364,0.019653,1.021118,-2.868652,-2.014160,-7.385254
49192,-0.091797,0.011719,1.074463,-2.624512,-1.159668,-6.835937
49203,-0.090088,-0.079224,1.075317,-2.075195,-0.671387,-6.713867
49213,-0.108154,-0.137085,1.046387,-1.342773,-0.793457,-6.530762
49222,-0.107422,-0.090088,1.021240,-0.793457,-0.061035,-6.225586
49233,-0.059204,-0.036865,1.025757,-0.244141,0.427246,-5.920410
49242,-0.035278,-0.069946,1.006836,0.061035,1.403809,-5.126953
49254,0.023193,-0.257324,0.982544,-0.305176,1.159668,-4.577637
49263,0.054565,-0.166504,1.013062,-0.549316,1.281738,-4.211426
49273,0.027954,-0.054810,1.044556,-0.854492,1.159668,-4.150391
49282,0.050049,0.035034,1.083496,-1.281738,1.403809,-3.784180
49293,0.067749,0.015625,1.089722,-2.014160,1.159668,-3.295898
49304,0.013550,-0.014160,1.071655,-1.647949,0.732422,-2.380371
49313,0.051270,-0.093140,0.993408,-1.403809,0.671387,-1.464844
49323,0.016479,-0.105225,0.925537,-1.647949,0.793457,-0.793457
49332,0.056885,0.019409,0.936768,-2.441406,0.671387,-0.244141
49343,0.007446,0.010864,0.920410,-3.051758,0.549316,0.366211
49352,0.014771,-0.063232,0.818481,-3.540039,0.244141,0.305176
49362,-0.027222,0.058960,0.856079,-3.845215,0.427246,0.061035
49374,-0.011475,0.086914,0.964966,-4.333496,-0.183105,-0.976562
49383,-0.067139,-0.077148,1.010376,-3.845215,0.488281,-1.831055
49393,-0.139404,-0.032959,0.993774,-2.929688,0.610352,-2.136230
49402,-0.121460,0.086182,1.013672,-1.831055,0.915527,-2.685547
49412,-0.063599,0.061157,1.064697,-0.976562,0.915527,-2.807617
49423,-0.099731,-0.086914,1.050781,0.122070,1.220703,-2.563477
49433,-0.052490,-0.167603,0.978760,1.098633,2.136230,-2.746582
49442,-0.087646,-0.124756,0.928467,1.770020,2.380371,-2.563477
49452,-0.016724,-0.035889,0.988892,1.953125,3.173828,-2.624512
49463,0.078613,-0.311279,0.963989,1.159668,2.624512,-2.502441
49473,0.052612,-0.336792,0.936890,0.427246,2.868652,-2.197266
49482,0.015015,-0.171997,0.948242,-0.061035,1.892090,-1.892090
49493,0.003418,-0.012207,0.934204,-0.488281,1.342773,-1.647949
49502,0.032837,-0.072632,0.957764,-0.671387,1.525879,-0.732422
49513,0.082520,-0.140015,1.024902,-0.854492,2.075195,0.061035
49522,0.088989,-0.080444,1.074585,-1.159668,1.953125,1.708984
49533,-0.038208,-0.023804,1.127319,-1.403809,2.319336,1.770020
49543,-0.024170,-0.067749,1.089355,-1.098633,1.464844,1.159668
49552,-0.029297,-0.078003,1.059937,-0.976562,0.793457,0.793457
49563,0.031982,-0.079712,1.016113,-1.159668,0.122070,0.488281
49572,-0.027832,-0.150146,0.902466,-1.403809,-0.122070,0.488281
49582,0.019775,-0.113892,0.891724,-1.892090,0.793457,1.159668
49594,0.021606,-0.156372,0.922852,-2.807617,0.915527,1.770020
49603,-0.043823,0.019409,1.069336,-3.051758,0.122070,1.159668
49612,-0.006470,0.128418,1.112305,-2.929688,0.305176,-0.061035
49623,-0.055908,0.037964,1.091553,-1.708984,0.244141,-1.464844
49632,-0.018921,-0.182983,1.005737,-0.366211,-0.488281,-2.502441
49643,-0.018921,-0.210083,1.012939,0.427246,0.000000,-2.807617
49652,0.052124,-0.035034,1.001099,0.732422,-0.061035,-2.441406
49664,0.011597,-0.096680,0.973145,1.586914,-0.061035,-1.586914
49673,0.021362,-0.177612,0.906982,1.525879,-0.183105,-1.647949
49682,0.096191,-0.247925,0.860107,1.037598,0.000000,-1.403809
49692,-0.002075,-0.228149,0.909912,0.610352,0.000000,-0.793457
49703,0.003906,-0.108276,0.940796,0.000000,-0.183105,-0.366211
49712,0.011353,-0.046997,1.015259,-0.671387,-0.061035,-0.061035
49723,-0.006470,-0.096558,1.020996,-0.671387,0.488281,0.915527
49732,-0.004395,-0.095337,1.057495,0.183105,-0.183105,1.403809
49744,-0.000244,0.003662,1.140747,0.122070,-0.122070,1.281738
49753,-0.011230,-0.067749,1.075439,-0.061035,-0.305176,0.976562
49762,0.035278,-0.150879,0.966064,0.183105,-0.488281,0.671387
49773,0.013550,-0.095703,0.949219,0.000000,-0.610352,1.037598
49782,0.023926,-0.043823,0.966675,-0.366211,-0.244141,1.159668
49792,-0.007568,0.052368,1.044678,-0.793457,-0.305176,0.976562
49802,-0.019653,0.013184,1.072754,-1.037598,-0.854492,0.000000
49813,-0.003662,-0.092041,1.084961,-1.159668,-0.427246,-0.976562
49823,-0.033081,-0.219971,0.997070,-0.610352,-0.732422,-1.647949
49832,-0.063354,-0.198853,0.924561,-0.244141,-0.244141,-2.380371
49842,-0.022217,-0.078857,0.939453,-0.244141,-0.854492,-3.112793
49853,0.022095,-0.113037,0.932129,-0.366211,-0.122070,-3.601074
49862,0.036621,-0.238525,0.746704,-1.098633,0.000000,-3.967285
49874,0.056763,0.000732,0.834473,-1.953125,-0.488281,-4.577637
49883,0.064087,-0.127441,0.879272,-1.953125,-0.976562,-4.882812
49892,0.062378,-0.144409,0.944214,-2.685547,-0.610352,-5.065918
49902,0.078979,-0.115967,1.000122,-3.112793,-1.037598,-5.371094
49913,0.079346,-0.015015,0.984985,-3.173828,-1.342773,-5.187988
49922,0.018555,0.039185,0.981934,-2.990723,-1.708984,-4.943848
49934,0.041870,-0.025269,1.074951,-2.136230,-0.610352,-4.455566
49943,0.109985,-0.147705,1.046753,-1.525879,-1.159668,-4.211426
49953,0.037720,-0.043579,1.032227,-1.220703,-1.770020,-4.455566
49962,-0.003418,-0.000732,1.019165,-1.037598,-2.197266,-4.638672
49972,0.028442,-0.096558,1.073242,-0.854492,-2.197266,-4.028320
49982,-0.006470,-0.098145,1.020142,-1.037598,-1.647949,-2.990723
49992,-0.009521,-0.089233,0.928711,-1.159668,-1.708984,-1.770020
50002,-0.024780,-0.007324,0.970215,-1.220703,-0.976562,-0.183105
50014,-0.048218,-0.085083,1.071411,-1.647949,-1.098633,1.647949
50024,-0.022095,-0.224243,0.996216,-1.770020,-1.403809,1.159668
50033,-0.026245,-0.255981,1.015259,-1.892090,-1.159668,0.854492
50043,0.015747,-0.127197,1.045898,-2.441406,-0.854492,0.061035
50052,-0.035400,-0.002563,1.036865,-3.295898,-1.464844,-1.220703
50062,-0.037964,-0.103760,1.019043,-3.417969,-1.525879,-2.197266
50072,-0.052490,-0.139282,1.006958,-3.173828,-2.014160,-3.356934
50084,-0.008789,-0.050049,1.040405,-2.990723,-1.342773,-4.516602
50094,0.008057,-0.166748,1.056396,-3.417969,-1.098633,-4.577637
50104,0.015625,-0.044800,1.014648,-4.028320,-1.037598,-5.126953
50113,0.000000,-0.067993,0.989014,-3.356934,-1.037598,-5.249023
50122,-0.004150,-0.106934,0.994995,-2.136230,-1.037598,-5.615234
50132,-0.007324,0.102539,1.035522,-1.586914,-0.976562,-6.408691
50142,0.010498,0.011597,1.075806,-0.915527,-1.098633,-7.019043
50154,-0.021729,-0.204224,0.923462,0.549316,-1.159668,-8.178711
50164,-0.008179,-0.131958,0.916504,0.976562,-1.037598,-8.239746
50173,-0.032715,-0.009399,0.900146,1.770020,-0.549316,-7.995605
50182,0.007446,-0.059326,0.929687,2.014160,0.000000,-7.934570
50192,-0.011719,-0.225342,0.950073,1.525879,0.122070,-7.934570
50206,-0.079834,-0.158691,0.916992,1.342773,0.549316,-7.995605
50214,-0.079834,-0.158691,0.916992,1.647949,1.403809,-7.446289
50223,-0.011353,-0.054321,1.015259,1.647949,1.892090,-6.713867
50232,-0.011353,-0.054321,1.015259,1.708984,2.136230,-6.042480
50242,-0.043335,-0.184570,0.982910,1.281738,2.441406,-4.882812
50252,-0.007202,-0.148315,0.928955,0.976562,2.624512,-3.601074
50263,-0.014526,-0.029297,0.958252,0.427246,3.112793,-2.319336
50272,0.031250,-0.046265,1.015625,-0.305176,2.990723,-1.281738
50282,-0.006226,-0.135620,1.024536,-0.793457,3.295898,0.183105
50291,0.012207,-0.156860,1.027954,-1.342773,3.051758,2.075195
50303,-0.028442,0.110596,1.108398,-1.037598,2.929688,2.807617
50312,-0.027344,0.075928,1.141724,-0.793457,2.746582,3.234863
50323,-0.021362,-0.040039,1.049805,-0.427246,2.685547,3.479004
50332,-0.033325,-0.098511,0.997192,-0.305176,2.685547,4.150391
50342,0.003418,-0.118408,0.936768,-0.488281,2.563477,4.333496
50353,-0.017944,-0.016357,0.907715,-0.610352,2.136230,4.577637
50362,-0.024902,0.084351,0.967285,-1.220703,3.173828,4.699707
50372,-0.058960,-0.036133,0.931885,-1.831055,2.868652,3.906250
50382,-0.099487,-0.027466,0.936890,-2.197266,2.563477,3.173828
50392,-0.050293,0.116577,1.006348,-1.953125,2.746582,2.319336
50401,-0.088013,0.080811,1.029907,-1.708984,2.685547,1.525879
50412,-0.053955,-0.153564,0.993774,-1.342773,2.441406,0.793457
50422,-0.080566,-0.124512,0.977905,-1.159668,2.990723,0.061035
50432,-0.057495,0.013306,1.026245,-1.220703,2.746582,-0.793457
50443,0.022217,-0.071533,1.012451,-1.037598,3.601074,-1.037598
50452,0.072388,-0.237793,0.984375,-1.281738,3.723145,-0.976562
50463,0.085815,-0.136963,1.037231,-1.831055,3.295898,-1.037598
50472,-0.001099,-0.003540,1.075073,-1.953125,2.380371,-1.403809
50482,0.001465,-0.042236,1.016602,-1.281738,2.258301,-1.586914
50492,0.050171,-0.273193,0.931274,0.061035,1.953125,-1.647949
50504,0.146851,-0.103271,0.943237,-0.305176,2.197266,-0.976562
50514,0.141846,-0.020264,1.012329,-0.976562,1.953125,-1.159668
50523,0.043335,-0.133057,0.985840,-2.014160,1.403809,-2.014160
50532,0.020142,-0.156616,0.908936,-2.258301,0.488281,-2.990723
50541,0.039307,-0.075439,0.906250,-1.647949,-0.305176,-3.662109
50552,0.055420,-0.066406,0.991211,-1.342773,-0.244141,-3.784180
50561,0.030396,-0.137451,0.998291,-1.525879,-0.488281,-3.479004
50574,0.024780,-0.035156,0.922607,-2.258301,0.549316,-1.770020
50584,0.037476,-0.089355,0.954834,-2.014160,0.122070,-1.403809
50593,0.031738,-0.190063,0.974243,-1.586914,0.793457,-1.403809
50603,0.037720,-0.128296,1.002686,-1.770020,0.488281,-2.014160
50612,-0.001709,-0.058594,1.069458,-1.708984,-0.244141,-2.807617
50622,-0.017090,-0.005615,1.102783,-1.586914,-0.305176,-3.417969
50631,0.000732,-0.046631,1.098389,-1.525879,0.000000,-3.356934
50643,0.037720,-0.126587,1.087158,-0.427246,0.854492,-2.136230
50652,-0.025269,-0.025269,1.060913,-0.244141,0.488281,-1.037598
50662,0.001099,-0.020630,1.002930,-0.061035,1.037598,-0.183105
50672,0.013306,-0.079468,0.900391,0.183105,0.854492,0.488281
50682,0.010986,-0.414795,0.699707,0.122070,0.732422,1.586914
50692,0.005005,-0.318726,0.640137,-1.281738,0.610352,2.380371
50702,0.027832,-0.041138,0.833252,-3.479004,0.122070,2.868652
50712,0.009033,-0.056641,0.884766,-5.187988,0.122070,3.051758
50723,-0.093018,0.165161,1.100830,-6.103516,0.244141,3.295898
50733,-0.101929,0.052734,1.153809,-5.249023,0.488281,3.417969
50742,-0.116211,-0.140381,1.149780,-4.638672,0.732422,3.295898
50752,-0.054565,-0.140869,1.080322,-4.455566,0.854492,2.929688
50762,-0.050171,-0.002808,1.028076,-4.516602,1.464844,3.295898
50772,0.001221,0.100708,0.933472,-4.211426,1.770020,3.723145
50782,0.013184,0.024292,0.891479,-4.211426,1.770020,2.929688
50793,0.000732,-0.078857,0.964478,-4.699707,1.586914,1.770020
50803,-0.022095,0.034668,1.032959,-4.821777,1.403809,0.610352
50812,-0.003540,-0.050659,1.016602,-4.211426,0.976562,0.061035
50822,-0.021851,-0.168335,0.983765,-3.540039,1.464844,-0.549316
50831,-0.026489,-0.113403,1.071411,-2.868652,1.342773,-0.915527
50842,-0.031738,-0.056274,1.064697,-2.075195,1.037598,-1.037598
50854,0.005249,-0.263062,0.871826,-2.136230,1.586914,-0.732422
50864,0.017090,-0.130859,0.819458,-2.563477,0.976562,-0.732422
50874,0.062134,0.070068,0.915649,-2.563477,0.610352,-0.610352
50883,0.029053,-0.080688,0.961792,-2.624512,0.488281,-0.366211
50893,0.068481,-0.273682,0.919556,-3.173828,0.976562,0.061035
50902,0.046387,-0.179565,0.910889,-3.784180,0.915527,0.488281
50912,0.008057,0.046265,1.041138,-3.845215,0.732422,0.976562
50924,0.071289,-0.148560,1.027954,-3.845215,0.244141,0.915527
50933,0.043945,-0.083618,0.983032,-3.234863,0.366211,0.854492
50943,0.020020,0.046631,1.046631,-3.479004,-1.098633,0.427246
50952,0.042358,0.090942,1.052734,-3.723145,-0.976562,0.244141
50962,0.007080,-0.025513,1.033936,-4.028320,-0.854492,0.488281
50972,0.058105,-0.086792,0.986694,-3.479004,-0.427246,0.976562
50982,-0.001709,0.030396,1.012085,-2.441406,-0.732422,1.831055
50994,0.027344,-0.113647,0.990234,-0.671387,0.061035,3.051758
51004,-0.003174,-0.349976,0.962891,0.366211,-0.549316,3.051758
51013,-0.007202,-0.072998,1.002075,-0.488281,-1.281738,2.563477
51023,-0.018433,0.054810,1.058716,-1.037598,-1.159668,1.647949
51033,-0.021973,-0.157593,1.071167,-0.793457,-1.647949,0.732422
51042,-0.033081,-0.170288,1.011597,-0.854492,-2.136230,0.000000
51052,-0.026733,-0.148804,1.047485,-0.183105,-1.220703,-0.305176
51061,-0.031372,-0.194946,1.094604,0.549316,-1.342773,15.502930
51073,-0.023071,-0.018799,1.064331,1.342773,-0.854492,0.427246
51082,-0.031982,-0.154419,1.027588,2.075195,-0.610352,0.732422
51092,0.023804,-0.251709,0.972290,2.197266,-0.854492,0.915527
51101,0.005127,-0.197998,0.886963,1.953125,-0.122070,1.098633
51112,0.015503,-0.115723,0.889038,1.464844,-0.671387,0.976562
51122,-0.004150,-0.127563,0.895142,0.976562,-0.915527,0.610352
51134,0.010132,-0.072876,0.960693,0.305176,-0.976562,-0.061035
51144,-0.052490,-0.065186,1.045166,0.427246,-1.037598,-0.366211
51153,0.025269,-0.140991,1.125122,0.610352,-1.098633,-0.915527
51163,-0.007202,-0.167480,1.111450,1.159668,-0.793457,-1.220703
51172,-0.033203,-0.140869,1.032471,1.525879,-1.220703,-1.159668
51182,-0.039429,-0.149780,0.958862,2.258301,-1.098633,-1.281738
51192,0.017090,-0.046143,0.965454,2.563477,-0.549316,-1.525879
51201,0.045044,0.011230,1.071655,1.892090,-0.793457,-1.770020
51213,0.033569,-0.301758,0.850830,1.831055,-0.793457,-2.929688
51222,0.025024,-0.404419,0.619019,1.159668,0.000000,-3.356934
51232,0.069214,-0.032104,0.822144,-0.915527,-0.854492,-4.089355
51241,0.076416,0.178955,1.043823,-2.807617,-0.793457,-4.699707
51252,0.029175,0.015869,0.991577,-3.479004,-1.098633,-4.821777
51261,-0.029053,-0.025879,0.925659,-3.417969,-1.953125,-5.310059
51274,-0.003540,0.027588,1.077515,-2.441406,-1.403809,-4.882812
51284,0.049438,-0.112549,1.102295,-2.746582,-1.403809,-4.211426
51293,-0.008179,-0.104858,1.022583,-3.112793,-1.586914,-3.845215
51303,0.047485,0.007080,1.015015,-2.929688,-0.549316,-2.624512
51313,0.005615,0.049316,1.040283,-2.258301,0.305176,-1.708984
51322,0.053955,0.030396,1.077148,-2.075195,-0.488281,-1.586914
51332,0.052856,-0.126831,1.088623,-2.319336,-0.244141,-1.403809
51341,0.024780,-0.256470,0.979614,-3.356934,-0.671387,-1.892090
51353,0.018921,0.117920,0.964600,-4.577637,-0.915527,-1.953125
51363,-0.003662,-0.011353,0.938721,-4.272461,-1.098633,-1.831055
51373,-0.005493,-0.105469,0.927979,-4.394531,-1.281738,-2.197266
51382,-0.031006,0.078125,1.063721,-4.760742,-0.610352,-2.319336
51392,-0.066528,0.142212,1.101318,-4.943848,-0.793457,-2.258301
51401,-0.063354,-0.010498,1.023193,-3.906250,1.647949,-2.502441
51414,-0.109009,-0.038208,0.976562,-2.563477,0.244141,-1.831055
51424,-0.053589,0.077271,1.114380,-2.502441,0.183105,-1.647949
51433,-0.009155,-0.117798,1.082886,-2.746582,0.549316,-1.831055
51443,-0.057617,-0.301880,0.957886,-3.173828,0.244141,-1.770020
51452,-0.071655,-0.120605,0.928345,-3.051758,1.159668,-1.831055
51462,-0.001343,0.125122,0.953857,-2.990723,0.976562,-1.831055
51471,-0.001343,0.017822,0.986694,-2.502441,1.159668,-1.647949
51484,0.050781,-0.151245,0.959106,-2.624512,1.647949,-1.586914
51493,0.058350,0.071899,1.002319,-2.380371,1.647949,-1.220703
51503,-0.003540,-0.135498,1.047363,-1.770020,1.403809,-1.831055
51512,0.039307,-0.053467,1.009521,-1.770020,0.854492,-2.502441
51522,0.036743,0.029663,1.006592,-0.610352,0.061035,-2.746582
51531,0.071655,-0.109619,0.978638,0.976562,-0.305176,-2.502441
51542,0.024902,-0.164673,1.007324,1.342773,-0.366211,-2.197266
51551,0.061890,-0.170654,0.990723,0.915527,-0.366211,-1.342773
51563,-0.019653,-0.186401,0.853638,1.220703,-0.244141,-0.549316
51573,0.060913,-0.103882,0.977783,0.549316,0.183105,-0.610352
51582,0.027344,-0.088989,0.957520,-0.061035,-0.244141,-1.037598
51592,-0.009766,-0.136475,0.993652,-0.549316,-1.159668,-2.075195
51601,-0.072144,-0.153687,0.995483,-0.122070,-0.732422,-2.807617
51612,-0.063477,-0.064697,0.998291,-0.183105,-0.732422,-2.868652
51622,0.003784,-0.079834,1.043457,0.488281,0.000000,-1.647949
51632,-0.062378,-0.107178,1.047607,0.366211,0.671387,-0.793457
51641,0.030273,-0.001099,1.027344,0.305176,1.281738,0.244141
51652,-0.012085,-0.156128,1.028442,0.671387,1.586914,1.098633
51662,0.006836,-0.297485,0.923218,1.220703,1.281738,0.854492
51672,-0.034668,-0.226196,0.984497,0.549316,0.610352,0.854492
51682,0.072876,-0.033203,0.997314,0.244141,0.610352,1.098633
51694,0.015259,0.001343,0.955200,0.061035,0.366211,1.770020
51704,0.017578,-0.055176,1.033936,-0.671387,0.427246,2.319336
51713,0.058105,-0.097656,0.986938,-0.854492,0.122070,2.624512
51723,0.003662,-0.112793,1.011963,-0.671387,0.549316,2.929688
51732,-0.013184,-0.015869,0.942505,-0.793457,0.244141,3.173828
51742,0.019531,0.047485,1.060669,-1.159668,-0.244141,2.929688
51752,-0.005249,0.019897,1.066406,-1.281738,-0.061035,2.807617
51762,0.017944,-0.012207,1.064331,-0.671387,-0.244141,2.380371
51771,-0.035278,-0.126953,1.021973,-0.427246,-0.488281,2.014160
51781,-0.022583,-0.103760,1.005249,-0.305176,-0.610352,1.281738
51792,-0.008179,-0.042480,1.078491,-0.549316,-0.183105,0.854492
51802,-0.001343,-0.088013,1.008301,-0.366211,0.000000,0.610352
51812,0.000854,-0.065063,1.013428,-0.305176,0.061035,0.122070
51822,0.008545,-0.075439,1.051514,-0.427246,-0.366211,0.061035
51832,0.038818,-0.105713,1.047974,-0.427246,-0.793457,-0.671387
51841,0.028320,-0.136475,1.048462,-0.732422,-0.549316,-1.342773
51852,0.000000,-0.015747,0.987061,-0.183105,-0.976562,-1.953125
51862,-0.017090,0.032715,0.971191,0.305176,-0.915527,-2.441406
51872,0.041138,-0.110718,0.950928,0.671387,-1.098633,-2.807617
51881,0.044556,-0.271484,0.885742,0.244141,-1.159668,-2.807617
51892,0.078247,-0.122925,0.918945,-0.427246,-1.342773,-2.868652
51901,0.059448,0.062378,1.003784,-0.854492,-1.708984,-2.868652
51913,0.074951,-0.056763,1.036621,-0.610352,-2.380371,-3.356934
51922,0.082764,-0.173462,0.970459,-0.122070,-2.441406,-3.723145
51932,0.046631,-0.092285,0.932617,0.122070,-2.624512,-3.845215
51941,0.129395,0.021729,0.976562,-0.244141,-2.929688,-4.089355
51952,0.093750,-0.204224,0.773682,-1.159668,-4.394531,-3.784180
51961,0.016113,-0.114136,0.785034,-1.403809,-3.479004,-4.150391
51974,0.102661,-0.123169,0.962646,-2.441406,-0.793457,-4.272461
51984,0.041382,-0.284180,0.960327,-2.563477,-4.089355,-5.065918
51993,-0.038330,-0.120239,0.962158,-1.831055,-2.929688,-6.469727
52003,-0.051880,0.068481,0.987183,-1.159668,-3.906250,-7.202148
52013,-0.042236,-0.055542,1.045166,-1.586914,-4.455566,-7.202148
52023,-0.025757,-0.239990,0.979370,-1.403809,-2.990723,-7.385254
52033,-0.023560,-0.110107,0.943359,-2.441406,-5.004883,-5.493164
52044,-0.012695,-0.024536,1.048340,-1.708984,-1.708984,-4.821777
52054,0.000366,-0.230713,1.014160,-1.953125,-0.854492,-4.333496
52063,-0.010986,-0.309692,1.026855,-1.342773,0.061035,-5.310059
52073,-0.037354,-0.156738,1.074585,-2.319336,-0.061035,-5.737305
52082,-0.055786,-0.130249,1.020142,-2.075195,-2.990723,-6.896973
52092,-0.067017,-0.208618,1.020142,-1.464844,-0.305176,-7.324219
52102,-0.003296,-0.192749,0.966431,-1.647949,-2.502441,-8.056641
52111,-0.036499,-0.148437,0.960327,-2.075195,-1.647949,-7.629395
52123,0.020142,-0.149780,0.987183,-2.929688,0.549316,-6.286621
52133,0.020996,-0.380981,0.713135,-3.051758,1.159668,-5.737305
52143,-0.030396,-0.161377,0.732788,-4.333496,0.671387,-5.432129
52152,0.022461,-0.148315,0.623047,-5.371094,0.610352,-5.004883
52162,0.039673,-0.029053,0.906128,-7.324219,0.671387,-4.760742
52171,0.009766,0.207886,1.197754,-8.972168,0.854492,-4.394531
52184,-0.113892,0.000122,1.244263,-4.455566,1.647949,-3.051758
52193,-0.164062,-0.232788,1.001343,-1.892090,2.075195,-2.197266
52203,-0.147949,-0.136353,0.989624,-1.464844,2.624512,-1.464844
52213,-0.091431,0.002686,1.075928,-2.563477,3.173828,-0.366211
52223,-0.001709,0.186646,1.097046,-2.929688,3.112793,0.549316
52232,-0.015381,0.056885,0.799072,-1.892090,3.784180,1.464844
52242,-0.007813,-0.001221,0.720215,-1.281738,3.845215,2.441406
52254,0.041626,-0.185059,0.996826,-1.953125,3.967285,2.197266
52264,-0.063232,0.026367,1.089966,-3.051758,3.540039,1.159668
52273,-0.050781,0.074707,1.128418,-3.540039,2.563477,0.488281
52283,-0.048462,-0.018677,1.062622,-2.258301,2.319336,0.305176
52292,-0.012085,0.053467,1.113281,-0.427246,2.929688,0.488281
52302,0.006836,-0.060791,1.148682,1.159668,3.234863,1.525879
52312,0.010132,-0.102417,1.141479,1.098633,2.868652,2.990723
52322,0.021973,-0.077637,1.039185,1.281738,3.173828,4.211426
52333,0.041626,-0.142700,0.848755,1.281738,2.563477,4.699707
52342,-0.000732,-0.128418,0.903931,1.342773,3.173828,4.760742
52352,0.042114,-0.124634,1.003052,0.671387,3.356934,4.211426
52361,-0.033081,-0.199341,1.033691,-0.305176,1.953125,3.723145
52372,-0.076416,-0.117676,1.007568,-0.915527,1.342773,3.295898
52382,-0.084229,0.055176,1.003418,-0.488281,2.136230,2.868652
52394,-0.022217,-0.149414,1.078003,0.976562,2.319336,2.868652
52404,-0.065186,-0.228027,1.039429,1.281738,2.868652,2.441406
52413,-0.007324,-0.130493,0.943359,0.854492,1.953125,2.075195
52422,-0.001709,0.069092,0.989136,0.610352,2.441406,1.770020
52432,0.048340,0.256836,1.111816,0.915527,2.197266,1.464844
52442,-0.061157,-0.146484,0.978271,3.295898,1.525879,0.976562
52452,-0.047241,-0.460449,0.943970,5.187988,2.014160,0.549316
52464,0.066406,-0.126465,0.942017,3.356934,1.647949,1.098633
52473,0.096558,-0.234131,0.871704,1.647949,2.197266,1.464844
52483,0.031738,-0.127808,0.807861,-0.122070,2.563477,1.159668
52492,0.034668,0.049927,0.864990,-0.793457,1.831055,0.122070
52501,-0.027710,0.020630,0.960449,-0.488281,0.976562,-1.464844
52512,-0.041626,-0.051636,1.024170,-0.366211,0.549316,-2.746582
52521,0.015503,-0.094727,1.079712,-0.671387,0.244141,-3.295898
52533,0.022949,-0.085571,1.099121,-0.244141,0.915527,-1.586914
52542,0.095093,-0.068848,0.990479,-0.366211,0.915527,-0.183105
52552,0.104736,-0.310913,0.829468,-0.183105,1.037598,1.159668
52561,0.072144,-0.286499,0.833618,0.183105,1.525879,1.708984
52572,0.098999,-0.055420,0.951050,-0.854492,1.159668,1.586914
52581,0.060547,-0.086426,0.976685,-2.197266,0.000000,1.159668
52591,0.025269,-0.124634,1.027100,-3.295898,-0.366211,-0.061035
52604,-0.029663,-0.008423,1.023193,-3.295898,-0.854492,-0.671387
52614,-0.004028,-0.116089,1.081299,-2.868652,0.000000,-0.366211
52623,-0.001831,-0.097778,1.103271,-2.929688,-0.366211,-0.061035
52633,-0.005981,0.008301,1.121582,-2.624512,0.183105,0.549316
52642,0.025024,-0.045776,1.015747,-2.197266,0.183105,0.976562
52651,0.078369,-0.123535,0.994507,-1.831055,0.122070,1.159668
52662,0.042969,-0.260864,0.963623,-1.708984,-0.732422,1.159668
52671,0.035278,-0.256958,0.949341,-2.014160,-1.098633,0.915527
52683,0.027832,0.121582,1.024292,-2.746582,-1.464844,0.671387
52692,0.024780,0.010254,0.996094,-2.380371,-1.403809,0.854492
52702,0.013672,-0.197266,0.935181,-2.441406,-1.708984,0.793457
52711,-0.005859,-0.212769,0.958984,-2.319336,-1.403809,0.671387
52721,-0.023315,-0.000122,1.029541,-2.685547,-2.380371,0.488281
52732,-0.011841,0.073486,1.033813,-2.990723,-2.197266,0.549316
52741,0.017944,-0.086304,0.915405,-2.929688,-2.075195,0.183105
52753,-0.006104,0.022095,1.004883,-3.417969,-1.342773,0.732422
52763,-0.015625,-0.027588,0.977295,-3.173828,-1.098633,0.671387
52772,-0.003174,-0.110107,0.969849,-3.112793,-1.220703,0.305176
52782,-0.054321,-0.026245,0.941162,-2.624512,-1.586914,0.183105
52791,-0.025513,0.036133,0.998901,-2.014160,-0.976562,0.122070
52802,0.006348,-0.129517,0.968506,-1.647949,-0.793457,-0.488281
52812,-0.020630,-0.208862,0.912231,-2.258301,-1.342773,-1.525879
52821,0.007080,-0.061768,1.006470,-2.502441,-1.220703,-1.770020
52832,-0.009277,-0.024292,1.040527,-2.319336,-1.525879,-2.136230
52842,-0.048828,-0.232910,0.937134,-1.525879,-0.488281,-1.953125
52852,-0.028564,-0.204224,0.929199,-0.915527,-0.671387,-1.892090
52861,-0.024048,-0.022583,1.002319,-0.610352,-0.671387,-1.831055
52871,-0.005737,-0.084473,1.024170,-0.671387,-0.854492,-1.281738
52881,0.004761,-0.218750,0.938843,-0.122070,0.244141,-1.098633
52893,0.042847,-0.013672,0.952759,-0.305176,-0.488281,-0.183105
52902,0.103149,-0.134033,0.941528,-0.427246,-1.037598,0.183105
52912,0.065308,-0.239014,0.876709,-1.281738,-1.342773,0.671387
52921,0.052856,-0.102295,0.984619,-2.380371,-1.525879,1.281738
52932,0.053345,0.057617,1.050171,-2.868652,-1.403809,1.525879
52941,0.068481,-0.068237,0.988159,-2.624512,-1.098633,1.525879
52954,0.062744,-0.041870,1.073608,-1.892090,-1.892090,0.488281
52964,-0.044434,0.036621,1.062622,-1.708984,-2.563477,-0.122070
52973,-0.025757,-0.043213,1.005615,-1.770020,-3.601074,-0.671387
52983,0.010254,-0.149536,0.974854,-1.647949,-3.845215,-1.037598
52993,0.051880,-0.036987,0.989746,-1.770020,-3.112793,-0.854492
53003,0.037476,0.053711,1.049194,-1.770020,-2.868652,-0.427246
53012,0.005859,-0.125732,1.047852,-1.770020,-3.173828,-0.183105
53022,0.029785,-0.221436,1.041138,-2.319336,-2.441406,-1.525879
53031,-0.009521,-0.085693,1.141357,-1.831055,-2.990723,-2.563477
53041,0.020508,-0.050537,1.132813,-1.342773,-3.417969,-3.601074
53051,0.000488,-0.156616,1.013794,-1.403809,-3.906250,-4.455566
53061,-0.043213,-0.246460,0.910889,-0.915527,-4.394531,-5.310059
53071,0.007690,-0.095703,0.875610,-0.793457,-4.272461,-5.981445
53081,0.061646,0.027710,0.934570,-1.647949,-3.906250,-5.981445
53093,0.051270,-0.259766,0.864990,-2.990723,-3.845215,-5.981445
53102,0.024170,-0.011841,0.985962,-3.540039,-3.967285,-5.859375
53112,0.011475,-0.000122,1.057617,-3.601074,-3.662109,-5.737305
53122,-0.026733,-0.132324,1.017822,-3.112793,-3.601074,-6.042480
53131,-0.026245,-0.114624,1.034790,-2.807617,-3.601074,-6.103516
53141,-0.036865,-0.013306,1.066650,-2.075195,-3.112793,-6.347656
53151,-0.008179,-0.068726,1.031616,-1.708984,-2.990723,-6.286621
53164,0.006714,-0.214722,0.823730,-0.793457,-2.319336,-5.737305
53173,0.017212,0.016113,0.950562,-0.976562,-2.197266,-5.493164
53183,-0.014526,0.018799,1.010498,-1.464844,-2.319336,-5.310059
53192,0.012817,-0.168457,1.018677,-1.281738,-2.197266,-5.920410
53202,-0.019043,-0.286621,1.001709,-0.671387,-1.770020,-5.920410
53211,-0.047852,-0.126587,0.916016,-0.366211,-2.319336,-6.469727
53221,-0.025879,0.035400,1.052002,-0.122070,-1.708984,-6.652832
53231,0.053101,-0.154541,1.049072,0.000000,-1.525879,-6.347656
53243,0.010376,-0.121460,0.835083,-0.427246,-1.892090,-6.347656
53252,0.052490,0.120239,0.938477,-2.075195,-1.770020,-5.859375
53262,0.076660,0.011719,0.952148,-2.319336,-1.586914,-5.798340
53271,0.009888,-0.119507,0.931396,-2.868652,-1.770020,-6.347656
53281,0.002197,0.005615,1.094238,-3.295898,-2.380371,-6.530762
53292,0.065063,0.047363,1.168457,-3.173828,-2.197266,-6.286621
53301,0.019775,-0.093140,1.064941,-2.868652,-2.563477,-5.798340
53313,0.020264,-0.013428,1.093140,-2.136230,-2.197266,-5.310059
53323,0.049194,-0.001831,1.023926,-2.075195,-1.953125,-4.516602
53332,0.068726,-0.036987,0.991943,-2.441406,-2.014160,-4.577637
53342,0.057495,-0.139038,0.929443,-2.868652,-1.464844,-4.760742
53351,0.015503,-0.055786,0.937012,-3.234863,-1.770020,-5.249023
53361,-0.027466,0.085937,0.978516,-3.051758,-1.708984,-5.737305
53373,-0.027588,0.048218,1.048218,-2.258301,-2.746582,-7.141113
53382,-0.049438,-0.201416,0.930786,-1.953125,-2.563477,-7.202148
53391,-0.026367,0.052490,0.985474,-1.770020,-2.197266,-7.324219
53401,-0.063965,-0.041870,0.935181,-1.464844,-3.173828,-7.324219
53412,-0.038696,-0.269653,0.892334,-1.403809,-1.403809,-7.080078
53421,-0.066406,-0.047607,0.952271,-1.953125,-1.159668,-7.751465
53431,-0.053955,0.135742,1.030396,-2.563477,-0.671387,-7.629395
53441,-0.015381,-0.022461,1.078491,-1.892090,0.915527,-8.056641
53452,-0.140015,-0.197144,0.978271,-1.831055,-1.281738,-7.751465
53462,-0.070435,-0.013550,1.018799,-0.915527,0.671387,-7.568359
53472,0.009521,-0.056641,1.003418,-0.244141,1.220703,-7.019043
53481,0.005127,-0.263428,0.866089,0.061035,0.671387,-6.225586
53492,0.081665,-0.172363,0.854980,-0.610352,2.197266,-5.554199
53501,0.060791,0.082275,0.933228,-1.647949,1.953125,-4.882812
53511,0.067139,-0.106323,0.918579,-2.014160,1.892090,-4.821777
53522,-0.022217,0.066284,1.073975,-2.319336,0.915527,-5.798340
53532,0.006470,0.030884,1.087402,-2.075195,0.000000,-5.676270
53541,-0.019653,-0.216431,1.034424,-1.220703,0.061035,-5.187988
53551,-0.058350,-0.134888,1.095093,-1.098633,0.854492,-4.028320
53562,0.020142,0.144165,1.145264,-0.732422,2.075195,-2.746582
53571,-0.009521,0.008301,1.066528,0.610352,1.892090,-1.770020
53583,-0.032349,-0.189331,0.981445,1.281738,2.014160,-1.037598
53592,0.035645,-0.143921,0.902222,0.427246,2.258301,-0.732422
53602,0.011108,-0.014771,0.991211,-0.244141,1.464844,-0.549316
53611,-0.029419,-0.093384,0.976318,-0.671387,1.342773,-0.671387
53621,0.002197,-0.265137,0.890625,-1.525879,1.403809,-0.488281
53631,-0.030029,-0.196899,0.953857,-2.075195,1.464844,-0.061035
53641,0.020630,-0.017334,1.041260,-2.014160,1.525879,-0.244141
53653,-0.043579,-0.028320,1.020020,-2.441406,1.098633,-0.671387
53662,-0.012329,-0.148315,0.980835,-2.258301,0.793457,-1.464844
53672,0.001831,-0.062744,0.932007,-2.014160,0.000000,-1.953125
53681,0.009521,-0.091064,0.870605,-2.624512,-0.549316,-1.953125
53691,0.069214,-0.089233,0.935669,-2.746582,0.427246,-1.708984
53702,0.076660,0.037598,1.074585,-2.868652,0.244141,-1.525879
53711,0.003296,0.032349,1.085083,-2.807617,-0.366211,-1.281738
53723,-0.002075,-0.075195,1.043091,-2.197266,-0.183105,-1.647949
53732,-0.021484,-0.089355,1.083618,-1.770020,-0.122070,-1.831055
53742,-0.018677,0.008911,1.062500,-1.464844,-0.549316,-2.136230
53752,-0.005615,0.002319,1.038574,-1.708984,-0.610352,-2.563477
53762,0.020386,-0.129395,0.971924,-1.770020,-0.122070,-2.380371
53772,-0.045410,-0.177246,0.909058,-1.586914,-0.305176,-2.746582
53782,-0.016357,-0.032959,0.955933,-1.525879,-0.305176,-3.479004
53792,-0.087158,0.038818,1.031372,-1.220703,-0.671387,-5.676270
53801,-0.026489,-0.040039,1.060181,-0.610352,-0.305176,-6.408691
53811,-0.047485,-0.178223,0.934570,-0.244141,0.061035,-6.958008
53821,-0.048340,-0.080322,0.998657,-0.183105,0.122070,-7.263184
53832,-0.008667,-0.119141,1.010010,-0.488281,0.183105,-7.019043
53841,-0.024780,-0.193237,0.946167,-0.976562,1.281738,-6.774902
53851,0.012939,-0.106934,0.939819,-1.831055,0.488281,-6.286621
53861,0.013306,0.007690,1.003784,-2.014160,1.953125,-6.225586
53873,0.006470,-0.152710,0.998535,-2.441406,0.915527,-5.554199
53882,-0.007935,0.006592,1.057983,-2.136230,0.671387,-5.554199
53891,0.024292,0.103516,1.088379,-1.464844,1.037598,-5.371094
53902,0.020264,-0.038574,1.008057,-0.671387,0.976562,-4.638672
53911,0.095459,-0.165894,0.975464,-0.305176,0.793457,-3.784180
53921,0.072144,-0.108887,0.961914,-0.122070,0.732422,-3.051758
53932,0.128540,0.015137,0.924927,-0.061035,0.610352,-0.976562
53942,0.056030,-0.225952,0.980835,-0.427246,1.464844,-0.610352
53951,0.064819,-0.096191,0.992798,-0.671387,1.403809,-0.305176
53961,0.048218,0.051147,1.029663,-0.244141,0.732422,-0.305176
53972,-0.040283,0.013184,1.010498,0.366211,-0.244141,-0.915527
53981,-0.066284,-0.129883,0.997803,0.854492,-0.610352,-1.464844
53991,-0.056763,-0.225830,0.941162,0.976562,-0.671387,-1.464844
54001,-0.052368,-0.129272,0.942017,0.732422,-1.037598,-1.159668
54013,-0.031250,-0.102661,0.891602,-0.549316,-0.305176,0.610352
54022,-0.000610,-0.220703,0.900024,-0.854492,0.366211,1.525879
54032,-0.053345,-0.084351,0.989990,-1.464844,0.854492,1.647949
54041,-0.049316,0.018066,1.035034,-2.014160,0.610352,1.464844
54052,-0.049683,-0.141846,1.025146,-1.953125,0.793457,0.732422
54061,-0.072754,-0.218750,1.034668,-1.647949,0.427246,-0.427246
54074,-0.057373,-0.043945,1.164551,-0.366211,0.122070,-2.624512
54084,-0.047119,-0.246460,1.122437,0.183105,0.122070,-3.356934
54093,-0.014404,-0.189087,1.036743,0.122070,0.061035,-4.028320
54103,0.045776,-0.074707,1.009888,0.366211,0.488281,-4.272461
54112,0.072144,-0.082275,1.031006,0.915527,-0.122070,-4.333496
54121,0.093872,-0.068848,1.013062,0.793457,0.000000,-4.821777
54132,0.076660,-0.142578,0.959473,0.305176,-0.671387,-5.187988
54141,0.085937,-0.296265,0.907227,0.488281,-1.037598,-6.713867
54151,0.049927,-0.189331,0.922852,-0.671387,-1.403809,-7.385254
54162,0.005371,0.073120,1.051758,-0.732422,-1.525879,-8.056641
54171,-0.035889,-0.145508,1.001221,-0.488281,-2.075195,-8.422852
54181,-0.010376,-0.252441,0.927368,-0.244141,-1.403809,-8.544922
54192,0.005371,-0.097534,0.967407,-0.671387,-1.281738,-8.850098
54202,-0.008179,0.012573,1.048096,-0.549316,-0.244141,-8.666992
54211,-0.019409,-0.042725,1.039673,-0.305176,-0.244141,-8.605957
54223,-0.024414,-0.071289,1.029541,-0.732422,0.000000,-9.094238
54232,-0.003784,-0.014648,1.131836,-0.244141,0.427246,-9.338379
54242,0.017334,-0.081543,1.105347,0.305176,-0.122070,-9.582520
54251,-0.037598,-0.127441,1.005493,0.732422,0.366211,-9.338379
54261,-0.035767,-0.113892,0.953125,0.854492,0.427246,-8.666992
54272,0.055298,-0.097534,0.938843,1.037598,0.976562,-7.812500
54284,0.077881,-0.043945,0.854736,0.183105,1.586914,-5.371094
54293,0.031982,-0.182983,0.823242,-1.037598,1.342773,-4.272461
54303,0.073730,-0.173462,0.869507,-1.892090,1.037598,-3.601074
54312,-0.016357,0.112183,1.028809,-2.502441,0.793457,-3.417969
54322,-0.025391,0.175781,1.153320,-2.319336,0.549316,-3.845215
54332,-0.116089,0.064453,1.191650,-1.953125,0.915527,-3.906250
54341,-0.109985,-0.082886,1.105591,-1.037598,1.098633,-3.540039
54351,-0.079346,-0.222656,0.982544,-0.183105,0.976562,-2.929688
54363,-0.008423,-0.126953,0.877441,-0.244141,2.075195,-1.037598
54372,0.017822,-0.203369,0.735962,-0.915527,3.051758,-0.549316
54382,0.006958,0.010864,0.772217,-2.502441,2.929688,-0.366211
54391,0.022705,0.132080,0.912964,-3.234863,3.173828,-0.183105
54402,0.005493,-0.091187,0.918213,-3.417969,2.807617,-1.281738
54411,-0.075806,-0.181274,0.970337,-3.601074,1.586914,-2.075195
54421,-0.055542,0.052246,1.156128,-3.356934,2.563477,-2.746582
54433,-0.134766,0.005249,1.175537,-2.014160,2.563477,-3.173828
54442,-0.087402,-0.205566,1.051758,-1.037598,2.624512,-2.868652
54452,-0.037354,-0.175781,1.008423,-0.488281,3.417969,-2.746582
54462,0.019409,-0.042969,1.000610,-0.854492,2.990723,-2.441406
54471,-0.028320,-0.122559,0.931152,-1.098633,2.380371,-2.746582
54482,0.003296,-0.230469,0.809570,-1.586914,2.746582,-3.051758
54491,0.002319,-0.141602,0.812744,-1.892090,2.319336,-3.479004
54501,0.061157,-0.034790,0.893921,-2.685547,3.112793,-3.234863
54512,0.099854,-0.182373,0.920776,-4.089355,2.624512,-3.234863
54521,0.026855,0.081177,1.041870,-5.187988,2.502441,-3.540039
54532,-0.006470,-0.022949,1.033447,-5.676270,2.136230,-3.906250
54541,0.024902,-0.134888,0.963989,-5.737305,2.014160,-4.272461
54552,0.046631,0.056519,1.068481,-5.432129,1.525879,-4.394531
54562,-0.005493,0.054932,1.114624,-4.760742,0.976562,-3.601074
54571,-0.010620,-0.123291,1.041626,-4.455566,1.708984,-3.173828
54581,0.006592,0.056641,1.059082,-3.234863,1.708984,-2.380371
54592,0.011597,-0.034302,1.047852,-1.892090,1.586914,-1.647949
54601,0.004761,-0.155884,0.974121,-1.220703,1.892090,-1.281738
54612,-0.005127,-0.328003,0.907593,-0.854492,1.831055,-1.647949
54621,0.005615,-0.195190,0.935181,-1.403809,0.915527,-1.892090
54631,-0.018433,0.022705,0.991333,-2.746582,0.671387,-2.319336
54643,-0.050903,-0.211182,0.915283,-3.356934,1.586914,-2.319336
54652,-0.077026,-0.082153,0.939453,-2.990723,1.831055,-1.708984
54662,-0.043335,0.067383,1.004761,-2.868652,1.892090,-1.281738
54672,0.012573,-0.109375,0.982544,-2.441406,1.647949,-0.671387
54681,-0.073730,-0.186646,1.011475,-1.892090,2.075195,-0.122070
54691,-0.068726,-0.053711,0.993286,-1.464844,2.136230,0.000000
54702,-0.028076,-0.000244,0.971680,-0.610352,3.173828,1.159668
54712,-0.049438,-0.284180,0.886963,-0.732422,3.479004,1.464844
54721,-0.027954,-0.139160,0.955200,-1.892090,2.441406,1.647949
54732,0.025146,-0.017700,1.021118,-2.868652,2.685547,1.892090
54741,0.037964,-0.175903,0.963989,-2.929688,3.540039,2.319336
54752,-0.049316,-0.077515,0.965576,-3.173828,2.563477,2.441406
54761,-0.007324,0.191895,1.163696,-2.990723,2.441406,2.075195
54773,-0.015869,0.101318,1.228516,-0.793457,2.746582,2.136230
54782,-0.052734,-0.081299,1.063965,0.061035,2.563477,1.953125
54791,-0.009277,0.030273,1.094360,0.854492,2.502441,2.563477
54802,0.000000,-0.032715,1.102783,1.403809,2.502441,3.356934
54812,0.015259,-0.181152,0.994263,1.647949,2.563477,3.723145
54821,-0.008545,-0.248779,0.909668,1.647949,3.540039,4.150391
54831,0.035156,-0.133057,0.957031,0.610352,2.990723,4.577637
54842,-0.002319,-0.050781,0.973389,0.183105,2.136230,3.356934
54852,-0.028198,-0.035156,1.032349,-0.122070,2.136230,2.929688
54861,-0.024048,-0.160522,1.029175,0.000000,1.647949,2.258301
54872,-0.066284,-0.278809,0.890625,-0.122070,1.159668,1.708984
54881,-0.014404,-0.069458,0.952271,-0.488281,1.342773,1.892090
54891,0.019165,0.059692,1.026855,-0.793457,2.075195,2.258301
54902,0.036255,-0.023071,1.011108,-0.915527,1.831055,2.258301
54911,0.057617,-0.127930,1.022339,-0.671387,1.953125,2.746582
54923,0.076538,0.061279,1.024536,-0.061035,0.549316,2.685547
54932,0.114868,-0.000610,1.086304,0.061035,-0.305176,2.502441
54942,0.125732,-0.222778,1.008301,0.488281,-0.732422,2.258301
54951,0.050903,-0.191895,0.914307,0.549316,-0.610352,1.892090
54962,0.063721,-0.001831,1.019653,0.610352,-0.671387,1.892090
54971,0.151489,0.023804,1.044312,0.854492,-0.732422,1.770020
54983,0.109619,-0.178711,0.983521,1.525879,-2.136230,-1.098633
54992,-0.041260,-0.019287,1.002930,1.525879,-3.662109,-2.807617
55002,0.007935,0.073364,1.064453,1.953125,-3.662109,-4.211426
55011,0.016479,-0.023682,1.041382,2.075195,-4.089355,-5.004883
55022,0.039795,-0.246948,1.000732,2.136230,-3.417969,-5.065918
55031,0.062500,-0.160156,1.037476,1.770020,-2.868652,-4.577637
55042,0.007935,-0.039795,1.061890,2.014160,-2.197266,-4.211426
55051,0.004395,-0.033569,1.019165,2.136230,-2.136230,-4.516602
55063,0.021240,-0.252319,1.012451,0.915527,-2.624512,-6.103516
55072,-0.070679,-0.145264,0.975220,0.427246,-2.502441,-7.019043
55082,-0.010742,-0.085205,0.984131,0.549316,-2.624512,-7.568359
55092,-0.058228,-0.075928,0.997803,0.671387,-2.502441,-7.812500
55101,0.001099,-0.121948,0.956177,0.183105,-2.258301,-7.568359
55112,-0.018311,-0.158203,0.918701,-0.427246,-1.770020,-7.385254
55121,0.016479,-0.113647,0.963623,-0.549316,-1.098633,-6.469727
55131,0.073242,-0.107422,0.984985,-2.014160,-0.976562,-5.798340
55141,0.019287,-0.129395,0.971436,-1.770020,-0.854492,-5.798340
55151,-0.041260,0.022217,1.074341,-1.403809,0.000000,-5.676270
55162,-0.024780,0.077759,1.088135,-1.281738,-0.244141,-5.554199
55171,-0.094849,-0.035767,1.082886,-0.915527,-0.976562,-6.103516
55181,-0.031982,-0.198853,1.034180,-0.366211,-0.061035,-6.347656
55191,-0.042847,-0.164795,0.973145,-0.122070,0.427246,-6.042480
55203,-0.041870,0.018066,0.934204,0.244141,0.671387,-5.432129
55212,0.028442,-0.115723,0.945312,0.122070,2.197266,-4.943848
55226,-0.022095,-0.197998,0.934937,-0.366211,1.281738,-5.187988
55236,-0.048462,-0.149536,0.982788,-0.183105,1.892090,-5.371094
55246,-0.068115,-0.052490,1.030884,0.061035,2.441406,-5.371094
55255,0.002686,-0.122681,0.987305,0.122070,2.685547,-4.882812
55265,-0.041382,-0.106201,1.010376,0.000000,3.051758,-4.272461
55274,0.029297,-0.052979,1.045044,-0.366211,2.868652,-3.295898
55284,-0.043457,-0.047363,0.972778,-0.488281,3.112793,-2.502441
55294,0.041504,-0.103394,0.921875,-0.671387,2.990723,-2.014160
55303,0.029053,-0.148926,0.925903,-0.793457,3.112793,-1.159668
55313,0.038208,-0.026978,0.965454,-1.342773,2.807617,-0.122070
55322,0.036499,0.077515,1.057129,-1.953125,3.173828,0.549316
55331,0.006958,-0.021729,1.045410,-1.953125,3.173828,0.549316
55343,-0.022461,-0.069458,1.010498,-2.380371,2.868652,2.319336
55352,0.022827,0.092163,1.094971,-2.441406,2.258301,2.746582
55362,-0.032593,0.063354,1.103149,-1.770020,2.563477,2.990723
55371,-0.002319,-0.056152,1.049194,-1.525879,1.892090,3.601074
55381,-0.059937,-0.081299,1.027100,-0.976562,2.075195,3.662109
55392,0.008789,0.013550,1.005371,-0.305176,2.441406,3.417969
55401,-0.070190,0.046753,1.043579,0.671387,2.624512,3.601074
55413,-0.072021,-0.184570,0.936523,1.098633,2.685547,3.234863
55422,-0.060181,-0.123901,0.934937,0.915527,2.868652,3.112793
55432,-0.019287,0.038208,1.016479,0.854492,3.356934,2.685547
55441,-0.089844,-0.018066,1.027344,0.915527,3.417969,2.075195
55452,-0.048950,-0.125122,1.000366,0.854492,2.868652,1.831055
55462,-0.121582,-0.158203,0.975586,0.549316,3.051758,1.953125
55471,-0.018921,-0.073364,0.925537,0.732422,3.234863,1.892090
55482,-0.005859,-0.257813,0.690674,0.671387,4.089355,2.807617
55492,-0.011353,0.044800,0.855225,-0.976562,3.845215,3.051758
55501,0.084717,0.026001,0.955688,-2.197266,3.479004,2.929688
55512,0.030273,-0.284302,0.907959,-2.990723,3.784180,3.112793
55521,0.044922,-0.120728,1.019775,-3.417969,3.173828,2.807617
55532,-0.035889,0.122803,1.148438,-3.723145,2.136230,2.746582
55541,-0.015747,-0.033325,1.061890,-3.234863,2.136230,3.662109
55553,0.092529,-0.010620,0.951172,-1.708984,3.051758,4.455566
55562,0.079956,-0.069824,0.966187,-1.831055,2.380371,5.554199
55572,0.056519,-0.260132,0.840454,-2.075195,2.746582,5.798340
55581,0.050659,-0.029907,0.939087,-3.295898,1.586914,5.126953
55592,0.041748,0.024658,1.050049,-3.417969,0.976562,4.211426
55601,0.003906,-0.167480,1.027344,-2.868652,0.366211,2.868652
55614,0.011353,-0.046143,1.068970,-2.136230,-0.183105,1.342773
55623,0.041870,-0.083862,1.057251,-2.441406,-0.732422,1.525879
55633,0.025269,-0.219604,0.918457,-2.685547,-0.793457,1.647949
55642,0.053589,-0.130981,0.892090,-2.563477,-0.366211,1.770020
55652,0.088013,0.022339,0.956177,-2.746582,-0.305176,1.892090
55662,0.035400,-0.191895,0.916626,-2.990723,-0.122070,1.647949
55671,0.022339,-0.324219,0.893799,-3.662109,-0.915527,0.976562
55684,-0.006714,0.076782,1.118652,-5.065918,-1.220703,-0.183105
55694,-0.020264,0.026855,1.117310,-4.638672,-1.220703,-0.305176
55703,-0.020874,-0.067139,1.082397,-3.906250,-1.342773,-0.183105
55713,-0.046753,-0.115112,1.053223,-3.479004,-0.976562,0.122070
55722,0.012451,-0.101929,1.041260,-3.051758,-0.976562,0.122070
55732,0.028687,-0.027100,1.006714,-3.112793,-0.488281,0.488281
55742,0.004639,-0.097412,0.921997,-3.601074,-0.793457,0.610352
55751,0.055176,-0.119873,0.936768,-4.211426,-0.915527,-0.427246
55763,0.014404,-0.011963,0.973511,-5.004883,-0.793457,-0.610352
55773,-0.009155,0.060791,1.038696,-4.699707,-1.159668,-0.732422
55782,-0.015015,0.084473,1.096191,-4.272461,-0.976562,-1.037598
55792,-0.022095,-0.018311,1.020020,-3.234863,-1.342773,-1.342773
55802,-0.036499,-0.079224,1.014282,-1.770020,-1.098633,-1.281738
55812,-0.026245,-0.033569,0.997192,-1.281738,-1.037598,-1.098633
55822,-0.015259,-0.142090,0.952271,-1.342773,-0.732422,-0.854492
55831,-0.019409,-0.075439,0.885986,-2.075195,-0.793457,-1.159668
55841,-0.005737,0.051880,0.985107,-2.319336,-0.488281,-1.220703
55851,-0.050537,-0.144165,0.930420,-2.197266,0.122070,-1.403809
55862,-0.084106,-0.179443,0.888306,-1.647949,1.037598,-1.525879
55872,-0.046021,0.002686,1.029297,-1.342773,1.892090,-1.464844
55881,-0.022949,-0.079468,1.038696,-0.915527,1.464844,-1.220703
55894,-0.018555,-0.146606,0.986938,-0.366211,1.525879,-1.037598
55904,0.017578,-0.034546,1.018555,-0.122070,1.159668,-0.671387
55913,0.045776,-0.166748,0.959351,0.244141,1.281738,-0.305176
55923,0.041626,-0.220459,0.872192,0.122070,1.159668,0.244141
55932,0.064087,0.041382,0.925781,-0.244141,1.220703,0.732422
55941,0.098511,0.033813,0.984985,-0.488281,1.281738,1.159668
55952,0.116699,-0.234131,0.842041,-0.732422,0.793457,1.464844
55961,0.080933,-0.085083,0.937256,-0.854492,-15.136719,1.647949
55973,0.093994,-0.006470,1.082764,-1.403809,-0.915527,1.525879
55982,-0.026001,-0.134399,1.052734,-1.281738,-0.549316,1.770020
55992,0.007813,-0.083374,1.088867,-1.037598,-0.793457,1.586914
56001,0.106323,0.011963,1.117920,-1.098633,-0.122070,1.525879
56012,0.099121,-0.162720,1.084839,-0.793457,-0.427246,1.281738
56021,-0.001953,-0.162231,1.058228,-0.305176,-1.403809,0.244141
56031,-0.025757,0.051880,1.032715,-0.488281,-1.770020,-1.586914
56043,0.014893,-0.161377,1.039673,-0.610352,-2.319336,-1.831055
56053,0.027222,-0.124390,0.970581,-0.793457,-2.014160,-2.258301
56062,-0.003906,0.057861,0.979492,-1.159668,-1.403809,-1.586914
56072,-0.025879,0.018799,1.032837,-0.976562,-0.732422,-1.037598
56082,-0.026245,-0.298218,0.954590,-0.366211,-0.244141,-0.976562
56092,-0.044312,-0.249146,0.884766,-0.976562,-0.732422,-1.159668
56102,-0.031860,0.043457,0.988403,-1.708984,-0.427246,-3.479004
56111,-0.040649,-0.176392,0.894287,-2.136230,-0.549316,-3.967285
56122,-0.080811,-0.008423,0.974243,-2.441406,0.061035,-4.272461
56132,-0.093140,-0.065430,1.030396,-2.014160,-0.732422,-3.967285
56141,-0.063354,-0.202148,0.948242,-2.014160,0.915527,-3.295898
56152,-0.036743,0.018921,1.002930,-2.685547,0.976562,-2.258301
56162,-0.012329,0.061890,1.019287,-2.624512,1.525879,-1.098633
56171,-0.027222,-0.305908,0.796143,-2.014160,2.502441,0.793457
56183,0.035767,0.027344,0.954712,-2.563477,2.502441,1.220703
56193,0.014038,-0.229370,0.880371,-2.929688,2.258301,0.854492
56202,-0.031006,-0.141235,0.956177,-3.601074,2.014160,0.854492
56212,0.019043,0.109619,1.121704,-3.356934,2.502441,1.159668
56222,-0.021851,0.054321,1.097778,-2.502441,2.746582,1.708984
56232,-0.042358,-0.185425,1.061035,-1.525879,2.807617,2.685547
56241,-0.017212,-0.109253,1.123901,-0.915527,3.112793,4.028320
56253,-0.019775,-0.084229,1.034180,0.183105,3.173828,4.272461
56263,0.006714,-0.173950,0.951782,0.488281,2.685547,4.577637
56272,0.051880,-0.263306,0.896240,0.488281,2.319336,4.577637
56282,0.037476,-0.147095,0.875977,-0.244141,1.708984,4.577637
56292,0.028320,-0.098633,0.931030,-1.281738,2.319336,4.699707
56304,0.032959,-0.120361,0.956421,-3.295898,1.037598,4.028320
56313,0.013794,-0.040771,0.971680,-3.295898,0.549316,3.906250
56323,0.022949,-0.116577,0.967041,-3.417969,-0.061035,3.540039
56332,0.013062,0.043945,1.087036,-3.967285,0.305176,3.234863
56342,0.046143,0.062378,1.111816,-3.967285,-0.183105,3.295898
56353,0.031616,-0.051636,1.059937,-3.906250,0.122070,3.723145
56362,0.021973,-0.042114,1.050781,-3.784180,-0.610352,3.601074
56372,0.027466,0.026978,1.067993,-2.929688,-0.244141,3.356934
56383,0.017334,-0.090088,1.048584,-2.441406,-0.244141,2.502441
56393,0.009521,-0.068726,1.036499,-2.014160,-0.854492,1.403809
56402,0.006104,-0.030029,0.992432,-1.708984,-1.037598,0.305176
56412,0.030151,-0.053223,1.000488,-0.976562,-1.159668,-0.488281
56423,0.000122,-0.198853,0.869751,-0.549316,-1.525879,-1.098633
56432,0.024658,-0.189697,0.937744,-0.549316,-1.831055,-1.892090
56442,0.043823,0.002808,1.019897,-0.915527,-1.647949,-2.380371
56454,-0.015015,-0.169312,0.890625,-0.915527,-2.197266,-3.173828
56463,-0.019775,0.055176,0.937012,-0.549316,-1.586914,-3.295898
56473,-0.013794,-0.052002,0.983154,0.183105,-1.708984,-2.990723
56483,-0.046997,-0.236938,0.865967,0.366211,-1.342773,-3.051758
56492,-0.030396,-0.077881,0.930664,0.244141,-0.671387,-2.685547
56502,-0.021851,-0.011719,1.006348,0.122070,-0.183105,-2.014160
56514,-0.009521,-0.250000,0.790161,-0.793457,0.488281,-1.525879
56523,0.020386,0.057617,1.035889,-1.525879,0.061035,-0.610352
56533,0.016479,0.047485,1.071411,-1.892090,0.549316,-0.061035
56542,-0.015137,-0.173218,0.905151,-2.197266,0.061035,0.427246
56552,0.004028,-0.058105,0.911865,-2.258301,-0.244141,1.037598
56563,0.059082,-0.060913,1.027832,-2.502441,0.793457,1.403809
56572,0.061768,-0.165039,0.932617,-2.990723,0.183105,1.464844
56583,0.024170,0.083496,0.956055,-3.845215,0.061035,1.525879
56593,0.000977,-0.124390,0.916382,-3.784180,-0.305176,1.403809
56602,-0.042236,-0.024536,1.003906,-3.295898,-0.732422,1.159668
56612,-0.009888,-0.020508,1.040894,-3.112793,-0.854492,0.671387
56622,-0.014038,-0.183350,0.973877,-3.417969,-0.854492,0.427246
56632,0.023071,-0.096191,1.044556,-3.784180,-0.183105,0.793457
56643,0.003784,-0.014282,1.011230,-3.784180,-0.488281,0.610352
56653,-0.011963,-0.084106,0.976074,-3.967285,-0.061035,1.037598
56662,-0.015381,-0.074829,1.027588,-4.272461,0.061035,1.159668
56672,-0.015259,-0.071289,1.036011,-4.638672,-0.366211,1.037598
56682,-0.026123,-0.085327,1.003784,-4.516602,-0.183105,0.976562
56692,-0.045166,0.015381,1.046875,-4.211426,-0.244141,0.915527
56703,-0.019165,-0.089233,1.070313,-3.662109,0.183105,0.854492
56712,-0.021118,-0.161255,1.021484,-3.356934,-0.305176,0.915527
56722,0.019653,-0.054443,1.080811,-3.112793,1.220703,1.220703
56734,0.008423,-0.079590,0.997803,-3.479004,0.488281,1.525879
56743,0.012695,-0.033691,1.081421,-2.441406,0.671387,2.075195
56752,0.000366,-0.022339,1.155518,-2.014160,0.549316,2.380371
56762,0.014282,-0.123657,1.093384,-1.770020,0.488281,2.319336
56773,-0.042236,-0.050415,1.106689,-1.342773,0.671387,2.624512
56782,-0.015259,0.059082,1.111328,-0.610352,0.488281,2.807617
56793,0.004028,-0.100830,1.021484,0.793457,-0.122070,2.990723
56803,0.015015,-0.152832,0.947388,0.854492,0.305176,2.990723
56812,0.010254,-0.184448,0.899048,1.159668,0.610352,2.624512
56823,-0.008301,-0.075684,0.935425,0.671387,0.488281,1.831055
56832,0.037109,-0.096069,0.966553,0.122070,0.000000,1.220703
56842,-0.046509,-0.167847,0.895996,0.183105,-0.732422,0.427246
56852,-0.007446,-0.023682,1.034424,0.366211,-0.183105,-0.183105
56862,0.019165,-0.065430,1.012207,0.610352,-0.427246,-0.793457
56874,-0.010010,-0.072388,0.955444,1.159668,-1.586914,-2.380371
56883,0.032837,-0.061768,0.999878,2.502441,-0.610352,-3.417969
56893,0.013550,-0.212158,0.942261,3.051758,-0.366211,-4.272461
56903,0.002930,-0.196777,0.928955,3.173828,-0.671387,-5.249023
56912,0.071655,-0.109375,1.050659,3.051758,-0.366211,-5.859375
56922,0.024780,-0.083008,0.987061,3.417969,-1.098633,-7.324219
56934,0.010376,-0.209351,0.955566,4.455566,-1.098633,-10.437012
56943,0.101929,-0.100342,0.997070,4.150391,-1.037598,-12.145996
56953,0.106934,-0.132202,1.010620,3.295898,-1.770020,-13.671875
56962,0.054321,-0.201538,0.911499,2.868652,-1.159668,-14.892578
56972,0.092407,-0.161011,0.903931,2.502441,-0.793457,-15.380859
56983,0.090576,-0.045898,0.999268,2.441406,-0.244141,-16.235352
56992,0.121460,-0.177979,1.026978,2.136230,0.549316,-15.747070
57002,0.052612,-0.155884,0.982544,1.525879,-0.061035,-16.235352
57014,0.091064,0.057983,1.046875,1.037598,0.915527,-15.441895
57023,0.079956,-0.156616,0.950439,0.976562,0.915527,-14.587402
57032,0.036377,-0.134766,0.911499,0.366211,1.342773,-13.549805
57043,0.007080,0.035889,1.008545,-0.122070,1.831055,-12.573242
57052,0.048950,-0.049072,0.927368,-1.342773,2.319336,-10.925293
57063,-0.020508,-0.056152,0.889404,-2.685547,2.746582,-9.521484
57072,0.002563,0.108765,0.969849,-3.356934,3.601074,-6.591797
57084,-0.046143,-0.064087,0.895630,-4.028320,5.065918,-4.882812
57093,-0.045532,0.157227,1.057495,-4.333496,5.920410,-3.356934
57103,-0.064087,0.080078,1.057251,-4.272461,6.591797,-2.075195
57113,-0.098145,-0.116333,0.891602,-4.028320,6.958008,-0.793457
57122,-0.099121,0.073730,0.947510,-3.906250,7.141113,0.183105
57132,-0.063232,0.028809,1.025757,-3.662109,7.812500,1.281738
57143,-0.049438,-0.174683,0.963257,-3.601074,8.605957,3.417969
57153,-0.039185,0.073120,1.015259,-3.784180,8.850098,4.699707
57162,-0.077026,-0.128906,0.958008,-3.784180,9.399414,5.737305
57172,-0.063232,-0.034302,0.940063,-3.662109,9.948730,6.652832
57183,-0.055786,-0.037354,1.013916,-3.356934,10.131836,7.019043
57192,-0.043945,-0.163208,0.973999,-3.723145,10.192871,7.202148
57202,-0.061646,-0.044678,1.008057,-3.784180,9.582520,7.324219
57214,-0.058105,-0.010132,1.041870,-3.417969,9.643555,8.483887
57223,-0.073242,-0.076660,0.915894,-3.112793,9.948730,9.826660
57232,-0.047852,-0.124878,0.932251,-2.929688,10.131836,11.596680
57242,-0.013794,-0.184692,0.931274,-3.234863,11.230469,13.549805
57252,-0.009766,-0.026733,0.995850,-4.089355,11.657715,15.686035
57262,-0.031616,-0.131592,0.942871,-4.577637,11.169434,17.456055
57272,-0.056030,-0.177856,0.826294,-4.882812,11.596680,19.531250
57284,-0.040039,-0.001343,0.992065,-6.103516,12.023926,22.033691
57293,-0.113770,0.013672,1.103882,-6.103516,11.779785,23.132324
57303,-0.107666,0.048218,1.105591,-5.676270,11.657715,24.230957
57312,-0.132935,0.040161,1.130005,-4.882812,11.657715,25.085449
57322,-0.099731,-0.055298,1.068481,-3.845215,12.023926,26.000977
57332,-0.124023,-0.065796,0.987671,-3.234863,11.657715,27.160645
57342,-0.060547,-0.087769,0.963379,-2.868652,11.535645,27.770996
57352,-0.070312,-0.116821,0.902466,-2.868652,11.230469,28.198242
57363,-0.030151,0.020996,1.059692,-2.868652,10.803223,29.907227
57373,-0.062866,-0.164429,0.934692,-2.136230,9.765625,30.395508
57382,-0.050903,-0.096802,1.000610,-2.075195,9.277344,30.639648
57392,-0.076294,-0.033447,1.007202,-2.014160,9.521484,31.005859
57402,-0.055542,-0.229492,0.863525,-1.892090,9.399414,31.066895
57413,-0.069214,-0.100220,0.862183,-1.831055,8.666992,29.907227
57422,-0.027100,-0.096924,0.980713,-1.953125,7.995605,28.320312
57432,-0.033691,-0.172852,1.009521,-1.953125,6.286621,24.780273
57443,0.007446,-0.046753,1.140259,-1.464844,5.615234,23.376465
57452,0.036133,-0.127808,1.081299,-0.915527,4.699707,21.545410
57463,0.010620,-0.131104,1.076416,-0.366211,4.333496,19.897461
57472,0.000977,-0.095581,1.004150,0.061035,4.028320,18.737793
57483,0.022705,-0.195312,0.978149,0.000000,3.112793,18.432617
57492,0.074829,-0.136841,0.946045,-0.427246,2.929688,17.944336
57502,0.082031,-0.064819,0.983521,-1.098633,1.342773,15.625000
57512,0.105469,-0.092407,0.954590,-1.220703,1.098633,14.892578
57522,0.098999,0.028809,1.052612,-1.586914,0.671387,14.160156
57532,0.111328,-0.027588,1.048340,-1.831055,-0.061035,13.671875
57542,0.049683,0.016602,1.088745,-1.525879,0.122070,13.244629
57553,0.062500,0.104492,1.166260,-1.159668,-0.549316,13.122559
57562,0.049072,-0.051758,1.071167,-0.061035,-0.549316,13.061523
57574,0.042969,-0.062012,0.943481,0.915527,-1.708984,12.756348
57583,0.064819,-0.023315,0.966919,1.098633,-2.258301,12.512207
57592,0.083252,-0.201050,0.924438,0.976562,-2.990723,11.779785
57602,0.055664,-0.180908,0.866211,0.732422,-3.051758,11.352539
57613,0.070801,0.021851,1.013062,0.366211,-3.173828,10.559082
57622,0.071899,-0.011963,1.107300,0.183105,-3.723145,9.582520
57633,0.026001,-0.222900,1.001831,0.671387,-3.906250,6.652832
57643,0.029663,0.077759,1.072266,0.427246,-4.394531,5.432129
57652,0.069336,-0.093750,1.088135,0.915527,-4.638672,4.699707
57662,0.045776,-0.142456,0.992676,1.586914,-4.516602,4.211426
57672,0.086548,-0.064453,1.029907,2.136230,-4.211426,4.455566
57682,0.115845,-0.154297,0.981079,2.014160,-3.845215,4.455566
57692,0.091431,-0.210571,0.966797,1.525879,-4.272461,4.150391
57702,0.099854,-0.004150,1.024536,0.976562,-4.516602,3.112793
57714,0.082031,-0.111084,1.066040,1.098633,-5.187988,1.037598
57723,0.047974,-0.072021,1.000977,1.403809,-5.310059,0.488281
57732,0.088989,-0.036011,1.032471,1.770020,-5.920410,0.122070
57742,0.064697,-0.132690,1.036255,2.075195,-5.859375,0.549316
57752,0.015869,-0.128906,0.963135,1.403809,-5.737305,1.281738
57763,0.062622,-0.042603,1.023315,0.610352,-5.065918,1.953125
57772,0.062988,0.024658,0.977417,0.427246,-4.821777,2.807617
57783,0.018799,-0.037720,0.944824,0.671387,-4.699707,3.662109
57793,-0.000122,-0.083618,0.959473,0.671387,-4.760742,3.906250
57802,0.008057,-0.196167,0.866211,0.610352,-4.272461,3.540039
57812,0.010498,-0.038818,0.879028,0.305176,-4.394531,2.990723
57823,0.045654,-0.129761,0.918213,-0.061035,-4.028320,2.685547
57832,0.001831,-0.234009,0.860474,-0.549316,-3.906250,2.258301
57842,0.010498,0.044434,1.027588,-1.342773,-3.967285,1.892090
57854,-0.045166,-0.170166,1.003052,-0.915527,-3.845215,1.403809
57863,-0.011841,-0.098389,0.971313,-0.793457,-3.356934,1.281738
57873,0.025391,0.040161,1.074219,-0.732422,-2.746582,1.525879
57883,0.003296,-0.093384,1.053711,-0.488281,-2.868652,2.197266
57892,0.018555,-0.147705,1.012329,-0.183105,-2.685547,2.807617
57902,0.025757,-0.077637,1.000732,0.183105,-2.014160,4.089355
57913,0.029053,-0.067505,1.000732,-0.305176,-1.403809,5.737305
57923,0.042969,-0.042847,1.019409,-0.610352,-1.220703,6.286621
57932,0.006348,-0.083740,0.962280,-0.488281,-1.159668,6.896973
57942,-0.015991,-0.176147,0.933960,-0.793457,-1.464844,7.324219
57952,-0.014038,-0.046387,0.924927,-1.159668,-1.342773,8.178711
57962,0.002563,-0.197510,0.965698,-1.464844,-1.037598,8.850098
57972,-0.010132,-0.191528,0.908447,-2.136230,-1.220703,9.338379
57984,-0.015259,0.091675,1.024780,-3.906250,-1.403809,9.948730
57993,-0.057617,-0.056885,0.963989,-3.845215,-1.647949,10.009766
58003,-0.063354,0.069458,1.042847,-3.479004,-1.708984,9.887695
58012,-0.046387,-0.007324,1.058838,-3.234863,-1.037598,9.765625
58022,-0.069336,-0.111206,1.014526,-3.234863,-0.915527,9.521484
58033,-0.046997,0.050781,1.038818,-3.112793,-0.610352,9.399414
58042,-0.015991,-0.066895,0.976929,-2.563477,-0.305176,9.521484
58052,0.009155,-0.110840,0.955811,-2.258301,0.427246,9.643555
58063,0.047729,-0.152954,0.956055,-2.258301,0.366211,9.338379
58072,0.038452,-0.100464,1.014771,-2.624512,0.061035,8.544922
58082,0.043701,0.027466,1.048706,-2.380371,-0.610352,7.080078
58092,0.056396,-0.126343,1.074585,-1.586914,-1.220703,5.859375
58102,0.031494,-0.168335,0.987915,-0.915527,-2.075195,4.577637
58113,0.088013,-0.052002,1.040771,-0.671387,-1.953125,3.784180
58122,0.057495,-0.153687,0.977173,-0.549316,-2.502441,3.295898
58134,0.098145,-0.035767,0.985840,0.183105,-2.319336,3.051758
58143,0.118164,-0.207275,0.963989,0.427246,-2.258301,2.990723
58152,0.065552,-0.186279,0.934448,0.488281,-2.990723,2.990723
58162,0.086426,-0.067627,1.020386,0.122070,-2.990723,2.990723
58173,0.032349,-0.127563,1.013184,-0.244141,-3.173828,2.441406
58182,0.033569,-0.074951,1.016602,-0.244141,-3.479004,1.647949
58192,0.049683,-0.002930,1.016479,0.061035,-3.479004,1.220703
58201,0.035400,-0.174438,0.994507,0.366211,-3.356934,0.854492
58213,0.005127,0.021606,1.014771,-0.305176,-3.295898,0.976562
58223,0.037109,-0.063721,0.987549,-0.671387,-3.234863,1.403809
58232,0.006470,-0.109741,0.940796,-1.037598,-2.990723,1.647949
58242,0.028564,0.034302,0.984863,-1.098633,-2.990723,1.708984
58253,0.018066,-0.038696,1.000122,-1.037598,-2.563477,1.708984
58262,-0.002686,-0.118042,0.986328,-0.915527,-2.624512,1.098633
58272,0.003174,0.003906,1.025146,-0.366211,-2.624512,0.671387
58282,0.000732,-0.055786,0.982178,-0.244141,-2.502441,0.549316
58292,0.030518,-0.002686,0.983398,0.183105,-2.136230,0.793457
58303,0.010986,-0.157837,0.945190,0.427246,-1.647949,0.976562
58312,0.017090,-0.145630,0.943481,-0.183105,-1.770020,1.098633
58321,0.028320,0.015137,1.006836,-0.610352,-1.770020,1.831055
58332,0.012939,-0.123535,0.951416,-0.671387,-1.342773,2.075195
58341,0.004028,-0.053589,1.033081,-0.427246,-1.159668,2.380371
58352,0.034546,0.062622,1.021606,0.061035,-0.244141,3.173828
58362,0.005737,-0.188965,0.965210,0.427246,-1.159668,3.845215
58371,0.012573,-0.101563,0.978149,0.427246,-0.732422,4.577637
58382,0.003174,-0.283203,0.847656,-0.244141,-1.342773,4.943848
58391,-0.000366,-0.050537,0.903076,-0.671387,-1.159668,5.432129
58403,0.033081,0.026123,1.021973,-1.403809,0.061035,7.141113
58413,-0.002686,-0.011719,0.989624,-2.075195,0.305176,7.507324
58422,-0.036743,0.023926,1.037476,-2.380371,0.305176,7.873535
58432,-0.079712,-0.122437,1.036499,-2.685547,-0.610352,7.629395
58441,-0.043457,-0.028564,1.071777,-2.258301,0.854492,7.568359
58452,-0.056763,0.033569,1.095337,-1.770020,0.366211,7.324219
58461,-0.051025,-0.054077,1.049683,-1.647949,0.549316,7.202148
58471,-0.036621,-0.045654,1.028564,-1.281738,0.183105,7.019043
58483,-0.019653,-0.092651,0.963501,-1.159668,0.427246,6.469727
58493,-0.037109,-0.110352,0.987671,-0.915527,-0.122070,6.652832
58503,0.028076,-0.180542,0.926636,-0.915527,1.403809,7.507324
58512,0.045776,-0.087891,0.954834,-1.647949,1.647949,8.544922
58521,-0.017822,0.033081,1.031372,-2.136230,2.075195,9.582520
58532,-0.009155,-0.082153,0.991455,-2.197266,1.586914,10.009766
58542,0.020874,-0.090332,1.028320,-2.014160,1.770020,10.620117
58554,0.001343,-0.082275,1.068115,-1.403809,0.671387,10.498047
58563,0.015747,-0.076416,1.052368,-1.037598,0.610352,10.742188
58573,-0.005005,-0.017456,1.029297,-0.549316,0.610352,11.291504
58582,0.004883,-0.101196,1.002319,-0.366211,0.427246,11.413574
58591,0.012207,-0.054687,0.928955,-0.244141,0.305176,11.718750
58602,0.021362,-0.079590,0.980713,-0.305176,0.610352,12.207031
58611,0.040894,-0.204224,0.966797,-0.305176,0.244141,12.084961
58624,0.036133,0.000488,1.083130,-0.671387,-0.122070,11.291504
58633,0.006348,-0.139526,1.031616,0.122070,-0.610352,10.681152
58642,0.005859,-0.075806,1.034058,0.549316,-1.037598,10.009766
58652,0.004272,-0.062378,1.054321,0.549316,-1.342773,9.094238
58661,-0.033325,-0.193970,0.956421,0.183105,-1.403809,9.155273
58672,0.008179,-0.018188,0.982422,-0.244141,-1.770020,8.911133
58682,0.001709,-0.102173,0.865234,0.061035,-1.403809,9.155273
58694,-0.011597,-0.099731,0.900513,-0.488281,-1.281738,9.094238
58704,-0.010132,-0.182251,0.827881,-0.976562,-1.403809,8.361816
58713,0.012573,0.002563,1.004272,-1.403809,-1.708984,7.629395
58722,-0.017090,-0.165771,0.951904,-1.403809,-1.647949,6.713867
58732,0.020020,-0.093872,0.994141,-1.281738,-1.831055,5.615234
58742,0.013672,-0.044434,1.068848,-0.976562,-1.708984,5.126953
58751,0.011108,-0.219116,0.915405,-0.854492,-1.953125,4.821777
58763,0.038330,-0.088501,0.992187,-1.647949,-1.953125,5.004883
58773,0.047852,-0.146851,0.893677,-1.892090,-2.197266,5.065918
58782,0.051147,0.028687,1.046021,-2.136230,-2.258301,5.249023
58792,0.057373,-0.197021,0.938110,-1.892090,-2.624512,5.310059
58801,0.063965,-0.162109,0.858276,-2.136230,-2.441406,5.004883
58812,0.095825,-0.103760,0.991211,-2.685547,-2.502441,4.760742
58822,0.070557,-0.163574,0.846680,-3.051758,-3.417969,4.272461
58833,0.097656,-0.162720,0.855591,-3.417969,-3.601074,3.784180
58843,0.094116,0.024170,0.963135,-4.150391,-3.784180,3.295898
58852,0.079468,-0.129883,0.869629,-4.516602,-4.394531,3.112793
58862,0.045166,-0.044189,0.935059,-5.187988,-4.699707,2.807617
58871,0.069458,0.033325,1.035522,-5.920410,-4.760742,2.563477
58882,-0.001587,-0.090820,0.974976,-6.164551,-5.065918,2.563477
58892,-0.015137,0.093140,1.037231,-6.164551,-4.943848,2.685547
58901,-0.016235,0.018066,1.050171,-5.432129,-4.272461,4.089355
58913,-0.007813,-0.008301,1.039917,-5.493164,-4.211426,5.065918
58923,-0.038696,-0.125366,1.031372,-5.798340,-3.845215,6.164551
58933,-0.026489,-0.032471,1.012817,-5.493164,-3.417969,7.080078
58943,-0.036255,-0.090332,0.962891,-5.554199,-3.417969,7.934570
58952,-0.045654,-0.081421,0.949829,-5.981445,-2.685547,8.422852
58962,-0.019165,-0.021973,0.998169,-6.774902,-2.807617,8.666992
58974,-0.005493,0.096436,1.061646,-7.751465,-2.807617,8.972168
58983,-0.032837,0.087402,1.095581,-7.202148,-2.868652,9.094238
58993,-0.001953,0.088013,1.167969,-6.469727,-3.112793,9.033203
59002,-0.038696,-0.004150,1.131104,-5.310059,-3.112793,9.033203
59012,0.006226,0.112061,1.196655,-4.394531,-2.502441,9.155273
59022,0.001465,-0.058472,1.074829,-3.356934,-2.685547,9.033203
59031,0.017944,-0.092896,1.036621,-2.319336,-3.234863,8.789063
59044,0.061523,-0.123169,0.927002,-1.159668,-4.455566,7.568359
59053,0.079468,-0.127686,0.925903,-1.647949,-5.004883,6.652832
59063,0.083496,-0.040405,0.885376,-1.892090,-4.699707,6.042480
59072,0.080688,-0.091919,0.909180,-2.136230,-5.493164,5.493164
59082,0.047974,-0.038208,0.942993,-2.258301,-5.798340,5.249023
59092,0.024658,-0.025513,0.995239,-1.892090,-5.859375,4.882812
59102,0.035278,-0.137207,0.990845,-1.647949,-6.225586,4.150391
59113,-0.002808,0.007568,0.990234,-1.892090,-6.469727,3.295898
59123,0.013306,-0.002319,0.957397,-1.342773,-7.019043,2.807617
59133,-0.003662,-0.000366,0.958496,-0.244141,-7.080078,2.624512
59142,0.020264,0.003906,0.967285,0.305176,-6.835937,2.502441
59152,-0.013672,-0.109619,0.966797,0.915527,-6.530762,2.197266
59162,0.046631,-0.126099,0.881470,0.610352,-7.202148,1.953125
59173,0.032715,0.000366,0.984131,-0.183105,-7.019043,2.197266
59183,0.021729,0.012573,0.943726,0.183105,-7.080078,1.647949
59192,0.023071,0.028687,1.040894,0.610352,-6.286621,1.098633
59201,0.037109,0.011475,1.117798,0.305176,-7.446289,0.549316
59212,0.007813,-0.027710,1.088379,0.183105,-7.629395,0.000000
59222,0.038452,0.132202,1.135498,0.122070,-8.178711,-0.488281
59232,-0.025024,-0.054565,0.964355,0.427246,-7.995605,-0.793457
59242,-0.005981,0.189697,1.080078,0.854492,-7.812500,-1.281738
59251,-0.027710,-0.091064,1.003296,1.892090,-7.568359,-2.441406
59262,0.014404,-0.057373,1.009888,1.647949,-7.446289,-3.051758
59272,0.009155,-0.070435,0.951050,0.732422,-7.629395,-3.601074
59282,0.043335,0.023437,0.994385,0.122070,-7.507324,-4.455566
59292,0.027832,-0.063843,0.869385,0.366211,-7.507324,-4.699707
59301,0.042114,0.021484,1.016846,0.183105,-7.812500,-5.187988
59312,0.014160,-0.102905,0.948608,-0.122070,-8.544922,-5.737305
59322,0.061279,0.010376,1.004761,-1.403809,-8.056641,-6.347656
59331,0.053955,0.015991,0.958008,-2.136230,-7.934570,-6.347656
59342,0.031738,0.056519,0.970459,-2.441406,-7.385254,-6.225586
59352,0.064453,0.041870,0.978394,-2.502441,-8.178711,-6.286621
59362,0.012817,-0.031860,0.967773,-2.319336,-8.605957,-6.408691
59372,0.049683,-0.018188,1.077881,-2.685547,-7.568359,-6.713867
59382,0.033813,-0.045776,1.017212,-2.746582,-8.361816,-7.202148
59393,0.020752,-0.061157,0.927124,-2.685547,-7.995605,-7.934570
59403,0.048096,0.051636,1.054932,-2.197266,-7.873535,-8.239746
59413,0.015015,-0.065796,0.924072,-1.831055,-8.300781,-8.605957
59422,0.055908,-0.063232,0.968262,-1.770020,-8.361816,-9.338379
59432,0.080444,-0.032104,1.022095,-2.075195,-7.812500,-10.131836
59441,0.060059,-0.020630,1.096313,-2.685547,-8.666992,-10.925293
59451,0.000000,-0.063599,0.971802,-2.624512,-9.033203,-12.023926
59463,0.007935,-0.041870,1.009277,-2.136230,-8.728027,-13.244629
59473,0.030396,-0.056885,1.026611,-0.732422,-8.544922,-13.427734
59483,0.038940,-0.064453,0.966797,-0.488281,-8.422852,-13.610840
59492,0.036865,-0.100464,0.972778,-0.427246,-8.300781,-13.549805
59502,0.044556,-0.031250,1.001831,-0.915527,-7.751465,-13.732910
59512,0.041382,-0.103394,0.956543,-1.525879,-8.117676,-13.916016
59523,0.023682,0.075439,0.983154,-1.525879,-8.300781,-14.160156
59533,0.038696,0.156250,1.099609,-1.220703,-8.728027,-14.282227
59542,0.005615,-0.089111,0.959473,-0.793457,-8.056641,-13.916016
59552,0.017822,0.163696,1.142578,-1.037598,-8.422852,-13.488770
59562,0.001953,-0.055664,1.025879,-0.610352,-7.934570,-12.939453
59572,0.000244,0.125122,1.124268,-0.793457,-7.812500,-12.512207
59582,-0.006714,-0.070557,0.924561,-0.366211,-7.202148,-12.207031
59592,0.043701,0.074585,1.026245,-0.122070,-7.202148,-11.779785
59602,0.021729,-0.078613,0.932251,0.000000,-7.080078,-11.901855
59613,0.047363,0.035522,1.098877,-0.183105,-7.263184,-12.695313
59623,0.037354,-0.119995,0.969238,-0.366211,-7.141113,-13.061523
59633,0.005493,-0.030151,0.961792,-0.671387,-7.080078,-13.305664
59642,0.020264,0.019043,0.933716,-0.549316,-7.629395,-13.549805
59652,-0.013916,-0.049438,0.894775,-0.488281,-7.507324,-13.793945
59661,0.039185,0.007813,0.918457,-0.549316,-7.507324,-13.916016
59674,0.049683,-0.043579,0.870483,-1.281738,-7.141113,-13.854980
59683,-0.005005,-0.005249,0.905396,-2.197266,-8.666992,-13.732910
59693,0.007446,-0.020508,0.890503,-2.075195,-6.042480,-14.160156
59703,-0.001465,-0.009399,0.912109,-2.746582,-7.873535,-14.038086
59712,0.004517,-0.033447,0.921753,-2.502441,-6.835937,-14.160156
59722,0.013794,-0.015015,0.908813,-2.685547,-7.019043,-13.793945
59732,0.046143,0.001709,0.927368,-3.051758,-6.408691,-13.427734
59743,-0.002808,0.023560,1.068237,-3.417969,-6.713867,-12.573242
59753,-0.029785,0.091431,1.102051,-3.234863,-6.408691,-12.207031
59763,-0.066650,0.059570,1.144043,-2.624512,-6.652832,-11.901855
59772,-0.098877,0.102051,1.129150,-1.831055,-6.469727,-11.535645
59782,-0.048096,0.054565,1.125854,-1.037598,-6.164551,-11.047363
59792,-0.059937,0.077637,1.114624,-0.061035,-5.310059,-10.559082
59803,-0.069092,-0.019653,1.017578,-0.061035,-5.981445,-10.131836
59813,-0.028198,0.044800,0.992554,-0.061035,-5.920410,-10.498047
59823,-0.002686,0.043945,1.007568,-0.366211,-5.432129,-10.681152
59833,-0.030273,0.099243,1.043091,-1.037598,-5.920410,-11.108398
59842,0.021729,0.090820,1.031494,-0.915527,-6.408691,-11.474609
59852,-0.030518,0.074097,1.046997,-0.732422,-6.530762,-11.657715
59862,-0.033569,0.082520,1.073486,-0.366211,-6.286621,-11.779785
59872,-0.051636,0.035645,1.076660,-0.061035,-5.615234,-11.657715
59883,-0.019531,0.072388,1.013428,-0.122070,-5.859375,-12.084961
59893,0.026001,0.027710,0.946167,-1.586914,-6.103516,-12.207031
59902,-0.008423,0.067261,0.917969,-2.197266,-6.408691,-12.390137
59912,0.013916,0.148071,0.968872,-2.563477,-6.225586,-12.145996
59922,-0.010132,0.126099,0.981934,-2.624512,-6.042480,-11.657715
59931,0.014282,0.064575,1.049805,-2.502441,-6.652832,-11.291504
59942,-0.036377,0.088623,1.081055,-2.197266,-5.615234,-10.925293
59951,0.009155,0.068726,1.057251,-2.014160,-6.408691,-10.314941
59963,0.013550,0.102417,0.985962,-1.953125,-7.263184,-10.498047
59973,0.003662,0.084351,0.962036,-1.525879,-7.873535,-10.986328
59983,0.019409,0.052979,0.944824,-0.976562,-7.507324,-12.023926
59992,0.027222,0.024170,0.921143,-0.915527,-7.202148,-13.000488
