timestamp,accX,accY,accZ,gyrX,gyrY,gyrZ
11,0.059814,-0.266235,0.989258,0.549316,-11.474609,1.647949
24,0.086670,-0.267212,0.979492,1.098633,-9.826660,-0.488281
34,0.090698,-0.216553,1.087769,1.281738,-10.192871,-2.014160
43,0.089478,-0.183228,1.000244,1.953125,-10.681152,-3.479004
53,0.108276,-0.280884,0.960571,2.502441,-11.169434,-5.065918
62,0.111328,-0.198975,0.911255,2.197266,-12.390137,-6.469727
71,0.114990,-0.094849,0.950073,2.136230,-12.634277,-7.019043
81,0.007324,-0.108887,0.927002,2.197266,-12.573242,-7.202148
91,0.009644,-0.167114,0.940430,2.502441,-11.962891,-7.202148
100,-0.031250,-0.181641,0.967651,2.563477,-10.864258,-6.896973
110,0.055664,-0.188110,1.028320,2.380371,-10.192871,-7.019043
122,0.021851,-0.123413,0.975342,1.892090,-10.681152,-7.263184
131,-0.012451,-0.073364,1.035645,1.281738,-10.864258,-7.019043
141,-0.012451,-0.097656,1.042358,1.403809,-10.681152,-6.774902
151,-0.029419,-0.084473,1.041748,1.403809,-9.948730,-6.591797
160,-0.026855,-0.065552,1.091675,1.342773,-9.582520,-6.408691
171,-0.046265,-0.105957,1.093140,1.770020,-8.789063,-6.530762
181,-0.043579,-0.126465,1.083374,1.953125,-8.850098,-6.774902
190,-0.012817,-0.152100,1.085327,2.441406,-9.216309,-9.094238
201,0.021240,-0.192749,0.926270,2.380371,-9.887695,-10.681152
211,-0.014648,-0.150513,1.022949,2.197266,-10.131836,-12.084961
220,-0.031006,-0.139771,0.953247,2.136230,-9.582520,-12.573242
230,-0.041870,-0.197632,0.927246,2.136230,-9.155273,-13.000488
240,-0.036865,-0.136963,0.972778,2.014160,-8.544922,-13.549805
252,-0.048950,-0.199341,0.883423,1.708984,-7.324219,-13.549805
262,-0.047607,-0.223633,0.763184,0.000000,-7.568359,-13.183594
272,-0.128052,-0.096069,0.932373,-1.403809,-7.141113,-12.939453
281,-0.123535,0.000610,1.037720,-1.403809,-5.493164,-13.183594
291,-0.125732,0.012451,1.070923,-0.976562,-3.723145,-13.549805
301,-0.077637,-0.141724,0.981079,-0.183105,-3.112793,-15.563965
310,-0.028564,-0.181885,0.811279,0.122070,-4.028320,-19.287109
322,0.002441,-0.144165,0.806885,-2.075195,-5.493164,-22.827148
332,-0.035767,0.036621,0.802368,-2.685547,-4.272461,-22.277832
341,-0.019409,-0.020142,0.895142,-2.929688,-2.563477,-20.141602
351,-0.007813,0.000488,1.025024,-3.112793,-1.220703,-18.188477
360,0.135254,-0.072266,1.051025,-3.173828,-0.610352,-16.967773
370,-0.014893,-0.012573,1.287598,-3.479004,-1.464844,-18.249512
381,-0.128662,0.015991,1.337769,-3.173828,-0.061035,-18.371582
390,-0.011597,-0.026855,1.195679,-2.502441,1.708984,-19.714355
402,0.018433,-0.066162,0.997192,-1.892090,-1.220703,-23.193359
412,0.044189,-0.014771,0.962036,-2.380371,-1.586914,-23.193359
421,0.056030,-0.009766,1.018433,-2.502441,0.000000,-20.812988
431,0.083374,-0.043457,1.106567,-2.197266,2.197266,-17.333984
440,0.008057,-0.129639,1.058594,-1.831055,2.990723,-15.014648
451,-0.056641,-0.164307,1.029785,-2.075195,3.295898,-13.305664
460,-0.096069,-0.190430,0.964722,-2.197266,3.662109,-11.840820
472,-0.146240,-0.158203,0.967773,-2.258301,3.417969,-9.765625
481,-0.149658,-0.262695,0.963379,-2.258301,4.638672,-8.544922
491,-0.087402,-0.275024,0.920288,-2.563477,5.432129,-7.446289
500,-0.136719,-0.214966,1.033936,-2.990723,5.798340,-6.225586
510,-0.102417,-0.155762,0.968384,-2.868652,6.713867,-4.455566
521,-0.091187,-0.238770,0.899780,-2.380371,7.568359,-2.685547
530,0.003052,-0.317993,0.916016,-2.136230,8.361816,-0.854492
542,-0.089966,-0.128662,0.992676,-2.502441,7.873535,1.098633
552,-0.109863,-0.204224,0.990845,-2.685547,8.178711,2.014160
561,-0.097046,-0.200806,0.972412,-2.136230,9.155273,2.563477
571,-0.024292,-0.184204,0.945068,-2.380371,9.033203,2.319336
580,-0.003296,-0.208008,0.911743,-2.807617,8.300781,1.831055
590,-0.061646,-0.076416,0.995850,-3.356934,7.995605,1.281738
600,-0.026367,-0.016968,1.096313,-3.295898,8.422852,1.708984
613,0.053101,-0.106079,0.999878,-2.258301,9.216309,2.746582
622,0.116333,-0.111206,0.971191,-2.380371,8.789063,3.845215
632,0.099365,-0.114380,0.842285,-2.746582,7.629395,4.455566
641,0.024536,0.042358,0.966919,-2.746582,7.873535,6.103516
650,-0.011963,-0.115845,1.037720,-1.770020,8.911133,7.812500
661,-0.041748,-0.377563,0.994019,-1.464844,9.277344,9.643555
670,-0.086426,-0.228516,0.992798,-2.502441,8.605957,10.131836
682,-0.105835,-0.183105,0.964844,-2.502441,7.934570,9.033203
691,0.005127,-0.284912,0.939819,-0.671387,8.483887,7.934570
701,0.060425,-0.127319,0.999634,-1.708984,7.446289,7.080078
711,0.054565,-0.120850,0.912598,-1.708984,5.493164,3.906250
720,-0.049683,-0.124146,0.961670,-0.854492,3.906250,1.708984
731,0.015015,-0.124146,1.000122,0.183105,4.699707,0.122070
740,0.133301,-0.277466,0.962769,0.732422,6.225586,-0.061035
752,-0.005859,-0.168091,0.946411,0.610352,6.042480,-1.770020
761,0.042725,-0.232788,0.886475,0.183105,4.943848,-2.075195
771,0.090210,-0.238647,0.915771,-0.244141,5.737305,-1.586914
781,0.050049,-0.169800,0.978882,-0.732422,5.249023,-1.159668
790,-0.082031,-0.135010,0.925537,-1.281738,4.577637,-1.647949
800,-0.086060,-0.104614,0.997803,-1.892090,4.272461,-1.647949
810,-0.045776,-0.072266,1.048218,-2.136230,5.859375,-1.525879
822,-0.001099,-0.078857,1.004028,-2.197266,6.469727,-0.549316
832,0.025391,-0.071045,1.006104,-2.563477,6.530762,0.061035
841,0.031616,-0.053467,1.040771,-2.563477,6.103516,0.610352
850,0.073730,-0.082764,1.080322,-2.319336,6.347656,1.037598
860,0.052979,-0.127441,1.060303,-2.380371,6.591797,1.342773
870,0.030151,-0.083496,1.038330,-2.197266,6.408691,1.220703
882,-0.020264,-0.068604,0.951782,-1.831055,6.408691,1.892090
892,0.037354,-0.133301,1.000366,-2.441406,6.591797,3.051758
901,0.036865,-0.040649,1.011597,-2.746582,6.591797,4.211426
911,0.022217,-0.036499,0.980469,-2.746582,6.347656,5.981445
920,0.026855,-0.066040,1.002441,-2.746582,6.164551,7.812500
931,0.075195,-0.127197,1.003540,-2.685547,6.469727,9.582520
940,0.087036,-0.067261,1.014648,-2.624512,7.141113,11.291504
952,0.031006,-0.008301,0.983887,-2.319336,6.347656,14.343262
961,-0.019409,-0.074829,0.992554,-2.197266,6.591797,15.502930
971,-0.006958,-0.011475,1.002930,-2.319336,6.347656,16.845703
981,-0.063110,-0.100708,0.958008,-1.953125,6.164551,17.883301
990,-0.075073,-0.078979,1.002319,-1.770020,6.408691,19.104004
1001,-0.096802,-0.105957,0.979736,-1.586914,6.835937,20.446777
1010,-0.063477,-0.090088,0.985840,-1.708984,6.713867,21.240234
1022,-0.092407,-0.048584,0.981079,-1.342773,7.263184,23.071289
1032,-0.096802,-0.135376,0.962036,-0.976562,7.385254,23.681641
1041,-0.075317,-0.167114,0.943481,-0.610352,7.629395,24.169922
1051,-0.028442,-0.210449,0.979736,-0.793457,7.324219,24.719238
1060,0.001465,-0.196045,1.025757,-0.915527,6.835937,25.024414
1071,0.049316,-0.163208,1.008423,-1.403809,6.286621,25.146484
1081,0.060669,-0.126221,1.037354,-2.014160,5.615234,25.695801
1090,0.045288,-0.049561,0.993896,-2.075195,4.943848,26.000977
1102,0.007568,-0.110474,0.995483,-1.403809,5.126953,26.672363
1111,-0.044922,-0.082642,0.968262,-0.854492,4.516602,26.733398
1121,-0.043091,-0.087036,1.015747,-0.732422,4.150391,26.550293
1130,-0.006714,-0.106812,1.011230,-0.488281,3.112793,25.756836
1141,0.012451,-0.114990,1.011597,-0.671387,2.258301,25.451660
1150,0.024780,-0.018066,1.079102,-0.671387,1.464844,25.207520
1162,0.024902,-0.074219,1.023682,-0.427246,1.464844,25.146484
1171,0.050171,-0.104492,0.999390,-0.122070,1.342773,24.658203
1182,-0.033691,-0.091309,0.981323,-0.305176,1.098633,24.108887
1191,-0.044434,-0.090088,0.954956,-1.037598,0.549316,23.254395
1200,-0.030640,-0.108276,0.906860,-1.159668,-0.061035,21.911621
1210,-0.042969,-0.120728,0.946289,-1.525879,-1.098633,20.263672
1221,-0.036987,-0.107300,0.966919,-1.220703,-1.892090,18.371582
1231,-0.007568,-0.170044,1.034424,-1.220703,-1.953125,14.648438
1240,0.036987,-0.089600,1.106323,-0.488281,-1.831055,13.122559
1250,0.151001,-0.198608,1.007324,0.000000,-2.197266,11.840820
1261,0.217896,-0.174927,1.010376,0.122070,-3.479004,10.803223
1270,0.192139,-0.187378,0.970459,0.122070,-4.760742,9.887695
1281,0.275879,-0.145630,0.978516,-0.061035,-5.859375,9.948730
1290,0.237915,-0.170044,0.964355,-0.061035,-6.774902,9.216309
1302,0.168945,-0.207031,0.974854,0.244141,-7.141113,8.117676
1311,0.153198,-0.209229,0.975220,-0.305176,-7.995605,6.835937
1322,0.141479,-0.154297,1.022339,-0.427246,-8.544922,4.394531
1331,0.085937,-0.144531,0.946411,-0.244141,-10.375977,2.319336
1341,0.088257,-0.215698,0.989380,0.061035,-11.779785,-0.183105
1351,0.096680,-0.220581,0.986938,0.122070,-12.084961,-2.319336
1360,0.025757,-0.212646,0.986328,-0.305176,-12.207031,-3.906250
1372,0.003784,-0.072754,1.042236,-0.366211,-11.230469,-5.371094
1381,-0.015381,-0.144531,1.061035,-0.305176,-10.192871,-5.981445
1391,-0.005127,-0.171631,1.019531,-0.061035,-9.765625,-6.408691
1401,0.036133,-0.161987,1.009033,0.122070,-9.582520,-7.385254
1411,0.047729,-0.198853,0.947021,0.122070,-10.009766,-8.789063
1420,0.032837,-0.265991,0.966431,-0.427246,-10.375977,-9.643555
1430,0.054565,-0.125977,0.996216,-0.732422,-9.704590,-9.948730
1442,0.020752,-0.136353,0.964478,-0.854492,-9.094238,-9.399414
1451,-0.030151,-0.258911,0.892944,-0.732422,-8.422852,-8.300781
1461,-0.003418,-0.201660,0.915161,-1.281738,-7.812500,-7.446289
1471,-0.003906,-0.026245,0.963257,-2.136230,-7.751465,-6.408691
1480,-0.048340,-0.089355,0.940796,-2.197266,-7.385254,-5.187988
1490,-0.043213,-0.031738,1.014404,-2.136230,-6.652832,-4.272461
1501,-0.071777,-0.101807,0.956665,-1.953125,-6.164551,-3.723145
1510,-0.065186,-0.010498,1.036011,-2.075195,-4.882812,-3.601074
1520,-0.092651,-0.076294,0.939453,-2.380371,-4.455566,-5.004883
1530,-0.095215,-0.111450,0.965088,-2.563477,-4.516602,-5.493164
1541,-0.028687,-0.034668,0.974976,-2.685547,-4.516602,-6.042480
1551,0.033936,0.036133,1.034058,-2.746582,-4.577637,-6.530762
1560,0.013672,-0.061279,0.962891,-2.319336,-3.723145,-6.469727
1570,0.011841,-0.053955,0.991943,-2.258301,-3.784180,-6.042480
1582,0.020996,-0.085571,0.918335,-2.441406,-3.112793,-6.469727
1591,0.055176,-0.149902,0.914062,-2.502441,-2.929688,-7.080078
1601,0.041748,-0.150391,0.909790,-2.868652,-2.929688,-7.690430
1611,0.082764,-0.129883,0.901001,-3.662109,-2.685547,-8.544922
1620,0.110229,-0.061157,1.004761,-4.211426,-3.295898,-9.521484
1630,0.104980,-0.124512,0.913208,-3.967285,-3.417969,-10.498047
1640,0.154907,-0.103271,0.991577,-3.784180,-3.173828,-11.230469
1650,0.145874,-0.121216,0.982300,-3.784180,-3.967285,-11.230469
1660,0.136963,-0.090210,1.015869,-3.723145,-3.845215,-12.390137
1671,0.024292,-0.120850,0.955078,-2.990723,-4.760742,-12.878418
1681,0.041016,-0.083008,0.989014,-2.746582,-4.272461,-13.427734
1691,0.019897,-0.081421,0.936279,-2.929688,-4.150391,-13.610840
1701,-0.026367,-0.021729,1.020874,-2.624512,-3.112793,-13.610840
1711,-0.102905,-0.100464,1.014038,-2.807617,-2.319336,-12.573242
1720,-0.139038,-0.014160,1.100342,-2.868652,-1.708984,-11.352539
1730,-0.133301,0.019531,1.038208,-2.380371,0.976562,-7.080078
1742,-0.235352,0.000854,0.872437,-2.563477,1.953125,-4.699707
1751,-0.237305,0.162109,1.022217,-3.112793,3.417969,-1.770020
1761,-0.228516,0.108032,1.026978,-2.929688,5.065918,1.037598
1770,-0.144897,0.033813,1.103027,-2.380371,5.798340,3.051758
1780,-0.065552,-0.037842,1.141357,-2.136230,6.774902,5.126953
1792,-0.001831,-0.067871,1.148315,-3.051758,6.164551,6.225586
1801,0.076538,0.022827,1.032471,-2.990723,6.896973,8.056641
1812,0.175293,-0.001099,1.015991,-3.173828,6.652832,10.192871
1821,0.155640,0.037964,1.013550,-2.746582,6.164551,12.329102
1831,0.049438,-0.025879,0.931030,-2.502441,5.432129,14.526367
1840,-0.036255,-0.089600,0.900024,-2.746582,4.028320,16.540527
1850,-0.043335,-0.060181,0.944580,-2.746582,5.493164,18.371582
1860,-0.143433,-0.135498,0.900513,-2.685547,5.371094,19.287109
1870,-0.105469,-0.174927,0.934204,-2.807617,5.187988,18.798828
1880,-0.137695,-0.146851,0.916260,-2.868652,5.126953,17.761230
1890,-0.106323,-0.231445,0.941772,-3.234863,5.126953,16.723633
1900,-0.063477,-0.203735,1.002197,-3.967285,5.676270,16.113281
1911,-0.092773,-0.163818,0.983276,-4.150391,4.760742,14.404297
1920,-0.033447,-0.140137,1.041870,-4.089355,5.493164,13.000488
1930,-0.034912,-0.149780,1.065918,-4.333496,5.004883,12.023926
1940,-0.014160,-0.183350,1.012695,-4.394531,3.906250,7.751465
1951,-0.075073,-0.022461,0.979614,-3.479004,3.540039,5.493164
1961,-0.093140,-0.046021,1.013428,-2.990723,2.868652,3.662109
1970,-0.114502,-0.014648,1.028931,-1.770020,4.516602,2.319336
1980,-0.069702,-0.028442,0.956421,-0.793457,4.394531,2.136230
1990,-0.040039,0.014893,0.965332,-0.122070,5.126953,2.868652
2000,-0.000366,-0.104492,0.904541,0.305176,4.516602,4.211426
2010,0.034668,-0.134766,0.922119,-15.380859,5.004883,9.216309
2021,0.077637,-0.065308,1.032104,-0.610352,5.920410,11.779785
2031,0.070190,0.013916,1.109375,-0.549316,5.981445,12.939453
2040,0.063599,-0.029785,1.005371,-0.305176,5.065918,13.671875
2050,0.078003,-0.068359,0.923462,0.183105,4.699707,13.977051
2061,0.109009,-0.084229,0.920288,-0.061035,2.990723,13.610840
2070,0.080200,-0.124512,0.909424,0.000000,3.417969,13.305664
2082,0.088867,-0.118042,0.951538,-0.122070,2.075195,13.671875
2092,0.130859,-0.155273,0.990479,0.061035,2.258301,13.793945
2101,0.146362,-0.173462,0.975342,0.122070,2.807617,13.244629
2111,0.153931,-0.219971,1.012939,-0.610352,1.953125,12.695313
2120,0.125977,-0.217896,1.046997,-1.464844,-0.122070,11.840820
2130,0.076050,-0.132080,1.073975,-1.586914,-0.183105,10.681152
2140,0.050415,-0.052246,1.040527,-1.525879,-1.342773,10.131836
2150,0.008301,-0.091064,1.003906,-0.671387,-2.319336,8.544922
2161,-0.032593,-0.235107,0.966309,-0.122070,-2.929688,8.117676
2171,0.013184,-0.192383,1.041504,-0.610352,-2.258301,7.568359
2181,-0.008667,-0.213623,1.016968,-1.342773,-1.953125,7.873535
2190,-0.015991,-0.108154,1.037231,-2.197266,-2.075195,8.117676
2201,-0.040771,-0.039673,1.051636,-2.014160,-1.647949,7.995605
2211,-0.042114,-0.083374,1.032959,-1.586914,-1.464844,8.178711
2220,-0.034546,-0.092407,1.056763,-0.976562,-2.441406,7.324219
2231,-0.068970,-0.171631,0.984619,-0.915527,-1.892090,6.286621
2241,-0.041870,-0.170166,1.007446,-1.342773,-1.281738,5.004883
2250,0.012451,-0.076050,1.070923,-1.403809,-2.258301,3.417969
2260,-0.001221,-0.062622,1.036621,-0.732422,-3.662109,1.342773
2271,0.035645,-0.068115,0.985474,0.244141,-3.173828,-0.183105
2280,0.024780,-0.078979,1.009399,0.488281,-3.295898,-1.281738
2290,0.015991,-0.135254,0.984131,0.427246,-2.929688,-1.220703
2300,0.030273,-0.040161,0.987427,0.061035,-2.197266,-1.098633
2310,0.046997,-0.125488,0.908203,-0.366211,-1.586914,-0.732422
2320,0.054077,-0.052368,0.942505,-0.549316,-1.647949,-0.854492
2331,0.083130,-0.096436,0.928833,-0.427246,-1.464844,-1.831055
2341,0.086548,-0.133301,1.027344,-0.549316,-2.014160,-3.417969
2350,0.094604,-0.179077,1.031494,-0.854492,-3.356934,-5.432129
2360,0.086914,-0.113403,1.091187,-1.464844,-5.004883,-8.850098
2371,0.089722,-0.021606,1.093872,-0.915527,-4.272461,-9.948730
2381,0.070557,-0.000732,1.090332,-0.061035,-3.967285,-10.253906
2391,0.057495,-0.077515,0.982422,0.549316,-3.356934,-9.826660
2400,0.013184,-0.078857,0.966187,0.244141,-3.967285,-8.605957
2411,0.037720,-0.067993,0.968140,-0.427246,-2.014160,-7.751465
2420,-0.053467,-0.078247,0.896240,-1.037598,-2.136230,-7.263184
2430,-0.066162,0.071411,0.840454,-0.488281,0.183105,-6.713867
2440,-0.014282,-0.021729,0.909424,-0.366211,-0.915527,-6.591797
2450,0.018677,-0.047485,0.964478,-0.366211,-1.037598,-6.591797
2460,-0.013916,-0.036255,0.964722,-0.671387,-0.732422,-5.981445
2470,0.025146,0.086914,1.071777,-1.098633,-0.366211,-4.699707
2481,-0.068848,-0.007080,1.036255,-0.793457,1.647949,-2.929688
2490,-0.070557,0.005615,1.083252,-0.427246,2.502441,-0.549316
2500,-0.059937,-0.079834,1.055176,-0.244141,3.784180,4.211426
2511,-0.231445,-0.057861,1.010986,-0.671387,4.577637,6.042480
2521,-0.241943,-0.012329,0.944458,-0.793457,6.103516,8.056641
2531,-0.220337,0.155762,1.001221,-0.427246,7.446289,10.070801
2540,-0.054443,0.093872,0.940186,0.244141,6.103516,12.268066
2550,0.135620,-0.047119,0.913940,0.976562,4.821777,14.648438
2562,0.161987,-0.042236,0.848511,1.281738,3.601074,19.958496
2571,0.142578,-0.301270,0.755005,0.366211,5.249023,23.681641
2582,0.070557,-0.283081,0.816895,-0.671387,6.286621,26.428223
2591,0.035889,-0.214111,0.813354,-1.037598,6.835937,27.343750
2600,0.018677,-0.410156,0.687500,-0.366211,6.042480,26.672363
2610,0.078491,-0.437256,0.665894,0.671387,4.028320,25.146484
2620,0.124512,-0.560547,0.577637,1.586914,0.000000,23.620605
2630,-0.083862,-2.232544,-1.659790,3.540039,-2.075195,22.277832
2640,0.046997,-2.659790,-1.594727,-19.165039,-0.915527,19.042969
2651,-0.100464,-2.588257,-2.087158,-44.128418,-2.197266,11.962891
2661,0.308228,0.078857,0.157837,-66.589355,-0.854492,7.690430
2671,0.447632,0.485474,1.982788,-66.406250,-2.746582,6.835937
2680,0.492676,0.015991,3.732910,-48.217773,-7.019043,5.004883
2690,0.254150,-0.058350,3.999512,-33.508301,-8.850098,6.774902
2700,0.379639,-0.022339,3.999512,-22.460937,-11.047363,8.544922
2712,0.140503,-0.694336,1.393311,-10.192871,-10.925293,9.948730
2721,-0.120605,-0.480713,1.352783,9.582520,-10.131836,8.544922
2730,-0.293945,-0.921387,1.430054,13.122559,-10.375977,5.859375
2741,-0.658569,-0.890869,1.923950,9.765625,-10.070801,2.380371
2750,-0.999146,-0.167603,2.036133,2.746582,-7.751465,-1.098633
2761,-1.438843,0.625977,1.896851,2.258301,-1.892090,-3.112793
2770,-0.963257,2.138062,3.400269,8.666992,7.446289,-1.586914
2780,-0.229736,2.542725,3.999512,39.855957,4.150391,11.291504
2791,-0.244019,3.804321,3.999512,59.387207,-0.488281,10.986328
2800,-0.256348,3.238892,3.751587,74.645996,1.831055,21.423340
2810,0.520264,3.064575,3.232056,79.956055,10.498047,31.188965
2820,0.232666,2.136108,2.007935,88.745117,14.587402,35.217285
2831,0.186035,1.562622,1.045044,96.801758,11.840820,32.348633
2840,0.276733,1.196533,0.500610,99.426270,9.094238,26.733398
2852,0.104492,0.226807,-0.524780,89.111328,7.690430,19.897461
2861,-0.054687,0.017822,-0.384155,80.444336,10.375977,18.310547
2871,-0.064453,-0.159058,-0.427246,72.509766,11.047363,15.441895
2880,0.067749,0.049438,-0.328491,64.758301,12.512207,13.122559
2891,0.130737,0.144165,-0.229004,57.800293,13.610840,12.817383
2900,0.330566,0.129272,-0.207886,51.269531,12.207031,11.047363
2910,0.440308,0.137939,-0.117310,46.081543,8.911133,7.934570
2922,0.362915,-0.160278,0.184814,40.222168,2.075195,5.554199
2931,0.282837,-0.282959,0.208618,36.743164,-1.037598,5.615234
2941,0.228271,-0.375610,0.145020,32.104492,-3.479004,4.882812
2950,0.173340,-0.360352,0.000732,26.977539,-5.676270,3.967285
2961,0.205322,-0.332031,-0.100586,22.644043,-8.117676,3.417969
2970,0.255859,-0.446533,-0.178345,19.104004,-10.681152,2.563477
2980,0.291016,-0.683472,-0.207520,15.625000,-13.122559,1.770020
2992,0.136841,-0.998779,-0.358887,5.432129,-18.981934,-3.967285
3002,0.033325,-1.047729,-0.394531,-0.732422,-20.812988,-6.713867
3011,-0.073608,-1.026367,-0.361938,-7.385254,-21.667480,-9.338379
3021,-0.091064,-0.990356,-0.322632,-13.122559,-21.728516,-12.817383
3031,-0.130493,-0.978149,-0.283325,-18.066406,-20.996094,-15.258789
3040,-0.114380,-0.982422,-0.245361,-22.949219,-19.958496,-16.723633
3050,-0.126099,-0.962036,-0.259644,-27.893066,-18.615723,-17.272949
3060,-0.177856,-0.946899,-0.248413,-37.841797,-15.502930,-16.113281
3070,-0.123413,-0.875244,-0.181641,-42.480469,-13.977051,-14.953613
3081,0.037720,-0.900391,-0.128418,-46.936035,-12.390137,-13.366699
3091,0.016968,-0.925537,-0.096802,-51.757812,-11.352539,-11.596680
3100,-0.022583,-0.886108,-0.124268,-57.006836,-10.498047,-10.498047
3110,-0.151001,-0.718384,-0.189209,-62.133789,-9.948730,-10.314941
3122,-0.194580,-0.642822,-0.280762,-70.251465,-7.263184,-9.643555
3131,-0.191284,-0.683594,-0.401001,-73.730469,-5.187988,-9.399414
3141,-0.240234,-0.802490,-0.409790,-78.430176,-3.234863,-9.094238
3151,-0.103149,-0.850098,-0.466431,-84.472656,-1.220703,-8.850098
3160,-0.108887,-0.829590,-0.558716,-91.491699,0.122070,-9.216309
3170,-0.034424,-0.678101,-0.675537,-98.999023,0.305176,-9.582520
3181,0.094360,-0.409546,-0.541382,-106.018066,0.366211,-10.375977
3190,0.090820,1.754395,3.952515,-102.966309,-0.793457,-12.939453
3202,-0.485962,-3.999512,1.565430,-63.354492,-7.873535,-5.981445
3211,0.204712,-1.900024,1.483765,-49.865723,3.234863,-14.038086
3221,0.804321,3.999512,2.110107,-80.688477,1.953125,-23.986816
3230,0.248535,2.893066,-0.243774,-51.025391,-12.512207,-22.094727
3241,-0.023804,0.753540,2.064209,-10.009766,-17.456055,-19.409180
3250,0.139526,0.206665,3.973633,-4.333496,-11.718750,-22.888184
3262,-0.033813,-1.077026,3.376587,-9.826660,-8.239746,-23.986816
3271,0.534912,1.025024,3.241821,-17.272949,-6.469727,-25.756836
3281,0.252075,0.779785,0.192993,-16.723633,-10.192871,-19.897461
3290,0.511841,1.408691,2.330933,-9.033203,-7.446289,-16.174316
3300,-0.089355,-1.114136,2.249756,13.061523,-8.422852,-12.268066
3310,-0.262451,-2.026001,2.249756,13.977051,-6.225586,-11.047363
3321,0.369873,-0.484253,2.127686,-4.943848,-0.427246,-10.192871
3330,0.206055,0.791870,0.736328,-16.601562,0.122070,-7.568359
3341,0.039429,0.096802,1.461914,-8.422852,-3.417969,-6.347656
3351,0.208618,-0.441895,2.150879,10.314941,-4.516602,-4.577637
3360,0.293091,0.110474,2.355225,6.835937,-4.150391,-5.676270
3371,0.241699,0.529541,1.581055,6.286621,-5.065918,-6.713867
3381,0.242798,0.648804,0.898560,13.183594,-7.019043,-8.239746
3390,0.218994,0.242554,0.749146,23.376465,-9.582520,-10.009766
3402,0.251465,-0.221191,1.022339,26.550293,-14.587402,-18.493652
3411,0.458862,-0.038818,1.108643,20.141602,-13.732910,-21.118164
3421,0.300171,0.221436,0.615112,15.502930,-14.099121,-22.888184
3431,0.222778,0.279663,0.118652,15.380859,-14.648438,-25.451660
3440,0.012817,0.292969,0.089111,17.578125,-14.404297,-28.320312
3451,-0.040161,0.163208,0.408081,17.883301,-14.099121,-32.287598
3460,-0.191040,0.034546,0.708008,15.808105,-14.282227,-38.024902
3472,-0.124146,0.079102,0.895508,10.986328,-13.427734,-48.400879
3481,-0.207642,-0.038940,0.683594,10.681152,-13.916016,-52.307129
3491,-0.272705,-0.121216,0.524414,10.742188,-13.183594,-56.335449
3500,-0.261475,-0.137939,0.613403,9.399414,-10.986328,-59.265137
3511,-0.188110,-0.009155,0.818848,7.568359,-7.568359,-61.340332
3520,-0.107788,0.061890,0.887573,6.164551,-4.699707,-62.927246
3531,-0.140991,0.055786,0.888184,6.408691,-2.380371,-64.331055
3540,-0.117188,-0.042114,0.806641,6.713867,-1.220703,-65.734863
3550,-0.068604,-0.005371,0.716553,6.591797,0.976562,-66.345215
3561,0.029053,0.074463,0.900757,4.882812,2.441406,-65.185547
3571,0.141968,0.105713,1.049683,3.906250,3.845215,-63.232422
3580,0.182373,0.087769,1.007568,3.723145,4.943848,-60.729980
3591,0.190796,0.133301,0.970703,3.540039,5.554199,-57.556152
3600,0.204224,0.167480,0.896729,3.417969,6.347656,-53.771973
3610,0.245361,0.202148,0.880371,3.906250,8.361816,-49.316406
3622,0.274414,0.147217,1.085815,4.394531,9.826660,-38.452148
3631,0.280396,0.072021,1.140137,5.859375,12.023926,-32.714844
3640,0.193604,-0.033447,1.060791,6.103516,12.451172,-27.099609
3650,0.107422,-0.060425,1.028442,5.859375,12.878418,-21.728516
3660,0.028809,-0.092651,0.993164,5.065918,13.549805,-17.089844
3670,-0.027100,-0.093384,0.990479,3.845215,14.831543,-12.756348
3680,-0.099609,0.006104,0.992554,2.990723,15.747070,-8.728027
3690,-0.161499,0.065308,0.978394,1.953125,17.517090,-1.586914
3701,-0.207642,-0.011597,0.952271,1.770020,18.371582,2.319336
3710,-0.208984,-0.013428,0.926636,1.464844,19.409180,5.981445
3720,-0.229492,-0.036865,0.971802,1.098633,20.568848,9.338379
3730,-0.198975,-0.060547,1.037354,0.610352,21.423340,12.817383
3741,-0.183594,-0.034546,1.109863,0.671387,21.972656,15.930176
3750,-0.154175,-0.000366,1.082520,0.549316,22.338867,18.676758
3761,-0.157349,-0.105347,0.981201,0.671387,22.216797,24.841309
3771,-0.124756,-0.108398,0.969238,0.671387,22.521973,28.015137
3780,-0.118530,-0.151978,0.945801,0.183105,22.705078,31.127930
3791,-0.130127,-0.073975,0.987183,-0.305176,22.766113,34.606934
3800,-0.102661,-0.020508,0.990845,-0.488281,23.010254,37.597656
3810,-0.169922,-0.053589,0.965454,-0.366211,23.376465,40.771484
3820,-0.146973,-0.104126,1.018677,-0.305176,23.315430,43.640137
3832,-0.185791,-0.048950,0.952271,-0.427246,23.254395,47.607422
3841,-0.167480,-0.073364,1.008301,0.000000,23.010254,49.804687
3850,-0.178589,-0.103394,1.034424,0.000000,22.827148,52.246094
3860,-0.161743,-0.025635,0.971558,0.305176,22.277832,54.138184
3870,-0.160400,-0.071289,0.980347,0.549316,22.094727,55.847168
3880,-0.119141,-0.089966,1.000244,0.549316,21.911621,57.983398
3890,-0.148071,-0.098755,0.906616,0.488281,21.423340,60.119629
3901,-0.178223,-0.089478,0.971436,0.061035,20.996094,63.293457
3911,-0.214111,-0.072388,0.916260,-0.915527,20.202637,64.392090
3920,-0.236694,-0.083496,0.885620,-1.464844,19.592285,64.270020
3931,-0.267700,-0.044678,0.989746,-1.525879,18.920898,63.781738
3940,-0.217041,-0.097656,1.006836,-1.403809,18.249512,62.805176
3951,-0.233521,-0.119629,1.011353,-1.403809,17.883301,61.462402
3960,-0.193481,-0.101196,1.017944,-1.403809,17.456055,59.814453
3970,-0.187622,-0.141846,0.978271,-1.525879,16.113281,57.373047
3981,-0.207275,-0.126831,0.962646,-1.831055,15.930176,56.274414
3991,-0.132935,-0.126465,1.027222,-2.258301,15.441895,55.236816
4000,-0.140503,-0.127930,1.067261,-2.502441,14.526367,53.710937
4010,-0.116943,-0.123657,1.081055,-2.380371,13.488770,51.696777
4020,-0.088379,-0.093994,1.103516,-1.892090,12.817383,49.560547
4030,-0.071411,-0.105835,1.057739,-1.464844,11.962891,47.607422
4042,-0.027222,-0.097290,1.054932,-1.037598,11.047363,42.724609
4051,-0.024048,-0.086060,1.061157,0.061035,9.338379,40.771484
4060,-0.018555,-0.064331,1.055176,0.305176,8.666992,39.428711
4070,-0.018921,-0.094727,1.011353,0.488281,8.605957,38.574219
4080,-0.005493,-0.053833,0.982056,0.854492,8.850098,38.024902
4090,0.027344,-0.112549,0.974976,0.732422,7.995605,37.231445
4102,0.008789,-0.126343,0.997803,0.976562,6.103516,33.508301
4111,0.025269,-0.094116,1.029785,1.037598,5.493164,31.188965
4121,0.004150,-0.085693,0.999390,1.037598,4.516602,29.174805
4130,0.005127,-0.089478,0.966431,1.159668,3.906250,27.465820
4141,0.027100,-0.069580,0.903809,0.915527,3.662109,26.611328
4150,0.054810,-0.080200,0.941406,0.244141,3.967285,27.221680
4160,0.061401,-0.031494,0.986938,-0.549316,4.028320,28.686523
4170,0.058350,-0.009033,1.002930,-1.159668,4.455566,30.029297
4182,0.061523,0.014893,1.065430,-1.586914,4.333496,32.653809
4191,0.003296,0.004639,1.063965,-1.098633,3.845215,33.081055
4200,-0.010376,0.023315,1.075928,-0.488281,3.173828,32.348633
4210,-0.057495,-0.020142,1.038818,-0.488281,2.807617,31.127930
4220,-0.034790,-0.017334,1.041626,-0.305176,2.685547,29.724121
4231,-0.019043,-0.025024,1.044922,0.061035,2.319336,27.709961
4240,-0.032959,-0.028564,1.006714,0.061035,1.892090,25.451660
4251,0.075195,-0.054321,0.972412,0.000000,1.403809,22.277832
4261,0.072266,-0.044800,0.961792,-0.122070,0.305176,21.179199
4270,0.112427,-0.058472,0.930908,-0.671387,-0.122070,20.385742
4280,0.093872,0.004639,0.973022,-1.098633,-0.061035,19.042969
4291,0.103271,0.013062,0.978882,-1.098633,0.061035,17.700195
4300,0.020630,-0.054687,1.010742,-0.671387,-0.061035,16.174316
4310,-0.004517,-0.070557,1.034668,-0.305176,-0.610352,13.610840
4322,-0.074219,-0.099121,1.029541,-0.244141,-1.037598,7.446289
4331,-0.063354,-0.045532,1.016479,-0.305176,-0.915527,4.882812
4340,-0.030151,-0.020020,1.003906,0.061035,-1.037598,2.563477
4351,-0.018188,-0.034790,0.991089,0.610352,-0.915527,0.732422
4360,0.012573,-0.068115,0.964355,1.098633,-0.427246,0.061035
4370,0.047852,-0.093994,0.952637,1.159668,0.732422,0.244141
4382,0.036987,-0.129517,0.982056,0.854492,2.014160,0.854492
4391,0.074463,-0.184448,0.990112,0.305176,2.258301,0.366211
4401,0.101074,-0.132202,1.023560,0.000000,2.502441,-0.122070
4410,0.096436,-0.145386,0.993530,0.000000,1.892090,-1.098633
4421,0.151855,-0.189331,0.894653,0.000000,1.098633,-2.075195
4430,0.112793,-0.209229,0.841431,-0.122070,0.000000,-2.075195
4441,0.174805,-0.238892,0.856567,-0.793457,-0.610352,-1.708984
4450,0.153809,-0.206421,0.904297,-1.403809,-0.122070,-0.610352
4462,0.197388,-0.187988,0.989014,-2.136230,2.075195,4.150391
4471,0.185059,-0.127075,1.017334,-2.197266,2.685547,6.225586
4480,0.180298,-0.174072,1.002563,-1.770020,3.234863,8.605957
4491,0.211426,-0.213135,0.986816,-1.342773,2.868652,10.681152
4501,0.201050,-0.150269,0.963989,-0.915527,2.136230,12.145996
4510,0.247314,-0.220947,0.823364,-0.549316,0.976562,13.793945
4522,0.512817,-0.270020,0.845093,-0.671387,-1.403809,17.883301
4531,0.432373,-0.024902,0.971191,-0.366211,-2.807617,19.592285
4541,0.234375,-0.124146,0.947144,1.220703,-3.417969,19.897461
4551,0.097900,-0.323608,1.047363,3.662109,-3.601074,20.263672
4560,0.132812,-0.368652,1.141479,3.784180,-4.089355,20.324707
4570,0.240967,-0.274658,1.111572,1.708984,-4.394531,20.263672
4581,0.329224,0.019897,1.113892,-0.549316,-5.615234,20.019531
4590,0.377930,0.175903,0.983398,-0.854492,-8.117676,19.348145
4600,0.261963,0.122070,1.040771,0.366211,-10.375977,18.920898
4611,0.213501,-0.078979,1.074463,0.671387,-10.681152,17.944336
4621,0.203125,-0.076416,1.108032,0.610352,-10.620117,16.723633
4630,0.239624,-0.016357,1.121094,0.000000,-11.047363,13.977051
4640,0.159546,-0.010376,1.021240,-0.671387,-12.939453,9.155273
4651,0.109009,0.101929,1.068970,-0.732422,-14.770508,3.112793
4660,0.109009,0.101563,1.001587,-0.305176,-16.479492,-3.295898
4672,0.135498,0.063965,0.935547,0.305176,-17.761230,-13.427734
4681,0.216187,0.086670,0.912354,-0.061035,-17.822266,-17.211914
4691,0.244507,0.089966,0.916870,-0.854492,-17.456055,-20.080566
4700,0.201660,0.162476,0.882324,-1.525879,-17.517090,-22.033691
4711,0.138184,0.208496,0.849121,-2.197266,-17.639160,-24.047852
4720,0.187988,0.177246,0.952637,-2.380371,-17.395020,-25.573730
4732,0.241699,0.216919,1.012573,-2.502441,-17.883301,-27.465820
4741,0.281372,0.147217,1.115112,-2.380371,-18.066406,-27.587891
4752,0.303833,0.057007,1.036865,-2.319336,-18.005371,-27.343750
4761,0.189331,-0.085449,0.962769,-2.502441,-17.456055,-26.489258
4770,0.072266,0.049683,1.129761,-2.990723,-15.686035,-25.878906
4781,0.221436,0.178955,0.964111,-3.356934,-13.305664,-25.451660
4790,0.287354,0.178345,0.820923,-3.051758,-13.061523,-26.306152
4801,0.137085,0.257690,0.900757,-1.708984,-18.066406,-32.226562
4811,0.030396,0.205811,1.062500,-1.831055,-18.005371,-32.165527
4821,0.037598,-0.138428,1.099121,-2.380371,-16.357422,-30.212402
4831,0.139893,-0.064087,0.953979,-2.929688,-13.671875,-26.916504
4840,0.235596,-0.006958,1.003174,-2.624512,-10.803223,-22.033691
4850,0.162598,0.043701,0.914307,-1.770020,-9.887695,-18.066406
4860,0.011841,-0.106689,0.946533,-0.915527,-10.253906,-15.869141
4872,-0.098022,-0.218262,0.945312,-0.122070,-9.033203,-13.549805
4882,-0.039673,-0.423706,0.933838,-0.549316,-8.789063,-12.695313
4891,0.039795,-0.359619,0.877686,-1.220703,-8.422852,-11.657715
4901,0.063354,-0.266479,0.919189,-1.342773,-8.361816,-9.704590
4910,0.036499,-0.186279,0.932739,-1.220703,-8.117676,-7.141113
4921,0.025024,-0.272339,0.929077,-1.098633,-7.751465,-3.417969
4930,0.023437,-0.384033,0.963623,-0.549316,-6.652832,1.220703
4942,0.019287,-0.423218,0.823120,-0.427246,-3.417969,11.901855
4951,0.035034,-0.526978,0.910278,-1.281738,-2.197266,16.479492
4961,0.011230,-0.427002,0.965088,-2.197266,-2.136230,20.507812
4970,-0.021484,-0.383911,1.021606,-2.746582,-2.441406,23.437500
4981,-0.094849,-0.462280,0.951294,-2.624512,-2.990723,25.329590
4990,-0.079834,-0.457764,0.943970,-2.502441,-3.723145,26.123047
5001,-0.123779,-0.400879,0.972900,-2.380371,-4.028320,26.977539
5010,-0.073120,-0.452148,0.964722,-1.953125,-3.784180,28.076172
5022,-0.002808,-0.247803,0.941528,-1.708984,-4.028320,31.616211
5031,0.039429,-0.421021,0.947998,-1.037598,-3.967285,34.484863
5046,0.034912,-0.397827,0.930786,-0.549316,-2.990723,39.733887
5055,0.010620,-0.472534,0.902344,-0.549316,-3.662109,41.687012
5065,-0.097412,-0.514404,0.934448,-1.220703,-3.967285,42.541504
5073,-0.097412,-0.514404,0.934448,-1.342773,-4.821777,42.480469
5083,-0.200073,-0.468384,0.949463,-1.159668,-5.493164,41.503906
5092,-0.187622,-0.531250,0.942139,-0.915527,-5.859375,40.161133
5102,-0.229736,-0.448975,1.084473,-0.610352,-5.859375,38.818359
5111,-0.275513,-0.570435,0.976318,-0.366211,-6.469727,36.865234
5120,-0.311890,-0.258545,1.067505,-0.854492,-6.713867,34.423828
5130,-0.342407,-0.475220,0.912720,-0.915527,-6.347656,31.799316
5141,-0.350098,-0.311523,0.961060,-0.976562,-6.103516,28.625488
5150,-0.311035,-0.299316,0.974854,-0.549316,-5.737305,24.902344
5162,-0.236938,-0.132324,1.029419,-0.488281,-5.920410,15.197754
5171,-0.202148,-0.452393,0.988525,-1.037598,-7.263184,10.131836
5181,-0.167236,-0.111450,1.163940,-2.136230,-7.202148,5.004883
5190,-0.117676,-0.070190,1.251099,-2.563477,-7.812500,-0.122070
5201,-0.146240,-0.093384,1.125610,-2.441406,-8.850098,-4.760742
5210,-0.069580,0.067871,1.135742,-2.075195,-8.605957,-7.751465
5222,-0.062378,0.001465,0.974854,-2.624512,-7.019043,-11.901855
5231,-0.045898,0.070435,1.013184,-3.112793,-6.164551,-13.366699
5240,-0.106323,-0.102539,0.935303,-3.356934,-5.187988,-14.343262
5250,-0.122803,0.118286,1.046387,-3.662109,-4.028320,-15.563965
5260,-0.205688,-0.015137,0.955688,-3.540039,-3.051758,-17.028809
5270,-0.260986,0.118164,1.034058,-3.662109,-2.319336,-18.981934
5281,-0.208740,0.031982,1.057983,-2.868652,-1.342773,-20.629883
5290,-0.205811,-0.011719,1.047852,-2.075195,-0.427246,-21.484375
5300,-0.169556,0.084717,1.064819,-0.549316,1.770020,-20.141602
5311,-0.171753,0.005249,0.922119,-0.305176,4.028320,-17.211914
5321,-0.138306,-0.222168,0.764648,-0.671387,6.530762,-13.366699
5331,-0.119385,-0.045044,0.930176,-1.342773,8.850098,-9.521484
5340,-0.147339,-0.108643,0.892090,-2.075195,10.314941,-6.347656
5350,-0.172485,-0.013672,0.967529,-2.380371,11.108398,-3.601074
5362,-0.181030,-0.052002,0.950195,-1.953125,12.634277,1.708984
5371,-0.114502,-0.157837,1.013550,-1.770020,13.671875,4.882812
5381,-0.101929,-0.184082,0.982666,-1.647949,14.526367,8.300781
5390,-0.086304,-0.123779,0.993286,-2.197266,15.197754,12.268066
5400,-0.046143,-0.116089,0.862305,-2.624512,16.357422,16.418457
5410,-0.062012,0.055786,0.829590,-2.746582,17.089844,20.019531
5420,-0.015381,-0.002930,0.780884,-2.319336,17.089844,23.193359
5432,-0.093262,0.060791,0.779053,-1.281738,16.479492,27.343750
5441,-0.080200,-0.148315,1.013794,-1.708984,15.686035,27.770996
5451,-0.017334,-0.138916,1.144043,-2.624512,14.770508,27.587891
5461,-0.019043,-0.127563,1.173218,-3.295898,14.221191,27.587891
5470,0.066528,-0.032471,1.135620,-3.540039,13.854980,28.015137
5481,0.105835,0.052124,1.009277,-3.173828,13.610840,28.442383
5490,0.222778,0.029907,0.975220,-2.258301,12.756348,28.991699
5501,0.246338,-0.071777,0.963013,-1.403809,9.765625,27.099609
5511,0.277344,-0.105103,0.973877,-1.892090,7.263184,24.353027
5520,0.216187,-0.165283,0.980835,-2.319336,5.004883,20.751953
5530,0.238525,-0.119507,1.053955,-2.685547,2.868652,16.845703
5540,0.242798,-0.106812,1.071533,-2.807617,1.464844,13.610840
5550,0.282227,-0.075073,1.043579,-2.319336,0.122070,11.779785
5561,0.280151,-0.032349,0.956177,-2.014160,-0.549316,10.498047
5570,0.253052,0.086426,0.936035,-1.586914,-1.098633,10.620117
5582,0.209961,0.069214,0.926147,-0.732422,-1.525879,12.145996
5591,0.134888,-0.035522,0.915527,-0.122070,-2.197266,12.695313
5601,0.113525,-0.072266,1.016113,0.061035,-2.990723,12.634277
5611,0.091553,-0.076416,1.155151,-0.122070,-3.906250,12.084961
5620,0.064941,-0.045654,1.198120,-0.610352,-5.004883,10.925293
5630,0.023071,0.005371,1.076294,-0.305176,-5.432129,10.131836
5640,0.020630,0.102539,1.108643,0.183105,-5.493164,10.070801
5651,-0.041992,0.021973,1.047241,0.976562,-6.347656,9.704590
5661,-0.055542,-0.072876,0.994629,0.549316,-6.225586,10.986328
5670,-0.060425,0.040527,1.138916,-0.183105,-5.371094,12.145996
5681,-0.071289,-0.048340,1.016479,-0.427246,-4.516602,13.488770
5690,-0.049561,0.034668,0.955811,-0.671387,-3.540039,14.953613
5701,-0.060181,0.020996,0.995728,-0.488281,-2.990723,15.686035
5710,-0.055420,-0.015015,0.847168,0.122070,-2.929688,15.136719
5722,-0.071777,0.134277,1.180298,-0.061035,-4.516602,11.169434
5731,-0.147339,-0.006470,1.169800,0.122070,-5.249023,8.056641
5741,-0.045288,-0.125244,0.853638,1.281738,-5.310059,5.981445
5750,-0.003906,-0.182251,0.875854,0.793457,-4.638672,4.821777
5761,0.016602,-0.014282,1.149048,-0.488281,-4.699707,3.662109
5770,-0.078857,-0.027466,1.241821,-0.488281,-4.516602,2.441406
5782,-0.061279,0.139404,1.264893,0.976562,-2.502441,2.624512
5791,-0.055664,-0.153809,0.901245,3.173828,-1.831055,2.868652
5800,-0.054443,-0.367676,0.769775,3.417969,-2.075195,3.417969
5810,-0.084473,-0.223389,0.813965,1.281738,-2.136230,4.394531
5821,0.012207,0.015381,0.979858,-1.098633,-2.197266,4.699707
5831,0.054443,0.063477,0.954834,-1.770020,-1.953125,5.004883
5840,0.081299,0.017212,0.824585,-1.281738,-2.441406,4.577637
5852,0.034912,-0.019409,0.847900,-0.183105,-2.563477,5.004883
5861,0.081299,-0.009399,1.055664,-0.854492,-2.563477,5.371094
5871,0.100098,-0.042358,1.051758,-1.220703,-2.380371,4.760742
5881,0.082642,-0.041870,1.059570,-0.732422,-2.807617,3.845215
5890,0.111084,-0.080933,0.999146,0.244141,-3.601074,2.258301
5900,0.074097,-0.116455,0.992676,0.976562,-4.272461,-0.061035
5910,0.070435,-0.222534,0.948120,0.915527,-5.004883,-2.563477
5922,0.114746,-0.225098,1.013428,0.000000,-5.737305,-7.019043
5931,0.154175,-0.096313,1.072510,-0.732422,-5.859375,-8.911133
5941,0.155029,-0.142090,0.961426,-0.610352,-6.347656,-10.742188
5950,0.203613,-0.102173,0.994263,-0.488281,-7.141113,-12.634277
5961,0.206177,-0.101807,0.986206,-0.427246,-7.812500,-14.221191
5971,0.205200,-0.099609,1.017822,-0.671387,-8.239746,-15.258789
5980,0.135376,-0.154907,0.927246,-0.793457,-8.300781,-16.174316
5992,0.086792,-0.123047,0.936646,-1.464844,-7.568359,-15.747070
6001,0.056519,-0.065063,0.951660,-1.342773,-6.774902,-15.014648
6011,0.010254,-0.072998,0.996582,-1.342773,-5.798340,-13.488770
6020,0.022217,-0.123047,0.981567,-1.647949,-4.943848,-11.291504
6031,-0.046997,-0.080322,1.016113,-2.014160,-4.089355,-9.094238
6040,-0.091797,-0.109985,0.974854,-2.197266,-2.868652,-7.141113
6050,-0.086060,-0.105835,0.929810,-2.136230,-1.892090,-5.310059
6062,-0.101929,0.032227,0.923340,-0.915527,-0.488281,-2.319336
6071,-0.101440,-0.311035,0.922607,-1.098633,-0.305176,-1.770020
6081,-0.119873,-0.046875,0.994385,-2.441406,-0.061035,-1.220703
6091,-0.101563,0.258667,1.053101,-2.868652,0.366211,-0.793457
6100,-0.083496,-0.327637,0.928223,-0.183105,1.403809,0.183105
6110,-0.008911,-0.717529,0.971680,-0.610352,1.953125,1.892090
6121,-0.053711,-0.333740,1.057739,-5.187988,2.380371,3.356934
6130,-0.048340,0.118530,1.048340,-8.239746,3.295898,4.699707
6142,-0.002075,0.108643,0.949585,-7.568359,3.967285,8.300781
6151,-0.053223,0.327271,0.964966,-6.164551,3.784180,9.948730
6161,-0.006226,0.332153,0.962646,-3.540039,3.723145,11.108398
6170,-0.036255,-0.013306,0.978882,-0.610352,3.784180,12.451172
6181,-0.014160,-0.310059,1.003052,0.427246,3.417969,13.793945
6190,0.064575,-0.242310,1.081665,-0.610352,3.601074,14.770508
6202,0.112793,-0.193115,1.034668,-3.479004,3.356934,17.578125
6211,0.015259,-0.027832,0.974609,-3.356934,3.479004,18.432617
6221,-0.041748,0.029419,1.017090,-2.563477,3.356934,19.165039
6230,-0.016846,-0.151001,1.062012,-1.708984,2.746582,19.714355
6241,-0.064209,-0.088989,1.143311,-1.892090,2.197266,19.470215
6250,-0.042358,-0.123291,1.048706,-2.380371,2.197266,19.470215
6260,0.002686,-0.072144,0.952515,-2.502441,2.075195,19.775391
6270,0.081909,-0.073853,0.965454,-2.197266,1.647949,19.592285
6280,0.135010,-0.103394,0.972290,-2.258301,-0.610352,16.967773
6291,0.094849,-0.101318,1.112183,-2.807617,-1.953125,15.075684
6301,0.075562,-0.098389,1.139160,-2.746582,-2.624512,13.122559
6310,0.070435,-0.032959,1.019165,-2.868652,-3.173828,11.474609
6320,0.076416,-0.092651,0.937378,-2.685547,-3.845215,10.131836
6331,0.099243,-0.035889,0.955444,-2.380371,-4.455566,8.666992
6340,0.100952,-0.014160,0.987061,-2.197266,-5.249023,7.019043
6350,0.076538,0.082031,1.007446,-1.892090,-5.981445,3.479004
6361,0.052979,-0.043701,1.071655,-1.525879,-6.164551,2.075195
6371,0.031738,-0.048462,1.007813,-1.403809,-6.164551,1.403809
6380,0.014526,-0.032837,1.018555,-1.892090,-6.347656,1.403809
6391,0.067627,0.016602,1.064209,-2.319336,-6.103516,1.525879
6400,0.023926,-0.076172,0.973755,-2.685547,-6.225586,1.098633
6413,-0.045532,0.126221,0.866333,-2.624512,-5.798340,1.220703
6423,-0.094604,0.150635,0.946899,-2.136230,-4.943848,2.136230
6432,-0.109619,0.054687,0.978882,-0.976562,-4.028320,2.685547
6442,-0.133301,-0.000854,0.978271,-0.610352,-3.112793,4.028320
6451,-0.098511,-0.010864,0.939819,-0.549316,-2.563477,5.432129
6461,-0.059570,-0.076904,0.912354,-0.915527,-2.807617,6.042480
6470,-0.091431,-0.061890,0.914551,-1.586914,-2.929688,6.713867
6482,-0.061035,-0.017578,0.915771,-1.403809,-2.624512,9.338379
6492,0.044556,-0.043335,0.958740,-0.915527,-2.380371,10.925293
6501,0.112915,-0.169312,0.942139,-0.366211,-2.807617,12.145996
6511,0.156982,-0.159790,0.958130,-0.305176,-4.150391,13.244629
6520,0.160889,-0.129761,0.822021,-0.183105,-5.737305,13.488770
6530,-0.004395,-0.168457,0.630249,0.488281,-5.981445,13.366699
6541,-0.056763,-0.061890,0.663574,1.037598,-4.333496,13.916016
6551,0.063477,-0.138428,0.702515,1.403809,-4.272461,12.817383
6560,0.055298,-0.227051,0.743530,1.525879,-6.530762,10.742188
6571,-0.071899,-0.471558,0.977173,0.915527,-7.385254,9.216309
6581,-0.009888,-0.611206,0.762085,0.061035,-7.263184,8.239746
6590,-0.021484,-2.119629,-1.730225,-0.427246,-7.324219,7.080078
6600,0.103149,-1.866821,-1.068359,-6.713867,-7.507324,4.272461
6610,-0.110596,-2.196899,-1.365845,-26.550293,-8.544922,-1.586914
6623,0.088379,0.582153,0.319214,-67.016602,-9.094238,-13.916016
6633,0.209473,0.616699,2.314697,-63.293457,-9.460449,-17.517090
6642,0.316162,0.357544,3.971313,-48.461914,-12.207031,-20.935059
6652,0.363647,0.409180,3.999512,-35.156250,-14.099121,-22.827148
6661,0.349854,0.655640,3.999512,-21.423340,-15.136719,-23.132324
6671,0.297119,-0.492065,2.246460,-5.310059,-14.343262,-21.545410
6680,0.341431,-0.634766,1.645264,7.446289,-13.854980,-19.714355
6693,0.178833,-1.923218,0.670898,6.835937,-17.761230,-16.601562
6702,0.204224,-1.174927,1.373291,-2.929688,-17.822266,-16.662598
6712,-0.020508,-0.785645,1.654419,-6.347656,-18.737793,-16.967773
6721,-0.094971,-0.959839,1.672729,-1.159668,-19.042969,-18.676758
6731,-0.045166,-1.430420,1.410156,5.310059,-15.197754,-19.165039
6741,0.034546,-1.402954,1.230103,6.652832,-10.192871,-19.287109
6750,0.195801,-0.671265,1.649536,4.943848,-8.056641,-21.728516
6762,0.431274,1.241699,3.815918,15.380859,-16.235352,-33.325195
6771,-1.399048,2.556274,3.999512,33.569336,-20.690918,-47.912598
6781,-2.072144,3.934204,3.999512,53.771973,-11.535645,-57.678223
6790,-1.472534,3.999512,3.999512,73.120117,1.647949,-44.189453
6800,0.801147,3.999512,3.999512,85.388184,12.756348,-22.888184
6810,1.573242,3.565063,2.960327,101.440430,19.042969,-2.807617
6821,0.712524,2.333984,1.912354,120.056152,20.202637,9.765625
6830,-0.475098,1.925659,1.339233,129.821777,14.587402,15.136719
6842,-0.894897,1.774658,0.131714,126.342773,24.475098,24.169922
6851,-0.515259,1.134155,-0.475464,124.633789,35.278320,29.602051
6861,0.053711,0.672729,-0.217529,123.046875,46.691895,35.705566
6870,0.048340,0.045654,0.069702,119.628906,54.870605,47.119141
6880,0.220947,-0.453857,0.006836,111.938477,55.725098,55.175781
6890,0.360352,-0.552612,-0.376099,101.013184,49.926758,53.405762
6903,0.823242,-0.038452,-0.947266,84.045410,30.639648,35.583496
6912,0.801636,-0.185547,-0.706055,80.444336,24.475098,32.409668
6922,0.809448,-0.641724,-0.537354,76.293945,18.981934,30.517578
6931,0.549683,-0.980591,-0.501953,69.824219,12.512207,25.451660
6941,0.344360,-1.084961,-0.635254,60.424805,5.371094,17.578125
6950,0.233032,-1.104126,-0.768921,50.903320,-0.976562,10.681152
6960,0.351807,-1.156982,-0.793091,42.663574,-6.225586,5.798340
6970,0.471069,-1.214966,-0.673584,34.973145,-10.253906,0.061035
6982,0.264160,-1.180542,-0.652710,17.700195,-19.470215,-17.639160
6992,0.018066,-1.051758,-0.634399,8.605957,-21.423340,-25.207520
7001,-0.207031,-0.785767,-0.529541,1.220703,-20.874023,-29.663086
7011,-0.296875,-0.669312,-0.413940,-3.723145,-17.639160,-32.104492
7021,-0.317139,-0.703857,-0.270386,-7.263184,-13.732910,-31.860352
7031,-0.270630,-0.759644,-0.176514,-11.352539,-9.338379,-28.381348
7041,-0.196167,-0.746948,-0.111816,-21.728516,-1.037598,-14.465332
7051,-0.155762,-0.643921,0.004150,-26.489258,2.075195,-7.751465
7060,-0.205566,-0.649170,0.054321,-30.395508,5.310059,-0.793457
7071,-0.192139,-0.640381,0.106323,-33.691406,8.056641,5.493164
7081,-0.222534,-0.672974,0.094360,-36.560059,10.559082,9.948730
7090,-0.220703,-0.700317,0.055420,-40.344238,12.817383,12.878418
7100,-0.161499,-0.674316,0.031006,-44.494629,14.709473,15.075684
7111,-0.084473,-0.640137,-0.020142,-52.673340,15.625000,16.296387
7121,0.033936,-0.510254,-0.195190,-56.701660,15.136719,15.808105
7130,0.086792,-0.462646,-0.251343,-61.645508,13.488770,15.197754
7140,0.133545,-0.548340,-0.330322,-67.016602,11.352539,14.038086
7150,0.172363,-0.587036,-0.415894,-73.242187,8.605957,12.023926
7160,0.229126,-0.600708,-0.471558,-80.322266,5.615234,10.253906
7170,0.185059,-0.547119,-0.481934,-87.524414,2.319336,7.873535
7180,0.216797,-0.417969,-0.509644,-94.726562,-0.793457,4.882812
7191,0.099365,-0.093384,-0.619263,-101.928711,-3.417969,0.793457
7201,0.077515,0.009766,-0.705322,-114.379883,-7.080078,-1.037598
7210,0.073975,-0.043335,-0.836182,-120.178223,-7.934570,-2.685547
7220,0.062500,-0.049927,-0.887451,-125.732422,-8.483887,-4.028320
7231,0.107544,-0.206421,-0.931030,-131.652832,-9.338379,-5.310059
7240,0.162720,1.112061,0.370361,-139.343262,-10.070801,-7.080078
7250,-0.414551,3.692017,3.999512,-127.685547,-9.033203,-9.643555
7261,-1.564941,-3.999512,0.001831,-68.603516,-8.361816,16.784668
7271,0.213745,0.741089,0.582397,-79.223633,9.582520,-1.159668
7280,1.000244,3.999512,2.422729,-106.445312,7.385254,-18.371582
7291,-0.241821,3.597534,1.735718,-37.841797,-6.652832,-4.699707
7300,0.070312,-3.937500,0.125488,20.263672,-17.211914,3.356934
7310,-0.364136,0.234619,3.999512,-3.051758,-10.559082,-14.099121
7320,-1.039795,0.032959,3.999512,-20.935059,-5.310059,-7.263184
7331,-0.466675,1.483398,0.518799,-18.066406,6.652832,-0.366211
7341,0.056030,0.546265,0.056641,17.639160,6.958008,2.075195
7350,1.003052,-2.011841,0.649902,30.944824,7.080078,6.835937
7361,0.202759,-2.082397,1.247192,16.845703,-3.356934,2.380371
7370,-0.196899,-0.521362,1.400391,-9.460449,-6.591797,0.427246
7380,0.173950,1.100586,1.383545,-21.057129,5.065918,8.850098
7390,-0.153564,0.967529,1.325195,-8.178711,10.498047,15.869141
7401,0.014771,-0.375366,2.291626,12.695313,5.737305,12.451172
7411,0.203369,-0.556885,1.844849,20.019531,3.723145,11.352539
7420,-0.045288,-0.057007,0.905518,15.869141,-0.915527,6.286621
7430,0.052002,0.398438,0.517456,16.662598,-2.929688,3.479004
7440,0.197388,0.075684,0.547241,22.949219,-2.014160,4.943848
7451,0.275269,-0.350586,0.672607,26.855469,-1.953125,6.103516
7460,0.267822,-0.234131,0.893311,23.742676,-1.464844,5.432129
7472,0.255371,0.199707,0.409790,15.136719,-0.244141,7.446289
7482,0.088135,0.146362,0.220459,15.686035,-1.525879,7.019043
7491,0.078003,-0.066895,0.322510,16.967773,-2.075195,6.530762
7500,0.083740,-0.308838,0.702026,15.686035,-2.258301,5.371094
7511,0.027954,-0.247192,1.057251,11.596680,-3.723145,2.197266
7520,-0.028564,-0.065186,1.019897,7.141113,-5.126953,-1.281738
7532,-0.075806,0.051514,0.713623,4.699707,-4.516602,-1.586914
7541,0.009155,0.088623,0.633911,5.737305,-3.295898,-0.244141
7551,-0.007935,-0.074219,0.788208,6.347656,-2.563477,1.464844
7560,0.027222,-0.222900,0.845337,5.371094,-3.173828,2.624512
7571,0.006592,-0.170532,0.825439,3.601074,-3.662109,2.685547
7580,-0.024414,-0.223755,0.624390,1.647949,-3.479004,3.784180
7591,0.029541,-0.168701,0.529053,0.061035,-2.685547,5.249023
7600,0.047852,-0.084229,0.560913,-1.281738,-1.708984,6.347656
7610,-0.003906,-0.137573,0.674805,-3.173828,-1.586914,6.958008
7621,-0.025269,-0.028320,1.185303,-4.272461,-1.586914,7.080078
7631,-0.079346,-0.002075,1.169312,-4.455566,-1.647949,7.202148
7640,-0.071411,-0.017578,1.120361,-3.601074,-1.586914,7.080078
7650,-0.096313,-0.124390,0.980713,-2.441406,-1.342773,7.080078
7660,-0.036499,-0.177368,0.972290,-1.281738,-1.403809,6.347656
7673,0.016357,-0.130737,1.119385,-1.953125,-2.807617,4.333496
7682,0.015747,-0.180176,1.046387,-2.197266,-3.295898,3.051758
7692,0.033325,-0.144409,1.037109,-2.197266,-3.234863,2.258301
7701,0.001953,-0.110352,1.027832,-2.380371,-3.112793,1.525879
7711,0.009888,-0.036865,1.034180,-2.563477,-2.624512,1.159668
7720,-0.013672,0.010132,1.051514,-2.380371,-2.258301,1.464844
7730,-0.006958,-0.078491,1.044800,-1.892090,-2.136230,1.708984
7740,-0.003906,-0.071533,1.064209,-1.464844,-1.953125,2.014160
7751,0.083496,-0.204956,0.979858,-1.464844,-1.770020,1.220703
7761,0.131226,-0.152344,0.956665,-2.075195,-2.502441,-0.488281
7771,0.105713,-0.129761,0.895386,-2.319336,-3.845215,-3.356934
7780,0.048950,-0.130249,0.873901,-2.441406,-4.516602,-5.981445
7790,0.042114,-0.083618,0.972046,-2.746582,-4.638672,-7.690430
7801,0.030396,-0.052856,0.974731,-2.929688,-4.333496,-8.911133
7810,0.030151,-0.095947,0.931519,-3.295898,-3.662109,-9.338379
7822,0.065674,-0.004395,0.932983,-3.906250,-2.441406,-8.972168
7832,0.065552,0.005859,0.977295,-4.028320,-2.197266,-8.850098
7841,0.071777,0.048706,1.017822,-3.540039,-2.685547,-9.033203
7851,0.061768,-0.026733,1.010742,-3.112793,-2.990723,-9.155273
7860,0.100220,-0.058838,1.044678,-3.051758,-3.112793,-9.277344
7870,0.088745,-0.008179,1.034180,-3.295898,-3.295898,-9.094238
7881,0.098267,0.016113,1.006958,-3.662109,-3.356934,-8.056641
7891,0.052124,0.029297,0.965210,-3.295898,-2.807617,-7.141113
7901,0.007324,-0.007690,0.936523,-2.929688,-2.197266,-5.798340
7910,0.005493,-0.022461,0.933472,-2.929688,-1.770020,-4.211426
7920,-0.036011,-0.006348,0.975830,-3.112793,-1.037598,-2.624512
7930,-0.065674,0.007202,1.017944,-3.173828,-0.244141,-1.037598
7940,-0.072266,0.005493,1.013672,-3.234863,-0.183105,-0.183105
7952,-0.107788,0.055298,1.058105,-2.075195,0.366211,-0.366211
7961,-0.093018,-0.110474,1.018555,-1.342773,0.854492,-1.159668
7971,-0.038696,-0.198486,1.009277,-0.793457,0.793457,-2.136230
7980,-0.039795,-0.171509,0.978394,-1.159668,0.549316,-2.990723
7991,-0.003418,-0.135864,0.979370,-1.403809,0.732422,-3.356934
8000,-0.013916,-0.107178,0.968506,-1.403809,1.220703,-2.929688
8011,-0.032715,-0.078369,0.926636,-1.525879,1.708984,-1.831055
8020,-0.038452,-0.109131,0.927856,-1.831055,2.929688,1.220703
8032,-0.032837,-0.086914,0.972778,-2.197266,3.784180,2.563477
8041,-0.015015,-0.039429,0.998169,-2.380371,3.784180,3.662109
8051,-0.034546,-0.072632,1.015015,-2.075195,4.089355,3.967285
8060,-0.040527,-0.121582,1.019653,-2.014160,3.967285,4.089355
8071,-0.054321,-0.061523,1.074829,-2.075195,3.784180,4.455566
8080,-0.069214,-0.081787,1.006470,-2.380371,4.211426,5.920410
8093,-0.067261,-0.004639,0.972656,-2.685547,6.164551,10.803223
8102,-0.057373,0.002563,0.931885,-2.319336,6.835937,13.854980
8111,-0.085205,-0.002686,0.957886,-2.136230,7.751465,16.662598
8121,-0.070557,-0.076294,0.991211,-1.892090,8.056641,19.348145
8130,-0.103027,-0.109375,0.971802,-1.953125,8.239746,20.996094
8141,-0.097900,-0.121826,1.005249,-1.953125,8.056641,22.216797
8150,-0.108398,-0.120483,0.991333,-2.197266,7.385254,22.766113
8163,-0.039185,-0.065918,1.024170,-2.319336,7.263184,22.888184
8173,-0.032837,-0.116455,0.989380,-2.319336,6.713867,23.010254
8182,-0.022705,-0.085449,0.993774,-2.258301,6.713867,22.949219
8192,0.021606,-0.064697,1.018066,-2.197266,6.469727,23.132324
8201,-0.003174,-0.130371,0.998535,-1.953125,6.408691,23.559570
8211,0.025879,-0.101685,0.991211,-1.586914,6.225586,23.376465
8220,-0.020386,-0.116333,0.986572,-1.464844,5.737305,23.620605
8233,-0.024902,-0.129639,0.946533,-1.098633,5.920410,24.597168
8242,-0.062500,-0.163574,0.977905,-1.281738,5.615234,25.329590
8252,-0.045410,-0.151978,0.972778,-1.464844,4.943848,25.817871
8261,-0.021240,-0.110229,1.036987,-1.770020,4.577637,26.123047
8271,0.008545,-0.091431,1.041992,-1.953125,4.211426,25.756836
8280,0.029297,-0.022461,1.005737,-1.647949,3.540039,25.451660
8291,0.065552,-0.093506,1.021240,-1.159668,2.929688,24.963379
8300,0.030396,-0.103394,1.022217,-0.915527,2.258301,24.169922
8312,0.045898,-0.139404,1.009155,-0.793457,0.976562,21.179199
8321,0.088257,-0.130249,0.994141,-1.037598,0.183105,19.531250
8331,0.050903,-0.143555,0.958374,-1.220703,-0.793457,17.150879
8340,0.090576,-0.053467,1.006470,-1.281738,-1.525879,14.465332
8351,0.079102,-0.066406,1.065430,-0.915527,-2.136230,12.084961
8360,0.116699,-0.090820,1.084595,-0.183105,-2.685547,10.314941
8373,0.035156,-0.162231,0.998169,0.549316,-3.540039,8.056641
8382,0.020020,-0.115723,1.047607,0.244141,-3.479004,7.812500
8392,0.025269,-0.100098,1.048096,-0.061035,-3.295898,7.568359
8401,0.004150,-0.022827,1.061890,-0.366211,-3.723145,6.896973
8411,0.020264,-0.005005,1.027954,-0.122070,-4.333496,6.164551
8420,0.040405,-0.124878,0.934937,0.488281,-4.394531,5.371094
8431,0.041870,-0.127319,0.956543,0.366211,-4.272461,4.211426
8441,0.040283,-0.163574,0.973511,-0.366211,-4.760742,2.075195
8450,0.036865,-0.133179,0.962280,-0.671387,-5.004883,0.793457
8461,0.049805,-0.114868,0.964722,-0.854492,-4.943848,-0.305176
8470,0.051025,-0.116943,0.972900,-1.098633,-4.821777,-1.831055
8480,0.036255,-0.054810,1.020630,-1.586914,-5.310059,-3.784180
8490,0.048950,-0.065918,0.989746,-1.464844,-5.737305,-5.187988
8501,0.040161,-0.016846,1.052979,-1.281738,-5.859375,-6.225586
8511,0.023926,-0.014038,1.046021,-1.098633,-5.554199,-7.019043
8520,0.010742,0.024048,1.058472,0.305176,-5.187988,-6.591797
8531,0.024780,-0.061646,0.983276,0.671387,-4.455566,-5.981445
8540,0.007568,-0.073853,1.008911,1.037598,-4.028320,-5.004883
8551,0.004761,-0.094727,0.974976,1.037598,-3.540039,-4.333496
8561,-0.008667,-0.075806,0.975220,0.671387,-3.051758,-2.746582
8570,0.032593,-0.030518,0.961670,0.793457,-2.197266,-1.403809
8580,0.019775,-0.027222,0.942627,0.854492,-2.197266,-0.366211
8592,0.005249,-0.070068,1.024780,1.037598,-1.342773,2.990723
8601,-0.011597,-0.070068,0.995850,1.525879,-1.159668,4.089355
8611,-0.017212,-0.066040,1.004028,1.770020,-0.854492,5.737305
8620,-0.034180,-0.117432,0.979614,1.831055,-0.122070,7.446289
8630,0.005127,-0.186279,0.908569,1.647949,-0.183105,8.728027
8641,-0.021240,-0.180176,0.894409,0.854492,-0.305176,9.948730
8650,0.026733,-0.202881,0.931519,0.000000,0.061035,11.718750
8662,0.052612,-0.059814,1.014648,-1.342773,-0.671387,12.084961
8671,0.037720,-0.104370,0.903442,-1.464844,-0.671387,12.512207
8681,0.025757,-0.147217,0.870117,-1.525879,-1.159668,12.512207
8690,-0.006348,-0.140991,0.923096,-1.892090,-1.464844,12.207031
8700,-0.016479,-0.155518,0.944092,-2.197266,-1.525879,12.207031
8711,-0.029053,-0.144043,0.963989,-2.502441,-1.708984,12.084961
8720,-0.027466,-0.081787,1.079102,-2.990723,-1.831055,11.291504
8732,-0.011108,-0.097046,1.015747,-1.953125,-1.647949,10.314941
8741,-0.033813,-0.212036,0.982056,-1.525879,-1.708984,9.338379
8751,-0.024902,-0.143188,1.045776,-2.075195,-2.075195,7.873535
8760,-0.028320,-0.122925,1.018433,-2.380371,-2.258301,6.286621
8770,-0.018921,-0.096313,0.970947,-2.563477,-2.380371,4.699707
8781,-0.005493,-0.097900,0.967285,-2.258301,-2.441406,3.112793
8790,0.024414,-0.104858,0.961914,-1.892090,-2.868652,1.586914
8801,0.023682,-0.131470,1.008789,-2.014160,-3.662109,-2.197266
8811,0.031982,-0.071899,1.004150,-2.807617,-3.723145,-3.540039
8820,0.045898,-0.013916,0.994873,-2.502441,-3.845215,-4.821777
8831,0.031860,-0.062988,0.981201,-2.014160,-3.723145,-5.676270
8840,0.025146,-0.090454,1.033325,-1.159668,-3.540039,-6.103516
8850,0.020264,-0.083496,1.023560,-1.037598,-3.234863,-6.347656
8862,0.010010,-0.115112,0.983154,-1.831055,-2.258301,-5.859375
8871,0.043945,-0.034302,0.984863,-1.892090,-1.953125,-5.615234
8881,0.027832,-0.062256,0.891846,-1.770020,-1.953125,-5.187988
8890,0.040527,-0.112671,0.920288,-2.075195,-2.014160,-4.333496
8901,0.015991,-0.107056,0.971680,-2.685547,-1.953125,-3.234863
8910,0.045898,-0.060913,1.005249,-3.051758,-1.647949,-2.136230
8921,0.012329,0.022217,1.084351,-3.845215,-1.098633,-0.610352
8930,0.033691,0.056885,1.082153,-3.784180,0.305176,3.234863
8942,-0.022095,-0.005005,1.020508,-2.929688,0.671387,5.432129
8951,-0.019165,0.007080,1.048950,-2.563477,0.915527,7.507324
8961,-0.044189,0.032471,1.063843,-2.563477,0.671387,9.277344
8970,-0.023560,-0.000610,1.029419,-2.624512,0.793457,10.864258
8981,-0.018311,0.041016,1.019531,-2.258301,0.976562,12.145996
8990,-0.007202,0.016357,0.967407,-2.075195,1.037598,12.878418
9003,0.011841,-0.005127,0.956299,-1.220703,0.793457,13.610840
9012,-0.008423,-0.060181,0.990845,-1.220703,0.671387,13.977051
9022,-0.024048,-0.054932,0.978882,-1.586914,0.244141,14.221191
9031,-0.041260,-0.052979,0.956665,-1.464844,0.122070,14.221191
9041,-0.037476,-0.036255,0.983276,-1.403809,0.244141,14.465332
9051,-0.037231,0.020996,0.931641,-1.342773,0.061035,14.526367
9061,-0.065430,0.008301,0.960693,-0.854492,-0.061035,14.404297
9070,-0.041626,-0.062256,1.007446,-0.305176,-0.122070,13.610840
9082,-0.058472,-0.100464,0.961548,-0.366211,-0.061035,12.817383
9092,-0.042114,-0.107544,0.997803,-0.427246,-0.305176,12.084961
9101,-0.042847,-0.092651,0.979492,-0.183105,-0.305176,10.986328
9111,-0.033447,-0.083496,1.002808,-0.488281,-0.244141,9.460449
9121,-0.023926,-0.076538,1.043579,-0.671387,-0.610352,8.056641
9130,-0.004883,-0.042725,1.018799,-0.671387,-1.098633,6.347656
9143,-0.012817,-0.145874,1.013672,0.305176,-1.220703,3.784180
9152,0.008423,-0.178711,1.012695,0.183105,-1.220703,2.563477
9162,-0.016113,-0.125488,1.027710,-0.244141,-1.464844,1.770020
9171,-0.004639,-0.092529,0.998535,-0.610352,-1.525879,1.037598
9181,0.009155,-0.095703,0.984131,-0.305176,-1.037598,0.610352
9190,0.020386,-0.122681,0.957153,-0.061035,-0.915527,0.854492
9201,0.053223,-0.187744,0.973999,-0.122070,-0.976562,0.976562
9210,0.076660,-0.220947,1.014771,-0.549316,-1.159668,0.183105
9222,0.058838,-0.145264,0.967651,-1.159668,-1.098633,0.000000
9231,0.091919,-0.148437,0.998291,-1.525879,-1.647949,-0.427246
9241,0.079590,-0.063843,1.068115,-1.159668,-1.770020,-0.366211
9250,0.061768,-0.139526,1.031006,-0.671387,-2.014160,-0.244141
9261,0.090942,-0.081177,1.129517,-0.488281,-1.892090,0.000000
9270,0.048950,-0.051514,1.090088,-0.122070,-2.136230,0.549316
9283,0.058838,-0.079102,1.056519,1.159668,-1.892090,2.136230
9292,0.069092,-0.162720,0.998901,1.831055,-1.892090,2.990723
9302,0.058228,-0.218750,0.997314,1.892090,-1.647949,3.356934
9311,0.036743,-0.194580,0.971069,1.098633,-2.075195,3.540039
9321,0.015015,-0.197388,0.924927,0.366211,-2.258301,3.601074
9330,0.005737,-0.165527,0.914917,-0.488281,-2.502441,3.417969
9341,-0.005493,-0.065796,0.946777,-0.915527,-2.380371,3.173828
9350,-0.031860,-0.097290,0.967773,-0.732422,-2.441406,2.441406
9362,-0.041016,-0.122803,0.937622,-0.854492,-2.380371,1.892090
9372,-0.011230,-0.157959,0.961914,-1.037598,-2.441406,1.098633
9382,-0.020264,-0.090210,0.960449,-1.281738,-2.624512,0.183105
9391,0.005493,-0.087158,0.919800,-1.281738,-2.502441,-0.366211
9401,0.000977,-0.130371,0.920776,-1.159668,-2.380371,-0.793457
9410,0.014404,-0.142944,0.951782,-1.403809,-2.136230,-1.159668
9423,-0.023560,-0.051392,1.011230,-2.136230,-1.342773,-0.122070
9433,-0.020386,-0.007202,1.031128,-2.075195,-0.915527,0.854492
9442,-0.021484,-0.003174,1.036133,-1.586914,-0.610352,2.075195
9452,-0.008423,-0.047241,0.989502,-0.976562,-0.305176,2.990723
9461,-0.021118,-0.053589,1.018555,-0.671387,-0.488281,3.601074
9471,-0.021973,-0.088257,1.006836,-0.915527,-0.244141,4.394531
9480,-0.006348,-0.093994,1.005981,-1.098633,-0.305176,5.187988
9493,-0.024414,-0.075806,0.947998,-1.220703,-0.427246,5.981445
9503,0.022705,-0.059082,0.959351,-1.098633,0.000000,6.469727
9512,0.040405,-0.106323,0.994141,-1.098633,0.183105,6.958008
9521,0.038208,-0.139282,0.983887,-1.220703,-0.183105,6.835937
9531,0.032959,-0.045410,1.035278,-1.464844,-0.427246,6.835937
9540,0.031738,-0.047363,1.044434,-1.586914,-0.854492,6.713867
9551,0.034546,-0.037109,1.067139,-1.525879,-1.159668,5.920410
9560,0.018799,0.035767,1.091675,-0.976562,-1.403809,5.004883
9572,-0.005249,-0.068604,1.052490,-0.061035,-1.403809,4.455566
9582,0.000244,-0.062622,1.056885,-0.061035,-1.159668,4.272461
9591,-0.009277,-0.088379,0.969727,0.000000,-1.159668,4.211426
9601,0.007568,-0.082642,0.935059,-0.366211,-1.281738,3.784180
9610,0.004395,-0.089722,0.916992,-0.488281,-1.342773,3.173828
9621,0.006348,-0.122314,0.918091,-1.037598,-1.770020,2.624512
9631,0.005615,-0.132324,0.945190,-2.197266,-2.136230,0.915527
9640,-0.021606,-0.106567,0.987305,-2.624512,-2.136230,0.305176
9650,-0.019775,-0.075073,0.952393,-2.868652,-1.953125,-0.305176
9660,0.006348,-0.103027,0.977539,-2.868652,-1.953125,-1.159668
9671,0.003662,-0.043091,1.018677,-2.929688,-2.197266,-2.136230
9681,0.015381,-0.084717,1.003052,-3.112793,-2.075195,-3.112793
9690,-0.012085,-0.106445,0.992676,-2.990723,-2.197266,-4.089355
9703,0.018677,-0.038086,1.009766,-3.356934,-1.770020,-5.371094
9713,0.029663,-0.024292,1.009521,-3.051758,-1.586914,-5.859375
9722,-0.005005,-0.015015,1.017578,-2.746582,-1.403809,-6.164551
9732,0.030029,-0.025024,0.971313,-2.685547,-1.159668,-6.164551
9742,0.010620,-0.035278,1.008301,-2.380371,-0.915527,-6.286621
9751,0.001953,0.019165,1.044678,-2.075195,-1.159668,-6.164551
9761,-0.001099,0.004883,0.976562,-1.647949,-0.976562,-5.737305
9771,0.026978,-0.048218,0.999634,-1.525879,-0.610352,-3.906250
9780,0.020630,-0.000854,1.009888,-1.220703,-0.244141,-2.014160
9791,0.016479,-0.062622,0.978394,-0.915527,0.427246,0.061035
9801,0.009888,-0.064209,0.984741,-0.793457,1.220703,2.441406
9811,0.003784,-0.072998,0.995361,-1.098633,1.464844,4.699707
9820,0.008789,-0.103638,1.044800,-1.220703,1.708984,6.347656
9830,0.007324,-0.063599,1.000366,-1.159668,1.647949,7.141113
9841,-0.013184,-0.093018,0.982300,-1.342773,1.281738,7.934570
9851,-0.000977,-0.009766,1.030640,-1.525879,0.976562,7.629395
9861,0.010864,-0.058838,1.026733,-1.464844,0.671387,7.202148
9870,-0.030396,-0.122070,1.037842,-1.403809,0.671387,6.958008
9881,-0.003174,-0.020386,1.003662,-1.403809,0.610352,6.896973
9891,-0.030151,-0.071777,1.004272,-1.159668,0.915527,6.835937
9900,-0.009521,-0.139038,0.973389,-1.098633,1.220703,6.713867
9913,0.007813,-0.031982,1.040161,-1.770020,0.488281,6.103516
9922,-0.008423,-0.117188,0.989014,-1.586914,0.183105,5.554199
9932,-0.015015,-0.113647,1.042358,-1.525879,0.366211,5.126953
9941,-0.025635,-0.089355,1.054565,-1.708984,0.793457,4.699707
9951,-0.043945,-0.131958,1.005493,-2.258301,0.549316,4.333496
9960,-0.037109,-0.068481,1.023926,-2.563477,0.427246,4.272461
9971,-0.030884,0.031738,1.056030,-2.746582,0.793457,4.455566
9980,-0.034302,-0.029297,0.973755,-2.258301,1.220703,4.394531
9992,-0.026123,-0.059937,1.005981,-1.342773,0.854492,4.028320
10002,-0.047485,-0.083740,0.945312,-1.281738,0.915527,3.601074
10011,-0.005981,-0.095093,0.948364,-1.525879,0.671387,2.807617
10021,-0.012573,-0.080322,0.888062,-1.464844,0.610352,2.319336
10030,0.026733,-0.113159,0.955078,-1.586914,0.732422,1.892090
10041,0.012573,-0.101318,0.938232,-1.831055,0.610352,1.037598
10050,0.039673,-0.052979,0.998779,-2.197266,0.610352,0.183105
10062,0.031494,-0.023315,1.026733,-2.014160,0.854492,0.061035
10075,-0.005737,-0.015625,0.990356,-1.464844,0.915527,0.122070
10085,-0.002441,0.003296,1.011963,-0.915527,1.159668,1.159668
10095,-0.004028,0.004272,1.049072,-0.549316,1.220703,2.014160
10104,0.008179,-0.080322,0.994751,-0.427246,1.220703,2.685547
10114,0.030029,-0.050415,0.983643,-0.671387,1.525879,3.540039
10123,0.017334,-0.057495,0.968872,-1.037598,1.708984,4.943848
10133,0.042480,-0.066284,0.970703,-1.342773,2.075195,6.408691
10142,0.011719,-0.023315,0.958130,-1.464844,1.831055,7.751465
10152,0.011719,-0.023315,0.996338,-1.403809,1.708984,8.850098
10161,-0.004517,-0.103882,1.015503,-1.342773,2.014160,9.704590
10171,-0.016235,-0.066528,1.062012,-1.464844,2.075195,9.887695
10181,0.006958,-0.019287,1.129150,-1.708984,1.892090,9.826660
10193,0.028687,-0.050903,0.959839,-0.854492,1.403809,9.704590
10203,0.059814,-0.056641,0.928589,-0.915527,1.037598,9.399414
10212,0.103149,-0.130005,1.019897,-0.854492,0.610352,8.972168
10222,0.057373,-0.181152,0.989502,-1.098633,-0.061035,8.605957
10231,0.063721,-0.185791,1.009277,-1.770020,-0.305176,7.690430
10241,0.056885,-0.076172,1.072998,-2.380371,-0.671387,6.713867
10250,0.017212,-0.062256,0.980347,-2.380371,-1.037598,5.981445
10263,-0.010742,-0.059082,1.014526,-2.075195,-1.647949,3.784180
10273,-0.001465,-0.081665,1.026367,-2.014160,-1.770020,3.173828
10282,0.008423,-0.099243,0.939087,-1.831055,-1.770020,2.136230
10292,0.003174,-0.084106,0.977417,-1.647949,-2.136230,1.159668
10301,0.018433,-0.003296,1.051636,-0.976562,-2.197266,0.183105
10311,0.041016,-0.089355,0.996704,-0.305176,-2.258301,-0.061035
10320,0.049561,-0.194824,0.999023,0.244141,-2.136230,-0.488281
10332,-0.008423,-0.232422,0.995361,0.305176,-1.892090,-1.037598
10342,-0.109741,-0.209595,0.968384,-1.159668,-1.037598,-0.854492
10352,-0.073242,-0.225342,1.012451,-1.586914,-0.549316,-0.610352
10361,-0.073486,-0.138672,1.028198,-2.075195,-0.244141,-0.610352
10371,-0.098145,-0.160278,1.015259,-2.075195,-0.122070,-0.122070
10380,-0.026245,-0.150635,1.042358,-2.197266,-0.183105,0.000000
10391,-0.027344,-0.104736,1.025269,-2.075195,-0.061035,-0.244141
10401,0.013672,-0.152588,1.026001,-1.953125,-0.305176,-1.647949
10410,0.040161,-0.177368,0.986938,-2.197266,-0.183105,-2.319336
10421,0.073975,-0.107544,1.010132,-2.197266,-0.244141,-2.929688
10431,0.067749,-0.074707,0.984863,-2.380371,-0.122070,-3.173828
10441,0.086426,-0.147461,1.058960,-2.441406,-0.305176,-2.868652
10451,0.043335,-0.120117,1.022095,-2.380371,0.000000,-2.746582
10461,0.049805,-0.053833,1.061279,-2.136230,0.244141,-2.441406
10471,0.046265,-0.013306,1.034668,-1.892090,0.061035,-2.746582
10480,0.057007,-0.046509,0.977661,-1.892090,-0.488281,-3.173828
10491,0.063965,0.047607,0.930298,-1.953125,-1.098633,-3.662109
10500,0.078857,0.037598,0.937622,-1.831055,-1.586914,-4.272461
10511,0.036377,0.032593,0.953613,-2.136230,-1.525879,-4.272461
10521,0.053345,0.086426,0.976074,-2.380371,-1.464844,-3.723145
10530,0.010254,0.035156,0.983032,-2.685547,-0.549316,-2.563477
10543,0.067139,0.084351,0.970459,-3.173828,0.000000,-0.244141
10552,0.039063,0.052979,0.981812,-3.112793,-0.427246,0.488281
10562,0.053711,0.049805,1.042969,-2.502441,-1.098633,1.037598
10571,-0.077026,0.026367,0.958374,-1.708984,-0.732422,1.647949
10581,-0.117676,-0.060791,0.967529,-1.708984,0.671387,3.173828
10590,-0.161865,0.006714,0.999878,-2.014160,2.990723,5.981445
10601,-0.164307,0.024292,1.011963,-1.708984,5.371094,8.789063
10610,-0.199951,-0.071777,0.860352,-1.159668,6.347656,13.061523
10622,-0.139404,-0.042114,0.892334,0.244141,5.432129,13.916016
10631,-0.127197,-0.062256,0.892578,0.610352,3.845215,14.160156
10641,-0.116699,-0.192505,0.881226,0.366211,3.479004,15.380859
10650,-0.059204,-0.220093,0.938599,-0.061035,3.845215,17.028809
10661,-0.075317,-0.193970,0.818359,-0.061035,5.493164,19.287109
10671,-0.071045,-0.078003,0.730957,0.061035,7.629395,22.583008
10682,-0.121826,-0.242920,0.850830,0.793457,8.666992,27.282715
10692,-0.088257,-0.362915,0.797241,1.953125,8.544922,28.198242
10701,0.069580,-0.549683,0.837036,0.915527,7.446289,28.564453
10711,0.072021,-0.747314,0.311523,-0.854492,3.967285,27.954102
10721,-0.214722,-2.292847,-2.261597,-1.464844,0.488281,26.672363
10731,-0.092651,-1.452393,-0.934326,-11.779785,1.953125,24.902344
10741,-0.147095,-2.259399,-2.064819,-28.686523,3.173828,22.399902
10750,0.118042,-1.058716,-1.497559,-49.560547,5.004883,19.470215
10762,0.473511,-0.057251,2.666382,-54.504395,2.624512,18.859863
10772,0.399902,0.036499,3.999512,-44.616699,2.807617,19.104004
10781,0.502441,0.656250,3.999512,-34.484863,2.929688,19.287109
10791,0.247803,0.586304,3.999512,-18.981934,1.342773,16.906738
10801,0.182861,-0.790283,2.470581,0.366211,-1.037598,13.916016
10811,0.036011,-1.475098,1.527954,11.840820,-4.028320,5.920410
10822,-0.622437,-1.633179,0.803711,12.695313,-9.643555,-12.878418
10832,-0.578979,-0.671997,1.362305,-3.234863,-9.338379,-17.944336
10842,-0.412109,-0.377808,1.858154,-1.586914,-4.516602,-18.371582
10852,-0.305298,-0.707153,1.920898,4.638672,1.342773,-13.977051
10861,-0.149780,-0.588257,1.783447,7.751465,6.286621,-8.117676
10871,-0.050293,0.688965,2.964966,7.690430,10.742188,-2.990723
10880,-0.000854,2.249023,3.999512,10.375977,10.314941,2.258301
10893,-0.440186,3.999512,3.999512,53.100586,-0.366211,-8.239746
10902,-0.829346,3.999512,3.999512,78.552246,-1.464844,-10.681152
10912,0.969971,3.999512,3.999512,91.430664,1.098633,-5.615234
10921,1.374390,3.285156,3.172485,102.722168,12.634277,7.385254
10931,0.460449,2.140869,1.495972,116.760254,13.061523,12.329102
10941,0.142944,2.073975,0.813110,126.525879,5.554199,7.751465
10951,-0.488159,1.912598,0.429077,129.455566,4.577637,9.460449
10962,-0.267090,0.150635,-0.894043,126.098633,10.498047,26.428223
10971,0.037476,-0.069580,-0.900879,111.694336,19.897461,28.503418
10981,-0.068970,-0.342407,-0.806763,103.027344,21.972656,32.348633
10990,0.018433,-0.621948,-0.782837,93.688965,21.972656,37.414551
11001,0.206909,-0.751953,-0.727905,82.580566,19.348145,38.513184
11010,0.336670,-0.656372,-0.772705,71.350098,13.305664,32.958984
11021,0.367310,-0.348999,-0.631226,62.255859,7.812500,24.353027
11032,0.462524,-0.659790,-0.059448,57.250977,3.967285,17.211914
11042,0.419922,-0.871338,0.047241,50.476074,-4.272461,10.925293
11051,0.335083,-0.929077,-0.020142,45.959473,-8.911133,1.892090
11060,0.317139,-0.801514,-0.059082,40.588379,-12.756348,-6.042480
11071,0.276489,-0.713867,-0.135620,35.888672,-16.052246,-12.084961
11080,0.315796,-0.729736,-0.170776,33.142090,-18.981934,-17.883301
11091,0.129761,-0.828125,-0.175903,30.700684,-21.240234,-22.766113
11101,0.010986,-0.900146,-0.187134,22.460937,-21.850586,-29.357910
11110,-0.119019,-0.931519,-0.218872,17.028809,-20.263672,-29.113770
11121,-0.219727,-0.842163,-0.198608,11.596680,-17.700195,-27.832031
11131,-0.256836,-0.830566,-0.192139,7.202148,-15.014648,-25.878906
11141,-0.177246,-0.832520,-0.189941,2.685547,-12.084961,-22.827148
11150,-0.210571,-0.843628,-0.216187,-1.953125,-9.582520,-18.676758
11160,-0.101929,-0.801636,-0.239868,-6.713867,-7.690430,-14.343262
11170,-0.138550,-0.831909,-0.243286,-11.840820,-4.882812,-7.141113
11180,-0.095581,-0.945923,-0.234131,-22.094727,-3.417969,-3.784180
11190,-0.156494,-0.916992,-0.251953,-27.893066,-1.892090,-0.183105
11201,-0.115601,-0.882812,-0.263306,-33.874512,-0.061035,2.441406
11211,-0.106567,-0.830078,-0.324219,-39.611816,1.647949,4.516602
11221,-0.003296,-0.801636,-0.370483,-46.081543,2.319336,5.676270
11230,0.039307,-0.731445,-0.377075,-51.940918,2.502441,6.774902
11240,0.096313,-0.683105,-0.352051,-58.166504,1.892090,6.835937
11252,0.154053,-0.506348,-0.365845,-70.861816,-0.244141,6.530762
11261,0.216187,-0.342529,-0.408936,-76.904297,-1.831055,6.408691
11271,0.215454,-0.182495,-0.413696,-82.763672,-2.746582,6.591797
11280,0.229004,-0.081055,-0.393921,-88.134766,-4.516602,6.958008
11291,0.214600,-0.069824,-0.385498,-93.444824,-5.432129,7.934570
11301,0.208740,-0.016235,-0.398804,-99.060059,-6.225586,9.094238
11310,0.221191,-0.034302,-0.404663,-120.300293,-7.385254,12.207031
11320,0.230225,0.048584,-0.507690,-117.126465,-8.056641,13.732910
11331,0.085083,0.203491,-0.588501,-123.413086,-8.422852,14.892578
11341,-0.022827,0.373657,-0.639404,-129.455566,-8.117676,16.174316
11350,-0.065552,2.489014,1.484741,-136.413574,-6.591797,17.211914
11361,-0.451172,3.852783,3.999512,-118.713379,-1.464844,17.944336
11370,0.764893,0.271362,3.999512,-55.847168,5.065918,25.329590
11383,-0.002197,0.040161,0.018433,-82.214355,17.517090,24.230957
11392,0.672974,3.999512,3.999512,-117.187500,15.075684,5.798340
11402,0.100830,3.980957,3.731201,-47.790527,-4.394531,2.197266
11411,-0.629761,-3.795776,-1.427246,13.854980,-19.531250,-1.525879
11421,0.025269,0.782959,3.999512,-7.934570,-9.094238,-11.657715
11431,-0.354980,0.710693,3.999512,-19.348145,-3.967285,-7.629395
11440,0.141602,-1.099487,1.057373,-8.422852,0.427246,-1.281738
11453,0.140503,0.718750,0.874756,4.638672,5.859375,3.356934
11462,0.504761,-1.167236,0.993164,13.061523,0.488281,0.244141
11471,-0.151978,-1.345093,1.223999,6.835937,-9.094238,-9.948730
11481,-0.512451,-0.368286,1.296387,-9.155273,-9.582520,-15.930176
11491,-0.021118,0.550781,1.453369,-15.625000,2.502441,-9.277344
11500,-0.047852,0.642822,1.373779,-7.202148,9.643555,-3.051758
11510,-0.042358,0.201660,1.728760,7.507324,6.958008,-1.770020
11523,0.177490,-0.143066,1.794800,14.160156,5.981445,4.455566
11532,0.001221,0.055054,1.271240,14.465332,3.356934,3.479004
11541,-0.129150,0.203003,0.886108,18.737793,1.586914,2.441406
11550,-0.155029,-0.043579,0.694336,24.475098,2.868652,5.065918
11561,-0.079590,-0.235718,0.808960,26.062012,6.347656,9.887695
11571,0.005127,-0.324219,0.766968,22.827148,8.911133,14.038086
11580,0.131226,-0.145752,0.664795,18.249512,9.887695,17.333984
11591,0.038940,-0.007813,0.454956,14.770508,7.751465,25.024414
11600,-0.008545,-0.049683,0.340820,15.014648,7.568359,28.808594
11611,0.066772,-0.162231,0.558350,14.465332,7.995605,31.982422
11620,-0.036621,-0.248657,0.742432,12.512207,6.958008,32.592773
11630,-0.052734,-0.253662,0.777710,9.643555,5.126953,32.043457
11641,-0.071167,-0.263916,0.743896,7.263184,4.699707,32.653809
11650,0.025146,-0.232666,0.728760,5.554199,4.821777,33.752441
11663,0.104614,-0.150146,0.761719,4.333496,4.455566,34.667969
11672,0.168091,-0.167969,0.809814,3.967285,2.807617,34.851074
11682,0.190430,-0.206055,0.796631,3.173828,1.159668,34.484863
11691,0.179199,-0.247070,0.785156,2.197266,0.549316,33.752441
11700,0.172729,-0.248657,0.737793,1.647949,0.244141,33.752441
11711,0.151245,-0.313477,0.768921,0.915527,-0.732422,32.775879
11720,0.097656,-0.296509,0.757324,-0.122070,-1.892090,30.273437
11731,0.069214,-0.253418,0.840454,-1.708984,-5.432129,23.498535
11741,-0.025391,-0.040894,1.081299,-1.647949,-6.469727,19.287109
11750,0.008789,-0.164673,1.094360,-0.915527,-7.751465,14.953613
11760,-0.006104,-0.221436,1.014893,-0.366211,-8.728027,11.535645
11771,0.048950,-0.184448,1.056396,-0.183105,-9.460449,8.605957
11780,0.020142,-0.085449,1.026855,-0.244141,-9.948730,6.713867
11791,-0.029907,-0.017212,1.025391,-0.366211,-9.277344,5.615234
11800,-0.007202,-0.035400,1.064697,-0.366211,-7.507324,5.065918
11810,-0.055786,-0.119385,1.018677,-0.610352,-7.446289,3.967285
11820,-0.036011,0.002319,1.076538,-0.915527,-7.995605,2.014160
11830,-0.013062,0.040283,1.050781,-0.671387,-8.850098,-0.244141
11840,0.024658,-0.020996,1.026367,-0.549316,-10.009766,-2.929688
11851,0.014893,0.006348,1.033203,-0.305176,-10.314941,-4.455566
11860,0.009399,0.061401,1.064453,-0.610352,-9.765625,-4.333496
11871,0.014648,0.071411,0.975464,-1.342773,-6.835937,-0.549316
11881,-0.038452,0.006958,0.951782,-1.708984,-5.065918,2.075195
11890,-0.092529,0.008179,1.007202,-2.014160,-4.455566,3.601074
11900,-0.091064,0.037231,1.133057,-2.258301,-4.394531,3.784180
11911,-0.104126,0.054932,1.079956,-2.380371,-4.821777,2.380371
11920,-0.104126,0.103760,1.077881,-2.685547,-5.493164,0.000000
11931,-0.067749,0.104492,1.094482,-2.441406,-5.493164,-1.892090
11940,-0.036133,0.067139,0.997681,-1.892090,-5.065918,-4.150391
11950,0.023315,0.055176,1.052246,-1.464844,-4.943848,-4.882812
11961,-0.004761,0.089111,1.005127,-1.647949,-4.516602,-4.943848
11970,0.000366,0.088257,1.053223,-2.197266,-4.028320,-4.943848
11980,-0.060303,0.096924,1.025024,-2.441406,-3.479004,-4.516602
11991,-0.125488,0.123291,1.050415,-2.624512,-2.807617,-4.333496
12000,-0.205933,0.147339,1.038818,-2.990723,-1.953125,-3.845215
12010,-0.300781,0.154785,1.004395,-3.356934,-0.610352,-3.540039
12022,-0.387085,0.195068,0.977173,-3.845215,3.051758,-3.295898
12031,-0.429199,0.086914,0.936646,-3.784180,4.882812,-3.601074
12040,-0.414673,0.077759,0.911865,-3.417969,6.835937,-3.845215
12050,-0.436035,0.096436,0.953613,-3.356934,8.544922,-4.211426
12061,-0.399658,0.146606,0.958252,-3.234863,9.948730,-5.249023
12070,-0.096436,0.026733,0.943481,-3.051758,10.925293,-6.530762
12080,0.357910,-0.523926,0.965210,-3.173828,11.352539,-6.835937
12092,-0.013916,0.072876,0.442627,-2.746582,3.295898,-6.835937
12101,-0.076416,-0.197144,0.595581,0.305176,2.685547,-6.958008
12111,0.243896,-0.476074,1.001587,2.624512,6.835937,-2.624512
12120,0.591064,-0.761353,1.404053,1.892090,11.657715,3.784180
12131,0.312500,-0.811279,1.413452,-0.549316,11.596680,7.507324
12140,0.037109,-0.612305,1.052124,-2.868652,8.666992,7.629395
12152,0.014526,-0.450073,0.731445,-1.586914,9.826660,11.413574
12162,0.156006,-0.536743,0.940918,-0.061035,9.704590,11.962891
12171,0.113281,-0.630859,0.871460,0.854492,8.483887,12.023926
12181,-0.031616,-0.659790,0.806763,0.183105,6.774902,12.023926
12190,0.021973,-0.591919,0.848022,-1.586914,6.835937,12.207031
12200,0.138306,-0.394775,0.978638,-2.929688,8.300781,13.977051
12210,0.137329,-0.359375,1.047363,-2.746582,8.239746,14.099121
12223,-0.079834,-0.314331,1.100952,-2.441406,5.310059,9.643555
12232,-0.104858,-0.308105,1.118896,-2.502441,4.211426,6.103516
12241,-0.159790,-0.272949,1.018799,-1.770020,3.417969,1.831055
12251,-0.146973,-0.267090,0.954346,-1.220703,2.685547,-2.502441
12260,-0.124146,-0.392456,0.944824,-1.159668,2.136230,-6.286621
12270,0.013428,-0.376099,0.959595,-1.831055,1.831055,-8.972168
12280,0.123779,-0.216187,0.969360,-2.868652,1.464844,-11.474609
12291,0.189941,-0.139160,0.928711,-2.868652,1.647949,-13.793945
12301,0.314209,-0.142456,1.026978,-1.953125,1.220703,-14.038086
12310,0.333496,-0.234375,1.039307,-1.464844,0.244141,-14.648438
12320,0.350708,-0.168335,1.166626,-1.586914,-0.732422,-15.319824
12329,0.314453,-0.075928,1.122314,-1.953125,-1.525879,-15.380859
12340,0.364746,-0.008179,1.074951,-1.953125,-2.319336,-15.197754
12350,0.396729,0.007324,1.046753,-1.586914,-3.234863,-15.197754
12360,0.363770,0.017334,1.020508,-1.098633,-4.638672,-15.380859
12371,0.384277,0.134521,1.087036,-0.793457,-5.249023,-15.502930
12380,0.373779,0.112793,1.067261,-2.075195,-4.943848,-14.892578
12390,0.414917,0.158203,1.014038,-2.380371,-4.760742,-13.793945
12399,0.341064,0.234863,0.977661,-2.685547,-5.249023,-12.634277
12410,0.359375,0.189575,1.041626,-2.929688,-5.920410,-11.901855
12420,0.325684,0.217041,1.083496,-2.990723,-6.469727,-11.413574
12431,0.353394,0.239990,1.156982,-2.685547,-8.850098,-12.023926
12440,0.280884,0.109619,1.031616,-2.502441,-9.826660,-12.084961
12451,0.215088,0.101563,0.961060,-2.136230,-10.742188,-12.695313
12460,0.158936,0.060669,0.994507,-1.525879,-11.352539,-13.549805
12470,0.067383,0.094604,0.926758,-1.281738,-11.352539,-13.916016
12479,0.065063,0.125122,0.913696,-1.586914,-10.925293,-14.038086
12490,0.032104,0.055908,0.938477,-1.831055,-10.925293,-14.587402
12501,-0.023926,0.035889,0.905640,-1.831055,-9.582520,-15.625000
12511,-0.136841,-0.011719,0.969238,-2.136230,-8.972168,-16.662598
12520,-0.182739,0.057861,0.944092,-2.258301,-7.934570,-17.883301
12530,-0.119385,0.028564,0.953613,-2.502441,-7.019043,-19.348145
12539,-0.119385,0.010620,0.971191,-2.563477,-6.225586,-20.690918
12550,-0.083984,0.010742,0.909912,-2.380371,-5.676270,-21.850586
12560,-0.017334,-0.073975,0.937866,-2.136230,-5.187988,-22.766113
12569,0.050293,-0.102173,0.924194,-1.708984,-4.821777,-23.071289
12581,0.059082,-0.061523,0.991699,-1.403809,-4.272461,-22.094727
12591,0.031250,-0.147827,0.958496,-0.732422,-2.990723,-20.690918
12600,0.036499,-0.267822,0.959106,-0.366211,-2.197266,-18.737793
12610,0.089111,-0.176392,0.924561,-0.122070,-1.464844,-16.296387
12620,0.093262,-0.244141,0.968628,-0.183105,-1.159668,-13.183594
12630,0.116699,-0.257813,1.019409,0.061035,-0.854492,-10.253906
12639,0.066895,-0.239990,0.901367,-0.122070,-0.915527,-7.446289
12651,0.122192,-0.366455,0.854492,-0.610352,0.122070,-1.464844
12661,0.171875,-0.361450,0.876831,-1.220703,0.366211,2.197266
12670,0.113770,-0.346558,0.987427,-1.342773,0.732422,6.164551
12679,0.125732,-0.330444,0.981201,-1.586914,0.976562,10.803223
12690,0.081055,-0.334717,1.076050,-1.586914,1.159668,15.930176
12700,0.092773,-0.270508,1.116943,-1.647949,1.159668,21.057129
12709,0.028076,-0.299683,0.999023,-1.464844,1.220703,25.634766
12721,-0.002075,-0.345093,0.983154,-0.915527,1.220703,33.142090
12731,0.067749,-0.411987,0.934448,-0.976562,1.342773,36.193848
12740,0.059570,-0.430176,0.959961,-1.464844,0.305176,38.085937
12749,0.063965,-0.367798,0.976685,-1.892090,-1.037598,39.062500
12760,0.029297,-0.393555,0.997070,-2.197266,-2.807617,39.733887
12770,0.012939,-0.302612,1.102783,-2.441406,-3.967285,39.733887
12779,0.019287,-0.370972,1.080078,-2.685547,-4.943848,38.879395
12789,0.000854,-0.346436,0.993896,-2.441406,-7.568359,34.240723
12800,-0.016479,-0.342041,0.978271,-2.502441,-9.216309,30.944824
12810,0.043457,-0.343994,1.004517,-2.685547,-11.047363,26.977539
12819,0.002686,-0.374756,0.889526,-2.624512,-12.756348,23.437500
12830,-0.044922,-0.356445,0.909424,-2.380371,-14.160156,19.531250
12840,-0.108276,-0.427856,0.920288,-2.258301,-14.343262,16.052246
12849,-0.103760,-0.338501,1.031982,-1.892090,-14.038086,13.244629
12861,-0.157349,-0.426880,0.899048,-1.464844,-13.793945,8.850098
12871,-0.223877,-0.424561,0.941406,-2.380371,-13.793945,7.751465
12880,-0.152954,-0.383911,1.034424,-2.746582,-13.122559,7.629395
12890,-0.178223,-0.240112,1.053223,-2.746582,-12.329102,7.873535
12900,-0.155640,-0.364746,0.943726,-2.075195,-11.474609,8.911133
12909,-0.195190,-0.212769,0.996948,-1.586914,-10.437012,10.375977
12920,-0.224365,-0.380859,0.965820,-0.976562,-9.094238,11.413574
12929,-0.260498,-0.280762,0.981201,0.061035,-6.591797,12.329102
12941,-0.327515,-0.437134,0.772583,0.488281,-6.225586,11.535645
12950,-0.281250,-0.151245,0.870117,0.244141,-5.432129,9.704590
12960,-0.329956,-0.398682,0.856812,-0.183105,-4.882812,7.995605
12969,-0.336914,-0.158691,0.973511,-1.037598,-4.028320,5.676270
12979,-0.334717,-0.065674,1.118652,-1.403809,-3.723145,3.295898
12990,-0.290894,-0.168457,0.983521,-1.159668,-3.112793,1.037598
13000,-0.212158,0.054443,1.060425,0.183105,-2.136230,-3.051758
13009,-0.130859,-0.084961,1.103027,0.366211,-1.586914,-4.760742
13020,-0.120239,-0.045044,1.097046,0.061035,-0.854492,-5.920410
13030,-0.158081,0.002197,1.065186,-0.366211,-0.305176,-6.652832
13039,-0.192627,0.057617,0.968994,-0.976562,0.183105,-7.263184
13049,-0.113525,-0.010742,0.928711,-1.525879,1.098633,-7.812500
13059,-0.091675,0.023926,0.902222,-2.258301,1.525879,-8.483887
13072,-0.139038,0.046631,1.137695,-3.479004,0.488281,-12.207031
13081,-0.086548,0.124268,1.128662,-3.295898,1.464844,-13.488770
13091,-0.080444,0.186157,1.195801,-2.807617,1.770020,-14.709473
13100,-0.137817,0.108398,1.074829,-1.647949,1.892090,-15.625000
13110,-0.120361,-0.013062,0.995850,-1.159668,3.173828,-15.991211
13119,-0.151367,-0.014893,0.929687,-0.976562,4.699707,-15.930176
13129,-0.126099,-0.180542,0.784912,-0.976562,5.920410,-16.113281
13142,-0.184448,-0.121338,0.718872,-2.746582,8.605957,-15.869141
13151,-0.176025,-0.107178,0.796997,-3.417969,9.948730,-15.441895
13161,-0.069458,-0.204224,0.857910,-4.028320,11.230469,-14.404297
13171,0.002197,-0.088501,1.054688,-4.455566,11.230469,-12.756348
13180,0.066650,-0.084595,1.168701,-4.394531,10.314941,-10.864258
13190,0.012085,0.045410,1.108276,-3.601074,10.009766,-7.995605
13200,0.077026,0.009888,1.020142,-2.380371,10.803223,11.779785
13209,0.057129,-0.154419,0.916504,-1.281738,14.221191,7.141113
13221,-0.029663,-0.290161,0.964478,-1.647949,15.502930,11.901855
13230,-0.139893,-0.288086,0.939453,-2.685547,16.174316,14.709473
13240,-0.239624,-0.212036,1.060791,-3.906250,16.235352,15.991211
13250,-0.245239,-0.183838,1.035767,-4.638672,15.563965,16.479492
13259,-0.155640,-0.084473,1.016479,-4.699707,14.831543,16.052246
13269,-0.007080,0.011230,1.054199,-3.845215,14.099121,15.991211
13281,-0.001709,-0.032959,0.863403,-0.854492,11.840820,15.625000
13291,-0.092041,-0.135742,0.740479,0.366211,11.718750,15.441895
13301,-0.106079,-0.242187,0.865845,1.098633,13.061523,15.991211
13310,-0.067139,-0.521118,0.942749,0.366211,14.587402,15.625000
13320,-0.103882,-0.305664,1.107544,-2.319336,15.319824,12.878418
13329,-0.063110,-0.212769,1.141357,-5.126953,14.282227,8.117676
13341,-0.106445,0.055420,1.047363,-4.943848,10.253906,-2.380371
13350,-0.070190,0.253540,0.909912,-1.708984,9.399414,-5.920410
13360,-0.088379,0.062744,0.847778,1.342773,9.643555,-7.446289
13369,-0.029053,-0.209839,0.977051,2.319336,10.925293,-7.507324
13379,-0.003418,-0.327881,1.101318,0.915527,12.695313,-7.141113
13390,-0.020020,-0.178345,1.167480,-1.770020,14.343262,-6.469727
13400,-0.015625,0.052612,1.126221,-3.845215,15.686035,-5.981445
13409,0.058472,0.103760,1.017578,-4.150391,16.479492,-5.187988
13421,0.213501,0.025146,0.750610,-3.295898,14.221191,-2.502441
13430,0.201050,0.058716,0.712036,-0.610352,12.207031,-1.831055
13440,0.249023,-0.190430,0.852051,0.366211,11.352539,-0.122070
13449,0.306763,-0.347900,1.075928,-0.549316,12.451172,2.807617
13460,0.251709,-0.499390,1.055420,-2.197266,13.427734,5.920410
13469,0.145386,-0.197876,0.992676,-3.723145,13.793945,7.751465
13481,0.099854,-0.061279,0.979736,-1.403809,13.488770,10.742188
13490,0.193359,-0.050903,0.964844,0.793457,11.840820,10.864258
13501,0.196045,-0.469360,0.960449,2.624512,9.338379,10.009766
13511,0.186890,-0.429321,1.042480,2.441406,6.713867,8.178711
13520,0.230347,-0.231323,1.159546,1.159668,5.737305,6.896973
13529,0.193359,-0.276611,1.030762,-0.244141,5.493164,7.324219
13539,0.241211,0.003540,1.036255,-1.098633,5.310059,8.666992
13550,0.254272,0.077515,1.057495,-0.427246,5.065918,10.620117
13559,0.254761,-0.044556,0.981812,0.305176,2.807617,14.160156
13571,0.172974,0.015869,0.963013,1.037598,2.319336,15.625000
13580,0.133301,0.050293,1.103149,0.732422,2.319336,17.089844
13589,0.120361,0.022949,1.152100,0.305176,2.197266,18.371582
13599,0.102661,-0.000244,1.159180,0.183105,2.258301,19.531250
13610,0.174805,0.177734,1.220581,0.305176,1.831055,20.263672
13619,0.200439,-0.036377,1.114868,0.976562,0.488281,20.141602
13632,0.288452,0.124756,1.153442,1.831055,-2.807617,18.676758
13641,0.364380,-0.095215,1.013428,2.075195,-4.638672,18.310547
13650,0.245972,0.030640,1.044678,1.892090,-5.432129,18.676758
13660,0.271729,0.019653,1.044922,1.831055,-5.371094,20.446777
13669,0.233154,-0.026245,1.024536,1.586914,-5.493164,22.216797
13679,0.243286,0.007202,0.969116,1.403809,-5.798340,23.803711
13690,0.178467,0.142944,1.015381,1.159668,-6.713867,25.207520
13699,0.180664,-0.051270,1.009521,0.244141,-8.850098,26.794434
13711,0.188599,0.000854,1.028931,0.488281,-10.314941,27.343750
13720,0.129639,0.064331,1.050293,0.732422,-11.352539,26.855469
13729,0.175781,0.033325,1.104248,1.281738,-12.634277,26.245117
13740,0.093750,-0.078857,0.977051,1.647949,-14.221191,25.268555
13749,0.122070,-0.011108,1.039063,1.647949,-15.258789,23.254395
13759,0.017334,-0.135132,0.961060,2.136230,-16.052246,20.568848
13772,-0.025879,-0.142456,0.889526,2.258301,-18.127441,11.779785
13781,-0.024658,-0.259399,0.710815,2.380371,-18.798828,6.042480
13791,-0.026978,-0.425415,0.707153,2.014160,-19.714355,0.000000
13800,-0.071289,-0.366943,0.780273,0.915527,-20.568848,-5.981445
13810,0.004395,-0.008057,1.360840,-0.305176,-20.568848,-10.314941
13820,0.046997,-0.030151,1.464355,0.366211,-21.057129,-13.488770
13829,0.040771,-0.203857,1.061157,2.746582,-21.484375,-15.686035
13839,0.034058,-0.471802,0.917603,3.540039,-20.019531,-19.958496
13849,0.016357,-0.736938,0.193115,0.671387,-18.554687,-21.606445
13860,0.026978,-0.473022,0.408325,-4.882812,-16.662598,-22.460937
13870,0.051270,-0.067505,0.715820,-8.789063,-16.235352,-22.766113
13879,0.141357,0.040894,0.985840,-8.422852,-16.418457,-22.033691
13889,0.160767,-0.114746,1.117310,-5.554199,-16.235352,-19.653320
13899,0.113159,-0.418335,1.054810,-3.234863,-16.235352,-17.333984
13909,0.040283,-0.499512,0.993164,-6.042480,-15.136719,-13.122559
13919,0.069458,-0.366577,0.954102,-7.629395,-14.709473,-10.314941
13929,0.022217,-0.172241,0.916626,-7.385254,-14.282227,-7.812500
13940,0.038208,-0.178223,0.997559,-5.798340,-13.305664,-4.577637
13949,0.034424,-0.393921,0.957031,-4.577637,-11.779785,-0.427246
13959,0.018555,-0.241089,1.029053,-4.699707,-11.352539,2.807617
13969,-0.018188,-0.224243,1.056763,-4.699707,-11.596680,5.432129
13979,-0.145142,-0.450073,0.936768,-3.356934,-10.681152,10.070801
13989,-0.281250,-0.326416,0.939575,-3.051758,-9.460449,12.695313
13999,-0.264648,-0.440796,0.909546,-3.356934,-8.056641,15.625000
14009,-0.228760,-0.353760,1.039917,-4.089355,-6.774902,18.066406
14020,-0.077271,-0.244751,1.062622,-4.211426,-6.164551,20.385742
14029,-0.046265,-0.351074,0.997192,-3.723145,-6.164551,21.728516
14039,-0.082275,-0.363770,1.012817,-3.112793,-6.591797,22.583008
14049,-0.108765,-0.287354,1.084717,-3.784180,-7.202148,21.423340
14059,-0.240845,-0.272217,1.114014,-3.784180,-7.385254,19.104004
14069,-0.200928,-0.172607,1.080444,-3.479004,-7.446289,15.930176
14080,-0.185669,0.003296,0.965576,-2.319336,-7.629395,11.962891
14089,-0.141602,0.058228,0.996460,-0.549316,-7.690430,7.568359
14099,-0.092529,-0.048340,1.067749,0.427246,-8.300781,3.295898
14109,-0.091797,-0.280640,1.095459,0.305176,-9.765625,-0.549316
14121,-0.234863,0.244507,1.154297,-1.953125,-11.169434,-6.347656
14131,-0.277954,0.443604,1.147217,-5.676270,-9.338379,-7.629395
14140,-0.233643,0.249756,1.028931,-4.455566,-7.568359,-8.972168
14150,-0.124268,0.484253,0.911743,-3.112793,-6.713867,-11.169434
14160,-0.195923,0.451416,0.877563,-0.915527,-6.347656,-13.305664
14170,-0.142822,0.285767,0.774780,2.258301,-5.371094,-14.465332
14180,-0.108276,-0.043213,0.824341,4.211426,-3.723145,-16.174316
14190,-0.146240,-0.428223,0.806641,0.854492,-3.906250,-16.662598
14199,-0.338989,0.172241,1.171265,-1.708984,-1.892090,-15.686035
14209,-0.347900,0.042847,1.053589,-2.197266,0.732422,-15.136719
14219,-0.339111,0.132202,0.965576,-1.159668,2.136230,-15.808105
14230,-0.239258,0.331421,1.088379,0.305176,2.990723,-17.150879
14239,-0.180542,-0.015869,1.085938,1.770020,3.967285,-17.700195
14250,-0.226074,-0.207886,0.981201,2.258301,5.187988,-17.761230
14259,-0.264771,-0.063843,0.949463,0.610352,8.728027,-16.784668
14269,-0.202393,-0.008423,0.909912,0.061035,10.192871,-16.235352
14279,-0.191284,-0.068848,0.854980,-0.915527,10.986328,-16.052246
14289,-0.191162,0.024902,0.925415,-1.159668,11.840820,-15.991211
14300,-0.111694,0.014160,1.018677,-0.305176,12.695313,-16.174316
14309,-0.169312,-0.210571,0.961304,0.671387,12.695313,-16.662598
14320,-0.159912,-0.183472,1.005493,1.464844,13.305664,-17.272949
14329,-0.125854,-0.388428,1.072754,0.427246,15.502930,-17.883301
14339,-0.108643,-0.536743,0.933594,-1.586914,16.357422,-17.883301
14349,-0.095947,-0.311157,0.919800,-3.051758,17.333984,-17.333984
14359,-0.035034,-0.247437,0.777954,-3.784180,18.676758,-15.502930
14370,0.018433,0.057373,1.033813,-3.479004,20.263672,-12.512207
14379,0.035522,-0.145508,1.026733,-2.014160,20.996094,-9.521484
14390,-0.024292,-0.122314,0.979980,0.000000,21.667480,-7.324219
14399,-0.066284,-0.131958,1.020874,3.234863,24.047852,-3.173828
14411,-0.012939,-0.562744,1.019531,2.807617,25.146484,-1.708984
14420,0.027466,-0.604370,1.005249,0.915527,25.207520,-1.220703
14430,0.062988,-0.415894,0.995361,-1.037598,24.291992,-1.281738
14439,0.106567,-0.193604,0.922974,-2.075195,23.132324,-1.403809
14449,0.096069,-0.252686,0.703735,-1.586914,21.789551,-0.671387
14459,0.154419,-0.185303,0.730591,-0.610352,21.301270,0.915527
14472,0.052979,-0.313843,0.922974,2.197266,21.118164,5.126953
14481,0.077759,-0.298340,1.033447,2.685547,21.789551,7.263184
14491,0.078125,-0.428833,1.101074,3.234863,22.583008,9.338379
14500,0.117432,-0.440674,0.987915,2.746582,22.399902,10.131836
14509,0.142578,-0.290405,0.917969,1.647949,21.240234,10.375977
14520,0.212158,-0.266724,1.011353,0.671387,19.897461,10.498047
14529,0.233032,-0.215454,1.016235,0.427246,18.249512,10.620117
14541,0.214844,-0.067383,0.960327,0.732422,15.075684,11.047363
14551,0.207153,-0.062256,0.990845,1.037598,14.770508,12.756348
14560,0.157227,-0.030640,0.948975,0.793457,14.648438,15.319824
14569,0.187622,-0.097656,0.895630,1.037598,14.404297,17.333984
14579,0.162842,-0.135376,1.001465,1.281738,13.732910,18.798828
14589,0.152954,-0.147461,1.058594,1.037598,12.695313,20.019531
14599,0.100098,-0.104004,1.029907,0.366211,11.352539,20.385742
14609,0.192139,-0.037476,1.081665,-0.244141,8.728027,20.202637
14619,0.173340,-0.021973,1.111572,-1.098633,7.141113,19.958496
14628,0.325195,-0.025269,0.964966,-0.793457,5.615234,19.592285
14639,0.339111,-0.105957,0.914917,-0.427246,3.234863,19.470215
14649,0.351196,-0.093628,0.960083,-0.366211,1.708984,19.470215
14659,0.312012,-0.058838,1.030762,-1.037598,0.610352,20.324707
14670,0.346436,0.034912,1.122925,-2.014160,0.061035,21.728516
14679,0.287476,0.121216,1.180786,-2.319336,-0.732422,24.902344
14690,0.321777,0.147949,1.156616,-2.258301,-2.746582,26.184082
14700,0.304932,0.127319,1.134521,-2.075195,-4.760742,27.160645
14709,0.236572,0.063721,1.027222,-1.770020,-6.530762,27.465820
14719,0.244019,0.068115,0.946411,-1.708984,-7.873535,27.648926
14729,0.157593,0.206787,0.951538,-2.014160,-8.911133,27.648926
14738,0.175781,0.205933,0.964844,-2.136230,-10.314941,26.794434
14751,0.065063,0.055664,0.979614,-3.234863,-12.145996,23.254395
14761,0.014526,0.199219,1.077637,-3.173828,-12.817383,20.690918
14770,0.035400,0.046631,1.136841,-2.807617,-13.549805,18.310547
14780,0.047607,0.022949,1.021484,-2.441406,-14.648438,15.686035
14789,0.053711,0.066040,0.981689,-2.380371,-16.357422,12.573242
14798,-0.010742,-0.106079,0.918945,-2.014160,-17.333984,9.887695
14809,0.004028,-0.118530,0.838623,-2.258301,-18.310547,7.507324
14818,-0.036621,-0.075562,0.935791,-2.441406,-18.066406,5.187988
14830,-0.059326,-0.212891,0.861938,-3.234863,-17.333984,1.098633
14840,0.017456,-0.060669,0.998413,-3.479004,-16.662598,-0.061035
14849,0.036499,-0.193970,0.900146,-3.234863,-16.845703,-1.281738
14859,-0.025269,-0.305786,0.775269,-2.014160,-17.150879,-2.441406
14869,-0.001099,-0.257690,0.883911,-1.708984,-17.089844,-3.540039
14879,0.043335,-0.361206,1.003784,-2.380371,-17.028809,-3.845215
14889,0.055420,-0.396484,0.945557,-3.112793,-17.333984,-3.479004
14900,0.147705,-0.176147,1.003662,-2.807617,-17.272949,-2.197266
14910,0.119263,-0.265869,0.947998,-2.075195,-16.967773,-0.427246
14920,0.069702,-0.489380,0.899170,-1.647949,-16.723633,1.281738
14929,0.044678,-0.472168,1.019287,-1.953125,-15.747070,3.112793
14939,0.031006,-0.336426,1.059448,-3.051758,-15.441895,4.882812
14949,-0.018921,-0.253418,0.938843,-3.540039,-15.197754,6.042480
14959,-0.049683,-0.297119,0.830200,-3.051758,-14.709473,7.019043
14968,0.008423,-0.354614,0.808228,-2.075195,-14.648438,6.774902
14978,-0.053711,-0.379883,1.105591,-1.525879,-15.136719,6.103516
14989,-0.095337,-0.385376,1.161865,-1.220703,-15.502930,5.615234
14999,-0.070435,-0.304321,1.089722,-1.403809,-15.625000,5.065918
15009,-0.197754,-0.281250,1.001587,-1.037598,-15.258789,4.272461
15019,-0.212402,-0.338867,0.907104,-0.183105,-14.282227,3.295898
15028,-0.222412,-0.311890,0.813354,0.793457,-12.695313,1.953125
15040,-0.299316,-0.362305,0.811157,1.220703,-10.925293,-3.173828
15050,-0.269287,-0.345093,0.947388,0.000000,-9.338379,-5.249023
15059,-0.331909,-0.258667,1.009155,-1.708984,-8.483887,-7.385254
15069,-0.287964,-0.137573,1.109497,-2.746582,-7.629395,-9.765625
15079,-0.231812,-0.046997,1.142578,-2.624512,-6.896973,-12.268066
15088,-0.175171,-0.055786,1.101440,-2.014160,-6.164551,-14.892578
15103,-0.140869,-0.015137,1.110229,-0.915527,-4.455566,-19.165039
15113,-0.127563,-0.017456,1.098267,-0.244141,-2.441406,-20.385742
15123,-0.163086,0.022583,1.103271,-0.305176,-3.112793,-21.423340
15132,-0.113159,0.049927,1.090820,-0.183105,-1.647949,-21.728516
15142,-0.128662,0.079102,1.069580,0.000000,-0.671387,-22.033691
15152,-0.199951,0.048706,1.009521,1.770020,2.136230,-22.583008
15161,-0.236450,-0.015259,0.998779,1.770020,3.784180,-22.705078
15171,-0.329956,-0.109131,0.852417,1.281738,5.371094,-23.132324
15180,-0.354004,-0.067261,0.824463,0.549316,7.263184,-23.376465
15190,-0.283936,-0.072632,0.846069,0.000000,9.887695,-22.705078
15200,-0.213867,-0.118530,0.835327,-0.488281,11.535645,-22.094727
15209,-0.253052,-0.173584,0.859985,-0.976562,13.122559,-20.874023
15219,-0.178833,-0.191040,0.891846,-2.014160,15.258789,-18.676758
15229,-0.195679,-0.099731,0.952393,-2.990723,17.089844,-16.113281
15238,-0.157715,0.021851,1.000732,-3.295898,18.920898,-13.183594
15250,-0.171387,-0.000977,0.900513,-2.258301,21.972656,-6.958008
15260,-0.184570,-0.001221,0.929810,-1.953125,23.376465,-4.028320
15269,-0.141846,0.004150,1.031616,-2.685547,24.536133,-0.427246
15279,-0.050293,0.045044,1.199463,-3.356934,25.390625,2.990723
15289,-0.009155,0.107300,1.257324,-3.479004,26.062012,6.286621
15298,0.042236,0.076172,1.199097,-2.868652,26.062012,9.765625
15310,0.080688,0.044922,1.149170,-1.098633,26.000977,16.845703
15319,0.088501,0.109497,1.115601,-0.122070,26.062012,20.202637
15329,0.199463,0.039673,1.020752,0.976562,26.184082,23.498535
15339,0.254028,-0.070190,0.964478,1.708984,25.329590,25.634766
15349,0.188599,-0.153809,0.957031,1.892090,23.742676,26.733398
15358,0.145386,-0.180420,0.998901,1.159668,21.911621,27.038574
15369,0.126587,-0.161621,1.018433,0.244141,20.141602,26.489258
15378,0.112671,-0.185303,0.979614,-0.244141,19.042969,25.939941
15390,0.120605,-0.169189,0.977051,-1.525879,15.747070,23.559570
15399,0.089600,-0.061279,1.002686,-1.953125,14.770508,23.193359
15409,0.081421,-0.045044,0.955322,-1.708984,14.221191,23.742676
15418,0.108154,-0.031982,0.909180,-1.464844,13.854980,24.597168
15429,0.119873,-0.042725,0.896606,-1.281738,13.366699,25.146484
15438,0.140015,-0.050049,0.920044,-0.915527,12.268066,25.634766
15451,0.072998,-0.072632,1.103516,-0.183105,9.460449,24.475098
15460,0.058105,-0.068604,1.178101,0.793457,8.422852,23.925781
15470,-0.008057,-0.060669,1.195923,1.647949,7.385254,23.437500
15479,-0.037476,-0.031616,1.203003,2.441406,6.896973,23.315430
15488,-0.063232,-0.022705,1.123779,3.479004,7.080078,23.681641
15499,-0.040649,-0.049561,1.053955,4.272461,7.080078,25.085449
15508,-0.009888,-0.123779,0.909058,4.394531,7.263184,26.428223
15521,0.060791,-0.197998,0.813354,3.051758,5.310059,27.343750
15530,0.101685,-0.236816,0.807861,2.258301,4.150391,27.282715
15540,0.086426,-0.262573,0.855835,1.342773,3.051758,26.794434
15549,0.073242,-0.253418,0.960327,0.122070,2.075195,26.245117
15559,0.015259,-0.215454,0.996582,-1.037598,1.464844,25.817871
15569,-0.025269,-0.136597,1.016479,-1.831055,0.793457,25.634766
15579,-0.053101,-0.141724,1.017212,-1.953125,0.610352,25.939941
15588,-0.052856,-0.143921,1.013184,-2.319336,0.732422,26.733398
15600,-0.067749,-0.070557,1.152222,-2.868652,-0.061035,26.672363
15609,-0.059448,0.064209,1.125122,-2.868652,-0.671387,26.550293
15619,-0.003906,0.065796,1.060181,-2.014160,-0.915527,26.306152
15628,0.011353,0.020020,1.082153,-0.671387,-1.403809,26.306152
15639,-0.002808,-0.042603,1.125122,-0.183105,-2.258301,25.451660
15648,-0.007813,-0.038330,1.128296,0.122070,-2.685547,24.719238
15660,-0.002686,-0.069214,1.083374,0.427246,-3.295898,23.254395
15669,0.028931,-0.149902,0.931763,0.854492,-3.845215,22.460937
15679,0.059570,-0.083984,0.963623,0.427246,-4.333496,20.996094
15688,0.078125,-0.099487,0.975586,-0.122070,-5.310059,18.676758
15699,0.097900,-0.069092,0.951050,-0.549316,-6.286621,15.686035
15708,0.099976,-0.108398,0.972046,-0.976562,-7.385254,12.207031
15719,0.097290,-0.197998,0.907104,-1.037598,-8.666992,8.605957
15729,0.099243,-0.184326,0.940674,-1.953125,-9.887695,1.525879
15740,0.115234,-0.043823,0.983521,-4.150391,-11.413574,-1.342773
15750,0.113403,-0.005981,1.029541,-4.821777,-11.596680,-3.356934
15759,0.094727,0.008789,0.992065,-5.065918,-11.413574,-4.516602
15769,0.080933,0.101318,1.009399,-5.126953,-11.047363,-4.760742
15778,0.107300,0.160767,1.011719,-4.821777,-10.620117,-4.516602
15789,0.123901,0.228271,1.055298,-4.211426,-9.948730,-3.845215
15798,0.096680,0.237671,1.007568,-3.356934,-9.582520,-2.746582
15808,0.059448,0.187134,1.073730,-1.525879,-9.033203,-2.258301
15819,0.092041,-0.018433,1.118042,-0.793457,-9.216309,-1.831055
15828,0.090088,-0.059326,1.103271,-1.037598,-9.155273,-1.770020
15838,0.077026,0.010986,0.978271,-1.037598,-9.277344,-1.892090
15849,0.124756,0.088135,0.982178,-0.793457,-9.277344,-2.075195
15858,0.084229,0.123657,0.975464,0.122070,-8.972168,-1.770020
15870,0.070679,0.029175,0.997192,1.586914,-8.117676,-0.488281
15879,0.035278,-0.143311,0.987183,0.976562,-7.690430,0.610352
15889,0.025391,-0.092407,0.942139,0.061035,-6.835937,1.464844
15898,0.016724,-0.025513,0.946655,-0.976562,-6.774902,2.014160
15909,-0.041138,-0.018799,0.907959,-1.342773,-6.835937,2.624512
15918,-0.001343,-0.075195,0.923096,-1.037598,-7.019043,2.563477
15928,-0.063965,-0.104248,0.995850,-1.037598,-7.385254,2.319336
15940,-0.113159,-0.086060,1.026978,-2.136230,-6.958008,0.915527
15949,-0.109863,-0.063354,1.021362,-1.953125,-6.225586,1.037598
15959,-0.043457,-0.089233,0.978638,-0.976562,-5.737305,1.098633
15968,-0.027100,-0.104736,1.017212,0.000000,-5.310059,0.915527
15978,-0.010498,-0.100098,1.040039,0.549316,-5.004883,1.220703
15989,0.039795,-0.089233,1.031616,0.305176,-4.699707,0.427246
15998,0.021240,-0.041504,0.954834,0.000000,-4.699707,-0.671387
16008,0.064819,-0.062012,0.900635,0.305176,-4.577637,-1.770020
16018,0.051636,-0.130005,0.946533,1.281738,-4.821777,-3.784180
16029,0.072388,-0.225830,1.026245,0.793457,-4.699707,-4.638672
16038,-0.014771,-0.211304,0.948120,0.305176,-4.516602,-5.310059
16048,-0.013184,-0.108154,0.873047,-0.183105,-4.089355,-5.615234
16059,0.035889,-0.059326,0.892212,-0.854492,-3.540039,-5.249023
16069,0.067871,-0.063354,0.964355,-0.610352,-3.356934,-4.882812
16078,0.039551,-0.023071,1.047241,-0.305176,-3.540039,-4.821777
16090,0.050781,-0.134521,1.009155,0.244141,-2.929688,-3.356934
16099,0.067383,-0.114990,0.988159,0.122070,-2.502441,-2.380371
16109,0.009644,-0.165527,1.000122,0.061035,-1.831055,-0.915527
16118,0.053711,-0.229126,1.001099,-0.305176,-1.708984,0.305176
16128,0.022705,-0.221558,1.054932,-0.793457,-1.159668,1.708984
16139,0.045654,-0.265991,1.113525,-1.586914,-0.915527,2.807617
16148,0.018311,-0.146606,1.140747,-2.014160,-0.976562,2.990723
16158,-0.042358,-0.054932,1.186401,-0.549316,-1.586914,3.112793
16169,0.006348,-0.091309,1.121094,0.610352,-1.770020,2.929688
16178,0.063721,-0.153076,1.071655,1.281738,-1.892090,2.380371
16189,0.012573,-0.115601,1.071045,1.342773,-2.075195,1.831055
16198,0.045654,-0.104248,1.031616,1.342773,-2.197266,1.464844
16209,0.026123,-0.061646,0.975098,1.281738,-2.075195,1.098633
16218,0.046387,-0.081543,0.905396,1.037598,-1.831055,0.427246
16230,0.068359,-0.104492,0.873291,0.793457,-1.647949,-0.305176
16239,0.023071,0.027100,0.930664,-0.549316,-2.136230,-0.610352
16249,0.038696,0.028442,0.898682,-0.732422,-2.319336,-0.732422
16258,0.012817,-0.101318,0.806152,-0.976562,-2.075195,0.000000
16269,-0.023560,-0.011597,0.797485,-1.586914,-1.953125,0.854492
16279,-0.012939,0.103638,0.846436,-2.014160,-1.281738,2.075195
16288,-0.036865,0.137939,0.897461,-2.502441,-0.366211,3.112793
16300,-0.087158,0.118164,0.979492,-2.563477,1.037598,5.126953
16309,-0.120972,0.072754,1.018799,-1.647949,1.708984,6.286621
16319,-0.144897,0.067627,1.035400,-0.915527,2.197266,7.385254
16328,-0.097656,0.053711,1.026245,-0.915527,2.441406,8.728027
16339,-0.105347,-0.012939,0.980713,-1.647949,2.563477,10.131836
16349,-0.097778,0.004395,0.913818,-2.563477,2.441406,11.352539
16358,-0.043091,0.054199,0.859741,-2.319336,2.319336,13.000488
16368,-0.121582,0.170654,0.865356,-1.220703,3.051758,16.906738
16379,-0.067139,0.015137,0.987915,-1.159668,3.845215,18.920898
16388,-0.098633,-0.112915,0.985718,-1.220703,4.272461,20.507812
16398,-0.140625,-0.110840,1.018677,-1.586914,4.638672,22.033691
16409,-0.219849,-0.166138,0.900391,-1.586914,4.699707,23.254395
16418,-0.404297,-0.348389,0.707886,-1.831055,5.126953,23.803711
16428,-0.376465,-0.402710,0.525879,-2.258301,6.103516,24.841309
16440,-0.485229,-0.706665,0.166504,-2.868652,7.568359,24.047852
16449,-0.398315,-1.019165,0.080688,-3.967285,9.399414,23.315430
16458,-0.367432,-3.530762,-2.943848,-2.319336,10.314941,22.460937
16468,0.050171,-2.488037,-0.473145,-13.244629,10.925293,18.676758
16479,-0.094849,-3.241943,-1.815796,-35.705566,5.554199,12.268066
16488,0.348999,-1.315308,-1.388184,-63.049316,1.831055,6.164551
16498,0.377197,1.032349,1.261230,-75.805664,3.540039,7.385254
16510,0.149658,0.913696,3.999512,-46.508789,5.310059,20.019531
16519,0.191895,0.674561,3.999512,-19.287109,5.615234,24.414062
16528,0.230103,-0.806030,3.855835,3.173828,5.798340,25.451660
16539,0.514038,-1.841431,1.521729,19.165039,1.831055,22.766113
16548,0.530762,-1.619507,0.127075,16.113281,-7.080078,16.052246
16559,0.376831,-1.352539,-0.294067,6.713867,-15.136719,12.145996
16569,0.332275,-0.863892,0.894287,0.549316,-14.770508,23.803711
16580,0.310913,-0.378540,2.252686,-0.732422,-7.141113,28.015137
16590,0.257080,0.048584,1.913330,0.610352,-5.920410,29.907227
16599,0.815918,2.099731,3.941528,3.479004,-8.422852,27.404785
16608,1.030762,2.424194,3.843506,15.686035,-18.310547,22.033691
16618,0.274170,3.614990,3.999512,36.743164,-32.165527,12.145996
16628,-2.222046,3.999512,3.999512,61.279297,-33.020020,-3.112793
16638,-2.740234,3.999512,3.999512,80.993652,-14.038086,-8.911133
16650,0.425903,2.433105,1.845581,88.012695,22.949219,3.540039
16659,0.825928,1.823120,0.682251,109.008789,22.033691,6.225586
16668,1.482788,1.813110,0.807983,116.516113,12.573242,0.366211
16679,0.941650,0.952881,0.247925,115.844727,-1.342773,-7.629395
16688,0.532837,0.032593,-0.650879,108.398437,-14.160156,-15.808105
16699,0.531128,-0.109741,-0.760986,96.801758,-21.850586,-27.526855
16708,0.062988,-0.027588,-0.478149,86.059570,-26.855469,-35.949707
16718,-0.247681,0.248291,-0.058105,70.373535,-26.000977,-39.306641
16729,-0.602539,0.387207,0.133545,63.842773,-24.230957,-39.855957
16738,-0.713135,0.620850,0.151611,58.959961,-20.874023,-42.358398
16748,-0.778564,0.612305,0.160034,58.288574,-16.784668,-41.320801
16759,-0.390503,0.317749,0.203125,59.936523,-11.108398,-34.729004
16769,-0.244019,-0.219727,0.140747,60.668945,-5.493164,-23.315430
16778,-0.058472,-0.512939,0.094849,58.288574,-1.464844,-12.939453
16788,-0.193726,-0.594116,-0.060791,47.241211,3.784180,3.173828
16799,-0.334595,-0.681396,-0.474976,42.724609,8.117676,11.596680
16809,-0.231567,-0.877441,-0.460327,39.123535,10.986328,17.944336
16818,-0.061523,-1.117188,-0.371826,35.034180,12.207031,20.202637
16828,0.018066,-1.123047,-0.339233,29.113770,12.695313,20.263672
16838,0.079102,-1.082153,-0.343506,22.216797,12.878418,19.042969
16850,0.074219,-1.036987,-0.374756,10.131836,11.474609,12.268066
16859,0.038818,-0.962891,-0.325317,5.737305,10.070801,7.019043
16869,0.069092,-0.982544,-0.245483,1.647949,9.216309,2.380371
16878,0.133667,-0.989380,-0.217773,-2.868652,8.056641,-1.159668
16889,0.206543,-1.031006,-0.276489,-7.995605,6.896973,-4.455566
16898,0.279175,-1.047852,-0.321533,-13.671875,5.249023,-6.347656
16908,0.299805,-1.027466,-0.314941,-18.920898,3.479004,-6.835937
16918,0.313354,-1.113525,-0.309326,-23.803711,1.342773,-6.530762
16929,0.249756,-1.171143,-0.316895,-29.907227,-0.488281,-6.591797
16939,0.221558,-1.026001,-0.343018,-44.372559,-4.150391,-7.080078
16949,0.216309,-0.939941,-0.399292,-51.330566,-6.347656,-7.263184
16959,0.143799,-0.855713,-0.408569,-57.556152,-7.995605,-7.263184
16968,0.143799,-0.844482,-0.410400,-63.476562,-9.582520,-7.202148
16978,0.106934,-0.744385,-0.460937,-69.885254,-11.108398,-6.958008
16988,0.035522,-0.609253,-0.493408,-76.354980,-12.573242,-6.652832
17000,-0.007080,-0.430786,-0.716919,-88.134766,-14.465332,-5.371094
17010,-0.010620,-0.437012,-0.817017,-93.566895,-15.197754,-4.821777
17020,-0.004028,-0.503906,-0.901611,-99.609375,-15.258789,-4.028320
17030,0.004883,-0.585449,-1.008667,-107.177734,-15.136719,-3.601074
17039,0.041992,-0.660156,-1.067505,-115.661621,-15.319824,-4.272461
17049,0.077515,-0.556030,-1.137451,-124.206543,-16.418457,-5.432129
17059,0.105347,-0.425659,-1.140991,-141.174316,-19.165039,-10.192871
17069,0.067017,-0.276367,3.999512,-141.601562,-18.920898,-15.380859
17079,0.286011,2.625854,3.999512,-88.378906,-18.493652,-10.192871
17089,0.053833,-3.999512,0.144897,-24.353027,-20.385742,4.333496
17098,0.327148,-2.467773,0.675049,-62.927246,-3.356934,-14.831543
17109,0.088623,3.999512,3.891724,-114.685059,1.770020,-35.156250
17118,0.467285,3.999512,3.531128,-62.011719,-8.544922,-30.517578
17130,-0.036255,-3.979858,-1.754883,4.821777,-14.099121,-46.325684
17139,0.460937,0.112305,3.999512,-11.840820,-14.099121,-45.349121
17149,0.685059,-2.070313,0.219971,-10.803223,-20.324707,-48.339844
17159,0.274414,1.661011,1.647461,-7.873535,-22.033691,-52.673340
17168,-0.093628,0.643799,1.161499,13.549805,-22.277832,-45.227051
17178,-0.272339,-1.845337,0.161255,30.395508,-15.625000,-41.442871
17188,-0.251465,-1.876465,0.423462,18.188477,-3.234863,-37.231445
17198,-0.041748,-0.450806,1.033936,-7.446289,3.784180,-30.517578
17208,0.278198,0.872681,1.367188,-9.155273,-0.793457,-26.489258
17219,-0.185181,0.287231,2.139282,7.446289,-3.173828,-28.442383
17228,-0.017944,-0.185547,2.463501,15.625000,-1.220703,-28.198242
17238,0.262329,0.164551,2.000488,14.953613,1.953125,-26.672363
17249,0.125366,0.606445,1.248657,15.380859,2.075195,-24.597168
17258,0.084473,0.646240,0.829468,21.972656,1.464844,-22.094727
17269,0.066528,0.155518,0.780396,33.569336,6.774902,-9.704590
17279,0.439331,-0.075317,0.986816,28.930664,8.789063,-4.333496
17289,0.482910,0.326538,0.777466,22.644043,7.873535,0.122070
17298,0.284302,0.421387,0.458008,19.958496,6.408691,4.821777
17308,0.078247,0.227417,0.268188,20.690918,5.310059,9.704590
17318,-0.043579,0.001709,0.380615,20.996094,4.333496,13.122559
17328,-0.094849,-0.035156,0.726440,18.249512,3.601074,13.854980
17338,-0.143066,0.032593,0.989502,14.038086,2.685547,12.329102
17349,-0.285034,0.170654,0.699951,10.742188,2.014160,7.751465
17359,-0.326782,0.141968,0.512085,9.094238,0.793457,6.103516
17369,-0.305542,0.010864,0.456421,9.033203,0.793457,4.028320
17378,-0.334717,-0.094360,0.544556,8.361816,1.159668,2.136230
17389,-0.361206,-0.110229,0.647583,7.263184,2.258301,0.427246
17398,-0.367065,-0.122559,0.679932,5.920410,4.150391,-0.366211
17408,-0.380737,-0.140991,0.644897,4.638672,6.164551,-0.488281
17418,-0.408203,-0.177979,0.605835,1.403809,8.789063,-2.807617
17429,-0.439697,-0.058350,0.853394,0.122070,9.948730,-5.126953
17439,-0.392212,0.058105,1.007935,-0.305176,10.864258,-7.751465
17449,-0.380127,0.046875,1.090576,0.427246,11.291504,-10.742188
17458,-0.263428,-0.078247,1.129761,1.342773,11.657715,-13.916016
17468,-0.206909,-0.196045,1.067993,2.258301,12.268066,-16.357422
17479,-0.158936,-0.143921,0.948364,1.464844,13.000488,-17.456055
17489,-0.037109,0.118896,0.935303,1.037598,15.197754,-15.747070
17499,0.002075,0.161743,1.016357,1.586914,16.845703,-13.244629
17508,-0.006470,0.102905,1.115845,2.929688,18.188477,-10.498047
17518,-0.030884,-0.190308,1.119263,4.150391,20.019531,-7.751465
17528,-0.050293,-0.309570,1.014404,4.333496,21.484375,-5.065918
17538,-0.009155,-0.187378,1.009277,3.295898,23.132324,-2.258301
17548,-0.051270,-0.040771,0.963379,2.197266,23.925781,-0.366211
17559,-0.065308,-0.029907,0.976929,1.647949,23.986816,1.098633
17569,-0.010620,-0.121338,0.952881,1.586914,23.681641,1.525879
17579,0.010254,-0.130737,0.952271,1.159668,23.193359,2.258301
17588,0.116821,0.020386,1.052124,0.061035,22.338867,3.173828
17598,0.141968,0.162109,1.139648,-0.305176,22.094727,4.272461
17608,0.158081,0.095337,1.101807,0.366211,22.033691,6.469727
17618,0.141968,-0.012085,1.042236,1.098633,22.460937,8.911133
17629,0.126221,-0.167969,1.045654,1.403809,22.888184,12.023926
17638,0.029907,-0.005981,1.033569,0.244141,22.216797,18.127441
17648,-0.008911,0.102661,1.037231,-0.061035,22.216797,21.057129
17658,-0.061523,0.042847,0.949097,0.305176,22.521973,24.536133
17668,-0.012939,-0.048828,0.804199,0.854492,23.010254,28.808594
17678,-0.015869,-0.043213,0.788208,0.427246,22.827148,33.447266
17688,0.012207,-0.205078,0.672363,-0.915527,21.850586,37.780762
17700,0.040039,0.080444,0.939697,-3.173828,20.996094,47.302246
17710,-0.020142,-0.188354,0.893555,-3.479004,20.141602,51.025391
17719,0.023560,-0.026367,1.044678,-3.784180,18.920898,52.978516
17729,0.032593,0.109497,1.177856,-3.173828,17.822266,54.077148
17738,0.030029,-0.044678,1.148193,-2.075195,16.418457,53.588867
17748,0.049316,-0.286377,1.017456,-1.464844,14.648438,52.124023
17758,0.014404,-0.267578,0.911987,-1.647949,12.451172,50.048828
17770,-0.041382,-0.165161,0.901367,-2.441406,9.643555,46.447754
17779,0.000854,0.045288,1.033936,-3.479004,8.422852,44.311523
17788,-0.022461,0.080444,1.075806,-2.685547,7.568359,41.992187
17798,-0.011597,-0.234741,1.017456,-1.281738,6.591797,39.550781
17808,-0.047119,-0.287354,1.019653,-1.159668,4.882812,36.010742
17818,-0.023560,-0.094971,1.198608,-2.014160,3.845215,32.897949
17828,-0.012207,-0.147339,1.219116,-2.502441,2.502441,30.151367
17839,-0.018311,-0.009033,1.019775,-2.075195,1.708984,26.184082
17849,-0.043213,-0.123535,0.999878,-0.732422,0.793457,24.963379
17858,-0.042358,-0.330078,1.006958,-0.732422,0.793457,23.925781
17868,-0.057251,-0.231201,1.071411,-1.708984,0.488281,23.132324
17878,-0.082520,-0.016846,1.128906,-2.075195,0.549316,22.888184
17888,-0.075195,0.027466,1.098389,-2.014160,0.671387,23.254395
17900,-0.036255,-0.104980,1.047363,-1.098633,0.488281,22.949219
17909,-0.055664,-0.113403,0.907715,-1.342773,0.366211,22.583008
17919,-0.007568,0.003052,1.028320,-1.708984,0.427246,22.460937
17929,0.014771,-0.091553,1.080688,-1.586914,0.061035,22.094727
17938,0.003540,-0.183228,0.974243,-1.953125,-0.244141,21.301270
17948,0.006714,-0.112793,0.934570,-2.197266,-0.488281,20.874023
17958,0.039551,-0.020752,0.959595,-2.502441,-0.732422,20.568848
17968,-0.013428,0.015137,0.929443,-2.563477,-1.098633,19.226074
17979,0.036133,0.182983,1.053833,-2.441406,-1.403809,17.822266
17989,0.066040,0.036987,1.012695,0.671387,-1.953125,17.517090
17998,0.046021,-0.114258,0.927368,2.258301,-2.014160,17.089844
18007,0.028931,-0.265747,0.874390,2.441406,-2.380371,16.235352
18018,0.014648,-0.313843,0.909790,1.464844,-2.746582,15.319824
18028,0.024780,-0.153809,0.986572,0.122070,-2.746582,14.892578
18037,0.101074,0.010864,1.037476,-0.427246,-2.685547,15.502930
18050,0.049561,-0.050415,0.942383,0.183105,-3.051758,16.662598
18059,0.021484,-0.095459,0.956665,0.854492,-3.540039,16.845703
18069,0.098022,-0.116089,0.981201,1.464844,-3.601074,16.845703
18078,0.023071,-0.160522,0.931152,1.464844,-3.845215,16.601562
18087,0.112915,-0.243408,0.948242,1.098633,-4.455566,15.991211
18098,0.104980,-0.193848,1.033325,0.061035,-4.943848,15.930176
18109,0.139038,-0.028442,1.057495,-0.366211,-6.530762,14.526367
18119,0.100952,0.029785,1.078491,0.061035,-7.141113,14.038086
18129,0.109985,-0.178711,0.988892,0.427246,-7.263184,13.549805
18139,0.097290,-0.146606,0.993530,-0.122070,-7.690430,13.061523
18148,0.081909,-0.006470,1.053589,-0.549316,-8.239746,12.390137
18158,0.046143,-0.052124,1.076172,-0.671387,-8.544922,11.474609
18167,0.071289,-0.183716,1.010010,-0.671387,-8.666992,11.169434
18179,0.064819,-0.198486,0.981934,-0.671387,-8.605957,10.620117
18189,0.111084,-0.099243,1.148682,-0.976562,-8.850098,10.803223
18199,0.103271,-0.191162,1.085205,-1.403809,-9.521484,10.681152
18208,0.053955,-0.076538,0.992310,-0.915527,-10.437012,10.070801
18218,0.004639,0.080933,0.987549,-0.183105,-10.681152,9.948730
18227,0.051147,-0.085815,0.946533,0.427246,-10.620117,9.643555
18238,0.042480,-0.238770,0.875610,0.610352,-10.620117,8.911133
18247,0.045654,-0.137939,0.942017,0.366211,-10.681152,8.117676
18260,0.062988,-0.215698,0.875000,-0.854492,-11.169434,4.943848
18270,0.055664,-0.172119,0.850220,-1.281738,-11.413574,3.417969
18279,0.087524,-0.097900,0.893677,-2.014160,-11.779785,1.342773
18289,0.028931,0.057373,0.990356,-2.624512,-11.962891,-0.366211
18299,0.069336,0.054443,1.018799,-2.563477,-12.207031,-1.525879
18309,0.060791,0.050781,0.997437,-2.014160,-12.573242,-2.441406
18318,0.010254,0.062866,0.995483,-1.098633,-12.329102,-2.929688
18328,0.025513,0.040283,1.007813,-0.732422,-11.291504,-2.746582
18338,0.028198,0.011108,0.960449,-0.366211,-11.169434,-3.295898
18348,0.026611,0.004761,0.982178,0.122070,-11.108398,-3.967285
18358,0.002563,-0.096924,0.889526,0.366211,-11.291504,-5.310059
18368,0.005615,-0.219482,0.885742,-0.183105,-11.413574,-7.202148
18378,0.029297,-0.145508,0.962280,-1.098633,-11.291504,-8.789063
18389,0.042480,-0.099976,0.973511,-2.136230,-11.230469,-11.779785
18399,0.084595,0.003540,0.994263,-2.014160,-10.742188,-12.329102
18409,0.087769,-0.199585,0.925049,-1.708984,-10.375977,-12.268066
18418,0.053833,-0.155273,0.955200,-2.014160,-9.643555,-12.145996
18428,0.054321,0.001831,1.066284,-2.258301,-9.094238,-11.962891
18437,0.060547,-0.140625,1.039673,-2.624512,-8.789063,-11.840820
18448,0.012573,-0.168335,0.977173,-2.380371,-8.728027,-11.718750
18458,0.015991,-0.035522,1.060669,-1.953125,-8.300781,-11.718750
18469,0.011841,-0.404663,0.890137,-1.953125,-7.751465,-10.131836
18479,0.100952,-0.142944,1.024048,-3.540039,-6.652832,-9.521484
18489,0.099365,-0.187500,0.992798,-4.699707,-6.591797,-9.094238
18498,0.115112,-0.265625,0.873901,-5.126953,-6.347656,-8.544922
18508,0.127075,0.097656,1.007446,-5.310059,-6.164551,-8.239746
18518,0.094849,-0.050415,1.002808,-4.333496,-6.286621,-8.483887
18527,0.035522,-0.313721,0.917725,-3.540039,-6.408691,-8.972168
18540,0.067139,-0.003052,1.093262,-2.990723,-5.920410,-9.460449
18550,0.040039,-0.243774,0.995972,-2.563477,-5.737305,-9.582520
18559,0.044434,-0.197998,0.965576,-2.380371,-5.310059,-9.277344
18569,0.057983,-0.028320,1.022461,-2.258301,-4.760742,-8.422852
18579,0.061035,-0.015381,1.043579,-2.502441,-4.455566,-7.873535
18588,0.050049,-0.113647,1.008301,-2.014160,-3.967285,-7.263184
18598,0.032959,-0.016846,0.991455,-1.281738,-3.906250,-6.469727
18607,0.020020,0.049316,1.031860,0.793457,-3.173828,-3.784180
18617,-0.011963,-0.166016,0.961060,0.427246,-2.624512,-2.929688
18628,-0.038940,-0.178955,0.942505,-0.976562,-2.197266,-2.075195
18638,-0.035522,-0.029907,0.989624,-2.441406,-1.708984,-1.586914
18647,-0.051392,0.146851,1.013062,-2.868652,-1.403809,-1.220703
18658,-0.019897,0.108521,0.989258,-2.014160,-1.342773,-0.854492
18668,-0.063477,0.055542,1.038452,-0.854492,-1.342773,-0.427246
18677,-0.043335,0.071533,1.074951,0.061035,-1.525879,0.427246
18689,-0.066772,-0.132446,0.937500,0.976562,-0.732422,0.854492
18698,-0.064819,-0.014893,0.926147,1.098633,-0.427246,1.159668
18708,-0.069458,-0.014038,0.954468,0.732422,0.122070,1.220703
18717,-0.077759,-0.150635,0.903320,0.305176,0.915527,1.708984
18728,-0.059082,-0.039795,1.010498,-0.122070,1.037598,1.647949
18737,-0.016357,-0.011475,1.053345,-0.427246,0.915527,1.403809
18750,0.020630,-0.054565,1.008301,-0.793457,0.793457,0.305176
18759,0.050659,0.091064,1.108643,-0.610352,0.488281,0.061035
18768,0.045410,-0.062744,1.090942,-0.549316,0.488281,-0.122070
18778,0.040649,-0.172485,1.058105,-0.488281,0.976562,-0.427246
18788,-0.004028,0.009521,1.013916,0.000000,0.793457,-0.427246
18798,0.023804,-0.002441,1.048462,0.305176,0.610352,-0.183105
18808,0.056885,-0.276611,0.911377,0.610352,0.915527,0.000000
18820,0.097656,0.003296,1.039673,0.000000,0.183105,-0.122070
18829,0.059814,-0.278442,0.875977,-0.061035,-0.122070,-0.183105
18839,0.073120,-0.199097,0.924438,-0.427246,0.061035,-0.366211
18848,0.086670,-0.036621,1.061890,-0.793457,-0.183105,-0.793457
18858,0.081787,-0.265503,1.036865,-0.915527,0.061035,-0.976562
18867,0.027954,-0.294434,0.993042,-1.098633,-0.427246,-1.342773
18878,0.024902,-0.075562,1.064209,-1.403809,-0.549316,-1.892090
18888,0.000610,-0.176636,0.995728,-1.220703,0.122070,-1.342773
18897,0.015259,-0.268921,0.893433,-1.586914,-0.061035,-1.403809
18908,0.048218,-0.117065,0.990479,-2.258301,-0.244141,-0.976562
18917,0.016113,-0.119995,0.988403,-2.746582,-0.427246,-0.732422
18928,0.004028,-0.062378,1.015015,-2.258301,-0.366211,-0.427246
18937,-0.021118,-0.111938,1.046387,-1.586914,0.061035,-0.061035
18948,-0.015259,-0.218384,1.060425,-1.403809,0.427246,0.488281
18957,-0.067139,-0.166870,1.055542,-1.586914,0.854492,1.708984
18969,-0.102295,0.007568,1.039307,-0.976562,1.770020,3.112793
18978,-0.089111,-0.202881,0.910400,-0.427246,2.441406,5.004883
18987,-0.074585,-0.187012,0.937866,-0.366211,2.990723,6.652832
18997,0.030151,-0.031616,1.060913,-1.098633,2.563477,8.056641
19008,0.047974,0.072388,1.110596,-1.464844,2.136230,8.728027
19017,0.056641,0.056519,1.079834,-1.342773,1.342773,8.789063
19030,0.026855,-0.082397,0.871826,1.098633,1.342773,10.742188
19039,-0.004150,-0.070557,1.021851,1.220703,1.403809,12.207031
19049,-0.034668,0.101807,1.274536,0.061035,2.136230,14.099121
19058,-0.100220,-0.239380,0.769897,0.671387,2.319336,16.784668
19067,-0.052612,0.254639,1.098877,0.000000,2.990723,19.287109
19078,-0.009888,-0.233398,0.771362,1.159668,3.234863,21.484375
19087,0.007080,-0.580444,0.588135,1.281738,1.953125,21.484375
19099,-0.048584,0.016602,1.059448,-5.432129,-1.403809,16.540527
19109,-0.224731,0.166626,0.883179,-5.676270,-2.075195,13.977051
19119,-0.263794,0.255249,0.863159,-2.807617,-0.427246,13.183594
19128,-0.242798,0.027832,0.966187,0.122070,1.831055,13.977051
19137,-0.181152,-0.278809,1.029907,1.098633,3.173828,14.831543
19148,-0.122314,-0.230835,1.158081,0.305176,2.990723,15.014648
19157,-0.130371,-0.032349,1.123901,-1.281738,2.380371,14.465332
19170,-0.015869,-0.186768,0.956177,-0.915527,0.732422,11.657715
19179,0.006348,-0.046387,1.053101,0.061035,-0.915527,9.399414
19189,0.044922,-0.199219,1.089600,-0.061035,-2.441406,6.530762
19199,0.093628,-0.328369,1.067261,-1.098633,-3.295898,3.479004
19208,0.114014,-0.081787,1.143677,-2.319336,-3.906250,0.427246
19218,0.155884,0.092163,1.121826,-1.647949,-5.065918,-2.319336
19227,0.201782,-0.057129,1.076904,-0.183105,-5.798340,-4.272461
19237,0.155762,-0.274658,0.958740,0.549316,-5.981445,-6.958008
19249,0.175171,-0.048950,1.047119,-1.220703,-5.737305,-7.995605
19258,0.159302,-0.127075,0.958008,-2.563477,-6.042480,-9.460449
19268,0.156982,-0.044312,0.864014,-2.868652,-5.981445,-11.108398
19277,0.194946,0.011230,0.893311,-2.441406,-6.164551,-12.756348
19288,0.176514,-0.220093,0.855103,-2.319336,-7.019043,-14.709473
19298,0.172974,-0.204712,0.928833,-3.479004,-7.751465,-16.601562
19307,0.141235,-0.077759,0.998901,-5.493164,-7.446289,-17.395020
19319,0.083984,0.019043,0.958008,-6.042480,-6.713867,-16.662598
19328,0.041870,0.134521,0.979736,-6.225586,-5.554199,-14.831543
19338,0.036865,0.142212,1.008423,-5.371094,-4.638672,-12.573242
19347,-0.012451,0.020874,1.058960,-4.516602,-3.845215,-11.047363
19358,-0.019897,0.025024,1.042114,-4.882812,-3.417969,-9.582520
19368,-0.023926,0.074463,1.024902,-5.004883,-3.173828,-8.117676
19377,0.000000,0.071289,1.045776,-4.150391,-2.441406,-5.065918
19387,-0.029053,0.213623,0.969971,-2.258301,-1.525879,-2.807617
19398,-0.015137,0.028687,0.963257,-0.915527,-1.159668,-0.976562
19407,-0.003174,-0.245361,0.936523,-0.671387,-1.220703,0.305176
19418,-0.017944,-0.109497,0.910400,-2.014160,-1.159668,0.427246
19427,-0.001465,0.002563,0.910278,-3.540039,-0.976562,0.732422
19437,-0.026245,0.061157,0.841309,-4.272461,-1.037598,0.854492
19450,-0.081909,0.069336,0.994629,-2.258301,-0.549316,0.366211
19460,-0.062378,-0.114502,1.136963,-1.220703,-0.671387,0.244141
19469,-0.114502,-0.255371,1.112305,-0.976562,-0.549316,0.122070
19479,-0.046021,-0.068359,1.195313,-1.464844,0.000000,0.305176
19488,-0.044556,-0.201782,1.161133,-1.708984,0.305176,0.610352
19498,-0.051636,-0.207153,0.969604,-1.586914,0.488281,0.488281
19507,-0.044067,0.008057,1.165039,-1.037598,0.854492,0.488281
19520,-0.078491,-0.300171,0.983887,-0.915527,0.915527,0.000000
19529,0.014648,0.019775,1.183472,-1.708984,0.671387,-1.037598
19539,0.031250,-0.173706,1.145630,-2.441406,0.366211,-2.258301
19548,0.019653,-0.123657,1.040405,-2.319336,-0.366211,-3.845215
19558,0.080444,0.133301,1.153320,-1.220703,-0.915527,-5.004883
19567,0.057739,-0.215820,1.046265,-0.244141,-1.037598,-5.737305
19578,0.003418,-0.274536,0.885864,0.000000,-0.793457,-6.347656
19587,-0.021973,-0.059326,0.896240,-0.488281,1.403809,-6.286621
19597,-0.030884,-0.169678,0.683838,-2.319336,2.563477,-6.042480
19608,-0.014893,0.071045,0.820312,-2.563477,2.807617,-5.798340
19617,-0.021118,-0.182739,0.818237,-2.563477,2.685547,-5.371094
19627,0.022095,-0.082764,0.976562,-2.746582,2.258301,-5.065918
19637,0.067261,0.077271,1.232056,-2.502441,2.197266,-4.150391
19648,0.034180,-0.105347,1.224121,-2.014160,2.258301,-2.868652
19657,-0.003540,-0.053467,1.132813,0.061035,3.601074,1.281738
19667,-0.016602,0.138672,1.123291,0.854492,4.455566,4.150391
19678,-0.159912,-0.033936,0.880737,1.037598,5.554199,6.896973
19687,-0.102783,0.017944,0.894043,1.037598,6.469727,9.765625
19698,-0.058838,-0.139893,0.817993,0.488281,6.408691,11.840820
19707,-0.007446,-0.048340,0.860352,-0.183105,5.065918,12.878418
19717,0.055054,0.023437,0.977051,-0.671387,4.211426,14.648438
19728,0.054443,-0.017212,0.933716,-1.037598,4.211426,19.042969
19738,0.064575,0.090698,0.978882,-1.159668,5.004883,21.728516
19747,0.104248,-0.034790,0.971069,-1.159668,5.065918,23.925781
19758,0.117188,0.005005,1.018433,-1.464844,3.723145,24.963379
19767,0.077881,-0.126221,0.966064,-1.159668,2.075195,25.451660
19777,-0.014893,-0.037354,0.922852,-0.549316,0.915527,25.207520
19788,-0.077271,-0.066406,0.956421,-0.183105,0.244141,24.780273
19797,-0.076782,-0.352661,0.884033,0.061035,-15.441895,24.169922
19807,-0.028198,-0.349976,0.823364,-0.732422,-2.441406,22.644043
19818,-0.084595,-0.476562,0.468262,-0.854492,-2.014160,22.338867
19827,0.013550,-0.823853,-0.045166,-0.976562,-1.098633,22.338867
19837,-0.139771,-2.304321,-2.370605,-0.915527,-1.403809,21.728516
19847,-0.107422,-2.597290,-1.733765,-5.187988,-1.403809,19.775391
19857,-0.126831,-3.233887,-1.984863,-24.780273,-2.136230,12.451172
19867,-0.145630,-2.644409,-2.173706,-49.987793,-5.920410,2.624512
19879,0.170898,0.541382,2.085449,-73.364258,-10.681152,-10.620117
19888,0.264893,0.968872,3.999512,-59.448242,-13.366699,-13.000488
19898,0.358887,1.422729,3.999512,-43.640137,-12.817383,-11.901855
19907,0.316650,1.032104,3.999512,-21.118164,-11.779785,-9.826660
19917,0.473267,-0.676025,3.676636,6.774902,-10.192871,-7.019043
19927,0.427246,-2.147949,1.400146,24.780273,-12.451172,-6.530762
19937,0.415527,-2.247681,0.417847,20.019531,-17.395020,-10.009766
19948,0.245117,-0.855835,1.231812,-6.164551,-20.263672,-13.366699
19958,0.021362,-0.923340,1.917969,-4.821777,-18.737793,-14.099121
19967,-0.226196,-1.208008,1.696533,-0.366211,-15.258789,-16.540527
19977,-0.361450,-0.602783,2.352783,-0.061035,-9.948730,-21.728516
19987,-0.268066,1.654419,3.988647,-0.549316,-6.042480,-28.015137
19998,-0.592407,2.098267,3.393066,11.718750,-7.385254,-30.090332
20007,-0.816528,3.279663,3.999512,32.531738,-7.080078,-33.203125
20018,-1.061768,3.999512,3.999512,75.622559,6.408691,-29.785156
20028,0.627075,3.999512,3.999512,84.777832,19.897461,-7.995605
20037,1.244507,3.318604,2.783081,98.754883,29.174805,10.314941
20047,0.359131,2.188110,1.212036,114.929199,25.268555,14.587402
20057,0.211304,2.227783,0.765747,124.206543,17.089844,10.070801
20067,0.038086,1.673828,0.142578,124.389648,13.916016,11.962891
20080,0.194458,0.343384,-0.789917,109.436035,14.770508,16.296387
20089,-0.234009,0.189941,-0.806030,102.416992,14.099121,15.625000
20098,-0.403687,0.123779,-0.365723,95.336914,17.089844,18.432617
20108,-0.522095,-0.189087,-0.197266,87.280273,19.592285,21.850586
20117,-0.282959,-0.294800,-0.362549,77.209473,19.897461,18.981934
20131,0.233398,-0.056763,-0.223145,61.218262,17.578125,8.911133
20141,0.281860,-0.189819,0.018555,58.898926,16.601562,8.117676
20151,0.266235,-0.541870,0.197388,57.434082,15.075684,9.643555
20160,0.251831,-0.793091,0.190674,53.833008,12.573242,9.155273
20170,0.281616,-0.797241,-0.011597,47.973633,9.399414,5.554199
20179,0.260132,-0.617187,-0.167847,41.931152,6.652832,2.380371
20189,0.299561,-0.594360,-0.265747,38.208008,4.089355,0.610352
20198,0.326904,-0.709106,-0.270142,36.865234,1.098633,-1.159668
20207,0.296143,-0.971436,-0.258545,35.034180,-3.112793,-4.760742
20217,0.142578,-1.186401,-0.282959,30.883789,-8.911133,-14.953613
20227,0.069214,-1.176025,-0.318359,16.845703,-10.192871,-18.249512
20238,-0.077637,-0.896973,-0.402832,10.009766,-10.253906,-19.897461
20247,-0.090454,-0.760010,-0.367432,4.821777,-9.216309,-20.935059
20257,-0.086548,-0.756104,-0.341309,0.366211,-8.117676,-20.996094
20267,-0.078857,-0.668945,-0.330811,-4.028320,-7.263184,-19.958496
20277,-0.100708,-0.582520,-0.328003,-8.728027,-5.920410,-17.883301
20288,-0.089111,-0.626221,-0.270630,-16.784668,-3.356934,-11.779785
20298,0.019653,-1.028076,-0.093506,-21.057129,-1.953125,-8.239746
20308,-0.010498,-0.982544,-0.056274,-26.611328,-0.976562,-5.493164
20318,-0.078979,-0.900146,-0.127930,-33.020020,0.488281,-1.831055
20327,-0.090454,-0.694824,-0.192993,-39.367676,1.708984,1.953125
20337,-0.118408,-0.577515,-0.270752,-44.372559,3.723145,5.676270
20347,-0.135132,-0.624878,-0.293335,-48.339844,5.493164,9.399414
20357,-0.070312,-0.729736,-0.262939,-52.368164,8.544922,16.540527
20367,-0.042847,-0.800415,-0.233398,-65.002441,8.789063,19.104004
20377,0.033936,-0.687988,-0.369995,-72.998047,8.361816,20.507812
20387,0.008667,-0.474365,-0.459717,-79.956055,7.934570,21.423340
20397,0.041504,-0.294922,-0.495361,-86.059570,7.080078,21.606445
20407,0.005737,-0.083374,-0.552246,-90.942383,5.859375,21.545410
20417,0.033813,0.240845,-0.570190,-94.909668,4.882812,20.996094
20428,0.087158,0.166504,-0.600586,-100.036621,1.586914,18.371582
20438,0.262695,-0.831543,-0.648560,-105.529785,-0.610352,16.113281
20447,0.265503,-1.353760,-0.804810,-115.295410,-3.295898,12.634277
20457,0.198975,-0.875000,-1.032471,-129.211426,-5.798340,7.995605
20468,-0.295654,3.550171,3.970215,-139.648437,-6.591797,1.342773
20477,0.318970,3.893921,3.999512,-94.665527,-5.371094,0.000000
20487,-0.911987,-3.999512,1.526978,-29.968262,-10.925293,12.145996
20499,0.918335,3.999512,2.850586,-112.487793,7.568359,-6.408691
20509,0.008301,3.999512,2.839233,-73.913574,0.427246,-0.061035
20518,-0.232910,-2.770142,-3.656006,4.516602,-16.662598,7.263184
20528,-0.062256,-0.557495,3.999512,14.892578,-15.930176,0.488281
20537,-0.282593,0.331421,3.999512,-14.343262,-8.972168,-1.220703
20547,0.043091,-1.438599,2.031860,-16.296387,-4.272461,7.751465
20557,0.014526,2.466064,2.974976,-16.235352,5.004883,12.878418
20567,-0.068604,1.194092,0.464722,0.183105,4.516602,12.145996
20579,-0.035522,-2.125977,0.991821,17.456055,-6.713867,5.371094
20588,-0.588135,-0.951294,1.348022,-6.469727,-13.183594,-5.126953
20598,-0.495361,0.626953,1.252197,-25.085449,-3.845215,-1.831055
20607,-0.018555,1.304810,1.335205,-21.789551,6.958008,6.896973
20617,-0.249146,0.707520,1.636963,-2.746582,6.774902,8.850098
20627,-0.124756,0.069214,2.101196,10.925293,4.272461,7.446289
20637,-0.072876,-0.241211,2.073364,13.671875,3.662109,8.728027
20648,-0.083740,0.291992,0.612183,13.000488,-0.976562,5.798340
20658,0.218506,0.186646,0.540405,18.554687,-0.488281,8.178711
20667,0.294556,-0.246094,0.756470,22.888184,-0.366211,12.145996
20677,0.348755,-0.396606,0.889771,21.240234,-1.525879,14.160156
20687,0.364990,-0.194824,0.825317,15.136719,-0.793457,15.563965
20697,0.442017,0.094604,0.551392,10.192871,0.000000,18.676758
20707,0.329224,0.303711,0.343140,9.521484,-1.220703,20.568848
20718,0.293335,-0.159790,0.592651,11.779785,-4.882812,19.348145
20728,0.145386,-0.189087,0.861206,10.864258,-7.507324,16.723633
20737,0.106689,-0.252686,0.877075,7.812500,-10.375977,11.108398
20746,0.055298,-0.099731,0.781982,5.493164,-12.451172,5.310059
20757,0.039307,-0.164307,0.623779,5.065918,-13.061523,1.892090
20767,0.132935,-0.282227,0.687378,5.554199,-13.549805,-2.136230
20777,0.201660,-0.333252,0.809814,5.371094,-14.831543,-7.019043
20788,0.216675,-0.322144,0.897217,1.281738,-18.798828,-17.822266
20798,0.135254,-0.276123,0.710205,0.061035,-19.104004,-22.094727
20807,0.186401,-0.169312,0.754639,-0.610352,-18.859863,-24.902344
20817,0.148437,-0.269409,0.716309,-0.976562,-18.188477,-26.855469
20827,0.105957,-0.292725,0.753540,-1.831055,-17.272949,-28.686523
20836,0.021606,-0.073242,1.015991,-2.990723,-16.601562,-29.907227
20848,0.020630,-0.116821,0.981445,-2.990723,-15.380859,-31.921387
20858,-0.055420,-0.090942,0.913330,-2.075195,-15.808105,-33.447266
20867,0.017212,-0.143188,0.929321,-1.831055,-15.808105,-35.156250
20877,0.020264,-0.136475,1.026123,-2.014160,-15.625000,-35.888672
20887,0.088867,0.027100,1.184570,-2.075195,-14.892578,-35.888672
20897,0.041260,-0.091797,1.076050,-1.342773,-14.038086,-34.790039
20907,0.005615,-0.045288,1.014893,-0.244141,-12.756348,-33.020020
20916,-0.004150,-0.216675,1.075195,1.037598,-10.925293,-31.066895
20928,0.000244,-0.183960,1.093018,0.305176,-8.361816,-29.724121
20938,-0.021484,-0.303833,1.029785,-0.732422,-7.751465,-30.212402
20948,-0.010010,-0.188965,0.925659,-1.220703,-7.690430,-31.982422
20957,-0.039551,-0.011963,0.976440,-0.732422,-7.507324,-33.386230
20967,-0.127808,-0.368042,0.830566,0.122070,-6.896973,-33.996582
20977,-0.131958,-0.137085,0.962891,0.183105,-5.126953,-33.752441
20986,-0.086792,-0.151367,1.069092,0.000000,-3.112793,-32.531738
20998,-0.135254,0.041748,1.004395,-0.854492,0.671387,-26.611328
21008,-0.125366,-0.145508,0.898315,-0.488281,2.746582,-23.315430
21018,-0.132080,-0.180664,0.925415,-0.244141,4.577637,-20.446777
21027,-0.041992,0.005371,1.126587,-0.488281,5.432129,-18.432617
21037,-0.011108,-0.144653,1.106567,-0.732422,5.737305,-17.578125
21046,-0.066406,-0.051636,0.990845,-0.854492,5.798340,-17.395020
21059,-0.043091,-0.109009,0.992676,0.488281,6.225586,-17.517090
21069,-0.035400,-0.094238,0.983643,1.098633,6.591797,-17.272949
21078,0.013306,0.124756,1.157837,1.220703,7.019043,-16.235352
21088,0.089600,0.074707,1.135986,1.647949,7.385254,-14.099121
21097,0.060669,0.013062,0.915039,2.258301,7.934570,-10.864258
21106,0.142334,0.113647,0.953857,2.807617,8.728027,-7.141113
21117,0.109985,-0.067993,0.886841,2.563477,9.033203,-3.234863
21127,0.111816,-0.124756,0.937500,1.770020,9.826660,0.732422
21138,0.066650,0.062012,1.090210,0.549316,9.765625,6.713867
21147,-0.028320,0.078979,0.988525,-0.549316,9.155273,8.117676
21157,0.004272,0.170654,1.033813,-0.427246,8.544922,8.605957
21167,-0.048828,0.029419,0.948608,0.061035,8.056641,9.277344
21177,-0.006104,0.090454,1.029785,0.244141,7.751465,9.826660
21187,-0.003906,0.051392,0.970825,0.366211,7.507324,10.437012
21197,0.043579,0.072632,0.974731,0.488281,7.324219,11.535645
21208,0.025391,-0.162354,0.874878,0.610352,7.385254,14.343262
21218,0.002441,-0.048096,1.050659,-0.610352,7.324219,15.197754
21227,0.004639,-0.102295,0.988403,-1.159668,6.408691,15.625000
21237,-0.028442,0.039673,1.049072,-1.403809,5.493164,14.709473
21246,-0.029541,-0.084473,0.940918,-1.159668,4.516602,12.939453
21257,-0.099243,-0.087158,0.925293,-1.220703,3.601074,10.986328
21267,-0.105347,-0.221313,0.901489,-1.281738,2.990723,8.789063
21276,-0.167480,-0.119385,0.890137,-2.441406,2.563477,6.469727
21288,-0.129028,-0.012817,0.944824,-2.563477,2.990723,6.408691
21297,-0.121460,-0.032715,0.898315,-2.319336,3.784180,7.385254
21307,-0.057495,-0.101685,0.959106,-2.075195,4.150391,8.666992
21316,-0.061646,-0.059937,0.981445,-2.136230,4.455566,9.948730
21326,-0.043823,-0.066284,1.018677,-1.953125,4.821777,10.864258
21338,-0.041016,-0.045898,1.124146,-1.220703,4.577637,10.559082
21348,-0.071899,-0.125244,1.044189,-1.098633,4.455566,10.192871
21357,-0.056274,-0.163452,1.026001,-1.464844,3.845215,9.460449
21367,-0.048706,-0.103394,1.011108,-1.953125,3.417969,8.056641
21377,-0.069580,-0.035156,1.023560,-2.258301,2.929688,6.896973
21387,-0.029785,-0.066406,0.945923,-2.319336,2.502441,6.042480
21397,-0.055664,0.012451,1.080322,-2.197266,2.929688,5.920410
21407,-0.048340,-0.136963,0.966431,-2.136230,3.295898,5.615234
21417,-0.081177,0.072876,1.102173,-2.441406,3.417969,4.943848
21427,-0.117065,0.062866,1.038574,-2.441406,4.028320,4.577637
21437,-0.069092,0.084351,1.137695,-2.075195,3.906250,3.967285
21447,-0.171753,-0.021973,1.042114,-1.892090,4.394531,3.295898
21457,-0.194824,0.097412,1.144165,-1.892090,5.249023,2.929688
21467,-0.243896,-0.038574,1.072021,-1.892090,5.859375,2.319336
21477,-0.256714,0.062744,1.137573,-2.380371,7.873535,1.831055
21487,-0.286255,-0.010742,1.075073,-3.417969,8.728027,1.647949
21497,-0.276978,0.201416,1.028687,-3.540039,10.253906,1.647949
21507,-0.321899,0.271729,0.988037,-3.173828,11.413574,2.136230
21517,-0.293213,0.278687,1.018066,-2.197266,12.878418,2.319336
21527,-0.378418,0.171997,0.994263,-1.464844,14.404297,2.441406
21537,-0.337280,0.135010,0.891724,-0.793457,16.296387,2.136230
21548,-0.365234,0.101074,0.755737,-1.220703,18.737793,-0.305176
21558,-0.390381,0.275024,0.938354,-0.732422,19.836426,-2.014160
21568,-0.351318,0.342896,1.081177,0.488281,20.812988,-4.516602
21577,-0.463379,0.027466,1.041748,3.417969,21.362305,-7.385254
21587,-0.434570,-0.086792,1.030396,5.126953,21.911621,-10.498047
21597,0.427124,-0.765259,1.338623,4.516602,23.437500,-12.634277
21606,0.323608,-0.889282,0.886108,1.647949,22.949219,-11.535645
21618,0.080688,-0.231934,0.003052,-0.793457,15.930176,-9.765625
21628,0.445801,-0.355835,0.293701,2.807617,16.052246,-4.821777
21637,0.859375,-0.715210,0.835693,4.699707,18.066406,2.990723
21647,0.685669,-0.988403,1.129150,3.417969,19.165039,9.826660
21657,0.229980,-1.126709,1.114746,-0.183105,17.517090,12.145996
21667,0.164673,-1.022583,1.001343,-3.906250,17.211914,10.864258
21677,0.151611,-0.730225,0.845947,-5.615234,18.005371,10.925293
21687,0.267334,-0.849854,0.716187,-5.187988,15.930176,10.192871
21697,0.364258,-0.963745,0.713745,-7.141113,5.432129,1.098633
21707,0.358154,-0.686890,0.724731,-9.704590,1.770020,-1.708984
21717,0.503906,-0.327026,0.857422,-11.230469,0.854492,-2.380371
21727,0.577148,-0.333374,0.947021,-11.108398,0.427246,-0.671387
21737,0.635010,-0.400146,1.083496,-11.413574,0.549316,1.098633
21747,0.619141,-0.219238,0.944336,-13.061523,0.244141,2.746582
21759,0.474609,0.119873,1.069702,-14.526367,-2.136230,3.906250
21769,0.387451,0.170410,1.302368,-13.916016,-4.333496,3.051758
21778,0.200928,0.113892,1.403198,-13.305664,-6.958008,-0.183105
21788,0.135864,0.413086,1.754272,-12.268066,-7.812500,-2.563477
21798,0.011108,0.431885,1.943970,-9.460449,-6.713867,-2.624512
21807,0.003174,0.151855,1.627808,-5.371094,-5.798340,-1.647949
21817,0.084839,0.192749,1.393921,-2.685547,-4.943848,0.366211
21827,0.192505,0.160889,1.251709,-1.403809,-5.615234,3.173828
21838,0.350586,0.301758,0.844727,-1.892090,-8.605957,8.300781
21848,0.305176,0.390137,0.900635,-3.601074,-9.216309,11.901855
21857,0.256348,0.341431,1.022583,-3.356934,-9.094238,15.991211
21867,0.171875,0.202026,1.072388,-3.112793,-8.483887,19.836426
21877,0.045410,0.261963,1.027222,-3.479004,-7.385254,23.498535
21887,0.069580,0.453613,1.139038,-3.356934,-6.469727,27.099609
21897,-0.114014,0.341919,1.122437,-2.075195,-6.347656,31.127930
21909,-0.240601,0.648682,1.661743,1.098633,-6.469727,30.700684
21918,-0.183472,0.394165,1.464355,5.432129,-7.446289,30.151367
21928,-0.225220,-0.006104,1.382202,10.131836,-7.873535,27.893066
21937,-0.153076,-0.058594,1.159912,13.366699,-9.338379,23.986816
21947,-0.154175,-0.302246,0.922363,14.038086,-10.986328,19.592285
21956,-0.029907,-0.221924,0.748657,12.512207,-13.122559,14.953613
21968,0.107300,-0.074219,0.535889,10.681152,-14.953613,7.751465
21978,0.329224,-0.297241,0.686157,9.765625,-15.686035,6.286621
21987,0.341919,-0.211914,0.726562,8.117676,-16.479492,5.187988
21996,0.220703,-0.348022,0.807007,6.164551,-16.662598,4.699707
22007,0.113647,-0.133057,0.990479,4.455566,-16.479492,5.798340
22017,0.031860,-0.361938,0.794067,4.089355,-16.235352,7.080078
22027,0.098022,-0.270386,0.817383,4.272461,-15.380859,7.019043
22038,0.088013,-0.388428,0.741333,3.662109,-17.211914,4.760742
22048,0.208618,-0.349365,0.858521,2.258301,-19.897461,1.831055
22057,0.190308,-0.586060,0.799805,0.976562,-22.888184,-1.037598
22067,0.162598,-0.394897,0.824463,-0.305176,-24.841309,-3.112793
22077,0.136597,-0.254761,0.885864,-1.403809,-24.963379,-3.051758
22087,0.127686,-0.391846,0.799072,-1.770020,-24.414062,-1.586914
22097,0.114502,-0.156982,0.957886,-2.319336,-23.010254,0.854492
22109,-0.022461,-0.325562,1.032715,-2.136230,-21.179199,5.004883
22119,-0.036499,-0.375488,1.083862,-1.892090,-21.118164,6.164551
22128,-0.067383,-0.413574,1.032837,-1.403809,-21.057129,6.835937
22138,-0.079468,-0.349731,1.013184,-1.159668,-20.812988,7.385254
22148,-0.044312,-0.508545,0.940674,-1.098633,-20.568848,8.056641
22158,-0.057129,-0.426270,0.881348,-1.037598,-20.507812,8.728027
22167,-0.079468,-0.383911,0.847046,-1.098633,-20.507812,9.643555
22177,-0.076294,-0.493652,0.779785,-1.525879,-20.385742,11.413574
22187,-0.083740,-0.507568,0.748657,-2.258301,-19.287109,12.451172
22197,-0.259277,-0.783936,0.534302,-3.173828,-18.066406,13.061523
22207,-0.283081,-0.934448,0.373657,-5.310059,-16.601562,12.634277
22217,-0.380005,-0.843018,0.366333,-8.483887,-15.197754,11.535645
22226,-0.421509,-0.656738,0.426636,-12.390137,-14.953613,8.972168
22237,-0.483521,-0.474487,0.474854,-15.747070,-15.014648,5.126953
22247,-0.513794,-0.228760,0.681152,-17.578125,-15.136719,-1.037598
22257,-0.490479,0.016479,1.093140,-15.747070,-14.892578,-3.417969
22267,-0.406372,-0.165405,1.195190,-14.282227,-14.343262,-4.760742
22278,-0.249512,-0.051758,1.149170,-13.549805,-12.329102,-5.004883
22287,-0.307007,0.069702,1.244263,-12.817383,-9.948730,-5.004883
22297,-0.291504,0.224365,1.469604,-11.474609,-8.056641,-6.042480
22306,-0.302246,0.320068,1.594238,-9.704590,-6.652832,-7.751465
22318,-0.343750,0.377808,1.695923,-4.577637,-6.958008,-13.732910
22328,-0.377563,0.158447,1.364258,-1.647949,-7.202148,-18.188477
22338,-0.482422,0.197021,1.183228,-0.183105,-5.187988,-20.385742
22347,-0.448120,0.175781,1.075195,0.244141,-2.197266,-21.423340
22357,-0.410767,0.129883,0.944702,-0.366211,0.427246,-22.949219
22367,-0.297607,0.166016,0.949097,-1.770020,2.380371,-24.597168
22377,-0.203125,0.199463,1.044678,-2.685547,3.601074,-26.550293
22389,-0.104492,0.253906,1.224243,-2.807617,3.601074,-31.738281
22399,-0.110596,0.079102,1.206543,-2.136230,4.028320,-33.142090
22409,-0.055908,-0.053101,1.081055,-1.831055,4.882812,-33.996582
22419,-0.064819,0.100220,1.083374,-1.525879,6.042480,-33.691406
22428,-0.125610,0.021484,1.151733,-0.976562,6.713867,-32.592773
22438,-0.145142,0.187744,1.202271,-0.854492,7.202148,-32.714844
22447,-0.171143,0.338135,1.242798,0.976562,9.521484,-31.738281
22457,-0.014648,0.344727,1.250854,4.272461,12.939453,-24.841309
22469,-0.098633,-0.056641,1.120850,12.512207,17.883301,-22.583008
22478,-0.100098,-0.336792,0.896851,14.038086,19.226074,-20.568848
22488,-0.208252,-0.499512,0.772949,13.122559,20.629883,-18.432617
22497,-0.256592,-0.292358,0.700562,11.352539,21.606445,-17.944336
22507,-0.364014,-0.110107,0.660522,10.559082,22.399902,-18.615723
22517,-0.261719,-0.155396,0.788208,11.169434,23.437500,-18.737793
22527,-0.229126,-0.220581,0.859131,12.390137,23.864746,-18.676758
22538,-0.130005,-0.569824,0.782959,13.549805,25.207520,-16.662598
22548,-0.112793,-0.719116,0.843140,11.962891,26.794434,-14.465332
22557,-0.129639,-0.569092,0.843750,9.765625,28.381348,-12.878418
22567,-0.119629,-0.437134,0.698364,8.911133,29.846191,-11.962891
22577,-0.057007,-0.418823,0.588135,8.666992,30.639648,-11.230469
22587,-0.063843,-0.632935,0.587524,8.666992,31.005859,-10.253906
22597,0.013916,-0.726929,0.681030,7.507324,15.686035,-10.131836
22609,0.094971,-0.626221,1.008057,3.173828,30.273437,-10.314941
22618,0.156738,-0.535767,1.037842,2.258301,29.296875,-9.277344
22627,0.320679,-0.588379,0.906006,1.953125,28.686523,-7.385254
22637,0.368774,-0.541748,0.864258,1.892090,28.137207,-4.699707
22647,0.419312,-0.601440,0.808472,1.770020,26.672363,-1.647949
22657,0.430542,-0.749756,0.756836,1.831055,25.268555,1.586914
22670,0.441895,-0.518799,0.947021,-0.305176,23.559570,9.033203
22679,0.480957,-0.462280,1.133545,-0.671387,21.667480,12.512207
22689,0.459839,-0.417114,1.234253,0.000000,19.714355,16.113281
22698,0.454956,-0.416016,1.065063,0.854492,17.822266,19.348145
22707,0.496826,-0.550781,0.951660,1.342773,15.380859,22.338867
22717,0.548096,-0.591187,0.870483,0.000000,11.962891,24.719238
22727,0.656616,-0.391235,0.680054,-2.685547,8.361816,25.817871
22739,0.617676,0.044556,0.988403,-6.530762,1.647949,27.648926
22749,0.510864,0.153198,1.228149,-5.859375,-0.244141,28.930664
22758,0.351196,0.047241,1.203979,-4.577637,-1.098633,30.517578
22768,0.234863,-0.090210,1.227783,-3.723145,-1.525879,31.555176
22777,0.328491,-0.091797,1.308594,-4.028320,-2.136230,31.616211
22787,0.415771,-0.065918,1.209351,-5.310059,-3.906250,30.090332
22797,0.401123,-0.047852,0.950195,-7.202148,-7.751465,27.648926
22807,0.474731,0.070312,0.853516,-9.094238,-12.451172,22.705078
22818,0.358276,0.464478,1.101929,-10.192871,-21.118164,20.507812
22828,0.278198,0.549194,1.271118,-9.094238,-22.888184,20.141602
22837,0.201294,0.532715,1.411987,-6.835937,-22.521973,21.118164
22847,0.124023,0.513306,1.444580,-4.211426,-22.155762,21.850586
22857,0.035522,0.419067,1.372925,-1.525879,-22.644043,21.606445
22867,0.007568,0.224487,1.181030,0.671387,-23.010254,19.958496
22879,-0.015381,-0.027710,0.813599,2.014160,-23.010254,12.939453
22889,0.031128,0.110718,0.747192,1.281738,-24.169922,8.422852
22898,0.104004,-0.110840,0.521729,0.610352,-26.489258,3.662109
22907,0.182495,0.080200,0.710937,-1.281738,-27.770996,-0.305176
22917,0.179321,0.198364,0.966675,-2.075195,-30.273437,-3.906250
22927,0.047485,0.153809,1.105591,-1.403809,-33.020020,-7.202148
22938,0.027466,0.537231,1.919067,0.671387,-33.691406,-9.277344
22947,-0.042969,0.324707,2.119019,11.535645,-32.958984,-9.826660
22957,-0.053467,-0.562744,0.975464,10.742188,-30.334473,-9.277344
22968,0.143799,-0.140991,0.296753,5.432129,-28.442383,-8.789063
22977,0.074585,0.274170,0.536865,2.563477,-29.357910,-9.704590
22988,0.133301,0.187256,0.783691,5.126953,-30.944824,-11.413574
22997,0.199341,-0.288330,0.787231,9.704590,-32.531738,-12.145996
23007,0.199341,-0.713989,0.697632,10.742188,-33.630371,-11.718750
23019,-0.102539,-0.332153,0.790527,1.892090,-31.799316,-9.521484
23029,-0.268555,-0.158936,0.787720,-0.793457,-29.968262,-7.629395
23039,-0.237427,-0.196533,0.643433,0.183105,-28.259277,-5.859375
23048,-0.138550,-0.211792,0.753540,1.892090,-27.282715,-4.699707
23058,-0.110352,-0.404297,0.845337,3.295898,-26.611328,-3.723145
23068,-0.132202,-0.596558,0.907715,3.784180,-25.939941,-3.601074
23077,-0.225830,-0.781006,0.735107,3.356934,-25.207520,-3.601074
23087,-0.325928,-0.956299,0.593994,2.441406,-23.132324,-3.845215
23099,-0.469971,-0.930664,0.682373,-4.089355,-17.822266,-5.371094
23108,-0.559448,-0.880615,0.531372,-8.056641,-16.296387,-7.995605
23118,-0.609863,-0.771851,0.478638,-11.474609,-15.991211,-12.695313
23128,-0.645020,-0.616211,0.752197,-13.183594,-15.625000,-18.493652
23138,-0.586060,-0.467041,0.849731,-14.221191,-14.282227,-23.681641
23147,-0.554810,-0.199219,0.823608,-15.441895,-12.084961,-27.038574
23158,-0.511719,-0.055420,0.721680,-12.756348,-9.094238,-31.555176
23167,-0.377563,-0.390747,1.125000,-9.521484,-7.385254,-32.714844
23177,-0.329712,-0.439331,1.268433,-9.582520,-5.065918,-31.860352
23188,-0.207275,-0.047729,1.624512,-14.221191,-2.258301,-30.517578
23197,-0.391113,0.106689,1.822632,-16.662598,0.488281,-29.541016
23207,-0.285767,0.614624,1.604614,-16.357422,2.868652,-29.113770
23217,-0.285522,0.782593,1.391479,-12.939453,5.310059,-29.418945
23228,-0.124878,0.791870,1.246582,-2.197266,9.643555,-30.883789
23238,0.022827,0.164795,1.271973,2.136230,9.643555,-31.127930
23247,-0.053955,-0.087646,1.389771,3.479004,8.178711,-32.165527
23258,-0.056519,-0.026611,1.279663,1.525879,7.263184,-32.592773
23267,-0.218628,0.219604,1.062622,-1.037598,7.995605,-31.860352
23277,-0.103394,0.413330,1.019653,-1.647949,9.887695,-30.273437
23287,0.001831,0.298462,1.048828,0.549316,11.962891,-28.137207
23298,0.072632,0.023437,1.113892,4.638672,15.991211,-23.376465
23308,0.055176,-0.317017,1.037476,3.173828,16.845703,-21.118164
23317,-0.041260,-0.202026,0.857178,0.549316,16.784668,-19.592285
23327,-0.121094,-0.097290,0.705933,-0.854492,16.601562,-19.165039
23337,-0.098511,-0.083618,0.670410,-1.342773,17.639160,-18.249512
23347,-0.070679,-0.101196,0.717773,-1.464844,19.348145,-16.845703
23358,-0.091187,0.066895,0.823608,-2.319336,20.507812,-15.869141
23367,-0.111572,0.187988,0.868896,-0.061035,22.216797,-13.610840
23377,-0.212646,0.158813,0.880737,2.685547,22.644043,-11.962891
23387,-0.246338,-0.188354,0.990356,4.699707,23.803711,-9.643555
23397,-0.242920,-0.286255,1.082520,4.516602,25.390625,-7.080078
23408,-0.258179,-0.195801,1.076416,2.929688,26.428223,-3.784180
23417,-0.233643,-0.063965,1.014648,1.342773,27.282715,-0.244141
23427,-0.146606,0.032959,0.921753,1.281738,28.137207,3.967285
23437,-0.077759,0.057861,0.856445,1.892090,28.625488,8.972168
23448,-0.004395,-0.017578,0.915161,2.075195,28.991699,18.371582
23457,0.085937,-0.062134,0.844482,1.281738,28.503418,22.766113
23467,0.114258,-0.049561,0.894287,0.000000,27.404785,26.428223
23477,0.197021,-0.046509,0.965210,-0.610352,26.123047,28.076172
23487,0.171143,-0.097534,1.175781,-0.488281,24.475098,28.137207
23498,0.237915,-0.191772,1.252441,-0.854492,22.338867,27.343750
23507,0.156616,-0.234863,1.040649,-1.708984,20.446777,23.254395
23518,0.136475,-0.134644,0.982178,-3.356934,16.784668,20.385742
23528,0.097046,-0.162598,1.072876,-3.295898,14.709473,17.578125
23537,0.165283,-0.156738,1.140259,-3.540039,13.427734,15.441895
23547,0.175903,-0.035278,1.064331,-4.028320,11.962891,14.160156
23558,0.206665,0.135010,0.977173,-3.784180,10.009766,13.183594
23567,0.205444,0.127930,0.897461,-2.258301,8.605957,13.366699
23577,0.221802,0.022339,0.892334,-0.732422,7.385254,13.610840
23588,0.092407,0.009277,1.057861,0.244141,5.310059,12.329102
23597,0.039185,0.032715,1.067383,1.831055,4.089355,10.864258
23607,-0.019043,0.000977,1.122803,3.112793,3.173828,9.399414
23617,-0.046875,-0.130981,1.144653,4.516602,2.563477,8.300781
23628,-0.119751,-0.281372,1.108032,4.821777,2.136230,7.507324
23637,-0.102051,-0.313843,1.121216,4.028320,1.953125,7.141113
23647,-0.051758,-0.158081,1.180176,2.563477,2.075195,8.544922
23658,-0.073853,0.168579,1.040039,2.380371,2.319336,10.131836
23668,-0.133057,0.139160,0.952271,4.028320,2.502441,11.962891
23677,-0.103394,0.025635,0.985840,5.126953,2.746582,13.793945
23688,-0.110962,-0.108521,1.023926,5.737305,2.868652,15.197754
23697,-0.050781,-0.191895,0.903076,5.798340,2.746582,15.991211
23707,-0.018799,-0.286011,0.754272,5.371094,2.502441,15.930176
23717,0.029419,-0.360474,0.616821,2.441406,0.549316,14.526367
23727,0.052979,-0.516968,0.606689,-0.549316,-0.854492,11.779785
23737,0.066528,-0.296387,0.915161,-3.906250,-2.197266,8.544922
23747,0.073608,-0.093750,1.048462,-5.676270,-2.929688,5.859375
23757,0.089844,0.037842,1.056274,-5.493164,-3.601074,3.723145
23767,0.026489,0.025757,1.028320,-4.211426,-4.089355,2.685547
23778,0.044922,0.005859,1.043091,-3.112793,-4.394531,1.647949
23787,0.036987,0.012695,1.151245,-2.563477,-4.333496,-0.610352
23799,0.077759,-0.009399,1.085205,-0.854492,-5.187988,-2.136230
23808,0.034790,-0.193848,0.931396,0.122070,-5.493164,-3.784180
23818,0.019165,-0.199829,0.996094,-0.244141,-6.164551,-5.432129
23827,0.060791,-0.124878,1.155884,-0.976562,-6.103516,-6.835937
23837,0.045166,-0.120361,1.106079,-1.586914,-5.859375,-7.751465
23848,0.038818,-0.080811,1.004761,-1.586914,-5.615234,-7.995605
23857,0.004272,0.031250,0.993286,-0.366211,-4.943848,-8.605957
23867,-0.047607,0.013184,0.971558,0.061035,-4.516602,-8.544922
23878,-0.017456,-0.142944,1.180420,-0.427246,-3.967285,-8.666992
23887,-0.025146,-0.129883,1.232056,-1.831055,-3.662109,-8.483887
23897,-0.036621,-0.124512,1.034424,-2.624512,-3.234863,-8.239746
23908,-0.024536,-0.128540,0.895996,-3.601074,-2.990723,-7.873535
23917,0.020752,-0.021484,0.928711,-4.577637,-1.953125,-6.958008
23927,0.127808,-0.030029,0.875854,-5.432129,-1.464844,-5.126953
23939,0.070312,0.126953,0.859863,-6.530762,-1.953125,-4.882812
23948,0.066406,0.049316,0.795532,-5.187988,-1.831055,-4.638672
23958,0.065063,-0.084717,0.829590,-4.089355,-1.525879,-4.028320
23967,0.048340,-0.056763,0.910645,-4.150391,-1.708984,-3.906250
23977,0.041382,-0.053711,0.967041,-4.089355,-1.831055,-4.699707
23987,0.003662,0.022583,0.978760,-3.723145,-2.014160,-5.249023
23997,-0.004395,0.011597,0.949463,-2.807617,-1.770020,-6.103516
24009,-0.003418,-0.158081,0.932007,-1.647949,-1.586914,-6.408691
24018,0.055298,-0.132568,0.991333,-2.380371,-2.014160,-6.958008
24028,0.060791,-0.062256,1.045410,-3.051758,-2.075195,-7.202148
24037,0.100586,-0.018677,1.126099,-3.417969,-2.197266,-7.202148
24047,0.025269,-0.041260,0.993652,-3.356934,-2.014160,-7.324219
24057,0.010498,-0.076294,0.934448,-2.929688,-1.586914,-7.202148
24069,0.076904,0.022217,1.180542,-3.601074,-1.037598,-5.371094
24079,0.023193,0.150146,1.234741,-3.662109,-0.488281,-4.516602
24089,-0.050049,0.156982,1.072632,-2.868652,-0.610352,-4.150391
24098,-0.088745,-0.016968,0.963257,-1.220703,-0.976562,-4.455566
24108,-0.062744,-0.139160,1.010010,-0.610352,-0.976562,-5.126953
24118,0.004883,-0.168823,1.119019,-1.220703,-0.854492,-5.920410
24127,-0.002686,-0.168335,1.129028,-2.685547,-1.159668,-6.713867
24137,0.037354,-0.066040,1.032837,-3.967285,0.366211,-6.591797
24149,0.011597,0.148193,0.992554,-4.211426,0.793457,-6.347656
24158,-0.003906,0.139771,1.022339,-2.685547,0.671387,-5.920410
24168,-0.064087,0.078613,1.018799,-0.915527,0.854492,-4.882812
24177,-0.054810,0.023071,1.094971,0.305176,0.854492,-4.333496
24188,-0.072144,-0.010864,1.081787,1.342773,1.281738,-4.333496
24197,-0.105469,-0.068115,0.976074,2.136230,1.708984,-3.845215
24210,-0.001953,-0.156982,0.861328,2.746582,3.417969,-2.258301
24219,-0.006348,-0.135498,0.912964,2.075195,3.601074,-1.220703
24229,0.027832,-0.092896,0.966675,1.342773,3.601074,-0.488281
24238,0.001465,-0.026123,0.993286,1.098633,3.417969,-0.305176
24248,0.034668,-0.027710,0.996460,1.037598,3.112793,-0.183105
24258,0.043579,-0.076782,0.964111,1.647949,2.563477,-0.244141
24267,0.016113,-0.091553,0.975220,1.953125,2.502441,-0.122070
24280,0.023437,-0.073853,1.022095,1.037598,2.563477,-0.610352
24289,0.007080,-0.069458,0.986572,1.159668,2.258301,-0.610352
24298,-0.035767,-0.154175,0.937744,1.342773,2.014160,-0.488281
24308,0.038940,-0.193359,0.929199,1.342773,2.258301,-0.122070
24317,0.037476,-0.173340,0.932983,0.244141,2.014160,-0.122070
24328,0.041992,0.011230,1.052856,-1.586914,1.464844,-0.183105
24337,0.032715,0.067749,0.966431,-2.014160,1.281738,0.000000
24349,0.009277,0.071533,0.984619,-1.708984,1.342773,1.892090
24357,0.009277,0.071533,0.984619,-0.976562,1.281738,2.319336
24367,-0.040283,-0.034668,1.021118,-0.732422,1.281738,3.112793
24377,-0.019897,-0.053223,1.061279,-0.671387,1.342773,4.028320
24388,0.009155,-0.029175,1.155273,-0.610352,1.892090,4.699707
24397,-0.010498,0.011841,1.202026,-0.427246,1.770020,5.371094
24408,-0.053345,0.002686,1.141479,0.000000,1.953125,5.981445
24417,-0.071899,0.001221,1.103149,-0.122070,2.380371,7.019043
24429,0.014038,-0.072876,0.983643,-0.183105,2.136230,6.652832
24438,-0.092651,-0.058472,0.872192,-0.305176,1.342773,5.859375
24448,-0.036621,0.029541,0.916992,-0.305176,0.732422,4.699707
24457,0.022339,-0.030151,0.929565,0.000000,0.244141,3.356934
24468,0.008789,-0.089233,0.911621,-0.427246,0.061035,2.441406
24477,0.022583,-0.104248,0.949219,-0.915527,0.122070,1.708984
24487,-0.010864,-0.134644,0.911255,-1.464844,0.000000,0.732422
24498,0.068359,-0.015991,0.906250,-2.258301,-0.366211,-0.305176
24508,0.026978,-0.026489,0.874268,-1.892090,-0.976562,-1.586914
24517,-0.020996,-0.031006,0.922363,-1.770020,-1.708984,-3.356934
24527,0.010620,-0.098633,0.971924,-1.403809,-1.831055,-4.943848
24538,-0.006836,-0.114868,0.984375,-1.525879,-1.953125,-5.859375
24547,0.074951,-0.024414,1.140503,-1.770020,-2.075195,-7.019043
24557,0.084229,0.058594,1.173462,-1.281738,-2.136230,-8.483887
24569,0.099243,-0.154297,0.965088,0.976562,-2.136230,-9.094238
24579,0.093140,-0.185059,1.006836,0.976562,-2.380371,-9.277344
24588,0.124023,-0.104492,1.152344,0.244141,-2.319336,-9.460449
24598,0.073120,0.005737,1.174072,-0.244141,-2.441406,-9.399414
24607,0.044678,0.034424,1.078125,-0.061035,-2.441406,-8.605957
24618,0.018555,-0.022827,1.006104,0.915527,-1.953125,-7.507324
24627,-0.026733,-0.064941,1.036621,1.037598,-0.732422,-4.943848
24639,-0.045898,-0.134766,1.044800,0.305176,0.061035,-2.746582
24648,-0.007690,-0.035278,1.036987,-0.915527,0.671387,-0.244141
24658,-0.049194,0.083496,0.989136,-1.770020,1.098633,2.258301
24667,-0.004028,0.046265,0.975220,-2.014160,1.770020,4.638672
24678,-0.052979,0.043335,0.956299,-2.319336,2.075195,6.713867
24687,0.034302,0.026367,0.980469,-2.746582,2.136230,8.544922
24699,0.078247,0.206055,1.232056,-2.990723,1.647949,10.192871
24708,0.051147,0.253906,1.404907,-2.624512,-0.244141,10.559082
24718,-0.023315,0.190308,1.261230,-0.488281,-0.793457,10.681152
24727,-0.041016,0.179077,1.415161,2.563477,-0.854492,11.169434
24738,-0.017822,0.056763,1.467041,5.920410,-0.183105,11.291504
24748,0.015991,-0.045898,1.273560,8.361816,-0.427246,11.047363
24757,0.112793,-0.029541,1.120239,9.216309,-1.220703,10.803223
24769,0.201050,-0.199219,0.726074,10.253906,-4.577637,8.850098
24779,0.084106,-0.525757,0.464600,10.192871,-6.713867,7.324219
24788,-0.025024,-0.617554,0.330933,7.629395,-7.080078,6.042480
24798,-0.166504,-0.481689,0.366089,3.601074,-5.249023,4.943848
24807,-0.228638,-0.398193,0.369751,-0.183105,-2.624512,4.028320
24818,-0.056152,-0.172852,0.630737,-2.990723,-0.610352,3.479004
24828,0.026367,-0.227539,0.667480,-3.845215,-2.136230,2.014160
24837,0.198120,-0.402100,0.588135,-3.845215,-10.375977,-3.662109
24849,0.193726,-0.920410,0.161621,-4.028320,-13.427734,-6.286621
24858,-0.068481,-1.213379,-0.263062,-7.019043,-13.305664,-7.873535
24868,-0.139648,-1.265991,-0.681152,-13.549805,-10.925293,-9.460449
24878,-0.155273,-1.130371,-0.782959,-21.423340,-7.690430,-12.207031
24888,-0.077148,-0.821045,-0.200439,-28.808594,-5.859375,-15.319824
24898,0.061401,-1.515015,-0.679199,-32.775879,-6.652832,-22.766113
24908,0.075684,-0.743042,1.142578,-41.381836,-7.141113,-25.329590
24917,0.142578,-0.387207,1.722534,-40.405273,-7.446289,-27.221680
24928,0.109253,0.101440,2.594971,-34.362793,-7.263184,-28.198242
24938,0.244507,0.150879,3.272705,-25.268555,-7.324219,-28.808594
24947,0.268921,0.134155,3.266479,-16.235352,-6.225586,-26.855469
24958,0.424438,-0.165283,3.302490,-2.868652,-5.432129,-24.291992
24968,0.400269,-1.510132,2.364136,12.817383,-6.774902,-21.850586
24978,0.227661,-2.144775,1.351563,9.155273,-2.624512,-17.333984
24987,-0.166504,-1.141235,0.971802,0.671387,-1.892090,-19.042969
24998,-0.514404,-0.716553,1.219482,-0.671387,-2.441406,-23.010254
25008,-0.720703,-0.654907,1.661621,3.051758,-0.549316,-27.099609
25018,-0.882690,-0.251221,1.947266,5.615234,5.004883,-30.395508
25027,-1.042114,0.628296,2.177490,7.019043,12.939453,-30.700684
25039,-0.771118,3.041504,3.999512,26.367187,23.681641,-11.840820
25049,-1.492310,3.999512,3.999512,52.001953,27.099609,-5.676270
25058,-1.198364,3.999512,3.999512,77.636719,33.996582,6.774902
25068,0.458496,3.999512,3.999512,91.552734,36.682129,25.390625
25078,2.091919,3.428955,3.102539,101.806641,49.011230,48.400879
25087,1.535034,1.942993,1.569336,114.501953,50.781250,62.561035
25098,1.260132,1.401611,0.649048,123.779297,34.484863,52.368164
25109,0.412842,1.419434,0.310913,119.506836,18.127441,37.048340
25118,-0.283203,0.525513,-0.401611,111.877441,20.568848,38.574219
25128,-0.269409,0.361450,-0.547363,103.942871,25.268555,40.893555
25137,-0.361450,0.277832,-0.371582,97.778320,31.494141,45.471191
25148,-0.493896,0.083984,-0.210205,92.285156,36.865234,49.682617
25162,0.204102,-0.089844,-0.284546,78.430176,38.085937,46.386719
25172,0.460449,-0.039063,-0.311279,72.448730,35.522461,42.968750
25181,0.748291,-0.133179,-0.199585,69.946289,30.029297,39.672852
25191,0.771851,-0.424561,-0.029419,68.725586,22.094727,35.217285
25201,0.693970,-0.759888,0.072876,66.101074,13.610840,28.686523
25210,0.518311,-0.984741,0.007568,60.729980,5.798340,20.080566
25220,0.488403,-0.995605,-0.150757,53.588867,-1.892090,10.009766
25229,0.508179,-0.801758,-0.293335,46.813965,-9.399414,-0.732422
25239,0.543213,-0.791992,-0.377319,42.358398,-16.479492,-9.521484
25249,0.588623,-0.937134,-0.317139,33.691406,-29.541016,-26.428223
25258,0.440918,-0.956543,-0.226685,27.160645,-33.752441,-34.790039
25268,-0.042236,-0.727661,-0.251099,20.080566,-35.339355,-39.916992
25278,-0.229370,-0.667358,-0.186768,14.282227,-34.423828,-41.259766
25288,-0.258423,-0.690552,-0.096191,9.948730,-31.677246,-40.527344
25297,-0.320313,-0.576782,-0.037354,6.225586,-28.381348,-37.719727
25308,-0.359863,-0.464478,-0.007935,2.441406,-24.719238,-33.752441
25318,-0.470215,-0.492798,-0.045898,-0.976562,-20.202637,-22.949219
25328,-0.375122,-0.387085,-0.064697,-6.896973,-11.413574,-16.906738
25338,-0.329468,-0.611328,-0.010254,-9.643555,-6.774902,-10.559082
25348,-0.337769,-0.865356,0.000854,-13.122559,-2.624512,-4.943848
25358,-0.337769,-0.985107,-0.068237,-18.066406,1.220703,0.549316
25368,-0.335815,-0.967163,-0.169067,-24.169922,5.249023,5.371094
25378,-0.185303,-0.871460,-0.281982,-30.517578,8.972168,9.277344
25388,-0.058838,-0.664062,-0.298340,-36.376953,11.535645,14.587402
25398,0.050049,-0.638184,-0.324829,-46.997070,13.732910,15.869141
25408,0.189209,-0.728149,-0.426147,-53.283691,13.000488,15.319824
25418,0.280762,-0.495728,-0.426636,-59.326172,11.718750,14.221191
25428,0.267090,-0.525391,-0.503906,-65.124512,9.643555,12.451172
25438,0.311523,-0.607178,-0.462280,-70.739746,7.324219,9.704590
25447,0.297363,-0.716187,-0.410034,-76.416016,4.577637,6.530762
25459,0.313843,-0.657349,-0.348022,-90.454102,-1.098633,-0.244141
25469,0.322510,-0.411865,-0.478027,-98.083496,-3.723145,-3.295898
25479,0.322144,-0.262329,-0.587769,-104.736328,-6.103516,-6.042480
25488,0.331421,-0.183350,-0.695801,-109.863281,-8.361816,-7.568359
25498,0.254761,-0.171875,-0.709839,-114.990234,-9.765625,-8.483887
25508,0.140991,-0.203247,-0.774902,-120.239258,-10.559082,-9.399414
25518,0.002930,-0.232544,-0.779785,-126.953125,-9.399414,-9.948730
25527,-0.072266,-0.180664,-0.787476,-134.216309,-7.934570,-10.803223
25539,-0.221313,3.577515,3.999512,-141.540527,-1.525879,-13.305664
25549,0.320313,3.054565,3.999512,-89.294434,2.075195,-8.666992
25558,-0.612305,-3.999512,1.186035,-25.268555,-7.629395,7.141113
25568,-0.048584,-2.930054,0.127075,-58.776855,-1.281738,1.708984
25578,0.292480,3.999512,3.475830,-115.722656,-0.061035,-8.239746
25588,-0.758301,3.999512,3.405518,-66.650391,-14.404297,-10.314941
25597,-0.051514,-3.999512,-3.728149,19.531250,-25.512695,-3.051758
25609,-0.366333,0.580688,3.999512,10.925293,-12.451172,-11.169434
25618,0.321899,-0.499268,1.750488,-22.277832,-8.666992,-4.638672
25628,-0.219727,2.285278,1.601807,-15.319824,-2.258301,8.544922
25638,0.426758,1.056274,0.613892,9.704590,-0.610352,17.456055
25648,-0.259521,-2.125732,-0.766113,31.188965,1.892090,17.822266
25658,-0.313843,-2.171265,0.753662,18.371582,6.896973,12.817383
25669,-0.429687,-0.208496,1.447998,-19.775391,6.652832,4.028320
25678,-0.337280,0.602173,1.262573,-5.126953,0.366211,2.746582
25689,-0.051270,-0.231934,1.653198,15.502930,-7.080078,0.488281
25698,-0.360474,-0.771362,1.741333,21.972656,-9.338379,0.122070
25708,-0.356445,-0.492310,1.242310,16.174316,-6.347656,-0.976562
25717,-0.421387,-0.020386,0.563232,9.826660,-1.525879,-0.854492
25728,-0.256836,0.097900,0.412476,10.986328,2.868652,1.770020
25737,-0.084473,-0.385742,0.825806,16.296387,6.042480,6.103516
25749,-0.278320,-0.288940,1.026489,15.808105,6.530762,8.239746
25758,-0.360229,0.490479,0.749878,2.685547,7.202148,6.347656
25768,-0.420532,0.757568,0.441406,2.929688,9.338379,6.896973
25777,-0.370728,0.347656,0.469238,7.507324,10.253906,8.789063
25788,-0.314941,-0.171997,0.796143,9.826660,10.620117,10.375977
25797,-0.153809,-0.410522,1.109497,6.774902,11.169434,11.718750
25809,-0.221680,-0.168335,1.162231,-3.173828,11.657715,14.099121
25818,-0.172241,0.531616,0.809692,-2.929688,13.305664,17.822266
25828,-0.079102,0.520752,0.880859,0.244141,15.808105,24.902344
25837,-0.049316,0.342773,1.117310,4.089355,16.723633,31.616211
25848,-0.053345,0.217529,1.272583,6.713867,16.601562,36.376953
25857,-0.170410,0.125488,1.231934,8.361816,16.357422,41.320801
25868,-0.086792,0.034180,1.037109,9.216309,16.418457,46.203613
25877,-0.116089,-0.059937,0.885254,10.070801,16.418457,49.743652
25889,0.056396,-0.225342,0.879028,10.437012,15.441895,51.879883
25898,0.126221,-0.289673,0.904419,8.239746,9.521484,50.415039
25907,0.075317,-0.137085,0.767090,6.591797,5.981445,47.607422
25918,0.119385,-0.044434,0.661987,6.042480,3.662109,44.494629
25927,0.132202,-0.042358,0.597778,6.164551,1.281738,42.236328
25938,0.185669,-0.202637,0.599731,6.835937,-0.244141,39.978027
25947,0.146606,-0.353394,0.714966,6.347656,-2.197266,37.048340
25959,0.018799,-0.277466,1.033081,4.699707,-5.371094,30.883789
25968,0.004028,-0.099731,1.147827,0.427246,-5.920410,27.221680
25978,-0.011353,-0.108398,1.089478,0.976562,-7.080078,23.803711
25987,-0.042847,-0.202515,1.004395,2.258301,-8.972168,20.446777
25998,-0.103638,-0.274170,1.024292,2.746582,-10.559082,16.906738
26008,-0.088013,-0.261719,1.060791,2.319336,-11.413574,13.977051
26017,-0.036743,-0.228638,1.031860,1.770020,-11.474609,12.329102
26029,0.039673,-0.165161,0.920654,1.464844,-11.474609,11.047363
26038,0.104248,-0.164185,0.951904,-0.183105,-11.718750,10.681152
26048,0.063354,-0.107300,1.045898,-0.915527,-12.512207,9.704590
26058,0.063599,-0.046143,1.090454,-1.281738,-13.305664,8.666992
26067,0.049194,-0.006348,1.121948,-1.098633,-13.916016,7.507324
26078,0.040161,-0.043213,1.135376,-0.061035,-14.282227,6.225586
26088,0.001953,-0.142822,1.111816,0.854492,-14.953613,5.004883
26099,0.013184,-0.319458,0.961670,1.464844,-15.625000,2.319336
26109,0.057495,-0.313599,0.884888,0.549316,-15.991211,0.122070
26118,0.102783,-0.272461,0.857666,-0.732422,-16.479492,-2.441406
26128,0.160400,-0.205200,0.865967,-1.770020,-17.089844,-5.981445
26137,0.205811,-0.134888,0.987793,-2.563477,-18.127441,-9.399414
26148,0.180298,-0.078613,1.048218,-2.624512,-18.920898,-12.878418
26158,0.213745,-0.085083,1.099121,-2.258301,-19.592285,-18.554687
26168,0.161377,-0.126709,1.080811,-1.953125,-20.141602,-20.507812
26178,0.165283,-0.228394,0.813110,-2.197266,-20.324707,-22.277832
26187,0.152954,-0.333862,0.578735,-2.807617,-20.568848,-24.414062
26198,0.223755,-0.260132,0.649536,-4.638672,-20.507812,-27.221680
26208,0.217407,-0.209229,0.711548,-6.347656,-20.385742,-30.578613
26218,0.170532,0.054565,1.077271,-7.995605,-20.751953,-34.423828
26227,0.185547,0.173584,1.242920,-7.446289,-20.751953,-37.780762
26239,0.095215,-0.176880,0.992920,-4.882812,-19.470215,-40.161133
26249,0.088257,-0.006592,1.094116,-5.493164,-18.066406,-39.855957
26259,0.063354,0.229248,1.170654,-6.103516,-16.540527,-38.757324
26268,0.049561,0.242187,1.091064,-4.943848,-15.563965,-36.376953
26278,0.038696,0.094727,0.913208,-2.929688,-14.282227,-33.508301
26288,0.021851,-0.090698,0.889893,-1.647949,-12.817383,-30.761719
26298,0.031738,-0.121826,0.996460,-2.380371,-10.986328,-26.794434
26307,0.019287,-0.006348,1.087280,-4.211426,-9.399414,-25.817871
26318,-0.022583,0.069946,1.019043,-3.540039,-8.789063,-24.475098
26328,0.027832,0.019165,1.051025,-2.807617,-7.934570,-22.583008
26337,0.032715,0.007446,1.137939,-2.563477,-7.080078,-20.812988
26348,0.034058,-0.007446,1.171875,-2.746582,-6.225586,-18.615723
26358,0.031494,0.010620,1.089844,-3.173828,-5.615234,-16.113281
26369,0.022217,0.014160,0.917358,-2.685547,-4.028320,-11.352539
26379,-0.015503,-0.004761,0.892334,-2.197266,-3.356934,-9.765625
26389,-0.007935,-0.047241,0.921021,-2.197266,-3.295898,-9.338379
26398,-0.018311,-0.108032,0.948853,-2.380371,-3.662109,-9.643555
26408,0.061401,-0.096436,0.914185,-3.112793,-4.150391,-10.620117
26418,0.076904,-0.118530,0.879272,-3.845215,-4.150391,-10.986328
26427,0.057251,-0.154663,0.882935,-4.638672,-4.882812,-11.657715
26439,0.099976,-0.095947,0.926514,-6.408691,-4.760742,-12.390137
26449,0.090698,0.260864,1.022827,-5.798340,-4.272461,-12.634277
26459,0.052612,0.248535,1.037842,-3.173828,-4.699707,-13.183594
26468,-0.027954,0.138062,0.991943,-0.427246,-5.310059,-13.610840
26478,-0.087036,-0.223877,0.989502,1.586914,-5.493164,-14.038086
26488,-0.068848,-0.364014,1.000610,1.281738,-4.882812,-14.953613
26497,-0.044922,-0.156250,1.027832,-0.610352,-4.333496,-15.747070
26509,-0.009277,0.049683,1.028320,-1.647949,-3.234863,-17.944336
26519,-0.053467,0.073364,0.959595,-0.244141,-2.990723,-18.371582
26528,-0.029541,-0.044800,0.999023,0.610352,-2.685547,-18.859863
26538,-0.019043,-0.082520,1.051758,0.915527,-2.258301,-18.859863
26548,-0.059814,-0.061523,1.085083,0.427246,-1.831055,-18.859863
26557,-0.085937,0.011353,1.039307,0.122070,-1.403809,-18.920898
26568,-0.091919,-0.003296,1.009399,1.037598,-0.549316,-18.981934
26578,-0.057373,-0.009399,1.019775,1.953125,0.000000,-18.920898
26587,-0.073608,-0.023926,1.072632,3.112793,0.610352,-21.057129
26598,-0.065308,-0.184448,1.110107,2.563477,0.732422,-21.728516
26608,-0.042847,-0.134033,1.080811,1.403809,1.403809,-22.583008
26617,-0.078735,-0.035156,1.058350,0.854492,2.258301,-23.071289
26628,-0.053833,0.036255,1.071167,0.793457,3.051758,-22.399902
26638,-0.025635,0.052368,1.031372,1.586914,3.845215,-21.545410
26649,-0.029663,0.007568,0.923096,3.051758,5.859375,-18.676758
26659,-0.009888,-0.200317,0.832275,2.929688,6.713867,-17.150879
26668,-0.088135,-0.320190,0.724121,2.380371,7.385254,-16.479492
26678,-0.036865,-0.188843,0.778442,0.976562,7.873535,-15.869141
26687,-0.028809,-0.062500,0.855103,-0.488281,8.483887,-15.319824
26698,-0.009399,-0.061279,0.882935,-0.915527,8.300781,-15.014648
26708,-0.036743,-0.092163,0.902832,-0.488281,8.483887,-14.160156
26717,0.025879,-0.121826,0.927856,0.000000,9.216309,-12.573242
26729,0.013184,-0.073608,1.131836,-0.305176,10.253906,-10.070801
26739,0.002808,-0.054077,1.063232,-0.427246,10.498047,-8.911133
26748,-0.023437,-0.040771,0.969849,-0.061035,10.559082,-7.751465
26758,-0.004883,-0.094238,0.929443,0.488281,11.230469,-6.530762
26768,-0.005249,-0.175049,0.995850,0.366211,11.657715,-5.493164
26777,-0.013062,-0.215698,1.059448,-0.183105,11.474609,-4.211426
26789,-0.018555,-0.164062,1.074707,-1.708984,12.084961,-1.037598
26799,-0.050781,-0.029053,1.105835,-2.014160,12.634277,0.671387
26808,-0.066650,0.105469,1.199829,-1.464844,12.634277,2.441406
26818,-0.072876,0.036743,1.210571,-0.183105,13.183594,4.943848
26828,-0.114502,-0.081055,1.120850,0.915527,13.549805,7.202148
26837,-0.081421,-0.136475,1.098877,1.281738,13.366699,8.789063
26848,-0.133545,-0.191772,1.051514,0.976562,13.671875,10.253906
26857,-0.033325,-0.200439,0.997925,-0.122070,13.488770,11.230469
26869,-0.016113,-0.125854,0.960083,-0.915527,12.695313,12.023926
26879,-0.028076,-0.089111,0.982300,-2.563477,12.451172,12.207031
26888,-0.034912,-0.044800,1.060913,-2.685547,12.023926,12.207031
26898,-0.093506,-0.088257,1.054443,-2.441406,11.535645,12.023926
26908,-0.074829,-0.109619,1.021484,-2.258301,11.474609,11.840820
26917,-0.043701,-0.029663,1.019409,-1.770020,11.291504,11.840820
26929,-0.014893,0.102539,0.997681,0.549316,9.887695,10.009766
26938,0.027832,0.014526,0.961426,1.953125,8.911133,8.361816
26949,0.011353,-0.065430,0.966309,2.990723,7.873535,6.591797
26958,0.085693,-0.136841,0.958374,3.662109,7.568359,5.004883
26968,0.041138,-0.125488,0.926758,3.723145,6.713867,3.662109
26977,0.054565,-0.159302,0.802002,3.479004,6.164551,2.502441
26987,0.078735,-0.192627,0.803589,2.502441,5.798340,1.464844
26999,0.087646,-0.163452,0.878296,0.244141,5.004883,-0.305176
27008,0.052490,0.061401,1.056641,0.305176,4.028320,-1.220703
27019,0.011963,0.069702,1.025635,0.915527,3.540039,-1.037598
27028,-0.021240,-0.093018,0.915283,1.770020,3.662109,-0.366211
27037,-0.041992,-0.182007,0.820801,1.708984,4.394531,0.854492
27048,-0.047363,-0.095337,0.878418,0.976562,5.310059,2.380371
27057,-0.028076,-0.079102,0.935791,0.000000,5.676270,3.540039
27069,-0.034912,-0.064819,0.938110,-1.464844,4.821777,5.493164
27078,-0.029175,-0.063354,1.107544,-2.014160,4.699707,6.286621
27088,-0.027832,-0.041748,1.208374,-2.624512,5.126953,7.690430
27097,-0.079468,0.027222,1.242798,-2.624512,5.310059,10.009766
27108,-0.070557,0.057861,1.153076,-1.953125,6.042480,12.268066
27117,-0.072144,0.070435,1.104126,-0.732422,6.652832,15.502930
27128,-0.043213,0.129028,1.058228,0.183105,6.591797,17.944336
27137,-0.075317,-0.015015,0.972656,1.037598,6.469727,19.104004
27149,-0.062256,-0.213989,1.011108,0.610352,5.493164,20.507812
27159,-0.065552,-0.177612,1.039551,-0.671387,4.699707,19.958496
27168,-0.092529,-0.061401,1.066040,-2.136230,4.394531,19.836426
27178,-0.071045,-0.011597,1.047974,-2.319336,3.845215,19.836426
27187,-0.062744,0.018799,1.079102,-1.831055,3.479004,19.897461
27198,-0.017212,-0.021606,1.077637,-0.976562,3.112793,20.263672
27207,-0.027832,-0.071289,1.033813,-0.122070,2.502441,19.653320
27219,-0.007690,-0.058716,1.049805,0.061035,1.770020,17.028809
27228,0.003784,-0.008667,1.061523,0.244141,-0.061035,14.770508
27237,0.007568,0.098022,1.109375,0.366211,-1.220703,12.573242
27248,0.006592,0.071899,1.053223,1.159668,-2.197266,10.742188
27257,-0.004028,-0.058594,1.004639,2.563477,-2.746582,9.948730
27267,0.041138,-0.129150,1.055542,3.173828,-3.051758,8.728027
27277,-0.011475,-0.176025,1.119629,2.685547,-3.356934,7.507324
27287,0.001099,-0.112915,1.072754,1.953125,-3.967285,4.455566
27298,0.010010,0.028198,0.899048,2.441406,-4.272461,2.807617
27308,0.005737,-0.009277,0.868042,3.234863,-5.126953,0.854492
27317,0.019653,-0.119385,0.928101,4.028320,-5.798340,-1.281738
27327,0.052734,-0.267334,0.936768,4.028320,-6.530762,-3.662109
27337,0.097900,-0.340576,0.891479,3.173828,-6.958008,-5.554199
27347,0.073242,-0.297363,0.931763,1.342773,-7.385254,-6.774902
27357,0.126953,-0.146240,0.976807,-0.366211,-6.713867,-7.934570
27369,0.067017,-0.020996,0.942383,-0.671387,-6.591797,-7.507324
27378,0.017212,-0.126465,0.895142,-0.366211,-6.530762,-7.324219
27388,0.051636,-0.203247,0.942383,-0.549316,-6.164551,-7.263184
27398,-0.004883,-0.127686,0.968628,-1.464844,-5.859375,-7.141113
27407,0.044189,-0.083618,1.007080,-1.831055,-5.676270,-7.385254
27417,-0.003052,-0.109985,1.013428,-1.647949,-5.615234,-7.568359
27427,0.035034,-0.077271,1.062988,-1.586914,-5.004883,-6.896973
27438,0.027710,-0.130615,1.086182,-0.793457,-4.516602,-6.225586
27448,-0.019287,-0.145752,1.004395,-0.976562,-4.028320,-5.676270
27458,0.005127,-0.161011,0.904297,-1.037598,-3.784180,-5.126953
27467,0.019287,-0.152588,0.846069,-1.281738,-3.479004,-4.699707
27477,0.080078,-0.189697,0.837524,-1.708984,-3.601074,-4.882812
27487,0.060669,-0.254028,0.868774,-2.685547,-3.967285,-5.920410
27499,0.042236,-0.066040,1.070557,-5.065918,-5.126953,-7.690430
27509,0.076416,0.007202,1.113770,-4.943848,-5.249023,-7.995605
27518,0.006348,-0.030396,1.056274,-4.333496,-5.310059,-7.873535
27528,0.006836,-0.204712,0.955078,-3.723145,-4.760742,-7.263184
27538,0.033936,-0.262207,0.968018,-4.455566,-3.845215,-6.774902
27547,0.073120,-0.198486,0.970581,-6.042480,-3.662109,-6.225586
27557,0.062134,-0.015503,1.012085,-7.263184,-3.662109,-6.652832
27569,0.026245,0.133179,1.061646,-7.629395,-4.028320,-7.629395
27578,0.006104,0.007080,1.028931,-4.455566,-4.638672,-8.361816
27587,-0.009033,-0.055054,1.028931,-3.295898,-4.394531,-8.789063
27597,-0.003174,-0.028931,1.069092,-2.929688,-4.028320,-9.399414
27607,0.001221,-0.006104,1.049683,-2.441406,-3.723145,-9.704590
27618,0.008057,-0.079102,0.947632,-2.075195,-4.150391,-10.009766
27627,0.000977,-0.140869,0.882080,-1.525879,-4.028320,-10.437012
27637,0.048584,-0.095337,0.895264,-1.708984,-3.417969,-11.352539
27648,0.035400,0.009766,0.993408,-2.868652,-3.723145,-12.329102
27658,0.012085,0.062988,0.972656,-2.502441,-3.784180,-13.244629
27668,0.019653,-0.025513,0.881836,-1.159668,-3.417969,-13.671875
27677,0.025635,-0.071533,0.895508,-0.549316,-3.295898,-14.160156
27687,0.060425,-0.125854,0.929443,-0.732422,-3.295898,-14.953613
27697,0.047974,-0.159058,0.949219,-1.831055,-3.356934,-15.686035
27707,0.054565,-0.088135,0.968994,-3.295898,-3.356934,-17.456055
27717,0.045288,0.001831,1.027222,-3.662109,-2.929688,-17.639160
27727,-0.029175,0.108887,1.012573,-2.563477,-2.563477,-17.333984
27737,0.029663,0.067627,1.006226,-1.647949,-1.647949,-16.662598
27746,0.013550,0.006714,0.981445,-0.976562,-0.793457,-15.502930
27757,0.029541,-0.038574,0.995483,-0.488281,0.061035,-13.977051
27767,-0.014526,-0.128418,0.941528,0.183105,0.427246,-12.939453
27779,0.001587,-0.106079,1.108154,-0.244141,0.793457,-11.230469
27788,0.036865,-0.005127,1.166870,-1.037598,1.403809,-10.681152
27798,-0.050293,0.110840,1.126221,-0.854492,1.586914,-9.521484
27807,0.002197,0.078735,1.028076,0.305176,2.136230,-8.056641
27817,-0.041016,-0.039429,0.988159,1.464844,2.685547,-6.713867
27826,0.032471,-0.207520,1.012207,1.770020,3.051758,-5.554199
27837,-0.029419,-0.266846,1.020996,1.098633,2.929688,-4.821777
27849,-0.003418,-0.070801,0.931396,-1.281738,3.295898,-3.723145
27859,-0.001831,0.000732,0.920410,-1.403809,3.540039,-2.929688
27868,0.021606,0.020020,1.030640,-0.793457,3.479004,-2.502441
27878,-0.059204,0.027954,1.142090,-0.305176,2.929688,-2.258301
27887,-0.039185,-0.046875,1.139160,0.061035,3.112793,-1.831055
27896,-0.055786,-0.084717,1.069580,-0.183105,3.234863,-1.342773
27907,-0.023804,-0.044556,1.025513,-0.244141,3.540039,-0.976562
27917,-0.032715,-0.031860,0.999756,0.427246,3.540039,0.244141
27926,-0.001343,-0.093384,0.976318,0.732422,3.112793,0.976562
27937,0.000854,-0.176880,0.840210,0.305176,3.051758,0.549316
27946,-0.020386,-0.132324,0.859253,-0.366211,3.112793,0.244141
27957,0.007935,-0.065918,0.893921,-0.854492,3.051758,-0.122070
27967,-0.008789,-0.081665,0.887817,-0.854492,2.807617,-0.671387
27977,-0.004150,-0.157227,0.946045,-0.488281,2.685547,-0.671387
27989,0.011475,-0.113525,1.121582,-1.281738,2.746582,-0.122070
27998,-0.090576,0.002930,1.117432,-1.464844,2.929688,0.488281
28007,-0.049072,0.053955,1.047852,-0.915527,3.295898,1.708984
28017,-0.095093,-0.001953,0.962280,0.244141,3.662109,2.807617
28027,-0.016479,-0.041260,0.920776,1.037598,4.211426,3.662109
28037,-0.061401,-0.104004,0.963257,1.159668,3.967285,4.150391
28047,0.008179,-0.258789,0.960449,0.854492,3.234863,4.028320
28059,-0.023071,-0.181641,1.037598,-1.525879,2.807617,3.173828
28069,-0.003418,-0.075195,1.048584,-2.197266,2.868652,2.990723
28078,-0.010742,0.040649,1.086060,-1.831055,2.685547,3.051758
28087,-0.019165,0.006104,1.066284,-0.854492,2.258301,3.173828
28097,-0.027832,-0.072388,1.054443,-0.122070,2.197266,3.479004
28106,-0.052490,-0.144165,1.039307,0.061035,2.441406,4.089355
28117,-0.022095,-0.104004,1.036621,-0.183105,2.441406,4.272461
28127,-0.024292,-0.033447,1.002563,-1.037598,1.892090,3.417969
28138,-0.006592,-0.145142,0.930542,-0.732422,1.770020,2.807617
28148,-0.014160,-0.216187,0.975708,-0.671387,1.464844,2.075195
28157,-0.004517,-0.146606,1.042847,-1.098633,1.220703,1.403809
28167,0.000732,-0.029297,1.081177,-1.831055,0.854492,0.488281
28177,0.006348,0.003296,1.082275,-1.831055,0.671387,-0.183105
28186,-0.002197,0.036743,1.043213,-1.464844,0.549316,-0.671387
28198,0.043457,0.040527,1.049561,-0.061035,0.061035,-1.037598
28207,0.029541,-0.099487,0.978760,0.610352,-0.244141,-1.770020
28216,0.000000,-0.160278,0.906616,0.915527,-0.244141,-2.502441
28227,0.039673,-0.152832,0.882446,0.976562,-0.183105,-3.112793
28237,0.036255,-0.088989,0.884033,0.854492,-0.183105,-4.028320
28247,0.029053,-0.018555,0.919800,0.976562,-0.915527,-5.432129
28256,0.010010,-0.090576,0.901001,1.403809,-1.708984,-6.713867
28269,0.025757,-0.202637,1.024902,0.549316,-1.464844,-7.507324
28279,0.005615,-0.147949,1.083618,-0.793457,-1.464844,-7.812500
28288,-0.002930,-0.015991,1.095581,-1.708984,-0.915527,-7.446289
28298,-0.021729,0.090942,1.083862,-1.281738,-0.244141,-6.652832
28308,-0.001221,0.084839,1.053589,-0.122070,0.244141,-5.920410
28317,-0.047974,0.026855,1.019653,1.586914,0.427246,-4.882812
28326,-0.025024,-0.040894,0.998291,2.624512,0.427246,-4.089355
28339,0.003418,-0.158813,0.969116,2.075195,0.549316,-4.272461
28349,-0.010498,-0.059082,0.985962,0.793457,0.793457,-5.004883
28358,0.047363,-0.019409,1.048218,0.000000,0.549316,-5.493164
28368,0.042847,-0.093628,1.017578,-0.122070,0.305176,-5.615234
28377,0.001709,-0.184692,0.922607,0.122070,0.610352,-5.187988
28387,0.036743,-0.208374,0.885742,-0.122070,0.793457,-5.004883
28397,-0.011963,-0.155151,0.918945,-0.610352,0.976562,-5.065918
28406,0.016479,-0.043335,0.981689,-1.525879,0.427246,-5.493164
28418,0.011597,-0.151733,0.914551,-1.892090,0.793457,-6.408691
28427,0.015503,-0.203613,0.865479,-1.892090,0.549316,-6.835937
28437,-0.019897,-0.143677,0.910034,-2.258301,0.793457,-7.202148
28446,0.003418,-0.101929,0.994385,-3.051758,0.915527,-7.263184
28457,0.022095,-0.105591,1.022949,-3.234863,1.159668,-7.202148
28466,0.013916,-0.111816,1.025391,-3.662109,1.525879,-6.958008
28479,0.021484,0.068604,1.101074,-3.662109,2.075195,-5.493164
28488,-0.036743,0.110229,1.091431,-2.624512,2.563477,-3.540039
28498,0.011963,0.061279,1.047607,-1.281738,2.807617,-1.892090
28507,-0.038696,0.022461,1.056885,-0.122070,3.173828,-0.549316
28517,-0.044922,-0.013672,1.098633,0.549316,3.173828,0.915527
28526,-0.024536,0.006592,1.098267,1.098633,3.173828,1.892090
28537,-0.055176,-0.006714,1.046997,1.586914,3.234863,2.929688
28549,0.006348,-0.088501,1.034668,0.854492,3.662109,5.126953
28559,0.000732,-0.163452,1.009399,0.732422,3.479004,5.737305
28568,-0.067749,-0.323364,0.902344,0.610352,3.234863,6.103516
28577,-0.046753,-0.335205,0.785889,-0.183105,3.051758,5.920410
28587,-0.017456,-0.151855,0.848267,-1.342773,3.417969,5.310059
28596,0.017456,-0.175415,0.891235,-3.234863,2.868652,4.577637
28607,0.039795,-0.280029,0.821289,-4.943848,1.831055,3.051758
28616,0.023926,-0.160645,0.839355,-5.981445,1.098633,1.525879
28628,0.027344,0.038818,1.059570,-6.103516,0.427246,0.000000
28637,-0.004028,-0.006104,1.096191,-5.554199,0.549316,-0.488281
28647,0.043701,-0.005615,1.107178,-4.943848,0.732422,-0.366211
28657,-0.008179,-0.050415,1.010376,-4.089355,0.793457,-0.244141
28667,0.007080,-0.092773,0.922852,-3.295898,0.732422,-0.183105
28677,-0.030884,-0.046509,0.910522,-2.685547,1.037598,-0.244141
28687,0.066162,-0.020020,0.964111,-2.380371,-0.183105,-2.685547
28698,0.044312,0.090088,1.054932,-2.197266,-0.305176,-4.211426
28708,-0.024414,0.018066,1.012573,-0.732422,-0.366211,-4.943848
28717,0.031128,-0.103882,1.005127,0.366211,-0.488281,-5.859375
28727,-0.012817,-0.147583,1.005005,0.976562,-0.488281,-6.408691
28737,-0.002075,-0.104004,1.017700,1.281738,-0.244141,-6.286621
28747,0.033081,-0.088745,1.048096,1.281738,0.000000,-6.469727
28759,0.029297,-0.098511,0.984863,0.305176,0.061035,-6.408691
28768,0.011108,-0.112305,1.031616,-0.366211,0.244141,-5.676270
28778,0.036255,-0.139038,1.039307,-0.671387,0.488281,-5.126953
28787,-0.042603,-0.137695,1.021118,-0.976562,0.610352,-4.150391
28797,0.028564,-0.047974,1.014648,-1.342773,0.610352,-3.173828
28806,-0.060791,0.004639,1.063477,-2.014160,0.793457,-2.502441
28817,0.008301,-0.023804,1.059204,-2.502441,0.793457,-1.708984
28827,-0.044067,-0.072021,1.036743,-2.441406,1.525879,0.122070
28838,-0.035889,-0.096069,0.964233,-2.380371,1.525879,1.220703
28848,0.010132,-0.032349,0.999268,-2.319336,1.708984,1.831055
28857,-0.023560,0.018066,1.043091,-2.502441,2.014160,2.441406
28866,0.001465,0.003662,1.026123,-2.563477,1.953125,2.990723
28877,0.021851,-0.027832,0.980103,-1.892090,1.953125,2.990723
28887,-0.004517,-0.002319,0.924316,-0.305176,1.892090,3.112793
28896,-0.000610,0.047119,0.942505,1.037598,1.586914,2.258301
28908,0.051392,-0.227051,0.924438,1.586914,0.671387,1.525879
28917,0.031982,-0.241699,0.918579,0.915527,0.366211,0.732422
28927,0.042480,-0.121094,0.956543,0.122070,-0.061035,-0.305176
28936,0.055908,0.056274,1.005005,-0.366211,-0.488281,-0.976562
28947,0.062378,0.079346,1.019531,-0.122070,-0.610352,-1.159668
28956,0.015381,-0.007446,0.984619,0.976562,-0.732422,-0.793457
28969,-0.004028,-0.232910,1.001465,1.647949,-1.037598,-0.610352
28979,-0.001221,-0.271973,0.956665,0.854492,-1.159668,-0.854492
28988,-0.018311,-0.271118,0.895142,-0.244141,-1.220703,-1.586914
28998,-0.003418,-0.090454,0.884521,-1.159668,-1.098633,-2.014160
29008,-0.012085,0.075562,0.947876,-1.159668,-1.342773,-2.319336
29017,-0.017822,0.063477,1.054443,-0.671387,-1.586914,-3.051758
29027,-0.008423,-0.185181,1.105835,0.183105,-1.708984,-3.356934
29036,-0.037842,-0.346436,1.064941,0.244141,-1.708984,-3.662109
29046,-0.049683,-0.273804,1.090942,-1.708984,-0.732422,-3.906250
29057,-0.011108,-0.048096,0.829224,-2.136230,-0.244141,-3.112793
29067,0.025635,-0.105591,0.833374,-3.051758,-0.061035,-2.319336
29076,0.054687,-0.276489,0.847656,-3.723145,0.000000,-1.953125
29087,0.006104,-0.128296,0.911255,-4.516602,-0.305176,-2.075195
29097,0.035522,-0.039429,1.063477,-5.920410,-0.915527,-2.624512
29106,-0.031128,-0.133423,1.043457,-6.042480,-1.037598,-2.868652
29118,-0.019043,-0.195557,0.872803,-4.638672,-0.488281,-2.990723
29128,0.022461,-0.066895,0.950684,-4.882812,-0.061035,-2.197266
29137,0.017822,-0.023804,0.979248,-5.249023,0.244141,-1.953125
29147,0.011108,-0.115967,0.919312,-5.187988,0.183105,-1.403809
29157,0.010254,-0.172485,0.818359,-5.065918,0.061035,-1.403809
29166,0.032227,-0.145264,0.787231,-5.004883,0.183105,-1.586914
29179,0.067993,-0.072021,1.010498,-6.835937,0.000000,-2.441406
29188,0.028687,0.142822,1.149048,-6.591797,-0.488281,-3.417969
29198,-0.010620,0.157104,1.141724,-5.065918,-1.159668,-4.028320
29208,-0.070679,0.059204,1.098999,-3.234863,-1.281738,-3.967285
29218,-0.029907,-0.085327,1.042603,-2.258301,-0.793457,-3.295898
29227,-0.045044,-0.147949,1.016602,-2.380371,-0.183105,-2.075195
29237,-0.007813,-0.096802,0.979248,-3.601074,0.488281,-0.915527
29247,-0.010986,-0.003662,0.980347,-4.028320,0.488281,0.854492
29257,0.004395,0.012695,1.016113,-3.479004,0.549316,1.647949
29267,-0.012695,0.026733,1.092651,-3.051758,0.122070,1.892090
29276,-0.022705,-0.019043,1.143188,-2.807617,-0.061035,2.197266
29287,-0.033813,-0.047974,1.093262,-2.319336,-0.488281,2.197266
29297,-0.029663,-0.026245,1.052734,-2.380371,-0.427246,2.441406
29306,-0.030029,-0.050171,1.044556,-2.685547,-0.183105,2.868652
29319,-0.005371,-0.090576,1.001343,-2.929688,-0.610352,2.441406
29329,0.007568,-0.028564,0.951416,-2.929688,-0.976562,1.953125
29338,0.013428,0.203613,0.999390,-2.807617,-0.976562,1.464844
29348,0.056396,0.106689,0.983032,-1.770020,-1.220703,0.366211
29357,0.027344,-0.138794,0.989624,-0.610352,-1.647949,-0.854492
29367,0.024536,-0.189209,0.985596,-0.061035,-1.953125,-2.258301
29376,-0.008057,-0.142700,0.953979,0.244141,-2.014160,-3.540039
29389,0.020996,0.049316,1.016235,-0.244141,-2.319336,-6.103516
29399,0.011597,0.077515,0.980103,-0.244141,-2.929688,-7.934570
29408,-0.009766,0.086548,0.965942,0.915527,-3.295898,-9.460449
29418,0.024658,0.062378,0.968262,2.563477,-3.417969,-10.437012
29427,0.001587,-0.070190,0.973267,3.601074,-3.540039,-11.596680
29436,0.000244,-0.143921,0.998657,3.356934,-3.662109,-12.573242
29446,-0.005981,-0.109131,0.980591,2.685547,-3.173828,-12.756348
29459,0.037842,-0.005859,1.046021,2.990723,-2.136230,-12.817383
29469,0.039551,-0.136719,1.020874,3.906250,-2.136230,-12.512207
29478,-0.021362,-0.180542,1.025635,3.784180,-2.136230,-12.573242
29488,-0.034790,-0.082764,1.051147,3.356934,-1.647949,-12.329102
29498,0.014893,0.010742,1.111572,2.807617,-1.098633,-11.657715
29507,0.020630,0.052734,1.104248,2.990723,-0.671387,-10.681152
29516,0.023437,-0.052124,1.066528,3.417969,-0.305176,-9.948730
29526,0.012207,-0.218628,0.974731,4.455566,0.305176,-8.361816
29537,0.011230,-0.148804,1.020630,4.577637,0.976562,-6.469727
29547,0.076416,-0.170654,1.129272,1.892090,1.098633,-6.225586
29557,0.000977,-0.121582,1.217163,0.732422,1.281738,-6.286621
29566,-0.005859,-0.076538,1.035767,1.464844,1.037598,-6.286621
29576,-0.058960,0.269287,1.431763,2.624512,1.525879,-5.493164
29587,-0.036743,0.169189,1.323364,4.821777,1.770020,-4.882812
29596,-0.164917,-0.213867,0.893799,7.080078,1.281738,-4.455566
29608,0.049438,-0.577393,0.532227,6.408691,2.441406,-2.197266
29618,0.148071,-0.655151,0.351074,3.295898,2.319336,-2.380371
29627,0.158081,-0.345459,0.643921,-1.831055,2.136230,-3.417969
29636,0.159912,0.041382,0.963135,-4.821777,1.159668,-4.089355
29646,0.100830,0.225098,1.123169,-4.760742,0.244141,-5.249023
29657,0.011597,0.026978,1.060059,-2.380371,-0.061035,-5.432129
29666,-0.062256,-0.170288,0.958008,-0.549316,0.000000,-5.065918
29678,-0.096680,-0.083740,0.992310,-1.098633,1.708984,-3.723145
29687,-0.081909,0.051025,0.957031,-1.525879,1.770020,-3.479004
29697,-0.036621,-0.075562,0.847412,-0.976562,1.464844,-3.356934
29706,-0.035767,-0.221558,0.871460,-0.732422,1.708984,-3.112793
29717,0.024414,-0.098022,1.055420,-0.915527,2.197266,-3.234863
29726,-0.031982,0.009033,1.145264,-1.342773,1.831055,-3.356934
29739,-0.100708,-0.158081,0.953613,-0.122070,2.624512,-2.502441
29749,-0.074951,-0.249146,0.858643,0.061035,3.173828,-1.953125
29758,-0.078125,-0.199341,0.890015,-0.366211,3.601074,-1.464844
29768,-0.007202,-0.104980,0.957886,-1.525879,3.601074,-1.953125
29778,-0.070190,-0.215820,0.847412,-2.929688,3.173828,-2.624512
29787,-0.052490,-0.330444,0.662598,-4.089355,3.051758,-2.685547
29797,-0.058228,-0.193237,0.781250,-5.920410,3.173828,-2.258301
29807,0.033569,0.015991,1.080566,-7.995605,3.845215,-0.793457
29816,-0.026611,0.038818,1.194580,-7.690430,4.150391,0.366211
29827,-0.006714,0.108643,1.194946,-5.615234,4.638672,1.831055
29836,-0.143188,-0.069946,1.037231,-3.601074,5.432129,4.089355
29847,-0.046753,-0.280518,1.067261,-3.417969,6.408691,5.920410
29856,-0.055664,-0.360718,1.137939,-5.310059,6.713867,6.958008
29866,-0.005249,-0.032104,1.195190,-8.666992,6.591797,7.080078
29878,-0.023560,0.338379,1.158447,-6.896973,5.493164,6.652832
29887,-0.027954,0.333130,1.007568,-3.784180,4.760742,6.713867
29896,0.041504,0.437012,1.116699,-1.037598,4.333496,6.835937
29907,0.078735,0.135132,1.146240,2.258301,3.845215,6.652832
29916,0.017090,-0.367798,0.866211,4.577637,3.417969,6.652832
29927,0.037842,-0.459473,0.802856,4.028320,3.356934,5.981445
29936,0.095947,-0.330566,0.849121,1.953125,3.112793,4.455566
29948,0.127197,-0.132080,0.949219,-2.319336,1.464844,0.244141
29957,0.112183,0.198120,0.984497,-1.953125,0.366211,-1.403809
29966,0.046143,0.077881,0.924805,-0.244141,-0.549316,-2.319336
29977,0.049561,0.021118,0.943237,1.281738,-0.915527,-2.868652
29986,-0.009399,-0.049194,1.033813,1.647949,-1.159668,-3.234863
29996,0.026367,-0.159790,1.030029,0.976562,-1.037598,-2.624512
30006,0.053101,-0.187256,0.960449,0.427246,-0.366211,-1.708984
30019,0.046875,-0.163452,0.902588,-0.915527,-0.122070,-0.671387
30028,0.031494,-0.063110,0.900513,-2.075195,-0.183105,-0.366211
30038,0.014893,-0.014771,0.909058,-2.685547,-0.732422,-0.915527
30047,-0.012207,0.156372,0.964966,-2.502441,-0.915527,-1.953125
30057,0.009277,0.092773,0.994385,-1.708984,-1.342773,-2.868652
30067,-0.041138,-0.028931,0.958130,-0.305176,-1.464844,-3.662109
30077,-0.027344,0.040771,0.997559,0.549316,-1.953125,-4.943848
30087,-0.031372,-0.137817,0.919800,1.586914,-1.037598,-5.493164
30096,0.027954,-0.314331,0.839966,1.098633,-0.915527,-5.981445
30107,0.060425,-0.290039,0.957397,-0.610352,-0.915527,-6.652832
30116,-0.007202,-0.224731,1.006836,-2.746582,-0.671387,-7.385254
30126,-0.013184,-0.072144,0.999512,-3.967285,-0.671387,-7.934570
30137,-0.017578,0.144409,1.061523,-3.906250,-0.549316,-8.422852
30147,-0.030884,0.158325,1.121460,-2.807617,0.122070,-8.422852
30156,-0.047363,-0.105225,1.089355,-1.159668,0.366211,-8.361816
30168,-0.069458,-0.245239,1.086426,-1.220703,1.464844,-7.324219
30178,-0.035889,-0.002930,1.161011,-2.502441,2.197266,-6.469727
30187,-0.039673,0.107788,1.122681,-3.234863,2.685547,-5.798340
30197,-0.059814,0.058228,1.097412,-2.868652,3.356934,-4.699707
30207,-0.000732,0.006348,1.064941,-1.342773,3.845215,-3.356934
30216,-0.031860,0.002075,1.030762,0.366211,3.723145,-2.136230
30229,0.010498,-0.309082,1.000366,0.183105,3.662109,-0.732422
30238,0.024414,-0.333252,0.804321,-0.976562,3.662109,0.366211
30248,0.053467,0.039429,0.901978,-2.197266,4.089355,1.708984
30257,0.116821,0.077271,0.990967,-2.807617,3.845215,3.173828
30266,0.054932,-0.189941,0.859741,-2.746582,3.906250,4.760742
30277,0.045166,-0.051025,0.909668,-2.319336,4.272461,6.652832
30287,0.059692,0.051147,1.079712,-2.380371,3.845215,8.483887
30299,0.013184,-0.153320,0.864502,-3.356934,3.662109,11.108398
30308,0.025513,0.082642,0.973145,-4.028320,3.479004,11.962891
30318,0.032959,0.073364,0.948608,-3.479004,2.990723,12.512207
30327,-0.031250,-0.018921,0.886963,-3.112793,2.441406,12.817383
30337,-0.021606,-0.062866,0.980225,-2.746582,2.014160,12.390137
30347,-0.034424,-0.105103,1.012207,-2.197266,1.464844,11.962891
30357,-0.024780,-0.052612,0.992187,-2.258301,1.159668,11.474609
30366,-0.022217,-0.034790,0.947632,-2.746582,0.793457,10.314941
30378,0.004761,0.150513,0.995483,-2.014160,-0.427246,9.338379
30388,-0.026123,0.116943,0.985840,-0.549316,-0.854492,8.666992
30397,-0.002563,-0.121338,0.948486,0.854492,-1.281738,7.385254
30407,-0.042847,-0.062744,1.036987,1.586914,-1.770020,5.920410
30416,0.003296,-0.123901,1.045166,2.014160,-2.075195,4.516602
30426,-0.034790,-0.312134,0.932739,2.075195,-2.197266,2.807617
30439,0.020020,-0.217407,1.017944,0.488281,-2.380371,-0.122070
30449,0.025879,-0.359253,0.930298,-0.549316,-2.807617,-1.831055
30458,-0.017944,-0.363037,0.959839,-2.136230,-3.112793,-3.784180
30468,0.050049,-0.103394,1.143677,-3.295898,-3.356934,-5.493164
30478,0.050293,-0.192017,1.131104,-3.295898,-3.417969,-7.019043
30487,-0.016846,-0.373535,0.924683,-3.295898,-4.211426,-7.995605
30497,-0.005371,-0.103516,1.021362,-4.028320,-3.906250,-8.850098
30507,0.032715,-0.058350,1.119019,-5.798340,-2.990723,-9.948730
30517,0.020874,-0.010498,0.976318,-5.615234,-2.502441,-10.498047
30527,0.036987,0.158813,1.136963,-4.699707,-1.953125,-11.291504
30537,0.027588,0.016846,1.185181,-3.784180,-2.075195,-12.207031
30546,0.050293,-0.178711,1.169189,-2.990723,-2.014160,-13.000488
30556,0.051636,-0.101074,1.183960,-2.502441,-2.014160,-13.916016
30567,0.069946,0.079102,1.173462,-1.892090,-1.770020,-14.343262
30576,0.075195,-0.004761,1.045044,-1.281738,-1.525879,-13.000488
30586,0.090088,0.064087,0.888062,0.610352,-0.976562,-11.840820
30596,0.077881,-0.152466,0.775513,0.793457,-0.976562,-10.742188
30606,0.059570,-0.017700,0.772827,0.305176,-1.037598,-9.460449
30617,0.066528,-0.006592,0.826904,-0.305176,-0.793457,-8.117676
30626,0.061890,-0.052490,0.836670,-0.976562,-0.427246,-7.324219
30636,0.016724,-0.186646,0.922485,-1.708984,-0.244141,-6.225586
30649,-0.048950,-0.037964,0.937744,-3.356934,1.220703,-3.540039
30658,-0.087402,-0.097656,0.853027,-4.333496,1.770020,-1.831055
30668,-0.107666,-0.028076,0.736816,-4.760742,2.929688,0.122070
30678,-0.102783,0.203125,0.833252,-4.577637,4.089355,2.868652
30687,-0.085327,-0.042725,0.828735,-3.845215,4.821777,5.920410
30697,-0.077881,0.010132,0.964600,-3.479004,5.371094,9.033203
30707,-0.046143,0.141602,1.214966,-3.173828,5.859375,11.596680
30716,-0.106201,-0.121704,1.210693,-3.356934,5.676270,14.526367
30726,-0.016846,-0.041748,1.215942,-2.929688,3.479004,15.197754
30737,-0.076416,-0.088013,0.833984,-1.770020,2.502441,16.052246
30746,-0.047241,-0.038452,0.576294,-1.098633,2.441406,17.944336
30756,-0.020996,0.214478,0.659058,-0.854492,2.563477,19.897461
30766,-0.040039,-0.011475,0.507812,-0.305176,2.807617,21.789551
30776,0.036377,-0.059570,0.576538,0.183105,2.807617,23.376465
30787,0.106201,-0.206787,0.760254,0.427246,-1.220703,23.193359
30796,0.125244,-0.366699,0.997192,-0.671387,-2.929688,22.949219
30806,0.189209,-0.751709,0.887207,-2.258301,-4.272461,22.277832
30817,0.087402,-2.071899,-1.199341,-3.601074,-4.943848,21.484375
30826,0.105103,-2.567627,-1.530762,-7.812500,-3.295898,21.179199
30837,0.164062,-2.796265,-1.374756,-27.282715,0.793457,18.737793
30846,0.128174,-2.250000,-1.796021,-49.743652,-2.380371,12.451172
30856,0.245605,-0.163574,0.378540,-69.396973,-5.371094,6.286621
30868,0.157349,0.562500,3.999512,-47.851562,-17.944336,-7.202148
30877,0.146851,0.630737,3.999512,-28.869629,-18.676758,-8.972168
30886,0.155640,-0.040527,3.999512,-7.873535,-19.042969,-10.864258
30896,0.110962,-1.351074,2.062378,10.925293,-19.104004,-12.023926
30907,-0.173096,-1.792969,0.240967,17.028809,-15.991211,-12.939453
30916,-0.240601,-1.746460,-0.064697,11.535645,-12.145996,-17.211914
30929,-0.668457,-0.880127,1.812256,-0.854492,-9.582520,-29.052734
30939,-0.663086,-0.619019,2.479614,0.427246,-9.338379,-36.193848
30949,-0.581909,-0.138184,1.990356,4.516602,-5.554199,-37.597656
30958,-0.208862,0.151978,1.948364,11.108398,1.525879,-33.325195
30967,0.423950,1.767090,3.999512,17.822266,6.713867,-27.587891
30977,-0.468018,2.309570,3.999512,29.052734,2.441406,-23.620605
30986,-1.364502,3.874756,3.999512,48.583984,-1.159668,-28.320312
30999,0.070312,3.999512,3.999512,89.965820,10.803223,-12.145996
31008,2.491577,3.966553,3.999512,100.463867,15.014648,0.305176
31017,1.581787,2.396851,2.208862,112.976074,13.549805,8.911133
31027,0.627197,1.851685,0.667236,123.352051,2.258301,4.394531
31036,-0.190063,2.186646,0.728027,127.075195,-4.150391,-0.610352
31047,-0.776978,1.503174,0.158813,126.586914,-3.723145,4.333496
31056,-0.059448,0.899658,0.009277,121.948242,3.051758,7.019043
31066,-0.359131,0.735107,0.012817,115.539551,9.033203,9.033203
31077,-0.604980,0.652222,0.422485,110.656738,14.221191,18.432617
31086,-0.403809,0.592041,0.406860,103.881836,21.118164,19.348145
31096,-0.065063,0.505005,0.346558,100.280762,20.812988,14.404297
31106,0.020020,0.432617,0.225830,97.412109,19.714355,10.864258
31116,0.279297,0.241211,0.191650,95.825195,19.653320,12.023926
31127,0.080566,-0.131226,0.100586,94.909668,19.592285,16.662598
31136,-0.008789,-0.421875,-0.031494,91.857910,18.676758,20.324707
31148,-0.138306,-0.496948,-0.491943,80.200195,18.005371,22.521973
31157,-0.033447,-0.434692,-0.590332,74.157715,18.432617,23.925781
31167,0.116577,-0.476196,-0.545532,69.519043,17.944336,24.780273
31177,0.372925,-0.713867,-0.472168,65.612793,14.526367,23.986816
31186,0.439819,-1.088745,-0.501221,60.607910,9.033203,21.057129
31196,0.467407,-1.268799,-0.491943,53.588867,3.906250,16.235352
31206,0.328491,-1.247192,-0.567383,44.311523,-0.366211,11.108398
31216,0.187134,-1.226685,-0.744507,27.770996,-4.638672,1.831055
31227,0.146973,-1.088135,-0.625610,21.179199,-5.859375,-0.793457
31237,0.154541,-1.168701,-0.574463,14.648438,-6.958008,-1.464844
31246,0.226440,-1.123657,-0.530884,7.751465,-7.690430,-0.610352
31256,0.186401,-1.059082,-0.546387,0.488281,-7.995605,1.525879
31266,0.108521,-0.994385,-0.542725,-5.981445,-8.483887,3.784180
31277,0.067017,-0.907837,-0.512573,-16.845703,-7.446289,8.300781
31287,-0.031494,-0.994995,-0.387573,-21.850586,-6.469727,10.009766
31297,-0.045898,-1.071899,-0.410522,-27.648926,-5.187988,11.291504
31307,-0.048706,-1.110352,-0.435547,-34.118652,-4.089355,12.695313
31316,-0.055542,-1.092773,-0.430176,-40.832520,-2.746582,14.160156
31326,-0.049438,-1.036865,-0.454468,-47.729492,-1.342773,16.418457
31336,-0.012451,-0.936035,-0.435425,-54.199219,-0.122070,18.554687
31348,0.019043,-0.858521,-0.417358,-67.077637,1.281738,22.277832
31357,0.037231,-0.734375,-0.439697,-73.364258,1.892090,23.681641
31367,0.047607,-0.642944,-0.463989,-79.406738,1.586914,23.620605
31376,0.060059,-0.530884,-0.515747,-85.388184,0.549316,22.583008
31387,0.062500,-0.437622,-0.577637,-91.552734,-0.488281,21.362305
31396,0.124023,-0.480469,-0.664551,-97.717285,-1.892090,19.287109
31406,0.108398,-0.623535,-0.773193,-104.614258,-3.723145,16.784668
31417,0.103638,-0.709351,-0.935669,-120.483398,-7.629395,10.681152
31427,0.046875,-0.686401,-1.189819,-129.211426,-9.277344,7.995605
31437,-0.005249,-0.492798,-1.410400,-138.549805,-9.765625,5.615234
31446,0.031616,-0.406128,-1.542969,-147.888184,-10.131836,3.479004
31456,0.070801,-0.245728,-1.599854,-157.348633,-10.681152,1.098633
31466,0.161987,0.007935,-1.610352,-166.381836,-11.535645,-1.892090
31476,0.208496,0.055786,-1.573486,-174.499512,-13.061523,-5.249023
31487,-0.368530,3.816406,3.999512,-118.041992,-13.977051,-9.948730
31497,-1.836182,-3.999512,2.640991,-31.250000,-22.094727,4.882812
31507,-0.734863,-2.265259,2.298828,-66.894531,-9.826660,-2.746582
31516,0.912476,3.999512,3.999512,-129.150391,-4.211426,-21.606445
31526,-0.546265,3.999512,1.569092,-63.171387,-14.587402,-11.535645
31537,-0.181396,-2.346802,-1.561768,44.067383,-26.306152,-0.793457
31546,0.088867,-0.530273,3.999512,33.264160,-18.310547,-14.160156
31556,-0.844238,-1.921631,3.999512,8.850098,-22.949219,-20.874023
31567,-0.634888,3.679932,1.807617,-23.803711,-4.821777,-11.657715
31577,-0.058838,0.821045,-0.902588,7.202148,-6.103516,-5.371094
31586,0.352417,-1.904785,0.378418,37.048340,-2.990723,0.976562
31596,0.622681,-2.347168,1.861572,19.104004,-6.652832,-6.652832
31606,-0.204224,0.053833,2.103638,-15.014648,-12.512207,-18.432617
31616,0.380493,1.904663,1.865234,-29.602051,-7.812500,-14.282227
31626,0.062866,1.091675,0.908813,-8.300781,-6.591797,-9.826660
31637,0.085815,-0.724243,2.162598,21.789551,-11.840820,-22.827148
31647,0.308716,-0.318359,1.829224,21.179199,-10.070801,-27.038574
31656,0.176025,0.342407,0.636841,12.634277,-10.742188,-32.165527
31666,0.265625,0.490723,-0.006470,13.854980,-10.131836,-35.888672
31675,0.355835,-0.218140,0.078491,22.705078,-7.751465,-35.400391
31686,0.308838,-0.649414,0.490479,24.780273,-8.056641,-34.912109
31696,0.340820,-0.243042,1.004395,15.930176,-7.507324,-37.963867
31707,0.263428,0.759766,0.541504,6.469727,-5.371094,-40.100098
31717,-0.120850,0.425171,0.177856,7.934570,-7.934570,-42.297363
31726,-0.289307,-0.005127,0.413086,12.756348,-8.728027,-43.701172
31736,-0.156738,-0.231689,1.046265,12.145996,-6.896973,-43.518066
31745,-0.096924,-0.006836,1.448853,7.507324,-4.760742,-42.724609
31756,-0.159058,0.273926,1.276245,3.906250,-3.540039,-42.541504
31766,-0.174805,0.534180,0.909302,3.906250,-1.770020,-40.771484
31777,-0.210571,0.057373,0.725830,7.019043,3.723145,-33.447266
31787,0.048218,0.039185,0.977417,11.108398,6.896973,-29.602051
31796,0.119751,0.053345,1.125366,9.948730,8.483887,-24.902344
31805,0.178467,0.027588,1.000366,8.300781,8.361816,-20.874023
31816,0.144531,0.031128,0.761108,7.019043,8.544922,-16.235352
31825,0.085693,0.175537,0.724976,7.080078,9.826660,-9.887695
31836,0.057007,-0.025024,0.719482,7.507324,10.803223,-5.004883
31845,0.119019,-0.146362,0.751343,4.638672,11.901855,-0.305176
31857,0.195923,-0.100098,0.885986,3.112793,10.620117,0.549316
31866,0.169922,-0.171509,0.847168,1.647949,8.850098,0.610352
31876,0.136597,0.017090,0.920166,0.610352,7.385254,0.915527
31885,0.142944,-0.099976,0.877563,0.122070,6.469727,1.220703
31896,0.118530,0.028198,1.001953,-0.183105,5.859375,0.793457
31905,0.161011,0.047119,1.176514,0.183105,5.676270,0.366211
31918,-0.005859,-0.145020,0.999512,0.854492,5.493164,-1.220703
31927,-0.064575,-0.230957,0.919922,0.671387,5.249023,-2.929688
31937,-0.127075,-0.269043,0.842773,0.122070,5.615234,-4.699707
31946,-0.124634,-0.337158,0.806030,-0.488281,5.798340,-6.042480
31956,-0.095093,-0.251709,0.819946,-1.708984,5.737305,-7.019043
31966,-0.037109,-0.174072,0.908447,-2.990723,5.554199,-7.812500
31977,-0.054687,-0.054565,0.925781,-2.929688,5.371094,-7.568359
31987,-0.124146,-0.197388,0.921997,-2.136230,6.042480,-6.408691
31997,-0.082520,-0.282471,0.940308,-2.014160,7.507324,-4.150391
32007,-0.067261,-0.404297,0.937500,-2.685547,8.850098,-1.403809
32016,-0.045532,-0.287598,0.906738,-3.845215,9.887695,0.488281
32026,-0.044556,-0.199219,0.835815,-4.943848,10.620117,1.770020
32036,-0.036499,-0.143677,0.795654,-5.493164,11.169434,2.685547
32045,-0.010254,-0.150146,0.875366,-5.371094,11.535645,2.746582
32057,-0.025757,-0.098145,1.188354,-5.432129,11.108398,-0.244141
32066,-0.029541,0.023804,1.251953,-4.333496,9.399414,-1.525879
32076,0.004395,0.049561,1.248291,-2.929688,9.521484,-1.953125
32085,0.025757,-0.280518,1.064331,-1.647949,9.521484,-1.464844
32096,0.019897,-0.251587,0.939209,-1.708984,10.009766,-0.122070
32106,0.060181,-0.017700,1.063721,-2.929688,10.742188,2.441406
32115,0.078613,-0.096558,1.023682,-3.784180,11.352539,5.310059
32127,-0.012207,0.186523,1.035400,-3.967285,11.474609,11.413574
32136,-0.024902,-0.079468,1.000000,-2.075195,11.779785,13.977051
32146,-0.088257,-0.149902,0.963867,-1.586914,11.962891,15.991211
32155,-0.087769,0.041870,1.113281,-2.014160,11.535645,17.883301
32166,-0.074341,-0.171875,1.028320,-2.380371,11.291504,19.592285
32175,-0.057617,-0.061279,0.908081,-2.929688,11.596680,21.545410
32187,0.022217,0.074219,0.990479,-2.746582,11.840820,26.428223
32196,0.043945,-0.159912,0.896362,-3.234863,11.596680,28.686523
32206,0.028809,-0.102783,1.043091,-3.967285,11.047363,30.944824
32216,0.012329,-0.203613,0.960571,-4.699707,10.986328,33.142090
32225,-0.013672,0.059326,1.045532,-5.249023,10.864258,34.851074
32236,-0.047363,0.048218,1.003052,-5.126953,10.070801,36.193848
32245,-0.081177,-0.047485,0.923706,-4.455566,9.094238,37.109375
32256,-0.062378,0.105225,1.043701,-3.784180,7.873535,37.719727
32267,-0.023437,-0.114502,1.041016,-3.112793,6.835937,37.780762
32277,0.001099,0.005127,1.043701,-1.892090,5.187988,37.841797
32286,0.024414,-0.183472,1.000610,-1.464844,4.638672,37.597656
32295,0.008911,-0.128662,0.941040,-1.098633,3.967285,36.926270
32306,0.023437,0.000366,0.992920,-0.671387,3.112793,36.621094
32316,-0.004639,-0.147827,0.974609,-0.549316,2.319336,35.461426
32326,0.028931,-0.071411,1.003540,-0.061035,1.403809,33.874512
32337,0.031250,-0.225708,1.002686,1.220703,0.305176,29.296875
32346,0.030884,-0.162476,0.966064,2.929688,-3.173828,26.550293
32356,0.067261,-0.086914,1.050781,3.356934,-4.211426,23.193359
32365,0.052612,-0.291138,1.047852,3.234863,-5.371094,19.653320
32376,0.021362,-0.366699,0.983398,2.685547,-6.652832,16.235352
32385,0.042725,-0.193359,1.058228,1.831055,-7.202148,12.878418
32396,0.043213,-0.249146,1.022949,1.159668,-7.934570,9.887695
32405,0.055908,-0.261841,0.908813,-0.366211,-9.094238,4.577637
32415,0.015503,-0.091919,0.955078,-0.610352,-9.399414,2.197266
32426,0.037109,-0.090576,0.900146,-0.427246,-9.216309,-0.061035
32435,0.001465,-0.184937,0.920898,-0.061035,-9.521484,-2.075195
32446,0.016602,-0.399414,0.825806,-0.488281,-9.216309,-3.662109
32455,-0.007813,-0.263306,0.931152,-2.197266,-9.338379,-5.187988
32467,0.033813,-0.130981,1.059082,-4.150391,-9.033203,-7.141113
32476,-0.049194,0.105713,1.122681,-3.967285,-9.033203,-7.690430
32485,-0.049194,0.105713,1.122681,-2.807617,-9.033203,-7.873535
32496,0.070435,-0.258667,0.988159,-1.647949,-8.605957,-7.629395
32506,0.028320,-0.110229,1.026611,-1.464844,-7.812500,-6.774902
32515,0.047852,0.000610,1.147339,-1.892090,-7.263184,-6.530762
32526,0.077026,-0.106079,1.107422,-2.075195,-6.225586,-6.103516
32535,0.038452,-0.014038,1.019653,-1.953125,-5.187988,-5.249023
32548,0.089233,0.174805,1.158691,0.244141,-4.516602,-4.882812
32557,0.061646,-0.168091,1.080200,1.281738,-5.432129,-5.126953
32567,0.057739,-0.113159,0.952393,1.586914,-6.225586,-5.432129
32576,0.062866,0.020752,0.910278,0.915527,-6.835937,-6.042480
32586,0.101318,-0.061035,0.831665,-0.061035,-7.019043,-6.164551
32595,0.149292,-0.046997,0.819092,-0.976562,-7.080078,-5.798340
32607,0.152466,0.115723,0.957642,-1.464844,-7.019043,-4.699707
32617,0.135986,0.077515,1.047607,-0.976562,-6.896973,-2.990723
32626,0.119995,-0.002319,1.015015,-0.366211,-6.896973,-0.976562
32636,0.083374,-0.118042,0.961060,-0.183105,-6.591797,0.427246
32645,0.025757,-0.032104,0.993286,-0.549316,-6.408691,1.403809
32656,0.019043,-0.049683,1.089600,-1.525879,-6.530762,1.770020
32665,-0.015747,-0.069824,1.010620,-2.014160,-6.164551,1.464844
32676,-0.062012,0.126709,1.083252,-1.831055,-6.103516,0.793457
32685,-0.068115,0.058105,1.115723,0.122070,-5.432129,-0.366211
32695,-0.095459,-0.097046,1.112183,0.976562,-5.310059,-1.037598
32706,-0.069092,0.056519,1.187256,1.464844,-5.004883,-0.915527
32715,-0.107422,-0.201782,0.990845,1.892090,-4.699707,-0.915527
32726,-0.085083,-0.044800,1.000977,1.953125,-4.272461,-0.244141
32736,-0.055908,-0.048340,1.067749,1.770020,-3.784180,0.549316
32745,-0.055786,-0.210205,0.989258,1.586914,-3.662109,0.793457
32755,-0.093384,0.095215,1.109009,1.159668,-3.417969,0.244141
32767,-0.142700,-0.156006,0.923828,2.746582,-2.807617,-0.366211
32776,-0.093262,0.025269,1.117188,3.051758,-2.502441,-1.403809
32786,-0.105591,-0.208252,1.036255,3.845215,-2.258301,-2.319336
32795,-0.089966,-0.138306,1.050171,4.150391,-1.647949,-3.051758
32805,-0.063599,0.088623,1.114990,4.211426,-1.892090,-3.479004
32816,-0.013550,-0.204590,0.965210,4.760742,-1.098633,-3.356934
32826,-0.056396,-0.266846,0.863403,4.638672,-0.488281,-3.112793
32835,0.014771,-0.408813,0.866577,3.967285,-0.366211,-3.356934
32846,0.030762,-0.214966,0.927124,2.380371,-0.122070,-3.601074
32855,0.032349,-0.081299,1.057739,1.647949,-0.244141,-3.417969
32865,0.049561,-0.207520,0.879028,1.525879,-0.061035,-3.723145
32875,0.010010,-0.019775,0.955322,1.403809,0.244141,-3.784180
32886,0.057129,-0.099731,0.963501,1.586914,0.305176,-3.234863
32895,0.011230,-0.200562,0.877563,1.525879,0.183105,-3.356934
32907,0.013306,-0.259644,0.888550,1.770020,-0.061035,-3.295898
32917,0.066284,-0.119507,0.926758,1.281738,-0.122070,-3.601074
32926,0.045044,-0.203247,0.901978,1.159668,-0.427246,-3.906250
32936,0.071655,-0.247192,0.869263,0.854492,-0.793457,-4.028320
32945,0.110962,-0.159546,0.979248,0.427246,-0.854492,-4.211426
32956,0.093628,-0.254883,0.925537,0.000000,-0.793457,-3.967285
32965,0.056763,-0.170654,0.953491,-0.549316,-0.305176,-1.464844
32977,0.036865,-0.234863,1.006836,-1.403809,0.061035,-0.061035
32986,0.060913,-0.086304,1.007935,-1.831055,0.183105,1.525879
32996,0.055664,-0.042236,1.051636,-2.319336,0.122070,2.990723
33005,0.043335,-0.223511,1.053955,-2.929688,0.061035,4.272461
33016,-0.012207,-0.072632,0.994141,-2.807617,0.183105,5.004883
33025,0.026001,-0.019165,1.051880,-2.563477,-0.244141,5.310059
33038,0.008301,-0.154785,0.921265,-2.929688,-1.037598,4.882812
33047,0.067749,-0.116455,1.013428,-3.417969,-1.342773,4.638672
33057,-0.012329,-0.260376,1.001953,-4.150391,-1.953125,4.272461
33067,0.002441,0.031738,1.169800,-4.394531,-1.953125,3.662109
33076,0.038940,0.060791,1.135254,-3.356934,-2.014160,3.417969
33086,-0.028687,-0.282715,0.987305,-2.624512,-2.319336,2.868652
33095,-0.036377,-0.096191,1.013306,-2.868652,-2.319336,1.525879
33108,-0.030518,-0.208618,1.046265,-3.845215,-2.685547,-0.915527
33118,-0.045044,-0.019409,0.979492,-4.028320,-3.051758,-1.892090
33127,-0.050415,0.197021,1.139771,-3.967285,-2.990723,-3.356934
33137,-0.023315,0.016968,1.065308,-2.868652,-2.868652,-4.211426
33146,-0.099243,-0.035400,0.960693,-1.708984,-2.685547,-4.638672
33156,-0.012695,0.107178,1.086792,-1.159668,-2.563477,-5.371094
33166,-0.076050,-0.274048,0.894653,-1.403809,-2.319336,-5.859375
33176,-0.003052,-0.185425,0.837891,-3.906250,-1.525879,-6.530762
33185,-0.024536,-0.000244,0.806030,-4.455566,-1.159668,-6.774902
33195,0.009033,0.012573,0.813965,-4.638672,-0.671387,-6.713867
33205,-0.014526,-0.000732,0.843994,-4.760742,-0.488281,-6.469727
33215,-0.026978,0.049194,0.886963,-5.249023,0.000000,-6.652832
33225,-0.036133,0.012817,0.955688,-5.187988,0.122070,-6.774902
33236,-0.006592,0.024048,0.960327,-4.760742,0.427246,-6.713867
33245,-0.012451,0.094604,0.999878,-4.211426,0.671387,-6.896973
33257,0.010498,0.099365,1.049683,-3.112793,0.854492,-6.774902
33266,-0.001465,0.000244,1.031738,-2.258301,0.793457,-6.530762
33275,0.042847,0.056641,1.040894,-1.647949,0.915527,-6.530762
33286,0.045044,0.050659,1.056519,-1.220703,1.037598,-6.225586
33295,0.055054,-0.112671,0.958984,-0.854492,0.976562,-5.676270
33306,0.024780,-0.036743,0.949829,-0.854492,0.854492,-5.432129
33315,0.053223,-0.156128,0.911743,-1.220703,1.708984,-4.516602
33327,0.041260,-0.150757,0.885742,-2.136230,1.892090,-3.295898
33336,0.033203,-0.090942,0.927124,-2.197266,2.014160,-2.624512
33345,0.002686,-0.147583,0.924561,-2.624512,2.014160,-1.647949
33356,0.001587,-0.097534,0.998413,-2.868652,2.014160,-0.732422
33365,0.000000,-0.092529,1.027954,-2.746582,1.892090,0.305176
33376,0.002686,-0.204102,0.909546,-2.624512,2.258301,1.647949
33385,0.036987,-0.194336,0.975708,-3.234863,2.441406,4.150391
33396,0.005859,-0.041504,1.060425,-5.981445,2.502441,5.371094
33406,0.026001,-0.089111,0.983276,-6.713867,2.563477,6.286621
33415,0.006714,0.021118,0.988647,-6.103516,2.502441,6.835937
33426,-0.035400,-0.138062,0.939209,-5.676270,2.136230,6.958008
33435,-0.017334,-0.094116,0.998535,-5.493164,2.014160,6.835937
33445,-0.026733,-0.081421,1.153320,-5.493164,1.708984,6.713867
33455,0.000610,-0.312622,1.038940,-6.164551,1.464844,6.347656
33466,0.010986,-0.020264,1.056274,-6.652832,1.342773,6.713867
33476,-0.070068,-0.054565,0.945557,-5.859375,1.098633,6.408691
33486,-0.038452,0.066650,1.106079,-5.126953,1.220703,5.310059
33495,-0.119141,-0.230713,0.971924,-4.394531,1.281738,3.417969
33506,-0.093384,0.050171,1.018555,-4.211426,0.732422,0.854492
33515,-0.062744,-0.073853,0.954834,-3.173828,0.549316,-1.586914
33528,0.004761,-0.069946,1.020508,-1.464844,0.366211,-5.798340
33537,-0.032349,-0.226929,0.895874,-0.549316,0.305176,-7.324219
33547,0.045898,0.025757,1.124756,-0.549316,0.610352,-8.422852
33556,0.010498,-0.276489,0.955078,-0.305176,0.793457,-9.826660
33566,0.004272,-0.221680,0.882690,-0.610352,0.732422,-11.413574
33575,0.043579,-0.039917,1.082642,-1.220703,0.610352,-12.695313
33586,0.021240,-0.264282,0.961304,-1.159668,0.793457,-13.732910
33595,0.066772,-0.070435,1.010986,-1.403809,1.220703,-17.150879
33607,0.046875,-0.101807,0.966309,-1.464844,1.281738,-18.005371
33616,0.068970,0.041870,1.143188,-1.098633,1.403809,-18.737793
33625,0.088501,-0.161621,1.052490,-0.610352,1.525879,-19.653320
33635,0.066406,-0.120850,1.017578,-0.549316,1.892090,-20.080566
33645,0.120605,0.093140,1.145386,-0.366211,2.258301,-19.775391
33655,0.093384,-0.109497,0.957275,0.122070,2.685547,-19.470215
33667,0.088013,0.021606,1.080322,1.098633,4.028320,-16.418457
33677,0.043701,-0.194702,0.908325,1.708984,4.394531,-14.709473
33686,0.073242,0.068848,1.071045,1.953125,4.943848,-13.000488
33695,0.064331,-0.090698,0.978516,2.380371,5.187988,-11.169434
33706,0.018188,-0.065308,0.946045,2.685547,5.554199,-9.643555
33715,0.034302,0.066162,1.082031,2.807617,6.103516,-8.056641
33725,-0.031006,-0.196411,0.885742,3.051758,6.652832,-6.103516
33735,0.011475,-0.003418,0.982178,2.868652,8.361816,-0.793457
33746,-0.023437,-0.201660,0.791382,2.746582,9.216309,2.014160
33756,-0.063354,-0.177979,0.829834,1.586914,10.070801,4.760742
33765,-0.010010,-0.151733,0.931274,0.061035,10.620117,7.019043
33776,-0.096313,-0.092529,0.943115,-0.793457,10.681152,9.033203
33785,-0.105713,-0.151123,0.859497,-0.793457,10.498047,10.742188
33796,-0.087402,0.009766,1.004028,-0.793457,11.047363,12.023926
33805,-0.054810,-0.008057,1.092285,-0.732422,11.657715,14.831543
33815,-0.085327,-0.064453,1.014404,0.183105,11.352539,15.747070
33825,-0.096313,-0.172607,1.004639,0.671387,11.169434,17.028809
33836,-0.095581,-0.210083,0.923340,0.976562,11.535645,18.493652
33845,-0.045654,-0.018555,0.991089,0.976562,11.718750,19.531250
33855,-0.060181,-0.196167,0.974365,0.305176,11.962891,20.568848
33865,-0.056396,-0.077148,0.975830,-0.183105,11.901855,21.728516
33875,-0.015381,-0.250000,0.926392,-0.305176,11.840820,24.291992
33887,-0.068481,-0.189575,0.972412,-1.831055,12.023926,25.939941
33896,-0.090576,-0.240601,0.870605,-2.624512,11.291504,27.709961
33906,-0.039063,-0.039673,0.984131,-3.723145,11.352539,29.785156
33915,-0.003296,-0.074341,1.097656,-3.906250,11.230469,31.738281
33925,0.032471,-0.084839,1.060425,-3.417969,10.925293,33.447266
33935,-0.010132,0.071411,1.128174,-2.624512,10.192871,35.400391
33947,-0.038330,-0.195190,1.009766,-2.319336,9.582520,37.170410
33957,-0.045288,0.093262,1.149658,-2.746582,8.544922,37.414551
33967,-0.003418,-0.071777,1.137207,-2.746582,7.812500,36.865234
33976,-0.032715,-0.119751,0.972290,-2.136230,7.080078,36.132812
33986,-0.000854,0.061157,1.077148,-1.281738,6.103516,35.583496
33995,0.015381,-0.196655,0.973877,-1.098633,5.004883,34.240723
34005,-0.043457,-0.176880,0.912109,-1.098633,3.723145,32.592773
34015,-0.005981,0.051514,1.077393,-1.892090,2.868652,30.944824
34026,-0.053589,-0.052002,0.964233,-1.892090,0.854492,27.587891
34036,0.034424,-0.063721,1.078857,-2.075195,0.183105,26.184082
34045,-0.012695,-0.105713,1.009033,-2.502441,-0.427246,24.963379
34056,0.032959,0.212402,1.203857,-2.319336,-0.671387,23.803711
34065,-0.000610,0.237183,1.103394,-1.464844,-1.037598,22.521973
34076,-0.022339,0.012939,0.891968,0.122070,-1.525879,21.606445
34085,0.030029,0.050659,1.069214,2.929688,-2.380371,19.897461
34095,0.009644,-0.172119,0.895752,2.441406,-2.807617,18.249512
34105,-0.011230,-0.171265,0.921387,0.732422,-3.112793,16.601562
34115,0.009399,-0.095581,0.869385,-0.793457,-3.356934,15.014648
34125,0.035767,-0.050049,0.892700,-1.159668,-3.784180,13.183594
34135,0.056396,-0.146362,0.918823,-0.732422,-4.699707,11.169434
34145,0.064575,-0.137695,0.974609,-1.159668,-5.615234,9.094238
34155,0.013306,-0.088623,1.002197,-1.892090,-6.042480,7.385254
34166,-0.015503,0.061401,0.968872,-2.380371,-5.981445,5.126953
34176,0.051880,-0.119751,0.957886,-1.831055,-6.042480,3.845215
34185,0.024292,-0.000122,1.024414,-1.464844,-5.981445,2.380371
34195,0.066895,-0.114990,0.958984,-1.098633,-6.225586,0.915527
34205,0.057129,-0.012695,1.051636,-1.220703,-6.530762,-0.854492
34215,0.064575,-0.046997,0.989502,-0.793457,-6.408691,-2.197266
34227,0.039429,-0.110352,1.056030,-0.488281,-6.408691,-4.943848
34237,0.069092,-0.228516,0.968262,-0.793457,-6.408691,-6.225586
34246,0.042969,-0.055176,1.029419,-1.281738,-6.774902,-7.141113
34256,0.124634,-0.077637,0.995972,-1.281738,-6.591797,-7.751465
34266,0.049438,-0.089722,0.987549,-1.281738,-6.774902,-8.483887
34275,0.109741,0.028809,1.156006,-1.037598,-6.713867,-8.789063
34285,0.085571,-0.283936,0.985596,-0.488281,-6.347656,-8.605957
34297,0.124023,0.008301,1.213135,-2.075195,-5.737305,-7.751465
34307,0.078247,-0.096802,0.994873,-2.014160,-5.371094,-6.958008
34317,0.052002,0.195923,1.101196,-1.647949,-5.004883,-5.554199
34326,0.023926,0.092529,1.164063,-0.427246,-4.333496,-3.479004
34336,0.013794,-0.086792,0.970215,0.854492,-4.089355,-1.525879
34345,0.028076,-0.023682,1.063965,1.403809,-3.540039,0.732422
34355,0.061157,-0.285400,0.876953,1.037598,-3.295898,2.380371
34367,0.053467,-0.214600,0.906250,-1.220703,-2.868652,4.760742
34377,0.010010,-0.104126,1.002075,-2.502441,-2.807617,5.615234
34386,-0.004028,-0.052246,1.030396,-3.417969,-2.685547,5.798340
34396,0.000000,-0.019531,0.981934,-3.479004,-2.685547,5.798340
34405,-0.006958,0.149292,1.029541,-3.112793,-2.807617,5.432129
34415,0.005981,-0.062378,0.890137,-2.075195,-2.990723,4.150391
34426,-0.015259,-0.031250,0.836426,-1.464844,-3.540039,2.868652
34435,0.003052,0.042114,0.848755,-0.854492,-3.784180,-0.061035
34445,-0.067505,-0.011719,0.846069,-0.183105,-3.417969,-1.403809
34455,-0.034180,-0.153198,0.897949,-0.549316,-2.868652,-2.014160
34465,-0.004395,-0.056519,1.008911,-1.281738,-2.441406,-2.380371
34475,-0.000610,-0.015503,1.020996,-1.281738,-2.319336,-2.807617
34485,-0.025879,-0.088867,0.917236,-0.915527,-2.258301,-2.685547
34495,-0.010986,-0.126587,0.936035,-1.037598,-1.831055,-2.441406
34505,-0.074219,-0.012085,1.027588,-1.342773,-1.525879,-2.624512
34516,-0.046387,-0.041016,1.039307,-0.915527,-0.183105,-2.441406
34526,-0.005737,-0.204590,0.950684,-0.854492,0.061035,-2.197266
34536,0.006226,-0.082153,0.983154,-1.037598,0.183105,-2.441406
34545,0.022827,-0.198730,0.953857,-0.610352,0.305176,-2.624512
34555,0.027588,-0.238159,0.855957,-0.854492,0.549316,-3.112793
34565,0.077515,-0.232422,0.973877,-1.403809,0.671387,-3.479004
34575,0.140259,-0.277222,1.064209,-2.319336,-0.122070,-4.272461
34586,0.197632,-0.096436,1.114014,-2.502441,-0.305176,-3.967285
34596,0.109985,0.038208,1.025269,-1.708984,-0.793457,-2.868652
34606,0.136230,0.123535,1.155151,-0.976562,-0.610352,-0.976562
34615,0.055420,-0.303711,0.937134,-0.061035,-0.488281,1.403809
34625,0.069580,-0.150269,1.016846,-0.793457,0.183105,3.906250
34635,0.044067,-0.309692,0.970947,-2.258301,0.366211,6.042480
34645,0.034058,-0.048584,1.003540,-4.089355,0.549316,10.070801
34655,-0.004395,-0.082397,0.929687,-4.394531,0.915527,11.718750
34665,-0.040039,-0.044434,1.015991,-3.845215,1.098633,13.305664
34675,-0.019775,-0.117310,1.035400,-3.479004,1.098633,14.587402
34685,0.015747,0.074097,1.127563,-3.173828,0.976562,15.014648
34695,0.006836,-0.188721,0.913818,-2.441406,0.732422,15.686035
34705,0.008301,-0.210693,0.907104,-2.319336,0.671387,16.174316
34715,0.030273,-0.226807,0.987793,-2.685547,0.122070,16.723633
34727,-0.035278,-0.007080,1.084106,-3.662109,-0.061035,16.845703
34736,-0.037109,-0.042358,1.054443,-3.601074,-0.305176,16.784668
34746,-0.039917,0.035522,1.029907,-2.685547,-0.793457,16.662598
34755,-0.082764,-0.032349,0.922729,-1.342773,-1.281738,16.296387
34765,-0.090576,-0.229858,0.931519,-0.610352,-1.647949,16.235352
34775,-0.124512,-0.217407,0.902832,-0.793457,-1.281738,16.357422
34785,-0.086548,-0.187744,0.930420,-2.746582,-0.976562,17.272949
34795,-0.093872,-0.163574,0.841797,-3.356934,-0.854492,18.310547
34805,-0.050415,-0.162720,0.841187,-3.601074,-0.610352,19.348145
34815,-0.044678,-0.010376,1.049683,-3.784180,-0.305176,20.202637
34825,-0.000122,-0.127563,1.064209,-4.028320,-0.305176,20.629883
34835,-0.019287,-0.037109,1.084351,-3.723145,-0.793457,19.592285
34845,-0.019531,0.026489,1.104492,-3.295898,-2.014160,17.639160
34854,0.011108,-0.189819,0.897583,-2.868652,-3.295898,14.160156
34866,0.061279,-0.161743,1.053711,-3.417969,-5.981445,5.737305
34876,0.051147,0.013672,1.088501,-3.234863,-6.591797,1.831055
34886,0.089478,0.198486,1.213501,-2.563477,-6.469727,-0.732422
34895,0.079224,-0.095093,0.969360,-0.976562,-6.469727,-2.136230
34905,0.191650,-0.096436,0.964844,-0.183105,-6.530762,-3.356934
34915,0.187256,-0.171021,0.940063,-0.793457,-7.202148,-5.126953
34925,0.089355,-0.156860,0.878662,-1.892090,-7.507324,-8.300781
34935,-0.081421,0.057983,0.878418,-2.929688,-5.554199,-7.873535
34945,-0.189941,0.204712,0.956909,-2.441406,-2.685547,-5.920410
34955,0.017700,0.030762,0.944702,-1.892090,-1.708984,-3.540039
34964,0.204346,-0.053955,1.110718,-1.525879,-3.540039,-2.502441
34975,0.207275,-0.213135,1.058960,-1.770020,-7.141113,-3.540039
34985,0.236206,-0.046143,1.063110,-2.380371,-9.094238,-4.272461
34997,0.152832,-0.010986,0.781006,-2.380371,-8.300781,-1.892090
35007,0.110962,0.060181,0.696899,-1.770020,-5.737305,1.098633
35016,0.031250,-0.043579,0.595703,-0.854492,-3.051758,4.760742
35026,-0.127808,-0.098511,0.535400,-0.061035,-1.892090,6.835937
35035,-0.152588,-0.296387,0.534546,0.366211,-1.831055,7.507324
35045,-0.121948,-0.535889,0.586182,0.122070,-3.540039,6.713867
35055,-0.101929,-0.671143,0.615845,-0.488281,-6.530762,6.225586
35065,-0.081787,-1.784790,-0.966675,-0.976562,-7.934570,7.873535
35076,0.040771,-2.431763,-1.293945,-21.423340,-0.549316,14.404297
35086,0.099121,-2.382080,-2.101318,-42.663574,-1.464844,14.526367
35096,0.307861,-0.409546,-0.082031,-63.659668,-2.807617,10.986328
35106,0.194946,0.483643,1.938110,-65.368652,-7.263184,7.141113
35115,0.434326,0.433105,3.916260,-50.842285,-12.634277,3.112793
35125,0.259155,0.957520,3.999512,-36.071777,-16.052246,-0.305176
35137,0.119629,-0.666626,3.120239,5.126953,-18.127441,-4.272461
35147,0.163452,-1.609375,1.386597,19.653320,-15.686035,-5.371094
35156,-0.055420,-1.577393,0.875488,18.127441,-13.671875,-12.451172
35166,-0.303345,-1.325684,0.652100,9.399414,-13.305664,-22.766113
35176,-0.465942,-0.814087,1.371826,2.441406,-12.512207,-33.264160
35185,-0.518677,-0.450684,1.876587,1.464844,-11.718750,-41.625977
35195,-0.590820,-0.135986,1.986084,3.540039,-8.483887,-42.419434
35205,-0.173706,0.672607,2.833740,6.652832,-2.868652,-30.151367
35215,0.149658,1.997192,3.999512,27.160645,-11.596680,-27.893066
35224,-1.014526,3.999512,3.999512,52.429199,-12.939453,-35.522461
35235,-1.241821,3.999512,3.999512,82.275391,-4.638672,-28.930664
35245,0.392944,3.914795,3.999512,98.083496,8.422852,-14.221191
35254,1.011597,2.347778,2.836060,106.689453,13.427734,-5.798340
35264,0.490967,1.829712,0.989502,113.952637,9.155273,-6.408691
35276,0.074219,1.848511,0.364624,120.666504,4.882812,-6.408691
35285,-0.388062,0.658936,-0.126221,118.225098,8.483887,-2.746582
35295,-0.159058,0.046753,-0.658203,112.243652,13.244629,-1.647949
35304,-0.187622,0.073120,-0.578735,103.393555,19.775391,1.037598
35315,-0.307861,0.192139,-0.337402,95.886230,25.878906,7.385254
35324,-0.102295,0.260864,-0.038696,88.928223,29.357910,10.986328
35335,0.017822,0.356079,0.057861,82.458496,29.296875,9.338379
35344,0.111328,0.334351,0.013550,77.636719,26.977539,5.249023
35356,0.332886,0.148926,0.196045,73.730469,24.414062,8.605957
35366,0.414185,-0.181885,0.260498,72.692871,22.827148,14.526367
35375,0.267090,-0.435181,0.180664,69.824219,19.897461,18.127441
35384,0.175537,-0.370117,0.080688,65.063477,17.700195,21.118164
35395,0.093384,-0.318481,-0.057251,59.814453,15.930176,25.634766
35404,0.224854,-0.371948,-0.212036,55.664062,13.244629,29.663086
35416,0.258423,-0.560669,-0.344482,50.170898,6.652832,31.677246
35425,0.220703,-0.984009,-0.426025,45.471191,2.868652,30.883789
35435,0.175049,-1.045166,-0.427856,38.757324,-0.305176,30.700684
35445,0.101318,-1.047485,-0.428467,30.822754,-2.807617,30.029297
35454,0.013794,-1.062256,-0.425049,22.949219,-4.699707,29.113770
35465,0.068604,-1.068726,-0.362549,16.296387,-5.981445,28.259277
35475,0.036011,-1.050903,-0.342407,10.314941,-7.019043,27.343750
35486,0.077148,-1.074219,-0.293823,-2.136230,-7.385254,26.428223
35496,0.077026,-0.889648,-0.307495,-8.361816,-7.934570,26.794434
35505,0.012207,-0.763062,-0.353882,-13.549805,-8.361816,26.733398
35515,-0.026123,-0.731201,-0.371460,-17.211914,-8.239746,26.611328
35524,-0.017700,-0.869141,-0.297729,-20.446777,-7.934570,26.489258
35534,-0.008667,-1.106079,-0.265137,-24.963379,-7.507324,26.367187
35545,0.014160,-1.129517,-0.274658,-31.311035,-7.080078,25.329590
35554,-0.018433,-1.112305,-0.322998,-38.208008,-6.896973,24.230957
35566,-0.028320,-0.849121,-0.374878,-60.546875,-7.080078,21.301270
35575,-0.001221,-0.737793,-0.400879,-56.518555,-6.958008,19.897461
35585,0.010010,-0.698364,-0.424683,-61.523437,-6.835937,18.310547
35594,0.081543,-0.762085,-0.462524,-66.589355,-6.469727,16.662598
35605,0.096924,-0.755493,-0.478027,-72.265625,-6.835937,15.319824
35614,0.114868,-0.845215,-0.524048,-78.430176,-7.324219,14.282227
35626,0.145020,-0.812988,-0.565918,-91.796875,-9.643555,11.779785
35635,0.144653,-0.587402,-0.755127,-98.999023,-11.169434,10.498047
35645,0.109009,-0.450562,-0.902100,-106.018066,-12.695313,8.789063
35655,0.083984,-0.471191,-1.030396,-112.915039,-14.465332,6.713867
35665,0.030273,-0.439209,-1.136353,-119.934082,-15.197754,4.760742
35674,0.005981,-0.439087,-1.222290,-127.319336,-15.258789,3.479004
35685,0.032837,-0.400879,-1.255859,-135.498047,-15.258789,1.586914
35694,-0.004272,-0.252075,-1.284424,-144.165039,-15.075684,-0.732422
35704,0.115601,3.401367,1.985596,-130.798340,-11.047363,-4.577637
35715,0.499023,-2.497314,3.999512,-54.138184,-15.197754,5.126953
35725,-2.333374,-3.999512,-0.452271,-24.658203,-16.357422,14.343262
35735,1.385132,3.438110,3.415161,-96.984863,-1.586914,-0.183105
35744,-0.055908,3.999512,3.999512,-102.661133,-3.845215,-0.183105
35755,-0.110229,0.931030,-2.821533,-9.033203,-17.456055,20.019531
35764,-0.374023,-1.706299,2.425903,45.654297,-23.193359,22.644043
35774,-0.401367,-0.145752,3.999512,5.004883,-19.958496,14.160156
35785,0.355591,0.082275,0.358032,-17.639160,-10.437012,22.644043
35795,0.075928,1.775024,1.034180,-8.972168,-3.967285,29.296875
35804,0.247803,-0.502197,0.202759,18.737793,-5.065918,34.851074
35815,0.083496,-1.896973,1.051880,20.935059,-5.249023,33.386230
35824,-0.921387,-0.812256,1.937988,-3.356934,-9.826660,23.315430
35835,-0.713257,0.799683,1.567749,-24.230957,-7.812500,19.042969
35844,0.046387,1.063477,1.060547,-2.014160,0.427246,20.629883
35855,-0.178223,-0.208618,2.304199,8.850098,-6.774902,15.136719
35865,0.090210,-0.296875,2.014893,6.896973,-10.192871,14.526367
35874,0.112305,0.369263,1.488770,2.502441,-12.756348,12.390137
35884,0.114502,0.619385,0.806763,7.019043,-16.845703,6.408691
35894,0.239990,0.390137,0.803589,16.845703,-16.113281,5.126953
35904,0.419800,-0.077271,1.016724,23.803711,-14.770508,7.324219
35916,0.309204,0.000610,0.775635,21.301270,-17.395020,3.784180
35925,0.487793,0.203613,0.664429,18.981934,-15.686035,5.615234
35934,0.399414,0.033569,0.478638,19.653320,-17.150879,6.713867
35944,0.435303,-0.260864,0.455566,20.935059,-19.042969,4.882812
35954,0.339111,-0.276855,0.624268,19.897461,-20.446777,3.112793
35964,0.272949,-0.133301,0.852173,17.089844,-22.521973,0.427246
35974,0.063721,-0.137573,0.774048,14.587402,-25.085449,-4.821777
35986,0.027466,-0.382813,0.590210,12.390137,-27.587891,-14.648438
35996,0.072021,-0.542358,0.712280,10.559082,-28.686523,-20.446777
36005,0.094238,-0.383789,0.784302,7.324219,-29.541016,-26.123047
36015,0.131714,-0.086182,0.793091,4.699707,-30.517578,-30.883789
36024,0.158569,0.023682,0.709229,3.967285,-31.738281,-36.315918
36034,0.164429,-0.039917,0.504272,4.516602,-32.897949,-40.710449
36044,0.229248,-0.166260,0.548462,5.249023,-33.142090,-43.640137
36056,0.147461,-0.398926,0.793579,3.845215,-31.433105,-47.546387
36066,0.077393,-0.469116,0.668701,1.831055,-30.090332,-48.645020
36075,0.097534,-0.446045,0.572632,-1.037598,-28.198242,-49.926758
36085,0.054443,-0.323364,0.634399,-3.784180,-27.038574,-51.086426
36094,0.027588,-0.141235,0.799561,-5.432129,-26.794434,-52.551270
36104,-0.053711,-0.073486,0.918823,-5.920410,-26.855469,-54.992676
36114,0.013550,-0.105103,1.010376,-5.249023,-26.367187,-55.236816
36126,-0.103149,0.036987,1.219482,-3.723145,-25.024414,-59.631348
36136,-0.012817,-0.100464,1.195923,-2.197266,-24.353027,-61.462402
36146,0.072388,-0.155273,1.114014,-1.098633,-24.230957,-64.270020
36155,0.188232,-0.262695,1.127686,-0.610352,-23.498535,-64.880371
36165,0.175415,-0.161865,1.170044,-0.488281,-23.315430,-66.345215
36174,0.106689,-0.049805,1.210693,-0.549316,-22.460937,-67.260742
36184,0.094360,-0.023071,1.082153,0.000000,-20.690918,-67.138672
36196,0.042480,-0.101318,1.026855,2.258301,-18.066406,-69.885254
36205,0.015259,-0.217896,0.990112,3.051758,-16.906738,-72.021484
36215,0.017578,-0.121338,1.047119,2.929688,-15.869141,-73.913574
36224,0.015137,-0.172485,1.019287,2.197266,-14.831543,-75.744629
36233,0.019043,-0.096436,1.093140,1.525879,-13.793945,-77.514648
36244,0.020264,-0.005981,1.093140,1.342773,-13.488770,-79.345703
36253,0.011719,-0.156982,1.059204,2.075195,-12.878418,-80.810547
36265,0.051392,-0.074341,1.091309,2.990723,-10.498047,-81.359863
36274,0.006226,-0.085327,1.007324,3.479004,-8.422852,-80.261230
36283,0.037476,0.117065,1.072510,3.723145,-5.920410,-78.125000
36294,0.033569,0.044312,1.053589,4.882812,-3.295898,-74.707031
36304,0.050415,-0.161255,0.953491,5.493164,-1.342773,-71.166992
36314,0.040527,-0.016846,1.010620,5.371094,0.122070,-68.298340
36324,0.080200,0.000854,1.035400,4.577637,1.220703,-65.429687
36333,0.115234,0.038330,1.004150,3.967285,2.380371,-59.326172
36345,0.089844,0.374390,1.161621,5.187988,4.455566,-55.847168
36354,0.016113,0.080078,1.022339,7.202148,5.615234,-52.185059
36363,0.070068,0.192017,1.087402,9.033203,7.751465,-46.325684
36374,0.082397,0.119507,1.105469,9.338379,8.850098,-43.212891
36384,-0.000488,0.129395,0.952759,9.338379,9.826660,-38.696289
36393,-0.115601,0.099976,0.916992,10.070801,10.498047,-36.010742
36405,-0.168945,0.216064,0.873901,11.413574,13.488770,-30.700684
36414,-0.182251,0.037598,0.878174,12.634277,14.343262,-28.381348
36423,-0.196045,-0.015259,0.975708,12.878418,15.502930,-25.634766
36434,-0.118164,-0.058350,1.197876,11.840820,16.479492,-23.376465
36444,-0.124756,0.023315,1.205566,10.803223,16.601562,-21.423340
36454,-0.112549,0.084351,1.074341,11.291504,16.845703,-19.836426
36463,-0.058105,0.048340,1.020996,12.390137,17.150879,-18.615723
36476,-0.091309,-0.284546,0.978149,13.183594,17.517090,-17.761230
36485,-0.109619,-0.104492,1.036865,12.084961,17.700195,-17.944336
36494,-0.154297,-0.110596,0.915527,10.925293,18.249512,-17.211914
36504,-0.189209,-0.053955,0.851440,10.253906,19.042969,-16.174316
36514,-0.237183,-0.132935,0.800049,9.704590,20.324707,-14.282227
36524,-0.232544,-0.182129,0.819458,9.033203,22.155762,-12.329102
36534,-0.195557,-0.248291,0.959595,8.117676,23.193359,-10.314941
36544,-0.199585,-0.084961,1.055908,6.469727,24.230957,-7.690430
36555,-0.227295,-0.073975,0.872559,5.371094,24.963379,-6.530762
36565,-0.166016,-0.110962,0.893066,5.126953,25.573730,-5.493164
36574,-0.168701,-0.046753,1.015137,5.004883,26.306152,-4.150391
36584,-0.111450,-0.059204,1.056519,5.676270,27.038574,-2.807617
36594,-0.095337,-0.195435,1.033813,5.981445,27.099609,-0.854492
36604,-0.035889,-0.009399,1.048096,5.249023,27.282715,1.342773
36616,-0.114868,-0.060669,0.838867,4.638672,27.160645,5.554199
36625,-0.081787,0.069092,0.829102,4.394531,27.221680,7.690430
36634,-0.078857,0.119263,0.861206,4.272461,27.587891,10.620117
36643,-0.090454,0.114014,0.898193,3.723145,27.832031,13.305664
36654,-0.129150,0.148804,0.892212,3.540039,28.015137,15.808105
36664,-0.093994,0.243286,1.109253,2.990723,28.503418,18.676758
36673,-0.151978,0.108521,1.016479,2.563477,28.564453,21.423340
36684,-0.127075,0.205688,0.970093,1.770020,28.564453,25.390625
36694,-0.046021,0.225708,1.099854,2.197266,28.137207,26.611328
36704,-0.118164,0.068481,0.972778,2.502441,27.404785,27.404785
36714,-0.105347,0.035034,1.000732,1.953125,27.099609,28.259277
36724,-0.090942,-0.077393,0.998657,0.854492,26.489258,28.869629
36734,-0.048218,-0.017212,0.927856,0.000000,25.756836,28.869629
36744,-0.101440,-0.167480,0.466797,-0.976562,24.658203,29.418945
36756,0.060059,0.069702,0.931030,-6.958008,23.803711,31.555176
36765,0.046509,0.245728,0.929443,-10.131836,22.705078,32.226562
36774,-0.110596,0.301025,0.875488,-10.803223,21.911621,33.325195
36783,-0.089600,0.288696,1.111694,-9.460449,21.545410,33.752441
36794,-0.088257,0.135132,1.269775,-8.117676,21.606445,33.630371
36804,-0.051025,0.101318,1.200806,-8.728027,21.484375,33.630371
36813,-0.110107,0.202271,1.094727,-9.826660,21.057129,32.714844
36824,-0.097534,0.323242,1.065308,-7.568359,19.409180,28.930664
36834,-0.080200,0.259766,1.161865,-5.187988,18.493652,27.099609
36844,-0.024902,0.027954,1.201660,-3.417969,17.761230,24.597168
36853,0.002563,-0.009888,1.243164,-2.746582,16.418457,21.606445
36864,-0.032837,0.008911,1.112427,-2.990723,15.747070,19.042969
36873,-0.018921,0.094727,0.924561,-3.662109,15.075684,16.723633
36884,0.055542,0.223877,0.895264,-3.356934,14.404297,14.587402
36896,0.031494,0.046265,0.962036,-0.061035,13.244629,10.803223
36905,-0.021118,-0.001099,1.131836,0.366211,12.390137,9.643555
36914,0.025024,-0.069946,1.140137,-0.061035,12.084961,8.422852
36924,0.035522,-0.096436,1.127319,-1.403809,11.901855,7.629395
36934,0.048828,0.042358,0.996216,-2.441406,11.596680,7.324219
36943,0.047729,0.178223,0.974609,-2.746582,11.413574,7.263184
36954,0.026855,0.149780,0.913696,-0.732422,11.230469,7.751465
36966,0.038818,-0.166870,0.922119,1.098633,11.901855,8.666992
36975,0.022705,-0.170288,1.016235,-0.183105,12.329102,9.033203
36985,-0.016724,-0.107178,0.953125,-1.831055,12.512207,9.643555
36994,-0.017944,-0.040894,0.930176,-3.112793,13.244629,10.559082
37004,-0.021484,0.023804,0.796509,-3.356934,13.244629,11.596680
37014,-0.010132,0.084717,0.825684,-2.868652,13.610840,12.695313
37023,-0.020386,0.064331,0.932617,-1.953125,13.366699,13.427734
37035,0.010132,-0.010254,0.998779,-1.831055,12.878418,14.465332
37044,0.009521,-0.126709,0.954590,-2.929688,13.244629,15.197754
37054,0.068970,0.021973,1.127197,-3.845215,13.366699,15.747070
37063,0.027344,0.098877,1.112793,-4.211426,13.488770,16.296387
37074,0.031128,0.070923,1.061279,-3.234863,13.244629,17.456055
37084,0.065674,0.075073,1.025879,-2.136230,13.488770,18.493652
37093,0.003052,0.022461,0.942749,-1.770020,13.183594,19.531250
37104,-0.049561,0.100342,0.922485,-2.380371,13.488770,22.277832
37114,-0.063843,0.124512,1.016602,-1.892090,14.404297,24.291992
37124,-0.060669,-0.070435,0.996704,-0.915527,14.831543,25.878906
37134,-0.072876,-0.142578,0.970459,-0.976562,14.831543,27.038574
37144,-0.059692,0.150757,1.167847,-2.258301,14.770508,27.404785
37153,-0.025024,0.187988,1.168945,-3.051758,14.526367,28.442383
37164,-0.003296,0.088989,0.997192,-1.708984,15.014648,29.846191
37173,-0.011963,0.012207,1.014038,0.427246,15.258789,31.494141
37185,-0.060913,0.031006,1.054810,0.610352,15.991211,35.705566
37194,-0.012451,0.068726,1.085693,-0.122070,16.723633,38.146973
37203,-0.043213,0.089233,1.041870,-0.549316,16.784668,40.344238
37213,-0.044800,0.099243,1.026367,-0.976562,16.845703,41.931152
37224,-0.056641,0.032593,0.952881,-0.915527,16.479492,43.395996
37233,-0.034912,0.054321,0.870605,-0.915527,16.601562,44.860840
37244,-0.086792,0.136597,0.956665,-0.732422,16.540527,47.119141
37254,-0.084229,0.140869,1.005127,-1.098633,16.906738,48.034668
37263,-0.084473,0.046021,1.037598,-1.220703,16.723633,48.828125
37274,-0.033325,-0.027710,1.034546,-1.464844,16.601562,49.011230
37283,-0.074951,0.032837,1.053955,-1.586914,16.479492,49.255371
37294,-0.058350,0.113892,1.005249,-1.525879,16.174316,49.194336
37304,-0.080444,0.103149,0.992798,-1.403809,16.296387,49.194336
37314,-0.080688,0.165527,0.987671,-1.342773,16.235352,49.682617
37323,-0.101929,0.173096,0.947998,-0.427246,16.479492,50.354004
37333,-0.108276,0.081177,0.955322,-0.793457,16.662598,50.903320
37344,-0.122681,0.138794,0.960693,-1.342773,16.723633,51.513672
37353,-0.071167,0.201294,1.026855,-1.647949,16.723633,52.001953
37364,-0.049561,0.159302,1.017090,-1.342773,17.089844,52.795410
37373,-0.003296,0.137329,1.030151,-0.488281,17.517090,53.894043
37386,-0.007446,0.163574,1.051025,0.244141,17.822266,55.969238
37395,-0.048340,0.097046,1.065308,0.732422,17.944336,56.823730
37405,-0.053589,0.087891,1.016479,0.915527,17.700195,57.006836
37414,-0.054199,0.248657,0.970825,0.366211,17.395020,57.128906
37423,-0.033325,0.138062,0.973633,1.281738,17.272949,57.861328
37434,-0.009521,0.059692,0.990234,2.319336,17.395020,58.776855
37444,-0.016479,-0.020996,1.020020,3.112793,17.272949,59.509277
37454,-0.038574,-0.040039,1.017578,2.136230,18.310547,62.866211
37465,0.047852,0.153687,0.987061,0.610352,18.859863,64.941406
37474,0.070679,0.079102,0.942383,2.014160,19.165039,67.016602
37483,0.033081,0.038086,1.037964,3.601074,18.554687,68.359375
37494,-0.019897,-0.029907,1.106812,4.028320,17.822266,68.969727
37503,-0.006348,-0.054810,1.143066,3.784180,17.639160,69.641113
37514,0.056885,-0.059692,1.123169,3.417969,17.578125,70.251465
37526,0.090942,0.093872,1.113281,2.807617,17.333984,71.228027
37535,0.090454,0.058228,1.031250,3.479004,17.517090,72.448730
37544,0.063843,-0.035522,0.994629,5.004883,17.089844,72.998047
37554,0.002197,-0.072998,0.973511,6.164551,15.991211,72.143555
37564,-0.064941,-0.007080,0.992554,6.408691,14.709473,70.068359
37573,-0.036377,0.016724,0.983032,6.042480,13.183594,67.565918
37584,0.027222,-0.011230,0.986938,5.981445,12.390137,65.368652
37596,0.119263,-0.066162,1.048096,6.835937,11.962891,61.706543
37605,0.133423,-0.163452,1.033569,6.347656,11.291504,60.607910
37615,0.093994,-0.058594,1.040894,5.432129,11.047363,60.119629
37624,0.113647,-0.004639,1.026978,4.699707,10.986328,59.814453
37633,0.093628,0.058960,0.999146,4.882812,10.559082,59.265137
37643,0.008545,-0.006348,0.988159,6.286621,9.887695,58.349609
37654,-0.008545,-0.013184,1.062012,7.019043,9.033203,57.067871
37663,-0.053345,-0.041626,1.086548,6.713867,8.300781,55.725098
37675,-0.016113,-0.061523,1.058228,6.103516,8.422852,53.649902
37684,-0.005981,0.027832,1.036743,4.882812,8.239746,53.466797
37693,0.024658,0.148682,1.001587,3.784180,9.277344,53.894043
37704,0.072632,0.197754,0.972900,3.662109,10.375977,54.504395
37714,0.091797,0.224976,0.980469,4.272461,11.108398,55.236816
37724,0.117188,0.120850,1.060547,5.737305,10.742188,55.236816
37733,0.040161,0.028198,1.042114,6.408691,10.070801,54.382324
37744,-0.008301,0.050659,1.079102,6.225586,9.216309,52.978516
37753,-0.031372,0.012329,1.053101,5.981445,9.704590,52.917480
37764,-0.136353,0.114868,1.032959,5.859375,10.375977,53.466797
37774,-0.113525,0.229614,0.990356,5.554199,11.474609,54.809570
37783,-0.082397,0.263184,0.894531,5.126953,12.512207,56.213379
37794,0.055664,0.337769,0.926514,5.920410,13.366699,58.105469
37803,0.117554,0.170044,0.931885,7.507324,13.732910,59.814453
37813,0.154663,-0.011108,0.984009,8.850098,11.596680,59.326172
37824,0.136963,-0.011719,1.009766,7.995605,10.681152,58.837891
37834,0.109741,0.063965,0.995483,7.202148,9.948730,58.349609
37843,0.091309,0.124634,1.018677,6.774902,10.009766,57.739258
37853,0.058350,0.117432,0.984009,6.042480,10.498047,57.495117
37864,0.080200,0.233521,1.030518,5.798340,11.291504,57.983398
37876,0.118408,0.252686,1.054565,6.713867,12.756348,58.166504
37885,0.132690,0.181885,1.099121,8.056641,12.207031,57.495117
37894,0.143188,0.225098,1.118164,8.666992,11.352539,56.457520
37903,0.210937,0.130249,1.058716,9.704590,10.437012,55.358887
37913,0.220337,0.134888,1.035767,10.803223,9.460449,53.894043
37924,0.188110,0.036865,1.005127,10.986328,8.361816,53.222656
37934,0.102295,0.072510,0.991089,10.803223,8.239746,52.978516
37943,0.078735,0.163452,0.995239,9.765625,9.216309,53.527832
37954,0.177246,0.269165,0.955322,8.544922,10.620117,54.748535
37963,0.207397,0.183105,0.993286,10.498047,11.230469,57.556152
37974,0.177612,0.087646,1.045654,11.840820,10.131836,57.861328
37983,0.152466,0.012451,1.056763,12.634277,8.300781,57.189941
37993,0.106934,-0.019409,1.053467,12.634277,6.958008,55.969238
38004,0.183716,0.057617,1.013916,12.207031,7.263184,55.480957
38016,0.260498,0.134888,0.974854,12.207031,9.033203,57.495117
38025,0.234619,0.118774,0.973755,12.756348,9.460449,59.020996
38034,0.291016,0.060425,1.009888,14.648438,9.216309,59.936523
38043,0.236938,-0.045654,1.093018,16.296387,7.934570,59.326172
38054,0.242065,-0.129150,1.170898,17.150879,6.103516,57.556152
38064,0.141602,-0.104736,1.156250,17.028809,4.333496,55.175781
38073,0.126099,-0.116943,1.057373,16.906738,3.723145,52.978516
38084,0.075928,-0.000244,0.995728,16.418457,4.272461,50.292969
38094,0.069702,-0.054199,0.968872,16.357422,4.272461,48.950195
38104,0.029663,-0.124512,1.035645,15.991211,3.540039,46.997070
38113,0.042236,-0.051514,1.027100,14.221191,3.356934,44.433594
38123,0.105957,-0.001221,0.981201,12.512207,3.417969,42.114258
38134,0.185303,0.144531,0.941406,11.962891,3.784180,39.672852
38143,0.143677,0.084351,0.964966,12.451172,3.234863,37.353516
38154,0.121338,0.158569,1.035156,12.573242,1.464844,33.630371
38163,0.067383,0.167847,1.021851,12.207031,2.014160,33.752441
38173,0.137573,0.247192,0.970215,12.512207,2.685547,35.217285
38183,0.164917,0.298340,0.976562,12.573242,3.479004,37.414551
38193,0.107544,0.351929,0.994629,12.390137,4.577637,40.771484
38204,0.144287,0.306763,0.963501,12.390137,6.469727,45.043945
38213,0.159424,0.265015,0.953125,12.084961,7.934570,48.828125
38224,0.132080,0.229248,0.995483,12.207031,9.338379,55.297852
38233,0.117676,0.245117,1.023071,12.145996,9.521484,58.105469
38244,0.174316,0.271240,1.052002,11.962891,9.643555,60.546875
38253,0.199341,0.278076,1.082031,12.023926,9.460449,63.293457
38263,0.289063,0.270630,1.038818,12.756348,9.704590,66.223145
38274,0.267700,0.235352,1.055786,13.977051,9.826660,69.396973
38283,0.277832,-0.350830,0.829834,14.648438,10.253906,72.692871
38294,-0.093140,-0.291016,0.938721,11.352539,17.883301,79.711914
38304,0.279541,0.166870,1.333740,11.047363,22.094727,83.740234
38314,-0.088013,0.202759,0.949585,13.427734,20.874023,85.937500
38323,-0.227295,-0.001465,0.837769,17.517090,16.662598,84.716797
38334,-0.269775,-0.180786,0.888184,19.836426,12.878418,82.336426
38343,-0.188232,-0.305542,1.032959,19.958496,11.352539,80.200195
38354,0.052734,-0.128662,1.087524,18.310547,11.352539,78.002930
38363,0.059937,0.084839,1.099121,16.662598,12.451172,76.965332
38374,0.156006,0.135986,1.048462,16.662598,13.916016,77.636719
38383,0.204102,0.117554,0.968994,16.418457,15.136719,78.613281
38393,0.179565,0.099609,0.973877,16.418457,16.479492,79.895020
38404,0.111938,0.057007,1.054932,16.662598,16.601562,79.956055
38413,0.118774,-0.007935,1.055420,17.211914,15.563965,78.674316
38424,0.061279,0.040894,1.035767,17.578125,14.404297,77.148437
38433,0.119263,-0.022949,1.059082,18.005371,13.610840,75.317383
38444,0.163696,0.006470,1.009644,18.371582,12.390137,73.364258
38453,0.170044,0.035645,0.983521,19.287109,11.230469,71.655273
38463,0.206909,0.044678,0.996338,19.470215,11.291504,71.289062
38473,0.231689,-0.054932,0.884766,19.958496,10.925293,71.228027
38483,0.154663,0.029053,0.960449,19.714355,10.375977,71.044922
38493,0.170654,0.008423,1.088745,19.775391,9.521484,70.190430
38505,0.217041,0.040039,1.020264,19.897461,8.605957,68.054199
38514,0.159180,0.068115,1.029419,19.836426,7.751465,66.467285
38524,0.125732,0.117554,1.067261,19.897461,7.263184,64.758301
38533,0.187378,0.115479,1.028320,20.629883,7.263184,63.537598
38543,0.179199,-0.004395,1.010498,21.057129,6.591797,62.622070
38554,0.142334,0.064453,0.965210,21.362305,5.493164,61.889648
38563,0.148315,0.038818,0.989990,20.996094,5.187988,61.584473
38574,0.133423,0.105957,0.961792,20.507812,6.225586,62.805176
38584,0.114502,0.113281,0.986450,20.385742,6.774902,63.537598
38594,0.146362,0.103516,1.027710,20.874023,6.774902,64.514160
38603,0.166992,0.075562,1.019775,21.362305,6.958008,65.185547
38613,0.172607,0.037476,1.017334,21.850586,6.835937,65.673828
38624,0.127441,0.043091,1.002808,22.094727,6.835937,65.795898
38633,0.131958,0.004272,1.009766,22.583008,7.080078,66.162109
38643,0.094849,-0.036255,0.973755,22.949219,6.896973,66.711426
38654,0.041382,-0.065063,0.973022,22.766113,7.446289,67.504883
38664,0.039063,-0.047974,1.029419,22.033691,7.446289,68.054199
38673,0.043945,0.016357,1.084106,21.850586,7.446289,68.298340
38683,0.111328,0.070190,1.152466,21.728516,7.263184,68.237305
38693,0.160767,0.075684,1.123535,21.728516,6.835937,67.565918
38703,0.191650,0.165283,1.158325,22.033691,6.408691,67.077637
38714,0.162842,0.189087,1.131104,23.254395,6.591797,66.772461
38724,0.142822,0.047852,1.013306,23.864746,6.835937,66.955566
38734,0.093628,0.016235,1.030273,23.742676,6.958008,67.199707
38743,0.060425,0.038208,1.015747,23.437500,6.652832,66.955566
38753,0.101196,0.032837,1.011475,22.888184,6.286621,66.772461
38763,0.086670,0.065186,1.004639,22.644043,5.920410,66.589355
38773,0.115234,0.070679,1.054565,22.277832,5.920410,66.162109
38783,0.105469,0.149048,1.117065,22.460937,5.798340,65.551758
38794,0.150757,0.150146,1.081543,22.521973,5.126953,64.208984
38804,0.198853,0.110718,1.054565,23.010254,4.638672,63.354492
38813,0.187134,0.185303,1.064087,23.315430,4.455566,62.133789
38823,0.169678,0.117188,1.029175,23.498535,3.967285,61.157227
38833,0.154053,0.108154,1.001953,23.437500,3.662109,59.997559
38843,0.172363,0.031128,1.003296,23.254395,3.173828,58.593750
38853,0.153564,0.082275,0.966064,22.949219,2.319336,56.945801
38864,0.169678,0.080444,1.005615,22.644043,1.342773,52.246094
38873,0.196045,0.045166,0.997803,21.972656,0.305176,49.987793
38883,0.157959,0.082275,0.960571,21.667480,-0.610352,47.546387
38893,0.190063,0.060059,0.991943,21.545410,-1.220703,45.471191
38903,0.156006,0.071777,0.998779,21.301270,-1.647949,44.311523
38913,0.217041,0.078247,0.962158,20.751953,-1.525879,43.090820
38923,0.190308,0.133179,0.993530,20.202637,-1.586914,42.358398
38934,0.191895,0.145386,0.968628,19.897461,-1.220703,42.175293
38944,0.211914,0.115967,0.989868,19.653320,-0.793457,42.358398
38953,0.175659,0.112061,1.033325,19.775391,-0.427246,43.090820
38964,0.189087,0.101807,0.999268,19.714355,-0.366211,43.640137
38973,0.145142,0.124512,0.977539,19.653320,-0.305176,44.006348
38983,0.169556,0.120972,1.000854,19.531250,-0.488281,44.433594
38993,0.111328,0.132202,1.007202,19.470215,-0.122070,44.738770
39004,0.103882,0.060425,0.955933,19.226074,0.488281,45.837402
39013,0.113647,0.048340,1.012329,18.798828,0.671387,46.569824
39023,0.089355,0.134766,1.007935,18.493652,0.854492,47.180176
39033,0.134277,0.112793,0.968872,18.615723,1.037598,47.851562
39043,0.167358,0.069702,0.937378,18.920898,1.342773,48.706055
39053,0.100952,0.113281,0.962524,18.920898,1.953125,49.621582
39064,0.135986,0.062256,0.971924,18.615723,3.173828,51.818848
39074,0.099121,0.013428,0.936035,18.249512,3.601074,52.429199
39083,0.016235,0.112793,0.971436,17.578125,3.906250,53.161621
39093,0.063843,0.053833,0.967529,17.150879,4.272461,53.588867
39103,0.038574,0.048706,0.994995,17.028809,4.516602,54.138184
39112,0.072388,0.034790,1.008789,16.784668,4.638672,54.626465
39123,0.037720,0.089966,0.994263,16.479492,4.821777,55.297852
39133,0.065918,0.083374,1.017578,16.235352,5.371094,55.969238
39144,0.091675,0.097290,1.030518,16.174316,6.713867,57.617187
39154,0.083374,0.100586,1.020508,16.601562,7.263184,58.410645
39163,0.074097,0.052979,1.005737,16.235352,7.873535,59.265137
39173,0.085571,-0.004883,0.953735,15.869141,7.995605,59.753418
39183,0.198364,-0.002563,1.158081,15.563965,8.239746,60.180664
39193,0.191406,0.310303,1.158081,15.686035,7.629395,60.424805
39203,0.170898,0.101196,1.197510,17.395020,6.774902,60.485840
39214,0.083130,0.120850,1.015869,19.287109,6.530762,60.852051
39224,0.058960,0.111328,0.993286,18.798828,7.141113,60.180664
39233,0.080444,0.060181,1.012451,18.005371,7.934570,60.180664
39243,0.107544,0.173828,1.039063,16.052246,9.155273,61.096191
39253,0.171753,0.369751,1.050781,15.197754,10.131836,61.767578
39263,0.196533,0.269287,1.031128,16.784668,10.192871,61.950684
39274,0.262085,0.105835,1.049438,19.775391,6.652832,60.485840
39284,0.190308,0.044434,1.077515,19.897461,5.004883,59.570312
39294,0.192139,-0.037964,0.921509,20.141602,4.211426,57.861328
39303,0.174194,0.016602,0.909546,19.714355,4.089355,56.579590
39313,0.198853,0.040405,0.967041,19.042969,4.333496,55.786133
39323,0.179199,0.027222,1.029907,18.554687,4.577637,55.297852
39333,0.175659,0.015381,0.996582,18.188477,4.394531,54.626465
39344,0.140625,0.002319,0.974365,18.432617,3.417969,52.062988
39354,0.143677,0.066528,0.979370,18.554687,2.807617,51.025391
39364,0.149902,-0.010254,0.977539,19.042969,2.502441,50.109863
39373,0.144409,-0.019409,0.969116,19.226074,2.319336,49.682617
39383,0.133545,0.034912,0.976318,18.920898,2.075195,49.499512
39393,0.150513,-0.005249,0.941650,18.737793,2.380371,49.926758
39403,0.157227,0.041382,0.894897,18.310547,3.051758,50.415039
39413,0.165771,0.037720,0.921021,18.188477,3.356934,51.208496
39424,0.139893,0.037109,0.923096,17.822266,3.601074,52.673340
39433,0.130859,0.036011,0.966675,17.211914,3.417969,52.917480
39442,0.130737,0.076416,0.973755,16.967773,3.173828,52.734375
39453,0.121460,0.073608,1.043457,16.967773,2.807617,52.185059
39463,0.114136,0.061768,1.036255,17.211914,2.685547,52.001953
39473,0.164185,0.110596,1.070435,17.028809,2.441406,51.696777
39484,0.204346,0.108643,1.092163,17.639160,3.417969,51.635742
39493,0.210937,0.107422,1.087524,18.554687,3.540039,51.757812
39504,0.230347,0.034180,1.035767,19.409180,3.662109,51.696777
39513,0.235596,0.015991,1.058472,19.897461,3.234863,50.964355
39523,0.163330,-0.015381,1.085449,20.263672,2.197266,49.377441
39533,0.175903,-0.036133,1.037231,20.385742,1.159668,47.058105
39543,0.132935,-0.114868,1.068481,20.141602,0.427246,44.189453
39553,0.154663,-0.008301,0.995239,19.409180,-1.037598,41.198730
39564,0.237671,0.050781,1.007446,18.676758,-1.464844,37.536621
39574,0.229736,0.051880,1.029907,18.493652,-1.281738,36.926270
39583,0.280029,0.070923,1.020874,18.798828,-1.281738,36.743164
39593,0.264282,0.094116,1.087158,18.920898,-1.220703,36.865234
39603,0.272217,0.094604,1.037598,19.348145,-1.342773,37.231445
39613,0.202637,0.047363,0.993164,19.775391,-1.464844,37.658691
39624,0.154785,0.026855,1.033813,19.897461,-1.403809,37.719727
39634,0.114990,0.010132,0.937134,19.836426,-0.976562,37.719727
39643,0.112793,-0.020508,0.995239,19.531250,-0.610352,37.719727
39653,0.125610,0.024048,0.992310,19.531250,-0.610352,37.597656
39663,0.143677,0.001343,1.000977,19.226074,-0.549316,37.170410
39673,0.182007,0.020630,0.994873,19.104004,-0.732422,36.926270
39683,0.176025,0.019653,1.007568,18.981934,-0.915527,36.621094
39693,0.170410,0.122437,1.048828,19.042969,-1.159668,36.437988
39704,0.240601,0.113403,1.040894,19.104004,-0.610352,36.437988
39714,0.221802,0.111450,1.066284,19.592285,-0.122070,36.987305
39723,0.124023,0.125732,1.015503,19.714355,0.122070,37.658691
39733,0.202637,0.068604,0.939453,19.958496,0.061035,38.269043
39743,0.163818,0.034912,0.905151,20.141602,-0.061035,39.367676
39753,0.128052,0.041382,0.907471,19.592285,0.000000,40.588379
39763,0.102661,-0.006958,0.917236,18.615723,0.061035,41.748047
39774,0.105835,0.061646,0.872192,1.342773,1.342773,44.616699
39784,0.119507,0.138306,0.949463,14.160156,1.831055,46.020508
39793,0.177124,0.131836,0.958374,13.427734,2.380371,47.302246
39803,0.223511,0.169189,1.005249,13.366699,2.685547,48.461914
39812,0.220581,0.152344,1.034790,13.366699,2.563477,49.438477
39823,0.201904,0.153442,1.012329,13.732910,2.380371,50.048828
39834,0.138916,0.085937,0.960449,14.282227,2.624512,51.086426
39844,0.057983,0.041748,0.971069,14.160156,2.746582,51.269531
39854,0.044189,0.074097,0.979614,13.977051,3.051758,51.757812
39863,0.036621,0.021362,0.983765,13.366699,3.295898,52.246094
39873,0.037842,0.054077,0.968384,13.244629,3.967285,52.795410
39882,0.083374,0.069946,0.987427,13.061523,4.150391,52.795410
39893,0.069946,0.087646,0.990601,13.122559,4.272461,52.856445
39904,0.118652,0.050293,1.007690,12.878418,4.821777,53.344727
39913,0.097046,0.053711,0.995483,12.695313,5.187988,53.710937
39924,0.122314,0.090576,0.996704,12.634277,5.310059,54.260254
39933,0.167969,0.051636,0.948242,12.573242,5.310059,55.297852
39943,0.137207,0.034058,0.928833,12.817383,5.249023,56.335449
39953,0.127197,0.007202,0.942383,12.512207,5.249023,57.556152
39963,0.097656,0.029053,0.973755,12.512207,5.310059,58.898926
39972,0.128906,0.063965,1.030396,12.390137,5.859375,60.363770
39984,0.142456,0.034180,1.001099,12.390137,6.042480,63.476562
39993,0.139648,0.020996,0.998901,13.183594,6.469727,65.185547
40002,0.165771,0.026489,0.976440,13.610840,6.530762,66.711426
40013,0.166992,-0.035767,0.960815,13.854980,6.286621,67.810059
40023,0.169678,0.030151,1.025635,13.732910,5.615234,68.420410
40033,0.151123,0.006348,1.022217,13.854980,5.310059,68.664551
40044,0.176270,0.010010,0.997681,13.366699,4.943848,68.115234
40053,0.137939,0.049072,1.098755,13.488770,4.882812,67.810059
40064,0.179565,0.054077,1.072632,14.404297,4.394531,67.504883
40073,0.178223,0.091431,1.130005,15.258789,3.662109,66.406250
40083,0.175903,0.089355,1.102173,15.808105,2.624512,65.429687
40093,0.162720,0.147949,1.158936,16.662598,1.708984,63.964844
40103,0.213135,0.119019,1.101196,17.700195,0.915527,62.927246
40114,0.223022,0.121582,1.045410,19.104004,0.854492,63.903809
40124,0.160767,0.104370,1.019165,19.409180,1.098633,64.575195
40133,0.170166,0.042725,0.977783,19.836426,1.770020,66.162109
40142,0.121094,0.050293,0.980713,19.714355,2.441406,67.443848
40153,0.081055,0.053101,1.047729,19.897461,2.014160,67.993164
40163,0.112549,0.066040,1.037476,19.958496,1.708984,68.420410
40173,0.136108,0.047119,1.016602,20.141602,1.647949,68.969727
40184,0.169556,0.114868,1.083984,21.057129,0.976562,70.800781
40193,0.219360,0.119263,1.064575,22.155762,0.732422,71.960449
40204,0.212524,-0.004272,1.057007,23.193359,0.610352,73.059082
40213,0.197144,-0.013916,0.999634,23.498535,0.305176,73.242187
40223,0.189575,-0.064209,0.921509,24.047852,0.061035,72.937012
40233,0.190796,-0.030640,1.018799,24.414062,-0.488281,72.082520
40243,0.179077,-0.062988,1.055054,25.024414,-1.098633,71.899414
40256,0.153076,-0.166260,0.947876,26.611328,-2.868652,70.190430
40266,0.166870,-0.134033,0.908813,26.428223,-4.211426,68.359375
40275,0.119629,-0.080444,0.881714,26.489258,-5.615234,66.467285
40284,0.187256,-0.140991,0.864624,26.489258,-6.652832,65.185547
40294,0.134277,-0.211792,0.898437,26.489258,-8.239746,63.476562
40303,0.149780,-0.111816,0.955322,25.634766,-9.826660,60.424805
40312,0.146851,0.023193,1.057129,25.024414,-10.925293,58.105469
40323,0.172974,-0.020752,1.083862,25.085449,-11.779785,55.358887
40332,0.147705,0.002441,1.034546,25.024414,-13.671875,49.743652
40344,0.170410,0.014526,0.959839,24.108887,-14.038086,47.668457
40353,0.204956,0.137817,1.101929,23.315430,-14.526367,45.837402
40362,0.256226,0.173584,1.077637,22.888184,-15.258789,43.640137
40373,0.311646,0.122070,0.962524,22.888184,-16.113281,41.442871
40383,0.310669,0.096924,1.010254,22.644043,-16.967773,39.672852
40393,0.362061,0.032593,0.980225,22.155762,-17.944336,37.414551
40404,0.385620,0.074951,1.061401,21.667480,-20.263672,32.592773
40414,0.340210,0.084839,1.082886,20.996094,-21.911621,28.442383
40423,0.331543,0.014771,1.033569,21.301270,-23.498535,23.864746
40432,0.315430,-0.090210,1.021484,21.179199,-24.780273,19.775391
40443,0.270020,-0.164673,0.916504,20.874023,-26.428223,15.380859
40452,0.256592,-0.083984,0.961670,19.836426,-27.282715,10.803223
40463,0.297485,-0.063843,1.016968,19.042969,-28.076172,7.202148
40474,0.298950,-0.160767,0.899414,18.798828,-28.991699,2.136230
40484,0.268677,-0.163818,0.865234,17.883301,-29.663086,-0.915527
40493,0.286987,-0.137695,0.874878,16.784668,-30.273437,-3.234863
40502,0.289307,-0.124634,0.875244,15.930176,-30.090332,-5.126953
40513,0.262329,-0.114624,0.911377,15.197754,-30.883789,-7.263184
40523,0.265259,-0.048462,0.893311,14.770508,-31.188965,-9.704590
40532,0.259888,-0.112061,0.865967,14.587402,-31.433105,-11.169434
40544,0.265503,-0.020020,0.971069,14.038086,-31.799316,-13.061523
40553,0.313477,0.053833,0.962769,13.122559,-31.799316,-11.962891
40563,0.308228,0.003052,1.010254,13.549805,-31.311035,-10.314941
40573,0.307495,-0.018921,0.986328,13.366699,-31.250000,-9.216309
40583,0.257568,-0.150879,0.925537,12.939453,-31.066895,-8.605957
40592,0.213501,-0.103882,0.921265,11.962891,-30.883789,-8.239746
40604,0.132446,-0.032227,1.008057,10.009766,-30.761719,-10.681152
40613,0.108643,-0.077026,0.984497,9.338379,-30.334473,-11.657715
40624,0.076782,-0.104370,0.954834,8.544922,-30.151367,-12.023926
40634,0.032104,-0.050293,0.947632,6.958008,-29.907227,-12.207031
40643,0.100708,-0.014160,1.004639,5.920410,-29.113770,-11.657715
40653,0.156006,0.080688,1.018799,5.615234,-27.893066,-10.253906
40663,0.129883,0.047363,0.978271,5.554199,-27.954102,-9.277344
40672,0.073853,-0.033936,0.930786,5.187988,-27.648926,-8.728027
40684,0.034546,0.045166,1.012573,4.516602,-24.841309,-7.141113
40693,0.017334,0.008057,1.036377,3.479004,-23.620605,-6.530762
40703,0.016357,-0.085937,1.008789,3.662109,-23.559570,-6.164551
40712,-0.021729,-0.128418,0.916382,3.845215,-23.681641,-6.530762
40723,-0.043335,-0.128296,0.936523,3.295898,-23.193359,-7.446289
40733,-0.001831,-0.073853,0.961182,2.746582,-22.460937,-8.239746
40742,0.026001,-0.105713,0.971558,2.746582,-21.850586,-10.009766
40754,0.098267,-0.245361,0.919556,3.356934,-20.874023,-10.681152
40764,0.076172,-0.245239,0.900024,2.990723,-20.446777,-11.901855
40774,0.026001,-0.243652,0.965942,2.868652,-20.446777,-13.916016
40783,0.036011,-0.174194,0.987793,2.624512,-20.141602,-16.601562
40792,0.021606,-0.211304,0.966064,2.990723,-19.836426,-19.165039
40803,-0.008911,-0.164673,0.937500,3.417969,-19.165039,-20.507812
40813,-0.038330,-0.153809,0.969360,2.868652,-17.211914,-20.324707
40824,0.045898,-0.078369,1.144531,2.502441,-16.174316,-16.906738
40834,0.015625,0.035645,1.077515,2.563477,-17.028809,-15.380859
40843,0.004761,0.000122,0.966187,2.868652,-16.418457,-13.854980
40853,0.047852,-0.041504,0.887451,2.624512,-14.770508,-12.207031
40862,0.060059,-0.052734,0.947144,2.563477,-12.939453,-10.314941
40873,0.060059,-0.060181,1.012085,2.258301,-12.207031,-8.972168
40882,0.024170,-0.052124,1.039307,2.136230,-11.962891,-8.239746
40894,0.086304,-0.089233,1.052002,2.014160,-12.084961,-8.117676
40903,0.076050,-0.190674,0.968384,2.868652,-12.573242,-8.178711
40913,0.071533,-0.133545,0.938965,2.563477,-12.939453,-7.995605
40922,0.015259,-0.084595,0.930054,1.831055,-12.451172,-7.263184
40933,-0.029175,-0.048950,0.931885,1.220703,-11.474609,-5.737305
40942,-0.021851,-0.022827,0.976196,0.976562,-10.314941,-3.479004
40954,-0.009521,-0.044067,0.963989,0.244141,-8.728027,0.976562
40964,0.005859,-0.035522,0.961304,-0.183105,-8.544922,2.624512
40973,0.062500,-0.020996,1.004272,-0.061035,-8.361816,3.112793
40982,0.063721,-0.049194,0.975098,-0.122070,-8.544922,2.868652
40993,0.085083,-0.061035,1.007813,0.244141,-9.033203,2.136230
41002,0.097656,-0.062500,1.014282,0.854492,-9.887695,0.915527
41013,0.074707,-0.132690,0.995605,1.220703,-10.009766,-0.305176
41022,0.131714,-0.137817,0.997437,1.403809,-10.375977,-1.281738
41034,0.138794,-0.193481,0.958862,1.159668,-10.681152,-2.502441
41044,0.104126,-0.138672,0.979736,0.915527,-10.803223,-3.417969
41053,0.092407,-0.225708,0.993652,1.098633,-10.986328,-4.516602
41063,0.098389,-0.220459,0.982056,1.098633,-11.535645,-6.103516
41072,0.071167,-0.242065,1.011230,0.732422,-12.145996,-8.239746
41083,0.018188,-0.293091,0.983765,0.366211,-12.573242,-10.681152
41092,-0.047485,-0.275635,0.997559,0.061035,-13.305664,-13.793945
41104,-0.172729,-0.295166,1.015991,-0.183105,-13.977051,-21.057129
41114,-0.143555,-0.320068,1.013794,-0.366211,-13.793945,-24.780273
41123,-0.133667,-0.283203,1.000488,-0.305176,-13.549805,-28.686523
41133,-0.101807,-0.383789,1.004761,-0.183105,-13.061523,-32.165527
41142,-0.096313,-0.389771,0.979736,-0.122070,-12.878418,-35.705566
41153,-0.077393,-0.334229,0.998413,-0.305176,-13.122559,-39.001465
41163,-0.034790,-0.322021,1.053345,-0.183105,-12.573242,-41.992187
41173,-0.030518,-0.246948,1.088257,0.427246,-10.009766,-45.471191
41182,-0.112671,-0.047974,1.221558,1.647949,-8.056641,-45.349121
41193,-0.109253,-0.151367,1.154541,3.417969,-6.042480,-43.701172
41203,-0.095337,-0.205078,1.188110,5.493164,-3.845215,-41.809082
41212,-0.076782,-0.263184,1.153931,7.080078,-2.502441,-39.123535
41223,-0.031616,-0.355957,1.041382,7.690430,-1.281738,-35.949707
41232,0.005005,-0.430298,0.929443,6.713867,-0.061035,-33.142090
41244,-0.063354,-0.359497,0.835083,5.920410,1.037598,-29.113770
41253,-0.117798,-0.465332,0.810059,6.347656,2.075195,-27.221680
41263,-0.094849,-0.469604,0.808960,5.981445,3.784180,-25.451660
41272,-0.027832,-0.477539,0.797119,4.394531,5.126953,-23.986816
41283,-0.020264,-0.566528,0.832520,2.868652,6.103516,-22.399902
41293,-0.015991,-0.525269,0.769653,1.831055,7.202148,-21.667480
41303,0.009521,-0.510254,0.707275,0.671387,7.812500,-23.925781
41314,0.020508,-0.630249,0.695679,-0.366211,7.263184,-27.038574
41324,0.012817,-0.563110,0.742310,-1.525879,6.896973,-30.151367
41334,0.075317,-0.573853,0.843872,-2.868652,6.103516,-33.508301
41343,0.126221,-0.403809,0.987671,-3.784180,5.554199,-36.437988
41353,0.120850,-0.335205,0.929077,-3.356934,4.882812,-38.391113
41363,0.145874,-0.328369,1.022949,-2.441406,5.310059,-39.550781
41373,0.118896,-0.436768,1.008545,-1.220703,6.225586,-40.039062
41385,0.127441,-0.421631,0.929077,0.122070,6.958008,-40.588379
41394,0.156250,-0.467651,0.878174,-0.122070,7.446289,-40.832520
41404,0.176880,-0.369385,0.979980,-0.549316,7.812500,-40.039062
41413,0.163208,-0.311035,0.916992,-0.671387,7.812500,-38.024902
41423,0.157349,-0.359741,0.878296,-0.366211,7.934570,-35.400391
41434,0.239136,-0.395996,0.951050,-0.732422,8.666992,-31.616211
41443,0.313477,-0.390503,0.962402,-1.464844,9.033203,-22.033691
41453,0.359009,-0.240112,0.988403,-2.258301,8.789063,-17.395020
41463,0.465332,-0.104126,1.055054,-2.441406,8.239746,-13.000488
41473,0.451172,-0.250732,1.030396,-2.380371,7.202148,-9.338379
41483,0.443481,-0.102417,1.041382,-2.441406,5.859375,-7.141113
41493,0.426392,-0.158936,1.014648,-1.831055,4.455566,-5.798340
41504,0.395874,-0.115967,1.016724,-1.892090,2.563477,-5.065918
41513,0.379150,-0.015869,1.172485,-2.258301,1.098633,-4.821777
41525,0.270874,-0.005737,1.071411,-3.356934,-0.366211,-5.004883
41534,0.286865,0.083984,1.161865,-3.723145,-1.037598,-5.920410
41544,0.291138,0.073486,1.176270,-3.356934,-1.708984,-7.080078
41554,0.272949,0.035889,1.157349,-3.051758,-2.136230,-8.422852
41563,0.251709,0.058350,1.089722,-3.356934,-2.990723,-10.498047
41573,0.133789,0.108887,1.123291,-3.906250,-3.356934,-12.695313
41586,0.029175,0.132202,0.984741,-3.601074,-4.150391,-16.784668
41595,0.005615,0.140625,0.986206,-3.417969,-4.394531,-17.700195
41604,-0.002808,0.024170,0.908691,-3.906250,-4.211426,-18.493652
41614,0.017700,0.182861,0.994385,-5.310059,-3.417969,-18.310547
41623,-0.082153,0.309570,1.055542,-5.371094,-2.624512,-17.822266
41633,-0.049316,0.231934,0.984009,-4.089355,-2.075195,-16.967773
41642,-0.231445,0.094727,0.807617,-3.295898,-1.281738,-15.869141
41654,-0.141602,0.161987,0.834229,-1.831055,1.464844,-13.793945
41664,-0.178223,0.025269,0.867187,-1.403809,2.197266,-13.305664
41674,-0.205078,0.012451,1.011597,-1.525879,2.685547,-13.122559
41683,-0.133789,0.036987,1.090454,-1.037598,3.356934,-11.779785
41693,-0.134888,0.045044,1.097412,-0.122070,4.150391,-9.704590
41703,-0.115234,-0.120728,0.986572,0.671387,4.760742,-7.812500
41713,-0.017700,-0.027344,1.064697,0.732422,5.432129,-5.493164
41723,0.031860,-0.100098,0.951172,0.976562,5.737305,2.685547
41734,0.165283,-0.231812,0.909790,0.427246,6.896973,8.300781
41744,0.223267,-0.286255,0.909790,-0.549316,8.300781,14.160156
41753,0.250244,-0.082275,0.986084,-1.708984,9.216309,19.409180
41763,0.254761,-0.143188,0.999512,-2.502441,8.728027,23.681641
41773,0.200073,-0.172363,1.026001,-2.563477,7.568359,27.221680
41783,0.149414,-0.125122,1.015503,-2.075195,6.164551,30.273437
41793,0.147705,-0.224487,1.055054,-0.976562,4.882812,33.142090
41804,0.138062,-0.391235,0.917725,-0.305176,2.197266,38.818359
41814,0.096802,-0.294556,0.875122,-0.671387,1.220703,41.992187
41823,0.097778,-0.432495,0.874023,-1.220703,0.732422,45.227051
41833,0.063354,-0.347168,1.034302,-1.647949,0.366211,48.339844
41843,0.065186,-0.430176,0.926270,-1.708984,-0.305176,50.842285
41853,0.027100,-0.290649,0.997559,-1.953125,-1.464844,52.246094
41863,0.052490,-0.564087,0.911499,-2.014160,-3.173828,53.283691
41874,0.062744,-0.569702,0.933594,-2.563477,-7.995605,51.452637
41884,-0.037231,-0.287598,1.031616,-2.807617,-10.070801,49.438477
41894,-0.066040,-0.503906,0.995117,-2.563477,-11.779785,47.424316
41904,-0.123657,-0.236694,1.065308,-1.770020,-12.878418,44.738770
41913,-0.116943,-0.329102,1.068604,-1.037598,-14.038086,41.625977
41923,-0.133789,-0.499878,0.912598,0.122070,-15.075684,38.269043
41933,-0.163574,-0.372070,0.970337,0.976562,-16.113281,18.493652
41945,-0.225220,-0.527588,1.002441,0.427246,-17.700195,25.512695
41954,-0.294189,-0.446167,0.914062,0.122070,-18.432617,20.629883
41964,-0.326904,-0.409912,0.947754,0.122070,-18.554687,15.441895
41973,-0.311279,-0.401489,0.937012,0.854492,-17.700195,10.986328
41983,-0.304199,-0.552368,0.991943,1.647949,-16.662598,6.835937
41994,-0.285034,-0.503174,1.006470,2.319336,-15.869141,2.990723
42003,-0.292114,-0.420898,1.025024,2.502441,-14.221191,-4.272461
42013,-0.328369,-0.554321,0.922363,1.098633,-13.244629,-6.652832
42024,-0.412598,-0.318970,0.989868,0.610352,-11.047363,-8.483887
42033,-0.455078,-0.316162,0.929443,0.305176,-8.789063,-10.437012
42043,-0.509644,-0.313354,0.855835,0.061035,-6.164551,-12.268066
42054,-0.557373,-0.248291,0.865845,0.183105,-3.295898,-13.488770
42063,-0.547241,-0.169556,0.918945,-0.183105,-0.488281,-14.709473
42073,-0.575562,-0.252808,0.892334,-1.037598,3.967285,-16.723633
42083,-0.619751,-0.180420,0.999390,-3.234863,5.615234,-17.456055
42093,-0.545654,0.232788,1.150879,-2.990723,6.896973,-16.723633
42103,-0.515991,0.184082,1.041992,-2.014160,8.728027,-15.258789
42113,-0.499146,0.161377,0.966309,-1.464844,12.084961,-11.718750
42123,-0.449341,0.173218,0.971924,-1.586914,15.380859,-6.408691
42133,-0.302124,0.140381,0.970459,-2.197266,18.493652,-0.793457
42143,-0.334351,0.176147,0.902954,-2.929688,20.690918,11.718750
42153,-0.253784,0.294922,0.991333,-3.112793,24.230957,17.883301
42163,-0.117065,0.222290,0.995483,-2.319336,24.597168,23.559570
42173,-0.097656,0.245239,1.084595,-1.953125,24.658203,28.869629
42184,-0.093994,0.085083,1.088135,-2.075195,24.291992,32.897949
42193,-0.110474,-0.023315,0.986450,-2.807617,24.230957,35.705566
42203,-0.154663,0.240723,1.120972,-3.234863,24.353027,37.963867
42213,-0.086914,0.122803,1.155151,-3.112793,24.047852,39.428711
42224,0.226562,-0.013916,1.182251,-2.685547,21.728516,39.428711
42234,0.131714,0.089111,1.270508,-1.831055,17.944336,39.550781
42243,-0.035156,-0.012085,0.964355,-0.305176,14.404297,39.672852
42253,0.106689,-0.017334,0.887573,0.793457,13.610840,41.198730
42263,0.111206,-0.181396,0.830566,1.159668,14.221191,44.616699
42273,0.063110,-0.150146,0.906738,1.342773,14.343262,45.959473
42284,-0.069580,-0.191406,0.874878,0.488281,12.939453,41.992187
42294,-0.263428,-0.480225,0.877686,-0.610352,11.230469,38.208008
42303,-0.315918,-0.528442,0.853149,-1.647949,9.643555,32.348633
42313,-0.332886,-0.471191,0.890869,-3.112793,7.995605,25.390625
42323,-0.294678,-0.296143,0.999268,-4.028320,6.713867,19.042969
42333,-0.269165,-0.252075,1.021973,-4.089355,5.920410,13.610840
42343,-0.183350,-0.206421,1.024658,-3.479004,5.737305,9.399414
42356,-0.185547,0.066528,1.334229,0.000000,6.958008,5.981445
42365,-0.195435,-0.078857,1.305786,3.051758,8.483887,5.798340
42374,-0.072266,-0.305176,1.156616,5.981445,10.314941,6.774902
42384,0.002197,-0.675537,0.944702,7.324219,11.047363,7.568359
42393,0.020508,-0.685547,0.800903,6.469727,10.314941,6.408691
42404,0.049438,-0.523560,0.699097,3.967285,8.605957,3.662109
42413,0.184692,-0.469238,0.709717,1.586914,6.835937,0.610352
42424,0.182251,-0.312256,0.777832,0.732422,3.723145,-3.417969
42434,0.324219,-0.305176,1.001587,2.502441,2.990723,-3.906250
42443,0.406616,-0.614868,1.009399,4.455566,2.990723,-3.601074
42454,0.418457,-0.862915,0.903198,4.943848,2.563477,-3.601074
42463,0.507812,-0.815308,0.870361,3.479004,0.793457,-5.249023
42473,0.476807,-0.650024,0.950317,1.586914,-1.647949,-7.507324
42483,0.499146,-0.444092,1.037231,0.427246,-4.150391,-9.826660
42493,0.436768,-0.455200,1.002686,0.854492,-6.042480,-14.953613
42505,0.452271,-0.490234,0.973145,2.319336,-10.375977,-17.700195
42514,0.549927,-0.444336,0.919556,1.953125,-12.573242,-20.324707
42523,0.603638,-0.250610,0.973511,0.976562,-15.075684,-22.399902
42533,0.617554,-0.082520,1.050171,0.488281,-17.517090,-23.864746
42543,0.570801,-0.023071,1.033691,0.671387,-19.409180,-24.047852
42554,0.639038,0.104370,1.167114,1.403809,-20.874023,-23.620605
42563,0.559814,0.189819,1.318481,2.258301,-20.996094,-19.348145
42574,0.556030,0.178711,1.318604,3.356934,-19.226074,-16.479492
42583,0.538818,0.172241,1.249146,3.295898,-19.104004,-14.038086
42593,0.597778,0.058228,1.088989,3.540039,-19.836426,-13.061523
42603,0.581299,-0.060791,0.857056,2.929688,-21.667480,-13.549805
42613,0.572754,-0.032349,0.871094,1.342773,-24.108887,-15.502930
42623,0.501709,-0.163696,0.783081,-1.159668,-26.489258,-18.371582
42633,0.552734,-0.117432,0.758667,-4.638672,-27.832031,-20.874023
42644,0.442627,0.285034,1.054565,-7.324219,-29.907227,-25.756836
42654,0.291626,0.396484,1.060913,-8.117676,-30.212402,-28.320312
42664,0.209595,0.358643,1.055298,-6.652832,-29.724121,-30.700684
42673,0.158569,0.229370,0.994263,-4.394531,-29.174805,-33.386230
42683,0.114624,0.251587,1.003052,-3.173828,-29.052734,-36.499023
42694,0.065063,0.190308,1.003418,-2.685547,-28.991699,-40.222168
42703,0.054199,0.046143,0.958618,-2.380371,-27.282715,-46.386719
42715,0.037598,-0.018188,0.836426,-3.112793,-25.756836,-48.400879
42724,0.031494,0.141602,0.870850,-3.662109,-24.353027,-49.743652
42733,0.026611,0.105225,0.878296,-3.601074,-23.376465,-51.086426
42743,0.062134,0.123169,0.990234,-2.624512,-22.827148,-52.612305
42754,-0.009033,-0.077637,0.907349,-1.220703,-22.888184,-53.649902
42763,-0.084839,-0.250854,0.881592,-0.671387,-21.850586,-54.138184
42773,-0.024658,-0.122314,1.090820,-1.770020,-17.517090,-51.696777
42783,0.020386,0.029175,1.202393,-1.647949,-16.967773,-49.804687
42794,-0.034912,-0.081421,0.889648,-0.122070,-15.808105,-47.668457
42803,-0.082886,-0.149902,0.884766,0.305176,-13.977051,-44.006348
42813,0.041626,-0.146973,1.044312,-0.183105,-11.657715,-39.550781
42824,-0.001953,-0.157104,1.118286,-0.671387,-10.131836,-35.156250
42833,-0.053467,-0.175293,1.066772,-0.549316,-8.544922,-30.822754
42843,-0.077637,-0.221558,0.961670,-15.563965,-4.150391,-21.606445
42853,-0.119019,-0.174072,0.958618,-0.122070,-1.647949,-16.662598
42864,-0.168213,-0.214966,0.971802,-0.122070,0.671387,-11.413574
42873,-0.241089,-0.348389,0.823364,-0.061035,2.502441,-5.920410
42883,-0.327026,-0.401123,0.695435,-0.244141,4.638672,0.427246
42893,-0.326294,-0.263306,0.794800,-0.732422,7.446289,7.324219
42903,-0.276245,-0.041992,0.967163,-0.732422,9.948730,14.221191
42913,-0.330078,-0.132935,0.867676,0.671387,11.108398,23.864746
42924,-0.471313,-0.645386,0.746460,4.211426,12.573242,28.259277
42934,-0.500122,-0.894043,0.630615,3.662109,13.183594,32.043457
42943,-0.557373,-0.814087,0.676392,0.427246,14.953613,36.071777
42953,-0.558228,-0.578613,0.819580,-3.173828,17.150879,40.710449
42964,-0.507446,-0.356201,0.860352,-5.676270,18.249512,43.518066
42973,-0.544312,-0.277710,0.878540,-6.103516,18.127441,44.372559
42986,-0.428467,-0.161865,1.095825,-3.784180,17.883301,43.518066
42995,-0.418701,-0.235962,1.103027,-2.319336,16.784668,41.381836
43005,-0.459595,-0.263794,1.115601,-1.342773,15.869141,39.184570
43015,-0.340820,-0.207520,1.016357,-1.037598,15.747070,37.414551
43024,-0.385620,-0.203857,1.074951,-1.525879,15.808105,35.461426
43034,-0.302124,-0.095337,1.091553,-2.807617,15.563965,32.775879
43043,-0.332275,-0.050903,1.028198,-3.784180,14.770508,28.991699
43053,-0.341187,0.048218,1.076416,-4.516602,13.854980,19.897461
43064,-0.301147,0.153931,1.119995,-3.662109,12.451172,14.892578
43074,-0.259521,0.080688,1.144531,-2.990723,11.779785,10.498047
43083,-0.262085,-0.025269,1.161987,-2.380371,10.986328,6.896973
43093,-0.213989,-0.071777,1.135620,-2.502441,10.192871,3.845215
43104,-0.192505,-0.073975,0.990845,-3.234863,10.131836,2.075195
43113,-0.187256,-0.031128,0.900391,-4.272461,10.864258,1.525879
43125,-0.071533,-0.065186,0.816650,-5.798340,13.549805,3.662109
43135,0.016479,-0.024536,0.948730,-6.286621,14.282227,5.615234
43144,0.031494,0.091431,1.106445,-6.958008,14.465332,7.446289
43154,0.049194,0.080444,1.180176,-6.713867,13.916016,9.094238
43163,0.032593,0.029297,1.108398,-5.432129,12.756348,10.192871
43173,0.021240,0.038086,1.024902,-4.516602,12.329102,11.352539
43183,0.027100,-0.092285,0.952515,-3.540039,11.474609,12.512207
43193,0.043579,0.055786,0.957031,-3.051758,10.864258,13.671875
43204,-0.019165,0.050781,0.807739,0.122070,11.108398,14.099121
43214,-0.025269,-0.171021,0.799316,1.647949,11.169434,14.343262
43223,-0.012207,-0.390991,0.859131,1.953125,10.559082,14.465332
43233,-0.023437,-0.351685,1.015747,0.549316,9.399414,13.610840
43243,-0.025635,-0.243164,1.131104,-1.159668,8.605957,12.451172
43253,0.020874,-0.151733,1.057983,-2.075195,7.629395,10.192871
43265,0.073975,-0.202148,0.816162,-2.014160,5.004883,5.859375
43275,0.137939,-0.089966,0.905762,-2.807617,3.967285,3.662109
43284,0.170654,-0.081299,0.887085,-3.417969,3.051758,1.770020
43294,0.174194,-0.112671,0.797974,-3.662109,2.502441,0.305176
43303,0.146851,-0.114502,0.883057,-4.150391,2.136230,-0.732422
43313,0.153076,-0.040527,1.068237,-5.004883,1.708984,-1.831055
43324,0.127563,0.144165,1.375854,-5.432129,1.525879,-3.356934
43333,0.133179,0.035156,1.327759,-3.906250,-0.305176,-7.019043
43345,0.084106,-0.079956,1.089844,-0.854492,-1.403809,-8.972168
43354,0.098633,-0.094727,0.995850,-0.122070,-1.770020,-10.498047
43364,0.115723,-0.031128,0.987671,-0.183105,-1.403809,-10.742188
43373,0.070557,0.029785,0.920166,0.061035,-0.854492,-10.620117
43384,0.113037,0.070190,0.844971,0.366211,0.122070,-9.521484
43393,0.143677,0.096802,0.854980,1.037598,1.098633,-7.934570
43404,0.133423,-0.042603,0.915649,2.075195,0.915527,-7.263184
43414,0.113403,-0.318726,0.908081,0.976562,0.488281,-7.324219
43423,0.049316,-0.284302,1.015991,-0.915527,0.000000,-7.324219
43433,0.056396,-0.044800,1.188477,-2.807617,-0.244141,-8.361816
43444,0.000366,0.123291,1.170654,-2.685547,-0.366211,-9.765625
43453,-0.047607,-0.002563,0.931152,-0.976562,-0.305176,-10.803223
43463,-0.076538,-0.173950,0.758423,0.244141,0.488281,-9.582520
43476,-0.083008,-0.157959,0.797729,-2.014160,3.356934,-3.906250
43485,-0.062622,-0.038208,0.876465,-4.089355,5.126953,1.281738
43495,-0.041626,0.067139,0.915039,-5.126953,6.469727,5.981445
43504,-0.075684,0.125854,0.984497,-5.432129,7.263184,10.253906
43513,-0.077271,0.168579,1.108032,-4.821777,7.995605,13.122559
43523,-0.095825,0.225342,1.252319,-3.967285,8.178711,15.014648
43534,-0.082153,0.189575,1.312378,-2.136230,7.690430,15.869141
43543,-0.086060,0.096802,1.220581,0.366211,6.469727,17.395020
43554,-0.026001,0.042969,1.105103,3.662109,6.225586,18.066406
43564,0.069946,-0.087769,1.026611,4.699707,5.676270,18.798828
43573,0.083984,-0.262695,0.963989,4.699707,4.333496,19.165039
43583,0.089355,-0.399902,0.860229,3.173828,3.417969,18.920898
43593,0.133057,-0.283691,0.886597,0.671387,2.441406,18.005371
43604,0.126465,-0.252441,0.802856,-1.586914,1.525879,16.540527
43613,0.140625,-0.151245,0.855103,-3.234863,-1.770020,11.108398
43625,0.043091,-0.020996,0.980103,-4.211426,-2.807617,7.629395
43634,0.041748,0.089966,1.129883,-3.417969,-4.028320,4.150391
43644,0.004761,0.020264,1.099609,-2.136230,-5.126953,0.854492
43653,0.001831,-0.085815,0.992187,-0.915527,-5.737305,-1.464844
43663,0.048706,-0.117798,0.979248,-0.183105,-5.737305,-2.624512
43674,0.063232,-0.130615,1.025635,-0.427246,-5.493164,-3.540039
43683,0.020386,-0.189209,0.994507,-0.488281,-4.699707,-5.432129
43695,-0.001465,-0.194336,0.802490,-1.586914,-4.760742,-6.835937
43704,-0.008057,-0.212280,0.767822,-2.685547,-4.821777,-8.178711
43714,0.031128,-0.115112,0.814941,-4.150391,-4.516602,-9.155273
43724,-0.011475,0.051514,0.915771,-4.943848,-4.516602,-10.314941
43733,0.009277,0.218018,1.017456,-4.333496,-3.967285,-11.596680
43743,-0.031494,0.248535,1.054810,-2.746582,-3.662109,-12.084961
43756,-0.006104,-0.008789,1.175293,1.403809,-3.051758,-13.732910
43765,-0.032837,-0.205444,1.135132,2.197266,-2.868652,-13.793945
43775,-0.001343,-0.280151,1.043701,1.953125,-2.075195,-13.732910
43784,-0.021484,-0.265747,0.990601,0.732422,-0.976562,-13.061523
43793,-0.014160,-0.216675,0.980469,-0.488281,0.427246,-11.474609
43803,-0.020264,-0.162842,0.972290,-1.525879,1.342773,-9.460449
43814,-0.094116,-0.159546,0.942017,-2.197266,2.746582,-7.080078
43823,-0.082642,-0.073486,0.943848,-3.234863,4.943848,-0.671387
43835,-0.049194,0.222046,1.054199,-3.784180,5.737305,2.441406
43844,-0.074585,0.040527,1.003418,-2.380371,6.164551,5.249023
43853,-0.049927,-0.125366,1.033936,-1.525879,6.408691,7.629395
43863,-0.052368,-0.188843,1.070313,-1.281738,6.591797,9.094238
43873,-0.021118,-0.149658,1.018555,-1.403809,6.591797,10.009766
43883,-0.032349,-0.078613,0.951050,-1.525879,6.286621,11.169434
43895,0.007446,-0.059448,1.030640,-1.525879,6.347656,13.427734
43905,-0.006958,-0.144409,1.088013,-1.281738,5.981445,15.075684
43915,0.010498,-0.149048,1.104736,-1.464844,5.981445,16.967773
43924,-0.008667,-0.118896,1.074463,-1.770020,6.103516,19.226074
43934,0.021240,-0.160034,0.929687,-1.953125,6.164551,21.423340
43943,0.050659,0.001465,0.932495,-2.319336,5.737305,22.888184
43953,0.022461,0.015259,0.842773,-1.831055,4.821777,23.925781
43963,0.026367,-0.037476,0.877563,-1.098633,3.173828,23.132324
43974,0.043457,-0.157104,0.885498,-0.366211,0.732422,19.531250
43983,0.070679,-0.132690,0.932129,-0.549316,-0.610352,16.418457
43993,0.041260,-0.118164,0.964111,-0.549316,-2.014160,12.695313
44004,0.051147,-0.097534,0.973145,-0.244141,-3.540039,9.094238
44013,0.035889,-0.125610,1.024658,-0.488281,-4.577637,5.554199
44024,0.074341,-0.220337,0.985107,-1.220703,-5.126953,2.807617
44033,0.029419,-0.250610,0.956665,-3.051758,-6.225586,-1.464844
44043,0.078735,-0.223022,0.928467,-4.028320,-5.798340,-2.990723
44054,0.032471,0.020874,0.914062,-4.943848,-5.737305,-4.028320
44063,0.056519,0.107788,0.979492,-4.821777,-5.676270,-5.310059
44074,0.050781,0.126831,1.114380,-3.662109,-5.859375,-6.713867
44083,0.040161,-0.006104,1.170654,-2.563477,-6.469727,-8.605957
44094,0.007935,-0.164673,1.111694,-1.708984,-6.774902,-10.986328
44103,0.016357,-0.229858,1.035645,-2.502441,-6.774902,-15.563965
44113,0.085571,-0.136963,1.042725,-2.929688,-6.286621,-17.028809
44123,0.089844,-0.054321,1.035278,-3.051758,-6.225586,-18.127441
44133,0.099365,-0.025635,0.929810,-2.746582,-5.920410,-18.676758
44143,0.058838,-0.035889,0.877808,-2.380371,-5.310059,-18.310547
44153,0.084473,0.016113,0.972290,-2.136230,-4.272461,-17.517090
44164,0.046997,0.048462,1.048828,-1.708984,-3.479004,-16.052246
44173,0.073242,-0.058472,1.040161,-1.586914,-2.014160,-12.573242
44183,0.031616,-0.186768,0.932495,-2.441406,-0.793457,-10.925293
44193,-0.028931,0.005737,1.105591,-3.784180,0.000000,-9.399414
44204,-0.024902,0.109131,1.079224,-4.028320,0.549316,-8.117676
44213,-0.062744,0.190430,0.959229,-2.929688,1.037598,-6.958008
44224,0.007935,0.234741,1.067749,-2.319336,1.464844,-5.798340
44233,0.001953,-0.111572,0.978027,-0.732422,1.708984,-4.089355
44245,0.025146,0.007324,1.199829,-1.403809,2.380371,0.244141
44255,0.054321,0.036499,1.162964,-1.770020,2.746582,2.380371
44264,-0.026978,0.054321,1.000488,-0.915527,3.295898,4.516602
44274,0.006348,0.082031,0.933105,0.366211,3.540039,7.080078
44283,-0.083984,-0.020142,0.922485,1.525879,3.723145,9.216309
44293,-0.055298,-0.037231,0.994629,1.464844,3.906250,10.498047
44303,-0.098877,-0.020142,1.004883,0.915527,3.845215,11.840820
44313,-0.078491,-0.039307,0.876343,0.976562,3.417969,12.695313
44324,-0.031494,-0.229736,0.793457,1.037598,3.723145,13.366699
44334,-0.002686,-0.330811,0.827759,0.427246,3.295898,13.244629
44343,-0.027344,-0.194092,0.935059,-1.159668,2.685547,12.939453
44353,-0.050537,-0.105347,0.993896,-2.746582,2.502441,12.207031
44363,-0.044312,-0.129272,0.933228,-3.540039,2.197266,10.986328
44373,-0.049194,-0.150391,0.947510,-3.295898,1.708984,9.338379
44383,-0.004150,-0.085083,0.970337,-3.051758,1.403809,5.126953
44395,-0.014038,0.013184,1.088013,-2.746582,0.000000,3.295898
44404,0.010620,0.034302,1.160767,-2.380371,-0.244141,2.075195
44414,-0.044556,-0.000244,1.191284,-1.159668,-0.061035,1.403809
44423,-0.046387,-0.029541,1.225220,0.427246,0.061035,0.854492
44433,-0.029541,-0.089722,1.143555,1.098633,0.549316,0.854492
44443,-0.027588,-0.304199,0.902344,2.014160,1.403809,1.525879
44453,-0.013428,-0.264038,0.839355,1.342773,1.342773,0.854492
44464,-0.009521,-0.210693,0.903320,-0.976562,1.342773,0.427246
44474,0.022095,-0.169556,0.902466,-1.525879,0.915527,-0.427246
44483,0.037720,-0.074829,0.998169,-1.708984,0.488281,-1.342773
44493,0.057617,-0.134277,1.019653,-1.403809,0.183105,-1.770020
44504,0.072388,-0.093506,1.066040,-1.342773,0.122070,-1.464844
44513,0.035767,-0.053345,1.073608,-1.708984,0.549316,-0.488281
44523,0.038940,-0.090698,1.028320,-1.525879,1.098633,2.075195
44534,-0.005371,-0.294312,0.931274,-1.708984,1.586914,3.234863
44544,0.002319,-0.218262,1.004028,-3.051758,2.014160,4.333496
44553,-0.047974,-0.094360,0.953491,-4.333496,2.380371,5.371094
44563,-0.032471,0.038818,0.993530,-4.760742,2.502441,5.981445
44574,-0.099365,0.109253,1.029785,-4.211426,2.136230,6.164551
44583,-0.017090,0.218750,1.125488,-2.868652,1.647949,5.798340
44596,0.039917,-0.081055,1.086060,0.183105,1.098633,6.408691
44605,0.041626,-0.094971,1.010620,0.854492,0.915527,6.469727
44614,0.057617,-0.011841,1.014404,0.915527,1.098633,6.652832
44624,0.046387,0.022705,1.051758,1.281738,1.220703,7.019043
44633,0.084961,0.002563,1.059448,2.075195,1.220703,6.469727
44643,0.024048,-0.039185,1.033447,2.990723,0.854492,5.920410
44653,-0.009766,-0.075928,1.003052,3.295898,0.122070,4.882812
44665,0.006226,-0.079590,1.003906,3.112793,-0.610352,2.502441
44675,0.048462,-0.075317,1.054443,2.990723,-1.159668,1.403809
44684,0.045776,-0.242187,1.009399,3.051758,-1.464844,0.854492
44694,0.039185,-0.281372,0.993774,2.197266,-1.708984,0.244141
44703,0.036011,-0.256836,0.962280,0.854492,-1.770020,-0.427246
44713,0.006592,-0.086914,0.905518,-0.793457,-1.708984,-1.342773
44724,0.002930,0.127930,0.935913,-1.831055,-1.464844,-2.258301
44733,-0.009033,0.245605,0.991821,14.709473,-1.770020,-4.760742
44745,-0.007935,-0.279297,0.860962,2.441406,-1.647949,-5.371094
44754,0.011108,-0.312866,0.870483,2.014160,-1.403809,-5.187988
44764,0.008545,-0.252075,0.912842,0.000000,-1.220703,-4.699707
44773,0.017944,-0.118042,0.938110,-1.892090,-0.427246,-3.784180
44783,0.006104,0.035034,0.941650,-2.502441,0.488281,-2.380371
44793,0.015869,0.045532,0.936401,-1.586914,0.915527,-1.342773
44803,0.010132,-0.025635,0.998901,0.061035,0.671387,-0.427246
44815,0.003540,-0.208984,1.031860,-0.122070,0.610352,0.000000
44824,0.005615,-0.025879,1.065430,-1.342773,0.671387,0.793457
44833,0.027466,0.019409,1.064087,-1.708984,1.159668,2.258301
44843,0.000488,-0.019653,1.002930,-1.037598,1.525879,4.333496
44853,-0.006714,-0.110474,0.944702,-0.061035,2.258301,6.530762
44863,-0.058105,-0.180908,1.013184,0.305176,2.807617,8.605957
44876,-0.074097,-0.085205,1.062500,-1.708984,3.234863,11.718750
44885,-0.055054,-0.038696,1.026489,-1.831055,2.990723,12.329102
44895,-0.067383,-0.057251,0.962402,-1.281738,2.807617,12.939453
44904,-0.034180,-0.145386,0.952515,-1.159668,2.502441,12.817383
44914,-0.010376,-0.237427,0.973145,-1.831055,2.075195,12.451172
44923,-0.026489,-0.186768,0.994263,-2.685547,1.647949,12.268066
44933,0.012939,0.007202,1.015259,-3.601074,1.220703,11.962891
44946,0.028198,-0.136353,0.944214,-3.540039,0.915527,11.962891
44955,0.018677,-0.164307,1.003540,-3.845215,0.610352,11.474609
44965,-0.003174,-0.130371,0.960937,-4.028320,0.122070,10.620117
44974,0.026611,-0.066284,0.972534,-4.028320,-0.305176,8.972168
44984,0.002563,-0.083496,0.953369,-4.150391,-0.976562,7.568359
44993,0.030518,-0.088623,0.963867,-4.333496,-1.525879,5.493164
45003,-0.021484,-0.073975,1.043579,-4.211426,-2.319336,3.112793
45016,-0.017822,-0.025879,0.958008,-2.563477,-2.807617,-0.305176
45025,0.059814,-0.037964,0.936768,-1.953125,-2.990723,-1.770020
45035,0.037964,-0.020508,0.971069,-1.831055,-3.173828,-2.502441
45045,0.055542,-0.031982,0.977905,-1.953125,-2.807617,-2.624512
45054,0.067505,-0.078247,0.960693,-1.525879,-2.685547,-2.502441
45064,0.030640,-0.107788,0.867554,-1.159668,-2.258301,-2.502441
45074,0.045654,-0.109009,0.892456,-1.647949,-2.075195,-2.502441
45083,0.027588,-0.006348,0.999634,-1.892090,-2.136230,-2.380371
45095,0.014404,0.085571,1.144287,-1.525879,-2.258301,-2.929688
45104,0.046021,-0.094849,1.021606,-0.793457,-2.258301,-2.807617
45114,0.017822,-0.149536,0.938721,-0.244141,-2.136230,-2.807617
45123,0.036377,-0.166382,0.935913,-0.671387,-2.014160,-2.746582
45133,0.044800,-0.125366,0.999023,-1.586914,-1.770020,-2.197266
45144,0.062988,-0.009155,1.031494,-2.319336,-1.586914,-1.647949
45153,0.023071,-0.042480,1.014526,-2.136230,-1.953125,-1.159668
45165,0.026367,-0.003296,1.049438,-1.525879,-2.014160,-1.342773
45175,0.043457,-0.095581,1.048584,-1.464844,-2.075195,-1.586914
45185,0.009521,-0.226318,1.013306,-2.197266,-2.075195,-2.197266
45194,0.031128,-0.179199,0.965088,-3.417969,-1.953125,-2.319336
45204,0.029907,-0.022095,0.976074,-3.906250,-1.770020,-2.136230
45213,0.048950,0.085205,0.968140,-3.356934,-1.586914,-2.014160
45223,0.044556,0.034668,1.067749,-2.807617,-1.953125,-2.990723
45234,0.031860,-0.233765,0.971680,-1.403809,-2.319336,-3.906250
45244,0.013062,-0.071777,0.942993,-1.525879,-2.014160,-4.272461
45253,0.058350,0.085449,1.012085,-1.770020,-2.075195,-4.882812
45263,0.031860,0.015259,1.006714,-1.220703,-2.014160,-4.882812
45274,0.026489,-0.100830,0.918579,-0.427246,-1.770020,-5.187988
45283,-0.031372,-0.147827,0.894775,0.061035,-1.586914,-5.126953
45294,0.038086,-0.198608,0.941650,-1.098633,-1.342773,-4.760742
45303,0.005493,0.103027,1.175537,-2.075195,-1.220703,-4.882812
45314,0.003906,0.122559,1.177368,-1.586914,-1.281738,-5.004883
45323,0.054443,-0.031738,1.029419,0.183105,-1.159668,-5.371094
45334,0.071045,-0.115601,0.985718,1.953125,-1.464844,-5.859375
45343,0.082520,-0.131836,0.990356,2.624512,-1.953125,-5.920410
45354,0.032837,-0.218140,0.947021,2.014160,-1.953125,-5.615234
45363,-0.002075,-0.084839,0.918579,-0.427246,-0.549316,-1.586914
45373,-0.018921,-0.245239,0.744507,-1.403809,0.732422,0.793457
45384,-0.078125,-0.090698,0.846802,-2.441406,1.525879,2.685547
45393,-0.082153,-0.006348,1.022705,-3.723145,2.014160,4.394531
45404,-0.090210,-0.160889,1.038208,-5.126953,2.258301,5.310059
45413,-0.108643,-0.022095,1.063354,-6.103516,2.380371,5.859375
45423,-0.052124,0.235352,1.143188,-5.981445,2.441406,6.347656
45433,-0.032593,0.131226,1.093994,-3.112793,2.136230,7.995605
45445,-0.010132,-0.175049,1.017212,-2.807617,2.136230,9.094238
45454,-0.009766,-0.012329,1.067749,-3.234863,1.953125,10.253906
45464,-0.092163,0.195679,1.090332,-3.479004,2.319336,11.779785
45473,-0.076538,0.129150,1.022827,-2.807617,2.990723,13.427734
45484,-0.104370,-0.012451,0.878540,-1.647949,3.417969,15.014648
45493,-0.085571,-0.094849,0.843384,-0.732422,3.417969,16.174316
45503,-0.051636,-0.159668,0.844604,-0.793457,2.746582,16.784668
45515,-0.126099,-0.001099,0.932007,-2.746582,2.380371,15.930176
45524,-0.238281,-0.103394,0.854004,-2.929688,2.807617,15.197754
45534,-0.214355,-0.172241,0.908936,-2.624512,3.784180,15.197754
45543,-0.173096,-0.167480,0.985107,-2.441406,4.150391,14.770508
45553,-0.179077,-0.240845,0.876099,-2.075195,3.784180,13.916016
45563,-0.202393,-0.097778,0.880371,-2.258301,3.601074,13.244629
45575,-0.034302,-0.292603,0.604004,-2.197266,4.089355,13.122559
45584,-0.086304,-0.282227,0.686890,-1.220703,3.845215,12.084961
45594,-0.096313,-0.253540,0.807739,-1.647949,2.868652,10.437012
45603,0.031372,-0.412231,0.836670,-2.563477,2.380371,8.972168
45614,0.055420,-0.410889,0.824097,-3.784180,1.403809,6.713867
45623,0.100220,-0.376831,0.861572,-5.065918,0.793457,5.798340
45633,0.090942,-1.083862,-0.132690,-5.798340,0.671387,6.591797
45646,0.026367,-2.059937,-0.611450,-19.287109,4.516602,8.056641
45655,-0.078125,-2.925903,-2.399292,-38.391113,3.967285,4.943848
45665,0.115234,-0.737549,-0.629517,-63.781738,4.211426,-1.220703
45675,0.097900,0.787476,1.743408,-69.519043,2.197266,-4.638672
45684,0.156616,0.979492,3.993652,-54.504395,-0.610352,-8.605957
45694,0.168457,0.496460,3.999512,-34.851074,-2.136230,-10.620117
45703,0.205444,0.537598,3.999512,-16.601562,-3.173828,-11.657715
45715,0.124634,-1.883179,1.129272,3.845215,0.122070,-6.713867
45724,0.196655,-1.998291,0.664062,15.197754,-0.305176,-6.164551
45734,-0.050781,-1.513428,0.217285,4.394531,-2.929688,-6.958008
45743,0.059814,-1.094727,1.711670,-2.868652,-3.540039,-6.408691
45753,0.001953,-0.688354,1.699707,-3.173828,-2.624512,-4.333496
45764,0.149414,-0.504395,2.245605,0.366211,-0.793457,-1.220703
45773,0.614868,-0.173340,2.081543,4.455566,0.061035,2.990723
45786,0.458862,3.069092,3.999512,14.892578,-7.324219,6.591797
45795,-0.661377,3.748291,3.999512,35.217285,-11.657715,8.666992
45804,-1.646240,3.999512,3.999512,58.166504,1.159668,11.779785
45814,-1.548950,3.999512,3.999512,79.467773,14.892578,24.536133
45823,-0.101318,3.999512,3.998413,89.721680,24.658203,38.574219
45834,0.912476,3.020020,2.287964,98.632812,37.597656,55.053711
45845,0.201050,1.811890,0.769287,113.220215,34.179687,62.744141
45854,0.015137,1.047852,0.268677,110.656738,30.090332,54.809570
45865,-0.608521,0.345581,-0.345093,103.027344,32.409668,52.185059
45874,0.100952,0.401245,-0.587769,93.322754,38.024902,49.621582
45883,0.049805,0.570068,-0.343872,85.510254,43.212891,49.133301
45894,-0.030640,0.482300,-0.006592,81.481934,45.593262,50.476074
45903,0.060181,0.269165,0.170288,77.758789,45.532227,49.377441
45914,0.029541,-0.120361,0.107666,72.204590,41.931152,43.212891
45923,0.210327,-0.176025,0.048096,60.607910,31.066895,20.568848
45935,0.469604,-0.177002,0.053589,58.776855,27.343750,11.596680
45944,0.354126,-0.366699,0.098877,58.105469,23.864746,5.920410
45953,0.451904,-0.619507,0.029907,55.786133,18.615723,1.220703
45964,0.465088,-0.606445,-0.012695,50.842285,13.610840,-4.272461
45973,0.375854,-0.546631,-0.146362,45.104980,8.178711,-8.666992
45984,0.453979,-0.528687,-0.283081,40.527344,2.380371,-12.573242
45993,0.474365,-0.670898,-0.308716,33.630371,-8.117676,-19.165039
46003,0.355591,-1.008789,-0.236938,28.503418,-12.695313,-22.705078
46013,0.153687,-0.985229,-0.289307,21.789551,-15.991211,-26.306152
46024,0.018677,-0.865234,-0.394775,14.404297,-17.822266,-27.893066
46033,-0.101685,-0.792358,-0.416016,7.873535,-18.066406,-27.160645
46043,-0.070435,-0.759888,-0.328735,2.502441,-17.272949,-24.841309
46053,-0.107300,-0.830322,-0.258911,-2.197266,-16.235352,-21.179199
46065,0.011841,-0.875122,-0.147827,-7.629395,-13.671875,-12.207031
46075,0.005737,-0.777466,-0.081543,-18.676758,-12.756348,-7.690430
46084,-0.058105,-0.711548,-0.079834,-23.559570,-11.352539,-3.051758
46094,-0.098022,-0.701904,-0.097778,-27.465820,-9.948730,2.258301
46104,-0.138672,-0.688843,-0.152954,-31.372070,-8.666992,7.263184
46113,-0.116089,-0.708374,-0.214355,-35.522461,-6.103516,12.451172
46124,-0.057617,-0.703369,-0.283325,-40.649414,-3.479004,17.639160
46133,-0.002441,-0.675537,-0.313354,-51.025391,-0.610352,26.489258
46145,0.060425,-0.651489,-0.372437,-56.335449,-0.488281,29.846191
46155,0.065430,-0.710693,-0.388062,-61.706543,-0.793457,32.409668
46164,0.027222,-0.715820,-0.453369,-67.687988,-1.403809,33.935547
46174,0.015625,-0.585083,-0.550415,-74.340820,-1.770020,34.423828
46183,-0.039917,-0.449707,-0.583252,-80.078125,-2.014160,34.301758
46193,0.007080,-0.438477,-0.568848,-84.655762,-1.831055,33.691406
46205,0.105469,-0.657104,-0.502930,-89.111328,-1.831055,32.470703
46214,0.097168,-0.727295,-0.564697,-100.219727,-2.868652,30.639648
46224,0.086914,-0.685425,-0.679932,-107.727051,-3.967285,28.442383
46233,0.021729,-0.597534,-0.799072,-115.417480,-4.394531,26.489258
46243,-0.024414,-0.517090,-0.939453,-122.497559,-4.089355,24.475098
46254,-0.054932,-0.427002,-0.984741,-129.089355,-3.784180,22.155762
46263,-0.230225,3.651855,3.832275,-133.544922,-1.708984,18.005371
46276,0.014282,-3.956909,2.446655,-29.296875,-12.329102,24.658203
46285,-1.796143,-3.999512,-0.636841,-36.621094,-20.751953,28.320312
46294,1.194336,3.999512,3.231934,-99.792480,-13.732910,10.681152
46304,-0.915649,3.999512,3.999512,-78.613281,-8.483887,22.644043
46313,0.254028,-2.927368,-2.526245,2.502441,-17.883301,47.058105
46323,0.403809,-1.110840,3.985107,25.634766,-27.282715,34.301758
46334,-0.617798,1.768188,3.999512,3.906250,-30.456543,25.695801
46343,0.461914,0.102417,2.663208,9.094238,-22.277832,63.476562
46355,0.916504,0.994019,1.738647,20.568848,-32.104492,61.706543
46364,0.921143,-0.666382,0.494507,34.790039,-32.043457,62.316895
46373,0.104004,-1.701294,0.416138,29.724121,-23.254395,67.443848
46383,-0.560303,-0.377808,1.057983,6.164551,-22.827148,57.556152
46394,-0.094604,0.489258,0.959229,-8.666992,-20.874023,50.598145
46403,0.825684,0.619995,1.199463,-2.868652,-21.423340,51.269531
46416,0.128662,-0.726196,2.045898,23.742676,-51.269531,27.343750
46425,-0.006714,-0.734253,1.659180,22.949219,-58.349609,16.845703
46435,-0.366211,-0.190674,1.041626,19.836426,-60.302734,5.676270
46444,-0.648804,-0.175049,0.565063,23.742676,-59.326172,-9.094238
46454,-0.763062,-0.654297,0.517212,29.541016,-53.771973,-22.888184
46463,-0.838257,-0.999023,0.870483,30.151367,-50.109863,-36.804199
46474,-0.952026,-0.766968,1.022217,23.986816,-50.720215,-54.443359
46483,-1.103149,-0.409424,0.705444,11.962891,-42.053223,-78.247070
46493,-0.860840,-0.187256,0.046509,11.047363,-35.583496,-79.895020
46504,-0.724854,-0.103760,0.177124,9.704590,-29.418945,-78.735352
46513,-0.698120,-0.110718,0.448853,6.347656,-21.911621,-74.035645
46523,-0.535400,-0.057373,0.708252,2.624512,-14.282227,-67.016602
46534,-0.558838,0.159790,0.906494,-0.244141,-8.544922,-60.791016
46544,-0.526367,0.134155,0.960327,-0.915527,-4.760742,-56.274414
46553,-0.376221,0.136475,0.995728,2.075195,0.427246,-49.499512
46563,-0.340088,0.006104,0.991089,3.540039,1.464844,-49.499512
46574,0.077026,-0.032715,0.919067,4.333496,2.258301,-50.659180
46583,0.166748,-0.151978,0.859619,5.065918,3.051758,-51.269531
46594,0.291382,-0.260254,0.795532,4.943848,3.173828,-52.429199
46603,0.381714,-0.363403,0.773682,3.967285,4.516602,-53.161621
46614,0.455444,-0.298340,0.855957,2.624512,6.958008,-51.086426
46623,0.533936,-0.192993,0.917114,0.122070,9.765625,-46.691895
46635,0.503906,-0.144775,0.853394,-0.305176,10.925293,-44.067383
46644,0.418457,-0.151001,0.801880,-0.305176,11.474609,-41.442871
46654,0.281494,-0.122437,0.724731,-0.244141,11.047363,-39.794922
46664,0.248535,0.075684,0.758789,-0.244141,10.986328,-39.733887
46673,0.144897,0.145142,0.793945,-0.366211,11.230469,-39.367676
46684,0.152710,0.074951,0.852539,-0.305176,10.864258,-38.513184
46693,0.164673,0.122070,1.062012,-0.793457,9.704590,-35.522461
46705,0.142090,0.029907,1.293457,-0.549316,10.070801,-31.188965
46714,0.133179,0.016235,1.152954,-0.427246,11.474609,-25.634766
46723,0.072876,0.166870,1.092529,-0.488281,13.366699,-19.104004
46733,0.173584,0.177979,1.084839,-1.098633,14.648438,-12.512207
46743,0.181396,0.118896,1.017700,-1.586914,15.563965,-7.080078
46754,0.091064,0.175171,0.988403,-1.586914,15.258789,-2.868652
46765,-0.054565,0.203979,1.043213,-0.915527,15.686035,5.065918
46774,-0.146484,-0.184937,0.833984,0.549316,17.333984,8.972168
46784,-0.140869,-0.001343,0.878418,0.183105,18.432617,11.962891
46793,-0.100220,0.029907,1.008301,-0.915527,18.432617,13.977051
46804,-0.089600,-0.210083,0.764160,-1.464844,17.700195,14.648438
46813,-0.062134,0.056396,0.914307,-2.075195,16.723633,14.038086
46824,-0.008423,-0.023560,1.020630,-1.892090,15.686035,13.488770
46833,-0.057007,-0.335449,0.967651,-1.586914,14.343262,11.535645
46844,-0.057373,-0.030029,1.164429,-1.342773,14.221191,11.535645
46854,-0.136230,-0.290039,0.849976,-0.732422,14.465332,12.084961
46863,-0.157959,-0.097412,0.814819,-0.671387,14.831543,12.390137
46874,-0.053711,-0.045654,0.828613,-0.915527,15.136719,13.061523
46883,-0.063965,-0.148682,0.782349,-1.464844,14.709473,13.549805
46894,0.026245,-0.083374,0.981201,-2.258301,14.099121,14.038086
46903,0.072021,-0.002319,1.135498,-2.075195,13.366699,15.808105
46915,0.044312,-0.099487,1.055908,-1.770020,13.000488,16.967773
46924,0.066284,0.043823,1.161743,-1.647949,12.939453,18.554687
46934,0.047363,-0.036255,1.105591,-1.403809,12.573242,19.836426
46943,0.044922,-0.083862,1.026611,-0.976562,12.512207,20.751953
46954,0.003052,0.056885,1.055298,-0.061035,11.962891,21.545410
46963,0.006470,0.053711,1.070313,1.098633,10.925293,21.728516
46975,0.018311,-0.172119,0.975464,2.929688,8.728027,20.019531
46984,0.026245,-0.078613,1.033936,2.868652,7.934570,19.042969
46994,0.013794,-0.233154,1.009766,2.197266,7.507324,17.944336
47004,-0.070190,-0.477539,0.828003,0.610352,7.202148,17.333984
47013,-0.030273,-0.207153,0.923950,-1.403809,7.141113,16.967773
47024,-0.079712,-0.175537,0.919067,-3.051758,6.896973,16.540527
47033,-0.077637,-0.178711,0.807617,-4.150391,6.347656,15.869141
47043,-0.036743,0.098877,1.011353,-3.356934,5.615234,14.465332
47055,-0.071777,-0.323486,0.945190,-2.868652,5.432129,13.549805
47064,-0.041504,-0.151733,1.023438,-3.417969,5.737305,13.549805
47074,-0.053833,-0.122437,1.004639,-3.784180,5.920410,14.160156
47083,-0.047119,-0.219482,0.883423,-4.272461,6.225586,14.587402
47093,-0.025513,-0.015747,0.977905,-4.516602,6.408691,15.075684
47103,-0.011597,0.135986,1.050171,-3.417969,6.347656,15.930176
47113,0.028809,-0.023437,1.035767,-0.671387,5.249023,16.906738
47125,0.060303,-0.054810,1.036133,-0.122070,4.760742,17.578125
47134,0.125854,-0.017212,1.167603,-0.549316,4.455566,18.188477
47144,0.090942,-0.092651,1.091797,-0.793457,3.784180,18.798828
47153,0.105103,-0.140015,0.885010,-0.976562,2.807617,18.493652
47164,0.081055,-0.095581,0.780396,-0.305176,2.136230,17.944336
47173,0.097290,-0.175049,0.751709,0.061035,1.098633,16.845703
47186,0.103882,-0.239624,0.871582,-2.441406,-1.953125,10.925293
47195,0.070435,-0.056519,1.154907,-3.784180,-2.563477,7.995605
47205,0.148193,0.006592,1.212891,-3.845215,-3.051758,5.615234
47215,0.099854,0.036987,1.188477,-2.746582,-3.723145,4.455566
47224,0.044678,0.011719,1.177246,-1.403809,-4.028320,4.577637
47234,-0.001221,-0.088501,1.199585,-0.854492,-3.295898,5.432129
47244,-0.036621,-0.283691,1.044922,-1.342773,-2.685547,6.347656
47253,-0.089111,-0.226929,0.921387,-2.990723,-0.732422,8.117676
47263,0.038086,-0.036987,0.992187,-3.784180,-0.488281,8.728027
47274,-0.038330,-0.111328,0.995850,-4.333496,-1.220703,9.399414
47283,0.009766,0.133423,1.208008,-4.455566,-1.403809,9.826660
47294,-0.077515,0.343628,1.229492,-3.540039,-1.647949,10.314941
47303,-0.066406,0.159668,1.100220,-1.586914,-1.647949,11.535645
47314,-0.118164,-0.100708,0.871704,0.061035,-1.403809,12.939453
47323,-0.043701,0.031982,0.928955,1.342773,-1.159668,15.930176
47333,-0.023804,-0.158325,0.944580,0.732422,-1.220703,16.723633
47344,0.005249,-0.054932,0.989746,0.122070,-1.037598,17.089844
47353,0.011230,0.136719,1.035767,0.244141,-0.976562,17.150879
47364,0.001831,-0.035278,0.982056,0.915527,-1.098633,16.662598
47373,-0.034546,-0.124390,0.939941,1.037598,-1.281738,15.747070
47384,-0.025024,-0.011841,0.918945,1.281738,-1.525879,14.221191
47393,-0.019653,0.004883,0.907593,1.342773,-3.173828,10.742188
47403,0.047485,-0.319580,0.793823,0.976562,-4.089355,8.911133
47413,0.091553,-0.142700,1.016113,-0.305176,-5.187988,6.225586
47423,0.102905,-0.055542,1.243896,-1.831055,-6.347656,3.540039
47434,0.056641,0.032471,1.251587,-2.868652,-6.774902,0.671387
47443,0.087524,0.115112,1.137329,-2.014160,-7.019043,-2.075195
47455,0.055786,0.047485,0.951294,0.793457,-7.507324,-6.408691
47464,0.057129,0.166992,1.097900,1.770020,-7.385254,-7.629395
47475,0.085693,0.009888,1.032715,2.929688,-7.507324,-8.544922
47484,0.095093,-0.388306,0.713501,4.211426,-7.202148,-9.277344
47494,0.100952,-0.652832,0.473877,3.845215,-7.080078,-9.643555
47503,0.175293,-0.617310,0.676514,-0.244141,-6.835937,-10.803223
47514,0.148560,-0.454712,0.810547,-4.943848,-6.774902,-11.657715
47523,0.152832,-0.026123,1.034790,-8.605957,-6.774902,-11.962891
47533,0.117798,0.534058,1.392334,-5.126953,-7.263184,-12.573242
47545,-0.005249,-0.250610,0.843018,-2.502441,-7.507324,-12.756348
47554,-0.049316,-0.302368,0.990845,-2.441406,-7.263184,-12.939453
47564,-0.036865,0.006104,1.207642,-3.967285,-6.347656,-13.061523
47573,-0.051147,-0.032959,1.071899,-4.333496,-5.126953,-12.145996
47583,-0.013428,-0.144531,0.792969,-3.295898,-3.662109,-10.681152
47593,-0.004761,-0.103149,0.836426,-2.868652,-2.624512,-9.521484
47606,0.008057,-0.175049,1.021606,-5.187988,-1.281738,-7.690430
47615,-0.012573,0.071533,1.138062,-6.103516,-0.976562,-7.751465
47625,-0.004150,0.067993,1.072998,-5.737305,-0.610352,-7.812500
47634,-0.060425,-0.119507,0.940186,-4.028320,-0.305176,-7.385254
47644,-0.036133,-0.047363,1.090820,-3.173828,-0.305176,-7.446289
47653,-0.042725,-0.078125,1.138794,-3.173828,-0.305176,-7.751465
47663,0.005005,-0.146362,1.080688,-4.577637,-0.061035,-7.812500
47675,-0.008057,0.346313,1.102661,-3.845215,1.159668,-5.920410
47685,-0.011719,0.122803,1.058472,-1.403809,2.014160,-3.723145
47695,-0.051514,-0.104004,0.893433,0.061035,2.990723,-0.976562
47704,-0.019043,0.019531,0.992065,0.244141,4.089355,1.342773
47713,-0.013794,-0.022949,1.060791,-0.061035,4.943848,3.723145
47723,-0.071899,-0.379883,0.927979,-1.159668,5.065918,5.371094
47734,-0.087524,-0.025757,0.990723,-2.502441,5.004883,6.774902
47743,-0.067627,0.134766,1.085205,-2.258301,6.042480,10.620117
47753,-0.082153,-0.007568,1.008423,-2.807617,6.408691,12.756348
47764,-0.068359,0.236206,1.176025,-3.601074,7.080078,15.502930
47773,-0.064331,-0.036255,1.027344,-3.356934,7.629395,18.432617
47784,-0.036743,0.088989,0.987305,-2.563477,7.507324,20.629883
47793,-0.043823,0.333618,1.104980,-1.159668,7.324219,22.216797
47804,-0.076660,-0.094971,1.017700,0.793457,7.080078,23.071289
47813,-0.030640,0.073608,0.969238,3.234863,6.347656,22.216797
47825,-0.011353,-0.365234,0.912109,5.371094,5.676270,21.728516
47834,0.028931,-0.483887,0.872437,5.798340,4.516602,20.202637
47844,0.068115,-0.260742,1.002319,3.662109,3.967285,18.737793
47853,0.053833,-0.211792,0.999268,1.708984,3.356934,18.249512
47864,0.038574,-0.114990,0.973511,0.915527,2.807617,17.883301
47873,0.033936,0.054932,0.970581,1.037598,2.380371,17.517090
47885,0.015991,-0.095947,0.945679,2.807617,1.831055,17.517090
47895,0.022827,-0.021729,1.043091,2.990723,1.159668,16.967773
47904,-0.009766,-0.289917,0.971802,2.868652,0.244141,16.479492
47914,0.005615,-0.252197,0.937500,2.502441,0.244141,16.113281
47923,0.017700,-0.008301,1.096924,2.441406,-0.061035,15.869141
47933,-0.001343,-0.251831,0.976440,2.563477,-0.549316,15.380859
47943,0.020020,-0.300537,0.986084,2.563477,-1.159668,14.404297
47955,0.057617,-0.155396,1.117798,1.892090,-1.586914,13.244629
47964,0.015259,-0.282715,1.004028,1.037598,-2.441406,10.559082
47974,0.027222,-0.033936,1.059814,1.098633,-2.868652,9.033203
47984,0.031372,-0.012207,1.110107,1.464844,-3.662109,7.629395
47993,0.063232,-0.289551,1.056763,1.464844,-4.272461,5.615234
48004,0.025269,-0.170654,0.967896,1.342773,-4.821777,3.662109
48013,0.076904,0.045288,1.078369,1.220703,-5.065918,1.831055
48025,0.022827,-0.342896,0.871826,1.464844,-5.187988,-1.342773
48035,0.085449,-0.057617,1.032349,0.793457,-5.554199,-3.601074
48044,0.044312,-0.185791,1.047607,0.366211,-6.225586,-5.859375
48054,0.007446,-0.277832,0.947510,-0.305176,-6.347656,-7.812500
48063,0.061523,0.037476,1.077271,-0.488281,-6.469727,-9.582520
48074,0.020996,0.002563,1.050537,-0.183105,-6.469727,-10.925293
48083,0.046143,-0.215698,0.942505,0.122070,-5.920410,-11.840820
48095,0.043457,0.094238,1.108154,0.122070,-5.065918,-13.183594
48104,0.010254,-0.159790,0.971313,0.061035,-4.638672,-13.549805
48114,0.000854,-0.132324,0.877808,0.366211,-3.784180,-13.610840
48123,0.037231,0.030884,0.982422,0.305176,-3.295898,-13.366699
48133,0.027954,-0.050537,0.988525,0.000000,-3.112793,-12.817383
48143,0.001587,-0.071533,0.895996,-0.671387,-2.380371,-11.535645
48155,0.023437,0.071777,0.976929,-0.793457,-0.610352,-8.178711
48164,0.008057,-0.046509,0.875122,-0.427246,0.305176,-6.408691
48174,0.005127,-0.081421,0.938721,-0.732422,0.915527,-4.638672
48184,0.022339,-0.028809,0.942383,-1.220703,1.281738,-3.051758
48193,-0.020996,-0.005249,0.981812,-1.464844,1.098633,-1.525879
48203,-0.010132,-0.014771,0.892822,-1.342773,1.525879,0.000000
48214,-0.033691,-0.024414,0.868042,-1.159668,1.892090,1.342773
48223,-0.001953,-0.108398,0.853149,-1.525879,2.319336,3.173828
48233,0.001953,-0.169556,0.866943,-3.051758,3.417969,7.812500
48245,0.044067,-0.139771,0.917480,-4.211426,3.784180,10.375977
48254,0.025635,-0.011719,0.935669,-5.065918,4.028320,12.817383
48264,0.020996,0.012695,1.010376,-5.126953,4.211426,15.075684
48273,-0.029907,-0.020386,1.089478,-5.310059,3.784180,16.906738
48284,-0.068481,-0.115356,1.009399,-5.737305,3.540039,17.944336
48293,-0.088989,-0.061035,1.054443,-5.798340,3.540039,18.310547
48303,-0.120239,0.034546,1.091797,-5.798340,2.685547,16.662598
48315,-0.080811,0.087036,1.087769,-4.821777,2.380371,15.441895
48324,-0.000732,0.124756,1.200195,-4.150391,2.197266,14.099121
48334,-0.038208,-0.153076,1.059692,-3.051758,2.014160,12.878418
48343,0.007690,-0.037842,1.068848,-2.258301,1.831055,12.084961
48353,-0.001709,0.118042,1.195313,-1.525879,1.708984,11.840820
48364,-0.012207,-0.274292,1.017944,-1.098633,1.525879,11.474609
48373,-0.027222,-0.151611,0.949341,-2.014160,1.647949,11.352539
48385,0.004028,-0.231567,0.967163,-2.014160,1.281738,11.718750
48394,-0.000122,-0.107788,0.976562,-2.380371,0.915527,11.291504
48404,0.031616,0.034424,1.070923,-2.502441,0.488281,10.864258
48413,-0.001587,-0.197144,0.917725,-2.502441,-0.244141,10.009766
48424,0.056274,0.027344,0.935791,-2.685547,-0.671387,8.728027
48433,0.048828,-0.074219,0.954102,-2.807617,-1.159668,7.690430
48443,0.084595,-0.106445,0.925781,-3.356934,-2.136230,5.187988
48455,0.082031,-0.115234,0.901489,-3.295898,-2.319336,4.577637
48464,0.090332,-0.029053,0.929321,-3.479004,-2.746582,3.662109
48474,0.081787,0.006836,0.874023,-3.356934,-2.990723,2.807617
48483,0.095703,-0.059692,0.909302,-3.723145,-3.173828,2.563477
48494,0.074951,-0.023560,0.929687,-3.845215,-3.356934,2.380371
48504,0.065186,-0.027588,0.975830,-4.028320,-3.662109,2.197266
48515,0.047363,0.048096,0.971680,-4.150391,-3.356934,2.197266
48525,0.019653,0.077759,0.928955,-3.967285,-3.417969,2.075195
48534,-0.015869,0.102539,0.942383,-3.540039,-3.540039,1.892090
48544,-0.003784,0.075195,1.008911,-2.502441,-3.112793,1.464844
48553,-0.027100,0.002808,1.062866,-1.403809,-3.234863,1.098633
48563,-0.056763,-0.110107,0.937256,-0.793457,-3.356934,0.671387
48575,-0.061035,-0.012207,0.995972,-0.793457,-2.746582,0.427246
48585,-0.023315,-0.117920,0.957764,-0.915527,-2.258301,1.037598
48594,0.007813,-0.066040,1.051147,-1.159668,-2.441406,1.281738
48604,-0.025757,-0.144653,0.995483,-1.220703,-2.136230,1.342773
48613,-0.010498,0.002319,1.077271,-1.403809,-1.892090,1.586914
48624,-0.008179,-0.122925,1.011353,-1.708984,-1.708984,1.586914
48633,-0.007446,-0.141968,0.966919,-1.831055,-2.136230,0.915527
48643,0.001221,-0.081665,1.038940,-1.892090,-2.014160,0.366211
48653,0.008301,-0.263428,0.912842,-3.112793,-2.075195,-0.793457
48665,-0.012085,-0.137451,1.051636,-3.784180,-1.586914,-1.098633
48675,-0.015015,-0.019653,1.035645,-4.211426,-1.220703,-0.976562
48685,0.015137,0.087280,1.153564,-3.662109,-0.976562,-0.732422
48695,0.000244,-0.151489,1.055786,-3.112793,-0.854492,-0.732422
48704,0.001709,0.077881,1.156128,-2.624512,-0.671387,-0.610352
48714,0.027588,-0.072144,1.181763,-2.014160,-0.793457,-0.122070
48723,-0.017456,-0.164795,0.937744,-2.258301,-0.122070,0.244141
48733,0.066895,-0.065063,0.938110,-1.831055,-0.305176,0.793457
48743,0.059814,0.115601,0.978394,-1.403809,-0.366211,1.281738
48754,0.052612,-0.046265,0.949829,-0.671387,-0.793457,1.464844
48763,0.048950,-0.069336,0.920532,-0.549316,-0.915527,1.342773
48773,0.069458,-0.042114,0.993896,-0.488281,-1.159668,1.525879
48785,0.075928,-0.061646,0.947266,-0.122070,-1.647949,0.976562
48794,0.079834,-0.050903,0.937134,0.061035,-1.770020,1.159668
48804,0.091309,-0.017822,0.983887,0.488281,-1.708984,1.037598
48813,0.064819,-0.152100,0.876953,0.854492,-1.892090,1.342773
48824,0.083374,-0.152466,0.884521,0.610352,-1.953125,1.770020
48833,0.077148,-0.087280,0.846313,0.122070,-2.197266,1.953125
48843,0.087646,-0.066162,0.843750,-0.488281,-2.319336,1.953125
48853,0.075439,-0.159668,0.876221,-0.976562,-2.624512,1.342773
48863,0.029419,-0.178101,0.845093,-2.136230,-3.295898,-0.732422
48875,0.001343,-0.020264,0.994995,-2.258301,-3.234863,-2.624512
48884,-0.012085,-0.009399,0.999878,-2.258301,-3.479004,-4.272461
48894,-0.013794,-0.121216,1.025513,-2.014160,-4.028320,-5.554199
48904,0.048584,-0.019775,1.090576,-1.953125,-3.845215,-6.347656
48914,0.024902,-0.153076,1.041870,-1.586914,-3.845215,-6.591797
48923,0.028809,-0.027954,0.994629,-1.464844,-3.662109,-6.225586
48935,-0.021240,-0.174194,0.894775,-1.464844,-2.075195,-5.615234
48944,-0.053955,-0.118286,0.956299,-1.708984,-1.281738,-5.737305
48954,-0.086426,-0.258667,0.895874,-1.708984,-0.854492,-6.103516
48964,-0.083984,-0.040161,1.143188,-2.014160,-0.732422,-6.652832
48973,-0.076416,-0.278687,1.031982,-1.953125,-1.037598,-6.896973
48984,-0.049194,-0.207275,1.100708,-2.258301,-0.732422,-6.469727
48994,-0.017700,-0.141357,1.203979,-1.708984,-0.366211,-5.126953
49005,0.030884,-0.153809,1.091187,-2.075195,1.525879,0.427246
49015,0.060669,-0.294800,1.016113,-2.563477,2.441406,3.173828
49024,0.004883,-0.235840,0.984741,-3.051758,2.685547,5.310059
49034,-0.001343,-0.260498,1.040894,-3.601074,2.807617,6.774902
49043,-0.043823,-0.357300,0.897949,-3.906250,2.746582,7.141113
49054,-0.049072,-0.164917,1.019409,-4.821777,2.502441,6.774902
49063,-0.033325,-0.259155,0.947998,-5.310059,2.197266,5.615234
49075,-0.001953,-0.061401,0.993164,-5.859375,1.586914,2.258301
49085,0.006348,-0.081421,0.997192,-5.615234,1.464844,0.366211
49094,0.026245,-0.102539,1.014526,-4.699707,1.159668,-1.342773
49104,0.005005,-0.070679,1.083252,-4.028320,0.671387,-2.868652
49113,0.015259,-0.047974,1.140015,-3.845215,0.305176,-4.150391
49124,0.010986,-0.035278,1.134155,-3.540039,0.915527,-5.004883
49133,0.024536,0.165771,1.105347,-2.624512,0.976562,-5.859375
49145,0.030640,-0.025635,0.849365,-1.098633,0.854492,-6.774902
49154,0.086426,0.100708,0.940918,0.366211,0.488281,-6.958008
49163,0.052612,0.067993,0.892334,0.427246,-0.488281,-7.141113
49173,0.019897,-0.005371,0.849731,0.122070,-0.793457,-7.202148
49184,-0.007568,0.104370,0.827515,-0.122070,0.000000,-6.652832
49193,-0.029663,0.168091,0.897827,-0.244141,1.342773,-4.882812
49205,-0.026611,0.003052,0.898071,-0.854492,5.676270,1.525879
49214,-0.055908,0.015137,1.035522,-1.037598,7.385254,4.943848
49225,-0.096313,0.041382,1.051147,-1.220703,8.483887,7.751465
49234,-0.098511,0.001587,0.979614,-1.037598,8.972168,10.681152
49244,-0.182983,0.014282,0.852295,-0.671387,9.216309,13.183594
49253,-0.219360,-0.139526,0.719604,-0.488281,9.887695,15.563965
49264,-0.184082,-0.059204,0.827515,-1.159668,10.681152,18.066406
49274,-0.191528,-0.023560,0.963013,-1.770020,11.047363,20.263672
49283,-0.179565,-0.024780,0.999634,-1.037598,10.437012,24.475098
49293,-0.113281,-0.081055,1.104248,0.183105,9.765625,26.184082
49304,-0.053467,-0.210327,0.920288,1.342773,9.704590,28.442383
49313,0.017822,-0.172852,0.738525,1.953125,8.728027,30.151367
49324,-0.038208,-0.154297,0.606201,1.708984,7.385254,30.395508
49333,-0.039185,-0.417114,0.297729,1.220703,7.629395,31.127930
49344,0.029297,-0.309204,0.369751,0.549316,9.033203,32.165527
49353,-0.022217,-0.362549,0.468750,1.464844,7.751465,29.479980
49365,0.031250,-2.377563,-1.206543,0.061035,7.202148,27.465820
49374,0.102295,-2.783691,-1.275024,-17.272949,6.164551,23.559570
49384,-0.063721,-2.161377,-1.765137,-40.588379,1.342773,16.906738
49393,0.261597,0.220337,0.248535,-62.561035,0.854492,12.573242
49404,0.025757,1.387695,3.046997,-61.706543,0.854492,11.840820
49413,0.044189,2.092651,3.999512,-44.921875,2.258301,11.352539
49425,-0.128662,-0.004883,3.999512,-19.165039,4.760742,11.535645
49434,-0.330200,-1.912109,1.726807,22.888184,7.141113,9.277344
49444,0.018311,-1.378906,0.329956,18.554687,3.479004,3.051758
49453,-0.013184,-1.103149,-0.293945,6.958008,-3.234863,-2.319336
49463,0.046875,-1.157349,0.503174,0.061035,-4.455566,-1.098633
49474,0.537354,-1.236572,1.789673,-0.732422,-2.807617,5.432129
49483,0.388916,-1.213379,1.981934,0.000000,-2.380371,13.244629
49493,0.427246,-0.965210,1.573242,0.427246,-0.305176,23.071289
49504,1.071045,0.775635,2.816284,5.554199,-7.202148,23.620605
49514,1.037598,0.908813,3.307617,17.150879,-20.751953,16.601562
49524,0.920776,2.295044,3.999512,30.822754,-29.052734,1.586914
49533,-0.266113,3.289063,3.999512,47.363281,-30.395508,-8.911133
49544,-1.198486,3.840942,3.999512,64.636230,-21.667480,-12.390137
49553,-0.510864,3.999512,3.999512,76.171875,-6.530762,-7.751465
49565,0.246338,2.908569,2.182251,90.026855,-4.760742,-11.718750
49574,0.076172,2.160400,1.519165,124.084473,-5.737305,-8.300781
49583,-0.498047,1.472778,0.552856,126.098633,-7.324219,-3.540039
49593,-0.583130,0.847778,-0.419189,121.398926,-6.713867,-1.159668
49604,-0.679810,0.591919,-0.770874,114.013672,-1.953125,-0.305176
49613,-0.947144,0.541504,-0.661865,108.642578,5.065918,2.563477
49625,-0.999756,0.199341,-0.414185,96.496582,28.198242,18.554687
49634,-0.497437,-0.264893,-0.200928,87.036133,36.499023,22.216797
49644,-0.015137,-0.204102,-0.330811,77.758789,38.452148,18.554687
49654,0.417236,-0.131470,-0.346558,71.899414,36.437988,13.000488
49663,0.698853,-0.320557,-0.204224,69.274902,31.738281,8.544922
49674,0.707520,-0.629883,-0.083008,66.833496,25.207520,4.577637
49683,0.591553,-0.848267,-0.124512,61.523437,18.432617,-0.610352
49695,0.335083,-0.749878,-0.326050,46.997070,6.835937,-12.207031
49704,0.145264,-0.480225,-0.463989,42.236328,2.990723,-15.930176
49714,0.258667,-0.674072,-0.390259,38.513184,-0.183105,-17.639160
49724,0.317017,-0.922241,-0.292969,34.240723,-3.784180,-19.409180
49733,0.315430,-1.040039,-0.342651,28.198242,-7.629395,-22.216797
49744,0.310181,-1.019531,-0.417114,20.141602,-11.718750,-24.597168
49754,0.303833,-0.881348,-0.467285,12.695313,-15.319824,-25.268555
49763,0.363525,-0.758057,-0.408081,6.652832,-18.249512,-24.353027
49773,0.366577,-0.703125,-0.334473,-2.136230,-22.460937,-19.958496
49783,0.277588,-0.820435,-0.248291,-7.080078,-23.498535,-16.540527
49793,0.208984,-0.809204,-0.270996,-12.695313,-23.437500,-12.512207
49804,0.042114,-0.783447,-0.286987,-18.615723,-23.010254,-7.995605
49813,-0.053467,-0.791138,-0.296143,-24.047852,-21.728516,-2.929688
49823,-0.136353,-0.825195,-0.327881,-29.479980,-19.409180,3.540039
49833,-0.188477,-0.851685,-0.361572,-34.912109,-16.296387,10.009766
49843,-0.251465,-0.917236,-0.386963,-48.034668,-8.850098,21.850586
49854,-0.295776,-0.935425,-0.481567,-54.626465,-5.065918,26.550293
49863,-0.339600,-0.805176,-0.532593,-60.913086,-1.403809,30.456543
49873,-0.307983,-0.674805,-0.533447,-67.199707,1.892090,33.752441
49883,-0.277222,-0.571533,-0.537964,-73.181152,4.882812,35.949707
49894,-0.193481,-0.519409,-0.574341,-79.406738,7.324219,37.170410
49903,-0.124023,-0.444092,-0.640869,-85.693359,8.850098,37.658691
49913,-0.031250,-0.487183,-0.696289,-97.900391,9.216309,36.071777
49924,0.035400,-0.540405,-0.787964,-104.125977,8.117676,33.630371
49933,0.119385,-0.621826,-0.823120,-111.450195,6.286621,30.639648
49943,0.110718,-0.627563,-0.877686,-119.628906,4.699707,26.611328
49954,0.119263,-0.495361,-0.950317,-127.990723,3.112793,21.484375
49963,0.102417,-0.277100,-1.018433,-136.169434,1.159668,15.563965
49973,0.059937,-0.093872,-1.057373,-143.310547,-0.366211,9.521484
49985,0.676514,2.698730,3.999512,-142.883301,0.061035,-0.061035
49994,-1.733887,-3.999512,1.574463,-24.414062,-7.812500,12.268066
50004,-0.843140,-2.711182,1.558594,-58.715820,3.051758,3.845215
50013,1.276123,3.999512,3.764404,-107.421875,7.141113,-14.831543
50024,-0.528320,3.999512,3.324341,-55.419922,-8.605957,-13.732910
50034,-0.482300,-3.962402,-2.588501,19.104004,-27.526855,-7.568359
50043,-0.039307,0.642578,3.999512,6.896973,-21.789551,-28.320312
50055,0.113647,-1.092285,0.688965,-13.305664,-1.220703,-10.070801
50064,0.444702,2.266357,2.748657,-10.986328,9.094238,-2.319336
50074,0.008057,-0.269287,0.478516,10.437012,5.187988,3.295898
50083,0.775391,-1.405396,0.949951,18.310547,2.746582,5.798340
50094,0.220337,-1.199585,1.764404,3.234863,-4.394531,-1.159668
50103,-0.362305,0.422241,1.250488,-17.639160,-10.009766,-7.141113
50113,0.178833,1.137329,0.898682,-22.338867,-1.770020,2.136230
50125,0.079834,-0.000854,1.738892,-8.972168,2.746582,13.793945
50134,0.119385,-0.526367,1.806763,13.000488,3.173828,16.296387
50144,0.261841,-0.105713,1.737549,8.605957,7.019043,22.399902
50153,0.169189,0.232666,0.855713,6.958008,4.882812,23.986816
50163,0.176514,0.344727,0.587280,11.779785,1.892090,23.925781
50174,0.311646,-0.071777,0.799683,18.798828,0.549316,28.442383
50183,0.406128,-0.682129,0.965942,20.263672,-3.906250,29.968262
50195,0.075317,-0.002686,0.603271,14.465332,-10.375977,25.268555
50204,0.028198,0.408081,0.236084,7.019043,-9.704590,25.451660
50213,-0.006470,0.243286,0.125122,10.009766,-9.826660,24.902344
50223,-0.033569,-0.147827,0.438477,12.145996,-10.375977,24.230957
50234,-0.007324,-0.237915,0.906616,10.681152,-11.047363,22.277832
50243,-0.153198,-0.215820,1.169556,7.019043,-11.474609,19.714355
50253,-0.215210,-0.258179,1.057617,4.089355,-10.498047,17.883301
50265,-0.068848,-0.139648,0.852783,2.624512,-8.666992,17.822266
50274,-0.120850,-0.082397,0.968506,3.051758,-9.887695,15.747070
50284,-0.022339,-0.088257,0.993530,3.173828,-11.352539,13.305664
50294,-0.118530,-0.273682,0.942993,2.990723,-12.512207,10.498047
50305,-0.101685,-0.115967,0.968628,2.380371,-13.610840,6.774902
50315,-0.194580,-0.204712,0.850586,2.441406,-13.610840,3.784180
50324,-0.117188,-0.214844,0.864624,2.563477,-11.962891,-0.427246
50334,-0.103760,-0.280396,0.822876,2.136230,-11.596680,-3.173828
50344,-0.005615,-0.129517,0.902710,1.220703,-11.657715,-5.676270
50353,0.040283,-0.194702,0.800293,0.610352,-12.268066,-8.483887
50364,-0.029419,-0.060791,0.713257,0.732422,-12.634277,-12.390137
50373,0.015625,0.077026,0.728882,1.037598,-12.939453,-15.502930
50384,-0.001465,-0.046875,0.759155,1.342773,-13.000488,-18.249512
50394,0.046265,0.005249,0.987427,1.464844,-13.183594,-22.033691
50405,0.092041,-0.166016,1.295898,0.793457,-12.390137,-22.277832
50415,0.052612,-0.117676,1.187134,0.366211,-11.779785,-22.033691
50424,0.047241,0.097290,1.193359,0.061035,-10.986328,-22.216797
50434,0.020142,0.011230,1.038330,0.366211,-9.948730,-21.789551
50443,0.027222,0.048218,0.934448,0.610352,-9.521484,-21.484375
50454,0.029419,0.108521,0.969971,1.159668,-9.033203,-20.690918
50463,0.027100,-0.051270,0.858276,1.159668,-8.300781,-19.287109
50473,0.026123,0.039063,0.934814,-0.122070,-6.896973,-15.075684
50485,0.001587,0.281494,0.952393,-0.610352,-5.737305,-12.573242
50495,-0.007080,0.099854,0.928345,-0.061035,-4.333496,-10.131836
50505,-0.085815,0.106812,1.029297,1.037598,-3.234863,-8.483887
50515,-0.088379,-0.164795,0.960083,1.281738,-2.197266,-7.751465
50525,-0.120361,-0.059326,1.069336,0.854492,-1.770020,-7.934570
50534,-0.148804,-0.207153,1.002563,-0.244141,-2.258301,-11.108398
50544,-0.178589,0.049072,0.993896,-0.488281,-2.319336,-13.000488
50553,-0.231812,0.101685,1.083984,-0.549316,-1.586914,-14.404297
50563,-0.240967,0.129395,1.123779,-0.610352,-0.183105,-14.709473
50574,-0.217896,0.139282,1.115112,-0.854492,1.770020,-13.793945
50584,-0.208374,0.304565,1.244873,-0.854492,3.967285,-12.145996
50594,-0.269287,0.158936,1.114868,0.183105,6.164551,-9.765625
50603,-0.284790,0.147095,1.118896,1.464844,8.483887,-7.507324
50615,-0.407959,0.011963,0.869019,2.746582,11.718750,-6.042480
50624,-0.415649,-0.010498,0.854370,2.990723,13.183594,-5.920410
50634,-0.443115,0.072266,0.836304,2.258301,14.099121,-6.225586
50643,-0.529175,0.119751,0.830444,2.441406,15.502930,-6.774902
50653,-0.550171,0.181519,0.899902,2.868652,16.845703,-7.324219
50664,-0.543457,-0.030762,0.958008,3.417969,18.615723,-7.690430
50673,-0.488525,-0.018555,1.060303,3.234863,20.080566,-8.361816
50685,-0.330933,0.270996,0.958740,2.563477,21.911621,-8.239746
50694,-0.236938,0.341431,0.854370,1.464844,25.268555,-7.507324
50703,0.579224,-0.199707,0.937134,2.197266,26.672363,-5.798340
50714,0.673462,-0.412598,0.831299,1.647949,25.939941,-1.098633
50723,0.344604,-0.212769,0.512207,0.671387,21.606445,3.662109
50734,0.247925,-0.252075,0.346436,2.075195,18.432617,6.408691
50743,0.210937,-0.527832,0.626221,3.906250,18.249512,11.047363
50755,0.649780,-1.173340,1.263550,4.272461,20.263672,19.042969
50764,0.471558,-1.023315,1.318481,-1.098633,16.540527,16.906738
50774,0.457642,-0.949951,1.198975,-3.479004,11.169434,12.207031
50783,0.323975,-0.671143,1.065430,-4.089355,7.202148,9.521484
50794,0.296265,-0.312988,0.977539,-2.258301,4.150391,7.812500
50803,0.265869,-0.485962,0.937744,1.403809,2.990723,7.751465
50813,0.252075,-0.621582,0.878418,4.150391,3.540039,9.948730
50823,0.338257,-0.470825,1.038208,1.892090,5.310059,12.512207
50834,0.363525,-0.398560,0.911011,-1.525879,4.028320,12.207031
50844,0.316284,-0.013916,1.090576,-3.723145,1.037598,9.582520
50854,0.210449,0.059448,1.020996,-3.173828,-2.319336,6.591797
50863,0.190186,-0.026978,1.115967,-1.159668,-4.577637,4.455566
50874,0.088379,0.016968,1.237549,1.647949,-6.347656,2.197266
50883,0.172485,-0.340088,1.287231,2.685547,-6.896973,0.122070
50895,0.386719,-0.201660,0.987915,1.708984,-6.958008,-4.760742
50904,0.365112,-0.227905,0.873779,-0.427246,-9.643555,-7.385254
50914,0.453979,-0.110718,0.855835,-1.098633,-11.291504,-9.643555
50923,0.401489,-0.260498,0.851562,-1.281738,-13.061523,-12.023926
50934,0.278076,-0.154175,0.843140,-1.770020,-14.465332,-14.648438
50943,0.276245,0.103027,1.090576,-2.502441,-14.648438,-16.723633
50955,0.249023,-0.103516,1.054199,-2.868652,-13.549805,-18.737793
50965,0.219360,0.215210,1.231445,-3.295898,-13.671875,-20.690918
50974,0.149414,0.086304,1.123169,-3.540039,-14.770508,-23.254395
50984,0.114014,0.183105,1.033203,-3.479004,-15.380859,-25.878906
50993,0.185791,0.324341,1.071289,-2.807617,-15.625000,-27.893066
51004,0.140625,0.088501,0.952881,-1.892090,-15.686035,-30.212402
51013,0.056274,0.130493,0.892822,-1.464844,-15.441895,-31.738281
51025,0.044922,0.215454,0.885376,-1.525879,-12.268066,-32.043457
51034,0.018188,0.151123,0.825317,-2.014160,-10.803223,-31.433105
51044,0.050415,0.218140,1.000977,-2.502441,-9.521484,-30.273437
51053,-0.030518,0.036133,0.900513,-2.807617,-8.605957,-28.747559
51063,-0.040771,0.242554,1.006714,-3.356934,-7.324219,-27.160645
51074,-0.061890,0.084595,0.943970,-3.051758,-5.981445,-25.268555
51083,-0.043213,0.161377,1.023193,-2.807617,-5.065918,-23.071289
51093,-0.061768,-0.068604,1.031372,-2.502441,-4.821777,-21.118164
51103,-0.021729,0.046143,1.036987,-2.685547,-3.662109,-15.563965
51114,0.026001,0.034180,0.916016,-2.990723,-3.173828,-12.207031
51124,0.005737,0.019043,0.856201,-2.685547,-1.892090,-8.728027
51133,-0.032715,0.000366,0.871460,-2.319336,-0.976562,-5.798340
51144,-0.089844,-0.050415,0.795044,-1.770020,0.488281,-2.563477
51153,-0.133911,-0.057251,0.881348,-1.403809,2.136230,0.610352
51163,-0.119995,-0.259033,0.895630,-1.098633,3.112793,2.563477
51175,-0.088501,-0.322510,0.996094,-1.159668,2.746582,4.150391
51187,-0.121704,-0.205200,1.101807,-1.953125,2.014160,4.516602
51197,-0.046143,-0.339355,1.100708,-2.441406,1.220703,5.798340
51206,0.001099,-0.302612,1.091309,-3.112793,1.586914,7.629395
51216,0.097290,-0.103149,1.072998,-3.295898,1.831055,9.216309
51225,0.047241,-0.105591,0.919922,-2.441406,2.136230,12.512207
51234,0.011963,-0.106445,0.956665,0.793457,2.380371,14.160156
51244,-0.074097,-0.341675,0.909058,1.220703,3.112793,15.075684
51255,-0.271240,-0.402588,0.944702,0.244141,3.723145,16.418457
51264,-0.242187,-0.328369,0.958618,-0.793457,4.333496,17.700195
51274,-0.196289,-0.262207,0.922852,-1.220703,4.638672,18.615723
51284,-0.121948,-0.211182,0.958740,-0.793457,4.455566,19.226074
51293,-0.235718,-0.417480,0.914062,0.061035,4.577637,20.263672
51303,-0.155518,-0.263062,1.024414,0.305176,5.187988,21.972656
51315,-0.239990,-0.327759,0.880615,-1.342773,7.019043,26.306152
51325,-0.312256,-0.126099,1.069946,-1.892090,7.568359,28.259277
51335,-0.337036,-0.505371,0.895020,-1.892090,8.789063,30.700684
51344,-0.395996,-0.143799,0.850464,-2.136230,10.070801,32.531738
51354,-0.387451,-0.000366,1.024292,-1.892090,11.230469,34.545898
51363,-0.455444,-0.334473,0.912476,-1.525879,12.512207,36.560059
51373,-0.411621,-0.139282,0.923706,-1.098633,13.488770,38.269043
51385,-0.359375,-0.398193,0.904907,-0.976562,13.366699,41.259766
51395,-0.350342,-0.314331,0.961670,-1.647949,13.732910,42.541504
51405,-0.287109,0.029785,1.041504,-2.929688,13.671875,43.334961
51414,-0.344849,-0.160034,0.988647,-3.601074,13.732910,43.579102
51423,-0.285400,-0.102783,1.032104,-4.150391,13.732910,43.029785
51433,-0.234741,0.125000,1.160889,-3.967285,13.549805,42.175293
51444,-0.170410,-0.126221,0.928955,-2.746582,11.901855,38.879395
51454,-0.145752,-0.044922,1.028320,-4.455566,11.230469,36.743164
51464,-0.046997,-0.185425,1.094360,-5.676270,9.765625,33.935547
51474,-0.119141,-0.244141,0.814331,-5.676270,7.568359,29.907227
51483,-0.024780,0.227661,1.098267,-6.164551,5.920410,26.367187
51494,-0.019775,0.069336,1.153687,-5.615234,5.065918,23.925781
51503,0.042114,-0.266968,0.914307,-4.211426,4.394531,21.789551
51515,0.026245,-0.036255,0.993164,-4.028320,3.112793,18.066406
51524,-0.051270,-0.301270,0.971802,-5.310059,3.356934,17.150879
51534,-0.043213,-0.045898,1.014282,-6.103516,3.906250,16.296387
51543,-0.004395,0.103027,1.158936,-5.798340,4.150391,15.319824
51553,-0.054199,-0.185913,0.983276,-5.126953,4.272461,14.709473
51564,-0.075684,-0.148682,0.943848,-4.516602,3.784180,13.732910
51573,-0.039673,0.119629,1.036743,-4.089355,2.929688,12.573242
51583,-0.035767,-0.063965,0.970825,-3.662109,2.319336,11.596680
51595,0.006348,-0.027222,0.905884,-2.807617,0.671387,8.972168
51604,-0.007690,-0.098755,1.036133,-3.417969,0.244141,7.690430
51614,-0.011719,-0.213013,1.034424,-4.089355,0.122070,7.263184
51623,0.016479,0.005737,1.143555,-4.760742,0.732422,7.385254
51634,0.035645,0.092773,1.183960,-4.638672,1.281738,7.873535
51643,0.068604,-0.095215,0.994141,-4.211426,1.647949,9.033203
51653,0.129639,-0.016235,1.003906,-3.784180,1.770020,10.498047
51665,0.181641,-0.076782,1.008423,-2.868652,-0.183105,11.535645
51675,0.125732,-0.112671,0.965820,-2.136230,-0.976562,11.535645
51684,0.140747,0.062256,1.045654,-1.708984,-1.464844,11.291504
51694,0.105591,-0.137695,0.967529,-1.342773,-1.525879,10.559082
51703,0.111572,-0.192139,0.920776,-2.014160,-1.770020,9.765625
51713,0.081421,-0.014526,1.019653,-2.868652,-2.563477,9.033203
51723,0.112915,0.029541,1.031250,-3.417969,-3.295898,8.728027
51735,0.133301,-0.031128,0.992676,-3.112793,-3.723145,10.253906
51744,0.115356,0.061890,0.924805,-2.197266,-4.150391,11.413574
51754,0.116455,0.112305,0.929565,-1.892090,-4.455566,12.695313
51763,0.141724,-0.046143,0.784058,-0.244141,-4.943848,13.732910
51773,0.085205,-0.010254,0.789795,0.915527,-5.249023,14.221191
51784,0.065063,-0.302368,0.836060,1.708984,-5.981445,13.549805
51793,0.035522,-0.321045,0.903564,1.281738,-6.835937,11.535645
51803,0.079102,-0.156860,1.142090,-1.098633,-9.094238,4.455566
51813,0.090820,0.028809,1.149902,-1.037598,-10.253906,0.000000
51823,0.051025,-0.051636,1.062256,0.183105,-11.535645,-4.150391
51833,0.041260,-0.219727,0.957397,1.525879,-12.390137,-7.507324
51843,0.077515,-0.225342,1.046997,1.464844,-12.695313,-10.742188
51853,0.078735,-0.155884,1.086182,0.549316,-12.878418,-13.732910
51863,0.101074,-0.062256,0.988892,-0.244141,-12.756348,-16.113281
51875,0.118896,0.012573,0.970459,-0.183105,-12.084961,-19.165039
51884,0.108887,-0.169434,0.940186,1.037598,-11.291504,-20.324707
51894,0.115356,-0.054321,1.113892,0.732422,-10.986328,-21.362305
51903,0.125000,-0.043579,1.178101,0.427246,-10.925293,-22.949219
51913,0.090942,-0.222778,1.008423,0.305176,-11.291504,-24.780273
51923,0.089478,-0.001343,0.994141,0.183105,-11.535645,-27.038574
51933,0.098877,-0.002808,1.075928,0.427246,-11.535645,-28.991699
51945,0.044678,-0.016602,0.993530,-15.380859,-10.803223,-31.494141
51954,0.077515,-0.015137,1.006348,-0.793457,-9.948730,-32.043457
51964,0.058594,-0.132568,0.836792,-0.976562,-8.728027,-32.043457
51973,0.080566,0.069580,0.956055,-1.098633,-7.263184,-31.616211
51983,0.108032,-0.002197,0.895508,-0.976562,-6.347656,-30.700684
51993,0.062378,-0.021362,0.915527,-1.464844,-5.187988,-28.991699
52004,0.105103,0.083862,0.962036,-1.586914,-2.319336,-22.644043
52014,0.045044,0.076538,0.968384,-1.525879,-1.281738,-18.432617
52024,-0.055664,0.039795,0.928955,-1.525879,0.183105,-13.061523
52034,-0.120728,-0.076050,0.884888,-2.136230,2.075195,-7.019043
52044,-0.159424,0.025879,0.953735,-2.807617,4.150391,-0.488281
52053,-0.222168,0.079468,0.882446,-3.540039,5.554199,6.225586
52063,-0.193726,0.076416,0.870972,-3.723145,6.958008,12.756348
52074,-0.164307,0.104736,0.942627,-2.563477,8.178711,22.155762
52084,-0.071655,0.112305,1.091431,-1.647949,7.751465,24.902344
52094,-0.088623,-0.149414,0.990845,-0.976562,7.385254,26.794434
52103,-0.072144,-0.214722,1.002808,-0.915527,7.202148,27.893066
52113,-0.047852,-0.153809,1.030518,-1.464844,7.141113,28.198242
52123,-0.041260,-0.228149,0.976074,-2.319336,6.713867,28.015137
52134,-0.017822,-0.046509,1.052856,-2.502441,5.737305,26.306152
52143,-0.003784,-0.167847,1.023315,-2.624512,4.150391,20.874023
52155,0.005615,-0.189453,0.965576,-2.990723,1.342773,17.578125
52165,-0.009766,-0.258667,0.902466,-3.601074,0.366211,14.526367
52174,-0.018555,-0.078613,0.988403,-4.272461,-0.671387,11.901855
52184,0.054810,-0.122314,1.010132,-4.455566,-0.976562,9.582520
52194,0.049561,-0.125488,1.032227,-3.906250,-1.342773,7.263184
52204,0.070068,0.009888,1.221802,-3.356934,-2.136230,4.455566
52214,0.055176,-0.249390,1.163696,-2.990723,-3.112793,-2.624512
52224,0.049561,-0.183960,1.086914,-2.075195,-4.211426,-5.371094
52233,0.046021,-0.355835,0.937622,-1.953125,-4.760742,-7.080078
52243,0.056641,-0.216431,0.931885,-2.685547,-4.638672,-8.239746
52253,0.088745,0.009888,1.080200,-3.723145,-4.150391,-8.300781
52263,0.138306,-0.218872,0.930420,-4.394531,-3.723145,-7.690430
52273,0.121582,0.192261,0.973633,-4.394531,-3.540039,-6.896973
52283,0.130127,0.257324,1.137085,-3.234863,-3.417969,-5.676270
52293,0.087524,-0.110352,1.018188,-0.732422,-3.295898,-3.234863
52304,0.067505,0.094482,1.213013,-0.183105,-3.295898,-2.380371
52313,0.024536,-0.243652,0.927368,-0.061035,-3.479004,-1.770020
52323,0.033203,0.093994,1.001953,0.000000,-3.417969,-1.159668
52334,0.059204,-0.053467,0.938965,0.427246,-3.356934,-0.366211
52343,0.047852,-0.228149,0.801025,0.305176,-3.356934,0.366211
52354,0.063599,-0.025024,0.969360,-1.831055,-3.723145,0.305176
52364,0.030151,0.085327,1.015137,-1.892090,-3.967285,-0.976562
52374,0.045898,0.108154,1.083984,-0.793457,-4.272461,-2.075195
52383,0.035767,-0.091675,0.932251,0.915527,-4.699707,-3.967285
52393,0.016479,0.036621,1.101685,2.075195,-5.126953,-6.225586
52403,-0.000732,-0.177002,1.033203,2.136230,-5.554199,-7.568359
52413,-0.027954,-0.294678,0.942139,1.586914,-5.493164,-8.728027
52423,-0.021240,-0.026123,1.010742,0.976562,-5.126953,-9.704590
52434,-0.069214,-0.068359,0.883423,0.549316,-4.638672,-10.253906
52444,-0.023315,0.006958,1.021973,0.183105,-3.173828,-10.498047
52454,-0.083374,-0.100098,0.996948,0.244141,-2.868652,-11.291504
52463,-0.013550,0.103394,1.132690,0.610352,-2.868652,-12.390137
52473,-0.019897,-0.083618,1.093994,2.014160,-2.746582,-13.549805
52484,-0.031250,-0.203857,0.919312,3.295898,-2.929688,-14.770508
52493,0.050659,-0.051636,1.111694,3.784180,-2.624512,-16.418457
52505,0.029419,-0.222778,0.970337,1.770020,-1.708984,-16.601562
52515,0.086060,-0.121338,1.031616,0.671387,-1.098633,-16.235352
52524,0.003784,-0.263672,0.855469,0.366211,-0.610352,-15.441895
52534,0.002930,0.015015,1.036499,0.061035,-0.183105,-14.770508
52543,0.002197,-0.145996,1.004883,0.122070,0.366211,-14.038086
52553,-0.039917,-0.032715,0.979736,0.000000,0.671387,-13.122559
52565,0.010254,0.100464,1.158325,1.708984,1.770020,-11.108398
52574,-0.002319,-0.122192,0.921875,2.380371,2.502441,-9.582520
52583,0.019775,-0.161743,1.001709,2.136230,3.479004,-7.568359
52593,-0.001343,-0.392334,0.842041,0.915527,4.394531,-5.065918
52604,0.016602,0.026245,1.005859,-0.732422,5.310059,-1.892090
52613,-0.008301,-0.093506,0.962158,-1.831055,6.103516,2.014160
52624,-0.052124,-0.081543,0.915283,-2.014160,6.591797,5.615234
52633,-0.021606,0.104614,1.074097,-1.586914,6.652832,8.483887
52645,-0.046753,0.013428,1.002075,-1.220703,6.713867,11.718750
52654,-0.030518,0.046143,1.017090,-1.831055,6.530762,12.451172
52664,-0.046997,-0.062378,0.917114,-1.708984,6.164551,13.000488
52673,-0.014282,0.036621,1.014404,-1.037598,5.920410,13.305664
52684,0.008179,-0.173462,0.945435,-0.793457,5.249023,13.427734
52693,-0.033813,-0.104248,1.032471,-1.708984,5.004883,13.000488
52705,-0.007690,0.020996,1.081665,-3.601074,4.821777,12.329102
52714,-0.033691,0.145142,1.104492,-3.479004,4.577637,11.657715
52724,-0.052979,0.073364,1.003296,-2.441406,4.150391,10.803223
52733,-0.068726,0.052856,0.934204,-1.403809,3.906250,9.826660
52743,-0.033691,0.154663,1.052002,-0.427246,4.028320,8.544922
52754,-0.053345,-0.122314,0.970459,0.000000,3.723145,7.324219
52763,-0.089478,-0.064453,0.958862,-0.183105,3.295898,5.737305
52775,-0.084717,-0.083008,0.992554,-1.098633,3.051758,3.662109
52785,-0.063354,-0.019653,0.978760,-1.464844,2.929688,2.685547
52794,-0.075073,-0.251343,0.862427,-1.464844,2.990723,2.380371
52804,-0.030762,-0.202881,0.919312,-2.136230,3.417969,2.624512
52813,0.005859,-0.190552,0.944458,-3.051758,3.967285,3.112793
52824,0.027832,-0.080078,1.016724,-3.540039,4.150391,3.845215
52833,0.034424,-0.272705,0.905884,-3.295898,3.845215,4.150391
52845,0.008789,-0.223389,0.964478,-3.601074,3.906250,3.967285
52854,-0.016479,-0.284668,1.076416,-4.272461,3.784180,3.479004
52863,-0.017456,-0.031738,1.238770,-4.516602,3.784180,2.807617
52873,-0.019165,-0.212524,1.067627,-3.906250,3.723145,2.441406
52884,-0.054077,-0.134399,1.035645,-3.479004,3.845215,2.746582
52893,0.006348,-0.114014,0.999756,-3.295898,3.906250,3.723145
52904,-0.021484,-0.118164,0.931030,-3.906250,4.394531,5.554199
52913,0.057617,-0.122925,0.912598,-4.577637,5.310059,8.056641
52925,0.054687,-0.099854,0.854858,-4.882812,5.737305,13.305664
52934,0.029785,-0.016357,0.895752,-5.065918,5.798340,15.319824
52943,0.062012,0.059570,0.992310,-5.432129,5.676270,17.211914
52954,0.050171,-0.000610,0.947388,-5.737305,4.577637,17.639160
52963,0.055420,0.242432,1.092041,-5.676270,3.173828,16.906738
52974,0.072998,-0.002930,0.972290,-4.760742,2.014160,16.357422
52983,0.065430,0.064941,1.014404,-3.662109,1.098633,15.258789
52995,0.089111,-0.133179,0.973877,-2.563477,-0.915527,14.648438
53004,0.071899,0.015015,1.012939,-2.807617,-1.525879,14.465332
53014,0.006958,-0.008789,0.960205,-2.929688,-1.525879,14.709473
53023,-0.021484,-0.138306,0.930298,-2.929688,-0.915527,14.953613
53033,-0.120239,-0.030396,0.916138,-2.990723,0.244141,15.258789
53044,-0.131836,-0.126709,0.952148,-3.051758,1.342773,15.747070
53053,-0.145874,-0.077881,0.907715,-3.662109,1.281738,0.122070
53063,-0.104126,0.045288,0.968262,-4.028320,-0.427246,14.099121
53074,-0.081299,-0.076050,0.806641,-3.540039,-2.014160,12.817383
53083,-0.130371,-0.048828,0.894775,-3.295898,-1.892090,12.268066
53093,-0.119629,-0.306885,0.647705,-3.662109,-0.732422,12.756348
53104,-0.199219,-0.155762,0.667358,-4.760742,0.732422,13.000488
53113,-0.066528,-0.146484,0.779663,-5.798340,1.342773,13.000488
53123,0.025757,0.017578,0.884277,-5.371094,0.610352,13.000488
53135,0.007813,-0.198486,0.781494,0.061035,-1.892090,13.671875
53144,0.013306,-0.586426,0.540405,2.258301,-1.342773,15.380859
53154,-0.047852,-1.213013,0.086914,1.831055,-0.305176,15.991211
53163,-0.218506,-3.501099,-2.891479,0.183105,0.061035,14.343262
53173,0.072510,-2.412109,-0.622559,-14.648438,1.586914,9.582520
53184,-0.131104,-3.030273,-2.058472,-37.353516,-2.014160,1.831055
53193,0.260132,-0.940430,-0.842896,-63.598633,-6.286621,-8.728027
53203,0.364258,0.948853,1.735962,-59.570312,-7.751465,-7.385254
53213,0.461670,1.037842,3.999512,-35.522461,-5.981445,-3.417969
53224,0.632324,0.325073,3.999512,-7.995605,-4.882812,2.319336
53233,0.631958,-1.577881,3.209106,15.136719,-5.859375,4.699707
53244,0.547852,-2.458984,0.907104,23.559570,-10.192871,1.403809
53253,0.509277,-1.744629,0.164429,12.695313,-17.578125,-6.591797
53266,0.051758,-0.861938,1.416626,1.525879,-21.484375,-13.977051
53275,-0.170166,-0.981689,2.288574,4.516602,-18.249512,-14.831543
53285,-0.632080,-0.378906,2.187012,5.493164,-14.892578,-16.174316
53295,-0.591797,1.263306,3.622437,6.835937,-8.239746,-15.869141
53304,-0.738892,1.948364,3.352417,14.770508,-1.831055,-16.174316
53314,-0.744141,2.709229,3.741455,34.606934,-2.502441,-15.258789
53324,-1.469727,3.996948,3.999512,57.006836,-0.488281,-18.310547
53333,-1.692871,3.983643,3.999512,76.782227,5.126953,-15.686035
53345,0.695679,3.646118,2.601074,90.759277,36.926270,15.930176
53354,0.442383,2.554199,1.481445,104.553223,43.762207,32.409668
53363,1.063477,1.957031,1.224731,116.271973,33.325195,29.785156
53374,0.401001,1.179565,0.578247,117.431641,24.719238,22.399902
53383,-0.060669,0.474731,-0.201172,111.633301,20.812988,20.507812
53394,0.129639,0.263794,-0.494019,102.416992,21.972656,19.226074
53403,-0.221680,0.231812,-0.519043,94.787598,23.193359,17.578125
53415,-0.471313,0.003418,0.039917,84.655762,28.991699,14.709473
53424,-0.154785,-0.013550,0.134033,77.331543,31.799316,11.657715
53434,0.160889,0.032959,-0.074097,69.946289,31.555176,6.408691
53444,0.562744,0.259033,-0.087036,65.307617,28.991699,1.586914
53453,0.672119,0.214233,0.096802,64.819336,25.329590,0.793457
53464,0.704834,-0.083862,0.267456,65.307617,20.507812,1.953125
53473,0.618896,-0.392090,0.231079,63.232422,14.404297,2.624512
53485,0.454834,-0.367432,-0.093628,51.574707,3.295898,4.333496
53494,0.468140,-0.253174,-0.198730,47.241211,-1.708984,6.469727
53503,0.410034,-0.463867,-0.125977,44.677734,-6.591797,8.178711
53513,0.282227,-0.755615,-0.063843,41.992187,-12.756348,8.361816
53524,0.221191,-0.938354,-0.045288,36.621094,-18.554687,5.981445
53533,0.101074,-1.013184,-0.194702,29.052734,-23.803711,2.563477
53545,-0.028809,-0.988037,-0.385986,13.916016,-29.113770,-4.516602
53555,-0.136230,-0.779297,-0.333130,8.361816,-30.151367,-6.042480
53564,-0.119019,-0.799561,-0.304932,3.356934,-30.029297,-6.713867
53574,-0.170898,-0.869019,-0.294312,-2.319336,-29.479980,-6.652832
53584,-0.092773,-0.875000,-0.320313,-8.911133,-27.587891,-5.554199
53593,-0.184448,-0.791016,-0.384155,-15.502930,-25.207520,-2.929688
53603,-0.150635,-0.700439,-0.355469,-21.057129,-22.094727,0.427246
53615,-0.224121,-0.676025,-0.309082,-30.761719,-15.136719,7.751465
53625,-0.235596,-0.758667,-0.281616,-35.766602,-11.413574,10.803223
53634,-0.289795,-0.735474,-0.354126,-41.320801,-8.605957,13.122559
53644,-0.276489,-0.746338,-0.353882,-46.936035,-5.310059,14.831543
53654,-0.271606,-0.744141,-0.374512,-52.062988,-2.624512,16.662598
53663,-0.272583,-0.744751,-0.381958,-57.312012,-0.305176,17.700195
53674,-0.177002,-0.709473,-0.384399,-62.866211,1.586914,17.944336
53683,-0.171631,-0.740234,-0.449341,-68.725586,3.356934,17.211914
53693,-0.083252,-0.732666,-0.549316,-81.848145,5.187988,16.174316
53704,-0.006226,-0.640015,-0.694336,-88.500977,5.493164,14.892578
53714,-0.003174,-0.609131,-0.768433,-94.726562,5.798340,13.183594
53724,-0.000366,-0.611450,-0.835083,-101.318359,5.554199,11.352539
53733,-0.007202,-0.524780,-0.888550,-108.764648,5.615234,8.972168
53744,-0.061646,-0.524414,-0.983521,-116.760254,5.371094,6.713867
53754,-0.048218,-0.440552,-1.058594,-125.000000,5.554199,2.441406
53763,0.002319,-0.303223,-1.095947,-140.991211,4.882812,-0.183105
53774,0.119385,3.999512,3.373779,-148.681641,5.187988,-4.394531
53784,0.411133,3.999512,3.999512,-108.276367,4.943848,-5.310059
53793,-0.144043,-3.967529,2.977783,-35.888672,-6.164551,2.746582
53804,-1.343872,-3.999512,0.693115,-40.588379,-4.455566,-0.976562
53814,1.329590,3.989990,2.924438,-106.689453,6.408691,-19.958496
53823,0.077148,3.999512,3.947144,-89.477539,-2.014160,-5.432129
53835,-0.138550,-1.428711,3.999512,22.583008,-17.700195,-13.610840
53844,-0.392212,0.883179,3.999512,-10.925293,-7.873535,-17.089844
53854,-0.240601,0.284546,2.396362,-15.808105,1.525879,-2.197266
53864,0.104004,1.738281,2.088745,-9.216309,11.291504,3.845215
53874,-0.357422,0.837769,0.411133,8.422852,10.925293,5.187988
53883,0.434082,-1.521362,0.883301,24.719238,7.568359,8.361816
53896,-0.045654,-0.333252,1.260986,-10.925293,-7.995605,-5.187988
53906,-0.134766,0.898926,0.783813,-21.911621,-5.187988,-0.976562
53916,0.195923,0.936035,0.959717,-10.253906,4.943848,9.094238
53925,-0.084595,-0.178467,1.602783,10.070801,6.713867,9.948730
53935,-0.038574,-0.934570,1.820557,16.906738,4.638672,7.080078
53944,0.177002,-0.578369,1.540283,10.742188,5.004883,7.141113
53953,0.427124,0.158203,1.177612,5.981445,3.784180,5.615234
53965,0.239380,0.152344,0.756836,19.470215,-4.333496,0.427246
53974,0.276611,-0.647949,1.192627,20.568848,-7.263184,0.427246
53984,0.348145,-0.338501,1.159912,15.380859,-9.033203,-2.075195
53993,0.334106,0.091675,0.903320,10.620117,-7.568359,-3.173828
54004,0.462891,0.258301,0.659912,10.925293,-5.615234,-1.220703
54013,0.394531,0.046875,0.550293,15.563965,-6.713867,-1.708984
54024,0.245972,-0.309448,0.719238,19.165039,-8.911133,-4.760742
54033,0.169067,-0.519409,0.910156,17.211914,-9.887695,-10.009766
54045,0.142212,-0.104492,0.840942,7.263184,-11.169434,-13.244629
54054,0.161377,0.022339,0.770752,6.164551,-11.657715,-15.380859
54064,0.100586,-0.058594,0.783447,7.812500,-12.145996,-15.625000
54073,0.040771,-0.150879,0.871094,9.216309,-12.145996,-15.686035
54084,-0.008301,-0.251221,0.952759,9.155273,-11.230469,-15.502930
54093,-0.031006,-0.284302,0.981689,7.751465,-8.972168,-13.793945
54103,-0.033691,-0.125854,0.949951,6.530762,-7.751465,-11.901855
54115,-0.129761,-0.363159,0.735718,6.347656,-6.652832,-9.094238
54124,-0.161743,-0.188599,0.804443,5.554199,-5.432129,-7.812500
54134,-0.190186,-0.274170,0.788696,4.394531,-4.272461,-7.080078
54144,-0.172485,-0.157959,0.796143,3.051758,-3.540039,-6.958008
54153,-0.156616,0.029175,0.829468,2.563477,-2.929688,-6.835937
54164,-0.139771,-0.247925,0.746826,3.295898,-2.563477,-6.896973
54174,-0.086060,-0.282959,0.705688,3.479004,-1.953125,-7.080078
54183,-0.024902,-0.193115,0.859619,1.281738,-1.464844,-7.873535
54194,-0.017700,-0.161743,0.899170,-0.488281,-1.159668,-9.460449
54204,-0.047607,-0.035034,1.005493,-1.525879,-0.854492,-11.169434
54214,-0.052612,-0.144165,1.015625,-1.403809,-0.549316,-12.878418
54223,-0.113525,-0.034546,0.990845,-1.098633,-0.183105,-14.770508
54234,-0.101807,0.027588,1.046509,-0.244141,0.854492,-16.174316
54243,-0.102051,-0.017944,1.045532,-0.122070,2.624512,-14.526367
54253,-0.093140,0.125488,1.114990,0.061035,5.310059,-12.207031
54264,-0.068970,0.110596,0.979858,0.427246,6.530762,-9.399414
54273,-0.005493,0.268555,1.149048,0.793457,7.324219,-7.141113
54284,-0.034668,0.055176,1.135620,0.671387,7.690430,-5.371094
54294,-0.031006,0.132812,1.168579,0.244141,8.239746,-3.723145
54303,-0.024048,0.290649,1.235962,0.122070,8.728027,-1.586914
54315,-0.024048,-0.079224,0.990845,0.000000,9.765625,3.356934
54325,0.055298,-0.002686,0.822998,-0.671387,10.620117,6.408691
54334,0.115601,0.034302,0.778809,-1.953125,10.559082,8.850098
54343,0.060669,0.007324,0.752319,-3.479004,10.375977,11.352539
54354,0.071411,0.042725,0.862061,-5.065918,10.253906,13.977051
54363,0.047974,0.064331,0.898682,-5.798340,10.559082,16.418457
54374,0.022827,0.084106,0.968872,-6.103516,10.559082,17.822266
54383,0.022583,-0.006836,0.989136,-5.981445,9.948730,18.493652
54395,0.078369,-0.031006,1.041382,-5.554199,7.812500,17.883301
54404,0.120483,0.042480,1.024414,-5.126953,6.652832,17.456055
54414,0.146362,0.042603,0.981689,-4.577637,5.676270,16.906738
54423,0.144775,0.079712,1.003784,-3.967285,4.821777,16.967773
54434,0.098022,0.004639,0.969238,-3.356934,4.272461,17.700195
54443,0.061646,-0.056030,0.908203,-3.112793,4.699707,18.859863
54456,-0.037842,-0.022461,0.920410,-2.624512,5.249023,20.568848
54465,-0.047852,-0.061157,0.965820,-2.441406,5.126953,20.996094
54475,-0.041504,-0.098267,1.009033,-2.136230,3.906250,19.897461
54485,-0.061890,-0.094971,1.051270,-2.319336,2.502441,18.432617
54494,-0.075195,-0.122437,1.003296,-2.441406,1.892090,17.395020
54504,-0.110107,-0.136719,0.956543,-2.929688,2.197266,17.272949
54514,-0.106201,-0.149658,1.050415,-3.479004,2.990723,18.066406
54523,-0.083618,-0.114990,1.033325,-3.906250,3.662109,19.409180
54535,-0.087158,0.026001,1.159180,-3.234863,4.577637,23.071289
54544,-0.117065,-0.098389,1.051758,-2.136230,5.310059,24.536133
54554,-0.040894,-0.079834,1.077148,-1.464844,5.004883,25.024414
54563,-0.018677,-0.214600,1.056396,-1.037598,4.089355,24.719238
54574,-0.050903,-0.099365,1.089478,-1.281738,3.234863,23.681641
54583,-0.068848,-0.217041,0.942139,-1.647949,2.624512,22.644043
54596,-0.066284,-0.226685,0.869995,-3.173828,2.624512,21.484375
54605,-0.114624,-0.202148,0.815430,-4.150391,2.807617,21.545410
54615,-0.067993,-0.191284,0.907593,-5.126953,3.234863,22.277832
54624,-0.071777,-0.212524,0.896118,-6.286621,3.295898,22.338867
54634,-0.044434,-0.109009,0.992310,-7.141113,2.807617,21.606445
54644,-0.067261,-0.067871,1.007202,-7.568359,2.380371,21.179199
54653,-0.086304,0.026367,0.963379,-7.019043,2.014160,20.690918
54666,-0.071533,0.019165,1.073120,-4.882812,2.441406,20.202637
54676,-0.092163,0.149292,1.109497,-3.723145,2.807617,20.446777
54685,-0.086304,0.038086,1.020264,-2.136230,3.112793,20.935059
54695,-0.054810,0.101807,1.081909,-0.366211,3.540039,21.972656
54704,-0.027222,-0.088623,1.019531,1.281738,3.967285,23.315430
54714,0.003784,-0.190186,1.031494,2.075195,3.784180,23.803711
54724,0.023193,-0.127686,1.049805,2.014160,2.990723,23.376465
54734,-0.010986,-0.167603,0.922852,1.403809,1.708984,21.545410
54743,0.061035,0.028198,1.080444,1.403809,1.220703,20.629883
54754,0.021484,0.022217,0.971313,1.770020,0.854492,19.775391
54764,0.038086,-0.121338,0.996704,1.831055,0.183105,19.104004
54773,0.023193,-0.061768,1.010376,1.464844,-0.122070,18.798828
54783,0.055908,-0.052002,1.029175,0.915527,-0.366211,18.737793
54794,0.062256,-0.018799,1.064819,0.915527,-0.732422,18.920898
54803,0.054199,-0.037231,1.027466,1.220703,-0.854492,19.104004
54815,0.041992,-0.072144,1.078491,1.037598,-1.586914,18.920898
54824,-0.011230,-0.107056,0.967285,0.915527,-1.953125,18.493652
54834,-0.001587,-0.032349,1.020874,0.732422,-2.136230,17.395020
54844,-0.023804,-0.144409,0.946533,0.671387,-2.746582,15.625000
54854,0.022827,-0.051514,1.013184,0.671387,-3.234863,13.977051
54863,0.026855,-0.187744,0.960815,0.549316,-3.479004,12.573242
54876,-0.009521,-0.108521,1.054199,-0.793457,-3.906250,10.498047
54886,-0.039795,0.058105,1.150635,-1.281738,-3.662109,9.582520
54895,-0.083862,0.077759,1.158691,-0.976562,-3.356934,9.033203
54905,-0.095337,0.038208,1.107056,-0.549316,-3.112793,8.300781
54914,-0.137085,0.152466,1.152100,0.488281,-2.746582,7.812500
54924,-0.146606,0.047729,1.041016,1.098633,-2.441406,6.958008
54934,-0.170776,0.030762,1.108521,1.403809,-1.770020,6.225586
54946,-0.267212,-0.015381,0.966064,2.014160,0.549316,4.089355
54956,-0.347656,-0.093018,0.841431,2.197266,2.014160,2.624512
54965,-0.358276,-0.086792,0.860718,1.892090,3.417969,0.549316
54975,-0.403198,-0.258667,0.759888,1.770020,4.394531,-2.563477
54984,-0.401978,-0.155396,0.838745,1.342773,5.432129,-6.225586
54994,-0.388184,-0.203857,0.894531,1.220703,6.469727,-9.643555
55004,-0.313843,-0.154053,0.992554,1.220703,7.507324,-13.610840
55016,-0.206787,-0.175415,1.031006,1.647949,9.460449,-20.202637
55026,0.084106,-0.484131,0.889526,1.953125,10.253906,-22.216797
55035,0.739136,-0.589233,1.062988,0.915527,11.291504,-22.766113
55045,0.623169,-0.469360,1.050171,-0.732422,9.948730,-20.385742
55054,0.307373,-0.130493,0.477539,-1.220703,6.347656,-17.517090
55064,0.060059,-0.119873,0.079590,1.708984,4.272461,-15.380859
55074,0.261597,-0.384888,0.625488,5.859375,5.920410,-11.291504
55084,0.618286,-1.084229,1.306274,2.075195,10.986328,-2.197266
55095,0.233521,-0.629395,1.093750,-3.540039,9.704590,-1.586914
55105,0.289795,-0.050293,1.084717,-6.164551,8.422852,-3.479004
55114,0.409912,-0.204590,1.215454,-4.455566,7.141113,-4.211426
55124,0.406250,-0.343872,0.957642,-1.342773,5.371094,-4.516602
55134,0.298950,-0.088867,1.007202,-0.183105,3.112793,-4.516602
55144,0.226807,-0.085449,0.852905,0.366211,1.892090,-3.662109
55154,0.213623,-0.157593,0.843750,0.732422,3.723145,1.586914
55163,0.263916,0.042114,0.938110,0.000000,4.699707,4.577637
55174,0.233154,-0.286255,0.884033,-1.586914,3.540039,5.615234
55183,0.193481,0.085449,1.060181,-3.356934,1.708984,6.103516
55194,0.204712,-0.021851,1.047241,-4.577637,0.366211,6.652832
55203,0.215942,-0.089966,0.980103,-5.004883,-0.793457,7.446289
55214,0.223145,0.154541,1.111938,-4.455566,-1.647949,9.277344
55223,0.228516,0.011230,1.074951,-3.601074,-2.014160,15.075684
55235,0.169556,0.324219,1.090942,-4.333496,-1.708984,18.798828
55244,0.162109,0.248535,0.991699,-4.272461,-1.403809,22.216797
55254,0.057007,0.294434,0.894653,-4.150391,-1.342773,25.146484
55263,-0.040527,0.492676,1.067505,-3.540039,-1.831055,26.672363
55274,-0.130981,0.318115,1.019775,-3.051758,-1.708984,27.221680
55283,-0.199829,0.408691,1.076416,-3.234863,-1.220703,27.099609
55296,-0.248413,0.404175,1.140137,-2.624512,-0.122070,24.230957
55306,-0.152344,0.533691,1.306519,-2.380371,0.183105,21.606445
55315,-0.154297,0.325562,1.183716,-2.136230,-0.366211,19.104004
55330,-0.094727,0.370117,1.055664,-2.685547,-1.647949,14.038086
55340,-0.012573,0.347046,1.037842,-3.173828,-1.586914,12.145996
55349,-0.023926,0.354126,1.051392,-3.356934,-1.464844,10.314941
55359,-0.001221,0.227051,0.991455,-2.868652,-1.403809,8.605957
55369,0.059082,0.225464,0.988770,-1.953125,-1.831055,6.530762
55378,0.019897,0.095215,0.898682,-1.159668,-2.258301,4.638672
55387,0.074951,-0.041992,0.857178,-1.098633,-2.380371,3.417969
55397,0.129028,-0.098999,0.915405,-1.342773,-2.075195,3.295898
55407,0.168823,-0.092041,0.909180,-1.647949,-1.403809,4.394531
55416,0.217163,-0.098511,0.878052,-2.197266,-0.610352,9.338379
55426,0.334473,-0.062256,0.958496,-1.647949,-0.793457,12.756348
55435,0.429565,-0.259033,0.932251,-1.037598,-2.075195,15.808105
55445,0.401855,-0.276001,0.957520,-0.732422,-3.540039,18.249512
55454,0.363770,-0.372803,0.961060,-0.976562,-5.432129,20.324707
55464,0.281494,-0.347778,0.912231,-1.586914,-6.774902,22.033691
55473,0.240234,-0.294678,0.928345,-2.014160,-7.629395,23.071289
55484,0.212769,-0.322266,0.895874,-2.380371,-8.850098,23.681641
55494,0.212158,-0.196289,0.958984,-2.380371,-9.948730,23.803711
55503,0.217529,-0.215210,0.854248,-1.892090,-12.695313,23.559570
55515,0.205688,-0.260010,1.063354,0.305176,-14.099121,23.559570
55524,0.199341,-0.250610,1.183594,1.220703,-14.953613,23.803711
55534,0.178589,-0.420532,1.094360,1.831055,-16.052246,23.681641
55543,0.169678,-0.394531,1.111938,2.075195,-16.967773,23.010254
55554,0.143555,-0.555908,0.896729,2.136230,-17.395020,22.155762
55564,0.107422,-0.425781,0.882324,2.075195,-18.066406,20.996094
55574,0.072998,-0.455811,0.852661,1.403809,-20.507812,15.502930
55583,0.011597,-0.380493,1.005371,1.953125,-21.789551,12.878418
55594,-0.022461,-0.383545,1.034424,2.807617,-22.277832,10.375977
55603,-0.008789,-0.481201,0.912476,3.845215,-22.583008,9.399414
55614,-0.013794,-0.658569,0.843140,4.089355,-22.094727,9.521484
55624,-0.029297,-0.505981,0.992065,3.112793,-21.362305,10.742188
55633,-0.047485,-0.542480,0.980835,2.136230,-20.446777,12.329102
55646,-0.052124,-0.428833,0.974731,1.037598,-19.287109,15.747070
55655,-0.076416,-0.370483,0.998291,0.732422,-19.104004,16.113281
55665,-0.068726,-0.325684,1.008423,0.427246,-18.737793,15.686035
55674,-0.151611,-0.451782,0.909912,0.183105,-19.165039,14.526367
55684,-0.251465,-0.228882,0.908813,-0.244141,-19.653320,11.840820
55693,-0.220459,-0.191528,0.959229,-0.183105,-19.653320,9.094238
55704,-0.165527,-0.498047,0.786377,-0.244141,-19.104004,6.835937
55714,-0.186768,-0.364502,0.812622,-1.098633,-19.042969,1.403809
55725,-0.141357,-0.209961,1.070190,-2.685547,-18.920898,-0.793457
55735,-0.112305,-0.257080,1.042358,-2.624512,-18.493652,-3.173828
55745,-0.108032,-0.018188,1.128540,-2.014160,-18.493652,-6.103516
55754,-0.111206,0.006592,1.181030,-1.220703,-17.944336,-8.605957
55764,-0.093384,-0.139160,1.146973,-0.671387,-17.517090,-11.535645
55774,-0.164673,-0.187378,1.084717,0.122070,-17.333984,-15.197754
55784,-0.159546,-0.100586,1.117920,1.098633,-16.357422,-23.071289
55793,-0.102295,-0.016113,1.166382,1.831055,-15.441895,-26.855469
55804,-0.158569,-0.154907,0.921021,2.136230,-14.953613,-30.456543
55813,-0.159058,-0.196167,0.884521,1.953125,-13.610840,-33.325195
55824,-0.097046,-0.193726,0.783447,1.159668,-11.901855,-36.071777
55833,-0.111206,0.039917,0.857178,0.122070,-10.925293,-38.208008
55844,-0.108765,-0.009888,0.939819,-0.976562,-9.826660,-39.916992
55854,-0.062866,-0.275024,0.788940,-2.746582,-6.896973,-40.588379
55863,-0.011353,-0.070923,1.055420,-3.723145,-5.554199,-40.893555
55874,-0.064453,-0.134888,1.024536,-4.150391,-3.845215,-40.283203
55884,-0.034790,-0.134521,1.057495,-3.845215,-2.075195,-39.306641
55894,-0.020996,0.092163,1.143066,-2.929688,-1.281738,-38.818359
55904,-0.050049,0.015015,1.087646,-1.953125,-0.366211,-38.330078
55914,-0.051636,-0.174683,0.954590,-1.281738,0.793457,-37.231445
55923,-0.062988,-0.069336,0.837646,-0.976562,3.906250,-33.081055
55933,-0.140503,0.181274,0.861938,-0.183105,6.286621,-29.724121
55943,-0.104248,-0.066528,0.950439,0.366211,8.544922,-25.756836
55954,-0.069580,-0.121460,1.019897,0.000000,10.681152,-21.728516
55963,-0.041382,0.037476,1.206909,-0.671387,11.535645,-17.883301
55974,0.021240,0.135498,1.269409,-1.403809,12.023926,-14.221191
55984,0.038818,-0.047485,1.104614,-1.159668,12.451172,-10.803223
55994,0.036499,-0.037231,0.918823,15.197754,13.610840,-6.103516
56005,0.037109,0.164062,1.049683,1.403809,13.977051,-3.845215
56015,0.025269,-0.120972,0.989502,2.258301,14.343262,-1.892090
56024,0.003418,-0.189209,0.916626,2.746582,14.526367,-0.793457
56034,0.007690,-0.226196,0.914062,2.258301,14.160156,0.000000
56044,-0.055542,-0.259033,0.929077,0.854492,14.343262,1.281738
56053,0.001099,-0.131592,0.997070,-1.342773,14.770508,2.746582
56066,0.048706,0.056152,0.992676,-3.295898,15.380859,7.324219
56075,0.027344,0.127197,0.939575,-2.746582,15.502930,10.437012
56085,0.072266,-0.029175,0.878296,-2.014160,15.991211,13.610840
56094,0.014526,-0.090210,0.901733,-1.831055,16.174316,16.540527
56103,0.013062,0.064941,1.004028,-2.197266,16.174316,18.493652
56114,0.022095,0.020264,1.059692,-2.319336,15.380859,19.287109
56123,-0.026489,-0.011963,1.050659,-2.014160,14.465332,19.653320
56136,-0.033203,0.029419,0.951294,-0.305176,12.207031,18.981934
56146,-0.002808,-0.026611,0.958252,0.488281,11.474609,18.554687
56155,-0.018311,-0.007690,0.901489,1.037598,10.498047,18.127441
56165,0.000854,-0.089111,0.941772,1.525879,10.070801,17.761230
56174,0.010498,-0.152588,0.952881,1.464844,9.887695,18.005371
56183,0.037964,-0.176880,0.958130,0.854492,9.826660,18.493652
56194,0.028809,-0.184814,0.948975,0.061035,9.826660,18.554687
56206,0.037109,0.019775,0.979492,-0.915527,9.033203,18.249512
56215,-0.025269,-0.115601,0.873657,-0.610352,8.239746,17.333984
56225,-0.013550,-0.112305,0.936157,-0.244141,7.751465,15.991211
56235,-0.011841,-0.229980,0.969238,-0.732422,6.713867,14.099121
56244,-0.007568,-0.253906,0.999268,-1.708984,5.554199,11.901855
56254,0.006104,-0.026611,1.137329,-2.868652,4.455566,9.643555
56264,0.027222,-0.080811,1.124023,-3.356934,3.662109,8.239746
56274,0.037598,-0.197510,1.036377,-2.868652,3.234863,6.835937
56283,0.040039,0.065063,1.194214,-2.197266,3.662109,7.507324
56294,0.014526,-0.197388,1.086792,-1.770020,3.845215,8.605957
56303,0.004150,-0.116943,0.959717,-1.403809,3.845215,10.009766
56314,0.030273,0.125244,1.049927,-1.098633,4.272461,11.352539
56323,0.068970,-0.114014,0.929077,-1.159668,4.394531,13.000488
56334,0.042358,-0.170898,0.885498,-1.586914,4.516602,14.404297
56344,0.062622,0.145752,1.061646,-2.319336,3.967285,17.883301
56355,-0.010986,-0.142212,1.013672,-2.136230,3.784180,19.836426
56365,0.005371,0.135254,1.091675,-1.342773,3.540039,21.362305
56374,0.000488,0.122559,1.209229,-0.610352,3.601074,22.827148
56384,-0.005127,-0.246460,0.974854,0.000000,2.990723,23.620605
56394,0.005371,-0.072144,1.015991,-0.427246,2.136230,23.193359
56405,0.031860,0.198364,1.135376,-0.305176,0.549316,20.751953
56415,0.028198,-0.164795,0.971680,0.122070,-0.488281,18.859863
56425,0.062988,0.140625,1.072021,0.244141,-1.586914,17.333984
56435,0.062378,-0.058960,1.006104,0.183105,-2.380371,16.113281
56444,0.105225,-0.014526,0.931641,-0.366211,-2.624512,15.380859
56454,0.113159,0.226562,1.028687,0.061035,-2.990723,14.953613
56464,0.099365,-0.040894,0.903809,1.098633,-3.662109,14.282227
56474,0.061279,-0.226196,0.889160,1.342773,-4.028320,13.366699
56486,-0.003540,-0.258789,0.855835,-0.793457,-5.981445,9.033203
56496,-0.060669,-0.228516,0.820068,-2.563477,-6.896973,6.042480
56505,-0.072144,0.047363,0.940552,-3.662109,-7.019043,2.746582
56515,-0.010864,0.041504,0.993042,-2.990723,-6.958008,-0.122070
56525,-0.037720,-0.041016,0.986694,-1.464844,-6.896973,-2.746582
56534,-0.031250,-0.168579,0.974609,-0.061035,-6.958008,-4.638672
56544,-0.025024,-0.141357,0.996948,0.732422,-6.469727,-5.615234
56555,-0.012939,-0.339600,1.043091,1.037598,-5.981445,-6.347656
56566,0.044189,-0.231201,1.119751,0.793457,-4.699707,-6.591797
56575,0.014771,-0.301514,1.113403,0.610352,-4.272461,-6.347656
56585,-0.047119,-0.377686,1.093872,0.000000,-4.089355,-6.408691
56594,-0.024658,-0.142822,1.174805,-0.366211,-4.028320,-6.408691
56604,-0.002197,0.007568,1.218628,0.000000,-3.906250,-6.347656
56613,-0.012207,-0.240601,1.086060,0.610352,-4.272461,-6.103516
56626,0.126709,0.065308,1.172974,1.281738,-4.455566,-4.516602
56636,0.083374,-0.146851,1.069458,1.464844,-3.784180,-2.441406
56645,0.125610,-0.050171,0.975830,1.098633,-2.929688,0.305176
56654,0.071899,-0.027100,0.962036,1.159668,-2.136230,3.479004
56664,0.062988,-0.063110,0.920654,0.915527,-1.220703,6.958008
56673,0.048828,0.015015,0.991821,0.244141,-0.427246,9.826660
56684,0.038452,-0.142334,0.940674,-0.366211,-0.244141,11.840820
56694,0.029297,-0.022095,0.938599,-1.403809,-1.647949,12.939453
56703,0.105835,0.145630,1.072632,-1.037598,-3.234863,12.512207
56714,0.059326,-0.136719,0.821899,-0.976562,-4.333496,11.535645
56723,0.004395,-0.025757,0.775757,-1.281738,-4.516602,11.474609
56734,0.021240,-0.023071,0.822021,-2.441406,-4.333496,11.291504
56744,-0.050659,-0.058838,0.813477,-3.723145,-4.150391,11.047363
56753,-0.031494,0.130859,0.924927,-4.272461,-3.417969,10.559082
56766,-0.021118,0.170532,1.064941,-3.356934,-3.479004,10.192871
56775,-0.015137,0.067017,1.027344,-2.441406,-4.699707,9.704590
56785,0.055298,0.139648,0.937378,-2.197266,-6.286621,9.033203
56794,-0.003174,0.097778,0.745483,-1.281738,-7.568359,8.972168
56804,-0.112427,0.101318,0.555176,-0.488281,-7.202148,9.216309
56814,-0.115479,-0.005371,0.599854,0.366211,-4.516602,11.291504
56823,-0.167236,-0.357056,0.526855,0.488281,-2.868652,12.573242
56833,-0.336548,-0.276489,0.737671,-1.037598,-1.647949,13.000488
56845,-0.231812,-0.264893,0.667603,-3.356934,-0.793457,13.488770
56855,-0.272583,-0.226685,0.532349,-3.112793,-1.220703,13.122559
56864,-0.098389,-0.665161,0.205322,-1.953125,-0.366211,14.221191
56874,-0.031372,-2.227051,-1.511597,-1.586914,-0.854492,15.197754
56883,0.014282,-2.817383,-1.107056,-6.164551,-1.770020,13.305664
56894,0.044678,-3.372559,-1.443848,-27.221680,-2.075195,7.507324
56904,0.076294,-2.249878,-1.370117,-74.462891,-6.164551,-6.408691
56913,0.279053,1.817017,3.922974,-70.495605,-8.178711,-8.911133
56924,0.344971,1.570679,3.999512,-46.081543,-8.239746,-7.690430
56934,0.471069,0.720581,3.999512,-15.258789,-6.469727,-3.356934
56944,0.471313,-1.316528,3.885498,9.277344,-5.798340,-0.244141
56954,0.281372,-2.398560,1.541504,20.690918,-8.422852,-1.892090
56964,0.232544,-1.628174,-0.136719,10.864258,-12.573242,-10.070801
56974,0.136108,-1.233765,-0.104736,-1.586914,-16.784668,-20.324707
56983,0.180176,-1.026611,2.221436,-1.159668,-17.333984,-21.545410
56994,0.393311,-0.395508,2.821899,-2.868652,-18.493652,-21.423340
57004,0.481934,1.683472,3.958618,-3.173828,-16.662598,-18.554687
57014,0.480957,2.118042,3.523804,7.934570,-17.761230,-16.784668
57023,-0.570312,3.425659,3.998657,32.409668,-22.705078,-21.057129
57034,-1.595581,3.999512,3.999512,61.279297,-14.953613,-31.616211
57043,-1.566284,3.844971,3.999512,83.374023,6.225586,-13.305664
57055,0.758545,3.201660,2.320313,93.811035,17.211914,1.281738
57064,0.301880,2.245972,1.182739,106.567383,20.874023,16.357422
57074,0.553711,1.845825,1.274170,115.112305,16.967773,21.484375
57084,-0.377075,1.023438,0.460327,115.356445,12.512207,20.263672
57093,-0.215942,0.390015,-0.334473,108.703613,12.084961,15.930176
57104,-0.149292,0.196899,-0.550903,99.548340,15.441895,11.108398
57113,-0.425293,0.165649,-0.511719,92.407227,20.080566,3.784180
57125,-0.717651,-0.075195,-0.136353,82.031250,23.620605,3.234863
57134,-0.512573,-0.127808,-0.176392,74.462891,27.465820,0.854492
57144,-0.264893,-0.009766,-0.297119,67.077637,29.418945,-2.197266
57153,0.045532,0.080933,-0.215698,62.438965,30.395508,-3.845215
57164,0.290039,0.023315,0.103271,61.218262,31.250000,-3.662109
57174,0.257324,-0.240234,0.264526,60.913086,28.564453,-1.953125
57183,0.406128,-0.411865,0.212891,57.983398,20.690918,-1.831055
57195,0.280518,-0.453613,-0.111694,45.288086,17.089844,-2.441406
57204,0.205322,-0.317749,-0.169922,40.466309,14.221191,-2.075195
57214,0.237427,-0.425903,-0.182983,37.780762,11.291504,-1.220703
57223,0.160767,-0.642578,-0.137939,34.973145,7.934570,-1.525879
57234,0.221924,-0.866699,-0.121704,30.639648,4.333496,-3.906250
57243,0.163696,-0.959351,-0.219482,23.681641,0.976562,-6.713867
57256,0.153442,-0.837402,-0.430542,9.216309,-4.638672,-11.840820
57265,0.130615,-0.775024,-0.436768,4.028320,-6.958008,-14.038086
57275,0.094849,-0.793091,-0.318604,-0.671387,-8.911133,-15.014648
57284,0.118530,-0.924927,-0.284912,-6.042480,-10.620117,-14.831543
57294,0.090698,-0.955811,-0.302856,-12.634277,-11.413574,-13.916016
57303,0.048950,-0.889526,-0.364258,-19.470215,-11.657715,-12.207031
57314,0.030029,-0.888550,-0.392700,-25.390625,-11.047363,-9.582520
57324,0.013672,-0.868652,-0.388184,-36.315918,-9.277344,-4.699707
57333,-0.018188,-0.876587,-0.323608,-42.236328,-7.934570,-1.586914
57344,-0.041382,-0.876465,-0.384033,-49.133301,-6.408691,1.037598
57354,-0.102051,-0.812744,-0.449707,-55.786133,-5.065918,3.356934
57364,-0.118164,-0.742676,-0.468750,-61.584473,-2.868652,5.676270
57373,-0.142212,-0.639038,-0.479858,-66.955566,-0.854492,8.239746
57384,-0.127686,-0.651978,-0.495972,-72.326660,1.281738,10.131836
57394,-0.118530,-0.650513,-0.564087,-84.960937,5.981445,13.244629
57403,-0.093140,-0.656738,-0.736206,-92.102051,7.385254,14.282227
57414,-0.039673,-0.371338,-0.782104,-99.060059,9.033203,15.258789
57423,-0.013428,-0.289307,-0.754272,-105.041504,10.131836,16.235352
57433,-0.019165,-0.291016,-0.772827,-110.900879,10.559082,16.418457
57443,-0.027466,-0.296021,-0.774170,-116.638184,11.535645,16.723633
57454,-0.007813,-0.235718,-0.818115,-122.802734,12.023926,16.540527
57464,0.008911,-0.193848,-0.874268,-136.718750,12.207031,14.282227
57473,0.047119,0.845093,0.204102,-127.014160,14.343262,12.023926
57483,0.771729,0.435547,3.999512,-64.514160,14.282227,13.427734
57494,-2.178345,-3.999512,-0.704346,-17.944336,4.455566,21.240234
57504,0.423096,-0.966431,1.310059,-71.777344,18.615723,13.549805
57514,1.157104,3.999512,3.916260,-111.572266,13.549805,5.554199
57523,-0.038330,3.999512,3.708618,-47.729492,-8.239746,5.004883
57536,-0.090332,0.032837,3.999512,-0.488281,-8.850098,8.361816
57546,-0.211426,1.580933,3.999512,-22.399902,1.770020,17.150879
57555,0.112793,-0.603516,-0.434692,-15.930176,13.549805,30.090332
57565,0.375244,1.788086,2.480469,-4.760742,24.230957,36.499023
57574,-0.009277,-0.806763,0.932617,11.108398,18.188477,37.475586
57583,0.711548,-1.202637,1.616821,9.704590,12.817383,31.372070
57594,-0.079346,-1.094360,1.998169,-1.037598,2.380371,19.165039
57603,-0.372314,-0.099243,1.535156,-15.380859,1.220703,10.253906
57615,0.383179,0.498169,1.436768,-5.249023,2.685547,12.817383
57624,-0.142334,-0.320801,1.353027,7.995605,-3.845215,7.873535
57634,-0.056152,-0.463257,1.658691,12.084961,-4.760742,7.080078
57644,0.166260,-0.187744,1.654297,8.666992,-0.427246,11.169434
57654,0.162964,0.267090,1.072021,8.666992,0.427246,12.512207
57663,0.195190,0.250488,0.816650,12.817383,0.183105,14.099121
57676,0.034912,-0.196777,1.028687,18.188477,0.061035,23.254395
57685,-0.097900,0.018555,1.089111,14.892578,0.732422,26.123047
57694,-0.053345,0.248413,0.880493,12.207031,2.929688,30.151367
57704,-0.085083,0.400635,0.611572,12.268066,3.417969,32.836914
57713,-0.141357,0.264038,0.499634,15.014648,1.953125,33.630371
57724,-0.126587,0.102173,0.566895,17.150879,0.244141,33.325195
57733,-0.132446,-0.128174,0.705688,16.723633,-1.342773,32.653809
57746,-0.117920,0.039429,0.850586,11.352539,-2.868652,29.602051
57755,-0.027222,-0.051392,0.800781,10.192871,-2.136230,29.785156
57766,0.020630,-0.108032,0.787720,10.192871,-1.342773,30.822754
57775,0.083984,-0.062744,0.822876,9.826660,-1.770020,29.724121
57784,-0.020020,-0.244873,0.824219,9.338379,-2.746582,26.672363
57794,-0.055298,-0.235718,0.799316,7.995605,-4.028320,23.193359
57804,-0.051392,-0.300659,0.746826,6.774902,-5.554199,18.371582
57813,0.003174,-0.295410,0.722534,5.615234,-6.713867,7.690430
57825,0.034668,-0.281006,0.792114,2.258301,-9.216309,2.685547
57835,0.056396,-0.111938,0.911255,0.610352,-9.643555,-1.159668
57844,0.021240,-0.227417,0.813477,-0.549316,-9.277344,-3.234863
57854,0.066650,-0.052979,0.881348,-1.892090,-8.422852,-4.150391
57864,0.030273,-0.020264,0.829224,-2.197266,-7.690430,-4.699707
57874,0.062988,0.048584,0.760132,-1.831055,-7.019043,-4.699707
57883,0.070312,0.117798,0.904297,-1.220703,-7.995605,-5.493164
57895,0.040527,-0.124268,1.058472,-0.915527,-8.422852,-5.981445
57905,0.012817,-0.151855,1.159668,-1.647949,-7.995605,-5.676270
57914,0.005371,-0.199219,1.170532,-2.624512,-7.141113,-5.371094
57924,0.027222,-0.060669,1.147461,-2.746582,-6.286621,-4.272461
57933,0.062744,-0.134766,1.064331,-2.014160,-5.859375,-3.601074
57944,0.029419,-0.296021,0.904541,-1.464844,-5.920410,-3.479004
57954,0.042847,-0.154907,0.945557,-2.197266,-5.554199,-3.723145
57963,0.012085,-0.229492,0.963623,-2.990723,-5.615234,-4.272461
57974,0.004761,-0.124268,1.061646,-2.746582,-5.432129,-4.455566
57984,0.011719,-0.113770,1.002808,-1.770020,-5.126953,-4.821777
57994,0.029663,-0.075317,1.066162,-0.976562,-5.310059,-5.187988
58003,0.038208,-0.317993,0.987061,-1.159668,-5.371094,-5.310059
58014,0.139404,-0.152588,1.077393,-1.770020,-5.065918,-5.920410
58023,0.081665,-0.086182,1.087036,-2.197266,-5.310059,-7.202148
58035,-0.018311,0.019287,0.982910,-1.342773,-4.394531,-7.019043
58045,0.065063,-0.165039,0.908813,-1.037598,-3.845215,-6.896973
58054,0.031250,-0.157715,0.986084,-1.647949,-4.455566,-7.385254
58064,0.031006,-0.026367,1.054321,-2.380371,-4.882812,-8.239746
58074,-0.003662,-0.069458,1.013916,-2.441406,-4.455566,-8.178711
58083,0.073486,0.051514,1.040527,-2.014160,-3.479004,-7.873535
58093,0.089966,-0.062622,1.009521,-0.976562,-3.112793,-7.995605
58105,0.145508,0.007568,1.089355,-0.122070,-4.333496,-8.789063
58114,0.109619,-0.148682,1.008423,0.610352,-4.882812,-9.216309
58124,0.086060,-0.056885,0.983765,1.037598,-4.760742,-9.887695
58134,0.033691,-0.068115,0.969971,1.831055,-4.394531,-10.009766
58143,0.036743,-0.149170,0.888672,1.770020,-3.601074,-9.338379
58154,0.013062,-0.118774,0.912109,1.281738,-2.441406,-8.300781
58163,0.018188,-0.096436,0.911133,1.098633,-1.281738,-7.019043
58175,-0.057983,-0.048096,0.991089,0.122070,0.488281,-4.150391
58184,-0.020630,-0.021484,1.074219,0.305176,1.220703,-3.051758
58194,0.034302,-0.047363,1.017090,0.488281,0.732422,-3.540039
58203,0.060669,-0.147827,0.953491,0.549316,0.061035,-3.784180
58214,0.025391,-0.179443,0.916504,0.427246,0.183105,-3.112793
58223,0.064697,-0.135742,0.929321,-0.366211,0.610352,-2.319336
58233,0.040894,-0.126709,0.919556,-0.976562,0.427246,-0.671387
58244,-0.040283,-0.025024,0.939819,-2.624512,0.366211,4.333496
58254,-0.053223,-0.006226,0.978516,-2.441406,1.342773,7.690430
58264,-0.089478,-0.016602,0.974731,-2.441406,2.136230,11.108398
58274,-0.113403,-0.061035,0.953247,-2.197266,3.112793,14.038086
58283,-0.143921,-0.098022,0.963379,-2.014160,4.150391,16.479492
58294,-0.129639,-0.103516,0.972534,-2.136230,5.065918,18.920898
58303,-0.102783,-0.109131,1.009644,-2.258301,5.126953,20.935059
58313,-0.106079,-0.128540,0.956543,-2.685547,4.516602,21.728516
58324,-0.123047,-0.176758,0.931763,-3.051758,4.699707,22.644043
58333,-0.126343,-0.077881,0.991455,-3.601074,4.699707,23.681641
58343,-0.114014,-0.012207,1.063354,-3.784180,4.516602,25.085449
58354,-0.112671,-0.058105,1.001465,-3.479004,4.577637,26.672363
58363,-0.087402,-0.115356,0.952026,-3.479004,4.638672,27.709961
58376,-0.058716,0.020386,1.056641,-4.333496,3.906250,28.259277
58385,-0.083862,-0.003906,1.055786,-3.601074,3.417969,28.015137
58395,-0.065674,0.021118,1.123535,-2.990723,3.112793,27.099609
58404,-0.089111,-0.171265,1.062012,-2.502441,2.380371,25.878906
58414,-0.058472,-0.157837,1.024170,-2.746582,1.586914,23.742676
58424,-0.036255,0.000610,1.128174,-2.929688,1.037598,22.033691
58433,0.038330,-0.108154,1.013306,-2.685547,0.488281,20.263672
58444,0.031372,-0.059448,1.023804,-2.075195,-1.831055,16.967773
58454,-0.007324,-0.163086,0.941895,-1.770020,-2.380371,15.563965
58464,0.033203,-0.075684,1.047485,-2.319336,-2.990723,14.160156
58473,-0.007813,-0.034058,1.057007,-2.563477,-3.295898,13.000488
58484,0.005615,0.072876,1.078979,-2.380371,-3.112793,12.512207
58493,0.083374,0.169434,1.150269,-1.647949,-3.112793,12.573242
58503,0.030640,-0.018188,1.010620,-0.549316,-3.662109,12.817383
58514,0.038574,-0.034546,1.015747,-0.244141,-3.662109,12.207031
58524,0.120483,0.017212,1.090698,-0.061035,-4.394531,11.169434
58534,0.142334,0.111084,1.135254,0.549316,-5.737305,9.643555
58543,0.184204,0.061890,1.058105,1.647949,-6.896973,7.690430
58553,0.191772,-0.090210,0.946533,2.136230,-8.300781,5.676270
58563,0.166504,-0.118530,0.887573,2.258301,-9.460449,3.845215
58573,0.131226,-0.018677,0.925293,1.953125,-10.131836,2.319336
58583,0.116333,0.027710,1.067505,1.525879,-10.681152,0.915527
58595,0.102295,0.050903,1.105591,2.929688,-11.718750,-2.136230
58604,0.092407,-0.053467,1.001587,3.723145,-12.084961,-3.417969
58614,0.117310,-0.142700,0.894653,3.540039,-12.268066,-4.455566
58623,0.100098,-0.136108,0.828857,2.563477,-12.390137,-5.798340
58633,0.084595,0.071289,0.982788,1.831055,-12.756348,-6.774902
58643,0.069214,0.088867,1.054321,2.258301,-12.756348,-7.446289
58654,0.027832,0.097168,1.081909,4.333496,-12.573242,-8.850098
58664,-0.062622,-0.150146,0.917969,4.333496,-12.145996,-9.521484
58674,-0.049927,-0.105591,1.035400,3.295898,-11.413574,-10.620117
58683,-0.083618,-0.028442,1.017822,2.624512,-11.535645,-12.145996
58693,-0.073608,0.028442,1.059204,2.807617,-10.925293,-13.916016
58703,-0.036133,-0.123291,0.919434,3.784180,-10.253906,-15.563965
58714,0.030396,-0.189453,0.799927,3.906250,-9.704590,-16.845703
58723,-0.025391,-0.322876,0.737549,2.563477,-9.582520,-18.554687
58733,-0.003540,-0.020996,1.060791,-0.122070,-9.094238,-18.249512
58743,-0.059570,-0.002319,1.096313,0.488281,-8.911133,-17.883301
58753,-0.186523,-0.055054,0.987427,1.281738,-8.056641,-18.432617
58764,-0.206787,-0.201416,0.878296,1.098633,-6.103516,-18.798828
58774,-0.154419,-0.161865,0.974487,0.183105,-4.150391,-18.798828
58783,-0.091919,-0.101196,0.982666,-0.488281,-3.601074,-19.287109
58793,-0.074951,0.023926,1.121948,-0.366211,-3.295898,-20.080566
58803,0.000732,-0.150146,1.033691,0.366211,-2.319336,-19.409180
58813,0.035645,-0.205322,1.016235,0.000000,-1.953125,-19.042969
58823,-0.004883,-0.135742,0.944702,-0.793457,-1.403809,-17.822266
58834,-0.013184,-0.010132,1.029663,-1.220703,-0.488281,-16.296387
58844,-0.005737,-0.065063,1.025146,-0.610352,0.488281,-15.075684
58853,-0.041382,-0.034912,1.116577,-0.061035,1.159668,-13.793945
58863,-0.058472,-0.292480,0.955444,0.000000,1.586914,-12.939453
58875,0.005981,-0.147827,0.949707,-1.403809,2.502441,-12.268066
58884,0.049438,-0.110229,0.953613,-2.258301,2.868652,-11.840820
58894,0.047363,-0.128784,0.877808,-2.319336,2.746582,-10.864258
58904,0.067505,0.038452,1.144653,-2.502441,2.990723,-10.009766
58913,-0.035645,-0.031616,0.949463,-2.807617,3.540039,-8.483887
58924,-0.017700,-0.014160,0.945068,-2.136230,4.516602,-7.263184
58933,-0.062866,0.044434,1.024902,-2.441406,5.432129,-5.737305
58945,-0.086426,0.031372,1.045288,-1.647949,7.202148,-0.183105
58954,-0.152344,-0.178833,0.833130,-1.281738,8.056641,2.929688
58964,-0.150024,-0.041992,0.931274,-2.807617,8.911133,4.882812
58973,-0.129150,0.135376,1.082031,-4.394531,9.399414,5.859375
58984,-0.261108,0.145264,1.035522,-4.211426,9.948730,6.896973
58993,-0.242432,-0.027222,0.931885,-3.540039,10.803223,7.690430
59003,-0.269653,-0.034790,1.000610,-3.601074,11.779785,8.239746
59014,-0.297974,0.197388,1.141724,-5.004883,13.793945,8.728027
59024,-0.333496,0.136963,1.036987,-4.638672,14.709473,8.911133
59033,-0.338257,0.138184,0.974243,-3.234863,15.380859,8.789063
59043,-0.285400,0.062744,0.910645,-2.441406,16.174316,8.117676
59053,-0.297974,0.075073,0.940796,-2.075195,16.723633,7.080078
59064,-0.296265,0.101807,0.910034,-1.586914,17.272949,5.737305
59074,-0.314819,0.129883,0.936035,1.037598,18.859863,3.112793
59083,-0.311157,-0.012939,0.927856,1.586914,19.897461,1.892090
59094,-0.198853,-0.172241,0.978882,0.549316,20.751953,0.671387
59103,-0.166992,-0.025757,0.947998,-1.037598,21.118164,-0.671387
59113,-0.162109,0.153931,0.928833,-1.831055,21.545410,-1.342773
59123,-0.065796,0.363281,0.785400,-0.915527,22.338867,-0.488281
59133,0.820435,-0.513062,1.129639,0.427246,23.010254,1.708984
59146,0.443481,-0.283936,0.286133,-3.051758,16.723633,12.145996
59155,0.218872,-0.089111,-0.047729,-2.624512,11.657715,15.991211
59165,0.166016,-0.450684,0.670044,0.976562,8.605957,18.554687
59174,0.660767,-0.988403,1.421997,2.685547,9.765625,21.789551
59184,0.567505,-1.278320,1.479370,-0.854492,11.352539,24.414062
59193,0.384399,-0.630615,1.315430,-6.469727,10.375977,25.024414
59204,0.424683,-0.015381,1.299316,-9.277344,8.056641,24.230957
59213,0.397827,-0.145874,1.327637,-7.385254,4.821777,23.010254
59225,0.206665,-0.323242,0.921631,-1.647949,1.220703,22.460937
59234,0.114136,-0.170532,0.902710,-1.647949,0.122070,20.874023
59243,0.141113,-0.087036,1.007446,-1.892090,-0.854492,17.944336
59253,0.136230,-0.091919,1.120972,-1.953125,-1.281738,15.319824
59264,0.154663,-0.183838,1.096924,-2.685547,-1.770020,12.817383
59273,0.133545,0.013428,1.221069,-3.784180,-2.563477,9.338379
59283,0.043945,0.135986,1.313110,-4.638672,-4.150391,5.676270
59294,0.027466,0.108887,1.092529,-3.356934,-6.103516,0.671387
59304,0.024780,0.053589,0.963989,-1.586914,-6.408691,-0.366211
59314,0.080566,-0.018921,0.981201,-0.183105,-6.958008,-1.586914
59323,0.028564,-0.211426,0.901001,0.427246,-7.446289,-2.746582
59333,0.032837,0.047607,1.009888,0.549316,-7.873535,-3.967285
59343,0.110107,0.018066,1.021484,0.915527,-7.568359,-4.821777
59356,0.069946,0.151855,1.067749,0.793457,-7.263184,-5.676270
59365,0.045532,-0.097778,1.002686,0.549316,-7.202148,-5.371094
59375,0.001465,-0.019287,0.974731,0.000000,-6.469727,-4.333496
59384,-0.001099,0.164551,0.959961,-1.037598,-5.493164,-3.112793
59394,0.002808,0.143555,0.894775,-1.586914,-4.699707,-2.197266
59403,0.061768,0.125732,0.826782,-1.831055,-4.638672,-1.403809
59413,0.124146,0.111450,0.861328,-2.441406,-4.699707,-0.915527
59423,0.114746,0.110107,1.051880,-3.173828,-5.310059,-1.037598
59434,0.125854,0.124268,1.058716,-3.356934,-5.310059,-1.159668
59444,0.123901,-0.029663,0.990845,-3.173828,-5.676270,-1.525879
59453,0.146606,0.010376,0.958618,-2.563477,-5.493164,-2.014160
59463,0.138184,-0.107422,0.875732,-2.258301,-5.859375,-2.258301
59473,0.230957,0.016724,0.908813,-1.770020,-6.652832,-3.051758
59483,0.247314,-0.059326,0.801270,-1.281738,-7.507324,-3.479004
59493,0.254761,-0.096802,0.801392,-0.732422,-8.361816,-3.356934
59505,0.218384,-0.122314,1.021484,-0.427246,-8.728027,-1.770020
59514,0.165405,-0.188232,1.046631,-0.793457,-8.789063,-0.488281
59524,0.133545,-0.182373,1.016968,-1.037598,-8.850098,0.610352
59534,0.083252,-0.217773,0.966431,-0.732422,-8.911133,1.403809
59544,0.049194,-0.252930,0.989624,-0.427246,-9.094238,1.953125
59553,0.057617,-0.217285,0.988159,-0.854492,-9.826660,2.441406
59563,0.024658,-0.243286,1.068115,-1.037598,-10.620117,2.746582
59575,-0.008301,-0.146118,1.119507,-0.915527,-10.681152,3.662109
59584,-0.002319,-0.362671,0.931763,-0.122070,-10.314941,4.882812
59594,-0.004028,-0.217041,1.002686,0.183105,-9.765625,5.737305
59603,-0.030762,-0.514282,0.905396,0.244141,-9.460449,7.263184
59613,-0.043579,-0.297363,0.994507,-0.671387,-8.789063,8.789063
59624,0.006348,-0.453369,0.945923,-1.281738,-8.544922,10.192871
59634,-0.014038,-0.308472,0.908081,-2.075195,-9.582520,12.207031
59643,-0.011475,-0.457153,0.911865,-1.953125,-9.826660,13.000488
59653,-0.054932,-0.294312,1.020996,-2.014160,-9.826660,13.854980
59663,-0.079102,-0.456055,0.978394,-2.014160,-9.643555,15.014648
59674,-0.182861,-0.482056,0.844360,-2.502441,-9.277344,16.174316
59683,-0.203491,-0.570923,0.725708,-3.479004,-8.300781,17.639160
59694,-0.247559,-0.436768,0.939575,-5.493164,-6.713867,19.287109
59703,-0.268677,-0.251465,1.067261,-6.042480,-5.554199,19.409180
59713,-0.239380,0.070312,1.293335,-2.807617,-5.249023,19.226074
59724,-0.282349,-0.472900,0.924561,0.793457,-6.103516,18.493652
59733,-0.262329,-0.500610,0.920410,1.159668,-5.981445,17.211914
59744,-0.367676,-0.394409,0.868164,0.122070,-4.638672,17.700195
59753,-0.273560,-0.075439,0.875000,-0.427246,-3.417969,17.517090
59763,-0.260864,-0.245483,0.797119,-0.427246,-2.990723,16.479492
59776,-0.194336,-0.054932,1.134521,-0.854492,-2.258301,15.014648
59785,-0.137817,0.026489,1.263794,-0.305176,-1.708984,14.221191
59795,-0.150024,-0.052490,1.168823,0.427246,-1.892090,12.695313
59805,-0.169312,-0.229248,1.023560,1.281738,-2.075195,11.535645
59814,-0.179077,-0.448486,0.815308,1.342773,-1.770020,10.253906
59823,-0.214600,-0.203247,0.792236,0.366211,-1.037598,8.850098
59833,-0.272339,-0.100098,0.938232,-1.647949,-0.549316,6.652832
59846,-0.181152,0.035645,1.121704,-4.638672,-1.342773,-1.708984
59855,-0.180786,0.064087,1.138184,-3.845215,-2.319336,-5.798340
59865,-0.187134,-0.061890,1.078735,-2.868652,-2.746582,-9.216309
59875,-0.145508,-0.127930,1.066162,-2.563477,-1.770020,-12.084961
59885,-0.140625,-0.187988,1.016479,-2.868652,-0.305176,-13.427734
59895,-0.135864,0.014038,0.997803,-2.868652,0.793457,-14.648438
59904,-0.075684,0.141357,0.965088,-3.051758,1.770020,-15.502930
59914,-0.033081,-0.095947,0.902344,-2.624512,3.723145,-15.808105
59923,0.008911,0.023682,1.108154,-2.868652,3.723145,-16.418457
59933,0.012207,0.075073,1.199463,-2.990723,3.906250,-16.418457
59943,0.069092,-0.030396,1.140991,-2.624512,4.028320,-15.808105
59954,0.020142,-0.169067,0.936523,-2.075195,3.967285,-15.319824
59964,0.026245,0.021484,0.880127,-1.708984,4.760742,-13.793945
59973,0.147583,0.174194,0.955078,-1.464844,5.615234,-11.779785
59986,0.143677,-0.011719,0.749146,0.732422,5.737305,-7.446289
59995,0.094238,-0.139282,0.833374,1.098633,5.493164,-5.065918
