timestamp,accX,accY,accZ,gyrX,gyrY,gyrZ
10,-0.039673,-0.076782,0.963379,-2.136230,3.723145,-4.089355
20,-0.028687,-0.134888,0.956421,-2.197266,4.089355,-4.577637
30,-0.020874,-0.118896,0.945190,-2.197266,4.089355,-5.249023
42,-0.038086,-0.050415,0.984497,-2.136230,3.723145,-6.225586
51,0.014038,-0.116821,0.979126,-1.831055,2.685547,-6.286621
61,0.047974,-0.113525,0.946655,-1.525879,2.624512,-6.103516
71,-0.000488,-0.110229,0.950928,-1.708984,2.807617,-5.737305
81,0.038208,-0.088745,0.963623,-1.831055,2.990723,-5.187988
90,0.028809,-0.111328,1.005127,-1.281738,2.929688,-4.638672
100,-0.004883,-0.131470,0.969604,-1.037598,2.502441,-4.333496
112,-0.044434,-0.104126,0.993774,-1.281738,2.441406,-2.868652
121,-0.029907,-0.093750,1.002808,-1.220703,2.746582,-2.014160
131,-0.047119,-0.091187,0.986450,-0.915527,3.295898,-1.220703
140,-0.057007,-0.055420,1.005737,-1.525879,3.601074,-1.159668
150,-0.062500,-0.029663,1.040894,-1.831055,3.662109,-1.098633
160,-0.028564,0.029785,1.096924,-1.770020,3.295898,-1.098633
171,-0.046021,0.052368,1.063599,-1.159668,2.929688,-0.488281
180,-0.064697,-0.052734,0.961914,-0.732422,2.746582,0.122070
192,-0.067871,-0.044922,0.952271,-0.671387,3.601074,0.366211
201,-0.069824,-0.050171,0.959961,-1.037598,4.455566,-0.488281
210,-0.058472,-0.026367,1.040283,-0.671387,3.723145,-1.586914
220,-0.051025,-0.083618,0.972534,-0.488281,2.929688,-3.295898
230,-0.004639,-0.158569,0.940918,-0.488281,3.112793,-4.699707
241,-0.007446,-0.053711,1.063232,-0.854492,3.295898,-5.798340
250,0.037964,0.026123,1.083496,-0.976562,2.929688,-6.713867
262,0.024048,-0.008057,1.035889,-0.610352,2.380371,-6.591797
271,-0.013306,-0.056885,0.988037,0.366211,2.563477,-5.371094
281,-0.031982,-0.107178,0.916626,0.305176,3.112793,-4.333496
290,-0.046143,-0.092407,0.942139,0.366211,3.662109,-3.845215
300,-0.024780,-0.095337,0.901611,0.244141,3.601074,-4.028320
311,-0.008789,-0.137939,0.886719,-0.244141,3.417969,-4.821777
320,-0.005737,-0.093140,0.978638,-0.793457,3.112793,-5.615234
330,0.054443,-0.012695,1.004395,-1.098633,2.319336,-5.981445
342,0.097168,0.004883,1.081665,-1.159668,1.953125,-5.004883
351,0.066772,0.054321,1.058716,-0.854492,1.770020,-2.807617
360,0.049438,0.006470,1.012451,-0.671387,2.075195,-0.610352
370,0.030396,0.007080,1.047852,-0.793457,2.807617,1.586914
380,0.029053,0.058228,1.052612,-0.793457,2.807617,3.417969
390,-0.003662,-0.026855,1.008057,-0.488281,2.502441,4.577637
402,-0.030396,-0.036011,0.963867,-0.305176,2.319336,4.821777
411,-0.003906,-0.073608,0.958252,-0.488281,1.953125,4.150391
421,-0.040283,-0.033081,0.921021,-0.915527,1.708984,3.540039
430,0.033447,-0.078491,1.013184,-0.854492,1.770020,4.333496
440,0.082886,-0.074707,0.966431,-0.854492,1.647949,4.272461
450,0.001221,-0.081299,1.008179,-0.549316,1.098633,4.638672
460,-0.025146,-0.084473,0.981689,-0.427246,0.610352,4.638672
470,-0.026001,-0.068115,0.934326,-0.366211,0.366211,3.601074
481,-0.075317,-0.120605,0.918945,-0.488281,0.183105,3.112793
491,-0.085815,-0.109619,0.950806,-0.976562,0.061035,1.892090
500,-0.124023,-0.082764,0.916382,-1.586914,0.061035,0.488281
510,-0.114868,-0.048340,0.981934,-1.586914,0.366211,-1.403809
521,-0.171265,-0.074341,0.973022,-1.525879,0.549316,-3.662109
530,-0.190918,-0.081299,0.967651,-1.464844,0.488281,-5.981445
540,-0.175537,-0.121460,1.082153,-1.098633,1.647949,-9.277344
550,-0.233887,-0.098877,1.057373,-0.854492,2.502441,-10.620117
561,-0.171875,-0.093140,1.074707,-0.793457,3.234863,-11.840820
570,-0.201660,-0.043579,1.022461,-0.671387,3.845215,-12.268066
580,-0.203125,-0.053223,1.038086,-0.122070,5.004883,-12.084961
590,-0.218750,-0.077148,1.008667,0.122070,6.164551,-12.023926
600,-0.203857,-0.065674,1.018677,0.366211,7.446289,-11.230469
610,-0.170532,-0.040405,1.035522,0.976562,8.972168,-11.352539
621,-0.137207,-0.139038,0.959351,0.854492,9.887695,-10.620117
631,-0.063232,-0.136353,0.969116,0.549316,10.681152,-10.437012
640,-0.052124,-0.124023,1.005737,0.183105,11.474609,-10.498047
650,-0.012573,-0.093384,0.996582,-0.488281,11.840820,-9.826660
660,0.045532,-0.035400,1.085815,-0.854492,11.901855,-8.911133
671,0.033691,0.094238,1.071411,-0.854492,12.207031,-7.324219
680,0.048584,0.075806,0.959106,-0.488281,14.709473,1.586914
691,0.018066,0.099121,0.963623,-0.366211,16.601562,8.422852
700,0.059937,0.085815,1.036377,-0.488281,17.639160,13.854980
710,0.035522,0.046265,1.027100,-0.549316,17.517090,18.310547
720,0.023193,0.033813,0.994751,-0.366211,16.662598,20.996094
730,0.009277,0.026978,0.940308,-0.061035,16.357422,21.911621
740,-0.056763,-0.005615,0.941040,-0.244141,16.296387,22.277832
752,-0.061157,0.129639,1.018799,-0.854492,16.418457,23.559570
761,-0.131592,0.104004,1.059814,-0.976562,15.441895,23.986816
771,-0.263428,0.129272,1.154053,-0.976562,14.587402,23.864746
780,-0.118530,-0.331055,1.104370,-1.037598,15.380859,23.559570
790,0.466675,-0.247681,1.267700,-2.075195,15.869141,24.230957
800,0.213257,0.051514,1.454956,-3.540039,11.291504,25.817871
810,-0.330566,0.360107,1.120605,-2.380371,7.141113,27.648926
822,0.273682,-0.019165,0.635620,4.516602,15.869141,30.212402
832,0.574463,-0.516479,0.780029,4.272461,19.226074,30.700684
841,0.303589,-0.486450,0.895142,0.915527,15.930176,25.756836
851,-0.130249,-0.209351,1.096313,-2.563477,10.009766,18.798828
860,-0.310913,-0.067871,1.179810,-2.807617,5.493164,12.573242
870,-0.478271,-0.170410,1.152466,-0.732422,3.906250,7.690430
882,-0.402100,-0.328491,1.088501,0.671387,9.277344,4.943848
891,-0.041626,-0.353394,0.853027,0.122070,10.009766,4.272461
902,0.006714,-0.395630,0.726562,0.366211,8.300781,2.990723
911,0.043091,-0.416748,0.709229,0.854492,6.774902,2.258301
920,0.028442,-0.433838,0.745117,0.976562,6.774902,2.380371
931,0.092285,-0.466064,0.887939,0.244141,7.385254,2.990723
941,0.160645,-0.415405,0.970093,-1.098633,8.850098,3.234863
952,0.156494,-0.396484,1.053101,-1.770020,9.155273,4.516602
961,-0.005127,-0.503784,0.977417,-1.220703,8.422852,4.699707
972,-0.020630,-0.454712,1.065308,-0.671387,7.934570,4.577637
981,0.022705,-0.494385,1.033203,-0.793457,7.690430,3.967285
990,0.141724,-0.453369,1.126465,-1.525879,7.507324,3.845215
1000,0.213501,-0.410767,1.024048,-1.525879,7.202148,3.967285
1010,0.247192,-0.410767,0.912598,-0.976562,7.446289,4.760742
1020,0.328125,-0.449707,0.943237,0.305176,7.263184,6.042480
1031,0.297241,-0.494507,1.078369,1.220703,6.652832,8.178711
1041,0.188232,-0.544434,0.970215,0.671387,4.333496,8.483887
1050,0.194946,-0.468506,0.957031,0.000000,3.234863,7.812500
1060,0.159424,-0.425537,1.020142,-0.427246,1.770020,6.958008
1071,0.110474,-0.398193,1.017456,-0.671387,0.122070,5.554199
1080,0.082520,-0.358765,0.968628,-0.549316,-1.159668,4.089355
1092,0.101807,-0.316772,0.911743,-0.732422,-2.624512,2.563477
1101,0.228760,-0.316528,0.859009,-0.732422,-2.685547,2.868652
1112,0.189453,-0.271118,0.785278,-1.098633,-3.173828,3.479004
1121,0.144409,-0.206055,0.775879,-1.586914,-3.479004,3.784180
1130,0.159058,-0.230103,0.836304,-1.586914,-3.234863,3.540039
1141,0.157959,-0.209351,1.010254,-1.708984,-3.601074,2.929688
1150,0.077515,-0.246338,0.968140,-2.319336,-4.455566,2.197266
1163,0.056396,-0.076416,1.087280,-3.051758,-5.310059,-0.183105
1173,0.053833,-0.059937,1.087769,-3.295898,-5.615234,-0.671387
1182,0.100952,0.201538,1.112061,-3.723145,-5.676270,0.122070
1192,0.148682,0.066650,1.053955,-3.540039,-5.981445,2.075195
1201,0.255493,0.215576,1.073975,-3.112793,-5.859375,5.065918
1211,0.327515,0.177002,1.151978,-2.868652,-6.103516,8.789063
1220,0.352051,0.106079,1.014526,-2.624512,-6.713867,12.695313
1233,0.370728,0.118408,1.118652,-1.708984,-9.216309,18.981934
1243,0.351440,0.146240,1.102295,-1.159668,-9.887695,21.423340
1252,0.339233,0.122070,1.051147,-0.732422,-10.131836,23.376465
1261,0.280518,-0.000977,0.960815,-0.671387,-11.047363,24.108887
1271,0.284180,0.131104,0.986572,-0.915527,-12.268066,23.925781
1280,0.285400,0.033325,0.969971,-0.610352,-14.099121,22.705078
1291,0.275513,0.062012,1.051025,-0.671387,-16.174316,20.080566
1300,0.242310,-0.032227,0.967407,-0.427246,-18.188477,1.220703
1310,0.196655,0.056030,1.035645,0.244141,-21.911621,10.253906
1322,0.163696,0.022827,1.035034,-0.122070,-23.620605,6.958008
1331,0.083862,-0.008179,0.990234,-0.671387,-24.658203,3.601074
1340,0.091797,0.013794,0.964722,-1.159668,-25.329590,0.610352
1351,0.033325,0.045288,0.974976,-1.586914,-25.329590,-2.075195
1361,0.012939,0.030884,0.919556,-2.075195,-25.512695,-4.760742
1373,-0.040649,-0.050049,0.925659,-3.479004,-25.512695,-10.864258
1383,-0.098145,0.015137,0.950439,-4.333496,-25.634766,-15.014648
1393,-0.115479,-0.046875,0.912720,-4.394531,-25.756836,-20.202637
1402,-0.156006,-0.143066,0.944580,-4.150391,-25.634766,-25.390625
1412,-0.196777,-0.191406,0.929810,-4.089355,-25.207520,-31.066895
1422,-0.144287,-0.082031,0.996460,-3.906250,-24.230957,-36.071777
1432,-0.135376,-0.165649,0.897461,-3.356934,-23.132324,-39.733887
1441,-0.046387,-0.146606,1.004517,-2.014160,-21.057129,-43.640137
1451,-0.038330,-0.162598,0.959595,-1.342773,-20.019531,-43.579102
1460,0.058350,-0.196289,0.995850,-0.976562,-18.676758,-42.297363
1471,0.166016,-0.175903,1.035889,-0.793457,-17.456055,-39.978027
1481,0.235107,-0.204224,0.999390,-0.244141,-16.723633,-37.231445
1490,0.196777,-0.226318,0.949707,0.183105,-16.418457,-34.179687
1501,0.145142,-0.260742,0.999634,0.244141,-15.808105,-30.761719
1510,0.087280,-0.302490,1.011597,-0.305176,-14.465332,-27.221680
1522,0.116089,-0.141479,0.953857,-0.915527,-12.756348,-19.775391
1532,0.142822,-0.036255,0.909302,-0.366211,-12.207031,-15.930176
1541,0.158691,-0.210327,0.944214,0.671387,-11.779785,-11.657715
1550,0.164062,-0.336182,0.974121,0.976562,-11.352539,-7.446289
1561,0.109985,-0.361328,1.057739,0.183105,-11.352539,-4.089355
1571,0.013550,-0.330444,1.051270,-1.647949,-11.657715,-1.159668
1580,-0.035034,-0.201538,1.030518,-2.807617,-11.901855,0.976562
1590,-0.044922,-0.206421,0.994995,-1.037598,-11.413574,3.906250
1601,-0.119385,-0.359253,0.894043,0.000000,-11.291504,4.882812
1611,-0.193115,-0.480347,0.855591,-0.122070,-11.108398,5.615234
1621,-0.294067,-0.463379,0.928345,-1.037598,-10.925293,5.493164
1631,-0.300415,-0.383057,1.004517,-2.075195,-10.192871,5.493164
1641,-0.328857,-0.429443,0.895630,-2.502441,-9.338379,5.126953
1650,-0.285034,-0.302734,0.923096,-2.197266,-8.483887,4.882812
1662,-0.226807,-0.481323,1.011230,-0.549316,-6.896973,3.662109
1672,-0.231323,-0.330933,0.998535,-0.366211,-6.835937,2.014160
1681,-0.254272,-0.303955,1.016235,-0.183105,-6.713867,0.305176
1691,-0.289917,-0.387207,0.929443,0.427246,-6.225586,-1.586914
1701,-0.243896,-0.281006,0.971069,1.037598,-6.103516,-3.845215
1711,-0.271973,-0.227417,0.938599,1.770020,-5.493164,-5.859375
1723,-0.216187,-0.247925,0.952637,1.953125,-3.662109,-7.629395
1732,-0.175781,-0.094971,0.946167,1.831055,-3.051758,-8.178711
1742,-0.225830,-0.168823,1.003784,1.220703,-2.197266,-8.239746
1752,-0.123413,-0.149780,1.066040,0.610352,-1.220703,-8.361816
1761,-0.091553,-0.063110,1.110596,-0.122070,-1.159668,-8.972168
1771,-0.102905,-0.048706,1.087524,-0.610352,-1.159668,-10.437012
1781,-0.166016,-0.124878,0.969971,-0.244141,-1.220703,-12.268066
1793,-0.137207,0.095215,1.001343,-0.244141,-0.061035,-15.075684
1803,-0.151001,0.030273,1.109131,-0.610352,0.183105,-16.662598
1812,-0.137085,-0.060181,1.070923,-0.732422,0.366211,-18.127441
1822,-0.180054,-0.009399,1.033691,-0.793457,0.732422,-18.615723
1831,-0.181274,0.102417,1.060425,-0.366211,1.342773,-18.676758
1841,-0.186157,0.145264,1.072144,0.183105,2.990723,-17.639160
1850,-0.141235,-0.027100,1.015747,0.366211,5.004883,-15.502930
1863,-0.112305,-0.012207,0.936890,-0.671387,7.019043,-11.901855
1872,-0.131470,-0.029297,0.967529,-1.098633,7.324219,-10.253906
1882,-0.142090,-0.134644,0.843140,-1.464844,7.751465,-9.155273
1891,-0.105103,0.005249,0.994385,-2.014160,8.117676,-8.483887
1901,-0.084351,0.042603,1.023682,-2.136230,8.117676,-8.056641
1910,-0.075684,-0.192505,0.942627,-1.770020,8.056641,-7.324219
1921,-0.068115,-0.261108,0.814941,-1.525879,8.300781,-6.469727
1931,-0.019043,-0.226929,0.748779,-3.051758,9.643555,-3.967285
1941,-0.026245,-0.285034,0.786621,-4.516602,9.521484,-3.479004
1951,-0.005371,-0.136597,0.898804,-5.737305,9.277344,-4.638672
1961,0.001709,0.018921,1.078491,-6.042480,8.666992,-6.103516
1970,0.012939,0.020020,1.147339,-4.638672,7.751465,-7.934570
1981,0.081421,-0.174194,1.064575,-2.502441,6.347656,-10.498047
1991,0.100342,-0.327759,1.065796,-2.014160,5.432129,-12.939453
2000,0.060303,-0.234863,1.152100,-2.807617,5.371094,-14.404297
2012,0.066528,0.016846,0.966431,-3.173828,5.859375,-16.540527
2022,0.042603,0.117065,0.887451,-2.258301,6.042480,-16.906738
2031,0.050781,0.013550,0.902954,-1.220703,5.798340,-16.967773
2040,0.093384,-0.071289,1.026855,-0.732422,5.554199,-17.883301
2051,0.148193,-0.127197,1.162231,-1.098633,5.249023,-18.493652
2060,0.186523,-0.149170,1.174683,-2.075195,4.821777,-18.737793
2073,0.139648,-0.002563,0.985229,-2.258301,4.455566,-18.554687
2083,0.146606,0.003540,0.941528,-1.342773,4.699707,-18.371582
2092,0.069336,-0.034790,1.030518,-1.037598,5.004883,-18.371582
2102,0.018799,-0.003174,1.107056,-1.403809,4.943848,-18.432617
2111,0.005737,-0.004883,1.064697,-0.793457,4.638672,-17.883301
2121,0.009766,0.116455,1.151245,-0.366211,4.455566,-16.357422
2130,0.089233,-0.144165,1.094360,0.061035,4.577637,-14.648438
2143,0.137695,-0.068359,1.001221,-1.525879,5.676270,-8.422852
2153,0.178833,0.213257,1.059448,-2.624512,6.103516,-5.737305
2163,0.090454,0.103149,0.880615,-2.197266,6.591797,-3.234863
2172,-0.007324,0.009644,0.736450,-0.915527,6.652832,-1.525879
2182,-0.038208,0.061279,0.842529,0.244141,6.286621,-1.220703
2191,-0.122559,-0.013184,0.891479,0.122070,5.615234,-2.075195
2201,-0.161255,-0.130493,0.895874,-0.915527,4.821777,-3.540039
2210,-0.142578,0.082520,0.933228,-2.441406,4.272461,-5.920410
2222,-0.101929,0.105713,0.867798,0.061035,5.187988,-5.310059
2231,-0.080322,0.023193,0.909058,1.464844,5.859375,-3.601074
2241,-0.058228,0.053223,1.152466,1.953125,6.774902,-1.403809
2251,-0.066895,-0.103638,1.143677,1.892090,7.812500,1.281738
2261,-0.092407,-0.072388,1.044922,1.586914,8.911133,3.662109
2271,-0.093140,0.142822,1.056885,1.647949,9.460449,5.676270
2283,-0.131470,-0.182983,1.016724,3.845215,9.582520,7.690430
2293,-0.148682,-0.056885,1.085571,3.967285,9.460449,7.934570
2303,-0.159058,-0.054077,1.156006,3.173828,9.033203,7.812500
2312,-0.196533,-0.276855,0.967896,2.685547,9.155273,7.812500
2322,-0.124390,-0.139282,0.953003,2.136230,9.277344,7.995605
2331,-0.062988,0.123535,1.121460,2.136230,9.277344,8.483887
2341,-0.044189,-0.140625,1.094482,2.563477,9.460449,9.033203
2351,-0.039063,-0.282104,1.063110,2.380371,9.582520,9.155273
2362,0.040894,0.041016,1.226074,1.770020,9.643555,9.094238
2371,-0.024536,-0.142456,1.079712,2.258301,9.216309,8.483887
2381,0.000488,-0.105591,1.028320,3.051758,8.483887,7.934570
2391,-0.010864,0.079102,1.122803,3.723145,7.873535,7.629395
2401,-0.010864,-0.188232,1.005371,3.479004,7.019043,7.080078
2411,-0.033325,-0.338989,0.829590,2.441406,6.652832,7.141113
2421,0.036499,0.096313,0.990112,0.488281,6.225586,8.239746
2432,0.018188,-0.096436,0.778809,0.549316,6.103516,9.033203
2442,-0.002808,0.030273,1.079956,0.671387,6.164551,10.192871
2451,-0.001831,0.391357,1.432861,0.854492,5.676270,10.620117
2462,-0.058105,0.252686,1.351318,2.258301,5.737305,10.437012
2471,-0.182251,0.039185,0.948486,4.760742,5.676270,10.864258
2482,-0.048706,-0.084839,0.803345,6.347656,5.554199,11.352539
2491,-0.067383,-0.298340,0.559692,4.333496,4.150391,12.573242
2503,0.024658,-0.215820,0.620239,0.244141,4.028320,13.305664
2512,0.038208,0.044556,0.765869,-2.441406,3.845215,14.648438
2521,0.010620,0.388428,1.106201,-2.746582,3.723145,14.953613
2531,0.010254,0.205322,1.168701,-0.061035,3.417969,14.831543
2542,-0.091064,-0.260742,0.921387,2.929688,2.929688,14.831543
2551,-0.073730,-0.402344,0.875000,2.441406,2.868652,14.892578
2563,-0.044922,-0.043579,0.979370,-1.098633,2.624512,14.465332
2572,-0.032227,0.252686,1.156128,-4.638672,1.586914,13.305664
2582,-0.038574,0.092896,1.196045,-2.258301,1.220703,11.962891
2591,-0.029663,-0.201538,1.048096,0.183105,0.793457,10.009766
2601,-0.028809,-0.259521,1.043945,0.244141,0.122070,7.690430
2611,0.022339,-0.047607,1.194702,-1.159668,-0.244141,5.859375
2621,0.019897,-0.074219,1.163208,-1.647949,-0.427246,4.638672
2631,-0.027710,-0.103027,0.996338,1.037598,-0.976562,2.807617
2643,0.035034,-0.528442,0.868408,1.403809,-1.159668,2.319336
2652,0.011963,-0.361328,0.936523,-0.854492,-1.403809,1.831055
2662,0.038208,-0.093262,1.096680,-3.356934,-1.892090,0.976562
2671,0.025146,-0.159180,0.894653,-4.211426,-2.014160,0.366211
2681,0.061768,-0.206421,0.840698,-4.089355,-2.197266,0.244141
2693,0.069824,-0.400879,0.755127,-6.347656,-3.479004,-1.953125
2702,0.066895,-0.094238,0.901245,-9.521484,-3.356934,-3.112793
2712,0.076538,0.280273,1.195923,-11.047363,-3.479004,-4.211426
2722,0.016846,0.399780,1.285034,-9.277344,-3.295898,-5.371094
2731,-0.047363,0.227905,1.207764,-5.676270,-3.662109,-6.835937
2742,-0.050659,-0.011963,1.044678,-2.685547,-3.662109,-7.812500
2751,0.003784,-0.253662,0.924194,-2.380371,-3.356934,-8.544922
2761,0.039673,-0.289185,0.941406,-4.577637,-3.295898,-9.033203
2773,0.055420,0.114990,1.135132,-7.263184,-3.356934,-8.911133
2782,-0.005127,0.168945,1.080200,-7.873535,-2.624512,-8.178711
2792,0.058716,0.231567,1.206665,-6.408691,-2.319336,-8.178711
2802,-0.000610,0.189087,0.957153,-5.126953,-2.258301,-8.361816
2811,-0.011230,0.316650,0.993652,-3.662109,-2.441406,-8.605957
2822,0.021606,0.297119,1.029907,-0.732422,-2.563477,-8.911133
2832,0.019897,-0.061157,0.845947,1.647949,-2.990723,-9.094238
2841,0.057617,-0.142822,1.040039,1.403809,-2.258301,-8.300781
2852,0.071411,-0.059814,1.042236,0.000000,-1.708984,-7.568359
2862,0.070801,0.182983,1.157837,-0.427246,-0.976562,-6.042480
2871,0.003174,0.034058,0.950928,0.610352,-0.732422,-5.065918
2882,-0.020996,0.175415,1.088989,2.258301,-0.732422,-4.394531
2891,-0.056641,-0.099609,1.099121,3.479004,-1.037598,-3.723145
2901,-0.099365,-0.275635,0.975708,3.479004,-0.793457,-3.417969
2913,0.009766,-0.239502,0.857544,1.403809,-0.793457,-3.112793
2923,0.015503,-0.161377,0.853638,0.122070,-0.549316,-2.868652
2932,0.039307,-0.171387,0.857300,-0.671387,-0.671387,-2.746582
2942,0.018188,-0.111694,0.939331,-1.464844,-0.549316,-2.868652
2952,-0.021606,-0.109863,0.926270,-2.441406,-0.488281,-3.051758
2962,-0.012695,0.044067,1.005005,-2.868652,-0.854492,-3.662109
2971,-0.015991,-0.058838,0.888062,-2.563477,-0.854492,-4.272461
2981,0.004395,-0.072388,0.868774,-2.014160,-1.342773,-5.187988
2992,0.011353,-0.137329,0.918945,-2.441406,-1.464844,-5.126953
3002,-0.006592,-0.040649,0.889771,-2.685547,-0.854492,-4.638672
3012,-0.000732,0.050903,0.961060,-2.746582,-0.549316,-3.906250
3021,-0.005371,0.098633,0.958618,-1.586914,-0.061035,-2.990723
3032,-0.028198,-0.013916,0.938721,0.244141,0.366211,-2.441406
3041,-0.009033,-0.232178,0.931519,1.342773,0.488281,-2.014160
3053,-0.064819,-0.296143,1.010132,-1.281738,0.366211,-2.624512
3063,-0.070923,-0.187134,0.981201,-2.868652,0.732422,-3.112793
3073,-0.061523,-0.006592,0.978638,-3.295898,1.281738,-3.234863
3082,-0.042969,0.025879,0.949097,-2.441406,1.281738,-3.295898
3092,-0.030396,0.025391,1.010620,-1.403809,1.220703,-3.845215
3101,-0.014526,-0.178101,1.046265,-0.854492,1.037598,-4.272461
3111,-0.055542,-0.264526,1.061279,-1.342773,0.793457,-4.455566
3123,-0.002075,-0.186768,1.042358,-2.563477,0.610352,-4.943848
3133,0.001099,0.017334,1.133911,-2.258301,1.342773,-4.943848
3142,0.006958,-0.062134,1.169678,-1.220703,1.647949,-4.821777
3152,-0.034424,-0.193115,1.126587,-0.854492,1.770020,-5.065918
3161,-0.014771,-0.067749,1.119385,-0.793457,1.647949,-5.310059
3172,-0.019653,-0.256958,0.969238,-0.732422,1.586914,-5.737305
3181,0.024780,-0.117554,0.970703,-1.281738,1.525879,-5.981445
3193,0.048462,-0.157715,0.990845,-2.685547,1.586914,-5.187988
3203,0.012817,-0.024536,1.109497,-3.234863,2.075195,-4.394531
3212,-0.015625,-0.126221,0.992432,-3.479004,2.624512,-3.051758
3222,-0.002197,0.081299,1.061279,-3.356934,2.929688,-1.831055
3231,0.000000,-0.063110,0.961182,-3.051758,3.173828,-0.732422
3242,-0.019531,0.086304,1.038086,-3.173828,3.540039,0.244141
3251,-0.010132,-0.058716,0.930542,-2.563477,3.540039,0.976562
3263,-0.035156,0.020264,0.942139,-2.563477,3.417969,2.258301
3272,-0.030151,0.001831,0.872314,-2.197266,3.356934,2.807617
3282,-0.020508,0.026489,0.936401,-1.770020,3.295898,3.295898
3291,0.000366,-0.052979,0.936401,-1.159668,3.417969,4.089355
3302,0.005615,0.012939,0.984009,-0.976562,3.479004,4.760742
3311,0.028809,0.053833,0.979614,-0.610352,3.295898,5.249023
3323,0.017212,-0.025757,0.914185,0.488281,2.807617,5.981445
3332,-0.020020,-0.000488,0.914551,1.159668,2.685547,6.408691
3342,-0.026001,-0.109131,0.920532,1.403809,2.441406,6.652832
3352,-0.007935,-0.064453,0.970459,1.098633,2.441406,6.652832
3362,-0.045044,-0.082153,0.988281,0.854492,2.136230,6.591797
3372,-0.024780,-0.185181,1.006714,0.976562,2.014160,6.408691
3381,-0.037720,-0.008179,1.122192,1.220703,1.831055,6.774902
3393,-0.012329,-0.183472,1.042725,1.403809,1.464844,6.652832
3402,0.011353,-0.137573,1.023438,1.220703,1.586914,6.530762
3413,0.004028,-0.235229,0.912109,0.732422,1.220703,6.286621
3422,0.059204,-0.165405,1.039673,0.366211,0.793457,5.737305
3432,0.016357,-0.304321,0.895874,0.061035,0.671387,4.882812
3441,0.066406,-0.165283,1.064209,-0.915527,0.244141,3.906250
3452,0.027954,-0.312012,1.035767,-1.708984,-0.305176,2.929688
3462,0.024902,-0.174438,1.112915,-2.685547,-0.610352,1.953125
3473,0.023804,-0.145630,1.065552,-3.295898,-1.586914,-0.122070
3483,0.031616,-0.006592,1.098755,-3.479004,-1.464844,-0.610352
3493,0.025757,-0.203491,0.956299,-3.417969,-1.464844,-0.732422
3503,0.056763,0.022583,1.047852,-3.540039,-1.403809,-1.220703
3512,0.019287,-0.174316,0.889404,-3.723145,-1.464844,-1.281738
3523,0.012817,0.059326,0.988037,-3.662109,-1.464844,-1.464844
3532,0.010010,-0.066040,1.029419,-2.746582,-1.770020,-2.685547
3542,-0.007202,-0.012695,1.031128,-2.990723,-1.953125,-2.929688
3552,-0.027344,-0.128418,0.943726,-3.112793,-1.831055,-3.540039
3562,-0.049072,-0.031250,0.944946,-3.356934,-2.014160,-4.089355
3572,-0.046143,0.053955,0.916870,-3.173828,-1.892090,-4.455566
3582,-0.029907,0.031860,0.874878,-2.380371,-1.647949,-4.760742
3591,-0.031128,-0.038452,0.844238,-1.770020,-1.525879,-5.126953
3604,-0.046631,-0.124634,0.874512,-2.563477,-0.976562,-4.577637
3614,0.026123,-0.014282,1.017578,-3.173828,-0.488281,-4.211426
3624,-0.020508,-0.022339,0.947021,-2.807617,-0.061035,-3.295898
3633,-0.027832,-0.104248,0.903320,-2.807617,0.488281,-2.563477
3643,-0.057129,-0.115723,0.905884,-2.502441,0.671387,-2.380371
3653,-0.018066,-0.086304,0.919556,-2.624512,1.098633,-1.953125
3662,-0.036743,-0.046997,0.961182,-2.929688,1.220703,-1.831055
3672,-0.041870,-0.065552,0.908691,-3.173828,1.159668,-1.953125
3682,-0.060669,0.001465,0.986206,-3.112793,1.281738,-1.220703
3693,-0.018555,-0.093018,1.111084,-3.540039,1.403809,-0.793457
3702,0.005249,-0.072510,1.212158,-4.028320,1.403809,-0.305176
3712,0.008667,-0.092896,1.145752,-4.211426,1.586914,0.427246
3722,0.001953,0.052002,1.268799,-3.845215,2.014160,1.220703
3733,-0.018799,-0.015869,1.153931,-2.868652,1.892090,2.258301
3742,-0.040161,-0.052612,1.075195,-1.159668,2.380371,4.333496
3754,-0.010864,-0.189575,0.965332,-1.525879,2.258301,5.065918
3763,0.057983,-0.052368,1.047852,-2.075195,2.197266,5.249023
3773,0.036621,-0.184326,0.929810,-1.892090,2.197266,5.493164
3782,0.057129,-0.021851,1.009033,-2.014160,2.258301,5.432129
3793,0.001099,-0.199219,0.928955,-2.075195,1.464844,4.760742
3802,-0.018311,-0.002441,1.050049,-2.624512,1.342773,3.662109
3812,-0.010132,-0.074219,1.048096,-2.868652,0.610352,0.976562
3824,0.016235,0.078003,0.994019,-1.953125,-0.061035,-0.427246
3833,0.029419,-0.017944,0.871460,-1.403809,-0.427246,-0.854492
3843,0.061523,-0.011108,0.955688,-1.281738,-0.732422,-1.464844
3853,0.035278,-0.160767,0.960693,-0.976562,-0.854492,-1.831055
3863,0.020630,-0.098145,0.921143,-1.525879,-0.854492,-2.014160
3872,0.022217,-0.059082,0.950928,-1.892090,-0.610352,-1.831055
3882,0.025513,-0.033936,0.955933,-1.953125,-0.854492,-2.990723
3894,0.021606,-0.147583,0.947998,-2.075195,-0.854492,-3.845215
3903,0.011108,-0.056030,1.010986,-2.380371,-1.281738,-5.249023
3913,-0.010254,0.075562,0.977295,-2.136230,-1.525879,-6.347656
3923,0.013794,0.156738,1.045532,-1.159668,-1.586914,-7.324219
3933,-0.012573,-0.119019,0.890991,0.183105,-1.647949,-7.934570
3942,0.033691,-0.065308,1.006470,0.854492,-1.464844,-8.239746
3955,0.072510,-0.079468,1.107178,0.183105,-0.976562,-8.361816
3964,0.044922,-0.083984,1.100708,-0.061035,-0.610352,-8.300781
3974,0.038208,-0.096558,1.092896,0.732422,-0.305176,-8.483887
3983,-0.006226,0.087891,1.229004,1.770020,-0.366211,-8.972168
3993,-0.025391,-0.119263,1.047119,3.234863,-0.305176,-8.666992
4002,-0.068604,-0.079224,1.101929,3.723145,-0.305176,-8.178711
4012,-0.005737,-0.130127,1.131592,4.089355,0.244141,-7.324219
4024,0.044189,-0.149292,0.975464,3.295898,1.342773,-4.455566
4034,0.012817,-0.293335,0.888550,2.685547,1.892090,-2.380371
4043,0.004883,-0.153931,1.009521,1.586914,2.563477,-0.915527
4053,-0.053711,-0.269287,0.949097,0.427246,2.990723,0.610352
4062,-0.089355,-0.060425,1.022949,-0.488281,3.417969,1.831055
4072,-0.104736,-0.009277,1.045776,-0.976562,3.601074,2.807617
4083,-0.091797,0.005615,1.003418,-0.610352,3.906250,3.662109
4092,-0.027466,0.122559,1.088257,1.464844,3.356934,4.516602
4103,0.001587,0.016968,1.018311,1.708984,2.868652,4.699707
4113,0.015625,-0.126953,0.973999,1.403809,2.990723,5.676270
4122,0.005249,-0.078003,0.976807,1.159668,3.479004,6.774902
4133,0.026733,0.024048,1.041138,1.220703,3.906250,8.117676
4142,0.016479,-0.140137,0.983276,1.464844,4.211426,9.643555
4152,-0.001953,0.056641,1.132080,1.464844,4.089355,10.620117
4162,-0.001221,-0.070923,1.109497,1.953125,3.967285,10.864258
4173,-0.016479,0.115845,1.125732,2.746582,3.234863,10.498047
4183,-0.063477,-0.158691,0.966675,3.112793,2.929688,10.192871
4193,-0.051270,-0.006714,1.023071,3.112793,2.563477,9.582520
4202,-0.041138,-0.068848,0.955688,3.295898,2.319336,9.460449
4212,0.000000,-0.070679,0.960205,3.234863,2.136230,9.399414
4222,0.022339,-0.112549,0.846191,3.051758,1.525879,8.789063
4234,0.014038,-0.180908,0.960449,1.525879,0.976562,7.568359
4244,-0.009521,-0.114990,0.973022,0.732422,0.244141,6.591797
4253,0.003662,-0.014038,1.021851,0.366211,-0.183105,5.310059
4263,-0.054687,-0.044800,0.906494,0.366211,-0.122070,4.455566
4272,-0.005127,0.029297,1.028320,0.610352,0.061035,3.906250
4282,-0.028687,-0.120850,0.933838,0.976562,-0.366211,3.295898
4293,-0.002319,-0.075928,0.997559,0.854492,-0.244141,3.356934
4302,-0.005005,-0.234497,0.976440,-0.671387,-0.183105,4.760742
4312,0.005493,-0.219238,0.882812,-1.831055,-0.122070,5.249023
4323,-0.003784,-0.057373,0.999023,-2.990723,0.488281,5.432129
4332,-0.003906,-0.111694,1.009888,-3.479004,0.244141,5.615234
4342,0.013916,0.025635,1.055420,-3.417969,0.000000,5.310059
4352,0.011597,-0.096436,0.986938,-2.868652,-0.122070,4.516602
4362,0.041504,-0.090820,1.037964,-2.990723,-0.793457,3.906250
4375,0.066284,-0.068237,1.047974,-3.479004,-1.403809,2.868652
4384,0.080200,-0.002563,1.059448,-3.356934,-1.586914,2.563477
4393,0.063843,-0.007446,0.987915,-3.234863,-1.831055,2.319336
4403,0.047241,-0.011719,1.022949,-2.990723,-2.136230,1.953125
4413,0.046875,-0.137451,1.025757,-2.868652,-2.380371,1.708984
4422,0.034912,-0.122314,0.943115,-3.112793,-2.563477,1.098633
4433,0.056763,-0.049683,1.035400,-3.723145,-2.929688,1.098633
4442,0.039063,0.003418,1.007080,-3.906250,-3.845215,0.671387
4454,0.067749,-0.027832,1.065430,-3.540039,-4.211426,0.793457
4463,0.057129,0.115845,1.147583,-3.417969,-4.760742,1.037598
4472,0.044434,0.035522,1.082153,-2.807617,-4.821777,1.708984
4482,0.048096,0.166504,1.078735,-2.807617,-4.638672,2.380371
4493,0.044312,0.008667,0.929199,-2.624512,-4.333496,3.601074
4502,0.063599,-0.011353,0.937134,-3.112793,-4.455566,4.760742
4514,-0.061279,-0.000244,0.766968,-4.028320,-4.638672,5.798340
4523,-0.088623,0.026001,0.775024,-6.896973,-3.845215,7.019043
4533,-0.174194,0.077881,0.832153,-8.056641,-3.356934,8.056641
4543,-0.227905,0.006104,0.838623,-8.422852,-2.624512,8.972168
4553,-0.337769,0.040649,0.882935,-8.178711,-1.525879,9.643555
4562,-0.401245,-0.039917,0.762207,-7.507324,0.305176,10.131836
4573,-0.344849,-0.049194,0.866699,-6.896973,1.770020,10.803223
4582,-0.331299,-0.325317,0.826050,-5.676270,2.502441,11.718750
4594,-0.123901,-0.363159,0.874023,-5.676270,1.708984,12.451172
4603,-0.057251,-0.340942,0.972290,-5.859375,0.854492,12.634277
4613,-0.096802,-0.447266,0.912720,-5.126953,0.854492,12.939453
4622,-0.124634,-0.722656,0.621094,-4.455566,2.441406,13.732910
4632,-0.123413,-0.664062,0.622681,-4.760742,4.821777,13.366699
4644,-0.144775,-0.709961,0.562378,-4.211426,5.249023,8.850098
4653,-0.159912,-0.887573,0.808350,-3.295898,3.723145,5.187988
4663,-0.108032,-1.987061,-0.482056,-1.647949,2.502441,1.953125
4672,-0.016968,-3.316895,-1.641479,-2.380371,0.976562,0.305176
4683,0.233032,-2.849854,-0.823486,-21.179199,1.098633,-3.601074
4692,0.059814,-2.172974,-1.147949,-43.579102,-2.685547,-8.850098
4702,0.507935,-0.214844,-0.110107,-63.720703,-5.310059,-13.854980
4712,0.308472,1.057373,2.763428,-60.058594,-6.835937,-15.319824
4724,0.501587,-0.317871,3.999512,-40.100098,-7.934570,-12.390137
4733,0.441040,-0.462524,3.999512,-4.577637,-5.615234,-9.765625
4743,0.443970,-1.961304,2.095581,10.253906,-4.760742,-9.155273
4753,0.469116,-1.747803,0.598145,14.587402,-6.591797,-10.864258
4763,0.247803,-1.270630,0.273193,11.108398,-12.390137,-15.747070
4773,-0.020142,-0.946533,0.632446,7.568359,-17.272949,-20.690918
4783,-0.067383,-0.548950,1.943481,4.821777,-15.502930,-20.141602
4794,-0.040649,1.718384,3.524048,4.028320,-1.281738,-8.117676
4804,-0.088867,3.014771,3.998291,11.779785,2.502441,-2.441406
4813,-0.269287,3.375488,3.777954,31.311035,-0.976562,0.610352
4823,-0.698242,3.999512,3.999512,53.100586,1.708984,4.577637
4833,-1.521973,3.999512,3.999512,75.622559,9.216309,9.948730
4842,-1.027222,3.990845,3.770020,86.425781,18.676758,15.625000
4854,0.010254,2.764893,2.015747,102.416992,45.898437,44.860840
4863,0.259888,1.662720,0.863403,108.459473,40.161133,45.837402
4873,0.667603,1.370361,0.569580,109.741211,29.296875,36.071777
4888,0.476196,0.792480,0.077637,105.468750,14.099121,23.559570
4898,0.823486,0.168701,-0.257813,88.867187,9.521484,18.981934
4907,0.307373,-0.178711,-0.329834,79.772949,5.065918,11.169434
4917,-0.116821,-0.058716,-0.096924,71.411133,2.136230,4.455566
4926,-0.235962,0.028564,-0.000854,63.842773,0.854492,-1.281738
4936,-0.292969,0.119263,0.048828,56.701660,1.037598,-7.141113
4945,-0.225342,0.253540,0.189941,52.001953,2.258301,-12.512207
4955,-0.070435,0.096924,0.316284,50.964355,4.455566,-16.296387
4964,-0.003662,-0.113525,0.469116,50.659180,6.591797,-17.395020
4974,0.133667,-0.268311,0.459351,48.645020,7.507324,-17.272949
4983,0.188721,-0.333008,0.214966,44.067383,6.286621,-17.944336
4992,0.139404,-0.230957,0.109985,38.940430,4.150391,-18.981934
5004,0.150391,-0.432373,-0.039429,32.836914,-0.122070,-16.296387
5014,0.012817,-0.570312,0.060059,29.418945,-1.892090,-15.075684
5023,-0.043335,-0.677856,0.037109,24.475098,-3.601074,-14.282227
5033,-0.078491,-0.750732,-0.083008,18.066406,-4.760742,-12.878418
5044,-0.142822,-0.688110,-0.221436,11.291504,-5.126953,-11.901855
5053,-0.229126,-0.607666,-0.307617,6.042480,-4.943848,-10.803223
5063,-0.203003,-0.635986,-0.258545,-2.868652,-3.662109,-7.446289
5073,-0.195312,-0.681396,-0.198975,-7.873535,-2.624512,-5.554199
5084,-0.110352,-0.660156,-0.244385,-13.305664,-1.708984,-3.173828
5094,-0.136475,-0.645386,-0.269165,-18.920898,-0.427246,-0.366211
5104,-0.105103,-0.625732,-0.269775,-23.925781,0.549316,2.014160
5113,-0.128906,-0.737061,-0.256714,-28.686523,1.586914,3.967285
5123,-0.091797,-0.756592,-0.248169,-33.630371,2.502441,5.554199
5133,-0.074219,-0.801147,-0.262939,-39.428711,3.540039,6.408691
5144,0.031250,-0.804687,-0.429443,-52.124023,5.371094,7.141113
5154,0.065552,-0.731079,-0.485352,-58.410645,5.676270,7.141113
5164,0.120239,-0.750854,-0.505615,-64.086914,5.310059,7.446289
5173,0.134644,-0.725708,-0.529175,-69.763184,4.577637,7.141113
5184,0.145020,-0.771118,-0.574707,-75.866699,3.723145,6.530762
5193,0.136230,-0.776733,-0.644897,-82.580566,2.136230,5.554199
5203,0.121460,-0.742310,-0.708252,-89.477539,-14.526367,2.563477
5215,0.093872,-0.667114,-0.830811,-103.088379,-1.281738,0.793457
5224,0.132812,-0.577637,-0.887817,-110.229492,-2.624512,-1.281738
5234,0.132568,-0.542114,-0.984253,-117.126465,-4.028320,-3.540039
5244,0.238403,-0.527588,-1.012207,-124.389648,-6.408691,-6.530762
5253,0.310913,1.850586,1.100220,-132.568359,-9.338379,-10.559082
5264,-0.229858,3.683960,3.999512,-114.807129,-9.948730,-15.197754
5274,0.496216,-1.307861,3.999512,-27.465820,-5.737305,-1.403809
5283,-1.187988,0.094238,2.207153,-76.782227,4.333496,-5.004883
5294,0.900391,3.999512,1.460815,-97.717285,-2.136230,-18.737793
5303,-0.105469,3.385864,0.673340,-35.705566,-17.517090,-12.145996
5314,-0.231689,-2.882690,0.574829,15.502930,-21.911621,-6.896973
5324,0.252930,0.713013,3.999512,-8.300781,-12.756348,-15.991211
5333,-0.321289,-1.473267,3.406738,-19.042969,-9.948730,-10.620117
5346,0.241577,0.513550,0.287476,-11.169434,-4.272461,-2.563477
5355,0.117676,0.781616,0.382690,7.568359,-5.798340,2.136230
5365,0.398682,-1.360229,1.028687,19.409180,-2.746582,8.300781
5374,-0.118164,-1.785645,1.631348,8.789063,-4.333496,4.516602
5384,-0.162598,-0.703735,1.535156,-10.986328,-5.310059,2.197266
5393,0.025879,0.876831,1.452026,-20.324707,-2.685547,4.394531
5404,-0.140991,0.570679,1.105469,-8.972168,-3.906250,4.028320
5413,-0.139404,0.101807,1.635498,13.366699,-7.446289,-6.774902
5423,-0.006836,-0.345215,1.631958,12.634277,-7.629395,-8.728027
5434,0.103760,0.069824,1.073608,11.718750,-9.704590,-12.634277
5443,0.014404,0.352173,0.789307,15.441895,-10.131836,-12.939453
5453,0.170044,-0.014893,0.762939,22.521973,-8.483887,-9.887695
5463,0.151367,-0.268188,0.941162,24.597168,-7.019043,-8.117676
5474,0.130493,-0.191772,0.977661,21.240234,-5.371094,-7.690430
5483,0.174072,0.115967,0.863281,1.037598,-3.845215,-6.652832
5495,-0.125366,0.090332,0.282959,16.845703,-4.882812,-7.629395
5504,-0.140137,0.080688,0.454468,17.578125,-5.004883,-9.094238
5514,-0.076904,-0.132202,0.737183,15.930176,-5.065918,-11.535645
5523,-0.158691,-0.151123,0.937866,12.145996,-6.408691,-15.869141
5534,-0.124146,0.123047,0.931274,9.094238,-6.835937,-19.592285
5543,-0.115479,0.155884,0.848877,8.239746,-6.469727,-20.629883
5556,-0.121826,0.072998,0.648315,8.544922,-3.845215,-19.104004
5565,-0.086304,0.082520,0.796265,7.812500,-1.892090,-17.028809
5575,-0.138184,0.142090,0.818115,6.896973,0.061035,-14.343262
5584,-0.078979,0.255493,0.945557,6.164551,1.647949,-12.268066
5594,-0.115845,0.136108,0.802246,6.347656,2.929688,-9.826660
5603,-0.083130,-0.066650,0.647827,6.225586,3.906250,-7.690430
5613,-0.085815,-0.123901,0.672241,5.004883,4.516602,-6.347656
5626,-0.035645,0.059692,0.863159,0.671387,5.554199,-4.089355
5635,-0.014771,0.090210,0.857422,-0.854492,6.164551,-3.051758
5645,-0.009033,0.097412,0.878784,-2.014160,6.591797,-2.319336
5655,-0.036255,0.202881,0.873169,-2.319336,6.591797,-1.770020
5664,-0.079346,0.175293,0.793823,-2.258301,6.591797,-1.892090
5674,-0.140137,0.118774,0.881226,-2.746582,6.958008,-2.136230
5683,-0.178101,0.152100,1.115112,-2.990723,7.019043,-2.685547
5695,-0.250244,0.248047,1.312500,-2.807617,8.911133,-4.760742
5705,-0.218262,-0.010620,1.125000,-1.831055,9.765625,-5.920410
5714,-0.196411,0.106689,1.108521,-1.403809,10.559082,-7.385254
5724,-0.208252,0.047607,0.983276,-0.732422,10.437012,-8.728027
5734,-0.206177,0.112549,1.066650,-0.061035,10.681152,-10.375977
5743,-0.233643,0.020264,1.024536,0.915527,11.596680,-10.986328
5753,-0.219238,-0.013306,1.059448,1.647949,12.634277,-10.986328
5765,-0.149536,-0.055786,0.999390,1.708984,13.732910,-10.559082
5774,-0.140259,0.036011,1.015747,0.488281,15.747070,-9.277344
5784,-0.133789,0.100830,1.023193,0.427246,16.845703,-8.117676
5794,-0.068115,0.137207,1.081299,0.793457,17.944336,-7.019043
5804,0.292603,-0.183594,1.036499,1.831055,18.554687,-5.676270
5814,0.663208,-0.342407,1.216919,2.319336,18.249512,-2.868652
5824,0.542480,-0.399536,0.984497,1.708984,14.404297,1.098633
5835,0.089844,-0.486816,0.369019,2.014160,6.958008,5.981445
5844,0.243652,-0.868896,0.481934,4.577637,8.789063,10.681152
5854,0.391846,-1.078979,0.899902,1.708984,13.305664,18.249512
5863,0.263062,-0.801392,0.976685,-3.234863,15.075684,24.108887
5874,0.201782,-0.408325,0.930542,-6.225586,14.221191,25.756836
5884,0.144165,-0.328491,1.196167,-6.774902,12.756348,25.451660
5895,0.117676,-0.417480,1.198120,-3.356934,7.446289,22.094727
5905,0.070801,-0.811646,0.442627,-2.685547,5.432129,20.751953
5914,0.135742,-0.765259,0.640503,-5.676270,3.295898,19.775391
5923,0.126221,-0.064575,0.799072,-11.535645,2.807617,19.287109
5934,0.078735,0.190552,0.743530,-15.258789,3.723145,19.104004
5943,0.054321,0.538940,1.015015,-14.953613,5.249023,19.348145
5954,0.053223,0.559204,1.584106,-10.742188,5.554199,19.470215
5965,-0.037964,0.291016,1.895142,-2.624512,2.624512,13.977051
5975,-0.081787,0.253174,1.753540,-0.061035,1.708984,12.268066
5984,0.030640,0.142334,1.475708,3.295898,1.037598,11.657715
5994,0.073608,-0.055908,1.023193,7.080078,-0.976562,10.742188
6004,0.125977,-0.069580,0.917358,8.178711,-3.234863,10.253906
6014,0.280396,-0.096558,0.879761,6.652832,-5.187988,10.498047
6024,0.337036,0.094238,0.861816,4.394531,-5.920410,11.108398
6033,0.389648,0.427734,1.024902,3.295898,-6.164551,11.962891
6046,0.282104,0.144043,1.089600,5.004883,-6.225586,12.878418
6055,0.215210,-0.106567,1.132446,4.821777,-7.141113,12.573242
6065,0.186401,0.047485,1.205566,2.990723,-8.239746,11.901855
6074,0.099121,0.176758,1.123657,1.037598,-9.460449,11.047363
6084,0.043213,0.263306,1.013062,0.183105,-10.620117,9.521484
6094,-0.076050,0.101440,0.957886,0.549316,-11.230469,7.568359
6105,-0.109131,-0.012817,0.915405,-0.305176,-10.192871,4.089355
6115,-0.107544,0.007813,0.988770,-2.502441,-8.361816,2.685547
6124,-0.075684,0.039795,0.983154,-3.540039,-6.958008,1.464844
6134,-0.109497,0.014038,1.039429,-3.417969,-6.958008,-0.488281
6144,-0.190063,-0.009521,1.250488,-2.624512,-8.300781,-3.662109
6154,-0.208008,-0.026733,1.337891,-0.976562,-9.460449,-7.263184
6164,-0.249390,-0.033691,1.316772,0.976562,-10.131836,-10.192871
6177,-0.105469,-0.135132,1.112183,5.676270,-8.789063,-13.427734
6186,-0.009521,-0.112549,0.862793,8.605957,-7.629395,-12.634277
6196,0.018066,-0.314331,0.668457,10.925293,-5.981445,-11.047363
6205,0.106201,-0.452637,0.646362,12.145996,-4.394531,-8.544922
6215,0.167969,-0.644775,0.655151,12.329102,-3.173828,-6.103516
6224,0.230469,-0.907837,0.724243,10.986328,-2.502441,-2.929688
6234,0.194580,-0.807861,0.791504,7.446289,-2.380371,1.037598
6244,0.196899,-0.772095,0.757812,3.051758,-2.624512,8.361816
6256,0.133057,-0.480957,0.796387,-2.868652,-3.295898,11.901855
6266,0.064209,-0.422485,0.718018,-3.662109,-4.516602,14.221191
6275,0.027832,-0.391357,0.669434,-3.417969,-5.554199,16.235352
6285,0.067627,-0.452881,0.851074,-2.868652,-5.737305,17.883301
6294,0.134766,-0.643555,0.911011,-2.258301,-5.798340,19.348145
6304,0.151978,-0.514282,1.069580,-2.441406,-6.958008,20.446777
6314,0.065674,-0.617310,1.069214,-2.746582,-8.056641,22.155762
6324,-0.017212,-0.591309,1.039429,-3.540039,-8.666992,22.766113
6334,-0.131958,-0.712646,0.943726,-3.112793,-8.605957,22.583008
6344,-0.262695,-0.681274,0.864990,-3.051758,-8.239746,21.362305
6354,-0.280273,-0.715698,0.858765,-2.990723,-7.202148,19.836426
6364,-0.362793,-0.809814,0.833374,-3.295898,-6.225586,17.700195
6375,-0.463745,-0.708740,0.904297,-4.394531,-5.615234,14.892578
6384,-0.542603,-0.566528,0.974609,-4.638672,-3.173828,8.789063
6396,-0.572754,-0.737793,0.836548,-5.065918,-1.098633,6.347656
6406,-0.599243,-0.698242,0.760132,-4.882812,0.854492,4.028320
6415,-0.551758,-0.497559,0.819336,-5.249023,2.807617,2.197266
6425,-0.497314,-0.299316,0.829346,-5.249023,4.638672,0.915527
6435,-0.317383,-0.098267,0.934204,-4.394531,5.859375,0.000000
6444,-0.034912,-0.178345,1.008179,-2.685547,6.103516,0.061035
6457,0.237671,0.132202,1.174194,-1.892090,4.455566,2.136230
6466,0.318481,0.326294,1.297974,-2.929688,2.563477,4.455566
6476,0.432373,0.478882,1.279175,-3.540039,0.244141,6.469727
6485,0.493652,0.599365,1.111206,-4.089355,-2.014160,8.605957
6495,0.408569,0.626343,1.105225,-4.516602,-3.662109,11.352539
6504,0.356812,0.647339,1.130615,-5.004883,-4.699707,13.305664
6515,0.310181,0.701660,1.191895,-5.004883,-4.394531,14.831543
6524,0.159912,0.539673,1.044189,-3.417969,-3.662109,11.840820
6536,-0.285278,0.364258,0.966919,-2.624512,-3.540039,6.347656
6545,-0.465698,0.099976,0.841064,-2.014160,-3.417969,-1.220703
6555,-0.467285,0.026611,0.824341,-2.197266,-3.906250,-9.399414
6565,-0.513306,-0.109375,0.771362,-2.868652,-4.150391,-16.662598
6574,-0.530518,0.001709,0.913330,-3.784180,-4.455566,-23.620605
6584,-0.359741,-0.050903,0.952393,-4.150391,-3.845215,-29.479980
6597,0.125366,-0.026733,1.069946,-3.540039,-2.868652,-35.888672
6607,0.323853,-0.078735,0.987305,-2.746582,-3.173828,-36.804199
6616,0.370117,-0.266968,0.834229,-2.380371,-2.380371,-35.705566
6626,0.457520,-0.127075,0.773071,-2.990723,-0.793457,-32.775879
6636,0.518555,-0.017334,0.955688,-3.662109,0.976562,-29.663086
6645,0.472534,-0.089111,0.952148,-4.089355,1.647949,-26.855469
6655,0.388428,-0.117310,1.002686,-4.394531,0.427246,-25.085449
6664,0.323975,0.121094,1.078491,-5.126953,-2.441406,-22.827148
6674,0.205444,0.017944,1.083740,-4.882812,-2.868652,-21.789551
6685,0.076904,0.081421,1.172485,-4.272461,-2.197266,-20.202637
6694,0.079224,-0.167847,0.931763,-3.173828,-0.366211,-18.310547
6705,0.020508,-0.083008,1.033691,-2.441406,0.610352,-17.028809
6715,0.031982,-0.054321,1.030396,-1.403809,0.610352,-16.723633
6724,-0.031738,-0.255615,0.924683,-0.793457,0.610352,-17.761230
6737,0.042236,-0.256348,0.976929,0.122070,0.122070,-22.705078
6746,-0.049561,-0.334839,0.928589,0.000000,-0.244141,-25.329590
6756,-0.015869,-0.079956,1.014526,-0.122070,-0.061035,-28.015137
6766,-0.054199,-0.188843,1.091187,0.122070,0.915527,-29.724121
6775,-0.119019,-0.198364,0.993652,0.488281,2.136230,-30.639648
6785,-0.115479,-0.090210,1.009155,1.281738,3.356934,-30.822754
6795,-0.060791,-0.055542,0.974976,1.525879,4.638672,-27.465820
6805,-0.050415,-0.200684,0.975342,1.953125,8.300781,-23.925781
6815,-0.056641,-0.009766,1.029175,2.502441,10.192871,-19.653320
6824,-0.085327,-0.273560,0.990356,3.051758,12.329102,-14.709473
6835,-0.136475,-0.312744,0.932129,2.380371,14.465332,-9.826660
6844,-0.113159,0.006958,1.061035,1.647949,16.296387,-6.042480
6855,-0.047852,0.109741,1.085938,1.159668,17.211914,-2.380371
6864,-0.059082,-0.243530,0.954224,1.281738,17.456055,0.854492
6877,-0.021118,-0.015503,0.932861,1.159668,18.310547,7.263184
6886,-0.021851,-0.271362,0.767334,0.732422,18.920898,11.108398
6895,-0.062988,-0.223022,0.797119,-0.366211,19.958496,14.648438
6905,-0.035278,-0.078247,0.939819,-1.586914,20.446777,17.883301
6915,-0.068970,-0.205322,0.777588,-2.258301,20.507812,21.057129
6925,-0.090820,0.107788,0.990112,-2.868652,20.751953,23.620605
6934,-0.085449,0.078857,1.157959,-2.685547,20.690918,25.634766
6947,-0.093628,-0.072632,1.076538,-1.647949,20.446777,30.273437
6956,-0.092651,-0.056763,0.942749,-0.305176,20.202637,32.592773
6966,-0.054443,-0.063110,0.954590,-0.244141,20.019531,34.729004
6975,-0.043457,-0.297852,0.842285,-0.854492,20.019531,37.048340
6985,0.014038,-0.001465,0.883911,-1.525879,19.714355,39.001465
6995,-0.026001,0.055542,1.014282,-1.708984,19.226074,40.832520
7005,-0.046753,-0.140625,0.958496,-1.892090,18.127441,42.236328
7016,-0.061646,0.276489,1.402344,-2.258301,16.906738,43.334961
7026,-0.058350,0.199829,1.337769,-1.586914,16.113281,43.701172
7036,-0.046021,0.047852,1.199829,0.488281,15.197754,43.701172
7045,-0.054932,-0.047241,1.085083,1.708984,14.526367,43.884277
7055,-0.089478,-0.330933,0.903564,2.685547,13.549805,43.701172
7065,-0.065552,-0.180054,0.907959,2.197266,12.390137,41.870117
7075,-0.078003,-0.120850,0.863770,0.976562,11.718750,40.466309
7086,-0.013428,0.002441,0.972778,-0.854492,10.070801,39.306641
7096,-0.020020,-0.112915,0.939209,-1.525879,9.704590,39.794922
7105,0.019043,-0.219604,1.054321,-2.014160,9.338379,40.039062
7115,0.100830,-0.109741,1.110229,-2.502441,8.239746,39.733887
7125,0.087280,-0.107178,1.118042,-2.868652,6.652832,39.306641
7135,0.050415,-0.193604,1.023804,-2.868652,5.310059,39.062500
7146,0.036255,-0.031738,1.083374,-0.854492,4.394531,39.367676
7156,0.088379,-0.140015,1.126343,0.549316,2.990723,39.123535
7165,0.090820,-0.101563,1.218262,0.793457,1.525879,38.635254
7174,0.084229,-0.028687,1.179199,1.770020,0.061035,38.269043
7185,0.092529,0.058105,1.154785,2.746582,-0.793457,37.292480
7195,0.102661,-0.051514,1.015747,4.028320,-1.647949,36.010742
7205,0.089478,-0.186035,0.877563,5.371094,-2.624512,34.179687
7216,0.090942,-0.294434,0.867187,5.859375,-6.958008,27.221680
7226,0.083496,-0.133179,0.862915,4.333496,-8.789063,23.254395
7235,0.115967,-0.244507,0.782959,3.295898,-10.375977,19.287109
7245,0.155029,-0.293945,0.774292,3.112793,-10.803223,15.502930
7254,0.117432,-0.075317,0.933594,2.380371,-11.840820,12.268066
7265,0.120117,-0.195190,0.948364,1.342773,-12.695313,9.094238
7275,0.138916,-0.233521,0.828247,0.671387,-13.061523,6.347656
7285,0.169189,-0.191040,0.877808,0.244141,-13.427734,4.028320
7295,0.226685,-0.171021,0.940308,0.183105,-15.014648,-0.671387
7305,0.196777,-0.244751,0.983276,0.610352,-15.808105,-3.051758
7315,0.247803,-0.220215,1.084106,0.305176,-16.967773,-5.310059
7325,0.267212,-0.152466,1.093018,-0.793457,-17.639160,-6.958008
7335,0.184082,-0.127075,1.073120,-1.220703,-18.188477,-8.544922
7345,0.147827,-0.158447,1.028564,-1.220703,-18.432617,-10.253906
7355,0.142212,-0.114258,1.023071,-1.647949,-18.615723,-12.939453
7365,0.168701,-0.108276,0.998901,-2.075195,-18.371582,-14.038086
7376,0.054321,-0.095581,1.042236,-1.647949,-18.005371,-14.465332
7386,-0.004395,-0.002686,1.104492,-0.976562,-17.883301,-14.038086
7395,-0.026367,-0.113281,1.022705,-0.427246,-16.784668,-13.488770
7405,-0.063599,-0.238037,0.945801,-0.488281,-15.136719,-12.451172
7415,-0.090698,-0.169189,1.023315,-1.098633,-13.427734,-11.047363
7425,-0.034058,-0.065796,1.102783,-1.159668,-12.634277,-9.826660
7437,0.001343,-0.128174,1.000732,-1.464844,-12.451172,-10.131836
7446,-0.044189,-0.137817,1.081177,-1.892090,-12.084961,-10.559082
7456,0.028076,-0.077026,1.104736,-2.624512,-11.291504,-11.169434
7466,-0.029663,-0.042847,1.096680,-3.234863,-10.559082,-11.718750
7475,-0.020386,-0.048950,1.040771,-4.089355,-10.070801,-11.962891
7485,-0.033081,0.020508,0.955933,-4.150391,-9.582520,-12.329102
7495,-0.065430,-0.123657,0.839844,-4.028320,-8.911133,-12.329102
7507,-0.001099,0.159546,0.962280,-5.310059,-7.385254,-12.207031
7516,0.032104,0.104248,0.887329,-5.249023,-7.019043,-12.084961
7526,-0.001953,0.161621,0.954956,-4.089355,-6.530762,-11.840820
7535,0.047729,0.037598,0.978882,-2.563477,-6.103516,-11.352539
7545,0.012939,-0.201050,0.912720,-1.403809,-5.615234,-10.559082
7556,0.015503,-0.136597,0.933716,-0.732422,-5.004883,-9.582520
7565,-0.019165,-0.070557,0.931519,-0.183105,-4.577637,-7.629395
7575,-0.034546,-0.315796,0.804077,0.671387,-2.563477,-6.591797
7585,0.022827,-0.159180,0.852539,0.488281,-2.380371,-5.859375
7595,0.072998,-0.200928,0.896240,0.366211,-2.502441,-5.187988
7605,0.020508,-0.214600,0.896729,0.061035,-2.746582,-4.455566
7615,-0.027100,-0.146851,0.915161,-0.305176,-2.502441,-3.173828
7625,-0.085693,-0.001709,0.937500,-0.305176,-1.525879,-1.464844
7635,-0.064575,0.039673,0.966797,0.122070,0.671387,1.647949
7645,-0.138916,-0.104370,1.005127,0.366211,1.281738,2.197266
7656,-0.288208,0.094482,1.059814,0.732422,2.136230,2.624512
7665,-0.302612,0.103149,1.063721,0.915527,3.479004,2.990723
7675,-0.284790,-0.063110,0.989380,0.671387,4.699707,2.807617
7685,-0.176880,-0.159790,0.938477,-0.427246,5.676270,2.136230
7696,-0.065186,0.072876,1.004272,-1.953125,6.408691,2.014160
7705,0.022949,0.180664,1.029541,-3.173828,6.835937,3.662109
7717,0.062378,0.186401,0.995239,-3.906250,6.225586,5.432129
7726,0.023560,0.275391,1.071289,-4.333496,5.920410,7.385254
7735,0.011963,0.181030,1.078735,-4.760742,5.676270,8.850098
7746,0.001465,0.247803,1.165405,-5.310059,6.042480,9.887695
7755,0.014526,0.240234,1.195923,-5.371094,6.347656,10.742188
7766,0.050293,0.031006,1.116455,-5.065918,6.164551,10.864258
7775,0.095093,0.201660,1.144287,-4.699707,5.493164,10.192871
7787,0.159912,-0.126221,0.979248,-4.516602,3.479004,10.559082
7796,0.178711,0.152832,0.999268,-3.967285,2.929688,11.596680
7806,0.224365,0.095215,1.000122,-3.112793,2.258301,13.061523
7815,0.137329,-0.219971,0.814697,-2.136230,2.014160,14.343262
7826,0.066162,-0.009766,0.981812,-1.647949,1.770020,14.648438
7835,0.029053,-0.223999,0.890625,-1.586914,0.976562,13.977051
7848,-0.061523,-0.003784,1.102539,-2.563477,0.061035,10.620117
7857,-0.120239,-0.231323,0.994141,-2.319336,-0.671387,7.629395
7867,-0.082397,-0.209473,0.953735,-2.014160,-0.610352,4.516602
7876,-0.091309,-0.193359,0.894287,-2.136230,-0.793457,2.075195
7886,-0.100464,-0.315918,0.800903,-2.929688,-0.671387,-0.122070
7896,-0.019897,-0.319336,0.794922,-4.272461,-0.305176,-1.342773
7905,0.000977,-0.099854,0.918213,-5.065918,0.000000,-1.647949
7915,-0.004639,-0.081177,1.014160,-5.126953,-0.427246,-1.708984
7927,0.013428,-0.140259,1.113037,-3.784180,0.122070,-0.915527
7937,0.010620,-0.187256,1.083618,-3.479004,0.549316,-0.305176
7946,0.020264,-0.158081,0.993774,-3.234863,0.671387,0.854492
7956,0.066284,-0.095825,0.987183,-3.540039,0.671387,2.014160
7965,0.063477,-0.108154,0.997925,-3.356934,0.610352,3.234863
7976,0.059326,-0.062866,1.004517,-2.868652,0.793457,3.967285
7985,0.064697,-0.005127,0.979492,-2.319336,0.732422,6.103516
7997,0.054932,-0.085205,0.971558,-1.464844,0.610352,6.286621
8006,0.042114,0.064453,1.052368,-0.488281,0.427246,6.408691
8015,0.066528,-0.126221,1.001221,1.037598,0.000000,6.530762
8026,0.074097,-0.420532,0.983154,2.197266,-0.732422,5.432129
8035,0.054932,-0.339478,1.076172,2.075195,-0.854492,4.577637
8046,0.117676,-0.302124,1.104980,1.159668,-1.464844,3.417969
8055,0.097290,-0.338501,1.053589,-0.061035,-2.380371,0.610352
8067,0.113159,-0.036377,1.076538,-0.976562,-2.075195,0.610352
8076,0.083130,-0.114624,1.040039,-1.098633,-2.075195,0.488281
8086,0.102295,-0.242065,1.032593,-1.464844,-2.441406,0.305176
8095,0.103271,-0.118652,1.082275,-1.892090,-3.295898,-0.427246
8106,0.014893,-0.043579,1.022339,-1.831055,-4.028320,-0.854492
8116,-0.021240,-0.181641,0.924927,-1.647949,-3.845215,-0.915527
8125,-0.054932,-0.128296,0.910034,-1.525879,-1.770020,1.464844
8137,0.006470,-0.099731,1.031006,-1.464844,-1.403809,2.258301
8147,0.077148,-0.129272,1.010132,-1.464844,-1.281738,2.868652
8156,0.123169,-0.012939,1.043213,-1.159668,-2.380371,2.990723
8166,0.253174,-0.043701,0.979370,-0.976562,-4.455566,2.380371
8175,0.220581,-0.046509,0.875122,-1.220703,-6.713867,1.037598
8185,0.109131,-0.011841,0.717773,-1.037598,-7.629395,0.061035
8198,-0.038696,0.032471,0.788452,-0.549316,-3.356934,2.502441
8207,-0.040649,-0.102905,0.902832,-0.183105,-1.770020,4.150391
8217,-0.008667,-0.246460,1.004883,0.000000,-1.770020,4.699707
8227,0.084961,-0.127930,1.289795,-0.366211,-3.112793,5.187988
8236,0.168335,-0.190430,1.245361,-0.793457,-5.432129,5.371094
8246,0.219971,-0.075684,1.217773,-0.610352,-7.934570,4.577637
8255,0.070190,-0.069580,0.981567,0.366211,-8.911133,4.455566
8268,-0.113159,-0.193604,0.637329,0.732422,-3.723145,8.056641
8277,-0.169312,-0.081177,0.701782,-0.061035,-1.037598,10.009766
8287,-0.233398,-0.082520,0.722046,-0.854492,-0.549316,10.925293
8296,-0.178955,-0.265137,0.723755,-1.281738,-1.403809,11.291504
8306,-0.148315,-0.163940,0.818481,-1.953125,-3.173828,10.864258
8315,-0.085327,-0.016479,0.992187,-2.319336,-4.638672,10.620117
8325,0.003174,-0.315308,0.857666,-1.770020,-5.126953,11.718750
8338,0.032471,-1.433228,-0.879272,-1.342773,-5.554199,14.038086
8347,-0.193726,-2.236938,-1.628052,-4.577637,-4.272461,15.014648
8357,-0.151245,-1.864502,-0.894165,-20.996094,-0.244141,17.150879
8367,-0.220947,-1.854248,-1.809326,-39.855957,-0.793457,15.075684
8376,-0.112549,-0.516357,-0.544189,-57.739258,-1.525879,10.864258
8386,-0.190918,-0.065430,1.130127,-60.180664,-3.845215,6.652832
8395,-0.182861,0.020508,2.936523,-51.452637,-7.385254,-2.014160
8407,-0.028076,0.693115,3.999512,-42.297363,-7.995605,-12.268066
8417,-0.223389,-0.243896,3.339111,-11.535645,-7.019043,-17.700195
8426,-0.242920,-0.744141,2.515869,5.554199,-4.211426,-19.226074
8436,-0.243774,-1.475952,1.447632,13.610840,-1.831055,-21.240234
8445,-0.103882,-1.305786,0.995483,9.765625,-1.831055,-24.963379
8456,-0.059692,-0.672607,1.397095,1.037598,-0.976562,-24.902344
8466,-0.091553,-0.107544,1.368774,-2.624512,0.183105,-22.155762
8477,-0.005981,0.002075,1.880981,1.464844,3.112793,-9.094238
8487,0.575439,1.104980,3.155640,10.009766,11.047363,1.708984
8496,0.820312,1.892090,3.276245,18.371582,6.896973,12.207031
8505,1.004883,2.607544,3.845459,33.203125,-0.549316,19.836426
8516,-0.541016,2.807129,3.856201,52.856445,-3.784180,25.756836
8525,-0.409302,2.868286,3.488647,68.786621,4.821777,32.043457
8536,-0.269897,3.306885,3.788208,74.829102,12.756348,47.058105
8545,0.237671,2.759155,2.438354,79.956055,18.798828,56.945801
8557,0.577637,1.269775,0.897949,96.557617,18.859863,59.387207
8566,0.213867,0.916016,0.452148,96.008301,13.488770,51.330566
8575,-0.053345,0.784302,0.284302,90.942383,8.728027,41.320801
8586,0.042480,0.278564,-0.367188,85.266113,7.141113,32.714844
8595,0.299072,0.077148,-0.446899,78.674316,8.666992,25.085449
8606,0.059448,-0.054932,-0.255005,72.509766,10.009766,18.554687
8617,-0.336914,-0.152954,-0.143188,65.185547,11.108398,8.728027
8627,-0.314209,-0.110718,-0.144897,47.729492,15.319824,4.516602
8636,-0.226074,-0.043213,-0.031006,41.442871,16.784668,-1.220703
8646,0.025146,0.112183,0.156982,38.208008,17.150879,-7.385254
8655,0.075928,-0.041992,0.356934,37.231445,17.395020,-11.291504
8666,0.067505,-0.162598,0.362793,35.644531,16.540527,-14.038086
8677,0.068359,-0.262329,0.258423,27.832031,13.366699,-18.981934
8687,-0.013428,-0.311646,-0.073486,23.803711,10.986328,-21.118164
8697,0.045288,-0.442261,-0.133911,21.179199,9.033203,-21.789551
8706,0.085937,-0.547363,-0.059204,18.066406,6.713867,-21.850586
8716,0.124146,-0.749634,-0.078125,13.732910,4.455566,-22.399902
8726,0.154541,-0.807617,-0.139526,7.812500,2.075195,-23.437500
8736,0.142212,-0.848145,-0.257813,1.464844,-0.366211,-24.536133
8746,0.118652,-0.838379,-0.304077,-4.699707,-2.502441,-25.268555
8756,0.084106,-0.803589,-0.258911,-14.587402,-5.004883,-23.742676
8765,0.023193,-0.890625,-0.281494,-19.897461,-5.920410,-22.338867
8776,0.034302,-0.828003,-0.362061,-25.573730,-5.859375,-20.263672
8786,-0.027100,-0.860718,-0.363159,-31.250000,-5.126953,-17.761230
8796,-0.039063,-0.878784,-0.339600,-37.109375,-4.760742,-15.808105
8806,-0.064453,-0.824951,-0.363403,-42.968750,-4.516602,-13.732910
8816,-0.068237,-0.759521,-0.413208,-48.278809,-2.746582,-8.666992
8826,-0.056152,-0.780396,-0.406982,-59.387207,-2.441406,-6.652832
8836,-0.000366,-0.702881,-0.459106,-64.819336,-1.770020,-4.272461
8846,0.005859,-0.747437,-0.486938,-70.556641,-1.220703,-1.098633
8856,0.010620,-0.874146,-0.489624,-76.599121,-0.427246,2.685547
8866,-0.010864,-0.801147,-0.562744,-83.618164,0.305176,6.103516
8876,0.059082,-0.905396,-0.640381,-91.125488,0.610352,8.911133
8886,0.074463,-0.963745,-0.726562,-99.121094,1.037598,10.986328
8897,0.097534,1.345337,0.929932,-118.286133,0.000000,12.695313
8907,-0.259033,3.043091,3.999512,-105.468750,0.915527,13.793945
8916,0.354492,-0.502808,3.999512,-59.570312,0.488281,20.263672
8926,-0.374756,-3.999512,1.069336,-30.456543,-0.976562,26.428223
8935,0.614990,0.507690,1.875488,-58.776855,3.295898,20.507812
8946,0.013062,3.999512,0.734253,-73.974609,0.122070,13.305664
8956,0.047852,2.282837,-0.458374,-27.282715,-8.850098,18.554687
8967,-0.058716,0.458374,3.999512,10.009766,-14.953613,7.629395
8977,-0.215942,-1.628418,2.766968,-17.395020,-10.986328,4.028320
8986,0.470947,0.468872,2.712646,-15.869141,-5.432129,9.399414
8996,0.461670,0.567261,0.385620,-14.892578,-3.723145,8.789063
9006,0.393066,1.407715,0.870728,-3.112793,-10.375977,4.821777
9016,-0.015747,-0.089722,2.111206,8.300781,-8.911133,4.638672
9026,0.074951,-1.293945,2.540527,15.563965,-10.620117,1.037598
9037,0.174072,0.725098,1.275024,5.676270,-12.939453,-6.103516
9046,0.206299,0.954224,0.235107,-7.568359,-14.526367,-11.962891
9056,0.067871,0.407471,0.384155,8.178711,-17.639160,-15.014648
9066,-0.038208,-0.662476,1.124756,17.028809,-17.272949,-18.310547
9076,0.243774,-1.021240,1.443237,12.207031,-14.892578,-20.935059
9086,-0.011719,-0.469360,1.085938,1.586914,-14.282227,-24.475098
9098,0.192505,0.152710,0.474976,0.610352,-14.282227,-27.526855
9107,0.202148,0.239380,1.137451,7.629395,-14.526367,-26.977539
9116,0.113525,-0.199097,1.454712,10.681152,-12.451172,-27.709961
9126,-0.029541,-0.092163,1.540649,8.605957,-7.873535,-26.428223
9136,-0.105713,0.172852,1.238403,6.530762,-4.760742,-26.123047
9146,-0.265015,0.297363,0.993164,8.178711,-4.150391,-27.893066
9156,-0.461914,0.035278,0.900879,12.573242,-4.760742,-30.029297
9166,-0.414185,-0.210693,0.998901,14.648438,-4.577637,-33.081055
9178,-0.362915,-0.019287,0.826782,9.216309,-1.403809,-37.536621
9187,-0.348511,0.119019,0.497192,7.446289,0.427246,-38.085937
9197,-0.310669,0.138672,0.323853,8.361816,2.197266,-36.315918
9206,-0.191406,0.017334,0.456543,9.826660,5.554199,-31.982422
9217,-0.054077,-0.192261,0.708008,9.460449,9.704590,-25.695801
9226,0.042969,-0.295288,0.874878,6.652832,12.634277,-19.836426
9239,-0.124878,-0.069580,0.663940,0.244141,15.502930,-10.314941
9248,-0.156006,-0.052734,0.591064,-0.915527,17.150879,-6.835937
9258,-0.107910,-0.066284,0.751831,-0.793457,19.348145,-3.845215
9268,-0.051392,-0.120850,0.920288,-0.976562,20.019531,-3.356934
9277,-0.005249,-0.322876,0.917236,-1.831055,18.981934,-3.784180
9287,-0.042969,-0.226929,0.985962,-2.868652,18.005371,-3.662109
9297,0.022949,-0.197876,0.992432,-3.417969,18.066406,-3.540039
9306,0.081055,-0.342041,0.906738,-3.540039,18.127441,-1.525879
9318,0.159912,-0.050049,0.947754,-5.065918,17.578125,-1.403809
9328,0.174561,-0.014038,0.998657,-5.920410,17.578125,-1.708984
9337,0.278198,-0.012939,1.074585,-6.042480,17.700195,-2.258301
9347,0.351440,0.051392,1.151733,-5.249023,16.662598,-2.929688
9356,0.227905,0.047363,1.075562,-3.601074,14.892578,-5.065918
9367,0.202759,0.001831,0.997314,-1.586914,13.977051,-6.835937
9376,0.053101,0.259277,0.969482,-0.122070,13.977051,-9.887695
9388,0.065430,-0.061157,0.966797,4.638672,15.625000,-11.840820
9397,0.012939,-0.308594,0.930786,6.225586,15.197754,-14.038086
9407,-0.037109,-0.374023,1.015991,6.042480,15.319824,-14.709473
9417,-0.027100,-0.442627,1.123291,3.906250,16.418457,-14.648438
9426,-0.042114,-0.400024,1.054321,1.037598,17.822266,-13.671875
9437,-0.042725,-0.093384,1.029541,-1.159668,19.226074,-11.718750
9446,-0.016602,0.227539,0.977173,-1.220703,20.263672,-7.202148
9458,-0.143188,-0.015259,0.699585,2.136230,22.460937,-4.150391
9468,-0.170898,-0.215088,0.734131,2.929688,24.047852,-0.061035
9477,-0.187744,-0.218872,0.991455,1.953125,25.573730,4.394531
9487,-0.188599,-0.302490,1.018555,-0.549316,27.160645,9.216309
9497,-0.163208,-0.227661,0.898437,-1.953125,29.418945,15.319824
9507,-0.129761,0.066895,0.961914,-3.234863,31.738281,21.850586
9519,-0.071655,-0.232422,0.861572,-2.685547,34.118652,33.386230
9529,-0.096436,0.009277,0.949585,-2.807617,33.874512,38.024902
9538,-0.130981,0.096558,1.012451,-2.868652,33.813477,42.053223
9548,-0.268677,-0.125244,0.953857,-2.624512,34.057617,45.654297
9558,-0.217651,-0.217651,0.904175,-1.953125,35.705566,51.513672
9567,-0.209961,-0.131958,0.950439,-1.586914,36.682129,55.480957
9577,-0.218018,-0.005493,0.999634,-2.502441,36.865234,59.082031
9587,-0.216309,0.039429,0.977173,-2.624512,36.743164,66.162109
9596,-0.181519,0.100708,0.973022,-0.793457,36.987305,70.617676
9607,-0.133911,-0.045776,1.007935,1.159668,36.865234,75.012207
9616,-0.155396,-0.167480,1.052734,2.014160,35.644531,79.345703
9627,-0.148560,-0.230957,1.152832,1.342773,34.667969,83.557129
9636,-0.130981,0.041016,1.219482,-0.671387,33.874512,88.562012
9647,0.009888,-0.263062,1.103149,-2.136230,33.447266,94.909668
9656,-0.060913,-0.019165,0.998657,-2.685547,29.724121,100.708008
9666,-0.125488,0.187866,0.972778,-0.915527,28.381348,102.355957
9677,-0.136353,-0.060669,1.290894,0.305176,26.733398,103.637695
9686,-0.107178,-0.149658,1.341187,1.098633,25.207520,104.064941
9697,-0.100952,-0.071655,1.316040,1.464844,23.315430,103.759766
9707,-0.137939,-0.218384,1.156738,2.258301,22.338867,104.309082
9717,-0.090088,0.039795,1.110352,2.197266,21.301270,104.675293
9729,-0.141724,0.260864,1.147095,4.028320,17.333984,102.233887
9739,-0.058716,0.173096,1.370972,7.080078,15.136719,99.731445
9748,-0.026245,0.125610,1.531006,10.498047,12.817383,96.008301
9757,-0.005615,-0.044434,1.521362,13.244629,9.460449,91.430664
9767,0.089478,-0.195801,1.285034,15.747070,5.920410,86.364746
9777,0.161987,-0.247192,1.033936,17.089844,1.647949,80.871582
9786,0.242065,-0.152832,0.890015,17.028809,-3.540039,74.096680
9796,0.205688,-0.103516,0.670532,16.418457,-7.141113,63.903809
9808,0.252197,0.021851,0.951050,16.113281,-10.559082,60.058594
9817,0.255737,-0.076660,1.196899,16.967773,-12.329102,55.358887
9827,0.246582,-0.222168,1.281006,16.662598,-14.343262,49.377441
9837,0.201538,-0.145752,1.175903,14.831543,-16.845703,42.785645
9847,0.235474,0.052490,1.093872,14.160156,-18.615723,36.804199
9857,0.248047,0.008545,0.898682,15.197754,-20.874023,30.212402
9866,0.135498,-0.157593,0.919556,16.601562,-26.550293,15.014648
9878,-0.072510,-0.039307,1.060669,14.343262,-27.648926,7.690430
9887,-0.104736,0.166626,1.076904,11.535645,-26.611328,2.136230
9897,-0.044678,0.267212,0.972656,9.704590,-24.719238,-1.464844
9907,0.037598,0.302490,0.959961,10.192871,-22.949219,-4.028320
9922,-0.020386,0.236816,1.000366,9.216309,-24.291992,-8.300781
9931,-0.035767,0.447144,0.925049,7.507324,-22.399902,-9.765625
9941,-0.049805,0.405273,0.848145,6.225586,-19.531250,-10.314941
9950,0.027344,0.435913,0.948486,6.164551,-17.822266,-10.070801
9960,-0.036621,0.147949,0.827759,6.530762,-16.540527,-8.911133
9969,-0.082520,0.416870,1.019043,5.371094,-15.686035,-7.995605
9979,-0.047974,0.449463,1.108887,3.479004,-14.282227,-6.347656
9988,-0.004150,0.367554,0.960327,1.403809,-12.023926,-3.295898
9998,0.064087,0.629883,1.016602,0.549316,-7.995605,3.845215
10007,0.099243,0.496826,0.960693,2.807617,-7.324219,7.080078
10017,0.098877,0.310669,1.053467,3.662109,-7.446289,9.338379
10027,0.050049,0.127808,1.003174,2.075195,-7.690430,10.803223
10037,0.054932,0.364258,1.050903,-1.281738,-6.958008,12.878418
10047,0.071899,0.507812,0.901855,-3.112793,-5.920410,15.258789
10057,0.088867,0.421265,0.821289,-1.831055,-4.455566,17.944336
10067,0.031128,0.299561,0.840210,0.000000,-4.516602,20.080566
10076,0.011230,0.204956,1.008301,0.427246,-4.821777,22.155762
10088,-0.017456,0.268433,1.070190,-3.417969,-4.089355,23.315430
10097,0.055664,0.413696,1.050659,-5.187988,-2.929688,24.475098
10107,0.142456,0.438110,0.966797,-3.845215,-2.075195,25.695801
10117,0.120605,0.237427,0.934692,-0.183105,-2.075195,26.855469
10127,0.052490,0.253906,1.095581,1.708984,-2.929688,27.465820
10137,-0.047241,0.123047,1.170166,1.892090,-3.540039,27.648926
10147,-0.053223,0.123413,1.183472,-0.732422,-3.356934,26.977539
10158,0.049683,0.281250,1.012451,-1.464844,-2.746582,27.587891
10168,0.057617,0.397461,0.972046,-0.671387,-2.563477,28.259277
10177,0.078003,0.314697,0.930908,0.915527,-2.929688,29.418945
10188,0.057129,0.238403,0.883179,2.258301,-3.173828,30.212402
10197,0.064453,0.348633,0.999634,1.953125,-3.417969,30.883789
10207,0.077515,0.199585,1.068604,2.136230,-3.601074,32.043457
10217,0.072510,0.154419,1.061279,0.305176,-2.929688,34.301758
10228,0.052246,0.221069,1.128418,-0.122070,-2.685547,35.888672
10238,0.035889,0.295776,1.002563,0.183105,-2.319336,37.292480
10247,0.002319,0.219971,0.934326,1.159668,-1.770020,38.635254
10257,-0.012573,0.103149,0.814575,2.502441,-1.892090,38.879395
10267,-0.050537,0.162354,0.820312,2.929688,-2.990723,37.719727
10277,-0.079834,0.018433,0.924194,3.540039,-4.150391,36.499023
10288,-0.039429,-0.177246,0.912842,3.051758,-5.371094,32.836914
10298,-0.041748,-0.182251,0.679810,-0.976562,-5.676270,32.165527
10307,-0.038818,0.010132,0.701904,-3.417969,-4.272461,32.653809
10317,-0.057129,0.132080,0.798950,-5.249023,-2.990723,33.203125
10327,-0.010132,0.192993,0.821167,-5.310059,-2.136230,33.264160
10337,0.004028,0.154907,1.032959,-4.333496,-1.708984,33.020020
10349,0.014893,0.116943,1.366943,0.366211,-3.723145,30.883789
10358,-0.026123,-0.228638,1.427734,0.549316,-5.554199,27.404785
10368,-0.103760,0.000122,1.275269,-1.220703,-5.798340,25.024414
10378,-0.016113,0.239502,1.152100,-0.854492,-4.394531,24.719238
10388,0.037720,0.197266,1.021118,1.220703,-3.112793,25.146484
10397,0.060913,-0.026611,0.857300,3.479004,-2.746582,25.573730
10407,0.035278,-0.034668,0.999023,4.943848,-2.380371,25.878906
10419,0.000610,-0.112183,1.088989,3.967285,-2.990723,24.841309
10428,-0.003540,-0.073975,1.128174,2.380371,-3.723145,23.132324
10438,0.034180,0.061157,1.056274,1.647949,-4.150391,22.033691
10448,0.036865,0.198975,0.980957,1.525879,-4.211426,21.545410
10457,0.067139,0.192749,0.889160,2.319336,-3.845215,21.667480
10468,0.053223,0.287964,0.907349,3.784180,-3.356934,22.338867
10477,0.037476,0.052124,0.948364,5.859375,-3.112793,22.583008
10488,0.020020,-0.101807,0.900635,4.516602,-3.723145,22.277832
10498,-0.042236,0.038696,0.966675,2.319336,-3.112793,23.071289
10508,0.019653,0.207275,0.993652,1.037598,-2.014160,24.230957
10518,0.059326,0.349731,0.971069,-0.183105,-1.525879,25.695801
10527,0.053345,0.379761,0.910156,0.366211,-1.037598,27.282715
10538,0.096191,0.310669,1.000610,1.525879,-0.732422,28.564453
10548,0.070312,0.384277,1.052490,2.258301,-0.854492,29.602051
10557,0.056030,0.212036,1.083618,3.356934,-1.098633,29.724121
10569,0.038940,0.261108,1.004883,3.601074,-1.708984,29.785156
10578,0.047852,0.333374,0.964233,3.906250,-1.953125,29.785156
10588,0.024414,0.224854,0.941406,3.967285,-2.075195,29.663086
10597,0.007935,0.326294,0.990723,3.356934,-2.319336,29.174805
10608,-0.024170,0.217285,0.974121,2.136230,-2.319336,28.991699
10617,0.041626,0.274170,0.994873,1.220703,-1.525879,28.991699
10630,0.064209,0.301392,1.008911,1.037598,-0.244141,28.808594
10639,0.030640,0.147583,1.029175,1.770020,-0.244141,28.198242
10649,-0.004517,0.112549,1.024292,1.708984,-1.037598,26.489258
10658,-0.030884,0.176147,0.995239,0.427246,-1.647949,24.780273
10667,0.039673,0.241699,0.996826,-0.427246,-1.708984,23.925781
10677,0.058960,0.185547,0.968750,0.000000,-1.464844,23.864746
10687,0.032837,0.149292,1.037598,0.671387,-1.098633,24.047852
10699,0.016235,0.162720,1.079468,-0.915527,-0.610352,24.414062
10708,0.129150,0.240234,1.010376,-0.915527,0.244141,25.024414
10718,0.137451,0.262329,1.012695,-0.610352,-0.183105,25.146484
10727,0.108643,0.229492,0.982422,0.122070,-0.488281,25.146484
10737,0.054687,0.208008,0.993896,1.037598,-0.732422,25.268555
10748,0.056885,0.117676,1.030029,1.892090,-0.793457,24.902344
10757,0.065918,0.057739,1.021851,1.403809,-1.281738,24.597168
10768,0.036011,0.142578,1.021973,0.427246,-0.793457,24.902344
10778,0.077393,0.079834,0.953491,1.281738,-0.366211,25.329590
10788,0.042480,0.100220,1.039551,1.586914,-0.366211,25.329590
10797,-0.019775,0.015015,1.022461,1.525879,-0.427246,25.329590
10808,-0.037720,0.106689,1.017700,0.549316,-0.061035,25.390625
10817,0.001221,0.077148,0.991333,0.000000,0.732422,25.756836
10828,0.012817,0.137573,1.001709,0.305176,1.525879,26.367187
10837,-0.000244,0.104858,1.036377,0.549316,1.525879,26.794434
10848,-0.024292,0.022827,0.986572,1.342773,1.831055,27.648926
10858,-0.028564,0.036011,1.024536,1.831055,2.319336,28.503418
10868,-0.014771,0.026367,1.013794,1.586914,2.746582,29.663086
10877,-0.026367,0.049561,0.958374,1.159668,3.417969,31.372070
10888,-0.016113,0.102417,0.945435,1.220703,4.760742,33.569336
10897,-0.005127,0.048584,0.985474,1.464844,5.920410,36.315918
10908,-0.067139,0.002563,1.006836,1.159668,7.385254,39.916992
10918,-0.090942,-0.009277,1.035767,0.427246,7.812500,41.198730
10928,-0.015625,0.172119,1.018311,-0.244141,8.666992,42.663574
10937,0.041260,0.119629,0.953369,0.122070,9.155273,43.762207
10948,0.070190,0.083984,0.998657,1.220703,9.094238,44.616699
10957,0.023804,0.102173,1.054199,1.586914,8.300781,45.227051
10968,0.005005,0.032349,1.003906,1.281738,8.117676,45.776367
10980,0.034302,0.166260,0.980835,0.122070,9.460449,48.583984
10989,0.038818,0.156982,0.984985,0.549316,10.009766,49.682617
10999,0.029907,0.097412,1.006836,0.732422,10.437012,51.208496
11008,0.053101,0.138062,1.033203,1.159668,10.803223,52.612305
11017,0.036255,0.048340,1.042480,1.831055,11.291504,54.016113
11028,-0.003784,-0.014282,1.043823,1.464844,11.352539,54.931641
11037,-0.003296,0.069214,1.033081,0.671387,11.535645,55.847168
11048,0.027222,0.055298,0.989502,0.915527,12.756348,59.020996
11058,0.024414,0.154541,0.984985,0.976562,13.305664,60.607910
11067,0.031616,0.093506,1.013184,2.075195,13.610840,62.011719
11078,0.037720,-0.013794,0.987183,2.563477,13.549805,63.232422
11087,0.028076,-0.037842,1.006836,2.502441,13.977051,64.270020
11098,0.011597,0.005859,1.012329,2.563477,13.793945,65.490723
11107,-0.007446,-0.017334,0.961304,2.258301,14.099121,66.833496
11120,-0.036133,0.007324,0.970459,2.685547,15.014648,69.824219
11129,-0.020386,-0.033203,0.979980,2.502441,15.808105,71.533203
11139,-0.042480,-0.015137,1.034180,2.319336,16.113281,73.242187
11148,-0.008301,0.014404,1.040649,2.502441,16.540527,74.462891
11158,0.040405,-0.007080,1.009277,2.929688,17.211914,76.171875
11168,0.063354,0.007690,0.998779,3.295898,17.639160,77.575684
11177,0.039917,-0.021118,1.023560,3.784180,17.456055,78.918457
11190,0.011597,-0.090210,0.984253,4.211426,18.249512,81.787109
11199,0.021118,-0.010498,0.996216,3.662109,18.737793,83.007812
11209,0.067505,0.039429,0.985352,3.356934,19.348145,84.289551
11218,0.094849,-0.012085,0.962402,3.845215,19.531250,85.510254
11228,0.069702,0.002563,1.010620,4.394531,19.165039,86.120605
11238,0.053833,0.031372,1.070557,4.638672,18.615723,86.364746
11247,0.087891,0.026123,1.060303,4.821777,18.066406,86.242676
11260,0.102539,0.090942,1.016479,4.760742,17.822266,86.547852
11269,0.154175,0.127808,1.024536,5.249023,18.066406,86.608887
11278,0.131592,0.080078,1.033691,6.103516,18.005371,87.097168
11288,0.120728,0.117554,1.064331,6.408691,18.005371,87.524414
11298,0.133057,0.052734,1.011230,7.019043,18.127441,87.890625
11307,0.171753,0.041016,1.009766,7.507324,18.066406,88.317871
11318,0.132202,0.067871,1.023560,7.995605,18.005371,88.317871
11327,0.092407,0.062378,1.031982,8.544922,17.456055,88.195801
11339,0.110718,-0.010254,0.996582,9.643555,17.150879,87.646484
11348,0.107666,0.023560,0.991577,9.887695,16.296387,86.791992
11358,0.127686,0.089722,1.000610,10.314941,15.991211,86.242676
11368,0.112427,-0.050659,0.997437,10.803223,15.502930,85.998535
11378,0.081787,-0.046265,1.011230,11.169434,14.953613,85.083008
11388,0.120483,0.004028,1.005981,11.108398,14.343262,84.167480
11397,0.146240,0.011841,0.989746,11.230469,14.221191,83.984375
11409,0.085205,-0.002808,1.000488,11.779785,13.793945,83.679199
11418,0.108154,-0.010376,1.008911,12.023926,13.732910,83.007812
11428,0.117432,-0.011841,1.000732,12.145996,13.793945,82.397461
11438,0.107788,-0.023560,1.009277,12.390137,13.671875,81.604004
11447,0.138428,-0.054077,1.003296,12.512207,13.061523,80.200195
11458,0.151611,-0.023926,1.013916,12.939453,12.084961,78.735352
11470,0.167847,0.028687,1.045532,13.793945,10.070801,74.707031
11480,0.183960,-0.005005,1.018433,14.221191,9.460449,72.753906
11489,0.145996,-0.019043,1.010620,14.221191,8.666992,71.228027
11498,0.187378,0.009644,1.000732,14.526367,8.178711,69.824219
11508,0.222290,0.009521,1.000366,14.648438,7.690430,68.481445
11518,0.202393,0.060547,1.019165,14.831543,7.385254,67.199707
11528,0.174805,0.057495,1.016479,15.197754,6.530762,65.612793
11537,0.209229,-0.001343,0.997925,15.625000,5.981445,62.255859
11549,0.203125,0.051636,1.023804,15.869141,4.455566,60.180664
11558,0.215332,0.029785,1.013916,16.174316,3.845215,58.044434
11568,0.209839,0.010376,0.998657,16.235352,2.868652,56.030273
11578,0.182007,0.040894,0.982666,16.235352,2.258301,54.016113
11587,0.169556,0.061401,1.000366,16.357422,1.403809,51.940918
11598,0.211670,-0.000854,1.007324,16.418457,1.220703,50.415039
11609,0.198120,0.054932,1.014160,16.235352,1.098633,48.706055
11619,0.223633,0.044556,1.012085,16.479492,-0.305176,45.410156
11628,0.200439,0.050049,1.008423,16.052246,-0.732422,44.067383
11637,0.160522,0.114258,1.020264,15.808105,-1.037598,43.090820
11648,0.203979,0.068970,0.979980,15.930176,-0.732422,42.480469
11658,0.199097,0.050049,0.958496,16.052246,-0.976562,42.297363
11668,0.164062,0.103027,0.980469,15.625000,-1.464844,41.992187
11680,0.177368,0.091919,1.011719,15.197754,-1.647949,40.771484
11690,0.155640,0.117310,1.017456,14.770508,-1.892090,40.161133
11699,0.191895,0.093262,0.997070,14.770508,-1.770020,39.550781
11708,0.203125,0.079834,0.979492,14.526367,-1.770020,39.123535
11718,0.199707,0.156738,1.015991,14.038086,-1.831055,38.818359
11728,0.233643,0.164062,0.999878,14.160156,-1.892090,38.696289
11737,0.267578,0.103882,0.948853,14.038086,-1.953125,38.818359
11750,0.125488,0.209839,0.970215,13.671875,-2.502441,39.367676
11760,0.120361,0.161255,1.008667,13.488770,-2.014160,39.916992
11770,0.109009,0.163940,1.028320,13.122559,-1.159668,41.137695
11779,0.150513,0.167480,0.990479,12.634277,-0.244141,42.114258
11788,0.201050,0.162720,0.956787,12.573242,0.427246,43.151855
11799,0.249634,0.149170,0.959595,12.878418,0.610352,43.945312
11808,0.202393,0.168823,0.958984,13.000488,0.000000,44.616699
11820,0.136597,0.040649,0.969849,13.183594,15.319824,44.982910
11829,0.098511,0.026733,0.976562,13.305664,0.427246,44.982910
11838,0.089844,0.046143,0.944214,12.634277,0.305176,44.738770
11848,0.094238,0.082031,0.953125,12.084961,0.549316,45.166016
11858,0.130615,0.103882,0.987915,11.779785,1.098633,45.532227
11868,0.143677,0.135010,1.001709,11.962891,1.525879,46.081543
11880,0.118408,0.055542,0.980957,12.145996,1.403809,46.875000
11889,0.127441,0.121094,0.990112,12.084961,1.953125,47.790527
11899,0.164185,0.079468,0.937866,11.657715,2.197266,48.522949
11909,0.159790,0.096436,0.946655,11.962891,2.319336,49.499512
11918,0.147827,0.114990,0.995728,11.840820,2.685547,50.842285
11928,0.124390,0.099731,0.975708,12.023926,3.601074,52.612305
11938,0.091553,0.032837,0.944336,12.084961,3.784180,54.016113
11949,0.065918,0.047607,0.994263,11.169434,4.516602,56.579590
11959,0.056030,0.052368,1.017334,10.437012,5.187988,57.189941
11968,0.105591,0.095215,1.005127,10.131836,5.981445,57.434082
11978,0.144043,0.121460,1.023804,9.887695,6.286621,57.678223
11989,0.157715,0.144409,1.010986,9.826660,6.225586,57.495117
11998,0.136108,0.074951,1.005249,10.314941,6.042480,57.067871
12009,0.120361,0.052002,1.039063,10.314941,5.615234,56.518555
12018,0.098999,0.064819,1.040161,9.338379,5.554199,55.725098
12029,0.167358,0.154785,0.991699,8.422852,5.981445,55.297852
12039,0.165771,0.154907,0.980957,8.361816,6.958008,54.931641
12048,0.165894,0.129395,0.980225,8.666992,6.835937,54.992676
12058,0.123169,0.064941,1.020630,9.033203,6.591797,54.687500
12069,0.119385,0.066406,1.021118,9.155273,6.225586,54.565430
12078,0.134644,0.043701,0.996582,8.850098,6.347656,54.504395
12090,0.148682,0.108032,0.990723,8.178711,6.591797,54.443359
12099,0.130249,0.171387,0.948486,8.361816,7.263184,55.236816
12109,0.155273,0.135376,0.957153,8.483887,7.751465,56.518555
12118,0.142456,0.197266,0.994751,8.728027,8.239746,57.495117
12129,0.105835,0.154297,1.007080,8.850098,8.605957,58.776855
12138,0.144897,0.094482,0.997559,9.033203,9.033203,59.753418
12148,0.164795,0.081787,1.019165,9.277344,9.460449,60.607910
12160,0.151001,0.086304,1.004517,9.155273,10.437012,62.194824
12169,0.171509,0.079834,0.988159,9.582520,11.169434,62.988281
12178,0.164185,0.083008,0.996216,10.131836,11.230469,63.598633
12188,0.136475,0.032715,0.983398,10.437012,11.169434,63.659668
12198,0.109253,0.036499,1.009766,10.742188,11.047363,63.476562
12209,0.087280,0.053589,1.023804,10.620117,10.864258,63.598633
12218,0.098145,0.029663,0.989746,10.620117,10.986328,63.415527
12229,0.110596,0.042236,0.989502,10.131836,11.535645,63.598633
12239,0.113647,0.179810,1.037598,10.314941,11.901855,64.025879
12249,0.128174,0.086060,0.955933,10.375977,12.207031,64.514160
12259,0.149292,0.089111,0.992432,10.620117,12.145996,65.490723
12268,0.125488,0.087158,0.989502,10.559082,12.451172,66.528320
12279,0.092163,0.075317,0.972778,10.314941,13.122559,67.565918
12288,0.084961,0.073853,0.993286,9.887695,13.549805,68.481445
12300,0.125000,0.067749,0.974487,9.521484,14.892578,70.373535
12309,0.127930,0.131470,1.007202,9.582520,15.075684,71.044922
12319,0.160034,0.131104,0.988159,10.009766,15.197754,71.716309
12328,0.178345,0.090088,0.953003,10.253906,14.953613,71.716309
12339,0.190308,0.116455,1.000122,10.742188,14.770508,71.716309
12349,0.178345,0.119751,1.003906,10.742188,14.526367,71.716309
12359,0.139160,0.101196,0.966553,10.620117,14.892578,71.655273
12368,0.152588,0.136353,0.974121,10.620117,15.197754,71.533203
12380,0.165771,0.094116,0.939575,10.559082,15.625000,71.411133
12389,0.149414,0.101074,0.972656,10.375977,15.502930,71.289062
12398,0.130005,0.131836,1.000122,10.253906,15.380859,71.411133
12409,0.121216,0.114014,0.993286,10.375977,15.380859,71.289062
12418,0.135498,0.076294,0.957275,10.681152,15.380859,71.350098
12428,0.125366,0.086670,0.987427,10.681152,15.319824,71.472168
12440,0.109619,0.088867,0.956909,10.681152,16.113281,72.937012
12449,0.105591,0.103516,0.988159,10.620117,17.028809,73.974609
12458,0.144531,0.109253,0.962280,10.681152,17.883301,74.951172
12469,0.141357,0.131958,0.986328,10.498047,18.493652,76.232910
12478,0.128052,0.140869,1.007202,10.620117,19.042969,77.514648
12489,0.142456,0.146362,1.015503,10.925293,19.531250,78.613281
12498,0.141479,0.099609,0.994385,11.047363,19.836426,79.223633
12509,0.154053,0.112793,0.984619,10.986328,20.874023,80.444336
12519,0.172607,0.179687,1.012085,11.108398,21.057129,80.993652
12529,0.127808,0.125732,0.992310,11.352539,21.728516,80.993652
12539,0.142456,0.109131,1.000610,11.413574,21.911621,80.810547
12549,0.159180,0.104370,1.026245,11.413574,21.972656,80.505371
12558,0.159790,0.162354,1.065063,11.779785,22.216797,80.261230
12569,0.109985,0.157349,1.065186,11.535645,22.216797,79.589844
12581,0.374268,0.028564,1.050537,12.512207,22.399902,79.101562
12590,0.290161,0.523682,0.992798,13.854980,22.033691,79.406738
12599,0.437134,0.391846,1.095093,16.906738,21.789551,79.589844
12609,0.363525,0.098633,1.061768,20.080566,21.057129,79.528809
12619,0.080688,0.006958,0.960205,21.240234,19.348145,78.430176
12628,0.042358,-0.026001,0.910889,20.874023,17.517090,75.866699
12639,0.000977,-0.012573,0.938843,19.653320,16.479492,72.814941
12651,0.187988,0.197754,0.978271,16.906738,16.601562,67.871094
12660,0.236816,0.234375,0.953003,17.089844,16.662598,66.528320
12670,0.260864,0.228882,0.968750,18.615723,16.174316,65.734863
12679,0.312744,0.226562,1.030029,20.263672,15.258789,64.819336
12689,0.265625,0.239258,1.002686,21.179199,13.977051,64.208984
12698,0.262573,0.191528,0.986816,22.277832,12.695313,63.171387
12709,0.313965,0.199951,0.990479,23.010254,11.779785,61.950684
12721,0.328735,0.254883,0.925659,23.071289,11.352539,60.974121
12730,0.291382,0.244141,0.907959,23.010254,10.864258,60.852051
12740,0.314575,0.268066,0.875610,23.376465,10.864258,60.913086
12749,0.344727,0.283081,0.910645,23.986816,10.742188,61.157227
12759,0.343994,0.264526,0.973145,24.658203,10.192871,61.340332
12769,0.306519,0.255127,0.971436,25.329590,9.643555,61.096191
12778,0.260132,0.256104,0.938232,26.062012,9.094238,60.913086
12790,0.271973,0.192505,0.920288,26.794434,8.422852,61.767578
12799,0.274048,0.201538,0.968384,26.794434,8.544922,62.561035
12809,0.226440,0.187256,0.972046,26.550293,8.728027,63.354492
12818,0.195068,0.161743,0.916138,26.367187,8.972168,64.270020
12829,0.239014,0.098022,0.887939,26.123047,9.216309,65.002441
12839,0.223267,0.097778,0.921143,25.512695,9.216309,65.612793
12848,0.126953,0.105957,0.974121,24.658203,8.483887,65.612793
12861,0.141724,-0.019043,0.969238,24.047852,9.399414,65.185547
12871,0.174927,-0.021851,0.975464,22.888184,9.094238,65.063477
12880,0.142578,0.031982,0.992798,21.606445,8.789063,64.514160
12889,0.105713,0.066772,1.004395,20.751953,8.911133,64.270020
12899,0.118286,0.092407,1.000366,19.836426,9.582520,64.025879
12909,0.195312,0.116211,1.016968,18.798828,10.009766,63.720703
12919,0.229248,0.157227,1.012207,18.066406,10.131836,63.537598
12928,0.180786,0.194946,0.993042,17.883301,9.826660,63.598633
12940,0.238281,0.178467,0.984619,17.883301,10.131836,63.842773
12949,0.287354,0.179932,0.952026,18.066406,10.375977,63.964844
12959,0.245605,0.181152,0.974854,18.249512,10.070801,63.964844
12969,0.204712,0.178223,0.980835,18.615723,9.765625,63.415527
12979,0.215942,0.155518,0.991089,18.920898,9.704590,62.805176
12989,0.261841,0.140747,0.997192,18.981934,9.887695,62.133789
13001,0.248413,0.162964,1.005859,18.676758,10.253906,61.462402
13011,0.224976,0.141357,0.979614,18.798828,10.253906,61.706543
13020,0.267456,0.162231,0.971802,19.287109,10.559082,62.011719
13029,0.285034,0.132568,0.956909,19.653320,10.559082,62.133789
13039,0.284424,0.115356,0.967163,20.080566,10.131836,62.622070
13049,0.224487,0.100830,0.982910,20.935059,9.399414,63.049316
13059,0.193481,0.096436,1.001953,22.155762,9.155273,62.500000
13069,0.224854,0.096802,1.028198,22.888184,8.544922,60.729980
13080,0.206421,0.056885,1.018311,24.536133,7.812500,59.509277
13089,0.171875,0.031372,1.012085,25.329590,7.263184,58.044434
13099,0.213745,0.060547,1.062500,26.000977,7.019043,56.701660
13109,0.242920,0.046143,1.074341,26.550293,6.591797,55.480957
13119,0.206421,0.080688,1.146851,27.160645,6.042480,54.321289
13130,0.165894,0.221313,1.312988,27.648926,5.676270,53.405762
13139,0.117676,0.276001,1.399170,30.761719,7.568359,52.185059
13150,0.284302,0.171997,1.273682,32.714844,7.934570,51.513672
13160,0.272827,0.058838,1.156738,34.790039,6.713867,50.842285
13169,0.251221,-0.033081,0.997437,36.865234,4.577637,49.865723
13179,0.270386,-0.083252,0.851685,37.963867,2.868652,48.583984
13189,0.262817,-0.122192,0.855713,38.330078,1.098633,47.485352
13199,0.256836,-0.109131,0.873901,38.208008,-0.366211,46.142578
13211,0.325562,-0.050903,0.973145,37.414551,-2.441406,40.466309
13221,0.348633,-0.026611,0.951294,36.254883,-3.112793,37.414551
13230,0.391479,-0.027710,0.936157,35.034180,-3.845215,34.057617
13240,0.451660,0.003052,0.899170,33.691406,-4.455566,29.785156
13249,0.470459,-0.018066,0.850708,31.921387,-5.126953,25.512695
13259,0.472900,0.003418,0.824951,30.029297,-6.164551,21.423340
13271,0.459839,0.010986,0.841431,26.733398,-8.300781,15.197754
13280,0.465454,0.064209,0.840454,25.634766,-8.850098,12.817383
13289,0.428833,0.180176,0.836060,25.268555,-9.460449,10.925293
13299,0.422241,0.174316,0.845337,25.390625,-10.437012,8.728027
13310,0.396973,0.095459,0.840820,25.390625,-11.779785,5.798340
13319,0.403809,0.061279,0.839233,25.024414,-13.305664,2.563477
13329,0.333618,-0.027222,0.847046,24.536133,-15.197754,-0.671387
13339,0.334961,0.018311,0.855591,23.315430,-16.784668,-4.455566
13351,0.309082,-0.011597,0.894165,21.850586,-18.066406,-9.338379
13360,0.325073,0.063965,0.850830,18.310547,-18.127441,-11.535645
13370,0.402222,0.106689,0.847900,16.906738,-17.822266,-13.244629
13379,0.441406,0.201782,0.911621,15.747070,-17.456055,-14.404297
13389,0.464355,0.220459,0.889648,15.014648,-17.883301,-15.319824
13400,0.451538,0.183472,0.893677,14.587402,-18.127441,-15.197754
13409,0.441528,0.219604,0.945068,14.343262,-18.310547,-14.465332
13421,0.384888,0.170776,0.983643,14.221191,-17.761230,-11.840820
13430,0.329102,0.092896,0.944580,14.404297,-17.517090,-10.559082
13440,0.368042,0.100464,0.864014,14.404297,-17.211914,-8.911133
13449,0.356079,0.111206,0.884155,14.526367,-16.784668,-7.141113
13460,0.329834,0.182617,0.989990,14.465332,-16.845703,-5.371094
13470,0.318970,0.191040,1.007446,14.831543,-16.723633,-1.953125
13481,0.311157,0.091431,0.894775,15.502930,-14.709473,7.019043
13490,0.275513,0.121704,0.879639,14.892578,-13.977051,10.986328
13500,0.248901,0.100098,0.947144,13.854980,-13.183594,14.587402
13509,0.240479,0.101563,1.017944,13.244629,-12.451172,17.395020
13520,0.210327,0.078369,0.988525,13.122559,-11.779785,19.836426
13530,0.256592,-0.014160,0.893921,13.244629,-11.291504,21.972656
13539,0.233154,0.000732,0.894897,12.817383,-11.535645,23.071289
13549,0.280762,0.033569,0.856079,12.695313,-12.756348,23.132324
13561,0.308472,-0.044556,1.007568,12.817383,-14.831543,21.606445
13570,0.311035,-0.066162,0.938599,13.610840,-16.479492,19.409180
13580,0.328003,-0.159180,0.929321,13.610840,-17.761230,16.113281
13590,0.373291,-0.145508,0.946167,13.366699,-18.676758,12.145996
13600,0.439697,-0.171753,0.912964,12.878418,-20.446777,6.408691
13610,0.477783,-0.189819,0.957520,12.084961,-22.949219,-0.854492
13622,0.579834,-0.166748,1.026245,11.596680,-28.198242,-17.211914
13632,0.561157,-0.230469,0.995483,11.352539,-30.944824,-26.245117
13641,0.602295,-0.233887,0.954102,10.925293,-33.569336,-35.217285
13651,0.596436,-0.214844,0.989014,10.192871,-35.888672,-43.884277
13660,0.606689,-0.213501,0.960327,9.704590,-38.452148,-52.612305
13670,0.621216,-0.222412,0.925049,9.338379,-40.527344,-60.363770
13680,0.607788,-0.233765,0.923096,8.728027,-41.992187,-67.138672
13690,0.537720,-0.264648,0.897339,8.056641,-44.921875,-78.857422
13700,0.541748,-0.278931,0.868042,6.347656,-45.715332,-83.923340
13710,0.520874,-0.254639,0.923706,5.676270,-46.569824,-88.745117
13720,0.507324,-0.315430,0.917725,5.187988,-47.241211,-93.261719
13730,0.431519,-0.251587,0.939209,4.394531,-47.668457,-96.923828
13740,0.426514,-0.220825,0.888062,3.845215,-48.522949,-100.036621
13749,0.425171,-0.227051,0.865356,3.234863,-48.278809,-101.135254
13761,0.384888,-0.194092,0.864502,1.708984,-46.264648,-99.792480
13771,0.257813,-0.159424,0.855103,1.098633,-45.288086,-97.900391
13780,0.233154,-0.292114,0.810669,0.854492,-43.579102,-95.642090
13790,0.195435,-0.257202,0.913574,0.000000,-41.931152,-93.627930
13800,0.151245,-0.219238,0.952759,-0.671387,-41.015625,-92.285156
13810,0.138062,-0.231445,0.919067,-0.854492,-40.283203,-92.407227
13820,0.073364,-0.294434,0.870239,-0.854492,-39.550781,-93.078613
13830,0.065430,-0.247192,0.901611,-0.732422,-38.391113,-98.205566
13841,0.100342,-0.306885,0.969116,-1.342773,-36.865234,-100.463867
13851,0.141602,-0.232300,0.932373,-2.075195,-36.926270,-103.393555
13861,0.212036,-0.198608,0.935303,-2.746582,-36.804199,-105.590820
13870,0.239868,-0.151978,0.915283,-2.868652,-35.644531,-106.018066
13880,0.234497,-0.104370,0.917725,-2.502441,-34.362793,-105.163574
13891,0.250488,-0.114380,0.895264,-1.892090,-32.836914,-103.576660
13900,0.198364,-0.093506,0.968506,-1.220703,-29.602051,-98.632812
13910,0.229126,-0.082031,0.978882,-1.098633,-27.954102,-95.642090
13921,0.205933,-0.034546,1.000244,-0.732422,-26.733398,-92.895508
13930,0.208740,-0.052612,0.994995,-0.549316,-26.123047,-91.735840
13940,0.171631,0.005249,0.998169,-0.793457,-25.512695,-90.698242
13950,0.130493,0.012329,0.994629,-0.854492,-24.658203,-89.111328
13960,0.084961,0.066040,1.017700,-1.037598,-23.559570,-87.280273
13970,0.072510,0.055420,1.000977,-0.793457,-21.484375,-84.350586
13981,0.099731,0.165649,0.925049,-1.159668,-18.615723,-82.824707
13991,0.050293,0.214478,0.936646,-1.525879,-17.456055,-81.604004
14001,0.059326,0.204346,1.032837,-1.403809,-16.113281,-80.444336
14010,-0.048340,0.208252,1.144043,-0.793457,-14.953613,-79.345703
14020,-0.136963,0.128052,1.183472,-0.122070,-14.648438,-78.247070
14030,-0.201538,0.037964,1.164917,0.488281,-14.038086,-77.514648
14040,-0.215332,0.081665,1.124268,0.427246,-13.000488,-74.707031
14052,-0.308350,0.054199,0.987671,1.220703,-12.023926,-72.265625
14061,-0.314331,-0.057129,0.940918,2.075195,-9.704590,-68.176270
14071,-0.296143,-0.121216,0.943237,2.807617,-7.019043,-63.537598
14080,-0.243042,-0.174683,0.947632,2.746582,-4.394531,-58.288574
14090,-0.252441,-0.192139,0.969727,2.746582,-1.647949,-52.490234
14100,-0.172729,-0.140869,0.941284,2.563477,1.159668,-46.691895
14110,-0.161499,-0.118286,0.936157,2.624512,5.310059,-35.522461
14122,-0.074097,-0.015625,0.917725,3.295898,6.774902,-30.517578
14131,-0.049805,0.013428,0.977783,3.479004,8.117676,-25.756836
14140,-0.021240,0.010132,1.051392,3.601074,9.521484,-21.545410
14150,-0.041138,0.091919,1.056396,3.601074,10.314941,-17.761230
14160,-0.018799,0.101563,1.022095,3.356934,11.230469,-14.404297
14172,-0.058716,0.081299,0.993164,2.929688,12.512207,-9.216309
14181,-0.036987,0.103271,1.013550,2.868652,12.451172,-7.507324
14192,-0.099121,0.036377,0.993530,2.990723,12.268066,-5.981445
14201,-0.133789,0.020874,1.015381,2.868652,12.207031,-3.723145
14211,-0.176392,0.002197,0.981079,2.624512,12.634277,-0.976562
14220,-0.194824,-0.025146,0.927734,2.441406,13.122559,2.075195
14231,-0.249146,-0.018555,0.909058,2.380371,13.488770,5.187988
14240,-0.248901,-0.002319,0.943115,2.441406,14.465332,9.033203
14252,-0.288696,-0.081665,0.952271,2.807617,17.639160,16.845703
14262,-0.287109,-0.039429,0.974365,2.685547,18.615723,19.714355
14271,-0.282593,-0.097900,0.975098,2.746582,19.165039,21.545410
14280,-0.216309,-0.020874,0.974609,2.929688,19.531250,22.277832
14290,-0.156250,-0.015747,0.961304,3.356934,19.653320,22.399902
14300,-0.117188,-0.033081,0.938721,3.417969,19.470215,22.277832
14311,-0.055908,0.026001,0.986938,3.234863,19.775391,22.460937
14320,-0.050781,-0.016479,1.036377,3.295898,20.080566,24.780273
14332,0.010376,-0.060425,1.055176,2.746582,19.775391,25.085449
14341,0.016235,-0.060547,0.993530,2.624512,19.104004,25.329590
14350,0.005371,-0.072266,0.964722,2.319336,18.676758,25.573730
14361,-0.060913,-0.134888,0.980225,2.075195,17.822266,25.268555
14370,-0.061401,-0.131104,0.990112,1.892090,16.906738,24.414062
14382,-0.087036,-0.205200,1.025757,1.708984,16.052246,23.437500
14391,-0.052734,-0.173950,0.970215,1.647949,15.625000,22.827148
14400,-0.036743,-0.183960,0.930908,1.220703,14.892578,22.338867
14411,0.005737,-0.145508,0.975586,0.915527,14.587402,22.338867
14421,0.018311,-0.130859,0.985474,0.793457,14.221191,23.010254
14430,0.089233,-0.124512,0.989990,0.793457,13.671875,23.925781
14441,0.074341,-0.102173,0.997803,0.732422,13.488770,25.146484
14450,0.113403,-0.039673,1.035156,0.610352,13.244629,26.733398
14462,0.042358,-0.070068,0.974731,0.610352,13.305664,29.418945
14471,0.021851,-0.010132,1.037720,-0.061035,13.122559,30.639648
14481,0.025513,-0.050659,1.033325,-0.183105,13.000488,31.799316
14490,0.023071,-0.058960,1.057983,-0.366211,12.634277,32.531738
14501,0.014648,-0.046509,1.050659,-0.488281,11.657715,32.897949
14510,0.020264,-0.082275,1.014282,-0.793457,10.375977,32.531738
14521,0.026978,-0.099854,0.962402,-0.610352,8.850098,31.433105
14530,0.050049,-0.018066,0.976929,-0.122070,7.141113,28.930664
14542,0.014282,-0.219116,0.883667,-0.244141,6.103516,27.343750
14551,0.160400,-0.103760,0.953491,-0.122070,5.554199,25.146484
14561,0.005615,-0.144775,1.035889,-0.183105,4.821777,23.010254
14570,0.065796,-0.153564,1.057739,-0.488281,4.150391,19.531250
14581,0.078247,-0.136353,1.016357,-0.915527,2.807617,14.953613
14590,0.013428,-0.057617,1.004028,-1.586914,1.037598,9.826660
14602,0.125488,-0.146484,0.964722,-1.159668,0.122070,2.197266
14611,0.192505,-0.208496,0.955444,-0.061035,-0.122070,-0.427246
14621,0.206543,-0.184448,1.035400,-0.366211,-0.915527,-2.868652
14631,0.249512,-0.163452,1.097290,-0.976562,-2.197266,-5.187988
14640,0.142456,-0.157227,0.995605,-1.342773,-3.295898,-6.958008
14651,0.212524,-0.066895,0.995117,-1.342773,-4.272461,-8.605957
14661,0.138916,-0.083252,1.067505,-1.342773,-5.126953,-11.352539
14671,0.134644,-0.150391,1.038696,-0.793457,-5.920410,-12.451172
14681,0.074341,-0.250122,1.104492,-0.854492,-6.103516,-14.160156
14691,0.085571,-0.196411,1.049683,-1.586914,-6.469727,-15.930176
14700,0.031372,-0.098999,1.005981,-1.770020,-7.568359,-18.249512
14710,0.081421,-0.087158,1.010498,-1.464844,-7.873535,-20.263672
14721,0.074463,-0.109375,0.989380,-1.159668,-7.568359,-21.545410
14730,0.019409,0.016479,0.691650,-0.793457,-7.568359,-22.827148
14740,-0.064087,-0.017944,0.883911,-0.061035,-6.225586,-24.169922
14751,0.152588,-0.121948,1.003296,-0.854492,-5.615234,-23.803711
14761,-0.095703,-0.056274,1.001221,-1.525879,-5.615234,-24.230957
14770,-0.051025,-0.018188,0.981812,-1.342773,-5.432129,-24.475098
14780,-0.088257,-0.107300,1.001465,-0.549316,-5.126953,-24.902344
14791,0.003296,-0.163452,0.951050,-0.061035,-4.150391,-25.512695
14801,-0.009644,-0.142456,1.013794,-0.488281,-3.112793,-27.832031
14811,-0.065552,-0.115845,1.057373,-1.525879,-2.502441,-29.907227
14820,-0.035645,0.023193,1.003662,-1.281738,-2.746582,-31.433105
14831,0.008545,-0.027710,0.973999,-0.366211,-2.014160,-31.799316
14841,0.040894,-0.177368,0.979614,0.305176,-1.708984,-31.188965
14850,0.002808,-0.175171,0.984131,0.366211,-1.464844,-29.357910
14861,-0.003052,-0.108887,1.029663,0.000000,-1.098633,-27.282715
14871,-0.048950,-0.103760,0.990112,0.244141,-0.610352,-25.146484
14880,0.015259,-0.045166,1.052368,0.244141,0.915527,-20.751953
14891,-0.003418,-0.044312,0.971924,-0.183105,1.770020,-18.554687
14901,-0.033447,0.044800,0.947876,-0.732422,2.563477,-16.113281
14911,-0.041382,0.138672,0.992432,-0.976562,3.723145,-13.427734
14921,-0.085083,0.200439,1.040039,-0.976562,4.821777,-10.864258
14931,-0.070190,0.087158,1.008179,-0.244141,5.798340,-8.728027
14941,-0.072266,-0.050049,0.947754,0.000000,6.713867,-7.263184
14950,-0.027466,0.019775,1.145874,-0.793457,7.019043,-4.760742
14960,0.042480,0.048462,0.975464,-0.915527,6.225586,-3.479004
14971,0.042969,0.015137,0.835571,-0.854492,5.981445,-2.014160
14980,0.063110,0.035645,0.860840,-0.976562,5.920410,-0.061035
14991,0.085693,-0.015381,0.898560,-1.098633,6.225586,1.586914
15000,0.116333,-0.011353,0.982910,-1.342773,6.225586,2.990723
15012,0.127930,0.049194,1.114380,-0.976562,6.042480,6.164551
15021,0.070312,-0.107178,0.917114,-1.037598,5.798340,6.958008
15031,0.103149,-0.038940,0.918091,-1.647949,5.249023,7.507324
15041,0.062866,0.020020,0.943970,-2.380371,5.004883,8.056641
15050,0.043213,0.101318,1.032837,-2.380371,4.516602,8.728027
15061,0.057495,0.080322,1.050659,-1.892090,4.089355,9.582520
15071,0.106689,0.001587,0.990112,-1.464844,3.845215,10.070801
15080,0.074585,0.012207,0.952026,-1.708984,3.540039,10.803223
15092,0.153687,0.169922,1.059204,-2.441406,3.479004,12.512207
15101,0.170654,0.121216,1.017212,-2.014160,2.868652,13.610840
15111,0.192261,0.069580,1.022339,-1.708984,2.563477,14.221191
15120,0.224609,0.071167,1.081787,-1.953125,1.647949,15.258789
15131,0.231323,0.084473,1.072144,-2.380371,0.793457,16.174316
15140,0.223877,0.139038,1.075928,-2.563477,-0.244141,16.906738
15151,0.079712,0.077759,1.152222,-2.746582,-1.892090,18.066406
15162,-0.223633,-0.157471,1.093140,-2.746582,0.427246,18.737793
15171,-0.127441,-0.049316,0.975830,-3.295898,2.136230,16.662598
15181,-0.178345,0.160767,0.852051,-2.502441,1.892090,14.160156
15190,-0.315918,0.059570,0.796631,-1.037598,0.732422,11.352539
15201,-0.322144,-0.191895,0.838257,-0.549316,0.183105,9.948730
15210,-0.311646,-0.280518,0.986328,-1.159668,0.305176,10.192871
15222,-0.161621,-0.274780,1.032593,-3.173828,3.906250,14.221191
15231,0.023926,-0.111206,0.933960,-2.624512,5.920410,17.395020
15241,-0.126221,-0.193237,0.961426,-1.586914,6.408691,19.775391
15250,-0.246094,-0.278320,0.994019,-1.220703,6.652832,22.033691
15261,-0.256836,-0.314575,1.014282,-1.831055,6.774902,23.437500
15271,-0.205078,-0.296753,1.010986,-2.380371,7.324219,24.230957
15280,-0.163086,-0.282104,0.975220,-2.014160,7.690430,23.742676
15292,-0.079224,-0.353638,0.931030,-0.976562,7.812500,23.559570
15301,-0.005005,-0.301147,0.949097,-1.647949,7.446289,24.108887
15311,0.097900,-0.264526,0.949463,-2.319336,7.324219,25.451660
15320,0.184082,-0.243652,0.960693,-2.380371,7.568359,28.259277
15331,0.168457,-0.270752,0.963135,-1.953125,8.117676,31.066895
15341,0.147705,-0.380615,0.958618,-1.586914,8.056641,33.874512
15351,0.134277,-0.384521,0.992432,-1.953125,7.873535,36.193848
15361,0.099609,-0.396729,0.995117,-2.197266,7.446289,37.658691
15372,0.067383,-0.377563,0.998535,-2.624512,5.554199,39.001465
15381,0.085083,-0.403198,0.959106,-1.831055,4.699707,38.940430
15391,0.129028,-0.453247,0.950073,-1.403809,3.906250,38.940430
15400,0.156860,-0.477417,0.941162,-1.281738,2.502441,39.245605
15411,0.177124,-0.386230,0.971802,-1.953125,1.525879,40.161133
15421,0.163696,-0.330444,0.975342,-2.136230,0.671387,41.503906
15430,0.153320,-0.355713,0.944946,-2.075195,0.183105,43.090820
15442,0.151001,-0.410767,0.996582,-1.647949,-0.488281,45.532227
15451,0.096069,-0.437622,1.015747,-1.281738,-1.892090,45.715332
15461,0.051758,-0.367188,1.012695,-1.464844,-2.746582,45.288086
15471,0.015991,-0.385620,1.015503,-1.586914,-3.540039,44.494629
15480,0.072876,-0.387085,0.991577,-1.342773,-4.760742,43.457031
15491,0.063354,-0.411011,0.954224,-0.976562,-6.042480,42.236328
15501,0.052490,-0.399048,0.944702,-0.427246,-7.202148,39.978027
15513,0.044312,-0.373413,1.048950,-0.976562,-8.666992,38.940430
15522,0.018921,-0.414429,1.011108,-1.220703,-9.521484,37.719727
15532,-0.004761,-0.382690,1.041870,-1.159668,-10.131836,36.621094
15541,-0.064453,-0.354370,1.001465,-0.976562,-10.375977,35.888672
15551,-0.043091,-0.453491,0.973755,-0.183105,-10.681152,35.827637
15561,-0.032227,-0.504150,0.919189,0.061035,-11.169434,35.705566
15573,-0.085937,-0.439697,0.894287,-0.793457,-12.207031,34.484863
15583,-0.039673,-0.303467,1.002197,-1.037598,-12.695313,33.508301
15592,0.000977,-0.283691,1.066406,-0.366211,-13.305664,31.921387
15602,-0.000977,-0.377808,0.974976,0.671387,-13.854980,30.273437
15611,-0.015381,-0.429077,0.919312,0.976562,-14.343262,29.052734
15621,-0.058960,-0.458740,0.901001,0.976562,-14.404297,28.015137
15631,-0.023804,-0.495239,0.953857,0.610352,-14.465332,26.306152
15641,-0.043213,-0.502319,0.910156,0.488281,-15.014648,23.803711
15650,-0.050537,-0.509155,0.930298,-0.122070,-16.174316,15.502930
15661,-0.069214,-0.514771,1.004883,-0.915527,-17.028809,10.681152
15671,-0.136963,-0.498047,1.025269,-1.159668,-17.456055,5.371094
15681,-0.112427,-0.413818,1.031494,-1.403809,-18.554687,0.000000
15691,-0.148926,-0.276489,0.998779,-0.915527,-19.287109,-4.699707
15700,-0.117676,-0.258667,0.982666,-0.793457,-19.409180,-8.300781
15712,-0.079224,-0.324097,0.984375,-0.854492,-18.859863,-16.479492
15722,-0.061890,-0.223999,0.976074,-0.610352,-18.554687,-20.629883
15732,-0.085815,-0.236328,1.005127,-0.671387,-18.310547,-24.841309
15741,-0.102173,-0.198486,0.923096,-0.793457,-17.639160,-28.686523
15751,-0.051758,-0.221313,1.052246,-0.671387,-17.150879,-32.714844
15761,-0.102051,-0.141235,0.908447,-0.854492,-17.089844,-36.560059
15770,-0.164429,-0.156494,0.886108,-1.159668,-15.502930,-39.428711
15782,-0.207886,-0.151733,0.862915,-2.502441,-10.131836,-42.114258
15792,-0.017334,-0.004395,1.174194,-3.112793,-8.789063,-43.273926
15802,-0.024048,-0.001343,1.209839,-2.868652,-8.789063,-45.227051
15812,-0.062500,0.016357,1.062500,-2.075195,-8.422852,-46.569824
15821,-0.056152,-0.029419,0.986084,-1.464844,-7.812500,-47.546387
15831,-0.068848,0.003296,0.988281,-1.647949,-6.286621,-48.583984
15841,-0.049683,0.119995,0.955688,-1.831055,-5.004883,-49.377441
15851,-0.045898,0.134888,1.035156,-1.464844,-3.967285,-49.804687
15861,-0.068481,0.134033,0.984253,-1.037598,-2.258301,-49.316406
15871,-0.024658,0.064697,0.943237,-1.098633,-1.281738,-48.278809
15881,-0.026855,0.083618,0.982300,-1.098633,-0.122070,-45.959473
15891,0.007568,0.159668,1.001953,-0.732422,1.770020,-42.419434
15901,0.023437,0.164795,1.020020,-0.793457,3.417969,-38.330078
15911,-0.042358,0.187988,0.964844,-0.854492,5.249023,-34.118652
15921,-0.040405,0.169067,1.000366,-0.610352,7.141113,-25.207520
15931,-0.067505,0.177490,1.009277,0.122070,10.375977,-21.606445
15942,-0.119019,0.094971,1.038086,0.305176,11.169434,-18.127441
15951,-0.121460,0.020020,1.053955,0.549316,12.268066,-14.831543
15962,-0.024414,-0.046509,1.114502,0.488281,13.000488,-11.962891
15971,0.067871,-0.047729,1.187744,0.366211,13.061523,-9.582520
15982,0.044556,0.060913,1.220337,-0.122070,11.535645,-7.019043
15991,0.012939,0.017334,1.092773,-0.244141,10.742188,0.976562
16002,0.149048,0.019409,0.930054,0.244141,13.122559,6.469727
16012,0.120605,-0.092896,0.946533,0.549316,14.587402,11.657715
16021,0.084229,-0.126099,0.950562,0.976562,15.441895,15.686035
16031,-0.025635,-0.342407,0.930054,1.403809,14.831543,18.310547
16041,-0.084351,-0.325928,0.936768,1.281738,13.183594,19.287109
16051,-0.116699,-0.303955,0.954468,1.342773,11.535645,19.165039
16061,-0.029907,-0.308472,0.981567,1.403809,10.925293,18.371582
16072,0.109375,-0.449219,0.809204,2.258301,10.192871,17.639160
16082,0.058472,-0.452515,0.769531,2.136230,9.277344,17.150879
16091,-0.028809,-0.370972,0.860596,2.136230,9.521484,16.662598
16101,-0.110718,-0.459473,0.894287,1.708984,9.643555,15.747070
16111,-0.128296,-0.480347,0.840088,1.281738,9.704590,14.221191
16121,-0.104004,-0.594116,0.737671,0.793457,9.460449,11.840820
16134,-0.190308,-0.422241,0.783936,-1.464844,8.544922,6.896973
16143,-0.265137,-0.355835,0.933350,-2.380371,9.033203,3.417969
16153,-0.293335,-0.193237,1.155518,-2.441406,10.131836,1.037598
16163,-0.185059,-0.106201,1.266846,-1.281738,11.047363,-0.854492
16173,-0.084961,-0.401733,1.087036,1.037598,11.413574,-1.953125
16182,-0.055786,-0.475342,0.934326,2.136230,10.986328,-2.197266
16192,-0.001465,-0.423584,0.872681,1.892090,10.864258,-0.671387
16201,0.003540,-0.430908,0.865723,0.000000,12.573242,5.004883
16213,0.036621,-0.357178,0.782715,-0.610352,13.793945,9.094238
16222,0.040405,-0.430420,0.887207,-0.854492,14.404297,13.671875
16232,0.104126,-0.515625,0.973389,-1.220703,14.282227,16.784668
16241,0.138550,-0.496582,1.029785,-1.892090,13.183594,18.737793
16252,0.224854,-0.439941,1.160278,-2.685547,11.108398,19.409180
16261,0.236450,-0.368774,1.133545,-2.502441,8.911133,19.287109
16271,0.200317,-0.290894,1.100952,-1.403809,6.713867,19.531250
16282,0.208252,-0.414673,1.033325,0.244141,5.187988,20.446777
16292,0.198120,-0.638550,0.917603,0.366211,4.272461,21.240234
16301,0.213257,-0.317383,1.078491,-0.488281,3.234863,21.118164
16311,0.160522,-0.466431,0.995117,-0.915527,1.708984,20.080566
16321,0.073242,-0.203491,1.073730,-0.976562,0.305176,18.188477
16331,-0.053833,-0.304565,1.107788,-0.122070,-0.366211,16.113281
16341,-0.082397,-0.239014,1.097900,0.305176,-0.305176,10.742188
16352,-0.243774,-0.205200,1.049805,0.976562,0.366211,7.873535
16362,-0.260864,0.050659,1.082275,0.549316,1.342773,5.004883
16371,-0.260498,0.207031,1.138184,-0.488281,1.708984,2.136230
16382,-0.243652,0.021484,0.951172,-1.403809,2.075195,-0.244141
16391,-0.094971,0.347778,1.111084,-2.197266,2.807617,-1.464844
16401,-0.001221,0.253784,1.076660,-3.051758,3.234863,-1.831055
16414,0.203369,0.289917,1.145020,-3.723145,3.601074,-0.366211
16423,0.278198,0.202271,1.038086,-3.601074,4.272461,2.197266
16432,0.377441,0.208618,0.788208,-3.662109,3.906250,4.699707
16442,0.390625,0.485229,1.133057,-4.516602,2.929688,6.469727
16452,0.436646,0.464600,1.200928,-3.601074,1.953125,7.690430
16461,0.383301,0.338013,1.122192,-0.732422,1.403809,9.216309
16472,0.346924,0.151123,0.954102,1.647949,0.427246,10.620117
16481,0.287109,0.024780,1.068115,3.356934,-1.098633,11.535645
16492,0.160767,-0.302856,0.731079,4.760742,-3.601074,12.878418
16502,0.259399,-0.219482,0.717163,3.540039,-4.150391,15.014648
16511,0.140381,-0.141357,0.870850,1.770020,-4.943848,17.517090
16521,0.056152,-0.076782,0.994751,0.427246,-6.042480,19.348145
16531,-0.035156,0.100220,1.016479,0.427246,-6.469727,19.897461
16541,-0.074585,-0.030273,1.072632,1.708984,-6.286621,19.714355
16553,-0.046997,-0.194824,0.983643,3.112793,-5.615234,19.042969
16563,-0.039307,-0.156128,0.997437,3.662109,-6.469727,16.479492
16572,-0.025024,-0.099365,0.935181,2.929688,-8.056641,14.892578
16581,0.024414,-0.054077,1.002441,3.051758,-9.216309,13.671875
16591,0.004639,0.065918,1.032104,3.601074,-9.277344,13.122559
16601,0.029663,-0.074951,1.072021,3.967285,-8.422852,13.366699
16611,-0.019165,0.015625,1.123657,3.295898,-7.873535,13.488770
16623,-0.184204,0.023804,1.026855,2.502441,-7.690430,12.084961
16633,-0.182739,-0.036499,1.009155,2.502441,-7.141113,10.742188
16642,-0.211182,0.014282,0.939087,2.319336,-6.591797,9.338379
16652,-0.212646,0.003174,0.947021,2.502441,-6.225586,8.056641
16661,-0.138184,-0.046509,0.955200,2.502441,-6.103516,6.713867
16671,-0.122681,-0.098267,1.026611,2.197266,-6.469727,5.371094
16682,-0.062988,-0.102051,1.050049,1.770020,-6.347656,4.394531
16691,0.001587,-0.047852,0.990479,1.525879,-6.042480,2.319336
16701,0.070679,-0.191895,0.968140,1.220703,-6.286621,0.793457
16712,0.166748,-0.168823,1.005371,0.854492,-6.286621,-1.281738
16721,0.230591,-0.256592,0.985229,0.610352,-7.202148,-3.234863
16731,0.191772,-0.298340,0.977295,0.488281,-8.117676,-5.493164
16742,0.199951,-0.225342,0.978027,-0.122070,-9.094238,-7.202148
16751,0.132324,-0.231934,0.975098,-0.183105,-9.765625,-8.911133
16761,0.142822,-0.285156,1.000122,-15.380859,-10.742188,-12.023926
16773,0.118408,-0.187012,1.021240,0.244141,-10.864258,-12.329102
16782,0.060547,-0.160400,0.933838,0.610352,-10.925293,-11.962891
16792,0.084961,-0.426025,0.907471,1.525879,-11.169434,-11.779785
16801,0.054932,-0.543213,0.800659,1.586914,-10.742188,-11.779785
16812,-0.027100,-0.353638,0.833130,-0.488281,-10.192871,-11.535645
16822,-0.046387,-0.017456,0.925781,-1.953125,-9.094238,-11.596680
16831,-0.001831,-0.202515,1.012573,-2.319336,-9.094238,-12.023926
16841,0.019531,-0.041748,1.021118,-4.028320,-8.850098,-11.474609
16851,0.032837,0.195923,0.996582,-4.821777,-8.178711,-9.704590
16861,-0.012939,-0.059692,0.952393,-3.356934,-7.507324,-7.934570
16871,-0.002319,-0.114136,0.984497,-1.831055,-6.896973,-7.080078
16882,-0.040527,-0.237183,0.924561,-1.708984,-6.652832,-6.469727
16891,-0.027710,-0.128540,1.031616,-2.258301,-6.347656,-6.103516
16901,-0.055420,-0.018921,1.063965,-2.136230,-5.554199,-4.638672
16913,-0.168701,-0.070068,1.045898,-1.464844,-4.760742,-3.540039
16923,-0.160278,-0.192627,0.928833,-1.403809,-3.784180,-2.014160
16932,-0.148193,-0.229980,0.740845,-1.647949,-2.624512,-0.610352
16942,-0.155396,-0.307617,0.632446,-2.624512,-1.892090,0.549316
16951,-0.082764,0.063965,1.170410,-5.004883,-1.098633,1.647949
16961,-0.043457,0.028442,1.208008,-4.699707,-0.549316,3.051758
16973,-0.127197,0.024658,1.276489,-1.708984,-0.854492,2.563477
16983,-0.206055,-0.335571,0.916382,-0.244141,-0.671387,1.953125
16992,-0.116821,-0.278198,0.864380,-0.610352,-0.183105,0.732422
17002,-0.097046,-0.075073,0.858276,-2.136230,-0.244141,0.976562
17012,-0.143188,-0.137695,0.866699,-2.929688,0.305176,2.441406
17022,-0.162231,-0.006958,1.015137,-3.601074,0.915527,3.906250
17031,-0.158936,-0.045898,0.998291,-3.173828,2.441406,5.554199
17043,-0.064209,-0.125488,1.026855,-2.685547,4.028320,6.408691
17052,-0.059448,-0.103516,1.059082,-3.601074,2.929688,3.784180
17062,-0.100098,-0.000488,1.064453,-3.295898,2.380371,2.563477
17072,-0.106689,-0.027588,1.002319,-2.380371,2.197266,0.976562
17082,-0.108276,-0.061890,0.963135,-1.342773,2.624512,-0.671387
17091,-0.097778,-0.048828,0.962280,-1.403809,2.807617,-1.892090
17102,0.015137,-0.170288,0.919312,-1.342773,2.807617,-2.075195
17111,0.077026,-0.068970,0.875366,-2.380371,2.319336,-1.159668
17123,0.118652,-0.120728,0.985840,-2.563477,1.770020,-1.098633
17133,0.128052,-0.006592,1.089966,-2.380371,1.586914,-1.342773
17142,0.136841,-0.109375,1.025513,-1.770020,1.586914,-1.770020
17152,0.102539,-0.219482,0.980103,-1.098633,1.037598,-3.173828
17161,0.059326,-0.162476,0.916138,-0.976562,0.244141,-5.493164
17173,0.013794,-0.177490,0.892456,-0.366211,-0.183105,-9.033203
17182,0.037720,-0.195435,0.866089,-0.549316,-0.610352,-10.864258
17192,0.014282,-0.254639,0.890015,-1.037598,-1.159668,-12.145996
17202,0.056396,-0.176025,0.882446,-2.014160,-1.708984,-13.732910
17212,0.012329,-0.093994,0.950073,-2.990723,-1.525879,-14.038086
17221,0.072266,-0.044189,0.973389,-3.723145,-0.610352,-13.305664
17232,0.117554,-0.013306,1.028442,-3.845215,0.305176,-12.023926
17242,-0.019775,-0.128784,0.962524,-3.601074,0.793457,-8.483887
17252,0.064819,-0.113403,1.021362,-4.699707,0.854492,-6.774902
17261,0.022949,-0.097534,1.011230,-5.187988,1.525879,-4.150391
17272,0.026001,0.060059,1.110718,-5.187988,1.953125,-2.746582
17282,0.017822,-0.033447,1.112061,-4.516602,1.831055,-1.464844
17292,-0.000122,0.033447,1.055054,-3.662109,1.525879,-1.586914
17302,0.043091,-0.253540,0.968262,-2.502441,1.342773,-1.647949
17311,0.068237,-0.529907,0.815796,-1.892090,0.915527,-1.159668
17324,-0.046875,0.163330,0.963135,-5.432129,0.671387,2.746582
17333,-0.162964,-0.135376,1.218872,-4.150391,1.953125,4.211426
17343,-0.190796,-0.292114,1.149048,-3.295898,2.807617,5.065918
17352,-0.159668,-0.213867,1.088013,-3.845215,3.479004,4.760742
17362,-0.132812,-0.163086,1.041626,-3.784180,2.929688,2.319336
17372,-0.165405,-0.260010,0.852905,-2.563477,2.197266,-0.366211
17381,-0.109741,-0.293457,0.910278,-2.136230,1.708984,-2.136230
17393,-0.053101,-0.261353,0.984375,-2.441406,2.258301,-2.380371
17403,-0.076416,-0.193481,0.998413,-2.807617,3.051758,-1.770020
17412,-0.034302,-0.261475,0.919678,-2.685547,4.150391,-0.671387
17422,0.062622,-0.228882,0.965088,-2.685547,4.882812,0.488281
17431,0.045654,-0.287476,0.946045,-2.685547,4.882812,0.549316
17442,0.033813,-0.172363,1.018311,-2.929688,4.211426,-0.793457
17452,0.029663,-0.139282,1.070435,-2.868652,3.662109,-2.319336
17463,0.109619,-0.239624,1.006714,-2.685547,2.136230,-7.812500
17473,0.121826,-0.209717,0.938477,-1.892090,0.366211,-11.596680
17482,0.113037,-0.170166,0.876465,-2.319336,-1.586914,-15.075684
17492,0.137695,-0.199097,0.807617,-3.051758,-1.220703,-16.113281
17502,0.166626,-0.109131,0.906738,-3.967285,-0.244141,-15.625000
17512,0.082397,-0.130615,0.977539,-4.638672,0.427246,-14.526367
17522,0.059326,0.041748,1.069702,-4.577637,1.037598,-13.977051
17533,0.031616,-0.084961,1.174316,-3.906250,1.098633,-15.930176
17543,0.033569,-0.216797,1.111084,-0.976562,0.732422,-17.578125
17552,0.107300,-0.105591,1.007935,-0.305176,0.305176,-18.798828
17562,0.132446,-0.209351,0.823730,0.000000,0.061035,-18.554687
17572,0.159668,-0.104736,0.947632,0.244141,0.183105,-17.150879
17581,0.160156,-0.310425,0.857788,0.427246,1.159668,-14.648438
17593,0.151855,-0.182251,0.883545,-0.183105,2.563477,-9.277344
17602,0.163452,-0.139282,0.991821,-0.671387,2.624512,-8.117676
17612,0.093262,-0.284790,0.923340,-0.854492,2.136230,-7.263184
17621,0.066772,-0.131714,0.982910,-0.976562,1.586914,-7.202148
17632,0.026123,-0.198608,0.908936,-0.793457,1.220703,-7.141113
17641,0.037476,-0.019775,1.006104,-0.671387,1.342773,-6.835937
17652,0.012817,-0.235718,0.935059,-0.610352,1.220703,-5.920410
17662,0.034180,-0.134155,1.054565,-0.610352,1.464844,-4.638672
17673,0.077759,0.009521,1.022217,-1.159668,2.380371,-0.488281
17683,0.010620,-0.130127,0.997803,-1.403809,2.929688,1.770020
17692,-0.030884,-0.000244,1.011230,-2.319336,2.746582,3.784180
17702,-0.076538,0.082275,1.115479,-2.868652,2.929688,5.187988
17711,-0.157104,0.062622,1.065796,-2.502441,3.662109,6.713867
17722,-0.185669,0.070801,1.112549,-1.953125,4.516602,8.117676
17731,-0.163696,0.016113,1.125000,-1.464844,5.249023,8.850098
17743,-0.175903,-0.059814,1.046265,-1.098633,5.187988,10.070801
17752,-0.148315,-0.049438,1.067749,-0.305176,6.286621,11.535645
17762,-0.179932,-0.107422,0.990601,-0.122070,7.385254,13.122559
17771,-0.176270,-0.139771,0.928711,-0.366211,8.422852,14.404297
17781,-0.111450,-0.289429,0.899780,-0.183105,9.033203,15.625000
17792,-0.047119,-0.099976,0.904053,-0.976562,9.582520,16.601562
17802,-0.004028,-0.137451,0.960693,-1.708984,9.094238,16.967773
17811,0.020020,-0.083740,0.960083,-2.441406,6.958008,16.540527
17823,0.077271,-0.015747,1.059448,-2.136230,6.286621,16.174316
17832,0.116455,-0.149292,0.967163,-1.647949,5.554199,15.380859
17842,0.091797,-0.083496,0.973267,-1.342773,5.004883,15.441895
17851,0.100708,-0.035767,1.162598,-1.464844,4.577637,15.441895
17862,0.140015,-0.062134,1.171387,-0.732422,3.845215,15.441895
17872,0.128174,0.026733,1.250488,0.000000,3.173828,15.441895
17883,0.053711,-0.090210,1.033325,0.976562,1.281738,14.282227
17893,0.075195,-0.254272,0.814941,2.746582,0.305176,13.488770
17902,0.032959,-0.301392,0.767090,2.624512,-0.305176,13.061523
17911,0.020630,-0.235229,0.679687,1.403809,-0.427246,12.634277
17922,0.008911,-0.192261,0.707153,-0.183105,-0.488281,12.084961
17932,-0.009155,-0.176270,0.694092,-2.136230,-0.244141,11.840820
17941,0.006958,-0.122070,0.850220,-3.417969,-0.305176,11.230469
17952,0.037598,-0.079590,0.989990,-3.906250,-2.319336,7.812500
17961,-0.013184,-0.062988,1.009521,-3.723145,-3.417969,5.554199
17972,0.017700,-0.200439,1.110352,-3.356934,-3.967285,3.234863
17982,0.010986,-0.211670,1.017334,-3.356934,-4.028320,1.098633
17992,0.073853,-0.033203,1.141968,-3.051758,-4.150391,-0.610352
18002,0.104980,-0.193115,1.060669,-1.647949,-4.089355,-1.647949
18012,0.128784,-0.171021,1.088745,-0.976562,-3.723145,-2.258301
18023,0.190918,-0.265869,1.043701,-0.488281,-4.577637,-3.356934
18033,0.128296,-0.331909,0.910278,-0.793457,-5.187988,-3.845215
18042,0.090332,-0.158813,0.969727,-1.342773,-5.371094,-4.333496
18052,0.142334,-0.150024,1.051147,-1.647949,-5.798340,-5.004883
18062,0.106689,-0.254639,1.037109,-1.647949,-6.591797,-5.981445
18071,0.036743,-0.097168,1.113281,-1.770020,-7.446289,-7.141113
18083,0.063599,-0.276367,1.031738,-2.319336,-7.873535,-8.483887
18093,0.043091,-0.121704,0.984131,-2.136230,-7.385254,-8.056641
18102,-0.011719,-0.129761,0.954102,-2.197266,-6.896973,-7.263184
18112,0.001099,-0.131470,0.961426,-2.014160,-6.042480,-5.981445
18121,-0.078125,-0.283936,0.829102,-1.892090,-4.760742,-3.967285
18131,-0.093384,0.011108,0.918701,-2.868652,-3.845215,-1.892090
18142,-0.111694,-0.053345,0.963867,-2.685547,-2.746582,0.122070
18152,-0.151733,0.019409,1.084717,-2.075195,-2.014160,1.647949
18163,-0.148315,-0.214233,1.066162,-0.305176,-1.586914,2.746582
18173,-0.169312,-0.157104,1.041870,0.061035,-1.342773,2.990723
18182,-0.179810,-0.212280,0.996948,0.061035,-0.793457,3.417969
18192,-0.245117,-0.188843,0.994629,-0.976562,0.366211,3.967285
18202,-0.222412,-0.002930,1.037231,-2.075195,1.708984,4.577637
18212,-0.186523,-0.014038,1.039429,-2.746582,2.685547,5.126953
18222,-0.163818,0.059692,1.030640,-2.624512,3.356934,5.249023
18233,-0.120850,0.069702,1.020630,-1.159668,3.540039,3.295898
18243,-0.108765,0.020996,0.992676,0.366211,3.356934,2.380371
18252,-0.080322,-0.106934,1.013428,1.831055,3.051758,2.014160
18262,-0.039429,-0.066040,0.944946,2.868652,3.356934,2.380371
18272,-0.059326,-0.290771,0.741699,3.601074,4.089355,3.906250
18282,-0.078247,-0.191772,0.757202,3.112793,5.065918,5.432129
18292,-0.118164,-0.239258,0.711182,1.953125,5.981445,7.141113
18303,-0.113281,-0.144653,0.843506,-0.854492,6.958008,8.666992
18313,-0.089111,-0.060181,0.959839,-1.708984,6.591797,8.422852
18323,-0.067383,-0.059204,0.996582,-2.197266,5.737305,7.507324
18332,0.004395,-0.130005,0.992065,-2.014160,5.737305,6.958008
18341,0.049194,-0.012817,1.053589,-1.586914,5.676270,6.958008
18352,0.136841,-0.208252,0.985840,-1.403809,5.310059,7.629395
18361,0.205078,-0.089600,1.025391,-1.220703,5.004883,8.300781
18373,0.016357,-0.096680,1.048462,-0.610352,4.028320,10.192871
18383,0.170288,0.011597,1.131226,0.366211,4.272461,10.437012
18392,0.106201,-0.222168,1.118652,0.854492,3.784180,10.009766
18402,0.083252,-0.058838,1.057861,0.427246,2.502441,8.544922
18412,0.047241,0.021606,1.140259,0.427246,1.586914,7.873535
18422,-0.022827,-0.026123,1.091431,0.915527,0.793457,6.469727
18431,-0.028687,0.002930,1.096680,1.586914,0.427246,5.432129
18443,-0.088989,-0.350952,0.999878,2.502441,0.671387,5.004883
18453,-0.049438,-0.110107,0.956665,1.525879,1.586914,5.859375
18462,-0.004761,-0.212036,0.843872,0.732422,2.258301,7.080078
18472,0.018188,-0.158813,0.813721,-0.183105,2.441406,7.873535
18482,0.053223,-0.238892,0.750732,-1.525879,1.770020,7.812500
18492,0.100830,-0.115479,0.805420,-3.356934,1.159668,6.896973
18502,0.105347,-0.182373,0.875122,-4.455566,-15.136719,2.746582
18512,0.051880,-0.202026,0.933594,-6.958008,-0.610352,-0.427246
18522,0.061768,0.020630,1.050049,-7.202148,-1.098633,-3.479004
18532,0.091064,-0.089844,1.054688,-6.958008,-1.831055,-6.347656
18543,0.040649,-0.249512,1.031494,-6.347656,-2.319336,-8.117676
18552,0.064087,-0.141113,1.044067,-6.225586,-2.685547,-9.460449
18562,0.071655,-0.269653,0.885498,-6.103516,-3.112793,-9.704590
18574,0.105835,-0.129395,0.930664,-6.042480,-2.075195,-7.934570
18584,0.075928,-0.142578,0.929687,-5.676270,-1.647949,-6.774902
18594,0.116699,-0.181885,0.925415,-5.737305,-1.098633,-5.798340
18603,0.089966,-0.125000,1.034668,-5.310059,-0.854492,-4.943848
18612,0.060059,-0.004272,1.134521,-4.516602,-0.732422,-4.516602
18622,-0.011108,-0.147461,1.036621,-3.723145,-0.549316,-4.699707
18632,0.040161,-0.145386,0.997925,-2.685547,-0.610352,-5.065918
18642,-0.009277,-0.165405,1.019531,-1.770020,-0.915527,-4.760742
18652,0.002563,-0.299194,0.948608,-1.831055,-0.610352,-2.807617
18662,0.030029,-0.101563,1.002075,-1.220703,-0.244141,-1.281738
18672,0.000610,-0.215820,0.946655,-0.488281,0.183105,0.305176
18682,-0.017944,-0.126221,0.989380,-0.305176,0.549316,1.525879
18692,0.010742,-0.217041,0.912842,-0.671387,0.976562,2.136230
18702,-0.021851,-0.184570,0.873657,-0.915527,1.464844,2.807617
18713,-0.001953,-0.249023,0.937744,-3.234863,0.976562,2.441406
18722,0.027100,0.021606,0.937622,-4.943848,0.488281,2.136230
18733,-0.012085,-0.125244,0.933716,-5.615234,0.244141,2.136230
18742,-0.006836,-0.029907,1.059570,-6.713867,0.366211,1.892090
18752,0.038574,0.039063,1.157959,-7.263184,0.793457,1.831055
18762,0.024902,0.020264,1.203003,-7.080078,1.159668,2.197266
18772,0.040527,-0.036621,1.096924,-6.164551,1.037598,2.502441
18783,0.035400,0.028931,1.122070,-4.455566,1.342773,4.638672
18793,0.059570,-0.004028,1.031860,-3.540039,1.586914,5.981445
18802,0.141724,-0.023682,0.996704,-2.807617,1.464844,7.202148
18813,0.046509,-0.029663,1.056519,-2.014160,1.037598,8.544922
18822,0.042969,-0.072144,1.020508,-0.854492,0.122070,8.728027
18833,0.045288,-0.137329,0.990601,0.122070,-0.366211,8.483887
18842,0.045776,-0.217773,0.927002,0.732422,-0.671387,8.483887
18852,0.026489,-0.063843,0.990723,0.610352,-0.976562,8.850098
18863,-0.070435,-0.104614,0.950195,0.671387,-0.915527,8.911133
18873,-0.073486,-0.020874,1.005127,1.037598,-0.793457,9.277344
18883,-0.065552,-0.275879,0.910400,1.892090,-0.671387,9.399414
18893,-0.082153,-0.199219,0.951538,2.075195,-0.488281,9.582520
18902,-0.048218,-0.031982,1.006470,2.441406,-0.610352,9.460449
18912,-0.010742,-0.262573,0.968262,2.807617,-0.488281,9.704590
18924,0.039185,-0.102173,1.003174,2.929688,-0.305176,9.277344
18934,0.125122,-0.291504,0.881226,2.929688,-0.793457,8.605957
18943,0.121948,-0.150269,0.941162,2.136230,-1.770020,7.446289
18953,0.107788,-0.022705,1.068237,1.342773,-2.685547,6.286621
18962,0.085327,-0.130371,0.961426,0.366211,-3.845215,5.310059
18972,0.058228,-0.076904,1.047485,-0.244141,-4.455566,4.760742
18983,0.072632,0.060669,1.101074,-0.488281,-4.699707,4.028320
18992,0.098389,-0.209229,1.059937,-0.915527,-4.638672,3.601074
19002,0.088623,-0.106445,1.076904,-0.671387,-5.249023,3.295898
19013,0.029175,-0.206421,0.950806,-0.610352,-5.676270,2.685547
19022,0.016357,-0.172363,0.904175,-0.549316,-5.859375,2.014160
19033,0.011108,-0.001831,1.008789,-0.305176,-5.493164,1.098633
19042,0.031860,-0.174683,0.998047,0.061035,-5.493164,0.183105
19053,0.043701,-0.290405,1.032349,0.610352,-5.615234,-0.854492
19062,0.053833,-0.050659,1.132935,0.854492,-7.080078,-3.051758
19072,0.052734,-0.082642,0.989258,1.464844,-7.690430,-4.089355
19083,0.171631,-0.162598,1.008667,1.525879,-7.629395,-5.187988
19092,0.171997,-0.157227,0.975464,1.831055,-7.873535,-5.859375
19102,0.139648,-0.326416,0.784058,1.708984,-8.666992,-6.530762
19113,0.141479,-0.231689,0.847046,0.854492,-8.911133,-6.896973
19122,0.058716,-0.230469,0.799194,-0.244141,-9.277344,-6.958008
19135,-0.076416,-0.130493,0.834595,-3.234863,-7.507324,-5.737305
19145,-0.088989,-0.010620,0.990845,-3.601074,-6.774902,-3.906250
19154,-0.088623,-0.071289,1.056030,-3.784180,-6.530762,-2.319336
19164,-0.125122,-0.079590,0.996460,-3.906250,-6.225586,-0.732422
19174,-0.189819,-0.172729,1.002930,-3.662109,-5.432129,1.098633
19183,-0.156738,-0.265015,0.962646,-3.540039,-4.028320,2.197266
19193,-0.168945,-0.097534,0.981445,-3.601074,-2.746582,2.990723
19203,-0.194580,-0.149414,1.023560,-2.990723,-1.770020,2.319336
19212,-0.156494,-0.221802,1.189331,-2.441406,-1.342773,1.281738
19223,-0.054687,-0.008301,1.093140,-1.831055,-1.647949,0.000000
19233,-0.078491,-0.213623,0.922974,-1.586914,-2.319336,-1.708984
19242,-0.003906,-0.217773,0.911743,-2.075195,-2.136230,-3.295898
19252,-0.024780,0.167969,1.135376,-2.990723,-1.953125,-4.760742
19262,0.002808,0.243774,1.298218,-2.868652,-2.136230,-5.981445
19274,0.000977,-0.115479,1.198364,-0.061035,-2.014160,-7.080078
19284,-0.002930,0.073120,1.137085,0.732422,-1.464844,-7.690430
19294,0.007324,-0.003052,1.062866,1.464844,-0.488281,-7.812500
19303,0.027466,-0.093506,0.978638,1.831055,0.000000,-7.446289
19313,0.076172,-0.138428,0.869751,1.831055,-0.244141,-7.019043
19322,0.081055,-0.113525,0.805542,1.525879,-1.220703,-6.347656
19333,0.045532,-0.104004,0.830933,0.488281,-1.342773,-5.371094
19342,0.038696,-0.230225,0.826538,-0.732422,-0.976562,-4.394531
19352,0.047974,-0.098999,0.959961,-2.380371,-1.159668,-4.455566
19363,-0.025513,-0.224365,1.091919,-2.136230,-1.525879,-4.699707
19372,-0.023926,-0.153809,1.121216,-1.525879,-1.586914,-5.310059
19382,-0.022583,-0.103638,1.131226,-1.098633,-1.708984,-6.164551
19393,-0.000244,-0.196289,1.008545,-0.671387,-1.770020,-6.591797
19403,-0.018555,-0.206421,0.895996,-0.122070,-1.586914,-6.896973
19412,0.009644,-0.031250,0.962524,0.488281,-0.183105,-5.859375
19424,-0.037476,-0.327881,0.788330,1.647949,0.854492,-4.760742
19433,-0.010376,-0.069702,0.843140,2.075195,1.342773,-4.211426
19442,-0.063721,-0.094482,0.926392,2.014160,1.281738,-3.662109
19452,-0.121216,-0.342163,0.757446,2.380371,1.098633,-3.479004
19463,-0.193481,-0.133911,0.759521,1.770020,1.464844,-3.540039
19472,-0.180908,0.025391,0.939331,1.220703,2.258301,-2.441406
19485,-0.211670,-0.114014,1.001465,0.366211,4.943848,0.000000
19494,-0.183594,-0.002197,1.026611,0.549316,5.920410,0.854492
19503,-0.114746,0.021729,1.022827,0.793457,6.835937,1.708984
19513,-0.042114,-0.131836,0.942749,1.159668,7.324219,2.746582
19522,0.029175,-0.038086,1.026367,1.037598,7.141113,4.211426
19532,0.064575,-0.031860,0.964966,1.281738,6.835937,6.164551
19542,0.054565,-0.025513,0.857910,1.586914,6.225586,8.300781
19555,0.060791,-0.039185,1.051147,0.000000,6.408691,13.244629
19564,0.010742,-0.025757,1.187134,-1.403809,6.469727,14.160156
19573,0.000732,0.166504,1.303711,-3.173828,5.981445,13.793945
19583,0.056274,0.255981,1.320313,-4.455566,6.103516,12.573242
19592,0.050415,-0.080322,1.052856,-5.065918,4.943848,10.559082
19602,0.007935,0.142212,0.981323,-5.187988,3.784180,7.507324
19613,0.043579,0.271484,1.063721,-4.821777,2.502441,4.150391
19622,0.045776,-0.020386,0.965454,-4.089355,1.220703,1.342773
19634,0.095947,-0.068970,0.996948,-2.929688,0.427246,0.854492
19643,0.092407,-0.082275,0.963745,-2.685547,0.366211,1.586914
19653,0.096313,-0.139282,0.853638,-2.563477,0.244141,2.441406
19662,0.107056,-0.035034,0.851196,-2.868652,0.732422,3.112793
19672,0.068604,-0.143799,0.824707,-3.479004,0.732422,3.356934
19682,0.046021,-0.063477,0.904419,-4.028320,0.671387,2.868652
19694,-0.072876,-0.037720,1.057983,-4.272461,0.244141,0.976562
19703,-0.104614,0.026367,1.098389,-3.112793,-0.671387,0.061035
19713,-0.094482,-0.022217,1.051270,-2.746582,-0.366211,-0.732422
19722,-0.045166,-0.134766,0.914062,-2.807617,0.244141,-0.671387
19732,-0.061768,-0.016724,0.921509,-3.479004,0.854492,-0.305176
19743,-0.052612,-0.085815,0.889160,-3.784180,1.342773,0.488281
19753,-0.050171,0.040039,0.935425,-3.967285,1.464844,1.464844
19764,-0.024658,-0.152832,1.012329,-3.234863,1.770020,3.540039
19774,0.003662,-0.137817,1.039307,-2.502441,1.770020,4.089355
19783,0.041016,-0.269409,1.037720,-2.868652,1.708984,4.516602
19793,-0.011841,-0.088257,1.061279,-3.417969,1.403809,4.455566
19802,-0.001099,0.003906,1.099243,-3.540039,1.159668,3.845215
19813,-0.030273,-0.055420,0.998535,-2.929688,1.037598,3.417969
19822,-0.022827,-0.018677,0.960571,-2.136230,0.732422,2.502441
19834,0.004639,-0.107300,1.076538,-2.014160,0.671387,1.098633
19844,0.028931,-0.019165,1.160645,-2.136230,0.732422,0.732422
19853,0.001221,-0.025391,1.097046,-1.586914,0.915527,0.854492
19862,0.026978,-0.018066,0.998413,-1.220703,1.159668,1.708984
19873,0.045044,-0.099609,0.875244,-1.220703,1.403809,2.380371
19883,0.020142,-0.137695,0.816284,-1.953125,1.403809,2.441406
19893,0.024170,0.049194,0.993652,-2.746582,1.159668,2.319336
19904,-0.038818,0.126953,0.984009,-2.929688,0.854492,1.586914
19914,-0.032715,-0.035889,0.916992,-1.770020,1.159668,1.159668
19923,-0.025391,-0.027100,0.908447,-1.342773,1.098633,1.098633
19933,-0.007690,0.039063,0.999512,-1.586914,1.098633,1.098633
19942,0.016602,-0.066284,0.987305,-1.403809,1.647949,1.831055
19953,0.052734,0.068970,1.064819,-1.220703,1.892090,2.929688
19962,-0.005493,-0.112549,0.964844,-0.610352,1.708984,3.662109
19976,-0.091919,-0.095947,0.961060,-0.610352,2.075195,4.638672
19986,-0.093750,-0.075928,0.994995,-1.037598,2.136230,5.249023
19995,-0.088257,0.004395,1.059937,-1.159668,2.197266,5.310059
20005,-0.074341,-0.075073,0.972290,-0.549316,2.685547,5.676270
20014,-0.061768,-0.150879,0.956299,0.000000,2.624512,6.103516
20024,-0.006226,-0.123169,0.963989,-0.244141,2.868652,6.164551
20033,0.007446,-0.182129,0.955811,-1.525879,2.258301,6.835937
20043,0.032837,-0.050171,1.050659,-1.342773,2.441406,7.385254
20052,0.017700,-0.144531,0.936401,-1.098633,2.685547,7.812500
20063,0.052979,-0.053955,1.110107,-0.671387,2.685547,8.544922
20073,0.043701,-0.335327,0.943604,-0.061035,2.563477,8.789063
20082,0.046997,-0.136475,1.104492,0.244141,2.258301,8.178711
20093,0.023071,-0.304810,1.156006,0.610352,1.892090,8.178711
20103,0.025635,-0.421997,1.048950,0.427246,1.831055,7.629395
20114,0.012939,-0.321533,1.068481,0.061035,0.976562,6.530762
20123,0.014282,-0.352417,0.989868,0.183105,0.793457,6.042480
20133,0.022705,-0.039429,1.157471,-0.305176,0.427246,5.126953
20143,-0.043335,-0.350220,0.949829,-0.305176,-0.488281,4.516602
20153,-0.033936,-0.239136,0.975464,-0.427246,-0.610352,3.784180
20163,-0.000244,-0.268311,0.919189,-0.976562,-0.976562,3.845215
20173,0.002930,-0.304688,0.905029,-2.197266,-0.671387,4.882812
20185,-0.000366,-0.044067,0.958374,-3.356934,0.366211,6.347656
20194,0.037231,-0.087524,0.945312,-3.051758,0.915527,8.117676
20203,0.066162,-0.031372,0.916504,-2.441406,0.976562,8.911133
20213,0.078125,-0.016724,0.992798,-1.770020,0.671387,9.643555
20222,0.057739,-0.232300,0.871704,-1.525879,-0.244141,9.582520
20233,-0.008301,-0.025757,0.995483,-2.075195,-1.098633,8.850098
20243,-0.016846,-0.136597,0.919312,-2.502441,-1.770020,8.056641
20252,-0.074463,-0.125732,0.862305,-3.112793,-1.586914,7.385254
20263,-0.064331,-0.051636,0.963013,-3.295898,-1.037598,7.446289
20273,-0.010742,0.030640,1.021484,-3.356934,-0.549316,8.117676
20283,0.082642,0.079102,1.071533,-2.685547,-1.098633,8.178711
20293,0.080200,-0.020630,0.978638,-1.953125,-2.075195,7.324219
20303,0.023560,-0.206787,0.937012,-1.403809,-3.173828,6.103516
20314,-0.132446,-0.155396,0.891357,-2.990723,-0.915527,6.042480
20324,-0.285889,0.087036,0.928467,-3.295898,1.403809,7.507324
20333,-0.265869,0.128418,0.921387,-2.868652,2.990723,9.643555
20343,-0.087036,-0.031494,0.868042,-2.075195,2.929688,12.329102
20353,0.056519,-0.050903,0.984497,-1.586914,1.525879,14.648438
20363,0.135132,-0.192749,1.005615,-1.525879,-0.793457,15.625000
20373,0.142334,-0.089111,1.062866,-1.770020,-1.831055,16.174316
20383,0.172607,-0.273193,0.987061,-1.586914,-1.770020,15.258789
20395,0.126709,-0.315063,0.663696,-1.831055,-1.281738,13.916016
20404,-0.013916,-0.443237,0.488281,-2.075195,-1.342773,11.779785
20414,-0.029297,-0.417725,0.456055,-2.563477,-2.136230,8.544922
20423,-0.118286,-0.432739,0.425171,-2.929688,-3.967285,4.272461
20433,-0.363525,-0.542114,0.418213,-3.051758,-5.310059,0.427246
20443,-0.315552,-2.222412,-1.712524,-2.563477,-3.784180,-0.671387
20452,-0.114502,-2.830322,-1.525391,-6.958008,-1.953125,-0.854492
20464,-0.076660,-2.236938,-1.833496,-55.053711,-1.403809,-3.723145
20474,0.194824,0.359741,0.072632,-76.660156,-0.183105,-4.882812
20484,0.255859,1.314209,2.696655,-73.425293,0.671387,-1.892090
20493,0.075195,0.712524,3.999512,-50.109863,-2.075195,0.183105
20502,0.055054,0.392456,3.999512,-29.663086,-3.479004,3.173828
20513,0.220215,0.232056,3.999512,-9.582520,-2.380371,7.934570
20524,0.207642,-1.307739,2.660767,18.249512,-4.394531,14.587402
20534,0.765381,-0.996948,0.188599,13.427734,-9.521484,18.127441
20543,0.664307,-0.881470,0.353638,6.347656,-15.258789,23.681641
20552,0.829468,-0.923218,1.551880,1.770020,-18.249512,29.418945
20563,0.599121,-0.450806,1.988281,-0.793457,-19.897461,32.531738
20573,0.680054,-0.013672,2.426880,0.122070,-20.324707,30.456543
20583,0.830444,1.569336,3.904419,3.601074,-21.789551,22.216797
20592,0.245850,1.869629,3.276611,15.625000,-31.372070,3.479004
20604,-2.047485,3.842896,3.999512,34.362793,-31.616211,-44.494629
20614,-2.624878,3.998169,3.999512,73.669434,-20.141602,-50.048828
20623,-0.826416,3.966919,3.968140,81.848145,-5.798340,-46.142578
20633,0.174805,2.609253,2.178833,90.698242,9.887695,-27.954102
20642,0.119141,1.721436,0.816528,99.975586,15.197754,-12.390137
20653,0.198730,1.657471,0.451782,105.590820,10.009766,-10.559082
20664,-0.072266,1.393188,0.279297,101.867676,2.075195,-21.362305
20674,0.187500,0.065796,-0.494263,96.679687,-0.183105,-29.418945
20684,0.443726,-0.128906,-0.382690,88.684082,-1.098633,-37.658691
20693,0.258545,-0.069824,-0.176514,80.261230,-1.953125,-42.297363
20703,0.079834,-0.035767,-0.219360,71.655273,-3.479004,-45.654297
20713,-0.081665,0.124756,-0.279663,63.293457,-4.089355,-49.682617
20723,-0.259766,0.249512,-0.335327,56.762695,-3.540039,-53.405762
20733,-0.103271,0.257324,-0.189087,52.795410,-1.953125,-55.114746
20744,-0.065430,-0.189087,0.255615,49.560547,3.723145,-46.630859
20754,-0.011841,-0.415161,0.281738,46.264648,5.676270,-40.466309
20763,-0.064819,-0.353149,0.111816,41.137695,6.652832,-34.973145
20773,-0.138062,-0.287598,-0.000244,36.071777,8.117676,-29.174805
20782,-0.198242,-0.268433,-0.029541,32.409668,9.765625,-22.460937
20793,-0.129395,-0.395142,-0.068359,30.273437,11.657715,-15.136719
20803,-0.203613,-0.581787,-0.110718,27.832031,13.305664,-3.112793
20815,-0.037354,-0.904541,-0.163818,17.822266,15.625000,2.319336
20824,-0.040283,-0.854004,-0.246460,11.352539,16.235352,7.629395
20833,0.006836,-0.808594,-0.293579,5.310059,16.601562,12.695313
20843,0.026489,-0.796021,-0.264160,0.244141,16.906738,17.211914
20853,0.041870,-0.825073,-0.269165,-4.638672,16.418457,20.019531
20863,0.040039,-0.853760,-0.276001,-10.070801,15.502930,21.606445
20874,0.091187,-0.877563,-0.288086,-21.789551,13.122559,22.888184
20884,0.125610,-0.718506,-0.266968,-26.794434,11.535645,22.521973
20893,0.144531,-0.695190,-0.199219,-31.738281,9.765625,22.155762
20902,0.162476,-0.672974,-0.150757,-36.560059,7.873535,21.423340
20913,0.109009,-0.757935,-0.173706,-41.198730,6.347656,20.507812
20923,0.128784,-0.807617,-0.210571,-46.630859,4.577637,19.470215
20932,0.083618,-0.846313,-0.259644,-52.246094,3.723145,18.127441
20944,0.065430,-0.821045,-0.267090,-64.514160,1.342773,14.770508
20954,0.101074,-0.643677,-0.369629,-70.312500,0.366211,13.366699
20963,0.133789,-0.638672,-0.452637,-76.110840,-0.793457,11.840820
20972,0.124512,-0.640503,-0.566895,-81.909180,-1.708984,10.437012
20983,0.108032,-0.568970,-0.698242,-87.829590,-3.173828,8.728027
20993,0.065186,-0.552246,-0.863647,-93.750000,-4.455566,7.202148
21002,0.026978,-0.525269,-1.020020,-100.158691,-5.493164,5.920410
21014,-0.024048,-0.595703,-1.171753,-114.990234,-6.530762,1.708984
21024,-0.060181,-0.682373,-1.322510,-124.145508,-6.774902,-1.220703
21033,-0.139282,3.937744,2.692993,-134.277344,-5.920410,-5.676270
21043,-0.132690,3.999512,3.999512,-102.966309,-3.601074,-6.347656
21053,0.100220,-3.653809,3.328125,-39.001465,-5.187988,1.037598
21063,-0.313843,-3.999512,-1.566284,-36.071777,-0.488281,-3.173828
21073,0.056885,3.923950,2.696777,-98.632812,10.314941,-10.803223
21083,0.264282,3.999512,3.999512,-91.674805,8.361816,-12.390137
21094,-0.664795,-1.623535,3.993530,34.423828,-7.385254,-16.357422
21104,0.411743,-0.048218,3.999512,3.784180,-0.488281,-23.925781
21114,-0.093628,0.164185,2.561401,-5.859375,-4.333496,-26.062012
21123,-0.175659,1.431030,0.490845,-4.943848,-3.051758,-25.634766
21133,-0.302734,2.090820,0.946533,9.643555,2.075195,-22.155762
21142,-0.409302,-0.938354,0.984741,31.616211,5.615234,-11.840820
21154,-0.139526,-2.424316,0.734985,-5.676270,9.643555,-8.361816
21164,-0.141479,1.366089,0.950195,-24.841309,11.535645,-5.615234
21173,-0.269531,1.441284,1.074585,-14.221191,14.892578,0.488281
21183,-0.211914,0.144409,2.037231,9.460449,18.371582,6.591797
21193,-0.002319,-0.998657,2.449707,20.263672,18.371582,6.042480
21203,0.194946,-0.750000,1.939453,14.404297,15.502930,1.708984
21213,-0.020020,0.087769,0.879272,7.507324,13.000488,0.000000
21223,-0.025635,0.429321,0.461304,10.620117,11.962891,0.732422
21234,0.304688,-0.574585,1.173828,26.916504,14.404297,6.958008
21244,0.109009,-0.754883,1.208252,22.094727,13.366699,7.934570
21253,-0.099243,-0.423706,0.738892,13.793945,12.817383,8.666992
21263,-0.082520,0.021362,0.473633,9.338379,14.526367,11.413574
21273,0.077148,0.037109,0.404663,11.352539,16.479492,16.357422
21283,0.206665,-0.248169,0.563965,14.343262,16.174316,20.019531
21294,0.203979,-0.395752,0.656250,11.352539,10.559082,19.042969
21303,0.017578,0.217041,0.581177,10.009766,9.155273,19.592285
21313,0.012573,0.080200,0.521606,12.023926,9.765625,21.667480
21323,0.078003,-0.235107,0.674561,15.258789,10.314941,24.230957
21334,0.131104,-0.700317,0.830811,15.869141,10.009766,25.878906
21343,0.146973,-1.073975,0.823975,12.512207,9.399414,26.855469
21354,0.161499,-0.829834,0.880493,6.225586,8.117676,27.343750
21363,0.122070,-0.579468,0.794067,1.037598,7.263184,29.846191
21375,0.018921,-0.304443,0.718262,-2.258301,6.408691,31.799316
21384,0.013184,-0.396973,0.792358,-3.845215,5.859375,33.935547
21394,-0.041626,-0.444580,0.871460,-6.042480,5.065918,35.034180
21403,-0.134644,-0.055786,0.942261,-7.690430,3.845215,34.973145
21413,-0.208618,0.011719,0.919922,-7.080078,2.746582,34.301758
21423,-0.221191,-0.118408,0.793091,-5.126953,2.319336,33.386230
21433,-0.146973,-0.145996,0.868286,-2.929688,1.525879,28.869629
21445,-0.146118,-0.231079,1.026245,-2.075195,-0.854492,25.207520
21454,-0.102539,-0.167114,1.066284,-2.807617,-1.098633,21.850586
21464,-0.092773,-0.171997,1.072876,-2.075195,-0.549316,20.202637
21473,-0.021606,-0.212158,1.070557,-0.366211,-0.427246,18.798828
21483,-0.003418,-0.431763,1.092896,0.366211,-0.793457,17.150879
21493,-0.002686,-0.535400,1.024902,-0.183105,-0.732422,15.869141
21503,0.015625,-0.325684,1.070435,-2.075195,-0.854492,14.404297
21513,0.043701,-0.088013,1.123169,-3.112793,-1.647949,13.488770
21523,0.013062,-0.177734,0.998779,-2.136230,-2.380371,12.023926
21534,-0.011353,-0.136597,0.999023,-1.220703,-3.295898,10.437012
21543,0.077393,-0.047852,0.986328,-0.488281,-3.601074,9.277344
21553,0.139160,-0.010376,0.966064,-0.122070,-3.967285,7.690430
21564,0.161743,-0.187744,1.012817,-0.122070,-4.577637,5.920410
21573,0.130981,-0.315552,0.988770,-0.793457,-5.798340,2.807617
21585,0.091064,0.113037,1.205933,-2.136230,-6.103516,2.624512
21594,0.127686,0.108521,1.161011,-2.380371,-6.469727,2.868652
21603,0.068848,0.004761,1.072388,-2.075195,-6.347656,3.784180
21613,0.016357,-0.044312,0.977417,-1.464844,-5.981445,5.004883
21623,0.002319,0.068970,0.978149,-0.793457,-5.187988,5.981445
21633,-0.004639,0.074829,0.967285,-0.244141,-4.699707,6.164551
21646,-0.040527,-0.106812,0.802124,-0.488281,-4.211426,5.065918
21655,-0.058838,-0.136719,0.830688,-0.732422,-4.394531,3.784180
21665,-0.081055,-0.079834,0.898804,-1.831055,-4.638672,2.075195
21675,-0.053345,0.124512,1.025635,-2.441406,-4.699707,0.488281
21685,-0.059937,-0.010376,1.002686,-2.807617,-4.638672,-0.305176
21694,-0.022705,-0.023071,0.918091,-3.112793,-4.516602,-0.427246
21704,0.000610,0.256226,0.913452,-2.746582,-4.333496,0.793457
21713,0.052002,0.331787,0.902344,-1.770020,-2.624512,5.920410
21725,0.070557,0.261108,0.971924,1.098633,-2.014160,8.728027
21734,0.084351,0.160522,1.075562,2.441406,-1.770020,11.352539
21743,0.091064,-0.173828,1.100708,2.685547,-1.770020,13.671875
21754,0.038208,-0.138916,1.092651,1.892090,-1.831055,15.258789
21763,0.046143,0.115723,1.135498,0.793457,-2.319336,16.418457
21774,0.006714,0.035034,1.014160,0.305176,-2.685547,17.089844
21783,-0.034546,0.010986,0.867432,0.549316,-3.417969,17.578125
21795,-0.005249,-0.016846,1.044922,1.037598,-3.662109,17.700195
21804,-0.007690,-0.159424,1.183838,1.281738,-3.784180,17.150879
21814,-0.018188,-0.104004,1.189087,1.464844,-4.638672,16.296387
21823,-0.017700,-0.132935,1.155396,1.220703,-4.882812,15.319824
21834,0.000977,-0.197388,1.091553,0.549316,-5.187988,14.221191
21843,0.014160,-0.108765,1.019165,-0.305176,-5.737305,12.390137
21855,0.058105,0.033447,0.928345,0.183105,-6.530762,10.192871
21865,0.102051,-0.201294,0.843384,1.647949,-6.896973,9.094238
21874,0.115723,-0.495850,0.667725,1.708984,-7.324219,7.568359
21884,0.118164,-0.419434,0.726440,0.122070,-8.117676,5.676270
21893,0.100098,-0.341431,0.820557,-2.258301,-9.277344,3.051758
21904,0.050171,-0.177124,0.952881,-4.211426,-10.253906,-0.366211
21913,0.028198,0.101440,1.147217,-4.699707,-10.620117,-3.906250
21926,-0.047607,-0.214966,0.926270,-2.258301,-10.986328,-9.460449
21935,-0.022461,-0.036255,0.961426,-2.014160,-10.681152,-12.634277
21945,-0.100464,-0.077148,0.865479,-2.197266,-10.009766,-15.258789
21955,-0.060303,0.073364,0.883179,-2.136230,-8.789063,-17.578125
21964,-0.192749,0.064209,1.006470,-1.220703,-7.934570,-19.653320
21974,-0.146240,-0.284546,0.818604,-0.976562,-6.774902,-22.277832
21984,-0.163574,0.021240,0.934204,-2.014160,-5.065918,-24.353027
21993,-0.132690,0.028809,1.055664,-3.906250,-2.685547,-27.343750
22003,-0.120728,0.107422,1.041748,-4.211426,-1.525879,-27.465820
22014,-0.023315,0.231567,1.141724,-2.868652,-1.098633,-27.770996
22023,0.022217,0.091309,1.013672,-2.197266,-0.854492,-27.709961
22034,0.147949,0.332031,1.037476,-2.685547,-0.183105,-27.099609
22043,0.215698,0.114502,0.953613,-2.990723,0.000000,-26.000977
22053,0.290161,0.268555,1.045654,-4.028320,-0.122070,-24.780273
22065,0.317017,0.376587,1.185059,-4.211426,-1.098633,-21.301270
22075,0.308838,0.295044,1.233154,-3.234863,-0.732422,-19.409180
22085,0.251343,0.059570,0.985229,-2.441406,-0.549316,-17.272949
22094,0.222534,0.245117,1.036133,-2.746582,-0.183105,-15.136719
22104,0.161865,0.093872,0.949951,-2.807617,-0.183105,-13.061523
22113,0.122559,0.073853,0.970337,-2.868652,0.183105,-10.803223
22124,0.458618,-0.072144,1.074829,-2.929688,1.098633,-8.178711
22134,0.511475,-0.462158,0.954590,-3.784180,-0.976562,-2.807617
22143,0.060181,-0.056885,1.033081,-3.601074,-2.441406,-1.525879
22154,-0.091919,-0.132812,0.713135,-2.258301,-2.502441,-0.915527
22164,0.045532,-0.278564,0.893188,-1.770020,-0.915527,0.915527
22173,0.045288,-0.293091,1.395874,-2.014160,1.708984,4.577637
22184,-0.221436,-0.272461,1.302490,-2.563477,3.417969,8.605957
22193,-0.322021,-0.239502,0.880371,-2.319336,3.051758,9.582520
22206,-0.330200,-0.313965,0.873657,-0.183105,4.699707,10.131836
22215,-0.226807,-0.185913,1.059082,-0.671387,6.469727,11.596680
22225,-0.155151,-0.064941,1.075928,-0.854492,7.812500,12.695313
22234,-0.168701,0.061279,1.005249,-0.366211,8.361816,14.526367
22244,-0.201782,-0.217163,0.766602,1.770020,8.361816,16.113281
22253,-0.123657,-0.273438,0.725342,3.356934,9.094238,16.296387
22264,-0.054810,-0.297363,0.820312,2.746582,10.070801,16.662598
22276,-0.018311,-0.004272,0.891846,-0.793457,8.850098,15.075684
22285,-0.023560,0.064331,0.762451,-1.098633,7.873535,14.648438
22295,-0.038818,0.156982,0.851807,-0.488281,7.385254,14.831543
22304,-0.000488,-0.034546,0.932129,1.098633,7.446289,15.319824
22314,0.020020,-0.036499,1.196167,2.136230,7.934570,16.113281
22323,0.055420,-0.249268,1.232300,2.624512,7.690430,17.211914
22334,0.036621,-0.217285,1.190918,2.014160,7.263184,17.883301
22345,0.056152,-0.231689,0.974609,2.014160,6.225586,18.188477
22354,0.049561,-0.193481,0.984131,3.845215,5.432129,17.456055
22364,0.062866,-0.263428,1.098633,3.784180,4.577637,16.662598
22373,0.051514,-0.360596,0.887695,3.295898,3.479004,15.869141
22384,0.076172,-0.563110,0.329468,2.624512,2.624512,15.136719
22393,0.046143,-0.307983,0.511841,-0.854492,2.136230,14.160156
22404,0.069336,0.099365,0.923584,-5.310059,1.220703,13.244629
22415,0.164673,0.044189,1.097168,-6.042480,-0.793457,12.756348
22424,0.041382,-0.019409,1.264526,-8.422852,-0.671387,12.756348
22434,0.022583,-0.061768,0.960205,-7.202148,0.427246,12.878418
22443,0.159546,-0.149902,1.436401,-8.117676,2.014160,12.634277
22454,0.222534,0.112305,1.390015,-7.019043,0.122070,10.070801
22464,0.089600,0.182251,1.078979,-4.272461,-2.929688,6.713867
22473,-0.087524,-0.179443,0.766602,-2.258301,-4.943848,4.272461
22485,0.001953,0.055420,1.081177,-2.929688,-4.272461,2.502441
22495,0.069336,0.189819,1.024780,-5.920410,-3.540039,3.051758
22504,0.050903,0.133057,0.884399,-5.798340,-2.319336,5.004883
22514,0.040283,-0.130127,0.930298,-4.882812,-1.098633,6.713867
22523,0.057861,-0.050171,1.103760,-5.065918,-0.488281,7.080078
22534,0.031494,-0.105347,1.171753,-5.798340,-1.037598,5.798340
22544,-0.043823,0.128540,1.136719,-5.554199,-2.441406,3.417969
22555,-0.027588,-0.140259,1.013794,-3.723145,-3.845215,-2.258301
22565,0.053223,-0.223877,1.102173,-2.380371,-4.638672,-4.699707
22575,0.037720,-0.110962,1.000366,-2.624512,-4.699707,-6.103516
22584,0.100098,0.015137,1.128296,-2.685547,-4.577637,-6.103516
22594,0.099609,-0.105591,1.010010,-1.647949,-3.662109,-5.493164
22603,0.125122,-0.114380,1.012695,-0.244141,-2.807617,-4.760742
22615,0.032593,-0.283569,0.857910,1.098633,-2.441406,-3.845215
22625,-0.008667,-0.244751,1.004150,0.549316,-2.136230,-3.906250
22634,-0.042358,-0.166016,0.994751,-0.244141,-1.892090,-4.211426
22644,-0.077637,-0.024902,1.033569,-0.122070,-1.831055,-4.028320
22654,-0.048584,-0.262085,0.998535,0.244141,-1.647949,-3.601074
22663,-0.048828,-0.164307,0.969116,0.488281,-0.915527,-2.624512
22674,-0.001465,-0.015625,1.078125,0.366211,-0.061035,-1.342773
22684,-0.037109,-0.298584,0.927856,0.305176,0.549316,-0.061035
22695,-0.047485,0.138916,0.950806,-0.488281,2.136230,3.295898
22705,-0.055786,0.205688,0.939697,0.854492,2.746582,5.249023
22714,-0.077759,-0.563965,0.851196,4.455566,3.540039,7.507324
22724,-0.175415,-0.236572,0.796509,3.417969,4.150391,9.643555
22734,-0.083374,0.193481,0.882690,2.868652,5.187988,11.901855
22744,-0.118774,-0.411133,0.857300,4.577637,6.042480,14.221191
22753,-0.128540,-0.361694,0.945435,3.540039,6.530762,16.357422
22765,-0.098755,-0.026245,0.910889,0.427246,7.019043,19.531250
22774,-0.143921,-0.044922,0.956299,1.159668,7.446289,20.629883
22784,-0.160034,-0.094116,0.962646,0.366211,7.263184,21.179199
22794,-0.123535,-0.020752,1.015747,-0.488281,7.324219,21.301270
22803,-0.062012,0.106934,1.140625,-0.061035,7.507324,20.996094
22814,-0.051025,-0.083130,0.966309,0.732422,7.019043,20.812988
22825,-0.025757,-0.027100,1.061646,1.220703,6.958008,20.629883
22835,0.016968,-0.127319,1.037720,1.159668,6.286621,20.019531
22844,0.025024,-0.003662,1.093018,0.915527,5.554199,19.165039
22853,0.074463,-0.096924,1.108643,0.976562,4.882812,18.554687
22864,0.091675,-0.110107,1.062012,0.793457,4.272461,18.432617
22874,0.100952,0.058228,1.074219,0.488281,3.479004,18.005371
22883,0.069580,-0.061646,1.103394,0.244141,2.685547,17.578125
22894,0.107300,-0.052368,1.089844,0.000000,1.953125,17.150879
22905,0.065552,-0.145264,1.026001,-0.183105,0.793457,16.479492
22915,0.075195,-0.113281,1.070313,-0.244141,0.000000,15.441895
22924,0.053833,-0.069580,1.063599,-0.671387,-0.488281,14.404297
22934,0.077148,-0.098511,1.099487,-0.732422,-0.671387,13.854980
22944,-0.004639,-0.088867,1.057007,-0.854492,-0.793457,13.183594
22954,0.011963,-0.131836,1.000244,-0.793457,-0.854492,12.573242
22964,-0.059082,-0.172729,0.971191,-0.793457,-1.037598,11.718750
22975,-0.098145,-0.103760,1.000610,-1.220703,-0.915527,9.948730
22985,-0.020630,-0.018433,1.043701,-1.220703,-0.976562,9.277344
22995,0.013184,-0.272461,0.909180,-1.037598,-1.159668,8.605957
23004,0.054443,-0.181396,0.956543,-0.915527,-1.770020,7.995605
23014,-0.074463,-0.128418,0.912720,-0.610352,-2.746582,7.141113
23024,-0.096069,-0.234375,0.857666,-0.122070,-3.173828,6.469727
23034,-0.056030,-0.056519,0.801025,-0.366211,-2.624512,6.408691
23044,0.126099,-0.067993,0.820923,-0.244141,-1.342773,5.004883
23054,0.137085,-0.050171,0.885010,-0.061035,-1.281738,4.211426
23064,0.028931,-0.171997,0.950562,0.122070,-1.342773,3.051758
23074,-0.005005,-0.157349,0.990601,-0.061035,-1.892090,1.342773
23084,0.005371,-0.132080,0.966431,-0.366211,-2.136230,-0.610352
23094,0.006836,-0.022583,0.992920,-0.061035,-2.502441,-2.258301
23104,0.068237,-0.151611,0.881836,0.183105,-2.624512,-3.295898
23115,0.147339,-0.068237,0.928711,0.305176,-2.441406,-2.685547
23125,0.167480,-0.118774,0.943481,0.244141,-2.197266,-2.197266
23134,0.185547,-0.047607,1.051025,-0.366211,-2.502441,-1.953125
23144,0.115845,-0.192749,1.052979,-1.037598,-2.929688,-2.136230
23154,0.113647,-0.032104,1.086182,-1.342773,-3.173828,-3.295898
23164,0.114990,-0.023315,1.064087,-1.281738,-3.234863,-4.150391
23173,0.092407,-0.184448,0.923462,-1.403809,-3.723145,-4.882812
23185,0.092651,-0.033569,1.004028,-2.380371,-3.845215,-4.943848
23195,0.104614,0.051758,1.041870,-3.417969,-3.662109,-3.906250
23204,0.075806,-0.011475,1.066040,-3.234863,-3.051758,-2.319336
23214,0.015381,-0.159180,0.944824,-3.234863,-2.746582,-0.976562
23224,0.003784,0.041016,1.030396,-3.845215,-2.807617,0.000000
23234,-0.012329,-0.090088,0.936157,-4.577637,-2.502441,0.427246
23244,-0.018799,0.011841,1.013794,-5.432129,-2.075195,0.549316
23255,-0.050293,-0.003662,1.047119,-5.554199,-1.708984,-0.854492
23265,-0.058228,-0.208374,0.946655,-5.554199,-1.586914,-1.281738
23275,-0.057983,-0.160278,0.899292,-6.347656,-0.976562,-1.831055
23285,-0.070679,0.041382,0.996582,-7.019043,-0.610352,-2.502441
23294,-0.042480,-0.036865,0.908691,-6.591797,0.000000,-2.624512
23304,0.012451,0.019287,0.969849,-6.103516,0.610352,-2.197266
23315,0.028198,-0.242187,0.936401,-5.371094,1.342773,-1.159668
23325,0.034424,-0.214355,0.921631,-5.554199,1.403809,-0.305176
23334,0.074341,-0.110474,0.969238,-5.004883,1.708984,-0.061035
23344,0.099243,-0.206665,0.966431,-4.333496,1.342773,-0.183105
23354,0.126953,-0.269287,0.959595,-3.784180,0.976562,-0.244141
23364,0.136230,-0.204346,0.980225,-3.356934,0.366211,-0.427246
23374,0.162720,-0.323242,0.957031,-2.990723,-0.122070,-0.305176
23387,0.163452,-0.276489,0.975220,-2.929688,-0.610352,0.915527
23396,0.104370,-0.181641,0.957031,-3.173828,-0.915527,1.953125
23406,0.091919,-0.145020,1.052979,-3.051758,-0.671387,3.356934
23415,0.044189,-0.210083,1.035278,-2.746582,-0.305176,4.699707
23425,0.027222,-0.162842,1.081909,-2.258301,0.061035,6.164551
23434,-0.007446,-0.244263,1.011230,-1.708984,0.366211,7.385254
23445,-0.041626,-0.297974,0.979004,-1.403809,0.732422,7.873535
23454,-0.040771,-0.193481,1.042969,-1.770020,0.549316,7.385254
23464,-0.072998,-0.239014,1.093384,-1.770020,0.488281,7.019043
23474,-0.056885,-0.116943,1.059448,-0.915527,0.549316,6.958008
23484,-0.029541,-0.102661,1.011841,-0.244141,0.854492,7.812500
23495,-0.021973,-0.194580,0.940063,0.671387,1.525879,8.911133
23504,-0.009033,-0.045410,0.917969,1.770020,2.075195,9.826660
23515,0.058472,0.038696,0.976196,3.112793,2.380371,10.192871
23524,0.048706,-0.198242,0.992798,4.272461,2.136230,10.559082
23536,0.049683,-0.141846,0.964478,3.784180,0.793457,10.131836
23545,0.091675,-0.007202,1.023926,3.356934,-0.488281,9.643555
23554,0.131348,-0.187988,0.933105,3.051758,-0.854492,9.826660
23564,0.125610,-0.208130,0.813599,2.563477,-1.159668,10.742188
23574,0.164673,0.050049,0.924927,1.464844,-1.403809,11.413574
23585,0.152222,-0.078369,0.965698,0.427246,-1.525879,12.207031
23594,0.095337,-0.039307,1.005127,-0.732422,-1.953125,13.000488
23606,0.097290,0.025269,1.072510,-1.770020,-3.295898,12.878418
23615,0.066895,-0.075806,0.997314,-2.014160,-3.662109,12.573242
23625,0.062134,0.188477,1.126953,-2.441406,-4.211426,11.840820
23634,0.058105,0.074585,1.093018,-2.197266,-4.943848,11.169434
23644,0.053833,-0.158691,0.951294,-1.770020,-4.760742,11.108398
23654,0.053467,0.057739,1.045288,-1.647949,-5.065918,10.986328
23667,-0.028564,-0.147217,0.884766,-1.159668,-5.615234,9.765625
23676,-0.025635,-0.025513,1.001221,-1.037598,-5.493164,9.033203
23686,-0.032715,-0.132080,1.007813,-1.159668,-5.493164,7.812500
23696,-0.040161,-0.099609,1.022461,-1.220703,-5.676270,6.225586
23706,-0.063354,0.001587,1.110229,-0.610352,-6.225586,4.699707
23715,-0.060181,-0.167603,1.100952,0.122070,-6.225586,3.356934
23725,-0.065918,-0.320190,1.018188,0.366211,-5.981445,2.075195
23734,-0.064819,-0.065063,1.026855,0.671387,-5.798340,0.366211
23744,-0.064453,-0.075439,1.025024,1.098633,-5.310059,-0.183105
23755,-0.027100,-0.195557,0.888062,0.854492,-5.065918,-0.244141
23765,-0.028809,-0.226440,0.865723,0.671387,-4.394531,0.122070
23774,-0.025635,-0.454712,0.755493,0.183105,-3.601074,0.427246
23784,0.002319,-0.242065,0.960205,-1.159668,-3.173828,0.732422
23795,-0.009033,-0.269165,0.953735,-2.502441,-3.112793,1.098633
23805,-0.043823,-0.211548,0.860352,-4.272461,-2.258301,0.915527
23814,-0.016846,-0.199097,0.974365,-4.577637,-2.258301,0.793457
23824,-0.018677,-0.158325,0.946167,-5.004883,-2.075195,0.549316
23834,-0.016602,0.065063,1.092896,-5.310059,-2.014160,0.122070
23845,0.000244,-0.055176,1.075562,-5.004883,-1.831055,-0.183105
23855,-0.027588,-0.193359,1.008911,-4.577637,-1.647949,-0.305176
23864,0.007568,0.055298,1.008301,-4.455566,-1.525879,-0.488281
23874,-0.033203,0.047974,1.061890,-3.662109,-1.708984,-1.220703
23884,-0.007690,-0.072876,1.063599,-2.624512,-1.464844,-1.342773
23895,0.009399,0.098145,1.042969,-1.831055,-1.342773,-1.098633
23905,0.033203,-0.091553,0.986572,-1.220703,-0.854492,-0.244141
23914,-0.010376,-0.133667,0.972046,-1.037598,-0.183105,0.366211
23924,0.007690,0.056641,1.034302,-1.281738,-0.305176,0.549316
23934,-0.026001,0.011230,1.001099,-1.220703,-0.305176,0.549316
23947,0.003540,0.008667,0.978394,-0.854492,0.183105,0.793457
23956,0.007813,-0.031006,0.959473,-1.098633,0.305176,1.220703
23966,-0.008789,-0.200195,0.873779,-1.220703,0.854492,1.770020
23976,-0.018921,-0.057495,0.958252,-1.342773,1.525879,1.525879
23985,0.018188,-0.108398,0.974243,-1.892090,1.464844,1.342773
23995,-0.018677,-0.210205,0.933594,-2.380371,1.525879,1.037598
24004,0.017944,0.016357,1.041626,-2.807617,1.403809,0.610352
24017,-0.012085,-0.221069,1.007568,-3.234863,1.342773,0.671387
24026,-0.020874,-0.049561,1.063477,-3.479004,1.525879,0.915527
24036,-0.020752,0.029175,1.109131,-3.845215,1.770020,1.220703
24046,-0.020264,-0.113525,1.073975,-3.784180,1.953125,1.647949
24056,0.048096,-0.058594,1.074951,-3.234863,1.770020,2.136230
24065,0.033447,0.015137,1.033813,-2.258301,1.647949,2.929688
24075,0.011108,-0.140137,0.936401,-1.342773,1.464844,3.601074
24084,-0.017578,-0.103516,0.903564,-1.037598,1.953125,4.699707
24094,0.040161,0.038086,1.009644,-0.793457,2.624512,4.943848
24104,0.061646,-0.202393,0.931641,-0.488281,2.441406,4.455566
24114,-0.029663,-0.004272,1.042969,-0.549316,2.197266,3.601074
24125,-0.071655,-0.111328,0.978882,-0.183105,2.136230,2.929688
24134,-0.108398,-0.222290,0.953247,0.122070,1.770020,2.075195
24145,-0.091675,0.020508,1.046143,0.183105,2.258301,1.281738
24154,-0.063110,-0.010376,1.065918,0.610352,3.112793,2.258301
24165,-0.013184,-0.114380,0.885498,1.586914,3.723145,3.479004
24175,0.043213,-0.074829,1.020874,1.525879,4.516602,4.638672
24184,0.070190,-0.214844,0.944580,1.281738,4.943848,5.615234
24195,0.036865,-0.175049,0.893433,0.976562,4.760742,5.920410
24205,0.094238,-0.063110,0.965332,0.488281,4.394531,6.042480
24215,0.063477,-0.143433,1.034302,-0.122070,3.845215,5.981445
24224,0.009399,-0.082886,1.101074,-0.427246,2.929688,5.065918
24236,0.034668,-0.074585,1.115356,0.915527,3.051758,5.554199
24245,0.033081,-0.250854,1.063354,1.342773,3.295898,6.408691
24254,0.024414,-0.151367,1.038574,1.342773,3.540039,7.141113
24265,0.047485,-0.067139,1.008911,1.708984,3.723145,7.568359
24274,0.004883,-0.159058,0.987793,1.892090,3.479004,7.629395
24284,0.007813,-0.354858,0.825684,1.464844,2.929688,7.263184
24297,0.060059,-0.136108,0.884521,-0.366211,2.136230,6.347656
24307,0.025879,-0.320190,0.824463,-1.403809,2.319336,6.164551
24316,0.025879,-0.097778,0.968140,-2.441406,2.319336,5.920410
24325,0.034058,-0.016846,1.069580,-3.051758,2.319336,6.042480
24335,-0.014893,-0.174927,1.029297,-2.868652,2.319336,5.981445
24344,-0.070679,-0.126587,1.076538,-2.563477,2.014160,5.859375
24354,-0.032959,0.065674,1.177002,-2.258301,2.563477,6.103516
24366,0.006104,-0.182617,1.049072,-1.403809,3.051758,6.896973
24376,0.018921,-0.181396,0.937744,0.305176,3.112793,7.751465
24385,0.057251,-0.047119,0.954468,0.427246,3.479004,8.789063
24394,0.108398,-0.153076,0.959229,0.549316,3.540039,9.765625
24405,0.096680,-0.367432,0.833252,-0.122070,3.173828,10.253906
24415,0.078735,-0.187012,0.848755,-1.159668,2.807617,10.620117
24424,0.102783,0.065674,0.942261,-2.075195,1.831055,10.498047
24437,0.015015,-0.110596,1.005127,-2.746582,1.220703,11.413574
24447,0.013184,0.142944,1.128174,-3.173828,1.220703,11.718750
24456,-0.002075,0.191284,1.233398,-2.929688,1.281738,12.512207
24465,-0.056519,0.047241,1.198364,-1.708984,1.464844,13.366699
24475,-0.064331,-0.025024,1.147339,-0.122070,1.831055,14.343262
24484,-0.063477,-0.078125,1.118164,0.854492,1.770020,15.197754
24495,-0.088989,-0.202637,1.031128,1.525879,1.708984,15.441895
24504,-0.088135,-0.233887,1.005005,1.098633,1.831055,15.869141
24516,-0.034058,-0.142212,0.844727,0.366211,2.014160,16.296387
24526,-0.065430,-0.067505,0.900635,-0.549316,2.197266,16.723633
24535,-0.037476,-0.191040,0.950806,-1.464844,2.380371,17.211914
24545,-0.021240,-0.128784,1.007080,-2.258301,2.563477,17.211914
24555,0.007324,0.092285,1.112915,-2.380371,2.807617,17.517090
24565,0.045776,0.046387,1.049683,-1.647949,2.319336,17.944336
24574,0.069702,-0.189941,1.021362,-0.427246,1.342773,17.395020
24586,0.091309,-0.001343,1.060669,0.488281,0.488281,17.211914
24595,0.114136,-0.008545,1.052979,1.220703,-0.366211,16.906738
24605,0.153442,-0.162720,0.998535,1.586914,-1.159668,16.296387
24615,0.154907,-0.223389,0.862915,1.953125,-1.831055,15.625000
24625,0.125000,-0.110962,0.859131,2.258301,-2.502441,15.441895
24634,0.120728,-0.209106,0.844238,1.647949,-3.295898,14.709473
24646,0.075073,-0.058716,0.932251,0.122070,-4.699707,12.023926
24655,0.052979,-0.012329,1.000610,-1.953125,-5.493164,10.803223
24665,0.064941,-0.068115,1.003174,-1.708984,-5.859375,9.704590
24675,0.041138,-0.103760,1.008423,-1.403809,-6.164551,9.216309
24685,0.011353,0.029907,1.040405,-1.037598,-6.103516,8.850098
24695,0.043457,0.029297,1.109619,-0.915527,-5.920410,8.117676
24706,0.015137,-0.196777,1.031982,0.305176,-6.896973,6.530762
24716,-0.005127,-0.056152,1.011963,1.098633,-7.263184,5.493164
24725,0.080322,-0.218140,1.002930,1.464844,-7.202148,4.943848
24735,0.037598,-0.409058,0.917969,0.976562,-7.141113,4.394531
24745,0.032837,-0.254639,0.997070,0.000000,-7.263184,3.723145
24755,0.029907,-0.010864,1.106445,-0.610352,-7.202148,3.479004
24765,0.063110,-0.014648,1.069580,-0.915527,-7.019043,3.234863
24775,0.040039,-0.276245,0.964966,-0.732422,-7.263184,2.746582
24787,0.094727,-0.078003,1.062866,-1.831055,-7.690430,1.708984
24796,0.076294,-0.019653,1.028320,-1.953125,-8.178711,1.403809
24806,0.019653,-0.234619,0.890137,-1.464844,-8.361816,1.037598
24815,0.057129,-0.300659,0.866089,-1.220703,-8.483887,0.793457
24825,0.093628,-0.106689,0.989258,-2.014160,-8.117676,0.915527
24835,0.004272,-0.118896,0.992187,-3.051758,-7.873535,1.342773
24845,0.030273,-0.157471,1.029663,-3.601074,-7.629395,1.342773
24856,-0.004150,0.079956,1.065430,-3.601074,-7.141113,1.464844
24866,-0.041016,0.035400,1.070801,-2.502441,-7.080078,0.671387
24875,-0.024658,-0.172974,1.040894,-2.075195,-7.141113,-0.488281
24885,-0.042725,-0.259521,0.944946,-1.770020,-7.263184,-1.525879
24895,-0.030884,-0.026367,0.909668,-1.953125,-7.324219,-2.746582
24905,-0.030273,0.003418,0.913330,-2.075195,-7.324219,-4.089355
24915,-0.044434,-0.265137,0.783081,-2.136230,-6.896973,-5.187988
24924,-0.004028,-0.133911,0.800537,-3.479004,-6.164551,-7.446289
24935,0.022095,-0.140503,0.915283,-3.356934,-5.798340,-8.239746
24945,-0.015869,-0.185913,0.882812,-3.540039,-5.615234,-8.789063
24955,0.018555,0.042725,0.970459,-4.089355,-5.065918,-9.460449
24965,0.033691,0.067139,1.069580,-3.967285,-4.638672,-9.826660
24975,0.014648,-0.146606,1.009644,-3.845215,-4.455566,-9.887695
24986,0.041626,-0.103760,0.931763,-3.234863,-4.150391,-9.582520
24996,0.098755,-0.107788,0.958740,-3.295898,-3.784180,-9.155273
25010,0.130615,-0.270508,0.889282,-3.540039,-3.540039,-8.972168
25019,0.093750,-0.079346,0.974976,-4.211426,-4.089355,-9.155273
25029,0.115112,0.051758,1.049927,-4.760742,-3.601074,-9.643555
25037,0.088501,-0.032959,1.026489,-4.760742,-3.601074,-9.643555
25047,0.090698,-0.119263,1.003906,-4.638672,-3.601074,-9.521484
25057,0.049316,-0.013062,1.215088,-4.821777,-3.234863,-9.277344
25065,0.049316,-0.013062,1.215088,-4.394531,-3.295898,-8.972168
25075,-0.032837,0.020508,1.141724,-3.051758,-3.173828,-8.728027
25085,-0.041504,-0.105347,1.081421,-1.770020,-2.990723,-8.300781
25095,-0.024658,-0.135376,1.033813,-0.854492,-2.868652,-7.873535
25105,-0.019043,-0.045654,1.027832,-0.549316,-1.708984,-7.019043
25115,-0.031616,-0.067505,0.987183,-0.488281,-1.037598,-5.798340
25125,-0.024048,-0.065796,0.879517,-0.671387,-0.061035,-4.394531
25134,-0.062988,0.007568,0.870728,-0.854492,1.770020,-1.403809
25146,-0.089111,-0.171143,0.864380,-1.647949,2.014160,-0.793457
25156,-0.104736,-0.042114,0.970093,-2.258301,2.502441,-0.549316
25165,-0.122437,0.051514,1.062378,-2.563477,2.563477,-0.488281
25174,-0.091309,-0.098999,0.982666,-3.051758,2.685547,-0.183105
25185,-0.138550,-0.173828,0.961182,-2.624512,3.601074,0.488281
25198,-0.074097,0.016479,1.121216,-0.854492,5.249023,2.624512
25207,-0.065918,-0.076782,1.097656,0.122070,5.676270,3.051758
25216,-0.019043,-0.197754,1.061768,1.037598,5.920410,3.356934
25225,-0.036011,-0.199097,1.028076,2.136230,6.103516,3.662109
25235,-0.010498,-0.137939,1.010498,2.868652,6.347656,3.784180
25245,-0.028564,-0.218872,0.968750,3.479004,5.798340,3.479004
25255,0.040771,-0.364014,0.847656,3.417969,5.676270,3.295898
25266,0.005005,-0.308472,0.887573,2.136230,5.798340,3.601074
25275,0.021484,0.003418,0.934937,2.014160,6.042480,4.272461
25285,0.061768,-0.199829,0.927856,2.502441,5.981445,5.065918
25296,0.005615,-0.337036,0.879883,2.502441,5.859375,5.798340
25305,-0.057983,-0.181885,0.959961,2.197266,5.737305,6.164551
25315,-0.005737,0.059692,1.012573,1.464844,5.798340,6.958008
25326,-0.018188,-0.104370,0.993408,1.586914,5.859375,7.751465
25335,-0.010010,-0.254272,0.903320,1.770020,6.164551,8.911133
25346,0.005737,-0.134521,1.014038,1.220703,6.225586,9.948730
25355,0.013184,-0.092896,1.043457,-0.366211,6.042480,10.986328
25365,0.021606,-0.138672,0.997437,-1.037598,5.737305,11.474609
25375,0.029053,-0.188354,0.974976,-1.037598,5.493164,11.962891
25385,0.020996,-0.008789,1.094116,-1.098633,5.065918,12.451172
25396,0.027222,0.025635,1.207031,-0.549316,4.882812,13.000488
25405,0.034546,-0.041504,1.152832,-0.427246,4.455566,13.610840
25416,0.026001,-0.149292,1.097046,0.122070,4.333496,15.014648
25425,0.035278,-0.023071,1.105591,0.366211,3.662109,15.258789
25436,0.073364,0.066040,1.075684,0.549316,3.112793,15.563965
25445,0.045776,-0.036987,1.067383,1.159668,2.563477,15.380859
25455,0.068481,-0.104248,1.005127,1.525879,2.136230,14.953613
25465,0.067383,-0.060425,0.946533,1.098633,1.403809,14.099121
25476,0.087524,-0.185669,0.863892,-0.305176,0.305176,11.047363
25486,0.077515,-0.060791,0.878052,-1.464844,-0.366211,9.521484
25495,0.030273,-0.122437,0.858521,-2.685547,-1.037598,7.934570
25506,-0.001587,-0.123047,0.857544,-3.784180,-1.220703,6.835937
25515,-0.016724,0.059204,0.997314,-4.516602,-1.098633,6.225586
25525,-0.003418,0.136963,1.106079,-5.004883,-1.281738,5.371094
25536,-0.049805,0.090698,1.246216,-4.333496,-1.037598,4.699707
25545,-0.052490,0.041748,1.339233,-2.746582,-0.854492,4.577637
25556,-0.002075,-0.146729,1.145142,1.708984,0.183105,5.065918
25566,0.005615,-0.255249,1.075439,3.234863,-0.122070,5.004883
25575,0.040527,-0.208496,1.024780,4.150391,-0.366211,4.821777
25585,0.102539,-0.240112,0.893066,4.028320,-0.732422,4.699707
25595,0.117065,-0.222290,0.740967,3.479004,-0.793457,5.126953
25606,0.133911,-0.136230,0.746216,3.112793,-1.037598,5.737305
25615,0.105957,-0.133057,0.898071,2.746582,-1.586914,5.920410
25626,0.099487,-0.137817,0.996948,1.831055,-2.014160,5.920410
25635,0.111328,-0.257935,0.976562,1.098633,-2.319336,5.676270
25646,0.073242,0.005127,0.978149,0.244141,-2.990723,4.943848
25655,0.063477,0.024536,1.072266,0.427246,-3.417969,4.577637
25665,-0.001465,-0.063721,1.060669,0.915527,-4.089355,3.967285
25676,0.048950,-0.128540,1.001099,1.098633,-4.333496,3.845215
25685,0.023193,-0.160156,0.949219,1.770020,-4.089355,4.150391
25696,0.035400,-0.301880,0.858643,0.976562,-3.845215,5.493164
25705,-0.034546,-0.242676,0.814575,-0.915527,-3.417969,6.835937
25716,0.001221,-0.076660,0.895508,-1.770020,-2.929688,7.873535
25725,-0.055298,-0.091553,0.948120,-2.380371,-2.502441,8.789063
25735,-0.026855,-0.085815,0.900879,-3.356934,-2.319336,9.704590
25745,-0.065552,-0.082520,0.955566,-4.028320,-2.319336,10.070801
25755,-0.049072,0.044067,1.004761,-3.845215,-2.502441,10.009766
25766,-0.042969,-0.118164,1.009644,-2.563477,-2.685547,9.704590
25776,-0.026245,-0.098999,1.110107,-1.647949,-2.685547,9.460449
25785,-0.009766,-0.156738,1.114990,-0.427246,-2.746582,9.094238
25796,0.055054,-0.236328,1.034424,0.183105,-2.624512,8.728027
25805,-0.003296,-0.274780,0.955688,0.732422,-2.929688,8.239746
25816,-0.007080,-0.382080,0.882324,0.061035,-3.234863,7.690430
25825,-0.046631,-0.351318,0.901855,-1.220703,-3.417969,6.408691
25837,-0.030884,0.002808,0.997681,-4.638672,-3.112793,5.981445
25846,-0.083618,-0.024292,1.027710,-5.798340,-2.868652,5.859375
25856,-0.030884,0.051636,1.075317,-6.530762,-2.502441,5.859375
25865,-0.010376,0.066650,1.150024,-5.859375,-2.624512,5.798340
25876,-0.018555,0.039551,1.119385,-4.394531,-2.380371,5.981445
25885,-0.034302,-0.069702,1.137329,-3.112793,-2.319336,5.798340
25897,-0.050537,0.002686,1.122437,-2.319336,-2.441406,3.967285
25907,-0.015747,-0.046997,1.097412,-2.014160,-2.807617,2.624512
25917,-0.001465,-0.160034,0.992310,-1.586914,-2.990723,1.403809
25926,0.057861,-0.056152,0.878784,-1.403809,-3.051758,1.098633
25936,0.024292,-0.001587,0.904297,-1.708984,-3.051758,0.610352
25945,0.047485,-0.013672,0.978882,-2.136230,-3.173828,0.305176
25955,0.061768,0.032349,1.002930,-2.746582,-3.845215,0.366211
25968,0.096069,-0.240723,0.681763,-2.441406,-3.845215,-0.305176
25977,0.083130,-0.443359,0.450317,-2.807617,-4.333496,0.061035
25987,0.161255,-0.287720,0.498779,-4.516602,-4.516602,0.854492
25996,0.069824,-0.125122,0.581787,-6.774902,-4.943848,1.403809
26005,-0.000732,0.421265,1.369507,-9.521484,-4.882812,1.953125
26016,-0.180908,0.945435,2.310791,-8.728027,-3.723145,2.563477
26025,-0.143066,0.229858,1.781982,-1.708984,-2.502441,3.417969
26037,-0.072021,-0.581665,1.095459,7.507324,-1.831055,6.774902
26047,-0.148804,-0.368286,1.091187,7.751465,-3.112793,5.737305
26056,-0.058350,-0.589111,0.480347,7.934570,-3.723145,5.920410
26066,0.063965,-0.322388,0.319580,4.394531,-3.295898,6.652832
26076,0.099365,-0.028442,0.348267,0.366211,-2.990723,6.896973
26085,0.027466,0.164551,0.630249,-1.525879,-2.990723,8.178711
26095,-0.065186,0.038696,0.920776,-1.464844,-2.197266,9.765625
26108,-0.077393,-0.094116,1.186890,-3.417969,-0.366211,8.911133
26118,-0.101929,-0.001709,1.163330,-5.004883,-0.549316,7.385254
26127,-0.111572,0.179321,1.222046,-4.455566,-1.220703,5.493164
26137,-0.119995,0.058350,1.211914,-1.464844,-2.075195,3.906250
26146,-0.124634,-0.193359,1.176758,1.220703,-2.441406,2.380371
26155,-0.078735,-0.202515,1.223755,1.831055,-2.685547,0.976562
26166,-0.020264,-0.065918,1.120605,0.976562,-2.258301,0.244141
26175,0.001465,-0.165527,0.728027,-15.319824,-1.403809,-0.793457
26185,0.121826,-0.089844,0.693359,-1.281738,-1.586914,-1.037598
26195,0.160767,-0.387573,0.689331,-3.417969,-2.014160,-1.831055
26205,0.185303,0.005127,1.021240,-6.347656,-2.746582,-3.540039
26216,0.138794,0.148804,1.148193,-8.422852,-3.112793,-5.554199
26225,0.082642,0.057983,1.108643,-8.117676,-3.540039,-7.873535
26236,0.095825,-0.020874,1.045532,-6.652832,-4.211426,-10.742188
26245,0.123169,-0.085083,1.052246,-5.615234,-5.920410,-14.709473
26257,0.142944,0.272949,1.120239,-5.310059,-6.042480,-14.709473
26266,0.117676,0.403931,1.053833,-2.929688,-5.493164,-13.366699
26276,0.145874,0.111328,0.835449,1.403809,-4.638672,-11.352539
26285,0.078613,-0.288574,0.589111,4.638672,-4.455566,-9.399414
26296,0.072021,-0.683838,0.536987,4.882812,-4.516602,-8.483887
26305,0.020142,-0.803345,0.747559,1.464844,-4.333496,-7.385254
26316,0.020996,-0.239258,1.156982,-12.634277,-2.685547,-4.150391
26326,-0.027588,0.758789,1.614502,-12.145996,-1.525879,-1.647949
26336,-0.017944,0.551147,1.046631,-8.789063,-0.732422,0.610352
26346,-0.000732,0.270630,0.537109,-5.676270,-0.122070,1.708984
26356,-0.030640,0.068726,0.451904,-3.295898,-0.183105,1.892090
26365,-0.014038,0.047607,0.805664,-2.258301,-0.610352,1.403809
26375,0.006592,-0.160645,1.162598,-1.953125,-1.831055,0.488281
26388,-0.077637,-0.184814,1.345093,-1.953125,-2.563477,-0.915527
26398,-0.071533,-0.187134,1.080933,-2.624512,-1.525879,-0.610352
26407,-0.060547,-0.078369,0.950439,-3.601074,-1.098633,-0.427246
26417,-0.093628,-0.113159,0.837158,-4.089355,-0.366211,-0.366211
26426,-0.114380,-0.047607,0.887085,-4.150391,0.000000,-0.305176
26436,-0.086060,-0.028320,0.955566,-4.089355,0.244141,-0.061035
26445,-0.040405,-0.030273,0.958862,-4.455566,0.122070,-0.366211
26458,0.014160,0.005127,0.889771,-5.920410,0.488281,-0.732422
26467,0.007935,0.177979,0.966431,-5.920410,0.976562,-0.305176
26476,0.081909,0.096802,1.062256,-5.065918,1.403809,0.427246
26485,0.068604,0.042847,1.013672,-4.211426,1.831055,0.976562
26496,0.037598,0.060791,1.076050,-3.173828,1.647949,1.098633
26505,0.008301,-0.089478,1.033203,-1.831055,1.281738,0.610352
26516,-0.034058,-0.153320,1.044434,-0.915527,1.464844,0.244141
26525,-0.029663,-0.177002,1.070190,-0.549316,0.915527,-0.183105
26536,-0.060303,-0.146606,1.016724,-1.098633,1.159668,-0.732422
26546,-0.060181,-0.018677,0.992310,-1.464844,1.281738,-0.549316
26555,-0.051270,0.010498,0.960815,-1.342773,1.281738,-0.183105
26566,-0.028687,-0.117798,0.886108,-0.915527,1.708984,0.549316
26575,-0.016357,-0.076782,0.945801,-1.037598,2.075195,1.342773
26586,-0.012329,-0.067749,0.978882,-1.159668,2.380371,1.770020
26595,-0.026489,-0.163940,0.953979,-1.770020,2.319336,1.892090
26607,-0.030762,0.035278,0.972290,-1.892090,2.380371,1.281738
26616,-0.036743,-0.171387,0.890747,-0.915527,2.197266,0.976562
26625,-0.045410,-0.148560,0.927124,-0.793457,2.075195,0.122070
26636,-0.016479,-0.206665,0.995117,-1.525879,2.197266,-0.915527
26645,-0.028687,-0.118164,1.063965,-2.685547,2.319336,-1.525879
26656,0.004272,0.060547,1.167603,-2.807617,2.624512,-1.281738
26665,0.003052,0.023071,1.093750,-1.708984,3.112793,-1.098633
26676,0.030640,-0.071533,1.097534,-0.183105,3.417969,0.915527
26685,0.016357,-0.112427,1.041748,-0.122070,3.601074,2.014160
26695,0.039917,-0.046265,1.103027,-0.549316,3.906250,2.807617
26705,0.071655,0.044678,1.101929,-0.366211,4.272461,3.784180
26715,0.042603,-0.139282,0.954590,0.122070,4.150391,4.150391
26726,0.050171,-0.155518,0.936279,0.366211,3.479004,3.967285
26735,0.050781,-0.085937,0.947510,0.427246,3.295898,3.662109
26745,0.053223,-0.079712,0.970337,0.305176,2.319336,2.929688
26755,0.084595,0.033569,1.095093,0.793457,1.831055,2.319336
26765,-0.002808,-0.097046,1.014526,1.892090,1.403809,2.075195
26775,0.037354,-0.144409,1.003174,2.380371,1.220703,1.708984
26785,0.043945,-0.139160,0.993896,2.746582,1.098633,1.220703
26795,0.033691,-0.157104,0.929810,2.807617,1.220703,0.854492
26807,0.054687,-0.293579,0.750244,1.403809,1.220703,0.305176
26817,0.077393,-0.173340,0.879028,0.122070,1.220703,0.549316
26826,0.057373,-0.314087,0.824097,-1.708984,1.159668,0.976562
26836,0.022583,-0.093018,0.991089,-3.356934,1.464844,1.342773
26845,0.014648,0.020752,1.091064,-3.845215,1.708984,2.075195
26855,0.016479,0.062012,1.110229,-3.173828,1.281738,2.624512
26866,-0.035645,-0.028931,1.011597,-1.770020,0.793457,2.502441
26875,-0.015991,-0.187744,0.900879,-0.488281,1.037598,2.624512
26887,-0.020386,-0.174927,0.824829,-2.014160,1.220703,2.685547
26896,-0.004517,-0.108276,0.893921,-2.929688,1.647949,3.051758
26906,-0.001099,-0.076294,0.918457,-3.051758,1.831055,3.845215
26915,0.007690,-0.089966,0.934570,-2.380371,1.770020,5.004883
26925,0.013428,-0.116943,0.962769,-1.647949,1.892090,6.225586
26936,0.038208,-0.092163,1.087158,-1.708984,1.953125,7.446289
26945,0.027344,-0.190918,1.046509,-1.953125,2.563477,9.887695
26956,-0.021118,-0.200562,0.951172,-2.319336,2.807617,10.986328
26966,-0.069458,-0.307495,0.964844,-2.868652,2.868652,11.901855
26976,-0.107422,-0.212524,1.059326,-4.089355,2.807617,12.145996
26985,-0.110718,0.131958,1.294922,-5.004883,2.563477,11.840820
26996,-0.049561,0.250122,1.343506,-4.211426,2.319336,12.451172
27005,-0.075317,0.097046,1.190918,-2.136230,2.319336,13.427734
27017,-0.048828,-0.083618,1.038818,0.488281,2.197266,15.502930
27027,0.005859,0.074829,1.094849,0.244141,2.380371,15.808105
27036,0.022217,0.069458,1.143677,-0.305176,2.136230,15.258789
27046,0.017822,-0.246460,0.989990,-0.427246,1.647949,14.343262
27055,0.006470,-0.171021,0.888672,-0.427246,1.403809,13.000488
27066,0.033325,0.001221,1.034180,-0.915527,0.854492,11.535645
27076,0.023682,-0.245850,0.963867,-2.014160,-0.305176,9.460449
27085,-0.003296,-0.013184,0.973877,-3.295898,-1.892090,5.249023
27097,0.048218,-0.084595,0.959961,-2.502441,-2.441406,3.906250
27106,0.087036,0.020264,0.958862,-1.342773,-2.807617,2.868652
27115,0.087646,0.091675,1.075562,-0.244141,-2.746582,2.807617
27126,0.052002,-0.223267,0.844849,0.000000,-2.685547,2.868652
27135,0.058838,-0.088989,0.895386,-0.610352,-2.197266,2.990723
27146,0.049194,-0.038208,0.879395,-1.159668,-1.831055,3.417969
27158,0.030396,-0.260376,0.851685,-2.014160,-2.441406,3.417969
27167,0.054199,-0.025391,0.958252,-2.624512,-2.624512,3.601074
27177,0.060059,-0.018799,0.981689,-3.051758,-3.112793,3.479004
27186,0.033936,-0.057495,0.887329,-3.234863,-3.662109,2.563477
27196,0.013916,0.258301,1.052734,-2.746582,-3.906250,2.136230
27206,0.034546,0.065918,1.033813,-1.403809,-3.723145,2.258301
27215,0.032104,-0.143677,0.989136,-0.122070,-3.662109,2.197266
27227,0.031128,-0.073975,1.172729,0.366211,-3.601074,2.380371
27237,0.008057,-0.203735,1.086426,0.427246,-3.601074,2.380371
27246,0.000366,0.027222,1.105469,1.037598,-3.784180,2.685547
27255,0.020630,0.050293,1.121094,2.014160,-4.516602,2.929688
27266,-0.032593,-0.156860,0.923218,2.502441,-4.638672,2.868652
27275,-0.030884,-0.001465,0.913574,2.685547,-4.577637,2.929688
27285,0.009399,0.004761,0.892212,3.051758,-4.272461,3.356934
27298,-0.174683,-0.330688,0.827515,1.953125,-3.601074,3.051758
27307,-0.130859,-0.318359,0.978882,-0.244141,-2.319336,4.211426
27316,-0.101563,-0.321411,1.051880,-2.624512,-1.159668,5.432129
27326,-0.074219,-0.027466,1.214722,-4.211426,-0.488281,6.652832
27335,0.060791,-0.198853,1.156982,-4.577637,-0.427246,8.239746
27345,0.031982,-0.264648,0.885132,-4.150391,-1.464844,8.666992
27356,-0.021606,-0.159546,0.680786,-3.723145,-1.831055,8.361816
27365,0.056396,-0.380005,0.420654,-3.662109,-1.770020,8.666992
27377,0.152222,-0.492920,0.570435,-3.540039,-2.990723,6.774902
27386,0.171753,-0.709839,0.825928,-3.173828,-4.638672,4.028320
27396,0.112671,-0.927368,1.004761,-3.356934,-6.469727,0.061035
27405,-0.069458,-0.801025,1.094116,-3.601074,-7.690430,-4.638672
27416,-0.112671,-0.714111,0.890869,-2.929688,-7.507324,-7.873535
27425,0.037964,-1.084839,0.173706,-1.220703,-7.507324,-10.375977
27438,0.085693,-2.357788,-0.909058,-6.958008,-8.117676,-16.906738
27447,0.230347,-3.303711,-1.799072,-26.428223,-5.981445,-16.967773
27457,0.372437,-1.971924,-1.312744,-50.781250,-6.774902,-21.911621
27466,0.337891,0.193115,1.300293,-65.368652,-6.347656,-21.118164
27475,0.291016,0.800415,3.906616,-57.556152,-6.286621,-18.737793
27486,0.412964,0.260742,3.999512,-38.818359,-8.239746,-19.287109
27495,0.211670,0.493286,3.999512,-20.324707,-9.033203,-17.578125
27508,0.337891,-1.844360,1.584717,17.333984,-11.657715,-15.502930
27517,0.387451,-1.468750,0.771484,16.174316,-13.732910,-15.625000
27526,0.658325,-0.856323,0.362183,7.812500,-13.916016,-12.084961
27536,0.361572,-0.545044,1.077515,3.662109,-13.549805,-6.652832
27545,0.268799,0.452393,2.611694,2.075195,-12.390137,0.244141
27555,-0.059937,1.521729,3.455566,4.150391,-10.559082,4.943848
27566,-0.812256,2.799438,3.958740,14.099121,-8.850098,8.422852
27575,-1.875488,3.999512,3.999512,48.828125,10.070801,10.925293
27586,-2.073242,3.956177,3.598511,75.927734,11.474609,12.634277
27596,-0.763794,3.634888,2.742310,83.007812,21.789551,15.380859
27605,0.559448,2.188354,1.962769,90.759277,46.264648,42.419434
27616,0.290405,1.519531,1.179688,96.130371,52.307129,53.100586
27625,-0.149780,1.769531,0.600952,97.290039,43.823242,39.001465
27635,-0.579346,1.568970,0.189209,97.412109,38.513184,30.212402
27648,0.177246,-0.048950,-0.359985,89.599609,43.518066,31.555176
27657,0.358154,-0.230591,-0.156494,80.322266,42.663574,30.761719
27666,0.418213,-0.075073,-0.119385,69.274902,39.306641,28.869629
27676,0.398315,0.092529,-0.310425,59.570312,34.179687,27.160645
27686,0.376343,0.150757,-0.330078,52.368164,29.785156,25.451660
27695,0.382813,0.123657,-0.302979,47.790527,23.864746,22.705078
27706,0.619385,-0.029907,-0.109009,44.677734,17.883301,18.066406
27718,0.452759,-0.227539,0.157593,37.658691,7.934570,12.084961
27727,0.296875,-0.231934,0.199463,33.935547,3.662109,9.033203
27736,0.266602,-0.245483,0.104126,30.456543,-0.427246,5.065918
27746,0.213867,-0.316650,0.100586,27.587891,-3.295898,1.220703
27756,0.195435,-0.387207,0.101440,24.658203,-5.676270,-1.464844
27765,0.243896,-0.495361,0.139038,20.812988,-7.934570,-3.356934
27776,0.294189,-0.588135,0.165283,16.174316,-10.925293,-5.187988
27785,0.223267,-0.546753,0.097168,10.986328,-17.028809,-7.690430
27797,0.040161,-0.503662,-0.108643,0.976562,-19.226074,-8.117676
27806,-0.005737,-0.535522,-0.101929,-2.990723,-20.324707,-8.361816
27816,-0.051758,-0.554443,-0.076660,-7.080078,-20.690918,-8.178711
27826,-0.085815,-0.647339,-0.088379,-11.596680,-20.568848,-7.934570
27836,-0.091553,-0.733765,-0.108398,-16.540527,-19.531250,-7.629395
27845,-0.146362,-0.733398,-0.145630,-21.911621,-18.371582,-6.774902
27855,-0.167603,-0.702515,-0.179321,-43.334961,-14.587402,-4.821777
27865,-0.260132,-0.587280,-0.261475,-38.208008,-11.840820,-3.479004
27875,-0.259888,-0.662720,-0.334717,-43.212891,-8.728027,-1.953125
27886,-0.292358,-0.713989,-0.420776,-48.767090,-5.676270,-0.427246
27896,-0.320435,-0.717529,-0.508179,-54.321289,-1.953125,1.220703
27906,-0.303101,-0.730225,-0.531860,-60.302734,1.525879,2.807617
27915,-0.337891,-0.687500,-0.559814,-66.467285,5.310059,4.638672
27928,-0.268433,-0.754395,-0.617554,-80.200195,12.329102,8.117676
27937,-0.209595,-0.671997,-0.645508,-87.280273,15.991211,10.009766
27947,-0.139893,-0.603760,-0.679932,-94.360352,18.981934,12.023926
27957,-0.085449,-0.495117,-0.688354,-101.196289,21.545410,14.160156
27966,-0.035645,-0.447388,-0.697144,-107.360840,23.864746,16.174316
27976,0.057129,-0.405396,-0.665161,-113.220215,24.963379,17.150879
27985,0.340088,3.444702,2.300781,-119.995117,25.634766,16.357422
27997,-0.176758,-2.630615,3.999512,-90.698242,24.963379,14.770508
28007,-1.518921,-3.999512,-1.894165,-22.216797,-5.554199,5.798340
28016,0.060303,1.122559,0.948242,-76.110840,3.417969,4.333496
28026,0.193848,3.999512,2.029175,-95.153809,12.573242,14.587402
28035,1.009277,3.517212,2.495850,-39.489746,0.244141,14.099121
28045,-0.844482,-3.437744,0.010010,8.239746,-19.165039,12.756348
28057,-0.460327,1.114624,3.999512,-14.770508,-7.873535,17.761230
28067,0.121460,-0.694702,1.201782,-8.850098,6.408691,33.813477
28076,-0.126709,-0.135010,0.236328,-11.108398,14.892578,40.954590
28085,0.830933,1.320190,2.339722,-6.713867,17.089844,44.189453
28096,0.891968,-0.536133,2.665894,4.943848,17.395020,47.790527
28105,0.115601,-1.616943,1.891724,11.230469,8.300781,41.564941
28115,-0.177490,-0.916382,1.298950,-0.061035,2.868652,32.104492
28126,0.107422,0.556519,1.425659,-11.840820,2.258301,27.465820
28135,0.202393,0.915527,1.454834,-8.178711,-2.136230,14.160156
28146,0.075562,-0.573486,1.851563,16.052246,-10.742188,10.742188
28156,0.071411,-0.461792,1.949707,15.625000,-11.901855,5.859375
28165,-0.165161,0.014282,1.375366,12.695313,-11.474609,2.258301
28176,0.041260,0.376099,0.874756,14.587402,-9.704590,0.732422
28186,0.312134,0.162964,0.824341,22.094727,-8.422852,-0.122070
28195,0.307007,-0.358032,0.972046,28.442383,-10.192871,-1.525879
28208,0.296997,-0.562378,0.734985,21.240234,-14.465332,-8.789063
28217,0.186401,-0.299316,0.463135,14.526367,-14.160156,-10.864258
28227,0.288574,0.018677,0.300903,11.657715,-13.977051,-12.695313
28236,0.203979,0.140503,0.400879,12.145996,-13.427734,-14.221191
28246,0.143677,-0.010742,0.533447,12.878418,-13.305664,-15.136719
28255,0.087036,0.002197,0.650513,12.329102,-12.634277,-15.686035
28265,-0.013184,0.092529,0.642090,10.437012,-11.474609,-14.709473
28275,-0.067383,0.118408,0.684448,8.911133,-10.009766,-11.596680
28287,-0.059082,-0.116821,0.731812,9.460449,-9.155273,-9.399414
28297,-0.057373,-0.270630,0.736328,8.850098,-8.178711,-6.835937
28306,0.028564,-0.246460,0.767822,6.591797,-6.591797,-4.333496
28316,-0.004272,-0.084717,0.810303,4.150391,-5.493164,-1.647949
28325,0.018433,0.058350,0.838501,2.258301,-5.249023,0.366211
28336,-0.010986,-0.056641,0.747192,1.403809,-4.882812,1.647949
28345,0.000854,-0.129028,0.719971,0.915527,-4.699707,3.173828
28357,0.006592,-0.023682,0.964600,0.061035,-5.004883,2.563477
28366,-0.010864,-0.130981,0.993408,-0.610352,-5.432129,1.403809
28376,-0.004883,0.052490,1.046997,-0.915527,-6.408691,-0.061035
28385,0.015381,0.061157,1.060059,-0.610352,-6.530762,-1.220703
28396,0.097412,-0.085327,0.990479,-0.183105,-6.652832,-1.220703
28405,0.069580,-0.062988,1.020386,-0.122070,-6.469727,-0.671387
28415,0.073608,-0.050293,1.072388,-0.610352,-6.042480,0.915527
28426,0.035156,-0.030151,1.097656,-0.671387,-5.065918,2.319336
28436,0.073975,-0.146973,1.038086,-0.244141,-5.187988,2.929688
28445,0.029053,-0.099976,1.054321,-0.244141,-5.493164,2.563477
28456,0.045288,-0.130127,1.110596,-0.732422,-6.225586,2.136230
28465,0.060669,-0.313965,1.019287,-1.525879,-7.141113,0.488281
28476,0.027588,-0.055786,0.979980,-2.075195,-7.385254,-1.220703
28486,0.096069,0.174316,1.073730,-1.647949,-8.117676,-3.173828
28495,0.134399,-0.030518,0.939453,-0.854492,-8.178711,-4.150391
28505,0.075195,0.053467,1.077637,-0.732422,-8.483887,-5.554199
28516,0.035889,-0.107666,1.032837,-0.488281,-8.239746,-6.652832
28525,0.012817,-0.132690,0.954468,-0.122070,-8.117676,-7.934570
28536,0.069824,-0.077026,0.933350,0.000000,-7.995605,-9.887695
28546,0.080688,-0.052124,0.941528,-0.244141,-8.300781,-12.939453
28555,0.057983,-0.072754,0.930420,-0.610352,-9.765625,-20.263672
28567,0.036865,0.042236,1.003906,-0.671387,-9.338379,-23.193359
28577,0.023682,-0.033081,0.971191,-0.610352,-8.850098,-24.719238
28586,0.002808,-0.116089,1.006470,-0.488281,-8.239746,-25.451660
28596,-0.004761,-0.054932,1.014648,-0.549316,-7.568359,-25.878906
28606,-0.021851,0.012939,1.063599,-0.793457,-6.896973,-25.756836
28615,-0.020508,0.081177,1.073730,-0.793457,-5.859375,-25.512695
28627,-0.040649,0.018555,0.970947,-0.061035,-5.126953,-24.414062
28637,-0.056274,-0.104858,0.960937,1.281738,-3.295898,-23.437500
28646,-0.058350,-0.205688,0.847656,1.037598,-1.770020,-22.277832
28656,-0.045044,-0.149414,0.937622,0.183105,0.000000,-20.690918
28665,-0.036255,-0.078247,0.982788,-0.427246,1.403809,-18.249512
28675,-0.001831,-0.041138,0.992920,-0.610352,2.563477,-15.136719
28686,0.001709,-0.000366,1.079224,-0.305176,3.417969,-12.451172
28695,-0.045776,-0.225220,0.976807,0.244141,4.455566,-6.835937
28707,0.014160,-0.039795,1.114746,-0.671387,4.882812,-4.516602
28716,0.041260,-0.199829,0.989990,-1.037598,5.187988,-1.647949
28726,0.029175,-0.019653,1.056396,-1.403809,5.554199,1.037598
28735,0.047119,-0.008789,1.014038,-1.403809,5.981445,3.601074
28746,0.021362,-0.143066,0.940063,-0.915527,6.469727,6.164551
28755,0.075684,0.043335,1.069092,-1.098633,6.591797,8.300781
28768,-0.000488,-0.070190,1.044312,-0.854492,6.591797,11.230469
28777,-0.011841,0.135254,1.104492,-0.427246,6.225586,11.962891
28787,-0.007080,-0.019897,1.041504,0.183105,5.615234,12.329102
28796,-0.036987,-0.145996,0.902100,0.610352,5.371094,11.840820
28806,-0.002930,0.016602,1.041138,0.671387,4.821777,11.291504
28815,-0.020874,-0.029053,1.028687,0.854492,4.150391,11.047363
28825,-0.034424,-0.088135,0.986572,0.793457,3.601074,10.620117
28838,-0.058838,-0.086548,0.943604,0.976562,3.356934,10.864258
28847,-0.037476,-0.093384,0.936890,0.854492,3.173828,11.230469
28857,-0.042725,-0.043823,1.015015,1.037598,3.417969,11.108398
28866,-0.078369,-0.061768,0.956543,0.976562,3.356934,11.291504
28876,-0.049194,0.023804,0.988892,0.976562,3.417969,11.291504
28885,-0.053467,-0.069580,0.920654,1.037598,3.417969,10.925293
28895,-0.059448,-0.155884,0.918213,1.342773,3.173828,10.803223
28907,-0.042114,-0.174194,0.936768,0.976562,2.929688,10.375977
28917,-0.054077,-0.169434,0.788696,-0.671387,2.929688,10.864258
28927,-0.051514,-0.207153,0.786621,-1.464844,3.112793,11.840820
28936,-0.004395,-0.209595,0.755493,-2.685547,2.868652,12.268066
28946,-0.040161,-0.086182,0.921631,-3.784180,2.990723,13.000488
28956,0.010986,-0.037964,1.059448,-4.272461,3.173828,14.160156
28966,-0.034668,-0.045532,1.067017,-4.516602,3.051758,14.831543
28975,-0.020386,-0.076416,0.996826,-4.089355,2.380371,15.869141
28987,-0.019043,-0.119385,1.032959,-3.906250,2.502441,16.052246
28996,-0.025024,0.004395,1.138916,-4.089355,2.319336,15.930176
29006,-0.005859,-0.096558,1.092163,-3.723145,1.892090,15.808105
29016,-0.028564,-0.081909,1.033936,-3.234863,1.708984,15.991211
29025,0.013062,-0.096436,0.954590,-2.746582,1.342773,16.357422
29036,-0.002441,-0.227173,0.909790,-2.441406,1.342773,16.662598
29047,-0.008911,-0.195923,1.021362,-2.807617,0.793457,15.258789
29057,-0.003052,-0.120972,1.041260,-3.479004,0.305176,13.916016
29066,-0.007813,0.006104,1.154663,-3.417969,-0.122070,12.817383
29076,-0.030396,-0.154175,1.048584,-3.112793,-0.793457,11.718750
29085,-0.042969,-0.042847,1.097168,-2.746582,-1.342773,10.192871
29096,-0.019653,-0.024536,1.194214,-2.746582,-2.014160,8.972168
29106,-0.021118,-0.232422,0.998535,-2.319336,-2.136230,8.544922
29115,-0.013306,0.016602,1.070801,-2.502441,-2.075195,7.446289
29127,-0.017090,-0.158081,0.921265,-2.563477,-1.892090,6.896973
29137,0.039307,0.020020,1.060669,-2.441406,-1.831055,6.408691
29146,0.016846,-0.136597,1.026489,-2.197266,-2.319336,5.371094
29156,-0.005371,-0.028320,1.031616,-2.380371,-2.868652,3.845215
29165,0.022095,-0.092285,1.081543,-2.014160,-3.173828,2.258301
29177,-0.027588,-0.184814,0.901733,-2.746582,-3.723145,-0.793457
29187,0.020386,-0.136963,0.832520,-3.173828,-3.906250,-2.136230
29196,0.033569,-0.196777,0.810913,-3.906250,-3.845215,-3.540039
29206,0.056274,-0.112549,0.818970,-4.760742,-4.028320,-4.577637
29216,0.018799,0.020752,0.819458,-5.493164,-4.089355,-5.310059
29225,0.037354,0.061401,0.879395,-5.737305,-3.967285,-5.615234
29236,0.044800,0.049316,0.846436,-5.371094,-3.845215,-5.859375
29245,0.049683,0.118042,0.990234,-4.699707,-3.906250,-6.164551
29257,0.016968,0.074341,0.985718,-3.662109,-3.723145,-6.896973
29266,0.032471,0.008423,1.038940,-2.197266,-3.356934,-7.141113
29276,0.045776,-0.098022,0.991455,-1.525879,-3.234863,-7.507324
29286,0.030029,-0.082031,0.987061,-1.281738,-3.234863,-7.568359
29295,0.058350,-0.090820,1.057861,-1.098633,-2.990723,-7.507324
29306,0.007324,-0.088867,0.996094,-0.976562,-2.990723,-7.507324
29316,0.037476,-0.062622,1.019531,-0.854492,-2.197266,-7.446289
29328,0.013306,-0.158081,0.950928,-0.366211,-2.136230,-7.507324
29337,0.022095,0.058472,1.123901,-0.244141,-1.892090,-7.751465
29347,-0.001465,-0.099731,1.068359,0.244141,-1.953125,-7.995605
29357,-0.014160,-0.127075,1.013062,0.671387,-1.647949,-8.178711
29366,0.025269,-0.089355,1.149414,0.671387,-1.770020,-8.422852
29376,0.012451,-0.338501,0.963257,0.732422,-1.403809,-8.483887
29385,0.023437,-0.160645,1.044067,0.000000,-1.281738,-8.422852
29397,0.037354,-0.139648,1.016357,-0.854492,-1.159668,-7.812500
29407,0.047485,-0.246948,1.032349,-2.685547,-0.610352,-7.446289
29416,-0.000244,-0.218140,0.953857,-3.540039,-0.061035,-7.202148
29426,0.001099,0.058838,1.125244,-3.784180,0.366211,-7.019043
29435,-0.013672,-0.129272,1.022705,-3.540039,0.671387,-6.774902
29446,-0.012329,0.046143,1.074951,-3.295898,0.915527,-6.713867
29456,-0.044067,-0.118652,1.020630,-2.868652,1.159668,-6.652832
29465,-0.042725,-0.132568,0.974854,-2.746582,1.647949,-6.591797
29477,-0.046631,-0.092896,1.026611,-2.563477,1.892090,-6.042480
29487,-0.049438,0.083374,1.079346,-2.319336,2.502441,-5.187988
29496,-0.017700,0.157471,1.153076,-1.770020,3.234863,-4.333496
29506,-0.090088,-0.010010,0.972656,-0.732422,4.089355,-3.112793
29515,-0.066772,0.165405,1.083252,0.427246,4.638672,-2.258301
29526,-0.101807,0.035889,0.946777,1.770020,4.882812,-1.403809
29537,-0.063965,-0.036621,0.926514,2.624512,5.737305,0.000000
29547,-0.053345,-0.133667,0.850708,3.784180,5.676270,0.732422
29556,-0.110229,-0.098999,0.820801,3.906250,6.103516,1.892090
29566,-0.038818,-0.116821,0.910034,3.845215,6.896973,3.540039
29576,-0.036865,-0.095947,0.946533,3.356934,7.568359,5.187988
29586,-0.045776,-0.090454,0.958984,3.051758,7.934570,7.324219
29597,-0.045044,-0.116943,0.958740,2.929688,8.972168,11.169434
29607,-0.017456,-0.126587,0.983521,2.685547,9.155273,12.756348
29616,-0.039185,-0.040527,1.070313,2.441406,9.155273,13.854980
29626,-0.013916,-0.222290,1.029053,2.441406,9.094238,14.648438
29636,-0.021973,-0.171631,0.988647,2.075195,8.789063,15.075684
29646,0.015747,-0.143921,1.084717,1.342773,8.483887,15.686035
29656,0.017090,-0.313965,0.994995,0.854492,8.361816,16.174316
29666,0.044800,-0.061768,1.076904,0.366211,8.300781,16.479492
29677,-0.007080,-0.208130,0.948486,-15.319824,7.873535,17.822266
29687,0.013916,-0.310303,0.924194,-1.098633,7.568359,18.249512
29696,-0.011230,-0.183594,0.891846,-1.892090,6.774902,18.615723
29706,0.031006,-0.158691,0.951782,-2.563477,6.164551,19.104004
29716,0.010498,-0.179443,0.915405,-2.929688,5.798340,19.348145
29726,0.044312,-0.101563,0.979736,-3.051758,5.310059,19.226074
29737,0.008423,-0.183105,0.909424,-2.746582,4.394531,19.104004
29747,-0.010986,-0.178223,0.955688,-2.807617,3.906250,18.615723
29756,0.019287,-0.069214,1.028198,-3.112793,3.112793,17.700195
29766,-0.018311,-0.005737,1.062500,-2.929688,3.051758,16.845703
29776,0.001343,-0.152466,1.002197,-2.563477,2.258301,15.563965
29786,-0.010620,-0.043091,1.031982,-2.075195,2.258301,13.671875
29796,0.015015,-0.098999,1.058838,-1.708984,1.708984,11.840820
29805,-0.007446,-0.188843,0.972046,-1.892090,1.159668,9.826660
29817,-0.010864,-0.056030,1.045166,-2.014160,0.366211,6.103516
29826,-0.005859,-0.131836,0.980591,-2.502441,0.183105,5.126953
29836,0.007568,-0.021973,1.049683,-3.112793,0.244141,4.272461
29846,-0.027344,-0.121094,0.954102,-3.479004,0.122070,3.662109
29856,-0.005249,0.013550,0.966675,-3.479004,0.305176,3.356934
29866,0.009399,0.142944,1.135010,-3.234863,0.732422,3.173828
29876,-0.011475,-0.036011,1.000122,-2.258301,0.671387,3.173828
29887,0.016357,-0.104858,1.075684,-0.854492,1.403809,4.150391
29897,-0.004272,-0.160034,0.944092,-0.793457,2.014160,5.004883
29906,0.037231,0.061035,1.127808,-1.220703,2.197266,6.286621
29916,-0.012939,-0.159546,0.967773,-1.281738,2.319336,7.873535
29926,0.007813,0.032959,1.019775,-1.525879,3.051758,9.643555
29936,0.008179,-0.075073,0.998047,-1.586914,3.417969,11.413574
29946,0.003662,-0.116943,0.906494,-1.831055,3.662109,13.061523
29957,-0.060791,-0.069580,0.927490,-2.990723,3.540039,15.625000
29967,-0.061035,-0.024170,0.943237,-3.479004,3.234863,16.235352
29977,-0.067749,-0.023193,0.920410,-3.723145,3.051758,17.089844
29986,-0.062866,-0.030273,0.908691,-4.089355,2.929688,17.639160
29996,-0.059326,0.035645,0.871826,-3.967285,2.624512,17.761230
30006,-0.050293,0.044189,0.885376,-3.601074,2.563477,18.188477
30016,-0.026001,0.045532,0.899902,-3.417969,2.746582,18.615723
30026,-0.007446,-0.032471,0.882324,-2.685547,2.807617,18.188477
30036,-0.009155,0.091919,1.096069,-1.892090,2.868652,17.822266
30046,-0.026855,0.016113,1.013794,-1.098633,2.624512,17.700195
30056,-0.020142,-0.023926,1.036011,-0.427246,2.624512,17.089844
30066,-0.002563,-0.121582,1.029053,0.061035,2.014160,16.418457
30076,-0.017456,-0.093872,0.945923,-0.061035,1.831055,16.052246
30087,0.001831,-0.048584,1.010864,-0.549316,1.281738,15.502930
30097,0.024170,-0.093506,0.970581,-0.427246,1.159668,15.563965
30106,0.068115,-0.072754,1.087280,-0.183105,1.098633,15.563965
30116,0.039429,-0.192139,0.972168,-0.671387,0.915527,15.563965
30126,0.037720,-0.063354,1.061523,-0.854492,1.037598,15.380859
30136,0.050903,-0.218994,0.984985,-1.098633,0.427246,15.136719
30146,0.014526,-0.126343,1.030273,-1.403809,0.000000,15.014648
30157,0.034912,-0.307495,0.948120,-2.319336,-0.793457,13.977051
30167,0.031738,-0.205933,0.976196,-2.868652,-1.159668,13.977051
30176,0.032715,-0.144043,0.976807,-3.295898,-1.220703,13.793945
30186,0.058228,-0.293823,0.797729,-3.723145,-1.220703,14.038086
30196,0.012939,-0.366821,0.743652,-4.516602,-1.647949,14.038086
30206,0.073364,-0.411865,0.697510,-5.981445,-1.770020,13.793945
30216,0.017700,-0.042236,1.065674,-8.117676,-1.953125,13.183594
30226,0.017212,0.215088,1.315186,-8.789063,-2.075195,11.840820
30237,-0.013184,0.236938,1.375977,-3.417969,-2.746582,9.338379
30247,0.038574,0.036499,1.118286,-0.122070,-3.051758,8.361816
30256,0.025391,-0.245361,1.052124,1.770020,-3.479004,7.995605
30266,0.003784,-0.145386,1.024292,1.098633,-3.906250,7.385254
30276,-0.003296,-0.120850,0.921265,-0.183105,-3.906250,7.019043
30286,0.035034,-0.077148,0.851929,-0.610352,-3.234863,7.263184
30296,0.041626,-0.122070,0.699219,-0.488281,-2.990723,7.751465
30307,0.010986,-0.128906,0.975464,-0.488281,-3.112793,7.507324
30317,0.003540,-0.076782,1.000488,-1.342773,-3.112793,7.690430
30327,-0.021973,0.205566,1.207520,-1.708984,-2.990723,7.385254
30336,-0.019043,0.163208,1.227905,-0.427246,-2.868652,7.141113
30346,0.009888,0.144653,1.080200,2.441406,-2.868652,7.202148
30356,-0.019653,0.048218,1.155518,4.882812,-2.868652,7.385254
30366,0.002441,-0.395264,1.026001,5.615234,-2.868652,8.361816
30378,0.027710,-0.114746,1.018677,2.441406,-2.258301,9.643555
30387,0.020874,0.037476,0.911255,1.525879,-1.831055,10.986328
30396,0.023926,0.089600,0.952759,2.075195,-1.464844,12.268066
30406,0.014038,-0.112549,0.923096,3.234863,-1.525879,13.549805
30416,-0.025269,-0.102661,1.000732,3.540039,-1.647949,14.648438
30426,-0.022949,-0.263306,0.959473,2.685547,-1.770020,15.197754
30438,-0.039063,-0.111938,0.973633,0.488281,-1.831055,16.479492
30448,-0.015503,0.030396,1.056396,0.854492,-2.014160,16.723633
30457,0.003296,-0.117432,1.015381,1.586914,-2.075195,16.540527
30467,-0.004639,0.003296,1.078735,1.586914,-2.563477,16.601562
30476,-0.038086,-0.069580,0.979126,1.647949,-2.563477,16.357422
30486,-0.006714,-0.029419,0.927734,1.525879,-2.502441,16.174316
30496,-0.016968,-0.063843,0.947021,1.892090,-2.868652,16.113281
30506,0.014282,-0.116821,0.895264,2.624512,-3.295898,15.197754
30517,-0.011963,-0.193237,0.850708,1.892090,-3.540039,15.014648
30527,-0.016602,0.063599,0.869873,1.159668,-3.479004,14.526367
30536,0.002563,0.167603,0.841553,1.831055,-3.845215,13.671875
30546,0.021240,-0.139893,0.853760,4.394531,-4.150391,12.817383
30556,0.031982,-0.432983,0.876099,4.760742,-4.699707,11.962891
30566,0.001465,-0.782959,0.972412,2.014160,-4.699707,11.047363
30578,0.016724,0.073242,1.227417,-7.141113,-4.577637,9.399414
30588,-0.063599,0.410645,1.089722,-6.774902,-4.577637,8.605957
30597,-0.018188,0.381348,1.043945,-2.990723,-4.577637,7.751465
30607,-0.003906,-0.054565,0.883789,0.671387,-5.187988,6.652832
30616,0.007813,-0.165161,0.971191,1.647949,-6.042480,5.065918
30626,0.030396,-0.262207,0.902832,1.098633,-6.164551,3.906250
30636,0.072754,-0.155640,0.891602,0.122070,-6.286621,3.479004
30646,0.104736,-0.279053,0.874878,-0.549316,-6.103516,3.417969
30657,0.096680,-0.424194,1.015381,-0.732422,-6.164551,2.319336
30667,0.016602,-0.387085,1.061035,-2.197266,-6.347656,1.770020
30676,0.046143,-0.287109,1.128174,-4.516602,-6.530762,0.549316
30686,-0.013428,-0.193726,1.052368,-5.737305,-6.835937,-0.427246
30697,0.042480,-0.077515,1.090820,-5.493164,-7.080078,-1.159668
30706,0.021851,-0.266357,0.998901,-4.760742,-7.080078,-1.770020
30716,0.081665,-0.124023,1.077515,-5.065918,-7.202148,-2.258301
30727,0.111328,0.041382,1.021484,-6.103516,-7.019043,-2.014160
30737,0.118164,-0.049805,0.965576,-5.737305,-7.080078,-1.770020
30746,0.059082,-0.035889,0.998535,-4.882812,-7.141113,-1.586914
30756,0.095093,0.003540,1.086548,-3.845215,-6.835937,-1.464844
30766,0.000122,-0.166016,1.017456,-3.356934,-6.958008,-2.014160
30776,0.031494,0.065186,1.088867,-3.112793,-7.507324,-2.807617
30786,-0.025757,-0.089844,0.987183,-3.112793,-7.690430,-3.356934
30797,-0.000977,-0.110718,0.940063,-2.624512,-7.751465,-3.906250
30807,0.019165,-0.156006,0.890015,-2.807617,-7.690430,-3.479004
30816,0.004883,-0.068726,0.867554,-3.295898,-6.958008,-2.929688
30826,0.015503,0.023804,0.852173,-3.784180,-6.591797,-2.197266
30837,0.000366,0.037476,0.872559,-3.662109,-6.408691,-1.892090
30846,-0.022705,0.102295,0.920288,-3.112793,-6.408691,-1.464844
30858,-0.022339,-0.035522,0.981934,-0.549316,-6.469727,-1.770020
30868,0.008789,-0.024292,1.118896,0.122070,-6.347656,-2.502441
30877,-0.003296,-0.109985,1.128418,0.671387,-6.042480,-3.234863
30887,-0.013916,-0.224487,0.988159,0.854492,-5.920410,-3.967285
30896,0.021851,-0.178467,1.064697,0.610352,-5.981445,-4.943848
30906,0.008545,-0.296265,0.909058,-0.061035,-5.798340,-5.859375
30915,0.004517,-0.068481,1.070679,-0.915527,-5.615234,-6.164551
30928,0.007202,0.070190,1.070801,-1.220703,-5.737305,-6.408691
30938,0.032593,-0.030884,1.053589,-0.427246,-5.554199,-6.042480
30948,-0.001831,-0.126343,0.942139,0.427246,-5.371094,-6.042480
30957,0.102417,-0.019043,1.101563,0.671387,-4.943848,-5.859375
30967,0.083984,-0.184814,1.008057,0.854492,-5.065918,-5.676270
30977,0.084717,0.042114,1.086670,0.488281,-4.760742,-5.187988
30986,0.058716,-0.120117,0.999512,0.427246,-4.760742,-4.943848
30996,0.019653,-0.051392,1.027588,0.488281,-4.333496,-4.638672
31007,-0.017212,-0.102051,0.986328,0.732422,-4.516602,-5.004883
31017,0.020752,0.135498,1.093262,0.671387,-4.394531,-5.859375
31026,-0.005005,-0.031860,0.970703,1.159668,-4.699707,-6.225586
31036,-0.012695,0.022827,1.011108,1.586914,-4.821777,-6.652832
31047,0.001465,-0.149292,0.896973,2.319336,-5.249023,-7.263184
31056,-0.002441,-0.093750,0.951904,2.258301,-4.821777,-7.324219
31066,0.046875,-0.133057,0.974976,1.831055,-4.394531,-7.385254
31077,0.048096,-0.004395,1.137085,0.854492,-4.455566,-7.934570
31087,-0.028320,-0.186523,0.959229,1.403809,-3.967285,-8.178711
31096,-0.013062,-0.106323,0.980469,1.342773,-3.906250,-8.422852
31106,-0.010620,-0.175415,0.912964,0.915527,-3.723145,-9.033203
31117,0.002563,-0.132202,0.897949,-0.122070,-3.845215,-9.399414
31126,0.008423,-0.140259,0.901489,-1.098633,-3.723145,-9.643555
31136,0.006470,-0.020630,0.838013,-1.586914,-3.662109,-10.437012
31148,0.020508,0.043091,0.951538,-1.159668,-3.112793,-10.375977
31157,0.032349,-0.086548,0.901367,-0.732422,-2.563477,-10.131836
31167,0.010376,-0.106201,0.894897,-0.244141,-2.197266,-10.437012
31176,0.052246,-0.115601,0.989258,-0.183105,-2.197266,-10.620117
31186,0.016724,-0.122925,1.042480,-0.793457,-2.258301,-10.803223
31197,0.020752,-0.133057,1.004761,-1.220703,-2.136230,-11.474609
31206,0.010132,-0.164795,1.064819,-1.892090,-1.953125,-12.207031
31216,0.008911,-0.168213,1.006104,-2.380371,-1.647949,-12.817383
31226,0.008301,0.009033,1.066406,-2.075195,-1.708984,-13.427734
31236,0.045776,0.091431,1.107788,-1.281738,-1.525879,-13.427734
31247,0.023315,-0.105835,0.982300,0.061035,-1.098633,-13.183594
31256,0.010498,-0.097656,0.986084,0.610352,-0.915527,-12.817383
31267,0.032471,-0.171997,0.992065,0.488281,-0.610352,-12.207031
31276,0.033569,-0.113892,1.005127,0.000000,0.000000,-11.047363
31288,0.027710,-0.042969,1.039673,-0.305176,0.183105,-10.620117
31297,0.013794,-0.023804,1.065063,-0.061035,0.366211,-10.375977
31307,0.029663,-0.207275,0.950073,0.305176,0.427246,-10.131836
31317,0.014404,-0.125610,1.091309,0.305176,0.793457,-9.948730
31326,0.000977,-0.179321,0.999146,-0.122070,0.610352,-10.253906
31336,-0.021240,-0.033447,1.050537,-0.732422,0.610352,-10.375977
31349,-0.006226,0.002930,1.062012,-0.793457,1.342773,-10.803223
31358,0.013916,-0.180664,0.939087,-0.732422,1.159668,-10.864258
31368,0.008667,0.043457,1.065186,-0.732422,1.525879,-11.291504
31377,0.026489,-0.071899,0.939209,-0.854492,1.586914,-10.925293
31387,0.003906,0.042114,0.995850,-0.732422,2.136230,-10.009766
31396,-0.007813,-0.107178,0.919678,-0.610352,2.502441,-9.460449
31406,-0.047607,-0.081421,0.906006,-0.671387,3.356934,-7.995605
31416,-0.026733,-0.151001,0.899414,-1.281738,3.784180,-4.150391
31426,-0.009399,-0.100098,0.925537,-3.417969,4.882812,-1.342773
31436,-0.048706,0.009277,0.929077,-4.028320,5.798340,1.953125
31446,-0.053833,0.178467,0.970215,-4.089355,6.103516,5.126953
31457,-0.035645,0.068604,0.910278,-3.112793,6.103516,7.690430
31466,-0.068726,-0.013062,0.949829,-2.075195,6.408691,10.131836
31477,-0.034424,-0.124390,0.996704,-1.586914,6.774902,11.779785
31486,-0.064087,-0.044067,1.051880,-1.647949,6.774902,14.038086
31497,-0.104858,-0.050171,0.967896,-1.647949,6.958008,14.465332
31507,-0.086548,-0.117188,0.967285,-1.159668,7.141113,15.014648
31516,-0.090698,-0.020508,1.067139,-0.732422,6.835937,14.770508
31526,-0.103882,-0.116089,0.985229,-0.488281,6.347656,13.916016
31537,-0.064697,-0.126953,0.971558,-0.183105,6.164551,13.366699
31546,-0.052002,-0.225098,0.920776,-0.183105,5.981445,13.122559
31556,-0.020630,-0.149414,0.987671,-0.915527,5.676270,12.390137
31567,-0.051758,-0.057373,1.004883,-1.892090,5.676270,12.145996
31577,-0.047119,-0.174438,1.019653,-2.075195,5.493164,11.596680
31586,-0.036621,-0.058960,1.088867,-2.258301,5.249023,10.253906
31596,-0.039673,-0.164917,0.949219,-2.136230,4.882812,8.666992
31606,-0.036133,-0.054810,1.038208,-2.502441,4.577637,7.141113
31617,-0.007935,-0.144165,1.044800,-2.380371,4.089355,5.371094
31626,-0.011475,0.033447,1.151978,-2.502441,3.479004,3.417969
31638,-0.019531,0.040283,1.098511,-1.831055,3.417969,2.868652
31647,-0.016846,-0.152710,1.007202,-1.342773,3.356934,2.624512
31656,-0.004150,0.010498,1.084961,-1.403809,3.723145,2.990723
31667,0.022217,-0.106323,0.993164,-1.403809,3.845215,3.417969
31676,-0.010742,-0.011353,1.078003,-1.342773,4.089355,3.662109
31687,-0.019043,-0.178223,0.945923,-1.281738,4.211426,4.394531
31696,-0.030029,-0.079956,0.978027,-2.319336,4.455566,4.516602
31706,-0.002197,-0.134155,1.047729,-2.807617,4.333496,4.760742
31716,-0.019287,-0.016113,0.950562,-2.929688,4.089355,5.310059
31727,0.033081,0.024902,1.019165,-2.807617,4.028320,5.798340
31736,-0.001465,0.046509,1.024414,-2.197266,4.028320,6.835937
31747,0.014160,-0.008789,0.947021,-1.586914,4.150391,7.568359
31756,0.000244,-0.070923,0.898682,-1.464844,4.211426,8.178711
31768,0.016602,-0.013184,0.961548,-1.586914,4.394531,9.277344
31777,0.040283,-0.010864,0.981079,-1.586914,3.967285,9.094238
31787,0.012207,-0.045044,0.984253,-1.220703,3.723145,9.094238
31797,0.032227,-0.101318,0.972778,-0.793457,2.990723,9.216309
31807,-0.012573,0.000732,1.021729,-0.549316,2.563477,8.850098
31816,0.032227,-0.042236,1.041138,-0.122070,2.380371,8.911133
31827,0.052734,-0.089966,0.963623,-0.183105,1.892090,8.728027
31836,0.008667,-0.164673,0.866821,-0.549316,1.708984,9.094238
31848,-0.014526,-0.199219,0.787231,-1.586914,1.708984,8.972168
31857,0.041016,-0.159302,0.900879,-2.563477,1.770020,8.789063
31866,0.007568,-0.063232,0.932861,-3.417969,1.586914,8.483887
31876,-0.002563,-0.045288,0.902954,-3.845215,1.281738,7.873535
31887,0.000977,-0.093750,0.942627,-3.417969,0.854492,7.263184
31898,0.012573,-0.080566,1.031372,-2.746582,0.183105,5.859375
31907,0.007935,-0.112427,1.076416,-2.929688,-0.061035,5.249023
31918,0.003296,-0.162231,1.038086,-2.929688,0.183105,5.371094
31927,0.010986,-0.151611,0.987549,-3.173828,0.183105,5.737305
31937,-0.029907,-0.025269,1.021851,-3.173828,0.427246,5.737305
31946,-0.006714,-0.079834,1.041748,-2.990723,0.854492,6.225586
31957,-0.002563,-0.048828,1.099365,-2.624512,1.037598,6.103516
31967,-0.014526,-0.146362,0.990967,-2.075195,1.098633,6.286621
31976,-0.036621,-0.072876,1.002563,-2.075195,0.305176,5.554199
31988,-0.014282,-0.067017,1.052734,-2.624512,0.610352,5.310059
31997,0.005127,-0.097900,1.033569,-2.868652,0.427246,5.371094
32007,0.015137,0.011719,1.099854,-3.173828,0.427246,5.432129
32016,-0.004517,-0.009521,1.026733,-3.051758,0.732422,5.859375
32027,0.023926,-0.017578,1.075684,-3.112793,0.610352,6.774902
32036,0.015259,0.043579,1.064453,-2.746582,0.610352,7.934570
32048,-0.016357,0.085083,1.048828,-2.624512,0.488281,9.460449
32058,0.017456,0.047607,0.985962,-2.624512,0.793457,10.620117
32067,0.009644,0.137085,1.010620,-2.197266,0.854492,11.718750
32076,0.029907,0.080688,0.971802,-1.708984,0.854492,12.329102
32087,0.020996,0.014771,0.989990,-1.403809,0.732422,13.244629
32096,0.078491,0.060425,0.999146,-1.159668,0.305176,13.671875
32107,0.026245,0.048218,0.952026,-1.159668,-0.244141,13.488770
32116,0.057739,0.068237,0.992920,-0.793457,-1.281738,13.671875
32128,0.037964,-0.046021,0.971924,-0.549316,-1.464844,13.671875
32138,0.002808,-0.087280,0.988037,-0.488281,-1.464844,14.221191
32147,-0.012573,-0.209717,0.921631,-0.915527,-1.464844,14.892578
32157,-0.019043,-0.270020,0.897461,-1.525879,-1.403809,15.686035
32166,-0.006104,-0.244995,0.879272,-2.075195,-1.281738,16.418457
32178,-0.032349,-0.252441,0.850342,-2.929688,-1.403809,15.441895
32188,-0.047607,-0.258545,0.947388,-2.746582,-1.892090,14.709473
32197,-0.082275,-0.359131,0.968994,-2.624512,-2.197266,13.549805
32207,-0.081665,-0.250000,1.055542,-2.624512,-2.380371,12.023926
32217,-0.090820,-0.298340,0.992554,-2.441406,-2.624512,10.986328
32226,-0.021729,-0.249756,1.041260,-2.502441,-2.807617,10.192871
32237,0.001709,-0.274414,1.041260,-2.380371,-3.234863,9.155273
32246,0.019653,-0.293091,1.004761,-2.807617,-3.784180,7.568359
32258,0.070068,-0.188965,1.005859,-3.051758,-4.943848,3.540039
32267,0.080933,-0.190918,1.071777,-3.112793,-5.798340,1.098633
32277,0.090942,-0.211914,1.028564,-3.112793,-6.591797,-1.403809
32286,0.077637,-0.140503,1.044189,-3.234863,-7.202148,-3.356934
32296,0.066284,-0.080200,1.036621,-3.479004,-7.568359,-5.004883
32307,0.028931,-0.086060,0.976685,-3.112793,-7.690430,-5.859375
32316,0.056396,-0.055664,1.048950,-2.929688,-7.080078,-5.981445
32328,-0.000854,-0.000366,0.986450,-2.807617,-5.371094,-5.371094
32338,-0.009521,0.008789,1.005249,-2.624512,-4.455566,-4.516602
32347,-0.022583,0.037842,1.066040,-2.746582,-3.967285,-4.211426
32357,-0.062500,-0.000977,1.062134,-2.624512,-4.028320,-4.394531
32367,-0.059448,-0.053223,1.068604,-2.014160,-3.845215,-5.126953
32376,-0.090576,-0.049194,0.986572,-1.831055,-4.455566,-6.286621
32386,-0.055176,-0.073608,0.931030,-1.892090,-4.638672,-7.385254
32398,-0.009155,0.036621,0.937988,-2.197266,-4.943848,-9.338379
32408,-0.088379,0.088379,0.885132,-1.586914,-4.211426,-8.728027
32418,-0.088135,-0.003540,0.887085,-1.159668,-2.685547,-7.141113
32428,-0.060181,-0.075073,0.986328,-1.281738,-0.610352,-4.882812
32437,-0.060181,-0.206177,0.958862,-1.525879,0.915527,-2.502441
32447,0.051025,-0.256470,0.874023,-2.319336,1.403809,0.183105
32457,0.221680,-0.174805,0.908081,-3.356934,0.244141,2.014160
32467,0.275879,-0.234985,0.806396,-4.882812,-3.234863,3.967285
32476,0.274780,-0.318604,0.648071,-4.821777,-3.601074,5.004883
32487,0.218018,-0.369995,0.616943,-5.126953,-3.356934,5.859375
32496,0.088501,-0.537720,0.468140,-5.187988,-2.685547,5.920410
32507,-0.087402,-0.586304,0.461792,-4.699707,-1.831055,4.943848
32517,-0.017090,-1.012695,0.100830,-3.967285,-1.464844,4.089355
32526,-0.056030,-3.268311,-2.991211,-2.319336,-3.173828,4.272461
32538,0.231079,-3.020996,-1.928833,-27.099609,-7.385254,3.540039
32548,0.426392,-1.839478,-1.387207,-51.574707,-10.375977,0.915527
32557,0.440430,-0.207153,0.654297,-63.781738,-12.084961,-1.159668
32567,0.443481,0.178345,3.252075,-56.640625,-16.052246,-5.432129
32577,0.532227,0.063721,3.999512,-42.907715,-19.775391,-9.582520
32587,0.472412,0.351685,3.999512,-27.770996,-21.423340,-13.488770
32597,0.377808,0.003418,3.999512,-6.774902,-21.057129,-16.662598
32609,-0.333252,-1.749023,1.159424,21.606445,-19.409180,-25.268555
32618,-0.807251,-1.191895,0.734863,16.601562,-17.517090,-35.827637
32628,-0.908325,-0.796631,1.360352,12.084961,-14.404297,-43.151855
32638,-1.097412,-0.595337,1.659912,10.803223,-7.934570,-44.494629
32648,-0.623779,0.644775,3.213623,9.765625,0.732422,-42.114258
32657,-0.768921,2.251709,3.999512,11.047363,9.155273,-29.418945
32667,-0.899902,3.378906,3.999512,23.803711,12.939453,-15.441895
32676,-1.321167,3.999512,3.999512,70.617676,15.991211,-13.427734
32688,-0.816284,3.997314,3.999512,82.031250,19.165039,-10.986328
32698,0.530518,3.547974,3.103271,89.782715,34.423828,2.136230
32707,0.963013,2.779297,2.218140,99.792480,46.020508,20.935059
32716,1.053955,1.967773,1.026978,110.229492,37.475586,22.766113
32727,0.967896,1.688354,0.523315,114.868164,27.404785,14.648438
32738,0.670288,1.133667,0.150146,109.252930,20.629883,23.193359
32747,0.891479,0.104492,-0.420044,100.952148,17.761230,25.756836
32758,0.673340,0.122314,-0.267212,92.956543,12.390137,24.108887
32767,0.549683,0.167358,-0.148682,87.646484,5.676270,20.751953
32777,0.486328,0.177368,0.023193,82.458496,0.366211,18.249512
32787,0.180542,-0.075806,-0.004517,76.904297,-2.990723,16.540527
32797,-0.004028,-0.051636,0.017578,71.228027,-3.906250,14.343262
32810,-0.551025,-0.103394,-0.011353,63.903809,-0.915527,12.756348
32819,-0.581055,-0.224121,-0.041992,60.791016,4.028320,14.953613
32828,-0.344971,-0.419434,-0.151367,56.335449,8.605957,17.333984
32838,-0.111816,-0.384155,-0.133423,50.598145,11.474609,19.714355
32847,0.152466,-0.332153,-0.175903,44.555664,11.779785,22.705078
32857,0.287720,-0.403320,-0.271118,38.696289,10.009766,26.245117
32866,0.341797,-0.561523,-0.241821,33.752441,6.530762,29.602051
32878,0.258789,-0.743408,-0.216675,23.254395,-3.173828,30.517578
32888,-0.020874,-0.992554,-0.286011,16.235352,-6.774902,29.113770
32897,-0.071167,-0.889282,-0.251343,9.155273,-9.033203,26.977539
32907,-0.138794,-0.841919,-0.247925,2.868652,-9.887695,23.925781
32917,-0.113159,-0.826538,-0.169189,-2.441406,-10.620117,19.836426
32928,-0.079224,-0.731079,-0.098267,-7.141113,-11.108398,15.686035
32937,-0.047241,-0.697998,-0.070190,-12.145996,-11.474609,11.291504
32947,-0.041870,-0.798706,-0.070801,-17.272949,-11.962891,1.831055
32957,-0.046875,-0.805786,-0.144653,-27.099609,-11.962891,-2.380371
32967,-0.119263,-0.751221,-0.112793,-31.921387,-11.108398,-5.615234
32978,-0.137817,-0.725586,-0.112549,-36.376953,-9.460449,-7.690430
32987,-0.117798,-0.712891,-0.160889,-41.320801,-7.934570,-9.765625
32998,-0.116943,-0.647217,-0.222168,-46.203613,-6.225586,-11.413574
33007,-0.091064,-0.662720,-0.270996,-51.086426,-4.455566,-12.451172
33018,-0.059570,-0.569580,-0.302002,-61.340332,-0.732422,-12.145996
33027,-0.036255,-0.570190,-0.434326,-66.589355,0.732422,-11.901855
33037,-0.062378,-0.582764,-0.507446,-72.509766,2.014160,-11.108398
33047,-0.037842,-0.606934,-0.599487,-78.796387,3.662109,-10.070801
33057,-0.017334,-0.561279,-0.649902,-85.205078,4.821777,-9.216309
33067,0.014160,-0.525146,-0.706055,-92.285156,5.676270,-8.850098
33077,0.093872,-0.482910,-0.746460,-99.487305,5.920410,-8.300781
33090,0.131348,-0.286987,-0.811401,-114.379883,4.577637,-8.666992
33099,0.171265,-0.199341,-0.809326,-121.215820,4.150391,-9.094238
33109,0.115723,-0.041870,-0.816772,-127.807617,3.173828,-10.314941
33119,0.093140,0.027344,-0.776978,-133.850098,2.868652,-11.962891
33128,-0.122925,3.621094,3.999512,-134.338379,4.699707,-14.648438
33138,0.219116,3.243164,3.999512,-77.087402,5.371094,-10.498047
33147,-1.004883,-3.999512,0.733398,-16.418457,-3.417969,0.000000
33157,-0.697754,-3.548096,0.914062,-50.109863,5.981445,-17.883301
33169,1.048462,3.999512,2.171265,-67.993164,3.784180,-15.014648
33178,0.230835,-2.033447,-3.124512,12.084961,-21.301270,-11.230469
33188,-0.583862,-1.967529,3.924072,22.583008,-21.667480,-13.000488
33197,-0.163086,0.616577,3.999512,-18.310547,-4.760742,-15.014648
33207,-0.445068,-1.704468,0.913208,-23.498535,6.225586,2.868652
33217,0.174561,1.187988,2.077148,-21.728516,20.019531,9.887695
33227,0.165405,-0.040894,-0.566895,-15.014648,23.681641,28.259277
33239,0.426880,-1.455444,2.318481,5.065918,14.038086,17.028809
33248,-0.154175,-1.258667,2.442505,-1.220703,1.220703,7.934570
33257,-0.262817,-0.078369,1.648804,-13.793945,-0.610352,4.760742
33267,-0.024048,0.997681,1.283813,-14.465332,6.530762,10.559082
33277,-0.068726,0.489014,0.717896,-1.464844,9.643555,12.573242
33287,0.179077,-0.200317,1.187866,11.535645,9.338379,11.840820
33299,0.383179,-0.244507,1.665771,10.131836,3.845215,11.352539
33309,0.327148,0.121338,0.970459,7.385254,1.037598,11.962891
33318,0.400146,0.471191,0.814819,10.314941,1.403809,14.587402
33327,0.492432,0.148926,0.943726,16.845703,1.281738,17.089844
33337,0.399658,-0.343994,1.175293,20.446777,0.305176,17.700195
33347,0.249023,-0.288086,1.188721,18.554687,-0.854492,17.395020
33357,0.202515,-0.037354,0.989990,14.587402,-0.793457,15.869141
33367,0.131104,0.063232,0.569580,13.549805,-1.403809,13.000488
33378,0.092529,-0.246216,0.538452,17.272949,-7.995605,2.258301
33388,0.020752,-0.470947,0.696167,15.686035,-11.352539,-4.455566
33397,0.067871,-0.240479,0.896973,11.291504,-12.939453,-9.765625
33407,0.102783,-0.141724,0.876465,7.141113,-12.878418,-13.244629
33418,0.185791,-0.053589,0.799805,5.249023,-11.413574,-14.404297
33427,0.124756,-0.006226,0.678345,5.371094,-9.948730,-14.953613
33437,0.144775,-0.030640,0.710205,5.920410,-9.277344,-16.967773
33449,-0.007080,-0.110474,0.856445,4.699707,-8.605957,-18.859863
33458,-0.110352,-0.063477,0.876831,4.150391,-7.873535,-20.690918
33468,-0.133789,-0.051392,0.850586,4.272461,-7.263184,-22.766113
33478,-0.254028,-0.196167,0.763184,4.699707,-7.141113,-24.719238
33487,-0.198364,-0.182251,0.767334,4.394531,-6.408691,-26.062012
33497,-0.156006,-0.133423,0.818726,3.479004,-5.187988,-26.550293
33507,-0.057739,-0.014282,0.900269,2.502441,-3.601074,-23.742676
33519,0.010620,-0.008423,0.917480,1.464844,-1.220703,-20.568848
33528,0.021240,0.055054,0.950684,1.403809,0.183105,-17.211914
33538,0.040161,-0.055298,0.909302,2.014160,1.831055,-13.427734
33547,0.018921,-0.099854,0.943481,2.136230,2.746582,-10.009766
33557,0.039795,-0.103027,0.894653,1.586914,3.295898,-8.178711
33568,0.005371,0.059082,1.008911,0.854492,3.417969,-7.446289
33577,-0.048828,0.106567,1.103149,1.159668,3.723145,-6.103516
33589,-0.094849,-0.013672,1.070190,3.723145,4.638672,-5.676270
33598,-0.084351,-0.143677,1.004028,4.272461,5.554199,-4.394531
33608,-0.052002,-0.137329,1.013428,3.417969,6.469727,-2.197266
33617,-0.030762,-0.015015,1.061523,2.563477,7.690430,0.488281
33627,-0.006958,0.016846,1.100586,2.136230,8.972168,4.089355
33637,0.024658,-0.016602,1.110474,2.319336,9.521484,7.690430
33647,0.002075,-0.161499,0.996826,2.380371,10.009766,11.230469
33658,-0.071655,-0.084351,0.965698,0.976562,10.375977,16.540527
33668,-0.098389,-0.108765,0.906372,-0.061035,10.437012,18.737793
33678,-0.073608,-0.127075,0.900513,-0.793457,10.498047,20.019531
33687,-0.074707,-0.089966,0.874634,-1.464844,10.070801,20.568848
33697,-0.042725,-0.089355,0.950195,-2.014160,9.399414,20.874023
33708,0.047119,-0.059570,1.054199,-2.197266,8.544922,20.996094
33717,0.097900,-0.061035,1.025146,-2.685547,7.507324,23.437500
33727,0.117432,-0.058716,0.932251,-2.746582,7.324219,24.475098
33738,0.075684,-0.068359,0.971680,-2.746582,7.080078,26.184082
33747,0.039307,-0.167725,0.985229,-3.051758,7.263184,27.770996
33758,0.019165,-0.141602,0.980225,-3.601074,7.141113,27.587891
33767,-0.000366,-0.073975,1.012695,-4.150391,6.286621,26.184082
33778,0.013184,-0.055786,1.066650,-4.394531,5.249023,24.475098
33787,-0.022217,-0.100342,1.004761,-4.394531,3.295898,18.493652
33799,-0.070557,-0.072510,0.951782,-4.150391,2.441406,15.197754
33808,-0.066895,0.034302,1.065918,-4.089355,2.319336,12.145996
33818,-0.023315,-0.014648,1.072754,-3.601074,1.708984,9.826660
33827,-0.029053,0.046875,1.106567,-2.624512,1.647949,8.911133
33838,-0.009033,-0.014282,1.054443,-2.197266,1.831055,9.521484
33847,-0.026123,-0.019287,1.088257,-1.892090,2.319336,10.925293
33857,0.002197,0.002441,1.060791,-1.647949,3.417969,14.770508
33869,0.014404,0.021118,1.046631,-1.037598,3.784180,16.052246
33878,0.030151,-0.026245,1.030640,-0.305176,3.723145,16.418457
33887,-0.010742,-0.098145,0.936401,-0.122070,3.662109,16.662598
33898,0.013184,-0.139282,0.893433,0.000000,3.540039,17.333984
33907,0.012451,-0.102661,0.954102,-0.671387,3.295898,17.395020
33917,0.059204,-0.065674,0.943115,-1.220703,2.929688,17.578125
33930,0.107056,-0.109985,0.947388,-1.647949,1.770020,19.226074
33939,0.130859,-0.146118,0.949463,-2.380371,1.403809,19.958496
33948,0.098511,-0.140747,0.876343,-3.112793,0.854492,21.240234
33958,0.095459,-0.117554,0.921875,-3.784180,0.671387,21.911621
33967,0.081177,-0.131592,0.936157,-4.516602,0.244141,22.033691
33978,0.092041,-0.083984,0.999023,-4.760742,-0.244141,21.667480
33987,0.073120,-0.049438,1.020142,-4.821777,-0.976562,20.141602
34000,0.053589,-0.138184,1.017334,-4.089355,-3.356934,15.319824
34009,0.053833,-0.068604,1.053955,-4.272461,-4.089355,12.756348
34018,0.018433,-0.043335,1.063599,-3.967285,-4.638672,10.498047
34028,0.055420,-0.032227,1.054565,-3.540039,-4.882812,8.850098
34038,0.021973,0.015259,1.028320,-2.868652,-5.065918,7.629395
34047,0.041992,-0.019531,0.983398,-2.014160,-5.126953,6.835937
34058,0.018677,0.010498,1.051392,-1.220703,-4.821777,6.530762
34067,0.051025,-0.125488,1.016846,0.061035,-4.394531,5.310059
34079,-0.005371,-0.118042,0.989502,-0.122070,-4.760742,3.845215
34088,-0.022461,-0.129028,0.944946,-0.427246,-5.126953,2.380371
34098,-0.013916,-0.127197,0.941895,-0.549316,-5.371094,1.037598
34108,0.029175,-0.061646,0.960327,-0.427246,-5.798340,-0.488281
34117,0.003906,-0.090698,0.942749,-0.122070,-5.920410,-1.586914
34128,0.037842,-0.163574,0.968262,0.183105,-5.554199,-1.953125
34137,0.026001,-0.173706,0.990601,-0.854492,-4.516602,-2.075195
34149,0.019165,-0.126465,0.942627,-1.281738,-3.967285,-1.464844
34159,0.035278,-0.091675,0.953369,-1.770020,-3.540039,-1.586914
34168,0.027466,-0.082520,0.992676,-1.770020,-3.051758,-1.647949
34178,0.009888,-0.069702,1.009888,-1.647949,-3.173828,-1.831055
34187,0.005371,-0.111694,0.975586,-1.770020,-3.234863,-2.563477
34198,-0.017212,-0.088135,1.012085,-2.258301,-3.234863,-3.295898
34207,-0.014526,-0.077515,1.001343,-2.624512,-2.319336,-2.685547
34217,0.012329,-0.002808,1.043335,-2.624512,-2.136230,-2.380371
34228,0.022583,-0.051270,1.028564,-2.441406,-1.953125,-1.831055
34237,0.027832,0.036865,1.106323,-2.380371,-1.586914,-0.976562
34248,0.008667,-0.008057,1.042847,-2.075195,-1.342773,0.000000
34257,0.010254,-0.058105,1.008545,-1.831055,-0.976562,1.037598
34269,0.014404,-0.038452,1.011475,-1.525879,-0.183105,3.295898
34278,-0.009033,-0.060547,1.092651,-1.281738,-0.122070,4.028320
34288,-0.000732,-0.053955,1.001587,-0.610352,-0.061035,5.187988
34298,0.019409,-0.065186,1.026978,-0.061035,0.366211,5.920410
34307,0.014038,-0.041992,1.040894,0.366211,0.122070,6.530762
34317,-0.006226,-0.083496,0.995605,0.915527,0.366211,7.385254
34328,0.029907,0.016479,1.052856,1.281738,0.732422,8.361816
34337,0.007813,-0.061646,1.007813,1.892090,0.915527,9.338379
34350,-0.013794,-0.073853,1.013428,2.929688,0.915527,11.352539
34359,0.035034,-0.163086,0.985840,3.173828,1.403809,12.817383
34369,0.013550,-0.169434,0.967529,2.685547,1.342773,13.610840
34378,0.047729,-0.184448,0.939453,2.136230,1.342773,14.160156
34388,0.017212,-0.108398,0.972412,1.464844,1.037598,14.892578
34398,0.074341,-0.080444,1.014648,0.915527,1.159668,15.014648
34407,0.012939,-0.166870,0.983276,0.488281,1.037598,15.075684
34420,0.002563,-0.039551,0.978882,0.366211,0.061035,14.953613
34429,0.007568,-0.079956,0.963013,0.488281,-0.488281,14.831543
34439,0.018066,-0.139893,0.942139,0.488281,-0.793457,14.587402
34448,0.025513,-0.157593,0.934814,0.000000,-0.976562,14.099121
34457,0.018311,-0.166260,0.924927,-0.488281,-1.525879,13.977051
34468,0.027832,-0.190063,0.916748,-1.037598,-1.647949,13.610840
34478,0.029907,-0.119995,0.918091,-1.647949,-1.770020,13.000488
34487,0.006592,-0.021729,0.932251,-1.831055,-2.136230,12.573242
34499,0.010376,-0.134155,0.997803,-1.342773,-2.075195,12.390137
34508,0.002930,-0.031738,1.099365,-0.915527,-2.014160,12.207031
34518,-0.014526,-0.101807,1.075806,-0.305176,-2.136230,11.901855
34527,-0.004272,-0.051514,1.107422,0.122070,-2.380371,11.230469
34538,-0.019897,-0.050903,1.077637,0.488281,-2.258301,10.620117
34547,0.009521,-0.091431,1.040649,0.854492,-2.319336,10.009766
34559,-0.015259,-0.192505,0.919556,1.342773,-2.807617,6.958008
34568,0.001465,-0.131226,0.925659,0.793457,-3.662109,5.798340
34578,0.003418,-0.113159,0.903931,0.427246,-3.906250,4.394531
34588,0.021973,-0.184448,0.884521,0.183105,-4.150391,2.868652
34598,0.039795,-0.216797,0.861084,-0.305176,-4.089355,2.441406
34607,0.091797,-0.274536,0.860596,-1.464844,-4.272461,1.586914
34619,0.067383,-0.214355,0.923706,-4.089355,-4.394531,-0.061035
34629,0.069946,0.067749,1.130981,-3.784180,-4.333496,-0.671387
34638,0.071167,0.042480,1.222534,-2.868652,-4.760742,-1.586914
34648,0.017090,-0.111694,1.160522,-1.464844,-4.699707,-2.258301
34658,0.016479,-0.058105,1.206421,-0.427246,-4.943848,-3.234863
34668,0.016113,-0.082397,1.181763,-0.305176,-4.760742,-4.455566
34677,0.037109,-0.046997,1.159302,-0.183105,-4.943848,-5.249023
34687,0.065063,-0.133911,0.940430,0.488281,-4.516602,-5.798340
34699,0.077393,-0.565918,0.325073,0.610352,-4.089355,-6.408691
34709,0.102783,-0.047363,1.060669,-6.347656,-3.845215,-6.713867
34718,0.120850,0.358887,1.561279,-8.728027,-3.784180,-6.469727
34728,0.054932,0.004272,1.010254,-5.065918,-4.089355,-6.164551
34738,0.031372,0.063477,0.996826,-3.479004,-3.906250,-6.103516
34748,0.017700,0.021484,1.021973,-2.807617,-3.662109,-6.225586
34758,-0.013428,-0.295288,0.784912,-1.037598,-3.662109,-6.958008
34767,-0.030640,-0.424316,0.755737,-5.065918,-2.624512,-5.981445
34779,0.057861,0.036865,0.990356,-7.202148,-2.197266,-5.615234
34788,0.028442,0.189697,0.999390,-6.958008,-1.708984,-3.601074
34797,0.010742,-0.017090,0.910889,-4.821777,-1.281738,-1.098633
34808,0.000977,-0.039551,0.967651,-3.784180,-1.098633,0.061035
34818,-0.016724,-0.011475,1.083252,-3.967285,-0.549316,1.831055
34830,0.022949,-0.024658,1.076294,-3.967285,0.183105,3.662109
34839,-0.087891,0.009033,0.899414,-2.685547,0.305176,4.272461
34849,-0.056030,-0.121582,0.906860,-1.220703,0.427246,5.126953
34858,-0.026733,-0.174683,1.016357,-1.098633,0.793457,5.187988
34868,-0.071411,-0.133911,1.026367,-2.075195,0.732422,5.432129
34878,-0.019897,-0.027222,1.035400,-3.173828,1.037598,6.042480
34889,-0.017700,-0.029663,0.996094,-3.234863,0.976562,6.774902
34898,-0.017212,-0.048828,1.026611,-2.441406,1.281738,9.155273
34908,0.025024,-0.124268,1.057861,-2.685547,2.075195,10.498047
34919,0.001099,0.044556,1.085815,-3.967285,2.197266,11.596680
34928,-0.000488,0.124390,1.000732,-4.150391,2.197266,12.878418
34937,-0.005005,0.192871,1.057495,-2.929688,2.258301,13.977051
34948,-0.006714,0.090210,1.047729,-1.098633,1.892090,14.526367
34959,-0.031006,-0.061646,1.079712,0.305176,1.525879,14.831543
34968,-0.027832,-0.034058,1.126221,0.610352,1.281738,15.441895
34978,-0.005005,-0.079834,1.029053,0.854492,1.037598,15.869141
34988,0.029419,-0.065308,0.970337,1.647949,0.732422,16.540527
34998,0.066040,-0.190674,0.984253,2.014160,0.488281,17.639160
35008,0.043457,-0.157593,1.026978,1.464844,0.366211,18.188477
35018,0.052002,-0.147217,0.959106,-0.305176,0.000000,18.493652
35032,0.041992,0.043579,1.022339,-2.868652,0.122070,19.042969
35042,-0.007690,0.030762,0.985840,-2.624512,0.610352,18.493652
35052,-0.026855,0.077148,0.960937,-2.807617,-1.525879,17.761230
35061,-0.015137,0.277100,1.058716,-2.502441,-2.075195,17.089844
35071,-0.011719,0.379028,1.022949,-0.610352,-2.380371,16.174316
35080,0.015625,-0.028564,0.944214,2.807617,-2.868652,15.197754
35090,0.018677,-0.565918,0.876343,4.638672,-3.173828,14.648438
35099,0.017090,-0.367554,0.970459,1.464844,-3.356934,11.962891
35108,-0.069946,-0.161987,1.103271,1.464844,-3.356934,11.962891
35120,0.089355,0.112061,0.931519,-2.563477,-3.417969,9.155273
35129,-0.032715,0.291870,0.909180,-1.708984,-4.272461,7.690430
35138,-0.026489,0.227539,0.997559,1.098633,-4.699707,6.408691
35148,0.088501,-0.149048,0.985352,3.356934,-5.126953,5.432129
35157,0.042725,-0.401978,0.973389,3.540039,-5.676270,4.211426
35168,0.031494,-0.342041,1.028564,1.831055,-6.164551,2.380371
35177,0.073364,-0.149536,1.028931,-0.122070,-5.859375,1.220703
35189,0.039673,-0.005371,1.014648,-0.915527,-5.859375,-0.854492
35199,-0.022339,-0.113770,0.957642,0.915527,-6.835937,-2.136230
35208,0.017944,-0.217407,1.011841,1.037598,-6.958008,-3.112793
35218,0.050049,-0.200195,1.048096,0.427246,-7.263184,-4.577637
35228,0.040161,-0.147583,0.977295,-0.061035,-7.141113,-5.981445
35238,0.063721,-0.076538,0.995605,-0.305176,-6.896973,-6.896973
35250,0.105347,-0.057373,1.037231,0.305176,-6.958008,-8.605957
35259,0.085937,-0.118408,1.060181,0.305176,-7.080078,-9.826660
35269,0.063843,-0.095093,1.073608,0.183105,-7.080078,-11.108398
35278,0.079224,-0.174194,0.957275,0.061035,-7.019043,-12.023926
35288,0.061768,-0.209839,0.984619,-0.244141,-7.324219,-13.183594
35298,0.073608,-0.130249,0.976440,-0.610352,-7.202148,-13.977051
35308,0.013550,-0.187866,0.885254,-1.098633,-6.774902,-14.526367
35318,0.066406,-0.185791,0.955200,-1.770020,-6.652832,-14.526367
35330,-0.004272,-0.061890,0.941040,-2.624512,-5.798340,-14.038086
35339,-0.002075,-0.067261,1.058228,-2.380371,-5.249023,-13.610840
35349,-0.027710,0.000366,1.056152,-2.258301,-4.943848,-12.573242
35359,-0.007935,-0.026245,1.014404,-2.136230,-4.455566,-11.718750
35368,-0.038208,0.003418,1.071777,-2.075195,-3.784180,-10.620117
35378,-0.034546,-0.044434,1.034912,-1.831055,-3.051758,-9.094238
35388,-0.031494,-0.075562,0.950317,-1.342773,-2.380371,-7.812500
35400,-0.056030,-0.023926,1.016479,-1.159668,-0.732422,-5.065918
35410,-0.032593,-0.068604,0.946655,-0.976562,0.183105,-3.601074
35419,-0.052490,-0.009888,0.962891,-1.098633,0.671387,-2.319336
35429,-0.056152,-0.062744,0.966919,-0.793457,1.098633,-0.549316
35438,-0.055542,-0.119141,0.921387,-0.427246,1.281738,0.671387
35448,-0.092041,-0.125244,0.956665,-0.671387,1.464844,1.220703
35458,-0.086548,-0.147705,0.994873,-1.281738,1.525879,2.197266
35469,-0.057861,0.005737,1.035156,-2.014160,1.770020,3.540039
35479,-0.047119,-0.027588,1.027344,-1.831055,2.014160,3.967285
35488,-0.035767,-0.033081,1.015015,-1.281738,2.441406,4.638672
35498,-0.032959,-0.046143,0.979736,-0.915527,2.441406,4.943848
35509,-0.055176,-0.144287,0.963745,-0.854492,2.502441,5.126953
35518,-0.039185,-0.143677,0.953247,-1.342773,2.624512,5.493164
35528,-0.055176,-0.079834,0.921997,-1.708984,2.929688,5.676270
35540,-0.053101,-0.084595,0.902710,-1.586914,3.051758,6.103516
35549,-0.041504,-0.093994,0.960327,-1.403809,3.173828,6.225586
35559,-0.018311,-0.093628,1.031494,-1.892090,3.356934,6.286621
35568,-0.037231,-0.097412,0.994385,-2.075195,3.479004,6.835937
35578,-0.010986,-0.070435,1.022583,-2.441406,3.601074,7.080078
35588,-0.026733,-0.047485,1.057007,-2.136230,3.479004,7.568359
35601,-0.041016,0.009033,1.059570,-2.014160,3.662109,7.995605
35610,-0.018677,-0.039673,1.067749,-1.708984,3.662109,8.605957
35620,-0.034546,-0.094849,0.979980,-1.220703,3.967285,9.094238
35630,-0.014038,-0.050537,0.979370,-1.342773,3.845215,9.582520
35639,-0.008057,-0.086060,1.017700,-1.281738,3.845215,10.253906
35649,0.015503,-0.117432,0.911743,-1.525879,3.967285,11.291504
35658,0.017700,-0.047485,0.961792,-2.014160,3.417969,11.962891
35668,0.034424,0.005249,1.039307,-2.197266,3.356934,12.817383
35679,0.011353,-0.118530,0.953125,-1.464844,2.868652,14.282227
35689,0.022339,-0.134521,0.974365,-1.403809,2.929688,14.648438
35698,0.007324,-0.163696,0.996826,-1.831055,2.746582,14.770508
35708,0.008545,-0.162842,0.931519,-2.380371,2.136230,14.892578
35719,-0.007324,-0.077881,0.967041,-2.929688,1.831055,14.953613
35728,0.019897,-0.069580,1.003662,-2.929688,1.708984,15.136719
35738,-0.015503,-0.088257,0.984131,-2.624512,1.159668,14.953613
35750,0.005127,-0.139893,1.002930,-2.197266,0.854492,15.441895
35759,0.023071,-0.123779,0.966919,-2.563477,0.488281,16.113281
35769,0.000610,-0.067993,0.959595,-2.868652,0.305176,16.418457
35778,0.057129,-0.101074,0.992432,-2.929688,0.183105,16.479492
35789,0.022949,-0.117798,0.945435,-2.624512,-0.122070,16.479492
35798,0.008911,-0.060547,1.000122,-2.868652,-0.732422,15.747070
35811,-0.001099,-0.122314,0.956543,-2.685547,-1.464844,14.099121
35820,-0.009521,-0.124023,0.984985,-2.685547,-1.953125,13.183594
35830,-0.010254,-0.123657,1.038940,-2.624512,-2.441406,12.145996
35840,0.024658,-0.121704,0.988037,-2.807617,-2.868652,10.986328
35849,0.015259,-0.079712,1.017700,-2.807617,-3.295898,10.070801
35858,0.047241,-0.064209,1.058105,-2.624512,-3.662109,8.911133
35868,0.018677,-0.105469,0.992065,-2.380371,-4.089355,7.934570
35878,0.015625,-0.063721,1.044678,-2.319336,-4.516602,5.126953
35890,0.000244,-0.068604,1.071411,-2.685547,-5.065918,4.089355
35899,0.000977,0.054321,1.084717,-2.380371,-5.187988,3.051758
35909,-0.005127,-0.045288,1.020264,-1.647949,-5.187988,1.892090
35919,0.031860,-0.093994,1.016724,-0.915527,-5.187988,0.610352
35928,0.048340,-0.038086,1.029297,-0.549316,-5.187988,-0.671387
35938,0.037842,-0.125610,1.000977,-0.427246,-5.676270,-2.441406
35948,0.036743,-0.176636,0.985962,-0.671387,-5.859375,-4.211426
35960,0.047119,-0.139282,0.947876,-1.281738,-6.530762,-7.324219
35969,0.039551,-0.147461,0.962280,-1.647949,-7.019043,-8.361816
35979,0.071899,-0.042847,1.019287,-2.014160,-6.958008,-9.521484
35988,0.048584,-0.105591,0.981812,-2.258301,-6.774902,-10.131836
35998,0.071899,-0.134644,0.983398,-2.563477,-6.591797,-10.864258
36008,0.085327,-0.005737,1.022217,-2.807617,-6.774902,-11.413574
36019,0.049316,-0.001831,1.002441,-2.563477,-6.591797,-11.535645
36029,0.056519,0.055176,1.067505,-2.197266,-6.042480,-11.169434
36039,0.018677,-0.008057,1.019043,-1.708984,-5.554199,-10.681152
36049,0.020020,-0.078491,1.000244,-1.647949,-5.554199,-10.742188
36058,0.010376,0.036743,1.032959,-1.403809,-5.554199,-10.559082
36069,0.002319,0.003784,1.026733,-1.037598,-5.493164,-9.887695
36078,-0.006714,-0.116577,0.915771,-0.549316,-5.004883,-9.094238
36091,-0.006226,-0.081177,0.921875,-1.098633,-4.150391,-7.385254
36100,-0.014282,-0.082520,0.916016,-1.586914,-3.540039,-6.530762
36110,0.013672,-0.078125,0.938965,-2.014160,-3.051758,-5.187988
36119,-0.008789,-0.077515,0.888428,-2.136230,-2.746582,-4.089355
36129,0.005493,-0.107788,0.958984,-2.502441,-2.441406,-3.295898
36138,-0.021973,-0.061890,0.977417,-2.685547,-2.197266,-2.624512
36148,-0.000977,-0.022095,1.001953,-2.807617,-2.136230,-2.319336
36159,-0.011353,-0.019775,1.028198,-1.892090,-1.892090,-1.953125
36169,-0.008911,-0.049805,1.019287,-1.831055,-1.892090,-2.319336
36179,-0.027466,-0.081543,1.023438,-1.525879,-2.258301,-2.136230
36189,0.001953,-0.100098,0.970459,-1.464844,-2.014160,-2.136230
36198,0.014893,-0.062988,1.036865,-1.647949,-2.014160,-2.685547
36208,0.004150,-0.009155,1.041626,-1.464844,-2.380371,-3.112793
36218,-0.035645,-0.094727,0.978149,-0.854492,-2.380371,-3.417969
36228,0.010376,-0.117798,1.021240,-0.244141,-2.258301,-4.028320
36240,-0.022705,-0.176025,0.940796,-0.122070,-2.197266,-4.272461
36249,-0.011230,-0.188477,1.009399,-0.427246,-1.831055,-4.272461
36259,-0.003052,-0.117310,1.055420,-1.037598,-1.770020,-4.272461
36269,-0.012695,-0.129150,1.006714,-1.342773,-1.403809,-4.272461
36279,-0.012207,-0.087524,1.029419,-1.647949,-1.525879,-4.333496
36288,0.002808,-0.000854,1.104614,-1.831055,-1.403809,-4.455566
36301,0.018188,-0.122437,0.963623,-1.770020,-1.770020,-4.089355
36310,0.012695,-0.057739,1.032104,-1.953125,-1.831055,-4.211426
36320,-0.001831,-0.081909,1.028198,-1.892090,-1.831055,-4.394531
36330,0.027100,-0.127441,0.934814,-1.953125,-1.831055,-4.516602
36339,0.011108,-0.060425,0.988770,-2.380371,-1.647949,-4.699707
36349,0.023071,-0.006714,1.036499,-2.319336,-1.831055,-4.821777
36359,0.031494,-0.058228,0.934814,-2.014160,-1.953125,-5.432129
36369,0.037109,-0.128418,1.007935,-2.075195,-1.892090,-6.591797
36378,0.020386,-0.056274,0.965088,-2.075195,-2.075195,-7.202148
36388,0.004272,-0.142578,0.978638,-2.380371,-2.075195,-7.873535
36398,0.008301,-0.027832,0.997437,-2.502441,-2.136230,-8.605957
36408,-0.007690,-0.014893,1.011597,-2.502441,-2.136230,-9.399414
36419,0.016113,-0.134399,0.980835,-2.197266,-2.075195,-10.314941
36428,-0.004272,-0.085449,1.013428,-2.075195,-2.014160,-10.742188
36438,-0.011719,-0.035889,1.002563,-1.831055,-1.831055,-11.230469
36450,-0.012329,-0.022827,1.006470,-1.831055,-1.464844,-11.108398
36460,-0.018555,0.020142,1.011841,-1.342773,-1.037598,-10.803223
36469,-0.013550,-0.020752,0.961670,-1.098633,-0.610352,-10.131836
36479,-0.015625,0.015991,1.000366,-0.488281,-0.244141,-9.460449
36489,0.015625,-0.049438,0.998779,0.122070,0.183105,-8.544922
36499,-0.005005,-0.156616,0.934082,0.183105,0.549316,-7.751465
36508,-0.004517,-0.135498,0.993408,0.061035,1.037598,-6.103516
36518,0.014404,-0.094604,0.964966,-1.037598,1.403809,-5.126953
36529,-0.016113,-0.071167,0.996338,-1.342773,1.770020,-4.150391
36539,-0.026855,0.020630,1.012939,-1.220703,1.892090,-3.356934
36548,-0.035889,-0.115234,1.022461,-0.915527,2.075195,-2.319336
36558,-0.016357,-0.179077,0.934448,-0.488281,2.075195,-1.770020
36569,-0.024292,-0.085937,1.002319,-0.915527,2.380371,-1.342773
36578,-0.007080,-0.124146,1.061279,-1.708984,2.502441,-0.122070
36588,-0.010498,-0.112793,0.976685,-1.525879,2.502441,0.549316
36599,-0.031006,-0.089600,1.019653,-1.403809,2.807617,1.586914
36608,-0.022827,-0.117676,1.012939,-1.342773,2.990723,2.136230
36618,-0.029785,-0.076782,0.980469,-1.586914,3.295898,2.746582
36629,-0.019409,-0.103271,0.975586,-1.403809,3.173828,3.845215
36638,-0.053833,-0.118286,0.921875,-1.647949,3.295898,4.760742
36651,-0.048706,-0.051025,1.000732,-1.708984,3.662109,6.469727
36660,-0.048218,-0.133545,0.929565,-1.892090,3.479004,7.446289
36670,-0.048584,-0.101807,0.990845,-2.136230,3.417969,8.300781
36679,-0.045898,-0.091187,1.024292,-2.441406,3.479004,8.728027
36689,-0.013672,-0.122437,0.971802,-2.624512,3.417969,9.033203
36698,-0.013794,-0.041748,1.017090,-2.563477,3.356934,9.277344
36709,-0.003052,-0.023193,1.058716,-2.441406,3.112793,9.582520
36718,-0.031616,-0.113647,0.968750,-1.892090,2.868652,9.399414
36730,0.019409,-0.085571,1.034424,-1.464844,2.929688,9.033203
36739,-0.010254,-0.136597,0.980957,-1.647949,2.441406,8.300781
36749,0.015869,-0.067261,1.026978,-1.647949,2.075195,7.690430
36758,0.018799,-0.078857,1.015259,-1.342773,1.953125,6.896973
36769,0.020264,-0.148437,0.962769,-1.586914,1.464844,6.042480
36778,-0.014038,-0.043213,1.055176,-1.708984,0.793457,4.882812
36788,-0.004517,-0.027344,1.028687,-1.647949,0.366211,3.784180
36799,-0.023193,-0.070679,1.004761,-1.953125,0.000000,1.586914
36809,-0.026855,-0.046997,1.022217,-1.831055,-0.244141,0.671387
36819,-0.023193,-0.105103,0.968506,-1.892090,-0.305176,0.244141
36828,-0.012329,-0.001343,1.091919,-2.014160,-0.366211,-0.488281
36838,0.002686,-0.020630,1.040283,-1.892090,-0.366211,-0.549316
36849,-0.003174,-0.090332,0.999512,-1.525879,-0.183105,-0.427246
36858,-0.027588,-0.000854,1.061646,-1.037598,0.061035,-0.671387
36868,-0.013184,-0.047607,1.010010,-0.854492,0.244141,-0.610352
36879,-0.013550,-0.092407,0.959595,-0.610352,0.366211,-0.793457
36888,0.000000,-0.117065,0.965088,-0.549316,0.366211,-1.159668
36898,0.002197,-0.137695,0.889160,-0.976562,0.061035,-1.342773
36909,-0.006714,-0.095093,0.928711,-1.342773,0.244141,-1.464844
36918,-0.011841,-0.068481,0.906372,-1.464844,0.366211,-1.220703
36928,-0.000610,-0.118408,0.919556,-1.403809,0.183105,-0.305176
36940,-0.004150,-0.006470,1.019409,-1.647949,0.610352,-0.122070
36949,0.008057,-0.060425,1.027466,-1.586914,0.427246,0.305176
36958,0.003784,-0.047729,1.008667,-1.403809,0.061035,0.122070
36968,-0.015869,-0.013428,0.993042,-0.854492,0.366211,0.122070
36979,0.004883,-0.109985,0.999756,-0.549316,0.549316,0.305176
36988,0.010010,-0.138550,0.981445,-0.549316,0.427246,0.183105
37001,0.022217,-0.010376,1.000000,-1.281738,0.549316,-0.610352
37010,0.013794,-0.009644,1.036865,-1.281738,0.183105,-0.915527
37020,-0.003540,0.020386,1.040894,-0.488281,0.183105,-1.342773
37030,0.010376,-0.066650,0.989380,0.427246,0.183105,-1.586914
37039,-0.013550,-0.139160,0.988892,0.915527,-0.061035,-2.014160
37049,-0.025757,-0.078857,1.025513,0.915527,-0.488281,-2.807617
37058,-0.013916,-0.135254,1.004761,0.915527,0.000000,-2.868652
37068,-0.005127,-0.158325,1.015015,0.793457,0.244141,-2.746582
37080,-0.000488,-0.056885,1.022583,0.244141,0.366211,-2.746582
37089,0.014160,-0.089844,1.026367,0.244141,0.671387,-2.502441
37099,0.012207,-0.040283,1.019775,0.366211,0.793457,-2.746582
37108,0.001953,-0.065430,1.017822,0.366211,0.488281,-2.746582
37119,-0.009766,-0.131836,0.966553,0.427246,0.488281,-2.990723
37128,-0.025391,-0.120117,0.972900,0.122070,0.488281,-2.868652
37138,-0.002930,-0.083496,1.014771,-0.061035,0.671387,-2.258301
37150,-0.002197,-0.074341,0.975830,-0.427246,0.915527,-1.403809
37159,0.010986,-0.012939,0.982910,-0.488281,1.037598,-0.549316
37169,0.036377,-0.113159,1.020874,-0.366211,1.281738,0.183105
37178,0.010742,-0.140137,0.969604,-0.549316,1.403809,0.671387
37189,-0.020142,-0.081787,0.982422,-1.281738,1.342773,0.976562
37198,-0.004639,-0.098755,1.005859,-1.586914,1.525879,1.403809
37211,-0.022705,-0.048340,0.978271,-1.647949,1.831055,1.892090
37220,-0.026489,-0.093018,0.980713,-1.770020,1.770020,1.586914
37230,-0.029907,-0.086060,0.984619,-2.014160,1.525879,1.647949
37239,-0.029907,-0.048706,0.976074,-2.197266,1.403809,1.770020
37249,-0.022705,-0.025879,0.956055,-2.197266,1.464844,1.647949
37259,-0.029663,-0.042114,0.994873,-2.258301,1.647949,1.953125
37268,-0.012817,-0.013062,1.006104,-2.075195,1.831055,2.197266
37281,-0.008911,0.023560,1.057739,-0.976562,2.075195,2.868652
37290,-0.016602,-0.064331,0.994019,-0.671387,2.075195,3.234863
37299,-0.013916,-0.118164,0.993042,-0.427246,2.563477,3.417969
37309,-0.028809,-0.088379,1.041260,-0.732422,2.502441,3.906250
37319,0.005859,-0.102051,0.965210,-0.976562,2.624512,4.394531
37328,-0.017822,-0.104004,1.000366,-1.220703,2.380371,4.821777
37338,-0.019897,-0.001343,1.015015,-1.403809,2.258301,5.187988
37348,-0.033569,-0.040405,1.007935,-0.976562,2.136230,6.347656
37358,-0.015625,-0.117188,1.034790,-0.976562,2.319336,7.202148
37369,-0.030029,-0.061523,1.029053,-0.976562,2.563477,7.995605
37378,-0.037354,-0.069092,1.054077,-0.915527,2.685547,8.728027
37389,-0.026245,-0.007446,1.053467,-0.488281,3.051758,10.009766
37398,-0.005249,-0.084595,0.996582,-0.122070,3.112793,10.742188
37408,-0.033569,-0.159302,1.030273,-0.305176,2.868652,10.986328
37421,-0.034180,-0.126587,0.991699,-0.793457,2.685547,11.108398
37430,-0.013916,-0.182617,0.978027,-1.159668,2.502441,11.108398
37440,-0.023804,-0.065796,1.002563,-1.159668,2.258301,10.986328
37449,0.005371,-0.042847,1.015259,-1.159668,1.892090,10.986328
37459,-0.007324,-0.123901,0.996704,-1.220703,1.953125,11.108398
37469,-0.004517,-0.110352,1.002441,-0.915527,1.586914,10.681152
37478,0.003296,-0.122070,0.993774,-0.915527,1.159668,10.375977
37491,-0.003662,-0.160278,0.953735,-1.647949,0.671387,8.117676
37501,0.036133,-0.089233,1.035278,-1.708984,0.122070,7.324219
37510,0.015991,-0.147339,0.949829,-1.464844,-0.549316,6.103516
37520,0.028809,-0.189331,0.961792,-1.037598,-0.915527,4.821777
37530,0.038696,-0.140381,0.947144,-0.671387,-1.159668,3.845215
37539,0.083008,-0.166138,0.956787,-0.915527,-1.525879,2.685547
37549,0.055176,-0.179810,0.995239,-0.915527,-2.014160,1.403809
37558,0.081909,-0.106201,0.993164,-0.854492,-2.258301,-1.403809
37568,0.070435,-0.175537,0.980713,-0.122070,-3.173828,-2.746582
37579,0.091431,-0.127930,0.967285,-0.366211,-3.540039,-4.028320
37589,0.061157,-0.135376,1.006226,-0.671387,-4.028320,-4.943848
37598,0.044678,-0.113037,0.945312,-0.732422,-3.906250,-5.432129
37609,0.099609,-0.108643,0.928345,-0.488281,-4.211426,-5.249023
37618,0.138672,-0.128174,0.939087,-0.671387,-4.272461,-5.493164
37628,0.105225,-0.149292,0.945312,-1.159668,-5.187988,-6.774902
37638,0.112549,-0.072388,1.040894,-1.464844,-5.432129,-7.263184
37649,0.118164,-0.057129,1.037109,-1.159668,-5.737305,-7.507324
37659,0.070068,-0.059326,1.007080,-1.098633,-6.103516,-7.751465
37668,0.067261,-0.025024,1.006348,-1.037598,-5.798340,-7.629395
37678,0.051758,-0.020996,1.026855,-1.098633,-5.554199,-7.019043
37689,0.049072,-0.027954,1.025024,-0.671387,-5.249023,-6.530762
37698,0.013794,-0.058716,0.986084,-0.366211,-5.310059,-5.676270
37710,-0.040039,-0.069214,0.938599,-0.610352,-5.004883,-5.187988
37720,-0.014526,-0.076538,0.964355,-0.732422,-4.760742,-4.882812
37729,-0.079712,-0.088501,0.906616,-0.976562,-4.638672,-4.150391
37739,-0.078735,-0.088013,0.961548,-1.403809,-3.845215,-3.112793
37748,-0.102783,-0.053711,1.013306,-1.831055,-3.295898,-2.014160
37758,-0.075806,-0.067017,1.046753,-2.136230,-3.112793,-0.610352
37771,-0.079834,-0.024048,1.058472,-2.319336,-2.441406,1.037598
37780,-0.087524,-0.048462,0.973145,-1.953125,-1.953125,1.647949
37790,-0.022827,-0.052734,1.006348,-1.892090,-1.403809,1.403809
37800,-0.048584,-0.033325,1.024780,-2.075195,-1.953125,0.488281
37810,-0.060181,0.000732,1.044434,-2.075195,-1.953125,-0.305176
37820,-0.097656,0.059204,1.083130,-1.770020,-1.770020,-1.403809
37829,-0.093262,0.048218,1.079102,-0.915527,-1.281738,-2.197266
37839,-0.078491,-0.034180,1.028076,0.122070,-1.220703,-4.150391
37848,-0.094727,-0.084595,1.001587,0.000000,-1.281738,-5.004883
37859,-0.076782,-0.067627,1.004517,-0.366211,-0.854492,-5.737305
37868,-0.062378,0.007446,1.049438,-0.488281,-0.244141,-5.859375
37878,-0.083496,0.062988,1.081299,-0.305176,0.305176,-5.737305
37889,-0.077393,0.048462,1.023560,0.122070,1.037598,-5.493164
37899,-0.096924,-0.042114,0.940063,0.366211,1.464844,-5.187988
37908,-0.058960,-0.139404,0.833618,-0.366211,1.403809,-5.859375
37920,-0.058350,-0.125854,0.891357,-0.793457,1.708984,-6.347656
37930,-0.027222,-0.054443,0.854004,-1.586914,1.892090,-6.835937
37939,0.016113,0.031860,0.991455,-2.197266,2.319336,-7.202148
37949,-0.011841,0.009155,0.950195,-2.197266,2.563477,-7.202148
37959,-0.001709,-0.036987,0.951172,-1.770020,2.563477,-7.263184
37969,0.019043,-0.037720,0.930176,-1.770020,2.685547,-7.446289
37978,0.031250,-0.046021,0.937012,-2.014160,2.868652,-6.958008
37988,0.053345,-0.011475,0.954224,-2.563477,2.685547,-6.591797
37999,0.036621,0.053467,1.021729,-2.319336,2.807617,-5.615234
38008,0.085937,0.035645,1.016235,-2.014160,3.112793,-3.906250
38019,0.098511,-0.017944,0.992554,-1.647949,2.990723,-2.258301
38028,0.140259,-0.034180,1.026489,-1.708984,2.380371,-0.915527
38039,0.107178,-0.048828,1.015015,-1.770020,1.647949,-0.061035
38048,0.108276,-0.066040,1.025024,-1.770020,0.915527,1.647949
38058,0.074097,-0.079956,1.054688,-1.220703,1.098633,2.319336
38069,0.001343,-0.077637,1.057373,-1.159668,1.708984,3.784180
38078,-0.017944,-0.039429,1.053223,-1.220703,2.136230,5.126953
38089,0.003296,-0.015015,1.100586,-1.037598,2.075195,5.615234
38098,-0.037598,-0.091797,1.047607,-0.488281,2.197266,6.286621
38109,0.027466,-0.184937,1.035034,-0.366211,2.441406,6.835937
38118,-0.050293,-0.167236,0.993530,-0.244141,2.563477,6.286621
38130,-0.068481,-0.126465,0.960205,-0.610352,1.403809,5.737305
38139,-0.041626,-0.101807,0.993042,-0.854492,1.525879,5.493164
38149,-0.028564,-0.082764,0.973633,-0.732422,1.647949,5.554199
38158,-0.054932,-0.074951,0.979370,-1.037598,1.281738,5.126953
38168,-0.062012,-0.103149,0.936646,-0.793457,1.403809,5.249023
38179,-0.051392,-0.126953,0.925537,-1.098633,1.586914,5.065918
38188,-0.067749,-0.141113,0.936157,-1.464844,1.525879,4.028320
38200,-0.064697,-0.072876,0.976196,-2.319336,1.403809,3.417969
38209,-0.061157,-0.098145,0.997681,-2.197266,1.403809,2.929688
38219,-0.060303,-0.112427,0.979980,-2.075195,1.770020,3.173828
38228,-0.091919,-0.087769,0.993530,-2.441406,2.075195,3.234863
38238,-0.080444,-0.155396,0.941650,-2.807617,2.563477,4.028320
38249,-0.065308,-0.088501,0.962769,-3.173828,2.929688,4.943848
38258,-0.093018,-0.066284,0.969727,-3.356934,3.234863,6.469727
38268,-0.066040,-0.070312,1.006104,-3.662109,3.601074,7.507324
38279,-0.021484,-0.086060,1.054565,-3.601074,3.784180,8.239746
38289,-0.044922,-0.129517,1.007935,-3.295898,3.723145,9.155273
38298,-0.002808,-0.100220,0.960449,-2.868652,3.906250,9.948730
38309,-0.009521,-0.091553,0.978638,-2.929688,3.784180,10.498047
38318,0.010986,-0.063354,1.019775,-3.051758,3.662109,10.742188
38328,-0.028320,-0.008057,1.022583,-2.624512,3.784180,11.962891
38340,-0.033813,-0.030884,1.015259,-0.671387,3.356934,12.451172
38349,-0.006836,-0.125977,1.020874,0.000000,3.479004,13.061523
38358,0.022705,-0.130493,0.972656,0.427246,3.417969,13.610840
38369,0.028076,-0.118896,1.029297,0.549316,2.624512,13.427734
38378,0.062744,-0.086304,0.976196,0.732422,2.136230,12.878418
38389,0.082153,-0.104370,0.994385,0.915527,1.831055,12.329102
38400,0.113647,-0.204590,0.904053,0.671387,0.793457,9.399414
38409,0.116455,-0.115479,0.964233,-1.098633,-1.220703,7.751465
38419,0.105835,-0.084473,0.977905,-1.831055,-1.770020,6.103516
38429,0.128540,-0.118408,0.938599,-2.136230,-2.624512,4.760742
38438,0.109253,-0.114136,0.941040,-2.258301,-3.173828,4.272461
38448,0.110107,-0.082275,0.977173,-2.746582,-3.662109,4.089355
38459,0.106323,-0.064575,1.011719,-3.173828,-3.967285,4.211426
38468,0.109497,0.004761,1.057983,-3.295898,-5.187988,3.784180
38478,0.103638,0.019043,1.023804,-3.112793,-5.859375,3.784180
38489,0.063965,-0.055420,1.026489,-3.051758,-6.103516,4.150391
38499,0.053711,-0.018799,1.001465,-3.112793,-6.347656,4.028320
38508,0.061401,-0.015015,1.002441,-3.173828,-6.530762,3.845215
38518,0.066895,0.017090,0.934937,-3.112793,-6.530762,3.601074
38529,0.067871,-0.020508,0.943604,-3.112793,-6.835937,2.929688
38538,0.048584,-0.042358,0.962036,-3.051758,-7.080078,1.037598
38550,-0.022339,-0.019409,1.029053,-3.112793,-7.263184,-0.427246
38560,-0.048340,0.022705,1.032104,-3.295898,-7.385254,-2.197266
38570,-0.035522,0.055176,0.987915,-3.356934,-7.568359,-3.784180
38579,-0.033936,0.084106,1.024902,-2.929688,-7.690430,-5.371094
38589,-0.060547,0.082520,1.043579,-2.502441,-7.751465,-6.530762
38598,-0.087769,0.058838,1.027222,-2.502441,-7.507324,-7.446289
38608,-0.094971,0.036987,1.054321,-2.380371,-6.774902,-9.399414
38620,-0.189575,0.141602,1.013184,-2.136230,-5.981445,-10.498047
38630,-0.175171,0.110229,1.004150,-1.953125,-5.126953,-11.474609
38639,-0.189087,0.096924,1.032837,-2.014160,-4.211426,-13.061523
38649,-0.242920,0.104736,1.023438,-2.014160,-3.112793,-14.587402
38659,-0.265747,0.164429,1.077759,-1.525879,-2.258301,-16.601562
38668,-0.327271,0.201294,1.080811,-1.037598,-1.281738,-18.920898
38678,-0.354248,0.141113,0.993774,-0.732422,0.061035,-23.559570
38690,-0.314819,0.082275,0.973389,-0.671387,2.380371,-25.695801
38699,-0.298096,0.129395,0.937256,-0.183105,3.662109,-27.160645
38709,-0.263672,0.072754,0.950806,0.000000,5.493164,-27.893066
38718,-0.283569,0.039551,0.947510,0.305176,8.117676,-27.893066
38729,-0.333008,0.031494,0.967773,0.549316,10.375977,-27.893066
38738,-0.346436,0.074219,1.052002,0.122070,12.817383,-28.015137
38748,-0.379395,0.069580,1.058472,-0.427246,30.700684,-28.259277
38760,-0.396484,0.189209,0.856201,-0.366211,17.761230,-28.381348
38769,-0.373413,0.140015,0.832642,0.488281,19.348145,-27.832031
38779,-0.343140,0.022705,0.867920,1.220703,21.423340,-26.489258
38789,-0.310303,0.016235,0.931030,0.915527,23.803711,-24.536133
38799,0.449463,-0.257324,1.099243,0.183105,26.489258,-22.033691
38809,1.061157,-0.560059,0.854370,-1.220703,27.648926,-17.578125
38819,0.656738,-0.514404,1.011597,-2.136230,17.578125,-7.446289
38828,0.170166,-0.231079,0.440796,2.136230,14.648438,-4.882812
38839,0.335938,-0.752563,0.860352,5.676270,16.357422,0.732422
38848,0.647095,-1.208862,1.404419,5.554199,19.775391,8.239746
38859,0.426880,-1.169312,1.277466,2.319336,20.874023,13.671875
38868,0.315308,-0.871582,0.835815,-1.281738,19.348145,15.625000
38879,0.241089,-0.678467,1.104858,-2.685547,17.639160,17.456055
38888,0.125488,-0.736816,1.212280,-1.403809,13.122559,15.075684
38900,0.234985,-0.825073,1.069702,1.586914,11.840820,14.648438
38909,0.282349,-0.720825,1.046997,0.854492,10.620117,14.282227
38918,0.315796,-0.515259,0.887817,0.061035,8.666992,13.366699
38929,0.309937,-0.514404,0.882812,-0.061035,6.896973,13.061523
38938,0.342285,-0.417358,0.929443,-0.427246,5.249023,12.512207
38949,0.308594,-0.291626,0.913940,-1.586914,3.662109,11.169434
38958,0.214966,-0.019287,1.037109,-2.380371,1.525879,9.216309
38970,0.086060,0.043823,1.022339,-1.403809,1.403809,8.483887
38979,0.069092,-0.065063,1.097046,-0.305176,1.953125,9.033203
38989,0.057129,-0.075195,1.093506,0.061035,1.831055,9.460449
38998,0.018799,-0.050659,1.119141,-0.244141,1.770020,9.277344
39009,0.001587,-0.106445,1.022095,-0.671387,1.220703,8.483887
39018,0.008057,-0.081787,0.980469,-0.793457,0.427246,6.958008
39030,0.059814,-0.179199,0.896484,-0.122070,-1.708984,3.601074
39040,0.094360,-0.156250,1.006836,-0.610352,-2.197266,2.502441
39050,0.081665,-0.155518,0.943726,-1.220703,-2.197266,2.136230
39059,0.122070,0.003784,0.964355,-1.464844,-1.525879,2.929688
39069,0.061523,0.005127,0.965088,-1.281738,-1.098633,4.333496
39078,0.094360,0.004150,1.124756,-1.098633,-0.854492,5.920410
39089,0.124756,0.021118,1.078369,-0.671387,-0.610352,7.934570
39098,0.146240,0.068359,0.940674,-0.427246,-1.037598,13.183594
39110,0.184570,0.091797,0.974365,-0.549316,-1.892090,15.625000
39119,0.187744,0.201416,1.052368,-0.183105,-2.319336,18.066406
39129,0.218140,0.130737,0.989990,0.061035,-2.807617,20.446777
39138,0.210937,0.084961,1.067749,0.000000,-3.845215,22.399902
39149,0.197754,0.150391,1.107300,-0.244141,-4.760742,23.803711
39158,0.209717,0.168091,1.085083,-0.610352,-5.493164,24.902344
39171,0.214600,0.175781,1.108032,0.488281,-7.202148,26.062012
39180,0.160034,0.234009,1.026367,0.793457,-8.483887,25.268555
39189,0.158569,0.127808,1.025635,1.037598,-9.521484,24.108887
39199,0.186646,0.058228,1.054321,0.915527,-10.925293,22.399902
39208,0.166748,0.183838,0.978760,0.244141,-12.451172,20.263672
39219,0.164673,0.104736,1.067383,-0.122070,-13.366699,18.554687
39229,0.155518,0.069702,1.028687,-0.244141,-14.038086,17.089844
39238,0.078003,0.020020,1.108887,-1.037598,-14.038086,14.221191
39250,-0.033203,-0.035522,1.039795,-1.464844,-14.160156,12.207031
39259,-0.058716,0.017212,0.928711,-1.708984,-14.648438,9.399414
39269,-0.066650,-0.066406,0.881836,-1.220703,-14.953613,6.591797
39278,-0.028809,-0.183960,0.964111,-0.793457,-15.502930,3.784180
39289,-0.012939,-0.072876,0.912598,-0.793457,-16.601562,0.671387
39298,0.020508,-0.139404,0.851807,-0.854492,-17.272949,-1.525879
39308,0.022827,-0.257446,0.917603,-0.610352,-18.432617,-3.601074
39320,0.024048,-0.257202,0.921997,-0.488281,-18.432617,-3.723145
39329,0.028198,-0.303955,0.940552,-0.427246,-18.127441,-3.356934
39339,0.018921,-0.234863,0.972412,-0.305176,-18.371582,-2.502441
39349,0.040649,-0.240112,1.039063,0.183105,-18.066406,-1.281738
39358,0.038940,-0.288696,0.995605,0.854492,-18.066406,0.122070
39369,0.041504,-0.284790,0.954346,1.098633,-18.371582,1.342773
39378,0.058594,-0.383911,0.925171,0.976562,-17.822266,5.310059
39390,0.021484,-0.361938,0.816284,0.244141,-17.578125,7.324219
39399,-0.017090,-0.406982,0.820923,-0.122070,-17.211914,9.887695
39409,-0.030029,-0.368286,0.851440,-0.488281,-16.906738,12.023926
39418,-0.044312,-0.367310,0.823608,-0.793457,-16.052246,14.160156
39428,-0.036987,-0.349976,0.958252,-0.976562,-15.869141,16.174316
39439,-0.090698,-0.357178,1.003540,-0.793457,-15.930176,17.517090
39449,-0.101440,-0.379517,0.981445,-0.122070,-17.272949,18.493652
39458,-0.112427,-0.502686,0.930664,-0.183105,-17.395020,18.432617
39469,-0.161011,-0.476074,0.900513,-0.732422,-17.089844,18.432617
39479,-0.186646,-0.417969,0.893066,-1.525879,-16.418457,18.310547
39488,-0.231689,-0.431152,0.896851,-1.770020,-15.563965,18.188477
39498,-0.255371,-0.536499,0.807251,-1.831055,-15.441895,17.517090
39509,-0.242554,-0.459717,0.856323,-1.708984,-14.648438,16.784668
39518,-0.303467,-0.526978,0.817993,-2.319336,-13.244629,15.380859
39528,-0.318481,-0.430420,0.965088,-3.540039,-12.756348,14.831543
39539,-0.327393,-0.290283,1.081299,-4.455566,-12.695313,13.793945
39548,-0.343384,-0.399902,0.923340,-4.760742,-12.268066,12.451172
39558,-0.394409,-0.165283,0.962891,-5.004883,-11.291504,11.230469
39568,-0.363159,-0.294312,0.972656,-4.821777,-10.070801,9.826660
39579,-0.469360,-0.283081,0.878540,-4.882812,-8.666992,7.812500
39589,-0.432983,-0.255249,0.993286,-5.432129,-6.469727,3.906250
39598,-0.402588,-0.097412,1.033203,-5.065918,-5.798340,1.953125
39608,-0.297974,-0.046875,1.157104,-4.699707,-6.225586,-0.732422
39619,-0.329224,-0.089966,1.109253,-4.577637,-6.469727,-3.112793
39629,-0.318848,0.055542,1.114014,-4.516602,-5.615234,-4.516602
39638,-0.265015,0.122192,1.085693,-4.150391,-4.211426,-5.371094
39648,-0.287842,0.077148,1.005371,-4.089355,-2.746582,-6.408691
39660,-0.250000,0.043213,1.079102,-3.967285,-1.220703,-7.019043
39670,-0.211670,0.080811,1.080811,-3.723145,0.427246,-10.131836
39679,-0.204956,0.156128,1.001343,-3.784180,0.183105,-13.366699
39689,-0.231201,0.092407,0.955444,-3.906250,-0.183105,-17.089844
39698,-0.183350,0.142456,1.035889,-4.211426,0.000000,-20.629883
39709,-0.141602,0.077026,0.997925,-4.455566,0.305176,-23.620605
39718,-0.086914,0.261963,1.060669,-4.455566,0.793457,-26.245117
39728,-0.126465,0.196655,0.929565,-3.845215,3.112793,-27.954102
39740,-0.058960,0.109009,0.934448,-3.112793,4.577637,-27.526855
39750,0.004761,0.087646,0.947632,-2.929688,5.676270,-27.526855
39759,-0.000610,0.080933,0.914185,-2.746582,5.859375,-28.259277
39769,-0.019897,0.050537,0.916626,-2.685547,5.432129,-29.113770
39778,-0.009521,-0.018188,0.955811,-2.746582,5.187988,-29.724121
39788,0.005127,-0.013062,1.037842,-2.563477,5.859375,-29.785156
39801,0.024292,-0.063721,0.924805,-2.319336,7.751465,-28.686523
39810,0.057983,-0.069946,0.970215,-1.953125,8.544922,-27.709961
39820,0.060059,-0.028931,1.034424,-1.892090,9.033203,-26.794434
39830,0.052979,0.014648,1.045288,-1.281738,9.216309,-26.367187
39839,0.016846,-0.098877,1.035889,-0.122070,9.399414,-26.062012
39849,0.012451,-0.125000,1.032349,1.342773,9.826660,-25.268555
39858,0.005493,-0.273926,0.960693,2.197266,10.314941,-24.414062
39871,-0.183350,-0.316406,1.007324,2.075195,11.047363,-23.132324
39880,-0.226807,-0.159912,1.094604,2.319336,13.061523,-21.972656
39890,-0.216431,-0.261108,0.965332,3.173828,15.197754,-20.812988
39900,-0.155762,-0.276978,1.039673,4.150391,16.540527,-19.897461
39909,-0.155029,-0.449463,0.918701,4.760742,17.272949,-18.737793
39919,-0.145020,-0.262329,0.968994,4.455566,18.249512,-17.639160
39929,-0.170044,-0.329590,0.817505,4.882812,19.104004,-16.235352
39938,-0.136353,-0.270508,0.949951,5.432129,21.789551,-12.512207
39950,-0.234497,-0.450684,0.969360,6.408691,22.644043,-11.352539
39960,-0.219971,-0.596069,0.881958,6.164551,24.047852,-9.704590
39969,-0.124268,-0.590820,0.867187,5.493164,25.512695,-7.995605
39979,-0.077271,-0.673096,0.877563,4.516602,26.000977,-6.835937
39988,-0.091064,-0.747559,0.818481,3.479004,26.062012,-5.981445
40000,-0.054077,-0.726929,0.832764,1.464844,26.977539,-2.563477
40010,0.059814,-0.566406,0.874146,0.488281,27.404785,0.488281
40019,0.106445,-0.650146,0.856689,-0.061035,27.587891,3.112793
40029,0.152710,-0.571533,0.904175,-0.366211,27.648926,5.859375
40038,0.182007,-0.574463,1.003296,0.061035,27.404785,9.460449
40049,0.153687,-0.678833,0.988770,0.610352,26.672363,12.451172
40058,0.199341,-0.714966,0.977539,1.037598,25.817871,15.075684
40069,0.250000,-0.705078,1.031738,0.976562,24.902344,17.700195
40078,0.289551,-0.654785,1.094971,0.732422,21.606445,22.399902
40090,0.397705,-0.569336,0.952026,0.915527,20.019531,24.780273
40099,0.484253,-0.610107,1.019165,1.525879,17.578125,27.160645
40109,0.492310,-0.546265,1.048584,1.342773,14.648438,28.869629
40118,0.491577,-0.452393,1.004761,1.281738,11.840820,30.334473
40129,0.523560,-0.356079,1.031738,1.342773,9.033203,31.555176
40138,0.553955,-0.393188,0.969238,1.220703,6.164551,32.897949
40150,0.570435,-0.224976,1.070068,-1.037598,-0.976562,33.691406
40160,0.579712,-0.102661,1.141602,-1.831055,-4.516602,33.142090
40170,0.525635,-0.109375,1.177246,-1.892090,-7.324219,32.409668
40179,0.525146,-0.241211,1.204834,-2.014160,-10.131836,31.433105
40189,0.474365,-0.238037,1.231934,-2.990723,-12.634277,30.090332
40198,0.510498,-0.059570,1.280396,-4.516602,-14.953613,28.747559
40209,0.381592,0.284668,1.237305,-5.249023,-17.395020,26.489258
40218,0.114990,0.478638,1.084351,-2.136230,-20.324707,20.812988
40228,-0.388672,0.510376,0.950195,0.061035,-20.324707,16.113281
40239,-0.742798,0.370483,1.001343,1.647949,-19.165039,9.887695
40249,-0.723267,0.254395,1.003296,1.770020,-16.906738,2.624512
40259,-0.711304,0.341064,1.041382,0.976562,-13.366699,-3.784180
40269,-0.510132,0.499878,1.066772,0.976562,-11.169434,-8.728027
40279,-0.315063,0.568115,1.012085,1.831055,-11.596680,-13.854980
40288,-0.078491,0.543335,0.984741,2.319336,-14.038086,-19.104004
40300,0.197510,0.215576,0.963379,0.854492,-12.756348,-17.700195
40309,0.655151,0.274780,1.038696,-0.244141,-11.230469,-15.014648
40319,0.802368,0.276367,1.032959,-0.122070,-11.718750,-11.718750
40328,0.649292,0.143921,0.955322,0.610352,-14.343262,-9.582520
40339,0.584473,-0.152466,0.910400,0.244141,-16.235352,-8.483887
40349,0.416382,-0.164429,0.948242,-1.403809,-16.662598,-7.324219
40358,0.270630,-0.023560,1.001343,-2.624512,-19.470215,-8.422852
40370,0.057007,0.099976,0.897949,-1.403809,-19.287109,-8.178711
40379,-0.023315,-0.010498,0.909058,-0.976562,-18.371582,-7.629395
40389,-0.115845,0.001099,0.917725,-1.403809,-17.639160,-7.019043
40399,-0.187256,0.048706,1.055664,-1.647949,-16.662598,-6.347656
40409,-0.199097,0.164307,1.070679,-1.342773,-15.625000,-5.126953
40419,-0.251099,0.000732,0.993286,-0.366211,-14.892578,-4.211426
40428,-0.317383,-0.199585,0.817017,0.000000,-12.207031,-3.234863
40439,-0.289307,-0.010498,0.980835,-0.488281,-11.474609,-3.662109
40449,-0.279297,-0.159790,0.794556,-0.305176,-10.986328,-4.882812
40459,-0.258667,-0.277832,0.803101,-0.610352,-10.620117,-6.530762
40468,-0.255615,-0.245483,0.775513,-0.854492,-10.253906,-7.995605
40479,-0.220825,-0.286499,0.872925,-1.220703,-9.399414,-9.948730
40489,-0.182495,-0.183228,0.981323,-1.892090,-8.178711,-12.145996
40499,-0.204346,-0.283569,0.944946,-2.075195,-6.347656,-12.817383
40508,-0.161499,-0.183228,0.926025,-2.746582,-4.821777,-12.817383
40518,-0.178223,-0.242432,0.920654,-3.479004,-3.601074,-12.451172
40529,-0.131226,-0.152100,1.035889,-3.723145,-3.051758,-11.840820
40539,-0.024780,-0.033813,1.188477,-3.417969,-2.319336,-10.864258
40548,-0.048950,-0.236084,1.076416,-3.051758,-1.770020,-9.460449
40560,0.008423,-0.316040,1.032227,-3.051758,-0.305176,-7.690430
40570,-0.034424,-0.104980,1.054321,-3.173828,0.000000,-7.690430
40580,-0.100952,-0.343750,0.965454,-3.479004,0.122070,-8.483887
40589,-0.063477,-0.272461,0.925049,-4.089355,-0.244141,-10.131836
40599,-0.049194,-0.029297,0.990601,-4.699707,-0.061035,-11.230469
40609,-0.013916,0.056396,0.985596,-5.310059,-0.183105,-11.901855
40619,0.018433,-0.005981,1.084351,-5.798340,-0.061035,-11.901855
40628,0.041626,0.056152,1.141235,-5.615234,-0.061035,-11.352539
40641,0.010376,-0.014038,1.023193,-3.906250,1.220703,-8.483887
40650,0.005859,-0.048950,0.998535,-3.479004,1.831055,-7.141113
40660,-0.007324,-0.057251,1.008545,-3.601074,2.319336,-5.859375
40669,-0.106812,-0.077148,0.957886,-3.723145,2.746582,-5.310059
40679,-0.162720,-0.220703,0.817261,-3.723145,2.868652,-4.760742
40689,-0.198975,-0.073364,0.876343,-4.150391,3.601074,-3.967285
40700,-0.202393,0.102295,0.953003,-4.699707,5.493164,-3.051758
40710,-0.214478,0.006836,0.977661,-4.821777,5.920410,-2.807617
40719,-0.166504,0.069824,1.019043,-4.455566,6.347656,-2.563477
40729,-0.091797,-0.094116,0.947754,-3.479004,7.324219,-2.075195
40739,-0.028564,-0.132812,0.863159,-3.417969,7.751465,-1.525879
40749,0.036377,0.129150,1.034912,-3.479004,7.629395,-1.464844
40759,0.024414,0.064697,1.044434,-2.685547,6.958008,-1.892090
40769,0.020874,-0.263306,0.906372,-1.708984,6.530762,-2.807617
40780,0.104492,-0.102173,1.035522,-0.793457,5.554199,-4.821777
40790,0.118530,-0.280396,0.917603,-0.305176,4.638672,-5.920410
40799,0.063599,-0.210327,0.971802,-0.061035,3.540039,-6.896973
40809,0.054321,-0.041382,1.062256,-0.244141,3.051758,-7.629395
40819,0.094116,-0.110229,1.005127,0.000000,3.295898,-7.690430
40829,0.105469,-0.292358,0.969360,0.549316,4.211426,-7.385254
40841,0.069092,-0.024902,1.083618,-0.244141,4.516602,-7.080078
40851,-0.047607,-0.119995,1.108643,-0.061035,3.845215,-7.385254
40860,-0.039917,-0.127686,1.028198,0.427246,3.784180,-7.995605
40870,-0.032959,-0.091431,1.036133,0.976562,4.089355,-8.544922
40880,-0.043457,0.041138,1.047607,0.976562,3.967285,-8.972168
40889,-0.086914,-0.090820,1.051147,1.037598,4.150391,-9.277344
40899,-0.107178,-0.142578,0.978638,1.037598,4.638672,-9.216309
40911,-0.057739,0.054321,1.087646,1.403809,6.164551,-8.117676
40921,-0.060059,-0.104248,1.120972,1.525879,7.141113,-7.080078
40931,-0.067749,-0.272705,1.020508,1.831055,7.812500,-6.225586
40940,-0.012817,-0.194702,0.898804,1.770020,8.361816,-5.371094
40950,0.004272,0.045654,1.029053,1.525879,8.666992,-4.089355
40959,0.049072,0.012207,1.023071,1.831055,8.789063,-2.502441
40969,0.029907,-0.349365,0.927124,1.831055,8.605957,-0.915527
40979,0.028442,-0.245483,0.856079,1.342773,8.911133,2.563477
40991,-0.001831,-0.157715,0.996338,1.586914,9.460449,3.662109
41000,0.004517,-0.314575,0.886719,1.220703,9.460449,4.150391
41010,0.000122,-0.312744,0.906128,0.915527,8.789063,4.089355
41019,0.019897,-0.152344,0.962280,1.037598,8.483887,3.967285
41029,-0.003174,-0.289917,0.974365,1.159668,8.239746,4.089355
41039,0.001953,-0.296509,0.910156,0.915527,8.300781,3.967285
41052,-0.037476,0.028809,1.061401,0.488281,8.178711,4.699707
41061,0.020752,0.031494,1.004272,0.915527,8.544922,5.798340
41070,0.033936,-0.206909,0.962402,1.342773,8.483887,6.347656
41080,0.009644,-0.327271,0.824829,1.586914,7.507324,6.469727
41089,0.078125,-0.231445,0.838135,1.098633,6.713867,6.042480
41099,0.109009,0.027344,0.892944,0.305176,5.676270,5.798340
41110,0.135010,-0.090454,0.975830,-0.183105,5.249023,5.737305
41119,0.079224,-0.106567,0.918823,-0.610352,5.249023,5.554199
41129,0.130493,-0.103516,1.005615,-0.793457,5.187988,5.920410
41140,0.039063,-0.016724,1.175293,-0.488281,5.065918,5.981445
41149,0.021729,-0.151001,1.152588,-0.305176,4.638672,6.042480
41159,0.090576,-0.168823,1.058716,-0.122070,3.967285,5.737305
41170,0.087280,-0.166016,1.082886,0.061035,3.417969,6.225586
41179,0.105347,-0.061035,1.062012,-0.366211,2.319336,6.530762
41192,0.020752,0.066895,1.042603,-1.220703,1.586914,8.361816
41201,0.021362,-0.006836,1.047974,-1.770020,2.014160,9.338379
41210,-0.026367,0.055908,1.043579,-2.990723,2.502441,10.375977
41220,-0.015869,0.164551,1.120239,-3.540039,2.807617,10.681152
41229,-0.148926,0.062500,1.143311,-3.173828,2.563477,10.498047
41239,-0.148071,-0.061157,1.054688,-2.319336,2.441406,10.192871
41250,-0.119873,-0.026855,1.043701,-1.708984,2.075195,9.521484
41259,-0.016846,-0.110962,1.067505,-0.671387,1.831055,9.460449
41271,0.028931,-0.196777,0.912476,-0.244141,1.525879,9.765625
41280,0.098755,-0.116699,0.981079,-0.610352,1.708984,10.375977
41289,0.096069,-0.174805,0.973022,-0.671387,1.586914,11.352539
41300,0.102661,-0.178101,1.006714,-0.122070,1.647949,12.084961
41309,0.056763,-0.079468,1.114136,0.305176,1.281738,12.329102
41319,0.037598,0.017334,1.206543,0.915527,0.854492,12.512207
41332,0.032715,-0.151367,1.169678,3.417969,-0.488281,12.329102
41341,0.048340,-0.350830,0.755249,4.882812,-1.037598,12.573242
41350,0.080322,-0.611206,0.400635,5.371094,-1.647949,12.756348
41360,0.095581,-0.401001,0.306885,2.807617,-2.319336,12.512207
41369,0.107666,-0.333984,0.304199,-0.915527,-3.112793,12.695313
41380,0.034546,0.001831,0.690552,-4.943848,-3.906250,12.390137
41389,0.085571,0.421143,1.224976,-6.713867,-4.150391,11.596680
41402,-0.055786,-0.348022,0.889648,-1.037598,-5.004883,11.596680
41411,-0.022705,-0.530151,0.756470,-2.319336,-4.394531,11.657715
41421,0.003540,-0.146240,0.923340,-6.347656,-3.845215,11.962891
41431,-0.052734,0.237305,1.049561,-8.300781,-4.760742,11.718750
41440,-0.097046,0.094849,0.950806,-6.713867,-6.347656,11.230469
41450,-0.019287,-0.066284,1.073853,-4.272461,-6.713867,10.192871
41459,0.044434,-0.093994,1.279053,-3.723145,-6.591797,9.521484
41472,0.099731,-0.188599,1.149536,-3.906250,-6.591797,8.850098
41481,0.074951,-0.378540,0.876709,-3.051758,-7.385254,7.873535
41491,-0.004761,-0.350586,0.820435,-2.746582,-8.056641,6.164551
41500,0.074951,-0.133057,1.046387,-3.601074,-8.972168,3.784180
41510,0.065308,-0.237183,0.995361,-4.394531,-9.826660,1.464844
41519,0.087891,-0.112915,1.011108,-5.859375,-10.742188,-0.732422
41530,0.040039,-0.052002,1.024658,-6.347656,-11.291504,-2.197266
41539,0.007080,-0.099243,0.931641,-4.821777,-11.230469,-3.112793
41551,-0.020386,-0.117310,1.057861,-5.249023,-10.925293,-3.051758
41560,-0.049194,-0.136353,1.053833,-5.737305,-10.742188,-2.807617
41570,-0.039551,-0.127930,1.065186,-5.920410,-9.765625,-2.929688
41580,-0.113647,-0.136963,0.980713,-6.286621,-9.399414,-3.479004
41589,-0.099365,-0.110962,0.960083,-6.774902,-9.033203,-4.760742
41599,-0.128540,-0.252686,1.006592,-7.324219,-8.789063,-6.225586
41612,-0.093994,-0.076782,1.030029,-8.850098,-8.605957,-9.338379
41622,-0.068481,0.233521,1.077759,-9.155273,-7.934570,-10.131836
41632,-0.063965,0.229248,1.131226,-7.934570,-7.202148,-10.498047
41641,0.018188,0.005249,1.061523,-4.943848,-6.164551,-10.681152
41651,-0.036499,-0.084229,0.965454,-2.685547,-5.493164,-10.864258
41661,-0.008789,-0.080078,0.931885,-0.183105,-5.187988,-11.169434
41670,-0.013306,-0.244263,0.949341,1.586914,-5.065918,-13.793945
41680,-0.027466,-0.256104,0.887817,0.610352,-5.859375,-15.502930
41690,-0.013550,-0.054077,0.990723,-0.305176,-6.164551,-17.517090
41700,-0.004150,-0.089111,0.850464,0.366211,-6.408691,-19.104004
41710,0.005249,-0.103271,0.824097,1.342773,-5.798340,-19.714355
41719,0.058716,-0.080200,0.971191,2.319336,-4.821777,-19.897461
41730,0.028564,-0.152466,1.073242,2.868652,-3.906250,-19.958496
41740,0.079346,-0.190918,1.038452,2.624512,-3.173828,-19.836426
41751,0.105835,-0.124023,1.024780,2.197266,-2.502441,-19.470215
41761,0.093140,-0.117798,1.039673,1.770020,-2.319336,-20.019531
41770,0.036865,-0.116211,1.042725,1.708984,-2.441406,-20.812988
41780,0.048096,-0.006836,1.047363,1.770020,-2.380371,-21.423340
41789,-0.006226,-0.025024,1.009766,2.136230,-2.075195,-21.484375
41799,0.029785,-0.038696,0.997559,2.502441,-1.831055,-20.690918
41810,0.031006,-0.042847,1.006592,2.014160,-0.915527,-18.737793
41819,0.018677,0.031982,1.009033,1.586914,1.831055,-12.695313
41831,-0.059692,-0.225708,0.873535,1.831055,2.990723,-9.826660
41840,-0.119019,-0.162354,0.859131,0.915527,4.028320,-7.507324
41850,-0.133423,-0.043823,0.809082,-0.793457,4.577637,-5.920410
41860,-0.105225,-0.201904,0.812988,-2.075195,4.821777,-4.211426
41869,-0.103149,-0.076294,0.907104,-2.868652,4.943848,-2.929688
41879,-0.067261,0.131226,1.039795,-3.356934,4.943848,-1.647949
41892,-0.140381,-0.056519,1.051514,-2.197266,6.469727,1.403809
41901,-0.131226,-0.159912,1.101929,-1.708984,7.873535,2.990723
41911,-0.106689,-0.199097,1.015869,-1.647949,8.666992,3.784180
41920,-0.128418,-0.229858,0.899414,-1.525879,9.033203,4.272461
41930,-0.039429,-0.066162,0.851318,-2.014160,8.911133,4.028320
41939,-0.098389,-0.106567,0.930786,-2.014160,8.666992,3.662109
41951,-0.032104,-0.128418,1.002686,-1.647949,7.812500,1.464844
41961,-0.015259,-0.228760,0.996826,-1.525879,7.751465,0.549316
41971,0.004150,-0.100098,1.111450,-1.464844,7.812500,-0.305176
41981,0.032471,-0.017090,1.239136,-1.037598,8.056641,-1.281738
41990,0.046631,-0.014893,1.186035,0.244141,7.507324,-1.770020
41999,0.060303,-0.253418,1.086060,1.281738,7.385254,-1.892090
42010,0.099731,-0.250366,0.913696,1.464844,7.141113,-1.708984
42021,0.141846,-0.201904,0.913696,0.244141,5.615234,-1.281738
42031,0.155762,-0.253174,0.863647,-0.732422,4.699707,-0.610352
42041,0.182739,-0.140625,0.886841,-1.770020,4.333496,0.244141
42051,0.128296,-0.089111,1.062378,-2.380371,4.333496,1.037598
42060,0.038330,-0.007690,1.196899,-2.441406,4.211426,2.197266
42070,-0.027588,-0.020874,1.197266,-1.892090,4.272461,3.662109
42080,-0.044556,-0.051392,1.202026,-0.976562,4.516602,4.943848
42090,-0.049805,-0.061401,1.163696,-0.183105,5.187988,6.713867
42100,-0.037598,-0.133667,1.034668,1.586914,5.187988,10.131836
42111,0.071167,-0.106567,0.908081,2.014160,4.272461,11.108398
42121,0.050293,-0.132202,0.881226,2.014160,3.601074,11.718750
42130,0.112549,-0.095337,0.876465,2.197266,3.051758,11.657715
42140,0.064209,-0.168579,0.941162,2.624512,2.929688,11.779785
42150,0.038208,-0.230225,0.969727,2.685547,2.136230,11.169434
42160,0.005005,-0.183105,0.985474,2.136230,1.525879,10.437012
42171,-0.013794,-0.022827,1.034790,1.342773,0.610352,8.544922
42180,-0.061157,0.006348,0.949951,1.220703,-0.183105,8.056641
42190,-0.057251,-0.025635,0.848389,1.708984,-0.244141,7.690430
42200,-0.079712,-0.123779,0.845093,2.014160,0.000000,7.751465
42210,-0.087524,-0.205811,0.854248,2.014160,-0.061035,7.324219
42220,-0.118164,-0.098145,0.867310,0.854492,-0.244141,6.896973
42230,-0.074829,0.002808,0.874023,-0.061035,-0.183105,6.774902
42241,-0.078735,-0.085815,0.987915,-1.464844,1.037598,7.507324
42251,-0.073853,-0.071045,1.086426,-2.563477,1.403809,7.568359
42261,-0.137329,-0.084106,1.092041,-3.051758,1.403809,7.629395
42270,-0.093262,-0.104980,1.049805,-2.929688,1.220703,7.568359
42280,-0.015747,0.079468,1.103027,-3.051758,1.220703,7.385254
42290,0.099487,0.143799,1.140991,-2.075195,1.037598,7.446289
42300,0.116577,-0.040039,1.128296,-0.244141,0.915527,7.446289
42311,0.161377,-0.251343,1.076172,1.037598,-0.854492,7.202148
42321,0.204834,-0.231934,1.112061,0.732422,-1.831055,6.591797
42330,0.166870,-0.181885,1.043701,-0.305176,-3.112793,5.859375
42340,0.106445,-0.108643,0.979126,-1.281738,-4.028320,5.615234
42350,0.104736,-0.150879,1.003418,-1.281738,-4.394531,5.371094
42360,0.083618,-0.116577,1.008545,-1.525879,-4.882812,5.310059
42370,0.063477,-0.025024,1.002563,-1.892090,-5.004883,5.737305
42381,0.027466,0.010986,1.061646,-1.892090,-5.554199,6.408691
42391,-0.007935,0.044922,1.005371,-1.770020,-5.798340,6.286621
42400,0.008179,-0.071899,1.000610,-1.098633,-6.225586,6.103516
42410,-0.009644,-0.127808,1.020630,-0.854492,-6.042480,6.286621
42420,-0.009277,-0.092529,0.969482,-1.220703,-6.103516,6.469727
42430,-0.050659,-0.131470,0.881836,-1.464844,-6.469727,5.981445
42440,-0.039795,-0.102173,0.887085,-1.892090,-6.591797,5.493164
42451,0.004272,0.051270,0.915649,-2.563477,-7.019043,4.821777
42461,-0.034668,-0.039917,0.942627,-3.051758,-7.080078,4.150391
42470,-0.044800,-0.143188,0.985962,-2.380371,-7.385254,3.173828
42480,-0.009155,-0.139282,0.982056,-1.647949,-7.080078,2.685547
42490,-0.068237,-0.106812,0.936035,-0.854492,-6.896973,2.380371
42501,0.003052,-0.094482,0.955566,-0.122070,-7.019043,1.342773
42510,-0.028320,-0.167847,0.954102,0.671387,-7.629395,-1.464844
42522,-0.008545,-0.250244,0.897705,0.732422,-8.789063,-3.295898
42531,0.030762,-0.240845,0.924438,0.488281,-8.850098,-5.249023
42541,0.000000,-0.233521,0.963989,0.244141,-9.033203,-7.141113
42551,0.029053,-0.153076,0.996216,-0.061035,-9.277344,-8.911133
42560,0.049438,-0.094971,1.060791,-0.244141,-8.911133,-10.681152
42570,0.053467,-0.068237,1.085938,-0.305176,-9.338379,-12.084961
42580,0.068481,-0.057007,1.110352,-0.122070,-9.582520,-13.122559
42591,0.124512,-0.162476,1.024170,0.366211,-9.948730,-14.282227
42601,0.149780,-0.163818,0.995605,0.366211,-10.375977,-14.709473
42611,0.169922,-0.092041,0.981445,-0.915527,-10.620117,-15.075684
42620,0.151123,-0.044434,0.985107,-1.708984,-10.559082,-15.014648
42630,0.129272,-0.046021,1.014771,-2.258301,-10.803223,-15.014648
42640,0.107788,-0.025146,1.070801,-3.112793,-10.864258,-15.319824
42651,0.088013,0.001465,1.135376,-3.356934,-10.986328,-15.258789
42661,0.052246,-0.061401,1.065308,-2.868652,-11.230469,-15.136719
42670,0.047974,-0.056519,0.995361,-2.380371,-11.230469,-14.831543
42680,0.072754,-0.074829,0.935181,-2.014160,-11.108398,-14.343262
42690,0.059448,-0.179321,0.873779,-2.197266,-11.108398,-14.038086
42701,0.047241,-0.194092,0.824707,-2.685547,-10.864258,-13.916016
42710,0.042603,-0.068848,0.859619,-3.112793,-10.498047,-13.854980
42723,-0.016113,-0.073364,0.825562,-3.967285,-9.765625,-13.610840
42732,-0.040039,-0.081177,0.895386,-3.723145,-9.216309,-13.610840
42742,-0.076904,-0.051392,0.940430,-3.601074,-9.338379,-14.099121
42751,-0.098755,0.004150,0.926636,-3.234863,-8.911133,-14.160156
42761,-0.084351,0.049683,0.944336,-3.051758,-8.422852,-14.038086
42771,-0.044922,0.058960,0.975342,-2.563477,-8.056641,-13.671875
42781,-0.009155,-0.002075,0.982666,-2.441406,-7.385254,-13.122559
42790,-0.031006,-0.073730,0.967529,-1.892090,-7.141113,-12.207031
42800,-0.015991,-0.145996,0.931152,-0.915527,-6.286621,-12.084961
42811,0.010498,-0.002930,1.024902,-1.037598,-6.225586,-12.207031
42820,-0.007813,-0.024292,0.988770,-1.159668,-6.469727,-12.451172
42830,-0.043213,-0.111084,0.932861,-1.342773,-6.835937,-12.634277
42841,-0.061401,-0.172607,0.889893,-1.831055,-6.713867,-12.451172
42850,-0.047607,-0.118774,0.919922,-2.624512,-5.920410,-12.268066
42863,-0.104858,0.049805,1.133179,-3.662109,-4.089355,-11.291504
42873,-0.123047,-0.043701,1.139282,-3.540039,-3.112793,-10.986328
42882,-0.135376,-0.099976,1.143799,-3.173828,-2.380371,-11.047363
42892,-0.069458,-0.050171,1.250244,-2.563477,-1.831055,-11.474609
42902,-0.055908,-0.072144,1.218506,-1.831055,-1.892090,-11.901855
42911,-0.027466,-0.068237,1.113770,-1.586914,-1.770020,-12.145996
42921,-0.018066,-0.068237,1.020386,-1.342773,-2.197266,-12.268066
42930,0.044434,-0.060791,0.962036,-1.159668,-2.502441,-12.207031
42942,0.030518,0.026001,0.974976,-2.624512,-2.197266,-11.901855
42951,0.014526,0.063110,0.995605,-2.868652,-2.258301,-12.023926
42961,-0.019409,0.009888,1.005005,-2.746582,-2.136230,-11.901855
42970,-0.025635,-0.010498,1.008057,-2.197266,-2.014160,-12.145996
42981,0.018555,0.026733,1.045898,-1.586914,-2.014160,-12.634277
42990,-0.025879,-0.017578,0.978271,-0.549316,-2.075195,-12.817383
43003,-0.006470,-0.212646,0.813965,0.610352,-2.197266,-14.404297
43012,0.043457,-0.246948,0.780273,0.000000,-2.075195,-15.258789
43022,0.052612,-0.205444,0.743408,-0.366211,-1.953125,-15.869141
43031,0.028442,-0.008667,0.834961,-1.464844,-1.770020,-16.662598
43041,-0.000854,0.002686,0.902710,-1.892090,-1.708984,-17.028809
43051,-0.008179,-0.100708,0.938599,-1.831055,-1.586914,-17.517090
43060,-0.027222,-0.165771,0.961792,-1.281738,-1.220703,-18.127441
43070,0.007324,-0.143433,1.020264,-0.793457,-0.854492,-18.554687
43082,0.020996,-0.029785,1.056396,0.122070,-1.098633,-19.226074
43091,0.017334,-0.081421,1.028442,1.220703,-1.037598,-19.470215
43101,0.038452,-0.020264,1.060669,1.892090,-0.915527,-19.531250
43110,0.035645,-0.027954,1.087280,2.075195,-0.671387,-19.287109
43121,-0.002686,-0.040405,1.059326,2.563477,-0.061035,-18.981934
43130,-0.015869,-0.074219,1.008423,2.502441,0.427246,-18.676758
43140,-0.032471,-0.121826,0.970215,2.380371,1.037598,-16.967773
43152,-0.060913,-0.042603,1.042236,1.831055,1.892090,-16.174316
43161,-0.057861,-0.048096,1.060059,1.281738,1.586914,-15.747070
43171,-0.065796,-0.076904,1.065186,0.671387,2.136230,-14.831543
43181,-0.062744,-0.056641,1.035767,-0.122070,2.258301,-13.732910
43190,-0.021973,-0.036621,1.011230,-0.366211,2.868652,-12.573242
43200,-0.018677,-0.026245,1.003784,-0.732422,3.540039,-11.108398
43213,-0.004028,-0.093506,1.032593,-2.197266,4.089355,-9.216309
43223,-0.001099,-0.091553,1.005493,-2.441406,4.150391,-8.361816
43232,-0.033081,-0.052734,1.023315,-2.441406,4.211426,-7.812500
43242,-0.031860,-0.007446,1.009766,-2.014160,3.967285,-7.629395
43252,-0.062256,-0.055298,0.995728,-1.403809,4.150391,-7.202148
43261,-0.056641,-0.103149,0.972534,-0.610352,4.516602,-6.713867
43271,-0.038208,-0.037842,1.000977,-0.183105,4.699707,-6.164551
43281,-0.040771,-0.002563,1.038086,0.671387,4.943848,-5.737305
43290,-0.042114,0.029419,0.979492,1.281738,4.821777,-5.676270
43301,-0.017578,-0.126343,0.932129,1.953125,5.004883,-5.920410
43311,-0.081665,-0.215820,0.900269,1.892090,4.699707,-6.530762
43321,-0.037109,-0.173950,0.866699,1.770020,4.333496,-7.202148
43331,-0.071899,-0.110107,0.813110,1.892090,4.455566,-7.385254
43340,0.004150,-0.054687,0.832520,1.525879,4.699707,-7.446289
43353,-0.000977,-0.052734,0.992187,0.854492,4.516602,-7.263184
43362,-0.039307,-0.020752,1.071899,0.793457,4.882812,-6.896973
43372,-0.013794,-0.085815,1.037109,0.732422,5.187988,-6.652832
43381,-0.053345,-0.065186,1.034790,0.915527,5.249023,-6.713867
43391,-0.017700,0.005737,1.125854,0.915527,5.004883,-7.019043
43401,-0.047974,-0.028320,1.089355,0.915527,5.004883,-7.385254
43410,-0.084473,-0.056274,1.000854,1.281738,4.943848,-7.385254
43423,-0.031738,-0.001953,1.027466,1.037598,5.310059,-7.690430
43433,-0.014404,0.021362,1.084839,0.854492,5.371094,-7.751465
43442,-0.026489,-0.011963,1.093750,1.037598,5.187988,-7.995605
43452,0.031982,-0.172241,1.040649,1.464844,5.126953,-8.056641
43461,0.040161,-0.167725,0.994751,1.342773,5.187988,-8.178711
43471,0.077026,-0.127075,0.979004,1.037598,4.882812,-8.544922
43480,0.077759,-0.117920,0.958252,0.366211,4.455566,-9.399414
43493,0.053345,-0.080444,0.871948,-0.671387,3.540039,-10.498047
43502,0.048340,-0.111450,0.852661,-1.220703,3.540039,-10.925293
43512,0.012085,-0.152710,0.856079,-2.197266,3.479004,-11.047363
43522,0.042603,-0.098022,0.928467,-3.112793,3.540039,-11.657715
43531,0.003784,0.003662,0.949463,-3.662109,3.601074,-11.962891
43541,-0.016602,-0.050049,0.919922,-3.417969,3.662109,-12.084961
43550,-0.025879,-0.150391,0.888428,-3.479004,3.845215,-12.329102
43562,-0.025269,0.018921,1.011108,-3.845215,4.028320,-11.474609
43572,0.007080,0.141846,1.083252,-4.089355,5.187988,-10.925293
43581,-0.005615,0.101929,1.063354,-4.089355,5.310059,-10.498047
43591,-0.023193,-0.067383,1.016357,-3.234863,5.493164,-10.192871
43600,0.011353,-0.095703,1.038330,-2.502441,5.554199,-9.948730
43611,-0.033081,0.028198,1.064941,-1.831055,5.432129,-9.826660
43620,-0.025757,0.081177,1.117432,-0.915527,5.310059,-10.009766
43633,-0.083862,-0.058105,0.977051,0.244141,6.408691,-8.605957
43643,-0.108032,-0.117432,0.908081,0.061035,7.080078,-7.263184
43652,-0.078613,-0.120850,0.958618,0.061035,8.300781,-6.164551
43662,-0.058716,-0.083618,1.008301,-0.122070,8.728027,-5.126953
43671,-0.062378,-0.067261,1.024170,-0.366211,8.728027,-4.272461
43681,-0.024414,-0.026855,1.035156,-0.915527,8.911133,-4.150391
43691,0.000122,-0.047607,1.069946,-1.159668,8.605957,-4.211426
43700,0.014404,-0.109741,1.066284,-1.281738,7.751465,-4.516602
43712,0.024658,-0.106567,0.994263,-0.793457,7.690430,-3.906250
43722,0.011841,-0.080933,0.993896,-0.854492,7.873535,-2.563477
43731,0.002563,-0.003906,1.003662,-1.159668,8.422852,-0.732422
43740,-0.036499,0.120361,1.047852,-1.098633,8.972168,1.220703
43751,-0.054321,0.048828,1.062378,-0.183105,9.643555,3.601074
43760,-0.078247,-0.052612,1.023315,0.488281,9.643555,5.187988
43773,-0.112183,-0.071899,1.023560,2.075195,10.009766,8.117676
43782,-0.141357,-0.005493,1.005615,2.624512,10.009766,9.338379
43792,-0.164917,0.036499,1.044922,2.807617,10.253906,10.009766
43801,-0.170288,-0.000366,1.007813,2.868652,10.253906,10.498047
43811,-0.155762,-0.046997,0.952393,2.746582,10.131836,10.620117
43821,-0.157715,-0.111572,0.892822,3.112793,10.620117,11.047363
43830,-0.174805,-0.059082,0.838623,3.173828,10.864258,10.925293
43843,-0.174805,0.002808,1.013672,3.540039,11.535645,10.925293
43852,-0.153076,0.029053,1.117920,4.028320,11.779785,10.498047
43861,-0.178345,-0.113770,1.097412,4.943848,12.023926,10.437012
43871,-0.160767,-0.120972,1.130371,4.699707,12.451172,10.620117
43881,-0.092407,-0.218750,0.998779,3.784180,12.329102,10.803223
43891,-0.043091,-0.189575,0.841431,2.624512,12.268066,11.352539
43901,-0.031128,-0.180786,0.723877,1.342773,12.207031,12.817383
43913,0.013794,-0.030151,0.616943,-1.098633,11.108398,16.357422
43923,0.021362,-0.229126,0.713135,-2.563477,10.925293,18.310547
43932,0.023437,-0.059570,1.006958,-3.784180,10.192871,19.531250
43942,-0.011475,0.078247,1.189575,-3.906250,9.704590,19.836426
43951,-0.014160,-0.092407,1.161865,-3.173828,9.338379,19.409180
43961,-0.005005,-0.123169,1.054688,-2.319336,8.972168,17.761230
43970,-0.026733,-0.010010,0.989258,-2.075195,7.446289,15.502930
43983,-0.020630,-0.094360,1.023560,-1.953125,5.981445,11.840820
43992,-0.024536,-0.194458,1.048218,-1.770020,5.371094,11.413574
44002,-0.006348,-0.137817,1.087646,-1.647949,5.065918,10.986328
44011,0.039429,0.076660,1.180420,-1.892090,5.004883,10.742188
44021,0.029053,0.151367,1.219482,-1.464844,4.760742,10.742188
44031,0.008179,0.004639,1.134033,-0.976562,4.455566,10.253906
44042,0.013184,-0.210815,1.022095,-0.549316,3.723145,9.582520
44052,0.016846,-0.156982,1.046631,-1.770020,2.746582,8.544922
44062,0.036011,-0.032593,1.082153,-2.990723,2.380371,7.629395
44071,0.025146,0.020630,1.058960,-3.417969,2.014160,6.713867
44081,0.019653,-0.008545,0.956299,-3.112793,1.770020,5.615234
44091,0.027954,0.016357,0.963135,-2.319336,1.647949,4.455566
44101,0.036865,-0.037109,0.994385,-2.197266,1.647949,3.479004
44112,0.033203,-0.078613,0.987671,-2.502441,0.854492,0.793457
44122,0.011353,-0.098389,0.988403,-1.892090,0.488281,-0.732422
44132,0.044922,-0.133423,1.008911,-1.770020,-0.122070,-2.441406
44142,0.020020,-0.217773,0.947144,-2.197266,-0.854492,-4.272461
44151,0.015015,-0.250732,0.937378,-3.417969,-0.854492,-5.371094
44161,0.032349,-0.188110,0.934082,-5.126953,-0.793457,-6.103516
44171,0.038330,0.026245,0.943604,-6.530762,-0.366211,-6.042480
44181,0.017578,0.216675,0.961548,-6.225586,0.183105,-5.920410
44192,0.019775,0.230957,0.938110,-4.760742,0.244141,-4.394531
44202,0.024658,0.086792,0.945923,-0.122070,0.244141,-2.868652
44211,0.024658,-0.038208,0.970459,1.953125,0.427246,-1.342773
44221,0.052490,-0.160278,0.987915,2.746582,1.220703,0.427246
44231,0.025146,-0.342896,0.919556,2.319336,2.014160,2.624512
44241,0.070068,-0.238647,0.934937,1.098633,2.319336,4.150391
44251,0.064453,0.050415,1.036377,0.549316,2.136230,5.493164
44260,0.059814,0.113892,1.034912,1.220703,1.220703,7.568359
44272,0.016357,-0.280396,0.928955,1.098633,0.915527,8.239746
44281,0.006592,-0.180298,1.007568,0.061035,0.549316,9.094238
44290,0.009644,-0.074097,1.059692,-1.342773,0.244141,10.192871
44301,0.073364,-0.091064,1.041748,-1.953125,-0.244141,11.535645
44311,0.057129,-0.103149,0.992798,-1.708984,-0.610352,13.122559
44322,0.067139,-0.032471,1.026245,-2.136230,-0.854492,16.235352
44332,0.008179,-0.075439,0.976685,-2.380371,-1.159668,16.906738
44341,-0.000488,-0.038818,0.972046,-1.708984,-1.586914,17.150879
44351,0.001953,-0.020874,0.951904,-1.403809,-1.892090,16.540527
44360,0.005981,-0.099976,0.969604,-1.281738,-2.380371,15.136719
44371,0.011719,-0.157593,0.979492,-1.892090,-2.929688,13.122559
44381,0.090820,-0.078857,1.089722,-2.502441,-4.028320,10.742188
44392,0.040161,-0.001953,1.130127,-2.319336,-6.469727,5.249023
44402,0.019775,-0.103394,0.931519,-2.014160,-7.141113,3.051758
44412,0.031128,0.102417,1.009766,-1.831055,-7.385254,1.098633
44421,-0.025757,0.010864,0.994019,-1.708984,-7.629395,-0.732422
44431,0.027344,-0.148315,0.906494,-1.708984,-7.873535,-2.319336
44441,0.012451,-0.036987,0.951416,-1.647949,-7.812500,-3.784180
44451,0.031860,-0.007813,1.020630,-1.342773,-8.117676,-5.249023
44461,0.046265,-0.236694,0.944458,-1.159668,-7.995605,-6.652832
44472,0.053345,-0.092163,0.966187,-1.586914,-7.446289,-8.361816
44482,0.040771,-0.002686,0.967529,-2.807617,-7.446289,-9.338379
44492,0.043945,-0.076904,0.926514,-2.929688,-7.446289,-10.131836
44502,0.008423,-0.109497,0.958130,-2.502441,-7.263184,-11.108398
44511,-0.004395,-0.059692,0.980713,-2.136230,-7.080078,-11.596680
44521,0.003296,-0.067627,1.046875,-2.441406,-6.835937,-12.145996
44531,0.033691,-0.185181,1.028931,-2.990723,-6.591797,-12.329102
44541,-0.000488,-0.159180,1.019409,-2.929688,-5.126953,-10.437012
44552,0.047363,0.036133,1.110474,-1.770020,-4.272461,-8.972168
44561,0.017700,-0.221680,1.011230,-1.220703,-3.906250,-7.568359
44571,-0.046143,-0.340454,0.955811,-1.220703,-3.479004,-6.713867
44581,-0.034424,-0.147705,1.090088,-1.464844,-3.295898,-6.408691
44591,-0.036987,-0.044189,1.163818,-1.403809,-3.479004,-6.042480
44602,-0.031372,-0.219727,1.059570,-0.793457,-3.356934,-6.652832
44612,-0.035034,-0.244873,0.972290,-0.732422,-3.173828,-7.141113
44622,-0.004395,-0.069214,1.039429,-0.915527,-2.990723,-6.958008
44631,0.022339,-0.149536,1.058716,-0.793457,-2.380371,-6.713867
44641,0.025024,-0.304443,1.022461,-0.793457,-1.770020,-6.347656
44652,0.033691,-0.303101,0.989258,-1.098633,-1.647949,-5.737305
44661,0.082031,-0.179687,1.024048,-1.464844,-1.892090,-5.310059
44671,0.085083,-0.161133,1.028320,-1.831055,-2.319336,-5.249023
44681,0.043213,-0.315918,0.900269,-2.380371,-2.380371,-5.859375
44692,-0.033203,-0.208374,0.841553,-3.356934,-2.624512,-6.408691
44702,-0.034424,-0.174805,0.833374,-4.333496,-2.563477,-6.713867
44712,-0.072632,0.013306,0.973145,-5.249023,-2.380371,-7.507324
44722,-0.047607,0.142578,1.054688,-5.126953,-2.319336,-8.056641
44731,-0.068726,0.083374,1.078491,-4.150391,-2.563477,-8.483887
44741,-0.003784,-0.028564,1.038086,-2.807617,-2.136230,-8.422852
44753,-0.045654,-0.010254,0.931763,-1.342773,-1.159668,-7.629395
44762,-0.083862,0.011841,0.919189,-1.037598,-0.061035,-6.530762
44772,-0.089478,0.010864,0.892334,-0.366211,1.098633,-4.882812
44781,-0.116089,-0.000244,0.891602,0.183105,2.319336,-3.295898
44791,-0.062744,-0.012695,0.914062,0.610352,3.295898,-1.281738
44801,-0.082642,-0.105835,0.898437,0.427246,3.662109,0.000000
44814,-0.043335,-0.189453,0.872192,-0.488281,3.723145,2.441406
44824,-0.194092,-0.128052,0.815918,-1.037598,4.333496,3.295898
44833,-0.183716,-0.103271,0.874146,-2.014160,5.981445,5.798340
44843,-0.123657,-0.030151,0.956421,-2.685547,7.324219,9.094238
44852,-0.126953,0.130249,1.056763,-2.929688,7.934570,11.779785
44862,-0.030518,-0.053955,0.988403,-2.380371,7.812500,14.282227
44871,0.020508,-0.371216,0.713745,-1.953125,5.981445,15.991211
44884,0.023437,-0.368652,0.544312,-2.502441,1.525879,16.052246
44893,-0.190186,-0.845825,0.505737,-3.112793,0.732422,15.625000
44903,-0.340332,-1.164551,0.490234,-3.845215,2.807617,15.686035
44912,-0.458862,-3.438232,-2.299561,-3.417969,5.981445,15.502930
44922,-0.119873,-3.243164,-0.812500,-8.544922,8.911133,12.329102
44932,-0.088623,-3.187988,-1.367065,-29.541016,7.812500,6.164551
44942,0.170776,-1.952637,-1.275513,-53.100586,3.784180,0.061035
44951,0.302246,0.610596,1.305664,-67.016602,0.793457,-4.211426
44963,0.152466,-0.171631,3.999512,-28.625488,-3.662109,0.183105
44972,0.526611,0.229492,3.999512,-6.835937,-1.342773,5.920410
44982,0.688965,-1.102539,3.829590,10.437012,-2.014160,11.962891
44991,0.638062,-1.497925,1.174927,20.935059,-3.356934,16.113281
45002,0.635132,-1.244995,0.255737,20.080566,-4.943848,17.761230
45011,0.441406,-1.007324,0.751465,17.333984,-8.422852,14.587402
45023,0.631592,0.254272,2.866699,16.845703,-13.671875,3.051758
45032,0.112549,2.955688,3.999512,26.123047,-16.052246,-4.333496
45042,-0.147095,3.976929,3.999512,44.799805,-18.920898,-13.977051
45052,-1.454956,3.994507,3.583374,68.176270,-16.784668,-15.197754
45061,-1.334473,3.999512,3.990356,83.068848,-6.835937,-11.108398
45072,-0.827759,3.238770,2.932373,93.750000,6.896973,-2.563477
45086,0.111084,1.855591,1.111328,103.454590,27.709961,23.742676
45096,-0.183105,1.876465,0.113403,104.980469,24.658203,20.996094
45105,-0.135986,1.428711,-0.028076,105.224609,24.108887,18.859863
45115,0.202271,0.525879,-0.144653,103.088379,24.230957,19.042969
45124,0.383911,-0.221436,-0.274780,96.130371,21.789551,16.174316
45133,0.309692,-0.265137,-0.275146,85.998535,19.287109,12.329102
45143,0.107910,-0.092163,-0.228394,75.500488,16.540527,7.934570
45152,0.133667,0.004272,-0.235229,67.749023,12.329102,1.953125
45162,0.032104,-0.005005,-0.201660,59.448242,7.873535,-9.460449
45171,0.070190,-0.154419,-0.025024,56.091309,6.958008,-13.244629
45182,0.246460,-0.366943,0.297607,52.368164,5.920410,-15.136719
45191,0.294556,-0.347900,0.238892,47.668457,4.455566,-16.296387
45202,0.343018,-0.309082,0.110840,43.029785,1.892090,-16.052246
45211,0.320190,-0.283813,0.021118,39.062500,-0.244141,-14.282227
45222,0.229370,-0.299316,0.005981,35.156250,-2.380371,-11.840820
45231,0.182007,-0.399170,-0.087280,31.066895,-4.638672,-7.019043
45243,0.033691,-0.576782,-0.153076,21.118164,-6.958008,-4.516602
45253,-0.015381,-0.547729,-0.173828,15.380859,-7.263184,-1.464844
45263,-0.064575,-0.479614,-0.224609,9.765625,-6.591797,1.647949
45272,-0.077637,-0.503784,-0.231323,4.821777,-6.164551,4.943848
45282,-0.058716,-0.549438,-0.240601,0.000000,-5.798340,7.873535
45292,-0.064575,-0.600586,-0.199097,-5.004883,-5.004883,10.925293
45301,-0.079590,-0.644287,-0.234131,-26.367187,-3.479004,14.343262
45311,-0.081787,-0.683838,-0.196167,-22.277832,-2.380371,15.136719
45322,-0.124512,-0.732056,-0.162476,-27.954102,-1.586914,14.892578
45332,-0.152832,-0.721313,-0.177368,-33.508301,-0.549316,13.854980
45341,-0.147217,-0.687622,-0.192383,-38.940430,0.671387,12.084961
45352,-0.151245,-0.619995,-0.207764,-44.311523,1.953125,9.887695
45362,-0.130615,-0.559570,-0.215820,-49.499512,3.540039,7.873535
45372,-0.080444,-0.613403,-0.204346,-59.692383,5.310059,3.356934
45381,-0.091187,-0.565063,-0.229736,-64.636230,6.347656,1.586914
45391,-0.062256,-0.531494,-0.262451,-69.458008,7.385254,0.061035
45402,-0.042480,-0.494995,-0.281250,-74.340820,7.934570,-1.281738
45411,-0.025146,-0.489014,-0.346436,-79.528809,8.361816,-2.563477
45421,0.000366,-0.526489,-0.367554,-84.960937,8.728027,-3.662109
45431,0.026733,-0.515381,-0.399658,-90.942383,9.094238,-5.065918
45444,0.045776,-0.381714,-0.574463,-102.966309,9.399414,-6.591797
45454,0.077881,-0.263672,-0.679687,-109.069824,8.972168,-7.385254
45463,0.095703,-0.129395,-0.773926,-114.501953,8.789063,-8.056641
45473,0.112061,0.016968,-0.563599,-119.628906,8.544922,-8.972168
45483,0.353516,2.300415,3.999512,-113.952637,8.850098,-10.864258
45492,0.016846,0.530151,3.999512,-61.340332,1.281738,-10.253906
45502,-1.227539,-3.999512,0.439453,-20.385742,-16.235352,-13.122559
45511,-0.093140,-1.853638,1.433350,-105.407715,-7.629395,-31.799316
45523,0.905151,3.999512,1.180420,-53.588867,-8.544922,-18.005371
45533,-0.440430,-2.699097,-2.389404,13.610840,-20.446777,-14.465332
45543,-0.406738,-1.382568,3.999512,12.939453,-19.714355,-18.310547
45552,0.147583,-0.122437,3.999512,-17.517090,-11.596680,-14.404297
45562,-0.073486,-1.028687,1.247192,-15.869141,-7.873535,-4.333496
45572,0.375610,1.718994,2.511597,-15.258789,3.723145,1.281738
45584,0.756348,-0.529053,2.136353,8.850098,7.263184,14.526367
45594,-0.193481,-1.897095,2.514648,15.319824,-1.525879,10.070801
45603,-0.342896,-1.720581,1.696655,1.708984,-8.239746,-1.647949
45613,-0.511719,0.612061,1.534790,-14.343262,-2.746582,-1.647949
45623,-0.200806,1.073486,0.891113,-11.413574,2.563477,2.075195
45632,-0.224365,0.247681,1.210449,8.850098,1.831055,0.244141
45641,-0.214966,-0.878540,1.701904,21.606445,0.000000,0.488281
45654,0.061646,-0.034790,1.506592,8.850098,1.037598,5.065918
45663,-0.016479,0.671265,0.805664,7.324219,1.953125,8.239746
45673,0.047485,0.543579,0.586304,16.235352,3.723145,14.160156
45682,0.117798,-0.063965,0.784790,26.123047,4.455566,20.690918
45692,0.106323,-0.335449,1.191284,27.099609,3.417969,23.620605
45702,0.112061,-0.085083,1.240723,21.850586,2.075195,24.291992
45712,0.010864,0.233398,0.830444,17.578125,0.244141,24.658203
45724,0.049072,0.031738,0.215698,19.287109,-1.281738,25.634766
45733,0.146240,-0.170654,0.445190,19.348145,-2.136230,25.756836
45743,0.193848,-0.183228,0.777466,16.113281,-4.821777,23.010254
45752,0.118896,0.048950,0.954468,11.718750,-7.690430,18.981934
45763,0.064697,0.197388,0.876831,9.216309,-9.460449,16.601562
45772,0.023193,0.188354,0.644897,9.216309,-10.253906,15.197754
45783,0.034424,-0.008545,0.417603,9.521484,-9.948730,11.718750
45793,0.043091,-0.170044,0.561035,6.408691,-10.498047,8.300781
45802,-0.086304,-0.073608,0.790039,3.356934,-10.986328,3.601074
45812,-0.068115,-0.011353,0.934570,1.770020,-11.840820,-1.708984
45822,-0.107422,-0.041138,0.916626,1.831055,-12.451172,-6.408691
45832,-0.068481,-0.203491,0.653320,1.770020,-13.305664,-10.986328
45842,-0.040039,-0.247437,0.636963,0.244141,-13.732910,-16.113281
45853,-0.079102,-0.214355,0.768188,-2.868652,-13.488770,-23.986816
45863,0.027344,0.113770,1.274170,-2.746582,-13.183594,-26.550293
45873,0.064331,-0.099121,1.085938,-1.708984,-12.756348,-28.320312
45882,0.073486,-0.041382,1.016968,-1.037598,-12.451172,-29.418945
45892,0.084106,-0.081177,0.966919,-0.854492,-11.230469,-29.479980
45903,0.075562,-0.197510,0.956665,-1.098633,-9.826660,-28.808594
45912,0.133911,-0.120239,1.019775,-1.281738,-8.605957,-27.770996
45924,0.111938,0.002197,1.029541,-2.014160,-7.995605,-25.207520
45933,0.044678,-0.050537,0.969116,-2.380371,-7.629395,-24.108887
45943,0.002441,0.035889,1.036499,-2.868652,-7.507324,-23.742676
45953,-0.024292,0.088501,1.118042,-2.624512,-6.530762,-23.254395
45962,-0.014771,0.032471,1.080688,-2.136230,-5.737305,-22.521973
45972,0.026245,-0.008423,1.017578,-1.953125,-4.943848,-20.935059
45983,0.108154,0.116943,1.031128,-2.136230,-4.150391,-18.737793
45992,0.120239,0.239380,1.167725,-2.136230,-3.601074,-16.052246
46003,0.012207,0.042969,0.985840,-1.525879,-2.624512,-10.803223
46013,0.041748,0.015137,0.918945,0.305176,-2.014160,-8.850098
46022,0.028076,-0.018555,0.923462,0.061035,-1.464844,-7.751465
46032,0.062744,-0.364014,0.668091,-0.976562,-1.892090,-7.324219
46043,0.056152,-0.080444,0.706909,-2.746582,-2.136230,-7.568359
46052,0.087524,-0.030640,0.845703,-4.333496,-2.441406,-7.690430
46062,0.054932,-0.011719,0.917969,-5.493164,-2.868652,-7.995605
46074,0.061035,0.005371,1.105591,-5.249023,-3.234863,-8.239746
46083,0.029297,0.021240,1.036011,-4.577637,-3.417969,-8.300781
46093,-0.011841,0.082764,1.055054,-4.272461,-3.051758,-8.544922
46102,-0.128784,-0.141602,0.899414,-4.577637,-3.173828,-8.728027
46112,-0.168579,0.007202,0.952026,-4.821777,-2.380371,-8.728027
46123,-0.143677,0.152100,1.036987,-4.638672,-1.342773,-8.789063
46132,-0.177002,-0.089844,0.919678,-3.845215,-0.854492,-8.422852
46144,-0.111206,-0.023682,1.073120,-3.173828,0.305176,-7.995605
46154,-0.090820,-0.102173,1.078735,-3.173828,0.488281,-7.568359
46164,-0.129761,-0.053345,1.044189,-2.502441,0.671387,-7.080078
46173,-0.117920,-0.098267,0.930298,-1.770020,1.403809,-6.591797
46183,-0.116577,-0.147827,0.931641,-1.770020,2.380371,-5.920410
46193,-0.085937,-0.111206,0.987671,-2.014160,2.929688,-5.615234
46205,-0.092407,-0.181885,1.000732,-2.441406,3.417969,-6.286621
46215,-0.114502,-0.093628,0.961426,-2.319336,3.784180,-6.958008
46224,-0.083374,-0.094849,0.945190,-1.953125,3.845215,-7.202148
46234,-0.037842,-0.096313,0.929810,-1.525879,4.028320,-7.568359
46244,-0.042603,-0.113281,0.931396,-1.342773,4.211426,-7.507324
46254,-0.054077,-0.156128,0.988037,-1.403809,4.333496,-7.080078
46263,-0.051270,-0.233765,0.926758,-1.342773,4.699707,-6.469727
46273,-0.056641,-0.241455,0.883667,-3.051758,6.347656,-3.967285
46283,-0.033325,-0.061523,1.018311,-3.662109,6.591797,-3.356934
46292,-0.042725,-0.075806,1.031616,-3.784180,6.408691,-2.990723
46302,-0.012329,-0.072144,1.146729,-3.479004,6.591797,-2.868652
46313,-0.052490,-0.172363,1.088013,-3.234863,6.042480,-3.112793
46323,-0.037476,-0.208374,0.981445,-3.112793,6.042480,-3.112793
46332,-0.009399,0.047729,1.078003,-3.112793,6.347656,-2.441406
46342,0.001709,0.033569,1.012451,-2.624512,6.408691,-1.647949
46354,0.048950,0.027100,1.018799,-0.427246,7.141113,1.525879
46363,0.035522,-0.118042,0.923462,0.061035,6.958008,3.112793
46372,0.040527,-0.236328,0.923828,0.427246,7.263184,4.333496
46383,0.032959,-0.115723,1.056519,0.000000,6.835937,5.004883
46392,0.063843,-0.057861,1.157349,-0.244141,6.225586,4.882812
46403,0.000000,-0.135864,1.071777,-0.244141,5.615234,4.577637
46413,-0.031982,-0.083008,0.968994,0.122070,5.432129,3.845215
46424,-0.026855,-0.020264,1.039795,1.220703,5.126953,3.784180
46434,-0.040527,-0.157715,1.028442,1.831055,4.577637,3.906250
46443,-0.005249,0.014282,1.041748,2.441406,4.699707,4.211426
46452,0.005859,-0.070801,1.060059,2.746582,4.577637,4.577637
46463,-0.004028,-0.365356,0.922485,2.563477,4.394531,4.760742
46472,-0.036499,-0.206055,0.947388,1.770020,4.455566,4.882812
46485,0.018555,-0.182007,0.964966,0.305176,4.211426,5.065918
46494,0.008789,-0.200562,0.885498,0.122070,3.845215,5.065918
46504,0.057617,-0.058838,1.011597,0.000000,3.356934,4.455566
46513,-0.025024,-0.150146,0.976440,0.061035,2.624512,3.784180
46523,-0.019653,-0.097168,1.027710,0.122070,2.258301,2.990723
46533,-0.011963,0.021729,1.143677,0.244141,2.319336,2.563477
46543,-0.034302,-0.150879,1.001099,0.732422,2.075195,2.624512
46555,-0.026001,-0.026367,1.012573,1.586914,2.319336,3.479004
46564,-0.028564,-0.270264,0.876465,1.403809,2.746582,4.394531
46574,-0.050171,-0.289673,0.945679,0.732422,3.112793,5.187988
46583,-0.051514,0.031128,1.057007,-0.122070,3.601074,5.859375
46593,-0.020874,-0.027832,0.973755,0.427246,3.601074,6.713867
46603,-0.043945,-0.207520,0.829224,0.793457,3.479004,7.324219
46613,-0.064941,-0.410400,0.608765,0.549316,3.356934,7.934570
46625,0.010132,-0.071899,0.965210,-3.234863,2.990723,7.019043
46635,-0.019165,-0.025879,1.099609,-4.455566,2.380371,6.591797
46645,-0.008057,0.058594,1.108276,-3.112793,1.464844,5.249023
46654,-0.055298,-0.050781,0.947021,-1.037598,1.159668,4.577637
46663,-0.033936,-0.242798,0.910400,-0.488281,1.220703,4.943848
46673,0.004028,-0.262573,0.958740,-1.403809,1.586914,4.943848
46683,-0.007690,-0.039429,1.108398,-2.502441,1.464844,5.004883
46693,-0.063477,-0.052979,1.068115,-2.746582,1.831055,6.103516
46704,-0.011353,-0.222656,0.964722,-1.708984,1.770020,6.774902
46714,-0.003662,-0.309570,0.889160,-2.075195,1.953125,7.385254
46724,-0.001587,-0.202881,0.962158,-3.479004,1.647949,7.751465
46733,0.017822,0.025879,1.126343,-4.699707,1.220703,7.690430
46743,-0.001709,-0.047607,1.075073,-4.638672,0.793457,6.958008
46753,0.015747,-0.114990,0.938965,-3.967285,0.427246,6.164551
46764,0.049194,-0.073364,1.087036,-3.601074,-0.183105,4.333496
46774,0.017090,-0.209839,1.065918,-3.967285,-1.708984,2.502441
46784,-0.007202,-0.055542,1.068481,-4.089355,-2.136230,1.037598
46794,0.012207,0.104492,1.075928,-3.356934,-2.258301,-0.427246
46803,0.007080,-0.077515,0.942139,-2.746582,-2.380371,-1.953125
46813,0.018066,-0.147583,0.919922,-2.624512,-2.136230,-2.868652
46823,0.040527,0.064087,1.054443,-2.868652,-1.953125,-3.723145
46835,0.011108,-0.062622,0.982666,-3.417969,-2.014160,-5.004883
46845,0.018677,0.038940,0.967773,-3.112793,-2.258301,-5.432129
46855,0.023315,0.080933,1.014526,-2.319336,-2.258301,-6.042480
46864,0.006958,0.074707,0.963623,-2.014160,-2.319336,-6.713867
46874,0.013306,-0.007446,1.016235,-1.525879,-2.258301,-7.263184
46883,-0.008667,-0.092041,0.940186,-1.281738,-2.380371,-7.873535
46893,0.009521,0.000977,0.904419,-2.258301,-2.563477,-8.483887
46904,0.040649,0.076782,1.002197,-2.685547,-1.892090,-8.789063
46914,-0.001221,0.190430,1.068970,-1.586914,-1.220703,-9.033203
46923,0.015869,0.166504,1.117554,0.122070,-1.342773,-8.728027
46933,0.004028,0.027222,1.035400,1.708984,-1.525879,-8.544922
46944,-0.005615,-0.149414,0.931641,2.197266,-1.403809,-7.995605
46953,0.026611,-0.167480,0.941650,1.464844,-0.549316,-7.141113
46963,0.016724,-0.119385,0.936890,0.549316,0.244141,-5.737305
46975,0.014771,-0.021973,0.917725,0.061035,0.671387,-2.624512
46984,-0.002319,-0.031982,0.975830,0.244141,1.159668,-0.915527
46993,-0.000610,-0.104248,0.990967,0.183105,1.281738,0.244141
47003,-0.025513,-0.095093,1.058105,-0.122070,1.159668,0.427246
47013,-0.011597,-0.049683,1.137207,-0.305176,0.854492,0.732422
47023,-0.049072,-0.143066,0.981567,0.000000,0.915527,0.610352
47033,-0.038452,0.002930,1.010620,0.183105,0.854492,0.915527
47045,-0.050049,-0.184937,0.916992,0.671387,1.831055,1.525879
47055,-0.041992,0.001099,1.076050,0.488281,2.197266,1.159668
47064,-0.026611,-0.142578,1.027344,0.366211,1.953125,0.732422
47073,-0.057373,-0.161255,0.952148,0.549316,1.770020,0.244141
47083,-0.036621,-0.002686,1.007813,0.854492,1.647949,-0.305176
47094,-0.015991,-0.195435,0.927368,0.610352,1.708984,-0.854492
47103,-0.044678,-0.134399,0.958862,-0.305176,1.831055,-1.037598
47115,-0.037964,-0.078613,0.958984,-0.549316,2.136230,-0.854492
47124,-0.026489,0.009155,0.985107,-0.671387,2.136230,-0.732422
47134,-0.030762,-0.083862,1.008423,-0.183105,2.441406,-0.183105
47143,-0.046631,-0.140503,0.938232,-0.183105,2.380371,-0.183105
47154,-0.062500,-0.022827,1.008911,-0.732422,2.319336,0.122070
47163,-0.032471,-0.111328,0.971680,-0.976562,2.502441,0.671387
47175,-0.045288,0.007690,0.962158,-0.610352,3.051758,2.258301
47184,0.014404,0.034912,0.947632,-0.427246,3.173828,3.173828
47194,0.029419,-0.006714,1.088379,-0.488281,3.479004,4.638672
47204,0.057983,-0.113403,1.085449,-0.366211,3.845215,5.737305
47213,-0.014526,-0.183472,0.978516,-0.732422,3.356934,5.981445
47224,-0.014160,0.047485,1.106689,-0.854492,3.540039,6.164551
47233,-0.007690,-0.213989,1.031982,-0.671387,3.234863,5.981445
47245,-0.053345,-0.183838,0.975708,-0.671387,2.990723,5.249023
47255,-0.012695,-0.218994,0.966064,-0.793457,2.868652,5.004883
47264,0.003906,-0.071167,1.056763,-0.915527,2.868652,5.493164
47274,0.016357,-0.043213,1.039185,-0.732422,2.441406,6.103516
47283,0.026733,-0.210815,0.989868,-0.610352,2.441406,7.019043
47294,0.034180,-0.094360,1.052002,-0.244141,2.929688,8.178711
47303,0.073120,-0.082886,0.995117,-0.305176,2.624512,8.666992
47313,0.069458,-0.164062,0.954224,-0.488281,2.075195,8.483887
47323,0.066895,-0.148071,0.972534,-1.647949,0.244141,7.446289
47335,0.081299,-0.151611,1.021118,-1.770020,-0.488281,6.347656
47344,0.069458,-0.098755,1.033691,-2.014160,-0.976562,5.371094
47353,0.114746,-0.093994,1.105347,-1.953125,-1.525879,4.577637
47364,0.076294,-0.262939,0.885620,-1.892090,-2.441406,2.929688
47374,0.095947,-0.002686,0.985107,-2.136230,-3.479004,1.220703
47383,0.079712,-0.134644,0.864502,-2.197266,-5.126953,-0.671387
47393,0.054443,-0.030396,0.835937,-3.051758,-5.737305,-3.234863
47405,0.007202,-0.081177,0.801392,-3.540039,-4.943848,-2.807617
47414,-0.028931,0.018311,0.858398,-3.601074,-3.417969,-1.647949
47424,-0.035034,-0.034302,0.906860,-3.723145,-1.953125,0.244141
47434,-0.060181,-0.122681,0.956177,-3.601074,-1.098633,1.647949
47443,-0.039917,-0.107178,1.005127,-3.601074,-1.464844,2.136230
47453,-0.051270,-0.031128,1.015015,-3.540039,-2.380371,2.136230
47465,-0.146484,-0.180786,0.918823,-2.746582,-2.990723,1.281738
47475,-0.182251,-0.081787,1.037964,-2.075195,-1.403809,1.525879
47484,-0.093262,-0.369019,0.860229,-1.586914,0.000000,2.441406
47494,-0.039063,-0.190918,0.906250,-2.197266,-0.122070,2.929688
47503,0.004883,-0.171509,0.976196,-2.807617,-0.976562,3.295898
47514,0.053467,-0.221924,0.760498,-2.929688,-1.892090,4.028320
47523,0.037109,-0.050903,0.795776,-2.380371,-1.708984,4.943848
47535,-0.053101,-0.336792,0.660522,-1.342773,0.122070,7.690430
47545,-0.013306,-0.558472,0.556763,-1.892090,0.976562,8.544922
47554,-0.033691,-0.622925,0.259155,-3.417969,1.098633,8.605957
47564,-0.107666,-2.420532,-2.206055,-3.906250,0.732422,8.239746
47573,-0.043823,-2.089722,-1.073486,-11.779785,1.220703,7.568359
47583,-0.077515,-2.498291,-1.564331,-29.113770,0.305176,4.943848
47593,-0.275879,-1.740234,-1.769775,-49.682617,-2.258301,-2.563477
47605,-0.263916,0.009277,1.465698,-61.279297,-4.516602,-9.399414
47615,-0.350098,-0.083496,3.501221,-51.086426,-4.394531,-13.671875
47624,-0.281616,0.242676,3.999512,-41.442871,-1.098633,-15.075684
47634,-0.306763,0.728882,3.999512,-29.602051,3.173828,-15.686035
47644,-0.275269,-0.176392,3.110718,-11.352539,7.934570,-13.549805
47653,-0.121948,-0.620117,2.551758,4.760742,12.084961,-10.192871
47666,0.238525,-1.765991,0.988647,10.498047,7.385254,-10.498047
47675,0.507202,-0.993652,1.411499,-0.549316,4.943848,-7.324219
47685,0.560425,-0.637817,1.430176,-5.004883,1.464844,-2.136230
47695,0.761108,-0.679077,1.451538,0.122070,0.488281,6.347656
47704,1.000000,-1.019043,1.740356,6.652832,-0.854492,17.272949
47714,1.656616,0.077026,3.244263,7.202148,-5.676270,27.038574
47724,1.395996,1.083496,3.372803,8.666992,-14.099121,33.630371
47734,0.925659,2.035400,3.453979,18.981934,-22.705078,22.888184
47745,-1.182373,3.657959,3.999512,63.171387,-17.639160,11.779785
47754,-1.354980,3.944580,3.999512,77.331543,-8.178711,7.995605
47764,-0.604370,3.925049,3.952026,83.618164,-1.525879,8.117676
47774,0.344482,3.168335,2.069458,94.299316,0.732422,5.737305
47783,-0.084229,2.058105,0.884644,107.971191,5.065918,14.770508
47794,-0.244263,1.687378,0.783691,115.783691,9.216309,24.780273
47803,-0.858521,1.384399,0.427246,114.746094,11.413574,24.536133
47814,-0.742554,0.811768,-0.424072,108.825684,30.212402,16.479492
47824,-0.738647,0.416992,-0.383667,98.449707,31.494141,18.127441
47833,-0.666260,0.219238,0.024414,94.482422,39.550781,18.127441
47844,-0.601685,0.249268,0.010742,88.317871,43.823242,15.258789
47853,-0.404419,0.076050,-0.153809,81.176758,45.532227,10.559082
47864,-0.065063,-0.214111,-0.323364,74.401855,45.959473,6.225586
47873,0.295288,-0.280762,-0.305176,68.481445,42.846680,-14.038086
47885,0.524048,-0.671509,0.218140,60.791016,30.578613,-8.056641
47895,0.630371,-0.670166,0.175171,54.626465,23.254395,-12.817383
47904,0.558350,-0.359009,0.051758,48.339844,16.479492,-17.578125
47914,0.480103,-0.098755,-0.047119,44.616699,10.375977,-21.484375
47923,0.476440,-0.273071,-0.060547,43.640137,5.187988,-24.230957
47934,0.493652,-0.537720,0.018921,42.968750,-0.366211,-25.146484
47944,0.431152,-0.760132,0.061768,39.978027,-9.033203,-25.085449
47955,0.229736,-0.780518,-0.331421,25.329590,-12.145996,-24.841309
47965,0.187622,-0.618774,-0.481567,18.615723,-14.465332,-23.986816
47974,0.145874,-0.602661,-0.518188,13.366699,-15.441895,-21.728516
47984,0.106201,-0.701660,-0.392090,8.483887,-16.052246,-18.432617
47994,-0.002808,-0.854370,-0.315918,2.380371,-16.052246,-14.587402
48003,-0.064941,-0.920044,-0.362549,-5.004883,-15.319824,-10.925293
48016,-0.188843,-0.836548,-0.474243,-20.751953,-11.047363,-3.356934
48026,-0.186279,-0.730835,-0.367920,-27.038574,-8.056641,1.342773
48036,-0.215332,-0.709595,-0.294189,-32.836914,-4.882812,5.676270
48046,-0.222778,-0.683960,-0.290161,-39.001465,-1.831055,9.826660
48055,-0.215210,-0.600952,-0.301025,-45.837402,1.342773,13.671875
48065,-0.189331,-0.474365,-0.296631,-51.757812,4.272461,17.089844
48074,-0.128784,-0.438965,-0.269897,-57.067871,6.652832,20.141602
48084,-0.126343,-0.390259,-0.250488,-65.795898,8.972168,25.573730
48093,-0.076416,-0.463867,-0.212524,-70.739746,9.399414,27.282715
48104,0.017578,-0.510498,-0.317383,-76.171875,9.460449,28.015137
48113,0.045166,-0.518311,-0.332886,-82.336426,9.155273,27.648926
48124,0.015259,-0.448608,-0.411499,-88.256836,8.422852,27.038574
48133,0.055176,-0.387085,-0.438965,-93.750000,8.239746,26.611328
48144,0.046509,-0.312744,-0.460815,-99.487305,7.751465,25.817871
48153,0.052856,-0.367310,-0.549683,-105.651855,6.958008,22.827148
48165,0.068604,-0.258057,-0.690186,-118.774414,5.310059,21.240234
48174,0.079468,-0.170654,-0.750122,-125.244141,3.967285,18.798828
48184,0.086304,-0.109985,-0.812134,-131.042480,2.502441,15.075684
48193,0.088135,3.987061,3.831055,-135.009766,2.624512,9.521484
48204,0.493896,3.969482,3.999512,-86.181641,1.770020,7.873535
48214,-1.111694,-3.999512,2.277710,-28.137207,-9.155273,13.244629
48224,-1.530273,-3.921997,0.895386,-46.936035,9.582520,10.009766
48235,0.805420,3.999512,2.187500,-85.510254,10.314941,21.911621
48245,0.122070,0.635254,-0.756226,-13.061523,-12.512207,18.066406
48254,-0.776001,-1.181152,3.970703,15.930176,-24.597168,16.540527
48264,-0.638062,0.271973,3.999512,-15.380859,-16.235352,14.709473
48274,-1.060303,-0.908569,2.065186,-16.479492,-6.652832,22.949219
48284,-0.100464,1.978394,2.898682,-12.634277,10.314941,38.330078
48296,1.141479,-0.488525,1.607544,19.226074,17.578125,62.438965
48306,0.597778,-2.021606,1.560181,20.202637,8.361816,61.401367
48315,-0.044556,-1.111938,0.778809,1.342773,-2.258301,50.964355
48325,-0.050171,0.628174,0.721924,-13.732910,0.549316,46.752930
48334,0.139893,0.820923,0.926392,-9.155273,4.699707,50.476074
48344,0.021851,-0.192383,1.458374,8.544922,-2.929688,44.555664
48354,-0.186646,-0.930054,1.822266,18.859863,-12.939453,33.264160
48364,-0.206787,-0.808960,1.708130,11.962891,-14.770508,24.230957
48373,0.103882,0.007935,1.289673,15.197754,-15.930176,20.385742
48384,0.219116,-0.179077,0.774048,23.437500,-18.859863,17.211914
48393,0.153076,-0.733154,1.008179,27.343750,-21.850586,15.136719
48404,-0.001465,-0.604614,0.982178,22.766113,-23.010254,13.000488
48414,-0.032715,-0.029419,0.695435,15.380859,-19.531250,12.145996
48423,0.163574,0.377686,0.326294,12.207031,-14.709473,14.221191
48436,0.209473,-0.165039,0.366211,15.563965,-16.174316,12.573242
48445,0.076660,-0.462158,0.814209,12.512207,-19.836426,7.263184
48455,0.039307,-0.341064,1.123779,6.408691,-22.094727,1.892090
48464,-0.100098,0.034058,1.167847,2.075195,-22.644043,-4.516602
48474,-0.054687,0.097900,0.956665,1.708984,-22.460937,-9.826660
48483,-0.040527,-0.083496,0.781494,3.479004,-22.460937,-15.075684
48494,-0.040649,-0.026367,0.902222,4.943848,-23.376465,-21.057129
48504,-0.021606,0.006226,1.090332,4.638672,-22.705078,-30.395508
48514,0.032837,-0.182373,0.884888,4.394531,-22.521973,-33.935547
48524,0.071655,-0.023193,0.811768,4.394531,-22.827148,-37.963867
48534,0.089233,-0.165405,0.696533,4.333496,-22.338867,-41.076660
48544,0.029541,-0.203003,0.709839,3.479004,-20.996094,-43.273926
48553,0.078369,0.024292,0.898804,2.502441,-19.165039,-45.776367
48564,0.049316,-0.146729,0.847534,1.831055,-17.456055,-47.973633
48573,0.043701,-0.208862,0.607910,1.037598,-16.784668,-49.987793
48585,0.005249,-0.069214,0.608521,-1.342773,-14.892578,-50.415039
48595,0.023193,0.170898,0.937744,-2.380371,-13.366699,-49.743652
48604,0.052979,0.200439,1.199097,-2.075195,-11.840820,-47.363281
48614,0.028931,0.007080,1.190796,-1.037598,-10.681152,-44.677734
48624,0.021484,-0.042114,1.118896,-0.183105,-9.521484,-41.259766
48634,0.010376,-0.099854,0.961426,-0.305176,-8.178711,-37.170410
48644,0.080811,-0.100220,0.996948,-1.464844,-4.699707,-28.076172
48656,0.129883,0.013916,1.082764,-1.464844,-4.211426,-24.719238
48665,0.094360,-0.075806,0.907837,-1.159668,-3.723145,-21.972656
48674,0.058472,-0.044067,0.901611,-1.342773,-3.356934,-19.653320
48684,0.077759,-0.015991,0.920044,-1.403809,-2.624512,-17.456055
48694,0.006714,-0.020996,0.951904,-1.831055,-2.075195,-15.502930
48704,0.027344,0.098267,1.171875,-1.647949,-1.892090,-13.977051
48716,0.047363,-0.100098,1.068604,-0.122070,-2.136230,-12.573242
48726,0.058716,-0.034180,1.080811,0.000000,-2.380371,-12.145996
48735,0.017700,-0.204712,0.962646,0.000000,-2.380371,-11.596680
48744,0.018066,-0.046143,1.056030,-0.305176,-2.502441,-11.596680
48754,0.045410,-0.046753,1.032837,-0.061035,-2.014160,-11.718750
48764,0.023437,-0.098145,0.932007,0.610352,-2.014160,-11.657715
48774,0.024780,-0.080322,0.917969,1.037598,-1.831055,-11.291504
48786,-0.038818,-0.181763,0.870728,0.305176,-1.708984,-11.108398
48796,-0.040894,-0.166870,0.929565,-0.366211,-2.075195,-11.535645
48806,-0.024658,-0.134399,0.889893,-1.037598,-2.014160,-12.207031
48816,-0.029297,-0.021606,0.941528,-1.525879,-2.197266,-12.695313
48825,0.056885,-0.064819,0.901733,-1.647949,-1.953125,-12.634277
48835,-0.015259,-0.085693,0.923950,-1.647949,-1.708984,-12.878418
48844,-0.018311,-0.094727,0.928589,-1.831055,-1.770020,-12.878418
48854,-0.017822,-0.133789,0.957153,-2.624512,-0.061035,-11.291504
48864,-0.053711,-0.053589,1.011353,-2.441406,0.427246,-10.375977
48875,-0.029785,-0.019165,1.101074,-2.624512,0.610352,-9.338379
48884,-0.115479,-0.042236,1.025513,-2.197266,1.037598,-8.117676
48895,-0.109131,0.015381,1.084595,-1.647949,1.525879,-7.202148
48904,-0.099487,0.000000,1.018433,-1.159668,1.525879,-5.981445
48916,-0.078247,-0.062012,1.002930,-0.488281,2.075195,-2.441406
48925,-0.029053,-0.099731,0.952393,-0.854492,2.380371,-0.366211
48935,0.036377,-0.134277,0.950806,-1.220703,2.685547,1.770020
48944,0.056396,-0.079590,0.889893,-1.647949,2.990723,3.356934
48954,0.043945,-0.093262,0.939087,-1.831055,2.746582,4.089355
48964,0.019287,-0.115601,0.972168,-1.892090,2.075195,4.089355
48974,-0.004883,-0.097412,1.003174,-2.319336,1.525879,2.990723
48984,0.006470,-0.012573,1.149902,-2.502441,1.098633,1.647949
48996,-0.038574,-0.013306,1.031738,-1.953125,0.427246,1.037598
49006,-0.035156,0.031494,1.060059,-1.770020,0.488281,1.708984
49015,-0.045654,-0.021118,1.056152,-1.281738,0.427246,2.990723
49025,-0.027344,0.067627,1.098999,-0.854492,0.305176,4.211426
49034,-0.018188,-0.068848,0.946899,-0.549316,0.244141,5.432129
49045,-0.016968,-0.159912,0.922241,-0.915527,0.000000,6.591797
49054,-0.008545,-0.192139,0.831909,-1.403809,-0.549316,6.835937
49064,-0.029297,-0.107910,0.866333,-3.479004,-1.953125,4.516602
49074,0.008667,-0.026611,0.986328,-4.089355,-2.563477,2.380371
49085,-0.020020,-0.023071,0.968994,-4.028320,-3.112793,0.183105
49094,-0.042603,-0.044922,0.963501,-3.479004,-3.234863,-1.098633
49104,-0.038086,0.037476,1.089478,-3.234863,-3.479004,-2.502441
49114,-0.089966,-0.021484,1.044922,-3.234863,-3.662109,-3.906250
49124,-0.094116,0.096802,1.129395,-2.502441,-3.479004,-4.577637
49134,-0.083618,0.007202,1.104614,-1.220703,-3.540039,-5.798340
49146,-0.015015,-0.048950,1.026001,0.305176,-3.540039,-6.774902
49155,-0.040283,-0.184814,1.011353,0.244141,-3.723145,-7.812500
49165,0.023804,-0.037964,1.083984,-0.305176,-4.089355,-9.155273
49175,-0.027954,-0.060913,1.016113,-0.122070,-4.455566,-10.864258
49184,-0.016846,-0.094116,0.941162,0.183105,-4.272461,-12.268066
49194,-0.034668,-0.101074,0.935791,0.305176,-3.784180,-13.244629
49204,0.007568,-0.124756,0.986328,0.183105,-3.540039,-15.380859
49215,-0.009521,-0.090576,0.969727,-0.305176,-3.662109,-16.052246
49225,0.033813,-0.110107,0.964111,-0.732422,-3.662109,-16.418457
49234,0.043457,-0.137817,0.896606,-1.037598,-3.845215,-16.540527
49245,0.014893,-0.153564,0.931030,-1.159668,-3.967285,-16.479492
49255,0.044678,-0.145386,0.906128,-1.647949,-3.723145,-16.418457
49265,0.090210,-0.024048,1.023438,-2.441406,-3.601074,-17.578125
49276,0.122070,-0.015625,0.984253,-2.197266,-4.455566,-18.798828
49286,0.043213,-0.106201,0.978271,-1.586914,-5.065918,-20.019531
49296,0.041870,-0.080811,1.012085,-1.586914,-5.126953,-21.118164
49305,0.024658,-0.152832,1.033203,-1.403809,-4.760742,-22.033691
49315,0.023071,-0.136719,1.008057,-1.647949,-4.333496,-22.460937
49324,0.003052,-0.016357,1.051392,-1.953125,-4.150391,-23.071289
49334,-0.011963,-0.117188,1.000244,-1.647949,-3.723145,-23.071289
49346,-0.012573,-0.080444,0.987549,-1.525879,-2.624512,-22.338867
49356,-0.003418,-0.002686,1.064819,-1.403809,-2.258301,-22.033691
49366,-0.042725,0.035767,1.096924,-1.220703,-2.136230,-21.484375
49376,-0.037476,0.000122,1.025269,-0.366211,-2.136230,-21.057129
49385,-0.037109,0.092773,1.105103,0.793457,-1.892090,-20.690918
49394,-0.048340,-0.105103,0.962280,1.892090,-1.342773,-19.653320
49404,-0.040405,-0.098022,0.976807,2.319336,-0.427246,-18.249512
49414,-0.052979,-0.182495,0.980347,2.075195,0.732422,-16.601562
49425,-0.037964,-0.117554,0.952148,1.220703,1.098633,-15.991211
49435,-0.018188,-0.141724,0.878906,1.098633,1.281738,-16.052246
49445,-0.054321,-0.129272,0.923584,0.732422,1.220703,-16.540527
49454,-0.047852,-0.197998,0.931152,0.061035,1.281738,-16.906738
49465,-0.089478,-0.046265,1.015747,-0.793457,1.586914,-17.089844
49474,-0.081543,-0.104736,1.018555,-0.793457,1.708984,-17.333984
49484,-0.108887,0.031616,1.030884,-0.122070,3.173828,-16.235352
49495,-0.087036,-0.071167,1.019897,0.427246,4.333496,-14.831543
49504,-0.114136,-0.044800,1.028564,0.549316,5.126953,-13.549805
49514,-0.094971,-0.130737,1.004639,0.244141,5.737305,-12.207031
49524,-0.092407,-0.002563,1.020508,0.000000,6.286621,-10.620117
49534,-0.098511,-0.048950,0.958130,0.183105,6.896973,-9.094238
49544,-0.085815,0.066772,1.042847,0.671387,7.507324,-7.995605
49556,-0.072632,-0.071777,1.008179,0.976562,7.629395,-5.004883
49565,-0.044800,-0.010498,1.055542,1.647949,8.544922,-3.173828
49575,-0.098633,-0.120728,0.911499,1.708984,9.216309,-1.037598
49585,-0.088501,-0.012329,1.003784,1.647949,9.582520,1.098633
49594,-0.096680,-0.087646,0.943359,1.831055,9.887695,3.356934
49604,-0.069092,-0.047241,0.960815,1.953125,10.314941,5.249023
49614,-0.068848,-0.130249,0.933350,1.770020,10.375977,7.263184
49624,-0.061157,-0.074097,0.926025,0.976562,10.253906,10.803223
49634,-0.056030,-0.066528,0.972900,0.610352,9.826660,12.573242
49644,-0.055298,-0.023193,0.968994,0.305176,9.521484,14.038086
49654,-0.049316,-0.084717,0.987793,0.305176,9.338379,15.441895
49664,-0.029907,-0.054565,1.006470,0.061035,9.033203,16.662598
49675,-0.063599,-0.134521,0.980713,-0.305176,8.789063,17.944336
49684,-0.038696,-0.024414,1.036865,-0.671387,8.605957,18.798828
49694,-0.065308,-0.081909,1.035400,-0.549316,7.141113,18.676758
49705,-0.049072,-0.026978,1.050659,-0.305176,6.408691,17.761230
49715,-0.046631,-0.205078,0.986328,0.061035,5.493164,16.174316
49725,-0.016846,-0.090088,1.089844,-0.183105,4.516602,13.977051
49734,-0.026489,-0.191895,0.995361,-0.549316,3.295898,11.474609
49744,-0.009155,-0.017334,1.077881,-0.976562,2.380371,9.033203
49754,-0.021973,-0.058228,1.056885,-0.976562,1.586914,6.774902
49766,0.020142,-0.089478,1.026978,-0.671387,-0.183105,1.647949
49775,-0.001221,-0.192139,0.953979,-0.122070,-0.915527,-0.854492
49785,-0.014648,0.004517,1.070068,-0.122070,-1.220703,-3.967285
49795,-0.016357,-0.176514,1.026978,0.122070,-1.464844,-6.530762
49804,-0.009888,-0.090210,1.017212,0.305176,-1.647949,-8.605957
49814,-0.048584,-0.177002,0.947998,0.671387,-1.647949,-10.986328
49826,0.005859,-0.140625,0.959839,0.122070,-1.708984,-15.808105
49835,0.004028,-0.083618,1.014160,-0.244141,-1.708984,-16.967773
49845,0.002075,-0.084717,0.999146,-0.305176,-1.770020,-18.188477
49854,-0.031616,-0.069092,0.952026,-0.305176,-1.464844,-18.981934
49864,-0.023315,-0.004517,1.058228,-0.488281,-0.793457,-18.737793
49875,-0.020752,-0.049072,1.005371,-0.366211,-0.183105,-18.371582
49884,-0.046021,0.065796,1.094604,-0.488281,0.305176,-17.456055
49894,-0.006592,-0.005737,1.053589,0.244141,0.793457,-16.479492
49906,-0.004883,-0.001709,0.937866,0.915527,1.525879,-13.366699
49915,0.025024,-0.085693,0.969238,1.403809,1.831055,-11.840820
49925,0.030396,-0.156372,0.916382,1.159668,2.563477,-10.070801
49934,0.019043,-0.131104,0.916870,0.305176,3.051758,-8.911133
49945,0.059570,-0.043701,0.992432,-0.366211,3.295898,-7.934570
49954,0.055176,-0.020508,0.940918,-0.122070,3.295898,-6.896973
49965,0.071411,0.036987,1.025635,0.671387,2.563477,-5.249023
49975,0.032837,-0.076416,1.050293,0.915527,2.746582,-4.150391
49986,0.000854,-0.087158,1.076660,0.915527,3.051758,-2.746582
49995,-0.015747,-0.061279,1.047485,0.732422,2.807617,-1.831055
50004,-0.017944,-0.030273,1.007080,0.854492,2.929688,-1.098633
50014,-0.055908,-0.110840,0.959961,0.976562,2.990723,0.061035
50025,-0.037231,-0.077759,0.984253,0.793457,3.356934,1.220703
50034,-0.041138,-0.143921,0.930420,0.427246,3.356934,2.136230
50046,-0.080688,-0.170166,0.917358,-0.671387,3.051758,2.929688
50055,-0.037842,-0.117065,0.950684,-1.464844,2.807617,2.868652
50065,-0.067749,-0.104248,0.937500,-1.464844,2.624512,2.685547
50074,-0.048706,-0.104858,0.947266,-1.586914,2.624512,2.563477
50085,-0.057861,-0.129395,0.965332,-2.014160,2.502441,1.831055
50095,-0.088379,0.032593,1.134888,-2.380371,2.563477,1.586914
50107,-0.088989,0.015747,1.035767,-1.464844,2.136230,1.647949
50117,-0.096069,-0.093506,0.959717,-0.793457,2.746582,1.708984
50126,-0.102417,-0.148437,0.940063,-0.610352,2.807617,1.464844
50136,-0.067505,-0.141357,0.962646,-1.098633,3.051758,0.305176
50146,-0.088257,-0.083252,0.949341,-1.525879,2.807617,-0.671387
50155,-0.061768,-0.099487,0.920776,-1.586914,2.746582,-2.136230
50165,-0.067017,-0.049805,0.924805,-1.525879,2.746582,-3.540039
50175,-0.045654,-0.049072,0.927368,-1.037598,2.685547,-5.676270
50185,-0.018433,-0.138062,0.943604,-1.342773,2.868652,-5.981445
50194,-0.041748,-0.105103,0.966553,-1.831055,2.807617,-5.981445
50205,-0.021362,-0.098022,0.959961,-2.502441,2.990723,-5.859375
50215,-0.022217,-0.105469,1.017456,-2.807617,3.417969,-5.004883
50224,-0.013916,-0.000366,1.076538,-2.990723,3.906250,-4.455566
50235,-0.035034,-0.089966,1.000610,-2.868652,4.211426,-4.211426
50245,0.006714,0.101685,1.112183,-2.807617,4.394531,-2.197266
50254,-0.028076,-0.028809,1.033691,-1.525879,4.394531,-0.915527
50265,-0.024536,-0.046753,1.034180,-0.427246,4.516602,0.488281
50275,0.024170,-0.060913,0.990479,0.122070,4.943848,2.502441
50285,0.003784,-0.070679,1.039185,0.244141,5.065918,4.577637
50295,0.007690,-0.142578,0.974365,0.000000,4.943848,6.225586
50305,-0.011475,-0.153442,0.885010,-0.610352,5.004883,7.812500
50314,0.022949,-0.126831,0.904541,-1.525879,5.004883,8.972168
50326,0.014160,-0.089355,0.986816,-2.807617,3.845215,9.033203
50336,-0.024902,-0.126465,0.936646,-3.051758,3.173828,8.117676
50345,0.002808,-0.034058,1.022095,-3.356934,2.685547,7.141113
50355,-0.020752,-0.046997,0.962769,-3.234863,2.258301,6.286621
50364,-0.021606,-0.071533,0.967285,-2.990723,1.647949,5.310059
50374,-0.021729,-0.116455,0.959473,-3.112793,1.403809,4.028320
50387,0.009033,-0.040039,0.962646,-3.112793,0.915527,1.708984
50397,0.002319,-0.049927,0.990601,-2.380371,0.610352,-0.122070
50406,-0.018188,-0.130737,0.929321,-1.708984,0.305176,-1.770020
50416,-0.005859,-0.184448,0.922729,-1.586914,0.122070,-3.295898
50426,0.001221,-0.225464,0.942749,-1.953125,-0.183105,-4.821777
50435,0.005127,-0.208862,0.970093,-3.112793,-0.244141,-5.859375
50445,0.018066,-0.151611,0.951416,-4.089355,-0.244141,-6.774902
50455,0.017700,-0.103027,0.966309,-4.455566,-0.671387,-8.422852
50464,-0.002686,-0.097412,0.941528,-4.028320,-0.549316,-9.033203
50475,-0.000122,-0.078613,1.000122,-3.723145,-0.610352,-9.399414
50485,0.011719,0.021362,1.099731,-3.540039,-0.488281,-9.521484
50495,-0.026001,-0.074829,0.994141,-2.746582,-0.305176,-8.789063
50505,-0.016968,-0.062256,0.990112,-2.258301,0.000000,-8.178711
50515,-0.023193,-0.167969,0.939331,-1.708984,0.671387,-7.568359
50524,0.051392,-0.145386,1.021851,-2.197266,0.976562,-6.958008
50536,0.054077,-0.020874,1.041138,-2.868652,1.037598,-5.737305
50545,0.009766,-0.062500,1.078125,-2.502441,0.976562,-5.065918
50555,0.020752,-0.088989,1.031616,-2.014160,1.281738,-4.211426
50565,-0.004517,0.069092,1.189209,-1.464844,1.525879,-3.356934
50575,0.013672,-0.142822,1.094727,-0.854492,1.708984,-2.380371
50585,-0.026123,-0.055420,1.095825,-0.549316,2.014160,-1.708984
50595,-0.000366,-0.164429,0.985596,-0.610352,1.892090,-1.708984
50605,-0.034424,-0.151367,0.896118,-1.098633,1.403809,-2.197266
50615,-0.016602,-0.116699,0.893677,-1.586914,1.098633,-2.868652
50625,0.011353,-0.143555,0.865845,-2.319336,1.098633,-3.295898
50635,0.025513,0.047729,1.010254,-3.051758,0.793457,-3.906250
50644,-0.001465,-0.048096,1.010620,-2.868652,0.427246,-4.577637
50655,0.010132,0.119995,1.055786,-2.258301,0.488281,-5.004883
50664,-0.019653,0.031494,1.029175,-1.098633,0.671387,-4.516602
50676,-0.069580,-0.060059,1.086548,0.061035,1.342773,-4.211426
50686,-0.065430,-0.102539,0.996582,0.427246,1.586914,-3.723145
50695,-0.051880,-0.048340,0.982056,-0.183105,1.831055,-3.784180
50705,-0.008545,-0.032715,0.974731,-0.366211,1.953125,-4.089355
50714,-0.023193,-0.000977,0.943604,-0.244141,2.197266,-3.906250
50725,0.005737,-0.050537,0.955200,-0.061035,1.892090,-3.784180
50735,-0.002319,0.044922,1.004761,0.122070,2.746582,-2.136230
50746,-0.014404,0.020020,1.042969,0.488281,2.868652,-0.671387
50756,-0.013916,-0.026367,0.991333,0.671387,3.112793,0.610352
50765,-0.038574,0.039185,0.985352,1.220703,3.540039,2.319336
50775,-0.031494,-0.070557,0.897461,1.525879,3.723145,4.028320
50784,-0.037842,-0.081421,0.979736,1.403809,4.028320,5.371094
50795,-0.059204,-0.104736,0.992187,1.220703,4.272461,6.774902
50807,-0.039185,-0.051270,0.998413,1.220703,4.394531,9.948730
50817,-0.056274,0.052368,1.083496,1.708984,4.516602,11.108398
50826,-0.044556,-0.174561,1.006714,2.624512,4.333496,11.962891
50835,-0.035522,-0.035522,1.113281,2.624512,4.211426,12.695313
50845,-0.046753,-0.126221,0.997681,2.807617,4.028320,13.183594
50855,-0.025269,-0.019897,1.046631,2.624512,3.967285,12.939453
50865,-0.035400,-0.182983,0.952271,2.746582,3.417969,12.207031
50874,-0.005859,-0.090820,0.967529,2.990723,2.929688,10.559082
50886,0.040161,-0.191284,0.979004,2.319336,1.220703,9.338379
50895,-0.039917,-0.353027,0.911743,1.281738,1.037598,8.483887
50905,-0.024902,-0.207886,1.010986,0.122070,1.159668,7.873535
50914,-0.066162,-0.231079,0.963867,-0.915527,0.976562,7.385254
50925,-0.059814,0.030884,1.053955,-1.586914,0.976562,7.019043
50935,-0.073730,-0.105225,0.997437,-1.098633,0.854492,6.408691
50944,-0.037842,-0.023437,1.069214,-0.488281,1.159668,5.798340
50956,-0.045044,-0.025635,1.022583,0.061035,0.488281,3.723145
50965,-0.043091,-0.125977,0.937744,0.305176,0.366211,2.502441
50975,-0.000122,-0.046387,0.972046,0.061035,0.244141,1.342773
50984,-0.030273,-0.192139,0.938477,0.183105,-0.061035,0.244141
50995,-0.000244,-0.106445,1.012817,-0.122070,0.061035,-0.610352
51004,-0.020874,-0.148315,0.948853,-0.427246,0.366211,-0.915527
51017,-0.024292,-0.100098,0.999268,-1.281738,0.183105,-0.976562
51027,-0.018433,0.045776,1.080688,-0.976562,0.305176,-0.976562
51036,-0.024902,-0.053955,1.008545,-0.244141,0.183105,-0.976562
51046,-0.003540,-0.016968,1.063965,0.183105,0.305176,-0.671387
51056,0.006226,-0.120361,0.962769,0.671387,0.549316,0.000000
51065,0.036133,-0.087646,0.974487,0.610352,0.549316,0.427246
51074,0.013672,-0.115112,0.980347,0.244141,0.793457,0.793457
51086,0.049438,0.001343,1.015381,0.061035,0.427246,0.549316
51095,0.018066,-0.083618,1.013550,0.366211,0.061035,0.427246
51105,0.052612,-0.100708,0.968872,0.305176,-0.183105,0.671387
51115,0.046021,-0.088379,0.986206,0.366211,-0.488281,0.793457
51125,0.046509,-0.177002,0.956299,0.183105,-0.793457,1.098633
51135,0.059814,-0.104126,1.036865,-0.427246,-1.037598,1.525879
51144,0.046143,-0.160522,0.960449,-0.915527,-0.732422,2.075195
51157,0.055908,-0.169800,0.925293,-1.831055,-1.403809,2.197266
51167,0.031128,-0.069946,0.985840,-2.563477,-1.586914,1.708984
51176,0.008301,-0.135132,0.982910,-2.990723,-1.770020,0.549316
51186,-0.004883,0.039185,1.121460,-3.173828,-1.953125,-0.488281
51196,0.002075,-0.051636,0.982178,-2.685547,-2.197266,-0.976562
51205,-0.041626,-0.000488,1.031982,-2.136230,-2.502441,-1.403809
51215,-0.033691,-0.165771,0.977051,-1.831055,-2.624512,-1.708984
51225,0.012939,-0.070923,1.002319,-2.136230,-2.502441,-2.746582
51234,0.018311,-0.109375,0.933105,-1.953125,-2.807617,-3.723145
51244,0.010132,-0.149536,1.012451,-1.770020,-2.746582,-4.638672
51255,-0.012573,0.007324,1.086548,-1.281738,-2.441406,-5.676270
51265,-0.058960,-0.128418,0.955444,-0.793457,-2.441406,-6.286621
51275,-0.017944,0.002686,1.082764,-0.488281,-2.746582,-6.896973
51284,-0.017456,-0.087280,1.022827,-0.427246,-2.624512,-7.690430
51296,-0.004639,0.035645,1.063965,0.427246,-2.319336,-8.789063
51305,0.032715,-0.011963,0.999878,1.098633,-2.441406,-9.399414
51315,0.004272,-0.163330,0.912109,1.403809,-2.197266,-9.643555
51324,0.052979,-0.149048,0.946533,0.915527,-2.075195,-10.131836
51335,0.017212,-0.123901,0.952148,0.244141,-1.953125,-10.620117
51345,0.065308,0.021484,1.047852,-0.183105,-1.953125,-11.291504
51355,-0.005981,-0.062622,0.958496,-0.061035,-1.953125,-11.901855
51365,0.010498,-0.035034,1.024780,0.976562,-1.464844,-12.634277
51374,-0.011719,-0.089966,1.035767,0.976562,-1.037598,-12.634277
51385,-0.037109,-0.159668,0.885986,0.122070,-0.549316,-11.779785
51395,-0.011719,-0.135254,0.836060,-0.976562,0.244141,-10.375977
51404,0.000977,-0.091919,0.870483,-1.770020,0.732422,-9.033203
51415,-0.004883,-0.105103,0.846191,-2.258301,1.525879,-7.141113
51425,0.023193,-0.044922,0.927490,-3.112793,1.831055,-5.004883
51434,-0.015869,-0.031860,0.982910,-3.784180,2.136230,-2.746582
51444,-0.022827,0.009521,1.003540,-3.845215,2.807617,1.464844
51456,-0.095459,-0.067505,1.004150,-2.990723,3.479004,3.173828
51465,-0.076294,-0.032104,1.029541,-2.563477,3.479004,4.272461
51475,-0.082886,-0.054687,1.013062,-2.014160,3.845215,5.432129
51484,-0.051880,-0.044067,0.993286,-2.075195,3.906250,5.859375
51495,-0.045044,-0.153564,0.920532,-2.258301,3.967285,5.981445
51505,-0.017334,-0.126709,0.937012,-2.258301,3.845215,6.042480
51514,-0.010864,-0.102417,0.920410,-2.319336,3.540039,6.164551
51525,-0.002197,-0.103027,0.991089,-2.624512,3.601074,6.530762
51535,-0.020142,-0.134033,0.949951,-2.624512,3.479004,6.530762
51544,-0.029785,-0.079712,0.961060,-2.685547,3.417969,6.103516
51555,-0.019165,-0.144165,0.964233,-2.685547,3.234863,5.859375
51564,-0.012207,-0.068115,1.058716,-2.807617,3.112793,5.187988
51577,-0.031860,-0.107544,0.977539,-1.953125,2.136230,3.112793
51586,0.014893,-0.222290,0.926636,-2.014160,1.953125,2.441406
51596,-0.003784,-0.132935,0.941528,-2.502441,1.892090,1.831055
51606,0.013794,-0.079956,1.031128,-2.746582,1.525879,1.281738
51615,-0.014893,-0.239014,0.948364,-2.746582,1.525879,1.037598
51624,-0.017944,-0.118530,1.027710,-3.479004,1.647949,1.159668
51635,-0.048218,-0.063477,1.001831,-4.638672,2.014160,1.647949
51645,-0.020752,0.057861,1.097656,-4.455566,2.014160,2.258301
51656,-0.020386,-0.061523,1.040405,-3.723145,2.075195,2.563477
51665,0.001099,-0.063843,1.049072,-3.784180,2.136230,2.929688
51675,-0.004395,-0.082520,1.043701,-3.906250,2.197266,3.173828
51684,-0.010010,-0.017334,1.013306,-4.089355,2.014160,3.479004
51695,0.020386,-0.030640,0.967407,-4.272461,1.953125,3.417969
51704,0.037476,0.039917,0.974487,-4.150391,1.708984,3.601074
51716,0.029907,-0.010986,0.928833,-3.967285,1.342773,3.234863
51725,0.041382,-0.000732,1.035767,-3.967285,1.525879,3.234863
51735,0.008789,0.047607,0.987183,-4.028320,1.220703,2.807617
51744,0.009766,0.175171,1.010132,-3.356934,0.915527,2.380371
51755,-0.021729,-0.009766,1.008057,-2.075195,0.671387,2.380371
51765,0.030640,0.048218,1.053345,-1.281738,0.366211,2.014160
51774,0.020020,-0.043823,1.012939,-0.915527,0.610352,2.136230
51786,0.029907,-0.136963,0.935303,-0.732422,0.366211,2.197266
51795,0.031738,-0.080444,0.927368,-1.098633,0.122070,2.563477
51805,0.057129,-0.060913,0.963257,-1.403809,-0.183105,2.685547
51815,0.053467,-0.117676,0.938232,-1.586914,-0.427246,2.502441
51825,0.031860,-0.042480,0.985840,-1.342773,-0.549316,2.502441
51835,0.027100,-0.003052,1.009277,-1.342773,-0.549316,3.173828
51844,0.033447,-0.091064,0.972290,-0.976562,-0.854492,3.906250
51856,-0.038330,-0.078003,1.018311,-1.159668,-0.976562,5.310059
51865,-0.019531,-0.124023,1.065308,-1.647949,-0.610352,6.103516
51875,-0.066528,-0.068604,1.100342,-1.953125,-0.671387,6.347656
51884,-0.057251,-0.110840,1.017578,-1.831055,-0.793457,5.737305
51894,-0.069458,-0.065674,0.993042,-1.770020,-0.915527,5.187988
51905,-0.061401,-0.126587,0.985474,-1.892090,-0.732422,4.211426
51915,-0.009155,-0.111816,1.049316,-2.197266,-1.098633,2.136230
51924,-0.005371,-0.020020,1.100830,-2.441406,-1.464844,0.183105
51936,0.001587,-0.142334,0.984985,-1.831055,-2.197266,-4.150391
51946,0.039429,-0.084351,1.013916,-1.892090,-2.929688,-6.652832
51955,0.050171,-0.018799,1.050903,-2.075195,-3.662109,-9.033203
51965,0.117188,-0.020630,1.042603,-2.319336,-4.272461,-11.230469
51974,0.083740,0.082275,1.055298,-1.953125,-4.577637,-12.878418
51985,0.075928,-0.015503,0.914429,-1.403809,-4.577637,-13.000488
51995,0.065063,-0.012817,0.968994,-1.281738,-3.051758,-10.375977
52004,0.045776,0.020020,1.046631,-1.953125,-2.014160,-8.666992
52014,-0.139648,0.014526,0.976440,-2.319336,-0.732422,-7.080078
52024,-0.155884,0.067749,0.972534,-2.441406,0.305176,-5.737305
52035,-0.165161,0.058228,0.964966,-2.197266,1.037598,-4.333496
52044,-0.089600,0.056641,0.978394,-1.831055,1.342773,-2.868652
52054,-0.027344,0.052612,0.942139,-1.647949,1.525879,-1.281738
52067,-0.013916,-0.092896,0.800049,-1.831055,1.403809,1.220703
52077,-0.041870,-0.075928,0.867920,-2.197266,2.197266,2.136230
52086,-0.196655,-0.076294,0.864014,-2.563477,3.356934,3.540039
52096,-0.264160,-0.017700,0.967285,-2.807617,5.493164,5.310059
52105,-0.195190,-0.082642,0.935181,-2.441406,7.568359,8.422852
52115,0.001709,-0.127197,0.848755,-2.258301,7.141113,11.413574
52124,0.150635,-0.178345,0.816650,-2.136230,4.699707,13.610840
52137,0.301270,-0.330566,0.687866,-2.319336,-1.159668,18.676758
52147,0.083862,-0.558350,0.611206,-3.051758,-1.281738,20.935059
52156,-0.089600,-0.749146,0.609619,-4.028320,2.441406,24.353027
52166,-0.229492,-1.196655,0.055176,-4.943848,6.896973,27.954102
52175,-0.307129,-3.074463,-2.433960,-4.333496,10.253906,29.785156
52185,0.053833,-2.312744,-0.339966,-13.488770,11.779785,27.160645
52194,0.182251,-3.062500,-2.137329,-29.052734,4.821777,18.859863
52204,0.215210,-1.548096,-1.051270,-49.621582,-2.929688,9.399414
52216,0.039551,0.118652,2.817749,-51.025391,-11.779785,-4.760742
52226,-0.002075,0.083984,3.999512,-38.696289,-10.314941,-7.019043
52235,0.066040,0.186401,3.999512,-25.817871,-6.347656,-7.202148
52245,0.195312,-0.145874,3.999512,-8.361816,-2.868652,-5.859375
52254,0.344971,-1.522705,2.027588,9.399414,-2.624512,-5.676270
52265,0.188599,-1.784180,0.984009,13.671875,-5.187988,-9.216309
52274,0.071533,-1.744751,0.875488,7.385254,-10.742188,-16.235352
52286,-0.078979,-1.332642,1.656982,-1.037598,-13.366699,-26.733398
52296,-0.067383,-1.245483,1.701538,2.075195,-10.009766,-27.770996
52305,-0.065063,-0.888062,1.975464,4.882812,-5.859375,-26.184082
52315,0.010132,0.591675,3.032471,5.798340,-2.136230,-23.925781
52324,-0.556763,1.471558,3.094849,10.375977,-0.610352,-22.094727
52334,-0.925415,2.306763,3.412354,24.414062,-0.427246,-20.996094
52346,-1.786255,3.295654,3.999512,61.279297,17.333984,-12.573242
52355,-0.458496,3.999512,3.999512,73.608398,25.512695,1.098633
52364,1.433350,3.999512,3.999512,83.923340,31.005859,14.160156
52375,1.789429,3.524536,2.527832,102.783203,37.109375,28.503418
52384,0.548950,1.770630,0.751221,121.093750,33.691406,32.043457
52395,0.066284,1.534546,0.659912,127.502441,25.634766,17.639160
52404,-0.501099,1.285645,0.155029,124.694824,20.141602,5.371094
52416,0.383789,1.123047,-0.297119,109.680176,25.756836,9.704590
52425,0.286987,0.582153,-0.074951,105.285645,25.268555,15.380859
52435,0.164673,0.141357,0.117432,100.952148,21.179199,17.150879
52445,-0.256226,-0.265259,-0.051636,93.261719,15.441895,16.235352
52454,-0.242065,-0.169678,-0.249878,82.519531,10.925293,12.573242
52465,-0.104614,-0.203979,-0.489136,72.998047,7.080078,9.277344
52475,0.437256,-0.113892,-0.402832,66.528320,4.760742,6.896973
52484,0.459106,-0.166504,-0.129028,63.232422,3.479004,6.958008
52496,0.282837,-0.546753,0.094116,60.424805,-2.014160,7.324219
52505,0.123169,-0.580078,-0.102783,49.804687,-4.394531,5.615234
52515,0.195312,-0.416626,-0.227295,44.677734,-5.920410,3.295898
52524,0.221191,-0.440796,-0.289917,41.015625,-7.324219,2.624512
52535,0.345093,-0.610474,-0.207520,37.780762,-8.666992,2.990723
52545,0.285767,-0.791748,-0.091431,33.508301,-10.437012,3.356934
52554,0.164429,-0.834839,-0.091064,27.404785,-12.756348,2.929688
52564,0.017944,-0.742798,-0.151978,13.549805,-15.747070,3.540039
52575,-0.167603,-0.543335,-0.145508,8.789063,-15.258789,5.371094
52585,-0.244995,-0.545288,-0.064697,4.882812,-14.099121,7.019043
52594,-0.226807,-0.643311,-0.001709,0.549316,-12.451172,8.605957
52605,-0.208130,-0.630127,-0.050049,-4.577637,-10.864258,10.620117
52615,-0.176147,-0.689453,-0.084595,-9.887695,-9.216309,12.207031
52624,-0.242554,-0.593018,-0.092407,-14.709473,-7.873535,14.709473
52636,-0.136353,-0.673462,-0.102051,-22.216797,-5.310059,15.686035
52646,-0.030396,-0.714478,-0.116455,-26.611328,-3.967285,15.441895
52655,0.009033,-0.765869,-0.116333,-31.982422,-2.624512,15.014648
52665,0.020142,-0.777466,-0.195923,-37.719727,-1.770020,14.709473
52675,0.049438,-0.733521,-0.230103,-43.151855,-1.037598,13.488770
52685,-0.000610,-0.681763,-0.245605,-48.217773,-1.037598,11.840820
52694,0.041382,-0.659180,-0.191406,-53.344727,-0.854492,8.239746
52706,0.031494,-0.557129,-0.213501,-64.514160,0.549316,5.737305
52716,0.006226,-0.491699,-0.266479,-70.007324,0.976562,2.868652
52725,0.049194,-0.383301,-0.249023,-75.561523,1.037598,0.793457
52735,0.062500,-0.333252,-0.229492,-80.444336,1.464844,-0.915527
52745,0.083862,-0.287842,-0.227173,-85.510254,1.464844,-2.258301
52754,0.121704,-0.248657,-0.259888,-90.881348,0.915527,-3.051758
52766,0.122192,-0.165405,-0.308350,-101.623535,-0.122070,-2.868652
52775,0.084717,-0.103149,-0.422119,-106.872559,-0.244141,-2.075195
52785,-0.001221,-0.074219,-0.473999,-112.121582,0.183105,-0.671387
52795,-0.073242,-0.095093,-0.567017,-117.614746,1.708984,1.159668
52805,-0.087646,-0.094604,-0.662842,-123.779297,3.845215,3.295898
52815,-0.057251,-0.002808,-0.715454,-130.004883,5.798340,4.760742
52824,0.071777,3.972656,3.998901,-133.361816,8.300781,4.211426
52835,0.279419,3.795776,3.999512,-21.789551,-3.479004,20.080566
52845,-0.974976,-3.859131,0.504517,-50.537109,3.417969,8.361816
52855,-0.103760,3.999512,2.221924,-111.206055,15.197754,7.934570
52865,0.616577,3.999512,2.817505,-86.303711,12.756348,21.850586
52874,-0.072632,0.065918,-1.534180,-13.244629,-9.399414,14.892578
52884,-0.608398,-0.604980,3.940918,12.451172,-17.089844,14.953613
52895,-0.468872,0.644287,3.999512,-14.465332,-5.676270,16.357422
52904,-0.630859,-1.402954,1.475586,-11.962891,1.464844,20.935059
52916,-0.051147,1.119873,0.721436,-4.943848,20.202637,42.541504
52925,0.775757,0.040771,1.804932,7.080078,16.723633,41.625977
52934,0.125000,-1.466064,1.426636,10.559082,7.446289,37.597656
52945,-0.271606,-0.692017,1.170410,-3.967285,-0.305176,26.184082
52954,-0.087769,0.483643,1.110718,-16.967773,2.136230,23.620605
52964,0.133301,0.974487,1.263916,-14.343262,7.385254,28.747559
52976,0.052612,0.124146,1.436279,11.047363,0.732422,30.578613
52985,-0.132935,-0.418335,1.816406,12.023926,-0.915527,29.907227
52994,-0.144043,-0.220215,1.201416,9.643555,-0.366211,29.418945
53005,-0.095093,0.001465,0.846069,11.230469,0.854492,28.503418
53014,-0.073486,-0.183105,0.791138,17.639160,0.061035,26.977539
53025,-0.056641,-0.519531,0.941040,22.521973,-2.685547,23.803711
53034,-0.093384,-0.758545,1.028931,20.507812,-5.798340,19.897461
53046,-0.082397,-0.315552,0.917358,11.962891,-4.089355,14.770508
53055,0.152466,0.093262,0.360962,13.366699,-2.380371,16.296387
53065,0.102905,-0.129761,0.390381,17.150879,-3.723145,17.028809
53074,0.031006,-0.327515,0.589111,18.310547,-5.371094,16.540527
53085,0.036865,-0.439697,0.793701,15.380859,-5.737305,16.601562
53095,0.035889,-0.342529,0.844116,10.437012,-4.211426,17.150879
53105,-0.033936,-0.197510,0.801758,7.446289,-3.112793,17.822266
53115,0.037231,-0.043579,0.818115,8.178711,-3.356934,18.920898
53124,0.054932,-0.026123,0.890137,9.399414,-4.760742,18.493652
53135,0.128418,-0.325073,0.996826,9.704590,-6.408691,17.150879
53144,0.190430,-0.358154,0.961304,8.728027,-7.568359,15.747070
53155,0.197510,-0.339844,0.840820,7.568359,-9.094238,13.916016
53164,0.250977,-0.324341,0.762939,6.652832,-10.742188,11.047363
53174,0.222412,-0.357178,0.786011,6.530762,-12.268066,7.751465
53184,0.220459,-0.339478,0.800049,6.103516,-13.793945,3.784180
53196,0.130981,-0.294067,0.866333,4.028320,-16.357422,-6.103516
53205,0.024902,-0.280640,0.876221,3.051758,-17.333984,-11.169434
53215,-0.020386,-0.175293,0.830933,2.746582,-18.005371,-16.174316
53225,0.029541,-0.163086,0.911255,2.929688,-18.310547,-20.568848
53234,0.019897,-0.245605,0.918457,3.112793,-17.700195,-23.742676
53245,0.034424,-0.130493,1.000732,2.929688,-17.028809,-26.184082
53254,0.092651,-0.137695,1.048584,2.868652,-15.808105,-27.587891
53266,0.093628,-0.220215,1.085083,2.868652,-14.831543,-28.625488
53276,0.059204,-0.292114,1.015015,2.868652,-14.892578,-29.113770
53286,0.055542,-0.274170,0.989502,2.441406,-14.465332,-28.747559
53295,0.051025,-0.173584,1.028442,0.732422,-13.549805,-27.770996
53305,0.056274,-0.137695,1.037476,-0.427246,-13.244629,-26.672363
53315,0.037720,-0.035156,0.989502,-1.159668,-12.145996,-24.230957
53325,0.079346,-0.033936,0.984131,-0.854492,-10.131836,-17.517090
53335,0.147949,-0.094482,0.938477,-0.976562,-9.826660,-14.953613
53345,0.102051,-0.071411,1.005615,-1.770020,-9.887695,-13.183594
53355,0.064331,-0.062134,1.116821,-2.136230,-9.643555,-12.634277
53365,0.025513,-0.084839,1.013184,-2.197266,-9.521484,-12.939453
53375,-0.000977,-0.043335,1.054199,-2.197266,-9.521484,-13.793945
53385,-0.026855,-0.163452,0.992432,-2.197266,-9.704590,-14.648438
53394,-0.035034,-0.096558,0.967773,-2.685547,-8.483887,-15.319824
53406,0.013550,0.027588,0.967285,-3.479004,-7.629395,-15.136719
53416,0.053955,0.039917,0.934204,-3.112793,-7.263184,-15.808105
53425,0.029785,0.062012,0.961792,-2.685547,-7.568359,-16.906738
53435,0.042847,0.009033,0.944946,-2.746582,-7.934570,-18.615723
53445,0.023071,0.062134,0.964600,-2.563477,-8.056641,-20.996094
53455,0.050781,0.041626,0.988037,-2.258301,-8.178711,-23.071289
53464,-0.014282,0.080933,1.023560,-2.319336,-8.422852,-26.733398
53476,0.020874,0.061035,0.924438,-2.075195,-7.873535,-27.526855
53486,0.057983,0.019897,0.844360,-2.258301,-7.141113,-27.343750
53495,0.060791,0.105591,0.948486,-2.868652,-6.408691,-26.672363
53505,0.068115,0.108398,0.936646,-3.112793,-5.981445,-25.756836
53515,0.003296,0.137085,0.945557,-2.990723,-5.554199,-24.963379
53525,-0.013428,0.102417,0.983765,-2.685547,-5.065918,-24.230957
53534,-0.027222,0.043823,1.010986,-2.624512,-4.699707,-23.071289
53546,0.036255,0.088135,1.010010,-2.929688,-3.295898,-21.179199
53555,-0.001709,0.089355,1.021362,-2.868652,-3.173828,-19.775391
53565,0.062012,0.010742,1.031250,-2.685547,-2.624512,-18.554687
53575,0.006104,-0.018799,0.973145,-2.685547,-2.258301,-17.150879
53584,0.031006,-0.060181,0.965332,-3.112793,-1.403809,-16.052246
53594,0.028442,0.010254,0.978149,-3.845215,-0.976562,-15.319824
53606,0.054687,0.064819,1.007935,-3.723145,-1.342773,-15.747070
53615,0.055664,-0.015015,1.064453,-3.417969,-1.770020,-17.150879
53625,0.018921,-0.004639,1.041138,-3.173828,-1.953125,-18.493652
53635,0.030029,-0.047974,0.988037,-3.173828,-1.892090,-19.409180
53644,0.002686,0.061646,1.054565,-3.662109,-2.136230,-20.690918
53654,-0.030273,0.121460,1.057983,-3.417969,-2.014160,-21.057129
53665,-0.021729,0.097534,1.004272,-2.807617,-1.220703,-20.935059
53674,-0.036133,0.053589,0.997070,-2.380371,-0.610352,-19.775391
53686,-0.072144,0.035156,0.982544,-2.319336,0.732422,-18.127441
53695,-0.062378,0.061035,1.010010,-2.319336,1.464844,-17.028809
53705,-0.083130,0.087524,0.993286,-2.136230,2.014160,-15.991211
53715,-0.067261,0.079102,1.001831,-1.708984,2.563477,-14.709473
53725,-0.074219,0.010498,0.983887,-1.037598,3.112793,-13.122559
53735,-0.065063,-0.050171,0.928711,-0.610352,3.967285,-11.230469
53745,-0.071411,-0.071045,0.913452,-1.342773,4.943848,-8.178711
53755,-0.073120,-0.033691,0.920898,-1.892090,5.432129,-7.019043
53764,-0.144165,0.002319,0.935913,-2.197266,5.920410,-5.615234
53775,-0.131226,-0.010742,0.958496,-2.380371,6.408691,-3.723145
53785,-0.101074,-0.032471,0.999023,-2.319336,6.835937,-1.831055
53795,-0.116699,0.001587,0.953125,-2.197266,7.873535,0.366211
53804,-0.073242,-0.027222,0.971069,-2.197266,8.666992,3.234863
53817,-0.088867,0.016479,0.997681,-2.319336,10.070801,8.422852
53827,-0.095093,0.036377,1.093506,-1.708984,10.986328,10.986328
53836,-0.168335,-0.009155,1.061035,-1.220703,11.474609,12.817383
53846,-0.192749,-0.040283,1.040649,-0.976562,11.840820,13.977051
53855,-0.135132,-0.080078,1.028931,-0.488281,11.779785,13.916016
53865,-0.140869,-0.113159,1.006714,-0.488281,11.657715,13.610840
53875,-0.126099,-0.090454,0.968872,-0.244141,11.718750,13.916016
53884,-0.072754,-0.043823,1.031494,-0.305176,11.474609,15.563965
53896,-0.056274,-0.067139,0.998535,-0.305176,10.742188,16.845703
53906,0.011597,-0.067627,1.018066,-0.061035,10.437012,19.287109
53915,0.063965,-0.102905,0.994995,-0.061035,9.704590,21.789551
53924,0.013428,-0.150757,0.969360,-0.244141,8.911133,24.108887
53935,0.007690,-0.061157,1.056519,-0.427246,8.178711,26.306152
53944,-0.018188,-0.131592,1.035156,-0.061035,7.995605,27.832031
53957,-0.021973,-0.184448,0.948730,-0.427246,6.774902,27.954102
53966,0.010498,-0.109985,1.046143,-0.671387,6.408691,27.770996
53976,-0.007568,-0.193237,0.894775,0.061035,6.286621,26.977539
53985,0.037476,-0.265259,0.918945,0.061035,5.798340,26.062012
53994,0.021973,-0.191650,0.982910,-0.488281,5.126953,24.902344
54005,-0.015381,-0.143677,1.019653,-0.976562,3.845215,22.949219
54014,-0.009888,-0.033569,1.086060,-1.037598,2.380371,20.202637
54027,-0.055786,-0.115601,1.093750,0.488281,-0.122070,12.939453
54037,-0.022583,-0.052124,1.137451,1.159668,-1.098633,7.995605
54046,-0.027588,-0.174561,1.034180,1.708984,-2.502441,3.295898
54056,-0.007690,-0.178833,1.045410,1.586914,-3.845215,-1.647949
54065,0.014648,-0.117676,1.031128,1.159668,-4.699707,-5.859375
54075,0.047852,-0.171509,0.967041,0.976562,-5.065918,-8.972168
54085,0.066650,-0.120483,1.008667,0.915527,-4.882812,-11.535645
54095,0.058594,-0.095215,1.011597,0.793457,-4.760742,-14.892578
54106,0.061279,-0.093018,1.023071,0.854492,-4.455566,-16.418457
54116,0.031616,-0.093506,1.016968,1.037598,-4.150391,-17.517090
54126,0.053589,-0.170044,0.978394,1.220703,-4.089355,-19.042969
54135,0.053467,-0.157715,0.971191,1.220703,-4.211426,-20.568848
54145,0.058472,-0.142944,0.974243,1.037598,-4.394531,-21.789551
54155,0.072998,-0.158081,0.904663,1.037598,-4.394531,-22.583008
54165,0.123413,-0.116577,0.974365,0.610352,-3.784180,-22.094727
54175,0.098755,-0.085693,0.964722,0.549316,-3.479004,-20.629883
54185,0.075806,-0.043945,1.000854,0.549316,-2.990723,-18.676758
54195,0.053345,-0.081177,0.980591,0.854492,-2.380371,-17.028809
54205,0.032471,-0.118774,0.979492,0.915527,-1.831055,-15.441895
54215,0.008179,-0.162598,0.962646,0.915527,-1.647949,-14.038086
54225,-0.002197,-0.164551,0.921509,0.549316,-1.464844,-12.573242
54234,0.006226,-0.130249,0.929077,-0.061035,-0.976562,-10.314941
54246,0.024780,-0.121704,0.967773,-0.122070,-0.854492,-9.643555
54256,0.043457,-0.110962,0.988281,-0.549316,-0.671387,-8.911133
54265,0.031982,-0.137329,0.962158,-1.037598,-0.610352,-7.873535
54275,0.060425,-0.083984,1.020020,-1.525879,-0.366211,-7.080078
54285,-0.014404,-0.031860,1.046021,-1.647949,-0.610352,-6.286621
54295,-0.008911,-0.121094,0.993408,-1.342773,-0.305176,-5.676270
54305,-0.020264,-0.076782,1.051880,-1.647949,-0.244141,-4.821777
54314,-0.029663,-0.104614,1.084595,-1.464844,0.000000,-5.004883
54325,-0.032959,0.026611,1.077393,-0.915527,0.244141,-5.554199
54335,-0.021851,-0.073975,0.992310,-0.183105,0.000000,-5.920410
54345,-0.047241,-0.085571,1.020508,0.244141,0.061035,-6.225586
54355,-0.021729,-0.116211,1.002197,0.061035,0.061035,-6.713867
54364,-0.072021,-0.109131,0.988037,0.183105,0.366211,-7.019043
54377,-0.097168,-0.092163,0.913818,-0.122070,1.342773,-6.103516
54387,-0.040771,-0.109741,0.905640,-0.366211,1.953125,-5.554199
54396,-0.053467,-0.124146,0.937012,-0.732422,2.197266,-4.394531
54406,-0.054810,-0.110596,0.981323,-1.586914,2.380371,-3.234863
54415,-0.047974,-0.071289,0.998779,-2.319336,2.807617,-2.258301
54425,-0.073120,-0.025146,0.986572,-2.990723,3.112793,-0.854492
54435,-0.064331,-0.009644,0.992920,-3.112793,3.417969,0.366211
54447,-0.029907,0.022949,1.017456,-3.112793,3.662109,2.441406
54457,-0.043457,0.002686,1.020752,-3.112793,4.272461,3.906250
54466,-0.018677,0.042603,1.028442,-2.990723,4.455566,4.943848
54475,-0.030884,0.001343,0.993408,-2.929688,4.760742,6.103516
54485,-0.012695,-0.028564,0.974976,-3.112793,4.943848,7.507324
54495,-0.001709,0.011963,1.023926,-3.112793,4.760742,8.422852
54505,-0.020752,0.039917,1.010742,-2.990723,4.394531,9.033203
54514,-0.018311,0.070190,1.027466,-2.685547,4.211426,9.948730
54526,-0.029297,-0.031616,1.002197,-1.586914,3.967285,10.192871
54536,-0.040894,0.006104,1.018188,-1.770020,3.662109,10.498047
54545,-0.072998,-0.010742,1.057495,-2.014160,3.540039,10.864258
54555,-0.061646,-0.015015,1.037354,-1.586914,3.845215,11.474609
54565,-0.056396,0.064575,1.029907,-1.220703,3.845215,11.718750
54574,-0.042847,-0.030884,0.993896,-0.854492,3.906250,12.023926
54587,-0.058105,-0.015381,0.975830,-0.793457,3.051758,12.329102
54596,-0.061035,-0.053223,1.011353,-0.854492,2.685547,12.329102
54606,-0.046997,-0.051025,1.003906,-0.915527,2.563477,12.023926
54615,-0.047729,0.033936,1.005615,-0.305176,2.319336,11.840820
54625,-0.048584,-0.071411,0.970947,0.244141,2.258301,11.718750
54635,-0.039551,-0.135498,0.947266,0.305176,2.014160,10.986328
54645,0.003418,-0.084961,0.948730,0.183105,1.220703,10.009766
54657,0.036743,-0.177979,0.969849,-0.488281,0.244141,7.446289
54666,0.052612,-0.088013,0.980103,-0.671387,-0.488281,5.493164
54676,0.055176,-0.115967,1.011597,-0.610352,-1.403809,3.234863
54685,0.081665,-0.149292,1.027710,-1.098633,-2.258301,0.549316
54695,0.056763,-0.037476,1.047852,-1.220703,-3.051758,-1.892090
54705,0.068726,-0.078979,1.032715,-0.976562,-3.601074,-4.150391
54715,0.074707,-0.123535,1.047485,-0.732422,-4.089355,-6.042480
54725,0.084229,-0.024170,1.046387,-0.122070,-4.211426,-8.117676
54736,0.116577,-0.124268,1.005737,-0.122070,-4.394531,-9.033203
54746,0.089111,-0.101440,0.962158,0.000000,-4.272461,-9.704590
54755,0.141235,-0.073975,1.011353,0.000000,-4.333496,-10.742188
54765,0.085571,-0.140991,0.926147,-0.427246,-4.760742,-12.084961
54775,0.108032,-0.134399,0.976318,-0.610352,-5.187988,-13.549805
54785,0.075439,-0.036499,1.025024,-0.854492,-5.859375,-15.441895
54796,0.066162,-0.046753,1.006226,-0.793457,-6.408691,-19.348145
54806,0.078857,-0.036255,0.976562,-0.183105,-7.568359,-20.263672
54816,0.050781,-0.096558,0.975220,0.000000,-7.568359,-21.057129
54825,0.045776,-0.087036,1.020874,-0.183105,-7.080078,-21.362305
54835,0.057129,-0.017334,1.038696,-0.061035,-6.408691,-20.996094
54845,0.026733,-0.061401,1.002441,-0.061035,-5.798340,-20.568848
54855,0.033203,-0.085815,0.972900,0.000000,-5.432129,-20.385742
54866,0.014282,-0.023193,1.019165,-0.122070,-4.821777,-19.653320
54876,-0.019287,-0.043457,0.995850,0.244141,-4.394531,-19.348145
54885,-0.009521,0.014648,1.050781,0.488281,-3.967285,-19.348145
54895,-0.043701,-0.038208,1.020508,0.976562,-3.356934,-19.042969
54905,-0.058105,-0.089722,1.008789,1.037598,-2.746582,-18.615723
54915,-0.024292,-0.065796,1.017944,1.037598,-2.319336,-17.761230
54925,-0.060059,-0.087280,1.034668,0.793457,-1.586914,-16.601562
54935,-0.029663,-0.142090,0.972778,0.488281,-0.061035,-13.549805
54946,0.001953,-0.136597,0.965454,-0.305176,0.732422,-12.207031
54956,-0.041260,-0.154419,0.904663,-1.098633,0.671387,-11.108398
54966,-0.042480,-0.081421,0.976318,-1.831055,0.915527,-10.314941
54976,-0.076782,-0.028320,1.017456,-2.197266,1.464844,-9.582520
54985,-0.075928,-0.068970,0.964966,-2.075195,2.136230,-8.483887
54995,-0.034912,-0.121704,0.949341,-2.075195,2.380371,-7.568359
55006,-0.036743,-0.046387,1.031616,-2.258301,2.380371,-5.981445
55016,-0.023315,-0.050415,1.017334,-1.892090,3.295898,-4.943848
55025,-0.025635,-0.063477,1.050903,-1.281738,3.723145,-4.089355
55035,-0.075317,-0.110596,0.982788,-0.732422,4.211426,-3.479004
55045,-0.067383,-0.117432,0.949219,-0.976562,4.333496,-3.234863
55055,-0.071411,-0.093628,0.992065,-0.915527,4.516602,-3.051758
55065,-0.066528,-0.077881,1.024292,-0.732422,4.882812,-2.990723
55077,-0.063843,-0.041504,1.024292,-1.037598,4.943848,-2.380371
55086,-0.075684,-0.036743,1.008789,-1.403809,5.249023,-1.403809
55096,-0.078735,-0.060547,0.976685,-1.159668,5.859375,0.183105
55105,-0.073853,-0.049561,0.976929,-0.732422,6.164551,2.014160
55115,-0.058228,-0.051514,1.005493,-0.427246,6.408691,3.723145
55125,-0.053467,-0.075073,0.942627,-0.610352,6.896973,5.310059
55135,-0.050903,-0.045532,0.994873,-0.671387,7.324219,7.324219
55145,-0.051025,-0.027588,1.023071,-0.305176,7.385254,11.291504
55155,-0.068604,-0.104492,0.986450,-0.244141,7.873535,13.061523
55165,-0.039185,-0.066772,1.049927,-0.793457,7.751465,15.075684
55175,-0.066406,-0.054687,0.966675,-0.854492,7.934570,16.845703
55185,-0.013672,-0.069092,0.989502,-0.793457,7.873535,18.249512
55195,-0.005493,-0.025635,1.006592,-0.488281,7.507324,19.409180
55205,-0.022095,-0.091309,0.990845,-0.244141,6.652832,19.775391
55216,0.007813,-0.102417,1.047241,-0.244141,6.286621,20.080566
55226,-0.011841,-0.108032,0.996948,-0.549316,5.615234,20.080566
55235,0.029175,-0.109985,1.017578,-0.488281,5.493164,19.531250
55245,0.031860,-0.039307,1.087036,-0.549316,4.699707,18.920898
55255,0.005127,-0.051636,1.048584,-0.305176,3.967285,18.371582
55265,0.026001,-0.137695,0.975586,-0.183105,3.417969,17.333984
55276,0.003174,-0.148315,0.975708,-1.037598,1.647949,14.404297
55286,0.001099,-0.114746,0.968750,-1.403809,0.976562,12.634277
55295,0.015991,-0.168335,1.015381,-1.647949,-0.122070,10.314941
55305,0.021851,-0.019287,1.025391,-1.953125,-1.037598,7.812500
55316,0.001831,-0.000366,0.977295,-1.770020,-1.708984,5.615234
55325,0.064819,-0.088379,1.028564,-1.525879,-2.319336,3.784180
55335,0.038086,-0.072998,0.997192,-1.281738,-2.685547,1.708984
55345,0.043945,-0.059937,1.020752,-1.281738,-3.112793,-0.244141
55355,0.006836,-0.129028,0.939453,-1.098633,-3.173828,-2.990723
55366,0.034912,-0.017822,1.060425,-0.793457,-3.234863,-4.699707
55376,-0.000488,-0.097168,0.932007,-0.122070,-3.479004,-5.798340
55385,0.002075,-0.162964,0.915039,0.549316,-3.479004,-6.530762
55395,0.024536,-0.201416,0.903931,0.427246,-3.479004,-7.141113
55405,0.006592,-0.221924,0.956421,-0.305176,-3.479004,-7.690430
55415,0.012573,-0.151489,0.886963,-1.403809,-3.662109,-8.483887
55425,0.007324,-0.133179,0.866821,-2.197266,-3.662109,-9.155273
55435,0.004395,-0.171265,0.835205,-2.502441,-3.662109,-9.277344
55445,0.036377,-0.200806,0.892090,-2.807617,-3.356934,-9.582520
55455,0.031250,-0.199829,0.886108,-3.540039,-3.295898,-9.704590
55465,0.015137,-0.090942,0.951294,-4.211426,-3.051758,-9.521484
55475,0.020264,-0.114014,1.009277,-4.394531,-2.929688,-9.277344
55485,-0.033081,-0.182861,0.980713,-4.333496,-2.319336,-8.728027
55495,0.007568,-0.113037,1.015137,-4.516602,-1.586914,-7.995605
55505,-0.036133,-0.119141,0.956421,-4.577637,-1.281738,-7.629395
55515,-0.016724,-0.093994,1.033569,-3.967285,-0.793457,-7.385254
55525,-0.021851,-0.118774,1.030029,-3.723145,-0.549316,-7.080078
55535,-0.020996,-0.223877,0.918213,-3.662109,-0.610352,-7.019043
55545,-0.017822,-0.163574,0.993042,-3.845215,-0.854492,-6.896973
55555,-0.014893,-0.073364,1.029297,-4.211426,-0.732422,-6.835937
55566,0.000854,-0.193359,0.938354,-4.150391,-0.732422,-6.530762
55576,0.029053,-0.123657,0.969849,-4.272461,-0.183105,-6.408691
55585,0.011230,-0.132324,1.033203,-4.516602,-0.244141,-6.469727
55595,0.013916,-0.129639,0.998535,-4.882812,0.000000,-6.408691
55606,-0.007324,-0.047363,1.068848,-4.943848,0.610352,-6.530762
55615,-0.024414,-0.064819,1.040039,-4.577637,0.427246,-6.469727
55625,-0.032959,-0.028687,1.081055,-4.211426,0.366211,-6.347656
55637,0.019653,-0.046753,1.043823,-3.967285,0.488281,-6.103516
55646,0.029663,-0.019897,1.033936,-3.479004,0.366211,-5.737305
55656,0.043213,0.061768,1.057129,-3.417969,0.305176,-5.249023
55665,0.016846,-0.020020,0.985474,-3.234863,0.427246,-4.699707
55675,0.055664,-0.041016,1.010376,-3.112793,0.732422,-4.211426
55685,0.031006,0.051025,1.055908,-2.929688,0.610352,-3.662109
55695,0.028442,0.000732,1.009277,-2.929688,0.488281,-3.967285
55705,0.031006,-0.010864,1.070313,-2.014160,0.122070,-4.516602
55716,0.035156,0.003662,1.031616,-1.770020,-0.305176,-5.065918
55726,0.059204,-0.035400,1.027832,-1.464844,-0.549316,-5.065918
55735,0.049438,0.000366,1.035034,-1.159668,-0.305176,-4.577637
55745,0.034424,-0.067749,0.956055,-1.281738,-0.244141,-3.967285
55756,0.035889,-0.097900,0.936035,-1.770020,-0.366211,-3.295898
55765,0.019043,-0.017334,0.944458,-2.441406,-0.122070,-2.746582
55775,0.022095,0.034058,1.034790,-3.234863,-0.061035,-2.685547
55785,-0.011108,0.041626,0.967163,-3.051758,-0.244141,-2.807617
55796,-0.012695,0.014771,0.970337,-2.685547,-0.671387,-3.051758
55805,-0.037598,-0.005737,1.009033,-2.441406,-0.854492,-3.540039
55815,-0.036865,-0.026489,0.912231,-2.258301,-0.732422,-3.601074
55826,-0.025879,-0.022949,0.952271,-1.892090,-0.488281,-3.234863
55836,-0.026489,0.009399,0.911865,-1.098633,-0.061035,-1.953125
55845,-0.029175,0.000610,0.941162,-0.610352,0.305176,-1.098633
55856,0.003052,-0.025024,0.993408,-0.427246,0.549316,-0.244141
55865,0.004272,-0.119019,0.960571,-0.183105,0.732422,0.610352
55876,-0.011597,-0.144775,0.965454,-0.122070,0.854492,1.159668
55885,-0.028076,-0.134644,0.961182,-0.671387,0.732422,1.403809
55896,-0.055908,-0.065552,1.029053,-1.037598,0.671387,1.220703
55906,-0.072876,-0.023437,1.007080,-0.915527,0.976562,0.793457
55915,-0.068726,-0.088867,0.921631,-0.122070,0.854492,0.671387
55925,-0.078369,-0.078003,0.997803,-0.244141,0.915527,0.122070
55935,-0.059204,-0.136475,0.995972,-0.366211,1.098633,-0.305176
55945,-0.054199,-0.162598,0.979614,-0.610352,1.342773,-0.732422
55956,-0.059814,-0.089722,1.009888,-0.610352,1.159668,-1.159668
55966,-0.061523,-0.055176,1.048828,-0.549316,1.220703,-1.403809
55975,-0.056885,-0.145020,0.982666,-0.061035,1.281738,-1.586914
55987,-0.020142,-0.055664,1.075806,0.000000,1.708984,-1.281738
55996,-0.036865,-0.098145,1.019775,-0.183105,2.075195,-0.549316
56006,-0.019897,-0.104980,1.019165,0.000000,2.319336,0.244141
56016,0.016846,-0.076294,1.053467,0.244141,2.502441,0.915527
56025,0.003662,-0.124023,0.988403,0.305176,2.075195,1.281738
56036,0.010010,-0.167114,1.006104,0.122070,2.136230,1.403809
56045,-0.004272,-0.111816,1.033936,-0.122070,2.075195,1.281738
56057,-0.003174,-0.160156,0.954834,-1.037598,1.831055,0.000000
56067,-0.003296,-0.107788,1.002319,-1.098633,1.464844,-0.366211
56076,0.001587,-0.084595,1.022705,-1.342773,1.525879,-0.488281
56086,-0.009155,-0.115845,0.917480,-1.525879,1.342773,-0.427246
56095,0.043701,-0.141479,0.951904,-1.892090,1.586914,-0.244141
56106,0.009399,-0.040894,0.968506,-2.136230,1.464844,-0.061035
56115,0.028198,-0.006958,1.006836,-2.136230,1.098633,0.183105
56127,0.005859,0.047241,0.996826,-2.014160,1.098633,-0.122070
56136,-0.006470,0.030640,1.038696,-0.915527,1.159668,-0.427246
56146,-0.009399,-0.074341,0.945679,-0.366211,1.037598,-0.915527
56155,0.023682,-0.120239,1.020020,-0.061035,0.915527,-1.281738
56166,0.017212,-0.027588,1.017944,-0.366211,0.488281,-1.647949
56175,0.042725,-0.032471,1.002686,-0.854492,0.183105,-2.014160
56187,0.038940,0.012817,1.047974,-0.915527,-0.122070,-2.624512
56196,0.041992,0.006470,1.067017,-0.305176,0.061035,-2.258301
56206,0.018799,-0.027466,0.986206,-0.305176,0.244141,-1.464844
56215,0.008301,-0.021362,1.096924,-0.122070,0.671387,-0.305176
56226,0.002563,0.026489,1.122803,-0.061035,0.793457,0.366211
56236,-0.059204,-0.001221,1.034424,0.366211,0.732422,1.220703
56246,-0.068237,-0.058838,1.036743,0.732422,0.854492,2.258301
56258,-0.055176,-0.094849,0.992554,1.281738,0.610352,2.136230
56268,-0.035400,-0.100098,1.033691,1.037598,0.183105,1.281738
56277,-0.014648,-0.058472,0.999634,0.671387,0.000000,0.305176
56287,0.009033,-0.078857,0.988403,0.305176,-0.305176,-0.488281
56296,0.002075,-0.120972,0.930786,0.061035,-0.427246,-1.220703
56305,0.001831,-0.101318,1.011597,-0.488281,-0.549316,-1.586914
56316,-0.026123,-0.017700,1.003662,-1.220703,0.061035,-1.342773
56326,-0.060059,0.005005,0.949829,-1.525879,0.549316,-1.403809
56335,-0.056763,0.010742,0.966553,-1.403809,0.427246,-1.281738
56346,-0.053345,0.013306,0.939331,-0.854492,0.061035,-2.014160
56356,-0.000854,-0.074341,0.911621,-0.915527,-0.061035,-3.051758
56366,0.007202,-0.021118,0.950562,-1.342773,-0.061035,-3.051758
56376,-0.006470,0.012207,0.929565,-1.770020,0.000000,-2.929688
56386,-0.041382,-0.103516,0.878662,-1.831055,1.647949,-2.258301
56398,-0.080811,-0.168457,0.833740,-2.441406,5.065918,0.732422
56408,-0.091797,-0.174072,0.874146,-3.051758,5.493164,1.098633
56418,-0.039551,-0.144409,0.908936,-3.479004,4.638672,0.854492
56427,-0.008423,-0.121338,0.965576,-3.662109,2.624512,0.122070
56437,0.015869,-0.129761,0.902344,-3.479004,0.793457,-0.488281
56446,0.093384,-0.161255,0.814087,-3.234863,-0.549316,-0.244141
56456,0.041138,-0.169556,0.831055,-3.112793,-0.671387,0.305176
56465,0.076416,-0.304688,0.760864,-2.441406,0.671387,5.249023
56477,0.158936,-0.538330,0.571045,-0.915527,1.586914,7.751465
56486,0.118774,-0.668701,0.556396,-1.098633,1.770020,10.986328
56496,0.181885,-0.946045,0.435669,-1.892090,1.892090,13.977051
56506,0.027100,-2.119019,-1.025513,-2.136230,0.549316,14.282227
56516,-0.062866,-2.819092,-1.139893,-5.432129,-0.793457,13.000488
56526,0.076660,-2.850708,-1.113647,-23.010254,-0.549316,9.277344
56538,0.082764,-0.123901,0.216187,-62.438965,-6.713867,1.403809
56548,-0.173462,1.289185,3.331543,-59.753418,-7.263184,1.708984
56557,-0.185059,1.152588,3.999512,-40.710449,-6.286621,3.417969
56567,-0.320801,0.272217,3.999512,-16.845703,-3.479004,7.507324
56577,-0.048950,-0.976562,3.983765,2.258301,1.342773,10.925293
56586,0.084106,-2.215332,1.767944,15.747070,1.953125,8.911133
56596,0.192749,-1.485840,0.327271,11.962891,2.258301,5.187988
56606,0.032959,-0.904663,-0.029541,2.258301,-4.577637,-1.525879
56615,-0.012573,-0.991821,0.691162,2.685547,-6.469727,-2.258301
56626,-0.118530,-0.504883,2.329468,0.854492,-5.371094,-1.342773
56636,0.011353,0.385498,2.580078,-0.976562,-2.197266,3.906250
56645,0.369141,1.772705,3.161377,1.708984,0.854492,13.061523
56656,0.016235,1.807739,2.627563,17.028809,-2.929688,20.202637
56665,0.200806,2.646484,3.935059,36.682129,-5.249023,18.798828
56678,-1.625610,3.991333,3.999512,70.861816,3.601074,16.296387
56687,-0.673950,3.999512,3.999512,78.491211,18.737793,25.817871
56696,0.778931,3.238281,2.569580,91.003418,25.878906,35.888672
56706,0.834473,1.978027,1.617676,106.201172,27.832031,41.137695
56716,0.743652,1.566284,1.053711,115.295410,21.301270,39.184570
56726,0.541504,1.482056,0.601440,114.135742,13.061523,27.954102
56736,0.225952,0.933228,-0.234253,108.703613,6.347656,17.395020
56746,0.345581,0.397095,-0.557373,102.233887,2.197266,0.122070
56757,-0.308472,-0.043945,-0.071899,88.928223,2.746582,-4.699707
56767,-0.722900,0.072876,0.084351,79.528809,5.126953,-7.812500
56776,-0.803711,0.068848,-0.137939,69.580078,8.789063,-10.253906
56786,-0.395752,0.266479,-0.299316,61.218262,13.000488,-14.404297
56796,-0.141113,0.349365,-0.178589,57.006836,15.686035,-17.517090
56806,0.184326,0.078003,0.195068,56.091309,17.883301,-17.150879
56818,0.124390,-0.379272,0.465088,49.987793,18.310547,-11.108398
56828,0.044189,-0.221680,0.308105,44.067383,16.479492,-11.291504
56837,0.049316,-0.056519,0.136597,39.611816,14.343262,-12.145996
56847,0.132324,-0.015869,0.097778,37.780762,12.451172,-11.962891
56856,0.224976,-0.205444,0.130493,37.963867,10.192871,-10.925293
56866,0.298462,-0.572144,0.210815,36.682129,7.141113,-10.681152
56876,0.254395,-0.712280,0.132690,32.592773,3.845215,-11.291504
56886,0.193848,-0.750732,-0.049805,26.916504,-2.990723,-12.268066
56897,0.156372,-0.597412,-0.219604,16.784668,-5.310059,-12.023926
56907,0.130493,-0.753662,-0.239014,13.000488,-7.751465,-11.840820
56916,0.105347,-0.838745,-0.235596,8.361816,-9.277344,-11.535645
56926,0.066406,-0.981079,-0.272949,2.502441,-10.437012,-11.535645
56936,0.030762,-0.972168,-0.342896,-4.272461,-11.047363,-11.657715
56946,-0.013794,-0.893799,-0.358398,-10.803223,-10.314941,-11.169434
56956,-0.049194,-0.834961,-0.324707,-16.784668,-7.751465,-8.605957
56967,-0.092529,-0.794434,-0.247803,-27.160645,-6.164551,-6.896973
56977,-0.098022,-0.769165,-0.281616,-32.836914,-4.150391,-5.126953
56987,-0.085815,-0.786743,-0.318604,-38.391113,-2.136230,-2.746582
56996,-0.096802,-0.737671,-0.325928,-43.579102,0.061035,0.061035
57006,-0.103760,-0.758423,-0.291992,-48.400879,2.075195,3.234863
57016,-0.109009,-0.785767,-0.270996,-53.039551,4.028320,6.225586
57026,-0.100464,-0.781128,-0.304321,-64.208984,7.141113,10.864258
57036,-0.068970,-0.748535,-0.404663,-69.885254,8.361816,13.061523
57047,0.027710,-0.693726,-0.419678,-75.561523,9.216309,15.197754
57056,0.017700,-0.639648,-0.448975,-80.749512,9.704590,17.150879
57067,0.078979,-0.611206,-0.498291,-86.303711,9.704590,18.432617
57076,0.047729,-0.611938,-0.549438,-92.163086,9.277344,19.348145
57088,0.104004,-0.546875,-0.646973,-104.919434,7.873535,20.263672
57097,0.147949,-0.448730,-0.853394,-111.145020,6.774902,20.263672
57107,0.201294,-0.432739,-0.943237,-117.736816,5.004883,19.226074
57116,0.250977,-0.433716,-1.027710,-124.328613,2.319336,17.456055
57127,0.388916,2.646973,1.404175,-132.934570,-0.061035,14.160156
57136,0.269043,3.992310,3.999512,-112.243652,-2.746582,10.681152
57147,-0.148437,-2.359619,3.999512,-49.682617,-12.817383,19.470215
57156,-2.065552,-3.999512,-0.657959,-26.611328,-10.131836,26.428223
57166,1.393066,1.133545,2.479858,-103.210449,-4.272461,0.671387
57177,-0.084839,3.881714,2.537109,-33.569336,-19.897461,14.343262
57187,-0.037231,-1.446045,1.654541,24.536133,-25.817871,23.498535
57196,-0.593628,0.721436,3.999512,-1.281738,-18.798828,7.568359
57207,-1.077271,-0.023437,3.999512,-8.239746,-14.221191,11.840820
57217,0.636841,0.101563,1.921753,-6.958008,-4.028320,25.634766
57226,0.191406,0.968262,0.281616,4.089355,-5.310059,25.695801
57238,-0.053345,-2.185303,0.359375,20.812988,-2.258301,22.583008
57248,-0.673096,-1.136597,1.255981,-1.220703,-3.662109,10.925293
57258,-0.519775,0.477905,1.335083,-20.019531,-2.868652,4.577637
57267,0.093140,0.794434,1.148926,-18.127441,3.784180,8.605957
57277,0.104248,0.147217,1.457520,-1.037598,3.601074,8.483887
57286,-0.097778,-0.622681,1.848877,13.183594,-2.319336,2.380371
57298,0.043091,-0.733154,1.708862,12.573242,-12.268066,-7.690430
57307,0.173828,-0.377930,0.483032,13.305664,-17.700195,-15.014648
57317,0.399536,-0.557495,0.517090,16.601562,-18.005371,-17.761230
57326,0.405151,-0.611450,0.915405,16.601562,-17.395020,-18.188477
57337,0.400269,-0.554932,1.172241,12.817383,-17.639160,-19.287109
57346,0.493652,-0.175659,1.067505,8.666992,-16.357422,-18.920898
57356,0.700806,0.144531,0.504517,7.568359,-14.221191,-16.174316
57368,0.740723,0.275635,0.149658,11.779785,-17.333984,-16.723633
57377,0.481689,-0.319092,0.667847,11.108398,-20.690918,-19.653320
57387,0.336426,-0.440796,1.068726,7.202148,-23.254395,-23.193359
57396,0.374756,-0.358032,1.187744,2.441406,-25.085449,-27.404785
57407,0.388916,-0.198364,1.111328,-1.037598,-25.512695,-30.151367
57416,0.420166,-0.024658,0.934570,-2.197266,-26.794434,-32.043457
57426,0.310425,0.102783,0.990112,-1.647949,-28.686523,-33.996582
57438,0.257690,0.139404,1.177979,0.549316,-30.395508,-36.376953
57448,0.060547,0.103027,1.220825,2.014160,-30.334473,-37.231445
57457,0.078735,0.070923,1.124878,4.028320,-29.541016,-38.513184
57467,0.072754,-0.065063,1.021973,6.042480,-29.235840,-39.245605
57476,0.087036,-0.116821,1.022705,6.713867,-29.602051,-40.405273
57487,0.095581,-0.183594,0.931152,6.347656,-29.602051,-41.931152
57496,0.104248,-0.145752,0.868408,5.737305,-29.479980,-43.457031
57508,0.104736,-0.135254,0.837280,5.310059,-27.954102,-45.715332
57517,-0.007202,-0.229370,0.583374,5.187988,-27.099609,-45.410156
57527,-0.028809,-0.230957,0.483887,3.662109,-25.390625,-44.982910
57536,0.006104,-0.045044,0.628540,1.708984,-24.475098,-44.738770
57547,-0.080811,0.063599,0.744507,0.732422,-23.559570,-43.762207
57556,0.003662,0.023560,0.978149,-0.122070,-21.789551,-42.663574
57567,-0.010132,-0.002075,1.107422,-0.915527,-21.606445,-43.395996
57576,-0.101318,-0.003540,1.076904,-2.136230,-22.521973,-44.677734
57588,0.040161,0.074585,1.019897,-3.051758,-22.155762,-47.363281
57598,0.044434,-0.008789,0.920044,-2.563477,-23.071289,-49.499512
57607,0.074219,-0.006470,0.907349,-2.197266,-22.766113,-51.635742
57616,0.063354,-0.063477,0.870361,-1.770020,-21.850586,-53.649902
57627,0.077759,-0.097534,0.884644,-1.037598,-20.874023,-55.419922
57637,0.040527,0.008179,1.002808,0.244141,-20.263672,-58.227539
57646,-0.015503,-0.050293,1.023315,1.708984,-20.080566,-61.889648
57658,0.093262,-0.034058,1.048584,2.868652,-19.409180,-68.420410
57668,0.061768,-0.008057,0.983887,2.807617,-19.470215,-71.472168
57677,0.080811,0.043823,0.998535,2.563477,-19.226074,-74.096680
57687,0.050415,0.086548,0.985718,2.868652,-18.371582,-75.622559
57697,0.114258,0.111694,1.057495,3.051758,-16.662598,-76.171875
57706,0.122314,0.085815,1.090454,2.868652,-15.563965,-76.965332
57718,0.174438,0.175659,1.156982,3.234863,-15.625000,-77.758789
57727,0.294556,0.308472,1.023438,3.845215,-17.150879,-79.223633
57737,0.036255,0.354980,0.907349,4.089355,-17.700195,-77.392578
57747,0.261719,0.109131,1.118652,4.211426,-13.977051,-68.115234
57757,0.208862,0.310547,1.287231,3.784180,-12.145996,-63.598633
57767,0.021484,0.273193,1.363770,4.028320,-11.779785,-57.556152
57777,-0.140137,0.183838,1.214111,5.004883,-10.925293,-53.283691
57786,0.121948,-0.229492,0.995239,5.676270,-10.070801,-59.204102
57798,-0.063477,0.073120,0.942261,3.417969,-13.366699,-63.598633
57807,0.044189,0.083374,0.969971,3.662109,-13.916016,-67.199707
57817,0.143677,0.093384,1.097778,3.540039,-13.427734,-68.725586
57827,0.034058,0.127563,1.113647,3.845215,-12.451172,-66.223145
57837,0.004639,0.040405,1.015503,4.333496,-10.742188,-63.049316
57847,0.037720,0.102783,0.975586,4.760742,-8.850098,-60.302734
57856,-0.055176,0.219238,1.010742,5.004883,-7.263184,-58.166504
57868,-0.047241,0.069702,1.145020,6.225586,-4.943848,-58.349609
57877,-0.145386,0.131958,1.132446,5.798340,-5.554199,-59.814453
57887,-0.220825,0.131592,1.029907,6.042480,-6.713867,-61.401367
57897,-0.257446,0.151367,0.981934,7.507324,-7.690430,-63.354492
57907,-0.244263,0.093994,0.961060,9.826660,-7.080078,-63.903809
57917,-0.201904,0.102295,0.975586,11.535645,-5.187988,-63.049316
57929,-0.184204,0.136108,0.940918,12.695313,-0.366211,-58.166504
57939,-0.144409,0.012329,0.875732,13.122559,1.892090,-55.114746
57948,-0.101807,-0.069946,0.968384,13.671875,3.845215,-52.246094
57957,-0.106201,0.000244,1.025879,13.671875,5.310059,-50.109863
57967,-0.112061,-0.091431,1.014771,13.549805,6.042480,-48.339844
57977,-0.121216,-0.080078,1.044312,13.549805,6.225586,-47.302246
57987,-0.135986,0.128662,1.083862,13.244629,6.591797,-46.325684
57999,-0.222290,0.128784,0.957886,15.258789,8.056641,-44.128418
58008,-0.192871,0.131104,0.965210,16.296387,10.131836,-42.053223
58018,-0.139526,0.050171,1.008423,16.662598,12.451172,-39.123535
58027,-0.119751,0.145386,1.112183,16.296387,14.038086,-35.827637
58037,-0.072021,0.184204,1.129150,16.113281,14.465332,-32.836914
58047,-0.102173,0.171021,1.095215,15.869141,14.282227,-30.639648
58056,-0.164307,0.207520,1.019043,15.136719,13.854980,-28.686523
58068,-0.187744,0.184448,0.960815,15.930176,14.526367,-24.658203
58077,-0.169556,0.112061,0.903320,16.296387,15.869141,-22.399902
58087,-0.140991,0.166992,1.000977,15.441895,17.272949,-19.653320
58097,-0.145264,0.116943,0.968018,14.831543,18.737793,-16.418457
58107,-0.156860,0.175537,1.039185,13.610840,19.348145,-13.916016
58117,-0.214355,0.143555,0.973267,12.268066,19.470215,-11.962891
58127,-0.280518,0.160767,0.849609,11.352539,19.531250,-10.681152
58139,-0.229004,0.192505,0.940674,11.962891,20.385742,-8.483887
58149,-0.178467,0.114380,0.983154,11.413574,21.423340,-7.263184
58158,-0.123657,0.079834,1.006104,9.887695,22.094727,-5.554199
58168,-0.138916,0.149902,0.973267,8.789063,22.094727,-4.211426
58177,-0.135742,0.182007,0.988525,8.422852,21.545410,-3.662109
58187,-0.120728,0.105957,0.965820,8.544922,20.935059,-3.356934
58197,-0.128418,-0.004639,1.004639,8.789063,20.385742,-3.601074
58209,-0.167236,0.049194,0.986816,7.934570,19.531250,-4.699707
58219,-0.152588,0.101563,0.943237,7.873535,19.775391,-4.882812
58228,-0.158569,0.153076,0.921753,7.629395,20.202637,-4.699707
58237,-0.123291,0.129395,0.941772,7.690430,20.690918,-4.028320
58247,-0.050049,0.098145,0.966309,7.995605,21.301270,-3.662109
58257,0.011353,-0.001343,1.065552,7.629395,21.118164,-3.173828
58267,0.024536,0.074219,1.085083,6.225586,20.690918,-2.685547
58279,-0.016846,0.114380,0.820679,5.065918,19.592285,-2.563477
58288,-0.031250,0.120117,0.836426,4.028320,17.578125,-2.441406
58297,-0.047363,0.169189,0.875122,3.845215,17.883301,-1.220703
58307,-0.055786,0.173950,0.904663,2.807617,18.310547,0.915527
58317,-0.086548,0.282349,0.970947,1.953125,19.104004,3.173828
58327,-0.080078,0.217896,1.071289,1.770020,19.958496,5.432129
58337,-0.048462,0.144409,1.126099,2.624512,20.324707,7.568359
58349,-0.009888,0.072144,1.193726,2.502441,19.958496,10.192871
58358,-0.074829,0.101685,1.110840,2.075195,18.371582,10.864258
58368,-0.170654,0.183105,0.980957,1.892090,17.272949,11.108398
58377,-0.227417,0.192261,0.927979,2.868652,17.395020,11.901855
58387,-0.246094,0.102051,0.900024,3.967285,18.066406,13.244629
58398,-0.218750,0.067627,0.977905,4.699707,19.165039,14.770508
58407,-0.172363,0.013306,1.084717,4.760742,20.202637,16.357422
58419,-0.131958,0.015869,0.975342,3.784180,20.446777,17.333984
58428,-0.107422,-0.008545,0.956421,3.845215,20.080566,16.479492
58437,-0.073242,-0.032959,0.978149,4.272461,19.714355,15.808105
58447,-0.130493,-0.011597,0.977417,3.601074,19.104004,15.380859
58457,-0.092529,0.093628,0.991211,2.807617,18.798828,15.380859
58468,-0.116333,0.118774,0.990112,2.014160,19.104004,15.808105
58477,-0.101440,0.151123,0.940308,1.892090,18.859863,16.357422
58489,-0.044800,0.014282,0.978516,2.868652,19.470215,18.310547
58498,-0.013306,0.021362,1.033813,2.380371,19.470215,19.409180
58508,-0.033813,0.082397,1.006348,1.770020,18.920898,20.507812
58517,-0.016724,0.056763,0.972046,1.708984,18.798828,21.362305
58527,-0.055542,0.087158,0.984131,1.892090,18.493652,22.094727
58537,-0.048950,0.043823,1.009155,1.892090,18.493652,23.254395
58549,-0.109009,-0.026733,0.995605,0.305176,18.249512,25.085449
58558,-0.098633,0.146484,0.979614,-0.488281,18.005371,26.123047
58569,-0.097778,0.121704,0.955078,-0.183105,17.700195,27.282715
58578,-0.089600,0.142212,0.978638,0.915527,17.761230,28.320312
58587,-0.106567,-0.085693,0.941284,2.014160,18.249512,29.846191
58598,-0.088135,-0.132080,1.019775,2.014160,18.920898,31.494141
58607,-0.057373,-0.123657,1.052856,1.403809,19.470215,32.958984
58617,-0.082886,0.002563,0.992798,0.183105,19.042969,33.996582
58629,-0.102295,0.005127,0.889404,0.305176,18.127441,34.912109
58638,-0.083374,-0.053833,0.947754,0.488281,17.944336,34.851074
58648,-0.033813,-0.069580,1.000610,0.122070,17.578125,34.240723
58657,-0.021484,-0.033691,1.026245,-1.159668,16.845703,33.752441
58668,-0.011108,0.057983,0.963379,-2.136230,16.174316,33.447266
58677,-0.031494,0.051270,0.962524,-2.075195,16.052246,33.325195
58689,0.015625,0.065430,0.991089,-0.793457,15.747070,32.287598
58698,0.046753,-0.001831,1.043335,-0.915527,14.953613,31.250000
58708,0.007568,-0.036743,1.052124,-1.831055,14.282227,30.517578
58717,0.002930,-0.000366,1.007202,-2.258301,13.977051,30.090332
58728,0.038696,0.049072,0.983521,-2.258301,13.671875,29.479980
58737,0.062500,0.000854,0.986694,-1.586914,13.366699,29.296875
58747,0.005005,-0.066772,0.999756,-1.342773,12.817383,29.174805
58759,-0.001343,-0.053955,1.071045,-2.197266,11.962891,28.442383
58768,0.086426,-0.011230,1.010132,-2.624512,11.596680,27.587891
58779,0.038574,-0.014404,0.978882,-2.563477,10.925293,26.672363
58788,0.019897,-0.007080,1.003296,-2.441406,10.375977,25.329590
58797,0.023926,0.011230,1.002808,-2.197266,9.826660,23.986816
58808,0.024902,-0.031982,0.984009,-2.075195,9.338379,22.521973
58817,-0.022339,-0.069214,0.988037,-1.953125,9.216309,21.606445
58827,-0.039063,-0.063965,0.993896,-2.380371,9.094238,20.812988
58839,-0.025146,0.005981,0.963501,-2.685547,9.094238,20.690918
58848,-0.043335,-0.038452,0.946777,-2.441406,9.460449,21.423340
58858,-0.027588,-0.046265,0.969238,-2.197266,9.521484,22.399902
58867,-0.018799,0.012451,1.022949,-1.953125,10.192871,23.254395
58878,0.005493,-0.045044,1.021240,-1.586914,10.498047,23.986816
58887,0.023193,-0.079712,1.023804,-1.708984,10.498047,24.108887
58899,0.040771,-0.024780,1.005005,-2.197266,10.803223,24.353027
58908,0.052856,-0.026245,0.952393,-2.258301,10.986328,24.230957
58918,-0.001831,-0.003052,0.990112,-2.136230,10.986328,24.230957
58928,-0.016724,-0.039307,0.996826,-2.014160,10.437012,23.986816
58937,-0.042236,-0.043945,1.006348,-2.319336,10.253906,23.803711
58947,-0.014893,-0.013794,1.024780,-2.380371,10.253906,23.742676
58958,0.018555,-0.004272,0.975708,-2.319336,9.887695,23.864746
58967,-0.017090,-0.023560,0.958374,-2.258301,9.704590,24.108887
58979,0.022461,-0.006714,1.002808,-2.258301,10.681152,25.878906
58988,-0.010010,0.026978,0.969849,-2.441406,11.413574,27.221680
58998,-0.000610,0.003418,0.989502,-2.441406,12.145996,28.869629
59007,0.003662,-0.000488,1.012695,-2.258301,12.634277,30.212402
59018,-0.018311,0.001099,0.980591,-2.258301,12.634277,31.494141
59027,-0.034668,-0.025146,1.026001,-2.441406,12.634277,32.653809
59037,-0.023193,0.019653,1.044922,-2.563477,12.817383,33.996582
59047,-0.020996,0.020874,0.976318,-2.319336,13.854980,37.658691
59058,-0.087280,0.015381,0.986328,-2.197266,14.709473,39.611816
59068,-0.095581,0.006104,0.966797,-2.136230,15.258789,41.748047
59077,-0.104736,-0.058960,0.958130,-2.075195,16.113281,43.884277
59088,-0.100830,-0.040405,1.015503,-2.502441,16.723633,45.593262
59097,-0.078247,-0.021362,1.012817,-2.441406,17.150879,47.363281
59109,-0.056396,-0.026611,0.942627,-2.563477,18.127441,50.537109
59118,-0.014526,0.024780,1.017456,-2.258301,18.676758,52.551270
59129,-0.044189,0.044434,0.979004,-2.258301,19.409180,54.809570
59138,-0.069092,0.027222,0.975342,-2.319336,20.263672,57.495117
59147,-0.045044,0.009277,1.015503,-2.197266,20.935059,59.936523
59158,-0.029541,0.037964,0.997070,-2.258301,21.667480,61.950684
59167,-0.038086,0.009521,0.970825,-2.258301,21.911621,63.781738
59179,-0.006104,0.021240,1.016113,-1.831055,21.850586,66.528320
59188,0.004883,-0.005371,0.972778,-1.953125,21.667480,67.993164
59198,0.017578,-0.019531,0.999268,-1.708984,22.277832,69.519043
59208,0.019653,0.024048,1.011597,-1.525879,22.521973,71.289062
59218,0.015259,0.036377,0.978271,-1.647949,22.949219,72.753906
59227,0.038208,-0.006470,0.996704,-1.220703,23.437500,74.401855
59237,0.058838,0.007813,0.989990,-1.342773,23.559570,75.744629
59249,0.034058,0.045410,0.992798,-1.159668,23.315430,77.514648
59258,0.070190,0.005005,1.009155,-0.976562,23.071289,78.308105
59268,0.073730,0.067627,1.009155,-1.037598,23.010254,78.857422
59278,0.078857,0.033936,0.998779,-0.549316,22.827148,79.467773
59287,0.087036,0.011841,1.032715,-0.244141,23.010254,80.322266
59297,0.045776,0.044922,1.027954,-0.366211,23.254395,81.237793
59307,0.054810,0.022461,1.001099,0.000000,23.315430,82.214355
59317,0.081543,-0.021362,0.990723,0.366211,23.376465,82.885742
59329,0.050049,0.034912,1.007568,0.244141,23.498535,84.167480
59338,0.089600,-0.053345,0.984497,1.098633,23.010254,84.655762
59347,0.046143,0.053101,1.012695,1.037598,22.827148,85.510254
59357,0.057251,0.092285,1.037964,1.342773,22.949219,86.730957
59368,0.088257,-0.006104,1.015625,1.831055,23.376465,87.951660
59377,0.064575,-0.016846,1.002441,2.136230,23.681641,89.599609
59387,0.071777,0.022217,1.018311,2.258301,24.353027,90.942383
59399,0.036987,-0.031372,0.976074,3.051758,24.780273,94.787598
59408,0.010254,0.006104,1.020630,3.540039,25.878906,96.435547
59417,0.040527,-0.038086,1.018066,4.394531,25.817871,98.022461
59428,0.032227,-0.031128,1.014038,4.821777,25.329590,99.182129
59438,-0.011230,0.025513,1.031494,5.065918,24.841309,100.097656
59447,0.003296,0.020264,1.030029,5.371094,25.451660,101.318359
59457,0.019897,-0.033936,0.984985,5.859375,25.939941,102.600098
59469,0.062988,0.113037,1.037720,5.737305,26.306152,105.041504
59478,0.057617,0.015625,1.022705,6.347656,27.343750,106.384277
59487,0.066772,0.072998,1.036743,6.591797,27.282715,107.116699
59497,0.101929,0.115723,1.061890,7.019043,27.465820,107.055664
59508,0.156982,0.052856,1.043945,7.568359,27.465820,106.872559
59517,0.120361,0.068237,1.052612,8.300781,27.282715,106.384277
59527,0.149292,0.085937,1.052246,8.666992,26.062012,104.553223
59539,0.136597,0.017456,1.034790,9.155273,24.230957,99.914551
59548,0.160278,0.075562,1.071533,9.826660,23.132324,97.167969
59557,0.211426,0.048340,1.050293,10.314941,21.911621,94.299316
59568,0.176636,0.078369,1.073975,10.742188,20.874023,91.918945
59578,0.190918,0.130615,1.077148,11.352539,19.470215,89.477539
59587,0.252563,0.083252,1.047485,12.207031,18.859863,87.036133
59597,0.201660,0.099854,1.046143,12.817383,17.883301,84.960937
59609,0.210937,0.036377,1.007446,13.671875,17.028809,81.359863
59618,0.160034,0.056152,0.998169,14.526367,15.686035,79.772949
59627,0.155396,0.120117,1.000732,14.953613,15.258789,78.369141
59637,0.196533,0.052124,0.975830,15.563965,15.136719,76.843262
59647,0.171265,0.024536,0.959351,15.686035,14.099121,75.378418
59658,0.185059,0.057251,0.961060,15.625000,13.000488,73.303223
59667,0.236206,0.062012,0.962402,15.747070,11.962891,71.166992
59679,0.238281,0.130981,1.025513,15.747070,9.643555,66.650391
59689,0.273438,0.098999,0.987183,16.296387,8.850098,64.758301
59698,0.225830,0.140625,0.994507,16.418457,8.544922,63.232422
59707,0.246704,0.163086,0.988403,16.113281,8.178711,62.011719
59717,0.244507,0.094116,0.972778,16.357422,7.507324,61.157227
59727,0.199707,0.084961,0.964966,16.174316,7.690430,60.668945
59737,0.179077,0.138794,0.985596,15.991211,7.568359,60.363770
59748,0.148804,0.138306,0.996460,16.113281,7.629395,60.729980
59759,0.138184,0.168213,1.009155,16.113281,7.324219,60.852051
59768,0.172241,0.129639,1.018677,16.235352,7.385254,60.791016
59778,0.129395,0.141968,1.021118,16.357422,7.263184,60.852051
59787,0.141479,0.173096,1.016724,16.235352,7.263184,60.791016
59797,0.200439,0.085327,0.974731,16.479492,7.324219,60.974121
59807,0.151001,0.127808,0.975098,16.540527,7.812500,61.523437
59818,0.192505,0.136597,0.992432,16.357422,8.422852,63.293457
59829,0.151489,0.128906,1.006226,16.540527,10.070801,64.636230
59838,0.126465,0.187012,1.028076,16.479492,10.437012,66.040039
59848,0.152710,0.173584,1.028809,16.784668,10.864258,67.199707
59858,0.152344,0.120728,1.000977,17.211914,11.352539,68.542480
59867,0.135498,0.106934,0.986816,17.395020,11.718750,69.580078
59877,0.159302,0.089111,0.959717,17.578125,11.901855,70.434570
59889,0.118774,0.121216,0.979248,18.066406,11.840820,72.143555
59898,0.136597,0.123169,0.980835,18.310547,11.901855,72.937012
59908,0.150269,0.045532,0.997192,18.798828,12.451172,73.547363
59918,0.095459,0.055054,0.998779,19.042969,12.390137,73.669434
59928,0.078003,0.089478,0.989258,19.042969,12.207031,73.913574
59938,0.153931,0.074951,0.973511,19.042969,12.695313,74.462891
59947,0.109619,0.082153,0.946899,19.287109,12.817383,75.256348
59959,0.131104,0.060913,0.960205,19.165039,13.000488,76.782227
59968,0.099365,0.091309,0.974854,19.226074,13.305664,78.002930
59977,0.110596,0.148315,0.990112,18.981934,13.610840,79.284668
59988,0.160400,0.135376,0.996826,18.920898,14.038086,80.566406
59998,0.142700,0.141724,0.996826,18.920898,14.831543,81.970215
