timestamp,accX,accY,accZ,gyrX,gyrY,gyrZ
11,-0.028076,-0.156006,0.923706,-1.708984,-2.929688,-5.981445
21,-0.030884,-0.151123,0.936890,-1.586914,-2.868652,-5.859375
31,-0.030762,-0.240601,0.909180,-1.586914,-3.112793,-5.310059
41,-0.013428,-0.156128,0.967041,-1.464844,-2.563477,-5.187988
50,0.019897,-0.157715,0.978760,-1.403809,-2.685547,-5.310059
61,0.031006,-0.112915,1.025269,-1.220703,-2.319336,-5.676270
71,0.038086,-0.141113,1.047241,-1.098633,-3.112793,-6.286621
80,0.040039,-0.144043,1.003662,-0.671387,-3.356934,-7.141113
91,0.046997,-0.091553,1.000488,-0.671387,-3.784180,-7.690430
101,0.041138,-0.147217,0.973389,-0.427246,-4.089355,-9.155273
111,0.002441,-0.195801,0.923340,-0.671387,-4.150391,-9.399414
120,0.033203,-0.258789,0.868286,-0.854492,-3.479004,-8.972168
130,0.031372,-0.142090,0.918335,-1.159668,-3.662109,-8.789063
141,0.000244,-0.208618,0.954224,-1.342773,-3.723145,-8.117676
151,-0.041626,-0.263184,0.968872,-1.586914,-3.723145,-7.934570
160,-0.003174,-0.165527,1.006958,-1.464844,-3.479004,-7.873535
170,-0.008179,-0.161011,1.063110,-1.037598,-3.295898,-8.178711
182,-0.061768,-0.208252,0.975098,-0.366211,-3.540039,-9.521484
192,-0.074219,-0.107544,0.960937,-0.488281,-3.967285,-10.070801
201,-0.078979,-0.194458,0.951294,-0.671387,-3.417969,-9.948730
211,-0.085449,-0.199829,0.957397,-0.915527,-3.051758,-9.887695
221,-0.104614,-0.139648,0.950684,-0.427246,-2.319336,-8.483887
230,-0.123535,-0.149414,0.967407,-0.366211,-1.525879,-7.385254
243,-0.123657,-0.156372,0.996460,-0.488281,0.366211,-5.065918
253,-0.100952,-0.117554,0.986816,-0.793457,0.610352,-3.906250
263,-0.084839,-0.114746,1.014160,-1.159668,1.159668,-2.807617
272,-0.072876,-0.168091,1.006592,-1.220703,1.464844,-1.281738
282,-0.111694,-0.189209,0.981934,-1.098633,1.831055,0.122070
291,-0.130249,-0.139038,1.038940,-0.976562,2.502441,1.464844
301,-0.123535,-0.068848,1.074463,-0.915527,3.112793,3.234863
311,-0.143677,-0.093750,0.991089,-0.732422,4.211426,5.920410
322,-0.120361,-0.224731,0.902466,-0.854492,4.943848,7.568359
331,-0.147705,-0.174316,0.912842,-1.281738,5.249023,9.216309
341,-0.156372,-0.085693,1.056885,-1.525879,5.493164,10.864258
350,-0.159912,-0.032104,1.057251,-1.586914,6.408691,12.695313
361,-0.142944,-0.103516,0.981812,-1.525879,6.774902,14.465332
371,-0.157471,-0.190552,0.958252,-1.159668,7.202148,15.808105
383,-0.203369,-0.183228,0.976318,-1.098633,7.873535,18.188477
393,-0.166992,-0.135498,1.062866,-0.976562,8.850098,19.409180
402,-0.117798,-0.115967,0.998779,-1.098633,9.277344,20.935059
412,-0.128296,-0.176880,0.988403,-0.915527,9.277344,21.789551
421,-0.139771,-0.258179,0.943726,-0.854492,9.155273,22.644043
431,-0.162476,-0.219482,0.956543,-1.525879,9.155273,23.437500
440,-0.135010,-0.136475,1.055664,-1.892090,9.216309,23.620605
452,-0.101807,-0.122314,0.971558,-2.319336,8.911133,23.254395
462,-0.088135,-0.195190,0.927124,-2.807617,8.056641,22.521973
471,-0.093262,-0.135620,0.925537,-3.112793,8.117676,21.606445
481,-0.043335,-0.009277,1.063843,-3.479004,7.995605,20.080566
490,-0.036621,0.005127,1.062378,-3.234863,7.690430,18.493652
501,-0.016846,-0.015259,0.977173,-2.807617,6.713867,16.540527
511,-0.062744,-0.114990,1.006592,-2.624512,5.798340,13.854980
523,-0.078613,-0.023193,1.058228,-2.746582,5.249023,8.544922
533,-0.073120,-0.034790,1.058594,-2.685547,4.638672,6.164551
542,-0.070923,-0.063721,0.956421,-2.197266,4.760742,4.211426
552,-0.066284,-0.131470,0.961792,-1.708984,4.821777,2.685547
561,-0.042847,-0.136353,0.898682,-1.647949,4.821777,1.403809
571,-0.032593,-0.076172,0.924561,-2.075195,5.004883,0.915527
580,-0.005249,-0.080078,1.016724,-2.319336,4.211426,0.732422
593,-0.023682,-0.153320,0.894653,-1.831055,5.004883,1.953125
602,-0.009888,-0.145142,0.975220,-2.014160,5.310059,2.929688
612,-0.040894,-0.021606,1.000610,-2.319336,5.432129,3.356934
622,-0.040649,0.076172,1.158813,-2.258301,5.859375,3.234863
631,-0.036743,0.019409,1.086914,-1.647949,5.615234,2.868652
641,-0.015625,-0.137085,1.010498,-1.098633,6.469727,1.953125
651,0.013794,-0.175415,1.002197,-0.793457,6.286621,0.976562
660,0.054321,-0.098633,1.055298,-0.793457,5.371094,-0.610352
672,-0.039429,0.029175,1.058838,-0.305176,4.516602,-0.427246
682,-0.043091,-0.061646,0.993530,0.305176,4.943848,-0.549316
691,0.028931,-0.167969,1.087524,1.159668,5.798340,-0.244141
700,0.017212,-0.232910,1.015259,1.525879,6.469727,-0.427246
711,-0.032837,-0.178345,1.001343,1.098633,5.554199,-1.037598
721,-0.047729,-0.203247,0.945557,0.976562,5.249023,-0.488281
733,0.000732,-0.174805,0.943726,0.427246,5.981445,2.624512
742,0.027466,-0.198730,0.960937,-0.183105,5.798340,6.042480
752,0.017212,-0.258667,0.947510,-0.366211,5.981445,9.643555
761,0.016724,-0.190063,0.973267,-0.915527,6.958008,13.122559
771,-0.027954,-0.231445,0.969116,-1.037598,7.019043,16.662598
781,0.029785,-0.276733,0.960815,-0.671387,8.483887,19.104004
791,0.053345,-0.199219,0.963623,-0.793457,8.056641,20.812988
800,0.017090,-0.276367,0.959106,-0.854492,8.117676,21.972656
812,-0.055664,-0.214478,1.043091,-1.159668,6.958008,21.301270
821,-0.016602,-0.210449,1.092773,-1.098633,5.981445,19.714355
831,0.003296,-0.220825,0.994751,-0.793457,5.187988,16.479492
840,0.030518,-0.238647,1.029053,-0.610352,4.089355,12.756348
850,0.070679,-0.228149,1.021851,-0.488281,3.112793,8.911133
860,0.118286,-0.156860,1.067871,-0.366211,1.831055,5.615234
873,0.174805,-0.144165,0.977417,-0.061035,0.976562,2.075195
883,0.154785,-0.147827,0.997559,0.244141,0.488281,1.342773
892,0.124023,-0.145386,0.985229,0.671387,0.061035,0.549316
901,0.091675,-0.183838,0.998535,0.610352,-0.122070,0.183105
911,0.092896,-0.167236,0.960937,0.793457,-0.427246,0.061035
920,0.101929,-0.192993,0.927002,1.220703,-0.854492,0.366211
931,0.106079,-0.257568,0.864868,1.281738,-1.159668,0.793457
940,0.057861,-0.232178,0.891479,0.854492,-1.220703,2.136230
952,0.020264,-0.176270,0.931030,-0.366211,-1.159668,2.990723
961,-0.000122,-0.083740,0.958496,-0.549316,-0.488281,3.601074
971,-0.041382,-0.111206,1.046875,-0.305176,0.183105,3.784180
980,-0.073608,-0.182129,1.037964,-0.183105,0.183105,3.295898
991,-0.028198,-0.204468,0.962036,0.000000,-0.183105,2.014160
1001,-0.014893,-0.195068,0.876343,-0.305176,0.122070,0.793457
1010,0.040649,-0.209839,0.900635,-1.037598,-0.366211,-1.464844
1022,0.027466,-0.123901,1.022583,-1.159668,-0.549316,-2.014160
1032,0.015503,-0.124634,1.036987,-1.281738,-0.427246,-2.075195
1041,0.050293,-0.137085,0.954224,-1.220703,-0.305176,-1.525879
1051,0.078613,-0.184204,0.950439,-1.281738,0.549316,-0.976562
1060,0.069214,-0.223999,0.980957,-1.525879,0.366211,-0.244141
1071,0.046875,-0.237671,1.001709,-2.258301,-0.610352,0.305176
1081,0.057007,-0.199951,1.010986,-3.051758,-0.244141,1.403809
1092,0.079834,-0.168823,1.027954,-3.112793,-0.610352,1.342773
1102,0.046509,-0.263428,1.001465,-3.173828,-1.037598,0.427246
1112,0.040405,-0.190063,1.015503,-3.234863,-1.770020,-0.915527
1121,0.040771,-0.173096,0.969360,-3.723145,-1.953125,-2.258301
1131,0.051880,-0.243652,0.963379,-3.662109,-1.770020,-3.112793
1140,0.070068,-0.182495,1.045410,-3.601074,-0.915527,-4.638672
1153,0.146362,-0.306763,0.966553,-3.356934,-2.990723,-7.812500
1163,0.158936,-0.210205,0.927368,-3.234863,-4.150391,-9.826660
1173,0.219482,-0.210571,0.925049,-3.173828,-4.882812,-11.108398
1183,0.229858,-0.207397,0.996460,-3.234863,-4.150391,-11.291504
1192,0.205444,-0.083374,1.077393,-3.295898,-5.126953,-11.291504
1202,0.182007,-0.120972,0.991577,-2.319336,-4.577637,-11.108398
1212,0.159546,-0.170898,0.988159,-1.708984,-5.126953,-10.375977
1221,0.185547,-0.219238,0.988892,-1.220703,-5.187988,-10.131836
1231,0.132935,-0.019409,1.038208,-1.403809,-5.859375,-10.009766
1241,0.043823,-0.048218,1.025269,-1.220703,-6.286621,-9.338379
1251,0.046875,-0.081421,1.056519,-0.976562,-5.004883,-8.239746
1260,0.013550,-0.126221,1.015747,-0.793457,-4.699707,-7.690430
1271,0.028442,-0.022339,1.058472,-1.464844,-4.516602,-7.202148
1281,0.024170,0.005249,1.025635,-1.647949,-4.333496,-6.652832
1292,0.032471,0.055908,1.082520,-1.831055,-4.577637,-4.516602
1302,-0.020996,-0.019775,1.012817,-1.586914,-3.173828,-3.479004
1312,-0.038086,-0.014648,1.030029,-0.976562,-2.380371,-2.502441
1321,-0.091064,-0.041382,1.036255,-0.549316,-2.380371,-1.281738
1331,-0.099487,-0.111450,0.995972,0.061035,-1.159668,0.000000
1341,-0.128662,-0.128784,1.026489,0.305176,-1.037598,1.159668
1351,-0.100464,-0.113892,1.014404,0.610352,-0.366211,2.197266
1363,-0.048462,-0.167725,0.997803,0.976562,0.061035,4.882812
1372,0.007324,-0.219116,0.921509,1.464844,1.159668,6.469727
1381,0.032959,-0.213989,0.952393,1.464844,1.342773,8.300781
1391,0.032837,-0.145142,0.951538,1.281738,1.770020,10.070801
1401,0.021973,-0.184692,0.919678,0.793457,1.403809,11.840820
1411,0.029785,-0.106323,0.975464,0.793457,1.342773,12.878418
1421,-0.017212,-0.110107,0.956055,0.793457,1.098633,13.854980
1432,-0.082886,-0.042969,1.033325,0.915527,1.647949,14.526367
1442,-0.043945,-0.168335,1.002075,1.403809,1.525879,14.221191
1452,-0.093140,-0.086670,0.935669,1.342773,0.671387,13.916016
1461,-0.055298,-0.201782,0.952515,1.464844,1.159668,13.793945
1471,-0.036255,-0.094849,1.000244,1.281738,1.037598,13.610840
1481,-0.009766,-0.081177,1.037354,1.220703,0.610352,12.817383
1491,0.011597,-0.152466,0.984497,1.342773,0.427246,12.207031
1502,0.081421,-0.231445,0.943359,1.708984,-0.427246,11.230469
1512,0.042236,-0.255981,0.918579,1.953125,-0.854492,10.498047
1521,0.036743,-0.219971,0.912354,1.586914,0.427246,10.314941
1531,-0.013062,-0.233765,0.918091,1.098633,-1.953125,9.948730
1541,0.017700,-0.134888,0.973755,1.037598,-1.586914,9.643555
1551,0.046631,-0.190918,1.010986,0.671387,-1.464844,9.216309
1561,0.024902,-0.197876,1.078003,0.549316,-2.380371,8.728027
1573,-0.003174,-0.178345,0.997559,0.549316,-2.502441,8.178711
1583,0.027222,-0.203003,1.005737,0.183105,-3.356934,7.629395
1593,-0.016113,-0.200562,0.990234,-0.244141,-2.929688,7.263184
1602,0.023804,-0.089233,1.004639,-0.488281,-3.112793,6.835937
1612,-0.022217,-0.130615,1.019531,-0.549316,-3.234863,6.164551
1622,0.021362,-0.176880,1.011597,-0.488281,-3.356934,5.187988
1631,0.030884,-0.243164,1.004639,-1.098633,-3.417969,4.272461
1641,-0.008057,-0.142456,1.027466,-2.014160,-4.150391,2.563477
1652,-0.013062,-0.248291,0.919067,-2.075195,-3.845215,1.647949
1662,0.076782,-0.171753,1.025146,-2.563477,-4.821777,0.671387
1671,0.010376,-0.224609,0.951782,-2.563477,-2.807617,0.366211
1681,0.005615,-0.153931,0.947510,-3.112793,-5.310059,0.549316
1691,-0.047241,-0.240234,0.884644,-3.295898,-5.249023,1.220703
1701,-0.013062,-0.252930,0.908691,-3.356934,-3.662109,1.831055
1711,-0.005005,-0.238403,0.959839,-4.699707,-3.784180,3.540039
1722,-0.103760,-0.082031,0.943726,-4.760742,-2.624512,3.723145
1732,-0.109375,-0.190918,0.997559,-4.760742,-3.723145,4.028320
1742,-0.097168,-0.128296,1.053955,-4.394531,-2.746582,3.967285
1751,-0.144653,-0.143799,0.947510,-3.662109,-2.380371,4.150391
1761,-0.141113,-0.081177,0.990601,-3.417969,-1.647949,4.150391
1771,-0.120483,-0.201294,1.002563,-3.479004,-1.037598,4.394531
1782,-0.088623,-0.064087,0.979370,-3.784180,-0.671387,4.516602
1792,-0.074707,-0.073730,1.006348,-3.234863,-0.366211,4.150391
1802,-0.065063,-0.124146,1.019165,-3.173828,-0.244141,4.272461
1811,-0.058716,-0.237427,0.933105,-2.929688,0.061035,4.699707
1821,-0.082275,-0.073120,0.888062,-3.356934,0.122070,4.943848
1832,-0.085083,-0.125122,0.892334,-3.784180,1.037598,5.554199
1841,-0.080933,-0.037231,0.989014,-3.967285,2.075195,5.859375
1851,-0.041138,-0.118164,0.937378,-4.760742,0.549316,5.493164
1862,0.029785,-0.065796,0.929565,-4.272461,0.549316,4.882812
1872,0.019165,-0.202881,0.878418,-4.577637,-0.244141,4.394531
1881,0.017700,-0.109741,0.956055,-4.943848,0.000000,3.723145
1891,0.008423,-0.078979,0.936768,-5.371094,0.305176,2.624512
1901,-0.015747,-0.023315,0.967163,-5.676270,0.305176,1.342773
1911,-0.045532,-0.049561,1.012573,-5.310059,-0.793457,-0.671387
1921,0.001831,-0.022461,1.098511,-4.699707,-0.610352,-4.272461
1931,0.115479,-0.010620,1.125488,-4.333496,-0.427246,-5.798340
1941,0.106934,-0.076904,1.090088,-3.662109,-0.366211,-6.591797
1951,0.113892,-0.127197,1.033081,-3.173828,-0.671387,-7.202148
1961,0.112427,-0.120972,0.986206,-2.563477,-1.159668,-7.812500
1971,0.115356,-0.211182,0.939087,-2.258301,-1.586914,-8.483887
1981,0.108154,-0.171509,0.994751,-2.319336,-1.403809,-9.033203
1993,0.105347,-0.175903,0.930176,-3.540039,-2.014160,-9.399414
2003,0.057983,-0.208130,0.885376,-3.967285,-2.136230,-9.521484
2012,0.094727,-0.155396,0.995728,-4.394531,-1.770020,-9.582520
2022,0.045410,-0.152954,1.044434,-4.577637,-2.807617,-9.338379
2032,0.044678,-0.135620,0.947144,-4.333496,-2.380371,-9.277344
2041,0.008789,-0.119873,0.981201,-4.333496,-2.014160,-8.728027
2051,-0.095215,-0.151489,0.952515,-4.272461,-2.380371,-8.300781
2061,-0.015015,-0.048706,1.101440,-3.234863,0.183105,-7.141113
2072,-0.032471,-0.084473,0.984497,-2.624512,1.281738,-6.713867
2081,-0.085937,-0.156128,0.969849,-2.441406,0.915527,-6.042480
2091,-0.053345,-0.117798,1.046997,-2.746582,0.854492,-5.371094
2101,-0.062988,-0.124023,0.927490,-2.685547,1.831055,-4.760742
2111,-0.001831,-0.054321,0.972168,-2.807617,2.380371,-3.784180
2121,-0.057251,-0.207397,1.003174,-2.502441,1.892090,-2.685547
2133,-0.042969,-0.091919,0.994995,-2.746582,3.967285,-0.854492
2142,-0.025269,-0.105469,1.022095,-2.502441,4.028320,-0.122070
2152,-0.046631,-0.140259,0.934448,-2.441406,4.516602,0.488281
2161,-0.076050,-0.045776,1.028198,-2.380371,4.638672,1.159668
2171,-0.051514,-0.087036,1.044067,-1.953125,4.089355,1.770020
2182,-0.023071,0.001099,1.058105,-1.098633,5.798340,2.929688
2191,-0.085815,-0.206299,0.943359,-0.427246,6.164551,4.699707
2201,-0.076538,-0.137451,1.052856,-0.183105,6.164551,7.568359
2212,-0.015015,0.097900,1.108887,0.427246,6.958008,8.728027
2222,-0.030029,-0.161011,1.065674,1.770020,7.690430,9.887695
2231,-0.055542,-0.255249,0.985718,3.051758,7.629395,10.559082
2241,-0.036499,-0.282471,0.991089,3.417969,7.263184,10.803223
2251,0.008789,-0.245239,0.914429,3.112793,6.713867,10.620117
2262,0.010010,-0.221558,0.976196,2.197266,6.286621,10.742188
2272,0.076416,-0.116211,1.108765,1.464844,5.676270,10.498047
2281,0.048218,-0.271729,0.979248,1.220703,5.615234,10.192871
2291,0.032959,-0.174316,1.033081,1.159668,5.004883,9.399414
2301,0.000977,-0.254272,0.960571,0.976562,5.371094,8.911133
2311,-0.005859,-0.141113,1.011597,0.488281,4.333496,8.056641
2321,0.043823,-0.194458,1.031494,0.671387,4.516602,7.385254
2331,-0.008423,-0.233276,1.023682,1.281738,4.150391,6.835937
2341,0.007202,-0.158691,1.091553,2.624512,4.150391,5.310059
2352,0.082520,-0.150269,1.050659,2.624512,3.295898,4.699707
2361,0.099976,-0.225586,1.065796,2.868652,2.441406,3.906250
2372,0.124512,-0.241333,1.039551,3.173828,2.075195,3.723145
2381,0.133789,-0.144165,1.058838,3.234863,1.586914,3.906250
2391,0.162231,-0.189819,0.968262,3.662109,1.464844,4.089355
2401,0.139038,-0.124390,0.997803,3.906250,1.220703,4.577637
2412,0.039917,-0.139893,0.793091,3.845215,1.281738,6.896973
2422,0.024536,-0.157593,0.861694,3.051758,1.220703,8.361816
2431,-0.011230,-0.487549,0.529785,2.929688,1.770020,9.765625
2441,0.009155,-0.078491,0.853638,0.610352,0.915527,10.437012
2451,0.021118,-0.097168,0.812744,-0.488281,0.793457,11.474609
2461,0.025879,-0.085327,0.876953,-1.098633,0.610352,12.145996
2472,-0.012207,-0.023437,0.949707,-2.441406,0.305176,13.000488
2482,-0.009399,-0.172363,0.930420,-3.173828,0.427246,13.183594
2491,0.000122,0.097046,1.102783,-3.723145,0.549316,13.061523
2501,0.036255,0.133057,1.225952,-3.356934,-0.183105,13.610840
2511,-0.010498,-0.140015,1.071777,-1.770020,0.610352,14.160156
2521,-0.062012,0.015869,1.103271,-1.159668,-0.122070,14.343262
2531,-0.028320,-0.131836,1.078857,-0.671387,-0.061035,14.526367
2542,-0.064697,-0.135620,1.009277,-0.915527,0.061035,13.854980
2552,-0.029175,-0.209351,0.939941,-1.159668,-0.244141,13.732910
2561,0.042114,-0.088989,0.985474,-1.586914,-0.061035,13.488770
2571,0.061768,-0.159668,1.045288,-2.197266,-0.793457,12.756348
2581,0.094482,-0.135132,1.089600,-2.502441,-1.464844,12.145996
2591,0.127808,-0.056030,1.137329,-2.502441,-2.685547,11.413574
2601,0.129883,-0.197266,1.017334,-1.953125,-2.441406,10.437012
2613,0.139771,-0.099609,1.098511,-2.075195,-4.699707,9.033203
2622,0.186768,-0.153564,1.139893,-1.953125,-5.493164,8.056641
2632,0.137817,-0.068726,1.093018,-1.647949,-6.469727,7.324219
2641,0.094971,-0.148193,1.025879,-1.037598,-6.652832,6.042480
2651,0.114990,-0.052490,1.047241,-1.098633,-7.263184,4.821777
2660,0.077148,-0.303955,0.948975,-0.793457,-7.934570,2.929688
2671,0.067871,-0.139282,0.941650,-1.220703,-8.117676,0.732422
2681,0.061279,-0.338379,0.839233,-1.708984,-8.483887,-1.220703
2692,0.061890,-0.154053,0.821045,-2.807617,-8.972168,-3.845215
2702,0.087280,-0.211792,0.819580,-5.432129,-9.643555,-8.117676
2711,0.113403,-0.177979,0.829102,-6.408691,-9.765625,-10.253906
2721,0.092529,-0.095703,0.973755,-7.080078,-10.681152,-11.779785
2731,0.047974,-0.099487,1.010010,-6.835937,-10.498047,-12.878418
2741,0.030273,-0.040894,1.012451,-6.164551,-10.131836,-13.732910
2751,0.022705,0.080933,1.057007,-5.310059,-9.826660,-14.343262
2763,0.103638,-0.195801,0.961670,-2.136230,-9.338379,-14.587402
2773,0.034668,-0.152954,0.868042,-1.892090,-8.972168,-13.854980
2783,0.019043,-0.147461,0.864502,-1.281738,-7.995605,-13.427734
2792,0.048340,-0.212158,0.896606,-0.305176,-7.751465,-12.756348
2802,0.032593,-0.209473,0.947632,-0.244141,-7.141113,-11.779785
2811,-0.024902,-0.207764,0.979004,-0.366211,-6.286621,-10.009766
2821,-0.037720,-0.248169,0.960937,-0.122070,-5.432129,-7.873535
2831,-0.066772,-0.194458,0.962280,-0.549316,-4.638672,-5.187988
2840,-0.073975,-0.178955,0.945557,-0.610352,-3.784180,-3.662109
2851,-0.092651,-0.129395,0.984863,-0.854492,-2.807617,-1.770020
2861,-0.090454,-0.144287,0.960937,-0.915527,-2.319336,-0.061035
2871,-0.130737,-0.320923,0.840454,-1.770020,-1.953125,1.220703
2881,-0.179199,-0.013184,0.984619,-2.380371,-0.427246,2.502441
2891,-0.157593,-0.088623,1.029419,-2.563477,0.366211,3.784180
2903,-0.145996,-0.065186,1.020996,-2.258301,1.098633,5.371094
2913,-0.170288,-0.258179,0.952393,-2.868652,1.525879,6.652832
2922,-0.108276,-0.118774,1.055542,-3.723145,2.258301,7.995605
2931,-0.112793,-0.009155,1.112305,-4.150391,2.929688,9.460449
2941,-0.128540,-0.067749,1.044067,-4.089355,4.028320,11.108398
2951,-0.122314,0.010620,1.070923,-4.028320,5.004883,12.512207
2961,-0.070801,-0.141724,1.039063,-4.211426,4.699707,13.366699
2971,-0.123901,-0.066772,0.997314,-5.249023,4.882812,13.854980
2982,-0.101196,-0.049561,1.059448,-4.882812,4.394531,13.732910
2995,-0.090332,-0.095459,1.004395,-4.455566,4.333496,13.122559
3005,-0.115234,0.069092,1.017456,-4.150391,3.662109,10.437012
3015,-0.090454,-0.100464,0.926636,-2.746582,3.295898,8.972168
3025,-0.071289,-0.130737,0.964478,-1.892090,2.624512,7.019043
3034,-0.071289,-0.148926,0.913208,-1.525879,2.380371,4.760742
3044,-0.005371,-0.076660,1.046021,-0.854492,2.685547,3.601074
3053,0.024658,-0.256714,0.898926,-0.854492,2.746582,2.319336
3063,0.056641,-0.097656,0.957886,-0.732422,2.441406,0.976562
3072,0.097656,-0.183960,0.887207,-0.549316,2.014160,0.122070
3082,0.097656,-0.253418,0.769287,-0.793457,1.220703,-1.037598
3092,0.123657,-0.130005,0.881714,-1.159668,1.525879,-1.525879
3101,0.086792,-0.283081,0.856812,-1.098633,1.281738,-2.380371
3111,0.069214,-0.173706,0.958008,-1.342773,0.061035,-3.601074
3122,0.120239,-0.242187,0.930908,-1.159668,-0.732422,-3.723145
3132,0.116943,-0.120361,1.095459,-1.281738,0.000000,-3.540039
3142,0.145630,-0.196777,1.123535,-1.220703,-0.244141,-3.112793
3151,0.003540,-0.201660,1.015869,-1.281738,0.305176,-2.868652
3161,-0.043213,0.110718,1.144653,-1.281738,-0.549316,-3.051758
3171,-0.065918,-0.019653,1.046143,-0.671387,0.671387,-2.502441
3182,-0.055298,0.010498,1.045776,-0.061035,1.220703,-1.708984
3192,0.013306,-0.077515,1.107788,-0.305176,1.525879,-1.037598
3201,-0.067749,-0.172729,0.989136,-0.122070,1.953125,-0.366211
3211,0.020386,0.121216,1.094360,0.061035,1.586914,0.244141
3221,0.016235,0.024170,1.101685,0.610352,1.586914,1.037598
3231,-0.036011,-0.339233,0.929565,0.793457,1.953125,1.159668
3243,-0.069458,-0.038452,1.056396,0.427246,2.563477,1.647949
3252,-0.123779,-0.377441,0.863281,0.915527,3.295898,1.953125
3261,-0.091919,-0.210571,0.926636,0.305176,3.173828,1.770020
3271,-0.001831,-0.009277,1.033447,0.122070,2.990723,2.075195
3281,0.021484,-0.169678,0.908203,-0.061035,3.601074,2.319336
3292,0.046753,-0.134766,0.990112,-0.305176,3.295898,2.563477
3301,0.043701,-0.104370,1.010620,-0.122070,3.479004,2.624512
3311,0.021484,-0.286865,0.893433,0.122070,3.479004,3.051758
3323,0.083374,-0.297607,0.942017,-0.122070,3.601074,4.333496
3332,0.079590,-0.359619,0.825195,-1.098633,2.807617,5.249023
3341,0.036377,-0.005371,0.994385,-1.770020,2.990723,5.676270
3351,0.079224,-0.121582,0.977661,-2.380371,2.990723,6.408691
3361,0.000488,-0.238647,0.893799,-2.441406,2.441406,6.530762
3371,0.008179,-0.077881,1.009277,-2.807617,2.746582,6.530762
3381,0.030640,-0.133057,0.942749,-2.746582,2.441406,6.408691
3392,0.076172,-0.083496,1.086060,-2.563477,1.037598,4.882812
3402,0.059692,-0.146973,1.047729,-1.770020,0.427246,4.394531
3411,0.117310,-0.134033,1.024048,-1.159668,0.488281,3.417969
3420,0.098633,-0.117798,1.073730,-0.366211,0.061035,2.929688
3431,0.058350,-0.251953,1.045898,0.000000,-0.854492,2.197266
3441,0.068848,-0.278076,0.927368,0.061035,-0.793457,1.281738
3451,0.072266,-0.106445,0.985596,-0.305176,-1.037598,0.549316
3463,0.094482,-0.397095,0.956909,-0.244141,-1.708984,-1.342773
3472,0.088989,-0.111084,0.926270,-1.342773,-2.197266,-1.892090
3482,0.112915,0.093628,1.078857,-1.281738,-2.258301,-2.441406
3491,0.120483,-0.201782,1.025024,-1.220703,-2.807617,-2.136230
3501,0.037598,-0.259644,0.854614,-1.220703,-2.197266,-1.892090
3512,0.064697,0.020020,0.962769,-2.014160,-3.051758,-1.342773
3521,0.045288,-0.013306,1.065552,-1.953125,-1.342773,0.000000
3531,0.036621,-0.165283,0.965820,-2.136230,-1.892090,1.586914
3542,-0.033203,-0.199951,0.900879,-2.258301,-0.976562,2.502441
3551,-0.040161,-0.302246,0.781006,-3.234863,-0.488281,3.723145
3561,-0.028442,0.003174,0.927124,-5.187988,-0.427246,5.065918
3571,-0.017212,0.041260,0.946655,-6.530762,-0.122070,6.530762
3581,-0.037720,-0.075073,0.875610,-6.896973,0.549316,7.995605
3591,-0.021362,0.139893,0.986084,-6.774902,0.427246,9.399414
3602,-0.048828,-0.162231,0.865479,-6.164551,0.976562,10.925293
3613,-0.095581,0.077515,1.020386,-6.347656,0.854492,10.803223
3622,-0.085937,-0.039795,1.033569,-5.981445,0.366211,10.070801
3632,-0.135986,-0.160522,0.904053,-5.676270,0.183105,9.277344
3641,-0.111938,0.090576,1.036011,-5.432129,-0.305176,7.812500
3650,-0.127197,-0.044434,0.997681,-4.638672,0.000000,6.530762
3661,-0.135010,-0.169189,0.959961,-4.333496,2.441406,5.554199
3671,-0.123657,0.095581,1.052490,-4.211426,2.136230,3.845215
3682,-0.131104,-0.141113,1.030273,-3.723145,2.136230,3.112793
3691,-0.071533,0.008911,1.100952,-3.051758,2.197266,2.929688
3701,-0.014282,0.070679,1.107544,-2.319336,2.014160,2.624512
3711,-0.008301,-0.142334,1.015259,-1.831055,1.586914,2.197266
3721,0.086914,-0.229492,0.951416,-1.831055,2.136230,1.953125
3731,0.110718,-0.059814,0.973511,-1.953125,2.136230,2.258301
3742,0.197266,-0.155884,0.940063,-1.770020,0.061035,2.624512
3752,0.190796,-0.001221,1.032959,-2.685547,-0.183105,2.746582
3761,0.150513,-0.168701,0.994385,-2.868652,-1.037598,2.502441
3771,0.147461,-0.181885,1.007080,-3.417969,-2.136230,2.136230
3781,0.123779,-0.013428,1.062012,-4.028320,-2.563477,2.197266
3792,0.118408,-0.103149,1.054443,-4.028320,-2.441406,2.319336
3801,0.093140,-0.137207,1.009888,-3.906250,-3.295898,2.441406
3811,0.094971,-0.003418,1.019653,-3.601074,-2.258301,1.953125
3821,0.084717,-0.122681,0.916382,-4.028320,-3.417969,1.220703
3831,0.009521,0.015625,1.010620,-4.394531,-3.662109,0.671387
3842,0.012573,-0.030396,0.999512,-4.211426,-3.723145,0.488281
3851,-0.034668,-0.114136,0.927002,-3.601074,-3.234863,0.305176
3861,-0.080688,-0.078979,0.996704,-2.868652,-2.868652,0.427246
3870,-0.056885,-0.076660,0.984131,-1.831055,-2.319336,0.488281
3882,-0.081055,-0.057129,1.011475,-0.976562,-2.014160,0.915527
3892,-0.079224,-0.168945,0.946167,0.549316,-1.770020,0.671387
3902,-0.017822,-0.309326,0.848022,0.610352,-1.098633,0.183105
3911,-0.049072,-0.107056,0.941040,0.549316,-1.037598,-0.305176
3921,-0.018066,-0.032593,1.023560,0.976562,-1.159668,-1.037598
3931,-0.043579,-0.184570,0.950317,1.159668,-1.525879,-1.525879
3942,-0.044189,-0.205078,0.976807,1.586914,-0.671387,-1.464844
3952,0.020386,-0.130249,0.967163,1.831055,0.488281,-0.732422
3961,0.015503,-0.221802,0.928955,1.403809,0.122070,0.427246
3971,0.021973,-0.062744,0.949097,0.671387,0.488281,1.403809
3981,0.030029,-0.046387,0.971313,-0.183105,0.854492,2.746582
3991,0.034424,-0.151367,0.955322,-1.098633,1.525879,3.906250
4001,-0.014404,-0.059814,0.953247,-2.014160,0.610352,4.760742
4011,-0.009155,0.142212,1.031616,-2.746582,0.915527,6.042480
4023,-0.017578,-0.072510,0.989258,-3.051758,1.342773,8.361816
4033,-0.032227,0.032349,1.070435,-3.112793,1.220703,9.094238
4042,-0.017090,0.023315,1.077271,-2.929688,1.403809,9.460449
4052,-0.025391,0.023926,1.117920,-2.990723,1.098633,9.765625
4062,-0.023193,-0.020752,1.127563,-2.868652,1.403809,9.582520
4071,-0.077637,0.056274,1.069580,-2.563477,1.159668,9.643555
4081,-0.039429,0.089478,1.125244,-2.014160,1.586914,9.765625
4092,-0.016113,-0.039795,1.007446,-1.708984,1.831055,10.498047
4102,-0.015503,-0.002319,1.018677,-1.586914,0.915527,10.498047
4111,0.005371,0.032471,1.051514,-1.281738,0.122070,10.131836
4121,-0.008423,-0.016235,0.996704,-0.610352,0.732422,9.765625
4131,-0.006958,-0.129883,0.990479,0.122070,1.403809,9.338379
4141,0.037476,-0.155273,0.947876,0.549316,0.610352,8.666992
4153,-0.000488,-0.051758,1.036499,0.549316,-0.061035,6.347656
4162,0.000366,-0.126709,0.940552,0.671387,-0.610352,4.760742
4172,0.001587,-0.185303,0.730713,0.671387,-0.732422,3.601074
4181,0.059204,-0.193359,0.804932,-0.305176,-1.037598,2.868652
4191,0.070312,0.146973,1.199219,-1.892090,-0.915527,1.708984
4201,0.060669,-0.068604,1.037231,-1.708984,-1.403809,0.793457
4211,0.042969,-0.015381,1.075928,-1.281738,-1.892090,-0.427246
4222,0.046265,0.038452,1.068481,-0.915527,-2.075195,-1.464844
4232,0.098389,0.029175,1.101563,0.305176,-1.647949,-0.915527
4242,0.092163,-0.024780,1.130127,1.342773,-1.953125,-0.671387
4252,0.073608,-0.023437,1.132446,1.281738,-1.342773,-0.305176
4261,0.061035,-0.054810,0.934814,1.831055,-2.258301,-0.427246
4271,0.042358,-0.030273,0.892944,2.197266,-2.319336,-1.281738
4281,0.054443,-0.046265,0.948730,1.464844,-2.685547,-1.647949
4292,0.013672,0.084473,1.055664,1.342773,-3.906250,-1.953125
4302,-0.033325,-0.161377,1.011719,1.464844,-3.601074,-2.075195
4311,0.016235,0.143677,1.169067,1.342773,-2.746582,-1.647949
4321,0.010132,0.008545,1.033569,1.708984,-2.197266,-0.976562
4331,-0.021362,-0.056152,0.925293,2.258301,-2.319336,-0.610352
4341,0.003540,-0.043701,0.959473,3.112793,-1.525879,-0.122070
4351,-0.027588,-0.192749,0.892212,3.173828,-1.892090,-0.061035
4361,-0.045410,-0.113647,0.934204,2.746582,-0.854492,0.000000
4373,-0.050049,-0.022949,0.901001,0.915527,-0.854492,0.366211
4382,-0.025879,-0.027954,0.962280,0.366211,-0.976562,1.159668
4391,-0.047119,0.052856,1.020874,0.122070,0.854492,2.075195
4401,-0.028198,0.024414,1.022339,0.427246,0.793457,2.136230
4411,-0.007568,-0.023315,1.072021,0.427246,-0.488281,1.892090
4421,-0.003296,0.017700,1.042847,0.244141,0.244141,1.464844
4432,0.019287,0.039673,0.997314,0.793457,-0.305176,0.366211
4442,0.033203,-0.021484,0.936768,0.488281,-0.427246,-0.061035
4452,0.048096,-0.026733,0.987671,0.122070,-0.671387,-0.244141
4462,0.036011,-0.004883,1.037842,-0.488281,-0.610352,-0.366211
4471,0.034912,0.042358,1.111572,-0.671387,-0.549316,-0.305176
4481,0.000732,0.015747,0.950073,-0.671387,0.183105,0.061035
4491,0.007935,0.117065,1.081299,0.000000,0.244141,0.793457
4501,-0.042358,-0.098267,0.973511,1.037598,0.305176,1.953125
4513,-0.038330,0.028931,0.979614,0.427246,0.549316,2.807617
4522,-0.028931,-0.017944,0.977905,-0.183105,0.671387,3.540039
4532,-0.026611,-0.079712,0.834351,0.122070,0.915527,4.089355
4541,-0.000244,-0.124512,0.845459,-0.976562,1.342773,4.577637
4551,-0.017212,-0.021729,0.916260,-2.258301,1.220703,5.126953
4561,-0.043945,0.129639,0.987915,-2.990723,0.915527,5.249023
4571,-0.079346,-0.076782,0.961182,-2.563477,1.464844,5.310059
4581,-0.036255,-0.133545,1.046265,-3.540039,1.953125,5.371094
4592,-0.007690,0.134766,1.067139,-3.356934,2.258301,6.042480
4602,0.016235,-0.037231,0.927002,-2.685547,2.441406,6.774902
4611,0.036865,0.000488,1.023560,-2.502441,2.807617,7.324219
4621,0.027466,-0.018555,1.012207,-2.746582,2.197266,7.507324
4631,-0.015869,0.041626,1.034058,-3.173828,1.892090,7.690430
4643,-0.006592,-0.063721,1.012573,-4.150391,1.342773,8.117676
4652,-0.027100,0.024048,0.923340,-4.272461,1.892090,8.911133
4661,-0.018555,0.107544,1.083862,-4.028320,2.197266,9.338379
4671,-0.012329,-0.047974,1.046265,-3.479004,1.892090,9.521484
4682,-0.025757,0.077393,1.111328,-3.112793,1.708984,9.277344
4691,-0.033936,-0.063843,1.003784,-2.319336,2.075195,9.094238
4701,-0.010498,-0.062988,1.040527,-2.319336,1.647949,8.728027
4711,0.024780,-0.105103,0.988525,-1.953125,0.915527,7.995605
4723,-0.002197,-0.081543,0.893188,-2.868652,0.549316,7.568359
4732,-0.027466,-0.031494,0.901978,-2.563477,1.220703,6.469727
4742,-0.015137,0.006104,0.974487,-3.417969,0.000000,6.103516
4751,-0.035156,0.037720,1.039429,-3.479004,1.037598,5.798340
4761,-0.014038,0.004761,0.991821,-3.356934,1.342773,5.676270
4771,-0.005737,0.012939,1.027954,-3.112793,3.295898,6.408691
4783,0.020508,0.038452,1.093262,-1.098633,3.540039,5.920410
4792,0.020386,-0.057983,0.981812,-1.098633,0.793457,5.615234
4802,0.049438,-0.079834,0.909180,-1.159668,1.464844,5.737305
4811,0.061035,-0.061890,0.922363,-1.586914,-0.671387,5.004883
4821,0.073486,-0.107300,0.863892,-1.647949,2.929688,5.432129
4831,0.038208,-0.142944,0.843628,-2.441406,-0.793457,4.943848
4841,0.063110,-0.055054,0.916016,-3.356934,0.183105,4.760742
4852,0.053345,0.041870,0.974487,-4.028320,-0.488281,4.577637
4862,-0.017578,0.011719,1.014771,-3.356934,0.183105,4.150391
4871,-0.002441,0.056641,1.065674,-3.234863,-0.793457,4.150391
4881,-0.010254,0.025024,1.077148,-3.112793,-0.427246,4.455566
4891,-0.004517,0.009277,1.069458,-2.197266,0.244141,4.638672
4901,0.007324,-0.012817,1.015503,-1.953125,-0.610352,4.882812
4911,0.015381,-0.020752,0.987427,-1.770020,-0.549316,5.126953
4921,0.021362,-0.035156,0.937134,-1.281738,0.000000,5.493164
4932,0.017700,-0.128662,0.966553,-1.037598,-0.305176,5.676270
4941,-0.003784,-0.065796,1.005493,-1.586914,-0.305176,5.859375
4951,-0.004639,-0.045288,0.991821,-1.770020,-0.793457,5.859375
4961,0.010132,-0.078369,0.989014,-1.831055,-1.098633,6.042480
4971,0.002930,-0.014526,0.983154,-1.831055,-0.732422,6.103516
4981,-0.000122,-0.021240,0.951904,-1.647949,-0.976562,6.164551
4991,-0.009033,-0.031250,0.990845,-1.831055,-0.793457,6.225586
5001,-0.029541,0.014160,1.018433,-2.197266,0.549316,6.469727
5012,-0.014893,0.032227,1.017090,-2.319336,-0.122070,6.286621
5021,-0.004028,-0.020752,1.048950,-2.319336,-0.061035,5.981445
5032,-0.026489,-0.053711,1.023926,-2.197266,0.488281,5.554199
5041,-0.000122,0.006592,1.064453,-2.258301,1.037598,4.821777
5051,0.027588,-0.022583,1.005371,-2.136230,0.366211,3.906250
5061,0.059326,-0.032104,1.009521,-2.136230,-0.244141,3.234863
5073,0.083496,-0.047119,0.989258,-1.708984,-1.403809,2.136230
5082,0.082764,-0.049683,1.038574,-1.770020,-1.220703,1.708984
5092,0.039429,-0.027222,1.005615,-1.342773,-1.525879,1.525879
5101,0.027466,0.005493,0.967041,-1.220703,-1.647949,1.586914
5112,0.033081,-0.012451,0.994751,-1.220703,-1.159668,2.197266
5121,-0.011475,-0.030396,0.968262,-1.159668,-1.037598,2.685547
5133,-0.025879,0.012939,0.992187,-1.953125,-1.037598,3.417969
5142,-0.032715,0.046509,0.994507,-2.624512,-0.915527,3.967285
5152,-0.003784,0.014160,0.995239,-2.563477,-0.244141,4.394531
5161,-0.016113,0.003784,0.993286,-2.502441,-0.183105,4.760742
5171,-0.009033,0.024902,1.012329,-2.502441,0.488281,5.126953
5182,0.011841,0.063354,0.987061,-2.197266,0.488281,5.432129
5191,0.058838,-0.025879,1.020020,-1.892090,0.183105,5.126953
5201,0.041260,0.014038,0.997681,-1.403809,0.793457,4.760742
5212,0.017456,0.018066,1.057129,-1.281738,-0.366211,4.516602
5222,0.005493,-0.115723,0.974243,0.061035,-0.366211,4.638672
5231,0.010742,-0.078613,1.036499,0.427246,-0.183105,4.699707
5242,0.015991,-0.009155,1.016235,0.244141,-0.366211,5.126953
5251,-0.028931,-0.036499,0.948120,0.244141,-0.244141,5.493164
5261,-0.006836,-0.066772,0.957886,0.610352,-0.427246,5.615234
5273,-0.004028,-0.014038,0.999146,0.488281,0.000000,5.615234
5282,-0.019165,-0.059448,0.992310,0.061035,0.061035,5.859375
5291,-0.032104,-0.047729,1.005615,0.122070,0.366211,5.859375
5301,0.005127,-0.012451,0.967896,0.305176,0.366211,5.981445
5311,0.049072,-0.018066,1.017700,0.061035,-0.732422,6.164551
5321,0.022461,-0.045410,0.956909,0.061035,0.244141,6.103516
5331,0.040039,-0.057129,1.006836,0.061035,0.122070,6.164551
5341,0.025269,-0.054687,0.989746,0.000000,-0.122070,5.920410
5352,-0.002441,-0.070801,0.968262,0.305176,0.549316,5.493164
5362,0.010498,-0.129639,0.999756,0.427246,0.671387,5.554199
5371,-0.021851,-0.061035,0.952759,0.183105,-0.305176,5.432129
5381,0.019653,-0.009644,0.983398,-0.183105,0.000000,5.371094
5392,0.005249,0.024536,0.998413,-0.610352,-0.183105,5.371094
5401,0.020386,0.013184,0.939697,-1.159668,-1.098633,5.065918
5414,0.008545,-0.011108,1.007324,-1.220703,-0.793457,4.577637
5424,0.023071,-0.007935,1.074951,-1.098633,-0.305176,4.577637
5434,0.015015,-0.020874,0.980347,-1.159668,-0.549316,4.760742
5443,0.043457,-0.009033,1.029297,-0.732422,0.671387,4.760742
5453,0.034668,-0.033447,0.982422,-0.915527,-0.427246,4.455566
5463,0.055664,0.016724,1.027710,-0.915527,-0.305176,4.089355
5472,0.047607,0.074707,1.057129,-1.098633,-0.854492,3.601074
5482,0.041992,-0.000366,1.039917,-0.671387,-0.854492,2.502441
5491,0.025146,-0.040894,1.031738,-0.610352,-1.892090,2.380371
5501,0.035522,-0.000854,1.125244,-0.122070,-1.281738,2.197266
5511,0.023682,-0.024170,1.066284,0.183105,-1.708984,2.075195
5522,0.010376,-0.060669,0.974487,0.366211,-1.586914,1.953125
5531,0.032349,-0.052612,0.940674,0.000000,-1.892090,1.647949
5541,0.043945,-0.070190,0.922241,0.366211,-0.854492,1.220703
5551,0.031250,-0.066040,0.923706,-0.061035,-2.136230,0.915527
5562,-0.005127,-0.051270,0.925781,-0.671387,-0.671387,1.098633
5572,0.013550,-0.021851,0.977905,-1.831055,-1.403809,1.342773
5581,-0.010864,-0.028931,0.939209,-1.831055,-1.464844,1.403809
5591,0.018677,-0.054687,0.993652,-1.403809,-0.488281,1.831055
5602,-0.010986,0.012085,1.012573,-1.647949,-1.647949,1.464844
5611,0.015015,0.038330,0.989136,-1.403809,-0.671387,1.770020
5624,-0.005371,-0.016602,0.983643,-1.403809,0.305176,2.197266
5633,0.004883,-0.003662,1.006348,-1.281738,-0.305176,2.624512
5642,-0.008301,-0.021729,1.007202,-0.671387,0.549316,3.295898
5652,0.015991,-0.076172,1.020874,-0.854492,0.366211,3.662109
5661,0.013672,-0.072998,1.025024,-0.915527,1.464844,3.906250
5672,0.031494,-0.089478,1.008911,-0.915527,0.183105,3.723145
5681,0.031616,-0.011719,0.972412,-1.159668,-0.671387,3.540039
5691,0.033081,0.011230,1.020874,-0.854492,-0.610352,3.662109
5703,-0.012085,-0.001953,1.029297,-1.037598,-0.610352,3.479004
5712,0.000366,-0.053467,1.067261,-1.342773,-0.610352,3.662109
5722,-0.001099,0.047363,1.062012,-1.220703,0.427246,3.723145
5731,0.008545,0.000000,1.022095,-1.525879,0.427246,3.784180
5741,-0.015137,-0.026733,0.989014,-1.098633,0.183105,3.784180
5751,-0.002197,-0.058105,1.037354,-0.732422,0.061035,3.540039
5764,0.005493,-0.038696,0.970215,-0.976562,0.305176,3.479004
5773,0.019409,-0.063965,0.945312,-0.549316,1.342773,3.112793
5783,0.041504,-0.037842,0.933716,-0.549316,0.488281,2.807617
5792,0.036377,-0.083984,0.946289,-0.854492,-0.976562,2.746582
5802,0.016479,-0.037109,0.961304,-0.976562,0.488281,2.868652
5812,-0.000122,-0.068604,0.953125,-1.037598,-2.197266,2.624512
5821,-0.018311,-0.046631,0.963135,-1.159668,1.159668,3.356934
5834,-0.042725,-0.060181,0.936279,-0.915527,0.427246,4.821777
5844,-0.020874,-0.031982,0.914917,-0.854492,0.976562,5.676270
5853,-0.027954,0.010864,0.937622,-0.976562,1.708984,6.652832
5862,-0.006104,-0.010742,0.937378,-1.098633,1.220703,7.080078
5872,-0.046631,-0.018311,0.937622,-1.464844,1.403809,7.568359
5882,-0.009155,0.037720,0.979736,-1.892090,1.342773,8.056641
5891,-0.046631,-0.020142,0.966797,-1.953125,2.319336,8.544922
5902,-0.009644,0.030518,0.990356,-1.770020,2.929688,9.765625
5912,0.016602,-0.063354,1.010254,-1.464844,2.685547,10.253906
5921,0.012329,-0.042725,1.033325,-1.770020,2.502441,10.498047
5932,0.028564,0.012573,1.039917,-2.014160,2.685547,10.681152
5941,0.008423,0.001587,1.004761,-1.892090,2.624512,10.925293
5951,0.007202,-0.020264,0.999512,-1.953125,2.014160,11.230469
5961,-0.008911,-0.044556,1.019775,-2.258301,2.563477,11.596680
5974,-0.019165,-0.054932,1.036133,-2.258301,1.892090,11.657715
5983,-0.009277,-0.010254,1.041260,-2.197266,1.586914,11.413574
5993,-0.005981,-0.074463,1.022583,-1.953125,1.708984,11.535645
6002,-0.004883,-0.070312,0.992798,-1.647949,1.831055,11.535645
6012,-0.000854,-0.065430,0.995483,-1.464844,1.220703,11.474609
6022,-0.002319,-0.027588,0.978394,-1.342773,2.014160,11.596680
6031,-0.007568,-0.057373,0.975708,-1.098633,1.831055,11.596680
6044,-0.001953,-0.023926,0.991943,-1.159668,1.647949,11.352539
6054,-0.004028,0.027710,1.001953,-1.281738,1.647949,11.047363
6063,0.002075,-0.032227,0.983276,-0.793457,2.014160,10.986328
6073,-0.031616,-0.037842,0.961426,-0.793457,2.014160,10.864258
6082,0.010986,-0.044312,0.963135,-0.793457,1.647949,11.047363
6091,-0.009277,-0.077637,0.945557,-0.732422,1.770020,11.169434
6102,0.016357,-0.029541,0.970215,-0.610352,1.892090,11.169434
6111,0.018188,-0.038696,0.930176,-0.976562,1.525879,12.207031
6121,0.036621,-0.031860,0.915527,-0.915527,2.014160,12.451172
6132,0.024902,-0.033936,0.978394,-1.220703,1.953125,12.878418
6141,-0.015259,-0.025024,0.983521,-1.403809,1.464844,13.183594
6152,0.017944,-0.059937,0.993652,-1.403809,1.647949,13.183594
6161,-0.011230,-0.035889,0.995605,-1.586914,1.220703,13.305664
6172,0.043579,-0.060181,0.999146,-1.464844,1.892090,13.305664
6182,0.015991,-0.058594,0.980103,-1.220703,1.159668,13.122559
6191,0.053223,-0.116211,0.995239,-1.770020,0.915527,13.061523
6201,0.033203,-0.048462,1.009277,-2.136230,1.342773,13.366699
6212,0.022217,-0.006226,1.007568,-1.892090,1.098633,13.305664
6222,0.009766,-0.036987,1.015015,-1.770020,0.976562,12.939453
6232,0.025757,-0.000610,1.038574,-1.586914,0.854492,12.268066
6241,0.021606,0.044189,1.090088,-1.647949,-0.061035,11.901855
6254,0.006714,0.050171,1.064575,-1.892090,0.122070,11.352539
6263,0.057739,-0.006714,1.066895,-1.831055,0.305176,11.291504
6273,0.028442,-0.046387,1.012817,-1.281738,-0.732422,10.925293
6283,0.053467,-0.116821,1.002075,-1.037598,1.281738,10.620117
6292,0.030273,-0.055176,0.981079,-1.403809,-1.586914,9.704590
6302,0.092896,-0.069824,0.956543,-1.831055,-0.671387,9.643555
6311,0.050293,0.032227,0.962524,-2.075195,-1.403809,9.338379
6324,0.052490,-0.034058,0.976318,-1.464844,-1.586914,8.911133
6333,0.050049,-0.050781,0.983276,-1.464844,-0.793457,8.728027
6343,0.047974,-0.030396,0.988892,-1.403809,-1.647949,7.934570
6352,0.027344,-0.027222,0.999512,-1.342773,-1.953125,7.324219
6362,0.057373,-0.044922,0.978882,-1.464844,-2.502441,6.835937
6371,0.031372,-0.068848,0.966675,-0.976562,-1.831055,6.347656
6382,0.070923,-0.072876,0.995239,-0.549316,-2.258301,5.554199
6391,0.042114,-0.073364,1.006104,-0.366211,-1.708984,4.577637
6403,0.078613,0.009155,1.001709,-0.732422,-1.953125,2.014160
6412,0.102905,0.011353,1.019409,-0.610352,-3.112793,0.854492
6422,0.084717,-0.055298,0.995117,-0.305176,-4.028320,-0.610352
6432,0.086060,-0.046509,1.004761,-0.488281,-4.333496,-2.014160
6441,0.087891,-0.027100,1.043091,-0.427246,-4.516602,-3.356934
6451,0.121216,0.038452,1.066895,-0.732422,-5.310059,-4.394531
6464,0.118530,-0.023560,0.974487,-0.244141,-4.943848,-5.554199
6474,0.120483,-0.023926,1.003174,-0.366211,-5.493164,-6.103516
6483,0.124023,-0.116577,0.989990,-0.305176,-5.920410,-6.469727
6493,0.076050,-0.068848,0.987671,-0.427246,-5.981445,-6.958008
6502,0.085937,-0.059937,1.006226,-0.976562,-6.591797,-7.507324
6512,0.072998,-0.029663,0.985718,-1.464844,-5.737305,-8.117676
6521,0.063843,-0.084106,0.958130,-1.220703,-5.249023,-8.728027
6534,0.011475,0.019287,1.047607,-1.647949,-6.225586,-9.826660
6543,0.009155,-0.026123,1.033691,-1.403809,-6.042480,-10.131836
6553,0.001709,-0.017456,0.989014,-1.464844,-6.042480,-10.009766
6563,0.026245,-0.044189,1.003540,-1.281738,-5.493164,-9.765625
6572,0.018921,-0.013672,0.983765,-1.281738,-5.432129,-9.277344
6582,0.005127,-0.043091,0.979126,-1.098633,-4.516602,-8.911133
6591,0.010254,-0.071655,0.963745,-1.159668,-4.577637,-8.361816
6604,0.021729,-0.024292,0.990479,-1.770020,-3.906250,-7.568359
6613,-0.015259,0.022095,0.923706,-2.075195,-3.784180,-7.019043
6623,-0.045410,0.008667,0.944580,-2.258301,-3.417969,-6.225586
6633,-0.038452,-0.055542,0.922852,-2.014160,-2.990723,-5.554199
6642,-0.044678,0.014526,1.006226,-2.075195,-2.441406,-4.638672
6652,-0.055054,-0.022827,0.985352,-2.441406,-2.197266,-3.662109
6662,-0.077637,0.080322,0.979370,-2.746582,-1.159668,-2.563477
6672,-0.060303,0.020020,0.948364,-2.441406,0.061035,-0.427246
6681,-0.050781,-0.002319,1.002686,-2.502441,0.305176,0.671387
6692,-0.040405,0.021851,1.010986,-2.502441,0.610352,1.708984
6701,-0.053467,-0.020752,0.980591,-2.563477,1.098633,2.807617
6712,-0.058228,-0.040405,0.994385,-2.502441,1.159668,4.089355
6722,-0.059937,-0.037231,1.019653,-2.380371,1.953125,5.249023
6732,-0.051880,0.018555,1.001953,-2.441406,2.136230,6.225586
6742,-0.067749,-0.021851,0.975464,-2.075195,2.807617,8.361816
6751,-0.067261,0.025269,1.001587,-1.831055,3.662109,9.460449
6762,-0.041626,-0.009766,1.015015,-1.953125,3.662109,10.925293
6771,-0.063965,-0.044800,0.986694,-1.892090,2.624512,11.779785
6782,-0.083496,-0.026123,0.992432,-1.647949,4.333496,13.183594
6792,-0.046753,-0.032837,0.986206,-1.525879,5.187988,14.465332
6802,-0.071533,-0.042969,0.958008,-1.525879,5.615234,15.625000
6812,-0.075684,-0.059204,1.006836,-1.831055,5.981445,17.456055
6823,-0.057251,-0.017700,0.983154,-1.464844,6.896973,18.127441
6832,-0.078979,-0.070679,0.978271,-1.647949,6.286621,18.859863
6842,-0.075195,-0.085571,1.019287,-1.708984,6.530762,19.714355
6852,-0.051514,0.033203,1.011963,-1.770020,7.263184,20.812988
6862,-0.022217,0.004028,0.962646,-1.831055,7.995605,21.850586
6872,-0.018677,-0.015503,1.011597,-1.892090,7.019043,22.827148
6882,-0.004150,-0.005859,1.021729,-1.770020,8.300781,22.949219
6891,0.012207,-0.039429,0.985229,-2.075195,7.507324,22.216797
6902,0.011597,0.014526,1.004517,-2.380371,7.141113,21.118164
6912,0.053467,-0.012573,1.002686,-2.380371,6.225586,20.141602
6921,0.044312,0.027222,1.020386,-2.197266,6.774902,19.409180
6932,0.086182,-0.019165,1.033325,-2.319336,6.042480,18.920898
6941,0.104004,-0.049438,1.007690,-2.502441,5.798340,18.127441
6954,0.137573,-0.044678,0.970337,-1.892090,5.187988,16.235352
6964,0.142212,-0.046875,0.982910,-1.892090,4.028320,14.587402
6973,0.138550,-0.007935,1.006958,-2.136230,2.624512,13.000488
6982,0.157104,-0.001465,1.015015,-2.563477,2.136230,11.962891
6992,0.145020,-0.026489,0.997070,-2.563477,2.197266,11.169434
7001,0.122192,0.001221,1.003784,-2.380371,1.892090,10.986328
7012,0.121582,-0.042725,1.010010,-2.136230,1.037598,10.192871
7022,0.092163,-0.078735,0.979858,-2.319336,-0.366211,7.995605
7033,0.122437,0.007813,1.006226,-2.380371,0.061035,6.774902
7043,0.119507,-0.034424,0.977905,-2.075195,-0.610352,5.737305
7052,0.111450,-0.030518,1.000854,-2.075195,-1.403809,4.638672
7061,0.140259,-0.042603,1.025024,-1.892090,-1.525879,3.601074
7072,0.125488,-0.061279,0.997803,-1.892090,-1.647949,2.502441
7081,0.114624,0.024170,1.043335,-2.258301,-2.075195,1.586914
7094,0.106323,-0.052734,0.983521,-1.647949,-2.746582,0.549316
7103,0.078979,-0.062622,1.026611,-1.586914,-3.479004,0.061035
7113,0.057007,-0.070190,1.010376,-1.892090,-3.723145,-0.976562
7123,0.026733,-0.030029,0.996704,-1.953125,-3.173828,-1.647949
7132,0.105103,-0.031128,0.999634,-2.075195,-3.723145,-2.136230
7142,-0.010132,-0.046875,0.962402,-2.136230,-3.356934,-2.502441
7152,0.031860,-0.009277,0.982666,-1.892090,-3.723145,-2.990723
7161,0.003784,-0.044189,0.980713,-1.464844,-2.685547,-2.746582
7173,0.033081,-0.006348,0.946533,-2.380371,-2.014160,-1.831055
7183,0.067505,-0.004639,0.982422,-2.075195,-1.525879,-1.586914
7192,0.010132,0.021851,0.984741,-1.831055,-2.563477,-1.403809
7202,0.068970,-0.047852,0.984985,-1.403809,-1.708984,-1.281738
7212,0.020020,-0.050903,1.056519,-1.525879,-2.441406,-1.281738
7223,0.039551,-0.025757,1.003174,-1.892090,-1.647949,-1.159668
7233,0.006470,-0.029175,0.979980,-2.014160,-3.356934,-0.793457
7242,-0.004761,-0.078491,1.001465,-1.342773,-0.488281,-0.732422
7252,0.016602,-0.029541,1.024902,-2.197266,-4.943848,-0.854492
7262,0.026123,-0.060669,1.008423,-1.220703,-0.793457,-1.586914
7272,0.000000,-0.018677,1.020386,-2.075195,-2.624512,-1.159668
7282,0.020996,-0.017944,0.939087,-1.953125,-3.540039,-1.831055
7292,0.008301,0.089111,0.999268,-1.098633,0.427246,-1.770020
7303,0.004639,-0.052979,1.023804,-0.854492,1.098633,-0.976562
7313,0.017944,0.005615,1.064453,-1.403809,0.061035,-0.183105
7322,0.006958,0.087524,0.999023,-1.831055,0.061035,0.122070
7331,0.005859,0.043335,0.935669,-2.197266,-1.403809,0.854492
7342,0.034180,-0.010864,0.992065,-1.464844,1.159668,1.220703
7352,0.037109,-0.004883,1.072998,-1.586914,1.159668,1.770020
7362,0.029785,-0.024902,1.053833,-1.770020,1.159668,1.953125
7373,0.073730,-0.032837,0.995728,-2.136230,-2.990723,1.647949
7383,0.087524,0.043823,0.992310,-2.502441,-1.159668,1.098633
7392,0.077759,-0.049072,0.953125,-1.464844,0.488281,0.244141
7402,0.070068,-0.093506,0.988281,-1.098633,0.061035,-0.183105
7412,0.098145,-0.067383,0.989136,-1.220703,-0.366211,-0.976562
7422,0.067627,-0.023437,0.997192,-1.220703,-0.122070,-1.403809
7432,0.080933,-0.062500,0.960571,-1.098633,-0.427246,-2.258301
7442,0.052856,-0.027832,0.959595,-1.159668,-0.854492,-3.601074
7453,0.047241,0.047485,0.961670,-0.793457,-0.671387,-4.455566
7463,0.087524,-0.006836,0.967773,-0.793457,-1.281738,-5.310059
7472,0.060913,-0.049805,0.983398,-0.671387,-1.708984,-6.042480
7481,0.080933,-0.007446,1.000977,-1.037598,-1.159668,-6.469727
7492,0.036255,0.023682,0.979614,-1.403809,-1.464844,-6.835937
7502,0.043091,0.073975,0.983765,-1.464844,-1.159668,-7.385254
7513,0.008911,0.043823,1.013306,-1.342773,-0.793457,-7.629395
7523,0.017456,-0.014038,0.980713,-1.220703,-1.159668,-7.751465
7532,0.028198,0.009033,1.040771,-1.525879,-0.793457,-7.812500
7542,0.072266,-0.072632,1.023438,-1.586914,-0.915527,-7.751465
7552,0.061279,-0.022705,1.079102,-1.708984,-0.915527,-7.446289
7562,0.070923,-0.034424,1.080688,-1.892090,-0.976562,-7.324219
7573,0.109619,-0.014282,0.966431,-1.464844,-0.732422,-6.347656
7583,0.171509,-0.142334,0.998901,-0.915527,-1.281738,-6.164551
7593,0.096191,-0.118896,1.105835,-1.281738,-1.220703,-6.103516
7602,0.044189,-0.031372,0.990967,-1.708984,-2.258301,-6.286621
7612,-0.005371,0.023682,0.947632,-1.586914,-3.051758,-6.713867
7622,0.046265,0.001221,1.003906,-1.159668,-2.563477,-7.141113
7632,0.050781,-0.089966,0.996826,-0.671387,-2.685547,-7.080078
7644,0.010864,-0.027710,1.053955,-1.342773,-1.708984,-6.958008
7653,-0.039429,-0.002563,0.931152,-1.525879,-1.342773,-6.958008
7663,0.021973,-0.011841,1.005249,-1.464844,-1.159668,-7.385254
7673,0.039185,-0.086670,1.005493,-1.647949,-1.342773,-7.263184
7682,-0.025146,-0.010864,1.005615,-1.892090,-0.854492,-7.080078
7692,-0.015625,0.001099,0.967407,-1.892090,0.061035,-7.202148
7703,-0.063110,-0.035400,0.921997,-1.403809,-0.122070,-7.263184
7712,-0.047607,-0.056763,0.952271,-1.159668,0.000000,-7.263184
7722,-0.052856,-0.051392,0.990845,-1.159668,1.281738,-6.774902
7733,-0.026123,-0.036255,1.004150,-1.342773,1.525879,-6.896973
7743,-0.042969,-0.035278,0.963013,-1.281738,1.953125,-6.652832
7752,0.006104,-0.032593,0.980225,-1.220703,2.075195,-6.408691
7762,0.046753,-0.028809,0.993408,-1.159668,2.441406,-6.103516
7772,0.031128,-0.045532,0.996216,-1.098633,2.563477,-6.164551
7784,0.097900,-0.061035,1.004883,-1.647949,2.075195,-6.042480
7793,0.046265,-0.014160,0.999878,-1.525879,2.197266,-6.103516
7803,0.050293,-0.035156,0.965454,-1.281738,3.112793,-5.676270
7812,-0.012329,-0.043579,1.017090,-1.403809,3.295898,-5.615234
7822,0.003174,-0.046509,1.039551,-1.403809,2.441406,-5.920410
7832,-0.019897,-0.089966,1.025513,-1.159668,2.685547,-6.164551
7842,-0.069946,-0.055176,1.049194,-1.403809,2.929688,-6.530762
7854,-0.005371,-0.031250,1.005249,-1.159668,3.723145,-6.347656
7863,-0.059204,-0.016479,1.018677,-1.342773,4.089355,-5.981445
7873,0.020020,-0.021851,0.978394,-1.281738,4.272461,-5.187988
7883,-0.013428,-0.013550,0.973511,-1.342773,5.249023,-4.455566
7892,0.001221,-0.020264,1.008057,-1.708984,4.821777,-4.455566
7902,0.071655,-0.049438,1.036011,-1.708984,4.943848,-4.272461
7912,0.043701,-0.007446,1.051758,-2.136230,4.943848,-3.784180
7923,0.051514,0.029907,1.031250,-2.441406,5.249023,-3.417969
7933,0.058105,0.060547,1.026733,-2.502441,4.638672,-2.929688
7943,0.073608,0.062134,0.997803,-2.319336,3.906250,-2.929688
7953,0.074097,0.081665,1.026978,-2.197266,4.272461,-2.197266
7962,0.041382,0.122314,1.022339,-2.197266,4.638672,-1.647949
7972,0.053345,0.091187,0.964722,-2.258301,5.371094,-1.281738
7982,0.068359,0.084839,0.964233,-2.319336,5.371094,-0.549316
7992,-0.009277,0.131958,1.025757,-2.746582,5.310059,-0.061035
8004,0.247803,0.080200,0.906494,-2.807617,5.493164,0.366211
8015,0.065796,0.019775,0.989868,-3.173828,4.272461,0.061035
8024,0.152710,0.089722,1.036377,-3.479004,1.647949,-1.037598
8034,0.280640,0.009766,0.974365,-2.685547,2.197266,-1.159668
8043,0.288696,-0.023071,0.924438,-2.319336,1.647949,-0.854492
8053,0.280151,-0.036255,1.028809,-2.197266,1.831055,-0.366211
8062,0.169312,0.014404,1.097534,-2.502441,1.403809,0.122070
8074,0.085815,-0.017212,0.919922,-2.075195,1.037598,0.183105
8083,0.081909,0.020508,0.927979,-2.380371,0.549316,0.732422
8093,0.073730,0.041626,1.007446,-2.197266,1.342773,0.854492
8103,0.024292,0.028442,1.003784,-2.197266,0.610352,0.183105
8112,-0.028320,-0.022095,0.983032,-1.770020,0.366211,-0.061035
8123,-0.032227,-0.022949,0.976562,-2.014160,1.220703,0.061035
8133,-0.036743,0.057739,1.004761,-2.441406,2.258301,1.342773
8142,-0.043579,0.120728,1.037598,-1.831055,2.807617,2.502441
8153,-0.011230,0.012939,0.937134,-1.342773,2.624512,3.601074
8162,0.015869,0.011719,0.961670,-0.915527,3.173828,4.394531
8172,0.068237,0.041504,1.006104,-1.220703,3.662109,5.004883
8183,0.083130,0.089844,1.037476,-1.586914,3.112793,5.737305
8192,0.078369,0.079468,1.031006,-1.464844,4.089355,6.042480
8204,0.119629,0.034912,1.004272,-1.464844,3.356934,7.141113
8213,0.146851,0.045532,0.979004,-1.770020,3.173828,7.385254
8223,0.128540,0.039795,0.988403,-1.831055,2.624512,7.263184
8232,0.135376,0.064819,1.030518,-2.075195,2.197266,6.896973
8243,0.151367,0.058350,1.043457,-1.770020,2.136230,6.286621
8252,0.151855,0.037354,1.036011,-1.342773,1.770020,5.310059
8262,0.157593,0.024658,1.035156,-1.098633,1.403809,4.333496
8275,0.115723,-0.002808,0.978882,-1.098633,-0.183105,2.319336
8285,0.098389,-0.001831,0.968384,-1.098633,0.366211,1.403809
8294,0.099365,0.019165,0.997192,-1.586914,-0.061035,0.793457
8304,0.094849,0.014282,1.009644,-1.708984,0.122070,0.183105
8313,0.091553,-0.006836,0.995850,-1.647949,-0.244141,0.061035
8323,0.102051,-0.000854,1.008301,-1.831055,-0.488281,-0.244141
8333,0.100952,0.008789,1.020996,-1.953125,-0.732422,-0.244141
8342,0.088623,0.011719,1.004883,-1.953125,-0.732422,15.380859
8354,0.084717,-0.007202,0.987915,-2.075195,-0.976562,0.671387
8363,0.095215,-0.011597,1.017944,-1.892090,-0.244141,1.403809
8373,0.109497,-0.023193,1.036377,-1.708984,-0.244141,2.014160
8382,0.106079,-0.044067,1.016968,-1.586914,-0.427246,2.075195
8393,0.074097,-0.051392,0.998291,-1.464844,-0.732422,2.197266
8402,0.053833,-0.039307,1.002197,-1.525879,-0.427246,2.502441
8412,0.067261,-0.036987,1.001831,-1.647949,-1.220703,2.624512
8424,0.081543,-0.057495,0.978271,-1.098633,-2.136230,2.441406
8433,0.088135,-0.048096,0.990723,-1.342773,-2.258301,2.502441
8443,0.089600,-0.036499,1.005981,-1.464844,-2.258301,2.441406
8452,0.088623,-0.030029,1.022339,-1.037598,-2.075195,2.563477
8463,0.082520,-0.031982,1.019775,-0.854492,-2.075195,2.624512
8472,0.088867,-0.028076,1.011230,-0.854492,-1.953125,2.624512
8485,0.070679,-0.014648,0.984741,-0.854492,-2.075195,2.380371
8494,0.053101,-0.014038,0.972656,-0.671387,-2.075195,1.708984
8504,0.069458,-0.014160,0.974731,-0.915527,-2.441406,1.831055
8513,0.089478,-0.010986,0.994263,-1.037598,-2.502441,1.647949
8522,0.103760,-0.009277,1.007202,-1.098633,-2.990723,1.770020
8533,0.118896,-0.011719,1.017090,-0.854492,-3.356934,2.197266
8542,0.133057,-0.013672,1.024170,-0.854492,-3.173828,2.990723
8554,0.142456,-0.026367,1.028320,-0.244141,-2.441406,4.028320
8563,0.112427,-0.071777,1.021484,-0.061035,-2.990723,4.516602
8573,0.104126,-0.086670,1.013306,0.061035,-3.479004,4.516602
8583,0.095215,-0.104004,0.997925,0.183105,-3.784180,4.333496
8592,0.088745,-0.123169,0.968140,0.000000,-4.760742,3.784180
8603,0.093140,-0.137085,0.950195,0.244141,-4.394531,3.784180
8612,0.088745,-0.168457,0.950073,0.427246,-5.249023,3.845215
8625,0.051514,-0.197266,0.948120,0.732422,-4.455566,3.234863
8635,0.097656,-0.216553,0.966675,0.427246,-4.028320,3.356934
8644,0.046509,-0.173218,0.989502,0.122070,-4.394531,2.624512
8653,0.018188,-0.200928,1.020874,0.061035,-4.150391,2.807617
8663,0.002563,-0.231445,1.002686,0.122070,-3.784180,3.295898
8673,0.002930,-0.267578,1.003906,-0.061035,-3.540039,4.333496
8683,-0.020508,-0.193726,1.059326,-0.488281,-3.662109,5.371094
8692,-0.041748,-0.158203,0.986694,-0.732422,-3.540039,5.737305
8704,0.013550,-0.187134,0.927734,-0.610352,-3.967285,7.019043
8714,0.035278,-0.222168,0.921631,-0.427246,-3.479004,7.324219
8723,0.063110,-0.218018,0.953613,-0.610352,-3.051758,7.934570
8733,0.080200,-0.177734,1.010986,-0.854492,-2.685547,8.728027
8742,0.088989,-0.166626,1.029419,-0.915527,-2.197266,10.192871
8753,0.105835,-0.151978,1.020020,-0.976562,-1.708984,12.695313
8763,0.113281,-0.171387,0.998535,-0.549316,-2.380371,15.625000
8772,0.050049,-0.225098,0.968628,-0.732422,-2.502441,15.991211
8783,0.041382,-0.245972,0.967041,-0.976562,-2.563477,15.563965
8792,0.038696,-0.230347,0.976929,-1.220703,-2.319336,14.892578
8803,0.009644,-0.219238,0.969604,-0.976562,-2.990723,13.305664
8812,0.016602,-0.257202,0.965088,-0.671387,-2.685547,11.169434
8823,0.004761,-0.259644,0.966797,-0.671387,-2.929688,8.728027
8833,-0.041748,-0.236206,1.012939,-0.549316,-2.319336,4.882812
8842,-0.043945,-0.223633,1.044556,-0.549316,-2.014160,2.746582
8853,-0.023560,-0.186035,0.985229,-0.366211,-2.136230,0.671387
8863,-0.009399,-0.235840,0.920898,0.061035,-2.075195,-1.037598
8873,0.052246,-0.279419,0.904907,-0.183105,-1.953125,-2.441406
8882,0.095459,-0.298706,0.913208,-0.610352,-2.380371,-3.662109
8893,0.101685,-0.273560,0.964478,-1.220703,-2.563477,-3.723145
8903,0.090454,-0.235474,1.006104,-1.159668,-2.624512,-3.112793
8914,0.053589,-0.278564,0.989014,-0.976562,-2.380371,-2.624512
8924,0.027832,-0.306885,0.975464,-0.366211,-2.624512,-2.441406
8934,-0.000732,-0.301392,0.987183,-0.183105,-2.624512,-2.197266
8943,-0.023071,-0.233032,1.032959,-0.549316,-2.624512,-1.464844
8953,-0.058960,-0.211548,1.031250,-0.244141,-2.014160,0.000000
8962,-0.083862,-0.239624,0.999146,0.000000,-1.770020,1.403809
8972,-0.111450,-0.274536,0.933472,0.183105,-0.793457,3.906250
8984,-0.094360,-0.234863,0.940308,-0.610352,0.427246,4.882812
8993,-0.124146,-0.235107,0.989258,-1.098633,0.610352,5.126953
9003,-0.117920,-0.208740,1.014648,-1.220703,0.915527,4.882812
9012,-0.075806,-0.211548,1.011475,-0.854492,1.159668,4.882812
9023,-0.043457,-0.211304,1.013062,-0.793457,2.014160,5.126953
9033,-0.009521,-0.237427,0.996826,-0.671387,2.197266,5.554199
9043,0.010742,-0.250488,0.982056,-1.037598,2.075195,5.920410
9054,0.052734,-0.236328,0.976562,-1.098633,2.319336,5.676270
9063,0.094116,-0.268677,0.988037,-1.098633,2.746582,5.920410
9073,0.107056,-0.265869,0.989868,-1.281738,2.380371,6.286621
9083,0.109741,-0.237061,0.994263,-1.464844,2.197266,6.591797
9093,0.119629,-0.204224,0.999512,-1.525879,1.953125,6.896973
9103,0.123169,-0.226440,0.993774,-1.464844,1.892090,7.629395
9113,0.083130,-0.259277,0.947266,-1.281738,1.464844,7.751465
9124,0.053467,-0.252686,0.999512,-1.525879,1.342773,7.629395
9134,0.045288,-0.282837,0.966919,-1.770020,1.708984,8.361816
9143,0.010620,-0.256348,0.951904,-1.892090,1.525879,8.178711
9153,0.004272,-0.228638,0.958984,-1.953125,1.464844,7.873535
9163,-0.010498,-0.280396,0.957397,-1.892090,1.892090,7.934570
9174,-0.014038,-0.321411,0.992310,-2.075195,1.037598,5.676270
9184,0.046021,-0.261353,1.008057,-2.075195,1.220703,4.943848
9193,0.065063,-0.262573,0.982788,-1.892090,0.793457,4.272461
9203,0.100098,-0.253540,0.968872,-1.708984,0.671387,3.845215
9213,0.100952,-0.266479,0.976807,-1.708984,0.732422,4.150391
9223,0.081177,-0.285522,0.996704,-1.770020,0.427246,3.967285
9233,0.102905,-0.253418,0.995117,-1.647949,0.488281,3.723145
9242,0.121216,-0.268066,0.983643,-1.464844,0.183105,3.662109
9254,0.140259,-0.302002,0.953369,-1.708984,-0.122070,3.173828
9264,0.122437,-0.290771,0.962036,-1.831055,-1.098633,2.014160
9273,0.102051,-0.262207,0.960449,-2.075195,-1.831055,1.708984
9283,0.083252,-0.271240,0.957764,-1.464844,-1.464844,1.953125
9293,0.057007,-0.303589,0.979736,-1.831055,-1.281738,2.319336
9303,0.066040,-0.287354,1.003784,-1.953125,-1.098633,2.319336
9313,0.038696,-0.202881,1.007813,-2.319336,-1.342773,1.708984
9323,0.015137,-0.195312,0.976685,-2.136230,-2.197266,-0.183105
9334,-0.000366,-0.234741,0.991455,-2.075195,-2.014160,-0.610352
9344,-0.007080,-0.194214,0.995117,-2.380371,-2.075195,-0.854492
9353,-0.034668,-0.212158,0.990356,-2.258301,-1.831055,-0.366211
9363,-0.033325,-0.262085,0.965210,-2.258301,-1.647949,0.427246
9373,0.006470,-0.260010,0.949951,-2.502441,-1.159668,1.647949
9383,0.055054,-0.224609,0.978882,-2.685547,-0.671387,2.685547
9393,0.055054,-0.237305,0.991211,-2.014160,-0.915527,2.807617
9403,0.047485,-0.318115,1.001587,-2.197266,-1.159668,1.953125
9413,0.038940,-0.269775,1.001099,-2.258301,-0.915527,0.671387
9423,0.026855,-0.306763,0.955200,-2.075195,-1.098633,-1.159668
9433,0.035889,-0.334106,0.942749,-2.136230,-1.037598,-3.295898
9443,0.036743,-0.327148,0.963867,-2.441406,-1.403809,-5.432129
9453,0.062256,-0.270020,0.971558,-2.807617,-1.953125,-7.202148
9463,0.047974,-0.292969,1.024292,-2.746582,-2.868652,-10.437012
9474,0.111938,-0.246216,1.033081,-2.502441,-3.356934,-10.864258
9484,0.131836,-0.327881,0.963867,-2.380371,-3.417969,-10.864258
9494,0.101929,-0.257324,1.000610,-2.197266,-3.723145,-10.498047
9503,0.112427,-0.230957,0.974365,-2.319336,-3.051758,-9.826660
9513,0.101929,-0.201538,0.954346,-2.380371,-3.234863,-9.277344
9523,0.129517,-0.264160,0.992798,-2.258301,-3.356934,-8.911133
9533,0.138916,-0.343628,0.979614,-2.197266,-3.173828,-8.178711
9544,0.183228,-0.313721,0.979370,-1.892090,-3.662109,-8.239746
9554,0.119629,-0.318848,0.936401,-2.014160,-4.699707,-8.728027
9564,0.001709,-0.186768,0.997314,-2.014160,-5.554199,-9.277344
9573,-0.013062,-0.162964,0.973022,-1.892090,-5.004883,-8.972168
9583,0.012817,-0.090698,0.982788,-1.647949,-4.089355,-7.873535
9594,0.038696,-0.049194,0.940918,-1.342773,-2.746582,-5.676270
9604,-0.058838,-0.015991,0.964966,-1.586914,-3.051758,-4.699707
9614,-0.029541,0.050537,0.976196,-2.014160,-2.685547,-3.479004
9623,-0.004395,-0.037109,0.981934,-1.953125,-1.892090,-2.319336
9633,0.033936,-0.024780,1.021118,-1.831055,-0.854492,-1.281738
9643,0.028320,-0.013916,1.038452,-1.831055,-0.366211,-0.610352
9653,-0.011475,-0.137573,1.004639,-1.464844,-0.549316,-0.427246
9663,-0.022705,-0.114990,1.042480,-1.159668,-0.427246,-0.305176
9673,-0.033936,-0.058350,1.042480,-1.647949,0.305176,0.061035
9684,-0.068481,-0.057617,1.004272,-1.586914,0.305176,-0.488281
9693,-0.150146,-0.042725,0.986206,-1.770020,-0.122070,-0.854492
9703,-0.167358,-0.085083,1.010986,-1.831055,0.793457,-1.403809
9713,-0.088257,-0.053101,1.021362,-2.014160,1.281738,-0.915527
9723,-0.026855,-0.011841,0.977661,-2.258301,1.770020,0.061035
9733,0.021606,-0.052246,0.940918,-2.258301,2.075195,1.525879
9744,0.043335,-0.093384,0.975342,-1.892090,1.892090,5.371094
9754,0.046631,-0.058960,1.023560,-2.075195,3.173828,7.690430
9763,0.055176,-0.086670,1.063843,-1.892090,3.967285,9.460449
9773,0.072266,-0.051270,1.046997,-1.647949,4.211426,10.437012
9783,0.060181,-0.062622,1.045166,-1.525879,3.173828,10.620117
9793,0.070679,-0.105835,1.014648,-1.037598,2.929688,10.009766
9803,0.010986,-0.068359,1.000366,-1.586914,1.953125,9.948730
9813,-0.008057,-0.055298,0.971069,-1.159668,2.807617,11.047363
9824,0.013428,-0.105713,0.972534,-0.976562,4.089355,12.390137
9834,0.008057,-0.123901,0.946655,-1.342773,4.272461,13.305664
9843,0.023437,-0.173950,0.970215,-1.464844,3.112793,13.488770
9854,0.013306,-0.090454,1.011108,-1.586914,2.685547,14.099121
9863,0.062866,-0.070679,1.031128,-1.647949,2.685547,15.075684
9873,0.096680,-0.127930,1.019043,-1.281738,2.746582,16.540527
9884,0.136719,-0.128174,1.017822,-1.342773,1.953125,20.141602
9894,0.050903,-0.129883,1.021240,-1.037598,2.502441,21.972656
9903,-0.033569,-0.079468,0.966797,-1.464844,3.051758,23.193359
9913,-0.084229,-0.078247,0.936157,-1.708984,4.028320,24.353027
9924,-0.135132,-0.065308,0.968384,-1.525879,4.821777,24.780273
9933,-0.135010,-0.080322,0.950439,-1.342773,4.272461,24.780273
9945,-0.137451,-0.044312,0.918335,-1.281738,4.333496,25.085449
9955,0.011353,-0.079468,0.866211,-1.586914,4.760742,25.634766
9964,-0.150146,-0.102417,0.910645,-1.464844,5.615234,26.062012
9973,0.080200,-0.230225,0.980835,-0.854492,5.981445,26.977539
9983,0.028931,-0.204712,1.049316,-1.342773,6.347656,27.343750
9993,0.077515,-0.107178,1.069702,-1.831055,6.164551,27.832031
10003,0.050903,-0.058960,0.882202,-1.831055,5.187988,28.015137
10013,-0.016724,-0.102905,1.093140,-1.647949,4.943848,27.832031
10023,0.134766,-0.048462,1.010620,-1.647949,5.859375,28.930664
10033,0.266602,-0.244873,0.863403,-1.159668,6.591797,28.808594
10043,0.039429,-0.051147,1.058228,-1.281738,4.943848,28.381348
10054,-0.028931,-0.156250,1.074341,-1.342773,1.953125,27.038574
10063,-0.071411,-0.120483,0.980469,-1.342773,-0.122070,25.817871
10073,-0.030518,0.013062,0.940063,-1.403809,0.061035,26.000977
10085,0.136230,-0.136597,1.011230,-0.854492,3.540039,30.578613
10094,0.163940,-0.201294,1.068237,-0.732422,3.845215,32.104492
10103,0.067993,-0.199829,1.007568,-0.793457,2.929688,33.020020
10113,0.144653,-0.185059,1.026733,-1.098633,2.136230,33.203125
10123,0.052246,-0.100708,1.026367,-0.854492,2.319336,32.348633
10133,0.053589,-0.244873,0.996460,-0.732422,1.159668,30.700684
10143,-0.022705,-0.189941,0.973145,-0.793457,0.061035,29.113770
10155,-0.003174,-0.133545,0.987183,-0.488281,-0.915527,26.916504
10164,0.070435,-0.137939,0.979614,-0.549316,-0.732422,26.367187
10174,0.099121,-0.163818,1.046875,-0.305176,-0.915527,26.428223
10184,0.134155,-0.184692,1.003784,0.000000,-0.732422,25.695801
10193,0.088135,-0.185913,0.996704,-0.305176,-2.319336,24.230957
10204,0.072510,-0.190186,0.974243,-0.122070,-2.868652,22.460937
10213,0.121460,-0.187622,0.975952,-0.122070,-3.417969,20.446777
10223,0.120117,-0.135620,0.932617,-0.183105,-3.601074,18.981934
10233,0.165649,-0.193604,1.007690,0.183105,-5.432129,16.906738
10244,0.209717,-0.049927,1.018311,0.244141,-6.164551,17.150879
10253,0.215088,-0.091797,1.035889,0.854492,-6.835937,17.822266
10264,0.161133,-0.145508,0.990112,1.281738,-7.446289,18.554687
10273,0.099854,-0.174316,0.940918,1.464844,-7.568359,18.493652
10284,0.082275,-0.265503,0.925903,1.403809,-7.873535,17.700195
10293,0.026611,-0.215698,0.988525,1.037598,-8.300781,15.441895
10305,0.014038,-0.228394,1.010498,0.549316,-9.521484,8.544922
10314,0.045776,-0.215454,1.034790,0.549316,-10.253906,5.004883
10324,0.105591,-0.243530,1.065796,0.915527,-11.108398,2.014160
10333,0.107666,-0.275879,1.013428,1.037598,-11.474609,-0.549316
10344,0.134766,-0.266602,0.983887,0.793457,-11.962891,-3.051758
10354,0.166138,-0.290039,0.981323,0.732422,-12.268066,-5.126953
10363,0.160767,-0.265381,0.974854,0.549316,-12.817383,-7.385254
10375,0.138062,-0.294434,0.908325,0.305176,-14.587402,-12.573242
10384,0.095825,-0.218750,0.974731,-0.305176,-14.953613,-15.075684
10394,0.097900,-0.269775,1.013550,-0.549316,-15.136719,-17.211914
10403,0.090332,-0.223877,1.029663,-1.037598,-15.319824,-18.920898
10413,0.067383,-0.275024,0.972778,-1.098633,-14.892578,-20.263672
10424,0.058594,-0.259888,0.934082,-0.976562,-15.014648,-21.301270
10433,0.051270,-0.206421,0.922607,-0.915527,-15.075684,-22.888184
10445,0.002075,-0.228516,0.986084,-1.037598,-14.587402,-23.681641
10455,-0.016357,-0.257446,1.017578,-1.647949,-14.526367,-24.108887
10465,-0.045776,-0.297241,1.015869,-2.014160,-13.610840,-23.803711
10475,-0.050537,-0.282349,0.968262,-2.197266,-12.878418,-23.315430
10485,-0.036865,-0.201050,0.963989,-1.892090,-12.145996,-22.399902
10494,-0.009033,-0.249756,0.970703,-1.525879,-10.986328,-21.179199
10504,-0.062012,-0.326172,0.940186,-1.464844,-10.009766,-18.981934
10514,-0.063965,-0.305786,1.014282,-1.831055,-8.911133,-17.822266
10524,0.000122,-0.266602,0.979248,-1.953125,-8.361816,-16.662598
10534,-0.009399,-0.268066,0.975342,-1.892090,-8.117676,-15.502930
10544,-0.018066,-0.249268,0.986206,-1.647949,-7.568359,-14.221191
10553,-0.034058,-0.329956,0.969238,-1.525879,-7.019043,-13.183594
10563,-0.057373,-0.337646,0.952271,-1.342773,-6.469727,-12.084961
10575,-0.037720,-0.288452,1.005493,-1.831055,-5.249023,-10.009766
10584,-0.012329,-0.230835,1.029297,-1.647949,-5.371094,-9.155273
10594,-0.018066,-0.195312,1.025391,-1.037598,-5.187988,-8.178711
10603,-0.015015,-0.285156,0.951904,-0.549316,-5.249023,-7.202148
10614,0.005249,-0.223877,0.987305,-0.366211,-4.577637,-5.798340
10624,-0.021362,-0.239136,0.971436,-0.488281,-3.601074,-4.150391
10633,-0.035278,-0.202271,0.983032,-0.549316,-2.990723,-2.563477
10646,-0.032227,-0.180420,1.005371,0.061035,-2.136230,-0.183105
10656,-0.047607,-0.208862,1.028931,0.305176,-2.136230,0.610352
10665,-0.049438,-0.225952,0.971436,0.427246,-1.770020,0.732422
10675,-0.068848,-0.209473,0.970215,0.183105,-1.892090,0.976562
10684,-0.059814,-0.151978,0.982666,0.061035,-1.525879,1.098633
10693,-0.067505,-0.184570,0.961182,0.061035,-1.098633,1.525879
10704,-0.079346,-0.167603,1.020020,0.122070,-1.037598,2.075195
10713,-0.071289,-0.196899,0.982544,-0.061035,-0.671387,2.441406
10725,-0.083984,-0.165283,1.012207,-0.732422,0.183105,4.211426
10734,-0.085205,-0.120972,0.985352,-0.854492,0.732422,4.882812
10743,-0.047241,-0.130249,0.967285,-0.610352,1.098633,6.103516
10754,-0.042847,-0.145264,0.949829,-0.610352,1.037598,6.774902
10764,-0.042847,-0.100220,0.963989,-0.854492,0.976562,7.202148
10774,-0.069946,-0.109009,1.019897,-1.037598,0.671387,7.751465
10786,-0.119995,-0.096313,0.953003,-1.037598,2.380371,8.056641
10796,-0.128906,-0.161377,0.924072,-1.220703,2.807617,7.934570
10805,-0.130859,-0.123779,0.962036,-1.464844,2.746582,7.629395
10814,-0.096191,-0.121094,1.021484,-1.342773,3.417969,6.835937
10824,-0.091797,-0.111450,1.037964,-1.342773,2.807617,5.859375
10834,-0.039795,-0.073608,1.040649,-0.854492,2.563477,4.577637
10843,-0.028931,-0.122314,0.984863,-0.610352,2.380371,3.356934
10856,0.051514,-0.134155,0.965576,-0.122070,2.014160,1.525879
10865,0.096558,-0.112671,0.977783,0.000000,1.770020,1.098633
10875,0.096558,-0.114502,1.031860,-0.061035,1.281738,0.488281
10884,0.117432,-0.178101,0.985229,-0.305176,0.427246,-0.427246
10893,0.107544,-0.137695,1.026855,-0.061035,0.549316,-1.708984
10904,0.138428,-0.175781,1.001343,-0.427246,-0.671387,-3.173828
10914,0.145508,-0.156006,0.996948,-0.366211,-1.220703,-4.943848
10924,0.170776,-0.151489,1.011475,-0.244141,-2.868652,-7.324219
10934,0.140747,-0.205933,1.014893,-0.366211,-3.479004,-8.300781
10943,0.044556,-0.227661,0.994019,-0.183105,-4.272461,-9.704590
10954,0.070923,-0.262451,0.960937,-0.122070,-5.065918,-11.962891
10964,0.073364,-0.249146,0.969482,-0.183105,-4.272461,-14.160156
10974,0.032471,-0.252319,0.965332,-0.366211,-3.906250,-16.357422
10984,0.050537,-0.155273,1.004761,-0.549316,-4.089355,-18.676758
10993,-0.004395,-0.163818,1.032471,-0.671387,-5.310059,-24.169922
11005,0.024780,-0.161011,1.011475,-0.854492,-5.981445,-26.245117
11014,0.098022,-0.153809,0.954712,-1.037598,-5.554199,-27.648926
11024,0.117798,-0.061035,1.015137,-1.159668,-5.981445,-28.869629
11033,0.168091,-0.067993,0.995239,-0.854492,-5.676270,-29.296875
11044,0.161865,-0.165283,0.915405,-0.305176,-6.408691,-29.724121
11054,0.162964,-0.175415,0.946533,-1.159668,-6.408691,-29.846191
11064,0.151367,-0.153687,0.949951,-1.708984,-6.347656,-29.724121
11073,0.058472,-0.084229,1.014404,-1.586914,-6.286621,-29.113770
11084,-0.016235,-0.168579,0.949707,-1.586914,-5.126953,-28.137207
11094,-0.030396,-0.022095,0.982910,-2.014160,-4.150391,-27.221680
11104,-0.061401,-0.012451,0.980469,-2.563477,-4.028320,-25.695801
11114,-0.082642,-0.110962,0.948242,-2.685547,-2.990723,-23.498535
11124,-0.116211,-0.077637,0.976929,-2.502441,-2.258301,-20.935059
11133,-0.148437,-0.101563,1.020630,-2.807617,-1.037598,-17.028809
11145,-0.169189,-0.042236,1.014526,-2.624512,1.586914,-15.380859
11155,-0.149536,-0.102783,1.016724,-2.197266,2.624512,-13.854980
11164,-0.155273,-0.209106,0.911255,-1.586914,3.479004,-12.695313
11173,-0.167236,-0.169556,0.949463,-1.831055,4.394531,-11.535645
11184,-0.188965,-0.160400,0.978638,-2.075195,4.272461,-10.314941
11194,-0.135376,-0.102295,0.984741,-1.953125,5.432129,-8.728027
11203,-0.095703,-0.191040,0.962402,-1.586914,7.202148,-6.225586
11215,-0.090088,-0.243042,0.937134,-1.647949,7.812500,-5.554199
11225,-0.081909,-0.277466,0.978149,-1.770020,8.117676,-5.187988
11234,-0.077271,-0.276001,0.996948,-1.831055,8.666992,-4.638672
11243,-0.052368,-0.243896,1.003052,-1.831055,8.666992,-4.272461
11254,-0.028442,-0.245117,1.016357,-1.892090,9.216309,-3.967285
11264,-0.032227,-0.270386,0.971069,-1.586914,9.277344,-3.540039
11276,-0.004639,-0.224854,1.040649,-0.732422,9.521484,-3.173828
11286,-0.007446,-0.269775,1.000610,-0.427246,9.521484,-2.990723
11295,0.017090,-0.219849,0.985229,-0.610352,9.338379,-2.868652
11305,0.038208,-0.178833,0.999634,-0.610352,9.765625,-2.380371
11314,0.040527,-0.205200,0.978882,-0.488281,10.009766,-1.708984
11323,0.007813,-0.263428,0.970825,-0.427246,9.155273,-1.159668
11334,-0.003906,-0.228760,0.967407,-0.610352,9.521484,-0.488281
11343,0.020264,-0.152588,0.954346,-0.549316,9.826660,1.220703
11355,0.033936,-0.230469,0.912842,-0.976562,9.521484,2.563477
11364,0.000488,-0.277832,0.864136,-1.403809,9.582520,4.028320
11373,-0.027588,-0.221069,0.955078,-2.014160,10.253906,5.676270
11384,-0.051758,-0.114380,0.997314,-2.319336,10.437012,6.835937
11394,-0.042236,-0.094727,0.990479,-2.441406,10.498047,8.300781
11404,-0.042603,-0.104004,1.006226,-2.441406,11.230469,9.887695
11414,-0.020996,-0.188477,0.943848,-2.136230,11.108398,11.840820
11423,-0.029175,-0.262573,0.990234,-2.136230,10.864258,12.512207
11434,-0.068237,-0.143311,1.020996,-2.197266,10.803223,13.610840
11444,-0.078247,-0.156006,1.042236,-2.075195,10.864258,15.075684
11454,-0.050903,-0.192627,0.979370,-1.586914,12.023926,16.296387
11464,-0.034058,-0.301025,0.976074,-1.586914,12.023926,17.456055
11474,-0.054443,-0.321777,0.923218,-1.525879,11.596680,18.249512
11484,-0.051758,-0.242187,0.969849,-1.831055,10.742188,18.127441
11495,0.011353,-0.227905,0.913696,-2.319336,10.131836,17.578125
11504,0.012939,-0.229614,0.950073,-2.380371,9.765625,16.906738
11514,0.008423,-0.209717,0.990234,-2.197266,9.033203,16.296387
11524,0.056885,-0.131714,0.982300,-1.708984,8.850098,15.747070
11534,0.072754,-0.113647,0.972656,-1.464844,9.033203,15.625000
11544,0.078491,-0.171265,0.938232,-1.159668,8.300781,15.808105
11554,0.085815,-0.120483,1.034302,-1.159668,7.751465,15.380859
11565,0.060791,-0.109253,1.045288,-1.464844,6.774902,15.014648
11574,0.069702,-0.082275,1.067749,-1.281738,6.774902,14.282227
11584,0.017944,-0.080078,1.061035,-0.854492,6.042480,13.366699
11594,0.066528,-0.127563,1.043213,-0.915527,5.004883,11.962891
11604,0.050293,-0.077271,1.001221,-1.220703,4.455566,10.864258
11614,0.117554,-0.033203,1.063110,-1.159668,4.211426,9.887695
11626,0.147949,-0.054077,1.045532,-0.549316,3.662109,9.826660
11636,0.145020,-0.113159,1.086548,-0.732422,2.990723,10.009766
11645,0.137817,-0.118530,1.070557,-0.610352,2.502441,10.620117
11655,0.069092,-0.113647,1.051514,-0.732422,2.441406,10.864258
11664,0.057983,-0.070679,1.053101,-0.671387,2.685547,11.108398
11673,0.014038,-0.120850,1.071289,-0.183105,2.441406,11.352539
11684,-0.003296,-0.163208,1.039185,0.122070,2.563477,11.291504
11694,-0.021240,-0.205688,0.990479,-0.732422,1.953125,11.779785
11705,-0.064331,-0.130737,1.000244,-1.220703,1.770020,12.329102
11715,-0.048950,-0.157104,0.902100,-1.159668,2.258301,13.305664
11724,-0.045288,-0.233765,0.864502,-1.281738,3.173828,14.465332
11734,-0.043823,-0.246216,0.866699,-1.770020,3.173828,14.953613
11745,-0.026855,-0.116577,0.988525,-2.441406,2.807617,15.563965
11754,-0.014038,-0.029663,1.035645,-2.197266,3.540039,16.845703
11765,-0.006470,-0.126831,0.995361,-1.770020,3.356934,19.470215
11775,-0.025269,-0.112427,1.042969,-0.671387,4.150391,21.179199
11784,0.007324,-0.118164,0.974487,-0.549316,4.394531,22.644043
11794,0.030762,-0.171875,1.014038,-0.366211,3.784180,23.864746
11804,0.044434,-0.012573,0.990234,-0.610352,3.234863,24.963379
11814,0.005371,-0.107056,0.965088,-0.183105,2.990723,25.817871
11824,0.028687,-0.079224,0.980835,-0.305176,2.685547,26.916504
11836,-0.000488,-0.028687,0.994629,-0.366211,3.112793,29.113770
11846,-0.019165,-0.133545,0.956543,-0.366211,3.479004,29.602051
11855,-0.041992,-0.120239,0.979492,-0.488281,2.746582,29.846191
11864,-0.022217,-0.038574,1.016113,-0.488281,2.319336,29.357910
11874,-0.042236,-0.127808,1.040405,-0.427246,1.770020,28.503418
11884,-0.005981,-0.056763,1.104004,-0.122070,1.037598,27.709961
11894,0.007080,-0.070557,1.059692,0.671387,0.671387,26.855469
11906,0.055908,-0.219482,0.998535,1.342773,0.000000,25.390625
11915,0.049927,-0.137817,0.982056,1.647949,-0.732422,24.475098
11925,0.039673,-0.229248,0.966309,1.831055,-1.464844,23.498535
11934,0.055542,-0.269043,0.947021,2.136230,-2.197266,22.033691
11945,0.037354,-0.268921,0.984619,2.197266,-2.075195,20.935059
11954,0.038086,-0.284790,1.045166,1.892090,-2.868652,19.470215
11964,0.032837,-0.257568,0.978149,1.525879,-3.417969,17.517090
11976,0.049683,-0.293945,0.988037,1.464844,-4.516602,14.343262
11985,0.112061,-0.293701,0.991333,1.098633,-5.371094,12.268066
11994,0.090820,-0.150757,1.046753,0.671387,-6.408691,10.986328
12005,0.117554,-0.212769,1.001343,0.793457,-6.896973,9.460449
12014,0.110962,-0.244263,0.983398,0.976562,-6.652832,8.300781
12024,0.102661,-0.190063,0.984497,0.976562,-7.324219,7.385254
12036,0.087036,-0.222412,0.945679,0.244141,-7.507324,5.371094
12045,0.079590,-0.128418,1.009033,0.122070,-8.361816,3.906250
12055,0.055542,-0.213867,0.973145,0.061035,-8.544922,2.746582
12065,0.091309,-0.216309,1.052124,-0.366211,-9.338379,1.525879
12074,0.094238,-0.119751,1.046631,-0.610352,-9.094238,0.427246
12085,0.105469,-0.141235,0.980225,-0.793457,-9.338379,0.122070
12094,0.089111,-0.185669,0.891113,-0.549316,-9.399414,-0.244141
12104,0.053223,-0.401733,0.616577,-0.305176,-9.704590,-0.183105
12114,0.020020,-0.460937,0.457397,-4.272461,-8.850098,-0.488281
12125,-0.033447,-0.122192,0.974854,-5.615234,-7.812500,-0.244141
12135,-0.067505,0.031616,1.177856,-5.554199,-7.934570,-0.183105
12144,-0.053833,0.106201,1.429443,-4.516602,-7.812500,-1.037598
12154,-0.063965,-0.059570,1.189697,-2.441406,-7.934570,-1.831055
12164,-0.052002,-0.295654,0.935181,-0.793457,-7.751465,-2.197266
12174,-0.095215,-0.213989,0.856201,-0.610352,-6.652832,-2.380371
12185,-0.168457,-0.147583,0.977783,-1.342773,-6.591797,-2.563477
12195,-0.101929,-0.089233,1.015381,-1.708984,-4.272461,-0.610352
12205,-0.080933,-0.136230,0.977905,-1.770020,-2.929688,0.610352
12214,-0.078735,-0.104614,1.034058,-2.258301,-2.197266,1.953125
12225,-0.062622,-0.147461,1.010986,-2.319336,-1.953125,2.685547
12234,-0.055664,-0.069214,1.012207,-2.624512,-1.953125,2.624512
12246,-0.060913,-0.037231,1.005249,-2.319336,-1.525879,2.746582
12255,-0.072144,-0.082764,1.068726,-2.136230,-0.854492,2.624512
12265,-0.058960,-0.065552,1.021851,-2.502441,-0.122070,2.258301
12274,-0.051270,-0.034668,1.021240,-2.746582,-0.061035,1.953125
12284,-0.001221,-0.011719,1.024292,-2.990723,0.122070,1.342773
12295,0.019287,-0.014038,1.010986,-2.929688,0.122070,0.671387
12304,0.044678,-0.007690,1.074341,-2.929688,-0.305176,-0.183105
12315,0.075806,-0.011230,1.062256,-2.929688,-0.488281,-1.281738
12325,0.104248,-0.013672,1.031982,-2.685547,-0.610352,-1.708984
12335,0.147461,-0.091187,0.941040,-2.502441,-0.671387,-1.770020
12345,0.091919,-0.114624,0.980469,-2.319336,-0.793457,-2.014160
12354,0.073364,-0.129028,1.004395,-2.075195,-0.915527,-2.563477
12364,0.028076,-0.188965,1.032349,-2.075195,-1.220703,-3.601074
12374,0.053223,-0.183838,1.059448,-1.770020,-1.281738,-4.943848
12384,0.010742,-0.183105,1.016724,-1.098633,-2.197266,-6.530762
12395,-0.014893,-0.236084,0.988281,-0.793457,-2.136230,-8.544922
12405,0.029907,-0.229248,0.922852,-0.610352,-1.281738,-9.460449
12414,0.031616,-0.203491,0.926147,-0.732422,-0.610352,-10.375977
12424,0.074951,-0.138428,0.921875,-0.671387,-0.854492,-11.047363
12434,0.035156,-0.239990,0.920776,-0.488281,-1.037598,-11.169434
12445,0.081299,-0.087524,0.994263,-0.915527,-1.037598,-10.375977
12454,0.045044,-0.116211,1.028076,-1.220703,-0.427246,-9.521484
12466,-0.083252,0.111206,1.131592,-0.427246,1.159668,-7.934570
12475,-0.149170,-0.206909,1.035278,2.075195,2.441406,-8.056641
12485,-0.059082,-0.299072,1.022095,3.051758,2.563477,-7.873535
12494,-0.018311,-0.225708,0.897217,2.868652,2.380371,-7.812500
12505,0.008789,0.078857,0.886108,2.929688,2.685547,-6.958008
12515,-0.050781,-0.269165,0.979980,3.845215,3.356934,-4.882812
12524,0.080078,-0.330566,0.949951,2.502441,4.882812,-1.953125
12536,0.085327,-0.008911,0.893677,0.488281,5.676270,2.624512
12545,0.045288,-0.093750,0.968750,0.732422,5.798340,4.882812
12554,0.015747,-0.231567,0.978394,1.037598,5.859375,6.408691
12564,-0.023560,-0.269531,1.004150,0.244141,5.371094,6.774902
12575,-0.026001,-0.067017,0.996826,-0.183105,5.432129,6.835937
12584,-0.087891,-0.074707,0.977417,-0.122070,6.042480,7.019043
12596,-0.102783,-0.111816,1.032959,0.793457,7.202148,7.995605
12605,-0.037476,-0.166016,0.876709,0.793457,7.934570,8.911133
12615,-0.085083,-0.174316,0.920654,0.122070,7.873535,10.131836
12625,-0.063843,-0.143311,1.009277,-0.366211,8.361816,11.352539
12634,0.018799,-0.098389,1.018921,-0.488281,8.911133,12.695313
12644,0.032471,-0.157471,0.927002,-0.488281,9.033203,13.732910
12655,0.069092,-0.153809,0.926880,-0.366211,9.582520,14.404297
12664,0.042480,-0.242676,0.963989,-0.427246,9.338379,14.343262
12675,-0.014282,-0.171875,1.003784,-0.732422,7.995605,11.779785
12685,0.029907,-0.134888,1.029785,-1.220703,6.774902,10.803223
12694,-0.012817,-0.244507,1.004517,-0.976562,6.835937,10.131836
12705,0.033569,-0.255493,1.084717,-1.037598,6.713867,9.582520
12714,0.017456,-0.211914,1.021240,-1.281738,6.713867,9.460449
12724,0.032837,-0.227173,0.928589,-1.770020,6.469727,9.216309
12736,0.070679,-0.111816,0.978760,-2.502441,7.202148,11.352539
12745,0.091431,-0.135498,0.926270,-2.868652,6.652832,13.122559
12755,0.066162,-0.160889,0.907593,-3.295898,6.164551,14.526367
12765,0.083740,-0.077148,0.999146,-3.234863,6.530762,15.930176
12775,0.040771,-0.180176,0.959595,-3.173828,6.530762,16.906738
12784,0.074463,-0.151489,1.004761,-3.417969,5.920410,17.272949
12794,0.086304,-0.145142,0.985718,-3.356934,5.432129,17.150879
12806,0.106689,-0.179443,0.917969,-3.173828,3.723145,17.211914
12815,0.090210,-0.258545,0.976929,-3.662109,3.601074,17.944336
12825,0.094238,-0.132080,0.963013,-4.211426,3.051758,18.676758
12834,0.081177,-0.103760,0.987061,-4.577637,2.746582,19.714355
12845,0.090088,0.012939,1.108398,-4.760742,2.929688,21.057129
12855,0.092651,-0.105835,1.067261,-4.272461,2.990723,22.338867
12864,0.041870,-0.041992,1.006958,-4.150391,2.502441,23.010254
12876,0.047363,-0.016357,1.099731,-3.540039,1.037598,23.437500
12885,-0.015991,-0.046509,1.010742,-3.051758,1.220703,23.681641
12895,-0.037109,0.015259,1.043213,-2.685547,1.037598,23.620605
12905,-0.021240,-0.050293,0.994385,-2.075195,0.427246,23.193359
12915,-0.033813,-0.028076,0.954346,-1.159668,0.915527,23.010254
12924,-0.032837,-0.144043,0.971802,-1.281738,0.488281,22.766113
12935,-0.028809,-0.092896,1.034302,-1.647949,-0.305176,22.155762
12945,-0.027588,-0.051514,1.057495,-1.892090,0.427246,21.179199
12956,0.005737,-0.172607,0.934326,-1.403809,0.427246,21.179199
12966,0.024414,-0.130737,1.006348,-1.342773,0.122070,21.118164
12975,0.052246,-0.200195,0.990112,-1.342773,-0.122070,21.118164
12984,0.048218,-0.118774,0.972046,-1.647949,-0.427246,21.118164
12995,0.084229,-0.170410,1.006226,-1.464844,-0.976562,21.118164
13005,0.119873,-0.134155,1.061646,-0.915527,-1.892090,20.935059
13017,0.120483,-0.112305,0.916504,-0.366211,-2.624512,21.606445
13026,0.157593,-0.231079,0.965698,-0.061035,-3.173828,21.850586
13040,0.123779,-0.086792,1.024292,-0.915527,-4.150391,22.399902
13050,0.126343,-0.077881,0.997925,-1.831055,-5.432129,22.644043
13059,0.118652,0.079102,1.111206,-1.159668,-6.225586,22.644043
13069,-0.031372,-0.051636,0.972290,-0.854492,-6.591797,22.583008
13077,-0.031372,-0.051636,0.972290,-0.915527,-6.835937,21.850586
13087,-0.015137,0.026978,1.117920,-1.281738,-7.019043,20.690918
13096,0.008667,-0.096924,1.004272,-1.098633,-7.629395,19.104004
13105,-0.032593,-0.107910,1.013184,-0.427246,-8.178711,17.883301
13114,0.047485,-0.228394,0.952881,0.427246,-8.850098,15.380859
13125,0.085449,-0.183350,0.983398,0.305176,-9.521484,12.878418
13135,0.142090,-0.244141,0.910522,0.549316,-10.375977,10.437012
13145,0.115601,-0.189087,0.998779,0.366211,-10.681152,7.812500
13154,0.188599,-0.244751,1.000610,0.610352,-11.291504,5.798340
13166,0.178101,-0.217041,0.969849,0.915527,-12.756348,1.708984
13175,0.192383,-0.264038,0.956543,0.793457,-13.183594,-0.244141
13184,0.230347,-0.298340,0.942993,0.549316,-13.977051,-2.319336
13195,0.169189,-0.206299,1.013428,0.061035,-14.892578,-4.394531
13204,0.140015,-0.186279,0.939941,-0.183105,-16.052246,-6.225586
13215,0.145752,-0.162720,0.960205,-0.183105,-16.540527,-7.812500
13225,0.135620,-0.229492,0.914185,-0.732422,-16.906738,-10.925293
13236,0.169800,-0.155640,0.945190,-1.892090,-16.601562,-11.779785
13246,0.140137,-0.071777,1.011963,-2.075195,-16.296387,-12.695313
13255,0.084351,-0.081543,1.032593,-2.258301,-16.479492,-13.610840
13264,0.117310,-0.190796,1.034668,-1.953125,-16.601562,-14.282227
13275,0.046265,-0.165161,1.074097,-1.831055,-17.089844,-15.197754
13285,0.042480,-0.220093,0.954224,-1.586914,-16.906738,-16.357422
13297,-0.012451,-0.223999,0.880371,-2.380371,-15.747070,-17.700195
13307,-0.034546,-0.180786,0.937378,-2.502441,-15.197754,-18.310547
13316,-0.034058,-0.261597,0.881104,-2.502441,-14.160156,-18.554687
13326,-0.043091,-0.162231,0.985718,-2.502441,-12.573242,-18.798828
13335,-0.052612,-0.182983,0.924316,-2.624512,-11.901855,-18.920898
13345,-0.005249,-0.061768,0.986206,-2.746582,-10.925293,-18.493652
13355,-0.043579,-0.166748,0.993774,-2.502441,-10.437012,-17.761230
13367,-0.063843,-0.126221,1.038940,-1.770020,-9.216309,-15.136719
13377,-0.096558,-0.222656,0.868286,-1.464844,-7.751465,-13.366699
13387,-0.140747,-0.077271,0.924561,-1.831055,-6.347656,-11.535645
13396,-0.162598,-0.285034,0.864868,-2.136230,-4.882812,-9.826660
13406,-0.147827,-0.049438,0.983032,-2.441406,-4.211426,-8.789063
13415,-0.094482,-0.057861,1.051880,-2.929688,-2.990723,-7.934570
13425,-0.098389,-0.114136,0.951782,-2.624512,-2.380371,-7.263184
13435,-0.047729,0.096313,1.139771,-2.441406,-1.281738,-5.798340
13446,-0.104370,0.013794,1.011597,-2.075195,-0.183105,-5.187988
13456,-0.074829,0.017944,1.049927,-2.075195,0.488281,-5.065918
13465,-0.103638,-0.087524,1.034912,-1.708984,1.159668,-5.310059
13476,-0.039429,0.033569,1.081299,-1.220703,1.098633,-5.981445
13485,-0.034546,-0.072266,0.993042,-0.793457,1.159668,-6.591797
13495,-0.009766,-0.018677,1.039307,-0.915527,0.915527,-7.019043
13507,0.013794,-0.068970,1.024658,-0.732422,0.915527,-7.324219
13517,0.041992,0.028931,1.032104,-0.549316,1.525879,-6.958008
13526,0.095703,-0.079102,0.945190,-0.366211,1.586914,-6.469727
13536,0.060669,-0.069458,1.031982,-0.061035,2.685547,-5.676270
13545,0.052612,-0.240234,0.997803,0.183105,2.502441,-4.943848
13555,0.006226,-0.164551,1.042480,-0.061035,2.319336,-5.187988
13565,-0.001709,-0.179810,1.018799,0.061035,1.892090,-5.126953
13577,0.033936,-0.185791,0.992920,0.610352,2.502441,-4.760742
13587,0.007568,-0.267456,0.863525,0.488281,2.929688,-4.638672
13596,0.052979,-0.194458,0.914551,0.427246,3.051758,-4.577637
13605,-0.027832,-0.290161,0.818970,0.122070,2.807617,-4.516602
13616,0.022461,-0.063232,0.930298,-0.427246,2.807617,-4.028320
13625,0.008423,-0.073364,1.001099,-0.366211,2.807617,-4.089355
13635,-0.061646,-0.104492,0.991089,-0.122070,3.540039,-4.028320
13645,-0.082031,-0.000122,1.175781,0.549316,5.065918,-4.089355
13656,-0.176147,-0.122070,1.030273,1.464844,5.493164,-4.760742
13666,-0.140503,0.082764,1.079590,1.586914,6.286621,-4.394531
13675,-0.125977,-0.206909,0.932495,2.136230,7.080078,-3.356934
13685,-0.097046,-0.004395,1.051270,2.197266,7.507324,-1.953125
13696,-0.010498,-0.060791,1.053955,2.258301,8.422852,0.305176
13705,0.026245,-0.264038,0.866455,2.380371,9.399414,3.051758
13717,0.052246,-0.184204,0.918457,2.197266,9.399414,7.934570
13726,0.058472,-0.197266,0.859985,1.281738,9.155273,9.521484
13735,0.087891,-0.172119,0.914307,1.098633,8.911133,11.108398
13746,0.030396,-0.258789,0.892090,0.854492,8.605957,12.756348
13755,-0.043945,-0.251587,0.882568,-0.061035,8.300781,13.854980
13765,-0.051147,-0.180664,0.830933,-0.915527,8.422852,14.953613
13775,-0.044434,-0.008911,0.999878,-1.892090,8.483887,15.991211
13787,-0.184937,-0.153687,1.014893,-1.708984,9.094238,17.639160
13797,-0.129883,-0.031860,1.082764,-1.953125,9.643555,17.944336
13806,-0.122559,-0.313721,0.960937,-1.770020,10.498047,18.005371
13816,-0.125000,-0.182617,1.000854,-2.014160,9.948730,17.578125
13825,-0.111084,-0.127319,1.024902,-2.502441,9.521484,17.089844
13836,-0.061401,-0.284912,0.856445,-2.929688,9.582520,16.418457
13845,0.005371,-0.097168,1.008545,-3.540039,9.948730,15.808105
13856,0.012573,-0.171143,1.065796,-3.784180,9.338379,15.258789
13866,0.050415,-0.146362,1.046143,-3.967285,7.873535,13.854980
13875,0.058594,-0.257324,0.961792,-3.662109,7.568359,13.000488
13886,0.041870,-0.076660,1.022949,-3.784180,6.774902,11.779785
13895,0.083618,-0.225586,0.984009,-3.295898,6.408691,10.559082
13906,0.118774,-0.223999,0.921021,-3.662109,6.164551,10.009766
13915,0.165527,-0.034302,1.101196,-3.662109,5.371094,9.155273
13925,0.151611,-0.284912,1.021851,-2.807617,3.479004,7.629395
13936,0.180176,0.009644,1.036011,-2.624512,2.868652,6.774902
13946,0.175903,-0.212646,1.016602,-2.502441,2.624512,6.652832
13955,0.157227,-0.254150,0.956543,-2.746582,2.014160,6.530762
13965,0.192139,0.026855,1.034302,-3.295898,1.525879,6.103516
13976,0.200806,-0.116455,0.983276,-3.234863,1.037598,6.408691
13985,0.144043,-0.177124,0.959717,-3.173828,0.915527,7.019043
13997,0.096313,-0.124634,0.987183,-3.540039,-0.488281,8.361816
14006,0.077271,0.031738,1.084717,-3.723145,-0.488281,9.216309
14016,-0.001953,0.182983,1.179565,-3.479004,-0.305176,9.704590
14025,-0.085327,0.022095,1.090942,-2.563477,-0.366211,10.253906
14035,-0.131958,-0.110718,0.940674,-1.464844,-0.305176,10.498047
14046,-0.113525,0.029541,1.014282,-0.610352,0.610352,10.375977
14055,-0.119141,-0.131958,0.995850,-0.244141,0.671387,10.375977
14067,-0.068115,0.017212,0.945557,-0.366211,0.671387,10.314941
14076,-0.026733,-0.212769,0.847290,0.122070,1.159668,10.375977
14086,0.036865,-0.153198,0.885742,0.061035,1.525879,10.375977
14095,0.149170,-0.142700,1.011597,0.183105,1.953125,10.070801
14106,0.094604,-0.366577,0.953857,0.000000,0.854492,9.521484
14115,0.167603,-0.146729,1.047485,-0.854492,0.488281,8.911133
14127,0.190063,0.020020,1.169922,-0.061035,-1.647949,8.361816
14136,0.144287,-0.167236,0.963989,0.488281,-2.014160,8.056641
14146,0.166260,-0.014282,1.085693,0.976562,-2.380371,8.544922
14155,0.152344,-0.298828,0.955444,1.159668,-3.356934,8.972168
14166,0.132080,-0.202637,0.860107,1.159668,-3.112793,9.704590
14175,0.103516,0.052368,0.986206,1.037598,-3.662109,10.192871
14186,0.074707,-0.135010,0.942871,0.793457,-3.417969,11.108398
14195,-0.029419,-0.185547,0.896118,0.183105,-3.112793,11.535645
14207,-0.065063,0.048340,1.153687,-0.427246,-3.479004,10.742188
14216,-0.048584,-0.124146,1.069214,-0.305176,-3.479004,10.070801
14226,-0.044434,-0.035522,1.123657,0.183105,-3.295898,9.826660
14236,-0.037598,0.048828,1.102173,1.037598,-3.601074,9.643555
14245,-0.064453,-0.259766,0.942749,1.831055,-3.112793,9.338379
14256,-0.014893,-0.234009,0.983032,1.647949,-2.990723,8.911133
14265,0.018433,0.006958,1.041260,1.281738,-2.868652,8.483887
14277,0.007202,-0.268311,0.949219,1.159668,-2.990723,8.850098
14286,0.029785,-0.116455,1.012939,1.098633,-2.563477,9.338379
14296,0.024292,-0.328369,0.919556,0.854492,-2.929688,9.887695
14305,0.016968,-0.366211,0.798340,0.122070,-2.624512,10.681152
14316,0.076782,-0.084595,0.974976,-0.793457,-3.356934,11.169434
14326,0.050293,-0.205322,0.931274,-1.464844,-3.784180,11.779785
14336,0.008057,-0.267334,0.827271,-2.014160,-3.417969,14.038086
14345,0.021240,-0.065430,1.018555,-2.075195,-2.929688,15.319824
14356,-0.028687,-0.259155,0.972168,-2.258301,-2.502441,16.235352
14366,-0.053467,-0.046387,1.062378,-2.075195,-2.441406,16.967773
14376,-0.051270,-0.150146,1.013062,-1.220703,-3.051758,17.517090
14386,-0.084961,-0.304443,0.885864,-0.732422,-2.929688,17.578125
14396,-0.095825,-0.144043,1.009521,-1.037598,-3.417969,16.723633
14408,-0.121582,-0.251587,0.981201,-1.037598,-2.563477,14.648438
14418,-0.114990,-0.214966,0.984741,-0.671387,-2.441406,13.916016
14428,-0.118896,-0.015747,1.016968,-0.549316,-2.929688,12.878418
14438,-0.073730,-0.100952,1.069458,-0.549316,-3.295898,11.962891
14447,0.021729,-0.330078,1.062988,-0.549316,-2.441406,11.352539
14457,0.004761,-0.220947,1.040405,-0.427246,-2.502441,10.437012
14466,0.023560,-0.038574,1.052002,-0.549316,-3.173828,9.338379
14476,-0.007813,0.005615,1.077515,-0.305176,-3.112793,6.958008
14487,0.008301,-0.153809,1.042114,0.061035,-3.479004,5.676270
14497,0.006470,-0.098511,0.997192,0.183105,-3.662109,4.394531
14506,0.020508,-0.075073,1.025146,0.061035,-4.455566,3.051758
14516,0.018188,-0.195679,0.877808,0.000000,-4.333496,1.281738
14526,0.052368,-0.074585,0.844482,-1.037598,-4.760742,-0.061035
14536,0.097290,-0.100586,0.924072,-1.953125,-5.249023,-0.976562
14546,0.089722,-0.262207,0.859253,-3.112793,-5.554199,-2.868652
14557,0.110596,0.170654,1.067261,-4.516602,-5.737305,-3.417969
14567,0.108276,-0.066040,1.035522,-4.455566,-5.126953,-4.150391
14577,0.056274,-0.067871,1.046387,-4.455566,-5.249023,-5.004883
14586,0.068115,0.065552,1.110840,-4.089355,-5.126953,-6.164551
14596,0.020874,-0.107178,1.013428,-3.295898,-4.821777,-7.324219
14607,-0.011108,-0.116455,0.941528,-2.746582,-5.004883,-8.361816
14616,0.014526,-0.064331,1.013062,-1.464844,-4.821777,-9.460449
14626,0.020630,-0.251343,0.846680,-1.342773,-4.943848,-10.192871
14636,0.030396,-0.055176,0.988403,-1.464844,-4.882812,-10.314941
14646,0.039429,-0.079712,1.012939,-1.159668,-4.455566,-10.070801
14657,0.075562,-0.272461,0.939331,-0.610352,-3.479004,-10.009766
14666,0.058716,-0.245117,0.922485,-0.061035,-2.807617,-10.253906
14676,0.072021,-0.154663,1.023560,-0.061035,-3.173828,-10.803223
14686,0.116699,-0.200684,1.018555,-0.610352,-3.417969,-11.718750
14697,0.047852,-0.013794,0.973022,-0.793457,-2.990723,-11.169434
14707,0.026978,-0.105225,0.999634,-0.732422,-2.624512,-10.437012
14716,0.014404,-0.195679,0.927124,-0.793457,-1.831055,-10.070801
14726,-0.017822,-0.083008,0.998901,-1.037598,-0.976562,-8.789063
14736,-0.065186,0.109131,1.096558,-1.159668,-0.732422,-7.812500
14746,0.000244,-0.188232,1.040405,-0.793457,0.671387,-6.652832
14758,0.013550,-0.106323,0.935059,-0.915527,0.976562,-4.272461
14767,0.016846,0.040283,1.052002,-1.953125,2.319336,-2.929688
14777,-0.028564,-0.086182,0.989624,-2.807617,1.403809,-1.708984
14787,-0.057983,-0.141235,0.967407,-2.624512,4.638672,-0.305176
14796,-0.044434,-0.010742,1.047974,-2.624512,4.028320,0.305176
14807,-0.090576,-0.137573,1.094482,-2.502441,3.784180,1.159668
14816,-0.069824,-0.217163,0.969116,-2.502441,5.981445,1.525879
14828,-0.011597,-0.098511,1.026001,-2.258301,4.211426,2.990723
14837,-0.043457,-0.248169,0.839600,-1.525879,4.760742,4.333496
14847,0.010742,-0.192993,0.874390,-1.647949,5.493164,6.103516
14856,0.020996,-0.095459,0.938965,-2.075195,5.676270,7.507324
14867,-0.034180,-0.267334,0.902588,-1.953125,6.408691,8.911133
14876,-0.058472,-0.230713,0.899658,-1.953125,7.019043,10.009766
14888,-0.058594,-0.058105,0.980347,-2.197266,7.019043,11.657715
14897,-0.051147,-0.238159,0.999023,-1.892090,6.896973,12.451172
14907,-0.016235,-0.346680,0.904175,-1.770020,7.202148,13.000488
14916,0.018433,-0.169922,0.900513,-1.831055,6.774902,13.244629
14926,0.046875,-0.096069,1.041992,-1.831055,6.164551,13.854980
14937,0.010254,-0.104736,1.022095,-1.953125,5.676270,13.793945
14946,0.068848,-0.196411,1.003296,-1.892090,5.371094,13.488770
14956,0.044800,-0.230103,0.989990,-1.281738,5.126953,14.038086
14968,0.050903,-0.098633,0.964233,-1.098633,4.394531,14.038086
14977,0.103394,-0.127930,0.985229,-1.770020,3.906250,14.038086
14987,0.104980,-0.148926,1.054077,-1.953125,3.417969,13.977051
14996,0.087158,-0.148315,1.043091,-1.708984,2.441406,13.977051
15006,0.033081,-0.089233,1.028564,-1.525879,2.258301,13.549805
15017,0.063843,-0.114502,1.072388,-1.647949,1.220703,12.817383
15026,0.067505,-0.147705,1.079834,-1.586914,1.098633,12.268066
15038,0.046387,0.114624,1.068115,-1.525879,-0.122070,10.864258
15047,0.054443,0.038208,1.088501,-0.915527,-0.183105,10.620117
15057,0.067505,-0.017212,1.048340,-0.793457,-0.732422,9.887695
15066,0.005615,-0.131470,0.914673,-1.159668,-0.854492,9.338379
15077,0.005005,-0.072876,0.908936,-1.708984,-0.976562,8.911133
15086,0.010132,0.137695,1.059814,-2.563477,-0.793457,8.605957
15098,-0.007446,0.152588,1.093994,-2.075195,-0.488281,7.873535
15107,-0.033569,-0.191040,0.952759,-1.037598,0.122070,7.446289
15117,0.014038,-0.105225,0.961182,-0.915527,-0.610352,7.019043
15126,0.072754,-0.156494,0.934814,-0.793457,-1.098633,6.774902
15137,0.128540,-0.287720,0.873169,-0.976562,-1.342773,6.958008
15146,0.108032,-0.155396,0.952271,-1.098633,-1.831055,6.835937
15157,0.118774,-0.086060,1.042236,-0.854492,-1.342773,7.507324
15166,0.069824,-0.163330,1.024048,-0.427246,-1.281738,8.422852
15178,0.026367,-0.307861,0.980469,0.000000,-2.075195,7.751465
15187,0.045166,-0.036377,0.958252,-0.427246,-2.563477,7.751465
15197,0.089111,0.014893,0.991699,-0.366211,-3.234863,7.995605
15206,0.098267,-0.182861,0.902100,0.183105,-3.234863,8.911133
15217,0.146851,-0.240601,0.906860,0.122070,-3.417969,9.643555
15227,0.112427,-0.123291,0.985474,-0.427246,-3.906250,10.375977
15236,0.084351,0.063843,1.038452,-0.610352,-3.601074,10.742188
15248,0.028931,-0.015991,1.159790,-0.183105,-4.333496,10.375977
15257,-0.020142,-0.198242,1.029785,0.793457,-4.943848,9.887695
15267,-0.021606,-0.214722,0.976929,1.586914,-5.676270,9.277344
15276,-0.031250,-0.002686,1.038452,1.525879,-5.798340,8.666992
15287,-0.013062,0.004639,1.050659,1.159668,-6.042480,8.178711
15297,0.002930,-0.100952,0.991333,0.915527,-5.920410,7.690430
15306,0.014648,-0.284180,0.893799,0.793457,-5.615234,7.568359
15318,-0.014893,-0.180420,0.992676,0.427246,-5.004883,6.652832
15327,-0.007813,-0.159302,1.013550,-0.366211,-4.943848,5.493164
15337,-0.050049,-0.148315,1.010864,-0.854492,-5.737305,4.455566
15347,0.021851,-0.133179,0.989990,-0.366211,-5.615234,3.601074
15356,0.016846,-0.130737,0.972168,0.061035,-5.798340,2.990723
15367,0.017334,-0.244873,0.940796,-0.122070,-6.103516,2.624512
15376,0.038452,-0.374390,0.850952,-0.854492,-6.225586,2.563477
15388,0.010864,-0.034668,0.942383,-1.953125,-4.943848,3.173828
15398,0.031982,-0.025391,1.057861,-2.380371,-5.310059,3.540039
15408,-0.018921,-0.066895,1.067383,-2.319336,-5.371094,3.784180
15417,-0.093872,-0.139038,1.040039,-1.708984,-5.432129,3.784180
15427,-0.069824,-0.204834,1.086304,-0.671387,-4.943848,3.784180
15437,-0.033081,-0.150269,1.129517,0.122070,-4.943848,3.967285
15446,-0.028687,-0.102295,1.123291,0.732422,-4.699707,4.089355
15458,-0.038574,-0.148560,1.044678,1.770020,-4.150391,4.333496
15468,-0.074341,-0.122437,0.952026,2.014160,-3.723145,3.662109
15477,-0.082153,-0.256592,0.894165,2.136230,-3.356934,3.173828
15486,-0.022705,-0.230713,0.914429,1.464844,-3.051758,2.136230
15497,0.000977,-0.131592,0.866333,0.427246,-2.929688,1.281738
15506,-0.006104,-0.251587,0.751221,-0.183105,-3.723145,0.488281
15518,0.030640,-0.256592,0.802246,-2.441406,-3.845215,-1.953125
15527,0.032227,0.146973,1.069702,-3.417969,-4.638672,-3.356934
15537,0.095581,0.040771,1.080688,-3.479004,-4.821777,-4.028320
15546,0.071289,-0.138184,1.045532,-2.807617,-4.516602,-4.516602
15556,0.078979,-0.163330,1.030762,-2.746582,-4.638672,-5.004883
15567,0.026733,-0.090210,1.028931,-2.563477,-4.089355,-5.371094
15576,0.034668,-0.020386,1.002319,-2.197266,-4.211426,-5.737305
15589,-0.027100,-0.202759,0.845581,-1.708984,-3.723145,-6.835937
15599,-0.047852,-0.082153,0.855835,-2.319336,-3.356934,-6.896973
15609,-0.007080,0.109131,0.987061,-3.112793,-3.173828,-7.019043
15618,-0.004272,0.023926,1.013916,-2.990723,-2.197266,-6.469727
15628,-0.034912,-0.092407,0.922485,-2.807617,-1.953125,-5.981445
15638,-0.004150,-0.103394,0.996460,-2.685547,-1.281738,-5.493164
15648,-0.009521,-0.032227,1.093994,-2.441406,-0.976562,-4.882812
15658,-0.029175,0.031982,1.132202,-1.586914,-0.732422,-4.150391
15667,0.000244,-0.200195,0.976318,-1.037598,0.305176,-3.234863
15677,-0.042969,-0.260864,0.973999,-0.915527,0.305176,-2.502441
15686,0.000244,-0.161011,0.998657,-1.098633,0.793457,-1.525879
15697,0.018188,-0.032715,0.975708,-1.220703,1.037598,-0.061035
15706,-0.004639,-0.070190,0.989014,-1.525879,1.770020,1.220703
15717,-0.031006,-0.234253,0.925537,-2.136230,2.014160,2.014160
15729,-0.011353,-0.095581,0.994263,-3.845215,2.807617,2.868652
15739,-0.052856,-0.074341,1.038330,-4.882812,2.014160,2.502441
15748,-0.065674,-0.057861,1.042847,-5.371094,1.953125,2.441406
15758,-0.109375,-0.085083,1.061035,-4.821777,2.441406,2.441406
15767,-0.102051,0.080933,1.102539,-4.394531,2.441406,2.441406
15777,-0.052246,0.015259,1.109009,-3.295898,2.929688,3.112793
15787,0.030273,-0.142212,1.004883,-2.258301,3.662109,3.601074
15797,-0.017822,-0.287354,0.940796,-1.037598,3.845215,3.967285
15808,-0.065063,-0.080444,0.932617,-0.488281,3.967285,4.333496
15818,0.001221,-0.151245,0.900513,-0.488281,3.906250,3.906250
15827,-0.042847,-0.231689,0.938110,-0.671387,3.723145,3.295898
15837,-0.021729,-0.215576,1.009033,-1.220703,3.662109,2.563477
15847,0.012207,-0.127075,1.037720,-1.037598,3.601074,1.770020
15857,0.005859,-0.134766,1.001709,-0.305176,4.089355,1.159668
15869,0.085083,-0.245605,0.936646,0.183105,3.479004,0.793457
15879,0.091309,-0.257080,0.859863,-0.183105,3.112793,0.976562
15888,0.074341,-0.255493,0.885254,-0.610352,2.929688,1.770020
15898,0.073486,-0.163208,0.907349,-0.671387,3.417969,2.807617
15907,0.089233,-0.153809,0.991333,-0.854492,3.234863,3.479004
15917,0.084595,-0.132568,1.035645,-0.732422,3.540039,3.601074
15927,0.042114,-0.150513,1.074463,-0.732422,3.479004,3.662109
15939,0.061035,-0.074097,1.065552,0.000000,2.868652,2.990723
15949,0.011353,-0.117310,1.062256,0.427246,2.441406,2.929688
15958,0.010742,-0.070557,1.002930,0.366211,1.953125,2.685547
15967,0.059692,-0.150757,0.970947,0.488281,2.319336,3.479004
15977,0.039429,-0.188477,0.923218,0.000000,2.014160,4.272461
15987,0.048218,-0.166870,0.901733,-0.793457,1.953125,5.065918
15997,0.076294,-0.024658,0.920654,-1.403809,2.075195,6.347656
16007,0.071533,0.056641,0.950195,-2.197266,2.441406,7.629395
16018,-0.009888,-0.133911,0.945435,-2.685547,2.075195,7.690430
16028,-0.031372,-0.148804,0.909668,-3.112793,1.953125,7.873535
16037,-0.039429,-0.037598,0.978149,-3.417969,2.197266,7.995605
16047,-0.053101,-0.002441,1.022461,-3.540039,2.136230,8.422852
16057,-0.037964,0.032715,0.982666,-3.601074,2.502441,8.972168
16067,-0.057495,-0.029175,0.961670,-3.234863,3.173828,9.521484
16079,-0.016357,-0.052856,1.033081,-2.502441,3.234863,10.375977
16089,0.034424,0.054199,1.034424,-2.746582,2.929688,10.681152
16098,0.025391,-0.000244,1.020264,-2.502441,2.929688,10.925293
16108,0.060425,-0.159912,0.989868,-2.014160,2.197266,11.108398
16117,0.006714,-0.202393,0.972168,-1.770020,1.708984,11.352539
16127,0.041504,-0.142456,0.993896,-1.464844,1.708984,11.657715
16137,0.059814,-0.033691,1.034424,-1.525879,1.647949,12.145996
16147,0.063965,-0.040283,1.056152,-1.586914,1.708984,13.244629
16158,0.032104,-0.265137,0.951782,-1.586914,1.037598,13.061523
16168,0.075928,-0.277588,1.005493,-0.976562,0.427246,12.939453
16177,0.034058,-0.070557,1.002808,-0.793457,0.122070,12.451172
16187,0.057617,-0.030029,1.066284,-0.854492,-0.732422,11.840820
16197,0.047852,-0.089966,1.084595,-1.098633,-1.220703,11.169434
16207,0.076782,-0.110352,1.006592,-1.342773,-1.831055,10.681152
16220,0.103149,-0.154663,0.939087,-2.258301,-3.173828,10.009766
16229,0.191040,-0.053955,1.021729,-2.807617,-3.356934,10.070801
16239,0.120728,-0.084961,1.017456,-3.234863,-4.272461,10.253906
16248,0.110718,-0.102417,0.944824,-3.540039,-4.516602,10.314941
16258,0.023926,-0.108765,1.017578,-3.417969,-4.455566,10.620117
16267,0.029541,0.062012,1.082886,-3.173828,-4.089355,10.375977
16277,-0.054687,0.037109,1.122925,-2.136230,-4.455566,10.009766
16290,-0.033081,-0.262573,0.992065,-0.244141,-5.065918,9.765625
16299,-0.100098,-0.342285,0.811646,0.305176,-5.126953,9.155273
16309,-0.081055,-0.275269,0.729004,0.427246,-4.699707,8.666992
16318,-0.067871,-0.265869,0.724976,-0.183105,-4.577637,7.995605
16328,-0.024170,-0.237061,0.724609,-2.014160,-4.394531,6.042480
16338,-0.078003,-0.190308,0.793945,-3.906250,-5.554199,4.211426
16348,-0.007568,-0.083252,0.935547,-4.882812,-5.676270,1.892090
16358,0.022827,-0.070557,1.078369,-4.577637,-5.493164,0.915527
16367,0.009521,-0.123413,1.079712,-3.906250,-5.493164,0.305176
16377,-0.004639,-0.176392,1.049438,-3.295898,-4.882812,-0.183105
16388,-0.009399,-0.065674,1.025513,-2.929688,-4.760742,-0.915527
16397,-0.079956,-0.050781,1.028198,-2.319336,-4.455566,-1.098633
16407,-0.083862,0.003906,1.053833,-2.197266,-4.516602,-1.403809
16417,-0.033447,-0.103394,1.103271,-1.953125,-3.479004,-1.220703
16429,-0.030151,-0.212280,1.003418,-1.281738,-2.380371,0.488281
16439,-0.018677,-0.298218,1.003662,-0.976562,-1.403809,1.647949
16449,0.073120,-0.115845,1.021973,-1.647949,-0.793457,2.441406
16458,0.037354,-0.031982,1.110107,-2.380371,-1.098633,2.624512
16468,0.097290,-0.062622,1.130127,-2.624512,-2.380371,2.807617
16477,0.067261,-0.036865,1.057373,-2.563477,-3.112793,2.380371
16487,0.038696,-0.011719,1.025391,-2.502441,-3.601074,1.831055
16497,0.052368,-0.104004,1.050659,-2.258301,-3.417969,0.244141
16508,0.058838,-0.075439,1.008667,-1.892090,-4.028320,-0.854492
16518,0.032837,-0.105713,0.930786,-1.708984,-4.089355,-1.281738
16527,0.091919,-0.099121,0.933716,-1.708984,-4.272461,-1.708984
16537,0.011841,-0.105591,0.913574,-1.892090,-4.638672,-1.892090
16548,0.018188,-0.074951,0.902222,-2.197266,-4.577637,-1.892090
16557,0.000488,-0.118408,0.883301,-2.258301,-4.211426,-1.403809
16570,-0.067383,-0.053955,0.875610,-3.417969,-2.990723,-1.281738
16579,-0.067993,-0.021118,0.888428,-3.967285,-2.441406,-0.976562
16589,-0.101318,0.001221,0.900024,-3.967285,-2.441406,-0.854492
16598,-0.108154,-0.004761,0.940308,-3.173828,-2.014160,-0.488281
16608,-0.055420,-0.017822,0.969482,-1.953125,-1.464844,-0.244141
16618,-0.055786,-0.067261,0.948608,-0.610352,-0.915527,0.244141
16627,-0.058105,-0.130493,1.024780,0.061035,-0.305176,0.488281
16637,-0.043579,-0.254028,0.941650,0.549316,0.000000,0.305176
16648,-0.002563,-0.153198,0.892456,0.000000,-0.183105,0.183105
16658,-0.010132,-0.065308,0.958252,-0.793457,0.122070,0.305176
16667,0.015625,-0.039795,1.004517,-1.525879,0.183105,0.610352
16678,-0.009155,-0.123657,0.963867,-1.770020,0.488281,0.976562
16687,0.034180,-0.153076,1.000488,-1.586914,0.854492,1.098633
16698,-0.007202,-0.107178,1.101074,-1.647949,1.098633,1.831055
16707,0.043701,-0.051025,1.179810,-1.342773,0.854492,2.502441
16717,0.026245,-0.087280,1.036133,-0.610352,0.549316,2.807617
16727,0.028687,-0.195801,0.997925,-0.427246,0.610352,2.929688
16737,0.063843,-0.139771,0.950928,-0.793457,0.427246,2.807617
16747,0.054932,-0.096680,0.932007,-1.281738,0.549316,2.868652
16757,0.085571,-0.030029,0.963745,-2.319336,-0.366211,2.685547
16769,0.017456,0.078125,1.052979,-3.540039,-0.976562,2.197266
16778,-0.001465,-0.010010,1.090088,-3.173828,-0.122070,2.441406
16788,-0.078735,-0.045410,1.093872,-2.624512,-0.244141,2.868652
16798,-0.055298,-0.147827,1.027710,-1.770020,-0.244141,2.746582
16807,-0.011353,-0.083008,1.062622,-1.647949,0.061035,3.173828
16817,0.069702,0.015991,1.080811,-1.708984,0.061035,3.356934
16827,0.003174,0.011108,0.994507,-1.586914,0.366211,3.845215
16839,0.063599,-0.062012,0.945068,-1.403809,0.305176,5.310059
16849,-0.000366,-0.094604,0.957642,-0.793457,0.183105,5.737305
16858,-0.017212,-0.104614,0.993530,-0.061035,0.610352,6.042480
16868,0.010620,-0.119019,0.989258,0.671387,0.976562,6.347656
16878,-0.021606,-0.156860,0.949219,1.098633,0.549316,6.652832
16887,0.010742,-0.270264,0.862671,1.403809,0.671387,6.896973
16898,-0.000366,-0.322510,0.836426,0.854492,-0.427246,7.080078
16907,0.012085,-0.110352,0.930298,-0.305176,0.183105,7.080078
16917,0.035400,0.017578,0.997437,-1.037598,-1.403809,7.202148
16928,-0.079346,-0.096191,0.980103,-0.610352,-0.488281,6.774902
16938,-0.043579,-0.106689,1.021362,-0.305176,-0.549316,6.713867
16948,-0.057373,-0.094604,1.062866,0.610352,0.305176,7.019043
16957,-0.039551,-0.092163,1.067017,0.793457,-0.244141,6.652832
16967,-0.012573,-0.095825,1.042236,0.915527,-0.427246,6.530762
16979,0.033447,-0.120605,1.000000,0.427246,-0.671387,5.432129
16988,0.092651,-0.191406,0.959473,-0.366211,-0.610352,4.089355
16998,0.076294,-0.166992,1.006104,-1.098633,-1.892090,2.746582
17008,0.048218,-0.179932,1.016602,-1.037598,-1.892090,0.976562
17017,0.064697,-0.236084,0.948975,-0.854492,-2.685547,-0.671387
17028,0.085571,-0.142456,0.923096,-0.793457,-2.685547,-1.525879
17038,0.107300,-0.174927,0.924316,-1.403809,-3.112793,-2.380371
17048,0.087158,-0.230591,0.872192,-2.136230,-3.540039,-3.295898
17057,0.091064,-0.079102,0.934692,-3.601074,-4.089355,-4.638672
17068,0.038452,-0.060059,0.969727,-3.845215,-4.150391,-5.432129
17078,-0.010986,-0.125977,0.977295,-3.906250,-3.479004,-6.225586
17087,-0.028076,-0.130859,0.965942,-3.784180,-3.051758,-6.896973
17098,-0.024658,-0.100952,1.006714,-3.784180,-2.685547,-7.141113
17108,0.012695,0.010620,0.995972,-3.601074,-2.197266,-7.324219
17118,0.014282,0.027832,1.004517,-3.356934,-2.014160,-7.202148
17127,0.040894,-0.032227,0.983521,-3.723145,-1.159668,-6.835937
17139,0.064087,-0.123047,0.983521,-3.845215,-1.281738,-6.286621
17149,0.056885,-0.043701,1.035156,-4.089355,-1.403809,-5.493164
17158,0.034790,0.030396,1.048950,-3.723145,-0.366211,-4.394531
17168,0.017212,-0.008545,1.051392,-3.295898,-0.671387,-2.868652
17178,-0.004395,-0.048096,1.027100,-2.319336,0.000000,-1.464844
17187,-0.014648,-0.081421,1.012939,-1.586914,0.793457,0.061035
17197,-0.023682,-0.102539,1.020752,-1.037598,0.915527,2.807617
17208,-0.088745,-0.053711,0.936646,-1.342773,0.915527,3.845215
17218,-0.071777,-0.047974,0.948486,-1.525879,1.586914,4.333496
17227,-0.067627,-0.040039,0.941895,-1.892090,1.708984,5.065918
17237,-0.091797,-0.016357,0.973633,-2.502441,1.708984,5.554199
17248,-0.099854,-0.007080,1.023682,-2.319336,2.929688,5.981445
17257,-0.103516,-0.031860,1.048706,-2.319336,2.563477,6.408691
17269,-0.060059,-0.141479,0.976929,-2.136230,2.929688,6.774902
17279,-0.049438,-0.178223,0.983032,-2.197266,3.479004,6.835937
17288,0.034912,-0.071899,1.058594,-2.441406,3.479004,7.080078
17298,0.010498,0.054687,1.058472,-2.136230,3.173828,7.080078
17307,0.042480,0.040649,1.016113,-1.464844,2.685547,7.080078
17318,0.012207,-0.075684,0.988892,-0.549316,2.624512,6.774902
17327,0.026123,-0.176514,0.952759,-0.061035,2.929688,6.408691
17339,0.028687,-0.057861,1.006226,0.244141,1.770020,6.225586
17348,-0.042114,0.014038,1.078247,0.671387,1.892090,6.286621
17358,-0.024170,-0.086426,1.063354,1.098633,1.708984,6.164551
17368,-0.002319,-0.131592,1.087646,1.708984,2.075195,6.408691
17377,-0.054321,-0.187012,0.984253,2.319336,1.464844,6.713867
17388,0.021729,-0.294800,0.944092,2.746582,1.342773,7.385254
17397,0.022339,-0.260742,0.930298,2.380371,2.258301,8.422852
17409,0.013428,-0.052856,0.981567,1.647949,1.037598,10.314941
17418,0.028198,-0.108887,0.963257,0.976562,2.502441,10.986328
17428,0.013916,-0.091064,1.046143,0.183105,1.220703,11.230469
17438,-0.039429,-0.051392,1.042603,0.244141,1.159668,10.986328
17448,-0.008911,-0.025879,1.087524,0.610352,0.793457,10.803223
17457,-0.046265,0.029175,1.130127,0.610352,0.610352,10.375977
17469,-0.001709,-0.031006,1.090576,1.220703,0.549316,9.948730
17479,0.032227,-0.167725,0.943115,1.647949,0.427246,9.826660
17488,0.041992,-0.095459,0.978149,1.037598,0.000000,9.460449
17498,0.042603,-0.039917,1.029541,0.793457,-0.610352,9.399414
17508,0.030029,0.043823,1.092407,0.732422,-1.159668,8.728027
17518,-0.004150,0.017822,1.117188,0.854492,-1.159668,7.873535
17528,0.050537,-0.054443,1.092529,1.159668,-1.342773,6.958008
17539,-0.028687,-0.115723,1.048096,1.770020,-2.136230,4.882812
17549,0.014282,-0.240479,0.976440,2.075195,-2.746582,3.967285
17558,0.050659,-0.191162,0.952026,2.441406,-2.563477,3.295898
17568,0.052124,-0.072876,1.064453,2.502441,-2.929688,2.502441
17577,0.070068,-0.056396,1.037109,2.563477,-2.929688,1.281738
17588,0.036011,-0.118530,0.973511,2.380371,-3.173828,0.000000
17597,0.042603,-0.317505,0.801636,2.136230,-3.234863,-1.281738
17609,0.059570,-0.209106,0.791016,-1.220703,-4.211426,-2.990723
17619,0.056152,0.279785,1.212402,-2.136230,-3.967285,-3.356934
17628,0.011353,0.060669,1.057739,-1.037598,-3.051758,-3.540039
17638,-0.021606,-0.342285,0.696899,0.549316,-3.112793,-3.906250
17648,0.007935,-0.299561,0.660645,0.183105,-3.417969,-4.577637
17657,0.138184,-0.318848,0.473389,-2.380371,-3.051758,-4.882812
17668,0.149658,-0.251709,0.422363,-5.187988,-3.601074,-4.394531
17678,0.133911,0.141479,0.682739,-9.521484,-3.784180,-3.051758
17690,0.045044,0.168701,1.072998,-8.911133,-3.417969,-2.929688
17699,-0.114502,-0.103882,1.022949,-6.652832,-2.746582,-3.601074
17709,-0.082031,-0.166626,1.128906,-7.141113,-2.319336,-4.882812
17718,-0.055908,-0.022461,1.276367,-8.850098,-2.624512,-5.065918
17728,0.008911,0.192383,1.300049,-8.728027,-2.807617,-4.943848
17738,-0.032959,0.147461,1.148926,-6.347656,-2.746582,-3.784180
17750,0.029419,-0.119019,1.021362,-2.929688,-1.586914,-1.220703
17760,0.142334,-0.135010,1.065796,-3.173828,-1.586914,-0.488281
17769,0.118652,-0.104004,1.002686,-4.028320,-1.464844,0.244141
17779,0.105835,-0.012207,0.878906,-4.760742,-0.915527,1.098633
17788,0.101440,-0.050293,0.869263,-5.615234,-1.220703,2.014160
17798,0.070923,-0.092407,0.886230,-5.981445,-1.953125,2.258301
17808,0.003052,-0.104736,0.973145,-6.225586,-2.441406,1.647949
17818,0.002319,-0.027344,1.132324,-7.568359,-3.112793,0.793457
17829,-0.054687,0.182129,1.221191,-8.422852,-2.624512,-0.061035
17839,-0.150024,0.016479,1.132202,-7.202148,-1.770020,0.366211
17848,-0.149170,-0.045898,1.102661,-5.371094,-0.671387,0.915527
17858,-0.127686,0.039429,1.164307,-4.394531,-0.244141,0.854492
17868,-0.087036,0.068237,1.254639,-4.394531,0.244141,0.671387
17878,-0.074707,-0.084106,1.072632,-4.455566,0.000000,-0.061035
17891,0.051880,0.052002,0.972046,-3.173828,0.183105,-1.770020
17900,0.072021,-0.092896,0.931641,-2.319336,-0.488281,-2.990723
17910,0.072632,-0.252930,0.925903,-1.770020,-1.159668,-4.516602
17919,0.074951,-0.175781,0.999634,-2.380371,-1.037598,-5.981445
17929,0.081909,-0.010864,0.962280,-3.417969,-1.586914,-6.896973
17938,0.052612,0.094604,0.906128,-3.417969,-1.281738,-7.141113
17948,0.006104,-0.169556,0.806152,-2.441406,-1.281738,-7.141113
17961,-0.043213,0.186035,0.851562,0.976562,-0.366211,-6.286621
17970,-0.046509,-0.242310,0.761841,4.638672,0.000000,-5.310059
17980,-0.027222,-0.485840,0.814941,5.981445,0.366211,-4.333496
17989,0.002441,-0.346436,1.003784,4.638672,0.732422,-3.234863
17999,-0.000732,-0.298950,0.996704,2.624512,1.037598,-1.892090
18009,-0.001343,-0.193481,0.888184,0.854492,1.586914,-0.549316
18018,0.000366,0.091064,0.919556,0.061035,2.197266,0.854492
18030,-0.044922,-0.114136,0.929810,0.122070,2.380371,2.990723
18040,-0.057495,-0.084839,0.979736,-0.244141,2.441406,3.662109
18049,0.008057,0.106445,1.085938,-0.488281,1.831055,4.577637
18063,0.005127,-0.001709,1.025391,0.610352,2.075195,6.652832
18073,0.024170,-0.060181,0.976929,0.915527,3.417969,8.056641
18082,0.097168,-0.049683,0.973389,0.183105,3.417969,9.094238
18092,0.066895,-0.047607,1.024658,-0.793457,2.319336,9.521484
18101,0.090576,0.041260,1.088989,-1.281738,1.708984,8.972168
18110,0.013184,0.033081,1.068726,-0.854492,0.915527,8.605957
18120,-0.031860,0.072998,1.132446,-0.488281,0.488281,8.361816
18129,0.007690,0.086426,1.249146,-0.366211,1.037598,8.544922
18139,-0.025513,-0.050903,1.262085,-0.732422,1.159668,8.605957
18148,-0.086914,-0.089111,1.074707,-0.854492,0.976562,8.483887
18158,-0.037231,0.110352,1.097656,-0.915527,1.464844,8.239746
18168,-0.013672,-0.037354,1.057861,-0.915527,1.220703,6.408691
18180,-0.006958,-0.028931,1.070190,-1.220703,0.427246,4.394531
18189,0.041626,0.087891,1.169556,-1.708984,-0.244141,2.441406
18199,0.004639,-0.100952,1.040894,-2.014160,-1.220703,0.671387
18208,0.018921,0.001709,1.027588,-1.831055,-1.037598,-0.793457
18218,0.068115,-0.045654,1.029419,-1.098633,-0.671387,-1.647949
18229,0.069580,-0.114380,0.944092,-0.976562,-1.220703,-2.136230
18238,0.092651,-0.037842,1.048462,-1.220703,-1.220703,-3.173828
18248,0.045654,-0.026733,0.910400,-0.976562,-2.014160,-3.295898
18258,0.024780,-0.119751,0.796753,-0.427246,-1.892090,-3.295898
18269,0.029175,-0.018188,0.915649,-0.061035,-1.464844,-3.112793
18278,0.003052,-0.129761,0.856079,0.122070,-1.220703,-2.746582
18289,-0.069092,-0.102783,0.945801,-0.061035,-0.488281,-1.770020
18298,-0.032715,-0.062378,1.004761,0.366211,-0.610352,-0.915527
18308,-0.051636,-0.169312,0.930908,0.549316,0.427246,1.586914
18318,-0.051147,0.009521,0.922119,0.915527,0.793457,2.502441
18328,-0.060059,-0.143555,0.883545,1.220703,1.037598,3.540039
18338,-0.033081,0.009033,1.018677,1.037598,1.037598,3.784180
18348,-0.037476,-0.153076,0.924927,0.976562,0.610352,4.272461
18358,-0.021851,-0.072876,0.911011,0.549316,1.647949,4.821777
18369,-0.011475,0.098877,0.992432,0.488281,1.770020,5.554199
18378,0.010620,-0.060547,0.936279,1.342773,1.892090,6.469727
18388,-0.006470,-0.044556,1.002441,1.281738,1.403809,6.347656
18399,0.010742,-0.099121,1.125488,1.647949,1.159668,6.286621
18408,0.012085,-0.135132,1.011963,1.892090,1.037598,6.408691
18419,-0.006226,-0.037598,1.021484,1.647949,0.976562,6.530762
18428,0.022827,-0.081177,1.028931,1.831055,1.098633,6.774902
18439,-0.007080,-0.136230,1.015015,1.586914,1.586914,7.202148
18448,0.012207,-0.033203,1.005371,-0.244141,1.098633,7.812500
18458,-0.014648,0.002686,1.002197,-0.976562,1.037598,7.995605
18468,0.010498,0.061401,1.061890,-1.159668,1.342773,8.422852
18479,-0.012573,-0.044800,1.041748,-0.793457,1.525879,8.666992
18488,-0.014160,-0.050781,1.123535,-0.976562,0.976562,8.361816
18499,0.014648,-0.022705,1.142822,-1.403809,0.427246,7.812500
18508,-0.024902,-0.080322,1.082275,-1.953125,-0.366211,7.080078
18520,0.026367,-0.062744,0.979248,-2.075195,-0.122070,5.798340
18529,0.031982,0.005249,0.957520,-1.586914,-0.244141,5.310059
18539,0.017090,-0.048950,0.948486,-1.525879,-0.122070,4.882812
18548,0.052002,-0.020264,0.927124,-1.892090,-0.793457,4.272461
18559,0.023926,-0.001465,0.934937,-2.502441,-0.854492,3.906250
18568,0.031128,0.045776,0.973877,-2.990723,-1.159668,3.662109
18580,0.010132,0.002686,0.854858,-2.807617,-0.915527,3.784180
18589,-0.006836,-0.147217,0.786133,-2.685547,-0.915527,3.540039
18599,0.004761,-0.114746,0.891479,-2.868652,-0.732422,3.479004
18609,0.016113,-0.028076,0.927490,-3.356934,-0.854492,3.051758
18618,-0.013794,-0.144043,0.896118,-3.540039,-0.976562,3.173828
18628,-0.005127,-0.182495,0.858765,-3.662109,-1.525879,3.051758
18639,-0.001465,-0.063232,0.958252,-4.211426,-0.976562,3.173828
18648,-0.009766,-0.008301,0.971680,-4.699707,-0.732422,3.601074
18658,-0.013550,0.056885,1.075806,-4.455566,-0.793457,2.990723
18669,-0.001587,-0.011230,1.064331,-3.662109,-0.427246,2.807617
18679,0.011353,-0.051270,1.058105,-3.356934,-0.183105,2.746582
18688,0.063110,0.004028,0.994995,-3.173828,-0.549316,2.380371
18699,0.047852,-0.025024,0.997437,-2.746582,-0.610352,2.441406
18708,0.073608,-0.053101,1.002563,-2.563477,-0.610352,2.624512
18718,0.073486,-0.084106,1.051270,-2.014160,-0.915527,2.502441
18730,0.070190,-0.127075,0.957520,-2.380371,-1.708984,1.708984
18740,0.066650,-0.108887,1.014771,-2.685547,-2.075195,1.647949
18749,0.056274,-0.064453,1.006592,-3.356934,-1.953125,1.892090
18759,0.005615,-0.047729,0.938843,-3.906250,-2.380371,1.586914
18768,-0.003296,0.026245,1.069946,-4.272461,-2.746582,1.647949
18778,-0.046143,-0.081543,1.032715,-4.150391,-2.380371,1.525879
18790,-0.092041,0.027710,1.047729,-3.967285,-2.075195,0.427246
18800,-0.042969,0.002319,1.081177,-3.601074,-1.220703,0.000000
18809,-0.031006,-0.083130,0.958984,-3.540039,-1.586914,-0.427246
18819,0.005493,-0.020264,1.002319,-3.479004,-1.586914,-1.159668
18828,0.068604,-0.046509,1.019653,-3.540039,-1.525879,-1.647949
18838,0.028442,-0.108154,0.939819,-3.601074,-1.281738,-1.953125
18848,0.050415,-0.018921,1.000488,-4.028320,-1.770020,-2.746582
18860,0.076782,-0.079224,1.055420,-4.028320,-2.014160,-4.089355
18870,0.050903,0.018066,1.042847,-3.784180,-1.892090,-4.638672
18879,0.046265,0.023071,1.103760,-3.051758,-2.136230,-5.004883
18889,0.015991,-0.011230,1.059326,-2.319336,-2.075195,-4.638672
18898,0.020874,-0.065063,0.994385,-1.892090,-1.831055,-4.455566
18909,0.027832,-0.017456,1.026367,-1.770020,-1.342773,-4.028320
18919,0.030518,-0.007690,1.003174,-1.708984,-1.403809,-3.295898
18928,0.046265,0.044189,0.968506,-1.464844,-1.647949,-3.051758
18940,0.030151,-0.070312,0.881470,-0.671387,-1.770020,-2.380371
18949,0.017944,-0.036377,0.965942,-0.061035,-1.647949,-2.075195
18959,-0.009888,-0.035278,0.933350,0.122070,-1.831055,-1.464844
18969,-0.039185,-0.133667,0.954468,0.610352,-1.220703,-0.793457
18979,-0.049561,-0.146240,0.985352,0.732422,-1.281738,-0.366211
18988,-0.058350,-0.127197,0.927979,0.549316,-0.671387,0.061035
18999,0.004028,-0.066650,0.982910,0.061035,0.122070,0.854492
19010,-0.015015,-0.046753,0.934204,-0.061035,15.502930,1.708984
19020,-0.020386,-0.064087,0.942261,-0.549316,0.183105,1.831055
19029,-0.030396,-0.065308,0.958496,-1.037598,1.159668,1.770020
19039,-0.030640,-0.019043,0.982788,-1.342773,0.610352,1.953125
19048,-0.004517,-0.062622,0.986694,-1.220703,0.427246,1.892090
19059,0.003174,-0.048218,1.006226,-1.037598,0.610352,2.014160
19068,0.020142,-0.025635,1.038818,-1.220703,0.122070,2.014160
19080,0.007813,-0.034302,1.084351,-1.159668,0.000000,1.831055
19089,0.012573,-0.068726,1.074341,-0.427246,0.793457,1.708984
19099,0.047729,-0.114868,1.019653,-0.061035,0.305176,1.281738
19108,0.020630,-0.147949,0.960327,0.366211,0.244141,1.281738
19118,0.043579,-0.120483,0.918213,0.183105,-0.183105,1.220703
19129,0.040527,-0.095215,0.921021,-0.610352,-0.427246,1.403809
19138,0.036743,0.006226,0.986328,-1.220703,-1.037598,1.220703
19150,-0.040283,-0.027588,0.966675,-1.220703,15.441895,1.953125
19159,-0.064819,-0.021484,0.974365,-1.831055,0.305176,2.624512
19169,-0.053467,-0.014404,1.001587,-2.258301,0.793457,3.173828
19179,-0.029053,0.030884,1.065796,-2.319336,1.281738,3.662109
19189,-0.039673,-0.049316,0.961060,-2.319336,0.671387,4.272461
19199,-0.033325,-0.062622,0.956787,-2.197266,1.098633,4.333496
19208,0.012085,-0.024780,0.980225,-2.197266,1.098633,4.272461
19218,0.011353,-0.061768,1.009766,-2.746582,0.732422,3.906250
19230,0.019775,-0.020264,1.013428,-2.807617,1.220703,3.540039
19239,0.006592,-0.038818,0.993408,-3.295898,1.037598,3.417969
19248,0.033813,-0.001587,1.001709,-3.295898,0.854492,2.929688
19259,0.032837,0.013916,1.024292,-3.234863,0.610352,2.807617
19268,0.026489,0.002197,1.088867,-3.112793,0.427246,2.441406
19280,0.038086,0.052612,1.100342,-2.319336,-0.061035,1.953125
19289,0.015503,-0.019531,1.038452,-2.258301,-0.732422,2.014160
19299,0.037476,0.018677,1.047607,-2.319336,-0.183105,2.380371
19309,0.015503,-0.046875,0.988525,-1.953125,-0.183105,2.990723
19318,-0.005005,-0.036987,1.017822,-1.770020,0.000000,3.295898
19328,0.004761,-0.086182,1.009155,-1.159668,0.549316,3.662109
19339,-0.017334,-0.066162,1.021240,-1.098633,0.061035,3.845215
19350,-0.015137,-0.081543,1.060425,-0.305176,0.061035,4.272461
19359,-0.026245,-0.175049,0.948975,-0.061035,0.732422,4.089355
19369,-0.007568,-0.072510,0.980347,-0.671387,0.671387,4.333496
19379,-0.028687,-0.041626,0.955811,-1.098633,0.305176,4.211426
19388,-0.046387,-0.040161,0.945312,-0.915527,-0.244141,3.723145
19399,-0.030640,-0.045532,0.987061,-1.037598,-0.061035,3.479004
19408,-0.015991,-0.060181,1.062622,-1.159668,0.183105,3.112793
19420,-0.010742,-0.032104,1.046021,-0.305176,0.366211,2.563477
19430,0.023682,-0.036499,1.027100,-0.122070,0.366211,2.258301
19439,0.034058,-0.035156,1.012329,-0.244141,0.000000,2.075195
19449,0.042480,-0.025757,0.975952,0.244141,0.183105,1.831055
19458,0.014893,-0.146118,0.916382,0.427246,-0.854492,1.464844
19469,0.042114,-0.093628,1.008667,0.366211,-0.732422,1.159668
19478,0.042847,-0.106812,0.980713,0.549316,-0.305176,1.098633
19489,0.018433,-0.162231,0.892944,0.427246,-0.488281,1.098633
19498,0.044678,-0.054932,0.973755,-0.244141,0.061035,1.464844
19510,0.036133,-0.020142,0.963501,-0.427246,-0.671387,1.220703
19520,0.006836,0.016968,1.032959,-0.549316,-0.915527,1.098633
19529,-0.022461,-0.029541,1.027832,-0.427246,-0.549316,1.159668
19539,-0.005981,0.019531,1.057617,-0.549316,-0.732422,1.159668
19549,-0.027100,-0.024292,1.031128,-0.122070,-0.610352,1.281738
19558,-0.022827,-0.014404,1.001465,0.366211,-0.488281,1.220703
19568,0.003052,-0.060669,0.969482,0.427246,-0.610352,1.037598
19580,0.019897,-0.078979,0.980469,0.854492,-0.183105,1.220703
19589,0.035889,-0.085815,0.971313,0.793457,-0.366211,0.854492
19598,0.029175,-0.053711,0.996094,0.671387,-0.366211,0.610352
19609,0.025757,-0.116455,1.016846,0.793457,-0.122070,0.366211
19618,0.023193,-0.102417,0.966064,0.549316,-0.732422,-0.122070
19630,-0.010742,-0.056152,1.004150,0.610352,-1.098633,-0.305176
19640,0.020874,-0.056396,1.027954,0.549316,-0.915527,-0.427246
19649,0.025879,-0.055054,0.987183,0.366211,-1.220703,-0.305176
19659,0.023071,-0.031616,1.022583,-0.183105,-0.732422,-0.305176
19669,0.048340,-0.007446,1.036011,-0.427246,-0.854492,-0.183105
19679,-0.004150,-0.073120,0.991821,-0.427246,-0.305176,0.122070
19689,0.019287,-0.028320,1.019409,-1.098633,-0.732422,0.183105
19698,0.003540,0.000366,1.019653,-1.647949,-0.427246,0.366211
19710,0.005371,-0.027710,0.987793,-1.586914,-0.366211,0.854492
19720,0.023193,-0.083374,1.004517,-1.770020,-0.183105,1.220703
19729,-0.004639,-0.034058,1.036499,-2.258301,-0.061035,1.342773
19739,-0.033936,-0.046021,0.994141,-1.953125,-0.061035,1.892090
19749,-0.025879,-0.056763,1.017456,-1.647949,-0.244141,2.136230
19758,-0.022949,-0.067383,0.957520,-1.708984,0.244141,2.258301
19770,-0.010010,-0.041626,1.019653,-1.708984,0.305176,2.258301
19779,-0.004395,-0.044800,0.977539,-1.586914,-0.122070,2.319336
19789,-0.010010,-0.019287,0.988281,-1.892090,0.549316,2.319336
19799,-0.029053,0.015869,1.001221,-2.014160,0.305176,2.197266
19808,-0.013916,-0.013062,1.009277,-1.708984,0.366211,2.258301
19819,-0.018066,-0.069824,0.975830,-1.525879,0.244141,2.624512
19829,0.016724,-0.048706,1.034790,-1.647949,0.305176,2.319336
19838,-0.011230,-0.043579,0.953003,-1.525879,0.915527,2.075195
19848,0.043945,-0.072998,0.982788,-1.708984,0.244141,1.708984
19860,0.014771,-0.114868,0.973511,-1.708984,0.427246,1.831055
19869,0.015747,-0.050537,0.960205,-1.953125,0.732422,2.136230
19878,0.034058,-0.088501,0.979004,-1.708984,1.098633,2.624512
19889,0.018921,-0.063965,0.994385,-1.708984,0.854492,2.746582
19899,0.005493,-0.048462,0.994751,-2.075195,0.915527,3.234863
19909,-0.009277,-0.030151,1.011108,-2.380371,0.488281,3.845215
19918,-0.007935,-0.022705,0.986572,-2.197266,-0.122070,3.784180
19929,-0.029541,-0.047119,1.007813,-2.075195,0.915527,3.845215
19938,-0.028687,-0.050049,0.994751,-2.258301,0.671387,3.845215
19949,-0.000366,-0.070435,1.021484,-2.380371,0.976562,3.906250
19959,-0.008545,-0.051270,0.989380,-2.380371,0.610352,3.906250
19969,0.032837,-0.021240,1.015259,-2.197266,1.098633,3.845215
19979,0.020142,-0.024902,1.005737,-2.136230,0.671387,4.089355
19990,0.030640,-0.050171,0.995728,-2.258301,0.244141,3.356934
20000,0.026123,-0.124756,0.955078,-2.197266,0.061035,2.868652
20009,0.044800,-0.062256,0.990234,-2.441406,0.244141,2.136230
20019,0.028687,-0.069946,1.005371,-2.807617,0.244141,2.075195
20028,0.009521,-0.129761,0.973511,-2.746582,0.427246,2.136230
20039,0.000000,-0.083252,0.968994,-2.807617,0.671387,2.136230
20048,0.026367,-0.022827,1.013916,-2.868652,-0.732422,2.136230
20060,0.000244,0.040283,1.016113,-2.746582,-0.122070,2.563477
20069,-0.001953,-0.011230,1.021973,-3.051758,0.305176,2.685547
20079,0.028564,-0.011230,1.025513,-2.746582,-0.122070,2.502441
20088,0.003296,-0.065186,1.022461,-2.441406,-0.244141,2.197266
20099,0.023682,-0.072754,1.006348,-2.197266,-0.122070,2.014160
20109,0.000732,-0.025513,1.029053,-2.075195,0.366211,1.953125
20120,-0.007324,-0.004395,0.982178,-1.892090,0.000000,1.770020
20130,0.001709,-0.076172,0.973267,-1.525879,-0.061035,1.647949
20139,-0.003662,-0.048706,0.998657,-1.342773,0.000000,1.708984
20149,-0.013794,-0.094482,0.992065,-0.915527,0.305176,1.464844
20158,0.007568,-0.045532,1.031494,-1.037598,0.122070,1.708984
20169,-0.020020,-0.038940,1.053345,-0.793457,0.183105,2.319336
20179,0.004761,-0.130371,1.018188,0.061035,0.671387,2.502441
20188,-0.000122,-0.150269,0.991943,-0.061035,0.732422,2.746582
20200,0.000854,-0.055420,0.956787,-0.488281,0.305176,3.356934
20209,0.017822,0.003296,0.950073,-1.586914,0.000000,3.601074
20219,-0.008301,0.006836,0.998413,-1.708984,0.000000,3.845215
20229,0.011108,-0.011841,1.004517,-1.953125,0.305176,4.272461
20239,-0.016724,-0.022583,0.995972,-2.258301,1.220703,5.310059
20249,-0.019043,-0.110107,1.028076,-2.075195,1.464844,5.798340
20259,-0.027954,-0.045898,0.988647,-2.197266,1.159668,6.896973
20270,-0.003296,0.000244,1.053833,-2.014160,1.281738,7.202148
20280,-0.002197,-0.024902,0.967285,-1.892090,0.244141,7.080078
20289,-0.020630,-0.089233,0.987671,-1.403809,0.854492,6.774902
20299,-0.006104,-0.061279,0.995239,-1.159668,1.098633,6.713867
20309,-0.012695,-0.030884,1.022217,-1.098633,1.403809,6.652832
20319,-0.013794,-0.093750,0.946655,-0.793457,1.098633,6.774902
20330,-0.014648,-0.191040,0.882446,-1.098633,1.281738,7.080078
20340,-0.017578,-0.020386,0.931885,-1.525879,1.037598,7.019043
20349,-0.012573,0.022705,0.970825,-2.014160,0.610352,6.591797
20359,0.000366,0.012085,1.008423,-2.258301,0.732422,6.713867
20369,-0.036255,-0.005127,1.001831,-2.075195,0.854492,7.080078
20380,-0.042969,-0.003540,1.006836,-2.075195,1.220703,7.263184
20389,-0.030518,0.061890,1.120239,-1.892090,1.098633,7.446289
20399,0.005371,0.017334,1.108643,-1.647949,0.732422,7.629395
20410,0.027710,-0.042847,1.048584,-0.976562,1.403809,7.934570
20420,0.028320,-0.029663,1.026978,-0.061035,1.098633,7.873535
20429,0.045776,-0.067749,0.937134,0.122070,1.159668,7.629395
20439,0.059814,-0.088379,1.004150,0.122070,0.427246,7.263184
20449,0.058594,-0.063477,1.043579,0.183105,0.427246,7.080078
20459,0.017700,-0.107056,1.000854,-0.244141,0.549316,7.141113
20469,0.002441,-0.069580,1.005615,-0.427246,0.427246,6.835937
20480,-0.008789,-0.100830,1.052490,0.305176,-0.244141,6.591797
20490,0.003418,-0.091919,1.069824,0.488281,0.488281,5.920410
20499,0.009155,-0.087158,1.083496,0.549316,-0.854492,4.943848
20509,0.008667,0.026978,1.054321,0.671387,-1.220703,4.272461
20519,-0.000366,-0.045288,0.985596,0.793457,-0.793457,3.723145
20529,0.031982,-0.095581,0.990723,0.854492,-1.342773,3.417969
20541,0.055542,-0.071167,0.969238,0.366211,-0.732422,2.258301
20551,0.038086,-0.046265,0.924927,0.244141,-1.403809,1.586914
20560,0.067139,-0.106323,0.963867,0.122070,-0.732422,0.793457
20570,0.066284,-0.057495,0.933472,-0.732422,-1.403809,0.122070
20579,0.064087,-0.054687,0.945923,-0.549316,-2.136230,-0.549316
20589,0.053467,-0.055664,0.980225,-0.488281,-2.380371,-0.915527
20598,0.046509,-0.074707,0.960571,-0.549316,-2.014160,-1.098633
20610,0.038940,-0.049683,0.980713,-1.281738,-2.441406,-1.159668
20620,0.023926,-0.069946,0.982422,-1.220703,-2.258301,-1.098633
20629,0.010864,-0.055786,0.970093,-1.159668,-1.708984,-0.976562
20639,0.027588,-0.062012,0.987915,-0.976562,-1.586914,-1.098633
20649,0.025879,-0.034058,0.998901,-1.098633,-2.563477,-1.464844
20658,0.018066,-0.000610,0.984375,-1.281738,-2.258301,-1.281738
20669,0.019897,0.006348,0.966553,-1.281738,-1.892090,-1.037598
20679,0.001099,-0.018921,0.942749,-1.342773,-2.502441,-1.159668
20690,0.002686,-0.003052,0.995239,-1.647949,-2.258301,-1.159668
20700,-0.003540,-0.074585,0.968262,-1.708984,-1.831055,-1.220703
20709,-0.001221,-0.028931,0.969604,-1.831055,-1.831055,-1.281738
20719,0.002075,-0.073364,1.001953,-1.647949,-1.892090,-1.220703
20729,0.001465,-0.050903,1.028198,-1.708984,-1.953125,-1.159668
20739,0.001099,-0.051514,1.017334,-1.403809,-0.488281,-1.098633
20749,0.013428,-0.018555,1.021606,-1.708984,-1.098633,-0.793457
20759,-0.006226,-0.037598,0.985840,-1.220703,-0.915527,-0.549316
20769,0.022339,-0.062988,1.021606,-1.220703,-0.976562,-0.305176
20779,0.025024,-0.058960,1.037354,-1.098633,-1.220703,-0.061035
20790,0.001831,-0.057129,1.007568,-1.098633,-1.586914,0.244141
20799,0.019775,-0.075806,1.035889,-0.854492,-0.915527,0.671387
20809,0.007324,-0.106567,1.028564,-0.427246,-0.671387,1.098633
20820,-0.004395,-0.120361,0.989624,-0.427246,-0.732422,1.708984
20830,0.021973,-0.075073,0.977295,-0.854492,-1.037598,1.586914
20840,-0.009155,-0.031372,0.979248,-1.037598,-1.403809,1.892090
20849,-0.013184,-0.069946,0.962891,-1.220703,-0.915527,1.953125
20859,-0.033081,-0.019409,0.946167,-1.525879,-0.427246,2.136230
20869,-0.031616,-0.017578,0.972656,-1.586914,0.122070,2.624512
20880,-0.039551,-0.020874,0.986084,-1.647949,-0.244141,3.234863
20889,-0.027466,-0.039307,1.004028,-1.647949,-0.183105,3.723145
20899,-0.016357,-0.058838,1.030884,-1.953125,0.122070,3.784180
20910,0.014160,-0.040283,1.003906,-1.831055,0.122070,3.601074
20919,0.033447,-0.063721,0.995972,-1.464844,-0.122070,3.356934
20930,0.021240,-0.063477,1.006226,-1.708984,0.488281,3.234863
20939,0.024902,-0.067871,1.016479,-1.647949,0.061035,2.990723
20949,0.031860,-0.107422,1.003540,-1.708984,0.488281,2.624512
20962,0.017700,-0.068481,1.013672,-2.258301,-0.427246,2.136230
20971,0.020996,-0.040405,1.010742,-2.014160,-0.488281,1.708984
20981,0.017090,-0.119873,1.014771,-1.770020,-0.549316,1.525879
20990,0.016235,-0.019531,1.023438,-2.197266,-1.098633,1.342773
20999,0.023682,-0.048462,1.000732,-2.258301,-1.281738,1.403809
21009,0.015869,0.013428,0.995972,-2.319336,-0.305176,1.281738
21019,0.026611,-0.027710,0.994019,-2.380371,-0.793457,1.342773
21029,0.027222,0.015259,0.994141,-2.441406,-0.976562,1.220703
21040,0.019775,0.001831,1.036377,-2.380371,-1.037598,1.098633
21050,0.013428,-0.061401,1.020386,-2.014160,-0.244141,0.915527
21059,0.017212,-0.031006,1.010986,-2.075195,-0.488281,0.854492
21069,0.032959,-0.084229,1.002197,-1.770020,-0.122070,0.732422
21079,0.021606,-0.032349,0.984253,-1.464844,-0.671387,0.732422
21089,0.003906,-0.067261,0.977051,-1.220703,-0.610352,0.732422
21102,0.003540,-0.087524,0.957886,-0.793457,-0.854492,0.122070
21111,0.009521,-0.018921,0.999878,-0.915527,-0.915527,0.061035
21121,0.012451,-0.083130,0.994385,-0.793457,-1.159668,0.000000
21130,-0.002441,-0.091797,0.980225,-0.549316,-0.549316,0.183105
21140,0.002930,-0.068848,0.993896,-0.427246,-0.610352,-0.061035
21150,0.008667,-0.066284,0.982666,-0.305176,-0.732422,0.061035
21159,-0.002930,-0.088989,1.008545,-0.122070,-0.549316,0.183105
21172,0.012573,-0.114258,0.950317,-0.549316,-0.427246,-0.610352
21181,0.004883,-0.036987,0.965210,-0.976562,-0.427246,-0.427246
21191,0.001221,-0.050659,0.954590,-1.464844,-0.793457,-0.244141
21201,0.013428,-0.037354,0.952881,-1.464844,-0.549316,0.061035
21210,0.009399,-0.035645,0.987793,-1.586914,0.000000,0.366211
21219,0.038208,-0.046021,0.994995,-1.525879,-0.183105,0.366211
21229,0.005005,0.001587,1.016479,-1.586914,-0.854492,0.427246
21242,0.001587,-0.039551,1.002441,-1.464844,-0.427246,1.037598
21251,0.007813,-0.104614,1.005493,-1.220703,-0.122070,1.403809
21260,0.002808,-0.009399,1.020996,-1.403809,0.061035,1.281738
21270,0.015015,-0.075562,0.997925,-1.647949,-1.098633,1.831055
21279,0.005981,0.012573,1.000366,-1.403809,0.183105,1.770020
21290,0.022583,-0.055908,1.005859,-1.525879,-0.915527,1.831055
21299,-0.000977,-0.032227,0.985596,-1.770020,-0.915527,1.525879
21309,-0.010376,-0.088379,0.972412,-1.831055,-0.366211,1.464844
21321,-0.004639,-0.078247,0.967041,-1.892090,0.000000,1.403809
21330,-0.010986,-0.069946,0.959839,-2.136230,-0.122070,1.647949
21340,-0.005371,-0.117920,0.962036,-2.136230,0.061035,1.647949
21350,0.002075,-0.058350,0.972290,-2.136230,0.000000,1.586914
21359,-0.005737,-0.022705,0.981567,-2.380371,0.549316,1.586914
21370,0.006714,-0.019287,0.975708,-2.929688,-0.305176,1.647949
21379,-0.005859,-0.026855,0.967285,-2.990723,-0.671387,1.342773
21391,-0.004517,0.001221,1.010620,-3.234863,0.488281,1.525879
21400,-0.003662,-0.033447,1.032104,-2.746582,-0.122070,1.342773
21409,-0.009888,0.028809,1.034058,-2.868652,-0.610352,1.220703
21419,-0.012207,-0.034058,1.030762,-2.380371,-0.549316,1.159668
21430,0.002441,-0.037476,1.006104,-1.770020,1.953125,0.854492
21439,0.041382,-0.037354,1.031006,-2.380371,-1.342773,1.098633
21449,0.019409,-0.023071,1.009521,-1.647949,-0.976562,1.525879
21461,0.018677,-0.091797,0.978882,-1.953125,0.671387,1.647949
21470,0.029785,-0.014771,1.009277,-2.258301,0.061035,1.708984
21480,0.018921,-0.098999,0.998779,-1.831055,0.061035,1.647949
21489,0.015381,-0.083496,0.994507,-1.770020,-0.061035,1.586914
21500,0.003784,-0.097168,1.010254,-2.014160,0.366211,1.586914
21511,-0.008545,-0.019897,1.010986,-1.892090,0.244141,1.892090
21520,-0.006592,-0.112671,0.961670,-2.075195,-0.305176,2.014160
21531,-0.008911,-0.035889,0.983398,-2.136230,0.732422,2.075195
21540,-0.017212,-0.061279,0.991577,-1.953125,0.183105,2.197266
21550,0.008545,-0.083862,1.007446,-2.014160,0.244141,2.075195
21560,-0.005371,-0.134155,0.980347,-1.892090,0.122070,1.892090
21569,0.000122,0.003906,0.998291,-2.441406,-0.549316,1.831055
21581,0.003174,-0.020630,0.994995,-2.197266,0.183105,1.770020
21590,0.004395,-0.014526,0.996338,-2.258301,0.183105,1.892090
21601,-0.016357,-0.000732,1.013794,-2.502441,-0.488281,2.258301
21610,-0.006714,-0.013794,1.018311,-2.563477,-0.915527,2.441406
21620,-0.004272,-0.052856,0.990967,-2.258301,1.220703,3.112793
21630,0.011841,-0.003540,1.014771,-2.441406,0.122070,3.479004
21639,-0.010010,-0.064941,0.967651,-2.258301,1.342773,3.906250
21650,-0.006348,0.007202,1.018433,-2.441406,1.342773,4.394531
21659,-0.009888,-0.068481,0.977783,-2.807617,0.610352,4.760742
21669,0.015137,-0.040039,1.004883,-2.868652,0.793457,4.943848
21680,-0.009155,-0.078857,0.940308,-2.807617,0.732422,5.187988
21689,-0.003418,0.003296,1.005859,-2.685547,1.220703,5.310059
21700,-0.005249,-0.042480,1.010376,-2.685547,1.098633,5.859375
21710,0.007813,-0.032959,0.981689,-2.563477,0.976562,5.920410
21719,0.017700,-0.012329,0.996948,-2.807617,0.915527,6.164551
21732,-0.016479,-0.026489,0.995361,-2.624512,1.831055,6.896973
21741,0.003296,-0.099121,0.966675,-2.624512,1.159668,7.019043
21751,-0.008667,-0.016113,0.976562,-2.685547,2.014160,7.385254
21761,-0.008545,-0.120361,0.952637,-2.624512,1.342773,7.690430
21770,-0.046387,-0.132935,0.973389,-2.502441,1.403809,7.446289
21780,-0.043945,-0.041260,0.998291,-2.685547,1.220703,7.446289
21789,-0.001099,-0.051880,0.968018,-2.624512,1.342773,7.751465
21801,-0.000854,-0.073120,0.946899,-2.563477,1.525879,8.117676
21810,-0.023193,-0.042480,1.014648,-2.136230,1.708984,8.178711
21820,0.010498,-0.025513,0.998047,-2.563477,1.831055,8.239746
21830,0.018066,0.021484,1.013916,-2.624512,1.770020,8.789063
21840,0.010132,-0.002319,1.013306,-2.624512,1.403809,9.155273
21850,-0.012207,-0.038086,0.990845,-2.319336,1.586914,9.460449
21859,-0.005493,-0.063477,1.011353,-2.136230,1.464844,9.704590
21871,0.031250,-0.012451,1.024048,-2.258301,1.708984,9.582520
21880,0.018677,-0.104614,0.983643,-1.953125,0.976562,9.765625
21890,0.003662,-0.062134,1.030640,-1.892090,0.976562,9.521484
21900,0.014526,-0.090454,1.003540,-1.892090,0.854492,9.521484
21910,0.023926,-0.023437,0.988525,-2.014160,0.915527,9.338379
21919,0.047974,-0.048218,0.997314,-1.831055,0.732422,9.582520
21931,0.019287,-0.077271,0.994263,-1.892090,0.915527,9.338379
21941,0.014648,-0.072754,1.016724,-1.770020,0.915527,9.399414
21950,0.019897,-0.056396,1.018555,-1.403809,1.281738,9.033203
21960,-0.003662,-0.098755,0.979370,-1.342773,0.488281,8.666992
21969,-0.012817,-0.094360,0.998901,-1.586914,0.061035,8.056641
21979,0.010864,-0.056519,1.011475,-1.403809,-0.610352,7.141113
21990,0.029785,-0.082153,1.009644,-1.037598,-0.427246,6.286621
22001,0.027832,-0.147095,0.959473,-0.976562,-0.732422,4.272461
22011,0.050293,-0.094238,1.009644,-1.098633,-1.098633,3.479004
22020,0.050781,-0.039429,0.958374,-1.342773,-1.770020,2.746582
22030,0.061890,-0.031982,0.953491,-1.342773,-1.342773,1.831055
22039,0.067871,-0.036865,1.019409,-1.525879,-1.953125,1.220703
22049,0.040527,-0.044800,1.007690,-1.403809,-1.831055,0.671387
22060,0.041992,-0.055298,1.008301,-1.953125,-2.685547,0.183105
22069,0.031860,-0.009644,0.972656,-1.831055,-1.892090,-0.244141
22081,0.036621,-0.068481,1.000366,-2.014160,-1.892090,-0.671387
22091,0.033081,-0.013794,1.014526,-1.586914,-2.075195,-1.037598
22101,0.044434,-0.031372,1.019043,-1.708984,-2.197266,-1.525879
22110,0.064453,-0.065918,0.999146,-1.770020,-2.441406,-2.136230
22120,0.054565,-0.029907,1.000732,-1.586914,-2.441406,-3.051758
22130,0.040039,-0.088135,0.989990,-1.831055,-3.234863,-3.234863
22139,0.048584,-0.024780,1.020874,-2.075195,-2.929688,-3.723145
22151,0.015625,-0.085083,0.983154,-2.258301,-2.868652,-4.516602
22161,0.005371,-0.028198,0.983887,-1.831055,-3.356934,-5.004883
22170,0.007446,-0.030762,0.999268,-2.197266,-3.295898,-5.310059
22180,0.019653,-0.053711,1.000000,-2.075195,-3.723145,-5.615234
22190,0.023682,-0.047729,0.946899,-2.075195,-3.601074,-5.737305
22200,0.044312,-0.055786,0.990723,-1.892090,-3.051758,-5.737305
22209,0.039185,-0.104370,0.966187,-1.770020,-2.990723,-6.042480
22222,0.031982,-0.044312,1.016846,-2.258301,-2.929688,-5.859375
22231,0.022461,-0.074707,0.985107,-1.953125,-2.380371,-5.676270
22241,0.020386,-0.065063,1.007935,-2.075195,-2.380371,-5.432129
22251,0.007080,-0.116455,0.994995,-1.708984,-2.746582,-5.493164
22261,0.006958,-0.014282,1.001099,-1.892090,-3.112793,-5.493164
22270,-0.013062,0.004883,1.001343,-2.014160,-2.441406,-5.126953
22280,-0.021973,-0.060425,0.946533,-2.075195,-2.380371,-3.845215
22292,-0.028687,0.005981,1.001099,-2.258301,-2.380371,-3.356934
22301,-0.039185,-0.043701,0.971924,-2.014160,-1.586914,-2.685547
22311,-0.018799,0.009399,0.992920,-2.136230,-1.525879,-2.014160
22321,-0.020874,0.007690,0.995728,-2.075195,-0.732422,-1.281738
22330,-0.004028,-0.079346,0.977905,-1.953125,-0.915527,-0.793457
22340,-0.015259,-0.031250,1.018921,-2.014160,-0.427246,-0.427246
22350,-0.016968,-0.023926,1.018188,-1.892090,0.000000,0.854492
22360,0.000000,-0.093628,0.984253,-2.258301,-0.244141,1.586914
22370,0.000366,-0.042114,1.006958,-1.647949,-0.122070,2.319336
22380,0.000610,-0.111816,0.985718,-1.525879,-0.305176,2.746582
22390,-0.014160,-0.012329,1.030396,-1.831055,-0.183105,3.112793
22400,-0.020996,-0.030151,1.001587,-1.831055,-0.244141,3.479004
22410,-0.012939,-0.084351,0.946777,-1.770020,0.671387,3.967285
22420,-0.013306,-0.003540,1.003906,-1.525879,0.488281,4.150391
22429,-0.003662,-0.039063,1.015747,-1.342773,0.244141,4.272461
22440,-0.057495,-0.010742,1.023438,-1.586914,-0.122070,4.577637
22450,-0.015869,-0.019653,1.033569,-1.098633,0.488281,4.760742
22460,-0.012573,-0.087158,0.995972,-0.671387,0.976562,5.126953
22470,-0.034302,-0.035400,1.008667,-0.488281,1.770020,5.187988
22479,0.000366,-0.031372,1.020630,-0.366211,1.403809,5.187988
22490,0.016968,-0.105835,0.980957,-0.305176,0.366211,5.676270
22501,0.012207,-0.064453,0.998779,-0.366211,0.488281,5.187988
22511,0.022461,-0.163818,0.953003,0.366211,1.525879,5.249023
22520,0.003052,-0.036255,1.007935,-0.244141,0.915527,5.249023
22530,0.019531,-0.037720,0.959595,-0.671387,1.098633,5.615234
22540,0.028198,-0.105469,0.946411,-0.488281,1.525879,5.920410
22550,0.009033,-0.018311,1.001831,-0.915527,0.610352,5.615234
22562,0.008667,-0.038086,0.998657,-1.281738,0.610352,5.554199
22572,-0.015259,0.001343,1.018799,-1.281738,0.488281,5.249023
22581,0.008545,-0.039551,1.008545,-1.281738,0.610352,5.065918
22591,0.008545,-0.035522,0.989502,-1.403809,0.488281,5.310059
22600,0.020752,-0.006836,1.045410,-1.464844,0.732422,5.065918
22610,0.029175,-0.063110,0.985718,-1.342773,0.061035,4.516602
22620,0.032837,-0.077393,1.004395,-1.281738,0.183105,4.211426
22630,0.035645,-0.002563,1.037476,-1.464844,0.183105,3.479004
22641,0.033691,-0.092651,0.994019,-1.220703,0.000000,2.319336
22651,0.020874,-0.034546,1.026611,-1.464844,-1.403809,1.586914
22660,0.024536,-0.018677,0.990479,-1.525879,-1.037598,1.220703
22670,0.038330,-0.075562,0.997925,-1.281738,-0.549316,1.159668
22680,0.034912,-0.021606,0.991699,-1.342773,-1.342773,0.915527
22690,0.021118,-0.029785,1.020508,-1.281738,-1.831055,0.488281
22701,0.030151,-0.080078,0.999512,-0.976562,1.525879,0.366211
22711,0.009277,-0.037354,1.010376,-1.831055,-2.746582,0.244141
22720,0.018066,-0.107056,0.972168,-1.037598,-0.122070,-0.305176
22730,0.015747,-0.057373,0.997803,-1.220703,-1.770020,-0.671387
22740,0.015869,-0.036377,1.026733,-0.976562,-0.305176,-0.854492
22750,0.024048,-0.086914,1.000977,-0.854492,-0.976562,-1.220703
22760,0.006226,-0.095337,0.990967,-1.159668,-1.403809,-1.892090
22770,0.007080,-0.056641,0.985962,-0.976562,-1.403809,-2.929688
22782,0.022949,-0.121460,0.970581,-0.427246,-1.159668,-2.868652
22792,0.020874,-0.049561,1.011719,-1.159668,-2.685547,-3.112793
22801,0.044067,-0.061035,0.983887,-1.159668,-2.990723,-3.295898
22811,0.035400,-0.102051,0.980591,-1.159668,-1.708984,-3.417969
22820,0.024170,-0.030518,0.988647,-1.403809,-1.220703,-3.662109
22831,0.019897,-0.026123,0.993774,-1.098633,-2.319336,-4.455566
22840,0.039307,-0.058472,1.018677,-1.159668,-2.990723,-4.577637
22850,0.016113,-0.046265,1.011475,-1.892090,-2.868652,-4.699707
22860,0.026611,0.002930,1.007690,-1.525879,-2.746582,-4.760742
22870,0.031128,-0.056396,0.959717,-1.159668,-2.685547,-4.821777
22880,0.019165,0.023315,1.025879,-1.464844,-2.319336,-4.821777
22890,0.027832,-0.006592,1.021851,-1.525879,-2.258301,-4.821777
22900,0.050659,-0.111328,1.002441,-1.281738,-2.868652,-5.065918
22910,0.039673,-0.025146,1.006958,-1.525879,-2.746582,-5.310059
22922,0.033325,-0.050171,0.995605,-1.220703,-2.380371,-5.187988
22932,0.022949,-0.106445,0.969971,-0.610352,-2.563477,-5.676270
22941,-0.010132,-0.035278,1.016968,-1.403809,-3.051758,-5.554199
22951,-0.013672,-0.090454,0.999756,-1.281738,-1.892090,-5.187988
22960,-0.033813,-0.104858,0.999634,-1.037598,-2.258301,-5.554199
22970,-0.037842,-0.052490,0.963135,-1.647949,-3.173828,-5.187988
22983,-0.006348,-0.040771,0.956421,-1.281738,-2.746582,-4.394531
22992,-0.009277,-0.104248,0.987671,-0.854492,-2.563477,-3.967285
23002,-0.010010,-0.054077,0.994751,-1.159668,-2.502441,-3.540039
23012,-0.020264,-0.012939,1.027100,-1.770020,-2.807617,-2.929688
23022,-0.039429,-0.036743,0.986694,-1.586914,-2.136230,-2.624512
23031,-0.045044,-0.057007,0.970459,-1.220703,-1.708984,-2.014160
23041,-0.054443,-0.032471,1.005127,-1.037598,-1.159668,-1.708984
23050,-0.032471,-0.076050,0.991455,-0.732422,-0.976562,-1.525879
23062,-0.019531,-0.073486,0.987793,-1.403809,-0.793457,-1.647949
23071,-0.023682,-0.003784,1.000977,-1.647949,-1.281738,-1.770020
23086,-0.011230,-0.064697,0.947754,-0.488281,0.061035,-1.159668
23096,0.000488,-0.078979,0.999023,-0.976562,-0.122070,-0.671387
23105,0.001831,-0.061035,1.019775,-1.037598,-0.061035,-0.305176
23115,0.020752,-0.115845,0.958252,-1.098633,0.305176,0.000000
23125,0.007935,-0.062256,0.974731,-1.098633,-0.549316,-0.122070
23134,0.033936,0.013916,1.000610,-1.342773,-0.793457,-0.427246
23144,0.022827,-0.031006,0.999023,-1.098633,-0.671387,-0.915527
23153,0.014648,-0.098389,1.005615,-0.976562,-1.403809,-1.403809
23163,0.004517,-0.053711,1.027832,-1.281738,-0.915527,-1.708984
23173,0.007324,0.020752,1.037598,-1.342773,-0.976562,-2.258301
23183,0.009521,0.020630,0.985352,-1.281738,-0.976562,-2.258301
23192,0.041138,-0.020142,1.008667,-1.464844,-0.671387,-2.441406
23202,0.056396,-0.016479,1.045898,-1.464844,-1.098633,-2.929688
23211,0.068970,-0.056641,1.023071,-1.403809,-1.586914,-3.234863
23221,0.082886,-0.111572,1.029663,-1.708984,-2.197266,-3.784180
23231,0.091064,-0.040771,1.015015,-1.953125,-2.624512,-4.089355
23240,0.067749,-0.004028,1.034912,-1.892090,-2.685547,-3.967285
23251,0.048584,-0.086670,0.965332,-1.525879,-3.234863,-4.455566
23261,0.012939,-0.090698,0.985474,-2.014160,-3.417969,-4.943848
23270,-0.000977,-0.008911,1.026123,-2.014160,-3.601074,-5.126953
23281,-0.083496,-0.026489,0.947754,-1.770020,-3.234863,-5.004883
23290,-0.131470,0.023193,0.984375,-1.831055,-2.929688,-4.516602
23300,-0.147583,0.075073,1.019287,-2.014160,-2.136230,-3.784180
23310,-0.226074,0.036255,1.009644,-2.014160,-1.708984,-3.051758
23321,-0.194580,0.003784,1.016235,-1.770020,-0.488281,-2.258301
23330,-0.136475,-0.021240,1.055542,-1.708984,0.793457,-0.366211
23340,-0.194580,0.061157,0.975342,-1.403809,1.098633,0.732422
23351,-0.075928,-0.039185,1.024902,-0.915527,2.014160,1.770020
23360,-0.008667,-0.109741,1.043579,-1.586914,2.746582,2.685547
23370,-0.081543,-0.028320,0.957153,-2.075195,2.258301,3.784180
23381,-0.039429,-0.007568,0.925293,-1.831055,3.112793,5.310059
23390,-0.035034,-0.063232,0.944092,-1.098633,2.868652,6.591797
23403,0.049805,-0.141724,1.007568,-0.366211,3.234863,9.216309
23412,0.034790,-0.092163,1.052002,-0.976562,3.540039,10.803223
23422,-0.003174,-0.159058,1.026978,-1.098633,4.394531,11.657715
23431,-0.046875,-0.111206,1.009277,-1.770020,3.601074,11.657715
23441,-0.033569,-0.050049,0.987061,-1.953125,3.662109,11.718750
23450,-0.036011,-0.032715,0.990356,-1.708984,3.845215,11.718750
23460,-0.011963,-0.154175,0.970459,-1.159668,3.356934,11.474609
23472,-0.053467,-0.091431,1.019531,-1.708984,2.990723,10.864258
23482,-0.041504,-0.011230,0.973389,-2.136230,4.394531,11.474609
23491,-0.010864,0.034058,0.934692,-2.136230,4.272461,11.718750
23501,-0.017944,-0.054321,0.924805,-1.464844,4.333496,12.145996
23511,0.012085,-0.070190,1.028809,-1.342773,4.394531,12.390137
23520,0.161987,-0.031738,0.949341,-1.708984,3.906250,12.451172
23531,-0.003418,-0.029419,1.051636,-2.319336,3.051758,12.268066
23540,0.043579,-0.074707,0.987793,-2.441406,2.868652,11.413574
23550,0.195312,0.002319,0.854248,-2.075195,1.892090,11.047363
23560,0.052002,-0.137207,1.027222,-1.525879,1.647949,10.620117
23570,0.020996,-0.081787,1.008057,-1.464844,0.122070,9.399414
23581,0.063354,-0.058716,0.969971,-1.342773,0.305176,7.934570
23591,0.077148,-0.072632,0.983398,-1.708984,0.183105,7.263184
23600,0.089355,-0.069702,0.999390,-1.892090,0.488281,6.835937
23612,-0.043945,-0.096069,0.996582,-1.831055,-1.098633,4.089355
23622,-0.040649,-0.062988,1.025024,-2.075195,-1.586914,2.868652
23632,-0.070557,-0.045532,0.989014,-2.075195,-1.892090,2.380371
23641,-0.016357,-0.021362,0.977051,-1.403809,-0.976562,1.647949
23651,0.006714,-0.023193,1.018555,-1.220703,-0.427246,1.281738
23661,-0.049438,-0.104980,0.980469,-1.037598,-0.366211,1.281738
23670,-0.038940,-0.068970,1.056274,-1.403809,0.061035,0.915527
23683,-0.102905,-0.083496,1.027222,-1.770020,-1.037598,-0.061035
23693,-0.090210,-0.081299,1.023682,-1.892090,-0.915527,-0.183105
23703,-0.151367,-0.000977,1.090698,-2.258301,-0.122070,0.732422
23712,-0.063232,-0.044922,0.979614,-2.197266,-0.488281,2.441406
23722,-0.030884,-0.054932,0.901611,-1.403809,1.525879,4.577637
23731,0.026245,0.021118,1.018433,-0.976562,2.441406,6.347656
23740,0.050781,-0.125366,0.982300,-0.915527,1.831055,7.446289
23753,0.070801,-0.090454,1.010986,-1.464844,1.953125,8.728027
23762,0.072144,-0.039917,0.978271,-1.953125,1.525879,9.094238
23772,0.053467,0.001831,1.022705,-2.014160,0.976562,9.094238
23781,0.029053,-0.099365,0.984131,-1.464844,0.427246,8.850098
23791,0.037354,-0.089722,1.057495,-1.586914,0.671387,8.605957
23801,-0.018677,-0.082886,1.025146,-1.647949,-0.610352,8.117676
23811,-0.032227,-0.019531,0.991089,-1.953125,-0.122070,7.507324
23820,-0.034546,0.013672,1.040894,-1.037598,0.000000,6.713867
23832,-0.009399,-0.133179,0.997803,-0.732422,0.610352,6.164551
23842,0.019531,-0.090576,1.022949,-1.037598,0.183105,5.432129
23851,0.021240,-0.062744,0.978027,-1.159668,-0.061035,4.577637
23860,0.004639,-0.057007,0.972412,-1.525879,-0.671387,3.967285
23871,0.047607,-0.067139,0.976807,-1.220703,-0.122070,3.479004
23881,0.081299,-0.096436,1.017334,-1.220703,-0.305176,3.479004
23890,0.057373,-0.112183,1.029785,-1.281738,-0.854492,2.746582
23902,0.047363,-0.046021,1.022705,-1.403809,-0.854492,2.563477
23911,0.024292,-0.057495,0.998657,-1.159668,-1.586914,2.075195
23921,0.022705,-0.054565,0.987305,-1.037598,-1.464844,1.586914
23931,-0.017090,-0.034790,0.971436,-0.915527,-1.708984,1.708984
23941,-0.027100,-0.012329,0.960693,-0.976562,-1.525879,1.403809
23950,-0.020142,-0.011353,0.978271,-0.671387,-1.770020,1.342773
23962,-0.037354,-0.019165,1.001343,-0.732422,-1.037598,1.220703
23972,-0.032471,-0.034912,1.007813,-1.403809,-1.403809,1.281738
23981,-0.038696,-0.003662,0.999878,-1.342773,-0.549316,1.464844
23991,-0.024292,0.013428,1.020874,-1.586914,-1.220703,1.708984
24000,-0.021851,-0.062256,1.028076,-1.464844,-0.610352,2.075195
24011,-0.031128,-0.053101,1.014893,-1.403809,-0.549316,2.380371
24021,-0.024048,-0.038940,1.029175,-1.464844,-1.281738,2.380371
24032,-0.008423,-0.029541,0.955200,-1.159668,0.366211,2.685547
24042,-0.004517,-0.039795,1.018799,-0.854492,-0.244141,3.112793
24052,-0.003540,-0.077148,1.001831,-0.671387,0.305176,3.112793
24062,-0.002441,-0.072998,0.999512,-1.098633,-0.427246,3.051758
24071,0.002197,-0.066650,1.020142,-0.976562,0.427246,3.173828
24081,0.009399,-0.039917,1.016846,-1.403809,0.183105,3.234863
24091,0.016479,-0.006226,1.010620,-1.525879,0.122070,3.234863
24101,0.005859,-0.064575,1.031250,-1.037598,0.671387,2.746582
24112,0.035034,-0.065552,1.008667,-0.976562,0.061035,2.380371
24122,0.022583,-0.053345,0.988403,-1.220703,-1.708984,1.831055
24131,0.032837,-0.032104,0.980713,-1.098633,-1.342773,1.647949
24140,0.035034,-0.016846,0.963501,-0.732422,-0.610352,1.403809
24151,0.010742,-0.067749,0.997314,-0.671387,-0.671387,1.342773
24161,0.021118,-0.049316,1.017944,-0.854492,-1.037598,0.854492
24172,0.002319,-0.023315,0.990967,-1.403809,-1.098633,0.549316
24182,-0.002075,-0.010376,0.990601,-1.281738,-0.915527,0.061035
24191,0.000122,-0.021484,0.979492,-0.854492,-2.197266,-0.122070
24201,-0.010986,-0.089966,1.000244,-0.732422,-2.258301,0.122070
24211,0.001831,-0.073730,1.027954,-0.854492,-2.014160,-0.244141
24221,-0.005493,-0.073242,1.002808,-0.976562,-1.281738,-0.122070
24231,-0.013306,-0.056519,1.000244,-0.915527,-0.793457,0.122070
24241,-0.007935,-0.042480,1.000732,-0.793457,-1.831055,0.915527
24251,-0.008301,-0.088989,1.001709,-0.366211,-0.915527,1.464844
24261,-0.000610,-0.059204,1.008545,-0.610352,-0.976562,2.258301
24271,-0.002930,-0.041260,0.985229,-0.915527,-0.549316,2.624512
24281,-0.013794,-0.093018,0.981201,-0.793457,-1.770020,2.746582
24291,-0.002319,-0.058472,1.017090,-0.671387,-0.732422,2.868652
24301,-0.014893,-0.056763,1.025635,-0.610352,-1.159668,2.868652
24313,-0.034058,-0.058105,1.002808,-0.793457,-0.854492,3.295898
24322,-0.013550,-0.018921,1.018799,-0.793457,-0.610352,3.723145
24332,-0.035767,-0.084351,0.976807,-0.244141,-0.549316,4.211426
24341,-0.017456,-0.093140,1.005493,-0.244141,-0.122070,4.821777
24351,-0.016113,-0.023071,1.045776,-0.915527,0.244141,5.615234
24361,-0.011475,-0.013184,0.992920,-1.098633,0.061035,6.164551
24372,-0.051758,-0.057007,0.940674,-0.854492,0.610352,6.835937
24382,-0.002319,-0.020264,1.034546,-0.854492,0.061035,6.958008
24392,-0.044312,-0.143921,0.985718,-0.915527,-0.183105,6.958008
24402,-0.056030,-0.094116,1.025635,-1.342773,0.061035,6.958008
24411,-0.015259,0.000122,1.059692,-1.770020,0.488281,6.896973
24422,-0.015015,-0.003296,0.989868,-1.892090,0.549316,7.324219
24432,-0.058350,-0.089233,0.917236,-1.098633,0.671387,7.446289
24441,-0.001831,-0.061523,1.007935,-0.793457,0.793457,7.385254
24453,-0.048950,-0.095459,0.989746,-1.586914,0.671387,7.080078
24462,-0.074219,-0.069458,0.942749,-1.892090,0.793457,6.774902
24472,-0.018066,0.040894,1.005493,-2.136230,1.159668,6.347656
24482,-0.016724,0.009033,1.004517,-1.770020,0.976562,6.469727
24491,-0.061157,-0.089233,0.950317,-0.915527,1.342773,6.347656
24502,-0.017212,-0.111328,0.958496,-0.732422,1.098633,5.798340
24511,0.020508,-0.028564,1.060425,-1.525879,1.464844,6.408691
24521,-0.002930,-0.020386,1.010498,-1.892090,1.647949,6.286621
24532,0.013428,-0.038574,0.922852,-1.342773,1.037598,5.676270
24541,0.031128,-0.022461,1.037354,-1.159668,1.647949,5.249023
24552,0.003052,-0.086060,1.063721,-0.976562,1.708984,4.577637
24561,-0.012085,-0.130981,0.995117,-1.281738,1.037598,4.028320
24571,0.021851,-0.053223,0.972046,-1.403809,1.220703,2.746582
24582,0.056152,-0.006714,1.003784,-1.281738,0.183105,0.976562
24592,0.007813,-0.063843,0.957520,-1.159668,-0.427246,0.305176
24602,0.005005,-0.093018,0.972656,-0.854492,0.549316,-0.610352
24611,0.016357,-0.062012,1.034302,-1.098633,0.610352,-1.464844
24622,-0.001831,0.003418,1.055908,-1.525879,0.244141,-2.502441
24631,-0.017334,-0.027344,0.984375,-1.525879,-0.244141,-3.356934
24641,-0.002319,-0.022461,0.942627,-1.342773,-0.915527,-3.784180
24651,0.036011,-0.009399,0.988525,-0.915527,-0.671387,-4.028320
24663,-0.001343,-0.019531,1.042480,-1.037598,-0.793457,-3.784180
24673,-0.015259,0.001099,0.996460,-1.220703,-0.183105,-3.540039
24682,-0.004883,-0.015869,0.960571,-0.915527,-0.183105,-3.234863
24692,0.010010,-0.010864,1.005615,-0.610352,-0.549316,-3.051758
24702,0.004761,-0.041016,1.004272,-0.549316,-0.793457,-3.234863
24711,-0.015503,-0.020142,0.997681,-1.098633,-1.403809,-3.051758
24724,-0.004272,0.004150,0.980347,-1.281738,-0.549316,-3.356934
24734,-0.016113,0.006836,1.024536,-1.098633,-0.122070,-2.868652
24743,-0.015625,-0.023071,1.022583,-0.915527,0.122070,-2.075195
24753,-0.023193,-0.045166,1.026123,-1.037598,0.793457,-1.403809
24763,-0.031494,-0.007080,1.042725,-1.220703,0.244141,-1.098633
24773,-0.015625,0.007324,0.995972,-1.403809,-0.366211,-1.342773
24782,-0.001343,0.022339,0.994263,-1.220703,-0.183105,-1.037598
24792,0.006714,0.008423,1.001465,-1.037598,0.061035,-0.549316
24801,0.029541,-0.010254,1.003418,-1.281738,0.122070,-0.366211
24812,0.016235,0.038818,1.014404,-1.586914,-0.244141,-0.366211
24821,0.016846,0.054443,0.990234,-1.770020,-0.061035,-0.549316
24832,0.011475,0.036621,0.981323,-1.281738,-0.366211,-0.305176
24841,0.000977,0.009399,1.012817,-1.037598,-0.549316,-0.122070
24851,-0.000366,-0.014160,1.021240,-0.976562,-0.061035,-0.183105
24864,0.003052,0.002319,0.993408,-1.647949,-0.183105,-0.061035
24873,0.006592,0.018066,0.976074,-1.708984,-0.244141,-0.366211
24883,0.000854,0.016479,0.982300,-1.403809,-0.854492,-0.793457
24892,-0.000122,-0.007813,0.996704,-1.159668,-0.549316,-1.281738
24902,-0.001831,-0.025757,1.015869,-1.159668,-0.305176,-1.342773
24911,-0.006836,0.000732,1.045776,-1.342773,-0.122070,-1.220703
24921,-0.012573,0.000122,1.020264,-1.586914,0.122070,-1.037598
24934,-0.000244,-0.004395,1.001587,-1.464844,-0.122070,-0.793457
24943,-0.005615,-0.018433,0.998291,-1.098633,0.000000,-1.098633
24953,-0.015747,-0.022705,0.988037,-1.037598,-0.122070,-1.220703
24963,-0.018677,-0.004761,0.989380,-1.220703,0.732422,-1.403809
24972,-0.025146,0.010132,0.993896,-1.525879,-0.549316,-1.464844
24982,-0.027954,0.018555,0.999634,-1.647949,0.122070,-0.976562
24991,-0.024902,0.025635,1.000732,-1.586914,0.671387,-0.610352
25004,-0.013794,0.004761,1.015625,-0.915527,1.281738,0.976562
25013,0.002686,0.006104,1.017456,-0.915527,1.098633,1.464844
25023,0.016479,0.014282,1.002930,-1.159668,0.671387,1.892090
25032,0.018311,0.011230,0.990112,-1.098633,0.915527,2.258301
25041,0.031616,0.010132,0.989746,-0.854492,1.159668,2.319336
25052,0.036133,0.001465,0.991089,-1.281738,0.244141,2.624512
25061,0.024658,-0.000854,1.000488,-1.464844,0.732422,2.685547
25074,0.005737,0.007690,1.011719,-1.647949,-0.183105,2.624512
25083,-0.000977,0.011230,1.013428,-1.098633,1.586914,2.624512
25093,-0.013794,0.009888,1.013916,-1.892090,-0.793457,2.868652
25102,-0.013306,-0.000244,1.008423,-1.525879,1.037598,2.868652
25112,0.000488,-0.001221,0.999878,-1.037598,1.770020,2.868652
25121,0.011108,-0.000122,0.995117,-1.159668,0.915527,2.929688
25132,0.004150,0.000122,1.008301,-1.220703,0.244141,2.319336
25141,0.000977,-0.032715,1.029297,-1.220703,1.037598,1.342773
25153,0.009888,-0.129150,1.035889,-0.793457,0.427246,0.671387
25162,0.013428,-0.134399,1.016724,-0.732422,0.488281,0.244141
25171,0.009766,-0.138428,0.991943,-0.610352,0.183105,-0.122070
25182,0.016602,-0.110840,0.972900,-0.671387,-0.122070,-0.122070
25191,0.022583,-0.084351,0.966553,-0.793457,0.061035,-0.122070
25202,0.024414,-0.079590,0.975342,-0.793457,0.183105,-0.183105
25211,0.023926,-0.075073,0.986084,-0.915527,-0.366211,0.610352
25223,0.019775,-0.098999,0.999756,-0.671387,0.122070,0.976562
25232,0.017578,-0.089233,0.986938,-0.610352,0.000000,1.098633
25242,0.016968,-0.104492,0.979858,-0.793457,0.305176,1.220703
25251,0.018677,-0.087891,0.991699,-1.037598,0.061035,1.342773
25262,0.013672,-0.116089,0.983276,-1.037598,-0.427246,1.037598
25273,0.004761,-0.125854,0.988770,-1.159668,-0.244141,0.305176
25283,-0.009277,-0.095459,1.047119,-1.037598,-0.122070,0.122070
25291,-0.009277,-0.095459,1.047119,-0.610352,-0.549316,-0.122070
25302,-0.016968,-0.180054,1.006836,-0.671387,-0.122070,-0.549316
25311,-0.016235,-0.151245,0.997925,-0.366211,0.671387,-0.549316
25322,-0.023315,-0.121948,0.967041,-0.732422,0.122070,-0.732422
25332,-0.025024,-0.123657,0.954346,-1.037598,-0.122070,-0.549316
25341,-0.031982,-0.118408,0.971802,-1.159668,-0.488281,-0.366211
25353,-0.044922,-0.088257,1.000732,-1.525879,15.441895,0.610352
25363,-0.052368,-0.109497,1.000977,-1.464844,1.342773,1.342773
25373,-0.052490,-0.116455,1.007935,-1.342773,1.953125,2.075195
25382,-0.037720,-0.119629,1.008179,-1.342773,2.075195,2.929688
25392,-0.041260,-0.191772,1.048340,-1.342773,1.892090,3.356934
25402,-0.041992,-0.236694,1.020874,-1.831055,-0.610352,3.845215
25411,0.056885,-0.150146,0.907227,-1.281738,2.136230,4.211426
25424,-0.056030,0.006592,0.941650,-1.708984,2.136230,5.187988
25434,0.027222,0.031738,0.973267,-2.807617,0.488281,5.981445
25443,0.087158,-0.040527,1.015869,-2.441406,2.136230,6.896973
25452,0.098755,-0.132812,1.071655,-1.892090,3.662109,7.446289
25462,0.026245,-0.174805,1.075562,-1.586914,4.028320,7.507324
25472,-0.030518,-0.182129,1.026611,-1.220703,2.014160,6.286621
25482,0.004517,-0.135498,0.970459,-1.220703,0.793457,5.187988
25493,0.063721,-0.099976,0.943115,-1.464844,0.793457,4.882812
25503,0.027222,-0.119629,0.988892,-1.953125,1.098633,4.455566
25512,0.002686,-0.125000,1.023071,-2.258301,0.793457,3.723145
25522,0.026123,-0.158447,1.050903,-2.075195,1.037598,2.990723
25532,0.037476,-0.162598,1.031372,-1.831055,0.976562,2.075195
25542,0.010498,-0.151611,1.000854,-1.770020,0.854492,0.915527
25552,0.005859,-0.118652,0.958252,-1.831055,-0.427246,-0.366211
25563,0.065796,-0.054810,0.972412,-1.831055,0.122070,-1.586914
25573,0.067505,-0.059692,1.002319,-2.197266,-0.427246,-1.342773
25583,0.018433,-0.112915,1.015259,-2.197266,-0.183105,-1.892090
25592,-0.026367,-0.127441,1.011597,-1.892090,0.305176,-2.624512
25602,-0.008667,-0.097656,1.002319,-1.586914,0.244141,-2.807617
25612,0.002075,-0.090576,1.000977,-1.342773,0.305176,-2.868652
25622,0.024780,-0.076782,0.987915,-1.647949,-0.122070,-2.624512
25634,0.005249,-0.100586,0.993652,-1.464844,-0.183105,-2.502441
25644,0.021484,-0.110229,0.998047,-1.708984,-0.183105,-2.075195
25653,0.019653,-0.097778,1.013184,-1.770020,0.122070,-1.342773
25663,0.015625,-0.120728,1.008789,-1.586914,-0.244141,-0.854492
25673,0.000732,-0.107300,1.009399,-1.586914,-0.366211,-0.488281
25682,-0.006714,-0.096802,1.005737,-1.586914,-0.244141,0.244141
25692,-0.008301,-0.082520,1.010132,-1.586914,-0.305176,0.793457
25702,-0.018066,-0.124146,0.994263,-1.525879,0.427246,1.403809
25712,-0.027710,-0.108765,0.986328,-1.281738,-0.183105,1.464844
25722,-0.009399,-0.077393,0.991577,-1.586914,-0.305176,1.647949
25732,0.007813,-0.075684,0.991211,-1.770020,0.366211,2.014160
25742,0.000488,-0.082153,1.013550,-1.708984,0.183105,2.014160
25752,-0.003662,-0.083984,0.990234,-1.525879,0.610352,2.258301
25762,0.000366,-0.073242,0.996094,-1.586914,0.671387,2.441406
25774,0.000000,-0.089233,0.985840,-1.342773,1.525879,2.929688
25783,0.001465,-0.093384,0.995972,-1.464844,0.915527,2.807617
25793,0.001831,-0.105713,1.001099,-1.403809,1.220703,2.868652
25802,0.001221,-0.123291,1.001221,-1.464844,1.464844,2.563477
25813,-0.001343,-0.113647,0.998779,-1.403809,0.854492,2.319336
25822,-0.008301,-0.106201,0.994141,-1.342773,0.732422,2.136230
25832,-0.002563,-0.107910,0.998291,-0.976562,1.098633,1.953125
25843,-0.008545,-0.110107,0.977783,-1.037598,1.098633,2.441406
25853,-0.001709,-0.102539,0.989624,-1.403809,1.892090,3.051758
25862,0.000244,-0.096313,0.992920,-1.525879,2.258301,3.601074
25872,0.010620,-0.103027,0.995361,-1.586914,1.953125,3.906250
25882,0.014038,-0.102173,0.996094,-1.403809,2.319336,4.211426
25893,0.003296,-0.091309,0.992432,-1.464844,2.441406,4.577637
25902,0.005493,-0.096069,0.997314,-1.525879,1.953125,4.577637
25914,0.006348,-0.105469,0.996948,-1.525879,1.647949,4.577637
25923,0.027344,-0.114502,0.998047,-1.525879,1.770020,4.394531
25933,0.037720,-0.111938,1.002563,-1.342773,1.647949,4.211426
25942,0.049316,-0.108521,1.007080,-1.464844,1.831055,4.577637
25953,0.050049,-0.106079,1.003906,-1.403809,2.197266,4.516602
25962,0.034180,-0.096313,1.002075,-1.403809,2.258301,4.638672
25975,0.009521,-0.095703,1.001099,-1.525879,1.892090,4.577637
25984,0.002319,-0.094116,0.995972,-1.464844,1.953125,4.211426
25994,0.010254,-0.087891,0.991211,-1.525879,1.892090,3.784180
26004,0.019165,-0.083496,0.998047,-1.464844,1.281738,3.051758
26013,0.025024,-0.084717,1.004272,-1.342773,0.915527,2.380371
26022,0.029419,-0.085693,1.002441,-1.342773,1.037598,1.647949
26032,0.020386,-0.084229,0.992065,-1.403809,1.037598,1.159668
26044,0.014771,-0.090576,0.983643,-1.220703,1.525879,0.671387
26053,0.008545,-0.109619,0.981323,-1.342773,1.586914,0.793457
26063,0.002930,-0.112305,0.984863,-1.708984,0.793457,0.671387
26072,-0.006958,-0.114502,0.997070,-1.281738,1.403809,0.671387
26082,-0.003662,-0.123779,1.003296,-1.403809,1.342773,0.488281
26093,-0.001831,-0.123291,1.002808,-1.281738,1.647949,0.244141
26102,-0.000122,-0.123779,0.996460,-1.220703,1.892090,0.061035
26115,0.000366,-0.118286,0.979736,-1.220703,1.281738,0.122070
26124,0.002197,-0.107910,0.981812,-1.098633,1.953125,0.122070
26134,0.006104,-0.098389,0.985718,-1.220703,2.197266,0.061035
26143,0.011719,-0.097290,0.998047,-1.342773,2.075195,0.000000
26153,0.015259,-0.099609,1.003052,-1.464844,1.464844,0.305176
26162,0.033325,-0.099243,1.006836,-1.647949,1.892090,0.488281
26173,0.028687,-0.103394,1.002441,-1.708984,2.258301,0.793457
26182,0.046265,-0.109741,1.000977,-1.403809,2.014160,1.464844
26194,0.026245,-0.118042,1.008179,-1.464844,1.892090,2.014160
26203,0.008545,-0.123901,0.993896,-1.403809,1.953125,2.319336
26213,-0.014526,-0.129028,0.977295,-1.525879,1.831055,2.441406
26223,-0.034302,-0.126099,0.968384,-1.464844,2.624512,2.624512
26232,-0.034302,-0.119995,0.983765,-1.586914,2.563477,2.807617
26243,-0.038086,-0.123779,0.992554,-1.586914,2.929688,3.051758
26253,-0.026855,-0.120972,0.989868,-1.586914,3.662109,4.211426
26262,-0.008667,-0.116821,0.990479,-1.831055,3.906250,4.699707
26273,0.036743,-0.133667,0.989868,-1.525879,4.516602,5.004883
26282,0.058105,-0.126587,0.985596,-1.586914,3.967285,5.493164
26292,0.064941,-0.125488,0.993774,-1.525879,3.845215,5.859375
26303,0.071289,-0.147705,1.001343,-1.464844,3.662109,6.103516
26312,0.065674,-0.163696,1.001709,-1.281738,3.906250,6.530762
26324,0.071045,-0.155884,0.994629,-1.281738,3.601074,7.019043
26333,0.185791,-0.148560,0.961060,-1.037598,3.356934,7.263184
26342,0.016602,-0.103516,1.198608,-1.098633,3.112793,7.690430
26353,0.070190,-0.164795,1.037476,-1.647949,2.990723,7.812500
26362,0.090210,-0.113037,0.961548,-1.892090,2.746582,7.446289
26373,-0.000488,-0.145020,0.975586,-1.464844,2.197266,6.652832
26382,0.038452,-0.160889,0.978882,-1.342773,1.831055,6.958008
26395,-0.051636,-0.163330,0.926636,-1.403809,2.685547,8.850098
26404,0.014771,-0.089478,1.035156,-1.342773,1.281738,8.361816
26414,0.100464,-0.257202,1.008423,-1.159668,1.892090,8.728027
26423,0.107422,-0.242065,0.934448,-1.770020,2.807617,9.094238
26433,0.057739,-0.134033,1.024658,-2.136230,3.417969,9.399414
26443,-0.007446,-0.095703,0.943115,-2.075195,2.380371,8.789063
26453,-0.134888,-0.176880,0.993774,-1.525879,1.159668,7.019043
26465,0.368530,-0.256592,1.114990,-0.976562,3.479004,6.530762
26475,-0.110596,-0.200195,0.960327,-0.732422,2.746582,6.347656
26484,0.185425,-0.280151,0.824219,-0.671387,0.854492,4.699707
26494,-0.117432,-0.453857,1.015991,0.671387,0.854492,5.676270
26503,0.087036,-0.224365,1.027222,-0.183105,-0.122070,5.493164
26512,0.106934,-0.117920,1.126465,-1.159668,2.441406,8.178711
26523,0.176270,-0.038086,1.093384,-1.586914,3.540039,10.253906
26533,0.139282,0.063477,0.975098,-1.647949,3.967285,11.474609
26544,0.036987,-0.077759,0.922119,-1.831055,3.417969,11.535645
26553,-0.034912,-0.176147,1.026001,-1.708984,3.234863,11.230469
26563,-0.024048,-0.253418,1.064941,-1.647949,2.014160,9.704590
26573,-0.041382,-0.265015,1.056030,-1.342773,1.098633,8.117676
26583,0.019653,-0.263550,0.984131,-1.098633,1.220703,7.751465
26593,0.079102,-0.280396,0.983887,-0.854492,2.319336,8.361816
26604,0.171753,-0.316650,0.937988,-0.732422,2.990723,9.887695
26614,0.173340,-0.330322,0.936157,-0.671387,3.417969,13.854980
26623,0.198364,-0.301636,0.906860,-1.037598,3.662109,15.563965
26633,0.153198,-0.304443,0.970337,-1.098633,3.356934,17.028809
26644,0.101074,-0.312378,0.979858,-0.854492,1.953125,17.150879
26653,0.039795,-0.268311,1.000366,-0.427246,1.892090,15.441895
26663,0.066895,-0.280884,0.991821,0.183105,1.159668,13.244629
26675,0.082275,-0.346802,0.922974,0.122070,-0.244141,8.483887
26684,0.071045,-0.257446,0.972900,-0.366211,0.000000,7.019043
26693,0.014404,-0.201416,1.016968,-0.610352,-0.488281,6.835937
26703,-0.037231,-0.146118,1.028564,-0.244141,-0.610352,7.324219
26713,-0.032349,-0.161865,1.030884,0.427246,-0.061035,9.094238
26723,0.032104,-0.312256,0.999512,0.671387,1.159668,11.291504
26733,-0.072021,-0.200073,0.994751,0.000000,1.220703,10.620117
26745,-0.052979,-0.090820,0.942017,-0.061035,2.258301,12.634277
26755,0.017090,-0.175537,0.924805,0.915527,3.112793,12.756348
26764,-0.026611,-0.222656,0.935547,0.732422,3.356934,14.282227
26774,-0.047729,-0.189331,1.005371,0.061035,3.479004,16.174316
26783,-0.017944,-0.164307,1.032593,-0.427246,3.723145,17.395020
26793,0.014282,-0.209717,1.021484,-0.183105,5.004883,18.127441
26803,0.025391,-0.228149,0.995239,0.244141,5.676270,18.310547
26815,0.028442,-0.250000,0.974243,0.183105,4.943848,18.676758
26824,0.048828,-0.296631,0.908691,0.122070,5.981445,19.531250
26833,0.067749,-0.286499,0.927490,-0.061035,6.652832,20.751953
26843,0.059692,-0.290649,0.966553,-0.183105,6.530762,21.545410
26854,0.044312,-0.352295,0.973389,0.244141,6.103516,21.423340
26863,0.040649,-0.398193,0.967529,0.549316,6.042480,21.118164
26875,0.062378,-0.373047,1.015015,0.427246,5.798340,20.080566
26884,0.118408,-0.347168,0.923218,0.305176,5.493164,19.287109
26894,0.107056,-0.329346,0.948853,0.366211,6.225586,19.409180
26904,0.096436,-0.361816,0.961670,0.549316,5.615234,19.226074
26913,0.052979,-0.380005,0.947388,0.488281,5.371094,18.432617
26923,0.024902,-0.387817,1.031616,0.305176,4.760742,17.211914
26934,-0.000244,-0.393555,1.003418,0.000000,4.089355,15.747070
26943,0.000366,-0.339111,0.976807,-0.244141,4.089355,13.793945
26954,0.056396,-0.310669,0.928955,-0.122070,3.906250,10.742188
26964,0.085937,-0.307861,0.983032,0.061035,3.723145,9.399414
26973,0.090454,-0.333130,0.984985,0.061035,2.929688,8.728027
26983,0.094727,-0.254639,0.992187,-0.305176,2.441406,8.239746
26993,0.129150,-0.187744,0.990845,-0.610352,2.319336,7.751465
27003,0.143677,-0.224976,0.955566,-0.549316,1.770020,7.812500
27015,0.164429,-0.197144,0.972046,-0.305176,1.464844,9.643555
27024,0.128418,-0.142090,1.015869,-0.732422,1.831055,11.596680
27034,0.113770,-0.160278,0.940552,-0.854492,2.380371,13.671875
27043,0.085327,-0.160522,0.973633,-0.854492,2.685547,15.686035
27054,0.082397,-0.239746,0.975464,-0.915527,3.112793,17.272949
27063,0.070679,-0.194092,1.038452,-1.098633,3.906250,18.066406
27074,0.058838,-0.226440,0.997925,-1.281738,3.051758,18.310547
27086,0.077759,-0.289429,0.989746,-1.159668,3.356934,17.150879
27095,0.100464,-0.250854,1.010742,-1.342773,2.746582,16.235352
27105,0.135986,-0.244873,0.982666,-1.342773,2.014160,14.831543
27114,0.135986,-0.276001,0.970215,-1.281738,1.647949,13.488770
27124,0.150757,-0.288818,0.966309,-1.281738,1.220703,12.268066
27133,0.143555,-0.254761,1.005615,-1.220703,0.793457,11.596680
27144,0.145264,-0.264160,1.004639,-1.342773,1.098633,11.047363
27153,0.127319,-0.284668,0.985718,-1.220703,0.244141,10.375977
27165,0.146240,-0.285034,0.965698,-1.159668,-0.061035,8.789063
27174,0.165894,-0.306274,0.989502,-1.220703,-0.549316,7.812500
27184,0.168335,-0.344238,0.963379,-1.281738,-0.732422,6.286621
27193,0.150269,-0.302979,0.984375,-1.586914,-2.136230,4.516602
27203,0.157593,-0.336670,0.961548,-1.647949,-2.563477,2.807617
27214,0.156250,-0.336304,0.989746,-1.464844,-2.868652,0.915527
27223,0.167725,-0.302124,0.968506,-1.647949,-3.784180,-0.610352
27235,0.142700,-0.297363,0.981934,-1.159668,-4.333496,-1.831055
27244,0.125000,-0.224243,0.983032,-1.586914,-4.455566,-1.647949
27254,0.107544,-0.227051,0.981934,-1.342773,-3.845215,-0.671387
27263,0.099487,-0.244629,0.940674,-1.525879,-4.089355,0.915527
27274,0.068237,-0.215820,0.971924,-1.647949,-3.051758,2.563477
27284,0.056885,-0.300903,0.918945,-2.136230,-3.234863,3.784180
27293,0.027344,-0.237305,0.963989,-2.075195,-2.624512,4.821777
27305,0.075439,-0.297607,0.969360,-2.380371,-3.051758,5.371094
27314,0.112305,-0.237793,0.984497,-2.380371,-2.868652,5.493164
27324,0.092407,-0.212280,0.960449,-2.380371,-2.624512,5.126953
27333,0.038574,-0.259766,0.970703,-2.258301,-2.136230,4.272461
27344,0.042114,-0.200562,0.993408,-2.319336,-2.136230,3.417969
27353,0.030273,-0.205688,0.974854,-2.624512,-2.807617,2.319336
27365,0.017090,-0.228760,1.006348,-2.868652,-2.807617,0.610352
27374,0.038208,-0.188232,0.955811,-3.173828,-2.441406,0.488281
27384,0.048340,-0.184326,1.002441,-3.112793,-2.624512,0.244141
27394,0.111816,-0.153320,0.991455,-3.051758,-2.136230,0.122070
27403,0.143677,-0.165405,0.954590,-3.295898,-2.075195,0.244141
27414,0.169312,-0.160400,1.021606,-3.112793,-2.563477,0.244141
27423,0.213745,-0.129395,1.033325,-2.502441,-2.685547,0.427246
27435,0.219727,-0.155640,0.984131,-2.197266,-3.234863,1.464844
27444,0.216064,-0.101563,0.994263,-2.258301,-4.028320,2.441406
27453,0.218994,-0.083008,0.921997,-2.380371,-3.967285,3.173828
27464,0.186890,-0.075317,0.947998,-2.136230,-4.516602,4.028320
27473,0.282593,-0.247681,1.076416,-1.464844,-4.455566,4.943848
27484,0.106323,-0.190186,0.932373,-1.159668,-4.821777,5.676270
27494,0.214478,-0.085449,1.034302,-1.281738,-5.126953,6.286621
27503,0.109009,-0.034058,1.113525,-1.159668,-5.310059,6.225586
27515,-0.026855,0.057373,1.005005,-0.915527,-6.286621,4.211426
27524,-0.090698,0.088623,0.878540,-0.427246,-5.676270,3.967285
27534,0.006836,0.049561,0.999146,0.000000,-4.882812,3.967285
27544,0.002319,0.041138,1.015625,0.000000,-3.906250,4.638672
27553,-0.122314,-0.002808,0.924316,-0.305176,-4.150391,5.493164
27564,-0.062256,-0.041138,1.088135,-0.061035,-3.173828,6.347656
27573,-0.037354,-0.082031,1.098511,0.000000,-2.502441,7.507324
27585,0.023560,-0.034668,1.030518,-0.549316,-2.319336,7.446289
27594,0.036255,-0.105713,1.003174,-0.122070,-2.197266,6.896973
27604,0.052246,-0.108643,0.999023,-0.671387,-2.807617,6.347656
27613,0.078857,-0.070557,1.010620,-1.037598,-2.441406,6.530762
27624,0.049683,-0.062622,0.994751,-1.403809,-1.281738,6.835937
27633,0.000244,-0.088501,0.947510,-1.464844,-1.403809,7.202148
27645,-0.010132,-0.147095,0.986816,-1.220703,-1.586914,8.361816
27655,0.076904,-0.147339,1.009521,-1.525879,-0.915527,9.399414
27664,0.078979,-0.149048,1.012207,-1.342773,-0.915527,10.559082
27673,0.115234,-0.142334,0.998413,-1.098633,-1.281738,11.596680
27684,0.135620,-0.146240,1.000854,-1.220703,-1.525879,12.817383
27694,0.177734,-0.159058,0.986084,-1.098633,-1.464844,14.099121
27704,0.174072,-0.154663,0.924683,-1.342773,-1.464844,15.075684
27716,0.144531,-0.122314,1.005371,-1.525879,-1.281738,16.845703
27726,0.105713,-0.089355,0.984741,-1.525879,-1.647949,16.906738
27735,0.078369,-0.182983,0.906982,-1.953125,-2.380371,16.662598
27745,-0.003418,0.080078,1.129028,-2.563477,-2.258301,16.357422
27755,0.016968,0.035156,1.047974,-2.624512,-1.464844,15.502930
27765,-0.183838,-0.185425,0.999390,-2.319336,-2.014160,13.610840
27774,-0.099487,-0.108887,1.012573,-1.892090,-2.502441,11.474609
27784,0.042847,-0.036987,0.935791,-1.953125,-1.586914,11.230469
27793,0.021606,-0.011475,0.850830,-0.610352,-1.892090,11.047363
27804,0.054443,-0.327881,1.016724,-0.366211,-2.258301,10.925293
27814,0.082764,-0.339355,1.092041,-0.671387,-2.990723,10.620117
27823,0.102051,-0.283569,1.037598,-0.610352,-1.831055,10.437012
27834,0.082275,-0.284058,0.978149,0.061035,-1.586914,10.437012
27843,0.055664,-0.266602,0.914185,1.037598,-2.014160,9.643555
27856,-0.042969,-0.207642,0.977905,0.366211,-4.577637,7.629395
27866,-0.006592,-0.199219,1.005005,-0.732422,-4.516602,8.117676
27875,0.050415,-0.107910,0.928467,-1.220703,-2.807617,9.887695
27885,0.086914,-0.135010,0.908813,-0.915527,-1.464844,12.145996
27894,0.102051,-0.201660,0.868164,-0.366211,-1.464844,14.404297
27904,0.117554,-0.292236,0.951538,-0.183105,-1.159668,15.930176
27914,0.085815,-0.266357,1.012207,-0.793457,-1.037598,17.089844
27924,0.048584,-0.144287,1.027832,-1.892090,-2.929688,16.357422
27934,0.002197,-0.070557,0.978394,-1.770020,-3.417969,15.075684
27944,-0.018311,-0.057373,0.944214,-1.525879,-3.173828,14.526367
27954,0.023560,-0.090942,1.019165,-1.525879,-2.319336,14.526367
27964,0.030396,-0.074585,1.092529,-1.831055,-1.403809,14.831543
27974,0.073364,-0.006348,1.114258,-1.831055,-1.464844,14.770508
27984,0.097778,-0.021851,1.089722,-1.647949,-2.563477,14.099121
27996,0.205933,-0.154297,1.037598,-0.366211,-3.051758,10.314941
28006,0.216797,-0.143677,1.010010,-0.488281,-4.760742,7.812500
28015,0.207031,-0.099976,0.980835,-0.549316,-6.103516,5.371094
28025,0.210571,-0.132690,0.991333,-0.366211,-7.019043,3.295898
28034,0.194336,-0.156616,1.005127,-0.610352,-8.239746,1.953125
28044,0.167725,-0.177734,0.982178,-0.427246,-8.361816,0.976562
28054,0.158813,-0.239136,0.955078,-0.244141,-8.544922,0.427246
28064,0.142822,-0.208374,1.015015,-0.366211,-9.216309,-0.244141
28074,0.098267,-0.300049,0.946533,0.061035,-9.338379,-0.854492
28085,0.085571,-0.261597,0.969971,0.366211,-9.887695,-1.342773
28094,0.102905,-0.281006,0.998047,0.610352,-9.643555,-1.770020
28109,0.040894,-0.281616,0.940796,0.610352,-10.009766,-2.685547
28117,0.040894,-0.281616,0.940796,0.671387,-9.643555,-2.624512
28127,-0.014282,-0.271851,0.985107,0.610352,-8.850098,-2.319336
28137,-0.005737,-0.273315,0.971313,0.427246,-8.361816,-1.586914
28146,-0.018921,-0.328003,0.928589,0.305176,-7.873535,-0.976562
28156,-0.018188,-0.296265,0.930664,0.244141,-7.446289,-0.488281
28165,0.001099,-0.346680,0.954590,0.183105,-7.202148,0.000000
28175,-0.000244,-0.281006,0.971924,-0.061035,-7.080078,-0.122070
28184,-0.000244,-0.369141,0.911621,-0.488281,-6.835937,-0.305176
28194,-0.000977,-0.361328,0.913330,-0.915527,-6.713867,-0.610352
28206,-0.001831,-0.318359,0.961914,-1.037598,-6.652832,-0.854492
28215,0.013916,-0.237183,0.987183,-1.831055,-6.469727,-1.220703
28225,0.028442,-0.308350,0.968140,-1.831055,-6.347656,-1.586914
28235,0.036255,-0.257080,0.972290,-2.380371,-6.530762,-1.647949
28244,0.057373,-0.236206,0.992432,-2.624512,-6.408691,-1.953125
28255,0.078247,-0.215942,0.964722,-2.746582,-6.530762,-1.953125
28264,0.097412,-0.241699,0.994751,-2.990723,-6.774902,-2.380371
28276,0.098145,-0.249390,1.004883,-2.990723,-7.019043,-3.295898
28285,0.068604,-0.239502,1.007690,-3.295898,-7.080078,-3.967285
28295,0.121338,-0.203857,1.029663,-3.601074,-7.141113,-4.577637
28304,0.106567,-0.233643,0.996826,-3.662109,-7.751465,-5.187988
28314,0.129272,-0.220337,0.985229,-3.845215,-7.934570,-5.615234
28325,0.107666,-0.214966,0.965088,-3.723145,-8.544922,-5.981445
28334,0.080933,-0.193848,0.953003,-3.845215,-8.666992,-6.225586
28346,0.015137,-0.277954,0.954956,-4.089355,-8.911133,-7.080078
28355,-0.011841,-0.272339,0.987183,-4.333496,-8.483887,-7.507324
28365,-0.038452,-0.230225,1.019287,-4.394531,-8.300781,-7.934570
28374,-0.047974,-0.283813,1.011353,-3.784180,-7.446289,-8.422852
28384,-0.060547,-0.288818,0.992554,-3.662109,-7.568359,-9.155273
28395,-0.067139,-0.289063,0.982544,-3.479004,-7.507324,-10.070801
28405,-0.060547,-0.267456,0.976440,-2.990723,-7.019043,-11.291504
28416,-0.033325,-0.228760,0.991577,-2.441406,-6.469727,-11.840820
28426,-0.021973,-0.233521,1.000366,-2.258301,-6.286621,-12.023926
28436,-0.013794,-0.205566,0.997070,-2.014160,-5.615234,-11.718750
28446,-0.035034,-0.211182,0.985229,-2.014160,-5.371094,-11.169434
28455,-0.046753,-0.232300,0.997192,-1.831055,-4.394531,-10.375977
28465,-0.042114,-0.164429,0.997559,-1.831055,-4.089355,-9.399414
28475,-0.044556,-0.166992,1.018677,-1.892090,-3.662109,-7.629395
28484,-0.020386,-0.162231,1.007324,-1.647949,-2.929688,-6.713867
28495,-0.017822,-0.143921,0.969849,-1.220703,-2.624512,-5.371094
28505,-0.035889,-0.160889,0.955322,-0.854492,-2.136230,-4.211426
28514,-0.045532,-0.179199,0.931763,-0.488281,-1.770020,-3.051758
28525,-0.076416,-0.210449,0.950562,-0.488281,-1.159668,-2.014160
28535,-0.104492,-0.225342,0.916138,-0.244141,-0.427246,-1.342773
28545,-0.111938,-0.187134,0.948975,-0.610352,-0.061035,-0.976562
28554,-0.104126,-0.165527,0.944214,-0.915527,1.037598,-1.098633
28565,-0.106323,-0.068970,0.997070,-1.098633,1.953125,-1.037598
28575,-0.061768,-0.103271,1.001831,-1.220703,1.281738,-0.610352
28584,-0.040894,-0.060303,0.999023,-1.342773,2.075195,0.244141
28595,-0.019165,-0.028198,1.024048,-1.220703,2.197266,1.647949
28604,0.002197,-0.083862,0.998779,-1.281738,2.929688,3.295898
28616,0.008545,-0.101074,0.950439,-1.953125,3.479004,6.286621
28625,0.005859,-0.079224,0.968506,-2.380371,3.417969,7.629395
28635,-0.017700,-0.070679,1.004517,-2.502441,3.356934,8.361816
28645,-0.049805,-0.064819,1.007202,-2.624512,2.868652,8.483887
28654,-0.065186,-0.110107,1.035400,-2.746582,3.356934,8.483887
28665,-0.044189,-0.023804,1.080078,-2.868652,3.295898,8.789063
28674,-0.010498,-0.106689,1.048950,-2.685547,3.234863,8.972168
28686,-0.007324,-0.067749,1.029907,-1.770020,3.173828,9.826660
28695,-0.136230,-0.151855,0.971924,-2.197266,3.051758,9.887695
28705,-0.038208,-0.191772,1.017090,-2.136230,3.662109,9.277344
28714,-0.040405,-0.130737,1.009644,-1.953125,3.234863,7.629395
28725,-0.057007,-0.190308,1.018188,-1.098633,2.685547,5.310059
28735,-0.039551,-0.198486,0.989380,-0.610352,1.586914,2.929688
28744,0.024170,-0.205444,0.984985,0.061035,1.831055,1.037598
28756,0.057739,-0.244629,0.988159,-0.244141,1.831055,-2.258301
28765,0.098022,-0.181152,1.011475,-0.061035,1.281738,-3.723145
28775,0.090576,-0.222290,0.949219,0.244141,-0.061035,-5.798340
28784,0.129272,-0.270874,0.933960,0.427246,-1.403809,-7.324219
28795,0.171143,-0.188843,0.957397,0.122070,-1.770020,-8.422852
28804,0.181030,-0.244263,0.994629,0.061035,-2.441406,-9.643555
28815,0.162720,-0.113892,1.017578,-0.061035,-2.380371,-10.803223
28824,0.167114,-0.160522,1.004028,0.061035,-2.624512,-11.779785
28836,0.143555,-0.112183,1.054688,0.244141,-4.028320,-14.221191
28845,0.086914,-0.154175,1.035645,0.305176,-4.394531,-15.625000
28855,0.020996,-0.058838,1.025146,0.061035,-4.150391,-16.418457
28865,0.002563,-0.012451,0.997681,-0.183105,-3.173828,-16.540527
28875,-0.000977,-0.080078,0.935181,-0.427246,-2.441406,-16.235352
28885,-0.000244,-0.117310,0.904175,-0.366211,-2.197266,-15.502930
28894,-0.025024,-0.059082,0.940552,-0.671387,-2.319336,-14.587402
28906,-0.049927,-0.065430,0.967529,-1.831055,-1.342773,-12.573242
28916,-0.015869,-0.077271,0.991943,-2.380371,-0.183105,-11.596680
28926,-0.010742,-0.111816,1.017212,-2.868652,0.000000,-11.230469
28935,-0.045288,-0.058350,1.036621,-2.624512,0.305176,-11.474609
28945,-0.065186,-0.098511,1.067261,-2.380371,0.488281,-11.230469
28955,-0.074097,-0.230591,0.998535,-1.892090,0.854492,-10.864258
28966,-0.044922,-0.197632,0.976562,-2.197266,2.563477,-8.239746
28975,0.016846,-0.172363,0.953979,-2.075195,3.479004,-6.408691
28985,0.000122,-0.187622,0.934448,-2.075195,4.089355,-4.455566
28994,-0.047363,-0.252808,0.934448,-2.014160,4.089355,-2.563477
29005,-0.056030,-0.290039,0.919678,-2.136230,4.333496,-0.793457
29015,-0.059570,-0.244751,0.924194,-2.380371,4.638672,0.366211
29025,-0.021240,-0.268799,0.925293,-2.624512,5.065918,1.403809
29035,-0.014282,-0.264648,0.951782,-2.441406,5.920410,3.601074
29046,-0.067383,-0.240234,0.991699,-2.197266,5.737305,4.028320
29056,-0.057129,-0.280029,0.960571,-2.258301,6.164551,4.516602
29065,-0.032959,-0.290283,0.978516,-2.258301,6.530762,5.432129
29075,0.021729,-0.206421,0.988403,-2.319336,6.347656,6.164551
29084,0.001831,-0.214844,0.948608,-2.380371,6.530762,7.019043
29095,-0.014160,-0.256348,0.988403,-2.014160,6.591797,7.629395
29105,-0.031982,-0.306030,1.011108,-1.892090,6.286621,7.873535
29115,-0.020874,-0.246216,0.936035,-2.319336,5.981445,7.995605
29124,-0.015259,-0.155762,1.000732,-2.685547,5.981445,8.239746
29135,-0.063354,-0.235596,0.966187,-2.502441,6.225586,8.789063
29145,-0.055786,-0.274170,0.984619,-2.441406,6.286621,9.094238
29155,-0.061279,-0.236450,1.016357,-2.624512,6.164551,9.277344
29165,-0.057861,-0.206421,0.950073,-2.624512,7.080078,9.643555
29174,-0.014526,-0.212158,0.949829,-2.624512,7.690430,9.765625
29186,0.032715,-0.202148,0.998413,-3.051758,6.347656,9.033203
29195,0.028076,-0.207764,1.018921,-3.479004,5.859375,8.422852
29205,0.075195,-0.233398,1.022827,-3.234863,5.920410,7.812500
29215,0.064209,-0.247070,1.010864,-3.112793,5.981445,7.629395
29224,0.103882,-0.200439,1.072510,-3.051758,4.943848,7.080078
29235,0.076172,-0.212891,1.047363,-2.929688,4.516602,6.896973
29245,0.075806,-0.200928,0.979980,-3.051758,4.577637,6.591797
29254,0.107666,-0.219604,0.965332,-2.685547,3.784180,6.530762
29265,0.131958,-0.188599,0.983398,-2.807617,3.173828,6.652832
29274,0.141479,-0.233398,0.982788,-2.990723,2.441406,6.591797
29285,0.101196,-0.242432,0.987549,-2.929688,1.770020,6.469727
29295,0.113770,-0.191162,1.024414,-2.807617,1.770020,6.286621
29304,0.102051,-0.184692,0.997803,-2.746582,1.525879,5.493164
29316,0.082275,-0.232788,1.002563,-3.173828,0.671387,3.234863
29326,0.038696,-0.096924,1.075439,-2.807617,0.061035,1.586914
29335,0.049316,-0.170166,1.047485,-1.892090,-0.366211,-0.122070
29344,0.090820,-0.211670,0.952515,-1.159668,-0.610352,-1.708984
29354,0.158936,-0.153809,1.020874,-0.976562,-1.464844,-2.746582
29365,0.105835,-0.176392,0.971924,-0.488281,-2.685547,-3.173828
29375,0.116211,-0.211792,0.960083,0.000000,-1.586914,-2.868652
29385,0.121948,-0.076782,1.045654,-0.305176,-2.075195,-0.854492
29395,0.114136,-0.021362,1.041382,0.061035,-1.220703,-0.244141
29405,0.062500,-0.101685,1.015259,0.061035,-2.197266,-0.427246
29415,0.022949,-0.056152,0.992187,0.000000,-2.563477,-0.732422
29425,0.010620,-0.058716,0.968262,-0.305176,-2.624512,-0.427246
29435,0.019531,-0.010376,0.973022,-0.427246,-1.586914,-0.122070
29444,-0.015137,-0.032959,1.052612,-0.061035,-1.831055,0.976562
29457,-0.052734,-0.149658,1.001587,0.488281,-0.122070,4.028320
29467,-0.037354,-0.129517,1.063232,0.366211,0.427246,5.615234
29476,-0.040161,-0.099976,1.002563,0.488281,0.610352,6.896973
29486,-0.000122,-0.169312,1.023193,0.732422,0.488281,8.361816
29495,-0.014038,-0.227905,1.016235,1.037598,0.366211,9.399414
29505,0.013672,-0.176392,0.981689,1.037598,0.549316,10.498047
29515,0.026367,-0.175903,0.957642,1.098633,0.488281,11.535645
29525,0.022461,-0.199219,0.931274,0.793457,0.671387,14.160156
29536,0.042358,-0.181763,0.945923,0.488281,1.098633,15.625000
29546,0.043213,-0.126343,0.911133,-0.061035,1.220703,16.723633
29555,0.004272,-0.102539,0.983643,-0.488281,0.976562,17.822266
29564,-0.002563,0.035278,1.052856,-0.732422,0.793457,18.676758
29575,-0.032349,-0.032837,1.064941,-0.244141,0.915527,19.775391
29585,-0.039185,-0.002563,1.103760,-0.122070,1.037598,20.874023
29597,-0.044922,-0.094849,1.058594,1.098633,1.525879,22.644043
29607,-0.073608,-0.028687,0.962524,1.037598,1.159668,23.254395
29616,-0.027832,-0.128418,0.992432,1.037598,0.793457,23.620605
29626,-0.030762,-0.141113,0.963501,0.976562,0.427246,23.010254
29636,0.003784,-0.109863,0.936279,0.488281,-0.183105,22.766113
29645,0.027710,-0.151855,0.917603,0.122070,-0.427246,22.521973
29655,0.038086,-0.168213,0.942871,0.061035,-0.976562,21.789551
29667,0.122192,-0.202881,0.967773,-0.427246,-2.319336,20.690918
29677,0.096802,-0.176514,0.974487,-0.854492,-3.356934,19.775391
29686,0.061279,-0.160645,1.046265,-0.915527,-4.089355,18.676758
29696,0.056641,-0.167725,1.077026,-0.854492,-4.211426,17.700195
29705,0.074585,-0.198242,1.128662,-0.854492,-4.821777,16.357422
29715,0.084229,-0.211792,1.054688,-0.488281,-5.432129,15.136719
29725,0.078247,-0.212036,1.002563,-0.671387,-6.530762,13.793945
29735,0.022095,-0.245850,1.009033,-0.976562,-7.873535,10.314941
29746,0.044922,-0.431519,0.704712,0.000000,-8.300781,8.544922
29756,0.054443,-0.355591,0.870728,-0.854492,-9.155273,6.469727
29765,0.065796,-0.152588,1.034180,-2.319336,-9.643555,4.882812
29775,0.019165,-0.271729,0.886963,-2.136230,-9.643555,3.479004
29784,0.092896,-0.108765,1.184326,-2.685547,-9.094238,2.380371
29795,0.085937,-0.291138,1.018677,-2.075195,-10.009766,1.831055
29804,0.074829,-0.360107,0.813354,-1.525879,-10.314941,1.159668
29816,0.059937,-0.247803,1.012085,-3.234863,-10.314941,-0.305176
29826,0.058716,-0.183960,1.051758,-3.112793,-10.742188,-1.159668
29835,0.053101,-0.211426,0.958984,-2.624512,-11.047363,-1.770020
29845,0.038452,-0.323242,0.885010,-2.685547,-11.474609,-2.258301
29854,-0.015869,-0.347168,0.864014,-2.990723,-10.742188,-2.380371
29865,-0.048584,-0.258179,0.897827,-3.845215,-10.375977,-2.319336
29875,-0.070679,-0.130737,0.980469,-4.333496,-9.887695,-1.953125
29884,-0.099854,-0.200195,0.963867,-3.784180,-9.033203,-2.441406
29895,-0.063477,-0.151245,1.039795,-2.929688,-8.789063,-2.380371
29905,-0.017700,-0.116699,1.047119,-1.953125,-8.422852,-2.136230
29915,-0.038940,-0.263184,0.939819,-1.464844,-8.544922,-1.770020
29925,-0.105469,-0.317749,0.830811,-1.586914,-8.056641,-1.220703
29935,-0.169800,-0.204590,0.843384,-2.075195,-6.652832,-0.122070
29944,-0.203247,-0.240845,0.866943,-3.051758,-5.249023,0.427246
29956,-0.205078,-0.186890,1.017090,-3.845215,-3.295898,0.488281
29966,-0.159058,-0.084106,1.037964,-3.967285,-3.540039,0.000000
29976,-0.135254,-0.108398,1.032593,-4.150391,-3.356934,-0.549316
29986,-0.060059,-0.086792,1.095581,-4.028320,-3.356934,-0.732422
29995,-0.060547,-0.029785,1.052490,-3.967285,-2.929688,-0.854492
30005,-0.038086,-0.048828,1.016357,-3.295898,-2.441406,-0.549316
30015,-0.053955,-0.023804,1.018555,-2.807617,-1.953125,-0.854492
30025,-0.053467,-0.170532,1.004517,-2.136230,-1.281738,-1.586914
30034,-0.055176,-0.102539,0.877686,-2.136230,-1.403809,-2.929688
30045,-0.011230,-0.041260,0.907959,-2.502441,-1.647949,-4.333496
30055,-0.016357,-0.066284,0.960693,-2.685547,-2.014160,-5.554199
30065,0.054443,-0.090332,1.003906,-2.807617,-2.685547,-6.774902
30075,0.087158,0.005493,1.000488,-2.868652,-2.563477,-7.568359
30087,0.223999,-0.112671,1.049805,-2.929688,-2.868652,-8.361816
30097,0.206543,-0.020508,1.118652,-3.173828,-3.295898,-8.850098
30106,0.188110,-0.075928,1.144531,-2.258301,-4.333496,-9.643555
30116,0.130737,-0.256592,1.111450,-0.549316,-4.333496,-10.803223
30126,0.154297,-0.152100,1.123047,-0.244141,-5.249023,-11.474609
30135,0.059082,-0.166382,1.038940,0.793457,-5.126953,-11.657715
30144,0.050293,-0.404175,1.002441,1.892090,-5.126953,-12.329102
30157,-0.085083,-0.105835,0.981201,0.732422,-5.126953,-12.878418
30167,-0.005615,-0.235596,1.006836,0.854492,-4.943848,-13.732910
30176,-0.059814,-0.177856,1.063843,1.586914,-4.699707,-15.136719
30186,0.013794,-0.325928,0.914062,1.464844,-5.004883,-16.662598
30195,0.030273,-0.028198,1.013184,0.915527,-4.577637,-17.639160
30205,0.035889,-0.208984,0.987793,0.976562,-4.272461,-18.066406
30214,0.064209,0.018677,1.123779,0.976562,-4.089355,-18.310547
30227,0.106934,-0.059814,1.105225,2.075195,-4.028320,-17.578125
30237,0.096680,-0.169922,0.973389,2.319336,-3.845215,-16.906738
30247,0.025269,-0.063599,1.066040,2.441406,-3.417969,-16.418457
30256,-0.087402,-0.165283,1.058838,2.258301,-2.624512,-15.747070
30266,-0.090332,-0.083252,0.971680,2.136230,-1.464844,-15.197754
30276,-0.078735,-0.084839,0.965576,2.075195,-0.122070,-14.648438
30285,-0.074463,-0.147217,0.985107,2.624512,0.488281,-14.831543
30297,-0.062744,-0.235840,0.948120,3.051758,0.183105,-15.625000
30307,-0.059570,-0.139893,1.043579,2.929688,0.549316,-15.686035
30317,-0.040527,-0.240112,1.047119,3.173828,0.793457,-15.014648
30326,-0.069580,-0.194336,1.105103,3.845215,1.953125,-14.404297
30336,-0.054810,-0.270508,0.882080,4.577637,2.563477,-13.366699
30345,-0.054932,-0.278564,0.729126,4.394531,3.540039,-12.023926
30355,-0.034912,-0.334351,0.789795,3.356934,4.516602,-10.131836
30367,-0.005371,-0.139404,0.782104,0.793457,5.676270,-7.507324
30377,0.019531,-0.093750,0.835571,0.732422,6.164551,-6.591797
30386,-0.014282,-0.447632,0.567383,0.854492,6.408691,-5.615234
30396,-0.021240,-0.420288,0.524292,-0.549316,6.713867,-4.577637
30405,-0.028564,-0.048462,1.047974,-3.601074,7.202148,-3.417969
30415,0.041870,0.101929,1.356323,-4.394531,7.934570,-2.136230
30425,0.026367,0.217651,1.487061,-2.380371,7.995605,-0.915527
30437,-0.131714,-0.629517,0.595459,0.488281,8.056641,0.488281
30447,-0.015015,-0.244873,0.754883,-3.479004,8.666992,1.159668
30457,0.103516,-0.010742,0.996582,-6.103516,9.155273,2.685547
30466,0.104248,0.095459,1.230347,-5.249023,8.300781,3.723145
30475,0.041870,-0.268799,1.023560,-3.112793,7.019043,4.699707
30485,0.030518,-0.201172,1.047852,-2.990723,6.713867,5.676270
30495,0.001709,-0.318604,0.991455,-4.028320,7.690430,5.859375
30505,-0.002441,-0.154053,1.027954,-5.126953,7.568359,7.080078
30516,0.055542,-0.099121,0.948975,-5.004883,7.324219,8.178711
30526,-0.010376,-0.059814,1.091431,-4.211426,7.141113,8.666992
30535,0.008057,-0.309570,0.963257,-4.272461,6.286621,8.483887
30545,-0.032959,-0.149048,0.988403,-5.249023,5.615234,7.751465
30555,0.034180,-0.254272,0.888672,-6.408691,5.554199,7.202148
30565,0.035156,0.095703,0.994995,-7.568359,5.126953,7.263184
30575,0.083374,-0.054321,1.012329,-7.080078,4.760742,6.530762
30586,0.057983,0.003540,1.005005,-7.080078,3.662109,6.408691
30595,0.056274,-0.055176,0.994629,-7.629395,3.906250,6.347656
30605,0.052612,0.140503,1.155518,-7.995605,3.662109,6.530762
30615,0.037476,0.019165,1.066772,-7.385254,3.601074,6.958008
30625,-0.022583,0.117798,1.050171,-6.530762,3.234863,7.080078
30635,0.019409,-0.025024,1.086060,-5.798340,3.356934,6.958008
30647,-0.008301,0.049805,1.097656,-6.469727,2.868652,7.141113
30657,-0.058716,-0.035522,0.942139,-6.286621,2.685547,7.385254
30667,-0.037720,0.024414,0.966553,-5.493164,3.234863,8.056641
30676,-0.013794,-0.152222,0.869507,-4.516602,3.417969,8.728027
30686,0.040771,-0.088135,0.976196,-4.272461,2.990723,8.972168
30696,0.014526,-0.261841,0.938477,-4.028320,2.868652,9.338379
30705,0.084351,-0.035522,1.057861,-3.906250,2.502441,9.460449
30715,0.077515,-0.023804,0.979248,-2.929688,1.525879,9.948730
30726,0.098755,-0.435303,0.925293,0.854492,0.671387,10.070801
30736,0.096680,-0.211060,0.923218,0.976562,0.549316,10.375977
30745,0.085327,-0.498657,1.091675,0.976562,0.122070,11.108398
30755,0.054199,-0.190918,0.945801,-0.549316,-0.488281,11.230469
30765,0.049805,0.213013,1.122314,-0.915527,-0.671387,11.779785
30775,0.078125,-0.105225,0.964844,1.220703,-0.976562,13.000488
30787,-0.067749,-0.107544,0.831543,1.464844,-1.037598,14.709473
30797,-0.103149,-0.142944,0.877319,0.000000,-0.915527,15.075684
30806,-0.086670,0.097046,0.994507,-0.793457,-0.976562,15.075684
30816,-0.119751,-0.068237,1.063721,-0.366211,-0.915527,15.136719
30826,-0.119141,-0.128784,0.972656,-0.061035,-0.854492,14.709473
30835,-0.108765,0.095215,1.077881,0.061035,-0.793457,13.366699
30845,-0.056396,-0.209717,1.035889,-0.061035,-1.098633,12.329102
30857,0.100098,-0.025513,1.186279,-0.183105,-1.464844,9.094238
30866,0.097168,-0.308960,0.944946,-0.366211,-4.272461,7.019043
30876,0.151001,0.018799,1.004150,-0.427246,-4.943848,5.249023
30885,0.178101,-0.118164,1.112183,-0.061035,-5.065918,4.028320
30895,0.140625,-0.345093,0.960937,0.305176,-5.554199,2.502441
30905,0.148193,-0.015503,1.084595,0.122070,-5.859375,1.281738
30915,0.087524,-0.373291,0.939819,0.549316,-6.042480,0.122070
30927,0.089111,-0.242554,0.957397,-0.427246,-7.629395,-2.807617
30937,-0.014282,-0.339355,0.922729,-0.793457,-8.300781,-3.906250
30946,0.045776,-0.112549,1.139038,-1.586914,-8.850098,-5.432129
30956,0.073486,-0.269531,1.051392,-1.403809,-8.789063,-6.225586
30966,0.044556,-0.284668,0.953857,-1.464844,-8.850098,-6.896973
30975,0.050415,-0.089966,1.018188,-1.708984,-8.728027,-7.446289
30985,-0.000732,-0.385620,0.861572,-1.708984,-8.605957,-7.812500
30995,-0.019043,-0.229614,1.076050,-2.136230,-7.751465,-9.094238
31007,-0.069336,-0.237305,1.069702,-0.183105,-7.751465,-9.277344
31016,-0.051147,-0.350220,0.962891,0.610352,-6.835937,-9.460449
31026,-0.005127,-0.044312,1.027954,0.732422,-6.225586,-8.911133
31036,-0.058350,-0.240601,0.933105,0.366211,-5.920410,-8.117676
31046,-0.076416,-0.278687,0.789429,0.183105,-5.493164,-7.141113
31056,-0.041748,-0.151001,0.987915,0.183105,-4.272461,-5.615234
31065,-0.070435,-0.242432,0.884521,-0.610352,-2.624512,-1.770020
31075,-0.115845,0.129517,1.110718,-1.159668,-1.342773,0.061035
31085,-0.148926,-0.104980,1.125610,-0.671387,-0.732422,1.342773
31096,-0.204956,-0.116943,0.993286,-0.549316,-0.549316,1.525879
31105,-0.231934,0.058960,1.001953,-0.122070,-0.061035,2.197266
31115,-0.214233,-0.046875,1.050659,0.305176,0.915527,2.685547
31127,-0.246826,-0.263794,0.976807,0.061035,2.685547,3.845215
31136,-0.152588,0.156006,1.112305,0.183105,3.417969,4.150391
31147,-0.104980,-0.101563,0.994385,0.610352,3.051758,4.150391
31156,-0.083740,-0.232178,0.901489,0.549316,3.234863,3.234863
31165,-0.049561,0.079224,0.994507,-0.183105,3.173828,2.441406
31175,0.010620,-0.003418,1.011353,-0.610352,3.173828,1.770020
31185,0.026733,-0.188477,0.963867,-0.366211,3.173828,0.610352
31195,0.063721,0.025757,1.060791,-0.183105,3.356934,-0.305176
31207,0.061523,-0.245972,0.910645,0.000000,2.685547,-1.403809
31217,0.055054,-0.001343,1.023315,-0.183105,2.197266,-2.380371
31226,0.052490,-0.228394,0.935791,0.244141,1.708984,-2.868652
31236,0.035522,-0.353760,0.823242,0.427246,0.915527,-2.990723
31245,0.078491,-0.091797,0.971313,0.488281,1.220703,-2.929688
31255,0.096313,-0.334961,1.008423,0.671387,1.281738,-2.563477
31265,0.053101,-0.347046,0.931763,0.305176,1.525879,-2.136230
31277,0.026001,-0.081909,1.095825,-0.122070,0.976562,-3.356934
31287,-0.090454,-0.308472,0.901367,-0.122070,0.549316,-4.638672
31296,-0.017700,-0.159180,0.972290,0.061035,0.854492,-5.615234
31305,0.003052,0.001465,1.059570,0.000000,1.464844,-6.103516
31315,-0.040527,-0.196533,0.917603,-0.427246,1.403809,-6.286621
31326,-0.035034,-0.170166,0.907959,-0.976562,1.464844,-5.981445
31335,-0.024048,0.025146,0.980591,-1.159668,1.892090,-5.004883
31347,0.016846,-0.032349,0.968872,-1.647949,2.563477,-1.281738
31357,0.072266,0.025757,1.082031,-1.831055,2.807617,0.854492
31366,0.070801,-0.088623,1.029175,-1.647949,3.662109,2.258301
31376,0.036377,-0.177368,1.022339,-1.464844,3.295898,3.479004
31386,-0.011963,-0.058960,1.180054,-1.403809,3.112793,3.723145
31395,-0.013062,0.018677,1.205200,-1.037598,3.234863,2.868652
31407,-0.031860,-0.167603,1.119629,0.244141,2.502441,1.464844
31416,-0.105835,-0.071411,1.062622,0.671387,2.014160,0.671387
31426,-0.065430,-0.029175,1.056152,0.732422,2.197266,0.427246
31435,-0.075684,-0.249512,0.960571,0.732422,2.929688,0.610352
31445,-0.034668,-0.326416,0.808228,1.281738,3.112793,1.098633
31456,0.031128,-0.166382,0.901855,1.037598,3.479004,1.647949
31465,0.073364,-0.338867,0.866211,0.366211,3.112793,1.831055
31475,0.071411,-0.458374,0.773315,-0.671387,2.441406,2.136230
31485,0.013184,-0.254517,0.945435,-1.953125,2.258301,1.525879
31496,0.029053,-0.326904,0.736450,-2.807617,2.197266,0.366211
31506,0.055786,-0.138306,0.943848,-3.906250,1.892090,-0.976562
31516,0.031738,-0.107422,1.068604,-4.577637,1.403809,-2.380371
31526,0.012085,-0.189697,1.012329,-4.333496,0.854492,-3.906250
31535,0.036743,-0.079834,1.090576,-2.990723,0.854492,-5.310059
31545,0.061157,-0.062256,1.113281,-2.014160,0.793457,-6.408691
31555,0.106934,-0.256104,1.039673,-1.708984,0.732422,-6.713867
31567,0.140625,-0.234131,1.011841,-1.586914,0.671387,-5.432129
31576,0.144165,-0.052002,1.024292,-1.281738,0.366211,-3.479004
31585,0.168823,-0.107910,0.987183,-0.976562,0.183105,-0.549316
31595,0.125488,-0.242676,0.872803,-1.220703,0.488281,2.319336
31605,0.092651,-0.161987,0.960693,-1.831055,1.098633,4.760742
31617,0.021973,0.051636,1.075562,-1.953125,0.610352,6.774902
31626,-0.013062,-0.087158,1.038086,-0.793457,0.793457,7.324219
31637,-0.051880,-0.103638,1.059570,0.061035,0.732422,7.141113
31646,-0.066040,-0.017090,1.027466,0.183105,0.549316,6.530762
31656,-0.072876,-0.034912,1.020264,0.122070,0.183105,6.042480
31666,-0.019287,-0.174194,0.991455,0.305176,0.000000,5.798340
31675,-0.023682,-0.246826,0.897217,-0.122070,0.549316,6.042480
31687,-0.005493,-0.076172,0.868286,-1.892090,0.915527,5.676270
31696,0.045532,-0.075439,1.038574,-3.356934,0.549316,5.432129
31706,0.028320,-0.095825,1.083252,-4.516602,0.366211,3.906250
31715,-0.004761,0.063232,1.093506,-5.371094,-0.793457,2.197266
31726,0.012451,0.116455,1.073975,-5.126953,-0.854492,1.159668
31735,-0.001343,-0.030273,1.085327,-4.394531,-0.610352,0.854492
31745,0.003662,-0.072510,1.049927,-3.723145,0.000000,0.549316
31755,-0.029541,-0.097900,1.046509,-2.868652,-0.366211,0.549316
31767,0.035278,-0.234863,0.870361,-2.258301,-1.159668,1.464844
31776,0.072754,-0.186279,0.836792,-1.708984,-1.037598,2.136230
31786,0.098511,-0.072998,0.936768,-1.586914,-0.915527,3.234863
31795,0.108032,-0.228027,0.876587,-1.525879,-0.732422,3.906250
31806,0.069214,-0.274170,0.808960,-1.831055,-1.770020,3.601074
31816,0.144775,-0.151733,0.904907,-1.770020,-2.258301,3.784180
31827,0.104248,-0.202759,0.938599,-2.624512,-3.112793,3.540039
31837,0.048584,-0.184814,0.976685,-2.868652,-3.051758,3.479004
31846,0.033447,-0.083008,0.998657,-2.746582,-3.051758,3.662109
31856,0.010986,-0.140137,0.950439,-2.563477,-3.479004,3.723145
31866,-0.004517,-0.220215,0.932861,-2.563477,-3.356934,3.784180
31875,0.003784,-0.067871,0.997925,-2.929688,-3.234863,3.540039
31886,-0.015747,0.018433,1.041016,-2.990723,-3.540039,3.051758
31896,-0.004883,-0.020264,1.057251,-2.746582,-3.906250,1.586914
31905,-0.039551,-0.186890,0.951538,-2.197266,-3.967285,0.854492
31915,-0.054199,-0.094849,1.026489,-2.380371,-3.356934,0.488281
31925,-0.030273,-0.138428,1.001343,-2.624512,-3.173828,0.061035
31936,-0.006348,-0.084961,0.983765,-3.112793,-3.540039,-0.549316
31946,0.025879,-0.041504,1.083496,-2.990723,-3.112793,-1.159668
31956,-0.016113,-0.042236,1.077881,-3.112793,-4.150391,-2.014160
31966,0.045532,-0.166748,1.048584,-2.929688,-3.784180,-2.990723
31976,-0.022217,-0.203735,1.038696,-2.319336,-3.784180,-3.601074
31986,0.028198,-0.208374,1.046509,-2.136230,-3.662109,-3.906250
31995,0.055298,-0.235596,0.990234,-2.014160,-3.723145,-4.211426
32006,0.020874,-0.270752,0.937012,-2.136230,-4.211426,-4.211426
32015,0.033936,-0.203491,1.010498,-2.136230,-4.272461,-3.845215
32026,0.005005,-0.052002,1.017822,-2.136230,-3.662109,-3.356934
32036,-0.048462,-0.035156,0.995239,-2.319336,-2.746582,-2.014160
32046,-0.011353,-0.197632,0.871460,-2.624512,-2.746582,-1.708984
32056,-0.009033,-0.057983,0.871338,-2.746582,-2.685547,-1.403809
32066,-0.037720,0.038940,0.930420,-2.929688,-2.502441,-1.159668
32076,-0.027588,-0.072754,1.005249,-2.929688,-2.258301,-1.098633
32085,-0.024170,-0.090820,1.090210,-2.502441,-2.258301,-1.098633
32096,-0.056763,-0.089355,1.057251,-2.014160,-1.831055,-1.464844
32106,-0.062744,-0.121704,1.008545,-1.281738,-1.708984,-2.685547
32115,-0.008545,-0.119019,1.056030,-0.610352,-1.342773,-3.417969
32126,-0.088501,-0.105835,0.948853,-0.244141,-1.708984,-4.272461
32136,0.001709,-0.069946,0.979736,0.000000,-2.014160,-4.760742
32146,-0.002563,-0.041138,1.019897,0.061035,-2.197266,-5.554199
32156,0.042725,-0.074829,0.981689,-0.244141,-1.647949,-5.920410
32165,0.017700,-0.194458,0.935181,-0.183105,-1.708984,-6.286621
32178,0.022217,0.029541,0.997559,-0.549316,-1.953125,-6.835937
32188,0.047729,-0.000610,0.959473,-0.549316,-1.708984,-6.652832
32198,0.090820,-0.185669,0.941406,-0.732422,-1.037598,-6.408691
32207,0.009399,-0.177612,1.022095,-0.915527,-1.464844,-6.408691
32216,0.033447,-0.020020,1.051636,-1.098633,-1.098633,-6.408691
32226,-0.032227,0.001099,0.983032,-0.671387,-0.671387,-6.286621
32236,0.002319,-0.160278,0.920776,-0.549316,-1.098633,-6.469727
32245,0.009033,-0.296143,0.807861,-1.159668,-1.464844,-6.652832
32257,-0.006470,0.058228,1.006714,-3.173828,-0.732422,-6.103516
32267,-0.024414,-0.099243,0.916870,-3.540039,-0.610352,-5.493164
32277,-0.084229,-0.075806,0.949463,-3.234863,0.000000,-4.760742
32286,-0.083252,0.036743,1.047729,-2.868652,1.464844,-4.028320
32296,-0.036621,0.019165,1.142822,-2.868652,1.586914,-3.662109
32306,-0.086182,-0.124023,1.120117,-3.051758,1.892090,-3.173828
32315,-0.029907,-0.109741,1.043091,-3.356934,1.708984,-2.929688
32327,-0.005859,0.029663,0.929321,-2.197266,2.319336,-1.403809
32337,0.018677,-0.091431,0.928345,-2.258301,2.380371,-0.671387
32347,-0.004761,-0.183472,0.891724,-2.563477,2.258301,0.122070
32356,-0.011841,0.010620,0.959595,-2.868652,2.014160,0.549316
32366,-0.001953,0.010010,1.010742,-2.746582,2.441406,1.281738
32376,-0.006226,-0.138062,0.994141,-2.685547,2.197266,2.014160
32386,-0.021240,-0.192505,1.021118,-2.563477,2.441406,2.624512
32396,0.003418,-0.102539,1.092285,-2.075195,2.624512,2.990723
32406,-0.022705,-0.093018,1.034302,-2.075195,2.502441,3.234863
32416,-0.019653,-0.201294,0.925781,-2.014160,2.502441,3.601074
32426,-0.028076,-0.088257,0.918091,-2.136230,2.136230,3.662109
32436,-0.011841,-0.031006,0.926147,-2.136230,1.892090,3.662109
32446,0.025391,-0.103882,0.928345,-2.685547,2.014160,4.028320
32458,0.017212,-0.032715,1.002441,-3.112793,1.647949,4.150391
32468,0.004761,-0.044678,1.055542,-3.051758,1.525879,4.089355
32477,0.002563,-0.212036,1.024170,-2.624512,1.220703,3.967285
32486,-0.031006,-0.105469,1.052002,-2.441406,0.976562,3.540039
32496,-0.015015,-0.021118,1.100586,-2.258301,1.098633,2.929688
32507,-0.004883,0.024536,1.109741,-2.380371,0.244141,2.502441
32516,0.005859,-0.030640,1.024536,-2.075195,0.366211,2.197266
32528,0.002563,-0.060547,0.965942,-0.366211,0.671387,2.502441
32538,0.012939,-0.035278,0.985596,0.366211,0.976562,2.685547
32548,0.023437,-0.260986,0.893799,1.098633,0.915527,2.502441
32557,0.090454,-0.419312,0.795166,0.671387,-0.305176,1.953125
32566,0.100342,-0.181030,0.832764,-0.366211,-0.427246,1.464844
32576,0.092651,-0.175171,0.807129,-1.525879,-0.976562,0.671387
32587,0.054199,-0.304321,0.713867,-3.112793,-1.464844,-0.122070
32596,0.034058,-0.043457,0.843506,-4.638672,-1.464844,-1.892090
32607,0.012939,-0.033691,0.975586,-5.798340,-1.770020,-2.624512
32617,-0.034058,-0.021240,0.992920,-5.493164,-1.525879,-2.990723
32627,-0.003540,0.030029,1.089844,-4.455566,-1.342773,-3.845215
32637,-0.028809,-0.060669,1.078735,-3.540039,-1.464844,-4.516602
32647,-0.025024,-0.175781,1.040894,-2.868652,-1.586914,-5.310059
32656,-0.007568,-0.143066,0.992310,-2.441406,-1.220703,-5.554199
32666,0.006592,-0.080078,0.989624,-1.892090,-0.732422,-5.371094
32678,0.031494,-0.187500,0.999878,-3.601074,-1.098633,-5.126953
32687,0.060303,-0.059204,1.073853,-4.333496,-0.793457,-5.004883
32697,-0.014893,0.016968,1.124878,-4.333496,-1.281738,-4.638672
32706,-0.006836,0.023437,1.153320,-3.845215,-1.159668,-4.821777
32716,0.011719,-0.078003,1.129028,-3.051758,-0.366211,-4.882812
32727,0.007080,-0.142578,1.125732,-2.441406,-0.488281,-4.699707
32736,0.011963,-0.088257,1.124756,-0.915527,-0.244141,-3.417969
32748,-0.004395,-0.108154,1.002930,-0.488281,-0.244141,-2.685547
32758,0.007935,-0.151123,0.977417,-0.610352,0.122070,-2.075195
32767,0.027588,-0.206177,0.948120,-0.854492,0.610352,-1.281738
32777,-0.031494,-0.150879,0.907837,-1.464844,1.098633,0.000000
32786,-0.047241,-0.081787,0.894287,-1.953125,0.976562,1.037598
32796,-0.052856,-0.135254,0.878662,-2.685547,0.732422,2.014160
32809,-0.105469,0.038940,0.942627,-3.967285,1.281738,3.173828
32818,-0.059326,0.047119,0.991943,-4.272461,1.831055,2.990723
32827,-0.105469,-0.140869,0.935181,-4.211426,2.197266,2.929688
32837,-0.118286,-0.169312,0.906006,-4.211426,1.647949,2.685547
32846,-0.079956,0.123413,1.025757,-3.906250,2.319336,2.441406
32857,-0.046265,0.068481,1.046387,-3.417969,2.380371,2.563477
32866,-0.049194,-0.136719,0.930908,-2.319336,2.624512,2.258301
32878,0.020508,0.009888,0.966431,-1.098633,2.807617,1.586914
32887,0.014771,-0.196411,0.928223,0.854492,2.685547,1.220703
32897,0.029541,-0.358154,0.868164,0.671387,2.319336,0.610352
32906,0.054810,-0.202759,0.974609,-0.061035,2.258301,0.000000
32916,0.047241,-0.007568,1.068481,-0.915527,2.014160,-0.610352
32927,0.038086,-0.071411,1.005371,-1.159668,1.281738,-1.159668
32937,0.026123,-0.202148,0.939331,-0.671387,1.831055,-1.403809
32946,0.012329,-0.138184,1.004517,-0.183105,1.770020,-1.098633
32958,0.019287,0.046143,1.125122,0.305176,1.464844,-0.915527
32967,0.046021,-0.101685,1.089600,0.793457,1.159668,-0.915527
32977,0.026001,-0.184448,0.950317,1.098633,0.854492,-0.732422
32986,0.065186,-0.098145,1.099854,0.549316,1.525879,-0.305176
32997,0.052490,-0.048218,1.117676,0.061035,1.281738,0.305176
33006,0.027954,-0.116455,1.138550,0.183105,1.464844,0.610352
33018,0.026367,-0.005859,1.022461,-0.366211,0.610352,0.671387
33028,0.017578,0.089722,1.144165,-0.549316,0.854492,0.854492
33037,-0.014404,-0.017822,1.117432,-0.488281,0.427246,0.793457
33047,-0.036499,-0.095337,1.020142,-0.549316,0.366211,0.915527
33056,-0.040283,-0.058472,1.018433,-0.244141,0.671387,0.915527
33067,0.010010,-0.048218,1.017822,0.061035,0.915527,0.976562
33078,0.011719,-0.059692,1.004028,0.122070,0.305176,0.732422
33088,-0.011353,-0.153320,0.994629,0.305176,-0.061035,0.244141
33098,-0.014160,-0.208374,0.964355,0.488281,0.793457,0.000000
33107,-0.008301,-0.098511,0.952148,0.610352,0.915527,-0.061035
33116,-0.043091,0.008179,0.951904,0.732422,0.915527,-0.183105
33127,-0.005493,-0.177368,0.882080,0.976562,0.854492,-0.244141
33137,-0.040649,-0.254883,0.809326,0.976562,1.098633,-0.366211
33147,-0.001831,-0.069336,0.867187,0.793457,0.549316,-0.671387
33158,-0.014893,-0.175049,0.943604,0.793457,1.464844,-0.244141
33168,-0.023682,-0.210815,0.886719,0.854492,1.525879,-0.061035
33177,-0.010742,-0.074097,0.933960,0.976562,1.464844,0.244141
33187,0.035645,-0.066162,1.006714,1.159668,2.014160,0.732422
33196,0.005981,-0.109497,1.000366,1.098633,1.892090,1.037598
33207,-0.000366,-0.107788,0.994141,1.281738,1.403809,1.403809
33217,-0.013062,-0.029053,1.011597,1.831055,1.464844,1.953125
33228,-0.000977,-0.084717,1.015503,2.075195,2.502441,2.807617
33238,-0.011353,-0.099854,0.990601,1.281738,2.014160,3.051758
33247,-0.010864,0.039551,0.999512,0.000000,2.075195,3.234863
33257,0.034180,0.128784,1.003052,-0.610352,2.014160,3.356934
33267,0.010010,-0.032593,0.899658,-0.854492,1.647949,3.967285
33277,0.023071,-0.067993,0.996704,-1.281738,1.342773,4.516602
33288,0.025391,0.051880,1.121216,-2.624512,1.403809,5.615234
33298,-0.047485,0.007935,1.072144,-3.173828,1.525879,5.737305
33307,0.023926,0.103516,1.087402,-4.028320,1.342773,5.615234
33317,0.039307,0.040649,1.069946,-3.967285,0.976562,5.859375
33327,0.007568,-0.065552,1.018433,-3.662109,1.098633,5.615234
33338,0.010132,0.009644,1.082764,-3.356934,0.122070,4.882812
33347,0.034668,0.036377,1.162109,-3.234863,0.122070,4.516602
33359,0.050049,-0.139648,1.001221,-4.028320,-0.122070,3.967285
33369,0.049072,0.062134,0.992554,-3.540039,0.122070,3.906250
33378,0.045410,-0.043335,0.976318,-2.563477,-0.488281,3.051758
33388,-0.001099,-0.148682,0.968384,-1.831055,-1.281738,2.014160
33397,-0.017822,-0.090576,1.046875,-2.075195,-1.647949,0.549316
33407,-0.033203,-0.078369,0.995239,-2.807617,-1.525879,-0.488281
33418,-0.032471,0.036133,1.071777,-3.479004,-1.220703,-1.464844
33427,-0.023682,0.130981,0.976562,-3.112793,-1.220703,-2.136230
33439,-0.031738,-0.183350,0.878784,0.305176,0.000000,-2.380371
33448,0.018921,-0.179932,0.951416,0.610352,-0.183105,-2.868652
33458,0.033325,-0.238892,0.889893,-0.061035,-0.366211,-3.234863
33467,0.020874,-0.020020,0.869873,-1.525879,-0.732422,-3.540039
33477,0.053955,-0.091187,0.751709,-2.380371,-0.183105,-3.723145
33487,0.039063,0.044800,0.717529,-2.624512,-0.305176,-3.479004
33497,0.029419,0.026367,0.920776,-2.441406,-0.183105,-3.479004
33507,0.029297,-0.222412,0.961426,-3.540039,-0.305176,-3.540039
33517,-0.008545,0.161133,1.261475,-4.394531,0.061035,-3.417969
33527,-0.016602,0.181885,1.120605,-4.089355,0.305176,-3.051758
33537,-0.011597,0.198853,1.148193,-2.441406,0.793457,-2.319336
33547,-0.008911,-0.051025,1.076294,-0.183105,1.037598,-1.464844
33557,0.057373,-0.019165,1.150391,0.854492,1.281738,-0.488281
33567,0.036255,0.037354,1.186035,0.854492,1.037598,0.915527
33578,0.047119,-0.010742,0.864258,0.122070,0.671387,1.770020
33588,0.078125,-0.036987,0.806274,0.183105,0.671387,2.380371
33597,0.036987,-0.144653,0.803833,0.122070,0.732422,2.868652
33607,0.024048,-0.097046,0.989868,-0.427246,0.061035,2.868652
33618,-0.045288,-0.131348,1.083374,-1.770020,-0.183105,2.624512
33627,-0.051392,0.043579,1.109009,-3.417969,0.183105,2.563477
33637,-0.081665,0.171631,1.049438,-3.356934,0.671387,3.601074
33648,-0.077881,0.036621,1.033813,-0.976562,1.220703,3.906250
33658,-0.055420,-0.071655,1.116943,-0.183105,2.075195,3.967285
33667,-0.040527,-0.180908,1.026367,-0.610352,1.037598,3.967285
33677,-0.017822,0.022705,1.024170,-1.708984,1.220703,3.784180
33687,-0.006714,-0.020142,0.850952,-2.075195,1.159668,4.272461
33698,0.025391,0.008789,0.815918,-1.647949,2.502441,4.821777
33707,0.035034,-0.067993,0.912231,-1.342773,1.647949,6.042480
33719,-0.014526,-0.097290,1.107422,-2.502441,1.098633,5.676270
33728,-0.003418,-0.025513,1.061401,-3.967285,0.488281,5.493164
33738,-0.023804,0.154297,1.029175,-4.577637,1.159668,5.676270
33747,0.000366,0.151245,1.007690,-3.784180,1.342773,5.676270
33758,-0.028564,-0.031860,0.969238,-1.831055,1.525879,5.737305
33767,-0.001709,0.002808,1.058472,-0.793457,1.586914,5.432129
33779,0.011719,-0.015991,1.056152,-0.915527,0.976562,4.760742
33788,-0.002197,0.006348,0.935303,-1.647949,1.098633,3.540039
33798,0.027588,-0.031494,0.879272,-0.732422,1.525879,3.723145
33807,0.013916,-0.070679,0.948975,0.488281,1.342773,3.234863
33817,-0.019653,-0.158203,0.918213,1.098633,0.488281,2.624512
33828,0.018921,-0.119385,1.054810,0.610352,-0.183105,1.647949
33837,0.009399,-0.088257,1.001465,-0.427246,-0.366211,0.915527
33850,0.014771,-0.078369,0.924438,-1.586914,-0.488281,0.976562
33859,0.040161,0.028442,0.946045,-1.220703,-0.061035,1.281738
33869,-0.003784,-0.011841,1.004272,-0.854492,0.183105,2.136230
33879,-0.021484,-0.036499,1.013550,-1.403809,0.183105,2.502441
33888,0.008423,0.054077,1.111938,-2.258301,0.732422,2.868652
33897,0.002075,-0.006348,1.016113,-2.075195,0.610352,3.479004
33909,0.024414,0.097290,1.038086,-0.854492,0.854492,4.394531
33918,-0.009644,0.042236,1.075684,-0.610352,0.244141,4.333496
33929,0.031006,-0.138306,0.984131,-0.427246,0.000000,4.089355
33939,0.072632,0.059326,1.080078,-0.854492,-0.366211,3.967285
33948,0.003784,-0.135132,1.020630,-1.037598,-1.586914,4.028320
33957,0.027710,0.018311,1.021118,-1.525879,-1.403809,3.662109
33968,0.023315,-0.005737,1.046631,-1.525879,-0.610352,3.051758
33977,0.021484,0.029297,1.104004,-1.220703,-1.098633,2.746582
33989,-0.018311,-0.086304,1.033325,-0.732422,-0.976562,1.708984
33999,0.015747,0.105347,1.180664,-0.183105,-0.976562,1.159668
34008,-0.000366,-0.146484,0.954346,0.305176,-1.220703,0.793457
34018,0.034912,0.035034,1.059692,0.305176,-1.342773,-0.183105
34028,0.028564,-0.117065,0.911499,0.610352,-1.098633,-0.793457
34037,0.041260,-0.017578,0.934448,0.305176,-1.220703,-1.708984
34047,0.016235,-0.100830,0.906250,0.183105,-1.647949,-3.051758
34059,-0.009521,-0.056152,0.949707,0.061035,-2.136230,-5.249023
34069,0.018311,-0.025879,0.964233,-1.220703,-1.892090,-5.737305
34078,0.023193,0.027466,0.996704,-1.708984,-1.647949,-5.859375
34088,0.020752,-0.004517,0.949707,-1.525879,-1.220703,-5.615234
34098,0.021118,0.117920,0.965576,-1.159668,-0.976562,-5.371094
34108,0.036987,-0.018188,0.984009,-0.976562,-1.098633,-4.943848
34118,0.043945,-0.095459,0.999146,-0.793457,-1.037598,-4.577637
34127,0.045776,-0.035034,0.973877,-1.586914,-0.732422,-3.723145
34139,0.022705,0.047852,0.982910,-1.525879,-0.915527,-3.112793
34148,0.029419,-0.038208,0.922607,-1.220703,0.000000,-2.258301
34158,0.025757,0.027466,0.935059,-1.159668,-0.305176,-1.708984
34168,-0.016235,0.001221,0.956055,-0.793457,-0.122070,-0.854492
34178,-0.006104,-0.093384,0.960937,-0.854492,-0.122070,0.000000
34187,0.019165,-0.034912,1.000122,-1.586914,0.122070,0.671387
34199,-0.005615,0.085327,1.014282,-2.075195,0.000000,1.708984
34209,-0.028076,-0.046387,0.909180,-2.441406,0.244141,2.075195
34218,-0.022949,-0.026123,0.954834,-2.441406,0.427246,1.953125
34228,-0.032715,-0.047607,0.933838,-2.197266,0.427246,2.014160
34238,-0.012939,-0.073608,0.969238,-2.502441,0.305176,2.075195
34248,0.001831,-0.022949,1.026001,-2.868652,0.366211,1.953125
34259,-0.015503,-0.060791,0.998169,-3.601074,1.098633,2.258301
34269,-0.015503,-0.042847,0.986450,-2.990723,1.220703,2.380371
34278,-0.012939,-0.095215,0.976196,-2.380371,1.037598,2.014160
34288,0.022705,0.023315,1.044067,-1.953125,0.732422,1.281738
34298,0.016113,-0.067139,1.016846,-2.014160,0.488281,0.549316
34307,0.028687,0.037109,1.116455,-2.441406,0.488281,-0.061035
34318,0.004517,-0.041016,1.029541,-2.685547,0.244141,-0.549316
34327,-0.003052,0.026855,1.046387,-2.929688,0.610352,-0.732422
34339,-0.014648,-0.051514,0.936035,-2.624512,0.793457,-0.183105
34349,0.017700,-0.038818,0.933960,-2.868652,0.549316,-0.244141
34359,0.039185,-0.010376,0.959229,-3.601074,0.305176,-0.183105
34368,0.026123,-0.020752,0.942627,-4.455566,0.366211,-0.122070
34378,0.017700,0.002075,0.923462,-4.882812,0.427246,0.305176
34389,0.008057,0.037476,1.029175,-4.821777,1.037598,0.793457
34398,-0.010620,0.002075,1.042847,-4.882812,0.732422,1.586914
34409,-0.015259,0.067139,1.055542,-4.028320,2.319336,2.868652
34419,-0.013916,-0.013916,1.024780,-3.967285,2.258301,3.356934
34429,-0.018921,0.053833,1.086670,-3.479004,1.953125,3.479004
34438,-0.021729,0.051025,1.055664,-3.112793,1.708984,3.417969
34448,-0.005005,-0.044922,1.016724,-2.990723,1.525879,3.540039
34458,-0.009033,0.037109,1.065430,-2.929688,1.525879,3.967285
34468,0.005371,0.114746,1.076660,-2.990723,1.831055,5.187988
34480,-0.010254,-0.005371,0.987427,-1.708984,2.319336,5.554199
34489,0.021851,0.015747,1.028320,-1.159668,2.502441,5.798340
34499,0.005249,-0.062744,0.982422,-0.976562,1.770020,5.676270
34508,0.016724,-0.092285,0.998413,-1.159668,1.464844,5.371094
34518,-0.005127,-0.050781,0.971558,-1.342773,1.037598,5.126953
34529,0.034180,-0.051147,0.972168,-1.525879,1.281738,4.943848
34538,0.016357,-0.036255,0.946411,-1.892090,1.403809,5.004883
34549,-0.000610,0.011719,1.023438,-1.525879,1.831055,5.371094
34559,-0.036621,0.000488,0.982544,-1.770020,1.892090,5.615234
34568,-0.011475,0.016235,1.029297,-1.953125,1.831055,5.371094
34578,-0.020996,0.068115,1.048218,-1.953125,1.892090,5.493164
34588,-0.029541,0.011719,1.029785,-1.342773,1.647949,5.737305
34598,-0.014038,-0.028320,1.021851,-0.854492,2.136230,5.920410
34608,-0.006348,0.016724,1.080444,-0.488281,2.197266,6.530762
34618,-0.009277,-0.033569,1.020264,0.488281,2.197266,6.958008
34628,0.025146,-0.056763,1.085693,0.915527,1.770020,7.141113
34638,0.000122,-0.018799,1.037720,1.342773,1.403809,7.080078
34648,0.019165,-0.105225,1.025513,1.953125,1.281738,7.019043
34658,0.011353,-0.055054,1.108521,2.319336,0.854492,7.080078
34668,-0.005371,-0.031982,1.078247,2.258301,0.976562,6.896973
34680,0.000610,-0.018066,1.008057,2.014160,1.342773,7.263184
34690,0.018677,0.059814,1.057007,1.770020,1.342773,7.568359
34699,-0.008423,-0.012451,1.004517,1.647949,1.159668,7.995605
34709,-0.016113,-0.023437,1.050049,1.464844,0.976562,8.178711
34718,-0.014526,0.046753,1.102051,0.915527,1.037598,8.422852
34728,0.019531,0.040527,1.063721,0.854492,1.098633,8.483887
34738,0.006104,0.017700,0.963379,0.915527,1.098633,8.789063
34749,0.023804,-0.015503,0.990845,1.647949,0.793457,8.728027
34758,0.052612,-0.081909,0.878418,1.464844,0.366211,8.361816
34769,0.044800,-0.124390,0.854126,1.220703,0.061035,7.751465
34778,0.047729,-0.134644,0.882324,0.610352,-0.122070,6.835937
34789,0.020508,-0.082886,0.869385,-0.183105,-0.549316,6.164551
34798,0.013428,-0.044189,0.913696,-0.732422,-0.793457,5.493164
34809,0.027466,0.000000,0.993164,-1.098633,-0.793457,4.821777
34818,-0.014404,-0.017578,0.906250,-1.159668,-0.671387,4.455566
34829,0.003662,0.044922,0.995483,-1.037598,-1.098633,3.845215
34839,0.009766,0.003540,1.001221,-1.525879,-1.220703,3.295898
34848,0.010742,-0.006836,0.996338,-1.525879,-1.159668,2.868652
34858,0.031006,-0.023315,0.953857,-1.525879,-1.037598,2.685547
34868,0.041748,0.024414,1.049194,-2.014160,-0.732422,2.624512
34878,0.053223,0.042236,1.049561,-2.197266,-0.915527,2.502441
34890,0.080811,-0.041260,0.999634,-2.319336,-2.014160,1.525879
34900,0.091797,0.005005,1.076294,-2.441406,-1.953125,1.159668
34909,0.072388,0.124023,1.132446,-2.380371,-2.441406,0.793457
34919,0.036499,0.012573,1.074829,-1.708984,-2.563477,0.244141
34928,0.042236,-0.087524,1.107788,-1.342773,-2.807617,-0.488281
34938,0.031250,-0.092041,1.076904,-0.976562,-2.807617,-1.220703
34949,0.015869,-0.082153,1.009033,-0.671387,-3.051758,-2.075195
34959,0.046265,0.005615,1.127686,-0.061035,-2.990723,-2.990723
34970,0.012085,-0.045776,0.923706,0.122070,-2.868652,-3.295898
34979,0.030640,-0.064331,1.009644,0.244141,-2.990723,-3.295898
34989,0.016357,-0.044678,0.996826,0.000000,-2.746582,-3.112793
34998,0.004272,-0.040527,0.983887,-0.671387,-2.685547,-2.990723
35009,0.011841,-0.061279,0.956665,-1.098633,-2.441406,-2.807617
35019,0.015991,-0.009155,0.956299,-1.220703,-2.319336,-2.929688
35030,-0.020508,0.039795,1.045898,-1.342773,-2.258301,-3.356934
35040,-0.027466,-0.006836,1.016724,-1.770020,-2.258301,-3.417969
35049,-0.027954,-0.013428,1.028564,-1.892090,-1.953125,-3.295898
35059,-0.010132,0.064209,0.988037,-1.586914,-1.037598,-2.624512
35068,0.002441,-0.008789,0.969360,-1.403809,-0.854492,-1.770020
35079,0.038696,-0.079956,0.992187,-0.732422,-0.244141,-0.915527
35089,0.038086,-0.066895,1.030762,-1.098633,-0.671387,-0.122070
35098,0.041382,0.002197,1.071533,-2.136230,-1.037598,0.488281
35110,0.029297,-0.009888,0.998047,-2.014160,-0.793457,1.159668
35119,-0.005615,0.014404,0.988770,-1.892090,-0.793457,1.708984
35129,0.003052,-0.023560,1.004395,-1.647949,-1.098633,1.708984
35138,0.001953,-0.089111,0.922607,-1.586914,-1.159668,1.953125
35149,-0.035645,-0.033691,0.918701,-2.075195,-0.976562,2.624512
35159,-0.031982,0.002319,0.942261,-3.112793,-0.427246,3.173828
35168,-0.036499,0.047729,0.905518,-3.845215,0.000000,4.760742
35180,-0.063110,0.091309,1.023071,-4.028320,0.366211,5.249023
35189,-0.058960,-0.006348,0.993774,-3.967285,0.976562,5.798340
35199,-0.065674,0.061035,0.998779,-4.089355,1.342773,6.347656
35208,-0.013550,0.018188,0.993042,-3.906250,1.708984,6.591797
35219,-0.029419,0.008789,0.922119,-3.295898,1.770020,6.896973
35228,-0.026367,0.008179,0.914185,-2.746582,1.586914,7.324219
35240,-0.022217,-0.074341,0.920410,-2.502441,1.159668,7.141113
35250,-0.051392,-0.075684,0.915283,-2.319336,1.403809,6.896973
35259,-0.042725,-0.053101,0.936157,-2.258301,1.464844,6.774902
35269,-0.015381,-0.042114,0.951538,-2.258301,1.220703,6.713867
35278,-0.009277,-0.084473,0.957397,-1.953125,1.037598,6.530762
35289,0.014282,-0.023193,0.964600,-2.014160,1.037598,6.469727
35299,0.030518,-0.062866,0.980347,-1.892090,1.342773,6.591797
35310,0.029663,-0.037109,0.999390,-1.953125,0.854492,6.835937
35320,0.046997,-0.033081,1.004517,-2.014160,1.098633,7.141113
35329,0.027344,-0.038940,1.017944,-2.441406,0.915527,7.324219
35339,0.050537,-0.008179,1.009888,-2.624512,0.854492,6.774902
35348,0.081421,-0.035767,1.019043,-2.685547,-0.061035,6.408691
35359,0.061646,-0.063843,1.024048,-2.319336,0.000000,6.042480
35369,0.079346,-0.031738,1.073364,-2.502441,-0.427246,5.310059
35378,0.071655,0.025635,1.039063,-2.380371,-0.915527,4.699707
35390,0.065552,-0.011841,0.995361,-2.197266,-1.892090,4.333496
35400,0.073120,-0.060059,1.012695,-2.319336,-2.258301,3.906250
35409,0.078613,-0.034912,0.994385,-2.502441,-2.380371,3.417969
35419,0.049683,-0.056274,1.013672,-2.502441,-2.929688,2.868652
35429,0.028320,-0.015015,1.022583,-2.685547,-2.929688,2.014160
35439,0.007568,-0.026733,1.043579,-3.173828,-2.868652,1.708984
35450,0.010132,-0.046021,1.046021,-2.685547,-2.624512,0.549316
35460,0.015625,-0.017944,1.021851,-2.746582,-2.380371,-0.122070
35470,0.032593,-0.014038,1.014526,-2.624512,-3.540039,-1.220703
35479,0.036133,-0.064697,0.990967,-2.197266,-3.784180,-2.685547
35489,0.044800,-0.015991,0.989502,-2.441406,-4.028320,-4.089355
35499,0.037476,0.001343,0.993408,-2.685547,-4.272461,-5.554199
35510,0.036499,-0.031860,0.983276,-2.441406,-4.272461,-7.019043
35520,0.036987,0.031250,1.034668,-2.807617,-4.394531,-7.202148
35530,0.014893,0.025513,1.020020,-2.624512,-4.028320,-7.263184
35539,0.031006,-0.038818,1.020630,-2.075195,-3.906250,-7.507324
35549,0.031250,-0.021362,1.002075,-2.136230,-4.150391,-7.690430
35559,0.039551,-0.010376,0.983643,-2.502441,-4.394531,-7.690430
35569,0.030273,0.035034,0.989014,-2.685547,-4.577637,-7.629395
35580,0.041504,-0.015503,0.972168,-2.197266,-3.479004,-7.446289
35590,0.049316,-0.021240,0.974121,-2.563477,-3.173828,-7.385254
35600,0.024170,0.004639,0.982666,-2.807617,-3.540039,-7.263184
35609,0.004395,0.016968,0.996338,-2.807617,-3.601074,-7.141113
35619,-0.010864,-0.005615,1.013428,-2.685547,-3.540039,-6.896973
35629,-0.014771,-0.033813,0.997314,-2.807617,-3.356934,-6.591797
35640,-0.016602,-0.074097,1.005249,-2.563477,-3.295898,-6.408691
35650,-0.003540,-0.015869,1.028198,-2.197266,-2.502441,-6.164551
35659,0.013062,-0.049438,0.985107,-2.197266,-2.807617,-6.225586
35669,0.022217,-0.045044,0.962036,-1.953125,-2.746582,-6.347656
35680,0.007202,-0.041870,0.971069,-1.892090,-2.929688,-6.713867
35690,0.013428,-0.037109,0.987671,-1.831055,-2.685547,-6.958008
35699,-0.002808,-0.012207,1.000366,-2.197266,-2.990723,-7.141113
35710,-0.003662,-0.029663,0.997314,-2.197266,-2.563477,-7.080078
35719,-0.011841,0.004761,0.981812,-1.892090,-1.892090,-7.202148
35729,-0.003052,0.024292,1.002197,-1.037598,-2.441406,-7.446289
35740,0.013550,-0.023315,1.027100,-0.793457,-2.563477,-7.690430
35749,0.018311,-0.036621,1.018188,-0.915527,-2.929688,-7.873535
35760,0.007813,0.022949,0.983398,-1.037598,-2.258301,-7.751465
35769,0.029175,-0.012573,0.932983,-1.220703,-2.136230,-7.385254
35780,0.027100,-0.027954,0.939697,-0.854492,-1.525879,-7.141113
35789,0.024780,0.003784,1.005005,-0.732422,-1.586914,-6.835937
35801,-0.005005,-0.003784,1.049561,-0.488281,-1.403809,-6.347656
35810,-0.003540,-0.014648,1.050415,-0.366211,-1.586914,-6.042480
35820,-0.008301,-0.023071,0.988525,0.122070,-0.854492,-5.554199
35830,-0.003052,-0.044434,0.960449,0.305176,-0.976562,-5.004883
35839,0.010254,-0.053345,0.970947,0.488281,-1.281738,-4.394531
35850,0.008667,-0.063721,0.987793,0.488281,-1.647949,-4.211426
35859,0.010986,-0.078247,1.001465,0.244141,-0.122070,-3.234863
35871,-0.025024,-0.051636,0.970215,-0.122070,-0.793457,-2.746582
35881,-0.049438,-0.085205,0.944824,0.122070,-0.366211,-2.258301
35890,-0.031860,-0.001221,0.983643,0.183105,0.061035,-1.953125
35900,-0.030029,-0.025269,1.029541,0.061035,-0.061035,-1.892090
35910,-0.023193,0.007324,1.028809,0.061035,0.000000,-2.136230
35920,-0.023804,-0.030884,1.004761,-0.122070,-0.061035,-2.502441
35930,-0.026245,-0.007813,0.992798,-0.122070,-0.488281,-3.845215
35940,0.025391,-0.040527,0.982300,-0.244141,-0.183105,-4.272461
35949,0.026611,-0.044556,1.006592,-0.244141,0.061035,-4.699707
35960,0.040649,-0.032471,1.028809,-0.793457,-0.671387,-5.310059
35969,0.008545,-0.005127,0.958374,-1.037598,0.610352,-5.737305
35980,0.028809,0.017578,0.990723,-1.464844,-0.610352,-5.859375
35989,0.024292,0.000977,1.037476,-1.037598,-0.488281,-6.042480
36002,0.020630,-0.017456,1.047852,-0.976562,-0.427246,-6.225586
36012,0.009644,0.009521,0.990479,-1.159668,-0.488281,-6.103516
36021,0.006470,0.025269,0.989990,-1.098633,-0.610352,-5.798340
36030,0.010132,-0.009033,1.020142,-0.610352,-1.098633,-5.798340
36040,0.025513,0.017578,1.060181,-0.732422,-0.732422,-5.371094
36050,-0.002441,-0.036865,1.027100,-0.610352,-0.732422,-5.126953
36060,-0.025391,-0.019165,0.986206,-0.793457,-0.366211,-4.455566
36069,-0.027222,-0.033691,1.009644,-0.854492,0.366211,-3.173828
36081,-0.002197,-0.026367,1.002075,-0.854492,0.122070,-2.929688
36091,-0.017090,-0.064453,0.955200,-0.549316,-0.244141,-2.685547
36101,-0.039673,-0.065918,0.956177,-0.366211,-0.366211,-2.502441
36111,-0.019409,-0.061646,0.972168,-0.610352,0.000000,-2.258301
36120,-0.031738,-0.064209,0.992310,-0.976562,0.183105,-1.892090
36130,-0.044189,-0.014648,0.958130,-1.342773,0.427246,-1.892090
36140,-0.030640,0.026733,0.982300,-1.525879,0.854492,-2.014160
36149,-0.034790,0.003662,0.993286,-1.586914,0.549316,-2.380371
36160,-0.017456,0.018921,1.014160,-1.281738,0.610352,-2.929688
36170,-0.014771,-0.005737,1.003540,-1.403809,0.305176,-3.173828
36179,0.000122,-0.012573,1.022217,-1.464844,1.037598,-3.173828
36190,-0.019165,-0.041626,1.000854,-1.403809,0.793457,-3.112793
36200,0.005493,0.062622,1.034546,-1.586914,0.793457,-2.746582
36211,0.033203,-0.027954,0.982788,-1.586914,0.427246,-2.319336
36221,0.024902,0.027588,1.033936,-1.159668,0.183105,-2.136230
36230,0.008057,-0.019287,1.040771,-0.854492,0.854492,-1.525879
36239,-0.003662,-0.052612,1.012329,-1.098633,0.671387,-0.976562
36249,-0.025146,0.056396,1.013916,-1.342773,0.366211,-0.549316
36260,-0.054199,0.017822,0.973511,-1.037598,0.610352,0.183105
36270,-0.069946,-0.070435,0.964844,-0.610352,1.525879,1.098633
36279,-0.055786,-0.026123,0.998535,-0.671387,1.953125,2.502441
36291,-0.055542,-0.070190,0.978271,-1.098633,2.136230,2.868652
36301,-0.041626,0.035156,0.984985,-1.342773,1.403809,2.807617
36310,-0.028198,-0.024048,0.970947,-0.976562,2.441406,3.112793
36320,-0.033569,-0.067383,0.985229,-0.854492,2.685547,3.051758
36330,-0.001831,-0.018677,1.031982,-1.159668,1.831055,2.563477
36340,-0.014038,-0.066162,1.000854,-1.037598,1.892090,2.136230
36350,-0.015747,-0.043701,0.982910,-0.793457,1.892090,0.793457
36360,0.002808,-0.056519,0.960205,-0.366211,1.647949,0.244141
36370,0.011353,-0.066284,0.979858,-0.610352,1.098633,-0.183105
36379,-0.000977,0.009521,1.028442,-1.342773,0.671387,-0.549316
36390,0.003418,-0.034668,0.981934,-1.281738,1.159668,-0.610352
36399,0.012329,-0.025024,0.974731,-1.464844,1.159668,-0.549316
36410,0.039551,0.026245,1.030151,-1.281738,1.647949,-0.854492
36420,0.032349,-0.038452,1.001831,-0.915527,0.427246,-2.136230
36431,0.049927,0.038330,1.066284,-0.549316,0.732422,-2.929688
36440,0.046875,-0.046021,0.974609,-0.610352,-0.061035,-3.784180
36450,0.046387,-0.035889,1.028687,-1.037598,-0.854492,-4.516602
36459,0.058228,0.011719,1.007446,-1.159668,-0.427246,-5.187988
36470,0.039917,-0.013428,1.003906,-1.342773,0.244141,-5.432129
36479,0.014404,-0.025757,1.016235,-1.159668,-0.061035,-5.493164
36491,-0.007446,-0.024170,1.014038,-1.464844,-0.549316,-5.432129
36500,-0.014038,-0.068481,0.992187,-0.915527,-0.488281,-5.554199
36510,-0.003296,-0.004883,0.984619,-1.586914,-1.098633,-5.615234
36520,0.000488,0.031128,1.020386,-1.647949,0.671387,-5.371094
36530,0.000488,-0.027100,0.941528,-1.525879,-0.244141,-5.371094
36540,-0.005615,0.020874,1.012207,-1.525879,-0.549316,-5.126953
36550,0.010254,-0.048462,0.995483,-1.281738,-0.366211,-4.760742
36561,-0.021484,-0.010498,1.007813,-1.403809,-0.183105,-4.272461
36571,-0.036987,0.000000,0.979736,-1.770020,0.244141,-3.540039
36581,-0.032104,-0.003906,0.986694,-1.281738,-0.244141,-3.112793
36590,-0.026855,-0.062500,0.968018,-1.281738,0.061035,-2.868652
36600,-0.017212,-0.017822,1.033813,-1.220703,-0.061035,-2.746582
36610,-0.016846,-0.072266,1.000732,-1.037598,0.244141,-2.746582
36620,-0.014526,-0.046997,1.021240,-1.220703,0.671387,-2.441406
36630,-0.016235,-0.031372,0.978882,-0.976562,0.793457,-1.159668
36640,-0.023071,-0.061157,0.949707,-0.488281,0.793457,-0.610352
36651,-0.018066,-0.098022,0.984985,-0.122070,1.098633,0.122070
36660,-0.014282,-0.087158,0.970947,-0.549316,1.098633,0.061035
36670,-0.029053,0.018188,0.996704,-1.525879,1.037598,-0.061035
36681,-0.028076,0.019775,0.990356,-1.586914,0.976562,-0.061035
36690,-0.051514,-0.041016,0.938477,-1.586914,0.976562,-0.427246
36700,-0.016602,0.041382,1.002686,-1.281738,1.403809,0.488281
36711,-0.032471,-0.028931,1.065063,-1.342773,2.014160,0.915527
36721,-0.049316,-0.035400,1.007935,-1.647949,2.197266,1.159668
36730,-0.029785,0.070190,1.031738,-2.258301,2.258301,1.647949
36740,-0.039429,-0.010376,0.950806,-2.075195,2.258301,2.136230
36751,-0.023804,-0.014893,1.005005,-1.586914,2.380371,2.624512
36760,-0.024658,-0.068115,0.961548,-1.342773,2.258301,3.356934
36772,-0.021973,-0.039551,1.007446,-1.708984,2.685547,4.821777
36781,-0.035889,0.015137,1.024170,-2.136230,2.929688,5.920410
36790,-0.069458,-0.009521,0.933960,-1.953125,3.234863,6.958008
36800,-0.055176,0.056030,0.998901,-1.647949,3.295898,7.690430
36810,-0.086670,-0.038086,0.959839,-1.220703,2.929688,8.483887
36820,-0.093140,-0.027954,1.034180,-1.159668,3.295898,8.789063
36831,-0.111816,-0.051880,0.978149,-2.014160,4.272461,9.399414
36841,-0.108887,0.003662,0.937500,-1.953125,4.699707,9.887695
36850,-0.084839,0.020386,1.001831,-1.586914,5.493164,10.314941
36860,-0.080811,-0.006348,0.995972,-1.220703,5.676270,10.437012
36870,-0.052734,0.028198,1.046509,-1.220703,5.737305,10.375977
36880,-0.050171,-0.045166,1.011719,-1.464844,5.798340,10.742188
36890,-0.022827,-0.039063,1.014893,-1.464844,5.859375,10.864258
36902,-0.012329,-0.014282,1.034912,-2.014160,6.469727,11.169434
36911,0.010620,0.004883,1.009644,-1.770020,6.408691,11.474609
36921,0.002686,-0.075317,0.995361,-1.342773,6.835937,11.840820
36931,0.040649,-0.013184,1.071045,-1.281738,7.019043,11.840820
36940,0.018555,-0.020630,1.004517,-1.098633,5.920410,11.962891
36951,0.058105,-0.026001,0.983398,-1.098633,5.615234,11.840820
36960,0.078735,-0.092773,0.951782,-0.854492,5.004883,11.840820
36971,0.141357,-0.030029,1.007202,-1.708984,4.150391,12.390137
36981,0.131348,-0.018677,0.979980,-1.892090,3.784180,12.451172
36990,0.114746,-0.024536,1.024902,-1.892090,4.272461,12.817383
37000,0.087280,-0.065918,1.003418,-1.403809,3.540039,12.145996
37010,0.068359,-0.075928,1.054932,-1.342773,3.356934,11.657715
37021,0.035522,-0.083252,1.031494,-1.037598,3.784180,10.375977
37030,0.050903,-0.061279,1.001953,-1.159668,1.281738,8.789063
37040,0.038574,-0.028442,1.015015,-1.403809,2.197266,7.751465
37051,0.022339,0.019287,0.978882,-1.464844,1.403809,5.432129
37061,0.021851,-0.020508,0.951904,-0.549316,1.159668,4.516602
37070,0.042480,-0.023193,0.957886,-0.305176,1.525879,3.845215
37080,0.025757,0.051147,1.026001,-1.159668,1.403809,3.723145
37091,-0.008789,0.045044,0.978149,-1.037598,2.197266,3.723145
37100,0.002441,0.026489,0.938721,-0.915527,1.953125,3.784180
37111,0.015259,0.010132,0.981079,-1.037598,0.793457,3.540039
37121,0.044434,-0.008179,1.064087,-1.403809,1.525879,3.967285
37131,0.032837,-0.046143,1.005859,-1.770020,0.671387,4.516602
37141,0.046875,0.007935,1.015015,-2.197266,1.281738,5.310059
37150,0.061890,0.021362,1.007690,-1.953125,1.220703,6.164551
37160,0.065430,-0.072388,0.964233,-1.220703,0.915527,6.530762
37170,0.071289,-0.038208,1.044067,-1.037598,0.610352,6.164551
37183,0.022461,-0.108887,0.987793,-0.793457,0.061035,3.906250
37192,0.038818,-0.027710,1.048462,-1.281738,0.061035,2.685547
37201,0.037964,-0.026367,0.993774,-1.464844,-0.610352,1.525879
37211,0.027466,-0.055908,0.932251,-1.342773,-0.610352,0.793457
37221,0.063232,-0.005127,1.004883,-0.976562,-0.305176,0.000000
37230,0.076172,-0.062866,0.995117,-0.915527,-0.549316,-0.549316
37240,0.060791,-0.076294,0.986450,-1.037598,-1.464844,-1.098633
37251,0.062378,0.001587,1.029419,-1.525879,-0.854492,-1.586914
37261,0.033325,-0.070068,0.964111,-1.037598,-0.488281,-2.014160
37271,0.045044,-0.021851,1.025391,-1.281738,-1.098633,-2.685547
37280,0.043579,-0.041504,1.029541,-1.098633,-1.220703,-3.479004
37290,0.035522,-0.088745,0.956787,-1.037598,-1.647949,-3.906250
37301,0.071167,-0.050659,0.994751,-1.342773,-1.892090,-4.577637
37310,0.098022,-0.032593,1.034424,-1.464844,-2.197266,-5.065918
37323,0.016479,-0.019409,0.986450,-1.403809,-2.502441,-5.554199
37332,0.041992,0.011230,1.045532,-1.647949,-2.563477,-5.920410
37341,0.021240,-0.064575,0.983398,-0.976562,-2.807617,-6.042480
37351,-0.013184,-0.083984,0.966553,-0.549316,-2.075195,-6.103516
37361,0.004028,-0.037964,1.031006,-1.037598,-2.319336,-6.591797
37371,0.019165,-0.049072,1.014282,-1.098633,-2.319336,-7.324219
37380,-0.027344,-0.092285,0.958008,-1.220703,-2.502441,-7.690430
37393,0.002075,0.011353,1.042358,-1.831055,-2.075195,-8.728027
37402,-0.032104,-0.074585,0.996704,-1.220703,-1.770020,-8.605957
37412,-0.065430,-0.071289,0.998047,-1.464844,-1.525879,-8.483887
37421,-0.050537,0.014038,1.052246,-1.586914,-0.793457,-8.789063
37431,-0.022461,0.027344,1.006714,-1.647949,-1.159668,-8.789063
37440,-0.032349,-0.029053,0.915649,-0.976562,-0.976562,-8.483887
37450,-0.002930,0.007813,0.939453,-0.671387,-0.488281,-8.117676
37460,0.042725,0.032471,1.026733,-0.793457,-0.854492,-7.934570
37472,0.044189,-0.042847,1.012329,-1.098633,-0.183105,-7.019043
37481,0.074341,-0.010132,1.015991,-1.953125,-0.427246,-6.530762
37491,0.091431,0.041870,1.027344,-2.319336,-1.098633,-6.225586
37500,0.068237,0.018433,0.999634,-2.075195,-0.976562,-5.920410
37510,0.015869,-0.026245,0.994995,-1.647949,-1.220703,-5.798340
37521,0.008789,-0.031128,1.003174,-1.464844,-1.464844,-6.103516
37530,0.005859,-0.015747,1.022827,-1.464844,-1.037598,-6.530762
37542,-0.040283,-0.039063,0.992310,-1.525879,-0.549316,-6.896973
37552,-0.026978,-0.041260,0.984619,-1.281738,-0.427246,-7.141113
37561,0.007446,-0.037598,1.001343,-1.220703,-0.671387,-7.629395
37571,0.034180,-0.033691,1.005737,-1.525879,-0.732422,-7.995605
37580,0.042603,-0.022461,1.018921,-1.770020,-0.854492,-8.117676
37590,0.033569,-0.010742,1.017212,-1.953125,-1.037598,-8.056641
37603,0.037720,0.006836,1.023682,-1.892090,-1.159668,-7.873535
37612,0.033325,-0.005127,1.008667,-1.892090,-1.342773,-7.873535
37622,0.020264,-0.008911,0.983032,-1.770020,-1.098633,-7.690430
37631,0.001831,0.004028,0.990723,-2.014160,-0.732422,-7.568359
37641,-0.007813,-0.000977,0.977661,-2.075195,-0.732422,-7.568359
37651,-0.015381,0.008789,0.990601,-2.075195,-0.488281,-7.507324
37661,-0.024780,0.003418,1.014282,-2.014160,-0.549316,-7.385254
37671,-0.050903,0.001831,0.998535,-1.586914,-0.183105,-6.652832
37680,-0.055786,0.010986,1.009888,-1.708984,0.061035,-5.981445
37691,-0.017334,-0.002930,1.004639,-1.831055,0.488281,-5.371094
37700,-0.015991,0.024048,0.987061,-1.708984,0.610352,-4.638672
37711,-0.020264,0.055298,0.979126,-1.647949,0.793457,-3.662109
37721,-0.009277,0.043701,0.966064,-1.464844,1.403809,-2.807617
37730,0.001587,0.020874,0.979614,-1.586914,1.708984,-1.464844
37743,0.035034,0.053833,1.024292,-2.014160,1.708984,-0.122070
37752,0.027710,0.045410,1.000244,-1.770020,1.770020,0.366211
37762,0.030151,0.035645,0.991577,-1.464844,1.708984,0.610352
37771,0.036743,0.055786,1.015869,-1.464844,1.586914,0.610352
37780,0.021973,0.050049,1.015747,-1.281738,1.586914,0.915527
37791,0.011841,0.025513,0.999756,-1.403809,1.159668,1.098633
37800,0.013062,0.021973,0.999512,-1.464844,1.464844,1.342773
37812,0.007324,0.030029,1.001099,-1.770020,1.708984,1.220703
37821,0.018188,0.022949,0.996094,-1.770020,1.708984,0.793457
37830,0.038818,0.028320,1.017212,-1.953125,1.281738,0.183105
37841,0.058105,0.026611,1.027466,-2.075195,0.610352,-0.305176
37850,0.072510,0.031250,1.030762,-2.014160,1.037598,-0.488281
37860,0.087280,0.033936,1.028198,-1.953125,0.915527,-0.366211
37871,0.097656,0.029541,1.020996,-1.586914,0.793457,-0.244141
37883,0.111206,0.015991,1.001221,-1.586914,-0.122070,-0.427246
37893,0.108032,0.017456,0.995483,-1.647949,-0.305176,-0.488281
37902,0.111694,0.031494,1.002930,-1.831055,-0.732422,-0.427246
37912,0.104736,0.021973,1.001465,-2.075195,-1.403809,-0.366211
37921,0.096069,0.041016,1.009399,-2.258301,-1.403809,-0.183105
37931,0.082520,0.037598,1.009644,-2.136230,-1.281738,0.000000
37941,0.067017,0.036377,1.013550,-2.075195,-1.892090,0.244141
37950,0.058228,0.034912,1.020508,-1.647949,-1.281738,0.976562
37962,0.032959,-0.026733,1.006104,-1.098633,-2.258301,1.037598
37972,0.019653,-0.080566,1.005249,-0.610352,-2.441406,1.220703
37981,0.010864,-0.094482,1.000854,-0.732422,-2.441406,1.281738
37991,0.009644,-0.116577,0.986572,-0.427246,-2.258301,1.342773
38001,0.007446,-0.124634,0.972412,-0.244141,-2.319336,1.098633
38011,0.003906,-0.097534,0.969604,-0.671387,-2.441406,1.281738
38021,0.009033,-0.089844,0.973877,-0.793457,-1.953125,2.258301
38032,0.020874,-0.064453,1.000977,-0.671387,-2.197266,2.563477
38042,0.024536,-0.063354,1.012207,-0.427246,-2.136230,3.051758
38051,0.031250,-0.073242,1.013306,-0.549316,-1.953125,3.601074
38061,0.035156,-0.068237,1.009155,-0.793457,-2.746582,4.028320
38071,0.036621,-0.076172,1.005493,-0.610352,-2.624512,4.516602
38081,0.014038,-0.100830,0.995728,-0.305176,-2.319336,4.760742
38093,0.009155,-0.086426,0.961792,-0.244141,-2.258301,6.042480
38103,0.009888,-0.070068,0.967285,-0.488281,-1.953125,6.713867
38112,0.008057,-0.106445,0.988037,-1.159668,-1.708984,7.324219
38122,0.003540,-0.150513,1.030640,-1.159668,-1.525879,7.995605
38131,0.002686,-0.190430,1.054810,-0.793457,-2.136230,8.239746
38141,0.000000,-0.234619,1.027466,-0.549316,-2.197266,8.422852
38150,-0.008179,-0.229126,1.001465,-0.183105,-2.075195,8.422852
38165,-0.013306,-0.115601,0.927734,-0.976562,-2.014160,8.361816
38174,-0.013428,-0.123657,0.932739,-1.220703,-2.258301,8.483887
38184,-0.013062,-0.114136,0.973755,-1.708984,-2.075195,8.300781
38194,-0.005493,-0.094971,0.978394,-2.014160,-1.953125,8.117676
38204,0.006470,-0.115112,0.991943,-1.770020,-1.464844,7.629395
38213,0.024414,-0.099976,1.022949,-1.708984,-1.525879,6.591797
38223,0.018677,-0.088013,1.029541,-1.281738,-1.525879,5.798340
38232,-0.000977,-0.112915,0.991577,-1.342773,-2.319336,5.310059
38242,-0.000610,-0.100708,0.985474,-1.281738,-2.136230,4.394531
38251,0.001587,-0.135376,0.952637,-1.586914,-2.807617,3.845215
38261,-0.005127,-0.124390,0.963013,-1.464844,-2.624512,3.417969
38271,-0.008545,-0.124023,0.976807,-1.525879,-2.319336,3.295898
38281,-0.011108,-0.146973,0.993042,-1.647949,-2.319336,3.051758
38291,-0.014648,-0.168579,1.006104,-1.831055,-2.319336,3.051758
38300,-0.028564,-0.190552,1.009766,-1.770020,-2.258301,2.624512
38312,-0.033813,-0.160767,1.003784,-1.708984,-2.075195,2.441406
38322,-0.028320,-0.137085,0.984497,-1.770020,-2.197266,2.258301
38331,-0.028931,-0.101563,0.974976,-2.075195,-1.953125,1.953125
38341,-0.036621,-0.083984,0.973999,-2.014160,-2.258301,1.831055
38351,-0.037231,-0.088867,0.992310,-2.136230,-1.953125,1.770020
38361,-0.032593,-0.095337,1.007813,-2.502441,-1.953125,1.647949
38371,-0.028809,-0.104126,1.021362,-2.258301,-1.342773,1.953125
38380,-0.031128,-0.113037,1.000977,-2.014160,-1.220703,2.014160
38391,-0.020630,-0.098145,0.991577,-2.014160,-1.159668,2.197266
38401,-0.016479,-0.089966,0.982056,-1.953125,-1.342773,2.319336
38411,-0.017822,-0.087158,0.980103,-2.136230,-1.281738,2.502441
38421,-0.020752,-0.088379,0.988647,-2.136230,-0.854492,2.685547
38431,-0.023315,-0.095947,0.998535,-2.014160,-0.183105,3.417969
38441,-0.031006,-0.102905,1.001953,-2.014160,-0.183105,3.356934
38451,-0.033447,-0.099365,0.996460,-1.831055,-0.244141,3.295898
38461,-0.028320,-0.091431,0.986938,-2.014160,-0.732422,3.417969
38470,-0.014160,-0.083618,0.982788,-1.892090,-0.366211,3.356934
38481,-0.004272,-0.084839,0.983032,-1.953125,-0.610352,3.234863
38491,0.000610,-0.088867,0.992432,-1.953125,-0.671387,3.173828
38500,0.000122,-0.096313,1.003296,-1.647949,-0.244141,3.234863
38513,-0.011230,-0.103271,1.003296,-1.708984,-0.244141,3.295898
38523,-0.020508,-0.103394,1.000000,-1.708984,-0.305176,3.234863
38532,-0.027222,-0.095825,0.998901,-1.525879,-0.610352,3.112793
38542,-0.021362,-0.095947,0.996216,-1.403809,-0.305176,3.051758
38552,-0.013184,-0.096069,0.994751,-1.525879,-0.122070,2.746582
38561,-0.006714,-0.099487,0.993896,-1.708984,-0.366211,2.441406
38571,0.000488,-0.107422,0.998779,-1.525879,-0.061035,2.563477
38583,0.021484,-0.114258,1.001221,-1.525879,-0.122070,2.197266
38593,0.024536,-0.110229,1.000366,-1.647949,-0.671387,1.708984
38602,0.025146,-0.105957,0.999878,-1.770020,-0.366211,1.586914
38612,0.026733,-0.101685,1.000244,-1.586914,-0.976562,1.525879
38621,0.034790,-0.097656,1.002075,-1.464844,-1.098633,1.403809
38631,0.036987,-0.097534,1.000488,-1.464844,-1.403809,1.281738
38640,0.029785,-0.099609,1.000366,-1.586914,-1.464844,1.159668
38653,0.011841,-0.108643,0.999023,-1.525879,-1.403809,0.976562
38663,0.000244,-0.108154,0.996582,-1.586914,-1.464844,0.793457
38672,-0.019409,-0.099976,0.993652,-1.586914,-1.892090,0.732422
38682,-0.039795,-0.094849,0.991089,-1.525879,-1.770020,0.854492
38692,-0.059082,-0.087280,0.988403,-1.403809,-1.403809,1.220703
38701,-0.069580,-0.082275,0.989868,-1.281738,-1.037598,1.525879
38711,-0.067871,-0.081665,0.985474,-1.220703,-0.793457,1.953125
38721,-0.072876,-0.082153,0.982422,-1.159668,-0.305176,2.624512
38732,-0.063965,-0.098267,0.997437,-1.220703,0.061035,2.990723
38742,-0.056030,-0.107544,0.997192,-1.220703,0.366211,3.295898
38751,-0.051636,-0.117310,0.997192,-1.098633,0.793457,3.601074
38761,-0.045288,-0.125977,0.997437,-1.159668,0.976562,3.784180
38771,-0.033813,-0.126831,0.996338,-1.159668,1.098633,4.150391
38780,-0.015381,-0.125488,0.993896,-1.281738,1.037598,4.211426
38793,0.006714,-0.114380,0.995239,-1.525879,0.976562,4.516602
38802,0.010620,-0.110962,0.999878,-1.464844,0.915527,4.577637
38812,0.014771,-0.105225,1.002930,-1.464844,1.037598,4.760742
38821,0.018921,-0.103638,1.002808,-1.525879,1.220703,4.760742
38831,0.022827,-0.100586,1.000366,-1.647949,0.915527,4.699707
38840,0.021851,-0.096802,0.997314,-1.342773,0.732422,4.760742
38851,0.013428,-0.094849,0.995239,-1.464844,0.244141,4.699707
38861,0.004517,-0.095215,0.994507,-1.770020,-0.183105,4.638672
38872,-0.012817,-0.098755,0.994507,-1.525879,0.244141,4.760742
38882,-0.016479,-0.104614,0.988647,-1.220703,0.793457,4.638672
38891,-0.022339,-0.113770,0.981567,-1.281738,0.610352,4.516602
38901,-0.026489,-0.120728,0.979858,-1.525879,0.732422,3.906250
38911,-0.024536,-0.126343,0.981201,-1.403809,0.793457,3.540039
38921,-0.012939,-0.129883,0.989746,-1.342773,0.549316,3.356934
38930,0.001343,-0.130371,0.997559,-1.403809,0.854492,2.807617
38942,0.029907,-0.126099,0.999268,-1.464844,1.098633,2.746582
38952,0.050781,-0.121460,1.000000,-1.586914,0.305176,2.258301
38961,0.065063,-0.116577,1.000488,-1.708984,0.183105,1.770020
38970,0.069824,-0.115601,1.000977,-1.770020,0.305176,1.647949
38981,0.065430,-0.115845,1.001343,-1.708984,-0.610352,1.342773
38990,0.056030,-0.114502,1.004883,-1.831055,-0.488281,1.098633
39003,0.030762,-0.109253,1.005615,-1.831055,-0.610352,0.732422
39013,0.018188,-0.105713,1.002075,-1.892090,-1.159668,0.610352
39022,0.011108,-0.099854,1.001099,-1.892090,-1.281738,0.549316
39032,0.012939,-0.096558,0.999878,-1.525879,-0.732422,0.488281
39041,0.009155,-0.096191,0.996582,-1.647949,-0.793457,0.244141
39051,-0.001465,-0.101929,0.997925,-1.647949,-1.159668,0.244141
39061,-0.007935,-0.105469,1.000366,-1.586914,-1.098633,0.427246
39072,-0.021606,-0.111938,0.988525,-1.770020,-1.037598,0.793457
39082,-0.035278,-0.111572,0.984497,-1.953125,-0.793457,0.793457
39092,-0.044678,-0.110596,0.984619,-1.586914,-0.427246,0.793457
39101,-0.046387,-0.105469,0.986816,-1.770020,-0.488281,0.610352
39111,-0.038818,-0.099609,0.985229,-1.708984,-0.732422,0.488281
39120,-0.029663,-0.095825,0.983276,-1.770020,-0.793457,0.610352
39131,-0.023682,-0.094849,0.988892,-1.770020,-0.549316,0.732422
39141,-0.014038,-0.094360,0.996460,-1.647949,0.122070,1.525879
39151,-0.004395,-0.093750,0.993408,-1.586914,0.122070,1.892090
39160,0.001587,-0.098877,0.994629,-1.525879,0.183105,2.014160
39171,0.004639,-0.102539,0.996704,-1.525879,0.427246,2.136230
39181,0.009033,-0.108765,0.994385,-1.647949,-0.366211,2.441406
39191,0.007568,-0.113647,0.994751,-1.708984,-0.549316,2.258301
39201,0.001099,-0.115479,0.999512,-1.708984,-0.427246,1.892090
39213,-0.012817,-0.116699,1.000732,-1.647949,-0.427246,1.586914
39223,-0.023071,-0.115234,1.000488,-1.586914,-0.488281,1.525879
39233,-0.028564,-0.110229,1.000732,-1.708984,0.000000,1.403809
39242,-0.025269,-0.107666,1.000854,-1.770020,0.061035,1.464844
39251,-0.019897,-0.106323,1.000244,-1.831055,-0.061035,1.342773
39261,-0.017822,-0.102173,1.000366,-1.647949,0.122070,1.403809
39271,-0.014404,-0.101807,1.001099,-1.770020,0.000000,1.647949
39280,-0.008667,-0.104004,1.000854,-1.525879,-0.305176,2.136230
39292,-0.022339,-0.135010,1.027832,-1.892090,-0.061035,2.258301
39302,-0.015259,-0.122559,0.991455,-1.647949,0.305176,2.197266
39311,0.005493,-0.118164,0.967041,-1.708984,0.061035,2.380371
39320,0.013062,-0.095093,0.978149,-1.464844,0.488281,2.624512
39331,0.030151,-0.062866,0.963135,-1.708984,0.549316,2.746582
39341,-0.036987,-0.081543,0.991699,-1.708984,0.122070,2.746582
39352,0.006104,-0.066650,1.004761,-1.647949,-0.488281,2.319336
39362,0.047485,-0.091797,0.999268,-1.647949,0.732422,3.051758
39371,0.043701,-0.119019,1.008911,-1.403809,1.220703,3.662109
39381,-0.006836,-0.124634,1.008911,-1.464844,0.427246,3.723145
39391,-0.025879,-0.134766,0.978271,-1.586914,0.427246,3.234863
39401,0.029297,-0.124390,0.984985,-1.770020,-0.488281,2.746582
39411,0.056274,-0.113281,0.996338,-1.770020,0.000000,2.502441
39421,0.044556,-0.120728,1.000488,-1.647949,-0.549316,2.197266
39432,-0.007568,-0.119141,0.998779,-1.770020,-0.549316,1.647949
39442,-0.006226,-0.106079,0.995972,-1.708984,-0.427246,1.464844
39451,0.004028,-0.106812,0.988892,-1.892090,-0.244141,1.281738
39461,-0.031006,-0.111694,0.994019,-1.831055,-0.244141,0.793457
39470,-0.047607,-0.095947,1.008057,-1.892090,-0.305176,0.305176
39481,-0.046875,-0.083740,0.980347,-1.831055,-0.793457,-0.122070
39491,-0.016235,-0.093384,0.989258,-1.525879,-0.061035,-0.122070
39502,-0.017212,-0.102417,0.989502,-1.403809,-0.061035,-0.122070
39512,-0.007446,-0.108032,0.993774,-1.403809,0.000000,-0.183105
39521,-0.012207,-0.105103,1.003296,-1.647949,-0.122070,-0.305176
39531,-0.004150,-0.116211,1.006592,-1.342773,-0.305176,-0.122070
39541,-0.013672,-0.104736,0.979614,-1.464844,-0.305176,0.244141
39551,-0.016357,-0.092651,0.965576,-1.403809,-0.183105,0.366211
39560,0.010132,-0.070801,0.982178,-1.586914,0.488281,2.014160
39572,0.031860,-0.065186,1.011353,-1.770020,0.671387,2.807617
39581,0.007813,-0.095947,1.013306,-1.770020,0.671387,3.051758
39591,-0.014038,-0.109741,1.016113,-1.586914,0.488281,3.051758
39601,-0.002563,-0.116089,1.010010,-1.464844,0.244141,3.173828
39611,0.015381,-0.120728,0.996948,-1.159668,0.122070,3.356934
39621,0.024292,-0.111572,0.990112,-1.281738,0.061035,3.417969
39633,0.000244,-0.112915,0.989014,-1.342773,0.427246,3.479004
39643,0.001587,-0.112061,0.995483,-1.525879,0.427246,3.417969
39652,-0.000122,-0.119141,1.000732,-1.525879,0.244141,3.112793
39662,-0.001831,-0.126587,1.000122,-1.342773,0.061035,2.746582
39671,-0.000977,-0.116333,0.997681,-1.403809,-0.061035,2.136230
39681,0.008301,-0.119141,0.993164,-1.647949,-0.305176,1.586914
39691,0.011719,-0.115601,0.988647,-1.647949,-0.671387,1.220703
39701,0.019287,-0.108276,0.985352,-1.708984,-0.549316,0.854492
39710,0.027710,-0.099243,0.999146,-1.831055,-0.122070,0.976562
39721,0.011230,-0.094116,0.999512,-1.586914,0.000000,0.915527
39731,-0.004883,-0.094482,0.994629,-1.647949,-0.305176,0.793457
39741,-0.009644,-0.096191,0.993408,-1.525879,-0.366211,0.671387
39751,-0.012695,-0.094238,0.995239,-1.464844,-0.610352,0.488281
39760,-0.008545,-0.092773,0.991577,-1.403809,-0.305176,0.549316
39772,-0.005493,-0.102295,0.998413,-1.281738,-0.610352,0.366211
39782,0.001953,-0.115845,0.999390,-1.525879,-0.671387,0.244141
39792,0.002441,-0.120972,0.999878,-1.464844,-0.244141,0.244141
39801,0.000122,-0.117798,0.998779,-1.464844,-0.549316,0.488281
39811,-0.000244,-0.109375,0.990234,-1.464844,-0.549316,0.854492
39821,0.000122,-0.104492,0.982056,-1.342773,-0.549316,1.159668
39832,-0.004883,-0.084106,0.983154,-1.403809,-0.427246,1.770020
39842,-0.020142,-0.094116,0.995117,-1.586914,-0.488281,1.953125
39851,-0.020386,-0.101196,1.004395,-1.525879,0.122070,2.502441
39861,-0.020874,-0.110352,1.007080,-1.647949,0.122070,2.746582
39870,-0.018555,-0.119385,1.002075,-1.525879,0.366211,2.990723
39881,-0.020020,-0.120117,0.998657,-1.342773,0.427246,3.540039
39891,-0.018433,-0.111816,0.994995,-1.342773,0.488281,3.662109
39900,-0.010742,-0.108643,0.993164,-1.586914,0.793457,4.150391
39913,0.009888,-0.105225,0.998779,-1.770020,0.549316,4.455566
39923,0.028076,-0.109253,0.996216,-1.708984,0.549316,4.333496
39932,0.035400,-0.111206,0.997437,-1.953125,-0.183105,4.394531
39941,0.042114,-0.113770,1.000854,-1.892090,-0.366211,4.272461
39951,0.041138,-0.115234,1.001099,-1.892090,-0.122070,4.089355
39961,0.036621,-0.117310,1.000854,-1.892090,0.061035,4.089355
39971,0.029053,-0.113037,1.001221,-1.831055,0.061035,4.028320
39982,0.012695,-0.100952,1.000732,-1.770020,0.183105,3.234863
39992,0.012939,-0.093872,0.997070,-1.831055,-0.732422,2.746582
40001,0.021362,-0.088623,0.988037,-1.708984,-0.732422,2.319336
40011,0.021484,-0.082153,0.986816,-1.708984,-1.159668,1.953125
40021,0.018677,-0.087646,0.989136,-1.770020,-1.281738,1.586914
40031,0.013428,-0.100830,0.993530,-1.708984,-1.098633,0.976562
40042,0.006470,-0.105347,0.999268,-1.708984,-1.220703,0.122070
40052,-0.001465,-0.106323,1.000610,-1.586914,-1.464844,0.000000
40062,-0.015869,-0.105713,0.998535,-1.281738,-1.464844,-0.366211
40071,-0.026123,-0.100342,1.000488,-1.464844,-1.525879,-0.610352
40081,-0.026611,-0.088013,1.000366,-1.159668,-1.159668,-0.671387
40091,-0.022705,-0.082031,0.990967,-1.281738,-1.220703,-0.671387
40101,-0.016235,-0.090698,0.987427,-1.159668,-1.281738,-0.488281
40112,-0.012451,-0.098145,0.994019,-1.281738,-0.915527,-0.366211
40122,-0.030884,-0.109009,1.000488,-1.220703,-0.854492,-0.122070
40132,-0.033936,-0.110962,1.000122,-1.098633,-0.488281,-0.305176
40142,-0.040527,-0.105835,1.000366,-1.159668,-0.549316,-0.244141
40151,-0.047974,-0.099976,0.995483,-1.220703,-0.183105,-0.122070
40161,-0.049927,-0.097900,0.982056,-1.342773,-0.488281,-0.244141
40170,-0.043213,-0.096558,0.975098,-1.098633,0.183105,-0.183105
40181,-0.042236,-0.058594,0.964966,-1.159668,0.061035,-0.122070
40191,-0.044189,-0.045898,0.979736,-1.403809,0.549316,0.671387
40202,-0.035767,-0.040161,0.997314,-1.281738,0.915527,1.220703
40212,-0.029175,-0.046387,1.003052,-1.403809,1.037598,1.953125
40221,-0.019775,-0.047119,1.004761,-1.403809,1.098633,2.746582
40230,-0.001099,-0.069092,1.000854,-1.342773,0.854492,3.417969
40241,0.020142,-0.097778,1.000732,-1.098633,0.915527,4.272461
40251,0.031128,-0.108521,1.006592,-0.976562,0.732422,4.882812
40263,0.011597,-0.095825,1.071533,-1.098633,1.037598,5.981445
40272,0.032227,-0.097900,1.254272,-1.037598,1.220703,6.408691
40282,-0.063965,-0.203491,0.889771,-1.647949,1.281738,6.652832
40291,-0.044556,0.113892,1.026733,-1.647949,1.892090,7.019043
40301,-0.044800,-0.258179,0.937744,-0.183105,2.014160,7.141113
40310,-0.058594,-0.106812,0.999023,-0.976562,1.708984,6.835937
40321,0.022339,-0.040649,0.907837,-1.647949,1.708984,6.896973
40332,0.013062,-0.133179,1.099976,-0.671387,1.770020,6.774902
40342,0.032227,-0.067261,1.002808,-2.014160,2.563477,6.835937
40351,0.003052,-0.233765,0.933716,-0.854492,2.380371,6.896973
40361,0.061768,-0.215698,0.985229,-0.793457,1.831055,6.469727
40371,0.088745,-0.240845,1.034302,-1.342773,2.258301,6.652832
40381,-0.015991,-0.151611,0.991943,-1.281738,1.403809,6.347656
40391,0.046265,-0.059326,0.959839,-1.403809,0.671387,5.798340
40403,0.206665,-0.458008,1.050659,-1.220703,1.037598,6.530762
40412,0.048584,-0.427124,1.154419,-0.793457,-1.770020,5.187988
40422,-0.125000,-0.292969,1.014648,-0.549316,-4.211426,3.417969
40431,0.198975,-0.026123,0.967529,-1.525879,-4.089355,3.173828
40441,0.259277,0.279297,0.977417,-2.990723,0.122070,6.164551
40451,0.195190,0.068848,1.035889,-4.089355,2.868652,9.460449
40461,0.001099,0.277832,1.111328,-3.295898,2.258301,8.972168
40471,-0.115356,-0.063110,0.812500,-3.051758,-2.685547,2.746582
40482,-0.091187,-0.003418,1.191772,-2.868652,-2.746582,1.586914
40492,-0.029175,-0.279175,1.113892,-1.586914,-2.868652,-0.122070
40502,-0.100464,-0.312866,0.982422,-0.915527,-2.929688,-1.770020
40511,0.011230,-0.218384,0.930298,-0.793457,-2.197266,-2.075195
40521,0.063477,-0.289917,0.975342,-0.610352,-0.854492,-0.549316
40532,0.070068,-0.279663,0.988281,-1.892090,-0.549316,-1.647949
40542,-0.049194,-0.101807,0.881226,-2.319336,-1.525879,-3.784180
40551,-0.022095,-0.145020,0.948608,-2.014160,-1.770020,-4.821777
40561,-0.028320,-0.107178,1.022949,-2.319336,-1.892090,-4.882812
40571,-0.046753,0.016235,1.043823,-2.380371,-1.831055,-5.371094
40581,-0.009399,-0.062378,0.879883,-1.403809,-1.770020,-5.798340
40591,0.013794,-0.270874,0.872192,0.671387,-1.953125,-6.042480
40600,0.081787,-0.437134,0.999756,1.525879,-2.014160,-6.103516
40613,0.051270,-0.208252,1.124878,-1.342773,-1.770020,-5.126953
40623,-0.036133,-0.098633,1.017456,-1.892090,-1.220703,-4.882812
40633,-0.076172,-0.151001,0.891357,-0.793457,-1.403809,-5.249023
40643,-0.093506,-0.269653,0.878906,0.549316,-1.647949,-5.920410
40652,-0.096924,-0.318970,0.989136,0.732422,-2.014160,-6.530762
40662,-0.104492,-0.241089,1.084595,-0.488281,-1.708984,-6.408691
40672,-0.121826,-0.117310,1.080688,-1.831055,-0.366211,-5.249023
40681,-0.124756,-0.077515,0.979370,-0.732422,0.793457,-4.699707
40691,-0.110107,-0.256470,0.926270,-0.183105,0.549316,-4.394531
40701,-0.141724,-0.290283,1.009521,-0.244141,0.305176,-4.089355
40711,-0.116821,-0.234131,1.056885,-1.159668,0.915527,-3.784180
40721,-0.031372,-0.174438,1.035034,-1.464844,2.258301,-2.685547
40731,0.073120,-0.181519,0.961304,-1.159668,2.990723,-0.671387
40741,0.009033,-0.240479,0.873657,-0.854492,2.563477,0.732422
40751,0.026489,-0.320557,0.940063,-1.220703,2.624512,4.760742
40762,0.014526,-0.214111,1.098145,-1.403809,3.112793,5.737305
40772,0.029785,-0.272827,1.028320,-1.098633,3.051758,6.286621
40781,0.075439,-0.188599,0.988159,-0.366211,2.807617,5.920410
40791,0.075562,-0.247803,0.856201,-0.244141,2.136230,5.920410
40801,0.065918,-0.240112,0.864746,-0.366211,1.403809,6.164551
40810,0.009644,-0.187256,0.947266,-1.037598,1.525879,7.385254
40822,-0.100708,-0.124268,1.074585,-1.647949,2.258301,13.610840
40832,-0.179565,-0.155396,1.008789,-0.915527,4.699707,15.686035
40841,-0.200806,-0.237793,0.942505,-0.671387,5.310059,17.822266
40850,-0.141602,-0.270020,0.935303,-0.671387,6.347656,19.042969
40861,-0.125488,-0.236938,0.958740,-1.220703,5.981445,19.348145
40871,-0.107300,-0.234741,0.995117,-1.037598,6.042480,19.226074
40881,-0.077271,-0.283813,0.974854,-0.793457,6.835937,18.798828
40892,-0.020386,-0.278198,0.972290,-0.610352,6.591797,16.723633
40902,0.020630,-0.259644,1.022217,-0.610352,7.019043,16.296387
40912,0.033325,-0.184326,1.038086,-0.488281,7.446289,15.563965
40921,0.051147,-0.122314,1.029541,0.183105,7.446289,16.601562
40930,0.118164,-0.266602,0.980469,0.976562,7.324219,18.127441
40941,0.137085,-0.309570,0.956665,0.549316,6.591797,17.761230
40951,-0.006714,-0.183960,0.986450,-0.366211,5.371094,18.066406
40961,0.050415,-0.156128,0.978271,-0.427246,6.530762,20.690918
40972,0.085571,-0.257568,0.966797,-0.366211,5.798340,21.118164
40981,0.000488,-0.242065,1.011963,-0.854492,4.760742,21.118164
40991,0.072510,-0.211060,1.000977,-0.915527,4.272461,19.958496
41001,0.101807,-0.234009,0.994019,-0.732422,5.004883,19.226074
41011,0.124023,-0.298828,1.008911,-0.732422,5.004883,18.249512
41021,0.133545,-0.298950,1.001953,-0.610352,3.906250,16.235352
41031,0.130371,-0.254028,0.940552,-1.220703,1.647949,11.962891
41042,0.151733,-0.242676,0.909668,-0.976562,1.281738,10.192871
41051,0.193237,-0.232666,0.968506,-0.915527,0.549316,8.544922
41061,0.219482,-0.248901,0.999634,-0.976562,0.427246,7.202148
41071,0.231689,-0.279419,1.053955,-1.220703,-0.183105,6.896973
41081,0.176758,-0.261230,1.076782,-1.403809,-0.793457,7.202148
41091,0.111694,-0.276489,1.014160,-1.708984,-1.831055,7.446289
41102,0.030762,-0.254883,1.020630,-1.403809,-1.831055,9.094238
41112,-0.032104,-0.348145,0.978394,-0.549316,-0.793457,10.681152
41121,-0.081909,-0.421265,0.948242,-0.244141,-1.403809,11.596680
41131,-0.100098,-0.416504,0.976074,-0.549316,-0.549316,12.756348
41141,-0.112793,-0.381592,0.961670,-1.159668,-0.244141,13.854980
41151,-0.082275,-0.335327,0.964111,-1.281738,0.671387,14.587402
41161,-0.110229,-0.347046,0.954834,-0.976562,0.976562,15.319824
41171,-0.088257,-0.409302,0.929443,-0.366211,1.281738,16.052246
41182,-0.070923,-0.444092,0.986694,-0.610352,1.525879,16.235352
41192,-0.019653,-0.372925,0.987183,-0.915527,1.220703,15.747070
41201,-0.066162,-0.407959,1.018921,-1.098633,0.610352,15.563965
41211,-0.028564,-0.437378,0.968994,-0.793457,0.793457,15.014648
41221,0.003540,-0.412842,0.970337,-1.037598,1.586914,14.709473
41231,0.047607,-0.383179,0.961914,-1.098633,2.014160,14.404297
41240,0.073486,-0.404297,0.977539,-0.366211,0.854492,11.840820
41252,0.084961,-0.409180,0.966553,-0.244141,0.549316,9.887695
41262,0.117798,-0.343750,0.999268,-0.732422,-0.305176,7.507324
41271,0.086792,-0.218872,0.846680,-0.549316,-0.854492,5.249023
41281,0.108765,-0.199829,0.823486,-0.122070,-2.380371,2.685547
41291,0.085693,-0.290894,1.049438,0.061035,-2.319336,0.549316
41301,0.212769,-0.292603,1.067383,-0.549316,-2.807617,-0.488281
41311,0.205078,-0.252563,0.956909,-1.586914,-3.051758,-1.647949
41322,0.135010,-0.189087,0.899902,-1.525879,-3.723145,-2.868652
41332,0.138794,-0.265991,0.944458,-1.159668,-4.333496,-4.089355
41342,0.094482,-0.315918,0.993042,-1.342773,-5.554199,-4.882812
41351,0.047363,-0.221436,1.083496,-2.014160,-4.821777,-5.737305
41361,0.098877,-0.272461,1.052856,-2.319336,-4.638672,-6.042480
41371,0.090576,-0.275635,1.020142,-2.319336,-4.516602,-6.225586
41381,0.095825,-0.238037,0.948364,-1.892090,-5.004883,-6.835937
41392,0.037476,-0.294067,0.980957,-1.892090,-5.432129,-7.263184
41402,0.015869,-0.321655,0.974121,-2.136230,-5.615234,-7.751465
41412,0.020142,-0.272339,1.040527,-2.685547,-5.432129,-8.483887
41421,0.028198,-0.305420,1.020020,-2.685547,-5.065918,-9.155273
41431,0.004150,-0.307495,1.002197,-2.868652,-5.187988,-9.521484
41440,-0.008423,-0.268311,1.007935,-2.807617,-5.310059,-10.192871
41453,-0.052002,-0.315186,0.971558,-2.624512,-4.638672,-11.962891
41463,-0.010254,-0.338257,0.973022,-2.807617,-4.577637,-12.939453
41472,0.008179,-0.324707,0.934326,-3.051758,-4.394531,-14.038086
41482,0.003540,-0.279663,0.935059,-3.356934,-4.211426,-14.770508
41492,0.015381,-0.284302,0.977539,-3.234863,-4.211426,-15.136719
41501,-0.001709,-0.267700,0.992554,-3.112793,-4.333496,-15.686035
41511,0.012329,-0.232666,1.023193,-3.234863,-3.601074,-16.052246
41522,0.074463,-0.189453,0.997070,-2.929688,-3.662109,-16.723633
41532,0.063721,-0.249634,0.968140,-2.197266,-3.845215,-16.845703
41541,0.107544,-0.305664,0.916870,-1.953125,-4.333496,-16.845703
41551,0.134644,-0.237305,0.938965,-2.563477,-4.150391,-16.174316
41560,0.150757,-0.202148,0.994629,-3.234863,-3.906250,-15.563965
41571,0.155762,-0.158691,1.005493,-3.417969,-4.455566,-14.892578
41582,0.136841,-0.147949,0.968628,-3.051758,-4.089355,-12.145996
41592,0.004639,-0.158447,0.996704,-2.990723,-3.479004,-10.375977
41602,0.018555,-0.240479,1.005981,-2.929688,-3.051758,-8.728027
41612,0.031860,-0.199585,0.996582,-2.929688,-3.173828,-7.995605
41621,-0.010498,-0.125000,0.988281,-2.929688,-3.295898,-7.690430
41631,-0.001709,-0.211182,0.967651,-2.563477,-3.173828,-7.690430
41640,-0.001465,-0.191895,0.991577,-2.563477,-4.028320,-7.812500
41652,-0.021240,-0.161255,0.982422,-2.441406,-3.234863,-7.568359
41662,-0.020752,-0.070312,0.974976,-2.319336,-2.929688,-7.324219
41672,-0.030762,-0.149048,0.975830,-2.197266,-2.197266,-7.385254
41681,-0.016724,-0.140015,0.959106,-2.075195,-1.525879,-7.812500
41691,-0.001343,-0.075806,0.971069,-1.953125,-1.342773,-8.300781
41701,0.019653,-0.138184,1.000122,-1.892090,-2.563477,-9.460449
41711,0.036011,-0.116577,0.979858,-2.014160,-2.502441,-10.375977
41721,0.007568,-0.118042,1.008301,-2.197266,-2.197266,-10.742188
41732,0.020996,0.000977,1.002686,-2.136230,-2.319336,-11.779785
41742,0.027222,-0.060669,1.013916,-1.342773,-2.014160,-12.023926
41752,0.069092,-0.078857,1.005493,-1.159668,-2.441406,-12.817383
41761,0.024292,-0.072144,0.909912,-1.037598,-2.197266,-13.122559
41771,0.067139,-0.106812,1.032959,-0.915527,-2.929688,-13.366699
41780,0.100830,-0.173462,1.018555,-1.159668,-2.441406,-13.366699
41791,0.050293,-0.077881,1.037964,-1.403809,-3.356934,-13.244629
41801,0.057007,-0.086792,1.122192,-1.098633,-3.417969,-12.023926
41812,0.197876,-0.142944,0.983154,-1.464844,-4.089355,-11.779785
41822,0.133301,-0.026123,0.960693,-2.258301,-5.371094,-11.840820
41832,0.187622,0.046875,1.000732,-2.685547,-6.469727,-11.901855
41841,0.267578,0.029053,1.062256,-2.502441,-6.774902,-11.779785
41851,0.211670,-0.056641,1.018799,-1.647949,-7.568359,-11.596680
41860,0.225586,-0.205688,1.033691,-0.854492,-7.690430,-11.352539
41872,0.122437,-0.395630,0.875854,-0.976562,-7.507324,-10.986328
41882,0.030640,-0.194580,0.912842,-2.441406,-8.422852,-12.451172
41891,0.075195,-0.217896,1.109253,-2.380371,-8.422852,-13.854980
41901,0.128418,-0.265747,1.049072,-2.014160,-9.338379,-14.831543
41910,-0.033936,-0.274292,0.808228,-1.708984,-9.826660,-16.052246
41921,-0.137695,-0.226074,0.845337,-1.708984,-9.643555,-17.028809
41931,-0.108887,-0.201782,0.992920,-2.441406,-8.544922,-16.540527
41941,-0.058594,-0.180664,0.958252,-1.586914,-6.896973,-14.648438
41952,0.147339,-0.028198,0.817627,-1.098633,-6.042480,-12.145996
41962,0.251221,-0.132446,0.966553,-1.037598,-6.042480,-9.399414
41971,0.152222,-0.165283,1.109131,-1.342773,-8.361816,-8.850098
41981,0.007690,-0.126465,1.142822,-1.770020,-9.521484,-9.582520
41991,-0.059814,-0.146362,1.179565,-2.014160,-10.803223,-10.070801
42000,-0.082642,-0.092896,1.062988,-1.770020,-10.437012,-10.986328
42012,-0.068970,-0.036133,1.097290,-1.403809,-9.460449,-11.352539
42022,-0.031616,-0.026611,1.065918,-1.770020,-7.812500,-9.460449
42031,0.025879,-0.091675,1.001709,-1.403809,-6.774902,-8.361816
42041,0.007202,-0.127686,0.931396,-1.220703,-6.591797,-7.507324
42051,-0.026001,-0.124268,0.906982,-1.098633,-6.896973,-7.324219
42061,-0.025146,-0.167603,0.993286,-0.976562,-7.568359,-7.324219
42071,-0.047852,-0.185059,0.991333,-0.854492,-7.202148,-7.019043
42082,-0.134277,-0.176758,0.995850,-0.732422,-7.751465,-5.920410
42092,-0.166870,-0.259888,0.961304,-0.488281,-7.324219,-4.699707
42102,-0.132935,-0.288330,0.916992,-0.305176,-6.835937,-3.662109
42111,-0.101440,-0.252563,0.931152,-0.427246,-5.798340,-2.746582
42121,-0.092651,-0.303101,0.971313,-0.427246,-5.615234,-2.502441
42131,-0.065308,-0.231323,1.011475,-0.183105,-5.310059,-2.502441
42141,-0.096436,-0.303589,0.982178,0.000000,-5.249023,-2.868652
42151,-0.108887,-0.368896,0.953125,0.244141,-4.638672,-3.723145
42162,-0.050171,-0.352539,1.029175,0.061035,-4.333496,-4.089355
42172,-0.020752,-0.389526,0.961670,-0.366211,-4.821777,-5.249023
42182,-0.013794,-0.464600,0.841553,-0.366211,-5.371094,-6.774902
42191,0.016968,-0.469238,0.781860,-0.549316,-6.591797,-8.605957
42201,0.008789,-0.403687,0.916992,-1.342773,-7.202148,-10.803223
42210,-0.004883,-0.386353,1.014160,-1.403809,-7.629395,-13.061523
42222,0.112549,-0.534302,0.976196,-0.915527,-7.629395,-15.930176
42232,0.092285,-0.477661,0.938354,-0.915527,-7.690430,-17.089844
42241,0.078979,-0.378052,0.885010,-1.098633,-7.751465,-17.822266
42251,0.080566,-0.433716,0.866699,-1.098633,-7.629395,-17.578125
42260,-0.110107,-0.445068,0.913086,-1.403809,-7.507324,-17.395020
42271,-0.221313,-0.402344,0.900635,-1.892090,-7.507324,-17.883301
42281,-0.328369,-0.314453,0.979980,-2.014160,-6.164551,-18.615723
42292,-0.254272,-0.385132,0.910645,-1.953125,-2.502441,-18.676758
42302,-0.286865,-0.395508,0.924438,-1.464844,-1.953125,-19.226074
42312,-0.198608,-0.421753,1.026733,-1.159668,-1.037598,-18.920898
42322,-0.110718,-0.410522,1.032104,-1.159668,-0.976562,-18.859863
42332,-0.092529,-0.439331,0.940308,-1.403809,-0.976562,-18.859863
42342,-0.173828,-0.392334,0.879883,-1.831055,-0.427246,-18.066406
42352,-0.170776,-0.328369,0.900635,-1.770020,1.586914,-14.465332
42361,-0.162598,-0.290039,0.937378,-1.403809,2.990723,-12.268066
42371,-0.250122,-0.432739,0.906616,-1.586914,4.943848,-8.789063
42381,-0.189453,-0.394531,0.994873,-2.075195,6.896973,-5.126953
42391,-0.135864,-0.317505,1.048706,-2.990723,7.751465,-1.159668
42401,-0.125366,-0.228638,1.087646,-3.417969,8.422852,2.746582
42411,-0.112915,-0.241211,1.019531,-3.479004,9.216309,6.103516
42421,-0.113281,-0.320313,0.993652,-2.685547,9.643555,9.216309
42432,-0.122437,-0.395508,0.978882,-1.831055,10.559082,14.404297
42442,-0.127197,-0.432007,0.943237,-0.854492,11.657715,16.235352
42452,-0.171509,-0.440796,0.916016,-1.098633,12.145996,17.944336
42461,-0.196777,-0.427979,0.950928,-1.831055,12.573242,19.409180
42471,-0.230591,-0.395142,0.991089,-2.563477,12.512207,21.301270
42481,-0.182861,-0.376587,0.999878,-2.929688,13.000488,23.193359
42491,-0.176758,-0.358154,0.963379,-2.990723,12.695313,24.230957
42500,-0.240112,-0.283325,1.011230,-2.014160,11.352539,23.742676
42512,-0.255615,-0.447510,0.885864,-2.014160,12.023926,23.742676
42521,-0.257080,-0.305420,0.974731,-2.746582,12.817383,24.047852
42531,-0.215088,-0.214355,0.986694,-3.356934,13.000488,23.986816
42541,-0.142944,-0.139160,1.009399,-3.601074,12.878418,23.559570
42551,-0.074951,-0.004761,1.051270,-3.112793,12.268066,23.010254
42561,0.070557,0.002197,0.989380,-2.624512,11.230469,22.766113
42572,0.242310,0.210815,0.952515,-2.807617,7.934570,22.033691
42582,0.270386,0.209473,0.900757,-3.173828,5.310059,22.033691
42591,0.291382,0.128784,0.954346,-3.112793,3.967285,22.583008
42601,0.236694,0.107300,1.076782,-2.807617,3.662109,23.315430
42611,0.152832,0.035156,1.124268,-3.051758,3.051758,23.254395
42621,0.066772,-0.005859,1.187866,-3.356934,2.746582,21.057129
42631,0.008545,0.085571,1.219482,-3.601074,1.098633,17.028809
42642,-0.162354,-0.026123,0.991821,-3.540039,-1.403809,6.042480
42652,-0.249512,0.053711,0.971069,-2.929688,-4.760742,1.159668
42662,-0.249634,0.014648,0.949707,-2.624512,-4.272461,-2.746582
42671,-0.213745,-0.068115,0.876587,-2.319336,-3.173828,-5.920410
42681,-0.186890,-0.050903,0.868530,-2.197266,-2.746582,-8.300781
42690,-0.157837,-0.101929,0.885010,-1.770020,-1.586914,-10.070801
42700,-0.105347,-0.130737,0.964233,-1.281738,0.122070,-11.169434
42712,-0.112549,-0.113525,1.054443,-1.037598,0.793457,-15.808105
42722,-0.114502,0.000977,1.154297,-1.403809,-0.305176,-18.249512
42732,-0.082642,0.089478,1.050049,-1.403809,-0.671387,-19.653320
42741,-0.076782,0.020142,0.952148,-0.915527,0.183105,-19.287109
42751,0.089966,-0.128174,0.894775,-0.854492,0.732422,-18.249512
42761,0.109009,-0.245850,0.897461,-0.610352,1.037598,-16.540527
42771,0.055908,-0.135498,1.039429,-0.427246,0.549316,-14.953613
42781,0.024658,-0.085083,0.935059,0.061035,1.831055,-11.108398
42792,0.188232,-0.214111,1.010498,0.183105,3.906250,-9.094238
42802,0.181152,-0.153931,1.141968,0.000000,4.699707,-8.605957
42811,0.057129,-0.173706,1.118652,-0.427246,2.563477,-9.765625
42821,-0.001221,-0.058228,1.025635,-0.305176,0.671387,-11.474609
42830,-0.061523,-0.080933,1.015137,0.061035,-0.488281,-12.634277
42842,-0.028198,-0.136353,0.999512,0.183105,1.403809,-13.610840
42851,-0.041016,-0.177856,1.091675,-0.244141,1.586914,-13.122559
42861,-0.065918,-0.056885,1.116455,-0.061035,1.770020,-12.512207
42871,-0.007813,-0.105225,0.956909,0.549316,1.953125,-11.474609
42880,0.008667,-0.240723,0.922485,0.854492,3.234863,-10.131836
42891,0.028198,-0.187744,0.975586,0.305176,3.173828,-8.605957
42901,0.029541,-0.039063,0.983887,-0.244141,2.868652,-7.263184
42910,0.027710,-0.077148,0.954712,-0.549316,3.540039,-5.493164
42922,0.065918,-0.123291,0.952026,-0.671387,3.784180,-1.220703
42932,0.010864,-0.106567,0.975464,-1.281738,3.967285,0.610352
42941,-0.038208,-0.118774,0.995239,-1.708984,4.028320,2.746582
42951,-0.053101,-0.094238,0.998535,-1.586914,4.211426,5.004883
42961,-0.085815,-0.125244,0.962280,-1.525879,3.845215,7.385254
42971,-0.088623,-0.159790,0.944702,-1.037598,5.493164,9.460449
42981,-0.145996,-0.176514,0.960815,-1.037598,5.432129,11.474609
42991,-0.161377,-0.189331,0.909546,-1.159668,6.958008,14.099121
43001,-0.085327,-0.209351,0.876099,-1.342773,6.713867,14.648438
43011,-0.079956,-0.200684,0.978760,-1.770020,7.141113,14.709473
43021,-0.129150,-0.210327,1.011841,-1.953125,6.225586,14.038086
43031,-0.084595,-0.192505,0.979004,-1.953125,5.737305,12.634277
43040,-0.064941,-0.188232,0.980469,-1.892090,5.615234,11.230469
43052,-0.007446,-0.205078,0.982910,-1.953125,4.333496,8.117676
43062,0.058960,-0.173950,1.023071,-1.525879,4.638672,6.408691
43071,0.069946,-0.142944,1.049683,-1.159668,3.601074,4.516602
43081,0.109375,-0.150146,1.049561,-0.427246,2.136230,2.685547
43091,0.100342,-0.274780,0.953735,-0.183105,1.525879,0.976562
43101,0.157959,-0.254761,1.042236,-0.671387,0.610352,-0.610352
43110,0.159180,-0.167603,1.062622,-1.220703,-0.366211,-1.831055
43121,0.164062,-0.197998,0.983521,-1.342773,-0.854492,-3.356934
43130,0.190552,-0.154541,1.089966,-0.427246,-1.831055,-6.408691
43142,0.136353,-0.299561,1.069336,-0.305176,-2.929688,-8.056641
43152,0.096680,-0.248657,1.084106,-0.061035,-4.333496,-10.131836
43162,0.112793,-0.328125,0.940918,0.244141,-4.943848,-12.329102
43171,0.120605,-0.300415,0.933105,0.183105,-5.615234,-14.221191
43181,0.131470,-0.270630,0.974731,0.183105,-5.920410,-15.930176
43193,0.098999,-0.306641,0.941406,-0.427246,-6.164551,-19.531250
43203,0.143799,-0.201660,1.006348,-0.915527,-5.981445,-21.423340
43212,0.183838,-0.192139,0.989746,-1.586914,-6.530762,-23.376465
43222,0.164917,-0.096680,1.060913,-2.136230,-6.164551,-24.841309
43231,0.109863,-0.130127,1.002686,-2.075195,-7.141113,-26.550293
43241,0.136475,-0.121948,0.975830,-1.708984,-7.202148,-27.587891
43251,0.110718,-0.135010,0.908936,-1.708984,-7.202148,-28.137207
43262,0.076782,-0.186646,0.829346,-2.685547,-5.615234,-25.451660
43272,0.095825,-0.014771,0.971802,-3.234863,-5.249023,-22.827148
43281,0.064819,-0.043701,0.975830,-3.173828,-4.150391,-20.202637
43291,0.065674,-0.009155,1.038574,-2.624512,-3.906250,-18.066406
43301,0.018799,-0.113647,1.008423,-2.502441,-2.746582,-16.052246
43311,0.008057,-0.039551,1.051025,-2.502441,-3.051758,-14.770508
43321,-0.083496,-0.021118,0.986938,-2.258301,-2.746582,-13.366699
43331,-0.113159,-0.016968,0.964111,-1.831055,-2.319336,-11.840820
43341,-0.120117,-0.038696,0.960693,-0.793457,-0.183105,-7.812500
43351,-0.149170,-0.070679,0.989624,-1.098633,0.549316,-6.164551
43361,-0.166626,-0.084106,0.978271,-0.976562,1.403809,-4.333496
43371,-0.155396,-0.156738,0.943970,-0.976562,2.075195,-2.563477
43381,-0.136719,-0.103149,0.997314,-0.976562,2.807617,-1.403809
43391,-0.105469,-0.171631,0.955933,-0.915527,2.746582,-0.244141
43401,-0.068481,-0.071411,1.116211,-0.671387,3.234863,0.732422
43411,-0.064331,-0.158936,1.100342,-0.061035,5.004883,2.868652
43421,-0.012085,-0.147095,1.065430,0.427246,4.455566,3.906250
43431,-0.000854,-0.132446,1.025391,0.854492,3.906250,4.821777
43441,-0.043335,-0.086914,1.020996,0.854492,4.577637,6.042480
43451,-0.041870,-0.176636,0.961792,0.793457,3.295898,7.385254
43461,-0.023437,-0.052368,0.958374,0.305176,3.784180,8.605957
43471,-0.036255,-0.121094,0.887207,-0.366211,4.150391,10.009766
43482,-0.036011,0.011719,1.010620,-1.464844,4.638672,12.329102
43492,-0.045044,0.014771,1.017944,-2.441406,4.577637,13.000488
43501,-0.109619,0.078857,1.102417,-2.929688,4.150391,13.244629
43510,-0.136841,-0.007324,1.059814,-2.807617,4.089355,13.183594
43521,-0.159180,0.104126,1.164795,-2.136230,4.211426,12.878418
43531,-0.165283,-0.046265,1.108765,-1.464844,4.211426,12.634277
43542,-0.144775,-0.082520,1.111694,-0.244141,5.187988,11.657715
43552,-0.078735,-0.122192,1.006836,0.122070,4.943848,11.352539
43561,-0.042603,-0.138794,0.885498,0.305176,4.333496,10.803223
43571,-0.019043,-0.290039,0.864014,0.549316,3.601074,10.559082
43581,-0.019531,-0.238770,0.883057,0.183105,3.295898,10.070801
43591,0.018311,-0.205933,0.897949,-0.488281,3.173828,9.277344
43601,0.000732,-0.205078,0.928223,-1.037598,2.746582,8.422852
43611,0.007202,-0.223022,0.881958,-1.037598,2.380371,7.446289
43622,0.073608,-0.231934,0.946899,-0.793457,2.136230,4.638672
43631,0.115723,-0.224365,1.000000,-1.159668,0.244141,3.173828
43641,0.151123,-0.198486,0.980225,-0.671387,-0.183105,2.197266
43651,0.174561,-0.261963,0.925781,-0.122070,-1.281738,1.525879
43661,0.155273,-0.269897,0.927246,-0.427246,-2.258301,1.037598
43671,0.168701,-0.272827,1.008423,-0.305176,-2.441406,0.305176
43680,0.128052,-0.080933,1.130493,-0.244141,-3.112793,-0.244141
43692,0.031250,-0.268921,0.981201,0.793457,-3.845215,-1.708984
43701,0.052856,-0.347412,0.952759,1.342773,-4.333496,-2.624512
43711,0.040527,-0.124390,1.053101,0.610352,-5.187988,-3.601074
43721,0.006226,-0.118896,1.015259,0.854492,-5.676270,-4.028320
43731,-0.013428,-0.093872,1.021606,1.403809,-5.859375,-4.394531
43741,-0.007446,-0.281616,0.961548,1.525879,-5.737305,-4.333496
43751,0.002563,-0.169189,1.026855,1.464844,-5.004883,-3.845215
43762,-0.006836,-0.061768,1.046387,0.793457,-4.760742,-2.502441
43771,0.014526,-0.108887,1.112549,0.305176,-4.699707,-1.647949
43781,0.043701,-0.066406,1.150269,0.122070,-5.065918,-1.220703
43791,0.013062,-0.095947,1.077515,0.610352,-4.943848,-0.854492
43800,0.022217,-0.080322,1.016479,0.549316,-5.126953,0.305176
43811,0.044678,-0.126221,1.172729,0.427246,-4.455566,1.892090
43821,-0.019897,-0.162598,1.003906,0.366211,-4.577637,3.417969
43830,-0.095581,-0.201416,0.952393,0.305176,-3.906250,5.798340
43842,-0.210083,-0.230103,0.875610,-0.061035,-3.540039,6.774902
43851,-0.227173,-0.104004,0.914062,-0.427246,-2.624512,6.652832
43861,-0.277466,-0.255249,0.815186,-0.732422,-1.647949,6.591797
43871,-0.298096,-0.376953,0.542480,-1.098633,-0.671387,6.042480
43881,-0.267212,-0.673218,0.150757,-3.051758,-1.037598,5.187988
43892,-0.212158,-0.342407,0.369263,-11.779785,-1.281738,2.258301
43902,-0.201416,0.351807,1.181763,-12.084961,-1.342773,-0.488281
43911,-0.110596,0.254395,1.431519,-10.375977,-0.427246,-3.173828
43921,-0.021240,0.012329,1.390259,-7.141113,0.549316,-5.004883
43931,0.151123,-0.254517,1.127319,-5.432129,-0.610352,-8.361816
43941,0.040161,-0.145752,1.071533,-5.737305,-0.793457,-10.864258
43950,0.041626,0.051758,1.148071,-5.676270,-1.220703,-11.962891
43961,0.040527,0.082275,1.034180,-3.906250,-2.014160,-12.145996
43971,0.062134,0.035767,0.998047,-0.976562,-2.014160,-10.498047
43982,0.091919,-0.156616,1.028931,-0.854492,-1.037598,-8.850098
43992,0.071899,-0.197998,0.970215,-1.647949,-1.159668,-7.751465
44001,0.045166,-0.112427,1.060547,-2.014160,-0.915527,-7.507324
44011,0.050659,-0.185669,1.029663,-1.892090,-1.831055,-8.544922
44021,-0.000366,-0.205566,1.030518,-1.281738,-1.708984,-10.314941
44031,-0.044922,-0.221558,0.986816,-1.098633,-2.075195,-12.390137
44043,-0.055664,-0.197876,1.037598,-1.525879,-1.770020,-15.319824
44052,-0.024658,-0.069824,1.041382,-2.380371,-2.014160,-15.930176
44062,-0.040039,-0.127319,0.975952,-1.953125,-1.525879,-16.296387
44071,0.020020,-0.016968,0.985718,-1.831055,-0.732422,-16.540527
44081,-0.014771,-0.070923,0.955200,-1.831055,-0.427246,-16.845703
44091,-0.010010,-0.108398,0.957886,-2.014160,0.244141,-17.028809
44101,0.029053,-0.095581,0.988403,-2.746582,-0.061035,-17.456055
44112,-0.012329,-0.065430,0.999756,-3.356934,-0.183105,-16.845703
44122,-0.054199,-0.123657,0.970093,-4.211426,1.342773,-16.357422
44131,-0.022339,0.008301,1.082520,-4.211426,1.953125,-15.258789
44141,-0.041260,-0.139893,0.976440,-4.028320,2.380371,-13.977051
44151,0.102905,-0.118164,1.041504,-4.333496,2.685547,-12.695313
44161,0.051636,-0.096191,0.962280,-4.821777,3.234863,-11.352539
44172,0.095337,-0.070068,0.907593,-4.272461,3.295898,-7.995605
44182,0.045532,-0.214478,0.834961,-4.394531,3.784180,-6.835937
44191,0.010254,-0.136963,0.949585,-5.310059,3.601074,-6.225586
44201,-0.044678,-0.069824,0.979980,-5.371094,3.967285,-5.126953
44211,-0.067993,0.168701,0.942261,-4.699707,3.967285,-4.394531
44221,-0.130737,-0.036743,0.914795,-1.953125,4.211426,-4.211426
44231,-0.114746,-0.470093,0.833130,1.647949,4.943848,-4.577637
44241,-0.028931,-0.569458,0.835937,1.770020,4.638672,-4.577637
44252,-0.106812,-0.223877,0.947144,0.122070,3.845215,-2.014160
44262,-0.131714,-0.457520,0.937744,1.403809,5.371094,-0.610352
44272,-0.058960,-0.264160,0.962036,0.183105,6.164551,0.732422
44281,0.058838,-0.113037,0.900024,-1.220703,7.263184,1.953125
44291,0.051392,-0.103516,0.974365,-1.525879,7.507324,2.624512
44301,-0.007568,-0.159302,1.023560,-0.915527,6.835937,2.380371
44312,-0.058716,-0.241577,0.980469,-1.159668,5.859375,0.244141
44322,0.012817,-0.096558,1.060303,-2.136230,4.638672,-0.915527
44331,-0.010742,-0.112427,1.099609,-2.929688,3.662109,-2.136230
44341,-0.058228,0.011108,1.137085,-2.746582,4.333496,-2.929688
44352,-0.043091,-0.043335,1.154541,-2.197266,4.394531,-2.868652
44361,-0.073730,-0.274780,1.040405,-1.464844,5.126953,-2.685547
44371,-0.029175,-0.020142,1.147461,-1.647949,5.126953,-2.685547
44381,0.006348,-0.173828,1.079834,-1.892090,4.577637,-2.319336
44393,0.014282,-0.017212,1.146362,-2.380371,4.699707,-1.708984
44402,0.011963,-0.201294,1.029541,-2.441406,4.699707,-1.586914
44411,-0.026245,-0.066650,1.091431,-2.624512,4.516602,-2.014160
44421,0.021606,-0.040771,1.086060,-2.563477,4.943848,-2.380371
44431,0.050415,-0.026489,1.040649,-2.624512,5.004883,-2.685547
44441,0.053833,-0.109863,0.999634,-2.258301,4.333496,-3.173828
44452,0.099854,-0.097290,0.964111,-1.342773,2.990723,-3.845215
44461,0.113647,-0.251587,0.914917,-1.098633,2.746582,-3.356934
44472,0.136963,0.009888,1.038208,-0.915527,2.624512,-2.624512
44481,0.112061,-0.175415,0.873535,-0.671387,2.319336,-1.159668
44490,0.110840,-0.067139,0.819092,-0.610352,3.356934,0.549316
44501,0.088623,-0.093384,0.934814,-0.549316,3.112793,2.319336
44511,0.023193,-0.097290,0.959961,-0.488281,3.173828,3.479004
44522,0.000122,0.057129,1.048218,0.305176,1.708984,3.479004
44531,-0.080322,-0.126099,0.983398,1.586914,2.014160,3.417969
44542,-0.104980,-0.286743,0.839233,2.258301,2.258301,3.662109
44551,-0.119629,-0.224121,0.854614,1.892090,2.319336,3.723145
44561,-0.155762,-0.261719,0.740356,1.831055,2.685547,4.028320
44571,-0.073608,-0.189575,0.779663,1.220703,3.540039,4.577637
44581,-0.069824,-0.250732,0.737305,0.732422,3.906250,5.371094
44592,0.005737,-0.247925,0.823120,-0.854492,4.089355,6.164551
44602,0.013184,-0.225952,0.985352,-1.220703,3.845215,6.103516
44611,0.029541,-0.051636,1.169922,-1.159668,3.173828,5.432129
44622,0.038574,-0.225830,1.009644,-1.159668,2.441406,4.821777
44631,0.027222,-0.201294,0.953003,-1.098633,2.563477,4.333496
44641,0.056030,-0.012939,1.097656,-1.281738,1.953125,4.516602
44651,0.049438,-0.188843,1.041992,-1.647949,1.586914,4.821777
44664,0.076294,0.139526,1.210449,-1.953125,1.831055,7.080078
44673,0.021973,-0.255005,0.988403,-1.403809,1.770020,8.361816
44682,0.023804,-0.026855,1.094482,-1.770020,2.380371,9.399414
44692,0.017578,0.071655,1.194458,-2.136230,1.708984,9.582520
44701,0.003052,-0.188599,1.075806,-1.953125,1.159668,8.666992
44711,-0.025024,-0.001831,1.160400,-1.831055,0.183105,7.690430
44721,0.003784,0.043213,1.227051,-1.525879,-0.427246,6.713867
44732,-0.039429,-0.283081,1.004639,-2.014160,-0.366211,5.859375
44741,-0.088013,-0.082886,1.039917,-2.441406,0.366211,6.042480
44752,-0.075439,-0.182007,0.904785,-2.685547,0.427246,6.042480
44762,-0.046143,-0.162598,0.970703,-3.173828,0.549316,5.859375
44771,-0.012329,-0.236084,0.901245,-3.540039,0.061035,5.615234
44780,0.038330,-0.054077,1.046021,-3.845215,0.061035,5.615234
44791,0.080322,-0.125122,1.048462,-3.662109,-0.305176,5.554199
44802,0.026489,-0.174316,0.938110,-3.295898,-1.708984,4.699707
44812,0.041504,-0.176758,0.938721,-2.502441,-1.953125,4.638672
44821,0.077515,-0.304810,0.923340,-2.441406,-2.258301,4.699707
44831,0.013672,-0.140625,0.905518,-2.502441,-2.807617,4.943848
44841,0.039185,-0.162842,0.925415,-2.502441,-2.624512,5.249023
44851,0.011353,-0.288818,0.897461,-2.868652,-2.868652,5.187988
44861,0.022095,-0.114136,0.864014,-3.417969,-2.868652,5.004883
44871,-0.003540,-0.078247,0.894897,-3.784180,-3.479004,4.577637
44882,-0.004150,-0.162964,0.894165,-3.051758,-3.845215,3.845215
44891,-0.031738,-0.156006,0.963989,-1.403809,-3.784180,2.990723
44901,-0.059204,-0.195068,0.948730,-0.854492,-3.601074,2.197266
44912,-0.055054,-0.304688,0.986450,-0.427246,-3.723145,1.525879
44921,-0.052246,-0.244751,0.993774,0.183105,-3.173828,0.366211
44931,-0.078613,-0.393799,0.933105,0.366211,-3.234863,-0.915527
44941,-0.065796,-0.289673,0.958496,0.305176,-3.234863,-2.319336
44952,-0.017700,-0.162598,1.069214,0.610352,-3.845215,-4.577637
44962,-0.045532,-0.387573,0.910034,1.525879,-3.784180,-5.004883
44971,-0.027344,-0.196289,0.962891,1.647949,-2.929688,-5.065918
44981,0.028198,-0.098633,1.070679,1.037598,-2.258301,-4.638672
44991,-0.010742,-0.202393,0.987915,0.122070,-2.197266,-4.577637
45001,-0.018188,-0.205566,0.988281,-0.305176,-2.014160,-4.760742
45012,0.004395,-0.043091,1.070435,-0.732422,-2.258301,-4.699707
45022,0.006470,-0.072754,1.020020,-1.464844,-2.807617,-5.065918
45031,-0.040039,0.058350,1.072998,-2.136230,-2.197266,-5.798340
45041,-0.019409,0.105591,1.131226,-2.563477,-2.685547,-6.225586
45051,-0.034546,0.024536,1.011597,-2.685547,-3.112793,-6.774902
45061,-0.002197,0.039063,1.034180,-2.563477,-1.892090,-7.202148
45071,0.025146,0.086060,1.092529,-2.319336,-1.831055,-7.324219
45082,0.046631,-0.083618,1.127930,-1.892090,-1.770020,-8.117676
45092,-0.019409,0.080566,1.084351,-1.586914,-0.915527,-8.728027
45101,0.026489,0.038086,1.131592,-1.342773,-0.671387,-8.911133
45111,0.033813,-0.215454,1.003418,-0.671387,-0.854492,-9.094238
45122,-0.016724,-0.190063,0.961914,-0.366211,-0.793457,-9.460449
45131,-0.016357,-0.026611,1.045898,0.000000,-0.183105,-9.521484
45141,-0.027954,-0.224854,1.020142,0.000000,-1.037598,-9.338379
45151,-0.036011,-0.314209,0.979126,0.610352,-1.098633,-9.216309
45160,0.060425,-0.106323,1.024780,2.624512,0.793457,-7.873535
45172,-0.071167,-0.398560,0.884644,3.540039,1.098633,-7.019043
45181,0.010254,-0.315796,0.890747,3.601074,1.403809,-6.347656
45191,-0.077515,-0.080444,1.004517,3.479004,1.647949,-6.347656
45201,-0.098755,-0.095459,1.047729,3.784180,2.380371,-6.713867
45211,-0.181763,-0.182617,1.037598,4.211426,2.441406,-6.652832
45221,-0.134399,-0.155151,1.039185,5.432129,3.845215,-6.713867
45232,-0.050171,-0.188354,0.971069,5.798340,5.065918,-5.798340
45242,-0.037476,-0.231079,0.913452,5.004883,5.126953,-4.211426
45251,-0.050171,-0.213135,0.917114,4.150391,5.554199,-2.075195
45261,0.025269,-0.104858,0.916992,3.845215,5.798340,0.244141
45271,-0.007202,-0.156616,0.905640,3.417969,6.713867,1.770020
45281,-0.040527,-0.217407,0.930054,2.624512,7.202148,2.685547
45292,0.014038,-0.046753,0.984619,2.075195,7.019043,2.868652
45301,-0.030884,-0.117065,0.879272,2.075195,6.469727,2.624512
45312,-0.058594,-0.249756,0.863403,1.770020,6.103516,2.441406
45321,0.028198,-0.074707,1.000732,0.793457,6.164551,3.234863
45331,-0.024902,-0.072388,1.019653,0.305176,6.103516,4.821777
45341,-0.026978,-0.231812,0.984497,-0.061035,6.896973,6.896973
45351,-0.018799,-0.157837,0.931763,-0.122070,7.934570,9.582520
45361,0.012085,-0.098267,1.000854,-0.488281,8.544922,11.474609
45372,-0.063599,-0.181885,0.961426,-0.793457,8.361816,12.817383
45381,-0.029785,-0.120850,0.994385,-1.586914,7.568359,12.634277
45391,-0.014771,-0.087769,1.026489,-1.586914,6.958008,12.084961
45401,-0.032959,-0.287964,0.911133,-1.892090,6.347656,11.291504
45411,-0.043823,-0.389526,0.823120,-2.807617,5.615234,10.437012
45421,0.029907,-0.157593,0.984131,-3.906250,5.126953,9.338379
45433,0.052124,-0.104736,1.080811,-3.967285,4.760742,8.789063
45443,0.026367,-0.230347,0.934326,-3.479004,4.150391,8.300781
45452,0.067017,-0.198853,0.902344,-3.784180,4.089355,7.934570
45461,0.104004,-0.117065,0.970581,-4.882812,3.234863,7.751465
45471,0.175781,-0.166504,0.967773,-6.286621,2.136230,7.202148
45481,0.186890,-0.127563,0.972412,-6.591797,1.770020,6.835937
45491,0.196045,0.005249,1.026855,-6.469727,0.549316,7.690430
45502,0.179321,-0.053833,1.015503,-6.530762,0.061035,8.666992
45511,0.150513,-0.124390,1.097778,-7.202148,-0.854492,8.605957
45522,0.068970,0.028809,1.139160,-6.958008,-1.708984,8.239746
45531,0.066528,-0.021484,1.066650,-6.286621,-2.136230,8.056641
45541,0.052002,-0.135376,0.961304,-5.432129,-2.746582,7.629395
45551,0.015503,-0.095581,0.975098,-5.004883,-2.624512,7.385254
45561,0.006836,0.079468,1.023682,-4.638672,-3.234863,7.080078
45573,-0.005859,-0.155640,0.898437,-3.967285,-3.784180,5.981445
45583,-0.027710,-0.145264,0.855469,-3.845215,-3.906250,4.882812
45593,-0.035156,0.014893,0.951050,-3.723145,-3.906250,3.601074
45602,-0.055298,-0.014526,0.972046,-3.540039,-4.333496,2.441406
45612,-0.071533,-0.185303,0.935913,-3.173828,-4.333496,1.098633
45621,-0.036011,-0.183228,0.951416,-2.990723,-4.272461,0.183105
45632,0.045532,-0.088989,0.967407,-2.624512,-4.089355,-0.183105
45641,0.039185,-0.135132,0.993652,-2.258301,-4.272461,-1.342773
45651,0.041992,-0.265015,0.979126,-1.647949,-5.065918,-1.892090
45661,0.156616,-0.064087,1.026978,-1.647949,-5.126953,-2.563477
45671,0.219360,-0.109741,0.984619,-1.770020,-6.042480,-3.540039
45682,0.190552,-0.291138,0.961304,-1.770020,-6.835937,-4.211426
45691,0.133057,-0.207275,0.978638,-1.770020,-7.141113,-4.760742
45702,0.141602,-0.004761,1.071899,-1.647949,-7.507324,-5.249023
45711,0.158691,-0.010620,1.080933,-1.281738,-7.507324,-6.042480
45723,0.184937,-0.183594,0.981201,-1.281738,-7.934570,-6.469727
45732,0.088135,-0.075439,0.955688,-1.403809,-9.155273,-6.958008
45742,0.099243,-0.071167,0.982300,-1.342773,-9.948730,-7.385254
45751,0.083008,-0.027588,1.025513,-1.281738,-9.887695,-7.751465
45761,0.071777,-0.057983,1.045532,-0.793457,-10.253906,-8.544922
45771,0.032715,-0.165527,0.983521,-0.122070,-10.009766,-9.277344
45784,0.030518,-0.248779,0.958374,0.183105,-9.094238,-9.033203
45793,-0.027466,-0.250244,0.887085,-0.305176,-8.850098,-9.094238
45803,-0.037109,-0.112671,0.922119,-0.915527,-9.094238,-9.216309
45812,-0.011963,0.006470,1.015747,-1.037598,-8.666992,-9.155273
45822,0.020996,-0.091919,1.005859,-0.976562,-8.422852,-9.033203
45831,0.015381,-0.290649,0.968262,-0.793457,-8.239746,-8.239746
45841,0.015015,-0.302856,0.986816,-1.037598,-7.873535,-7.263184
45852,-0.069458,-0.148682,1.010986,-1.708984,-6.469727,-6.164551
45862,-0.071289,-0.052490,1.021973,-1.220703,-6.042480,-5.859375
45872,-0.044312,-0.231079,0.972534,-0.793457,-6.103516,-5.859375
45881,-0.087891,-0.320190,0.936523,-1.037598,-6.286621,-6.103516
45891,-0.119629,-0.237183,0.982544,-0.732422,-5.676270,-6.286621
45902,-0.146729,-0.155273,0.975342,-0.488281,-5.187988,-6.225586
45911,-0.143799,-0.121094,0.947388,-0.244141,-4.028320,-6.042480
45921,-0.140503,-0.163696,0.945923,-0.671387,-3.295898,-4.638672
45933,-0.128906,-0.188965,0.993652,-1.220703,-0.610352,-3.784180
45942,-0.126099,-0.077515,0.987183,-1.403809,-0.244141,-2.929688
45952,-0.116089,-0.075073,0.996582,-1.953125,0.000000,-1.892090
45962,-0.044922,-0.072876,1.026367,-2.258301,0.122070,-1.281738
45971,-0.059570,-0.053711,1.028076,-2.075195,0.000000,-0.976562
45981,-0.047852,-0.086060,1.035889,-1.464844,0.122070,-1.159668
45994,-0.055054,-0.091797,0.901978,-0.671387,0.549316,-1.708984
46003,-0.096558,0.034912,0.904053,-1.220703,0.488281,-1.831055
46012,-0.036621,0.047363,1.017944,-1.708984,0.732422,-2.014160
46022,-0.036255,-0.016357,1.029175,-1.647949,0.244141,-2.380371
46032,-0.029541,-0.066650,0.999268,-1.159668,0.305176,-2.746582
46041,-0.038696,-0.098633,1.022827,-1.098633,0.305176,-2.990723
46051,0.004272,-0.064209,1.080200,-1.647949,0.671387,-3.295898
46063,-0.006592,-0.020752,1.033447,-2.136230,-0.061035,-4.943848
46073,0.077881,-0.142090,0.967529,-1.770020,-0.183105,-5.615234
46082,0.043823,-0.148560,0.958008,-1.098633,-0.122070,-5.432129
46092,0.104004,-0.022705,0.990356,-0.793457,0.183105,-5.676270
46101,0.026611,-0.008545,1.061035,-0.488281,-0.305176,-6.286621
46111,0.037598,-0.081665,1.044556,-0.671387,-0.671387,-6.713867
46121,-0.006226,-0.219727,1.007690,-0.549316,-0.732422,-7.324219
46134,-0.041138,-0.163818,0.964722,-0.610352,-0.610352,-8.178711
46143,0.006470,-0.016846,1.082275,-0.793457,-0.183105,-8.117676
46153,-0.009888,-0.053955,1.047119,-0.427246,-0.183105,-7.873535
46162,-0.075439,-0.099731,0.984131,-0.244141,-0.488281,-7.507324
46172,-0.077515,-0.151367,1.000122,0.366211,0.000000,-6.958008
46181,-0.048340,-0.150146,1.057617,0.549316,0.976562,-5.859375
46191,-0.047241,-0.074219,1.049561,1.098633,1.892090,-4.882812
46204,-0.065918,-0.176147,0.897705,2.136230,2.624512,-4.272461
46213,-0.033203,-0.166260,0.833496,2.197266,2.258301,-4.028320
46223,-0.012695,-0.170654,0.872314,1.586914,2.502441,-4.089355
46232,-0.033447,-0.127563,0.914551,0.610352,1.525879,-3.967285
46241,-0.045654,-0.035522,0.962036,0.244141,2.380371,-3.356934
46251,-0.094849,-0.073730,0.962524,0.305176,2.563477,-3.173828
46262,-0.031982,-0.127075,0.989868,0.427246,3.601074,-3.051758
46271,-0.053345,-0.137695,1.049683,-0.122070,3.540039,-3.295898
46283,-0.038940,-0.040894,1.077026,0.061035,4.211426,-3.417969
46292,-0.036987,-0.024292,1.079346,0.610352,4.699707,-3.173828
46302,-0.010010,-0.050415,1.123535,1.159668,4.699707,-2.807617
46311,-0.040894,-0.059692,1.090088,1.342773,4.150391,-2.807617
46322,-0.030273,-0.217773,1.023315,1.892090,4.333496,-3.173828
46331,-0.001343,-0.281372,0.950439,1.708984,4.211426,-3.112793
46344,0.064331,-0.281250,0.983521,1.708984,3.967285,-3.967285
46353,0.061035,-0.237671,0.995483,1.464844,3.662109,-4.577637
46362,0.011353,-0.242676,0.945679,1.159668,3.356934,-5.371094
46372,0.071411,-0.196167,0.933228,0.366211,3.356934,-6.103516
46381,0.033691,-0.237915,0.954468,-0.244141,3.173828,-6.347656
46392,0.044922,-0.222168,0.907959,-1.037598,3.479004,-6.225586
46401,0.086670,-0.189697,0.899170,-1.220703,3.540039,-5.737305
46413,0.065308,-0.147217,0.895020,-1.831055,3.784180,-3.173828
46423,0.031616,-0.124390,0.924683,-3.173828,3.601074,-2.258301
46432,0.075562,-0.058350,0.969482,-4.211426,3.662109,-1.464844
46442,0.046143,-0.052246,0.986694,-4.272461,4.211426,-0.610352
46451,-0.012207,0.015259,1.039063,-4.516602,3.417969,0.427246
46462,0.057495,0.105347,1.144043,-4.760742,3.601074,1.159668
46471,-0.040649,0.089355,1.215210,-4.211426,2.746582,1.831055
46484,-0.044189,-0.057129,1.053711,-2.380371,3.479004,2.990723
46493,0.023804,-0.069580,1.066650,-1.647949,3.173828,3.417969
46502,0.001831,-0.039063,1.082642,-0.732422,3.601074,3.784180
46512,0.023682,0.035034,1.080322,-0.061035,3.051758,4.211426
46521,0.067993,-0.020996,1.070068,0.854492,3.051758,4.333496
46531,-0.021729,-0.065063,1.087524,1.220703,2.746582,4.516602
46541,0.042969,-0.084961,1.062744,1.464844,2.807617,4.211426
46553,0.033325,-0.102173,0.973633,1.159668,2.746582,3.723145
46563,-0.052246,-0.278442,0.868652,0.976562,1.892090,3.540039
46572,-0.001465,-0.383179,0.754639,0.183105,2.014160,3.112793
46581,-0.071777,-0.272827,0.697510,-1.159668,2.380371,2.624512
46592,0.009766,-0.065674,0.814331,-3.234863,1.525879,1.892090
46601,-0.008057,-0.073975,0.845825,-4.272461,1.708984,1.342773
46612,-0.015869,-0.130371,0.820801,-5.126953,1.281738,1.281738
46621,-0.017334,0.032471,0.921143,-5.798340,1.342773,2.258301
46633,-0.001221,0.005493,1.092773,-6.347656,1.525879,3.112793
46642,-0.026489,-0.028442,1.026855,-6.164551,2.380371,3.845215
46652,0.053833,-0.148560,1.076416,-5.310059,2.990723,4.455566
46661,0.081665,-0.140869,1.058350,-4.333496,3.051758,4.089355
46671,0.084961,-0.013062,1.060669,-3.417969,2.075195,2.929688
46682,0.041382,-0.055298,1.100098,-2.685547,0.244141,1.708984
46691,0.064941,-0.118042,1.097046,-1.586914,-1.953125,-0.488281
46703,0.120483,-0.292603,0.958984,0.427246,-2.014160,-0.549316
46712,0.158203,-0.277466,0.905640,1.098633,-1.647949,-0.061035
46721,0.171631,-0.245117,0.985352,1.281738,-1.464844,0.671387
46731,0.107910,-0.188110,0.974609,1.525879,-2.075195,0.000000
46741,0.044434,-0.291992,0.975708,1.525879,-2.990723,-1.159668
46751,0.038452,-0.184570,0.950195,0.610352,-4.150391,-2.685547
46762,0.014771,-0.118042,1.006714,-0.549316,-4.150391,-4.333496
46772,-0.065674,-0.087402,1.093994,-0.854492,-4.028320,-4.882812
46781,-0.028442,-0.136597,1.002075,-0.610352,-3.601074,-4.943848
46791,-0.089111,-0.170776,1.011963,-1.098633,-3.173828,-4.943848
46802,-0.075562,-0.075562,1.014893,-1.770020,-2.929688,-4.516602
46811,-0.039795,-0.044067,1.048828,-2.380371,-1.525879,-3.601074
46821,-0.064697,-0.077148,0.989868,-2.746582,-1.281738,-2.624512
46833,-0.008057,-0.079346,1.007935,-3.356934,-0.427246,-0.915527
46843,-0.003540,0.029785,1.058105,-3.295898,-0.305176,-0.305176
46853,-0.118530,-0.010864,1.055542,-3.051758,-0.366211,0.061035
46862,-0.019775,-0.077271,1.028076,-2.502441,0.000000,0.061035
46872,-0.049072,-0.165771,0.978394,-1.892090,-0.122070,0.061035
46881,-0.000122,-0.216919,0.925415,-1.220703,0.000000,-0.061035
46891,-0.038452,-0.223633,0.915161,-0.244141,0.183105,0.000000
46902,0.014771,-0.152588,0.947266,0.549316,-0.427246,-0.122070
46912,-0.023437,-0.076904,1.043213,1.281738,-0.366211,-0.183105
46921,0.022827,-0.183228,1.054077,1.586914,-0.061035,-0.183105
46931,-0.053223,-0.193115,0.951782,1.708984,-0.244141,0.061035
46941,-0.050171,-0.242920,0.852661,1.831055,0.000000,-0.122070
46952,-0.061035,-0.271973,0.854370,1.586914,0.366211,-0.244141
46961,-0.038086,-0.201782,0.876709,0.854492,0.488281,-0.183105
46973,0.000977,-0.106201,0.875122,-0.427246,0.610352,-0.488281
46983,0.000977,-0.096436,0.958618,-1.342773,0.488281,-0.183105
46992,-0.033813,-0.033813,1.035522,-2.563477,0.732422,-0.305176
47002,-0.039917,0.012329,1.123169,-3.295898,1.220703,-0.610352
47011,-0.035156,-0.043579,1.122559,-3.112793,0.854492,-0.610352
47021,-0.042358,-0.208130,0.963013,-2.197266,1.159668,-0.671387
47031,-0.060425,-0.085205,1.012817,-2.502441,1.159668,-0.610352
47041,-0.014038,0.058228,1.083496,-3.051758,0.793457,0.610352
47052,-0.018188,-0.057373,0.978027,-3.173828,1.037598,1.098633
47062,0.030518,-0.104736,0.910034,-3.295898,0.854492,1.342773
47071,0.064331,-0.173950,0.905518,-3.723145,1.098633,2.014160
47081,0.050293,-0.076294,0.986694,-4.638672,0.854492,2.258301
47091,-0.012451,0.005493,0.994141,-5.249023,-0.061035,1.831055
47101,0.020508,0.011841,0.992554,-5.859375,-0.549316,1.525879
47113,-0.023437,-0.161499,0.910156,-5.859375,-0.122070,0.732422
47123,-0.074951,-0.142700,0.850830,-5.432129,0.305176,0.610352
47133,-0.072998,-0.044800,0.875732,-5.493164,0.793457,0.244141
47142,-0.078247,-0.069580,0.844604,-5.493164,0.732422,0.122070
47152,-0.054443,-0.122070,0.787354,-5.859375,0.915527,0.061035
47161,-0.077637,-0.032104,0.831177,-6.652832,1.037598,0.061035
47172,-0.038940,0.014282,0.943604,-6.958008,1.220703,-0.061035
47181,-0.005493,0.013794,1.066406,-6.774902,1.892090,-0.183105
47193,-0.012817,-0.065430,1.125977,-6.652832,2.258301,-0.488281
47202,-0.026733,-0.141602,1.130127,-6.225586,2.319336,-0.488281
47212,0.038452,-0.113159,1.105957,-5.432129,1.953125,-0.854492
47221,0.007813,0.034180,1.087769,-4.699707,1.403809,-1.037598
47232,0.074585,0.017334,1.059326,-3.601074,1.037598,-0.793457
47241,0.070801,-0.080933,0.993896,-2.807617,1.037598,-0.427246
47253,0.117554,-0.234863,1.044678,-2.258301,1.586914,0.732422
47263,0.134277,-0.209351,1.075806,-2.136230,0.732422,0.427246
47273,0.074951,-0.230225,1.039917,-1.647949,-0.183105,-0.427246
47282,0.057129,-0.158203,1.054077,-1.647949,-0.976562,-1.342773
47292,0.084106,-0.010376,1.130127,-1.770020,-1.525879,-2.502441
47301,0.044067,-0.069946,1.126709,-1.342773,-2.685547,-3.356934
47311,0.034180,-0.143555,1.041870,-0.915527,-2.685547,-3.967285
47323,0.057251,-0.134888,0.901611,-0.854492,-2.624512,-4.638672
47333,0.008667,-0.175415,0.870483,-0.488281,-2.197266,-4.699707
47342,-0.015381,-0.028076,0.944092,-0.915527,-2.014160,-4.638672
47352,-0.032471,0.063232,1.002319,-1.037598,-1.647949,-4.699707
47362,-0.051270,-0.012451,0.938599,-0.671387,-1.159668,-4.760742
47372,-0.081909,-0.092651,0.873535,0.000000,-0.671387,-5.004883
47381,-0.093872,-0.119385,0.958740,0.366211,-0.488281,-5.371094
47393,-0.036987,-0.055054,1.023804,1.403809,-0.549316,-5.737305
47403,-0.009644,-0.076904,0.984985,2.075195,0.061035,-5.676270
47413,-0.003906,-0.043335,1.024536,2.563477,0.488281,-5.310059
47422,-0.001831,-0.088013,1.009888,3.417969,0.671387,-4.394531
47432,-0.014160,-0.173584,0.981445,3.906250,1.403809,-3.540039
47441,-0.031982,-0.205566,1.001831,4.211426,1.831055,-2.868652
47451,-0.014038,-0.180542,1.012817,4.150391,1.953125,-2.136230
47462,-0.042847,-0.154907,1.023193,3.906250,2.075195,-0.793457
47472,-0.042358,-0.078369,1.105591,3.784180,2.441406,-0.549316
47481,-0.035522,-0.085327,1.137695,3.967285,2.136230,-0.427246
47492,-0.028198,-0.115967,1.137329,4.211426,2.197266,-0.061035
47501,-0.020996,-0.151489,1.067139,4.394531,2.502441,0.427246
47512,0.007690,-0.168091,0.996704,4.333496,2.685547,0.915527
47521,-0.004639,-0.131958,0.999512,4.028320,2.746582,1.586914
47534,0.021729,-0.083740,0.909180,2.441406,2.746582,2.807617
47543,0.000977,-0.067871,1.001953,2.075195,3.295898,3.601074
47553,0.044434,-0.035034,1.167114,1.892090,3.540039,4.882812
47562,-0.091553,-0.267456,0.770264,2.075195,3.662109,5.615234
47572,-0.056641,0.067261,1.190796,0.854492,3.784180,5.554199
47581,-0.035767,0.114868,1.155762,-0.061035,2.746582,5.798340
47591,0.004639,0.047363,1.026001,0.793457,3.173828,6.225586
47604,-0.140747,-0.468628,0.413086,2.014160,3.356934,7.324219
47613,-0.037354,-0.157593,0.661377,-0.671387,3.540039,6.530762
47623,0.001221,0.123657,0.883057,-3.295898,3.417969,6.896973
47632,-0.035889,0.168091,0.916870,-3.906250,2.197266,6.164551
47641,-0.047729,0.101440,0.992554,-3.051758,2.197266,5.798340
47651,-0.036255,-0.081665,1.098877,-1.953125,3.295898,6.164551
47661,-0.102905,-0.166260,1.137329,-1.281738,3.295898,6.042480
47671,-0.120972,-0.200684,1.101929,-1.220703,3.234863,5.676270
47683,-0.108887,-0.008667,0.926636,-1.281738,3.784180,6.042480
47692,-0.048950,-0.006104,0.886230,-0.793457,4.394531,6.530762
47702,0.016357,-0.161621,0.873291,-0.427246,4.028320,6.408691
47711,0.018066,-0.275879,0.890869,-0.610352,3.845215,6.042480
47721,0.038330,-0.240234,0.870605,-1.770020,3.051758,5.249023
47731,0.079224,-0.031616,0.933838,-3.234863,2.624512,4.577637
47742,0.106567,0.111450,1.061768,-4.577637,1.770020,1.892090
47752,0.050903,-0.289673,0.919922,-4.638672,0.671387,0.671387
47761,0.055298,-0.255493,0.966675,-5.615234,0.000000,-0.854492
47771,0.087402,0.043579,1.229492,-7.324219,0.061035,-1.647949
47781,0.103394,0.195190,1.312622,-7.995605,-0.427246,-1.892090
47791,0.046387,0.176147,1.230225,-7.263184,-0.183105,-2.014160
47801,0.048218,0.051880,1.121460,-5.554199,-0.183105,-1.892090
47811,0.028809,-0.064697,1.043823,-3.723145,0.610352,-1.281738
47823,0.040649,-0.232422,1.021729,-3.601074,0.427246,-1.220703
47832,0.059082,0.070923,1.012695,-4.699707,-0.122070,-0.915527
47842,0.085815,-0.101318,0.963867,-4.394531,-0.610352,-0.122070
47851,0.067139,-0.270996,0.922607,-3.906250,-0.671387,0.366211
47861,0.071045,0.033203,1.153809,-5.004883,-0.488281,1.037598
47871,0.035767,0.176392,1.284546,-4.638672,-0.244141,0.976562
47881,-0.031738,-0.036865,1.159302,-2.258301,-0.488281,0.061035
47892,-0.114990,-0.035156,0.838501,1.342773,-0.549316,-0.183105
47902,-0.024780,-0.410767,0.658203,3.295898,-0.427246,-0.549316
47912,-0.058228,-0.506714,0.517822,3.295898,-0.793457,-0.610352
47921,0.054321,-0.258301,0.682373,0.915527,-0.488281,-0.366211
47931,0.073853,-0.111206,0.835083,-1.525879,0.000000,0.488281
47941,0.132690,0.044556,1.018677,-3.540039,0.122070,1.220703
47951,0.013306,0.106445,1.177002,-3.295898,0.427246,1.892090
47962,-0.100952,-0.107178,1.073730,-0.671387,-0.183105,3.051758
47972,-0.137451,-0.222412,0.982544,0.183105,0.183105,3.601074
47981,-0.158325,-0.119019,0.947266,0.244141,0.183105,4.577637
47991,-0.084717,-0.103638,0.937988,0.366211,0.671387,5.371094
48002,-0.026611,-0.199585,0.945557,0.976562,0.732422,6.225586
48011,0.025635,-0.093506,0.979858,1.525879,0.732422,6.652832
48021,0.087646,-0.032471,1.014038,1.708984,1.098633,6.713867
48033,0.071045,-0.026367,0.899658,1.647949,0.610352,6.042480
48042,0.055664,-0.254517,0.807617,1.647949,0.305176,5.004883
48051,0.077148,-0.456177,0.729126,1.281738,-0.854492,3.906250
48062,0.031006,-0.280029,0.849365,0.000000,-1.708984,2.563477
48071,0.045898,-0.103760,1.006226,-1.647949,-2.197266,1.464844
48082,0.020142,-0.083130,1.064087,-2.990723,-2.502441,0.488281
48091,-0.039063,-0.077026,1.044922,-3.845215,-1.708984,-0.366211
48103,-0.094604,0.028198,1.068237,-3.540039,-1.403809,-0.366211
48112,-0.124878,0.135864,1.116455,-2.929688,-1.342773,-0.244141
48122,-0.109009,0.036377,1.144409,-2.197266,-0.854492,0.427246
48131,-0.052612,-0.167603,1.115356,-1.647949,0.366211,1.098633
48141,-0.041748,-0.243896,1.116699,-2.014160,0.549316,1.770020
48151,0.024658,-0.061279,1.179321,-2.868652,0.793457,1.708984
48164,0.116455,-0.007935,1.101929,-3.112793,-0.061035,0.854492
48173,0.032959,-0.088989,0.937866,-2.502441,-0.427246,0.244141
48183,0.087646,-0.046875,0.922607,-2.136230,-1.098633,-0.427246
48192,0.116943,-0.033081,0.959595,-1.647949,-1.403809,-0.915527
48202,0.093750,-0.224609,0.848755,-0.976562,-1.770020,-1.281738
48211,0.042603,-0.279175,0.825073,-0.671387,-1.586914,-1.708984
48221,0.072388,-0.238770,0.818237,-1.037598,-1.953125,-1.525879
48234,-0.017578,-0.258789,0.844482,-3.234863,-1.831055,-1.770020
48243,-0.031616,-0.096069,0.919800,-4.638672,-2.075195,-2.014160
48253,-0.052124,0.094971,0.992310,-5.187988,-1.647949,-1.342773
48262,-0.064941,0.150146,1.028931,-5.310059,-1.770020,-0.854492
48272,-0.104980,0.035034,0.970459,-4.821777,-1.098633,0.000000
48282,-0.071533,-0.126221,0.918457,-4.028320,-0.793457,1.037598
48291,-0.094849,-0.053467,0.984375,-3.601074,0.305176,1.770020
48301,-0.013184,0.023804,1.049927,-3.540039,0.610352,3.051758
48312,0.032593,-0.136108,0.952637,-2.990723,1.098633,3.173828
48322,0.040405,-0.080933,0.990479,-2.685547,0.427246,2.685547
48331,0.073486,0.040161,1.053589,-1.892090,-0.427246,1.708984
48341,0.032349,-0.082886,1.035522,-0.793457,-0.366211,0.732422
48351,0.077148,-0.177124,1.019043,0.061035,-0.976562,-0.061035
48361,0.069824,-0.209473,1.071655,0.427246,-1.220703,-0.671387
48373,0.049072,-0.143311,1.019165,0.671387,-1.525879,-1.708984
48383,0.011475,-0.118652,0.967041,0.427246,-1.525879,-1.708984
48392,0.027344,-0.226196,0.887451,0.122070,-1.647949,-1.708984
48402,-0.002930,-0.226562,0.853394,-0.671387,-1.770020,-1.708984
48412,0.016602,-0.037720,0.945557,-1.647949,-1.831055,-1.647949
48421,0.007690,0.011108,1.036743,-2.197266,-1.892090,-1.037598
48431,0.016724,-0.098755,0.996338,-3.051758,-1.647949,-0.366211
48444,-0.000122,-0.174438,0.964844,-4.943848,-0.671387,0.488281
48453,-0.015625,-0.004639,1.065308,-5.493164,-0.854492,0.854492
48463,-0.021851,0.052979,1.117310,-5.554199,-0.793457,0.854492
48472,-0.029053,0.052612,1.068359,-4.760742,-0.976562,0.427246
48482,-0.048218,0.018921,1.072632,-3.906250,-1.098633,-0.122070
48492,-0.007324,-0.028198,1.099365,-2.807617,-1.098633,-0.732422
48501,-0.042358,0.024414,1.124512,-1.892090,-0.671387,-1.037598
48511,0.022217,0.013184,1.132690,-0.549316,-1.098633,-2.441406
48521,0.014404,-0.074829,1.069580,1.586914,-1.159668,-3.112793
48531,0.033936,-0.325195,0.828857,1.525879,-1.159668,-3.906250
48541,0.046021,-0.212646,0.794189,0.854492,-1.525879,-4.577637
48551,0.045288,-0.097290,0.831055,0.427246,-2.014160,-5.249023
48561,0.036499,-0.154541,0.809082,-0.915527,-1.953125,-5.737305
48572,0.011963,-0.186279,0.771973,-1.770020,-1.403809,-5.615234
48581,0.024170,-0.027832,0.830566,-2.258301,-1.098633,-4.150391
48591,0.014160,-0.026245,0.848999,-3.234863,-0.671387,-3.295898
48601,-0.034424,-0.116821,0.926392,-4.150391,-0.305176,-2.380371
48611,-0.015259,0.088623,0.979736,-4.699707,0.488281,-1.037598
48621,-0.040649,0.129150,1.029785,-4.638672,0.854492,0.000000
48632,-0.028076,-0.033325,1.007324,-4.089355,1.281738,1.037598
48641,-0.036865,-0.114746,1.043335,-3.356934,1.586914,1.953125
48651,0.000732,-0.022461,1.247681,-3.295898,0.976562,2.990723
48662,0.007080,-0.067383,1.185669,-2.075195,1.098633,2.990723
48672,-0.003174,-0.045532,1.041748,-1.464844,1.037598,3.295898
48682,0.036865,-0.060425,0.985229,-0.854492,1.281738,3.723145
48691,0.054077,-0.101685,0.939941,-0.488281,0.854492,3.540039
48702,0.044922,-0.154297,0.942871,-0.061035,0.671387,3.295898
48711,0.032349,-0.119019,0.938354,-0.122070,0.000000,2.563477
48723,0.032104,-0.065186,0.903564,-1.708984,-0.305176,1.281738
48733,-0.023437,-0.010254,0.966309,-2.746582,-0.732422,0.915527
48742,-0.016968,-0.098633,0.936035,-3.173828,-0.793457,0.244141
48752,-0.067749,-0.130249,1.006226,-3.601074,-0.671387,0.183105
48761,-0.052002,0.004395,1.039917,-3.784180,-0.366211,0.061035
48771,-0.082397,0.111938,1.118042,-3.967285,-0.244141,0.366211
48781,-0.051392,0.066650,1.137573,-3.967285,0.183105,0.610352
48791,-0.058838,-0.021240,1.094727,-3.540039,0.610352,0.915527
48802,-0.071289,-0.144409,0.989014,-2.258301,0.976562,1.831055
48812,0.025513,-0.002075,0.975830,-3.173828,0.793457,1.403809
48822,0.057617,-0.003784,0.968018,-3.601074,0.976562,1.342773
48831,0.074585,-0.001831,0.911499,-3.295898,0.793457,1.037598
48841,0.032349,-0.004761,0.953003,-2.746582,0.000000,0.610352
48851,0.047119,-0.104858,0.992554,-2.075195,0.732422,0.488281
48861,0.011719,-0.079102,1.044312,-2.136230,-0.122070,-0.915527
48871,0.030396,0.086548,1.127808,-1.159668,-0.671387,-1.281738
48881,-0.023560,-0.001343,1.091309,0.305176,-0.732422,-1.403809
48891,-0.044312,-0.050903,1.057861,2.441406,-0.183105,-1.770020
48901,-0.017090,-0.157715,1.055664,3.784180,0.427246,-1.770020
48911,-0.025146,-0.231445,0.991211,4.272461,0.061035,-1.647949
48921,-0.000732,-0.158325,0.963013,3.906250,0.305176,-1.770020
48933,0.017212,-0.239014,0.829712,3.051758,1.464844,-1.098633
48943,0.015503,-0.071777,0.927490,1.953125,0.610352,-0.793457
48953,0.046631,-0.018066,1.048340,0.610352,-0.061035,-0.671387
48962,0.007446,-0.157104,0.992920,-0.366211,0.244141,-0.366211
48972,-0.005859,0.055420,1.062256,-1.220703,0.000000,-0.122070
48981,-0.006348,0.148682,1.061890,-1.098633,0.122070,0.305176
48991,-0.017090,-0.019043,1.039185,0.061035,1.403809,1.281738
49001,-0.012573,-0.106445,1.078003,0.976562,0.793457,1.953125
49012,-0.010254,0.000122,1.171753,1.831055,0.610352,2.075195
49022,-0.010132,-0.090576,1.038330,2.258301,0.976562,1.892090
49031,0.015015,-0.015259,0.992310,2.868652,0.854492,1.831055
49041,0.012451,-0.012817,1.005127,3.723145,0.915527,1.403809
49051,0.036865,-0.014771,1.060669,4.211426,0.671387,1.037598
49061,0.026367,-0.147461,1.058594,4.394531,-0.061035,0.366211
49073,0.012939,-0.127808,0.973999,3.601074,-0.244141,-0.610352
49083,-0.002930,-0.022461,0.923340,3.662109,0.244141,-0.793457
49093,0.006714,-0.005493,0.956177,3.723145,0.000000,-0.610352
49102,-0.024536,-0.241577,0.866455,3.906250,-0.061035,-0.610352
49112,0.007446,-0.145508,0.885254,3.295898,-0.244141,-0.549316
49121,0.027832,0.007690,0.932617,2.258301,-0.610352,-0.366211
49131,0.025391,-0.174805,0.805786,1.770020,0.061035,0.183105
49143,-0.010620,0.074341,0.973389,0.732422,0.366211,0.793457
49153,-0.024170,-0.185669,0.931763,0.793457,0.793457,0.671387
49162,-0.055542,-0.135864,0.921387,0.122070,0.610352,0.793457
49171,-0.026123,0.014038,1.031372,-0.854492,0.793457,0.793457
49181,-0.016479,-0.130859,0.857910,-1.647949,1.342773,1.220703
49192,-0.017944,0.029663,0.899536,-2.380371,1.647949,2.197266
49201,0.014160,0.066895,1.008789,-2.075195,1.708984,2.624512
49211,-0.019165,-0.196411,0.936523,-2.624512,1.464844,2.807617
49222,0.009644,0.036865,1.028564,-4.211426,0.610352,3.234863
49232,0.024414,0.014526,0.966064,-4.150391,0.610352,3.723145
49241,0.009888,0.083984,0.955933,-3.540039,0.854492,4.150391
49251,0.032715,-0.100952,1.009521,-2.990723,0.976562,4.577637
49261,0.000732,-0.112427,1.027222,-2.990723,0.732422,4.760742
49271,0.007813,-0.012939,1.151733,-3.234863,0.793457,4.394531
49281,0.024292,-0.071655,1.090210,-3.479004,1.098633,4.394531
49292,-0.026978,0.005127,1.010132,-2.868652,0.732422,4.211426
49302,-0.032471,-0.110962,0.980225,-2.441406,0.854492,4.150391
49312,-0.024414,-0.047852,1.146362,-2.624512,0.732422,3.967285
49321,-0.033936,-0.037354,1.111938,-2.746582,0.671387,3.540039
49331,0.006592,-0.135742,1.052856,-2.563477,0.488281,3.356934
49341,-0.014038,-0.123169,0.939453,-2.807617,0.366211,3.540039
49351,0.015381,0.015137,0.990723,-3.051758,0.488281,3.234863
49362,0.008057,-0.049316,0.960449,-4.211426,0.488281,2.746582
49372,0.008057,-0.074219,0.996460,-5.249023,-0.061035,2.136230
49382,0.025635,-0.039307,0.898315,-5.798340,0.183105,1.708984
49391,0.017700,-0.059082,0.868530,-6.225586,-0.244141,1.770020
49401,0.015381,-0.046753,0.811157,-6.469727,-0.671387,1.281738
49412,0.040771,0.056274,0.957397,-6.835937,-0.671387,0.549316
49421,0.025757,-0.050293,0.954468,-6.530762,-0.854492,-0.366211
49433,-0.003418,-0.180542,0.959595,-5.859375,-1.403809,-0.854492
49442,0.030396,-0.023560,1.009277,-5.615234,-0.488281,-0.732422
49452,0.015869,-0.001587,1.006470,-5.187988,-0.122070,-0.366211
49461,0.006348,-0.040161,0.929443,-4.577637,-0.793457,0.061035
49471,0.004028,0.040771,1.022949,-4.028320,-0.549316,0.183105
49482,0.007690,-0.137451,0.988403,-3.723145,-0.366211,-0.122070
49491,0.027710,0.023315,1.007568,-2.868652,-0.671387,-0.305176
49501,0.024658,-0.044312,0.952393,-2.258301,-0.793457,-0.244141
49512,0.047119,-0.085571,0.919678,-1.708984,-0.549316,-0.061035
49521,0.022583,-0.189575,0.976440,-1.342773,-0.732422,0.183105
49531,0.021606,-0.082764,1.038208,-1.220703,-0.671387,0.244141
49542,-0.011597,-0.191162,0.893311,-1.037598,-0.610352,0.366211
49551,0.041992,-0.063110,0.984619,-1.159668,-0.549316,0.549316
49564,0.005249,-0.061279,0.968872,-1.892090,-1.281738,0.183105
49573,-0.012329,-0.033691,1.073730,-1.586914,-1.525879,0.122070
49583,-0.031250,-0.096191,1.027222,-1.220703,-1.098633,0.000000
49592,-0.028809,-0.052612,1.100708,-1.708984,-0.854492,-0.061035
49602,-0.025024,-0.030396,1.112305,-2.014160,-0.915527,0.000000
49612,-0.017944,-0.067871,1.093750,-2.075195,-0.915527,-0.122070
49621,-0.031860,-0.005493,1.026001,-1.831055,-0.488281,0.183105
49634,0.001709,-0.086182,1.018677,-1.464844,-0.305176,-0.427246
49643,0.037354,-0.011353,1.065918,-2.075195,-0.488281,-0.793457
49653,0.025024,-0.086304,1.110352,-2.380371,-0.854492,-1.281738
49663,0.025024,-0.016357,1.065430,-2.441406,-0.427246,-2.075195
49673,0.024414,0.020630,1.070557,-2.502441,-1.159668,-2.868652
49683,0.017822,-0.019165,1.016357,-2.258301,-1.159668,-3.173828
49693,0.009155,-0.004395,0.942261,-1.220703,-0.671387,-3.784180
49702,0.061279,-0.003662,1.027832,-1.220703,-0.793457,-3.662109
49711,0.025024,0.028687,0.947266,-1.281738,-1.464844,-3.723145
49721,0.034912,-0.066772,0.879639,-1.037598,-0.915527,-3.723145
49732,0.028564,0.084351,0.927124,-0.854492,-0.671387,-3.417969
49741,0.010010,-0.131104,0.854004,0.061035,-0.488281,-3.356934
49752,0.010620,-0.034302,0.993530,0.244141,-0.732422,-2.990723
49761,-0.003784,-0.141724,0.942871,0.244141,-0.671387,-2.929688
49773,0.015015,-0.099609,1.034302,0.122070,-0.671387,-2.502441
49782,-0.021118,-0.150146,0.871094,0.793457,-0.427246,-1.525879
49792,0.002441,-0.034180,1.002686,0.976562,0.427246,-0.732422
49801,-0.038940,-0.129272,0.919678,0.854492,0.183105,0.122070
49812,-0.006958,0.010132,1.015503,0.488281,0.976562,0.793457
49821,-0.008423,-0.111206,0.991577,0.366211,0.793457,1.281738
49831,0.005005,-0.012329,1.022583,0.366211,0.488281,1.770020
49843,-0.001343,-0.058105,0.990845,0.732422,1.464844,3.051758
49852,0.001709,-0.101440,1.052979,0.793457,1.159668,3.417969
49862,-0.012817,-0.138184,1.014404,1.037598,1.708984,3.417969
49871,-0.012573,-0.178711,0.966431,0.671387,0.671387,2.563477
49882,0.008667,-0.190552,1.005737,-0.244141,0.183105,1.770020
49891,0.035645,-0.032471,1.040527,-0.854492,0.305176,1.281738
49902,-0.013916,-0.051270,1.028442,-1.098633,0.183105,1.403809
49911,-0.011841,0.047241,1.042114,-0.549316,0.915527,1.647949
49923,-0.026611,-0.062744,1.044067,-0.488281,0.976562,1.220703
49932,-0.046509,-0.065308,1.056030,-0.671387,0.549316,1.098633
49942,-0.009766,-0.049438,0.971436,-1.159668,0.488281,0.610352
49952,-0.023193,0.058105,0.982544,-1.647949,0.854492,0.488281
49961,0.037109,-0.014771,0.896851,-2.136230,0.854492,0.793457
49972,0.022583,-0.020874,0.886719,-2.075195,1.281738,1.342773
49981,0.000977,-0.140259,0.843384,-3.540039,1.647949,1.342773
49993,-0.007446,-0.014771,1.000854,-4.516602,0.915527,1.220703
50002,0.026611,0.031372,1.104492,-4.211426,0.732422,0.488281
50011,-0.004395,-0.079956,1.031616,-3.845215,0.610352,0.488281
50022,0.007690,0.025269,1.047974,-3.540039,0.976562,0.732422
50031,-0.048218,-0.017578,0.964600,-3.173828,1.220703,1.220703
50043,0.037231,0.020264,1.052856,-2.868652,1.220703,1.770020
50052,-0.011597,-0.057007,1.017456,-2.929688,0.549316,1.586914
50063,0.017700,-0.015015,1.009399,-2.624512,0.488281,1.831055
50072,0.037354,-0.103760,0.960693,-2.502441,0.366211,1.953125
50082,0.015625,-0.058228,0.997192,-2.075195,0.976562,2.319336
50091,-0.002075,-0.130737,0.911621,-2.197266,0.793457,2.563477
50101,0.025635,-0.084229,0.984375,-2.441406,0.793457,2.746582
50111,0.016479,-0.095947,1.000610,-2.502441,0.488281,2.624512
50123,-0.044067,-0.158691,0.911255,-2.441406,0.427246,2.502441
50132,0.007324,-0.151123,0.910645,-2.990723,0.427246,2.380371
50142,-0.040649,-0.045288,0.967773,-3.601074,0.366211,2.563477
50151,-0.028320,-0.034546,0.994751,-4.211426,0.610352,2.563477
50162,-0.045044,-0.017456,0.928101,-4.394531,0.549316,2.807617
50172,-0.040283,-0.055786,0.921875,-4.333496,0.732422,3.112793
50181,-0.008545,-0.015259,1.052002,-4.699707,0.671387,3.173828
50193,0.017944,0.011108,1.090942,-4.638672,1.525879,3.234863
50202,-0.034302,0.011963,1.034790,-4.577637,1.342773,3.479004
50212,0.009033,0.005493,1.013306,-3.845215,1.464844,3.479004
50221,-0.002563,-0.032837,1.047485,-2.868652,1.342773,3.417969
50232,0.024048,-0.097778,1.041138,-1.953125,1.831055,3.051758
50241,0.037964,-0.148926,1.018188,-1.831055,1.464844,2.563477
50253,0.023804,-0.112549,1.050781,-1.892090,0.610352,1.647949
50262,0.037476,-0.037109,0.934326,-2.197266,0.122070,1.525879
50273,0.063721,-0.108032,0.894409,-2.441406,-0.061035,1.098633
50282,0.005859,-0.013672,1.015869,-2.624512,0.305176,1.220703
50292,0.024536,-0.009766,0.976807,-3.051758,-0.549316,1.220703
50301,-0.001953,0.003174,0.953369,-3.356934,-0.244141,1.342773
50312,0.020996,-0.021729,0.961670,-3.417969,0.183105,1.647949
50321,-0.023437,-0.053955,0.949097,-3.417969,0.549316,1.892090
50331,0.007080,0.002930,0.980347,-2.990723,0.610352,2.075195
50342,0.002686,-0.088135,0.979126,-2.502441,0.793457,2.441406
50352,-0.005737,-0.046021,1.064209,-2.685547,0.305176,2.441406
50361,-0.026733,-0.046631,0.992310,-2.563477,0.549316,2.868652
50372,0.023437,-0.044556,1.056641,-2.624512,0.976562,2.990723
50381,-0.038330,-0.088745,1.024780,-2.197266,0.610352,2.502441
50393,0.010742,-0.061890,1.077881,-1.770020,0.305176,2.380371
50402,-0.028320,0.026855,1.120728,-1.708984,0.610352,2.746582
50413,0.034790,-0.005493,1.043579,-1.342773,1.037598,3.112793
50422,0.017700,-0.128784,0.954590,-0.854492,0.671387,3.479004
50432,0.039307,-0.132446,0.994141,-1.159668,0.671387,3.173828
50442,-0.001465,-0.058105,0.988403,-1.525879,0.610352,2.990723
50451,0.032471,-0.035645,0.959351,-1.831055,-0.061035,3.051758
50463,0.008911,-0.038086,0.953125,-1.770020,-0.244141,3.295898
50472,-0.046143,-0.097778,0.933594,-1.586914,-0.061035,3.051758
50482,0.004395,-0.037842,1.031372,-1.708984,0.000000,3.173828
50491,-0.026611,-0.033936,0.942261,-1.770020,0.305176,3.234863
50502,-0.010498,-0.104126,0.909302,-1.647949,0.244141,3.234863
50511,0.005249,-0.024902,0.958984,-1.586914,0.610352,3.173828
50522,-0.020142,-0.062866,0.872925,-1.586914,0.854492,3.356934
50531,0.000122,-0.096802,0.881104,-2.014160,0.915527,2.990723
50543,-0.002197,-0.017090,0.916504,-2.502441,0.366211,2.685547
50553,-0.000732,-0.038940,0.983765,-2.746582,0.000000,2.685547
50562,0.014771,0.006836,1.041870,-2.624512,0.671387,2.929688
50572,-0.009644,0.018555,1.099487,-2.380371,1.159668,3.051758
50582,0.019653,-0.023071,1.128418,-1.953125,0.854492,3.417969
50592,-0.024414,-0.017944,1.147583,-1.403809,0.854492,3.601074
50601,-0.032593,-0.052002,1.104370,-0.732422,0.915527,3.784180
50613,0.013306,-0.082397,1.065552,0.000000,0.915527,3.784180
50622,0.053467,-0.150024,1.055664,0.000000,0.183105,3.784180
50632,0.046875,-0.098633,1.034058,-0.061035,0.488281,3.967285
50641,0.052490,-0.032593,1.026489,-0.061035,0.244141,4.516602
50652,0.023193,-0.048096,1.022827,0.122070,0.549316,5.065918
50661,0.047729,0.002563,1.055542,0.183105,0.488281,4.943848
50672,-0.013794,-0.039673,1.034546,0.610352,0.000000,4.699707
50683,-0.033325,-0.017944,1.105957,0.671387,-0.366211,3.845215
50693,-0.017456,-0.025879,1.022461,1.037598,-0.671387,3.234863
50702,-0.039307,-0.070312,0.988037,1.281738,-0.915527,2.990723
50712,-0.031250,-0.102051,0.913818,1.342773,-0.244141,3.173828
50721,-0.019897,-0.036255,0.946899,1.403809,0.488281,2.929688
50732,-0.003418,-0.116821,0.907959,1.159668,0.244141,2.502441
50741,0.026001,-0.064941,0.977661,0.549316,0.793457,2.197266
50753,0.030396,-0.122803,0.994507,0.183105,-0.122070,1.464844
50762,0.028931,-0.101807,1.011108,0.549316,0.915527,1.464844
50772,0.028442,-0.067383,1.012085,0.549316,0.305176,1.342773
50781,0.046143,-0.131592,0.931152,0.183105,0.183105,1.098633
50792,0.023926,-0.111816,0.871582,-0.244141,0.000000,1.098633
50801,0.056885,-0.001221,0.943604,-0.854492,-0.061035,1.220703
50813,0.057495,-0.029297,0.897949,-1.464844,-0.915527,1.342773
50822,0.064453,-0.047729,0.947876,-1.831055,-0.732422,1.403809
50832,0.058838,-0.000244,0.947266,-2.075195,-0.793457,1.708984
50841,0.007446,-0.029175,0.959473,-2.014160,-0.793457,2.075195
50852,0.029785,0.058105,1.017578,-2.319336,-0.793457,2.136230
50861,-0.030884,0.011597,1.094482,-1.892090,-1.037598,2.441406
50872,-0.005249,0.092163,1.170654,-0.793457,-1.159668,2.197266
50882,-0.051758,-0.050415,1.137207,-0.061035,-1.220703,2.014160
50893,-0.049805,-0.087769,1.072754,2.075195,-0.549316,1.892090
50903,-0.016724,-0.108276,1.034424,2.563477,-0.427246,1.770020
50913,0.002319,-0.082764,0.992310,2.685547,-0.244141,1.953125
50922,0.014771,-0.105225,0.925781,2.746582,-0.427246,1.953125
50931,0.036255,-0.110474,0.945679,2.319336,-0.610352,1.464844
50942,0.017090,-0.105957,0.923218,1.892090,-0.122070,1.281738
50952,0.032837,-0.105591,0.957642,1.586914,-0.427246,1.037598
50961,0.007690,-0.080078,1.026855,0.427246,-0.427246,1.403809
50973,-0.005859,-0.042969,1.041016,-0.183105,-0.366211,1.831055
50982,0.005493,-0.038818,1.006958,-0.244141,0.061035,2.502441
50992,-0.003052,-0.021973,1.013794,-0.366211,0.061035,2.868652
51001,-0.008667,-0.069946,1.020874,-0.122070,0.427246,2.990723
51012,-0.024414,-0.070557,1.004028,-0.183105,-0.366211,3.173828
51022,-0.003662,-0.119751,1.010254,-0.183105,-0.305176,3.417969
51034,0.030396,-0.069580,0.971802,-0.854492,0.854492,3.479004
51043,0.028076,-0.062378,0.958496,-1.281738,0.549316,3.417969
51052,0.054199,0.001099,1.019531,-1.586914,0.000000,3.051758
51061,0.022217,0.018433,1.049805,-1.953125,-0.427246,2.685547
51072,0.023682,-0.040039,1.051880,-2.075195,-0.610352,2.258301
51081,0.017700,0.042603,1.115234,-2.136230,-0.610352,1.892090
51093,0.012451,0.014648,1.065308,-1.403809,-0.366211,1.647949
51102,-0.013062,-0.089111,0.994385,-0.976562,-0.488281,1.770020
51112,0.001221,-0.068481,1.052246,-0.732422,-0.671387,1.770020
51122,0.002563,-0.036621,0.978027,-0.732422,0.061035,1.770020
51131,0.012451,-0.051514,0.984741,-0.488281,-0.305176,1.770020
51142,-0.001465,-0.115356,0.941040,-0.366211,0.305176,2.014160
51152,0.020630,-0.027344,1.031006,-0.854492,0.183105,2.441406
51163,0.008423,0.000732,1.006104,-0.671387,-0.061035,2.563477
51172,-0.015137,-0.091187,0.950439,-0.427246,-0.305176,2.319336
51182,0.019165,-0.099854,0.984253,-0.183105,-0.488281,2.136230
51192,0.015259,-0.010986,0.997681,-0.183105,-0.366211,2.258301
51201,-0.015015,-0.032959,0.923340,-0.061035,-0.305176,2.502441
51212,0.010620,-0.093384,0.943237,0.000000,-0.427246,2.441406
51221,0.014648,-0.070068,0.879272,-0.061035,0.000000,2.380371
51231,0.021118,-0.084229,0.920410,0.244141,0.122070,2.624512
51243,0.009277,-0.030518,0.959229,0.183105,-0.183105,2.197266
51253,-0.007446,-0.126709,0.929443,0.244141,-0.061035,2.136230
51262,-0.011719,-0.154541,0.867798,0.061035,-0.549316,1.953125
51272,0.000488,-0.200195,0.836792,-0.549316,0.488281,1.831055
51281,0.015259,-0.065430,0.953979,-1.586914,-0.305176,1.708984
51292,0.020508,-0.000488,0.999756,-2.258301,-0.488281,1.953125
51301,0.012451,-0.033203,0.981445,-2.502441,-0.427246,2.441406
51313,0.015137,-0.012573,1.073486,-2.685547,-0.305176,2.441406
51322,-0.004517,-0.115601,1.056885,-2.502441,0.000000,2.624512
51332,0.002563,-0.087891,1.043091,-2.380371,0.488281,2.685547
51341,0.010132,0.010498,1.076538,-2.258301,-0.122070,2.929688
51352,0.016968,-0.018799,1.041870,-2.014160,0.305176,2.685547
51361,0.007690,0.018066,1.064575,-1.708984,-0.305176,2.624512
51373,0.036133,-0.053467,1.014648,-1.953125,-0.122070,2.685547
51382,0.039307,-0.037598,1.005493,-2.380371,-0.122070,2.746582
51392,0.020386,-0.023437,0.977661,-2.868652,-0.305176,3.112793
51402,0.012207,0.003174,0.931030,-2.929688,-0.427246,3.112793
51411,0.003784,-0.021240,0.965698,-3.173828,-0.061035,3.112793
51422,0.010620,-0.055176,1.005371,-3.540039,-0.244141,2.929688
51432,-0.017212,-0.015503,0.957642,-3.479004,-0.244141,2.868652
51441,-0.039185,-0.036499,0.990112,-3.540039,-0.366211,2.685547
51451,-0.014160,0.026611,1.043335,-3.417969,0.244141,2.807617
51463,-0.005005,-0.071655,0.948730,-3.479004,-0.061035,3.051758
51472,0.003296,-0.109375,0.968506,-3.295898,0.610352,3.356934
51481,0.009155,-0.057861,0.960693,-3.479004,0.610352,3.845215
51492,0.032471,0.042725,0.977539,-3.234863,1.159668,3.784180
51501,0.013794,0.006226,0.977417,-3.295898,0.305176,3.723145
51513,0.037476,-0.082642,0.997559,-3.479004,-0.061035,3.601074
51522,0.023437,-0.036743,0.989990,-3.967285,-0.305176,3.723145
51533,0.009521,-0.038696,1.062744,-3.723145,-0.122070,3.723145
51543,0.022217,-0.109131,1.029053,-3.601074,-0.488281,3.906250
51552,0.001099,-0.055298,0.998535,-3.540039,0.122070,4.394531
51562,0.018066,-0.022339,1.079346,-3.601074,-0.183105,4.333496
51571,-0.006226,-0.037354,1.062012,-3.479004,-0.366211,4.394531
51583,-0.024048,-0.076172,0.963867,-3.234863,0.000000,3.906250
51593,0.011841,-0.000732,1.074463,-3.234863,-0.061035,3.479004
51602,0.022217,-0.066284,1.030151,-3.173828,-0.732422,2.929688
51612,0.005371,-0.095215,1.008057,-2.929688,-0.122070,2.624512
51622,0.039917,-0.082397,1.060425,-2.563477,-1.037598,2.075195
51631,0.009277,-0.081055,1.042236,-2.685547,-0.793457,1.403809
51642,0.033325,-0.102051,0.989746,-2.685547,-0.793457,1.220703
51652,0.002197,-0.072144,0.981812,-2.624512,-0.976562,0.793457
51661,0.010742,0.017212,0.986450,-2.929688,-1.403809,-0.427246
51671,0.021362,-0.012207,0.982544,-2.868652,-1.586914,-1.037598
51682,0.016846,-0.035156,1.001465,-2.624512,-1.220703,-1.281738
51691,0.030884,-0.023926,0.989624,-2.502441,-1.220703,-1.403809
51702,0.026611,-0.030396,0.954712,-2.136230,-1.281738,-1.586914
51711,0.044800,-0.005615,0.968506,-2.136230,-1.159668,-1.342773
51721,0.033813,-0.019653,0.965576,-1.647949,-1.281738,-1.098633
51733,0.031982,-0.050293,0.952637,-1.464844,-1.098633,-1.647949
51742,0.025024,-0.048218,0.954346,-1.220703,-1.098633,-1.525879
51752,0.027588,-0.077271,0.946411,-1.525879,-1.770020,-1.525879
51761,0.010498,-0.045288,1.005127,-1.525879,-1.342773,-1.159668
51772,-0.006958,-0.101318,1.004761,-1.098633,-1.159668,-0.671387
51782,-0.004761,-0.137329,0.987183,-0.976562,-0.976562,-0.244141
51791,0.008789,-0.059937,1.016113,-1.098633,-0.915527,0.244141
51803,0.008179,-0.066406,0.973267,-1.403809,-0.549316,1.464844
51812,0.011108,0.016113,0.983398,-1.770020,-0.549316,1.770020
51822,0.013306,-0.051514,0.979370,-1.770020,-0.610352,1.831055
51831,-0.002563,-0.031860,1.000488,-2.014160,-0.610352,1.708984
51841,-0.019897,0.017700,1.034058,-2.075195,-0.732422,1.586914
51852,-0.041382,0.006958,1.046387,-2.136230,-0.610352,2.197266
51861,-0.066895,-0.031860,1.019775,-2.014160,-0.061035,2.990723
51871,-0.036133,-0.005371,1.081665,-1.586914,0.854492,3.417969
51883,-0.014893,-0.033936,1.055908,-1.281738,0.732422,3.662109
51892,-0.017700,-0.027466,1.005737,-1.037598,0.610352,3.662109
51902,-0.024780,-0.104492,0.989990,-0.610352,1.220703,3.662109
51911,0.000122,-0.004761,1.058716,-0.854492,1.281738,3.479004
51922,0.000122,-0.081665,1.007202,-0.976562,0.854492,3.234863
51932,0.002197,-0.058472,0.967041,-0.915527,0.732422,3.295898
51944,0.005249,-0.076050,0.968140,-0.732422,0.671387,3.479004
51953,0.031738,-0.050171,0.968262,-0.915527,0.488281,3.479004
51962,0.028198,-0.008423,0.975586,-0.976562,0.671387,3.295898
51972,0.036743,-0.029663,0.998169,-1.342773,-0.061035,2.868652
51981,0.016357,-0.039917,0.962280,-1.342773,0.061035,2.807617
51991,0.009521,0.003296,0.989746,-1.525879,0.549316,2.990723
52001,-0.011353,-0.067993,0.978027,-1.831055,0.000000,3.173828
52011,-0.010498,0.006714,1.000732,-1.647949,0.244141,4.333496
52021,0.005859,-0.064575,1.007690,-1.586914,0.610352,5.126953
52031,0.014771,-0.048828,1.037109,-1.220703,0.854492,5.798340
52041,0.030762,-0.046387,1.003418,-1.342773,1.220703,6.286621
52051,0.037598,-0.084595,0.994873,-0.976562,1.037598,6.286621
52061,0.032471,-0.074585,0.979858,-0.915527,0.305176,6.103516
52071,0.017700,-0.105469,0.959106,-0.915527,0.366211,6.042480
52081,0.026245,-0.057861,1.037476,-1.342773,-0.549316,5.554199
52092,0.005371,-0.052979,1.017212,-1.647949,-0.305176,5.371094
52102,-0.011597,-0.081177,1.000000,-1.525879,-0.793457,5.065918
52112,-0.001587,-0.107422,1.025146,-1.281738,-0.427246,4.760742
52122,-0.035278,-0.065308,1.014282,-1.464844,-0.183105,4.333496
52132,-0.004639,0.009644,1.052612,-1.708984,-0.366211,3.540039
52141,-0.001587,-0.006714,1.046021,-1.647949,-0.183105,3.173828
52151,-0.011841,-0.029541,1.015381,-1.098633,-0.183105,2.075195
52163,0.016846,-0.058472,1.009277,-0.793457,-0.671387,1.770020
52172,0.027588,0.019165,1.044189,-0.793457,-0.793457,1.403809
52182,0.048462,-0.035400,1.031250,-0.854492,-0.915527,1.098633
52191,0.060303,-0.013794,1.009521,-0.671387,-1.098633,0.915527
52201,0.046997,-0.093262,0.991211,-0.122070,-1.037598,0.915527
52211,0.052490,-0.043213,1.011475,0.000000,-1.037598,0.366211
52221,0.052734,-0.067749,0.986694,0.000000,-1.220703,-0.061035
52233,0.055298,-0.095825,0.909668,0.122070,-1.708984,-0.244141
52242,0.032959,-0.113281,0.900513,-0.122070,-1.708984,-0.427246
52252,0.022339,-0.101685,0.914429,-0.488281,-2.319336,-0.671387
52261,0.017334,-0.113647,0.935547,-0.915527,-2.319336,-0.732422
52271,0.002075,-0.126831,0.894775,-1.464844,-2.075195,-0.427246
52282,-0.015991,-0.043335,0.934570,-1.281738,-1.586914,-0.427246
52291,-0.002441,-0.117432,0.932129,-1.098633,-1.525879,-0.061035
52301,0.002319,-0.087036,0.949585,-1.464844,-1.464844,0.000000
52312,0.004150,-0.027466,0.960571,-1.342773,-1.464844,0.000000
52321,0.015381,-0.043213,0.987427,-1.342773,-1.342773,0.000000
52331,0.012573,-0.047363,0.983643,-1.770020,-1.586914,-0.183105
52342,0.001099,-0.082520,0.991577,-2.075195,-1.647949,-0.366211
52351,0.005249,-0.020142,1.019287,-2.258301,-1.281738,-0.549316
52361,0.007690,-0.051758,1.010132,-2.258301,-1.403809,-1.342773
52373,-0.000732,-0.068604,1.048340,-1.647949,-1.342773,-1.037598
52382,0.013672,-0.055420,1.051392,-1.464844,-1.098633,-1.037598
52392,0.021484,-0.108765,1.003540,-1.525879,-1.220703,-1.281738
52401,0.036255,-0.049561,1.006958,-1.708984,-1.159668,-1.342773
52411,0.034302,-0.043823,1.012329,-2.197266,-1.464844,-1.342773
52422,0.006470,-0.022583,0.992920,-2.136230,-1.342773,-1.342773
52431,0.003418,-0.092651,0.989136,-2.258301,-0.976562,-1.525879
52443,-0.014893,-0.058960,1.027344,-2.380371,-1.159668,-1.708984
52452,-0.001343,-0.032715,1.010620,-2.441406,-1.586914,-1.892090
52462,0.011719,-0.044556,1.017334,-2.441406,-1.098633,-1.892090
52471,0.015869,-0.042603,1.008179,-2.197266,-0.915527,-1.953125
52481,0.016113,-0.050537,1.031860,-2.014160,-0.793457,-2.075195
52492,0.008545,-0.019165,0.988892,-2.197266,-0.610352,-2.014160
52501,0.011108,0.002197,0.991577,-2.380371,-1.159668,-2.014160
52513,0.023926,-0.032715,0.988403,-2.380371,-0.915527,-1.647949
52522,-0.013916,-0.044189,0.966553,-2.075195,-0.610352,-1.281738
52532,0.037109,0.010986,0.984131,-2.502441,-0.793457,-1.159668
52541,-0.003540,-0.066650,0.995117,-2.197266,-0.610352,-0.793457
52551,0.030273,-0.042236,0.989136,-2.258301,-0.305176,-0.488281
52563,-0.023315,-0.081299,0.973022,-2.380371,0.061035,0.366211
52572,-0.024536,-0.071899,0.991333,-2.197266,-0.183105,0.610352
52582,-0.002075,-0.019165,0.982666,-2.502441,-0.183105,0.854492
52592,0.010132,-0.076538,0.974976,-2.380371,-0.183105,1.281738
52602,-0.002197,-0.061401,0.994629,-2.197266,-0.122070,1.342773
52611,0.001953,-0.085083,0.937012,-1.953125,-0.366211,1.464844
52621,-0.024292,-0.058105,0.967773,-2.258301,0.244141,1.647949
52631,0.025391,-0.005859,1.024414,-2.563477,0.183105,1.953125
52641,-0.028564,-0.124756,0.991089,-2.563477,0.244141,1.708984
52652,-0.028442,-0.084717,1.013550,-2.319336,-0.183105,1.464844
52662,0.003784,-0.011108,1.053101,-2.197266,0.122070,0.976562
52671,-0.007446,-0.128418,1.054810,-1.831055,0.244141,0.732422
52682,0.003418,-0.039551,1.025269,-2.014160,-0.061035,0.549316
52691,0.004395,-0.080566,1.025391,-2.380371,-0.061035,0.793457
52702,0.006714,-0.034912,0.996338,-2.380371,0.854492,1.037598
52711,0.005127,-0.016479,1.030151,-2.563477,0.305176,1.037598
52722,0.000977,-0.024414,1.029907,-2.624512,0.122070,1.037598
52732,0.013550,-0.008301,1.021118,-2.746582,0.183105,0.976562
52741,0.004517,0.029785,1.083740,-2.990723,0.122070,0.915527
52752,0.014160,0.013428,1.060181,-2.929688,0.305176,1.037598
52761,-0.014038,-0.009888,1.007568,-2.746582,0.427246,1.220703
52771,0.018799,-0.073120,0.988403,-2.502441,0.244141,1.403809
52781,-0.007568,-0.004272,1.041260,-2.258301,0.488281,1.159668
52793,-0.001221,-0.037842,0.985596,-1.831055,0.305176,0.915527
52802,0.007324,-0.062622,0.979736,-1.586914,0.061035,1.037598
52811,-0.015015,-0.039551,0.953247,-1.220703,0.000000,1.281738
52821,0.009399,0.004028,1.002441,-1.037598,0.244141,1.037598
52832,0.001465,-0.049561,0.979248,-0.671387,0.183105,1.098633
52841,-0.008179,-0.059326,1.007813,-0.427246,0.061035,1.464844
52851,-0.000488,-0.043213,0.984741,-0.427246,0.427246,2.075195
52862,-0.006592,-0.127808,0.928711,0.366211,0.610352,2.136230
52872,-0.001343,-0.106201,0.960205,0.488281,0.732422,2.136230
52881,0.012573,-0.118164,0.977905,0.732422,0.427246,2.258301
52891,-0.003174,-0.154297,0.908325,0.488281,0.488281,2.441406
52901,0.020996,-0.047974,0.939087,0.000000,0.793457,2.746582
52912,0.020630,-0.065186,0.934814,-0.305176,0.549316,3.173828
52921,-0.008545,-0.049927,0.935669,-0.610352,0.549316,3.479004
52931,-0.029785,-0.012817,1.006836,-0.427246,1.037598,3.967285
52941,-0.037231,-0.055786,1.023071,-0.732422,0.915527,4.333496
52951,-0.016113,-0.020386,1.017456,-0.427246,1.281738,4.882812
52962,-0.015625,-0.009888,1.017944,-0.427246,1.586914,5.371094
52971,-0.027954,-0.086914,0.979858,-0.183105,1.831055,6.164551
52981,-0.015869,-0.051270,1.024780,-0.183105,1.647949,6.225586
52991,-0.019287,-0.050293,1.018799,-0.366211,1.770020,6.469727
53003,0.012085,0.017944,1.014771,-0.793457,1.647949,6.408691
53012,0.001831,-0.093872,0.979370,-0.793457,1.831055,6.469727
53021,-0.007813,-0.012573,1.018066,-1.159668,1.647949,6.530762
53031,0.001587,0.005005,1.041626,-0.976562,1.220703,6.286621
53041,0.013794,-0.072266,1.010742,-0.793457,1.281738,6.225586
53051,-0.003174,0.017334,1.039673,-1.098633,1.342773,6.347656
53063,-0.015015,-0.016357,0.970581,-1.220703,1.342773,7.080078
53073,-0.022827,-0.055908,0.972168,-0.793457,1.586914,7.751465
53082,-0.005005,-0.062988,0.940552,-0.976562,1.831055,8.178711
53092,-0.014404,-0.083862,0.933838,-1.220703,1.831055,8.483887
53101,0.010864,-0.092773,0.942383,-1.403809,1.892090,8.972168
53111,-0.005737,-0.029297,0.930786,-2.075195,1.464844,9.216309
53122,0.023315,-0.015259,0.927856,-2.441406,1.464844,9.704590
53131,0.012573,-0.038574,0.920898,-2.380371,1.647949,10.131836
53142,-0.003906,-0.046021,1.019287,-2.624512,1.708984,10.253906
53152,-0.015015,0.005371,1.022949,-2.807617,1.403809,10.253906
53161,-0.000977,-0.032837,1.016968,-2.624512,1.525879,10.253906
53171,-0.015137,-0.028687,0.965698,-2.624512,0.854492,10.314941
53182,-0.000488,-0.006592,1.015991,-2.502441,1.098633,10.375977
53191,0.012817,-0.072144,1.040161,-2.075195,1.586914,10.375977
53201,0.012695,-0.087769,1.018311,-1.586914,1.159668,10.009766
53212,0.046997,-0.069580,1.010376,-1.647949,0.671387,9.582520
53222,0.035522,-0.051147,1.025879,-1.708984,0.366211,8.728027
53231,0.049561,-0.186890,0.997192,-0.976562,0.244141,7.995605
53241,0.046387,-0.076416,1.016235,-1.281738,0.061035,7.019043
53251,0.074097,-0.071411,1.040039,-1.464844,-0.366211,6.103516
53261,0.030640,-0.093384,0.992187,-1.220703,-0.915527,5.065918
53270,0.028931,-0.059448,1.022461,-1.525879,-1.281738,3.601074
53282,0.023926,-0.029907,1.015503,-1.708984,-1.525879,2.990723
53292,-0.000977,-0.060669,0.984985,-1.831055,-1.953125,2.319336
53302,0.010498,-0.076538,1.004761,-1.770020,-2.197266,1.403809
53311,0.010010,-0.074829,0.996582,-1.770020,-1.831055,0.915527
53321,0.037598,-0.127808,0.994385,-1.831055,-1.892090,0.244141
53331,0.023682,-0.043457,0.976807,-1.953125,-1.953125,-0.488281
53341,0.033081,0.011475,0.999390,-1.953125,-1.892090,-1.647949
53351,0.061279,-0.042480,1.001099,-2.136230,-2.380371,-2.319336
53361,0.043091,-0.036377,1.012817,-2.502441,-2.563477,-2.990723
53370,0.051270,0.015991,1.039795,-2.685547,-2.990723,-3.417969
53381,0.046509,-0.007813,0.980347,-2.563477,-2.807617,-3.662109
53391,0.069946,-0.039429,0.983887,-2.502441,-2.807617,-4.272461
53401,0.060669,-0.014282,1.015625,-2.502441,-3.234863,-4.699707
53411,0.048218,-0.050659,1.000244,-2.319336,-3.417969,-5.859375
53421,0.035767,-0.070068,1.000000,-2.929688,-3.173828,-6.225586
53431,0.043457,-0.038208,1.017334,-2.807617,-3.417969,-6.347656
53441,0.026123,-0.011475,1.003174,-2.502441,-3.601074,-6.591797
53450,0.032104,-0.023682,1.023682,-2.502441,-4.089355,-6.896973
53461,0.024414,-0.104126,1.003052,-2.624512,-4.272461,-7.141113
53471,0.012207,-0.002808,1.031494,-2.746582,-4.211426,-7.446289
53480,0.012207,-0.029419,0.996338,-2.563477,-3.601074,-7.324219
53492,0.002075,-0.023682,1.012329,-2.624512,-3.601074,-7.324219
53502,0.016113,-0.039917,1.022461,-2.563477,-3.234863,-7.080078
53512,0.011230,-0.047852,0.999023,-2.624512,-3.601074,-7.141113
53521,0.014526,-0.073608,1.010620,-2.319336,-2.868652,-7.141113
53531,0.005981,-0.088501,0.992676,-2.319336,-3.112793,-6.958008
53541,0.002686,-0.010986,0.997192,-2.136230,-2.990723,-6.896973
53551,0.001099,-0.036621,0.991211,-1.708984,-3.173828,-6.469727
53561,-0.020996,-0.134888,0.984009,-1.708984,-1.892090,-6.164551
53570,0.004761,-0.082275,0.988525,-1.831055,-2.136230,-5.676270
53581,-0.000610,-0.075317,0.971069,-1.647949,-2.258301,-5.310059
53591,-0.025391,-0.003174,0.942627,-1.770020,-1.953125,-5.065918
53601,-0.014526,-0.013916,0.970337,-1.892090,-2.319336,-4.638672
53610,-0.020508,-0.059570,1.011963,-1.647949,-1.647949,-4.394531
53620,-0.019897,-0.027832,1.004028,-1.770020,-1.464844,-3.845215
53630,-0.019531,-0.010620,1.011963,-2.075195,-0.915527,-3.540039
53641,-0.027588,0.031006,0.986938,-1.770020,-0.793457,-3.051758
53651,-0.006958,-0.009277,1.008545,-1.281738,-0.366211,-2.624512
53661,-0.016724,-0.046021,1.040405,-1.281738,-0.427246,-2.441406
53671,-0.021362,-0.015015,1.045898,-1.342773,-0.610352,-2.136230
53681,-0.005859,-0.029053,0.999390,-1.525879,-0.244141,-1.464844
53690,0.003052,-0.092163,0.969116,-0.610352,-0.061035,-0.610352
53702,0.001221,-0.040161,1.026001,-1.159668,-1.220703,-0.610352
53712,-0.005737,-0.083740,0.984619,-0.854492,0.671387,-1.098633
53722,-0.012817,-0.045288,0.987305,-1.464844,0.000000,-0.793457
53731,0.000854,-0.047241,0.968262,-1.281738,0.183105,-0.671387
53740,-0.012207,-0.046997,0.984131,-1.098633,0.183105,-0.610352
53751,-0.022705,-0.030396,1.000610,-1.464844,0.488281,-0.488281
53761,-0.020752,-0.040527,0.989014,-1.464844,0.915527,-0.366211
53771,-0.027954,-0.003906,1.001831,-1.708984,0.549316,0.000000
53780,-0.005981,-0.036255,0.984863,-1.342773,0.366211,0.305176
53791,-0.018433,-0.078491,0.981689,-0.976562,0.732422,0.427246
53800,-0.002563,-0.038330,0.990112,-1.586914,0.854492,0.549316
53811,0.011841,-0.043335,0.988525,-1.586914,0.915527,0.671387
53820,0.011597,-0.060547,1.006592,-1.220703,1.220703,0.793457
53833,0.020752,-0.027222,0.990479,-1.037598,0.732422,1.037598
53842,0.015381,-0.078979,0.965576,-0.732422,1.037598,1.281738
53852,0.000488,-0.019897,0.967896,-1.037598,1.098633,1.770020
53862,-0.001221,-0.010010,0.978882,-0.976562,0.976562,2.014160
53871,-0.007568,-0.087646,0.963867,-0.915527,1.220703,2.441406
53880,-0.024780,-0.054321,0.968018,-0.976562,0.427246,2.990723
53891,-0.011841,0.006714,1.022217,-1.037598,1.342773,3.295898
53901,-0.005981,-0.046753,0.974609,-1.159668,0.793457,3.967285
53910,-0.032349,-0.017822,1.001831,-0.854492,1.464844,4.516602
53921,0.000854,-0.121216,0.988892,-0.610352,1.342773,4.638672
53931,-0.016113,-0.118408,0.971191,-0.732422,1.342773,4.699707
53940,0.017090,-0.032715,0.998413,-1.525879,1.953125,4.760742
53951,0.015259,-0.039795,0.998169,-1.525879,1.159668,4.699707
53960,0.000732,-0.104370,0.940552,-1.647949,1.037598,4.455566
53973,-0.000977,-0.081299,1.012573,-1.586914,1.098633,4.272461
53982,-0.009888,-0.063477,1.001465,-2.014160,1.220703,4.089355
53992,-0.034180,0.037598,1.028320,-2.563477,1.464844,4.089355
54002,-0.004883,0.017944,0.974976,-2.258301,1.525879,4.333496
54011,-0.028809,-0.099731,0.926147,-1.892090,1.220703,4.760742
54021,-0.005981,0.036743,1.044312,-2.319336,1.403809,4.760742
54031,0.007080,0.028442,1.052856,-2.502441,1.464844,4.882812
54043,-0.013794,-0.010010,1.012085,-2.197266,1.586914,5.554199
54053,0.010132,0.018921,1.018799,-1.892090,2.502441,5.737305
54062,0.012085,-0.078979,1.006470,-1.586914,2.380371,6.103516
54072,0.001831,-0.124512,0.972900,-1.281738,1.464844,6.042480
54081,0.003662,-0.031860,1.016602,-2.014160,1.525879,6.164551
54091,0.024048,0.022461,0.992187,-2.258301,1.098633,6.530762
54100,-0.010986,-0.069946,0.969849,-1.525879,1.525879,6.774902
54113,-0.016968,-0.041504,1.010864,-1.708984,1.586914,7.263184
54123,-0.011597,-0.132446,1.015747,-1.586914,1.708984,7.507324
54132,-0.025635,-0.105713,0.989380,-1.831055,1.342773,7.690430
54142,-0.013672,-0.018311,0.989502,-2.258301,1.464844,8.056641
54152,-0.002930,-0.010498,0.935669,-2.014160,1.586914,8.605957
54161,-0.023804,-0.079712,0.973877,-1.342773,1.831055,8.972168
54171,-0.005005,-0.044067,0.993652,-1.708984,2.380371,9.033203
54181,-0.010742,-0.001099,1.042603,-1.770020,2.258301,9.582520
54190,0.008301,-0.085205,0.996094,-2.258301,2.502441,10.070801
54201,0.002563,-0.014648,0.985229,-2.136230,2.258301,10.253906
54210,-0.000122,-0.055176,0.991089,-1.770020,2.075195,10.437012
54221,-0.001709,-0.121826,0.999023,-1.525879,1.892090,10.314941
54230,0.010620,-0.041382,1.030640,-2.197266,1.525879,9.948730
54240,0.021118,-0.029907,1.024658,-2.380371,1.525879,9.826660
54252,0.039063,-0.117310,0.963745,-2.319336,1.770020,10.070801
54261,0.035522,-0.046143,0.996094,-2.502441,1.770020,10.070801
54270,0.010498,-0.080811,1.022339,-1.892090,1.342773,9.826660
54281,0.028687,-0.174805,1.004517,-1.831055,0.793457,9.277344
54291,0.012817,-0.053345,1.041138,-2.197266,1.403809,9.033203
54300,0.029541,-0.010498,1.003906,-2.563477,0.671387,8.728027
54311,0.019409,-0.079224,0.980957,-2.075195,0.915527,8.789063
54323,0.011230,-0.021851,1.013062,-2.441406,0.732422,8.239746
54332,0.016479,-0.019653,1.010010,-2.319336,0.427246,8.361816
54342,0.016357,-0.099854,0.991333,-2.563477,0.061035,7.751465
54352,-0.007202,-0.019531,1.025635,-2.502441,0.305176,7.568359
54361,0.018188,-0.002930,1.021729,-2.563477,0.244141,7.629395
54370,0.000122,-0.060669,1.000366,-2.014160,0.000000,7.324219
54381,0.016113,-0.126587,1.004761,-1.586914,0.427246,6.713867
54390,-0.006836,-0.033569,1.031738,-2.258301,0.000000,5.859375
54400,0.039917,-0.051270,1.013794,-2.075195,-0.122070,5.432129
54411,0.028931,-0.091431,0.983032,-2.014160,-0.488281,5.004883
54420,0.032837,-0.008789,1.021851,-2.319336,-0.183105,4.760742
54431,0.048950,-0.048340,1.032349,-2.136230,-0.549316,4.699707
54440,0.033691,-0.125488,0.995483,-1.708984,0.305176,4.333496
54451,0.044800,-0.075562,0.996216,-1.708984,-0.427246,3.967285
54460,0.047607,-0.049561,0.980835,-1.647949,0.061035,2.990723
54472,0.029419,-0.083374,0.958618,-1.892090,-1.403809,2.502441
54482,0.028931,-0.018555,1.001099,-2.380371,-1.770020,2.563477
54491,0.031006,-0.003906,0.997925,-2.258301,-0.976562,1.953125
54501,0.030762,-0.005859,0.998169,-2.380371,-1.892090,1.647949
54510,0.008667,-0.064331,0.991943,-2.258301,-2.197266,1.708984
54521,0.009766,0.004395,1.042725,-2.258301,-1.770020,1.403809
54530,0.001831,-0.008545,1.039917,-2.197266,-0.305176,0.976562
54540,0.023437,-0.060913,1.030518,-2.136230,-1.220703,0.732422
54551,0.007690,0.046265,1.014404,-2.624512,-2.441406,0.244141
54561,0.037842,0.016968,0.975464,-2.746582,-1.770020,0.549316
54571,0.024780,0.035889,1.029785,-2.563477,-2.258301,0.183105
54580,0.022583,0.006470,0.986206,-2.685547,-2.258301,0.183105
54591,0.015259,0.105469,1.042847,-2.929688,-2.014160,0.122070
54600,0.030640,-0.002563,0.955322,-2.685547,-1.525879,0.427246
54612,0.021606,0.026001,1.006104,-2.502441,-2.258301,0.732422
54622,0.010620,0.061646,1.039551,-2.746582,-2.075195,0.610352
54631,0.006836,0.042114,0.991577,-2.319336,-1.647949,0.854492
54641,0.015015,-0.027954,0.982056,-1.831055,-1.892090,0.976562
54651,0.007568,0.028076,1.044067,-1.892090,-1.342773,1.464844
54661,0.024902,-0.037231,0.979370,-1.831055,-1.586914,2.075195
54670,0.000488,0.034058,1.011719,-2.258301,-1.953125,2.380371
54682,-0.007324,-0.010376,0.996948,-2.075195,-1.892090,2.685547
54691,0.000732,0.014893,1.009766,-1.647949,-1.464844,2.868652
54700,-0.012817,-0.049561,0.969238,-1.464844,-1.403809,2.807617
54710,-0.000732,-0.014038,1.014038,-1.525879,-2.075195,2.685547
54720,0.004395,-0.051147,0.964478,-1.770020,-1.342773,2.624512
54731,0.004272,0.004883,1.005981,-1.953125,-1.220703,2.624512
54740,-0.000732,0.022583,0.998779,-1.831055,-1.770020,2.746582
54752,0.003418,-0.020630,1.038574,-1.403809,-1.037598,2.197266
54761,-0.002075,-0.061035,0.982422,-1.342773,-1.464844,2.136230
54771,0.017822,-0.014160,1.023926,-1.342773,-1.281738,1.708984
54780,0.025146,0.008545,1.016479,-1.464844,-1.159668,1.464844
54791,0.007568,-0.069214,0.950317,-0.976562,-1.586914,1.220703
54800,0.007324,0.004883,1.008545,-1.342773,-1.708984,0.671387
54812,0.021973,-0.022217,0.988892,-1.281738,-1.892090,-0.305176
54821,0.014526,-0.009155,1.042480,-1.647949,-1.464844,-0.854492
54831,0.017334,-0.037231,0.994141,-1.525879,-2.136230,-1.403809
54841,0.018921,-0.009033,0.985718,-1.281738,-1.586914,-2.319336
54851,0.019043,-0.014404,1.014160,-1.403809,-2.075195,-2.624512
54861,0.018555,-0.062012,0.999878,-0.793457,-1.647949,-3.295898
54871,0.004272,-0.034058,1.021606,-1.220703,-1.953125,-3.784180
54880,0.025391,0.018311,1.013428,-1.770020,-2.258301,-4.150391
54890,0.015747,0.008179,0.977173,-1.831055,-2.258301,-4.821777
54901,0.029785,-0.000122,0.981445,-1.586914,-2.868652,-5.187988
54910,0.034912,-0.006470,0.993652,-1.647949,-3.417969,-5.676270
54920,0.037231,0.028320,1.049316,-1.953125,-2.868652,-6.164551
54931,0.082153,0.028564,0.997314,-2.136230,-3.173828,-6.591797
54940,0.050781,0.006958,0.977661,-2.136230,-3.234863,-6.896973
54950,0.037720,0.079346,1.031860,-2.197266,-3.417969,-7.324219
54962,-0.006348,-0.002563,0.979370,-1.892090,-3.540039,-8.666992
54971,-0.025146,0.091675,1.064453,-2.075195,-3.601074,-9.948730
54981,0.017456,0.053223,1.032959,-1.831055,-4.150391,-10.864258
54991,-0.013306,-0.041138,0.973022,-1.464844,-4.272461,-11.718750
55000,-0.010010,0.054077,1.034058,-1.464844,-4.333496,-12.634277
55010,0.049683,0.046753,1.034668,-1.281738,-4.455566,-13.549805
55020,0.033936,-0.065430,0.973145,-0.854492,-4.516602,-13.793945
55032,0.094849,-0.041016,1.050171,-1.037598,-5.554199,-15.747070
55042,0.072144,-0.114136,1.008789,-0.488281,-5.371094,-15.991211
55051,0.023804,-0.150024,0.996094,-0.305176,-5.554199,-16.357422
55061,0.084717,-0.127441,1.001587,-0.427246,-6.103516,-16.784668
55070,0.089966,-0.186646,1.007324,-0.244141,-6.103516,-17.028809
55080,0.010254,-0.209106,0.989380,-0.061035,-6.713867,-17.333984
55092,0.053101,-0.208618,0.956421,-0.183105,-7.202148,-17.883301
55101,-0.035278,-0.147705,1.017700,-0.610352,-7.080078,-18.493652
55111,-0.010254,-0.091431,0.975586,-1.159668,-7.507324,-18.859863
55121,-0.015625,-0.097656,0.913696,-1.037598,-7.202148,-18.615723
55130,-0.034546,-0.072021,0.981445,-1.037598,-6.835937,-18.127441
55140,0.012451,-0.033081,0.993774,-0.793457,-6.347656,-18.310547
55150,0.037842,-0.117432,0.956055,-0.549316,-6.408691,-17.761230
55162,0.020996,-0.095215,1.013306,-1.708984,-6.713867,-18.127441
55171,0.071899,-0.034302,0.984253,-1.770020,-6.958008,-18.371582
55181,-0.001587,-0.091431,0.954224,-1.403809,-7.324219,-18.798828
55190,0.017944,-0.015259,1.017090,-1.525879,-7.690430,-20.019531
55200,0.046265,-0.062134,1.009644,-1.403809,-7.995605,-20.507812
55211,-0.006714,-0.141113,0.981079,-1.159668,-7.690430,-20.812988
55221,-0.065796,-0.053101,0.997070,-1.892090,-7.995605,-21.484375
55230,0.042847,0.004761,1.039917,-2.258301,-8.117676,-22.338867
55240,0.044067,-0.090820,0.971680,-1.464844,-8.483887,-22.766113
55250,-0.011475,-0.074219,0.999512,-1.831055,-8.544922,-23.986816
55261,0.024048,-0.081665,1.003052,-1.770020,-8.972168,-24.353027
55270,-0.025635,-0.156372,0.955444,-1.770020,-8.972168,-25.085449
55280,-0.074829,-0.111206,0.978882,-2.258301,-8.483887,-25.817871
55291,-0.046265,-0.044922,1.084839,-2.563477,-8.544922,-26.489258
55301,-0.048706,-0.099854,1.034912,-2.014160,-8.789063,-27.709961
55310,-0.071899,-0.123535,0.986694,-1.403809,-8.911133,-28.442383
55321,-0.123169,-0.112427,0.977539,-1.281738,-9.399414,-29.052734
55330,-0.100098,-0.088745,0.986084,-1.281738,-9.277344,-29.541016
55340,-0.055298,-0.021851,0.960693,-1.586914,-8.544922,-29.357910
55351,-0.020508,-0.017944,0.961060,-1.892090,-7.568359,-28.625488
55361,-0.052856,-0.067139,0.963257,-1.586914,-6.774902,-27.709961
55370,-0.072876,-0.060059,0.989380,-1.586914,-6.164551,-27.038574
55380,-0.104614,-0.031738,1.018555,-1.464844,-6.469727,-26.489258
55391,-0.108032,-0.110962,1.026001,-1.464844,-6.347656,-26.184082
55401,-0.131714,-0.082764,0.997314,-1.586914,-6.469727,-25.512695
55411,-0.180420,-0.078369,0.979370,-0.915527,-5.981445,-24.841309
55420,-0.179199,-0.120117,0.981079,-0.732422,-5.310059,-23.864746
55430,-0.204590,-0.122925,0.990967,-0.610352,-4.089355,-22.888184
55442,-0.194092,-0.102783,1.001343,-0.793457,-2.807617,-22.827148
55451,-0.132935,-0.111206,0.996460,-0.610352,-2.868652,-22.827148
55461,-0.085083,-0.112427,0.966309,-0.061035,-2.502441,-22.338867
55471,-0.072632,-0.102539,0.994385,-0.366211,-2.624512,-21.179199
55481,-0.085571,-0.115356,1.006714,-0.183105,-1.831055,-20.446777
55490,-0.108154,-0.062622,1.000366,-0.244141,-1.220703,-19.836426
55500,-0.068604,-0.086426,0.982178,0.061035,-0.732422,-18.859863
55512,-0.092285,-0.093018,0.966553,-0.122070,-0.488281,-17.333984
55521,-0.095947,0.004395,1.002563,-0.244141,-0.610352,-16.479492
55531,-0.122437,-0.000488,1.014526,0.000000,0.122070,-15.502930
55540,-0.173828,0.020874,0.982178,0.305176,0.671387,-15.197754
55551,-0.143799,0.010376,0.953125,0.366211,0.427246,-14.709473
55560,-0.153931,0.022949,1.006592,0.427246,0.671387,-13.916016
55571,-0.132568,0.040527,0.994995,0.671387,1.342773,-13.732910
55580,0.157104,-0.175537,1.110962,0.732422,1.037598,-13.366699
55592,-0.224731,-0.450684,0.983276,-1.953125,-2.014160,-10.253906
55601,-0.549194,-0.021851,0.886719,-1.098633,-4.333496,-9.399414
55611,-0.142090,-0.031616,0.649170,1.647949,-1.220703,-8.728027
55621,0.164185,-0.160522,0.706299,3.234863,3.356934,-7.202148
55630,0.304199,-0.338135,0.928345,3.479004,7.873535,-4.821777
55641,0.020508,-0.269287,1.126465,1.953125,7.324219,-3.295898
55650,-0.288330,-0.224731,1.191650,0.183105,3.234863,-4.455566
55660,-0.438599,-0.114014,1.214233,1.159668,0.610352,-9.155273
55671,-0.202271,-0.286255,1.058105,2.380371,1.770020,-8.117676
55681,-0.065308,-0.358887,0.954468,2.197266,3.051758,-6.835937
55690,-0.001587,-0.192017,0.995117,0.854492,3.723145,-5.676270
55700,-0.053345,-0.103394,0.954468,0.427246,3.540039,-2.075195
55711,-0.126099,-0.045654,0.991943,0.915527,4.333496,2.075195
55720,-0.086060,-0.078491,0.998413,2.136230,6.225586,5.126953
55731,-0.102173,-0.120850,1.053711,2.502441,6.286621,6.958008
55741,-0.142456,-0.070557,0.998169,0.976562,5.432129,6.042480
55750,-0.149292,-0.049561,0.893921,0.244141,4.577637,5.554199
55760,-0.196899,-0.079468,0.821533,0.183105,4.821777,5.798340
55771,-0.161255,-0.043457,0.852905,0.000000,5.249023,6.225586
55780,-0.164917,-0.137939,0.915405,0.061035,6.042480,8.422852
55792,-0.107544,-0.187134,1.018799,-0.427246,8.850098,13.366699
55801,-0.090576,-0.232422,1.032959,-0.610352,8.789063,14.526367
55811,-0.064819,-0.183228,1.018555,-0.488281,8.056641,14.282227
55820,-0.041748,-0.298462,0.942261,0.305176,7.507324,13.427734
55831,0.012451,-0.343140,0.963623,0.427246,6.958008,12.207031
55840,0.015625,-0.385254,0.986450,0.183105,6.530762,11.230469
55850,0.019043,-0.273193,0.998657,-0.244141,6.164551,10.681152
55860,0.021118,-0.249634,0.966431,-0.732422,5.859375,10.375977
55872,0.027344,-0.283325,0.937134,0.061035,6.042480,10.620117
55881,0.013550,-0.266724,0.988770,-0.305176,5.615234,11.352539
55890,0.030396,-0.250000,1.001953,-0.610352,5.615234,11.840820
55900,-0.018066,-0.190063,1.016479,-0.976562,4.638672,12.329102
55911,-0.025879,-0.232422,0.989990,-1.098633,4.394531,12.573242
55920,-0.079468,-0.245239,0.979858,-1.220703,4.089355,13.183594
55932,-0.062378,-0.218018,0.971924,-1.464844,4.089355,13.732910
55941,-0.125366,-0.265259,0.986450,-1.525879,4.028320,14.221191
55951,-0.169067,-0.233765,1.007690,-1.525879,4.516602,14.587402
55961,-0.129761,-0.231812,0.979370,-1.464844,4.272461,14.709473
55970,-0.173462,-0.236816,0.997070,-1.403809,4.089355,14.404297
55980,-0.132690,-0.288696,0.951050,-1.037598,4.760742,14.404297
55990,-0.147827,-0.249634,0.999390,-1.464844,4.760742,14.526367
56000,-0.089478,-0.269409,0.974365,-1.525879,5.187988,14.892578
56012,-0.076294,-0.247681,0.963013,-1.464844,5.676270,15.869141
56021,-0.081177,-0.233643,0.968872,-1.586914,5.920410,16.052246
56031,-0.066284,-0.284302,0.939575,-1.647949,5.493164,15.930176
56040,-0.040894,-0.281128,0.949097,-1.831055,5.554199,15.319824
56051,-0.056152,-0.271484,0.960693,-2.075195,5.249023,14.953613
56060,-0.018311,-0.306274,0.955200,-2.136230,5.126953,14.160156
56070,-0.038452,-0.298584,0.999023,-2.380371,4.516602,13.610840
56082,0.000366,-0.315796,0.985718,-2.197266,4.272461,12.390137
56091,0.028931,-0.330322,0.987183,-1.831055,4.028320,11.779785
56101,0.025757,-0.256226,0.984375,-2.197266,3.295898,11.047363
56110,0.022583,-0.306030,0.997314,-2.014160,2.685547,9.948730
56120,0.037964,-0.282227,1.005005,-2.075195,2.380371,8.483887
56131,0.055420,-0.232788,1.012573,-1.892090,1.708984,6.835937
56140,0.051270,-0.317627,0.982056,-1.586914,1.403809,4.760742
56152,0.036377,-0.222778,1.007446,-1.831055,-0.610352,-0.366211
56162,0.045654,-0.297241,0.983398,-1.953125,-1.586914,-3.356934
56171,0.081055,-0.280273,0.995850,-1.770020,-2.136230,-5.981445
56181,0.088867,-0.231689,0.976196,-1.770020,-3.112793,-8.422852
56191,0.116455,-0.297485,0.974854,-1.403809,-3.295898,-11.352539
56200,0.155884,-0.288452,0.998901,-1.525879,-4.333496,-14.465332
56210,0.169922,-0.201538,1.006836,-1.647949,-5.554199,-17.700195
56220,0.165161,-0.238403,0.987793,-1.708984,-6.958008,-23.315430
56231,0.168701,-0.218262,1.004028,-1.403809,-7.934570,-26.000977
56240,0.147339,-0.221436,0.996094,-1.403809,-8.911133,-28.442383
56251,0.163818,-0.172485,1.023071,-1.708984,-9.582520,-31.127930
56260,0.180176,-0.295776,0.990601,-1.708984,-10.375977,-33.691406
56270,0.162109,-0.223145,1.002197,-1.708984,-10.864258,-35.827637
56282,0.140991,-0.154419,0.989502,-1.770020,-11.657715,-39.184570
56291,0.129883,-0.173584,0.978638,-1.892090,-12.084961,-40.771484
56301,0.093994,-0.154297,1.010498,-1.892090,-12.390137,-42.297363
56311,0.061157,-0.113525,1.002686,-1.647949,-12.878418,-43.273926
56321,0.084839,-0.088135,0.994263,-1.892090,-12.939453,-44.311523
56330,0.073120,-0.148804,1.015625,-1.953125,-12.817383,-45.104980
56340,0.043335,-0.106323,1.007935,-2.075195,-12.817383,-45.471191
56352,0.013306,-0.088379,0.992310,-1.037598,-12.390137,-46.203613
56361,0.031738,-0.145020,1.011475,-0.793457,-11.962891,-46.813965
56371,0.005371,-0.182983,0.997314,-0.488281,-12.023926,-47.607422
56381,-0.004028,-0.166748,0.967407,-0.549316,-12.390137,-48.583984
56391,0.017700,-0.132812,0.978271,-0.244141,-11.840820,-49.377441
56400,0.008789,-0.186646,0.951538,0.122070,-11.596680,-49.743652
56410,0.005981,-0.132202,0.997803,0.244141,-11.108398,-50.048828
56421,-0.042725,-0.147095,0.991211,0.854492,-10.131836,-49.621582
56431,-0.051147,-0.060791,1.019653,0.915527,-8.972168,-48.950195
56441,-0.045776,-0.133423,0.992554,1.281738,-7.690430,-48.156738
56451,-0.040771,-0.071289,0.998779,1.037598,-7.629395,-46.691895
56461,-0.052490,-0.073364,1.006226,0.976562,-7.507324,-44.799805
56470,-0.045776,-0.068115,0.976685,1.098633,-6.652832,-42.358398
56480,-0.046021,-0.076538,0.970703,1.098633,-5.371094,-39.428711
56492,-0.071167,-0.081665,0.989624,1.342773,-2.685547,-32.775879
56502,-0.036255,-0.047974,1.012939,1.220703,-2.075195,-29.663086
56512,-0.025269,0.001465,1.015503,1.220703,-1.586914,-26.672363
56521,-0.133179,-0.064087,0.995605,1.586914,-0.976562,-24.047852
56531,-0.208130,-0.038086,0.982300,1.464844,-1.220703,-21.789551
56540,-0.242065,-0.006348,0.988525,1.037598,-0.549316,-19.470215
56550,-0.258179,-0.000122,1.018677,1.159668,0.732422,-16.540527
56562,-0.212036,0.032837,1.000244,1.770020,4.150391,-9.094238
56571,-0.197876,-0.075317,0.970825,1.647949,5.615234,-5.737305
56581,-0.199097,0.010742,1.009644,0.976562,6.164551,-2.441406
56591,-0.232056,0.014648,1.040405,0.915527,6.652832,1.098633
56600,-0.246582,0.021362,1.029175,0.793457,7.446289,4.577637
56610,-0.247437,-0.055542,1.010010,0.854492,8.850098,8.361816
56620,-0.237183,0.010254,1.009033,1.037598,9.704590,12.145996
56632,-0.191650,-0.005859,1.005859,1.098633,11.230469,19.226074
56641,-0.155151,0.012817,0.998657,0.793457,11.718750,22.216797
56651,-0.121948,-0.014771,1.009888,0.793457,12.695313,25.329590
56661,-0.129883,-0.066406,0.980835,0.488281,12.817383,28.320312
56670,-0.163818,-0.052246,0.968140,0.427246,12.329102,30.761719
56681,-0.149902,-0.004883,1.033203,0.305176,12.939453,33.081055
56690,-0.206299,-0.061890,0.959961,0.305176,13.366699,35.522461
56702,-0.210815,-0.070557,0.975830,-0.061035,14.160156,39.489746
56711,-0.220459,-0.097412,0.990723,0.305176,14.221191,41.503906
56721,-0.212891,-0.141113,0.902954,0.671387,14.465332,42.175293
56730,-0.167114,-0.123169,0.902832,0.183105,14.770508,43.334961
56741,-0.229614,-0.203857,0.910522,0.183105,14.892578,43.701172
56750,-0.174683,-0.135620,0.875610,-0.061035,13.061523,41.503906
56761,-0.114136,-0.189575,0.909058,-0.427246,13.793945,40.893555
56770,-0.166382,-0.203857,0.950439,-0.732422,13.671875,39.367676
56782,-0.062744,-0.143433,1.067749,-0.854492,11.596680,38.391113
56792,-0.010376,-0.227295,1.078247,-0.244141,11.413574,37.841797
56801,0.062866,-0.184448,1.076904,-0.305176,10.192871,34.851074
56811,0.001343,-0.193115,0.970703,-0.305176,8.850098,32.958984
56820,0.027100,-0.215454,0.927002,-0.366211,8.789063,31.372070
56831,0.028564,-0.209351,0.907471,-0.793457,6.713867,29.418945
56840,0.049683,-0.194702,0.992798,-0.793457,5.981445,27.587891
56852,0.104370,-0.177124,1.107178,-1.159668,3.601074,21.911621
56861,0.079346,-0.262451,1.030762,-1.098633,2.136230,18.859863
56871,0.078735,-0.264404,0.923340,-0.976562,1.159668,15.930176
56880,0.090576,-0.192993,0.975708,-1.586914,-0.061035,13.549805
56891,0.077271,-0.166016,1.075806,-1.159668,-0.366211,11.535645
56900,0.041504,-0.210327,1.091187,-0.854492,-1.586914,9.277344
56912,0.068848,-0.272217,1.023804,-0.305176,-3.173828,4.211426
56921,0.082764,-0.208496,1.052734,-0.671387,-4.272461,1.647949
56931,0.051025,-0.168945,1.030518,-0.549316,-5.371094,-0.732422
56940,0.017822,-0.209351,1.012451,0.122070,-5.737305,-2.563477
56950,0.008545,-0.334961,0.865112,0.854492,-5.798340,-4.516602
56960,0.021484,-0.339111,0.875610,0.427246,-5.554199,-6.103516
56970,0.019409,-0.209229,0.990845,-0.732422,-5.859375,-7.385254
56982,-0.028809,-0.199951,0.968628,-1.098633,-7.202148,-10.559082
56991,-0.034546,-0.239380,0.927002,-0.976562,-7.446289,-11.962891
57001,-0.009033,-0.161499,0.994141,-1.159668,-7.202148,-12.634277
57010,0.003174,-0.148926,1.041138,-1.342773,-6.713867,-12.878418
57021,-0.030151,-0.113525,1.066772,-1.098633,-6.164551,-12.695313
57030,-0.051270,-0.115234,1.068970,-0.732422,-6.713867,-12.634277
57040,-0.045044,-0.148437,1.049927,-0.183105,-5.737305,-12.329102
57052,-0.046875,-0.204346,0.992187,0.305176,-5.187988,-11.596680
57061,-0.052979,-0.152344,1.046631,0.305176,-5.371094,-11.413574
57071,-0.059570,-0.201904,1.040894,0.793457,-5.737305,-11.291504
57081,-0.074951,-0.196655,1.006592,1.342773,-5.432129,-11.352539
57091,-0.055542,-0.246216,0.994629,1.770020,-5.065918,-11.230469
57100,-0.080200,-0.204712,0.984619,1.525879,-4.760742,-10.375977
57111,-0.103516,-0.223877,0.965210,1.586914,-3.906250,-9.765625
57120,-0.122070,-0.241577,0.921753,1.647949,-2.746582,-8.544922
57130,-0.097778,-0.277344,0.890625,1.220703,-2.319336,-8.117676
57141,-0.100220,-0.243774,0.901978,0.976562,-2.380371,-7.873535
57150,-0.115845,-0.237305,0.933105,0.671387,-2.075195,-7.446289
57160,-0.095337,-0.220581,0.950073,0.488281,-1.892090,-6.652832
57171,-0.119019,-0.223267,0.954468,-0.061035,-1.525879,-5.615234
57181,-0.109253,-0.199219,0.947144,-0.122070,-0.671387,-4.211426
57190,-0.121460,-0.199829,0.961426,-0.244141,-0.122070,-1.159668
57200,-0.111084,-0.206177,0.918945,-0.061035,1.159668,0.061035
57211,-0.103149,-0.161377,0.949707,-0.549316,1.708984,1.708984
57220,-0.107178,-0.171265,0.937378,-1.037598,1.159668,3.112793
57230,-0.100830,-0.127075,0.964355,-1.037598,1.953125,4.272461
57240,-0.107910,-0.181641,0.948975,-1.037598,2.441406,5.249023
57251,-0.144043,-0.130981,0.984741,-1.586914,2.319336,6.286621
57260,-0.118042,-0.128296,1.001953,-1.831055,2.929688,7.263184
57272,-0.081787,-0.041504,1.019287,-1.831055,2.868652,8.239746
57281,-0.089478,-0.197876,1.000610,-0.793457,2.746582,7.934570
57291,-0.117798,-0.171265,0.984985,-1.037598,2.441406,7.690430
57301,-0.125488,-0.076904,0.953979,-1.037598,2.807617,7.812500
57310,-0.119507,-0.199463,0.922729,-0.549316,2.746582,7.751465
57320,-0.138306,-0.250854,0.917847,-0.427246,3.967285,7.629395
57332,-0.129639,-0.196899,0.886475,-1.647949,3.967285,6.164551
57341,-0.045288,-0.091553,1.014771,-1.342773,3.479004,5.004883
57351,-0.074951,-0.153320,0.985596,-0.976562,2.685547,3.723145
57361,-0.088745,-0.143066,0.984131,-0.915527,1.464844,2.258301
57370,-0.072144,-0.207642,0.978638,-0.915527,1.098633,1.342773
57380,-0.080200,-0.200928,1.000122,-1.281738,2.136230,1.159668
57391,-0.067139,-0.020996,0.993896,-1.647949,2.868652,0.976562
57400,-0.054932,0.000122,1.009888,-1.525879,3.112793,-1.281738
57410,-0.032227,-0.114136,1.005859,-0.732422,2.197266,-2.990723
57420,-0.046143,-0.123779,1.076416,-1.892090,1.037598,-4.943848
57431,0.021851,0.010742,1.109741,-2.258301,0.976562,-6.591797
57440,0.062500,-0.031494,1.104370,-1.647949,1.281738,-7.690430
57451,0.049805,-0.074585,1.079468,-1.037598,1.098633,-8.850098
57460,0.033325,-0.157837,1.028442,-0.976562,0.488281,-10.437012
57470,0.062012,-0.174072,0.982910,-1.037598,-0.427246,-13.000488
57482,0.143555,-0.144409,0.944458,-0.732422,-1.892090,-17.456055
57491,0.120361,-0.207153,0.981445,-0.366211,-2.624512,-19.592285
57501,0.103271,-0.210937,0.999023,-0.610352,-3.295898,-21.728516
57510,0.096069,-0.133911,1.029053,-0.793457,-3.601074,-23.681641
57520,0.081421,-0.144775,1.019897,-0.549316,-4.089355,-26.000977
57531,0.046997,-0.192017,0.998779,-0.122070,-4.455566,-28.137207
57540,0.020508,-0.175781,0.992187,0.244141,-4.333496,-31.860352
57550,-0.014160,-0.204590,0.962769,0.000000,-3.784180,-33.264160
57560,0.054199,-0.098999,1.002808,-0.366211,-3.540039,-33.874512
57571,0.074463,-0.108276,1.005371,-0.244141,-3.234863,-34.179687
57580,0.061279,-0.048950,1.035034,-0.549316,-3.662109,-34.423828
57591,0.070068,-0.075073,1.024170,-0.549316,-3.723145,-34.240723
57600,0.059570,-0.076416,1.015381,-0.427246,-2.929688,-33.508301
57613,0.077637,-0.030884,1.030151,-0.427246,-2.075195,-31.738281
57622,0.021240,-0.018066,1.045532,-0.244141,-1.647949,-31.066895
57632,-0.016846,-0.052246,1.039185,0.244141,-1.586914,-30.273437
57642,-0.048218,-0.074585,1.018555,0.427246,-1.586914,-29.541016
57651,-0.079102,-0.032104,1.023560,0.610352,-1.281738,-28.991699
57661,-0.092773,-0.057617,0.987427,0.732422,-1.586914,-28.503418
57670,-0.079346,-0.060669,0.971313,1.342773,-0.793457,-27.404785
57683,-0.132690,-0.153809,0.866821,2.136230,1.586914,-24.475098
57692,-0.140381,-0.153931,0.877441,1.770020,3.051758,-22.949219
57702,-0.151367,-0.123535,0.897705,1.525879,4.638672,-21.240234
57711,-0.188354,0.026855,1.088623,1.220703,5.126953,-19.775391
57720,-0.166504,-0.006226,1.142578,1.953125,5.981445,-18.798828
57730,-0.189575,-0.171631,0.986694,3.295898,6.347656,-18.310547
57741,-0.164917,-0.292114,0.848145,3.540039,6.713867,-17.456055
57750,-0.144531,-0.227295,0.792358,2.807617,7.202148,-14.648438
57760,-0.079224,-0.122925,0.846802,1.586914,9.765625,-11.718750
57771,-0.091553,-0.253906,0.775513,1.098633,10.803223,-8.850098
57780,-0.074463,-0.169922,0.873901,-0.244141,12.084961,-6.469727
57791,-0.132935,-0.052734,0.992187,-1.159668,12.756348,-4.150391
57800,-0.167847,-0.009766,1.072632,-0.732422,13.244629,-2.258301
57810,-0.177856,-0.101074,1.036743,0.183105,13.488770,-1.159668
57822,-0.149658,-0.169556,1.009033,0.915527,15.441895,1.464844
57831,-0.074341,-0.130615,0.979004,0.793457,15.563965,2.807617
57841,-0.089355,-0.131836,0.961182,0.732422,15.319824,4.516602
57850,-0.060059,-0.123657,0.952515,0.793457,15.319824,6.652832
57860,-0.084961,-0.145020,0.941895,0.854492,16.113281,8.544922
57870,-0.028809,-0.148193,0.977661,0.427246,16.357422,10.498047
57881,-0.042725,-0.203979,0.945679,0.122070,16.540527,11.962891
57890,-0.041870,-0.165039,0.977783,-0.488281,16.906738,13.366699
57902,-0.091431,-0.212524,1.006836,-0.732422,17.089844,15.747070
57911,-0.113892,-0.220215,0.943115,-0.427246,17.028809,16.540527
57921,-0.090698,-0.227539,0.906616,-0.793457,17.150879,17.395020
57931,-0.083252,-0.222290,0.954712,-1.403809,17.395020,18.371582
57940,-0.067627,-0.184570,1.012573,-1.831055,17.089844,19.165039
57950,-0.097046,-0.060669,1.108398,-1.770020,17.089844,20.019531
57962,-0.097168,-0.109619,1.056152,-1.770020,17.822266,21.728516
57972,-0.054077,-0.162720,1.027344,-1.953125,18.493652,22.277832
57981,-0.025391,-0.060913,1.063721,-2.563477,17.639160,22.705078
57991,-0.028442,-0.106812,1.035156,-2.624512,16.784668,23.071289
58000,-0.033813,-0.210571,0.967163,-2.319336,15.930176,23.376465
58011,-0.069336,-0.143677,0.964722,-2.441406,15.747070,23.620605
58020,-0.011597,-0.068726,1.025513,-2.441406,15.808105,24.169922
58033,-0.058228,-0.116821,0.956543,-3.051758,16.052246,25.146484
58042,-0.053833,-0.029907,0.988037,-3.051758,15.991211,25.146484
58052,-0.043091,-0.015503,1.059692,-2.990723,16.052246,25.024414
58061,-0.044800,-0.108643,0.981812,-2.868652,15.319824,24.902344
58071,-0.013184,-0.161743,0.898071,-2.685547,14.953613,24.291992
58081,0.012817,-0.124512,0.962524,-3.051758,14.282227,24.169922
58090,0.033203,-0.070312,1.024658,-3.173828,14.038086,23.986816
58103,-0.012817,-0.108887,1.007935,-3.051758,13.366699,23.010254
58112,-0.010376,-0.042114,1.017822,-2.807617,13.488770,22.216797
58122,0.001953,-0.032104,1.032471,-2.929688,13.305664,21.545410
58131,0.034668,-0.153809,0.987549,-2.868652,13.061523,20.935059
58141,0.057617,-0.159058,0.963501,-3.234863,12.268066,20.324707
58150,0.016479,-0.074707,0.934570,-3.173828,12.207031,20.141602
58160,0.020996,-0.119995,0.972412,-3.051758,11.779785,19.775391
58170,0.018188,-0.144897,0.985596,-3.112793,11.535645,18.493652
58182,0.056519,-0.058594,1.041748,-2.929688,10.803223,17.700195
58191,0.066040,-0.070435,0.983521,-3.173828,10.192871,17.028809
58201,0.099731,0.024780,1.015381,-3.479004,9.887695,16.540527
58210,0.089111,0.071411,1.045776,-3.173828,9.826660,16.540527
58221,0.117310,-0.083374,0.990112,-2.624512,9.094238,17.089844
58230,0.106323,-0.170532,0.949097,-1.586914,9.521484,17.028809
58243,0.084351,-0.162598,1.008789,-1.098633,8.666992,16.357422
58252,0.085327,-0.154175,1.023438,-0.488281,8.117676,15.014648
58262,-0.002930,-0.185913,0.974854,0.732422,7.385254,13.854980
58271,0.024658,-0.202515,0.984375,1.098633,6.896973,12.084961
58281,0.005615,-0.178101,1.041138,0.793457,6.835937,11.291504
58290,-0.020630,-0.119507,0.998779,0.488281,7.141113,11.291504
58300,-0.024170,-0.165161,0.954590,0.610352,7.507324,12.084961
58313,-0.022339,-0.156738,0.951416,0.610352,8.544922,13.793945
58322,-0.048096,-0.099365,0.976196,0.427246,9.338379,14.892578
58331,-0.026245,-0.065674,0.987305,0.244141,9.521484,15.258789
58341,-0.001099,-0.039917,1.010376,0.183105,9.277344,15.075684
58350,0.047119,-0.079956,1.011108,0.976562,9.460449,14.892578
58361,0.037598,-0.209595,0.954224,1.281738,8.911133,14.587402
58370,0.058960,-0.171631,0.907227,0.915527,8.483887,14.343262
58382,0.059082,-0.125610,0.952637,0.244141,8.361816,14.404297
58391,0.083496,-0.082275,0.955200,0.122070,8.911133,14.953613
58401,0.052856,-0.096436,0.932495,0.000000,8.789063,15.197754
58410,0.089478,-0.006348,0.991699,-0.183105,9.033203,15.625000
58420,0.095215,-0.021240,1.048950,-0.793457,8.605957,15.747070
58431,0.023437,-0.086792,0.951294,-1.037598,7.934570,16.052246
58440,0.038574,-0.079224,0.981689,-1.220703,8.544922,16.540527
58453,0.007080,-0.045288,0.989624,-1.403809,9.094238,18.005371
58462,0.023560,-0.064453,0.984131,-1.708984,9.277344,19.409180
58472,0.000244,0.059326,1.037842,-1.892090,9.277344,20.629883
58481,0.013794,0.033691,1.083252,-1.953125,9.948730,21.850586
58491,0.010864,-0.075073,1.001587,-1.708984,10.559082,23.010254
58500,0.001709,-0.089966,0.980957,-1.708984,10.864258,24.291992
58511,-0.019531,-0.055176,1.020630,-1.892090,10.803223,26.000977
58521,-0.030273,0.000000,1.014893,-1.892090,11.779785,29.296875
58530,-0.013306,-0.069824,0.963745,-1.892090,12.634277,31.311035
58540,-0.038574,-0.076660,0.962036,-1.770020,13.061523,33.325195
58551,-0.068115,-0.007324,0.986694,-2.014160,13.305664,35.156250
58561,-0.077515,-0.052734,0.948608,-2.380371,13.610840,36.987305
58570,-0.072388,-0.125732,0.948120,-2.441406,14.160156,38.818359
58580,-0.066772,-0.046387,0.977051,-2.441406,14.648438,40.405273
58593,-0.058716,-0.055542,1.029053,-2.746582,15.258789,43.212891
58603,-0.045044,-0.079468,1.051392,-2.441406,15.747070,44.250488
58612,-0.038696,-0.031006,1.025635,-2.014160,15.563965,44.555664
58622,-0.027344,-0.001099,1.084229,-1.831055,15.686035,44.860840
58631,0.021606,-0.105469,1.059692,-1.586914,15.319824,44.982910
58641,-0.006348,-0.045288,1.018555,-1.159668,15.319824,45.104980
58650,0.029419,-0.061157,1.054077,-0.732422,15.380859,45.715332
58663,-0.030640,-0.112671,0.988525,0.061035,15.502930,46.997070
58672,0.002808,-0.053345,1.070801,0.366211,15.991211,47.424316
58681,-0.043457,-0.078491,1.026978,0.610352,16.174316,47.851562
58691,-0.007446,-0.167725,0.993530,0.793457,15.625000,47.790527
58701,-0.046631,-0.108276,1.030884,0.854492,15.319824,47.668457
58711,0.006836,-0.112793,0.981079,0.976562,15.319824,47.546387
58720,-0.000122,-0.126221,0.940430,0.915527,15.991211,47.607422
58733,0.005493,-0.106812,0.956909,0.000000,15.075684,46.875000
58742,-0.008545,-0.057373,0.976196,-0.610352,14.892578,46.325684
58752,0.022583,-0.067261,0.980469,-1.647949,14.282227,45.166016
58761,0.018311,-0.087891,0.948730,-2.136230,14.587402,44.189453
58771,0.048218,-0.071899,0.948242,-1.770020,14.282227,43.090820
58780,0.032715,0.064941,1.035645,-1.708984,14.038086,42.114258
58791,0.051025,0.027588,1.056885,-1.464844,13.732910,40.771484
58800,0.077148,-0.099731,1.082031,-0.793457,13.488770,39.916992
58812,0.131836,0.059814,1.098633,-0.122070,13.183594,38.818359
58821,0.130371,-0.028442,1.023315,0.549316,12.939453,38.940430
58830,0.114136,-0.035400,1.000366,1.281738,12.756348,39.550781
58841,0.117432,-0.030273,0.977539,1.647949,12.939453,40.039062
58850,0.099731,-0.092773,0.967041,1.525879,12.634277,41.015625
58861,0.059692,-0.079102,0.927734,0.976562,12.695313,42.541504
58870,0.067261,0.047241,0.979126,1.098633,13.610840,45.837402
58882,0.033813,-0.011963,0.976685,1.525879,14.038086,47.363281
58891,0.023071,0.030396,1.058960,1.953125,14.221191,48.461914
58901,0.008423,0.009155,1.079346,2.563477,14.587402,49.682617
58910,0.030762,-0.053101,1.081909,2.868652,14.953613,50.720215
58920,0.024536,-0.025146,1.047119,3.356934,14.953613,51.879883
58931,0.012695,0.024780,1.075684,4.150391,14.953613,53.161621
58940,0.011353,-0.033569,1.045898,4.577637,15.014648,56.396484
58952,0.007080,-0.039429,0.995483,4.882812,15.930176,58.349609
58961,-0.007568,0.052612,1.017456,4.943848,16.662598,60.729980
58971,0.008179,0.044067,0.999268,5.004883,17.700195,62.988281
58981,-0.019287,-0.058838,1.004761,5.737305,18.249512,65.124512
58990,-0.020508,-0.088013,0.984619,6.286621,18.432617,66.894531
59001,-0.022339,-0.098145,0.958252,6.164551,18.127441,68.481445
59010,-0.061279,-0.020386,0.965942,5.920410,18.615723,70.434570
59020,-0.062988,-0.084717,0.985596,6.347656,18.554687,71.350098
59031,-0.040527,-0.077393,0.971069,5.981445,19.042969,72.448730
59040,-0.040527,-0.090454,0.974854,5.432129,18.981934,73.242187
59051,-0.031494,-0.053101,1.000122,4.821777,19.348145,73.974609
59060,0.017944,-0.018188,1.037476,5.126953,19.897461,74.157715
59071,0.022583,0.090332,1.127930,5.615234,19.348145,73.486328
59083,0.049438,-0.110840,1.059692,6.835937,17.639160,70.861816
59092,0.032471,-0.042358,1.042603,7.324219,17.517090,69.519043
59101,0.079834,-0.025757,1.021851,7.629395,17.089844,68.664551
59111,0.052979,0.003784,0.980347,7.751465,16.540527,68.054199
59121,0.088135,0.042480,1.022705,7.934570,16.418457,68.054199
59130,0.070312,0.012207,1.036255,7.934570,16.418457,68.237305
59141,0.052856,0.005737,1.045654,7.812500,16.174316,68.420410
59150,0.052368,0.102905,1.132935,7.690430,16.296387,68.786621
59162,0.112671,0.095215,1.142944,9.155273,16.906738,69.580078
59171,0.134277,0.060669,1.159546,9.887695,16.601562,70.068359
59180,0.117065,0.131714,1.164795,10.498047,16.296387,70.373535
59191,0.118286,0.128662,1.106689,11.352539,16.479492,71.105957
59201,0.105713,0.151489,1.061279,11.901855,16.174316,71.777344
59210,0.116089,0.104492,1.105591,12.695313,16.052246,72.998047
59223,-0.011719,-0.046875,1.035522,14.160156,15.930176,75.866699
59232,-0.008057,0.048706,1.069336,14.526367,16.235352,76.965332
59241,0.012085,0.073486,1.040161,14.648438,17.028809,78.430176
59251,0.070801,0.036133,1.080322,14.953613,17.395020,79.284668
59261,0.065552,0.011353,1.099365,15.747070,17.822266,79.833984
59270,0.054077,0.003296,1.085815,16.662598,17.944336,80.017090
59281,0.038452,0.086792,1.146729,17.700195,17.578125,79.528809
59293,0.063965,0.100952,1.215454,19.226074,16.601562,78.430176
59302,0.054077,0.036377,1.113647,19.653320,16.113281,78.125000
59311,0.058960,-0.031006,1.039063,20.690918,16.113281,78.186035
59321,0.065063,0.002075,1.077515,21.179199,15.563965,78.308105
59331,0.044312,0.022827,1.053223,21.545410,15.258789,78.613281
59341,0.003906,0.051514,1.077026,21.972656,15.258789,78.247070
59350,0.028320,0.100220,1.077637,22.155762,14.404297,77.148437
59363,0.068481,-0.135864,0.952881,22.460937,13.793945,75.012207
59372,0.124390,-0.085693,0.949463,22.094727,13.000488,74.279785
59381,0.095337,-0.047241,0.877075,21.789551,12.512207,73.242187
59391,0.085327,0.015137,0.925415,21.606445,10.864258,72.204590
59400,0.124023,0.092041,0.939331,21.057129,9.765625,71.289062
59410,0.124146,0.033936,0.903442,20.629883,8.972168,70.373535
59421,0.159180,0.017334,0.931396,19.897461,9.155273,69.458008
59430,0.131226,0.054321,0.895020,19.104004,9.155273,68.969727
59441,0.112427,0.186279,0.984131,18.859863,9.948730,68.481445
59451,0.103027,0.236694,1.053833,19.042969,9.582520,67.993164
59461,0.060059,0.154053,1.112183,19.470215,9.033203,66.589355
59470,0.067993,0.178955,1.133423,19.958496,8.605957,65.307617
59481,0.087769,0.119019,1.095215,20.446777,9.155273,64.453125
59490,0.070679,0.243530,1.134399,20.874023,7.751465,63.781738
59501,0.069214,0.218994,1.127563,22.155762,8.544922,64.208984
59511,0.120605,0.146606,1.075562,22.705078,9.155273,65.673828
59520,0.079712,0.112427,1.141479,23.010254,9.399414,66.650391
59531,0.113403,0.123901,1.102051,23.254395,10.070801,67.993164
59541,0.140137,0.180054,1.136230,23.376465,10.009766,69.274902
59550,0.139648,0.161377,1.112061,23.681641,10.009766,70.495605
59560,0.134399,0.147461,1.066040,23.925781,9.582520,71.533203
59573,0.176270,0.114990,1.059814,23.803711,10.986328,73.913574
59582,0.164673,0.134521,1.085815,23.925781,11.108398,75.134277
59591,0.160767,0.178833,1.103149,23.986816,11.779785,75.683594
59601,0.152588,0.172241,1.114136,24.047852,12.023926,75.927734
59610,0.127441,0.140381,1.104980,23.925781,10.742188,75.866699
59620,0.122314,0.051636,1.068237,24.169922,10.681152,75.317383
59631,0.064941,0.021973,1.024292,24.230957,10.192871,74.951172
59640,0.101807,0.083618,1.027466,24.169922,9.521484,74.645996
59652,-0.007568,0.015137,0.953003,24.414062,8.605957,73.425293
59661,0.022461,0.097168,1.014038,24.108887,8.361816,73.120117
59670,-0.010254,0.053101,0.986816,23.620605,8.361816,72.814941
59681,0.004639,-0.064819,0.996948,23.254395,8.728027,72.631836
59690,0.009155,0.045654,1.032227,22.766113,9.277344,72.387695
59700,0.008423,0.058838,1.038696,22.399902,9.460449,71.960449
59713,0.052856,0.256958,1.161133,21.850586,10.253906,70.495605
59722,0.131470,0.211670,1.134644,22.766113,10.437012,69.580078
59731,0.169189,0.152954,1.071411,23.681641,10.192871,68.298340
59741,0.060425,0.183228,1.164917,24.414062,9.033203,66.955566
59751,0.096069,0.155884,1.076538,24.963379,8.178711,65.490723
59760,0.063843,0.110229,0.997925,25.390625,7.812500,64.697266
59770,0.087402,0.147583,1.057617,25.085449,7.812500,64.697266
59781,0.133179,0.177856,0.995117,25.085449,9.338379,66.406250
59791,0.187500,0.178467,1.017334,25.512695,10.620117,67.932129
59801,0.155151,0.101563,1.068726,26.123047,10.498047,68.664551
59810,0.198120,0.190552,1.115601,26.428223,10.742188,69.091797
59821,0.141113,0.166382,1.040283,26.550293,10.559082,69.885254
59830,0.145874,0.168579,1.075439,26.733398,10.986328,70.678711
59840,0.124634,0.237793,1.029541,26.977539,11.047363,71.289062
59853,0.074341,0.186890,1.072266,28.198242,11.840820,74.340820
59862,0.069458,0.090820,1.033813,28.747559,12.145996,76.049805
59871,0.018677,-0.019409,0.952515,29.174805,12.207031,77.758789
59881,0.022339,0.091431,0.990723,29.602051,12.512207,79.162598
59891,0.011719,-0.003906,1.023315,29.846191,12.512207,80.322266
59900,-0.019043,-0.053833,1.057007,30.456543,12.878418,80.688477
59911,-0.063477,-0.013550,1.104736,31.066895,12.145996,80.322266
59920,-0.115845,0.036133,1.173584,30.944824,11.962891,78.186035
59932,0.055908,0.070557,1.054810,30.029297,13.122559,77.758789
59941,0.081909,0.142212,1.025146,30.273437,13.061523,77.941895
59950,0.073853,0.159912,1.013916,31.188965,12.695313,78.247070
59961,0.080322,0.164917,1.052368,32.165527,12.512207,78.552246
59970,0.064697,0.057617,1.006470,32.348633,12.207031,78.918457
59980,0.012573,0.076050,1.160034,32.226562,12.023926,78.979492
59990,0.117798,0.105713,1.027588,32.043457,12.817383,78.125000
