timestamp,accX,accY,accZ,gyrX,gyrY,gyrZ
13,-0.020020,-0.105591,1.072998,-1.892090,-1.525879,3.112793
22,0.011108,-0.171997,1.034302,-1.342773,-2.075195,1.281738
32,0.064941,-0.137939,1.067139,-0.976562,-2.929688,-1.525879
42,0.048096,-0.119507,1.003418,-1.098633,-4.577637,-4.089355
51,0.024048,-0.142334,1.008911,-1.464844,-5.126953,-6.042480
61,0.037109,-0.075195,1.036377,-1.159668,-5.310059,-7.385254
71,0.033081,-0.098999,1.031372,-0.915527,-4.943848,-8.117676
80,0.011108,-0.140015,0.981934,-0.854492,-5.432129,-8.911133
90,-0.035889,-0.151611,1.006592,-0.671387,-5.065918,-9.277344
100,-0.023804,-0.155396,1.036377,-0.366211,-5.187988,-9.399414
110,-0.032227,-0.108521,0.955933,-0.305176,-5.004883,-9.338379
120,-0.066895,-0.161865,0.936401,-0.244141,-4.760742,-9.521484
131,-0.084595,-0.141357,1.036621,0.427246,-4.577637,-9.338379
141,-0.073608,-0.114380,1.067017,0.122070,-3.784180,-9.277344
150,-0.052124,-0.211548,0.992798,-0.183105,-3.417969,-9.765625
160,-0.024170,-0.099854,1.034790,-0.427246,-3.356934,-9.765625
170,-0.068115,-0.094360,1.042725,-0.183105,-3.173828,-9.521484
181,-0.072510,-0.224487,0.934692,0.244141,-2.380371,-9.094238
191,-0.013550,-0.143066,0.885498,0.000000,-1.831055,-8.300781
201,-0.075684,-0.048828,0.989380,-0.549316,-1.586914,-8.056641
211,-0.136841,-0.040771,0.985840,-0.549316,-1.220703,-7.202148
221,-0.155640,-0.114502,0.967407,0.793457,0.610352,-7.019043
230,-0.131592,-0.128174,0.914062,0.915527,0.915527,-7.202148
241,-0.119507,-0.038330,0.976440,0.671387,0.793457,-7.324219
250,-0.168823,-0.048096,1.057617,0.671387,1.159668,-7.202148
261,-0.149536,-0.069946,0.995483,1.220703,1.892090,-7.080078
270,-0.092529,-0.020142,0.961792,1.525879,2.685547,-7.019043
282,-0.053711,-0.023193,1.008911,1.220703,3.356934,-6.530762
292,-0.069214,-0.033081,0.914429,0.732422,3.540039,-6.103516
301,-0.075317,-0.031616,1.031006,0.000000,4.699707,-5.004883
311,-0.079102,0.034790,1.073486,-0.244141,4.577637,-5.126953
320,-0.087524,0.047119,1.077271,0.183105,4.699707,-5.371094
331,-0.089844,-0.070923,0.986450,1.037598,5.004883,-5.981445
340,-0.051636,-0.127441,0.958374,1.098633,4.943848,-6.591797
352,-0.002075,-0.073486,1.021729,0.793457,5.371094,-7.385254
362,-0.055176,-0.163452,0.918335,0.793457,5.065918,-7.690430
371,0.009766,-0.234131,0.875000,0.854492,5.920410,-7.690430
381,-0.094849,-0.214233,0.873169,0.305176,5.859375,-7.385254
390,-0.138916,-0.073975,1.008911,-0.061035,5.798340,-7.690430
401,-0.054810,-0.097290,1.027954,0.061035,7.080078,-7.812500
411,-0.106445,-0.174805,1.043213,0.427246,8.056641,-8.483887
422,-0.072510,-0.093872,1.108398,0.671387,8.056641,-10.803223
432,-0.046631,-0.144165,1.092163,1.037598,7.873535,-12.390137
441,-0.013306,-0.118774,1.105713,1.220703,7.507324,-13.305664
451,0.013916,-0.117676,1.060913,1.220703,7.141113,-13.793945
461,0.063599,-0.076538,1.120850,1.342773,7.385254,-13.793945
471,0.129517,-0.059570,1.052856,2.014160,7.995605,-12.512207
481,0.197388,-0.146118,1.054688,2.258301,7.751465,-10.375977
491,0.100464,-0.106567,1.114136,2.807617,6.896973,-7.690430
503,0.169678,-0.091553,1.014893,3.479004,6.652832,-6.958008
512,0.102417,-0.170166,1.029419,3.784180,6.347656,-6.530762
522,0.031494,-0.272827,0.938843,4.089355,6.164551,-6.164551
531,-0.016602,-0.308105,0.917603,3.173828,5.981445,-5.249023
540,-0.093262,-0.282959,0.901123,2.319336,6.896973,-4.272461
551,-0.074829,-0.257202,0.938477,1.586914,7.446289,-3.112793
561,-0.050293,-0.261597,0.833130,1.098633,8.117676,-2.380371
570,-0.018677,-0.225342,0.888916,0.122070,7.141113,-4.333496
581,-0.035645,-0.176392,0.962036,0.488281,6.408691,-5.981445
591,0.098267,-0.205811,0.890991,-0.122070,6.591797,-6.469727
601,0.153564,-0.163452,0.918701,-0.671387,6.591797,-5.554199
611,0.050049,-0.089600,0.937012,-0.549316,6.896973,-3.967285
621,-0.010254,-0.213013,0.958252,0.305176,7.080078,-2.136230
631,-0.015381,-0.291992,0.916260,0.793457,7.934570,2.685547
643,0.013184,0.007080,0.980347,-0.610352,9.521484,5.432129
652,-0.025513,-0.022095,1.033081,-0.244141,9.460449,7.202148
662,-0.046387,-0.221191,0.994995,0.244141,8.911133,8.605957
671,-0.035889,-0.175171,0.968994,-0.366211,9.155273,10.070801
681,-0.004517,-0.066772,0.976562,-0.854492,9.765625,11.596680
690,-0.060913,-0.090820,1.050171,-0.915527,9.521484,12.451172
702,-0.073853,-0.114868,1.050171,0.000000,8.972168,13.000488
711,0.013550,-0.213867,0.920166,-0.427246,9.399414,13.549805
721,0.007935,-0.143555,1.005371,-0.793457,9.338379,14.526367
731,-0.050415,-0.171509,0.975586,-0.915527,8.728027,15.441895
741,-0.048218,-0.189331,0.945435,-0.915527,8.605957,16.113281
751,-0.020142,-0.235474,0.947998,-0.854492,8.422852,16.662598
760,0.002808,-0.261475,1.008789,-0.671387,8.605957,16.845703
772,0.015259,-0.192139,1.091675,-0.366211,6.958008,15.075684
782,0.002808,-0.244873,1.100342,0.122070,5.981445,13.732910
791,-0.002075,-0.334717,0.969849,0.122070,5.798340,12.329102
800,-0.014771,-0.152466,1.039795,-0.427246,5.676270,11.047363
811,-0.046021,-0.158569,1.039185,-1.159668,4.943848,9.948730
821,0.032349,-0.140991,1.052246,-1.281738,4.577637,8.789063
831,0.037476,-0.131226,1.019287,-1.403809,4.455566,8.178711
841,0.114380,-0.119751,1.025635,-1.647949,4.211426,6.896973
853,0.114624,-0.130859,1.013916,-3.173828,2.624512,6.225586
862,0.139282,-0.098633,1.023193,-3.967285,2.075195,5.554199
872,0.128052,-0.072021,0.958740,-4.150391,1.281738,4.577637
881,0.116699,0.004883,1.080566,-4.455566,1.281738,4.699707
890,0.108521,-0.079590,1.033203,-4.089355,0.854492,5.554199
901,0.124023,-0.135498,0.920410,-3.784180,0.793457,6.774902
911,0.051636,-0.100220,0.937500,-3.417969,0.793457,8.483887
922,0.071167,-0.102295,1.000000,-2.929688,0.244141,11.413574
932,0.046143,-0.171509,0.954346,-1.586914,0.244141,12.145996
941,0.053955,-0.195435,0.941040,-1.037598,-0.427246,12.023926
951,0.084229,-0.108643,0.941650,-0.915527,-1.098633,11.474609
961,0.032837,-0.188721,0.921997,-0.854492,-1.770020,10.803223
971,0.011230,-0.090088,1.022827,-0.976562,-2.075195,10.070801
980,0.002808,-0.127930,0.932251,-0.671387,-2.136230,9.216309
992,-0.024292,-0.135132,0.920288,-0.610352,-2.807617,8.422852
1002,0.021118,-0.121948,0.980957,-0.183105,-2.502441,8.605957
1011,0.076904,-0.071533,1.003052,0.183105,-2.929688,9.216309
1021,0.157837,-0.183960,0.983154,0.183105,-3.051758,9.826660
1031,0.056641,-0.173950,0.963989,-0.244141,-2.868652,10.986328
1040,-0.005005,-0.108765,0.953369,-0.366211,-2.990723,11.901855
1052,0.021484,-0.092041,1.087402,-0.305176,-3.295898,11.962891
1062,-0.015625,-0.039917,0.991577,-0.244141,-3.356934,11.657715
1071,-0.126709,-0.028564,0.921753,-0.610352,-3.540039,11.962891
1081,-0.228638,0.011963,1.045776,-1.037598,-3.906250,11.779785
1091,-0.140747,-0.053101,1.064087,-1.403809,-3.479004,11.657715
1101,-0.056396,0.000977,1.170654,-2.014160,-2.319336,12.207031
1111,-0.049316,0.005981,1.040161,-2.014160,-1.586914,12.634277
1121,-0.063599,-0.052002,1.052368,-1.647949,-1.403809,12.817383
1132,0.111084,-0.263428,0.973145,-1.220703,-2.868652,11.291504
1142,0.120605,-0.154175,0.965698,-2.319336,-3.417969,10.620117
1151,0.125244,-0.107788,1.030884,-3.173828,-4.577637,10.131836
1161,0.146729,-0.125732,1.073853,-2.990723,-6.225586,9.582520
1171,0.104370,-0.118652,1.177856,-2.502441,-6.652832,9.094238
1180,0.136230,-0.102905,1.181152,-1.770020,-6.652832,8.544922
1192,0.159424,-0.277710,0.955444,-1.220703,-7.995605,7.202148
1202,0.110596,-0.230103,0.952515,-1.464844,-8.911133,6.408691
1212,0.070435,-0.144043,0.975708,-1.159668,-9.460449,5.798340
1221,0.041504,-0.182739,0.948730,-0.549316,-9.460449,5.676270
1231,0.007690,-0.283691,0.897339,-0.427246,-9.887695,4.821777
1241,0.015381,-0.319580,0.874146,-0.915527,-10.009766,3.601074
1251,-0.061523,-0.182251,0.843506,-1.708984,-9.460449,2.685547
1261,-0.055664,-0.085083,0.907959,-1.831055,-9.399414,0.061035
1271,-0.049072,-0.139160,0.992676,-1.098633,-10.192871,-1.403809
1281,-0.020630,-0.199951,1.089111,-0.183105,-10.437012,-3.234863
1291,-0.024414,-0.260254,0.970093,0.122070,-10.437012,-5.371094
1301,0.001099,-0.308472,0.893188,-0.061035,-10.498047,-6.652832
1311,0.071045,-0.229858,0.890137,-0.854492,-10.681152,-7.629395
1321,0.060181,-0.251465,0.829346,-1.281738,-10.986328,-8.178711
1332,0.061646,-0.232544,0.914795,-1.281738,-10.925293,-8.666992
1342,0.077026,-0.231567,0.910156,-1.770020,-10.314941,-8.117676
1351,0.047852,-0.250488,0.906250,-2.197266,-9.704590,-7.507324
1361,0.007202,-0.189819,0.905273,-2.563477,-9.582520,-7.324219
1371,-0.015259,-0.167969,0.843628,-2.746582,-9.399414,-7.446289
1381,0.047241,-0.100342,1.043335,-2.990723,-8.972168,-7.690430
1391,0.010620,-0.164062,1.009033,-3.112793,-9.704590,-8.056641
1401,-0.025269,-0.055786,1.039429,-3.051758,-10.009766,-9.216309
1411,0.002197,-0.132812,1.139893,-2.563477,-9.094238,-9.521484
1421,-0.032349,0.000000,1.011108,-2.624512,-8.972168,-9.399414
1431,-0.102905,-0.125488,0.874878,-2.441406,-8.300781,-8.911133
1441,-0.112061,-0.036011,1.004150,-2.563477,-7.629395,-8.361816
1452,-0.119507,-0.185181,1.006958,-2.685547,-6.774902,-7.568359
1461,-0.134644,0.040039,1.049438,-2.868652,-5.859375,-7.324219
1471,-0.098389,0.079468,1.143433,-2.929688,-5.249023,-7.446289
1483,-0.157593,-0.093750,1.081665,-1.403809,-4.760742,-8.117676
1492,-0.136475,-0.141724,1.004639,-1.281738,-4.821777,-9.094238
1502,-0.048462,-0.103027,1.028442,-0.976562,-4.150391,-10.375977
1512,-0.099243,-0.228271,0.932495,-1.586914,-3.845215,-11.169434
1522,-0.056885,-0.004761,0.953247,-3.173828,-3.479004,-11.779785
1531,-0.025635,-0.061890,0.998901,-3.784180,-3.540039,-12.512207
1541,0.042603,-0.039795,0.979370,-3.845215,-3.540039,-14.038086
1551,0.054565,-0.052368,0.965088,-3.845215,-3.112793,-14.526367
1562,0.119873,-0.114868,0.973022,-3.601074,-3.356934,-15.197754
1571,0.028931,-0.080078,0.963379,-3.540039,-3.906250,-16.174316
1581,0.043701,-0.130005,0.988770,-3.051758,-3.845215,-16.723633
1592,0.028687,-0.055908,1.041748,-2.624512,-3.784180,-17.639160
1602,0.033081,-0.193359,1.037109,-1.770020,-3.295898,-18.859863
1611,-0.002930,-0.206665,0.982666,-1.708984,-3.601074,-20.507812
1623,-0.033081,-0.202271,0.969360,-1.281738,-2.807617,-21.301270
1633,0.013306,-0.055298,1.014038,-0.915527,-2.807617,-22.521973
1642,-0.025391,-0.220459,0.905884,-0.061035,-2.807617,-23.742676
1653,0.004761,-0.074707,0.961548,0.183105,-2.441406,-24.536133
1662,-0.008789,-0.227173,0.954346,0.488281,-2.258301,-24.353027
1672,-0.038330,-0.097656,0.931519,0.732422,-1.525879,-23.864746
1681,-0.109375,-0.176392,0.896484,1.098633,14.648438,-22.338867
1693,-0.051758,-0.125122,1.006714,1.647949,1.464844,-20.996094
1702,-0.062256,-0.105713,0.994019,1.708984,2.075195,-20.019531
1712,-0.054687,-0.058472,1.035156,2.075195,3.051758,-18.981934
1722,-0.030884,-0.261230,0.921997,2.319336,3.967285,-17.944336
1731,-0.003052,-0.197998,0.861450,1.892090,4.577637,-16.845703
1741,-0.052246,-0.150269,0.931519,1.159668,4.821777,-15.380859
1754,-0.074707,-0.072510,0.980591,-0.305176,6.286621,-12.207031
1763,-0.056030,-0.052979,0.921143,-0.183105,6.958008,-10.437012
1773,-0.102417,-0.166748,0.935669,-0.366211,8.483887,-8.483887
1783,-0.096313,-0.139404,0.942017,-1.037598,9.399414,-6.896973
1792,-0.075928,-0.050049,0.987061,-1.708984,9.948730,-5.249023
1802,-0.044800,-0.010620,1.110840,-1.831055,10.925293,-3.601074
1812,-0.152954,-0.036621,1.218628,-1.220703,10.375977,-2.197266
1823,-0.141113,-0.242920,0.880371,-0.183105,10.620117,-0.183105
1833,-0.134521,-0.250610,0.783447,-0.305176,12.084961,1.281738
1842,-0.134155,-0.239502,0.813110,-1.647949,13.793945,3.417969
1852,-0.076050,-0.071533,0.940674,-2.685547,14.160156,5.249023
1862,-0.047729,-0.039795,0.987793,-2.685547,14.709473,6.347656
1872,-0.046631,-0.185059,0.955933,-2.197266,13.610840,6.774902
1882,-0.078491,-0.285034,0.850464,-2.014160,13.671875,7.141113
1891,0.003296,-0.283936,0.845581,-2.868652,12.878418,7.995605
1903,0.092407,-0.197510,0.960327,-4.089355,12.939453,9.399414
1912,0.081299,-0.028809,1.113159,-3.723145,12.451172,10.803223
1921,0.068481,-0.204956,1.039429,-2.929688,11.779785,11.718750
1932,0.078369,-0.423950,0.801025,-3.051758,11.474609,12.329102
1941,0.067017,-0.177856,0.970215,-4.394531,10.864258,13.305664
1952,0.015503,-0.126343,1.000244,-5.065918,10.192871,14.099121
1961,0.046631,-0.171509,1.075562,-3.601074,9.399414,13.122559
1973,0.003296,-0.202393,1.163818,-3.234863,8.239746,11.230469
1983,0.007446,-0.188354,1.175537,-3.234863,7.080078,8.911133
1992,0.065308,-0.048584,1.074951,-3.173828,6.164551,7.080078
2001,0.042725,-0.173218,0.977783,-2.502441,5.737305,6.103516
2012,0.023926,-0.280029,0.900391,-1.831055,5.554199,6.164551
2022,0.080933,-0.232666,0.983154,-1.831055,5.920410,7.080078
2033,0.110962,0.036499,1.025146,-2.563477,5.249023,8.789063
2042,0.062744,0.057007,1.086548,-3.723145,3.906250,8.422852
2052,0.140747,-0.032593,1.050537,-3.356934,3.295898,7.690430
2061,0.081543,0.102417,1.174805,-2.685547,2.258301,6.469727
2072,0.074585,0.029175,1.205688,-1.281738,1.770020,5.249023
2082,0.031006,-0.115356,1.151367,-0.061035,0.915527,4.821777
2092,0.031128,-0.051270,1.112793,0.244141,1.098633,4.943848
2101,0.014282,0.034424,1.030029,1.220703,0.854492,6.286621
2113,-0.002930,-0.247437,0.815186,1.525879,0.732422,7.019043
2122,-0.059692,0.011719,0.849609,0.000000,0.793457,7.202148
2132,-0.070679,-0.067871,0.799072,-1.037598,1.342773,7.202148
2141,-0.125977,-0.070557,0.799316,-2.258301,1.586914,6.774902
2152,-0.051636,-0.067871,0.735229,-2.746582,1.525879,5.371094
2161,-0.061523,-0.005127,0.778687,-2.746582,1.403809,4.455566
2173,0.009766,-0.077271,1.004761,-3.112793,1.403809,3.845215
2183,-0.030762,-0.072266,1.229004,-2.990723,1.342773,3.112793
2197,-0.007813,0.046997,1.151611,-1.708984,0.427246,1.403809
2208,-0.003540,-0.263306,0.863403,3.112793,1.403809,1.770020
2218,-0.008911,-0.131226,1.007446,3.906250,0.671387,1.831055
2227,-0.058838,-0.278076,0.968384,3.112793,0.488281,2.075195
2236,0.033081,-0.226685,0.869507,1.159668,0.854492,2.990723
2246,0.125000,-0.020508,0.969482,-0.183105,1.525879,4.516602
2255,0.079346,-0.015747,0.915161,-0.244141,1.464844,5.920410
2264,0.009766,-0.165527,0.907471,0.366211,0.915527,6.774902
2274,0.004028,-0.163818,1.078125,0.000000,0.671387,7.385254
2283,0.081909,-0.219604,1.105713,-1.220703,0.732422,8.422852
2292,0.124146,-0.120850,1.127563,-2.319336,1.037598,9.643555
2302,-0.044922,0.142212,1.133301,-2.380371,-0.244141,10.437012
2312,-0.080322,-0.129150,1.016479,-0.549316,-0.976562,11.596680
2323,-0.000366,-0.033203,1.052490,-1.098633,-0.061035,12.695313
2333,-0.038818,-0.021240,1.104736,-1.098633,0.183105,13.977051
2342,-0.054077,-0.314453,0.925781,-0.732422,0.122070,14.587402
2352,-0.062866,-0.260864,0.957520,-0.671387,0.183105,14.160156
2362,-0.071289,-0.190308,1.009277,-1.220703,0.000000,13.366699
2372,-0.032959,-0.180420,1.052490,-2.502441,-0.183105,12.634277
2382,0.011475,-0.174561,1.017090,-3.662109,-1.953125,10.131836
2392,0.073730,-0.064697,1.020508,-3.906250,-3.417969,8.911133
2402,-0.002686,-0.225098,0.947510,-3.967285,-3.845215,7.568359
2411,0.054077,0.094604,1.080933,-3.845215,-3.479004,6.408691
2422,0.004883,0.079834,1.133301,-2.929688,-3.417969,5.615234
2431,-0.068726,-0.233521,0.942993,-2.319336,-3.173828,4.943848
2441,-0.081177,-0.142456,0.922607,-1.708984,-3.234863,4.455566
2453,-0.123413,-0.295654,0.993042,-0.732422,-2.502441,4.211426
2463,-0.133057,-0.410889,0.900269,0.732422,-2.258301,4.699707
2473,-0.113525,-0.145264,0.979370,1.098633,-1.953125,5.065918
2483,-0.152100,-0.224609,0.974854,1.281738,-1.342773,5.981445
2492,-0.172363,-0.400757,0.868042,0.854492,-0.427246,6.286621
2502,-0.174194,-0.205200,0.896851,0.000000,0.122070,6.530762
2511,-0.123169,-0.054932,0.944580,-0.305176,0.671387,6.835937
2523,-0.144531,-0.215454,0.774048,0.000000,0.915527,6.408691
2533,-0.045532,0.017334,0.927979,-1.037598,1.464844,6.347656
2542,-0.006714,-0.068604,0.962280,-1.281738,1.892090,6.652832
2552,-0.069458,-0.235596,0.869995,-1.281738,1.586914,5.859375
2562,-0.046875,-0.132324,0.893921,-1.098633,1.770020,4.882812
2572,0.010498,0.081665,0.986816,-1.647949,1.220703,3.906250
2582,-0.015869,-0.082153,0.961792,-2.441406,1.159668,2.502441
2593,0.038208,0.120361,1.097656,-3.417969,0.366211,-0.671387
2603,0.093872,0.162842,1.192871,-4.699707,-0.122070,-2.319336
2613,0.093872,0.108398,1.157959,-4.272461,-0.854492,-4.211426
2622,0.130127,0.107056,1.143799,-3.601074,-1.342773,-5.371094
2632,0.159668,0.058594,1.180176,-2.807617,-0.915527,-5.371094
2642,0.171021,-0.047729,1.106445,-1.953125,-0.915527,-5.310059
2652,0.121216,-0.169312,0.928345,-1.464844,-1.281738,-5.554199
2663,0.155518,-0.052368,0.852539,-1.647949,-1.770020,-5.554199
2673,0.127808,-0.253540,0.828247,-3.845215,-3.356934,-6.225586
2683,0.098633,-0.209717,0.949463,-5.065918,-3.662109,-7.019043
2692,0.102051,0.055664,1.133301,-5.920410,-3.845215,-7.385254
2702,0.079224,-0.149048,1.176270,-5.493164,-3.906250,-8.544922
2712,0.021851,-0.331299,1.084473,-4.821777,-4.150391,-9.765625
2721,0.026733,-0.140747,1.057617,-3.967285,-3.417969,-10.742188
2733,-0.021240,-0.221436,0.909180,-3.479004,-2.868652,-11.474609
2743,-0.145508,-0.206665,0.857300,-3.295898,-2.319336,-10.925293
2753,-0.064087,-0.019653,0.884888,-3.234863,-1.647949,-10.192871
2763,-0.015503,-0.151245,0.934570,-3.173828,-0.732422,-9.155273
2773,-0.071533,-0.105957,0.922607,-3.723145,-0.305176,-8.239746
2782,0.002319,-0.053955,1.070435,-3.540039,0.549316,-6.896973
2792,-0.010864,0.026123,1.078857,-3.112793,0.976562,-5.615234
2803,-0.053955,-0.162354,0.923584,-2.075195,2.014160,-3.479004
2813,0.020508,0.031494,0.924194,-1.770020,3.356934,-2.563477
2823,-0.033325,-0.025024,1.033203,-1.098633,2.990723,-2.136230
2833,-0.109863,-0.110352,1.044434,-0.427246,3.295898,-2.197266
2843,-0.119263,-0.138916,1.072388,0.610352,3.479004,-2.929688
2853,-0.058228,-0.168091,1.064697,1.464844,3.967285,-3.356934
2862,-0.056763,-0.093140,1.020386,2.075195,4.211426,-3.784180
2873,0.019409,-0.259277,0.775757,2.441406,4.638672,-3.112793
2883,0.066772,-0.236694,0.753174,2.990723,5.187988,-1.770020
2892,0.037598,-0.310547,0.775146,1.892090,5.126953,-0.305176
2902,0.059937,-0.311279,0.700317,0.305176,5.065918,1.220703
2912,0.081177,-0.272827,0.702393,-1.464844,4.943848,2.502441
2922,0.047119,-0.143677,0.811890,-3.173828,5.187988,3.662109
2933,0.020752,-0.037354,0.897583,-5.371094,5.554199,4.943848
2943,0.019897,-0.015503,1.104126,-5.310059,5.615234,5.187988
2952,0.008057,-0.060059,1.190063,-4.577637,5.249023,5.126953
2962,0.002441,-0.218750,1.159912,-3.601074,4.943848,5.615234
2972,0.028320,-0.283325,1.047607,-2.685547,4.699707,6.225586
2982,-0.043091,-0.276733,1.098633,-2.197266,4.394531,7.690430
2992,-0.031616,-0.188110,1.000977,-2.197266,4.943848,9.765625
3005,0.001587,-0.121094,1.026367,-2.807617,6.164551,11.962891
3014,-0.052856,-0.243408,1.012573,-2.929688,5.310059,11.047363
3024,0.023315,-0.178345,0.998657,-3.540039,4.333496,9.033203
3033,0.035400,-0.045410,1.046631,-3.417969,3.295898,7.019043
3043,0.025879,0.003784,1.119141,-2.807617,3.173828,5.249023
3052,0.069458,0.011230,1.129272,-2.441406,2.807617,4.699707
3062,0.153931,0.067871,1.077148,-2.258301,2.746582,4.516602
3074,0.134644,-0.098267,1.003784,-1.525879,1.586914,5.859375
3084,0.135376,-0.011841,0.982056,-1.770020,1.770020,6.958008
3093,0.055298,0.104858,1.151001,-1.892090,1.586914,7.507324
3103,0.031616,0.014160,1.166260,-1.586914,1.220703,7.995605
3112,0.000000,-0.067383,1.033447,-1.037598,1.342773,8.239746
3122,-0.045654,-0.104858,0.988770,-1.037598,0.671387,8.361816
3133,-0.105347,-0.126343,0.947876,-1.159668,0.854492,8.422852
3142,-0.042358,-0.087158,0.947021,-2.563477,0.793457,9.582520
3152,-0.070923,0.035645,0.963379,-2.380371,0.671387,9.460449
3163,-0.081299,-0.099243,0.868286,-1.708984,1.281738,9.887695
3172,-0.026855,-0.244019,0.866333,-1.037598,2.014160,10.437012
3182,0.006592,-0.105591,0.955322,-0.732422,1.953125,10.925293
3192,0.021851,-0.034058,1.112793,-0.305176,2.624512,11.230469
3202,0.057129,-0.093140,1.145386,0.549316,2.258301,11.596680
3214,0.104858,-0.201782,1.120972,3.479004,0.366211,11.474609
3224,0.077637,-0.346802,1.008789,5.126953,-0.488281,11.413574
3233,0.100708,-0.366821,0.960083,5.798340,-0.915527,11.596680
3243,0.106934,-0.221313,0.876953,4.943848,-1.464844,12.023926
3252,0.084961,-0.129639,0.868042,4.272461,-1.464844,12.878418
3262,0.122925,-0.039063,0.943359,3.295898,-1.770020,13.366699
3272,0.048462,0.040894,1.043457,2.441406,-2.197266,13.244629
3282,0.049683,0.124756,1.173340,2.563477,-3.356934,11.901855
3293,0.070557,-0.172363,1.176758,3.723145,-5.493164,8.178711
3303,0.010498,-0.263062,1.036133,5.310059,-6.164551,6.652832
3312,0.000366,-0.214233,0.912720,5.493164,-5.859375,6.042480
3322,0.001953,-0.105835,0.877197,4.821777,-5.432129,5.920410
3333,0.032959,-0.132568,0.880493,3.540039,-5.676270,5.920410
3342,0.032593,-0.229370,0.816284,2.319336,-5.798340,5.065918
3355,0.058105,-0.167969,0.982666,-0.183105,-6.347656,1.892090
3364,0.061768,-0.158081,1.038330,-0.610352,-7.202148,-0.427246
3374,0.101074,-0.137085,1.010010,-1.159668,-7.934570,-2.746582
3384,0.111450,-0.111450,1.005371,-1.464844,-8.728027,-4.943848
3393,0.095947,-0.123169,0.974731,-2.258301,-9.216309,-6.530762
3403,0.055420,-0.131958,0.959229,-2.258301,-9.277344,-7.385254
3412,0.059814,-0.128906,0.953247,-1.953125,-9.277344,-7.812500
3422,0.022339,-0.183350,0.917358,-1.281738,-8.361816,-8.056641
3434,0.021606,-0.236328,0.890137,-0.915527,-7.507324,-7.995605
3443,-0.015259,-0.255371,0.927856,-1.281738,-6.774902,-7.934570
3453,-0.085815,-0.224243,0.944824,-1.342773,-6.530762,-8.056641
3463,-0.102173,-0.227783,0.993530,-0.732422,-5.798340,-8.300781
3472,-0.077271,-0.216675,1.004517,-0.488281,-5.859375,-8.483887
3482,-0.156982,-0.215454,0.987061,-0.732422,-5.004883,-8.544922
3495,-0.127930,-0.080566,1.018555,-2.258301,-2.136230,-6.164551
3505,-0.135986,-0.011719,1.053223,-2.563477,-0.732422,-5.004883
3515,-0.195557,-0.035400,1.071167,-2.075195,0.244141,-3.784180
3524,-0.138306,-0.050903,1.069824,-1.220703,1.159668,-2.685547
3534,-0.118408,-0.081421,1.042725,-0.610352,2.075195,-1.770020
3543,-0.091309,-0.130005,1.009399,-0.610352,2.807617,-0.610352
3553,-0.061035,-0.102295,0.995239,-1.586914,3.662109,1.220703
3562,-0.019775,0.062378,1.031494,-3.723145,3.479004,3.295898
3572,0.009521,0.134155,1.030273,-4.089355,3.356934,3.723145
3583,0.037598,0.143188,1.035034,-4.455566,3.112793,4.516602
3592,0.032471,0.018066,0.939697,-4.577637,2.929688,4.760742
3602,0.002808,-0.020630,0.991455,-4.333496,3.540039,4.882812
3612,-0.004761,0.009033,1.010132,-4.394531,3.356934,5.065918
3623,0.032715,-0.011597,1.023315,-3.662109,2.746582,4.882812
3632,0.001831,-0.040771,1.006836,-3.234863,2.197266,4.333496
3643,-0.004761,-0.315552,0.836304,-2.258301,2.136230,3.662109
3653,-0.022583,-0.340332,0.790894,-2.929688,1.770020,3.173828
3663,-0.025757,-0.171875,0.872314,-3.845215,2.014160,2.746582
3673,-0.054687,-0.062134,0.937866,-4.272461,1.403809,1.647949
3682,-0.087524,-0.037109,1.086182,-3.967285,1.708984,0.610352
3693,-0.033081,-0.154663,1.040894,-2.624512,1.953125,-0.122070
3702,-0.011353,-0.312988,0.975708,-1.037598,2.380371,-0.671387
3712,-0.126709,-0.296631,1.020996,-0.915527,2.624512,-0.549316
3722,-0.065674,-0.134766,0.947632,0.183105,3.234863,0.427246
3733,-0.068481,-0.175293,0.874390,0.854492,4.211426,1.098633
3742,-0.004517,-0.172485,0.952637,0.610352,5.004883,1.708984
3753,0.038208,-0.132202,0.970703,-0.610352,5.004883,2.441406
3762,0.008911,-0.054321,1.047729,-1.708984,5.310059,2.807617
3775,-0.003906,-0.101685,0.931274,-2.197266,4.577637,2.502441
3784,0.029175,-0.102905,0.890991,-2.075195,5.065918,2.197266
3794,0.077026,-0.014771,0.985474,-2.990723,4.882812,2.502441
3804,0.052124,0.039673,1.028076,-3.662109,5.310059,3.173828
3813,0.069824,-0.014282,0.996704,-3.662109,5.493164,3.601074
3823,0.010376,-0.116943,1.008179,-3.601074,4.333496,4.089355
3832,0.011597,-0.129272,0.986572,-3.295898,4.455566,4.394531
3845,0.023437,-0.014893,1.125977,-3.417969,3.906250,5.249023
3854,-0.008301,-0.094238,1.135742,-2.868652,4.089355,5.371094
3864,-0.016968,-0.129150,1.056641,-2.563477,4.211426,5.249023
3874,0.079224,-0.205200,0.965942,-2.075195,4.333496,5.249023
3883,-0.003906,-0.350342,0.933472,-1.647949,4.211426,5.432129
3892,0.010620,-0.342041,0.826294,-1.770020,4.028320,5.371094
3902,0.053223,-0.266113,0.825684,-2.258301,3.784180,5.859375
3915,0.057007,0.006592,1.064331,-3.051758,2.624512,5.554199
3924,0.089844,-0.042358,1.098145,-2.380371,2.624512,5.676270
3933,0.033203,-0.110474,1.015259,-1.281738,2.746582,5.432129
3943,-0.049561,-0.267700,0.964355,-0.549316,2.563477,5.493164
3952,0.026001,-0.240234,0.852051,-1.281738,2.319336,6.042480
3963,0.034546,-0.188721,0.849243,-2.258301,2.807617,7.141113
3973,0.029663,-0.124023,0.947632,-2.624512,2.441406,9.033203
3983,0.081177,-0.089478,0.944824,-2.319336,2.563477,9.704590
3992,0.004761,-0.008179,1.090332,-2.563477,2.136230,9.399414
4002,0.055908,0.013794,1.189209,-2.746582,1.892090,9.094238
4013,0.048706,0.063843,1.163086,-2.502441,1.403809,9.033203
4023,0.005615,-0.063477,1.046753,-1.953125,1.037598,9.521484
4032,0.010498,-0.020020,1.120605,-0.793457,1.098633,10.253906
4043,0.050293,-0.074951,0.996338,-0.366211,1.281738,12.023926
4052,0.001831,-0.064453,0.988525,-0.427246,1.342773,15.014648
4064,0.015015,-0.084106,0.917603,-0.366211,1.464844,16.235352
4073,-0.013672,-0.005249,0.938843,-0.366211,1.464844,16.662598
4083,-0.064209,-0.067871,0.937012,-0.488281,1.098633,16.662598
4093,-0.101685,-0.068481,1.079834,-0.610352,1.281738,16.296387
4102,-0.112671,-0.043091,1.081055,-0.854492,0.488281,15.869141
4113,-0.103516,-0.041504,1.033325,-0.976562,0.671387,15.625000
4122,-0.131836,-0.108154,0.982544,-1.281738,0.732422,15.869141
4134,0.028809,-0.103638,0.964966,-1.647949,0.854492,15.747070
4144,0.071777,-0.118164,0.999146,-1.708984,0.549316,15.686035
4153,0.128662,-0.056152,1.061279,-1.586914,-0.305176,15.319824
4163,0.168457,0.059814,1.066650,-1.281738,-1.281738,14.770508
4173,0.170776,-0.067261,1.073975,-0.122070,-2.319336,14.343262
4182,0.190063,-0.186157,1.041504,0.793457,-3.662109,13.610840
4195,0.152100,-0.070679,0.963623,0.122070,-5.798340,11.962891
4205,0.154785,-0.078613,0.930054,-0.366211,-6.530762,11.413574
4214,0.147461,-0.118042,0.821899,-0.976562,-7.324219,10.620117
4224,0.045898,-0.200928,0.814209,-1.342773,-8.239746,8.728027
4233,0.078003,-0.100098,0.905396,-2.197266,-8.972168,6.530762
4243,0.079224,-0.093872,1.005249,-2.441406,-9.460449,4.028320
4252,0.079590,-0.102661,0.968750,-2.197266,-10.559082,1.342773
4265,0.097290,-0.085815,1.056885,-1.647949,-11.413574,-2.685547
4274,0.050903,-0.089233,1.119263,-1.586914,-11.596680,-3.845215
4284,0.076660,-0.144531,1.023438,-0.915527,-11.596680,-4.943848
4293,0.040283,-0.295288,0.945923,-0.305176,-11.413574,-5.859375
4303,0.155884,-0.288452,0.955200,-1.098633,-11.047363,-6.652832
4313,0.046143,-0.199951,0.988647,-1.953125,-11.108398,-7.507324
4322,0.096313,-0.214355,0.981689,-1.953125,-11.840820,-8.605957
4335,0.036743,-0.257813,0.973022,-2.197266,-12.145996,-11.108398
4345,0.063843,-0.173462,0.978516,-2.380371,-11.596680,-12.207031
4354,0.038696,-0.149902,1.032349,-2.441406,-11.047363,-12.329102
4364,-0.012207,-0.115112,0.998779,-2.014160,-10.620117,-12.634277
4374,-0.076782,-0.286743,0.949341,-0.915527,-9.948730,-12.695313
4383,-0.054565,-0.170898,0.961426,-1.220703,-9.033203,-11.962891
4393,-0.111816,-0.074341,1.057373,-1.708984,-8.056641,-11.230469
4403,-0.135376,-0.073486,1.080078,-1.342773,-5.676270,-9.399414
4413,-0.150757,-0.172974,0.923462,-1.586914,-5.065918,-8.422852
4422,-0.113770,-0.200439,0.896973,-1.953125,-3.906250,-7.507324
4433,-0.086182,-0.163086,0.854980,-2.685547,-3.051758,-6.591797
4443,-0.061157,-0.155884,0.797485,-3.845215,-1.831055,-5.615234
4452,-0.096802,-0.199463,0.693848,-5.310059,-1.464844,-4.943848
4463,-0.042114,-0.206299,0.661621,-6.408691,-0.976562,-4.028320
4473,-0.044678,-0.057739,0.789673,-7.751465,0.122070,-2.563477
4482,-0.051880,0.004395,0.943848,-7.873535,0.671387,-2.075195
4493,-0.018799,-0.034058,0.980347,-7.568359,0.732422,-1.770020
4502,-0.073730,0.090698,1.001831,-7.324219,0.732422,-1.647949
4512,-0.060669,0.019043,0.974731,-6.652832,0.976562,-2.014160
4523,-0.060181,0.007202,1.045288,-5.981445,1.464844,-2.075195
4532,-0.073730,0.063965,1.154785,-5.615234,1.770020,-2.075195
4545,-0.020874,-0.092896,0.957764,-3.601074,2.319336,-1.586914
4554,0.010254,-0.113892,0.941895,-3.356934,2.746582,-1.098633
4564,0.042358,0.032959,1.058472,-3.845215,2.319336,-0.793457
4573,0.066284,-0.002197,1.062012,-3.356934,2.197266,-0.183105
4583,0.091675,-0.181152,0.955688,-2.319336,1.953125,0.305176
4593,0.047852,-0.226074,0.969971,-1.464844,1.953125,0.915527
4602,0.012939,-0.130737,1.063110,-1.831055,2.136230,1.159668
4615,-0.029053,-0.104858,1.026611,-2.929688,1.892090,1.342773
4625,-0.030396,-0.048462,0.990723,-3.234863,1.892090,1.220703
4634,-0.027588,-0.100342,1.052368,-3.234863,1.892090,1.342773
4644,-0.075317,-0.216919,1.111816,-2.929688,2.197266,1.342773
4654,-0.041748,-0.051636,1.151611,-3.723145,2.441406,1.403809
4663,-0.066650,-0.029419,1.214600,-3.906250,2.929688,1.770020
4673,-0.041992,-0.057983,1.188232,-3.540039,3.540039,2.136230
4682,-0.023682,-0.006470,1.096558,-3.173828,3.295898,2.075195
4694,0.010376,-0.022705,1.072998,-1.037598,3.051758,1.831055
4703,-0.056152,-0.082764,1.061035,0.183105,3.112793,1.586914
4712,-0.025879,-0.052979,0.995605,1.403809,3.540039,1.342773
4722,-0.053345,-0.190063,0.946533,3.173828,4.272461,1.220703
4733,-0.045654,-0.251587,0.874390,4.821777,4.089355,0.000000
4742,0.055176,-0.331665,0.884521,5.615234,4.089355,-0.427246
4755,0.062744,-0.352783,0.844727,4.943848,2.258301,-1.281738
4764,0.104004,-0.241089,0.872681,4.577637,2.014160,-0.976562
4773,0.098633,-0.215332,0.993408,4.333496,2.075195,-1.098633
4783,-0.005859,-0.062012,1.059937,4.028320,2.319336,-1.159668
4792,0.043945,-0.170654,1.098999,4.699707,2.990723,-1.281738
4802,0.015137,-0.215332,0.978882,4.943848,2.990723,-1.037598
4813,0.003784,-0.164551,0.912598,4.089355,2.990723,-0.305176
4822,0.068115,-0.021729,0.939453,3.479004,2.868652,3.601074
4834,0.050049,-0.190308,0.856323,3.295898,2.807617,6.164551
4843,0.137451,-0.079468,0.896484,2.014160,2.685547,8.483887
4852,0.116699,-0.035645,1.064087,0.915527,2.990723,10.131836
4863,0.042114,0.069702,1.151489,0.305176,2.258301,10.131836
4872,0.046143,0.092896,1.256958,0.732422,1.831055,10.192871
4883,-0.005249,-0.022339,1.375488,1.770020,0.915527,9.704590
4893,-0.009155,-0.034180,1.315918,4.150391,0.488281,10.253906
4904,-0.077148,-0.114746,1.095581,5.004883,0.854492,10.742188
4914,-0.093628,-0.239014,0.903687,5.249023,1.159668,11.352539
4923,-0.039185,-0.158325,0.784180,3.601074,0.732422,11.474609
4932,-0.018433,-0.066528,0.793335,1.281738,0.915527,10.681152
4943,0.042603,-0.083984,0.905151,-1.037598,0.915527,9.277344
4952,0.000854,-0.075562,0.973755,-2.746582,0.427246,7.934570
4965,0.034302,-0.163208,1.022583,-4.638672,-0.305176,4.272461
4975,0.042969,-0.279907,0.891357,-4.333496,-0.793457,2.807617
4984,0.048096,-0.226685,0.866699,-4.699707,-1.159668,2.075195
4994,0.080444,-0.134888,0.899292,-4.699707,-0.915527,1.586914
5003,0.034546,-0.076904,0.973145,-4.455566,-1.281738,1.281738
5013,-0.022583,-0.103516,1.036011,-3.906250,-1.342773,0.122070
5023,-0.011475,-0.058472,1.051758,-3.051758,-0.671387,-1.281738
5032,-0.046143,-0.095825,1.088135,-1.281738,-0.732422,-3.845215
5043,0.000854,-0.173096,0.965698,-1.159668,-0.366211,-4.577637
5053,-0.020020,-0.104004,0.988647,-1.281738,-0.244141,-5.065918
5063,-0.043701,-0.070923,0.959473,-1.159668,-0.061035,-5.493164
5073,-0.020508,-0.099365,0.926636,-1.037598,0.366211,-5.432129
5083,-0.029175,-0.056396,0.920776,-1.220703,0.488281,-5.554199
5094,0.008301,0.017090,0.992065,-0.793457,1.953125,-5.126953
5104,0.040649,-0.049316,0.910278,-0.366211,1.464844,-4.821777
5113,0.069092,-0.169800,0.902222,-0.366211,1.281738,-3.906250
5123,0.075806,-0.247070,0.888794,-0.793457,2.136230,-2.929688
5132,0.016113,-0.087036,0.995850,-2.197266,1.892090,-1.831055
5143,0.022217,0.039673,1.084106,-3.540039,1.953125,-0.793457
5153,-0.008179,0.072266,1.126465,-4.455566,2.075195,0.244141
5164,-0.024048,0.097534,1.120117,-4.333496,3.540039,2.258301
5174,-0.012207,0.026001,1.053467,-4.211426,3.906250,3.173828
5184,0.053711,0.044067,1.182617,-4.211426,3.723145,4.089355
5193,0.118042,0.043945,1.195068,-4.089355,3.845215,4.760742
5203,0.144531,0.026001,1.208374,-3.723145,2.746582,5.554199
5213,0.105103,-0.015747,1.116943,-3.295898,1.586914,6.042480
5223,0.080322,-0.046021,1.034668,-2.624512,1.342773,6.774902
5234,0.083618,-0.059082,1.008057,-1.708984,0.732422,8.178711
5244,0.057617,-0.229126,0.867920,-1.037598,0.610352,9.155273
5254,-0.006226,-0.261597,0.806396,-0.549316,0.610352,9.948730
5264,-0.049927,-0.275024,0.781616,-0.488281,0.549316,10.559082
5274,-0.043091,-0.169556,0.902466,-1.342773,0.488281,10.498047
5283,-0.033569,-0.115723,1.043579,-2.258301,0.427246,10.253906
5292,-0.083984,-0.154297,0.905518,-3.112793,0.244141,10.070801
5304,-0.113403,-0.153931,0.727295,-5.126953,0.671387,10.498047
5314,-0.079346,0.063477,0.886475,-6.164551,1.098633,11.108398
5323,-0.048706,0.122559,1.047974,-5.859375,1.403809,12.084961
5333,-0.046143,0.017944,1.104126,-4.211426,1.647949,12.939453
5343,-0.042358,-0.038330,1.121216,-3.112793,1.220703,13.244629
5353,-0.002075,0.013184,1.249390,-2.319336,1.403809,13.244629
5363,0.014282,0.037598,1.271484,-1.037598,1.525879,13.549805
5372,0.019165,-0.052490,1.178223,0.427246,1.281738,13.488770
5385,0.074219,-0.142212,1.129028,1.953125,0.061035,12.817383
5394,0.019287,-0.195679,1.102661,2.380371,-1.464844,11.657715
5404,0.038696,-0.181641,1.019165,2.136230,-2.136230,9.887695
5413,0.035889,-0.191895,0.920532,1.281738,-2.624512,8.666992
5422,0.085083,-0.170898,0.818848,0.183105,-2.868652,7.263184
5433,0.094116,-0.115601,0.775757,-1.098633,-2.746582,6.042480
5443,0.074341,-0.136475,0.801270,-2.197266,-2.868652,5.004883
5454,0.045166,-0.035767,0.998413,-2.929688,-4.516602,2.441406
5464,0.027222,-0.039063,1.024292,-4.150391,-4.638672,1.098633
5473,0.025146,-0.024658,1.024414,-4.821777,-4.760742,0.000000
5482,0.026855,0.015869,0.975830,-4.943848,-4.333496,-1.342773
5493,-0.023193,0.008911,0.974121,-5.432129,-4.333496,-2.197266
5503,0.017090,0.072876,1.019165,-5.676270,-4.333496,-2.868652
5514,0.010498,0.065186,1.142334,-4.028320,-4.638672,-4.821777
5524,0.040405,-0.002808,1.218140,-2.563477,-4.150391,-5.493164
5533,0.090088,-0.146729,1.064697,-0.610352,-3.723145,-6.225586
5543,0.086182,-0.176880,0.949585,0.671387,-3.723145,-6.286621
5552,0.100098,-0.144775,0.813721,0.793457,-3.967285,-6.286621
5563,0.067017,-0.243408,0.723389,0.061035,-3.967285,-6.042480
5573,0.066772,-0.275513,0.574463,-0.549316,-3.845215,-5.859375
5584,0.083740,-0.167725,0.714233,-2.990723,-3.662109,-5.798340
5594,0.035400,0.125366,1.273804,-3.540039,-4.089355,-5.859375
5604,-0.001465,0.014893,1.266724,-2.746582,-3.173828,-5.371094
5614,-0.012939,-0.153564,1.118286,-1.831055,-3.479004,-5.004883
5623,-0.020996,-0.138428,1.074585,-1.831055,-2.929688,-4.150391
5633,0.016357,-0.026855,1.081543,-1.892090,-2.075195,-2.746582
5643,0.020752,0.004395,1.037476,-1.953125,-1.892090,-1.403809
5654,0.023071,-0.042236,0.950806,-2.685547,-1.953125,-0.122070
5664,0.031250,0.094971,1.159790,-3.845215,-2.380371,-0.183105
5673,0.004028,0.239624,1.169678,-4.333496,-2.136230,-0.366211
5683,-0.001099,0.079224,1.092529,-2.990723,-1.831055,-0.061035
5693,0.008545,-0.060547,1.061768,-0.915527,-1.647949,0.366211
5703,0.028687,-0.156738,1.053955,0.854492,-1.098633,0.610352
5713,0.027710,-0.210327,1.062012,1.464844,-0.671387,0.915527
5722,0.014282,-0.128174,1.014771,1.159668,-1.220703,1.037598
5734,-0.030396,-0.000977,0.877075,0.366211,-0.915527,-0.305176
5744,-0.044434,0.036621,0.839966,-0.915527,-1.159668,-0.915527
5754,-0.055542,0.005859,0.847412,-0.854492,-1.098633,-1.464844
5763,-0.061035,-0.118530,0.814453,-0.976562,-0.915527,-1.525879
5773,-0.066528,-0.026978,0.925049,-1.770020,-0.305176,-1.098633
5783,-0.045532,0.040283,1.039185,-2.990723,0.366211,-0.305176
5793,-0.002563,0.063965,1.138184,-3.784180,1.098633,0.366211
5804,0.005127,0.083740,1.157349,-3.479004,1.525879,1.159668
5813,0.025513,0.087158,1.144165,-1.098633,1.342773,1.525879
5823,0.014282,0.095947,1.111084,0.610352,1.159668,1.647949
5833,0.054077,0.015381,1.085938,2.258301,1.220703,1.770020
5842,0.043457,-0.338379,0.656738,3.784180,0.976562,2.441406
5853,0.018799,-0.646973,0.164185,3.662109,0.854492,2.868652
5863,0.032471,-0.055908,0.640991,-1.098633,0.549316,2.990723
5874,-0.023437,0.305542,1.133911,-5.432129,-15.014648,2.624512
5883,-0.091309,0.156372,0.948242,-8.117676,-0.793457,2.563477
5893,-0.078369,0.030518,0.968384,-6.774902,-0.183105,2.868652
5902,-0.043701,0.232422,1.239990,-5.432129,1.098633,3.967285
5913,-0.037231,0.211304,1.332153,-3.906250,2.258301,5.859375
5922,-0.084839,-0.083618,1.179565,-1.831055,2.807617,7.446289
5934,-0.022461,-0.248413,0.985352,-2.624512,2.563477,8.178711
5944,-0.021118,0.066040,0.858276,-4.516602,2.319336,7.995605
5953,0.014893,0.145508,0.879639,-6.286621,1.220703,7.629395
5962,-0.003296,0.203369,0.986938,-7.690430,1.342773,8.300781
5973,0.013184,0.188843,1.157471,-7.934570,1.770020,8.728027
5982,-0.018433,0.133179,1.275146,-6.835937,1.892090,9.399414
5993,-0.009399,0.041260,1.315308,-5.249023,2.197266,9.582520
6003,-0.039551,0.023682,1.255005,-3.173828,2.197266,9.582520
6013,0.035645,0.006958,1.138184,-1.037598,1.953125,8.117676
6024,0.013306,-0.100098,0.938599,-1.525879,0.549316,7.141113
6034,0.025757,-0.078979,0.905029,-2.136230,0.061035,5.249023
6043,-0.040649,0.019531,0.896484,-2.319336,-0.854492,3.906250
6052,-0.021484,0.051880,0.969238,-2.258301,-1.037598,2.563477
6063,-0.059326,-0.053833,0.972290,-1.708984,-0.976562,1.403809
6072,-0.004272,-0.154175,1.077393,-1.342773,-0.610352,0.793457
6084,0.062988,-0.014771,1.075439,-1.770020,-0.671387,-1.037598
6094,0.044678,0.021973,0.984863,-2.380371,-0.549316,-2.075195
6103,0.091309,0.008789,0.900269,-2.075195,-1.037598,-2.868652
6113,0.066284,0.005859,0.984619,-1.770020,-0.976562,-3.479004
6123,0.053101,0.271484,1.074951,-2.014160,-1.647949,-4.211426
6133,0.026611,0.133911,0.955200,-0.305176,-1.586914,-4.455566
6143,0.072632,-0.059937,0.870850,1.892090,-0.915527,-4.028320
6154,0.055298,-0.115112,1.076904,2.929688,-0.427246,-2.624512
6164,0.052856,-0.239868,0.973389,5.126953,-0.427246,-2.380371
6173,0.016357,-0.036865,1.012329,3.540039,-0.610352,-2.746582
6183,0.023682,0.047485,0.961548,2.014160,-1.281738,-2.868652
6193,0.015015,-0.012207,0.910400,1.464844,-1.220703,-2.502441
6203,-0.038330,-0.033081,0.932739,1.953125,-1.037598,-1.342773
6214,-0.067627,-0.067505,0.960571,3.723145,0.122070,0.976562
6224,0.012329,0.057129,1.094604,3.356934,0.671387,2.319336
6234,0.031738,0.052368,1.076904,2.563477,1.098633,3.723145
6243,0.055664,0.046143,1.024658,2.563477,1.342773,4.760742
6252,-0.008667,-0.005859,0.992798,3.295898,1.586914,5.187988
6263,-0.001221,0.017578,1.040894,4.028320,1.220703,5.432129
6273,-0.002930,0.031372,1.158691,3.723145,0.915527,5.859375
6284,-0.017212,-0.015381,1.146240,1.770020,1.281738,7.019043
6294,-0.041138,-0.014526,1.050781,2.319336,1.708984,8.056641
6303,-0.001953,0.133057,1.052734,3.234863,1.892090,8.361816
6313,0.016724,0.058350,1.124878,3.845215,1.342773,8.300781
6323,0.037598,-0.151611,1.037109,3.356934,1.281738,8.300781
6333,0.012939,-0.081665,0.934448,1.342773,0.244141,7.934570
6342,0.034424,0.124390,0.946289,0.000000,0.488281,7.812500
6353,0.013062,0.017700,0.858276,-0.061035,0.793457,7.934570
6364,-0.011353,0.068604,1.036987,0.244141,-0.549316,6.835937
6374,-0.015747,-0.067993,1.029663,-0.854492,-0.366211,6.408691
6383,-0.019653,-0.039795,0.952881,-1.831055,-0.549316,6.042480
6392,-0.021973,0.007202,0.937988,-1.953125,-0.122070,6.225586
6403,-0.000244,0.059326,0.914062,-1.525879,0.122070,5.920410
6413,-0.043579,-0.036255,0.885742,-0.915527,0.305176,5.676270
6424,-0.015625,-0.044312,0.964722,-2.258301,-0.183105,4.150391
6434,-0.028442,0.111816,0.963013,-3.051758,-0.488281,3.723145
6443,-0.015015,0.097656,1.017578,-2.990723,-0.122070,3.540039
6453,-0.000488,0.041504,0.949341,-1.953125,0.061035,3.662109
6462,0.012451,0.013306,0.984375,-0.427246,0.122070,4.028320
6473,0.062988,-0.034058,1.047974,0.122070,-0.122070,4.089355
6483,0.073730,-0.071655,0.991943,-0.488281,-0.427246,4.150391
6493,0.068604,0.031860,0.951050,-1.403809,-0.366211,4.394531
6505,0.013062,-0.029541,0.847412,-1.464844,-0.976562,4.394531
6514,-0.011719,0.047607,0.974609,-0.732422,-1.037598,4.943848
6523,-0.035034,-0.110962,0.992432,-0.732422,-1.342773,5.065918
6533,-0.015137,-0.078857,0.988647,-1.647949,-1.159668,5.187988
6543,0.017090,0.003906,0.994385,-2.990723,-0.549316,5.432129
6553,-0.013062,0.015259,0.915771,-3.967285,-0.671387,5.493164
6563,0.011108,0.038086,0.924072,-4.028320,-0.671387,5.249023
6574,0.027100,0.026978,1.023438,-3.784180,-1.159668,4.211426
6583,0.021729,-0.057983,1.009277,-6.347656,-1.647949,3.479004
6593,0.042114,0.136475,1.090088,-7.690430,-1.464844,2.929688
6603,0.001343,0.098267,1.082397,-7.690430,-1.647949,2.502441
6613,0.019409,0.102661,1.092041,-6.652832,-1.525879,1.892090
6623,0.039307,0.061401,1.146118,-5.249023,-1.708984,1.342773
6634,0.018066,-0.113525,1.007324,-4.760742,-1.831055,0.305176
6644,0.034546,-0.033081,0.913574,-5.249023,-2.014160,0.183105
6654,0.038330,0.120361,0.970337,-5.371094,-2.014160,-0.610352
6663,0.051270,0.006592,0.911499,-5.249023,-2.319336,-1.647949
6673,0.043579,0.057373,0.995972,-4.760742,-2.807617,-2.502441
6683,0.024536,-0.060425,0.953369,-4.028320,-3.112793,-3.479004
6693,0.044922,0.030640,1.062378,-4.028320,-3.173828,-4.272461
6704,0.047363,-0.009033,0.984497,-4.028320,-2.746582,-5.126953
6714,0.031128,0.002441,0.942749,-3.479004,-2.441406,-5.615234
6724,0.033325,0.024658,0.986450,-2.990723,-2.502441,-5.737305
6733,-0.008423,-0.043457,0.905151,-2.563477,-2.807617,-5.859375
6743,0.030762,-0.071655,0.887573,-2.685547,-2.380371,-6.042480
6753,0.021240,-0.063843,0.990723,-3.173828,-2.197266,-5.981445
6763,0.040649,0.028809,1.022095,-3.723145,-2.197266,-5.493164
6773,-0.014526,0.009766,0.920898,-4.150391,-2.075195,-4.516602
6783,0.031860,0.170654,1.093750,-3.906250,-1.098633,-3.784180
6793,0.005981,0.135498,1.078003,-2.990723,-0.488281,-3.112793
6803,-0.000977,-0.014404,0.985107,-2.319336,-0.366211,-2.197266
6813,0.027100,0.096558,1.125854,-1.770020,-0.549316,-1.403809
6823,0.011108,-0.070679,1.028809,-1.403809,-0.610352,-0.976562
6833,0.013184,0.043823,1.079102,-1.647949,-0.305176,-0.610352
6844,-0.011230,-0.112671,0.956177,-1.403809,-0.183105,0.488281
6854,-0.014893,-0.085083,1.018677,-0.732422,0.244141,1.159668
6864,-0.021240,0.143188,1.134033,-0.488281,0.305176,1.464844
6873,-0.052246,-0.032471,1.046875,0.000000,0.244141,2.197266
6883,-0.031128,0.103638,1.093140,0.183105,0.671387,2.746582
6894,-0.049805,-0.044678,0.969360,0.976562,1.464844,3.234863
6903,-0.029785,0.101196,1.044189,1.403809,1.281738,3.662109
6914,-0.029297,-0.046387,0.884888,2.563477,1.586914,4.638672
6924,-0.042114,-0.084229,0.891235,2.563477,1.586914,4.882812
6933,-0.053833,-0.036011,0.909912,1.953125,1.953125,5.126953
6942,-0.034424,-0.005005,0.948120,1.159668,1.831055,5.310059
6953,-0.056152,-0.052124,0.887939,0.915527,1.892090,5.493164
6963,-0.027466,-0.023926,0.909302,0.427246,2.502441,5.920410
6973,-0.021118,-0.046509,0.973145,0.244141,2.685547,6.286621
6983,-0.016846,-0.042114,0.907959,0.122070,2.929688,6.530762
6994,0.006226,0.013794,0.897217,-0.549316,2.502441,7.446289
7003,0.015015,0.081177,0.855713,-2.319336,2.319336,8.239746
7013,0.006470,0.078247,0.862915,-3.234863,2.075195,9.094238
7023,-0.009399,0.121338,0.962891,-3.906250,2.563477,10.192871
7033,-0.005127,0.091797,0.961182,-4.089355,2.929688,11.230469
7043,-0.013184,0.091064,1.016357,-4.028320,3.051758,12.207031
7053,-0.010620,0.083862,1.089722,-3.845215,2.990723,12.939453
7064,-0.026611,0.044556,1.099487,-3.417969,2.502441,13.610840
7074,-0.016724,0.116333,1.147949,-2.502441,2.441406,13.793945
7083,-0.030640,-0.019897,1.085815,-1.281738,2.807617,14.160156
7093,-0.011841,0.052124,1.147705,-0.793457,2.502441,13.977051
7103,-0.001221,-0.050537,1.061035,-0.122070,2.136230,13.488770
7113,-0.001465,-0.066772,1.031738,-0.427246,1.464844,12.634277
7123,0.024414,0.051392,1.079468,-0.305176,1.220703,11.596680
7134,0.019531,0.030396,1.068237,-0.366211,0.122070,9.582520
7143,0.010742,0.023193,1.083374,-0.976562,0.305176,8.850098
7153,0.006470,-0.032837,1.040527,-1.037598,0.244141,7.995605
7163,0.002441,0.050415,1.072510,-0.732422,-0.061035,7.202148
7173,0.002808,-0.026367,1.021729,-0.610352,-0.671387,6.225586
7183,0.054443,-0.091919,0.976440,-0.183105,-0.976562,4.882812
7193,0.046021,-0.037842,0.981323,-0.244141,-1.770020,1.647949
7205,0.051025,-0.060303,0.915405,-1.525879,-2.380371,0.366211
7214,0.048584,-0.028076,0.914917,-2.197266,-2.868652,-1.159668
7224,0.082642,-0.001831,0.964355,-2.685547,-2.624512,-2.075195
7234,0.067139,-0.034302,0.955078,-2.685547,-2.929688,-2.746582
7244,0.075684,-0.005493,0.929321,-2.929688,-3.356934,-3.295898
7254,0.061401,-0.063721,0.872559,-2.990723,-3.601074,-3.967285
7263,0.090820,-0.081421,0.828003,-3.417969,-3.356934,-4.638672
7273,0.078735,0.055786,0.927612,-5.554199,-3.601074,-4.821777
7283,0.049316,0.007568,0.900757,-5.676270,-3.601074,-5.065918
7293,0.034058,0.161987,1.067139,-5.920410,-3.356934,-5.065918
7303,0.056152,0.162476,1.098389,-5.371094,-3.356934,-5.187988
7313,0.057861,0.061768,1.045288,-4.211426,-3.479004,-5.187988
7323,0.043091,0.047852,1.051392,-3.662109,-3.601074,-5.004883
7334,0.048828,0.049194,1.069702,-3.479004,-2.990723,-4.333496
7344,0.043213,-0.084595,0.938477,-3.295898,-3.051758,-4.028320
7353,0.052246,0.008911,0.962646,-3.051758,-2.685547,-4.272461
7363,0.028687,0.033569,1.013794,-2.746582,-3.173828,-4.394531
7373,0.020874,-0.006348,1.012085,-2.075195,-3.540039,-4.577637
7383,0.037964,-0.066040,0.999023,-1.281738,-3.540039,-5.065918
7393,0.025757,-0.047729,1.034912,-1.037598,-3.540039,-5.187988
7404,0.013184,-0.041382,1.016602,-0.427246,-2.807617,-4.882812
7414,-0.018311,-0.018066,0.977783,-0.427246,-2.502441,-4.760742
7423,-0.016724,0.088135,1.059937,-0.366211,-2.502441,-4.760742
7433,-0.058350,0.054932,0.982666,-0.122070,-2.319336,-4.638672
7444,-0.025391,-0.053223,1.034912,0.122070,-2.258301,-4.638672
7453,-0.041260,-0.004150,1.024536,-0.061035,-2.258301,-4.394531
7464,0.000122,0.022827,1.073975,-0.122070,-1.403809,-3.540039
7473,-0.036011,-0.023682,0.989380,-0.061035,-0.305176,-2.136230
7485,-0.001953,-0.042236,0.999634,-0.732422,0.000000,-1.708984
7494,0.025513,0.000122,1.004761,-0.976562,-0.549316,-1.403809
7504,0.032227,0.012451,1.031250,-1.159668,-0.366211,-0.976562
7513,0.011475,-0.011353,0.970581,-1.281738,0.000000,-0.793457
7524,0.021729,0.005127,1.028809,-1.586914,0.061035,-0.244141
7533,0.001953,0.062256,0.980225,-1.831055,0.549316,0.305176
7545,-0.031738,0.052002,1.037231,-2.746582,0.366211,1.342773
7555,-0.041138,0.038452,0.991333,-3.356934,0.549316,2.014160
7564,-0.026367,0.030518,1.019043,-3.417969,0.244141,2.319336
7574,-0.071045,0.073364,0.961304,-3.662109,0.366211,2.868652
7583,-0.029785,0.139282,1.062256,-3.112793,1.220703,3.356934
7594,-0.013550,0.100098,1.064941,-2.502441,1.586914,3.723145
7603,-0.036377,0.069702,0.983643,-2.197266,1.831055,4.089355
7616,0.020630,-0.032104,0.971436,-2.197266,2.075195,3.662109
7625,-0.009888,0.043701,0.936401,-2.197266,1.770020,3.356934
7634,0.006470,0.017700,0.990601,-1.770020,1.159668,2.807617
7644,-0.004639,-0.041626,0.974365,-1.403809,0.915527,2.380371
7653,0.006836,-0.018921,0.995850,-1.281738,1.220703,2.014160
7664,0.007080,0.026611,0.995972,-1.342773,1.220703,2.136230
7673,-0.012085,-0.040894,0.902710,-0.732422,1.403809,2.502441
7686,0.024536,-0.013306,0.954712,0.061035,1.525879,3.051758
7695,0.006958,-0.037231,0.936890,0.183105,1.525879,3.417969
7704,-0.001953,-0.022217,0.914795,-0.183105,1.220703,3.845215
7714,0.003296,0.004517,1.011719,-0.488281,1.464844,4.211426
7724,0.002563,0.090942,1.064453,-0.915527,1.464844,4.577637
7733,-0.028198,0.066162,1.029907,-0.793457,1.953125,5.065918
7744,-0.009277,-0.049194,1.050537,-0.183105,1.770020,5.310059
7753,-0.009277,-0.016724,1.002075,0.183105,1.525879,5.859375
7764,-0.005615,-0.023804,1.034668,0.488281,1.892090,6.042480
7774,0.014404,-0.000732,1.039185,0.793457,2.075195,6.347656
7783,0.005737,0.050293,1.013672,0.671387,2.014160,6.652832
7793,0.014526,0.006958,1.028198,0.427246,2.014160,6.713867
7804,0.026611,-0.071655,1.027588,0.366211,1.892090,6.469727
7813,0.027100,-0.050659,1.040283,0.244141,1.281738,6.408691
7824,0.027710,-0.115723,1.047485,0.488281,0.793457,5.737305
7833,0.002930,0.007935,1.018066,0.305176,0.671387,5.432129
7844,-0.001831,0.022583,1.084473,0.122070,0.976562,5.187988
7854,-0.018677,-0.017700,1.034546,-0.122070,0.915527,4.943848
7864,-0.048340,0.068604,1.027832,-0.793457,1.159668,4.577637
7873,-0.003296,0.119141,1.070801,-1.098633,1.281738,4.089355
7884,-0.014893,0.035889,1.026733,-1.098633,1.098633,3.540039
7895,0.001587,0.030151,1.028442,-0.854492,1.342773,3.112793
7904,0.029419,0.001831,1.026367,-0.366211,0.793457,2.258301
7914,0.008301,-0.001709,0.981567,-0.671387,0.244141,1.831055
7923,0.050293,0.011841,0.942383,-0.915527,0.122070,1.525879
7933,0.060791,0.011841,0.924561,-0.610352,-0.183105,1.281738
7943,0.065430,0.033081,0.942017,-0.732422,0.427246,1.220703
7954,0.039917,0.039551,0.974976,-0.610352,0.305176,1.403809
7965,0.010498,0.020630,0.984375,-0.732422,0.244141,2.136230
7974,0.025391,0.011108,0.979980,-1.342773,0.732422,2.685547
7984,0.019897,-0.029785,0.954712,-1.342773,0.549316,3.173828
7993,0.014771,-0.009521,0.946289,-1.342773,0.732422,3.723145
8004,0.006470,0.003418,0.931641,-1.708984,0.183105,4.150391
8014,0.039063,-0.032959,0.961914,-1.586914,0.183105,4.394531
8023,0.005493,0.002686,0.961060,-2.014160,0.183105,4.638672
8036,-0.008179,0.033813,0.993774,-2.258301,0.854492,5.432129
8045,0.004517,0.011597,0.995117,-1.892090,1.464844,5.859375
8055,0.002686,-0.014771,0.997803,-1.647949,1.464844,5.981445
8064,0.002930,-0.001831,1.002075,-1.525879,0.854492,5.920410
8074,0.019897,-0.027100,0.985474,-1.525879,0.183105,5.737305
8083,0.016235,-0.026855,0.996460,-1.586914,0.427246,5.432129
8094,-0.005615,-0.020630,0.993530,-1.403809,0.427246,5.554199
8103,-0.002563,-0.075806,0.990723,-0.976562,0.427246,5.126953
8115,-0.008789,-0.047485,1.006104,-0.793457,0.549316,5.065918
8125,-0.014038,-0.038086,0.985474,-1.220703,0.366211,4.821777
8134,0.011719,-0.072021,0.996826,-0.793457,0.488281,4.699707
8143,-0.000610,-0.031494,0.988770,-0.671387,0.366211,4.455566
8154,0.016479,-0.057129,0.996826,-0.305176,0.366211,4.333496
8163,-0.007080,-0.048828,1.002930,-0.244141,0.244141,4.455566
8175,-0.008789,0.001953,0.974731,-0.122070,0.427246,5.310059
8185,-0.002319,-0.004272,0.950073,-0.061035,0.488281,5.859375
8194,0.002930,-0.012939,0.954834,-0.183105,0.366211,6.225586
8204,0.029663,-0.035645,0.959717,-0.610352,0.488281,6.286621
8213,-0.014526,0.017944,0.990479,-1.342773,0.610352,6.713867
8224,0.002197,0.042236,0.997681,-1.831055,1.281738,7.202148
8233,-0.036499,0.091431,1.005249,-2.197266,1.525879,7.629395
8243,-0.024048,0.045532,1.011230,-1.953125,1.159668,8.300781
8254,-0.002930,0.018433,1.031738,-1.647949,1.586914,8.544922
8264,-0.006348,0.047729,1.029053,-1.708984,1.708984,8.850098
8274,-0.014038,0.004272,0.980469,-1.525879,1.525879,9.338379
8283,0.007446,0.068970,0.988525,-1.403809,1.831055,9.704590
8294,0.012817,0.003052,1.013794,-1.098633,1.953125,10.070801
8303,0.035522,0.021484,1.041016,-0.732422,2.014160,10.253906
8316,0.051270,0.026733,1.067749,-0.671387,1.953125,10.620117
8325,0.002930,0.054321,1.045532,-0.732422,1.159668,10.925293
8334,0.038330,-0.003174,1.021606,-0.549316,1.403809,11.291504
8344,-0.015381,-0.016235,0.995605,-0.427246,1.586914,11.413574
8354,0.014771,-0.098267,1.007813,-0.366211,1.586914,11.474609
8363,-0.025269,-0.062988,0.964966,-0.305176,1.831055,11.474609
8374,-0.009155,-0.084839,0.912598,-0.732422,1.464844,11.291504
8383,-0.012329,-0.040894,0.912231,-1.403809,0.854492,10.620117
8393,-0.005859,-0.044922,0.938354,-1.892090,0.793457,10.009766
8404,0.010742,-0.044556,0.979492,-2.441406,0.610352,9.521484
8413,0.026855,0.005737,0.973877,-2.990723,0.793457,8.972168
8424,0.024780,0.088257,1.040405,-2.990723,0.671387,8.605957
8433,0.031006,0.060425,1.042114,-2.441406,0.915527,8.239746
8444,-0.013306,0.096802,1.080566,-2.014160,1.159668,8.056641
8453,0.020386,0.033569,1.068970,-1.770020,0.549316,7.080078
8465,0.019287,-0.025879,0.989014,-1.220703,0.366211,6.530762
8474,0.057617,0.007202,0.998291,-1.098633,0.305176,5.920410
8483,0.053345,0.020508,0.991089,-0.793457,0.244141,5.432129
8494,0.058105,-0.032349,0.973022,-0.732422,0.061035,5.249023
8503,0.081665,-0.007446,1.010742,-0.732422,-0.183105,4.638672
8514,0.060669,-0.025513,1.005737,-0.976562,-0.488281,4.272461
8523,0.078125,-0.013306,0.986328,-0.793457,-0.915527,3.662109
8535,0.078979,-0.052368,0.986084,-0.366211,-0.915527,3.051758
8544,0.036743,-0.022339,0.984619,-0.305176,-1.892090,2.380371
8554,0.036987,-0.039063,0.997070,-0.366211,-1.586914,1.647949
8564,0.067871,-0.076660,0.980957,-0.427246,-1.708984,1.220703
8574,0.039063,-0.013916,0.995483,-0.488281,-2.380371,0.610352
8583,0.053467,-0.064087,0.956421,-0.183105,-2.136230,0.183105
8596,0.052246,-0.012817,0.972656,-0.305176,-2.563477,-0.610352
8606,0.054810,-0.042725,0.979004,-0.427246,-2.929688,-0.976562
8615,0.037231,0.037842,0.998779,-0.610352,-2.807617,-1.220703
8625,0.022217,0.012695,0.991943,-1.037598,-2.075195,-1.403809
8634,0.017944,0.043457,0.994141,-1.342773,-2.929688,-1.342773
8644,-0.020508,0.037842,0.989014,-0.915527,-2.380371,-1.037598
8653,-0.010742,0.033569,1.011719,-0.793457,-1.831055,-0.671387
8665,0.004883,0.028442,1.015381,-0.915527,-1.892090,-0.488281
8675,0.015137,0.027588,0.987671,-1.342773,-2.075195,-0.305176
8684,0.028198,0.013550,0.988403,-1.159668,-1.342773,0.061035
8694,0.029175,-0.000488,1.017944,-0.976562,-1.098633,0.305176
8703,0.020630,0.006226,0.991943,-1.464844,-1.708984,0.305176
8713,0.011841,0.026855,1.013306,-1.647949,-1.586914,0.610352
8724,0.025391,0.009888,1.007080,-1.708984,-1.281738,0.610352
8734,0.021118,0.042358,1.022583,-1.464844,-1.281738,0.732422
8743,0.005005,-0.017090,1.007935,-1.525879,-1.342773,0.854492
8754,0.012817,0.053101,1.011841,-1.647949,-1.098633,1.037598
8763,0.013794,-0.007080,0.984375,-1.403809,-1.464844,1.464844
8774,-0.004639,0.024292,0.989624,-1.586914,-0.549316,1.770020
8784,-0.016357,0.020508,1.008179,-1.464844,-0.732422,2.014160
8794,-0.006714,-0.014404,0.990845,-1.159668,-0.427246,2.563477
8804,-0.020874,-0.004517,0.988403,-0.976562,0.305176,3.112793
8813,-0.013184,-0.024902,0.994751,-0.793457,1.037598,3.417969
8823,-0.003784,-0.024292,0.967285,-1.037598,-0.244141,3.479004
8834,0.011963,-0.003784,1.007813,-0.915527,0.122070,3.845215
8843,0.034058,-0.006470,0.970947,-0.671387,0.244141,4.272461
8854,0.019775,0.010864,0.992187,-0.915527,0.305176,4.394531
8863,0.011108,0.005859,0.994995,-0.854492,0.061035,4.699707
8876,-0.018311,0.061768,1.015259,-0.915527,1.159668,5.676270
8885,-0.007080,0.002686,0.994995,-0.671387,1.464844,6.042480
8895,-0.006958,-0.029297,0.976440,-0.488281,0.793457,6.103516
8904,0.009155,0.038208,1.025757,-0.854492,0.854492,6.408691
8914,0.012695,0.019043,0.993408,-1.403809,0.915527,6.591797
8923,0.010864,-0.017212,0.941772,-1.464844,1.220703,6.408691
8934,0.004395,0.072632,1.020508,-1.647949,1.464844,6.774902
8943,0.006104,-0.000977,1.017456,-1.098633,1.647949,7.446289
8955,-0.035034,0.069092,1.068237,-1.953125,1.525879,7.690430
8964,-0.004761,0.032593,0.996582,-2.014160,1.342773,7.995605
8974,0.003174,-0.023315,0.949585,-1.708984,2.685547,8.605957
8983,0.012695,0.054321,1.040283,-1.525879,2.685547,8.789063
8993,0.000854,-0.049438,0.982056,-1.220703,2.014160,8.605957
9004,0.007935,-0.022949,1.040405,-1.647949,1.831055,8.483887
9013,-0.000488,0.074341,1.025146,-2.197266,2.624512,8.728027
9023,0.002563,0.020996,0.988770,-1.647949,3.112793,9.094238
9034,0.023560,-0.018799,0.988037,-1.525879,2.563477,9.460449
9043,0.026733,-0.014282,1.017944,-1.708984,1.525879,9.399414
9053,0.038940,-0.037231,0.975464,-1.647949,1.831055,9.277344
9063,0.043457,0.022705,1.005005,-2.136230,1.892090,9.155273
9073,0.033081,0.048218,0.981445,-2.258301,1.831055,9.155273
9083,0.020996,-0.043945,0.954468,-1.770020,1.953125,8.483887
9095,0.021729,-0.036621,1.006470,-1.342773,1.831055,8.422852
9104,0.028442,-0.013550,0.988525,-1.953125,1.647949,8.483887
9114,0.036987,-0.036987,0.921021,-1.647949,1.708984,8.361816
9123,0.049316,0.020630,0.963135,-1.831055,1.342773,8.300781
9134,0.030762,0.019653,0.983643,-1.647949,1.342773,8.178711
9144,0.021729,-0.041748,0.995850,-1.586914,1.281738,8.178711
9154,0.030273,0.011597,1.043579,-2.624512,1.342773,8.178711
9163,0.021606,0.051270,0.993286,-2.441406,1.708984,8.056641
9173,0.036621,-0.000488,0.957520,-2.258301,1.647949,8.056641
9184,0.039795,0.055298,1.051025,-2.075195,1.281738,7.629395
9194,0.016235,-0.003662,1.000122,-1.953125,1.220703,7.263184
9203,0.015747,0.034180,1.040771,-2.624512,1.342773,7.141113
9214,0.005493,0.006470,0.977539,-2.502441,1.647949,7.324219
9223,0.025391,0.094482,1.036499,-2.685547,1.892090,7.385254
9235,0.041748,0.000854,1.052979,-1.892090,1.525879,7.019043
9244,0.056396,-0.064331,1.005859,-1.953125,1.281738,6.347656
9254,0.069702,0.005005,1.056274,-2.258301,1.037598,5.798340
9263,0.067627,-0.018921,0.973999,-2.136230,1.525879,5.371094
9274,0.078735,0.011841,1.013428,-2.502441,1.281738,4.943848
9283,0.065552,-0.038330,0.966064,-2.014160,0.976562,4.943848
9296,0.059692,-0.060547,0.958130,-1.892090,0.549316,4.272461
9305,0.065308,-0.016602,1.036621,-1.953125,0.610352,3.967285
9315,0.060913,-0.056763,0.966431,-1.831055,0.244141,3.662109
9324,0.042969,0.048096,1.031860,-2.197266,-0.122070,3.173828
9334,0.041016,-0.017090,0.941895,-2.014160,-0.244141,2.929688
9343,0.055542,0.011230,1.001709,-1.953125,-0.244141,2.441406
9354,0.081665,-0.036865,0.936035,-1.647949,-0.244141,1.953125
9363,0.093872,0.017090,0.959473,-1.464844,-0.061035,1.647949
9375,0.097900,-0.026367,1.014282,-1.770020,-0.366211,1.403809
9384,0.079834,-0.012207,1.038086,-2.136230,-0.976562,0.915527
9394,0.064819,0.037354,0.985840,-2.136230,-1.037598,0.427246
9403,0.041382,0.096069,1.009766,-2.075195,-1.464844,-0.183105
9413,0.061523,0.002930,0.925537,-1.281738,-1.708984,-0.366211
9423,0.032959,0.036621,1.003174,-1.220703,-1.525879,-0.610352
9436,0.020386,0.005005,0.983398,-2.136230,-1.647949,-0.549316
9445,0.013794,0.043701,1.040039,-2.136230,-1.037598,-0.549316
9455,0.034302,-0.020874,0.973267,-1.831055,-1.037598,-0.671387
9464,-0.003174,0.024292,1.035278,-1.953125,-0.854492,-0.732422
9474,0.024780,0.012939,0.988403,-1.831055,-0.610352,-1.220703
9483,0.027344,-0.042114,0.948853,-1.525879,-1.159668,-1.403809
9494,0.004272,0.041748,1.023438,-1.831055,-0.854492,-1.647949
9503,0.032349,-0.005859,0.943359,-2.258301,-0.488281,-1.892090
9515,0.009888,0.020996,1.013672,-2.319336,0.061035,-2.136230
9524,0.017700,-0.023804,0.980713,-1.831055,-0.122070,-2.197266
9534,0.003662,0.056152,1.064209,-2.380371,-0.427246,-2.319336
9543,0.063965,0.005249,0.966675,-2.319336,-0.366211,-2.502441
9554,0.051392,0.003174,0.989624,-1.831055,0.305176,-2.014160
9564,0.050903,0.054565,1.037720,-1.892090,0.061035,-2.014160
9573,0.057739,-0.010620,0.953125,-1.647949,0.610352,-0.915527
9585,0.037720,0.083984,1.000732,-2.319336,0.976562,-0.305176
9594,0.032104,0.007813,0.933716,-1.953125,1.037598,0.549316
9604,-0.017212,0.061768,1.025757,-2.014160,0.976562,0.915527
9613,0.035767,0.079590,1.028198,-1.953125,1.098633,0.732422
9624,0.028564,-0.002075,0.954712,-1.770020,1.403809,0.854492
9633,0.019653,0.028564,1.020386,-2.258301,0.976562,0.549316
9646,0.077515,0.007813,0.965088,-2.319336,0.427246,-0.671387
9655,0.061646,0.037476,1.017944,-2.319336,0.122070,-0.915527
9665,0.135864,0.117310,1.082520,-2.502441,0.427246,-1.770020
9674,0.094238,0.033936,0.972412,-2.319336,0.549316,-1.831055
9683,0.061768,-0.007690,0.961060,-2.136230,0.000000,-1.892090
9694,0.099121,0.098633,1.083252,-2.380371,-0.488281,-2.441406
9703,0.086792,0.046631,1.026855,-2.014160,-0.061035,-2.807617
9716,0.034180,0.083740,0.978638,-2.197266,-0.061035,-2.624512
9725,0.056152,0.147705,1.020752,-2.319336,-0.305176,-2.502441
9734,0.030396,0.062134,0.975220,-1.831055,-0.549316,-2.197266
9744,0.024414,-0.020264,0.976440,-1.525879,0.122070,-1.464844
9753,0.048340,-0.017700,1.094482,-2.014160,-0.061035,-1.220703
9764,-0.100342,0.181396,0.902100,-2.197266,-0.549316,-1.220703
9773,0.008789,0.151733,0.834717,-1.770020,-0.183105,-1.098633
9786,0.046753,-0.053101,1.085938,-1.953125,1.281738,-0.183105
9795,-0.039551,0.114258,1.037231,-2.929688,1.525879,0.000000
9805,0.012085,0.029663,1.130005,-2.868652,2.075195,0.305176
9814,0.024780,-0.077881,1.004517,-1.831055,2.624512,0.244141
9823,-0.012939,-0.084106,0.943848,-1.159668,1.037598,-0.305176
9834,0.020630,-0.046143,0.988647,-0.854492,0.793457,-0.793457
9843,0.050537,-0.009277,1.003052,-0.854492,0.915527,-1.281738
9856,0.025513,0.028320,0.922241,-1.525879,1.647949,-1.525879
9865,0.018311,0.034058,0.953979,-1.586914,1.831055,-1.770020
9875,0.036255,0.021973,0.995239,-1.708984,1.647949,-2.502441
9884,0.042969,0.051025,1.053711,-1.770020,1.525879,-3.662109
9894,0.041626,0.053345,1.070679,-1.770020,1.770020,-4.516602
9903,0.041748,0.000244,1.026611,-1.525879,1.220703,-5.004883
9914,0.052490,-0.003052,1.017090,-1.464844,1.281738,-5.371094
9923,0.085083,0.007813,1.003906,-1.342773,0.976562,-5.798340
9934,0.113403,0.010498,0.983765,-2.014160,0.671387,-6.042480
9944,0.097534,0.033691,1.021240,-2.197266,0.976562,-6.286621
9953,0.067017,0.004395,1.017334,-2.075195,0.732422,-6.408691
9964,0.022583,0.007202,1.020630,-1.708984,1.586914,-6.347656
9974,-0.009277,0.015869,1.020752,-1.464844,1.586914,-6.408691
9985,-0.037476,0.018188,0.997070,-1.647949,0.976562,-6.774902
9994,-0.055420,0.023315,0.967896,-1.708984,2.014160,-6.835937
10004,-0.068237,0.049927,0.988647,-1.831055,2.197266,-7.019043
10013,-0.043091,0.032227,1.000488,-1.892090,2.380371,-7.019043
10023,-0.018555,0.011597,1.006592,-1.708984,3.417969,-6.469727
10034,0.022339,0.007935,1.014526,-1.831055,3.356934,-5.920410
10043,0.046997,0.022461,1.009644,-1.708984,3.479004,-5.493164
10054,0.053711,0.032959,0.998901,-1.770020,3.479004,-4.943848
10064,0.055420,0.020508,0.984985,-1.464844,4.089355,-3.845215
10075,0.054565,0.044556,0.989136,-1.770020,3.784180,-3.540039
10084,0.032959,0.059204,0.996948,-1.647949,4.272461,-3.173828
10093,0.016235,0.072510,0.996704,-1.647949,4.089355,-3.173828
10104,0.010986,0.081055,0.996216,-1.281738,4.577637,-2.929688
10113,0.005737,0.079346,1.003296,-1.098633,4.516602,-2.807617
10124,-0.000732,0.069580,1.007935,-1.037598,4.821777,-2.685547
10135,0.016968,0.070068,0.999512,-1.159668,5.065918,-3.234863
10144,0.032837,0.086304,0.991089,-1.403809,5.310059,-3.540039
10154,0.031006,0.101074,0.999512,-1.586914,5.371094,-3.967285
10163,0.030029,0.098755,1.011230,-1.525879,5.249023,-4.394531
10174,0.047485,0.115234,1.029663,-1.586914,5.371094,-4.394531
10183,0.076416,0.110718,1.057983,-1.770020,5.737305,-4.272461
10194,0.091187,0.157593,1.036621,-1.647949,5.371094,-3.967285
10205,0.138794,0.160767,1.057495,-1.403809,5.310059,-2.319336
10214,0.225098,0.042480,1.100464,-0.244141,5.249023,-0.854492
10224,0.216919,-0.032349,1.080078,0.061035,5.310059,0.305176
10234,0.202881,-0.094482,1.101563,0.183105,4.760742,1.159668
10243,0.171753,-0.164307,1.022583,0.305176,3.906250,1.464844
10253,0.115601,-0.205078,0.959229,0.549316,3.295898,1.098633
10263,0.218750,-0.254395,0.962524,0.488281,2.563477,0.244141
10275,0.104858,-0.135620,0.926636,-0.854492,1.220703,-0.610352
10285,0.130859,-0.136475,0.920166,-1.098633,0.732422,-1.098633
10294,0.128052,-0.124634,0.945190,-1.098633,0.732422,-1.647949
10303,0.114014,-0.108521,0.957520,-1.342773,0.366211,-1.892090
10314,0.088257,-0.104492,0.956543,-1.220703,0.549316,-1.770020
10324,0.044189,-0.064209,0.950806,-1.220703,1.220703,-1.281738
10333,-0.004639,-0.026489,0.945679,-1.220703,1.892090,-0.854492
10346,-0.047241,-0.031616,0.962891,-0.976562,2.929688,-0.915527
10355,-0.054565,-0.016724,0.979248,-0.793457,3.112793,-1.403809
10365,-0.066650,-0.036865,0.991089,-0.610352,3.173828,-1.770020
10374,-0.056030,-0.048096,0.985474,-0.244141,3.356934,-2.136230
10384,-0.042969,-0.054932,0.976929,0.000000,4.150391,-2.380371
10393,-0.007568,-0.065430,0.983032,0.122070,4.882812,-1.892090
10404,0.023682,-0.063232,0.989014,0.061035,4.638672,-1.159668
10413,0.068970,-0.065918,1.000122,0.000000,5.371094,0.793457
10424,0.150635,-0.091919,1.007935,0.061035,5.432129,2.075195
10434,0.184082,-0.095947,1.011108,-0.122070,4.638672,3.112793
10444,0.203735,-0.102295,1.012451,-0.183105,4.272461,3.845215
10454,0.235840,-0.090576,1.018921,-0.061035,3.845215,4.394531
10464,0.177734,-0.283569,0.944946,-0.305176,3.479004,4.943848
10473,0.222534,0.296387,1.047852,-1.525879,3.173828,5.554199
10485,0.204224,-0.325928,1.031860,-0.061035,3.051758,5.798340
10495,0.145508,-0.170532,1.101440,-0.732422,2.441406,5.432129
10504,0.138672,-0.004883,1.250854,-0.915527,1.892090,5.920410
10513,0.165649,0.042358,1.422852,0.244141,2.258301,5.187988
10524,0.148071,0.050781,1.303101,0.915527,1.342773,3.967285
10534,0.109985,0.189453,1.208374,1.892090,-0.061035,2.807617
10543,0.215942,0.091553,1.289307,3.723145,-0.793457,2.136230
10555,0.102539,0.316406,0.824341,3.356934,-1.037598,0.854492
10565,0.144165,0.167114,0.809204,2.990723,-0.122070,2.502441
10574,0.178711,-0.068848,0.928589,5.065918,0.244141,1.098633
10583,0.150146,-0.072754,0.969971,3.662109,0.305176,0.671387
10593,0.098267,-0.171021,1.027588,3.234863,-0.122070,1.159668
10604,0.132202,-0.416382,1.026001,4.821777,-0.793457,-0.305176
10613,0.039673,-0.339478,0.908813,3.784180,-1.403809,-1.220703
10625,0.007080,-0.408081,0.770264,2.807617,-1.403809,-2.014160
10634,-0.011353,-0.258789,0.742554,1.892090,-1.098633,-3.173828
10644,-0.049316,-0.212891,0.789917,0.854492,-0.183105,-2.868652
10653,-0.031982,-0.177979,0.852051,0.671387,-0.122070,-4.028320
10664,-0.014893,-0.219849,0.904053,0.610352,0.366211,-4.882812
10673,-0.001465,-0.262329,0.892456,0.671387,1.281738,-4.760742
10683,0.019165,-0.251587,0.915161,-0.305176,0.549316,-5.493164
10695,0.055908,-0.092285,0.927979,-1.098633,1.037598,-4.882812
10704,0.078247,-0.070557,0.930542,-1.647949,1.892090,-4.516602
10714,0.092896,-0.102539,0.957520,-1.281738,1.342773,-4.394531
10723,0.089966,-0.134399,0.991821,-0.976562,1.220703,-4.333496
10734,0.094238,-0.129761,1.016113,-1.098633,1.098633,-4.272461
10743,0.107300,-0.107544,1.031372,-1.098633,1.220703,-4.455566
10754,0.104858,-0.075195,1.013184,-1.037598,1.342773,-4.028320
10763,0.097778,-0.049683,0.997192,-0.976562,1.159668,-2.380371
10774,0.099609,-0.113159,1.008667,-0.976562,1.159668,-1.586914
10784,0.100586,-0.136230,1.009277,-0.732422,1.770020,-1.098633
10793,0.106567,-0.154907,1.007813,-0.976562,1.464844,-0.549316
10803,0.107178,-0.143188,0.999390,-1.098633,1.342773,-0.427246
10813,0.103149,-0.129395,0.989868,-1.281738,1.281738,-0.122070
10823,0.099487,-0.136597,0.979370,-1.098633,0.732422,0.305176
10836,0.101074,-0.160522,0.976685,-1.220703,0.976562,0.976562
10845,0.105225,-0.162354,0.983398,-1.220703,1.525879,1.403809
10854,0.109009,-0.164795,0.985718,-1.464844,0.854492,1.708984
10863,0.114258,-0.170898,0.976196,-1.464844,0.793457,1.953125
10874,0.115601,-0.177856,0.962891,-1.403809,0.610352,2.319336
10883,0.120117,-0.185791,0.951538,-1.586914,0.549316,2.746582
10894,0.128418,-0.195557,0.957764,-1.464844,0.488281,3.112793
10903,0.123291,-0.201538,0.971680,-1.708984,0.488281,3.295898
10915,0.083496,-0.207642,0.993042,-1.586914,0.610352,3.356934
10924,0.070801,-0.218506,0.988281,-1.464844,0.427246,2.990723
10933,0.064453,-0.238892,0.975586,-1.647949,0.366211,2.258301
10944,0.039063,-0.230103,0.974976,-1.708984,0.183105,1.098633
10953,0.040405,-0.234375,0.973755,-1.647949,0.610352,0.305176
10964,0.059570,-0.229004,0.971436,-1.525879,0.671387,-0.488281
10973,0.085693,-0.223389,0.975586,-1.525879,0.183105,-0.366211
10984,0.119873,-0.278076,0.942627,-1.403809,0.671387,0.488281
10994,0.125244,-0.232056,0.994995,-1.403809,1.159668,0.915527
11003,0.144165,-0.256836,0.974976,-1.342773,0.366211,1.953125
11014,0.122559,-0.272583,0.972534,-1.403809,0.061035,1.770020
11024,0.108398,-0.242920,0.983032,-1.525879,0.122070,1.037598
11033,0.118530,-0.237915,0.985107,-1.525879,-0.122070,0.305176
11045,0.120972,-0.249756,0.973511,-1.525879,-0.732422,-1.831055
11055,0.111938,-0.234131,0.976318,-1.953125,-1.037598,-2.807617
11064,0.107056,-0.192505,0.998535,-1.831055,-0.671387,-3.356934
11074,0.110718,-0.175537,1.004639,-1.586914,-1.037598,-3.662109
11083,0.127930,-0.205322,0.993652,-1.464844,-0.915527,-3.662109
11094,0.110474,-0.226318,0.965698,-1.647949,-1.464844,-3.356934
11103,0.151611,-0.250000,0.961182,-1.770020,-1.159668,-3.234863
11115,0.138550,-0.197021,0.979614,-2.197266,-2.197266,-4.272461
11125,0.138672,-0.156128,1.013428,-2.441406,-2.746582,-4.882812
11134,0.153076,-0.169434,1.030884,-2.197266,-2.624512,-5.249023
11144,0.161743,-0.217773,1.003296,-1.708984,-2.685547,-5.187988
11153,0.121826,-0.236572,0.966797,-1.831055,-2.685547,-5.004883
11164,0.091675,-0.234863,0.945679,-2.136230,-2.746582,-5.004883
11173,0.089966,-0.236084,0.948853,-2.319336,-2.807617,-4.699707
11186,0.080078,-0.161621,1.026611,-2.380371,-2.868652,-5.004883
11195,0.085937,-0.211548,1.009033,-2.014160,-2.929688,-5.065918
11204,0.076904,-0.268433,0.978516,-1.892090,-3.234863,-5.126953
11214,0.063232,-0.277954,0.948975,-2.075195,-3.356934,-5.310059
11223,0.063477,-0.237183,0.959961,-2.624512,-3.112793,-5.310059
11233,0.080322,-0.167725,1.002075,-2.624512,-2.807617,-5.798340
11243,0.124390,-0.180542,1.011353,-2.258301,-2.868652,-6.103516
11256,0.116211,-0.284058,0.949829,-1.953125,-3.967285,-6.591797
11265,0.120239,-0.266113,0.943726,-2.441406,-4.089355,-6.530762
11274,0.155396,-0.183105,0.979492,-2.807617,-4.211426,-6.347656
11284,0.178833,-0.179321,0.997559,-2.563477,-4.211426,-5.554199
11293,0.165527,-0.249390,0.980103,-2.319336,-4.089355,-4.516602
11304,0.149292,-0.308594,0.955200,-2.319336,-4.272461,-3.723145
11313,0.128174,-0.270386,0.988525,-2.746582,-4.211426,-3.295898
11323,0.132935,-0.205322,0.999023,-3.051758,-4.821777,-3.356934
11334,0.103271,-0.269287,0.922607,-2.441406,-5.493164,-3.356934
11344,0.095703,-0.270874,0.960205,-2.441406,-5.371094,-3.356934
11353,0.111816,-0.248291,0.992065,-2.563477,-5.737305,-3.417969
11363,0.115601,-0.278320,0.961304,-2.563477,-5.737305,-3.295898
11373,0.085327,-0.253540,0.969971,-2.563477,-5.981445,-3.356934
11383,0.076294,-0.206543,0.996338,-2.807617,-6.286621,-3.479004
11395,0.047119,-0.281250,0.934204,-2.380371,-5.859375,-3.662109
11404,0.049316,-0.247192,0.982422,-2.624512,-5.493164,-4.150391
11414,0.073486,-0.262207,0.970581,-2.685547,-5.859375,-4.699707
11423,0.108154,-0.261719,0.930542,-2.624512,-5.798340,-4.821777
11433,0.094238,-0.231201,0.981323,-3.051758,-6.530762,-4.943848
11443,0.083374,-0.225342,0.985962,-3.112793,-6.164551,-4.638672
11453,0.054565,-0.255371,0.986084,-2.624512,-6.042480,-4.272461
11465,0.003052,-0.275757,0.967651,-2.563477,-5.432129,-4.333496
11475,-0.020020,-0.255737,0.953003,-2.563477,-5.493164,-4.699707
11484,-0.038696,-0.252319,0.952759,-2.441406,-5.004883,-5.187988
11494,-0.082642,-0.228271,0.968506,-2.380371,-4.272461,-6.042480
11503,-0.036255,-0.212524,0.983154,-2.563477,-4.394531,-6.591797
11513,-0.003540,-0.200684,0.985962,-2.502441,-4.577637,-6.286621
11523,0.010132,-0.163208,1.031982,-2.197266,-4.333496,-5.798340
11535,0.034180,-0.159424,1.001831,-2.136230,-3.295898,-2.563477
11545,0.069458,-0.145386,0.998047,-2.075195,-2.807617,-0.854492
11554,0.092041,-0.158203,0.962891,-1.953125,-3.723145,0.915527
11564,0.065430,-0.100708,1.026123,-1.953125,-3.173828,2.746582
11573,0.059937,-0.129028,0.965210,-1.892090,-3.112793,4.699707
11583,0.018677,-0.057617,1.034180,-1.831055,-2.380371,6.530762
11593,-0.023193,-0.055298,0.994873,-1.770020,-1.831055,8.972168
11603,-0.091187,-0.041138,1.004150,-1.770020,-1.220703,11.108398
11614,-0.138794,-0.012573,0.957520,-1.892090,0.915527,15.563965
11623,-0.153198,0.041260,0.996460,-2.014160,1.525879,17.272949
11633,-0.131958,-0.026611,0.980591,-1.708984,2.990723,19.104004
11643,-0.159668,0.012817,1.015747,-1.708984,3.967285,20.751953
11653,-0.110229,0.015137,1.004761,-2.014160,4.394531,22.766113
11663,-0.158081,0.014526,1.007080,-1.770020,5.249023,24.597168
11673,-0.146851,0.044678,1.043579,-1.892090,5.615234,28.808594
11684,-0.175049,0.007446,1.012085,-1.403809,7.202148,30.944824
11693,-0.134766,-0.019043,0.995483,-1.525879,8.117676,33.142090
11703,-0.135742,-0.062866,0.928955,-1.525879,9.704590,35.156250
11713,-0.119141,-0.039429,0.967651,-1.525879,9.887695,37.048340
11724,-0.070068,-0.116821,0.962769,-2.075195,10.498047,38.940430
11733,-0.086060,-0.109619,1.012573,-2.136230,11.230469,40.039062
11743,-0.007446,-0.109619,1.048340,-2.380371,11.535645,40.466309
11754,0.002075,-0.127686,1.017700,-1.831055,11.291504,39.978027
11763,0.105713,-0.163208,0.984619,-1.586914,11.047363,39.550781
11773,0.099854,-0.136353,0.961548,-1.464844,10.742188,39.978027
11783,0.080566,-0.112793,0.936890,-1.586914,10.925293,40.588379
11793,0.084229,-0.113159,0.945679,-1.586914,10.986328,41.687012
11803,0.052246,-0.085937,1.000977,-1.708984,11.291504,42.968750
11814,0.081421,-0.097778,1.020752,-1.464844,11.535645,45.593262
11823,0.039185,-0.054687,1.028076,-1.281738,10.986328,46.325684
11833,0.063599,-0.052002,1.011353,-0.976562,10.742188,47.180176
11843,-0.002808,-0.041382,0.984131,-0.732422,11.108398,47.912598
11854,0.047852,-0.057983,0.949585,-0.549316,10.986328,49.011230
11863,0.028809,-0.027954,0.958618,-0.610352,11.779785,50.903320
11873,0.033691,-0.016235,0.958740,-0.732422,11.962891,52.917480
11883,0.030273,0.004150,0.988037,-1.037598,12.084961,57.739258
11894,0.071533,-0.026611,1.013062,-0.732422,13.244629,60.119629
11903,0.025024,-0.005981,1.033691,-0.671387,13.732910,62.011719
11913,0.059204,-0.003906,1.004883,-0.549316,13.732910,63.659668
11923,0.025269,0.004150,1.005493,-0.427246,14.160156,66.040039
11934,0.016235,0.034912,0.995728,-0.183105,14.038086,68.115234
11943,0.035034,-0.012817,0.963745,-0.183105,14.465332,70.739746
11955,0.069214,0.023315,0.987549,-0.915527,15.319824,76.293945
11964,0.036499,0.032959,1.027344,-0.732422,16.174316,79.040527
11973,0.052612,0.040283,1.017578,-0.244141,16.296387,80.871582
11983,0.089722,0.007813,1.024658,0.122070,16.418457,82.824707
11993,0.091187,0.017578,0.989624,0.427246,16.418457,84.045410
12003,0.133057,-0.019165,0.989258,0.915527,16.357422,85.388184
12014,0.101318,0.005493,0.960327,1.159668,16.357422,86.791992
12023,0.082031,-0.013184,0.961548,1.403809,16.784668,89.172363
12034,0.140381,-0.016724,0.977295,1.831055,16.967773,89.843750
12043,0.133057,-0.063843,0.999634,1.892090,16.052246,89.843750
12054,0.136719,-0.068115,0.987061,1.953125,15.930176,89.111328
12063,0.163330,-0.042725,1.024536,2.075195,15.319824,88.317871
12073,0.122314,-0.056396,1.013428,2.624512,14.770508,87.158203
12083,0.134766,-0.041504,0.987793,3.112793,14.160156,85.632324
12093,0.153931,-0.037231,0.987305,3.295898,14.160156,84.350586
12104,0.182983,-0.031128,1.001099,4.028320,13.000488,83.618164
12113,0.151855,-0.053345,1.000732,3.967285,12.573242,83.129883
12123,0.188232,-0.039429,1.009155,4.272461,12.268066,82.275391
12133,0.205444,-0.049927,1.011475,4.638672,12.329102,81.420898
12143,0.211426,-0.022705,1.011719,4.577637,11.596680,79.956055
12153,0.205688,-0.074341,1.004150,5.004883,11.169434,78.369141
12163,0.204712,-0.074463,1.003784,5.493164,10.375977,75.134277
12174,0.174194,-0.083862,1.009888,5.920410,8.239746,73.547363
12183,0.162842,-0.047729,1.019287,5.920410,7.141113,71.899414
12193,0.170288,-0.086792,1.014038,6.347656,6.652832,70.251465
12203,0.166870,-0.074951,1.003662,6.591797,6.652832,68.481445
12213,0.157104,-0.100586,1.011597,6.469727,6.164551,66.528320
12224,0.175659,-0.111938,0.995850,6.469727,5.859375,63.964844
12233,0.196411,-0.132935,1.008667,6.591797,4.821777,57.189941
12247,0.217285,-0.135132,1.000366,6.652832,4.028320,52.307129
12256,0.250854,-0.109497,1.013184,6.713867,2.685547,47.180176
12266,0.320679,-0.084961,1.031738,6.652832,0.488281,41.442871
12275,0.350098,-0.095215,1.008545,6.958008,-1.953125,35.522461
12284,0.361084,-0.068970,0.982056,7.324219,-3.967285,29.357910
12293,0.417358,-0.026978,0.995239,7.690430,-6.225586,23.803711
12303,0.418091,-0.012695,0.997681,7.934570,-8.483887,14.343262
12314,0.437744,-0.034668,0.975830,7.873535,-9.582520,10.253906
12324,0.416748,-0.015747,0.948486,7.446289,-10.681152,6.408691
12333,0.378174,-0.021240,1.001587,7.141113,-11.840820,2.136230
12343,0.338745,-0.046753,1.025024,6.835937,-13.244629,-2.441406
12353,0.353882,-0.067993,1.001709,6.958008,-14.099121,-7.141113
12363,0.323242,-0.114258,1.033203,6.958008,-15.136719,-11.840820
12373,0.313232,-0.081787,0.998291,6.469727,-17.395020,-22.766113
12384,0.254639,-0.085083,1.009155,5.981445,-20.568848,-28.015137
12394,0.273926,-0.105957,0.960083,5.432129,-21.667480,-33.142090
12403,0.297241,-0.111328,0.978027,4.699707,-21.728516,-37.292480
12413,0.302368,-0.050049,1.005493,3.906250,-21.911621,-40.527344
12423,0.380371,0.008789,0.948364,3.234863,-22.094727,-43.701172
12433,0.302002,-0.015381,0.952637,3.295898,-22.399902,-46.264648
12443,0.313232,-0.057739,0.970093,3.356934,-22.949219,-51.269531
12454,0.411377,-0.134155,0.923706,3.723145,-24.841309,-53.527832
12464,0.383911,-0.137207,0.978394,3.845215,-25.573730,-56.152344
12473,0.336548,-0.113159,0.915771,3.784180,-26.428223,-59.265137
12483,0.215942,-0.116455,0.952515,3.479004,-28.198242,-63.232422
12493,0.188354,-0.111938,0.906982,3.112793,-29.846191,-68.237305
12503,0.319580,-0.072266,0.905029,2.380371,-29.541016,-71.472168
12515,0.227905,-0.026733,0.959229,1.159668,-28.259277,-74.707031
12525,0.243286,-0.070190,0.929932,1.708984,-27.343750,-75.134277
12534,0.185059,-0.078857,1.004517,2.075195,-26.550293,-75.195312
12543,0.087280,-0.067871,0.970093,1.831055,-26.733398,-75.988770
12552,0.041748,-0.119019,0.906982,1.525879,-27.282715,-77.514648
12563,0.001709,-0.011353,0.958862,0.305176,-27.221680,-78.857422
12573,-0.017822,0.046021,0.938965,-0.549316,-26.611328,-80.200195
12583,0.069824,-0.010132,0.919312,-0.671387,-22.766113,-78.552246
12594,0.125122,-0.037476,1.050537,-0.976562,-22.033691,-77.819824
12604,0.185913,-0.124268,1.011475,-0.732422,-21.423340,-76.660156
12613,0.218262,-0.070435,1.025269,-1.220703,-21.423340,-75.195312
12623,0.137939,-0.056763,0.956909,-1.342773,-22.155762,-74.157715
12633,0.160278,-0.093262,0.891357,-0.671387,-21.850586,-73.059082
12643,0.167725,-0.094971,0.959351,-0.671387,-21.118164,-71.044922
12655,0.105225,-0.067627,0.956787,-0.915527,-20.080566,-68.115234
12665,0.089966,-0.007446,1.014771,-1.281738,-19.531250,-66.711426
12674,0.044800,-0.067871,0.993652,-1.159668,-19.287109,-65.979004
12684,0.082764,-0.030762,0.969727,-1.098633,-18.554687,-65.002441
12693,0.057251,-0.029053,1.004150,-0.915527,-17.944336,-63.598633
12703,-0.030518,-0.029907,0.941772,-0.976562,-17.578125,-62.438965
12713,-0.045288,-0.038940,0.908936,-0.854492,-16.906738,-61.096191
12723,-0.067627,-0.040283,1.011353,-1.159668,-14.892578,-57.556152
12732,0.013184,-0.072266,0.917969,-1.525879,-13.305664,-54.870605
12743,-0.030273,0.000977,1.024292,-1.525879,-12.329102,-52.062988
12752,-0.086548,-0.066162,0.973877,-1.037598,-11.169434,-49.438477
12763,-0.048950,-0.073730,1.010864,-0.671387,-11.230469,-46.752930
12773,0.018799,-0.095703,1.060913,-0.854492,-11.047363,-43.884277
12783,0.020874,-0.118286,0.966309,-0.671387,-10.986328,-40.710449
12792,-0.031616,-0.092651,0.973633,-0.671387,-10.070801,-37.109375
12804,-0.015869,-0.109375,0.929810,-0.610352,-7.751465,-28.747559
12813,-0.062622,-0.078735,1.059814,-0.732422,-6.103516,-24.169922
12823,-0.076538,-0.081543,1.026489,-0.549316,-4.699707,-20.507812
12833,-0.046265,-0.118042,0.931274,-0.549316,-4.333496,-17.089844
12842,-0.071167,-0.021729,1.025513,-0.549316,-3.662109,-13.793945
12853,-0.063843,-0.025513,0.867920,-0.305176,-3.662109,-11.291504
12863,-0.081665,-0.198120,0.862671,0.488281,-1.708984,-7.629395
12873,-0.093018,-0.237671,0.971680,0.610352,-1.464844,-6.408691
12883,-0.167480,-0.206177,1.012329,-0.244141,-0.793457,-5.493164
12893,-0.002319,-0.100708,1.231934,-0.976562,-0.549316,-5.859375
12902,-0.139282,-0.320801,1.029907,-0.061035,-0.549316,-6.652832
12913,0.076416,-0.158081,1.100708,-0.549316,-1.037598,-7.629395
12923,0.107422,-0.016602,1.031128,-1.098633,-2.441406,-8.422852
12932,-0.095337,0.130493,0.560913,-0.854492,-3.906250,-9.094238
12944,0.267578,-0.434692,1.170776,-0.610352,-0.793457,-8.178711
12954,0.188721,-0.313965,1.135010,-1.831055,0.671387,-7.446289
12964,-0.205078,-0.131714,1.092285,-2.197266,0.305176,-7.202148
12973,-0.080078,-0.279785,0.925171,-0.488281,-1.037598,-6.958008
12983,-0.089966,-0.283569,1.026001,0.610352,-1.464844,-7.507324
12992,-0.087646,-0.209473,0.981567,0.976562,-1.342773,-7.934570
13004,-0.189941,-0.210449,0.876709,-0.427246,0.061035,-7.019043
13013,-0.139893,-0.189209,0.930542,-0.671387,-0.122070,-7.202148
13023,-0.037231,-0.135498,1.046265,-0.976562,0.122070,-6.286621
13032,0.136108,-0.159790,1.064697,-0.793457,1.098633,-4.272461
13043,0.187622,-0.260376,1.106689,0.427246,1.342773,-2.502441
13052,0.179687,-0.199463,1.098877,0.122070,1.037598,-1.464844
13063,0.148560,-0.181641,0.986816,-0.183105,-0.122070,-1.281738
13075,0.075317,-0.095337,0.960937,-0.915527,-1.708984,-1.220703
13085,0.026489,-0.106934,0.942749,-0.976562,-1.708984,-0.610352
13094,0.010986,-0.196289,0.999390,-1.098633,-1.708984,-0.244141
13104,-0.002686,-0.195801,0.979126,-1.403809,-1.342773,-0.061035
13113,-0.010864,-0.129028,1.006226,-1.586914,-1.525879,-0.427246
13123,-0.074341,-0.101440,0.983032,-1.464844,-2.075195,-1.586914
13133,-0.079956,-0.165039,0.969360,-1.098633,-2.685547,-2.319336
13142,-0.067871,-0.156860,0.966675,-0.671387,-2.380371,-2.380371
13152,-0.015137,-0.155884,0.967529,-0.793457,-1.953125,0.671387
13162,-0.003540,-0.151855,0.971680,-0.305176,-1.770020,2.807617
13173,-0.049438,-0.215332,0.947144,-0.183105,-1.220703,5.249023
13183,-0.070801,-0.233276,0.945679,-0.488281,-0.793457,6.958008
13192,-0.082764,-0.155884,0.958862,-0.671387,-0.244141,7.507324
13203,-0.072266,-0.148926,1.013550,-0.427246,0.183105,7.202148
13212,-0.042114,-0.264893,1.052124,0.061035,-0.305176,6.164551
13224,0.036377,-0.236694,1.006104,-0.488281,-1.220703,4.028320
13234,0.006714,-0.185059,0.994995,-0.549316,-1.525879,3.967285
13243,-0.023071,-0.224365,0.970947,-0.061035,-1.586914,4.333496
13253,-0.030273,-0.264526,0.989014,-0.122070,-1.220703,5.004883
13262,-0.033447,-0.282837,0.969116,-0.488281,-1.098633,5.798340
13273,-0.044922,-0.182129,1.016357,-0.549316,-1.220703,6.469727
13283,-0.084839,-0.174316,0.988159,-0.244141,-0.854492,7.324219
13292,-0.102295,-0.219849,0.996094,0.000000,-0.488281,7.507324
13303,-0.139160,-0.279297,0.985107,-0.305176,0.061035,7.385254
13312,-0.127075,-0.226318,0.952148,-0.366211,0.122070,7.324219
13323,-0.078735,-0.215576,1.000366,-0.549316,0.488281,7.263184
13332,-0.104980,-0.250610,0.964355,-0.732422,0.732422,6.896973
13343,-0.080566,-0.184326,1.000610,-0.732422,0.427246,5.920410
13353,-0.105225,-0.288574,0.941162,-0.671387,0.305176,4.028320
13364,-0.079468,-0.282837,0.920654,-1.037598,0.244141,3.234863
13374,-0.037720,-0.219604,0.952271,-1.342773,0.488281,3.112793
13383,-0.037720,-0.288574,0.924438,-1.464844,0.488281,3.234863
13393,-0.013550,-0.295532,0.967529,-1.770020,0.488281,3.173828
13402,-0.009033,-0.273071,0.965210,-1.708984,0.488281,3.173828
13413,0.009277,-0.302124,0.991455,-1.586914,0.366211,3.051758
13422,0.000244,-0.327271,0.973267,-1.892090,0.122070,2.441406
13434,-0.052490,-0.316772,0.978760,-2.197266,-0.305176,1.586914
13443,-0.056396,-0.351440,0.950684,-2.258301,-0.122070,1.098633
13453,-0.075195,-0.287842,0.987183,-2.319336,0.366211,0.793457
13463,-0.055908,-0.301270,0.976562,-2.014160,0.305176,0.366211
13472,-0.034058,-0.328125,0.945435,-2.075195,1.037598,0.122070
13483,-0.017944,-0.273560,0.975220,-2.319336,0.549316,-0.244141
13493,0.000610,-0.300903,0.997803,-2.197266,0.610352,-1.525879
13504,-0.001709,-0.274658,0.998779,-2.197266,0.061035,-2.258301
13514,-0.000488,-0.327881,0.982666,-2.197266,-0.122070,-2.929688
13523,-0.001221,-0.325806,0.994995,-2.258301,-0.427246,-3.295898
13533,-0.020386,-0.296631,0.981689,-2.136230,-0.305176,-4.028320
13543,-0.013672,-0.352661,0.967285,-2.197266,-0.122070,-4.699707
13553,-0.009888,-0.321533,0.994385,-2.319336,-0.183105,-5.371094
13563,0.008911,-0.227661,1.010864,-2.258301,-0.244141,-5.859375
13572,0.020630,-0.282715,1.017212,-2.014160,-0.549316,-6.103516
13583,0.007813,-0.280273,1.007690,-2.014160,-0.976562,-6.042480
13592,0.019409,-0.244873,1.037354,-1.525879,-1.220703,-6.103516
13602,-0.001343,-0.221069,1.040283,-1.098633,-1.159668,-6.103516
13613,-0.027100,-0.284424,0.991821,-0.976562,-0.671387,-5.615234
13623,-0.054077,-0.304932,0.943115,-0.610352,-0.122070,-4.943848
13632,-0.072388,-0.237915,0.950806,-0.610352,0.305176,-4.333496
13644,-0.090820,-0.287354,0.977173,-0.549316,1.037598,-3.234863
13654,-0.095459,-0.287598,0.979736,-0.793457,1.159668,-2.929688
13663,-0.086548,-0.244019,0.988037,-0.732422,1.098633,-2.258301
13673,-0.088135,-0.167480,1.020508,-0.610352,1.159668,-1.586914
13682,-0.088013,-0.197510,1.011963,-0.549316,1.647949,-0.732422
13693,-0.093018,-0.151245,0.976685,-0.610352,1.831055,0.305176
13703,-0.081909,-0.211914,0.969116,-0.671387,2.136230,2.258301
13712,-0.087158,-0.217407,0.948608,-0.305176,3.417969,3.234863
13722,-0.104736,-0.239136,0.958984,-0.427246,4.150391,4.455566
13733,-0.115723,-0.175903,0.963135,-0.671387,4.577637,5.310059
13742,-0.126465,-0.208130,0.971313,-0.732422,5.187988,6.164551
13753,-0.136597,-0.166382,0.966309,-0.854492,5.371094,7.080078
13762,-0.142212,-0.185181,0.981079,-0.427246,6.164551,8.483887
13775,-0.107178,-0.172974,0.999390,-0.610352,6.469727,12.207031
13784,-0.089111,-0.115112,1.000366,-0.549316,7.812500,14.465332
13794,-0.117310,-0.095581,0.999268,-0.671387,8.544922,17.272949
13803,-0.116943,-0.159790,0.931030,-0.488281,9.033203,19.958496
13813,-0.140381,-0.141968,0.918213,-0.915527,8.911133,22.216797
13822,-0.122559,-0.149902,0.933350,-0.854492,9.460449,24.353027
13833,-0.140869,-0.122925,0.971191,-0.976562,10.253906,26.489258
13843,-0.164429,-0.165405,0.977051,-1.220703,10.620117,28.869629
13854,-0.216309,-0.184692,0.942139,-1.342773,11.962891,32.958984
13864,-0.182983,-0.179199,0.950195,-1.403809,12.573242,34.484863
13873,-0.164673,-0.172729,0.948975,-1.525879,12.939453,35.949707
13883,-0.169189,-0.198242,0.933472,-1.281738,13.854980,37.353516
13892,-0.179687,-0.056152,0.979614,-1.708984,14.099121,38.574219
13903,-0.147827,-0.137573,0.962402,-1.953125,14.099121,39.489746
13912,-0.118164,-0.150269,0.953369,-2.380371,14.038086,40.039062
13924,-0.042480,-0.070679,0.982666,-2.746582,13.488770,40.527344
13934,-0.009033,-0.102905,0.995972,-2.868652,12.939453,40.588379
13943,0.000244,-0.031860,1.009644,-2.868652,12.695313,40.466309
13953,0.010376,-0.031372,1.015259,-2.868652,12.084961,40.222168
13962,0.024658,-0.076782,1.006836,-2.868652,11.718750,39.550781
13972,0.029541,-0.076782,0.989868,-2.929688,10.986328,38.574219
13984,0.041992,-0.155029,1.008789,-2.685547,9.521484,35.766602
13993,0.076904,-0.124268,1.067139,-2.319336,8.483887,34.790039
14003,0.115234,-0.098389,1.050781,-2.197266,7.507324,34.057617
14013,-0.017090,-0.066040,1.022949,-1.953125,6.408691,33.813477
14022,0.074829,-0.084717,0.968872,-1.708984,5.737305,33.325195
14033,0.107300,-0.155762,0.953491,-1.464844,5.676270,33.203125
14042,0.101440,-0.236328,0.981201,-1.098633,5.615234,33.142090
14052,0.101074,-0.138306,1.000610,-1.281738,5.371094,32.470703
14064,0.041626,-0.154053,1.005737,-0.549316,4.455566,30.151367
14073,0.014038,-0.214600,1.028809,-0.305176,3.540039,28.137207
14083,0.032227,-0.217773,1.008545,-0.366211,2.502441,25.878906
14092,-0.000610,-0.164429,0.996704,-0.610352,1.892090,23.437500
14103,0.031006,-0.241333,1.001831,-0.305176,1.220703,21.118164
14112,0.050903,-0.212891,0.977417,0.183105,0.732422,18.676758
14122,0.099243,-0.293457,0.978516,0.244141,0.122070,16.906738
14134,0.145142,-0.224854,0.955078,0.061035,-1.892090,13.916016
14143,0.123413,-0.115479,0.986572,0.122070,-2.502441,12.573242
14152,0.086304,-0.132812,1.027954,0.000000,-2.929688,11.352539
14163,0.075928,-0.164795,1.020386,0.122070,-3.173828,9.643555
14172,0.020996,-0.212402,1.008057,0.000000,-3.295898,7.995605
14183,0.033203,-0.171753,1.031860,-0.244141,-3.051758,5.737305
14192,0.027100,-0.112915,1.028931,-0.915527,-3.723145,3.051758
14204,0.132812,-0.071167,1.033325,-1.098633,-5.126953,-2.258301
14213,0.157593,-0.105957,1.023438,-1.342773,-6.103516,-4.638672
14223,0.180298,-0.069214,1.032593,-1.647949,-7.080078,-6.652832
14232,0.155273,-0.115479,1.027710,-1.708984,-7.385254,-8.178711
14243,0.181396,-0.118774,1.020874,-1.831055,-7.690430,-9.460449
14253,0.186768,-0.141113,1.005005,-1.586914,-8.117676,-11.108398
14263,0.210449,-0.125977,1.006348,-1.586914,-9.216309,-14.465332
14272,0.168457,-0.128296,1.047485,-1.220703,-9.521484,-16.357422
14282,0.151733,-0.156128,0.996582,-1.281738,-10.498047,-18.310547
14293,0.168701,-0.182251,1.003174,-1.464844,-10.925293,-19.958496
14302,0.110352,-0.179443,0.963501,-1.464844,-11.047363,-21.667480
14312,0.123047,-0.189941,0.977661,-1.586914,-10.559082,-23.193359
14323,0.104492,-0.162231,0.954712,-1.770020,-10.498047,-24.291992
14332,0.098267,-0.215698,0.925171,-2.136230,-10.498047,-25.146484
14342,0.081665,-0.186768,0.965454,-2.075195,-10.986328,-26.489258
14353,0.020996,-0.215210,1.005249,-1.831055,-10.620117,-27.099609
14363,0.014893,-0.292603,0.988403,-1.464844,-10.070801,-27.038574
14372,0.028198,-0.305298,0.927246,-1.159668,-9.277344,-26.733398
14383,0.045532,-0.277954,0.938843,-0.976562,-9.277344,-26.245117
14393,0.045410,-0.239014,0.929443,-1.037598,-8.728027,-25.512695
14402,0.057739,-0.217896,0.936768,-0.915527,-7.995605,-24.780273
14414,-0.004883,-0.244507,0.974243,-1.037598,-6.835937,-22.521973
14424,-0.023926,-0.212036,0.980103,-1.220703,-6.652832,-21.423340
14433,-0.042603,-0.163208,0.960571,-1.281738,-5.859375,-19.836426
14443,-0.035400,-0.204834,0.947266,-1.037598,-4.394531,-18.127441
14452,-0.062500,-0.182373,0.941040,-1.037598,-3.540039,-16.601562
14463,-0.058594,-0.218872,0.934692,-1.037598,-2.868652,-15.380859
14473,-0.072876,-0.203613,0.946777,-1.098633,-2.319336,-13.305664
14482,-0.075928,-0.222900,0.959351,-1.220703,-1.098633,-11.901855
14492,-0.039551,-0.239502,0.908691,-1.037598,-0.122070,-10.314941
14503,-0.010864,-0.219482,0.924316,-1.159668,0.488281,-9.094238
14513,-0.012573,-0.211670,0.986206,-1.281738,1.037598,-7.995605
14522,-0.017944,-0.178223,1.011108,-1.342773,1.159668,-7.507324
14533,-0.051270,-0.174805,1.047363,-1.464844,0.854492,-6.896973
14543,-0.061646,-0.149292,1.036377,-1.464844,2.014160,-5.249023
14554,-0.015625,-0.171631,0.993164,-0.671387,2.563477,-3.845215
14564,-0.003540,-0.219849,0.928467,-0.610352,2.746582,-2.502441
14573,0.007813,-0.223877,0.912231,-0.732422,3.173828,-1.342773
14583,0.028198,-0.228882,0.920410,-1.098633,3.234863,0.000000
14592,0.023193,-0.206177,0.965820,-1.525879,2.746582,0.793457
14603,0.043335,-0.211426,0.960327,-1.708984,3.051758,1.831055
14612,0.012573,-0.209595,0.939209,-1.770020,3.295898,2.441406
14624,0.001465,-0.250732,0.937134,-1.953125,3.479004,3.967285
14633,-0.006592,-0.183960,0.971436,-2.258301,3.540039,4.333496
14643,-0.024536,-0.246704,0.963989,-2.319336,3.479004,4.394531
14652,-0.018433,-0.239868,0.947876,-2.685547,3.356934,4.516602
14663,0.036987,-0.200684,0.970581,-2.929688,3.417969,4.394531
14673,0.054932,-0.251709,0.972778,-2.990723,3.051758,4.272461
14682,0.079712,-0.219971,0.996338,-2.929688,2.929688,4.516602
14693,0.077881,-0.183105,0.986084,-3.112793,2.258301,3.540039
14703,0.076050,-0.223389,1.012573,-2.502441,2.014160,2.746582
14712,0.088379,-0.150146,1.099854,-2.441406,1.403809,1.892090
14723,0.094971,-0.240479,1.041992,-2.197266,0.976562,0.671387
14732,0.098389,-0.221313,0.987427,-2.380371,0.183105,-1.220703
14743,0.104858,-0.144287,1.013550,-2.075195,-0.549316,-2.929688
14752,0.123779,-0.203735,1.035889,-2.014160,-0.976562,-4.760742
14764,0.143433,-0.204102,1.010864,-2.441406,-2.441406,-7.934570
14773,0.136353,-0.107544,1.007690,-2.502441,-3.356934,-9.216309
14783,0.128784,-0.200684,0.968262,-2.380371,-3.295898,-10.742188
14793,0.129883,-0.127930,1.088013,-2.380371,-3.967285,-12.084961
14802,0.120972,-0.124756,1.072510,-2.136230,-4.089355,-13.793945
14813,0.144897,-0.213989,0.975098,-1.831055,-4.699707,-15.747070
14823,0.169800,-0.250732,0.915405,-2.075195,-6.164551,-18.920898
14832,0.179687,-0.137817,0.940063,-3.173828,-6.530762,-19.714355
14842,0.097534,-0.167358,0.883057,-2.746582,-6.225586,-19.714355
14853,0.085327,-0.210327,0.856934,-3.234863,-5.432129,-19.287109
14863,0.070068,-0.085327,0.929810,-4.028320,-4.699707,-18.737793
14872,0.043945,-0.009521,0.972534,-4.516602,-4.150391,-18.554687
14883,0.039795,-0.101196,0.978638,-4.150391,-4.150391,-18.676758
14893,0.041748,-0.110596,0.981201,-3.967285,-4.150391,-19.348145
14902,0.047485,-0.055786,1.021484,-4.211426,-4.333496,-19.775391
14913,-0.010864,-0.074097,0.974854,-4.394531,-4.699707,-19.531250
14923,-0.005493,-0.034058,1.015015,-3.906250,-4.211426,-18.798828
14933,0.040405,-0.049316,1.018311,-3.540039,-3.356934,-17.272949
14942,-0.031982,-0.068115,1.003296,-2.990723,-2.319336,-15.258789
14953,-0.027466,-0.072632,1.025879,-2.441406,-1.037598,-13.000488
14963,-0.025269,-0.157715,1.063965,-1.831055,0.244141,-8.422852
14973,-0.086548,-0.163940,1.036377,-1.464844,0.732422,-6.591797
14984,-0.100708,-0.234619,0.924805,-1.098633,0.854492,-4.882812
14993,-0.055298,-0.152100,0.887451,-0.976562,1.770020,-3.051758
15003,-0.065430,-0.135254,0.840088,-1.281738,2.014160,-0.793457
15012,-0.052856,-0.174316,0.844116,-1.892090,2.624512,1.586914
15023,-0.094238,-0.144653,0.906128,-2.258301,3.601074,4.455566
15033,-0.032959,-0.084839,0.994385,-2.929688,5.249023,10.070801
15044,-0.090942,-0.013428,1.041138,-3.356934,6.347656,12.817383
15054,-0.084351,-0.003540,1.079834,-2.990723,7.263184,15.258789
15064,-0.120483,-0.072632,1.047852,-2.685547,7.507324,16.845703
15073,-0.152100,-0.117920,1.035156,-2.563477,7.080078,18.005371
15083,-0.184448,-0.082642,0.989746,-2.807617,6.896973,19.104004
15093,-0.156128,-0.098267,0.943848,-2.380371,7.507324,20.568848
15102,-0.130371,-0.124756,0.941528,-2.136230,8.300781,22.216797
15114,-0.043213,-0.093750,0.999146,-2.014160,7.690430,25.573730
15123,-0.006958,-0.141235,0.978882,-2.014160,7.873535,27.404785
15133,-0.023926,-0.101440,0.952393,-1.953125,7.995605,29.418945
15142,-0.031128,-0.053345,0.951172,-1.953125,8.178711,31.066895
15153,-0.047607,-0.130737,1.014404,-1.647949,8.178711,32.409668
15163,-0.058594,-0.196167,1.007568,-1.403809,7.690430,33.081055
15173,-0.075439,-0.183960,0.949463,-2.197266,7.141113,33.142090
15182,-0.041748,-0.182129,0.957275,-2.563477,6.347656,32.775879
15193,-0.008301,-0.137329,1.082642,-2.685547,5.432129,31.982422
15202,0.006226,-0.102295,1.069092,-2.563477,4.638672,31.616211
15213,0.011597,-0.138550,1.005005,-2.380371,4.333496,31.738281
15222,0.057495,-0.183594,0.967651,-1.953125,4.089355,31.799316
15233,0.084106,-0.228516,0.936157,-2.136230,3.845215,31.372070
15245,0.102417,-0.181763,0.982056,-3.112793,1.281738,29.052734
15255,0.091064,-0.094116,1.065063,-3.662109,0.061035,26.977539
15264,0.058838,-0.130981,1.075928,-3.417969,-0.732422,24.230957
15274,0.078003,-0.215942,1.008911,-3.234863,-2.319336,20.996094
15283,0.055054,-0.245850,0.932373,-3.356934,-3.417969,17.456055
15293,0.094971,-0.278198,0.933472,-3.967285,-4.760742,13.732910
15303,0.091187,-0.112305,0.987671,-4.211426,-5.126953,11.413574
15315,0.123169,-0.210083,0.991089,-2.624512,-6.347656,7.202148
15325,0.098145,-0.317017,1.001343,-1.953125,-7.690430,5.615234
15334,0.023071,-0.329224,0.945557,-2.441406,-8.666992,3.906250
15344,0.044556,-0.239624,0.986450,-2.624512,-8.117676,2.624512
15353,0.053467,-0.144043,1.021118,-2.014160,-7.873535,2.014160
15363,0.018555,-0.240234,0.941406,-0.854492,-8.117676,1.647949
15372,-0.003540,-0.317139,0.948364,-0.976562,-8.483887,1.403809
15385,-0.027222,-0.249390,0.988525,-2.136230,-8.117676,1.342773
15395,-0.010864,-0.195068,0.985718,-2.380371,-8.422852,1.220703
15404,0.026367,-0.190063,0.975220,-2.075195,-8.178711,0.915527
15414,-0.032471,-0.239014,0.932495,-1.770020,-7.873535,0.549316
15423,-0.041382,-0.257690,1.003296,-1.892090,-7.263184,-0.244141
15433,-0.081055,-0.195312,1.017090,-2.136230,-7.141113,-1.159668
15443,-0.062378,-0.113892,1.106201,-1.708984,-7.202148,-1.892090
15453,-0.092773,-0.154663,1.044312,-1.098633,-7.080078,-1.831055
15464,-0.060425,-0.263550,0.976074,-0.305176,-6.347656,-1.342773
15474,-0.034790,-0.228638,0.997437,-0.732422,-5.737305,-0.671387
15484,-0.035278,-0.180542,0.979004,-1.098633,-5.615234,-0.366211
15493,-0.034668,-0.267578,0.971802,-1.220703,-5.371094,-0.061035
15503,-0.069214,-0.203979,0.880005,-1.403809,-4.272461,0.549316
15513,-0.139282,-0.187134,0.907471,-1.831055,-2.990723,1.892090
15523,-0.160767,-0.231445,0.865845,-3.112793,-0.427246,3.845215
15533,-0.123779,-0.125000,1.098999,-3.540039,-1.525879,1.708984
15543,-0.090332,-0.099121,1.154053,-3.356934,-2.075195,-1.708984
15553,0.030029,-0.050415,1.147705,-2.441406,-3.234863,-5.371094
15563,0.087769,-0.058105,1.153809,-1.403809,-3.601074,-7.141113
15573,0.037598,-0.063232,1.056274,-0.610352,-3.784180,-7.690430
15582,-0.014404,-0.090942,0.954590,-0.305176,-3.662109,-7.202148
15595,-0.077759,-0.015991,0.955811,-0.122070,-0.244141,-2.319336
15605,-0.107300,-0.017944,1.014648,-0.244141,0.427246,0.549316
15615,-0.156616,0.000977,1.062134,-0.244141,0.427246,3.112793
15624,-0.199463,0.042847,1.021240,0.000000,1.220703,4.821777
15634,-0.160522,-0.068115,0.969971,0.122070,2.380371,5.554199
15643,-0.106689,-0.071777,0.944580,-0.183105,2.136230,5.126953
15653,-0.019409,0.033569,1.037964,-0.427246,1.953125,4.272461
15665,0.028931,-0.060913,0.999146,0.305176,0.732422,2.990723
15675,0.069580,-0.074219,1.071167,0.732422,1.281738,3.051758
15684,0.072876,-0.051392,1.065063,1.159668,0.976562,3.234863
15694,0.024536,-0.175049,1.012573,2.014160,1.159668,2.929688
15703,0.000000,-0.372925,0.826904,2.807617,0.793457,1.831055
15713,-0.053955,-0.257813,0.937134,2.563477,1.220703,0.488281
15724,-0.036865,-0.159546,0.976196,2.014160,0.793457,-0.854492
15733,-0.054565,-0.251343,0.924438,2.075195,0.427246,-2.990723
15744,0.013672,-0.254517,0.990845,1.525879,-0.427246,-4.699707
15754,0.034424,-0.238037,0.921997,1.281738,-0.915527,-6.347656
15764,0.061890,-0.282715,0.946289,0.976562,-1.098633,-7.263184
15773,0.102295,-0.179199,0.991333,0.793457,-0.061035,-7.995605
15783,0.071045,-0.135498,1.065796,0.427246,-0.305176,-9.094238
15793,0.038330,-0.088867,1.039185,0.366211,-1.037598,-10.681152
15805,0.123291,-0.117432,0.974365,0.305176,-0.793457,-13.610840
15815,0.118408,-0.093262,0.883667,0.183105,-1.342773,-14.831543
15825,0.116699,-0.137329,0.907959,-0.854492,-2.014160,-15.502930
15834,0.078125,-0.060303,0.900757,-1.831055,-1.953125,-15.014648
15844,0.088867,-0.057739,0.978638,-2.380371,-1.403809,-13.671875
15854,0.071899,-0.068970,0.921021,-2.929688,-0.610352,-12.390137
15863,0.053101,-0.067261,1.015869,-3.295898,-0.366211,-10.681152
15873,0.010620,-0.020996,1.073120,-2.929688,0.061035,-8.300781
15883,0.007568,-0.073975,0.981689,-2.685547,0.305176,-7.568359
15893,0.027588,-0.215210,0.910400,-2.746582,0.122070,-6.835937
15903,-0.006470,-0.180420,0.972168,-2.990723,0.366211,-6.347656
15913,-0.042236,-0.142212,0.995850,-3.112793,0.549316,-5.615234
15923,-0.068115,-0.114746,1.022217,-2.258301,0.976562,-4.577637
15933,-0.028564,-0.199219,1.000000,-1.770020,1.770020,-3.356934
15945,-0.022217,-0.247070,0.999390,-1.770020,1.892090,-2.258301
15954,-0.070435,-0.063721,1.037720,-3.112793,2.075195,0.000000
15964,-0.075562,-0.053345,1.025269,-2.868652,2.929688,1.220703
15974,-0.033325,-0.011719,1.136597,-2.319336,4.211426,2.258301
15983,0.009521,-0.062744,1.103027,-1.647949,4.882812,3.295898
15993,-0.044189,-0.082397,1.131714,-1.098633,4.638672,3.967285
16004,-0.057251,-0.138672,1.092651,-0.793457,4.333496,3.906250
16013,-0.036011,-0.132446,0.978882,-0.488281,3.967285,3.356934
16025,-0.040771,-0.203979,1.045776,-0.671387,3.723145,3.356934
16034,-0.036621,-0.172729,1.038818,-0.854492,3.601074,2.868652
16043,-0.057007,-0.152954,1.052734,-0.854492,3.295898,2.014160
16053,-0.102783,-0.237061,0.973877,-0.976562,2.990723,1.586914
16063,-0.092163,-0.270264,0.953613,-1.220703,3.967285,1.770020
16073,-0.032715,-0.189941,1.004028,-1.403809,5.432129,2.746582
16083,-0.030762,-0.191895,0.913452,-2.319336,4.943848,5.249023
16094,0.028564,-0.208740,1.014648,-2.014160,5.249023,5.310059
16104,0.045288,-0.225464,0.970825,-2.075195,4.821777,4.516602
16113,0.029907,-0.328613,0.996582,-1.831055,4.333496,2.502441
16123,0.063110,-0.157593,1.057739,-1.892090,3.784180,-0.061035
16133,0.095703,-0.220093,0.873779,-1.403809,2.929688,-2.624512
16143,0.149292,-0.309082,0.849731,-1.586914,2.624512,-4.333496
16155,0.189087,-0.189331,0.870605,-2.075195,2.441406,-6.835937
16164,0.190430,-0.133301,0.932983,-2.502441,0.793457,-7.629395
16174,0.219971,-0.183350,0.920532,-2.319336,0.427246,-8.239746
16183,0.214966,-0.241211,0.894165,-2.502441,0.122070,-8.544922
16194,0.197510,-0.053345,0.964478,-2.990723,-0.732422,-8.300781
16203,0.162720,-0.086182,0.941772,-2.746582,-1.159668,-8.178711
16213,0.128784,-0.102539,0.996826,-2.136230,-0.793457,-7.812500
16224,0.099365,-0.192383,0.968384,-0.976562,-0.732422,-7.080078
16234,0.113281,-0.103638,1.020874,-0.061035,-0.976562,-4.943848
16243,0.100098,-0.110229,1.063477,0.183105,-1.525879,-3.234863
16253,0.044434,-0.028076,1.095215,0.610352,-1.586914,-0.976562
16263,0.026245,-0.150146,1.017090,1.403809,-0.854492,1.281738
16273,-0.047607,-0.055298,1.069580,1.403809,-0.305176,2.990723
16283,-0.073120,-0.135986,1.056885,1.647949,0.122070,4.211426
16293,-0.111816,-0.037109,1.111206,1.342773,0.427246,5.554199
16304,-0.140991,-0.034546,1.004639,1.281738,0.976562,5.615234
16314,-0.174927,-0.017090,0.968384,1.159668,1.525879,5.432129
16323,-0.085449,-0.063965,1.005981,0.976562,1.892090,5.310059
16333,-0.146362,-0.059082,0.977173,0.915527,2.197266,5.004883
16344,-0.067871,-0.172485,0.981812,0.549316,2.624512,4.821777
16353,0.009277,-0.094971,1.035156,0.427246,3.051758,5.004883
16365,0.061035,-0.138794,1.103027,-0.976562,3.479004,5.737305
16375,0.077271,-0.149048,0.982910,-1.647949,3.234863,6.286621
16384,0.124023,-0.210815,0.914307,-2.258301,2.563477,6.652832
16393,0.100708,-0.039063,1.027832,-3.295898,2.014160,6.958008
16403,0.029053,-0.069336,0.918945,-3.662109,1.464844,7.446289
16413,-0.023804,-0.177490,0.905029,-3.967285,1.525879,8.483887
16423,-0.029419,0.014648,1.008911,-4.333496,2.380371,8.972168
16433,-0.019165,-0.057251,1.028442,-4.272461,2.136230,9.765625
16444,-0.033813,-0.053711,1.006226,-3.479004,2.197266,10.253906
16454,-0.062378,-0.074951,1.016602,-2.868652,1.770020,10.314941
16463,-0.014160,-0.061768,1.046997,-2.502441,1.953125,10.498047
16473,0.011353,-0.149902,1.001953,-1.892090,1.647949,10.803223
16483,0.053345,-0.088501,1.011475,-1.647949,1.403809,10.742188
16493,0.022949,-0.113403,0.958496,-1.586914,0.976562,10.986328
16505,0.011230,-0.103638,0.966064,-0.793457,1.342773,11.169434
16515,-0.030762,-0.158081,0.973145,-0.122070,1.098633,11.413574
16524,-0.023560,-0.239258,0.810059,0.366211,1.159668,11.230469
16534,-0.044800,-0.389404,0.808594,0.244141,0.488281,11.718750
16543,-0.017700,-0.257813,0.800781,-0.732422,0.610352,12.023926
16553,0.001587,-0.139648,0.870361,-1.770020,0.732422,12.390137
16563,0.028320,-0.079468,0.850098,-2.441406,0.122070,13.427734
16573,0.013306,-0.055542,1.033691,-2.258301,-0.305176,15.747070
16584,0.024414,-0.191406,1.089478,-1.281738,0.061035,16.723633
16594,0.037231,-0.245483,1.034790,-1.403809,-0.305176,16.967773
16604,-0.011963,-0.231567,0.985840,-1.892090,0.000000,16.662598
16613,-0.047974,-0.148926,1.012695,-2.136230,-0.427246,16.052246
16623,-0.023560,-0.199219,0.958008,-2.258301,-0.854492,14.404297
16634,-0.008667,-0.177612,1.047241,-2.441406,-1.708984,12.634277
16643,0.030273,-0.226440,0.954224,-3.173828,-2.929688,9.765625
16653,0.033691,-0.140259,1.008057,-3.479004,-3.051758,8.850098
16663,0.078735,-0.072510,1.105469,-3.967285,-3.662109,7.934570
16673,0.049072,-0.115479,1.050171,-3.906250,-3.906250,7.141113
16684,0.036499,-0.140015,0.997314,-3.662109,-4.516602,6.042480
16693,0.003662,-0.132080,1.053467,-3.784180,-4.943848,4.943848
16703,0.075195,-0.202026,1.038696,-3.845215,-5.004883,3.845215
16713,0.056885,-0.121948,1.044922,-4.516602,-5.371094,1.464844
16724,0.015259,-0.096313,1.014893,-4.333496,-5.798340,0.488281
16734,0.043091,-0.175415,0.970825,-4.333496,-6.286621,-0.427246
16743,0.031128,-0.194946,0.949463,-4.150391,-6.286621,-0.915527
16753,-0.016846,-0.084229,0.918335,-3.784180,-5.798340,-0.915527
16763,-0.081665,-0.160400,0.905518,-3.540039,-5.432129,-0.671387
16774,-0.078857,-0.189209,0.961304,-3.356934,-4.516602,-0.305176
16783,-0.130615,-0.258301,0.919067,-3.601074,-4.211426,-0.854492
16795,-0.139648,-0.195557,0.958740,-3.051758,-3.417969,-0.732422
16804,-0.097168,-0.102783,1.018677,-2.868652,-2.990723,-0.610352
16814,-0.096558,-0.226196,0.911377,-2.868652,-2.380371,-0.793457
16824,-0.086304,-0.009277,1.019165,-3.234863,-1.831055,-0.976562
16833,-0.088623,-0.121582,0.992187,-3.173828,-1.525879,-1.159668
16843,-0.119873,-0.054687,1.032471,-2.929688,-0.244141,-1.159668
16853,-0.096069,-0.157715,0.930542,-2.990723,0.000000,-1.708984
16865,-0.061890,-0.040039,0.959473,-2.929688,0.671387,-1.892090
16874,-0.036011,0.043213,1.005249,-3.112793,0.854492,-1.586914
16884,-0.025269,-0.038208,1.018311,-2.502441,1.281738,-1.098633
16893,-0.021240,-0.034424,1.062134,-1.953125,1.037598,-1.037598
16903,-0.046021,-0.031372,1.012085,-1.403809,1.464844,-0.854492
16913,0.020264,-0.054077,0.968628,-0.976562,2.258301,-0.122070
16925,0.100830,-0.226196,0.928467,-0.671387,2.258301,0.183105
16934,0.088745,0.017456,1.009644,-1.342773,1.098633,0.122070
16943,0.092285,-0.058228,0.883545,-1.708984,0.854492,0.122070
16953,0.098022,-0.035156,0.918335,-1.770020,0.305176,0.183105
16963,0.090698,-0.135376,0.901733,-1.770020,0.427246,0.488281
16974,0.061401,-0.113281,0.976807,-2.075195,0.488281,0.549316
16983,-0.035034,-0.104736,0.980713,-2.746582,0.732422,0.793457
16993,-0.038330,-0.167603,1.025391,-2.868652,0.671387,0.610352
17004,-0.015991,-0.155273,1.111694,-2.075195,0.427246,0.061035
17014,-0.117432,-0.158691,0.992554,-1.586914,0.915527,-0.122070
17024,-0.144897,-0.073853,1.182007,-1.281738,1.037598,0.244141
17033,-0.069824,-0.223633,1.141846,-0.305176,2.136230,-0.183105
17043,-0.057983,-0.171143,1.066650,0.183105,2.136230,-0.793457
17053,-0.143555,-0.179687,0.952759,0.488281,2.380371,-1.586914
17065,-0.085937,-0.250854,0.918823,1.525879,4.211426,-1.525879
17075,-0.061157,-0.208740,0.877441,1.342773,3.967285,-2.807617
17085,0.003662,-0.137817,0.868774,0.671387,3.662109,-3.845215
17095,0.107544,-0.172485,0.875610,-0.122070,3.173828,-4.211426
17105,0.200317,-0.141846,0.873047,-1.037598,2.441406,-4.211426
17114,0.211792,-0.152344,0.905518,-1.525879,3.112793,-4.028320
17124,0.177246,-0.023315,1.022339,-2.258301,1.586914,-4.882812
17133,0.140259,-0.125854,0.944458,-2.258301,1.647949,-5.859375
17143,0.065918,-0.225464,1.030396,-1.831055,1.770020,-6.347656
17154,-0.014282,-0.122437,1.016235,-1.831055,1.403809,-6.530762
17163,-0.028931,-0.168701,0.926392,-1.586914,1.464844,-6.591797
17173,-0.024536,-0.147461,0.965820,-1.586914,2.136230,-5.859375
17183,-0.065796,-0.212646,0.908325,-1.708984,2.990723,-3.784180
17193,-0.069946,-0.101929,1.028076,-1.770020,4.577637,-1.586914
17205,-0.020874,-0.057129,0.940918,-1.708984,6.042480,3.173828
17214,-0.031616,-0.170166,1.060669,-1.403809,5.920410,4.577637
17224,-0.012695,-0.125977,1.103516,-1.098633,6.042480,5.859375
17233,-0.043701,-0.106323,1.079956,-0.610352,6.530762,6.835937
17243,-0.033081,-0.244385,0.930420,-0.244141,5.981445,6.958008
17254,-0.016113,-0.254517,0.934937,0.000000,6.042480,7.202148
17263,0.007935,-0.299561,0.928101,-0.610352,5.493164,8.056641
17275,0.037231,-0.092407,0.971924,-1.770020,5.737305,9.643555
17285,0.028564,-0.000244,1.069458,-1.403809,6.347656,10.192871
17294,-0.003052,-0.217407,0.995117,-0.610352,6.652832,10.620117
17304,-0.010254,-0.091919,1.111694,-0.732422,6.042480,10.131836
17313,0.001587,-0.143433,1.030029,-0.305176,6.164551,9.033203
17323,-0.015259,-0.123535,1.006958,-0.122070,5.554199,7.934570
17333,0.027466,-0.081909,1.064697,0.244141,5.798340,7.324219
17345,0.113281,-0.204468,0.940430,0.549316,3.845215,5.187988
17354,0.116699,-0.427246,0.824585,-0.061035,3.417969,4.272461
17363,0.145142,-0.271118,0.880005,-1.647949,2.929688,3.356934
17373,0.167603,-0.157349,0.886353,-3.295898,2.380371,2.746582
17383,0.189575,0.002319,0.998535,-4.272461,2.258301,1.892090
17393,0.181641,-0.115845,0.999390,-4.272461,1.647949,1.342773
17405,0.151855,-0.030396,1.112305,-3.479004,0.488281,-0.427246
17414,0.125244,-0.076904,1.064697,-3.173828,-0.122070,-1.342773
17424,0.099609,-0.054321,1.074951,-2.624512,-0.244141,-1.281738
17433,0.120239,-0.140137,0.965332,-1.831055,-0.854492,-0.427246
17443,0.137085,-0.098389,1.011597,-0.976562,-0.488281,0.915527
17454,0.142578,-0.234863,0.826904,-0.854492,-0.183105,3.112793
17463,0.116089,-0.020386,1.010254,-1.098633,-0.061035,5.493164
17475,0.104492,-0.166870,0.953125,-1.770020,0.244141,9.155273
17484,-0.001099,0.094727,1.105225,-1.708984,0.244141,10.070801
17495,-0.039063,-0.087524,1.008179,-1.159668,0.000000,10.131836
17504,-0.070923,0.086914,1.093506,-0.366211,-0.122070,10.131836
17514,-0.112061,-0.172119,0.968872,0.244141,-0.305176,10.192871
17523,-0.087280,-0.015991,0.981201,0.061035,0.183105,10.437012
17534,-0.053223,-0.106079,0.986694,0.305176,0.549316,11.047363
17543,-0.069092,-0.184570,0.919678,0.366211,0.732422,11.474609
17553,-0.045044,-0.106445,0.981323,-0.183105,0.976562,12.084961
17564,-0.038452,-0.057251,1.050171,-0.366211,1.403809,11.779785
17573,0.015503,-0.216919,0.948242,-0.305176,1.159668,11.108398
17583,-0.002319,-0.111206,1.045532,0.000000,0.793457,10.009766
17594,0.079956,-0.193726,0.987671,0.488281,0.427246,9.338379
17603,0.126465,-0.167603,0.944946,0.671387,-0.549316,8.850098
17615,0.137573,-0.172729,1.000244,-0.061035,-1.770020,8.605957
17624,0.154175,-0.038330,1.035034,-1.037598,-2.319336,8.789063
17634,0.136841,-0.184692,1.003540,-1.403809,-2.319336,9.094238
17643,0.062866,0.027710,1.049072,-1.708984,-2.441406,9.399414
17653,0.081055,-0.053955,1.068481,-1.708984,-2.563477,9.094238
17664,0.004761,-0.152710,0.964844,-1.708984,-3.234863,8.483887
17673,0.039551,-0.001465,1.116455,-1.892090,-3.173828,8.300781
17683,-0.041138,-0.266724,0.960205,-1.708984,-3.173828,8.422852
17693,-0.040527,0.031250,1.029907,-1.708984,-1.953125,9.216309
17704,-0.066772,-0.099976,0.923462,-1.037598,-1.953125,10.253906
17714,-0.049561,-0.105835,1.025879,-0.427246,-1.159668,11.291504
17724,-0.050781,-0.355347,0.887695,-0.366211,-1.037598,12.084961
17733,-0.059448,-0.180054,0.945923,-0.732422,-1.098633,12.878418
17743,-0.044678,-0.161377,0.893555,-0.976562,-1.464844,13.183594
17754,-0.026367,-0.113770,0.996948,-1.647949,-2.136230,11.901855
17764,0.005981,-0.130371,1.010376,-1.159668,-2.380371,10.559082
17775,-0.015259,-0.102661,1.114990,-0.854492,-2.868652,9.704590
17784,-0.008911,-0.340942,0.936279,-0.244141,-2.868652,8.666992
17794,0.021240,-0.096313,0.976440,-0.671387,-3.112793,7.934570
17803,0.031860,-0.088623,1.006226,-1.098633,-2.746582,7.873535
17813,-0.004639,-0.263184,0.903687,-1.098633,-2.685547,7.934570
17825,0.075073,0.026489,1.104126,-0.915527,-2.441406,7.690430
17834,0.092773,-0.222900,0.927246,-1.098633,-3.051758,6.652832
17845,0.074463,-0.012207,1.063965,-1.464844,-3.662109,5.554199
17854,0.007324,-0.310913,0.868530,-1.708984,-4.516602,4.943848
17864,-0.018311,-0.043945,1.025391,-2.136230,-4.699707,4.333496
17873,-0.070068,-0.098755,1.067505,-1.892090,-4.333496,4.089355
17883,-0.120728,-0.292480,1.018921,-1.403809,-3.723145,4.211426
17895,-0.077026,-0.068726,1.133789,-1.159668,-3.234863,3.051758
17904,-0.082764,-0.172974,1.028076,-0.610352,-2.929688,2.441406
17914,-0.094116,-0.123047,1.032715,0.000000,-2.929688,2.197266
17923,0.010864,-0.261841,0.949707,0.122070,-2.136230,1.770020
17934,-0.072510,-0.083496,0.965210,-0.305176,-1.647949,2.014160
17943,-0.009277,-0.089600,1.088501,-0.427246,-1.220703,2.380371
17954,-0.101563,-0.206177,0.979126,-0.305176,-0.305176,2.746582
17963,-0.028320,0.009521,1.072632,-0.183105,0.366211,2.929688
17974,-0.028931,-0.128174,1.029785,-0.122070,0.427246,2.624512
17984,-0.016724,0.015137,1.115723,0.488281,0.915527,2.319336
17993,0.025391,-0.046875,1.109619,1.037598,0.671387,2.014160
18004,0.001709,-0.208496,0.911865,1.159668,-0.183105,1.098633
18014,0.010254,0.063354,0.986328,1.159668,-0.671387,0.427246
18023,0.030518,-0.105957,0.950806,1.342773,-0.732422,0.366211
18036,0.008911,0.179810,1.050415,0.366211,0.732422,1.220703
18045,0.042847,-0.101440,1.003906,0.671387,1.464844,1.220703
18054,0.009399,-0.166748,0.926025,0.854492,1.770020,0.976562
18063,0.051392,0.021484,1.049438,1.098633,1.159668,-0.122070
18074,0.031128,-0.306763,0.851318,1.220703,0.122070,-1.464844
18083,0.065430,-0.043335,0.953979,0.793457,-0.061035,-2.380371
18094,0.059937,-0.167725,0.892090,0.671387,0.000000,-2.624512
18103,0.041016,-0.261108,0.827393,0.610352,0.488281,-2.807617
18115,0.068726,-0.277100,0.766479,-1.159668,0.549316,-1.586914
18124,0.056030,-0.185913,0.810791,-2.136230,0.366211,-1.220703
18134,-0.000732,-0.231934,0.823120,-3.173828,0.427246,-0.610352
18143,0.005371,0.011841,0.998291,-4.272461,0.793457,0.549316
18154,-0.011719,-0.049194,1.087158,-3.967285,1.647949,0.976562
18163,-0.065796,-0.181519,1.046509,-3.051758,1.770020,0.854492
18175,-0.136597,-0.016846,1.086914,-1.586914,2.868652,0.366211
18185,-0.059326,-0.109375,0.976807,-1.892090,3.845215,0.610352
18194,-0.008423,0.053101,1.114136,-1.831055,3.906250,1.342773
18203,-0.057861,-0.161621,0.868774,-1.708984,3.723145,2.136230
18213,-0.023560,-0.081543,0.915161,-2.136230,4.272461,3.845215
18224,0.005737,-0.008057,0.988281,-2.441406,5.249023,5.615234
18234,-0.033447,-0.083008,0.976929,-3.051758,5.615234,7.080078
18243,-0.055908,0.134033,1.122925,-3.295898,5.493164,8.300781
18255,-0.090332,-0.210327,1.052734,-2.563477,6.652832,10.620117
18264,-0.064209,-0.014160,1.171875,-2.563477,6.896973,11.352539
18274,-0.108521,-0.208252,1.106567,-2.380371,7.202148,11.840820
18283,-0.092773,-0.098145,1.031494,-2.441406,7.324219,12.512207
18294,-0.062256,0.021973,1.120972,-2.197266,7.629395,13.427734
18304,-0.052246,-0.305054,0.960815,-1.770020,8.239746,14.709473
18316,0.064453,-0.100830,1.053955,-2.380371,8.300781,15.869141
18326,0.027100,-0.420288,0.884155,-2.624512,7.934570,16.906738
18335,0.061523,-0.123047,0.989502,-3.295898,7.568359,17.272949
18345,0.103027,-0.087402,0.997559,-3.540039,7.019043,17.456055
18354,0.062500,-0.239990,0.860474,-3.784180,6.591797,17.333984
18364,0.052979,-0.121948,0.942871,-3.906250,5.920410,16.784668
18373,0.004517,-0.368286,0.780396,-4.333496,5.310059,16.174316
18385,0.044556,-0.247803,0.722046,-6.164551,4.516602,15.502930
18394,0.053223,-0.139893,0.786133,-7.263184,3.967285,15.502930
18405,0.041260,-0.025757,0.934692,-7.629395,3.906250,15.258789
18414,0.058716,-0.057983,0.974243,-7.080078,3.723145,14.770508
18423,0.037598,-0.090942,1.031494,-6.042480,3.601074,13.549805
18434,0.020874,-0.222656,1.017944,-5.004883,2.624512,11.901855
18443,0.021118,-0.229370,0.954712,-4.089355,2.380371,9.704590
18456,0.099976,-0.154053,1.037598,-2.746582,1.525879,7.507324
18465,0.119385,-0.202515,1.034424,-2.014160,0.732422,7.080078
18475,0.134033,-0.019043,1.055298,-1.525879,-0.244141,6.958008
18484,0.165649,-0.149536,1.034546,-0.915527,0.122070,7.385254
18494,0.117065,-0.317505,0.965210,-0.793457,-0.244141,8.056641
18504,0.105713,-0.132324,1.081421,-1.037598,-0.732422,8.422852
18514,0.106934,0.075195,1.128418,-0.915527,-0.793457,9.094238
18524,0.121826,-0.086548,1.076782,0.122070,-0.976562,9.826660
18535,0.067627,-0.058228,1.087646,0.549316,-1.953125,10.375977
18545,0.036133,-0.006592,1.088745,0.732422,-2.014160,10.986328
18554,-0.023804,-0.127319,1.042480,0.793457,-1.586914,12.329102
18564,-0.045288,-0.134033,1.000610,-0.122070,-1.770020,13.549805
18574,-0.049072,-0.047852,0.995728,-1.098633,-0.488281,14.587402
18584,-0.089966,-0.019287,1.014038,-2.136230,-0.183105,15.808105
18594,-0.096191,-0.010498,1.019775,-2.807617,1.281738,16.784668
18605,-0.071167,-0.022705,1.036011,-3.784180,1.098633,16.784668
18615,-0.051270,0.029663,1.048584,-3.906250,0.427246,16.540527
18624,-0.011719,0.061646,1.137329,-3.234863,0.427246,16.174316
18634,0.062134,-0.064697,1.088745,-2.380371,0.183105,16.418457
18644,0.100952,-0.139648,1.079834,-1.708984,-0.122070,16.418457
18654,0.149536,-0.054077,1.022217,-1.220703,-0.549316,16.052246
18664,0.181152,0.027100,1.092407,14.892578,-2.075195,15.625000
18675,0.198853,-0.177734,0.996460,1.342773,-2.685547,14.648438
18685,0.243530,-0.047974,1.068604,2.563477,-3.601074,13.183594
18694,0.207275,-0.219727,0.931274,4.211426,-5.004883,11.657715
18704,0.164307,-0.375854,0.785767,5.126953,-6.530762,10.192871
18714,0.142456,-0.127808,0.904419,5.676270,-7.690430,8.605957
18725,0.140259,-0.175537,0.910889,5.798340,-8.178711,7.263184
18734,0.110107,-0.334961,0.797485,5.615234,-8.789063,5.187988
18746,0.096680,-0.179932,0.874512,5.249023,-8.605957,4.211426
18755,0.045288,-0.297852,0.962280,4.211426,-8.972168,3.173828
18765,0.050171,-0.205688,1.104004,3.234863,-9.094238,1.342773
18774,0.035156,-0.001099,1.239136,3.051758,-9.033203,-1.342773
18784,0.046509,0.007935,1.220215,3.845215,-10.131836,-4.211426
18794,0.086060,-0.178833,1.139648,4.943848,-11.047363,-6.835937
18804,0.099731,-0.326050,0.979004,4.821777,-11.474609,-9.826660
18816,0.099854,-0.107300,0.949707,4.211426,-10.803223,-10.070801
18825,0.074463,-0.344849,0.811279,3.112793,-9.948730,-9.521484
18834,0.063721,-0.224609,0.764038,1.892090,-8.972168,-8.850098
18844,0.039429,-0.117920,0.848633,0.915527,-6.530762,-7.934570
18855,0.013794,-0.339111,0.724487,-0.244141,-7.873535,-7.202148
18864,0.029053,-0.130127,0.848267,-1.586914,-7.568359,-6.530762
18874,0.013794,-0.134644,0.887939,-2.868652,-6.713867,-3.723145
18886,0.024780,-0.086670,0.911377,-4.333496,-6.835937,-1.831055
18895,0.020020,-0.141602,0.861328,-4.577637,-5.737305,-0.122070
18904,-0.064697,-0.141602,0.852539,-5.187988,-5.432129,1.708984
18914,-0.045044,0.014038,1.028809,-5.737305,-4.638672,3.173828
18925,-0.052856,-0.100464,1.088867,-5.310059,-3.967285,3.601074
18934,-0.063965,-0.296753,1.002075,-4.943848,-4.211426,2.746582
18944,-0.107544,-0.263794,1.040161,-5.126953,-3.784180,0.915527
18956,-0.078613,-0.062622,1.164185,-5.065918,-3.417969,0.427246
18965,-0.116699,-0.080078,1.023682,-5.371094,-3.234863,0.000000
18975,-0.176270,0.018921,1.008179,-5.432129,-2.197266,0.061035
18984,-0.118042,0.086914,1.115234,-5.126953,-0.732422,0.854492
18994,-0.115234,-0.027344,1.042236,-5.004883,0.061035,1.647949
19004,-0.130005,-0.030396,1.025024,-4.699707,1.098633,2.746582
19016,-0.043701,0.024048,1.132690,-3.967285,1.770020,3.784180
19025,-0.052246,-0.103882,1.054932,-2.502441,2.746582,6.835937
19034,-0.040283,-0.042358,1.092896,-2.258301,3.417969,8.422852
19044,-0.031738,0.066650,1.160645,-2.319336,3.417969,10.253906
19054,-0.053711,0.007446,1.052490,-2.258301,3.906250,11.901855
19064,-0.076172,-0.117188,0.915283,-2.319336,4.150391,12.695313
19074,-0.126831,-0.227905,0.844482,-3.234863,3.784180,13.244629
19086,-0.055542,0.011597,0.947632,-3.845215,4.028320,13.305664
19095,-0.054932,-0.221558,0.800903,-5.615234,3.967285,13.000488
19105,0.009644,0.025269,0.928711,-6.286621,3.967285,12.512207
19114,0.001465,-0.096313,0.895630,-6.042480,3.845215,11.474609
19124,0.001587,-0.060791,0.886597,-5.920410,3.173828,10.437012
19134,0.041992,0.146240,1.021729,-5.615234,3.051758,9.277344
19144,0.008911,-0.171143,0.882202,-4.638672,2.624512,8.728027
19156,-0.000610,0.027954,1.071533,-2.746582,2.624512,7.995605
19166,-0.018921,-0.195312,1.028076,-1.770020,2.807617,7.995605
19176,-0.068970,-0.243286,1.010254,-0.183105,3.112793,8.239746
19185,-0.054932,-0.181641,0.994263,1.098633,2.868652,8.361816
19195,-0.037476,-0.231079,0.942261,2.136230,3.417969,9.033203
19204,0.001953,-0.347168,0.910278,2.563477,3.051758,10.131836
19215,-0.011230,-0.255371,0.933350,2.380371,3.479004,11.535645
19224,-0.020630,-0.182251,0.949585,2.258301,4.516602,15.686035
19236,0.010864,-0.178833,0.961670,1.831055,5.493164,17.578125
19245,-0.011719,-0.155884,1.139771,1.953125,5.798340,18.920898
19254,-0.037964,-0.033569,1.191650,2.014160,5.493164,19.653320
19264,-0.094238,-0.034302,1.147339,2.319336,4.699707,20.629883
19275,-0.143799,-0.092163,1.044189,2.563477,4.272461,21.362305
19284,-0.122437,-0.201782,0.994873,2.624512,4.821777,21.972656
19296,-0.001831,0.008667,0.986816,0.671387,4.760742,23.803711
19305,-0.006348,-0.064819,1.000488,-0.305176,4.577637,25.024414
19315,0.046265,-0.112427,0.979004,-1.159668,4.089355,25.756836
19324,0.025635,-0.001221,1.071167,-1.281738,3.417969,25.207520
19334,0.079956,0.056763,1.119507,-1.403809,2.807617,24.108887
19344,0.036499,-0.180908,1.135742,-1.342773,1.647949,21.850586
19356,0.027344,-0.347290,0.865356,-2.258301,-0.305176,17.028809
19365,0.097900,-0.154663,0.880005,-3.234863,-1.647949,15.441895
19376,0.112671,-0.271362,0.818726,-4.089355,-2.685547,13.671875
19385,0.117065,0.019653,1.079224,-5.004883,-3.051758,12.023926
19394,0.142212,0.064087,1.115723,-4.333496,-2.990723,10.253906
19404,0.084961,-0.221191,1.148560,-2.563477,-3.112793,7.873535
19415,0.105103,-0.275146,1.015503,-0.976562,-3.723145,4.943848
19424,0.138916,-0.226196,0.994019,-0.427246,-4.699707,2.380371
19436,0.243042,-0.163330,1.100464,-0.610352,-6.347656,-1.708984
19445,0.243774,-0.152100,1.077271,1.525879,-8.361816,-2.746582
19455,0.236206,-0.239258,1.052734,2.868652,-9.155273,-4.455566
19464,0.218750,-0.274902,1.052490,3.662109,-9.826660,-5.859375
19474,0.197754,-0.297119,0.987915,3.601074,-11.108398,-7.324219
19484,0.223267,-0.220825,0.934326,3.112793,-11.413574,-8.728027
19494,0.183838,-0.360962,0.918335,2.868652,-11.657715,-9.399414
19504,0.175537,-0.367676,0.819458,2.319336,-11.291504,-9.277344
19515,0.166992,-0.121460,0.878784,1.403809,-11.291504,-8.789063
19525,0.137817,-0.177856,0.917480,0.488281,-11.352539,-8.850098
19535,0.074585,-0.122437,0.952148,-0.671387,-11.352539,-8.911133
19544,0.057373,-0.008301,0.971313,-1.281738,-10.681152,-8.850098
19554,0.055664,0.020996,1.026123,-2.014160,-10.192871,-8.789063
19565,0.005493,-0.063354,1.064331,-2.502441,-9.643555,-8.728027
19574,-0.027222,-0.095947,0.952148,-3.845215,-9.155273,-7.812500
19585,-0.046021,0.099609,1.072754,-4.089355,-8.178711,-7.019043
19595,-0.007446,0.062012,0.989136,-3.784180,-6.774902,-5.859375
19604,-0.049683,-0.101929,0.849243,-3.723145,-6.042480,-4.699707
19615,-0.056641,-0.053345,0.898682,-3.662109,-5.371094,-3.295898
19624,-0.032837,0.015747,0.992432,-3.540039,-4.638672,-1.647949
19634,-0.025269,-0.031250,1.033447,-3.784180,-4.333496,-0.427246
19646,-0.036377,0.037231,1.016357,-3.540039,-4.089355,0.549316
19655,-0.016479,-0.015259,1.043091,-1.464844,-3.784180,1.037598
19665,-0.016235,-0.107910,0.995117,-0.366211,-3.845215,0.915527
19674,0.030640,-0.236938,0.995483,0.244141,-4.089355,0.488281
19684,-0.039063,-0.270386,1.036621,0.671387,-3.356934,0.427246
19695,-0.012817,-0.233276,1.017090,0.488281,-3.601074,0.427246
19704,-0.003784,-0.146729,1.001831,0.366211,-3.112793,0.366211
19716,0.025024,-0.351807,0.901245,0.427246,-2.380371,0.000000
19725,0.052979,-0.137817,0.973755,-1.037598,-3.356934,-0.305176
19735,0.138794,0.106934,1.032715,-2.319336,-3.417969,-0.671387
19744,0.162598,-0.100098,1.046021,-2.746582,-3.662109,-0.915527
19754,0.159424,-0.212891,1.023926,-3.295898,-3.784180,-1.159668
19765,0.140747,-0.027466,1.097656,-3.967285,-4.821777,-1.647949
19774,0.123413,0.025879,1.198364,-3.417969,-4.882812,-2.014160
19786,0.073242,-0.060669,1.090454,-3.051758,-5.126953,-2.685547
19796,0.042603,-0.125244,1.060181,-2.197266,-5.737305,-2.990723
19805,0.048584,-0.161865,1.050537,-1.708984,-5.798340,-3.112793
19815,-0.035522,-0.098511,1.005005,-1.037598,-5.432129,-3.112793
19824,0.025024,-0.003784,0.941528,-0.793457,-5.249023,-2.380371
19834,-0.084839,-0.179932,0.889771,-0.305176,-4.394531,-1.342773
19845,-0.013062,-0.169312,0.828857,-0.549316,-4.089355,-0.244141
19854,-0.014038,-0.166992,0.884399,-0.976562,-2.929688,1.831055
19864,-0.043823,-0.235107,0.662476,-1.770020,-2.685547,2.197266
19875,-0.058716,-0.163208,0.761230,-2.807617,-2.990723,2.380371
19884,-0.059448,-0.086060,0.838013,-3.356934,-2.929688,2.258301
19894,-0.100464,-0.112793,0.985352,-3.723145,-2.807617,1.708984
19904,-0.064087,-0.048218,1.068726,-3.417969,-2.502441,1.342773
19914,-0.056396,-0.098999,1.125977,-2.319336,-2.624512,0.915527
19924,-0.078491,-0.118164,1.058838,-0.427246,-2.258301,0.061035
19936,-0.049927,-0.256470,1.027710,-0.061035,-0.976562,0.488281
19945,-0.085083,-0.107178,1.001343,-0.061035,-0.610352,1.281738
19955,-0.110229,-0.027222,1.045898,-0.122070,0.122070,1.403809
19964,-0.126709,-0.104614,1.028931,0.122070,0.305176,1.770020
19975,-0.072754,-0.123291,1.001831,-0.244141,1.281738,1.892090
19984,-0.039673,-0.173706,0.985596,-0.854492,1.281738,1.525879
19996,0.008423,-0.020630,1.129639,-1.342773,1.586914,0.976562
20005,0.014771,-0.081665,1.125122,-1.098633,0.915527,0.915527
20014,0.013428,-0.093018,1.128906,-0.732422,1.281738,1.464844
20024,0.077515,-0.038452,1.180176,-0.366211,1.159668,2.075195
20034,0.060181,-0.003296,1.185913,0.061035,1.708984,3.479004
20045,0.047485,-0.038574,1.129395,0.122070,1.464844,4.699707
20054,-0.004883,-0.123169,1.039307,0.244141,1.770020,5.981445
20066,-0.018311,-0.094727,1.001953,0.061035,1.037598,7.568359
20075,-0.062256,-0.041870,0.990723,-0.793457,0.549316,7.812500
20085,-0.046387,-0.003784,1.033813,-1.037598,0.488281,7.812500
20094,-0.104858,-0.001099,0.939331,-1.098633,0.305176,7.995605
20104,-0.061768,-0.076050,0.860718,-0.793457,1.403809,8.178711
20115,-0.114502,-0.282837,0.736206,-1.525879,0.793457,8.483887
20124,-0.054199,-0.118774,0.736938,-2.136230,0.732422,8.850098
20134,-0.048828,-0.048950,0.807251,-3.173828,0.793457,7.812500
20145,-0.051270,-0.079346,0.800415,-3.417969,1.037598,6.774902
20155,-0.025269,0.010986,0.931763,-2.990723,0.610352,5.065918
20165,-0.039185,0.011841,1.043091,-2.136230,0.549316,3.112793
20174,-0.052124,-0.125732,1.094482,-1.037598,0.610352,1.098633
20185,-0.044312,-0.231201,1.087036,-0.427246,0.366211,-1.098633
20194,-0.059692,-0.205688,1.067627,0.122070,0.244141,-2.685547
20204,0.008789,-0.068237,1.072876,0.244141,0.061035,-4.821777
20216,0.074951,-0.136475,1.001831,0.732422,0.244141,-4.821777
20225,0.052856,-0.209106,1.000854,1.342773,0.061035,-4.455566
20234,0.124023,-0.118774,1.011475,1.708984,0.915527,-3.173828
20244,0.124390,-0.059204,1.088745,1.647949,1.403809,-2.380371
20254,0.124634,-0.092529,1.132446,1.647949,1.342773,-1.831055
20264,0.077271,-0.129395,1.035034,1.159668,1.037598,-2.014160
20276,-0.012573,-0.075684,1.104492,0.976562,0.671387,-2.258301
20285,0.055664,0.026611,1.098633,0.976562,-0.244141,-2.502441
20295,0.004395,-0.098755,1.075562,1.220703,-0.244141,-2.258301
20304,-0.017822,-0.160034,0.969604,0.915527,-0.366211,-2.014160
20314,-0.041626,-0.276245,0.954712,0.061035,0.427246,-0.549316
20325,-0.002075,-0.129761,0.976440,-1.037598,0.915527,1.159668
20334,0.002563,-0.024170,1.067627,-1.647949,1.464844,2.868652
20346,-0.048462,-0.224731,0.952515,-1.342773,1.464844,4.638672
20355,-0.068237,-0.236206,0.933105,-2.136230,1.892090,4.821777
20365,0.020508,-0.073730,0.989380,-2.624512,2.258301,4.821777
20374,-0.032593,-0.102295,0.955811,-3.051758,2.014160,4.943848
20384,0.013062,-0.252319,0.766968,-3.601074,1.464844,4.516602
20395,0.026733,-0.200806,0.794434,-3.784180,1.464844,4.333496
20404,0.054321,-0.012451,0.977173,-3.662109,1.464844,3.967285
20416,0.017944,-0.057373,1.043213,-3.173828,1.037598,2.563477
20425,-0.051636,-0.215698,0.941162,0.061035,1.708984,1.953125
20435,-0.003784,-0.257813,0.875244,1.159668,1.831055,1.770020
20444,0.062500,-0.281738,0.874512,1.647949,1.770020,1.953125
20454,0.079590,-0.288818,0.819092,1.098633,1.403809,3.173828
20464,0.035034,-0.261597,0.820557,-0.183105,1.037598,4.272461
20474,0.009766,-0.152466,0.823975,-1.281738,1.281738,5.615234
20486,0.025513,-0.040405,0.953491,-3.173828,1.037598,8.117676
20496,0.039673,-0.025757,1.047363,-4.150391,0.915527,9.399414
20505,0.005615,0.025757,1.076538,-4.516602,1.342773,10.681152
20515,-0.063232,0.059692,1.150757,-3.906250,1.220703,12.084961
20524,-0.083374,0.042603,1.231323,-2.868652,1.281738,13.122559
20534,-0.053833,-0.035767,1.190063,-2.441406,1.586914,14.343262
20546,-0.073364,-0.104980,1.088623,-1.892090,1.831055,17.028809
20555,-0.031128,-0.131714,1.107788,-1.892090,1.403809,17.578125
20566,-0.039917,-0.129028,1.003052,-2.319336,1.159668,17.639160
20575,0.031250,-0.049316,1.041382,-3.173828,0.305176,16.479492
20585,0.012329,-0.057617,1.047363,-3.784180,0.122070,14.770508
20594,0.023926,-0.039917,1.030762,-3.906250,-0.549316,12.634277
20604,0.019287,-0.118774,0.965210,-3.906250,-1.037598,10.253906
20616,0.015381,-0.160400,0.944824,-4.455566,-2.136230,5.615234
20625,0.011353,-0.108643,1.057373,-5.126953,-2.258301,3.173828
20636,-0.003906,0.082764,1.123291,-5.187988,-2.624512,0.488281
20645,0.002319,0.053345,1.056885,-4.272461,-2.807617,-1.098633
20655,0.022095,-0.089600,0.928101,-2.746582,-2.746582,-2.685547
20664,0.047852,-0.219849,0.898315,-1.647949,-2.807617,-4.333496
20675,0.041016,-0.288574,0.880859,-0.915527,-3.356934,-5.615234
20684,0.063721,-0.120850,0.953003,-0.732422,-3.356934,-6.530762
20694,0.078247,-0.118652,0.950684,-0.122070,-3.234863,-8.483887
20705,0.089355,-0.381104,0.673950,-0.976562,-3.417969,-9.460449
20714,0.107544,-0.172241,0.713379,-2.746582,-3.784180,-10.681152
20724,0.155151,-0.064453,0.937256,-4.089355,-3.417969,-11.474609
20734,0.151978,0.010498,1.016235,-4.150391,-3.784180,-12.878418
20745,0.096680,0.018066,1.052490,-3.417969,-4.272461,-13.793945
20754,0.134033,0.035400,1.115967,-2.136230,-3.662109,-14.770508
20764,0.150024,0.027466,1.139282,-1.281738,-4.211426,-16.296387
20776,0.135254,-0.095581,1.089966,-0.976562,-4.028320,-16.601562
20785,0.090332,-0.071289,1.025635,-0.610352,-3.662109,-15.991211
20795,0.131226,-0.058594,0.996582,-0.549316,-3.356934,-14.465332
20805,0.121216,-0.071533,0.961304,-0.610352,-3.112793,-12.573242
20814,0.159302,-0.121460,0.890625,-1.098633,-2.441406,-10.314941
20826,0.020508,-0.079102,0.945679,-2.685547,-1.342773,-6.591797
20835,-0.049683,0.037842,1.048096,-3.173828,-1.525879,-5.432129
20845,-0.061279,-0.127563,1.020020,-3.295898,-1.037598,-4.089355
20855,-0.103027,-0.187378,0.983032,-3.662109,-0.244141,-2.685547
20865,-0.109253,-0.056641,1.034424,-4.394531,0.488281,-0.976562
20875,-0.113525,0.094482,1.072876,-4.760742,1.098633,0.976562
20884,-0.137817,0.125977,1.132080,-4.333496,2.075195,3.112793
20896,-0.124390,0.020386,1.106445,-2.136230,3.662109,7.934570
20905,-0.107056,-0.129517,0.977051,-1.342773,4.394531,10.009766
20915,-0.101196,-0.077881,1.008789,-1.281738,4.882812,11.962891
20924,-0.099854,-0.193604,0.921997,-1.220703,5.432129,13.732910
20934,-0.057495,-0.292847,0.772583,-1.342773,5.798340,15.502930
20945,-0.085205,-0.193359,0.794922,-2.075195,5.737305,16.906738
20954,-0.079346,-0.315674,0.764771,-2.929688,5.676270,17.944336
20964,-0.110962,-0.241699,0.768433,-4.394531,5.676270,18.676758
20976,-0.131470,0.114136,1.008789,-5.493164,5.615234,19.714355
20985,-0.082886,-0.094482,0.933350,-5.493164,5.310059,19.775391
20995,-0.091064,-0.089844,0.923950,-4.821777,5.187988,19.958496
21004,-0.048706,0.091919,0.992798,-4.211426,4.882812,19.958496
21015,-0.027832,0.006348,1.056152,-3.173828,4.821777,19.775391
21024,-0.028809,-0.196045,0.986450,-2.258301,4.272461,19.348145
21036,0.008667,-0.219604,1.022827,-1.647949,3.234863,17.333984
21045,0.039307,-0.056274,1.122681,-1.770020,2.624512,15.930176
21056,0.023682,-0.024048,1.069092,-1.770020,1.953125,14.892578
21065,0.063232,-0.153320,0.987915,-1.708984,0.976562,13.793945
21074,0.051392,-0.202393,0.945190,-2.014160,0.671387,13.305664
21085,0.063721,-0.081543,0.945312,-2.380371,0.732422,13.000488
21094,0.069824,0.009644,1.012939,-2.929688,0.000000,12.878418
21106,0.056641,-0.018555,1.056396,-2.685547,-1.281738,12.512207
21115,0.015625,-0.065552,1.150024,-2.075195,-1.647949,11.901855
21125,0.047363,-0.136597,1.092773,-1.403809,-2.197266,11.047363
21135,0.026123,-0.119873,1.026855,-1.159668,-2.441406,10.070801
21144,0.054687,-0.136475,1.049316,-1.281738,-3.295898,8.850098
21154,0.068604,-0.132446,1.002319,-1.342773,-3.784180,7.568359
21165,0.091309,-0.160278,0.937256,-1.281738,-4.089355,5.981445
21174,0.064087,-0.227051,0.862427,-1.770020,-4.760742,4.150391
21186,0.064209,-0.002808,1.036133,-2.868652,-5.920410,-0.061035
21196,0.040894,0.077637,1.087036,-3.112793,-6.042480,-2.197266
21206,0.014160,-0.097900,0.980591,-3.356934,-6.774902,-3.540039
21216,0.019043,-0.099365,0.917725,-3.173828,-6.225586,-4.699707
21225,0.068115,0.070557,1.027222,-3.234863,-6.164551,-5.187988
21235,0.047241,0.150879,1.040649,-2.441406,-6.347656,-5.432129
21245,0.083496,0.078491,1.051147,-1.159668,-6.103516,-6.469727
21256,0.061035,-0.085327,0.956177,0.671387,-6.042480,-7.080078
21266,0.082764,-0.061890,1.021240,1.098633,-6.042480,-7.751465
21275,0.076782,-0.104370,0.932373,1.586914,-6.408691,-8.422852
21285,0.046387,-0.156982,0.841919,1.647949,-6.835937,-9.460449
21294,0.078491,-0.053223,0.835205,1.037598,-6.958008,-10.375977
21305,0.077515,-0.093628,0.810791,0.244141,-7.263184,-10.864258
21314,0.058472,-0.169800,0.765259,-0.854492,-7.202148,-10.925293
21326,0.051025,-0.035278,0.948486,-2.075195,-5.981445,-9.765625
21336,-0.011963,-0.093994,0.891724,-2.746582,-5.676270,-9.216309
21345,0.034790,0.034912,0.995728,-3.540039,-5.187988,-8.605957
21355,0.025757,0.072266,1.084106,-4.516602,-4.516602,-7.934570
21364,0.010742,0.103760,1.109375,-4.577637,-3.967285,-7.324219
21375,-0.015381,0.082642,1.159668,-4.272461,-3.906250,-6.896973
21384,0.017090,-0.005737,1.146729,-3.601074,-3.662109,-6.774902
21394,-0.001709,0.024414,1.067871,-2.624512,-3.234863,-6.225586
21405,0.032715,0.105591,0.987427,-2.380371,-3.051758,-5.798340
21414,0.016113,-0.055054,0.947876,-2.380371,-2.441406,-5.065918
21424,0.036377,0.052490,1.054077,-2.624512,-2.197266,-4.455566
21435,0.034180,-0.123047,0.976196,-2.746582,-2.380371,-4.272461
21444,0.008423,-0.025146,0.947754,-3.112793,-2.380371,-4.638672
21456,0.000854,0.107422,1.008911,-3.051758,-2.319336,-5.432129
21465,-0.052124,0.007080,0.957397,-2.990723,-1.892090,-5.737305
21475,-0.034302,0.085083,1.050293,-3.417969,-1.586914,-6.286621
21484,-0.070923,0.028320,1.029175,-3.479004,-1.220703,-6.286621
21494,-0.077271,0.030640,1.006958,-3.234863,-1.159668,-6.408691
21505,-0.046021,0.039185,0.979980,-2.868652,-0.427246,-6.042480
21515,-0.037842,-0.089966,0.886108,-2.624512,0.427246,-5.432129
21524,-0.023682,-0.153564,0.720337,-2.990723,0.549316,-4.638672
21536,0.014038,-0.129395,0.725464,-3.479004,1.037598,-3.356934
21545,0.019775,0.034058,0.782104,-8.789063,1.342773,-3.234863
21554,0.006958,0.235474,0.747803,-11.413574,1.220703,-3.112793
21565,-0.043091,0.343018,0.869995,-12.084961,1.464844,-2.746582
21574,-0.033569,0.324097,1.047241,-10.620117,1.403809,-2.441406
21585,-0.006714,0.241699,1.212891,-8.789063,1.647949,-1.525879
21594,-0.043945,0.029907,1.162842,-8.483887,2.258301,15.319824
21606,0.003418,0.260620,1.138306,-9.155273,3.173828,2.624512
21615,0.015259,0.232300,1.066162,-7.690430,3.784180,5.187988
21624,-0.063599,0.182617,1.015381,-5.554199,4.638672,7.568359
21635,-0.008789,-0.010620,1.066772,-3.967285,5.126953,9.216309
21645,-0.013794,0.073486,1.270630,-3.051758,4.699707,10.253906
21655,-0.043701,-0.085815,1.174805,-2.441406,4.272461,10.803223
21664,-0.050659,-0.092529,1.062012,-2.136230,3.784180,10.864258
21676,0.010254,0.100830,1.181396,-1.953125,3.356934,11.901855
21685,-0.027588,0.051025,1.098511,-0.915527,3.356934,12.023926
21694,-0.063232,-0.035889,1.102417,-0.183105,3.234863,12.023926
21704,-0.051514,-0.112671,1.089111,-0.183105,3.234863,11.962891
21715,-0.050903,-0.058838,1.111328,-0.671387,3.173828,11.474609
21724,-0.041992,-0.093506,1.057495,-1.159668,3.051758,10.864258
21734,-0.061157,-0.040527,0.925537,-1.220703,2.624512,9.887695
21746,-0.025146,-0.060059,0.918945,-0.610352,2.075195,8.605957
21755,-0.023804,-0.018921,0.986816,-0.610352,2.563477,8.056641
21765,0.011230,-0.061646,0.969482,-0.732422,2.075195,7.446289
21774,0.042847,-0.077759,0.968750,-1.159668,2.014160,7.263184
21785,0.019531,-0.043213,0.834717,-1.403809,1.770020,6.774902
21794,0.031860,-0.070190,0.897461,-1.708984,1.403809,5.920410
21804,0.051636,0.014038,0.938599,-1.708984,1.037598,4.882812
21816,0.015991,0.024414,0.960327,-2.136230,0.366211,2.868652
21825,0.036987,0.017456,0.995850,-3.173828,-0.244141,1.647949
21835,0.020508,0.121948,1.010010,-3.417969,-0.122070,0.854492
21845,-0.021606,0.057373,0.952271,-3.540039,-0.671387,0.488281
21855,0.050171,0.115479,1.036743,-3.173828,-0.793457,0.122070
21865,0.021973,0.013794,0.944092,-2.990723,-0.427246,0.305176
21875,0.049316,0.039551,0.967773,-3.356934,-0.244141,0.671387
21884,0.073730,0.041138,1.003540,-3.906250,-0.488281,0.732422
21895,0.107422,0.127808,0.980591,-3.417969,-0.732422,0.427246
21905,0.072021,0.123291,1.069214,-3.540039,-0.793457,0.000000
21915,0.048218,0.058838,1.030029,-3.173828,-1.220703,-0.305176
21925,0.042847,0.059326,1.034180,-2.868652,-1.342773,-0.732422
21935,0.061401,0.083618,1.079956,-3.112793,-1.708984,-0.915527
21945,0.025391,-0.010986,1.005371,-2.990723,-1.953125,-0.671387
21956,-0.008789,0.025879,0.996460,-3.540039,-2.075195,-0.549316
21966,0.005737,0.139771,1.100098,-3.784180,-1.831055,-0.671387
21976,-0.019531,0.052246,1.024414,-3.601074,-1.647949,-0.549316
21985,-0.008179,0.071655,1.052612,-3.479004,-1.586914,-0.671387
21995,-0.019775,0.115723,1.153931,-3.234863,-1.464844,-0.976562
22004,-0.016724,-0.019165,1.003418,-2.563477,-1.892090,-1.403809
22017,-0.013794,-0.088135,1.006226,-1.586914,-1.220703,-1.708984
22027,0.006470,-0.090454,0.968994,-1.953125,-1.281738,-1.953125
22037,0.006958,0.057617,1.003662,-2.380371,-1.159668,-1.770020
22046,-0.017578,0.012695,0.941650,-2.380371,-0.793457,-1.403809
22056,0.021973,0.135132,1.099976,-2.563477,-0.488281,-1.403809
22065,-0.036011,0.074463,1.053101,-1.892090,-0.061035,-1.525879
22075,-0.022339,-0.011841,0.993408,-1.708984,-1.037598,-2.258301
22087,-0.012939,0.015991,1.015381,-0.976562,-0.671387,-2.380371
22097,0.008545,0.074585,1.031982,-0.122070,-0.549316,-2.319336
22106,0.020386,0.048706,1.029175,0.549316,0.000000,-1.953125
22116,0.005493,0.005737,0.957397,0.732422,0.305176,-1.403809
22125,0.031982,0.105713,1.039307,1.037598,0.244141,-1.098633
22135,0.008545,0.008057,0.994873,1.831055,0.061035,-1.037598
22145,-0.011475,-0.085693,0.961914,2.258301,-0.061035,-0.610352
22154,-0.006714,0.012695,1.038086,2.746582,0.488281,15.319824
22166,-0.045166,-0.043335,0.967163,2.929688,0.793457,1.464844
22175,-0.033569,0.054810,1.009888,3.112793,1.037598,2.380371
22184,-0.041382,-0.021606,0.913818,3.356934,1.403809,3.051758
22195,-0.036255,-0.034058,0.971924,2.807617,1.708984,4.028320
22204,-0.024170,0.064087,1.028320,2.441406,1.708984,4.638672
22215,-0.061523,-0.023682,0.951538,2.685547,2.014160,5.371094
22227,-0.017090,0.086548,1.044678,2.868652,2.685547,6.958008
22236,0.004517,-0.005859,0.987793,3.234863,2.624512,7.629395
22246,-0.004150,-0.072998,0.986938,3.417969,2.502441,8.056641
22255,0.012085,0.005127,1.048218,3.479004,2.258301,8.239746
22265,-0.017944,-0.010986,1.000610,3.601074,2.136230,8.117676
22275,0.003784,-0.074829,1.017944,3.479004,1.831055,7.812500
22285,0.004272,-0.044678,1.022949,3.173828,1.403809,7.385254
22295,0.018066,0.005493,0.987915,2.990723,1.281738,7.080078
22306,-0.002930,0.004395,0.983276,2.563477,1.464844,7.202148
22316,0.013916,0.062378,1.030396,2.685547,1.281738,7.385254
22325,-0.008179,0.007324,0.989136,2.014160,1.342773,7.751465
22334,0.003784,-0.006470,0.999390,1.647949,1.281738,7.751465
22345,-0.006836,0.052368,0.964966,1.159668,0.915527,7.751465
22355,0.020386,0.011963,0.993896,1.098633,1.220703,7.812500
22367,0.022949,0.020874,1.000488,0.122070,0.671387,7.263184
22377,0.018555,0.031128,0.995117,-0.366211,0.122070,6.896973
22386,0.018555,0.086304,1.048950,-0.732422,0.488281,6.652832
22396,0.019775,0.087769,1.009277,-0.549316,0.122070,6.164551
22406,0.007813,0.031982,1.005371,-0.732422,0.000000,5.493164
22415,0.005981,0.016602,1.029053,-0.610352,-0.366211,4.638672
22425,0.005127,-0.023804,0.970703,-0.427246,-0.793457,3.845215
22435,0.035522,0.010254,1.021362,-0.671387,-0.793457,2.929688
22446,0.042114,0.044189,0.935913,-1.403809,-0.610352,2.502441
22456,0.044312,0.016968,0.963745,-1.281738,-1.159668,2.258301
22465,0.015137,0.023315,0.939453,-1.647949,-1.220703,2.014160
22475,0.029907,0.002441,1.048828,-2.014160,-1.342773,1.342773
22485,0.021118,0.030396,1.016724,-2.258301,-1.281738,1.220703
22495,0.002197,0.054565,1.035156,-2.624512,-1.159668,0.793457
22507,-0.009155,-0.011719,0.938843,-2.685547,-1.953125,-0.183105
22517,0.043945,-0.032593,0.980591,-2.685547,-1.464844,-0.915527
22527,0.041138,-0.017456,0.970703,-3.173828,-1.647949,-1.403809
22536,0.031006,0.080688,1.007324,-3.540039,-2.258301,-1.831055
22546,0.030273,-0.007324,1.045532,-3.295898,-1.831055,-2.441406
22555,0.012207,0.009399,1.025269,-3.234863,-1.892090,-2.746582
22565,0.018311,0.041626,1.018921,-3.173828,-2.014160,-3.112793
22577,0.036377,-0.036011,0.965210,-2.685547,-1.708984,-3.540039
22587,0.032471,-0.014648,0.917480,-3.173828,-1.708984,-4.089355
22597,0.044189,0.012695,0.969482,-3.540039,-2.685547,-4.638672
22606,0.035156,-0.042603,0.939941,-3.417969,-2.624512,-5.432129
22616,-0.004883,-0.015991,0.931274,-4.028320,-2.502441,-5.859375
22626,0.002319,0.061279,1.019775,-4.272461,-2.258301,-6.042480
22635,-0.005493,0.088745,1.070190,-4.211426,-2.075195,-5.798340
22645,-0.003052,0.068237,1.040649,-4.150391,-1.403809,-4.516602
22656,-0.003296,0.020142,1.056763,-3.356934,-0.671387,-4.394531
22666,0.009399,0.020996,1.052002,-3.479004,-1.098633,-4.333496
22676,0.008179,0.021362,0.992798,-3.479004,-0.854492,-4.333496
22685,0.016357,-0.019775,0.975098,-3.295898,-0.671387,-4.028320
22696,0.000122,-0.001709,0.932251,-3.112793,-0.732422,-3.540039
22705,0.001099,-0.032104,0.946533,-2.746582,-0.671387,-2.929688
22715,-0.000366,-0.073242,0.956421,-3.173828,-0.183105,-1.586914
22725,0.008667,-0.014648,1.051270,-3.234863,0.244141,-0.732422
22735,0.006958,0.013916,1.052002,-2.685547,0.427246,0.000000
22745,0.010254,0.014404,1.023193,-2.502441,0.305176,0.183105
22755,-0.010254,0.080078,1.050415,-2.502441,0.366211,0.671387
22766,-0.016357,0.042847,1.032715,-2.014160,0.305176,1.220703
22775,-0.029541,0.051147,1.020508,-1.953125,0.122070,1.770020
22787,-0.031006,0.054443,1.028442,-1.708984,0.610352,2.319336
22796,-0.032593,0.028076,1.013428,-1.159668,1.403809,3.967285
22805,-0.044800,0.017456,1.016602,-0.854492,1.892090,5.004883
22815,-0.022461,-0.029663,1.024902,-0.732422,1.770020,5.554199
22826,-0.027344,-0.009766,1.013916,-0.732422,2.197266,5.981445
22835,-0.018066,-0.007935,0.986328,-0.976562,2.197266,6.530762
22846,-0.042480,0.016357,0.950684,-1.159668,2.136230,6.896973
22855,-0.020996,-0.029175,0.915771,-1.159668,2.136230,7.202148
22867,-0.015503,-0.002563,0.948975,-1.464844,2.014160,6.958008
22876,-0.010620,-0.033081,0.925293,-1.708984,1.892090,7.019043
22886,-0.006592,-0.032349,0.928101,-1.586914,2.075195,6.652832
22895,-0.002197,-0.003662,0.959717,-2.014160,2.075195,6.408691
22905,-0.002808,-0.047363,0.963989,-2.014160,1.831055,6.347656
22915,-0.012939,-0.058960,0.956299,-1.892090,2.014160,6.530762
22927,0.021362,0.017822,0.966919,-2.563477,1.281738,5.737305
22936,0.036621,0.011841,0.992432,-2.441406,1.037598,5.310059
22946,0.032715,0.019653,0.987549,-2.502441,1.037598,4.943848
22955,0.037109,0.018433,1.017212,-2.685547,0.854492,4.455566
22965,0.041748,0.044189,1.043335,-3.112793,0.915527,4.028320
22975,0.036011,0.032837,1.050903,-2.685547,0.793457,3.723145
22985,0.038940,0.039917,1.043457,-2.502441,0.488281,3.295898
22995,0.034546,0.003540,1.075684,-2.075195,0.183105,2.563477
23006,0.052124,-0.088501,1.052124,-1.281738,-0.122070,2.197266
23016,0.034790,-0.011719,1.059570,-1.403809,-0.610352,1.953125
23025,0.023071,-0.041382,1.032959,-1.281738,-0.671387,1.403809
23035,0.025879,-0.044434,1.021606,-1.220703,-0.915527,0.976562
23046,-0.003174,-0.100464,1.005981,-0.976562,-0.366211,0.793457
23056,-0.007324,-0.052979,1.010254,-1.098633,-0.488281,0.671387
23065,0.003174,-0.097168,1.016724,-0.976562,-0.183105,0.915527
23075,0.010132,-0.057251,1.013550,-0.915527,-0.549316,0.915527
23085,0.008057,-0.077271,0.989136,-0.366211,-0.488281,0.854492
23095,0.012329,-0.097656,0.986572,-0.244141,-0.610352,0.610352
23105,0.010132,-0.031006,1.005249,-0.366211,-0.732422,0.122070
23115,-0.001709,-0.047363,0.989258,-0.305176,-0.122070,0.183105
23125,-0.018433,-0.044312,0.965210,-0.427246,-0.061035,0.061035
23135,0.000977,-0.043701,0.966675,-0.488281,-15.563965,0.000000
23146,0.011108,-0.045288,0.994751,-0.610352,-0.122070,0.000000
23156,-0.000732,0.004639,1.020142,-0.915527,-0.122070,0.061035
23165,0.002808,-0.006958,1.018433,-1.281738,-0.183105,0.427246
23175,0.002441,-0.009277,1.024292,-0.854492,0.488281,0.549316
23185,0.003784,-0.039673,1.037109,-0.549316,0.488281,0.732422
23195,0.009277,-0.023682,1.021606,-0.427246,0.427246,1.098633
23207,0.027832,-0.046143,0.988037,0.183105,0.549316,1.525879
23216,0.014526,-0.028564,0.977295,0.000000,0.732422,1.831055
23226,0.027954,-0.047852,0.994995,0.000000,0.732422,2.014160
23235,0.003174,-0.016602,0.999390,0.000000,0.976562,2.014160
23246,-0.000610,-0.082153,1.027100,-0.122070,0.183105,2.380371
23255,-0.018555,-0.030640,1.009155,-0.366211,0.183105,2.441406
23266,-0.018799,-0.072632,1.006592,-0.244141,0.671387,3.051758
23275,-0.017334,-0.011719,0.999634,0.122070,0.854492,3.967285
23285,-0.013550,-0.071289,1.025879,-0.061035,1.525879,4.699707
23295,-0.030151,-0.019043,0.971924,-0.305176,1.953125,5.371094
23305,-0.034180,-0.031372,0.955933,-0.549316,1.770020,6.042480
23315,-0.019775,-0.067017,0.964600,-0.793457,1.831055,6.530762
23325,-0.026978,-0.069580,0.920166,-1.281738,2.258301,6.896973
23335,-0.017822,-0.050537,0.950317,-1.770020,2.319336,7.263184
23347,-0.004517,-0.007935,1.010742,-1.953125,2.441406,7.507324
23356,-0.026123,-0.023071,0.986328,-2.380371,2.380371,8.056641
23366,-0.018677,-0.014526,0.966919,-2.136230,2.441406,8.422852
23376,0.003906,-0.038574,0.978760,-2.136230,2.807617,8.422852
23385,0.021606,-0.053955,0.936646,-2.258301,2.868652,8.605957
23395,0.008301,-0.070068,0.945801,-2.258301,2.380371,8.728027
23405,0.023926,-0.033447,0.941162,-2.075195,2.380371,8.972168
23417,-0.009033,-0.075928,0.970825,-1.892090,2.319336,9.643555
23427,-0.008545,-0.098022,0.972534,-1.770020,2.197266,9.643555
23436,-0.000732,-0.060425,0.995605,-1.953125,2.258301,9.704590
23446,0.009888,-0.086304,0.982788,-1.953125,1.953125,9.643555
23456,-0.011108,-0.074829,0.972656,-1.525879,2.258301,9.399414
23465,0.017944,-0.061279,0.990234,-1.403809,1.953125,9.277344
23475,0.002930,-0.080078,0.997925,-0.915527,1.892090,9.094238
23487,0.013916,-0.079712,0.994995,-0.610352,2.319336,8.544922
23496,0.009277,-0.050415,1.017212,-0.976562,1.770020,8.544922
23506,0.017090,-0.095825,1.010742,-0.915527,1.708984,8.728027
23515,0.014038,-0.050171,0.994385,-0.671387,1.892090,8.361816
23525,0.028076,-0.038452,1.030762,-0.732422,1.770020,8.056641
23536,0.020386,-0.047729,1.042847,-0.854492,1.464844,7.629395
23545,0.036621,-0.067139,0.986328,-0.854492,1.281738,7.141113
23557,0.050781,-0.027222,1.021851,-1.037598,1.037598,6.469727
23566,0.034058,-0.094727,1.001221,-0.915527,1.342773,6.408691
23575,0.057983,-0.087402,1.030518,-1.220703,0.976562,5.920410
23585,0.042725,-0.084839,1.030396,-1.525879,0.305176,5.615234
23596,0.048218,-0.028809,0.997803,-1.892090,0.305176,4.943848
23605,0.050415,-0.026611,1.010620,-2.075195,-0.061035,4.150391
23615,0.062988,-0.036621,1.015625,-2.319336,-0.427246,3.417969
23627,0.023315,-0.008057,1.029053,-1.953125,-0.549316,2.502441
23637,0.031372,0.004395,1.038330,-2.197266,-0.305176,2.624512
23646,0.019653,-0.038940,1.016846,-2.136230,-0.427246,2.746582
23656,0.058716,-0.010254,1.010864,-2.197266,-0.610352,2.807617
23665,0.025269,-0.038330,1.006226,-1.403809,-0.610352,3.112793
23675,0.024780,-0.041626,1.010620,-1.281738,-1.037598,3.295898
23685,-0.002930,-0.097900,0.998291,-1.220703,-0.488281,3.723145
23695,-0.006470,-0.057373,0.958984,-1.159668,-0.061035,4.638672
23706,-0.025391,-0.008789,0.968872,-1.403809,0.427246,4.943848
23716,-0.029419,-0.045898,0.980347,-1.464844,0.610352,5.187988
23725,-0.041138,-0.023315,0.986816,-1.464844,0.305176,5.187988
23736,-0.017212,-0.010742,0.992310,-1.708984,0.305176,5.493164
23745,-0.023437,-0.067261,0.962280,-2.014160,0.610352,5.920410
23755,0.008667,0.010864,1.008057,-2.075195,0.610352,6.164551
23767,0.030273,-0.058594,0.982544,-1.770020,1.037598,6.774902
23777,0.029175,-0.117920,0.867798,-1.708984,0.854492,6.835937
23786,0.025757,-0.195679,0.776001,-2.197266,0.488281,6.958008
23795,0.026489,-0.102173,0.785522,-3.540039,0.732422,7.080078
23806,0.030640,0.051880,1.004395,-4.516602,0.610352,6.958008
23815,0.017944,0.105225,1.080688,-4.760742,0.061035,6.713867
23825,-0.043213,-0.106079,0.986816,-3.845215,0.122070,6.652832
23835,-0.038696,-0.145874,0.954590,-4.943848,0.671387,6.652832
23847,0.013794,0.037476,1.003540,-4.821777,1.159668,6.530762
23856,0.022949,0.248413,1.221558,-4.882812,1.159668,6.774902
23865,0.013184,0.004395,1.033325,-3.173828,0.854492,7.507324
23876,-0.031860,-0.264038,0.874878,-1.403809,1.464844,7.812500
23886,0.038452,-0.152100,0.995361,-2.258301,1.342773,7.324219
23895,0.093628,0.030518,1.081299,-3.967285,1.098633,7.019043
23905,0.075928,0.090454,0.993164,-3.295898,0.732422,7.446289
23916,0.056396,-0.064941,0.967285,-2.929688,0.549316,7.507324
23926,0.039063,-0.059570,1.093018,-2.807617,0.122070,6.958008
23936,0.013672,-0.028076,1.115356,-2.868652,0.183105,6.591797
23945,-0.008789,0.046875,1.067627,-2.929688,0.122070,6.713867
23955,0.001221,0.029785,0.973511,-2.624512,0.305176,6.958008
23965,-0.010864,-0.014648,0.960571,-1.770020,0.671387,7.080078
23975,-0.003174,-0.057983,1.001587,-1.159668,0.244141,7.080078
23987,0.000610,-0.019531,0.999634,-1.525879,0.488281,7.080078
23996,0.015747,-0.052856,0.949097,-1.647949,0.610352,7.202148
24005,0.005371,-0.036865,0.970337,-1.647949,0.793457,7.446289
24015,0.014893,-0.023804,0.999268,-1.159668,1.037598,7.385254
24026,-0.001099,-0.062622,1.026367,-0.732422,0.915527,7.812500
24035,0.019897,-0.031616,1.028564,-0.671387,1.037598,7.873535
24047,0.024536,-0.040771,0.996338,-0.915527,0.793457,7.751465
24056,0.000488,-0.022583,0.985229,-0.793457,0.549316,7.995605
24066,0.012085,-0.041260,0.994751,-0.427246,0.915527,8.178711
24075,-0.002930,-0.087158,0.993408,-0.244141,1.098633,8.178711
24086,-0.005615,-0.058960,1.005371,-0.610352,0.915527,8.422852
24096,0.003296,-0.051514,0.997437,-0.793457,0.854492,8.666992
24105,0.005493,0.017334,1.004395,-0.793457,0.793457,9.216309
24117,-0.018433,-0.120361,0.977539,-0.244141,1.464844,10.253906
24126,-0.007446,-0.028931,1.037109,-0.610352,1.342773,10.253906
24135,-0.006958,-0.048218,1.019165,-0.915527,1.647949,10.559082
24145,0.004639,0.045410,0.995361,-1.159668,2.197266,10.375977
24156,-0.003418,0.000732,0.988281,-0.976562,2.136230,10.437012
24165,-0.009155,-0.016724,0.989380,-1.159668,1.708984,10.681152
24177,-0.003296,0.020874,1.042847,-1.586914,1.770020,10.253906
24186,0.000732,0.031494,0.960449,-1.892090,1.525879,10.131836
24197,0.037842,0.016479,0.998535,-2.014160,1.342773,10.192871
24206,0.047729,0.011475,0.994751,-2.075195,1.464844,10.437012
24215,0.051636,0.036987,1.030762,-2.136230,1.586914,10.620117
24226,0.032349,-0.034302,1.001221,-1.892090,1.647949,10.742188
24235,0.026123,-0.024902,1.004761,-2.136230,1.464844,11.230469
24246,0.026733,-0.011353,1.032471,-2.258301,1.464844,11.596680
24255,0.038818,-0.016357,1.015991,-1.831055,1.953125,12.207031
24267,0.025269,-0.008545,0.986572,-2.014160,1.464844,12.390137
24276,0.013916,-0.030884,0.997070,-1.770020,1.708984,12.756348
24286,0.007813,-0.028320,0.987549,-2.014160,1.342773,13.000488
24295,0.010620,-0.030029,1.009399,-2.075195,1.586914,12.939453
24305,0.028320,-0.017700,0.977173,-1.953125,1.525879,13.183594
24317,0.035034,-0.048828,0.981812,-1.647949,1.647949,13.366699
24326,0.025024,-0.037109,0.981689,-1.708984,1.464844,13.427734
24337,0.039795,-0.022217,0.981323,-1.953125,1.159668,13.549805
24346,0.035156,-0.041992,0.977417,-2.380371,1.281738,13.732910
24355,0.039795,-0.023682,0.990356,-2.563477,0.976562,13.671875
24365,0.024780,-0.018066,1.007080,-2.197266,1.098633,13.793945
24376,0.011475,-0.028809,0.972534,-2.563477,0.976562,13.916016
24385,0.014404,0.014526,1.012695,-2.746582,1.037598,14.343262
24397,0.028198,0.003174,0.989136,-2.197266,1.159668,14.709473
24406,0.024780,-0.003662,1.023926,-2.258301,1.464844,14.892578
24416,0.050415,0.000977,1.021118,-2.441406,1.159668,14.892578
24426,0.049683,0.006836,0.976074,-2.380371,0.793457,14.953613
24435,0.057739,0.015381,0.990967,-2.380371,0.732422,14.709473
24446,0.069946,0.037476,1.030029,-2.014160,0.488281,14.221191
24455,0.048096,0.045410,1.003784,-1.647949,0.122070,13.977051
24467,0.095947,-0.101807,0.999512,0.000000,-0.122070,13.854980
24477,0.102173,-0.201172,0.979248,0.427246,-0.305176,13.732910
24486,0.073853,-0.080566,1.021118,0.488281,-0.305176,13.244629
24496,0.053101,-0.062866,1.000610,0.671387,-0.854492,12.268066
24505,0.081299,-0.103027,0.961670,0.427246,-1.647949,11.291504
24516,0.066040,-0.003418,0.961182,0.000000,-1.708984,10.559082
24525,0.056152,0.047729,0.994751,-0.122070,-2.197266,10.070801
24537,0.003052,-0.144775,0.969971,0.549316,-2.014160,9.460449
24546,0.044189,-0.166138,1.023804,0.671387,-2.319336,8.850098
24555,0.030762,0.016235,1.075928,-0.671387,-2.258301,8.178711
24566,0.016357,0.130127,1.020996,-1.098633,-2.075195,7.324219
24575,0.069580,-0.017944,0.959839,-0.183105,-2.746582,5.859375
24585,0.117065,-0.151978,0.954224,0.549316,-2.929688,4.394531
24597,0.103760,-0.059692,1.047241,-0.183105,-4.272461,1.953125
24606,0.102539,-0.097534,1.000977,0.244141,-4.699707,0.976562
24617,0.105225,-0.054199,0.999756,0.061035,-5.004883,0.244141
24626,0.095703,-0.061523,1.001099,0.305176,-4.516602,-0.427246
24636,0.095703,-0.086060,0.990479,0.000000,-5.065918,-0.915527
24645,0.051636,-0.026733,0.974365,-0.488281,-5.310059,-1.342773
24655,0.059326,-0.030151,0.946899,-0.427246,-5.371094,-2.258301
24665,0.081299,-0.057129,0.973145,-0.305176,-5.615234,-3.295898
24675,0.046631,0.000488,0.995728,-1.098633,-6.042480,-6.042480
24685,0.032349,-0.011353,0.998779,-1.342773,-6.530762,-6.835937
24696,0.033569,0.039429,1.007080,-1.708984,-6.286621,-7.324219
24705,0.066895,0.010254,0.992554,-1.464844,-5.859375,-7.812500
24715,0.062012,-0.030273,1.017212,-1.281738,-6.103516,-8.422852
24726,0.036255,-0.000122,1.023682,-1.586914,-6.408691,-8.911133
24735,0.058472,0.024292,1.003418,-1.831055,-6.408691,-9.582520
24745,0.057129,-0.016846,1.004761,-1.281738,-6.225586,-10.437012
24755,0.045288,-0.033325,0.998901,-0.976562,-6.347656,-11.352539
24765,0.031738,-0.094116,0.995605,-1.037598,-6.225586,-11.108398
24775,0.035034,-0.024658,0.993652,-1.892090,-6.164551,-10.864258
24785,0.027832,0.019775,0.998169,-2.197266,-5.615234,-10.192871
24795,0.045532,-0.033691,0.966431,-1.770020,-4.943848,-9.277344
24805,0.017334,-0.030518,0.972046,-1.770020,-5.004883,-8.544922
24815,0.018188,-0.010864,1.008057,-1.892090,-5.065918,-7.385254
24825,0.016968,-0.016113,0.999390,-2.136230,-4.638672,-6.591797
24835,-0.033936,0.024902,0.982666,-2.075195,-4.211426,-5.859375
24845,-0.068726,0.020996,1.011353,-1.892090,-3.295898,-4.638672
24856,-0.050781,-0.050781,0.978882,-1.831055,-2.685547,-3.295898
24865,-0.083618,-0.018799,1.022461,-1.647949,-2.258301,-2.075195
24876,-0.051147,-0.028320,1.022095,-1.525879,-1.831055,-1.220703
24885,-0.049072,-0.047119,0.991943,-1.831055,-1.098633,-0.488281
24895,-0.010742,-0.027832,0.984253,-1.647949,-0.610352,-0.305176
24905,0.007324,-0.053589,1.018066,-1.281738,-0.610352,-0.061035
24916,0.034058,-0.115723,0.976807,-1.220703,-0.915527,0.122070
24925,0.044189,-0.040405,1.009644,-1.586914,-0.793457,0.305176
24935,0.064697,-0.024170,0.981567,-1.770020,-0.793457,0.427246
24945,0.060425,-0.012695,0.954956,-2.014160,-0.671387,0.671387
24956,0.053223,-0.020508,0.997314,-1.525879,-0.488281,0.549316
24966,0.043457,-0.026367,1.021729,-1.220703,-1.342773,0.000000
24976,0.050903,-0.015747,1.020752,-1.403809,-1.403809,-0.488281
24986,0.047485,0.034790,1.016724,-1.770020,-1.708984,-0.854492
24995,0.045898,0.042358,0.964966,-1.831055,-2.075195,-1.037598
25005,0.050781,-0.005127,0.991821,-1.159668,-1.770020,-1.464844
25015,0.057739,-0.059937,0.972534,-0.854492,-2.075195,-2.136230
25026,0.034546,-0.038940,0.975830,-1.403809,-2.380371,-3.173828
25036,0.023926,0.022827,1.002686,-1.647949,-2.136230,-3.662109
25046,0.035645,0.022461,0.960693,-1.647949,-2.563477,-3.723145
25055,0.016846,0.027100,1.007202,-1.525879,-2.624512,-3.845215
25065,0.022827,-0.055420,0.990967,-1.098633,-2.868652,-3.906250
25076,0.011475,-0.036255,1.030273,-1.586914,-2.868652,-3.906250
25085,0.009766,0.003296,1.026001,-1.831055,-2.685547,-3.662109
25095,-0.000732,0.017334,0.999268,-1.892090,-2.441406,-2.990723
25107,-0.002441,-0.047119,0.994507,-1.403809,-1.892090,-2.441406
25117,-0.003296,-0.022949,1.012573,-1.403809,-1.708984,-2.197266
25126,0.004761,-0.012817,1.006714,-1.708984,-2.136230,-2.197266
25136,0.001465,-0.015137,1.003296,-1.831055,-2.136230,-2.197266
25146,0.018555,-0.018066,0.997192,-1.892090,-2.075195,-2.075195
25155,0.009766,0.015381,1.015015,-1.647949,-1.770020,-2.075195
25165,0.013916,0.018433,1.007446,-1.464844,-1.586914,-1.892090
25176,0.010620,-0.008057,0.997559,-1.342773,-1.525879,-1.953125
25186,0.007446,0.017334,1.007446,-1.464844,-1.647949,-1.892090
25196,-0.003052,-0.001953,0.993652,-1.281738,-2.136230,-1.831055
25206,0.001099,-0.058960,0.977051,-0.976562,-1.586914,-2.014160
25215,0.000244,-0.025757,1.028931,-0.976562,-1.098633,-1.953125
25225,0.000610,-0.004150,1.001831,-1.342773,-1.342773,-2.258301
25235,-0.009766,0.031494,1.017334,-1.220703,-1.342773,-2.197266
25247,0.007690,-0.040039,1.021118,-0.488281,-1.220703,-2.136230
25256,0.012207,-0.054321,0.993774,-0.488281,-1.098633,-2.075195
25266,0.004028,-0.009521,1.046387,-0.732422,-1.098633,-2.075195
25275,0.024414,-0.063110,0.958618,-0.549316,-1.220703,-1.953125
25285,0.013428,-0.000732,0.995239,-0.732422,-0.915527,-1.708984
25295,0.031006,-0.005859,0.977417,-0.976562,-0.854492,-1.586914
25306,0.028687,-0.010986,0.986816,-0.610352,-1.037598,-1.098633
25316,0.020264,-0.042358,0.992065,-0.610352,-1.220703,-0.976562
25326,0.011230,0.002563,1.032104,-1.098633,-1.037598,-0.976562
25335,-0.011475,0.032593,0.988647,-1.281738,-1.281738,-0.671387
25345,-0.022705,0.080688,1.005737,-1.159668,-0.549316,-0.549316
25355,-0.035767,-0.002686,0.964600,-0.854492,-0.549316,0.122070
25365,-0.032837,0.015991,1.010254,-0.671387,-0.366211,0.366211
25375,-0.037109,-0.021729,0.998535,-0.793457,-0.183105,0.671387
25387,-0.034790,0.071411,1.018799,-1.464844,0.061035,1.037598
25396,-0.027344,-0.024170,0.964844,-0.915527,0.183105,1.342773
25406,-0.014771,-0.011108,1.030273,-1.098633,0.244141,1.525879
25415,-0.021729,-0.023071,1.001709,-0.976562,0.549316,1.770020
25425,-0.025757,-0.001587,0.994019,-1.220703,0.671387,2.014160
25435,-0.029907,-0.005493,0.993896,-1.464844,0.976562,2.502441
25445,-0.019409,-0.049316,0.968750,-0.793457,1.037598,2.685547
25456,0.001953,-0.051514,0.999146,-1.220703,0.732422,2.319336
25466,0.014526,-0.034790,1.001465,-1.159668,0.488281,2.075195
25475,0.015259,-0.060059,1.012695,-0.854492,0.732422,2.014160
25485,0.022095,-0.082031,0.980103,-0.793457,0.427246,2.014160
25495,0.034180,-0.016724,1.044678,-1.098633,0.671387,1.892090
25505,0.010742,-0.020020,0.990601,-1.159668,0.610352,2.258301
25517,0.032593,-0.010620,1.018677,-0.976562,1.403809,3.173828
25527,0.024780,-0.048340,0.978149,-1.037598,1.037598,3.540039
25536,0.028687,-0.000122,1.005493,-1.342773,0.976562,3.540039
25546,0.011963,0.032959,1.014648,-1.403809,1.159668,3.601074
25555,-0.002930,0.023682,0.977295,-1.342773,0.854492,3.417969
25565,0.001099,0.036987,0.999023,-1.342773,0.793457,3.234863
25575,-0.013672,0.010132,1.005493,-1.342773,0.854492,3.417969
25587,-0.001587,-0.017944,1.020142,-1.647949,0.793457,4.028320
25596,-0.004272,-0.033447,1.008789,-1.220703,1.098633,4.699707
25606,-0.000977,-0.013184,0.988525,-1.159668,1.159668,5.126953
25615,-0.007324,-0.024658,1.004883,-0.915527,1.525879,5.920410
25625,-0.012085,-0.070435,0.979004,-1.037598,1.525879,6.591797
25635,0.014893,-0.053833,0.986328,-1.220703,1.281738,7.385254
25645,0.000000,-0.016357,1.001099,-1.464844,1.708984,8.483887
25655,0.002930,-0.026611,0.961914,-1.464844,1.586914,9.948730
25666,-0.012695,-0.007935,1.002686,-1.403809,1.770020,10.620117
25676,-0.023437,-0.057373,0.992676,-1.281738,1.464844,11.047363
25686,0.014038,-0.045166,0.999878,-1.342773,1.708984,11.047363
25695,-0.017334,-0.011108,1.048218,-1.220703,2.502441,11.535645
25705,-0.000854,-0.063721,0.989136,-1.342773,2.014160,11.840820
25716,0.062500,-0.099243,0.953247,-0.793457,2.258301,11.718750
25726,0.027344,-0.134766,0.999756,-0.671387,1.892090,11.108398
25736,0.062500,-0.142090,0.992676,-0.915527,1.892090,10.253906
25745,0.019043,-0.082397,1.007446,-1.281738,1.220703,9.338379
25755,0.033936,-0.073730,0.987671,-0.915527,0.915527,8.056641
25765,0.091431,-0.065063,0.975220,-0.793457,0.305176,7.019043
25775,0.041016,-0.108643,1.010132,-0.549316,0.305176,6.408691
25785,0.054443,-0.083374,1.012573,-0.366211,0.061035,5.737305
25795,0.082642,-0.076172,1.003906,-0.610352,-0.549316,4.821777
25806,0.023926,-0.041260,0.980469,-0.732422,-0.427246,4.394531
25816,0.060547,-0.039673,0.983765,-0.549316,-0.366211,3.967285
25826,-0.002686,-0.101318,0.980957,-0.366211,-0.427246,4.272461
25835,-0.005981,-0.072754,1.006348,-0.488281,-0.793457,3.967285
25845,0.007690,-0.117676,1.009155,-0.549316,-0.488281,4.028320
25855,-0.027588,-0.142700,0.981445,-0.427246,-0.488281,4.211426
25867,0.003418,-0.037231,1.019775,-0.976562,-0.671387,3.784180
25876,-0.034668,-0.084961,0.962646,-0.976562,-0.915527,3.723145
25886,-0.039917,-0.028809,0.970337,-1.281738,-0.732422,3.601074
25896,0.054810,-0.074585,1.018311,-0.854492,-0.976562,4.211426
25905,0.035889,-0.096924,0.964844,-0.549316,-0.915527,4.028320
25915,-0.043213,-0.038330,0.988525,-1.342773,-0.854492,3.784180
25927,0.034668,-0.026611,1.009888,-1.281738,0.305176,3.662109
25936,-0.018677,-0.029907,1.001221,-1.098633,0.488281,3.417969
25946,-0.002319,-0.107300,1.009644,-1.037598,0.366211,3.540039
25956,0.018921,-0.116211,0.994629,-1.281738,0.183105,3.601074
25965,0.043091,-0.055664,1.032104,-1.647949,-0.793457,3.417969
25976,0.058105,-0.022827,1.017334,-1.586914,-0.549316,2.990723
25986,0.073242,-0.111694,0.966064,-1.037598,-0.854492,2.868652
25995,0.087036,-0.086792,0.993408,-0.854492,-0.671387,2.807617
26005,0.102173,-0.098877,1.002563,-1.159668,-1.037598,2.441406
26016,0.051025,-0.075806,0.991455,-1.708984,-1.464844,2.563477
26026,0.026367,-0.016235,1.005615,-1.770020,-1.525879,2.502441
26036,0.012817,-0.095947,0.982056,-1.098633,-1.647949,2.441406
26045,-0.031372,-0.103271,0.962036,-0.915527,-1.770020,2.380371
26055,-0.036011,-0.078735,1.024048,-1.098633,-1.831055,2.136230
26065,-0.026855,-0.089722,1.029541,-1.220703,-1.647949,1.892090
26077,-0.031128,-0.060425,0.996094,-1.525879,-1.159668,1.159668
26087,-0.002197,-0.087280,1.024780,-1.464844,-1.403809,0.854492
26096,0.001465,-0.142944,0.950073,-1.281738,-1.098633,0.793457
26106,0.010864,-0.111084,0.986938,-1.342773,-1.464844,0.854492
26115,0.017822,-0.096436,1.038696,-1.586914,-1.342773,1.220703
26125,0.017212,-0.097046,0.982056,-1.708984,-1.342773,1.647949
26135,0.004395,-0.077881,0.969116,-1.464844,-1.037598,1.953125
26145,0.019409,-0.091309,1.002686,-1.464844,-0.671387,1.831055
26155,0.023804,-0.119141,0.999268,-0.854492,-1.037598,1.403809
26165,0.051270,-0.118042,1.015381,-1.037598,-1.586914,0.915527
26176,0.099854,-0.099365,0.975098,-1.220703,-1.647949,0.366211
26185,0.095093,-0.064941,1.013062,-1.159668,-1.525879,0.366211
26196,0.082397,-0.084961,1.064819,-1.403809,-1.586914,0.671387
26205,0.026245,-0.067993,0.975464,-1.159668,-2.075195,0.488281
26215,0.037720,-0.092651,0.954346,-0.854492,-2.441406,-0.305176
26226,0.006470,-0.069702,0.979370,-1.525879,-3.051758,-0.549316
26236,-0.052612,-0.055176,0.958130,-1.586914,-2.990723,-0.732422
26246,-0.014404,-0.037598,0.996338,-1.586914,-2.380371,-0.793457
26256,-0.021851,-0.059570,0.994019,-1.281738,-1.892090,-0.793457
26265,-0.011353,-0.091675,0.961914,-0.976562,-1.953125,-1.098633
26275,-0.016235,-0.105713,1.027100,-0.854492,-1.953125,-1.464844
26285,-0.018066,-0.059204,1.044922,-1.403809,-2.319336,-2.441406
26295,-0.005127,-0.049927,0.999512,-1.220703,-1.892090,-2.807617
26305,0.026123,-0.070923,1.008667,-1.220703,-2.014160,-3.173828
26315,0.037476,-0.087158,0.993896,-1.037598,-2.563477,-4.089355
26325,0.053101,-0.105469,1.015381,-1.342773,-2.746582,-4.821777
26335,0.048584,-0.089111,1.017822,-1.770020,-2.685547,-5.554199
26345,0.035645,-0.071289,1.000854,-1.953125,-3.051758,-6.530762
26355,0.065430,-0.056030,0.994141,-1.525879,-3.662109,-7.202148
26366,0.066772,-0.071411,1.020020,-1.586914,-4.089355,-7.568359
26375,0.056274,-0.080811,0.984619,-1.525879,-4.333496,-7.690430
26385,0.052124,-0.091553,1.009399,-1.525879,-4.150391,-7.507324
26396,0.000488,-0.064209,0.999146,-1.586914,-4.272461,-7.507324
26405,0.007202,-0.061035,0.954346,-1.525879,-4.577637,-7.751465
26415,0.049194,-0.097534,1.010254,-1.403809,-4.150391,-7.690430
26427,0.016479,-0.093872,0.968872,-1.220703,-4.272461,-8.605957
26437,0.064575,-0.139038,1.002563,-1.220703,-4.394531,-8.850098
26446,-0.010864,-0.197998,0.990479,-1.464844,-4.821777,-8.972168
26456,-0.062256,-0.162964,0.988159,-1.464844,-4.455566,-9.887695
26466,0.002563,-0.089355,0.973022,-1.403809,-4.211426,-10.681152
26475,-0.013672,-0.114380,1.031738,-0.976562,-4.516602,-11.291504
26485,-0.034912,-0.127075,1.003174,-0.854492,-4.760742,-12.329102
26497,-0.005981,-0.095825,1.000366,-1.586914,-4.943848,-12.207031
26506,-0.037842,-0.049072,1.015503,-1.831055,-5.249023,-12.451172
26516,0.051147,-0.095947,0.948730,-1.525879,-5.065918,-12.145996
26526,0.039063,-0.131836,0.971924,-1.220703,-4.760742,-10.864258
26535,-0.024658,-0.092163,1.014771,-1.281738,-4.333496,-10.437012
26545,0.007324,-0.158813,1.006470,-0.854492,-4.211426,-9.948730
26555,0.015015,-0.172607,0.980469,-1.037598,-3.906250,-9.216309
26567,0.005249,-0.089478,1.015137,-0.732422,-4.455566,-9.826660
26577,-0.010132,-0.199463,0.941650,-0.427246,-4.516602,-10.009766
26587,-0.084106,-0.125366,1.008301,-0.854492,-5.065918,-10.437012
26597,-0.034180,-0.067749,0.999878,-0.915527,-4.821777,-11.047363
26606,0.026489,-0.125366,0.953979,-0.915527,-4.699707,-10.253906
26616,-0.025024,-0.065552,0.986450,-1.464844,-4.455566,-9.094238
26626,-0.020020,-0.041382,0.980347,-1.586914,-3.540039,-7.446289
26636,-0.002686,-0.127319,0.914917,-1.647949,-2.807617,-6.713867
26645,-0.057129,-0.104858,1.039429,-2.014160,-2.502441,-7.080078
26655,-0.039551,-0.148926,1.002808,-1.525879,-2.380371,-7.751465
26665,-0.087158,-0.187012,1.004639,-1.403809,-3.051758,-8.056641
26676,-0.072510,-0.137207,1.058472,-1.464844,-3.417969,-9.033203
26686,-0.005981,-0.178833,0.973267,-1.220703,-3.479004,-10.009766
26695,-0.029053,-0.179687,0.943848,-1.159668,-3.417969,-9.887695
26705,-0.053955,-0.130371,1.004272,-1.098633,-2.990723,-9.948730
26715,-0.021484,-0.121826,0.982178,-1.281738,-2.502441,-8.850098
26725,-0.020264,-0.106323,1.036621,-1.586914,-2.441406,-8.056641
26735,0.004883,-0.108643,0.978760,-1.281738,-1.953125,-7.568359
26746,-0.057251,-0.132202,0.965698,-1.159668,-1.892090,-6.591797
26756,-0.052246,-0.123413,0.971436,-1.525879,-2.258301,-5.737305
26765,-0.029541,-0.136475,0.941650,-1.403809,-1.831055,-5.249023
26775,-0.063232,-0.100952,0.997681,-1.647949,-1.586914,-3.540039
26785,-0.038574,-0.157227,0.969116,-1.586914,-1.647949,-2.746582
26796,-0.078247,-0.139771,1.024414,-1.647949,-1.342773,-1.831055
26806,-0.059448,-0.130859,0.999512,-1.647949,-0.915527,-1.220703
26815,-0.064697,-0.139282,0.989990,-1.525879,-0.488281,-0.549316
26825,-0.068359,-0.135498,1.026611,-1.403809,-0.366211,0.000000
26837,-0.066895,-0.193848,0.967041,-1.525879,-0.183105,0.732422
26847,-0.060303,-0.156616,0.986572,-1.892090,0.000000,1.037598
26856,-0.036133,-0.158325,0.964111,-1.647949,-0.305176,1.220703
26866,-0.036987,-0.131958,1.005493,-1.770020,-0.244141,1.281738
26876,-0.038696,-0.196045,0.968750,-1.586914,-0.122070,1.342773
26885,-0.031372,-0.218872,0.958130,-1.647949,0.183105,1.159668
26896,-0.021729,-0.175171,0.999756,-1.770020,0.549316,1.159668
26905,-0.027100,-0.200928,0.979370,-1.708984,0.915527,1.220703
26917,-0.001465,-0.217407,1.013184,-1.586914,0.427246,0.915527
26926,-0.006714,-0.226807,0.998779,-1.464844,0.000000,0.488281
26936,-0.004028,-0.204468,1.014160,-1.647949,-0.488281,-0.305176
26946,-0.011353,-0.197266,0.996216,-1.708984,-1.159668,-0.976562
26955,-0.014160,-0.206177,1.008789,-1.770020,-1.586914,-1.647949
26966,-0.040649,-0.257324,0.987183,-1.464844,-1.770020,-2.136230
26976,-0.033936,-0.245483,0.990479,-1.464844,-1.037598,-2.441406
26986,-0.023560,-0.230469,1.004883,-1.403809,-0.915527,-2.136230
26995,-0.005737,-0.194702,1.094116,-1.098633,-0.854492,-1.953125
27005,-0.000610,-0.131348,1.221680,-0.488281,-0.732422,-1.770020
27016,-0.019409,-0.070923,1.292969,0.183105,-1.464844,-1.647949
27026,-0.031860,-0.090698,1.229370,1.953125,-2.014160,-1.464844
27035,-0.036865,-0.208252,1.219849,3.906250,-2.014160,-1.281738
27047,-0.070068,-0.308594,1.136719,6.469727,-0.732422,0.000000
27057,-0.111938,-0.346924,0.963013,5.859375,0.915527,1.647949
27066,-0.122192,-0.296997,0.909790,5.249023,1.708984,2.685547
27076,-0.120605,-0.311523,0.887939,5.126953,1.708984,3.479004
27085,-0.089600,-0.333130,0.890991,4.882812,1.708984,3.906250
27096,-0.072754,-0.332031,0.921387,4.272461,1.342773,4.211426
27105,-0.046631,-0.301636,0.959229,3.784180,1.220703,4.150391
27117,-0.071777,-0.290771,0.928955,2.990723,0.305176,4.638672
27126,-0.087402,-0.217163,0.865967,2.685547,0.610352,5.920410
27136,-0.069702,-0.233887,0.836914,2.380371,1.831055,7.995605
27146,-0.035522,-0.186157,0.892700,1.831055,2.319336,9.826660
27155,-0.033203,-0.197266,0.890625,1.708984,2.746582,11.413574
27166,-0.030273,-0.261841,0.883545,1.281738,2.807617,12.268066
27176,-0.049683,-0.249878,0.885620,0.976562,2.990723,12.878418
27185,-0.092773,-0.228882,0.858887,0.671387,3.173828,13.366699
27197,-0.084106,-0.255249,0.889526,0.488281,3.479004,14.404297
27207,-0.095337,-0.232910,0.886353,-0.305176,3.356934,14.831543
27216,-0.084229,-0.239990,0.906372,-0.549316,3.112793,15.258789
27226,-0.113770,-0.253296,0.873047,-0.732422,3.295898,15.747070
27235,-0.103516,-0.208984,0.912476,-1.098633,3.784180,15.930176
27245,-0.092407,-0.209961,0.960815,-1.525879,3.601074,16.296387
27258,-0.037354,-0.188232,1.026367,-2.075195,3.662109,16.662598
27268,-0.026611,-0.177979,1.048584,-2.319336,3.356934,17.089844
27278,-0.020264,-0.198364,1.018921,-2.075195,3.051758,17.150879
27287,-0.014771,-0.209717,1.021606,-2.014160,2.990723,17.211914
27297,-0.022583,-0.205078,1.009155,-2.197266,2.807617,17.150879
27307,-0.009888,-0.247559,0.963867,-1.892090,2.380371,16.723633
27316,0.001465,-0.218140,0.988403,-1.953125,2.563477,16.174316
27326,0.011597,-0.248657,0.990601,-2.075195,2.075195,14.343262
27335,0.025635,-0.264771,0.969116,-2.807617,1.464844,13.061523
27346,0.011475,-0.257446,0.990112,-2.807617,0.915527,11.779785
27356,0.021118,-0.230835,1.002319,-2.746582,0.366211,10.498047
27366,0.016724,-0.223999,0.982544,-3.112793,0.244141,9.338379
27376,0.021606,-0.273315,0.989746,-2.990723,-0.183105,8.056641
27386,0.032349,-0.246216,1.001587,-2.807617,-0.061035,6.713867
27395,0.031494,-0.254761,0.985596,-2.929688,-0.610352,5.249023
27407,0.056885,-0.186035,1.015869,-2.990723,-2.075195,2.014160
27416,0.065430,-0.255981,0.992432,-2.685547,-2.807617,1.098633
27426,0.048584,-0.238892,0.971558,-2.502441,-3.234863,0.000000
27436,0.044067,-0.188477,0.985107,-2.685547,-3.234863,-0.610352
27446,0.025391,-0.203613,0.973755,-2.502441,-3.234863,-0.854492
27455,0.005615,-0.187988,0.944702,-2.685547,-3.417969,-0.915527
27467,-0.014771,-0.242554,0.962280,-2.807617,-2.929688,-0.305176
27477,-0.032349,-0.134033,0.985229,-2.929688,-3.051758,-0.183105
27487,-0.017334,-0.219116,0.967407,-2.502441,-2.807617,-0.244141
27497,-0.029663,-0.260132,0.987793,-2.746582,-3.540039,-0.366211
27507,-0.028320,-0.237915,1.018555,-2.563477,-3.845215,-0.244141
27517,-0.030151,-0.204468,1.002563,-2.258301,-3.356934,-0.244141
27526,-0.078125,-0.158813,0.982910,-2.380371,-2.990723,-0.183105
27536,-0.088013,-0.254395,0.959106,-2.014160,-2.197266,-0.488281
27546,-0.110596,-0.195190,0.932617,-1.953125,-1.831055,-0.915527
27556,-0.086426,-0.252930,0.941406,-2.014160,-1.281738,-1.831055
27566,-0.084351,-0.255493,0.919922,-2.441406,-1.220703,-3.173828
27576,-0.031006,-0.257080,0.959717,-2.502441,-1.281738,-4.821777
27585,-0.006836,-0.206665,1.002441,-2.563477,-1.831055,-6.530762
27596,0.019165,-0.115601,1.033691,-2.624512,-2.563477,-7.629395
27606,0.038696,-0.187378,1.003296,-2.380371,-3.295898,-9.460449
27615,0.026367,-0.146729,0.968506,-2.380371,-3.295898,-9.765625
27626,0.050415,-0.121216,1.011108,-2.502441,-3.417969,-10.070801
27635,0.068604,-0.118896,1.016602,-2.502441,-3.540039,-10.437012
27646,0.090454,-0.149170,0.984863,-1.892090,-3.234863,-10.986328
27655,0.057129,-0.152832,0.943604,-1.708984,-3.295898,-11.474609
27666,0.065430,-0.215332,0.977783,-1.647949,-3.295898,-11.962891
27676,0.007690,-0.125610,0.996094,-2.136230,-3.295898,-12.451172
27685,0.017944,-0.121582,1.046387,-1.525879,-3.540039,-12.695313
27696,0.010254,-0.115967,1.018311,-1.464844,-3.601074,-12.756348
27706,0.005493,-0.148315,0.959595,-1.464844,-3.662109,-12.756348
27716,0.003052,-0.112427,0.974731,-2.014160,-4.272461,-12.878418
27726,-0.016479,-0.131592,0.986694,-1.953125,-3.540039,-12.756348
27736,-0.029175,-0.028809,1.019287,-2.014160,-3.234863,-12.634277
27745,-0.055542,-0.099121,0.981445,-1.953125,-3.234863,-12.756348
27757,-0.093262,-0.138916,0.956421,-2.197266,-2.502441,-12.573242
27767,-0.049194,-0.132202,0.997314,-2.197266,-1.892090,-12.634277
27777,-0.021729,-0.074219,1.050171,-2.258301,-1.586914,-12.390137
27786,0.010864,-0.101685,1.062622,-2.258301,-2.014160,-12.084961
27796,0.008301,-0.072144,1.058960,-2.014160,-2.075195,-11.413574
27805,0.017578,-0.119995,1.034058,-1.708984,-2.197266,-10.498047
27817,0.010010,-0.111206,0.984863,-1.525879,-1.647949,-8.422852
27826,-0.034546,-0.053833,0.970337,-1.281738,-1.159668,-7.568359
27836,-0.047729,-0.068848,0.995483,-1.403809,-0.427246,-6.896973
27846,-0.039795,-0.142334,0.991577,-1.281738,0.061035,-6.347656
27856,-0.056641,-0.063354,1.031982,-1.586914,-0.183105,-6.286621
27866,-0.062988,-0.108765,1.032471,-1.708984,-0.366211,-6.347656
27875,-0.062012,-0.144165,1.007935,-1.159668,-0.244141,-6.774902
27887,-0.058838,-0.096436,1.030029,-0.793457,-0.549316,-7.751465
27896,-0.067383,-0.087646,1.038452,-0.610352,-0.549316,-8.422852
27906,-0.077026,-0.174927,1.009888,-0.061035,-0.488281,-8.728027
27917,-0.102661,-0.140259,1.020386,0.305176,0.000000,-8.972168
27926,-0.083008,-0.193970,0.972168,0.305176,0.671387,-9.582520
27936,-0.093994,-0.208252,0.945190,0.610352,1.281738,-10.009766
27946,-0.068848,-0.187134,0.947754,0.549316,1.281738,-10.314941
27956,-0.034912,-0.194214,0.974121,0.427246,0.854492,-11.108398
27965,-0.005737,-0.101807,1.000488,0.122070,0.671387,-10.925293
27976,0.020874,-0.149048,0.980225,0.000000,0.793457,-10.742188
27986,0.048706,-0.171997,0.960449,0.061035,1.159668,-10.437012
27996,0.034668,-0.144775,0.956177,0.000000,1.220703,-10.620117
28005,0.065430,-0.168213,0.974243,-0.183105,0.854492,-10.681152
28016,0.035156,-0.136230,0.995117,-0.183105,0.122070,-10.803223
28025,0.036255,-0.091797,1.029907,0.000000,0.000000,-10.925293
28037,-0.008179,-0.193604,0.924316,-0.061035,0.366211,-10.559082
28046,-0.029785,-0.139160,0.956787,-0.244141,0.610352,-9.887695
28056,-0.066040,-0.055542,0.972168,-0.305176,0.671387,-9.399414
28066,-0.064453,-0.124512,0.947021,0.000000,1.281738,-8.605957
28076,-0.091553,-0.150146,0.924927,0.183105,1.892090,-7.812500
28086,-0.073364,-0.199463,0.922974,-0.244141,1.831055,-7.324219
28095,-0.133057,-0.145386,0.935547,-0.549316,2.258301,-6.103516
28105,-0.095459,-0.112061,0.974976,-1.098633,3.479004,-5.371094
28116,-0.120605,-0.186523,0.991699,-1.220703,3.723145,-4.821777
28126,-0.140137,-0.168091,0.998047,-1.281738,3.845215,-4.516602
28136,-0.115845,-0.166260,0.987183,-1.342773,4.333496,-4.150391
28146,-0.112305,-0.169434,0.972534,-1.525879,5.249023,-3.479004
28156,-0.097290,-0.115967,0.982788,-1.586914,6.042480,-2.807617
28166,-0.058105,-0.140747,0.983154,-1.464844,6.286621,-2.014160
28176,-0.046997,-0.166992,0.996094,-0.915527,5.920410,-1.647949
28186,-0.002075,-0.219238,1.001099,-1.220703,5.615234,-1.159668
28196,0.039429,-0.196899,1.004517,-1.159668,5.737305,-0.549316
28206,0.024902,-0.198730,1.002441,-0.915527,5.493164,0.000000
28216,0.035156,-0.188232,0.960571,-0.915527,5.432129,0.671387
28226,0.044800,-0.218384,0.911865,-0.976562,5.554199,1.403809
28237,0.051392,-0.277954,0.898437,-1.647949,5.004883,3.051758
28246,-0.007202,-0.332031,0.907104,-1.708984,4.760742,3.540039
28256,-0.009766,-0.319580,0.923706,-2.197266,4.516602,3.967285
28266,-0.029907,-0.268921,0.970337,-2.380371,4.760742,4.028320
28275,-0.033691,-0.223877,0.996338,-2.380371,5.004883,3.906250
28286,-0.060791,-0.225830,1.000122,-2.441406,4.760742,3.784180
28296,-0.043945,-0.233032,0.979126,-1.953125,4.882812,3.479004
28308,-0.028320,-0.217529,0.968140,-1.953125,4.577637,2.319336
28318,-0.049927,-0.196045,0.986938,-1.953125,4.394531,1.831055
28327,-0.067871,-0.205811,0.947998,-2.014160,4.333496,1.525879
28337,-0.071899,-0.174683,0.946533,-2.136230,4.760742,1.403809
28346,-0.070923,-0.177979,0.969116,-2.258301,4.943848,1.464844
28356,-0.046021,-0.193726,0.984253,-2.136230,5.004883,1.525879
28365,-0.044189,-0.170898,1.017578,-2.319336,5.187988,2.014160
28375,-0.029907,-0.213013,1.016968,-2.197266,5.432129,2.319336
28387,-0.033447,-0.204224,1.022827,-1.953125,5.493164,3.540039
28396,-0.028564,-0.165771,1.024048,-1.831055,5.615234,4.394531
28406,-0.030640,-0.174805,1.003662,-1.708984,6.286621,5.187988
28415,-0.020264,-0.185303,0.972046,-2.014160,6.286621,6.286621
28426,-0.020386,-0.089722,0.994751,-2.319336,6.408691,7.507324
28435,-0.022827,-0.157959,1.015259,-2.563477,6.530762,8.911133
28448,-0.016357,-0.102539,1.025269,-2.685547,6.530762,11.352539
28457,-0.031128,-0.142090,1.040649,-2.685547,6.713867,12.634277
28467,-0.036743,-0.172729,1.018921,-2.685547,6.469727,13.793945
28477,-0.055542,-0.132202,0.991089,-2.502441,6.896973,14.892578
28486,-0.087891,-0.252808,0.920410,-2.380371,7.324219,15.869141
28496,-0.088135,-0.211182,0.914185,-2.868652,7.385254,16.235352
28506,-0.066772,-0.142822,0.995361,-3.112793,7.446289,16.540527
28516,-0.015015,-0.226685,1.042114,-3.295898,5.798340,14.404297
28525,0.015625,-0.192383,1.061890,-2.990723,4.821777,12.878418
28536,0.067261,-0.211792,1.020508,-2.685547,3.417969,11.230469
28545,0.086670,-0.210815,0.964966,-2.685547,2.441406,9.460449
28556,0.086792,-0.119019,0.984863,-2.807617,2.380371,8.483887
28565,0.100586,-0.172729,0.975830,-2.685547,2.258301,7.690430
28576,0.126709,-0.179199,0.983398,-2.746582,1.831055,6.774902
28585,0.146484,-0.115356,1.015869,-2.563477,0.976562,5.554199
28597,0.139893,-0.196289,0.929687,-2.441406,-0.427246,2.258301
28606,0.141602,-0.200928,0.940308,-2.197266,-1.281738,0.488281
28616,0.131592,-0.222412,0.949829,-1.708984,-2.136230,-1.220703
28625,0.147583,-0.252441,0.963013,-1.464844,-3.112793,-2.868652
28636,0.099487,-0.172729,0.985840,-1.220703,-3.845215,-4.760742
28646,0.103882,-0.158081,0.976807,-1.037598,-4.150391,-6.469727
28655,0.062378,-0.159058,0.963013,-0.610352,-4.394531,-7.934570
28667,0.088257,-0.119019,1.039429,-1.098633,-5.187988,-11.169434
28676,0.063721,-0.147095,0.985962,-0.976562,-5.493164,-12.939453
28686,0.013062,-0.136719,0.945312,-1.098633,-5.859375,-14.343262
28695,0.021851,-0.139893,0.931763,-0.793457,-5.371094,-15.625000
28706,0.034546,-0.122192,0.951904,-0.915527,-5.065918,-16.418457
28716,0.069092,-0.096191,0.968384,-0.854492,-4.699707,-17.089844
28725,0.091675,-0.110718,1.009766,-0.610352,-4.943848,-17.761230
28737,0.092896,-0.175049,1.068359,-0.061035,-5.554199,-17.944336
28746,0.059814,-0.121216,1.045898,0.061035,-5.615234,-17.944336
28756,0.051636,-0.132324,1.095581,0.549316,-5.737305,-18.066406
28765,0.025635,-0.268188,1.078857,1.220703,-5.554199,-17.944336
28776,0.009399,-0.157104,0.988037,1.159668,-5.187988,-17.456055
28785,-0.048950,-0.085815,1.007202,1.770020,-4.272461,-16.845703
28798,-0.021362,-0.163940,0.870483,1.953125,-2.563477,-15.136719
28808,-0.025391,-0.274780,0.869751,1.770020,-1.831055,-13.366699
28817,-0.043701,-0.173462,0.890503,1.220703,-1.464844,-11.962891
28827,0.002319,0.012329,1.041748,0.671387,-0.915527,-10.314941
28837,-0.003662,-0.051758,1.048950,0.183105,-0.976562,-8.178711
28846,0.042969,-0.032349,0.963745,0.000000,-0.610352,-6.591797
28856,0.029907,-0.122437,1.066772,0.122070,0.183105,-4.577637
28868,-0.012451,-0.013550,1.185059,-0.183105,0.122070,-1.525879
28878,-0.049927,-0.011597,1.113770,-0.183105,0.061035,-0.549316
28887,-0.073608,-0.101807,1.013062,0.244141,0.549316,1.037598
28897,-0.109619,-0.122437,0.925415,0.549316,1.342773,2.624512
28907,-0.114868,-0.097900,0.948364,0.488281,2.319336,4.272461
28916,-0.123901,-0.071411,0.944946,0.122070,3.356934,6.164551
28925,-0.131714,-0.047607,0.956421,-0.549316,3.723145,7.751465
28938,-0.090088,-0.095337,1.024048,-0.915527,4.577637,10.375977
28947,-0.080322,-0.117065,0.972900,-0.427246,4.943848,12.145996
28957,-0.072632,-0.156616,1.008667,-0.183105,5.004883,13.671875
28966,-0.071045,-0.182251,0.979248,-0.244141,5.615234,15.075684
28976,-0.056641,-0.143066,0.982300,-0.610352,5.493164,16.479492
28985,-0.030518,-0.176514,0.956665,-0.488281,5.065918,17.761230
28996,-0.015503,-0.197388,0.938110,-0.549316,5.004883,19.042969
29005,-0.009521,-0.170532,0.899536,-0.610352,4.760742,21.484375
29017,-0.084839,-0.118042,0.941895,-0.854492,5.371094,22.949219
29027,-0.071777,-0.097656,0.992554,-0.915527,5.554199,24.047852
29036,-0.101685,-0.221436,0.927490,-0.610352,5.615234,24.719238
29045,-0.087036,-0.252930,0.891235,-0.549316,5.432129,24.780273
29056,-0.128906,-0.265869,0.935547,-0.427246,4.943848,24.902344
29065,-0.127319,-0.233765,0.941528,-0.549316,4.150391,24.353027
29078,-0.100342,-0.187012,1.019897,-1.220703,4.699707,23.559570
29087,-0.098877,-0.185425,0.971436,-1.281738,3.967285,22.949219
29098,-0.042480,-0.193237,1.009888,-1.342773,3.295898,22.033691
29108,-0.027466,-0.210327,1.015503,-1.403809,3.540039,21.179199
29117,0.054443,-0.185791,1.065308,-1.220703,3.112793,20.080566
29127,0.061523,-0.118652,1.043579,-1.220703,2.441406,18.493652
29136,0.105103,-0.138672,1.060059,-0.854492,1.525879,17.150879
29146,0.103149,-0.214478,0.955566,-0.610352,-0.427246,13.793945
29155,0.112427,-0.283203,0.983276,-1.037598,-1.159668,11.596680
29166,0.083008,-0.169312,1.058472,-1.098633,-2.014160,9.338379
29176,0.065552,-0.233765,1.038330,-1.220703,-3.173828,7.263184
29185,0.052612,-0.250244,1.023682,-1.342773,-3.601074,5.432129
29196,0.040161,-0.188721,1.020630,-1.342773,-3.601074,4.150391
29205,0.043213,-0.154297,1.089355,-1.403809,-3.784180,2.868652
29218,0.035645,-0.160645,1.013062,-0.854492,-5.249023,1.159668
29227,0.021973,-0.113770,1.083130,-0.854492,-5.126953,0.732422
29237,-0.010742,-0.089844,1.041870,-0.488281,-4.821777,0.610352
29247,-0.014404,-0.207520,0.972534,-0.122070,-4.455566,0.915527
29257,-0.064575,-0.220093,0.911011,-0.244141,-4.089355,1.098633
29266,-0.104370,-0.172607,0.905884,-0.610352,-3.295898,1.403809
29276,-0.103638,-0.180908,0.894165,-0.976562,-2.990723,1.770020
29285,-0.141113,-0.255615,0.871582,-1.525879,-3.112793,2.380371
29297,-0.135254,-0.127808,0.881348,-2.685547,-2.868652,2.197266
29307,-0.126221,-0.133179,0.954712,-2.624512,-2.014160,2.258301
29317,-0.119629,-0.134033,0.946533,-2.624512,-1.220703,2.685547
29326,-0.111816,-0.185181,0.942017,-2.807617,-0.915527,2.685547
29336,-0.107910,-0.130005,0.977539,-3.112793,-0.305176,2.990723
29345,-0.127075,-0.053467,0.994995,-2.807617,-0.183105,3.417969
29358,-0.129395,-0.122437,1.005127,-2.624512,1.525879,4.089355
29368,-0.078491,-0.050415,1.108276,-2.624512,1.586914,3.906250
29377,-0.042969,-0.018066,1.037598,-2.319336,1.708984,3.723145
29387,0.020508,-0.098755,1.032959,-2.075195,1.098633,3.723145
29396,0.066162,0.011597,1.070923,-2.319336,0.610352,3.540039
29406,0.065308,0.076660,1.054810,-2.441406,0.610352,3.540039
29416,0.097900,0.044800,1.106323,-2.136230,0.610352,3.540039
29425,0.115845,-0.035645,1.042847,-1.281738,0.549316,3.051758
29437,0.056396,-0.043945,0.958008,-0.976562,-0.915527,1.037598
29446,0.086792,-0.173096,0.931396,-0.671387,-0.915527,-0.061035
29456,0.065918,-0.282471,0.905762,-0.854492,-0.976562,-0.976562
29465,0.076294,-0.200317,1.002441,-1.098633,-1.464844,-1.953125
29475,0.027100,-0.198486,0.969727,-0.976562,-1.892090,-3.234863
29486,0.028687,-0.229980,0.990234,-1.037598,-2.502441,-4.394531
29496,-0.006104,-0.255981,0.926636,-0.976562,-2.502441,-6.835937
29505,0.014893,-0.254761,1.000122,-0.915527,-2.258301,-7.690430
29516,-0.055420,-0.214355,0.991699,-0.915527,-2.197266,-8.483887
29526,-0.061646,-0.222290,0.975220,-0.793457,-1.708984,-9.094238
29535,-0.021606,-0.193604,1.057373,-0.610352,-1.098633,-9.643555
29545,-0.013550,-0.148926,0.982666,-0.671387,-0.915527,-10.375977
29556,-0.012817,-0.186401,0.985352,-0.427246,-1.220703,-11.108398
29566,-0.024536,-0.147095,0.939819,-0.366211,-1.281738,-11.596680
29575,0.008423,-0.119751,0.952393,-1.159668,-0.549316,-10.925293
29585,0.071289,-0.143677,0.935669,-1.647949,0.061035,-10.375977
29596,0.048584,-0.010986,0.985596,-2.197266,0.427246,-9.277344
29605,0.055054,-0.052002,1.035522,-2.258301,0.549316,-8.239746
29616,0.049316,-0.056885,1.018433,-2.319336,0.976562,-7.263184
29625,0.066284,-0.030518,1.065308,-2.136230,0.671387,-6.469727
29638,0.020142,-0.113281,1.010498,-2.380371,0.549316,-6.042480
29648,-0.032837,-0.039429,1.054077,-2.563477,0.610352,-5.554199
29657,-0.044556,-0.046997,0.988159,-2.075195,0.976562,-5.065918
29667,-0.078125,-0.133057,0.918579,-1.953125,1.586914,-4.028320
29676,-0.017334,-0.107666,0.912109,-1.770020,2.197266,-2.441406
29686,-0.073486,-0.100708,0.921875,-1.586914,2.746582,-0.793457
29695,-0.057007,-0.120728,0.992920,-1.647949,3.295898,0.854492
29705,-0.063354,-0.111816,0.937134,-1.403809,3.723145,2.197266
29717,-0.085449,-0.163330,1.016602,-1.098633,4.638672,4.333496
29726,-0.096924,-0.200439,1.026489,-0.976562,4.638672,4.760742
29736,-0.113525,-0.156738,1.078125,-0.793457,5.065918,4.638672
29746,-0.094604,-0.199219,1.016968,-0.549316,5.371094,4.760742
29755,-0.029297,-0.209229,0.939087,-0.244141,5.615234,4.455566
29766,-0.008301,-0.222046,0.966187,-0.122070,5.859375,4.516602
29775,0.024658,-0.169800,1.057495,-0.366211,5.432129,4.150391
29787,0.053833,-0.187744,0.919922,-0.122070,4.577637,4.211426
29796,0.090088,-0.192383,0.995239,-0.244141,4.272461,4.821777
29806,0.089600,-0.192017,0.960693,-0.549316,3.906250,4.760742
29815,0.073486,-0.199585,0.924438,-0.915527,3.723145,5.126953
29826,0.065186,-0.167847,0.913696,-1.647949,3.234863,5.554199
29835,0.076172,-0.150269,0.942261,-2.075195,3.723145,5.981445
29848,-0.009521,-0.123047,1.075928,-2.380371,3.173828,6.530762
29858,-0.027222,-0.161133,1.062744,-1.770020,2.990723,6.286621
29867,-0.048706,-0.165527,1.012695,-1.525879,3.540039,6.103516
29877,0.030273,-0.126221,1.007813,-1.159668,3.417969,5.676270
29886,0.009033,-0.236572,0.990723,-1.098633,2.807617,4.821777
29895,0.050049,-0.158447,1.050659,-0.793457,2.014160,3.906250
29906,0.048462,-0.160278,1.010498,-0.549316,1.708984,2.868652
29915,0.060425,-0.239136,1.002686,-0.793457,1.403809,1.281738
29927,0.065674,-0.202515,0.941040,-0.671387,1.220703,0.427246
29936,0.094727,-0.230835,0.865356,-1.525879,0.610352,-0.549316
29946,0.113403,-0.188965,0.884766,-2.441406,-0.122070,-1.281738
29955,0.135376,-0.141724,0.907715,-2.502441,-0.488281,-1.831055
29966,0.143433,-0.225708,0.905884,-2.746582,-0.671387,-2.563477
29975,0.103271,-0.119751,1.020386,-3.051758,-1.281738,-3.051758
29986,0.068115,-0.143311,1.015137,-2.990723,-1.281738,-4.394531
29995,0.075195,-0.150146,0.960205,-2.624512,-1.708984,-4.943848
30006,0.078613,-0.223999,0.920410,-2.685547,-1.953125,-5.615234
30015,0.088867,-0.174805,0.967773,-2.868652,-2.075195,-6.164551
30026,0.130737,-0.069702,1.000977,-2.990723,-2.258301,-6.347656
30035,0.093018,-0.116821,0.983398,-3.112793,-2.441406,-6.347656
30046,0.112305,-0.051392,1.047974,-3.234863,-2.380371,-6.225586
30056,0.046265,-0.136597,0.936523,-3.051758,-2.136230,-5.981445
30065,0.046021,-0.124146,0.945068,-3.356934,-2.197266,-5.981445
30076,0.012085,-0.040039,0.953735,-3.173828,-1.953125,-5.676270
30086,-0.002563,-0.058228,0.978760,-3.234863,-1.831055,-5.249023
30096,-0.003296,-0.009644,1.012207,-3.356934,-1.525879,-4.760742
30105,-0.044434,-0.024048,0.996460,-3.479004,-1.342773,-3.906250
30116,-0.033447,0.025757,1.038208,-3.417969,-0.915527,-3.051758
30126,-0.065430,-0.042480,0.982178,-2.868652,0.122070,-0.488281
30136,-0.055664,-0.076660,1.060425,-2.868652,0.549316,0.671387
30146,-0.063477,-0.089111,1.056030,-2.807617,0.915527,1.831055
30155,-0.067017,-0.058472,1.043091,-2.807617,1.464844,3.051758
30166,-0.070679,-0.052979,1.025879,-2.441406,2.319336,4.699707
30175,-0.046875,-0.141113,1.025879,-1.953125,2.990723,6.469727
30185,-0.069580,-0.189209,0.994019,-1.770020,3.112793,7.995605
30198,-0.049805,-0.118652,1.000000,-2.258301,3.356934,10.437012
30207,-0.002686,-0.165771,0.988037,-1.953125,3.112793,11.108398
30217,0.004517,-0.141724,0.992065,-2.075195,2.685547,11.535645
30226,0.013306,-0.101440,1.056152,-1.586914,2.685547,12.268066
30236,0.040161,-0.177612,0.975708,-1.281738,2.807617,12.695313
30245,0.044922,-0.158325,1.003052,-1.708984,2.929688,13.000488
30256,0.040039,-0.151489,1.040771,-2.136230,2.868652,13.488770
30265,0.034180,-0.096313,0.967773,-2.746582,2.319336,13.854980
30277,0.015869,-0.087158,0.927856,-2.502441,1.953125,14.526367
30286,-0.025269,-0.147949,0.947021,-2.685547,1.770020,15.197754
30295,-0.065796,-0.050659,0.948242,-2.929688,2.014160,16.174316
30306,-0.055542,-0.095215,0.921265,-2.929688,2.258301,17.089844
30315,-0.059692,-0.086914,0.946289,-3.051758,2.563477,18.127441
30326,-0.039917,-0.122437,0.949951,-2.563477,2.624512,18.310547
30335,-0.020386,-0.197266,0.893311,-2.319336,1.586914,17.822266
30347,0.029907,-0.199341,0.972900,-2.258301,0.427246,15.930176
30356,0.011475,-0.199097,0.910400,-2.441406,-0.427246,14.465332
30366,-0.017456,-0.182007,0.933228,-2.685547,-0.366211,13.183594
30375,0.028931,-0.211426,0.968994,-2.868652,-0.732422,11.840820
30386,0.042725,-0.103638,1.036743,-2.746582,-0.915527,10.253906
30395,0.093384,-0.177002,1.029419,-2.258301,-1.831055,8.972168
30408,0.112793,-0.183960,1.050293,-1.525879,-4.028320,5.249023
30418,0.123657,-0.157349,1.075562,-1.220703,-4.699707,3.662109
30427,0.135986,-0.141113,1.034058,-0.793457,-5.310059,2.380371
30437,0.094238,-0.242920,1.015503,-0.305176,-5.676270,1.403809
30446,0.082886,-0.093750,1.049805,-0.061035,-5.432129,0.793457
30456,0.049438,-0.231689,0.979614,0.244141,-5.126953,0.305176
30465,0.039429,-0.183105,1.003296,0.305176,-5.126953,0.000000
30478,0.008057,-0.183716,1.014404,-0.061035,-5.493164,-0.732422
30487,0.039185,-0.212158,0.995117,-0.244141,-5.432129,-1.098633
30497,0.039063,-0.136353,1.032104,-0.732422,-5.676270,-1.831055
30507,0.021851,-0.161133,0.970093,-0.915527,-5.920410,-2.197266
30517,0.016724,-0.164307,1.029297,-1.281738,-5.920410,-2.136230
30526,0.021118,-0.126587,1.003906,-1.525879,-5.493164,-2.075195
30536,0.003418,-0.088257,0.983887,-1.708984,-5.310059,-1.892090
30546,-0.034668,-0.068481,1.037842,-1.708984,-5.004883,-0.366211
30555,-0.025269,-0.149658,1.068726,-1.037598,-4.882812,0.305176
30565,-0.056396,-0.203369,0.937866,-0.671387,-4.394531,1.220703
30576,-0.055542,-0.096436,1.031738,-0.793457,-3.417969,2.014160
30586,-0.034912,-0.207520,0.957642,-0.976562,-3.051758,3.295898
30595,-0.062500,-0.066040,0.968872,-1.220703,-2.563477,4.577637
30606,-0.061401,-0.161133,0.955933,-1.220703,-2.563477,5.371094
30616,-0.053711,-0.007446,0.995972,-1.403809,-2.258301,6.408691
30625,-0.078613,-0.216553,0.994751,-0.732422,-1.708984,6.225586
30635,-0.102539,-0.169189,0.963867,-0.854492,-1.586914,6.103516
30646,-0.139038,-0.054199,0.967163,-1.098633,-1.525879,5.676270
30656,-0.153809,-0.110718,0.890015,-1.403809,-1.098633,5.065918
30666,-0.162231,-0.010986,1.073608,-1.098633,-1.098633,4.638672
30676,-0.131714,-0.136841,0.937744,-0.488281,-0.732422,3.906250
30686,-0.102295,-0.024048,0.992554,-0.671387,0.366211,2.197266
30695,-0.060913,-0.081177,1.004761,-0.366211,0.183105,1.342773
30706,-0.022949,-0.080933,0.968262,-0.488281,0.183105,0.671387
30716,0.025635,-0.099487,0.958618,-0.183105,-0.061035,-0.366211
30726,0.084106,-0.088379,0.991455,0.122070,-0.549316,-1.464844
30736,0.122559,-0.193359,0.917358,0.122070,-1.037598,-2.136230
30745,0.137329,-0.089478,0.960815,-0.244141,-1.159668,-2.746582
30758,0.156006,-0.126099,1.047974,-0.854492,-1.892090,-4.333496
30768,0.092651,-0.267944,0.921387,-1.342773,-2.197266,-5.004883
30777,0.083374,-0.056030,1.041870,-1.708984,-2.563477,-5.493164
30787,0.040649,-0.178345,1.050659,-1.586914,-2.563477,-5.676270
30796,0.019653,-0.093384,1.088745,-1.708984,-1.892090,-6.286621
30806,-0.018921,-0.151001,1.008301,-1.953125,-1.281738,-6.225586
30816,0.049561,-0.065308,1.166992,-1.708984,-1.586914,-6.530762
30825,0.013550,-0.194824,1.016479,-0.915527,-2.014160,-7.507324
30837,-0.003784,-0.193115,1.029297,-0.732422,-2.685547,-7.751465
30847,0.025879,-0.055908,1.104248,-0.549316,-2.319336,-7.873535
30856,-0.001465,-0.126831,0.996582,-0.183105,-1.403809,-7.812500
30866,-0.016357,-0.043579,1.067139,-0.061035,-1.403809,-7.873535
30875,-0.005493,-0.163452,1.024658,0.244141,-0.976562,-7.934570
30886,-0.011353,-0.109009,1.004517,0.305176,-1.220703,-7.507324
30896,-0.002930,-0.157227,0.933838,0.488281,-0.915527,-6.286621
30906,-0.030762,-0.033813,0.939819,0.122070,0.000000,-4.333496
30915,-0.054810,-0.078735,0.989868,-0.183105,1.342773,-2.563477
30926,-0.056885,-0.203491,0.974243,-0.549316,1.892090,-0.915527
30935,-0.039795,-0.013184,1.037720,-0.732422,2.624512,0.549316
30946,-0.073364,-0.146118,0.964966,-0.549316,2.685547,1.525879
30955,-0.031982,-0.107666,0.955078,-0.366211,2.502441,1.647949
30965,0.005249,-0.263184,0.839355,-0.061035,2.319336,2.624512
30977,0.016235,-0.164795,0.948486,-0.793457,2.685547,3.173828
30987,0.022949,-0.025024,0.982178,-1.037598,2.319336,3.234863
30996,-0.000977,-0.199463,0.912598,-0.549316,2.441406,3.417969
31006,0.034302,-0.176880,1.042114,-0.122070,2.502441,3.540039
31016,0.005371,-0.228882,0.940674,-0.305176,2.441406,3.479004
31025,-0.019531,-0.112793,0.985229,-1.098633,2.441406,3.173828
31038,0.033813,-0.137573,0.964722,-1.586914,2.258301,2.990723
31047,0.052246,-0.189209,0.889160,-1.708984,2.014160,3.356934
31057,0.008789,0.014526,1.056885,-1.770020,1.892090,3.417969
31066,0.015991,-0.186890,0.879639,-1.647949,1.586914,3.601074
31076,-0.008423,-0.097778,1.026123,-1.220703,2.380371,3.906250
31085,0.032959,-0.269165,0.954468,-1.098633,1.220703,3.967285
31096,0.039185,0.017700,1.063354,-1.342773,1.220703,3.601074
31108,0.084595,-0.107788,1.104126,-0.305176,0.183105,2.197266
31120,0.060669,-0.247192,1.131226,0.244141,-0.366211,1.464844
31129,0.015137,-0.276611,1.002808,0.061035,-1.647949,0.183105
31139,0.046997,-0.070679,1.075684,0.305176,-1.037598,-0.732422
31148,0.030762,-0.296997,0.882446,0.427246,-0.671387,-1.037598
31158,0.044556,-0.200439,1.002441,-0.122070,-0.854492,-2.075195
31168,0.057007,-0.309204,0.907593,-1.647949,-1.770020,-2.197266
31177,0.100952,-0.215454,0.874512,-1.770020,-1.403809,-2.319336
31187,0.123169,-0.126709,0.981567,-2.380371,-1.586914,-2.502441
31197,0.076294,-0.269775,0.868286,-2.990723,-2.319336,-2.563477
31206,0.119141,-0.012573,1.005615,-3.906250,-2.014160,-2.990723
31216,0.090332,-0.219727,0.886475,-4.455566,-2.746582,-3.417969
31225,0.100342,-0.023682,0.989136,-5.004883,-2.868652,-3.540039
31236,0.072144,-0.109863,0.883179,-5.371094,-2.746582,-3.479004
31245,0.070190,0.028809,0.953735,-6.225586,-3.234863,-3.051758
31257,0.039551,0.112915,1.181030,-6.103516,-2.685547,-2.685547
31267,-0.017578,-0.089844,1.024658,-5.737305,-2.563477,-2.197266
31277,-0.051880,0.098633,1.064697,-5.310059,-2.685547,-2.075195
31286,-0.047729,-0.011230,1.056274,-4.760742,-2.380371,-2.258301
31296,-0.070190,-0.020752,1.016479,-3.906250,-1.831055,-2.136230
31306,-0.065186,-0.001343,1.104980,-2.929688,-1.770020,-1.708984
31315,-0.052368,-0.085571,1.013794,-2.136230,-0.854492,-1.037598
31327,-0.013184,-0.268677,0.848389,-0.549316,-0.671387,-0.427246
31337,0.031982,-0.160034,0.990356,-0.793457,-1.281738,-0.305176
31347,0.032471,-0.250610,0.822144,-1.159668,-1.281738,0.122070
31356,0.046509,-0.057617,0.961914,-2.197266,-1.586914,0.244141
31365,0.074097,-0.246338,0.927124,-2.258301,-1.831055,0.732422
31376,0.044312,-0.095459,1.014282,-2.319336,-1.708984,0.854492
31386,0.046265,-0.290649,0.906372,-2.197266,-2.014160,0.549316
31397,0.030396,-0.260010,0.902588,-2.380371,-2.197266,0.610352
31406,0.022705,-0.088867,1.029053,-2.441406,-2.502441,0.366211
31416,0.022583,-0.274292,0.967285,-2.197266,-2.563477,0.366211
31425,0.024658,-0.056763,0.995361,-2.563477,-2.441406,0.366211
31436,0.040771,-0.161377,1.004517,-2.807617,-2.685547,0.427246
31445,0.039917,-0.091187,0.965698,-2.929688,-2.380371,0.610352
31457,0.055176,-0.137573,1.001831,-3.173828,-2.258301,0.549316
31467,0.021973,0.071777,1.119263,-3.967285,-3.234863,0.061035
31476,-0.007446,-0.142822,1.027100,-3.601074,-3.234863,-0.366211
31486,-0.019531,0.074829,1.107300,-3.417969,-3.173828,-1.220703
31496,-0.009766,-0.108032,1.086914,-2.807617,-3.906250,-2.014160
31506,-0.056152,-0.063843,1.061523,-2.014160,-3.662109,-2.807617
31515,-0.007568,-0.018799,1.105835,-1.403809,-3.540039,-3.601074
31527,0.036011,0.030396,1.082153,-0.854492,-3.417969,-3.967285
31537,0.001221,-0.173096,0.949097,0.488281,-3.479004,-4.089355
31547,-0.004761,-0.128174,1.033569,1.464844,-2.807617,-3.784180
31556,0.046387,-0.123047,1.001343,2.075195,-2.746582,-3.540039
31566,0.038330,-0.289307,0.924316,2.502441,-2.990723,-3.356934
31575,0.031372,-0.121948,0.995850,2.502441,-3.417969,-3.112793
31586,-0.015991,-0.335449,0.851196,2.685547,-3.051758,-2.441406
31596,0.025635,-0.160400,1.008301,2.258301,-3.112793,-1.586914
31607,-0.030762,-0.160889,0.887695,1.281738,-2.624512,-0.671387
31617,-0.065430,-0.228882,0.941040,0.366211,-2.258301,0.122070
31627,-0.020142,-0.181763,0.921997,-0.671387,-1.831055,0.610352
31636,-0.026978,0.019653,1.064697,-1.220703,-1.831055,0.793457
31646,-0.068115,-0.296509,0.886841,-1.037598,-2.319336,0.793457
31656,-0.053833,-0.083496,1.005981,-1.159668,-1.770020,0.427246
31668,-0.062134,-0.072388,0.981689,-1.403809,-1.281738,0.549316
31678,-0.062622,-0.125244,1.018921,-1.281738,-1.037598,0.671387
31688,-0.065308,-0.259277,0.897461,-1.281738,-1.159668,0.976562
31697,0.008179,-0.069458,1.076294,-1.220703,-0.610352,1.525879
31707,-0.003174,-0.158203,0.983765,-1.037598,-0.976562,1.708984
31716,-0.031128,0.006104,1.065796,-0.915527,-0.793457,1.464844
31728,-0.016846,-0.099487,1.093262,0.061035,-0.061035,1.342773
31737,-0.093018,0.026855,1.082886,0.122070,-0.610352,0.915527
31747,-0.065308,-0.283936,0.884033,1.098633,-0.488281,0.671387
31756,-0.083862,-0.072266,0.922363,0.671387,-0.427246,0.549316
31766,-0.033325,-0.078491,0.960083,0.061035,-0.549316,0.549316
31776,-0.069702,-0.228882,0.850098,-0.305176,-0.427246,0.183105
31786,-0.036133,0.121826,1.061035,-0.549316,0.244141,0.061035
31797,-0.043701,-0.319214,0.927612,-0.854492,0.244141,-0.793457
31807,-0.040649,0.018311,1.070679,-1.281738,0.305176,-1.525879
31817,-0.036377,-0.191406,0.920654,-1.586914,0.366211,-1.953125
31827,-0.013916,0.032349,1.062378,-1.953125,0.671387,-2.136230
31836,0.006958,-0.199097,0.867432,-2.319336,0.549316,-2.685547
31846,-0.003784,0.026245,0.953247,-2.868652,0.610352,-2.929688
31856,0.033813,-0.161255,0.956665,-3.295898,0.671387,-2.807617
31866,0.012573,-0.014160,0.973633,-3.845215,0.427246,-3.173828
31876,0.056152,0.108887,1.154297,-4.821777,-0.488281,-4.638672
31888,0.013428,0.089600,1.168213,-4.272461,-0.061035,-5.310059
31897,0.074707,-0.134766,1.145508,-2.929688,-0.244141,-5.554199
31907,0.068604,-0.181885,1.016602,-2.258301,-0.732422,-5.676270
31916,0.105347,-0.085693,1.114502,-1.647949,-0.671387,-5.676270
31926,0.024170,-0.209717,1.002319,-1.098633,-1.037598,-5.554199
31937,0.004517,-0.133667,0.986450,0.000000,-1.159668,-5.065918
31947,-0.024414,-0.242432,0.887085,0.000000,-0.854492,-5.371094
31957,-0.044067,-0.113647,1.038818,0.122070,-0.244141,-5.798340
31966,-0.047485,-0.357300,0.893677,0.122070,-0.305176,-6.286621
31976,-0.110107,0.027954,1.082886,-0.366211,-0.061035,-6.896973
31987,-0.089111,-0.142212,1.083496,0.366211,0.183105,-7.385254
31996,-0.066406,-0.226318,0.923096,1.708984,0.854492,-7.690430
32006,-0.030273,-0.039185,1.077148,2.624512,0.915527,-7.751465
32016,-0.010254,-0.334839,0.885254,1.831055,0.732422,-7.629395
32027,0.020142,-0.052124,0.908569,1.098633,1.770020,-7.141113
32037,-0.039185,-0.185059,0.854004,0.610352,2.319336,-6.774902
32046,-0.035767,-0.116699,0.945557,-0.305176,2.380371,-6.713867
32056,-0.031250,-0.071899,0.937744,-0.427246,2.807617,-6.408691
32066,-0.019165,-0.012085,1.025879,-0.732422,3.356934,-5.920410
32076,-0.004272,-0.028564,1.040405,-0.610352,3.417969,-5.432129
32088,0.020508,0.039429,1.068726,-0.549316,3.723145,-4.394531
32097,0.041626,-0.148193,1.019775,0.000000,3.601074,-3.723145
32106,-0.020874,-0.222046,1.003662,0.061035,3.662109,-2.990723
32116,0.009888,0.024170,1.070557,0.000000,3.662109,-1.953125
32126,0.007935,-0.274292,0.829956,0.244141,3.906250,-0.671387
32136,-0.000977,-0.214600,0.847168,0.000000,4.089355,0.671387
32147,-0.004150,-0.141724,0.906738,-1.037598,4.699707,2.807617
32157,0.022095,-0.031616,1.014648,-1.220703,4.760742,3.784180
32167,-0.034668,-0.192627,0.923218,-0.549316,5.004883,4.577637
32177,-0.077393,-0.344482,0.864258,-0.854492,4.882812,4.760742
32186,-0.070557,-0.281860,0.753418,-1.586914,5.065918,4.638672
32196,-0.045166,-0.141602,0.872559,-2.807617,4.943848,4.882812
32206,-0.041870,-0.048950,0.993774,-3.662109,4.882812,4.333496
32217,-0.058228,-0.274292,0.954346,-3.784180,5.126953,3.662109
32227,0.001343,-0.052734,1.033569,-4.089355,4.516602,2.685547
32237,-0.008789,-0.288940,0.999756,-4.272461,4.272461,1.403809
32247,0.008057,-0.043335,1.087402,-4.760742,3.723145,0.671387
32257,0.123413,-0.059326,1.102173,-4.333496,4.211426,0.061035
32266,0.080200,-0.340576,0.928223,-3.784180,4.150391,-0.183105
32276,0.134155,-0.183960,1.072266,-3.601074,3.234863,-0.488281
32286,0.157593,-0.240234,1.029419,-3.967285,2.197266,-1.159668
32296,0.132568,-0.183228,0.967163,-4.760742,1.647949,-0.915527
32306,0.065674,-0.244629,0.967529,-4.699707,1.525879,-0.488281
32316,0.057495,-0.137329,0.949951,-5.187988,1.647949,0.244141
32326,0.087524,0.111816,1.114624,-5.371094,2.197266,1.037598
32336,0.043823,-0.205933,1.017700,-4.882812,1.525879,1.708984
32346,-0.012573,-0.091431,1.017212,-4.699707,1.037598,2.075195
32356,-0.000610,0.179443,1.103271,-4.272461,1.281738,2.624512
32370,-0.034058,-0.080933,0.972534,-3.234863,1.403809,3.173828
32379,-0.058472,0.125000,1.054199,-3.234863,1.953125,3.967285
32389,-0.061401,-0.147583,0.871704,-3.234863,2.197266,4.638672
32398,-0.065918,-0.018921,0.876099,-3.356934,2.502441,5.310059
32408,-0.016357,-0.077515,0.930298,-3.601074,2.319336,5.798340
32417,-0.065552,-0.218750,0.785522,-3.906250,2.014160,5.859375
32427,-0.013428,0.091431,0.993530,-4.699707,1.831055,6.469727
32437,-0.017578,-0.154175,0.962891,-4.150391,2.563477,7.080078
32447,-0.025024,-0.010132,1.132324,-3.356934,2.807617,7.751465
32457,-0.052246,-0.337891,1.007690,-2.502441,2.807617,8.666992
32467,-0.032837,-0.184204,1.005249,-2.014160,3.173828,9.643555
32477,0.009277,-0.069824,1.057007,-1.525879,2.929688,11.047363
32486,0.018433,-0.392334,0.755981,-1.037598,2.624512,11.352539
32497,0.036865,-0.047119,0.903931,-1.464844,1.281738,12.695313
32507,0.035889,-0.270142,0.840088,-1.098633,1.342773,13.000488
32517,0.056519,0.021240,1.041382,-1.464844,1.159668,13.000488
32526,0.016235,-0.130005,1.031982,-1.464844,0.427246,13.183594
32536,-0.035400,-0.251587,1.009155,-1.159668,0.793457,13.000488
32546,-0.011841,0.033936,1.183228,-0.976562,0.305176,12.268066
32556,-0.020386,-0.006714,1.166992,-0.427246,0.061035,11.962891
32566,-0.015259,-0.373535,1.012207,0.183105,-0.122070,11.535645
32576,-0.022705,-0.170044,1.028809,0.427246,-1.892090,10.620117
32587,0.068237,-0.128174,1.058105,0.793457,-2.868652,10.009766
32597,0.046753,-0.283447,0.903564,1.098633,-2.868652,9.399414
32606,0.083374,-0.112793,1.043579,1.098633,-2.868652,8.972168
32616,0.126343,-0.018555,1.126587,1.159668,-3.112793,8.300781
32626,0.077026,-0.239624,1.033813,1.586914,-3.845215,7.324219
32637,0.051147,-0.309937,1.007690,2.319336,-4.943848,5.554199
32647,0.140625,-0.166138,1.008545,2.075195,-5.737305,4.760742
32657,0.094727,-0.366699,0.869629,1.098633,-6.896973,3.601074
32667,0.098145,-0.132935,0.965088,0.000000,-7.446289,2.868652
32676,0.125732,0.033691,1.104736,-0.427246,-8.056641,2.136230
32686,0.074585,-0.097778,1.022827,-0.366211,-8.361816,0.915527
32695,0.025757,-0.236206,0.984497,0.061035,-8.239746,0.122070
32706,0.029785,-0.120605,1.012451,0.122070,-8.361816,-0.915527
32716,0.056763,-0.275146,0.947998,0.244141,-9.094238,-3.967285
32727,0.017334,-0.073853,0.926147,0.000000,-9.643555,-5.249023
32737,0.021118,-0.194702,0.932983,-0.244141,-10.131836,-6.530762
32746,-0.012573,-0.336914,0.870972,-0.549316,-10.070801,-7.568359
32756,-0.079468,-0.172241,0.917847,-1.220703,-10.070801,-8.483887
32766,-0.030273,-0.050903,1.023315,-1.037598,-9.094238,-9.460449
32776,-0.000610,-0.107178,1.049438,-0.793457,-8.666992,-10.253906
32786,-0.020020,-0.227905,0.925049,0.061035,-7.995605,-11.169434
32797,0.032593,-0.181396,0.902100,0.366211,-7.629395,-11.291504
32806,0.052368,-0.266235,0.822266,0.244141,-7.629395,-11.230469
32816,0.002319,-0.151611,0.875732,-0.366211,-7.507324,-10.925293
32826,-0.053101,0.049072,1.010620,-1.037598,-6.713867,-10.498047
32836,-0.073608,-0.074463,1.029297,-1.159668,-5.981445,-10.131836
32846,-0.057495,-0.176880,1.008057,-0.915527,-4.821777,-10.253906
32856,-0.106567,-0.101563,1.029175,-0.610352,-4.333496,-10.681152
32866,-0.056396,0.044067,1.166992,-1.220703,-4.272461,-10.559082
32876,-0.054199,-0.027588,1.097900,-1.770020,-4.272461,-10.131836
32886,-0.074951,-0.095459,1.060669,-1.464844,-3.540039,-9.460449
32896,-0.060425,-0.053589,1.076782,-0.976562,-2.319336,-8.728027
32906,-0.067505,0.044067,1.070557,-1.159668,-1.464844,-8.239746
32916,-0.034668,0.061401,1.059937,-1.586914,-1.586914,-7.873535
32926,-0.019409,-0.004761,1.075195,-1.892090,-1.220703,-7.141113
32936,0.067993,0.050171,1.090576,-1.708984,-1.708984,-7.019043
32946,0.040894,-0.069824,1.061646,-0.976562,-1.342773,-6.896973
32956,0.017578,-0.071045,1.062744,-0.427246,-1.647949,-6.774902
32966,0.016602,-0.156128,0.986450,0.305176,-1.464844,-6.652832
32976,-0.025269,-0.200317,0.991943,0.244141,-1.159668,-6.042480
32986,-0.063477,-0.255737,1.010132,0.061035,-0.976562,-5.310059
32996,-0.137451,-0.153198,0.985474,-0.610352,0.305176,-3.356934
33007,-0.177856,-0.059937,1.021362,0.427246,1.220703,-2.380371
33017,-0.149902,-0.303833,0.957031,1.220703,2.258301,-1.403809
33027,-0.135254,-0.215942,0.964722,1.586914,2.807617,-0.183105
33036,-0.072998,0.069580,1.244019,2.075195,4.150391,0.854492
33046,-0.059204,0.001709,1.198486,3.051758,3.784180,2.075195
33057,-0.069336,-0.185913,1.113892,6.347656,4.089355,2.868652
33067,-0.005737,-0.810181,0.128296,5.981445,4.150391,3.479004
33076,0.119873,-0.366699,0.276733,1.403809,3.173828,4.699707
33086,0.074097,-0.087280,0.536987,-3.784180,2.441406,6.103516
33096,0.035645,0.474609,1.192261,-6.835937,1.770020,6.103516
33106,-0.088501,0.236572,1.029663,-3.356934,2.685547,5.737305
33115,-0.133057,-0.328735,0.866943,0.305176,3.601074,3.234863
33126,-0.068848,-0.734619,0.594971,0.061035,3.051758,0.000000
33137,0.028564,0.142822,1.057617,-4.150391,1.831055,-4.394531
33147,-0.027954,0.292969,1.175903,-6.652832,0.488281,-3.967285
33156,-0.057129,0.134766,1.079346,-2.990723,1.464844,-2.319336
33166,-0.043213,-0.412964,0.935669,-1.403809,2.929688,-1.403809
33177,0.063965,-0.359131,1.031982,-3.173828,2.929688,-1.525879
33186,0.050781,-0.027344,1.213745,-5.432129,2.624512,-1.770020
33197,0.064331,0.216064,1.127441,-4.089355,1.647949,-1.953125
33207,0.139893,-0.387939,0.839478,-2.990723,1.770020,-1.708984
33216,0.145508,-0.292969,0.979736,-3.662109,0.427246,-2.502441
33226,0.142212,-0.031616,1.114136,-5.554199,-0.610352,-3.295898
33236,0.082520,-0.122070,1.097412,-6.530762,-1.525879,-3.784180
33246,0.070190,-0.081543,1.066895,-6.347656,-1.220703,-4.394531
33256,0.107666,-0.039307,1.034668,-5.920410,-0.549316,-4.821777
33266,0.124146,-0.149902,1.017090,-5.676270,-1.342773,-5.676270
33277,0.005127,-0.145020,1.041504,-5.859375,-3.112793,-7.446289
33287,0.019653,0.110107,1.009277,-7.751465,-2.929688,-7.507324
33297,0.059204,0.012939,1.013184,-8.117676,-2.136230,-7.324219
33306,0.045288,-0.182617,0.990356,-8.178711,-1.892090,-7.080078
33316,0.023315,-0.163574,1.035156,-8.117676,-1.770020,-6.835937
33326,0.039063,-0.109253,1.026978,-8.544922,-1.831055,-6.713867
33336,0.049927,-0.064819,1.031250,-9.216309,-2.136230,-6.652832
33346,0.029663,-0.086426,1.079224,-10.070801,-1.770020,-6.469727
33355,0.036743,0.233643,1.078613,-8.605957,-1.953125,-6.469727
33366,-0.012329,-0.178589,0.998535,-4.760742,-1.708984,-6.530762
33376,0.004517,-0.204346,0.971802,-2.441406,-1.281738,-6.591797
33385,0.065308,-0.047241,0.921021,-1.159668,-1.037598,-6.286621
33396,0.072998,-0.223999,0.868164,0.244141,-1.708984,-6.347656
33406,-0.010620,-0.377686,0.800781,-0.366211,-2.014160,-6.164551
33418,-0.031738,0.059814,0.902466,-0.671387,-1.281738,-6.286621
33428,-0.052124,-0.041870,0.913452,0.000000,-0.854492,-7.019043
33437,-0.120972,-0.217529,0.944580,1.281738,-0.671387,-7.141113
33447,-0.113403,-0.238159,0.929687,2.319336,-0.671387,-7.568359
33457,-0.086548,-0.126221,0.962402,2.929688,0.000000,-7.263184
33466,-0.010620,-0.073975,1.000610,2.624512,0.366211,-6.469727
33476,0.002441,-0.155884,0.958008,1.892090,0.610352,-5.859375
33487,0.033569,-0.104370,0.988037,1.464844,0.671387,-3.662109
33497,0.039185,-0.017334,1.110840,2.197266,1.464844,-2.502441
33506,-0.009644,-0.044556,1.212036,1.831055,2.197266,-1.220703
33516,-0.003906,-0.126953,1.179321,1.342773,2.380371,-0.610352
33525,-0.016602,-0.201538,1.098022,2.014160,2.014160,-0.427246
33536,-0.029663,-0.146484,1.004272,2.685547,1.831055,-0.427246
33545,0.016724,-0.018066,0.978394,3.295898,1.708984,-0.610352
33558,0.070801,-0.086670,1.079468,2.380371,0.793457,-0.488281
33567,0.086304,-0.173706,0.998169,1.037598,0.183105,-0.488281
33577,0.130005,-0.229736,0.923950,0.061035,-0.061035,-0.732422
33586,0.102417,-0.126343,0.949951,-0.244141,-0.549316,-0.976562
33596,0.096924,-0.098267,1.035889,0.244141,-0.793457,-1.525879
33605,0.102295,-0.054932,1.052124,0.061035,-0.976562,-2.441406
33616,0.058105,-0.054443,1.095093,0.183105,-0.427246,-3.417969
33625,0.014160,-0.098389,1.034058,0.000000,-2.319336,-5.065918
33637,-0.005005,-0.027954,0.944336,0.183105,-3.051758,-5.371094
33647,0.002441,-0.131592,0.928467,0.244141,-2.807617,-5.554199
33656,0.019165,-0.248169,0.961426,0.061035,-2.380371,-5.432129
33665,-0.026978,-0.099121,0.966064,-0.549316,-2.258301,-5.187988
33675,-0.044922,-0.001709,1.015991,-0.549316,-1.953125,-5.065918
33686,-0.075073,0.012329,0.984741,0.244141,-1.098633,-5.126953
33695,-0.041626,-0.149414,0.969604,0.488281,-0.671387,-5.859375
33705,-0.081665,-0.279785,0.863525,0.244141,-0.671387,-6.347656
33716,-0.081665,-0.188232,0.890747,0.061035,-0.610352,-6.286621
33726,-0.066772,-0.096558,0.917114,-0.366211,-0.061035,-6.225586
33735,-0.047974,-0.062500,0.982422,-0.610352,0.610352,-6.103516
33746,-0.070190,-0.058472,1.054199,-0.427246,1.159668,-5.249023
33756,-0.013794,-0.053955,1.084961,0.183105,1.770020,-4.699707
33767,-0.038208,-0.192505,1.001709,0.976562,2.563477,-3.784180
33777,-0.058716,-0.188354,0.966187,0.671387,2.868652,-2.075195
33787,-0.008423,-0.130249,0.971802,0.305176,2.990723,-0.915527
33796,-0.041626,-0.052368,0.987915,-0.122070,1.953125,-0.305176
33806,-0.011597,-0.030273,1.004395,-0.061035,2.502441,0.854492
33815,-0.023193,-0.096802,1.028442,-0.244141,3.662109,2.136230
33826,-0.040649,-0.145630,1.005249,-0.549316,3.906250,2.685547
33836,-0.110840,-0.162231,1.010132,-0.671387,3.967285,2.380371
33847,-0.045410,-0.129272,1.011475,-0.976562,3.784180,2.136230
33857,-0.037720,-0.034790,1.012573,-1.403809,3.540039,1.770020
33866,-0.025879,-0.067383,1.022705,-1.831055,2.990723,1.464844
33876,-0.044189,-0.108276,0.997314,-2.014160,3.051758,1.037598
33885,-0.067505,-0.123535,0.986206,-2.258301,2.746582,0.549316
33896,-0.065308,-0.051025,1.010864,-2.563477,2.502441,0.183105
33906,-0.058228,-0.008179,0.993530,-2.258301,3.173828,0.183105
33915,-0.063721,-0.072510,0.961182,-2.319336,3.173828,0.183105
33926,0.011475,-0.143555,0.963867,-2.441406,3.051758,0.305176
33936,0.015259,0.026611,0.998901,-2.563477,3.173828,0.732422
33946,0.020630,0.111450,1.025757,-2.380371,3.051758,0.610352
33956,0.023315,-0.043091,1.022095,-1.892090,3.234863,0.671387
33967,-0.007446,-0.237671,0.960571,-1.770020,2.929688,0.488281
33977,-0.091064,-0.036011,1.007690,-1.892090,2.929688,0.549316
33986,-0.074707,0.079956,1.035889,-1.586914,3.417969,0.427246
33996,-0.129395,-0.024902,0.980713,-1.098633,2.868652,0.976562
34005,-0.059814,-0.234863,0.888306,-0.793457,3.479004,1.281738
34015,-0.084473,-0.207397,0.905762,-0.915527,3.967285,1.525879
34026,-0.052979,-0.033569,0.964233,-1.403809,4.089355,2.319336
34036,-0.076294,-0.211548,0.711304,-1.770020,4.150391,2.441406
34045,-0.039551,-0.187500,0.758911,-2.685547,4.638672,2.441406
34057,-0.005005,0.118286,1.143921,-4.394531,4.272461,1.770020
34066,-0.090332,0.075439,1.226196,-3.967285,5.004883,1.525879
34076,-0.089233,-0.008667,1.208252,-2.746582,5.493164,1.281738
34085,-0.072266,-0.174805,1.141113,-1.220703,5.310059,0.854492
34095,-0.082642,-0.160278,1.176392,-0.549316,5.676270,0.732422
34106,0.018311,0.018188,1.189453,-0.183105,5.126953,0.610352
34117,0.034424,-0.184082,0.909668,0.366211,4.455566,1.953125
34127,0.057251,-0.283325,0.858154,1.647949,4.150391,2.441406
34136,0.192871,-0.205200,0.923584,1.159668,4.638672,2.807617
34146,0.181641,-0.086426,0.997314,0.488281,3.967285,3.173828
34156,0.122925,-0.084717,1.022461,0.122070,2.929688,2.868652
34165,0.120117,-0.173706,0.981445,0.061035,2.380371,2.319336
34176,0.136353,-0.260742,0.958374,0.000000,2.136230,2.197266
34187,0.042236,-0.186157,1.023315,0.244141,1.342773,0.976562
34196,0.037842,0.004639,0.968750,-0.427246,0.793457,0.915527
34206,0.023682,-0.031616,0.948486,-0.549316,0.305176,0.793457
34215,0.022827,-0.203979,0.880981,-0.549316,-0.183105,0.122070
34226,-0.036499,-0.200928,0.821777,-0.793457,-0.366211,-0.366211
34236,0.055420,-0.046021,0.897217,-1.342773,0.366211,-0.549316
34245,0.021606,-0.106079,0.962402,-2.014160,0.183105,-0.793457
34258,-0.032959,-0.046387,0.977783,-2.807617,0.793457,-1.708984
34268,0.054565,0.058716,1.041748,-2.563477,0.549316,-2.441406
34277,-0.026489,-0.004150,1.081543,-1.953125,0.122070,-2.868652
34287,0.030396,-0.202759,0.977295,-1.464844,-0.549316,-3.051758
34296,0.048584,-0.259155,0.903931,-1.403809,-0.976562,-3.051758
34306,0.054687,-0.141113,0.950317,-1.159668,-0.305176,-2.319336
34316,-0.010864,0.063599,1.017700,-0.671387,-0.366211,-1.586914
34326,0.034546,0.017456,1.005127,0.793457,0.427246,-0.732422
34335,-0.010132,-0.274536,0.989990,1.342773,0.244141,-0.854492
34346,-0.014526,-0.214355,0.994629,1.525879,-0.183105,-0.915527
34356,0.000732,-0.132324,1.050659,1.281738,0.427246,-0.976562
34366,0.028687,-0.058105,1.088135,-0.122070,0.183105,-0.610352
34376,-0.000244,0.016357,1.125366,-1.159668,0.366211,-0.305176
34386,-0.019043,0.046265,1.109741,-1.647949,-0.183105,-0.183105
34396,-0.086182,-0.004028,1.073975,-0.976562,1.831055,1.098633
34405,-0.083130,-0.042847,1.067505,-0.976562,1.831055,1.770020
34416,-0.026123,-0.143066,1.012207,-0.793457,1.708984,2.624512
34426,-0.057251,-0.159668,0.992065,-0.854492,1.831055,3.356934
34435,0.011353,-0.181152,0.899536,-1.159668,2.380371,4.211426
34446,-0.019287,-0.123535,0.832153,-1.770020,2.929688,5.249023
34456,0.018066,0.021240,0.936279,-2.807617,2.990723,5.615234
34467,-0.025635,-0.202637,0.856689,-3.417969,2.807617,5.493164
34477,-0.015015,0.014526,0.947632,-4.638672,1.831055,4.455566
34486,0.020752,0.081421,0.986938,-4.211426,1.464844,4.394531
34496,0.030640,-0.070435,0.952637,-3.601074,1.220703,4.394531
34506,0.010620,-0.107910,0.957886,-3.417969,1.464844,5.126953
34515,0.070068,0.011719,1.007446,-3.051758,1.159668,5.615234
34526,0.072998,0.006958,1.015991,-2.563477,0.427246,6.042480
34535,0.076782,-0.200073,0.918945,-1.586914,0.549316,6.591797
34547,0.055054,-0.147217,0.843384,-1.708984,0.000000,6.469727
34556,0.055420,-0.089355,0.914062,-2.075195,-0.427246,6.225586
34566,0.074219,-0.022827,0.984863,-2.990723,-1.342773,6.042480
34575,0.016235,-0.038696,0.956055,-3.540039,-1.525879,5.798340
34586,0.001587,-0.052490,0.953491,-3.051758,-1.403809,5.737305
34596,-0.019165,-0.023315,1.067749,-2.319336,-1.220703,5.920410
34608,-0.070679,-0.261353,0.979370,-2.197266,-1.525879,5.981445
34618,-0.089966,-0.269165,1.014893,-2.380371,-1.342773,5.981445
34627,-0.070679,0.015503,0.985840,-2.685547,-1.525879,5.615234
34636,-0.086548,0.000977,0.975098,-2.807617,-1.159668,5.126953
34646,-0.073242,-0.298340,0.983398,-2.990723,-1.342773,4.821777
34656,-0.003662,-0.146729,1.053101,-3.967285,-0.793457,3.967285
34665,-0.022949,0.040527,1.167480,-4.882812,-0.915527,3.112793
34678,0.043091,-0.111816,1.090088,-4.577637,-1.464844,1.953125
34687,0.065186,-0.010498,1.126343,-4.394531,-1.525879,1.464844
34697,0.020996,-0.048828,1.157959,-3.601074,-2.075195,0.854492
34707,0.112549,-0.126221,1.034790,-3.417969,-3.173828,0.488281
34716,0.025879,-0.199219,0.983887,-3.112793,-3.234863,0.183105
34725,0.059082,-0.230469,0.973389,-2.563477,-3.479004,-0.427246
34736,0.074097,-0.010620,0.996582,-2.380371,-3.234863,-1.220703
34746,0.041382,-0.001099,1.051270,-1.098633,-3.295898,-3.479004
34755,0.036621,-0.139648,0.997803,-0.610352,-3.967285,-4.699707
34766,0.093506,-0.390625,0.826782,-0.244141,-4.150391,-5.554199
34775,0.114624,-0.173584,0.835693,-0.854492,-4.516602,-6.164551
34786,0.135498,0.028320,0.890625,-1.892090,-5.432129,-6.896973
34796,0.084229,-0.247925,0.769043,-2.136230,-5.493164,-7.507324
34806,0.071899,-0.310791,0.735474,-2.502441,-5.676270,-8.056641
34816,0.037231,-0.092773,0.833252,-4.028320,-5.249023,-9.338379
34825,0.040039,-0.097778,0.968750,-4.211426,-4.760742,-9.887695
34836,-0.023437,-0.071045,1.037598,-3.906250,-4.211426,-10.192871
34846,-0.073853,0.028931,1.085327,-3.356934,-4.028320,-10.498047
34855,-0.093994,0.048096,1.089355,-2.502441,-3.723145,-10.253906
34866,-0.044434,0.021240,1.113525,-1.464844,-3.173828,-9.765625
34876,-0.047241,-0.105225,1.083130,-1.159668,-1.831055,-8.544922
34886,-0.033447,-0.110718,1.010376,-0.976562,-0.671387,-6.835937
34895,-0.088501,-0.056152,0.944580,-0.793457,-0.183105,-5.798340
34906,0.038574,-0.120361,0.972168,-0.610352,0.183105,-4.760742
34916,0.038208,-0.196167,0.948608,-0.976562,-0.732422,-4.272461
34926,0.013672,-0.059082,1.043091,-1.281738,-0.976562,-3.784180
34936,0.039673,0.079346,1.152100,-1.098633,-0.671387,-2.929688
34946,0.011597,-0.038696,1.072388,-0.610352,-0.366211,-2.075195
34957,0.021729,-0.225708,0.956787,-0.305176,0.122070,-1.159668
34966,0.016846,-0.124634,0.947876,-2.075195,-0.366211,-0.671387
34976,-0.028564,0.071533,0.962646,-3.051758,-0.976562,-0.305176
34986,-0.026367,0.145020,0.961914,-3.479004,-0.366211,0.061035
34995,-0.050659,0.018921,0.961548,-3.723145,-0.122070,0.488281
35006,-0.011230,-0.082642,1.005981,-3.540039,-0.122070,0.854492
35015,-0.054687,-0.011719,1.070435,-3.051758,0.427246,1.403809
35027,-0.036621,-0.079834,1.058838,-2.868652,0.671387,1.464844
35036,-0.018555,-0.142578,0.994263,-2.624512,1.220703,1.159668
35046,-0.044800,-0.083374,0.938843,-2.624512,0.549316,0.671387
35055,-0.027954,0.075439,0.985718,-2.441406,-0.183105,-0.305176
35066,0.024414,-0.023315,1.011719,-2.075195,0.000000,-0.793457
35076,-0.043945,-0.180664,0.878540,-1.586914,-0.183105,-1.647949
35086,0.006104,-0.104858,0.975098,-1.464844,-0.244141,-2.685547
35097,0.008789,-0.096313,0.989258,-0.427246,-0.244141,-4.455566
35107,0.041260,-0.255493,0.986938,1.037598,0.244141,-5.065918
35116,0.093750,-0.289673,0.943970,0.976562,-0.915527,-5.493164
35126,0.089233,-0.117432,1.000244,0.976562,-1.037598,-5.615234
35136,0.116089,-0.031860,1.035645,0.549316,-1.098633,-5.432129
35146,0.077393,-0.148071,0.966675,0.549316,-0.671387,-5.310059
35155,0.085327,-0.239746,0.937622,0.427246,-0.732422,-5.187988
35168,0.062866,0.007202,1.038818,-0.610352,-1.220703,-5.310059
35177,0.037720,0.007935,1.046143,-0.671387,-1.708984,-5.615234
35187,0.043701,-0.140137,0.973999,-0.610352,-1.770020,-5.737305
35196,0.020996,-0.240723,0.891113,-0.915527,-1.708984,-5.798340
35206,0.068726,-0.119995,0.946777,-1.220703,-1.281738,-5.859375
35216,0.029907,-0.069580,0.946777,-1.037598,-1.342773,-5.615234
35225,0.007446,-0.130493,0.922729,-1.403809,-1.281738,-5.554199
35237,-0.039795,-0.002686,1.014160,-1.953125,-1.281738,-5.371094
35247,-0.030762,-0.055664,1.019287,-2.258301,-0.976562,-5.554199
35257,-0.061523,-0.138306,0.970947,-2.502441,-0.549316,-5.310059
35267,-0.035156,-0.140625,0.974731,-2.502441,-0.366211,-5.249023
35276,-0.071655,-0.053101,0.945923,-2.136230,-0.366211,-4.821777
35286,-0.024414,0.023193,0.978638,-2.136230,0.610352,-4.577637
35296,-0.022217,-0.154907,0.949951,-2.685547,0.671387,-3.967285
35307,-0.091675,-0.101685,0.960327,-3.051758,0.915527,-2.258301
35317,-0.091309,-0.048584,0.931763,-2.563477,1.281738,-1.159668
35326,-0.035400,-0.069702,0.928833,-2.868652,1.586914,-0.244141
35336,-0.037476,-0.072510,1.004639,-3.662109,2.441406,0.915527
35346,-0.052246,0.028076,1.111816,-3.784180,2.136230,1.892090
35356,-0.064087,0.029541,1.106079,-3.051758,2.380371,2.502441
35365,-0.077026,-0.071533,1.028687,-2.258301,3.234863,3.417969
35375,-0.019165,-0.153076,1.037354,-1.708984,3.906250,4.455566
35387,0.028442,-0.086914,1.090332,-2.258301,3.173828,4.821777
35396,-0.016602,-0.093262,1.093018,-2.014160,2.807617,4.577637
35406,-0.010986,-0.210327,0.954956,-1.525879,1.953125,3.906250
35416,0.002197,-0.245239,0.918213,-0.976562,2.563477,3.234863
35426,0.013184,-0.192993,0.925537,-1.281738,1.892090,2.502441
35436,0.013550,-0.125122,0.979858,-2.136230,1.647949,1.892090
35446,0.041016,-0.083984,0.960571,-3.356934,1.281738,0.671387
35455,-0.027100,-0.143677,0.893677,-3.784180,1.281738,0.000000
35466,-0.024780,0.024048,0.935913,-3.723145,1.281738,-0.366211
35476,-0.022705,0.030151,0.983276,-3.723145,0.976562,-0.671387
35485,-0.066528,-0.181274,0.943604,-3.723145,1.037598,-1.159668
35495,-0.028076,-0.126099,0.933472,-3.601074,0.976562,-1.403809
35507,-0.048096,0.061035,1.069824,-2.380371,2.014160,-1.037598
35517,-0.034180,-0.095581,1.038574,-1.464844,2.136230,-0.427246
35527,-0.013062,-0.119873,1.060547,-0.732422,2.990723,-0.061035
35536,0.004028,-0.112793,1.077515,0.183105,3.173828,0.183105
35545,-0.004517,-0.116211,1.005249,0.854492,1.586914,0.122070
35556,0.034180,-0.050415,1.041382,1.159668,2.197266,0.244141
35565,0.035034,-0.057007,1.072754,1.342773,2.258301,0.061035
35576,0.050659,-0.140015,1.022095,1.525879,1.159668,-0.366211
35585,0.028198,-0.247314,0.973022,2.624512,1.098633,-1.464844
35595,0.025024,-0.231812,0.926270,2.441406,0.549316,-1.831055
35606,0.043213,-0.069458,1.011475,2.197266,1.220703,-2.014160
35615,0.043579,-0.143555,0.979492,2.441406,0.976562,-1.708984
35626,0.016602,-0.178833,1.014771,2.319336,0.854492,-1.220703
35635,0.028320,-0.183105,0.973511,1.647949,1.770020,-0.976562
35646,-0.000122,-0.101318,1.023560,0.854492,1.403809,-0.610352
35656,-0.020630,-0.012573,1.044800,-0.488281,1.953125,-0.305176
35665,-0.077881,-0.091797,0.906372,-0.854492,1.403809,0.061035
35676,-0.059937,-0.000244,0.917236,-0.854492,1.708984,0.305176
35685,-0.057617,0.111084,0.909058,-1.342773,1.831055,0.854492
35695,-0.024902,0.134644,0.938110,-2.563477,1.953125,1.708984
35705,-0.019897,0.019531,0.921265,-3.662109,1.953125,2.380371
35715,0.001587,0.098389,0.996826,-3.967285,2.685547,2.868652
35727,-0.044922,0.147949,1.047241,-4.089355,2.380371,4.211426
35737,-0.070190,0.155762,1.051758,-3.479004,2.868652,4.699707
35747,-0.078613,0.122559,1.029541,-2.624512,2.868652,5.249023
35756,-0.025635,0.072632,1.052246,-2.075195,2.685547,5.187988
35766,-0.041748,0.002075,0.961060,-1.464844,3.112793,5.126953
35775,0.004761,0.029297,0.970215,-1.464844,2.502441,5.126953
35786,-0.006348,0.010376,0.983032,-1.220703,2.563477,5.249023
35797,-0.004150,-0.078857,1.005127,-1.159668,2.868652,5.432129
35807,0.026367,-0.062744,1.111816,-1.342773,2.319336,5.187988
35816,-0.022461,-0.108765,1.017822,-1.098633,2.624512,4.882812
35825,0.010498,-0.043579,1.045288,-1.342773,2.441406,4.699707
35836,0.013306,0.026367,1.058594,-1.037598,1.953125,4.638672
35845,0.042480,-0.084473,1.029541,-0.793457,1.586914,4.760742
35856,0.014526,-0.142456,0.996582,-1.037598,1.464844,4.760742
35865,0.034790,-0.031006,1.016968,-2.014160,0.244141,4.150391
35877,0.067139,-0.156494,0.930054,-2.441406,0.488281,4.028320
35886,-0.002197,-0.154907,0.759521,-2.502441,-0.061035,4.577637
35896,0.042114,-0.398804,0.346802,-2.624512,0.061035,4.516602
35905,0.093262,-0.230591,0.768066,-5.065918,0.122070,4.516602
35916,0.110840,0.101685,0.923340,-9.338379,-1.159668,4.089355
35925,-0.031616,0.203125,0.647095,-12.084961,-1.831055,3.112793
35938,-0.087402,0.387817,1.163452,-10.559082,-0.610352,3.723145
35948,-0.106812,0.157227,1.300781,-6.652832,-0.061035,3.906250
35957,-0.185425,-0.002563,1.292114,-5.615234,0.122070,3.784180
35967,-0.091919,0.082031,1.270630,-6.774902,0.610352,4.333496
35976,-0.044434,0.087280,1.114868,-6.713867,1.708984,5.249023
35986,0.041870,0.166870,1.065552,-5.004883,1.953125,5.554199
35995,-0.006836,0.051270,0.943970,-3.479004,1.342773,5.249023
36008,0.038330,-0.016602,1.132446,-1.464844,-0.854492,2.197266
36018,0.055298,-0.139038,1.079834,-0.366211,-1.586914,0.488281
36027,0.071289,-0.253784,1.079102,0.244141,-1.770020,-0.732422
36037,0.120361,-0.302734,0.985229,-0.122070,-1.037598,-1.403809
36047,0.092651,-0.007690,1.091797,-0.915527,-1.953125,-1.708984
36056,0.081665,-0.015015,1.054688,-0.305176,-3.051758,-2.868652
36066,0.004761,-0.187744,0.949341,-0.061035,-2.685547,-3.723145
36075,-0.006958,0.137695,1.129517,-0.610352,-3.479004,-4.455566
36087,-0.050537,-0.115601,0.962769,-0.305176,-2.380371,-4.089355
36097,-0.043335,0.205688,1.109497,0.061035,-0.732422,-3.051758
36106,-0.004395,-0.157227,0.909546,0.183105,-1.159668,-2.685547
36116,0.008911,-0.005493,1.006470,-0.122070,-0.610352,-3.051758
36125,0.019043,0.006958,1.067749,-0.610352,-0.671387,-3.479004
36136,0.045044,-0.137817,0.931885,-1.220703,-1.403809,-4.699707
36145,0.075684,0.141846,1.073975,-1.953125,-3.112793,-6.835937
36155,0.053467,-0.060303,0.929199,-1.770020,-1.953125,-7.690430
36166,0.064453,0.058228,1.020386,-1.708984,-1.586914,-8.178711
36176,0.050293,-0.003296,0.967651,-2.014160,-2.319336,-8.178711
36185,0.121948,0.086792,1.026489,-2.136230,-2.807617,-8.361816
36195,0.057495,-0.007813,0.968506,-2.258301,-2.014160,-8.300781
36206,0.082520,0.178101,1.050293,-2.197266,-2.014160,-8.605957
36215,0.038208,-0.037231,0.916382,-1.831055,-1.708984,-7.995605
36225,0.051147,0.101685,1.034424,-1.342773,-0.854492,-7.629395
36236,0.029785,0.117554,1.014893,-1.647949,-0.122070,-6.652832
36245,0.018066,-0.054932,0.966309,-1.342773,-0.366211,-5.554199
36255,-0.001831,-0.046875,0.910889,-1.098633,-0.366211,-4.577637
36266,0.008057,-0.061035,0.921021,-1.403809,-0.122070,-3.845215
36276,-0.000366,0.005493,0.966309,-1.953125,-0.305176,-3.112793
36286,-0.004883,0.015625,0.884277,-3.112793,0.000000,-1.953125
36295,-0.045166,0.109497,0.958496,-3.112793,0.061035,-1.342773
36306,-0.077026,0.083984,0.995239,-3.051758,0.427246,-0.488281
36315,-0.067139,-0.029419,0.903076,-2.685547,0.915527,0.671387
36325,-0.052368,0.169678,1.036255,-3.051758,1.220703,1.525879
36336,-0.028320,0.020264,0.974365,-2.807617,1.892090,2.380371
36345,-0.049072,0.083740,1.027466,-2.807617,2.441406,3.295898
36358,-0.028687,0.059448,1.091797,-2.502441,2.929688,4.638672
36367,-0.040527,-0.126587,0.988037,-2.197266,2.929688,4.638672
36377,-0.027588,0.039307,1.094727,-2.258301,2.502441,4.394531
36386,-0.046631,-0.031860,0.998657,-2.258301,2.868652,4.882812
36396,-0.023193,0.115845,1.121216,-2.319336,2.319336,4.882812
36405,-0.043213,0.002197,0.982178,-1.892090,2.563477,4.699707
36415,-0.017456,0.026489,1.083862,-1.892090,2.319336,4.089355
36428,0.016602,0.054565,1.070801,-2.075195,1.892090,2.685547
36437,0.016113,0.074341,1.064087,-1.892090,3.784180,2.258301
36446,0.064819,0.011108,1.012939,-2.075195,0.732422,2.014160
36456,0.046021,0.082642,1.057373,-1.464844,2.685547,2.441406
36465,0.034424,-0.045898,0.970825,-1.037598,2.319336,2.563477
36475,0.049316,-0.004883,1.084717,-1.220703,1.831055,2.441406
36486,0.024902,-0.040161,1.002808,-1.770020,1.464844,2.807617
36495,0.018311,-0.000854,0.983276,-1.098633,0.671387,2.136230
36505,0.005737,-0.015137,0.942383,-1.464844,0.244141,2.380371
36515,-0.008301,0.088623,1.018311,-1.342773,0.244141,2.807617
36525,-0.036865,0.018311,0.937378,-1.220703,0.976562,3.173828
36535,-0.038208,-0.010498,0.926025,-1.342773,1.464844,3.540039
36545,-0.043823,0.061646,1.000732,-1.770020,1.159668,3.967285
36555,-0.027954,0.015625,0.911499,-1.953125,1.281738,4.272461
36566,-0.024536,-0.002075,0.942139,-2.441406,1.525879,4.577637
36576,-0.027710,0.036133,0.905151,-2.929688,1.708984,4.577637
36586,-0.001221,0.066284,0.964233,-3.112793,1.464844,4.394531
36595,0.001953,0.039307,1.010010,-2.990723,1.098633,4.089355
36606,0.005493,-0.021240,1.024536,-2.807617,0.610352,3.479004
36615,-0.021240,0.115723,1.124634,-2.441406,0.915527,3.051758
36625,-0.005005,-0.027710,1.013916,-1.770020,0.671387,2.807617
36635,0.039185,-0.002197,1.052124,-1.220703,0.732422,2.319336
36646,0.051880,-0.057617,0.969360,-0.427246,-0.366211,2.014160
36656,0.059326,0.059570,1.033813,-0.427246,-0.305176,1.770020
36665,0.043091,0.016846,0.986206,-0.732422,-0.671387,1.342773
36675,0.036377,-0.025269,0.968628,-1.098633,-0.366211,0.915527
36686,0.042603,0.064087,1.022705,-0.976562,-0.549316,0.793457
36695,-0.010376,0.019165,1.021851,-0.610352,-0.732422,0.549316
36708,0.001465,0.042236,1.055298,-0.427246,-0.854492,0.427246
36717,0.016602,0.023804,1.003052,-0.366211,-0.549316,0.244141
36727,-0.001343,-0.055542,0.974731,-0.183105,-0.854492,-0.122070
36737,0.020630,-0.027100,0.991455,0.000000,-0.915527,-0.671387
36746,-0.022949,-0.032104,1.003418,0.000000,-1.098633,-1.220703
36756,0.033936,-0.119629,0.937378,-0.183105,-1.159668,-1.464844
36766,0.004395,-0.014893,1.006958,-0.671387,-0.976562,-2.136230
36775,0.017090,0.055176,1.014526,-1.586914,-1.403809,-2.990723
36785,-0.007324,0.001709,0.955078,-1.647949,-1.586914,-2.990723
36796,-0.030884,0.076172,1.103882,-1.525879,-1.342773,-3.295898
36805,-0.022461,0.006836,1.033813,-1.220703,-1.159668,-3.417969
36815,0.016357,0.032593,1.052124,-1.098633,-1.098633,-3.295898
36825,0.028198,0.043823,1.081299,-0.366211,-0.549316,-3.051758
36835,0.044067,0.012939,0.918579,-0.488281,-1.037598,-2.685547
36845,0.044678,-0.031860,0.914062,-0.793457,-0.915527,-2.685547
36856,0.023804,0.011841,0.938354,-1.525879,-0.915527,-2.868652
36866,0.004395,-0.019043,0.985840,-1.831055,-0.671387,-2.746582
36876,-0.007813,0.040771,0.931396,-2.258301,-0.549316,-2.563477
36885,-0.012695,0.000488,0.999268,-2.197266,-0.793457,-2.319336
36895,-0.021118,0.035522,1.010986,-2.014160,-0.427246,-1.831055
36905,-0.027954,0.083374,1.050903,-2.136230,-0.366211,-1.342773
36915,-0.040161,0.065186,0.971191,-2.258301,-0.488281,-0.915527
36926,-0.072021,0.056519,0.921143,-1.831055,0.549316,0.488281
36935,-0.038330,0.027222,1.024536,-1.403809,1.037598,1.403809
36945,-0.036377,0.018311,0.958130,-1.037598,1.098633,2.380371
36955,-0.003296,0.029419,1.026245,-0.732422,1.892090,3.051758
36965,-0.011353,0.085937,1.023804,-0.732422,1.647949,3.723145
36975,0.007935,0.051636,1.108887,-0.366211,1.831055,3.967285
36985,-0.023315,-0.016602,0.982300,0.061035,1.464844,4.028320
36996,-0.008057,-0.044556,0.989258,1.037598,1.403809,3.784180
37006,0.002808,0.033081,1.045410,1.037598,1.281738,3.967285
37015,0.007080,0.016968,1.034180,1.464844,0.915527,4.211426
37025,-0.002441,-0.034546,0.986694,0.915527,0.793457,4.394531
37034,0.017334,-0.150635,1.007568,0.732422,1.037598,4.638672
37045,-0.005005,-0.104858,0.925415,0.610352,1.098633,4.943848
37054,0.020142,0.021729,1.023438,0.427246,1.770020,4.943848
37066,0.027344,0.046021,0.967407,0.000000,2.014160,5.004883
37076,0.002319,0.026245,1.030273,-0.976562,0.610352,4.394531
37085,0.008179,-0.004639,0.973022,-1.098633,0.305176,4.089355
37095,0.000610,0.031372,1.013916,-1.220703,0.305176,3.601074
37105,0.021606,0.050171,1.084106,-1.098633,-0.061035,3.051758
37115,-0.003662,0.043701,1.056152,-1.037598,0.000000,2.807617
37126,-0.002075,0.027344,1.007080,-1.098633,-0.427246,1.586914
37136,0.041382,-0.029175,0.965454,-0.854492,-0.061035,0.915527
37146,0.024536,-0.042725,0.935059,-0.854492,-0.549316,0.671387
37155,0.053833,0.013916,1.007690,-0.793457,-1.098633,0.366211
37165,0.051636,0.041138,1.093872,-0.854492,-1.342773,-0.366211
37175,0.044434,0.022095,1.049683,-0.854492,-0.671387,-0.915527
37185,0.002075,0.008057,1.032959,-0.732422,-1.220703,-1.342773
37195,0.041870,-0.039185,1.038086,-0.122070,-0.976562,-1.525879
37206,0.041382,-0.033569,0.968018,-0.549316,-1.403809,-1.770020
37216,0.008057,-0.012329,0.959351,-0.366211,-2.014160,-2.075195
37226,0.026978,0.018921,0.974121,-0.488281,-1.464844,-2.014160
37235,0.003418,0.069336,1.030273,-1.281738,-1.770020,-1.831055
37244,0.004761,0.056519,1.005493,-1.159668,-0.854492,-1.708984
37255,-0.028564,0.041382,1.007202,-1.220703,-0.915527,-1.525879
37265,0.001587,0.067383,1.026367,-1.220703,-0.732422,-2.197266
37275,0.032593,-0.061157,0.992798,-1.098633,-1.281738,-2.685547
37285,0.035278,-0.005615,0.946655,-1.220703,-1.464844,-2.990723
37295,0.011230,-0.072876,0.910156,-1.159668,-1.403809,-3.234863
37305,0.011108,-0.031738,0.930664,-1.159668,-1.403809,-3.417969
37315,-0.003540,-0.065430,0.964844,-1.586914,-0.915527,-3.540039
37325,-0.003052,-0.069824,0.932983,-1.831055,-0.976562,-4.028320
37335,-0.009766,-0.025024,0.959839,-2.014160,-1.220703,-4.577637
37345,-0.014771,-0.013184,0.959229,-1.831055,-1.159668,-4.882812
37355,0.003540,-0.023071,0.974976,-1.525879,-0.976562,-5.065918
37365,0.016235,-0.010742,0.958496,-2.075195,-1.586914,-4.943848
37375,0.013062,0.027100,0.969604,-2.136230,-1.098633,-4.821777
37385,0.026245,0.002686,0.959351,-1.953125,-1.037598,-4.455566
37399,0.042358,0.022339,1.015991,-2.441406,-0.671387,-3.540039
37409,0.010132,0.083984,1.043457,-2.746582,-0.549316,-3.417969
37419,-0.001587,0.090698,1.077026,-3.051758,-0.488281,-2.868652
37429,-0.013306,0.101929,1.083618,-3.234863,-0.610352,-2.380371
37439,-0.015747,0.035889,1.093506,-2.563477,-0.488281,-1.708984
37448,-0.017700,0.028809,1.072144,-2.441406,1.159668,-0.915527
37457,0.000977,0.037842,1.032837,-2.685547,0.427246,-0.122070
37466,0.013062,0.026001,1.050659,-2.685547,0.427246,-0.122070
37475,0.004517,0.036377,1.048950,-2.746582,-0.061035,-0.366211
37485,-0.008545,0.011597,1.060181,-2.563477,0.366211,-0.183105
37496,-0.035522,0.007324,1.068604,-2.746582,1.037598,0.000000
37505,-0.050781,0.017944,1.062866,-2.441406,1.159668,0.183105
37515,-0.056763,-0.038940,1.035645,-2.014160,0.366211,0.549316
37525,-0.025513,-0.084717,0.990356,-1.831055,0.366211,0.427246
37535,-0.003052,-0.049438,0.976807,-1.159668,2.197266,0.183105
37545,-0.010498,-0.012329,0.971069,-1.953125,0.366211,0.122070
37556,-0.006714,-0.006470,0.946533,-2.136230,-0.671387,-0.244141
37567,-0.003540,-0.027466,0.960815,-2.075195,1.037598,-0.610352
37576,-0.018188,0.050293,0.973145,-2.441406,0.915527,-0.854492
37586,0.006348,0.049927,1.004272,-2.258301,1.403809,-0.854492
37595,-0.015869,0.029541,1.002563,-1.953125,2.197266,-0.793457
37605,0.006226,0.032837,1.001099,-2.319336,0.976562,-0.122070
37616,0.012085,0.014404,1.022461,-1.586914,2.380371,0.732422
37626,0.014282,0.031372,1.004639,-2.014160,2.014160,1.098633
37635,0.020508,0.013062,0.991333,-1.770020,1.892090,1.220703
37644,0.024292,-0.028442,0.962158,-1.525879,1.708984,1.647949
37655,0.012573,-0.015015,0.989624,-1.525879,0.366211,2.014160
37664,-0.000854,0.019653,1.012573,-1.892090,1.403809,2.624512
37674,-0.013550,-0.019165,1.017090,-1.342773,3.112793,2.929688
37686,-0.029663,-0.023437,0.978516,-1.525879,2.197266,4.150391
37696,-0.000732,-0.081665,1.000488,-1.647949,2.075195,4.577637
37705,-0.022583,-0.071899,0.999023,-1.403809,2.258301,4.943848
37714,-0.002441,-0.053589,1.000610,-1.831055,1.464844,5.249023
37725,-0.024780,0.012329,0.992187,-2.563477,1.831055,5.737305
37734,0.006592,0.041626,1.020020,-2.258301,2.929688,5.126953
37745,-0.016724,0.073730,1.049438,-2.868652,2.502441,5.676270
37754,-0.021484,0.037354,1.050781,-2.685547,1.342773,5.432129
37766,-0.000366,0.034424,1.034424,-3.112793,2.624512,6.347656
37775,-0.022217,0.015869,0.998291,-2.075195,2.807617,6.713867
37785,0.000732,0.005005,0.993896,-1.953125,2.624512,6.713867
37795,-0.021729,0.017822,0.988525,-1.464844,3.479004,6.896973
37804,0.027222,-0.028076,0.991699,-0.854492,2.685547,6.958008
37815,0.006348,-0.020020,1.000000,-0.976562,2.746582,7.446289
37824,0.015015,-0.029175,0.974487,-1.220703,2.197266,6.896973
37837,0.006836,0.006104,0.979370,-0.488281,2.075195,6.225586
37846,0.001709,0.009644,0.999634,-0.366211,1.159668,6.225586
37856,-0.015137,-0.032104,0.970093,-0.366211,1.586914,6.408691
37865,-0.007324,-0.093018,0.966187,0.061035,1.708984,6.469727
37875,-0.027710,-0.013672,0.984497,0.122070,1.708984,6.469727
37885,-0.003906,0.023560,0.978516,0.061035,1.403809,6.408691
37894,0.003906,-0.007568,0.991577,0.488281,2.502441,6.469727
37906,0.015991,-0.068359,1.002563,0.732422,1.831055,6.408691
37916,0.007935,-0.010254,1.010986,0.427246,2.075195,6.347656
37926,0.025269,-0.048462,0.980347,-0.061035,1.953125,6.225586
37935,0.024048,-0.013184,0.975586,0.183105,1.342773,5.981445
37944,0.021240,-0.015503,1.030273,0.427246,1.525879,5.798340
37954,0.001099,-0.002319,1.033813,0.549316,1.037598,5.981445
37964,0.012939,-0.001587,1.030518,0.488281,1.037598,5.798340
37976,0.024902,-0.018921,0.978149,0.305176,0.549316,5.676270
37985,0.028320,-0.045776,0.989502,0.305176,0.549316,5.798340
37995,0.011475,-0.000366,0.981079,-0.061035,-0.061035,5.920410
38004,0.017822,-0.004395,1.019897,-0.061035,0.427246,5.798340
38014,-0.011963,-0.012451,1.012085,-0.183105,0.305176,5.798340
38025,-0.013672,0.029541,1.008667,-0.488281,0.610352,5.798340
38034,-0.010742,-0.057007,0.979736,-0.488281,0.427246,6.042480
38044,-0.021729,-0.008545,0.987061,-0.305176,0.732422,6.103516
38056,-0.012817,0.039551,1.018433,-0.427246,0.976562,6.103516
38065,-0.007690,0.013428,0.987427,-0.610352,0.793457,6.225586
38074,0.007935,-0.007568,0.981201,-0.610352,0.549316,6.530762
38084,0.024048,-0.032837,0.971313,-0.671387,0.915527,6.774902
38095,0.051636,-0.041260,0.977783,-0.549316,0.488281,7.080078
38104,0.058838,0.033447,1.011719,-0.671387,0.366211,7.324219
38116,0.052124,-0.060547,1.012695,-0.488281,0.488281,7.141113
38126,0.031128,-0.023315,0.988525,-1.037598,0.183105,6.774902
38136,0.027100,-0.020752,0.981934,-0.915527,0.061035,6.286621
38145,0.026855,0.043579,0.996826,-0.915527,-0.366211,5.737305
38155,-0.002075,-0.057251,0.942627,-0.976562,-0.854492,5.493164
38164,0.004639,-0.006104,0.990845,-1.220703,-0.793457,4.821777
38174,-0.003418,0.018677,0.992065,-1.525879,-0.549316,4.272461
38186,0.013550,0.005493,0.978638,-1.342773,-0.122070,2.990723
38195,0.029297,-0.055420,0.996582,-1.037598,-0.366211,1.831055
38205,0.021973,-0.039551,1.033081,-1.464844,-1.281738,0.610352
38214,0.064697,0.004272,1.046265,-1.647949,-1.831055,-0.915527
38224,0.080811,-0.039307,1.003662,-1.586914,-2.319336,-1.953125
38235,0.091309,-0.049561,0.982300,-1.281738,-2.014160,-2.746582
38244,0.089111,-0.018188,1.026611,-1.159668,-2.624512,-3.295898
38254,0.096191,-0.040161,1.017090,-1.220703,-2.990723,-4.150391
38265,0.085083,-0.042847,0.992065,-1.403809,-3.295898,-4.272461
38275,0.056885,-0.001953,1.031128,-1.159668,-2.807617,-4.455566
38285,0.020752,-0.037354,1.002563,-1.098633,-3.784180,-4.455566
38294,0.045288,-0.067871,0.970947,-1.281738,-3.906250,-4.760742
38304,0.034790,-0.010132,1.003662,-1.464844,-3.906250,-5.493164
38314,0.034058,-0.027466,1.019043,-0.854492,-3.112793,-6.103516
38324,0.025391,-0.046509,0.991211,-1.220703,-3.723145,-7.202148
38335,0.015869,-0.031982,1.015747,-1.159668,-4.150391,-7.263184
38345,0.019409,-0.083008,0.968018,-0.793457,-3.967285,-7.446289
38355,0.027832,-0.097534,0.986816,-0.976562,-4.028320,-7.446289
38364,0.008667,-0.068726,0.985474,-1.159668,-4.211426,-7.629395
38374,-0.012451,0.017456,0.991577,-1.586914,-3.845215,-7.812500
38384,-0.009521,-0.018066,0.965210,-1.647949,-3.845215,-7.751465
38394,0.011353,-0.042480,0.989136,-1.342773,-3.234863,-7.690430
38405,-0.010254,-0.005493,0.990112,-1.647949,-3.906250,-7.568359
38415,0.006226,-0.009888,0.984375,-1.647949,-2.685547,-7.568359
38425,-0.000854,0.057739,0.984863,-1.586914,-2.441406,-7.324219
38435,0.000244,-0.019043,0.948364,-1.342773,-1.953125,-7.446289
38445,0.032959,-0.028442,0.995117,-1.464844,-2.136230,-7.690430
38454,0.006470,0.025391,1.017212,-2.075195,-2.990723,-7.934570
38464,0.013306,0.000610,1.002441,-2.197266,-2.685547,-8.544922
38475,0.019775,0.010742,1.026978,-1.831055,-2.624512,-8.666992
38485,0.028809,-0.025757,1.037598,-1.220703,-2.502441,-8.972168
38495,0.030640,-0.057129,0.991211,-1.953125,-3.479004,-8.911133
38504,0.029053,0.052124,1.056641,-2.014160,-2.990723,-9.277344
38514,0.044434,0.005249,0.986694,-2.380371,-3.173828,-8.789063
38524,0.045410,-0.052368,0.956543,-1.647949,-2.990723,-8.911133
38534,0.015503,-0.001831,1.043335,-1.647949,-2.014160,-8.178711
38544,0.010132,-0.017334,1.016479,-1.953125,-3.112793,-8.056641
38555,0.001587,0.035034,1.027588,-1.770020,-2.258301,-7.629395
38564,0.004028,-0.026611,0.975464,-1.403809,-2.563477,-7.263184
38574,-0.014282,-0.040161,0.990479,-1.281738,-1.892090,-6.591797
38584,-0.045288,-0.007202,1.012695,-1.403809,-1.464844,-5.676270
38594,-0.060303,-0.037354,0.975464,-1.770020,-0.793457,-4.455566
38604,-0.087402,0.001587,1.004761,-1.586914,-0.122070,-2.136230
38614,-0.096313,0.018677,0.973145,-1.220703,-0.671387,-1.037598
38624,-0.068970,-0.047974,0.991211,-1.098633,0.427246,0.000000
38634,-0.072388,-0.000854,0.977173,-1.464844,1.220703,0.610352
38644,-0.048340,0.012939,0.993408,-1.525879,0.793457,1.098633
38654,-0.047363,-0.001709,0.956177,-1.525879,0.976562,1.892090
38664,-0.040405,0.023560,0.967041,-1.525879,1.831055,2.807617
38674,-0.027588,0.028076,0.999146,-1.586914,1.464844,5.126953
38685,-0.034180,0.032959,1.017944,-1.831055,2.990723,6.225586
38695,-0.027344,0.038208,0.979736,-1.831055,3.112793,7.324219
38704,-0.021484,-0.000732,0.996216,-1.525879,4.333496,7.995605
38715,-0.025269,0.002930,1.009888,-1.708984,2.441406,8.300781
38724,-0.025146,-0.028687,1.001831,-1.403809,3.112793,8.361816
38734,-0.001831,-0.005493,1.039063,-1.892090,0.976562,8.056641
38744,-0.015137,-0.038696,0.967773,-1.770020,3.417969,8.300781
38756,-0.002441,-0.004395,0.977051,-1.281738,2.563477,8.483887
38765,0.019165,-0.053345,0.999146,-1.220703,2.380371,8.666992
38774,0.003174,-0.052002,1.018799,-1.037598,3.479004,8.666992
38784,-0.011230,-0.019653,1.015137,-1.586914,2.502441,8.422852
38794,-0.030151,0.027832,0.997070,-1.892090,2.563477,8.300781
38804,-0.038940,-0.035278,0.946411,-1.831055,3.112793,8.056641
38814,0.001343,0.006958,0.977905,-1.281738,2.502441,7.141113
38825,0.033447,-0.053101,1.029785,-1.708984,1.708984,6.713867
38835,0.001953,-0.022339,0.991089,-2.136230,1.647949,6.103516
38844,0.057617,0.056763,1.034790,-2.441406,2.075195,6.042480
38854,0.029541,-0.027466,0.972290,-2.136230,0.854492,5.859375
38864,0.044312,-0.045532,0.999023,-1.525879,2.746582,5.615234
38874,0.019043,-0.034302,1.011963,-1.464844,0.732422,5.187988
38884,0.062988,-0.015381,1.041016,-1.892090,-15.563965,4.577637
38895,0.046753,0.000854,0.994019,-1.953125,0.000000,4.089355
38904,0.043457,0.003540,0.995728,-1.464844,0.427246,4.028320
38914,0.017944,-0.035645,0.995728,-1.098633,-0.183105,3.784180
38924,0.004395,-0.059570,1.007813,-0.976562,0.061035,3.417969
38934,-0.021118,-0.093628,0.994751,-1.220703,-0.122070,3.295898
38945,-0.017090,-0.036865,1.003662,-1.281738,-0.244141,3.112793
38954,-0.027222,-0.017212,0.970093,-1.403809,-0.244141,2.807617
38964,-0.019897,-0.041138,0.948853,-1.159668,0.000000,2.319336
38974,-0.013306,-0.010620,1.013550,-1.220703,0.244141,1.708984
38984,-0.012329,-0.007446,0.997803,-1.464844,0.122070,1.281738
38994,0.005859,-0.036499,0.983765,-1.647949,-0.244141,0.793457
39004,0.024414,-0.020752,0.992920,-1.647949,-0.122070,0.366211
39014,0.025879,0.002563,0.992065,-1.464844,-0.305176,0.061035
39026,0.028198,-0.061279,0.985474,-1.220703,-0.366211,-0.976562
39036,0.045044,-0.020264,1.039795,-1.708984,-0.793457,-1.464844
39045,0.047852,-0.010376,0.989990,-1.647949,-0.854492,-1.586914
39055,0.067139,0.030029,1.020874,-1.586914,-0.793457,-1.464844
39064,0.073608,-0.070557,0.960449,-1.098633,-0.915527,-1.220703
39074,0.066772,-0.021362,1.027222,-1.281738,-1.281738,-1.281738
39084,0.057251,-0.041504,0.992187,-1.464844,-1.342773,-1.342773
39094,0.030640,0.017456,1.043701,-1.647949,-1.953125,-1.770020
39105,-0.015503,-0.026978,1.010742,-1.342773,-2.014160,-2.197266
39115,-0.009521,-0.033691,0.997803,-1.586914,-2.136230,-2.441406
39125,-0.029053,-0.029419,1.010742,-1.403809,-1.647949,-2.746582
39134,-0.026978,-0.024292,1.003174,-1.281738,-1.586914,-3.051758
39144,-0.024902,-0.045654,0.962280,-1.403809,-1.647949,-3.356934
39154,-0.013184,-0.000732,1.015259,-1.708984,-1.892090,-3.662109
39166,-0.008301,0.000244,1.019287,-1.342773,-1.220703,-4.272461
39176,0.008423,-0.070312,0.986694,-1.403809,-1.403809,-4.394531
39185,0.018677,-0.038818,1.025635,-1.525879,-1.586914,-4.699707
39195,0.046143,-0.017822,0.999634,-1.770020,-1.647949,-4.821777
39204,0.036621,-0.029785,0.963257,-1.464844,-1.586914,-4.760742
39214,0.028564,0.006226,1.006714,-1.464844,-2.014160,-4.760742
39224,0.047607,-0.066895,0.962769,-1.159668,-2.258301,-4.516602
39234,0.008911,-0.037109,1.028687,-1.220703,-1.464844,-4.333496
39245,0.001099,-0.001465,0.995361,-1.464844,-1.647949,-4.089355
39255,0.004883,-0.011230,1.011230,-1.403809,-2.075195,-3.845215
39264,0.020508,-0.055908,0.974731,-0.793457,-1.525879,-4.028320
39274,-0.000244,-0.043701,1.016357,-1.098633,-1.525879,-4.150391
39284,0.035767,-0.048706,0.997559,-1.037598,-1.342773,-4.516602
39294,0.024658,-0.042725,0.965210,-1.464844,-1.831055,-4.943848
39304,0.035400,-0.054932,0.987061,-1.281738,-2.136230,-6.164551
39315,0.023926,-0.076904,1.006348,-1.525879,-3.051758,-6.713867
39325,0.046509,-0.072876,0.999023,-1.647949,-3.540039,-7.324219
39334,0.022095,-0.044922,0.991089,-1.464844,-2.441406,-7.812500
39344,0.012573,-0.056763,0.995728,-1.525879,-2.990723,-8.483887
39354,0.017456,-0.048584,0.981689,-1.403809,-3.662109,-9.033203
39364,-0.036499,-0.036621,1.004883,-1.464844,-4.272461,-9.216309
39374,-0.024170,-0.020142,0.988892,-1.220703,-2.929688,-8.911133
39385,-0.062012,0.002319,1.009766,-1.586914,-2.868652,-8.361816
39395,-0.023437,-0.021851,0.972534,-1.403809,-2.746582,-7.812500
39405,-0.062622,-0.036499,0.997681,-1.464844,-2.136230,-7.202148
39415,-0.027100,0.010742,1.014648,-1.892090,-2.563477,-6.958008
39424,-0.015869,-0.010864,0.977417,-1.892090,-1.708984,-6.408691
39434,-0.052246,0.010498,1.013916,-1.892090,-2.319336,-5.981445
39446,-0.021362,-0.064941,0.988037,-1.464844,-1.403809,-5.676270
39455,-0.065308,-0.004150,1.020020,-1.770020,-1.647949,-3.662109
39465,-0.020020,-0.014038,0.981689,-1.708984,-1.647949,-2.807617
39474,-0.066650,-0.019531,0.977417,-1.708984,-1.098633,-1.708984
39484,-0.054077,-0.021362,1.019165,-1.220703,1.464844,-0.915527
39495,-0.012207,-0.056641,0.976807,-1.586914,-0.061035,-0.122070
39504,-0.033081,-0.054199,0.996948,-1.342773,0.854492,0.854492
39514,-0.014282,0.005005,1.025757,-1.098633,0.915527,1.403809
39525,-0.015137,-0.022461,0.998169,-1.281738,1.220703,1.892090
39535,-0.004272,-0.000244,1.036133,-1.586914,-1.281738,1.770020
39545,-0.023193,-0.057007,0.967529,-1.342773,0.305176,1.525879
39554,-0.011963,-0.044678,1.007446,-1.586914,0.366211,1.525879
39564,0.005493,0.017334,1.026489,-1.647949,1.098633,1.647949
39575,-0.003540,-0.036255,0.944458,-1.586914,0.549316,1.525879
39584,-0.001465,-0.048218,1.000122,-1.586914,1.037598,1.525879
39596,-0.033447,-0.046753,0.985107,-1.831055,0.000000,1.831055
39605,-0.015625,-0.030518,1.000732,-1.831055,0.122070,1.220703
39615,0.000122,0.010986,1.028564,-1.647949,0.671387,1.281738
39624,-0.022217,-0.038574,0.959351,-1.403809,-0.488281,1.342773
39634,0.002441,-0.050781,0.999023,-1.098633,0.366211,1.098633
39644,-0.006226,-0.029541,1.059692,-1.342773,0.183105,1.159668
39654,-0.042236,-0.059570,0.990356,-1.647949,-0.305176,0.976562
39664,-0.033813,-0.039307,0.979736,-1.464844,-0.122070,1.220703
39674,-0.027832,-0.040283,0.963013,-1.159668,1.098633,1.403809
39684,-0.011597,-0.051636,0.973389,-1.220703,0.488281,1.464844
39694,0.010498,-0.001099,1.041626,-1.586914,0.915527,1.647949
39704,-0.019165,-0.005859,1.018555,-1.647949,0.122070,2.014160
39714,-0.017456,-0.066162,0.953979,-1.525879,0.732422,1.953125
39726,-0.009521,-0.033691,0.997314,-1.403809,1.342773,2.258301
39735,-0.018799,-0.019897,0.989990,-1.525879,-0.122070,2.258301
39745,-0.003906,-0.026489,0.986572,-1.220703,0.793457,2.014160
39755,0.000610,-0.036499,0.987427,-1.464844,1.220703,2.014160
39764,-0.012329,-0.030518,0.991943,-1.586914,-0.915527,2.075195
39775,0.011475,-0.045410,1.002930,-1.037598,2.136230,1.708984
39784,0.010864,-0.040039,1.018311,-1.831055,-0.732422,1.770020
39796,0.009155,-0.011719,1.005005,-1.403809,-14.160156,1.281738
39805,0.011353,-0.033325,0.973999,-1.220703,1.770020,1.098633
39814,0.014282,-0.037720,0.992554,-1.831055,-1.831055,0.549316
39825,0.004639,-0.059692,0.992432,-1.586914,-0.854492,0.549316
39834,0.001953,-0.051514,1.014771,-1.403809,-0.793457,0.122070
39845,-0.006592,-0.057251,0.991821,-1.525879,-0.793457,-0.488281
39855,-0.001587,0.002441,0.999756,-2.075195,-1.342773,-0.854492
39864,-0.013184,0.004517,0.990479,-1.831055,-1.403809,-0.854492
39876,-0.020996,-0.064819,0.975220,-1.586914,-1.892090,-1.159668
39886,-0.016602,-0.052856,1.005615,-1.770020,-1.403809,-0.854492
39895,-0.005249,0.020264,1.046631,-2.441406,-0.915527,-0.793457
39905,-0.015747,0.036743,1.015259,-2.441406,-1.037598,-0.671387
39914,-0.022217,-0.026001,0.932983,-2.197266,-0.793457,-0.427246
39924,0.000854,0.021484,0.955933,-2.319336,-0.549316,-0.305176
39936,-0.001221,0.154175,1.067017,-3.112793,-1.037598,-0.732422
39945,-0.019897,0.093262,0.996704,-3.051758,-2.197266,-0.793457
39955,-0.017212,0.052979,0.958618,-2.746582,-1.525879,-0.488281
39964,0.011841,0.097046,1.000244,-2.624512,-0.793457,0.000000
39975,0.010376,0.130493,1.038208,-2.624512,-0.793457,0.610352
39984,0.005371,0.121216,1.040161,-2.746582,-1.159668,0.976562
39994,-0.000732,0.080200,0.991333,-2.502441,-0.671387,1.098633
40004,-0.009155,0.097534,0.986816,-2.502441,-0.671387,1.098633
40015,-0.016602,0.085693,0.987061,-2.807617,-0.793457,0.793457
40025,-0.023560,0.089722,1.010986,-2.990723,-1.464844,0.732422
40034,-0.030518,0.102295,1.041138,-2.746582,-1.220703,0.976562
40045,-0.044800,0.062622,1.049316,-2.441406,-1.708984,1.281738
40054,-0.050659,0.015503,1.058472,-1.892090,-0.610352,1.953125
40064,-0.031738,-0.007324,1.039307,-2.014160,-0.610352,2.624512
40076,-0.036987,0.000366,0.953369,-2.075195,0.061035,3.662109
40085,-0.009888,0.004761,0.920410,-2.197266,0.183105,4.272461
40095,-0.045288,0.018433,0.941528,-2.136230,-0.427246,4.821777
40104,-0.060425,0.012573,0.996582,-1.892090,-0.366211,5.310059
40115,-0.076416,-0.008423,1.028809,-1.831055,-0.244141,6.164551
40124,-0.063232,0.026733,1.034302,-1.831055,-0.366211,7.080078
40134,-0.006470,0.020142,1.045898,-1.770020,0.488281,8.056641
40146,-0.033447,0.009766,1.000244,-0.793457,3.601074,9.582520
40156,-0.034058,0.016235,0.985596,-1.403809,0.122070,9.765625
40165,-0.031006,0.020264,0.978516,-1.098633,-0.061035,9.704590
40180,-0.087280,0.033203,0.966309,-0.854492,0.610352,9.582520
40189,-0.053345,0.040161,0.997070,-1.220703,1.281738,9.643555
40199,0.030029,0.043823,1.008179,-1.525879,0.976562,9.826660
40208,0.013672,0.059692,1.026489,-1.525879,1.159668,9.460449
40217,0.014526,0.049194,1.001831,-1.159668,1.159668,8.911133
40227,0.015625,0.043579,1.002686,-1.342773,0.366211,8.605957
40236,0.042114,0.045166,1.013062,-1.525879,0.000000,8.056641
40246,0.049072,0.047852,1.012817,-1.342773,0.549316,7.507324
40255,0.049072,0.041138,1.011963,-1.403809,0.244141,6.835937
40264,0.036133,0.039917,1.006714,-1.525879,-0.305176,6.164551
40274,0.013428,0.048218,1.006714,-1.708984,-0.305176,5.187988
40286,0.018677,0.076660,1.004761,-1.770020,-0.183105,3.417969
40295,0.027466,0.063721,1.023804,-1.525879,-0.244141,2.746582
40305,0.013184,0.021484,1.034424,-1.403809,-1.525879,1.953125
40314,0.026245,-0.066406,1.035767,-0.854492,-1.953125,1.037598
40325,0.040283,-0.111572,1.032104,-0.549316,-1.892090,0.244141
40335,0.075928,-0.119385,1.009644,-0.488281,-2.136230,-0.549316
40345,0.064331,-0.139404,0.983032,-0.305176,-2.868652,-1.281738
40356,0.030518,-0.085571,0.965576,-0.732422,-3.723145,-2.258301
40366,0.024292,-0.074585,0.970947,-0.915527,-3.845215,-2.380371
40376,0.004150,-0.064087,0.978760,-0.671387,-4.333496,-2.990723
40385,-0.022949,-0.049438,0.993042,-0.854492,-3.906250,-2.868652
40395,-0.045166,-0.052490,1.001831,-0.610352,-4.028320,-2.807617
40405,-0.048218,-0.058350,1.001343,-0.488281,-4.455566,-2.685547
40414,-0.040039,-0.056396,1.000000,-0.366211,-3.662109,-2.441406
40426,-0.050781,-0.087524,0.987427,-0.427246,-2.746582,-1.708984
40435,-0.060669,-0.118164,0.994995,-0.244141,-3.173828,-1.159668
40445,-0.051880,-0.074219,0.973999,-0.122070,-3.173828,-0.549316
40455,-0.070190,-0.074097,0.958130,-0.549316,-3.356934,-0.366211
40464,-0.077637,-0.020264,1.044434,-1.220703,-2.746582,-0.061035
40474,-0.085937,-0.078125,1.054688,-0.732422,-0.915527,0.671387
40486,-0.098145,-0.159424,1.082397,-0.793457,-4.089355,2.136230
40495,-0.071655,-0.220459,1.023438,0.061035,-1.403809,2.563477
40505,-0.045654,-0.160889,1.001831,-0.305176,-1.037598,3.051758
40515,-0.063599,-0.090454,0.959961,-1.159668,-1.098633,3.479004
40524,-0.071167,-0.086914,0.938965,-1.098633,-0.732422,3.784180
40535,-0.056274,-0.098022,0.968750,-1.342773,-0.183105,4.150391
40544,-0.042847,-0.076538,1.011353,-1.647949,0.244141,4.638672
40554,-0.041870,-0.064087,1.010986,-1.892090,-0.061035,5.126953
40566,-0.058350,-0.074585,1.008179,-1.708984,1.220703,5.981445
40575,-0.039551,-0.106934,1.006104,-1.281738,-0.122070,5.920410
40585,-0.021606,-0.107544,0.996094,-1.342773,-0.183105,5.981445
40595,-0.013428,-0.069214,0.989258,-1.159668,0.061035,5.676270
40605,-0.008179,-0.086060,1.002563,-1.159668,-0.854492,5.371094
40615,-0.023315,-0.100830,1.010376,-1.098633,-1.342773,5.187988
40625,-0.042847,-0.088745,1.028687,-1.098633,-1.037598,4.211426
40636,-0.087036,-0.021362,1.105347,-0.732422,0.488281,3.784180
40646,-0.116577,-0.013428,1.096313,-0.366211,0.305176,3.173828
40655,-0.121460,0.000000,1.088257,-0.244141,-1.464844,2.746582
40665,-0.116699,0.024780,1.065063,0.610352,2.563477,2.441406
40674,-0.110596,0.038330,1.015259,0.366211,-2.197266,1.953125
40685,-0.095581,0.018433,0.970703,1.464844,-0.549316,1.281738
40695,-0.070557,-0.011719,0.960937,1.525879,0.244141,2.014160
40706,-0.027344,-0.097290,0.948120,1.647949,0.793457,2.380371
40716,-0.029419,-0.144287,0.915039,1.647949,1.403809,2.807617
40725,-0.030151,-0.143433,0.925781,1.464844,1.464844,3.234863
40735,-0.039917,-0.115234,0.914673,1.220703,1.770020,3.173828
40745,-0.038574,-0.105225,0.907837,1.159668,2.685547,2.929688
40755,-0.036499,-0.120117,0.900269,1.037598,2.380371,2.624512
40767,-0.040527,-0.125977,0.917603,0.305176,2.563477,2.136230
40777,-0.032959,-0.130737,0.929321,-0.305176,1.831055,2.380371
40786,-0.020142,-0.146362,0.942505,-0.305176,2.990723,2.746582
40796,-0.008057,-0.165527,0.968384,-0.915527,1.586914,3.112793
40805,0.009033,-0.161865,0.989258,-0.976562,2.563477,3.356934
40815,0.033325,-0.149170,1.006348,-0.732422,2.624512,3.112793
40825,0.025635,-0.133545,0.998291,-0.915527,0.610352,2.685547
40834,0.016968,-0.102295,0.993286,-0.305176,1.647949,2.258301
40846,0.029541,-0.051147,0.964111,-0.244141,0.427246,1.892090
40855,0.029541,-0.056763,0.965942,-0.366211,0.793457,1.770020
40865,0.019165,-0.022827,0.964111,-0.549316,-0.244141,1.525879
40874,-0.004517,-0.010132,0.991699,-0.732422,-0.427246,1.220703
40885,-0.033936,-0.033936,1.000488,-0.488281,0.549316,0.854492
40895,-0.057861,-0.040039,1.010498,-1.037598,0.366211,1.098633
40907,-0.084961,-0.102661,1.010132,-0.671387,1.159668,1.220703
40917,-0.091797,-0.146851,1.018677,-0.549316,-0.976562,1.159668
40927,-0.089844,-0.448608,0.845215,0.366211,4.882812,1.464844
40936,-0.080688,-0.033936,1.024048,-1.342773,2.502441,2.197266
40946,0.010376,0.055908,1.030884,-1.708984,1.770020,2.502441
40955,0.057617,-0.305054,0.999512,-1.342773,0.427246,3.356934
40964,0.060547,-0.353149,1.095703,-0.610352,0.671387,3.295898
40976,0.075439,-0.259888,1.105835,-1.525879,0.610352,3.967285
40986,0.089722,-0.325928,0.985107,-1.037598,-0.427246,3.967285
40995,0.069580,-0.155640,0.986816,-1.098633,1.342773,3.295898
41005,0.033691,-0.061157,0.956055,-2.319336,-1.037598,2.990723
41015,0.024414,-0.089355,0.919067,-1.586914,0.244141,1.525879
41025,0.001221,-0.012451,0.966797,-2.319336,0.122070,0.488281
41034,0.013916,-0.028320,1.025024,-2.502441,-0.915527,-0.427246
41046,0.007813,-0.120361,1.028442,-1.892090,-0.854492,-2.624512
41056,-0.014404,-0.118042,1.009399,-1.831055,-0.122070,-3.540039
41065,0.011230,-0.173340,0.985840,-1.525879,-0.732422,-4.455566
41075,0.020020,-0.122070,0.965942,-1.831055,-1.281738,-5.554199
41085,0.021729,-0.095459,0.952759,-2.014160,-1.647949,-6.347656
41095,0.040771,-0.119141,0.960815,-1.708984,-1.708984,-6.958008
41105,0.031250,-0.096191,0.976074,-2.075195,-2.136230,-7.385254
41115,0.023682,-0.111206,0.993530,-2.197266,-2.380371,-8.117676
41126,0.012085,-0.088135,1.011597,-2.136230,-4.211426,-8.483887
41136,-0.004272,-0.107788,1.023926,-2.014160,-2.746582,-8.544922
41146,-0.036499,-0.142822,1.000854,-1.403809,-2.685547,-9.094238
41155,-0.080200,-0.119263,0.988403,-1.892090,-3.051758,-8.605957
41165,-0.081787,-0.099731,0.979248,-1.770020,-2.685547,-8.300781
41175,-0.046631,-0.097656,0.971191,-1.403809,-2.502441,-7.629395
41185,-0.042969,-0.080688,0.973511,-1.586914,-1.831055,-5.737305
41194,-0.027344,-0.075806,0.989014,-2.380371,-2.319336,-4.150391
41205,-0.001587,-0.011841,1.008789,-2.441406,-1.831055,-2.441406
41215,0.007446,-0.039551,0.988647,-1.770020,-2.441406,-0.976562
41225,-0.011108,-0.080200,0.968140,-1.342773,-2.746582,0.732422
41234,-0.040527,-0.098267,0.985596,-1.037598,-2.685547,2.563477
41245,-0.104004,-0.089111,1.000854,-1.037598,-2.075195,3.967285
41255,-0.165283,-0.076294,0.999512,-1.037598,-1.892090,5.737305
41264,-0.164062,-0.082764,0.893311,-0.671387,-0.671387,6.103516
41275,-0.325317,-0.161011,1.114502,-0.427246,0.305176,6.103516
41285,-0.265869,-0.110840,1.231567,-1.403809,0.976562,6.225586
41294,-0.229370,-0.023071,1.019775,-2.136230,1.953125,5.737305
41305,-0.233765,-0.088867,0.895264,-2.014160,2.746582,4.943848
41315,0.174072,-0.192871,1.215454,-1.770020,3.967285,4.333496
41326,-0.365845,-0.275024,0.968994,-0.976562,3.417969,2.319336
41335,0.199951,-0.226074,0.900757,-0.061035,3.112793,0.488281
41345,0.223511,-0.138916,1.225464,-1.098633,1.892090,-1.403809
41355,0.435059,-0.208252,1.226685,-2.868652,0.976562,-3.906250
41365,0.185303,-0.049561,0.787598,-3.234863,-0.610352,-6.042480
41375,0.282471,-0.378052,0.807739,-2.014160,-3.662109,-8.483887
41384,0.290039,0.054932,0.963013,-1.403809,-7.080078,-10.803223
41396,0.044312,-0.214722,1.119263,-1.342773,-8.422852,-15.502930
41406,0.253418,0.059448,0.997803,-3.234863,-6.286621,-15.686035
41415,-0.003052,0.032104,1.019043,-3.173828,-4.699707,-16.540527
41425,-0.094727,0.045776,0.875366,-2.197266,-5.798340,-19.287109
41435,-0.135864,-0.146362,1.040894,-1.098633,-7.629395,-22.644043
41445,-0.104370,-0.194336,1.135498,-0.976562,-8.483887,-25.878906
41455,-0.160645,-0.175903,1.097290,-1.647949,-9.338379,-28.503418
41465,-0.228638,-0.155518,0.971558,-1.770020,-9.399414,-32.897949
41474,-0.308838,-0.119019,0.835937,-0.793457,-8.117676,-33.691406
41485,-0.136963,-0.206421,0.964844,-0.549316,-7.324219,-33.874512
41495,-0.006714,-0.226929,0.989380,-0.671387,-6.652832,-33.142090
41505,-0.007813,-0.252319,1.044189,-0.915527,-6.408691,-31.921387
41515,0.021729,-0.201172,0.994141,-1.342773,-7.263184,-30.334473
41525,-0.007813,-0.193115,1.010132,-0.732422,-7.019043,-28.442383
41535,0.009644,-0.244507,0.959351,0.000000,-6.652832,-24.841309
41545,0.010864,-0.297607,0.979492,0.183105,-6.652832,-23.315430
41555,-0.141724,-0.297485,0.986694,-0.061035,-6.469727,-21.789551
41565,-0.238525,-0.230957,0.943237,-0.305176,-6.042480,-20.141602
41575,-0.317627,-0.195190,0.933472,-0.366211,-3.662109,-17.944336
41584,-0.330322,-0.194336,0.958252,-0.366211,-2.563477,-15.869141
41595,-0.264648,-0.151978,0.976807,-0.671387,-1.647949,-13.488770
41605,-0.212524,-0.066528,0.963989,-1.342773,0.915527,-7.873535
41615,-0.178833,-0.049805,0.953735,-1.281738,2.258301,-5.554199
41625,-0.117554,-0.054199,1.018555,-1.403809,2.807617,-3.479004
41635,-0.050537,-0.079956,0.842651,-1.708984,2.624512,-2.197266
41645,-0.079468,-0.195068,0.940796,-2.075195,2.685547,-0.854492
41655,-0.083130,0.061523,1.044189,-2.319336,2.197266,0.488281
41665,-0.231812,0.028198,1.121826,-2.075195,3.417969,2.014160
41677,-0.251953,-0.115234,0.929565,-1.159668,3.723145,4.150391
41687,-0.158691,-0.059448,0.949341,-0.854492,4.272461,6.469727
41696,-0.141602,-0.039429,0.986084,-0.366211,6.347656,10.009766
41706,-0.094849,-0.052734,0.960327,-0.488281,7.507324,13.305664
41715,-0.055176,-0.054810,0.947021,-0.915527,7.446289,16.113281
41725,0.026367,-0.038330,0.948242,-1.220703,7.873535,18.188477
41735,0.092896,-0.028442,0.954956,-1.647949,7.934570,20.141602
41745,0.085571,-0.038696,0.948364,-1.892090,7.446289,23.071289
41756,0.126099,-0.102661,0.998779,-2.075195,6.835937,23.620605
41766,0.176025,-0.113525,1.035400,-2.258301,5.615234,23.986816
41775,0.194458,-0.130493,1.046875,-1.892090,5.126953,23.559570
41785,0.168579,-0.140015,1.047241,-2.014160,2.136230,22.216797
41795,0.133667,-0.158691,1.041382,-1.525879,2.197266,20.019531
41804,0.157959,-0.188965,1.034790,-1.464844,0.488281,16.845703
41817,0.218628,-0.172607,1.021606,-1.281738,-0.122070,10.192871
41826,0.212280,-0.173340,1.003174,-1.770020,-2.868652,7.202148
41836,0.190308,-0.171265,1.005127,-1.892090,-3.662109,3.784180
41845,0.182251,-0.160034,1.035278,-1.708984,-4.943848,0.183105
41855,0.172119,-0.158081,1.056519,-2.136230,-8.361816,-2.685547
41865,0.146606,-0.162720,1.060791,-1.342773,-5.615234,-5.615234
41875,0.097900,-0.140259,1.057983,-2.197266,-9.765625,-7.751465
41885,0.031372,-0.035522,0.979858,-1.892090,-8.972168,-12.634277
41896,-0.013428,-0.045410,1.046753,-1.647949,-11.047363,-14.709473
41906,-0.061768,-0.062866,1.005615,-1.708984,-11.962891,-16.357422
41916,-0.109619,-0.040405,0.970581,-1.647949,-11.291504,-17.639160
41926,-0.147705,-0.056274,0.800049,-1.892090,-11.047363,-18.554687
41935,-0.070801,0.006958,1.024536,-2.014160,-10.925293,-18.554687
41945,-0.111938,0.102173,1.052490,-2.319336,-9.643555,-17.883301
41955,-0.229248,0.154541,1.016479,-3.051758,-9.399414,-16.906738
41966,-0.222534,-0.014038,0.955322,-2.990723,-10.192871,-15.869141
41976,-0.165161,-0.015747,0.988037,-2.685547,-8.605957,-14.343262
41985,-0.215088,0.002197,0.980225,-2.746582,-8.300781,-11.779785
41995,-0.281616,-0.023926,0.970459,-2.746582,-7.263184,-8.972168
42005,-0.274414,-0.043213,0.981812,-2.685547,-5.920410,-6.774902
42015,-0.245605,-0.021851,0.990479,-2.746582,-5.187988,-4.455566
42025,-0.258667,-0.002808,0.976685,-2.441406,-4.272461,2.441406
42036,-0.294800,-0.098755,0.964111,-1.647949,-1.831055,4.943848
42046,-0.303345,-0.106445,0.953369,-1.647949,-0.793457,6.652832
42055,-0.276367,-0.079224,0.956421,-1.770020,0.122070,8.728027
42065,-0.247070,-0.055542,0.967407,-2.014160,1.037598,11.169434
42075,-0.215210,-0.061646,0.965332,-1.708984,2.197266,13.427734
42084,-0.159180,-0.099243,1.001465,-1.525879,2.807617,15.380859
42097,-0.077759,-0.118408,1.037598,-1.464844,3.234863,18.981934
42106,-0.027588,-0.139526,1.027344,-1.586914,4.638672,20.751953
42116,-0.034790,-0.140015,0.995972,-1.525879,4.150391,21.789551
42126,-0.022339,-0.156250,1.002197,-1.647949,3.845215,22.521973
42136,-0.021729,-0.170166,0.986206,-1.525879,3.906250,23.132324
42145,-0.016113,-0.200806,0.982422,-1.586914,3.051758,23.193359
42154,-0.037231,-0.197266,0.965454,-1.831055,3.051758,22.888184
42167,-0.071045,-0.186157,0.993042,-2.380371,2.075195,22.216797
42177,-0.053711,-0.197876,0.995483,-2.380371,2.014160,21.972656
42186,-0.040649,-0.192993,0.983887,-2.258301,2.685547,22.155762
42196,-0.011597,-0.181763,1.095093,-2.258301,4.272461,21.850586
42205,-0.020142,-0.143921,1.211548,-1.953125,3.234863,21.606445
42215,-0.038208,-0.141724,1.225586,-0.854492,3.540039,20.629883
42225,-0.054199,-0.220947,1.144897,0.366211,3.051758,19.653320
42237,0.007568,-0.380737,1.155884,3.601074,1.831055,15.502930
42247,0.020874,-0.468750,1.070435,3.967285,0.305176,14.099121
42256,0.012817,-0.431030,0.979858,3.784180,1.159668,12.634277
42265,0.018799,-0.339478,0.890015,2.990723,0.915527,11.718750
42275,-0.012085,-0.241455,0.858643,2.502441,0.122070,11.169434
42285,-0.020996,-0.236572,0.848633,2.807617,-0.549316,10.559082
42295,-0.053223,-0.300903,0.839233,2.807617,-0.671387,9.948730
42307,-0.048706,-0.257446,0.911621,1.159668,-0.183105,9.399414
42317,-0.053101,-0.201904,0.908569,0.610352,-0.122070,9.216309
42327,-0.101929,-0.172607,0.864502,0.305176,-0.122070,8.422852
42336,-0.126343,-0.189453,0.816895,0.244141,-0.305176,7.385254
42346,-0.101563,-0.193237,0.825195,0.061035,-0.488281,6.408691
42356,-0.091553,-0.190186,0.893799,-0.427246,-1.037598,5.371094
42365,-0.108032,-0.163696,0.978271,-1.098633,-1.037598,4.333496
42375,-0.127686,-0.151733,0.986450,-1.464844,-1.342773,1.525879
42385,-0.127808,-0.146362,0.951172,-1.647949,-0.793457,0.488281
42395,-0.093506,-0.106567,0.901855,-1.831055,-0.610352,-0.488281
42405,-0.099854,-0.090576,0.963379,-1.708984,-0.915527,-1.342773
42415,-0.114136,-0.128784,0.946411,-1.403809,-0.427246,-2.258301
42424,-0.109009,-0.180786,0.921509,-1.464844,-0.427246,-2.624512
42435,-0.075806,-0.213135,0.926270,-1.770020,-0.244141,-2.929688
42445,-0.067139,-0.133545,0.994995,-2.563477,-0.427246,-3.845215
42455,-0.059570,-0.110596,1.003662,-2.319336,-0.122070,-4.211426
42465,-0.064819,-0.186035,0.984619,-1.953125,-0.610352,-4.699707
42475,-0.047363,-0.206665,1.023315,-1.892090,-1.220703,-5.004883
42485,-0.036011,-0.226685,1.020752,-1.892090,-0.915527,-5.126953
42494,-0.013794,-0.233643,0.999756,-1.892090,-1.220703,-5.065918
42505,-0.050903,-0.258911,0.930542,-2.014160,-1.586914,-5.065918
42515,-0.069458,-0.274902,0.965332,-1.464844,-1.953125,-5.187988
42525,-0.070801,-0.270508,0.956177,-1.220703,-1.159668,-5.310059
42535,-0.131470,-0.283203,0.926147,-1.281738,-0.793457,-5.065918
42545,-0.166382,-0.205444,1.007080,-1.892090,-0.366211,-4.821777
42555,-0.175903,-0.155396,0.971924,-1.647949,0.549316,-4.455566
42565,-0.188843,-0.174683,0.938843,-1.403809,0.793457,-4.455566
42575,-0.147827,-0.200806,1.014282,-1.342773,1.770020,-4.089355
42587,-0.153320,-0.169800,1.015015,-1.708984,2.136230,-3.295898
42597,-0.134888,-0.157349,0.982056,-1.403809,2.990723,-3.051758
42606,-0.152222,-0.137451,1.007813,-1.464844,3.234863,-2.929688
42616,-0.151855,-0.189819,1.031616,-1.342773,3.967285,-3.051758
42626,-0.155273,-0.224365,0.989136,-1.037598,3.906250,-3.417969
42635,-0.157104,-0.232788,1.003540,-1.037598,3.723145,-3.662109
42645,-0.154907,-0.198608,1.004028,-1.098633,3.845215,-4.272461
42657,-0.121460,-0.193970,0.969849,-0.854492,3.723145,-4.089355
42667,-0.067993,-0.172852,0.964966,-1.037598,4.150391,-3.234863
42676,-0.027710,-0.194580,0.955444,-1.037598,5.065918,-1.953125
42686,0.006592,-0.206421,0.941650,-1.037598,5.126953,-0.488281
42695,0.023926,-0.236328,0.957031,-1.281738,4.455566,0.549316
42705,0.065186,-0.206299,1.000244,-1.586914,4.882812,1.525879
42715,0.073120,-0.223267,1.015991,-1.708984,4.699707,2.563477
42727,0.036743,-0.162720,1.071167,-1.831055,3.906250,2.990723
42737,-0.001587,-0.224609,0.972778,-1.342773,3.845215,2.990723
42746,-0.035156,-0.237549,0.934814,-1.098633,3.540039,2.197266
42756,-0.049438,-0.154297,0.994263,-1.281738,3.784180,1.403809
42765,-0.115479,-0.158569,0.954468,-1.037598,3.662109,0.366211
42775,-0.110474,-0.130737,0.951172,-1.220703,4.211426,-0.610352
42785,-0.076660,-0.123901,0.963867,-1.037598,4.089355,-1.037598
42797,-0.036987,-0.076294,0.971558,-1.098633,3.906250,-2.563477
42807,-0.044556,-0.067383,0.940674,-0.915527,3.784180,-2.929688
42817,-0.057495,-0.129639,0.876709,-1.281738,3.417969,-3.356934
42826,-0.027100,-0.100220,0.847412,-1.892090,3.173828,-3.540039
42836,-0.035278,-0.151001,0.709106,-2.441406,3.967285,-3.540039
42845,-0.074829,-0.144409,0.687500,-3.906250,3.112793,-3.356934
42855,-0.056152,-0.027588,0.780396,-5.859375,3.540039,-2.868652
42867,-0.100708,0.201538,0.897827,-9.216309,3.173828,-1.281738
42877,-0.096924,0.307495,1.060669,-9.399414,3.662109,-0.427246
42886,-0.050537,0.238892,1.211182,-8.117676,3.967285,0.854492
42896,-0.017090,0.030762,1.215332,-6.896973,4.760742,2.014160
42905,0.065063,-0.050293,1.203125,-6.652832,4.211426,2.624512
42915,0.102783,-0.025879,1.193115,-6.347656,3.967285,3.234863
42925,0.087891,-0.014404,1.156738,-5.737305,2.990723,4.150391
42937,0.058960,-0.022705,1.178223,-4.699707,4.089355,7.141113
42946,0.035767,-0.042358,1.185547,-4.272461,4.150391,8.605957
42956,-0.008179,-0.016602,1.256714,-3.417969,4.394531,9.460449
42965,-0.099976,-0.129517,1.185425,-2.197266,4.089355,10.559082
42975,-0.161377,-0.264648,1.031250,-1.098633,4.760742,11.413574
42985,-0.102905,-0.184570,1.049316,-1.281738,5.615234,12.145996
42995,-0.152100,-0.095825,0.996338,-2.014160,5.676270,13.366699
43007,-0.142822,-0.099121,0.864258,-2.014160,5.981445,14.709473
43017,-0.215332,-0.103516,0.938843,-2.136230,7.141113,15.930176
43026,-0.229736,-0.140869,0.958374,-2.319336,7.629395,16.296387
43035,-0.180786,-0.147217,0.999634,-2.624512,8.483887,16.296387
43045,-0.241089,-0.068604,1.052734,-2.929688,9.094238,16.479492
43055,-0.148071,-0.068604,1.018799,-2.441406,9.765625,15.686035
43065,0.000854,-0.121094,0.991455,-1.586914,9.704590,14.892578
43077,0.090942,-0.109619,1.022705,-0.915527,9.094238,13.122559
43086,0.228149,-0.123657,0.984741,-1.037598,8.056641,11.840820
43096,0.204590,-0.123657,0.962158,-1.037598,6.896973,10.742188
43105,0.192261,-0.050537,1.010132,-1.464844,5.737305,9.582520
43115,0.253296,-0.069458,1.008789,-1.647949,4.394531,8.789063
43125,0.189453,-0.136475,0.968506,-1.464844,4.211426,8.361816
43135,0.166016,-0.079102,1.040405,-1.708984,3.173828,7.324219
43145,0.203979,-0.081787,1.045776,-1.708984,2.197266,5.920410
43156,0.071655,-0.120972,0.988159,-1.586914,0.488281,4.882812
43165,0.063843,-0.096558,1.021362,-1.831055,0.000000,4.028320
43175,-0.057129,-0.172119,0.948853,-1.647949,-0.366211,3.906250
43185,-0.122681,-0.150513,0.976929,-1.708984,-0.061035,3.723145
43195,-0.111572,-0.098633,1.025391,-1.953125,0.000000,3.417969
43206,-0.161865,-0.166870,0.972900,-1.770020,0.854492,3.540039
43215,-0.203369,-0.153320,0.981812,-1.770020,1.708984,3.967285
43225,-0.149292,-0.261597,1.077148,-1.403809,1.953125,4.333496
43235,-0.169922,-0.091431,0.929565,-1.403809,1.953125,4.089355
43246,-0.090576,-0.030762,0.970947,-1.464844,3.051758,4.333496
43255,-0.102783,-0.136841,0.948730,-0.915527,4.028320,4.882812
43265,-0.169189,-0.106567,1.010742,-1.220703,4.882812,5.187988
43275,-0.139771,0.000854,1.062256,-1.953125,5.004883,5.310059
43287,0.074097,-0.102905,0.930420,-1.037598,5.493164,7.385254
43297,-0.120972,-0.093872,1.036011,-0.427246,5.859375,8.422852
43306,-0.043701,-0.154419,0.881592,-0.427246,5.432129,8.911133
43315,0.177246,-0.131104,0.923828,-0.610352,5.920410,9.277344
43325,-0.062988,-0.168457,1.057495,-0.183105,6.225586,10.803223
43335,-0.143555,-0.065063,0.871216,-0.488281,6.347656,11.413574
43345,0.118530,-0.193970,0.824829,-1.586914,7.019043,12.145996
43357,0.026611,-0.265137,1.312256,-2.685547,6.164551,13.122559
43367,-0.066040,-0.106689,1.062134,-2.929688,5.004883,14.343262
43376,-0.156738,0.091675,1.123169,-2.624512,5.676270,16.357422
43385,0.403564,0.518799,0.395630,-0.732422,8.056641,19.348145
43395,0.227295,-0.465576,0.869629,1.525879,10.925293,22.949219
43405,0.070190,-0.548218,0.973511,0.732422,10.314941,24.841309
43415,-0.066895,-0.036377,1.226685,-2.380371,7.629395,24.291992
43425,-0.199707,0.098389,1.149292,-3.662109,3.906250,20.080566
43436,0.114990,-0.149902,0.893433,-0.244141,6.713867,21.667480
43446,0.182861,-0.141479,1.048340,-0.671387,8.483887,23.498535
43455,-0.145874,-0.151245,1.160278,-1.647949,7.812500,23.681641
43465,-0.073364,-0.049316,1.135254,-2.441406,7.141113,22.766113
43475,-0.139526,-0.087524,1.043213,-1.770020,7.019043,22.766113
43485,-0.068848,-0.121460,0.925781,-0.488281,6.652832,21.911621
43497,-0.036621,-0.197754,0.994629,0.305176,6.347656,23.437500
43506,0.013916,-0.114380,1.018555,-1.525879,7.568359,25.146484
43515,0.088867,-0.056152,0.965820,-2.319336,9.277344,27.221680
43525,0.146851,-0.105469,0.941650,-1.647949,9.094238,28.076172
43535,0.100708,-0.223633,0.965820,-0.793457,9.094238,28.869629
43545,0.061401,-0.229736,0.926270,-0.671387,7.019043,28.198242
43557,0.065674,-0.178589,1.007935,-1.403809,5.798340,27.038574
43566,0.100830,-0.152100,1.011963,-1.281738,5.920410,26.367187
43575,0.084595,-0.222290,0.970215,-0.976562,5.737305,26.916504
43585,0.055054,-0.222534,0.943481,-0.793457,5.310059,27.832031
43596,0.035156,-0.167969,1.005859,-0.732422,4.638672,27.648926
43606,-0.004150,-0.204712,0.983276,-0.244141,3.845215,27.648926
43615,0.029785,-0.239868,0.990479,-0.122070,4.150391,26.672363
43625,-0.004395,-0.239136,1.004028,-0.061035,4.638672,25.146484
43637,-0.036255,-0.225220,1.069702,0.061035,3.662109,18.127441
43646,0.002075,-0.321167,0.992187,0.854492,2.746582,13.549805
43655,0.067139,-0.292725,0.968262,0.000000,1.708984,9.582520
43666,0.077881,-0.203369,0.954224,-0.549316,1.464844,6.408691
43675,0.083008,-0.123535,1.018677,-0.793457,0.793457,3.723145
43686,0.098389,-0.177368,1.023193,-0.061035,0.610352,1.770020
43695,0.102783,-0.266113,1.008911,0.427246,0.366211,0.244141
43707,0.086914,-0.155518,0.987061,-0.061035,-0.427246,-2.563477
43717,0.123901,-0.125000,0.995728,0.061035,-0.976562,-3.967285
43726,0.133179,-0.227783,0.981812,0.427246,-1.281738,-5.187988
43736,0.156494,-0.230957,0.992310,0.549316,-2.075195,-5.615234
43745,0.137085,-0.196411,0.975220,0.183105,-1.892090,-6.042480
43756,0.121338,-0.101807,1.005615,0.061035,-2.685547,-6.103516
43765,0.117798,-0.140991,0.969360,0.366211,-2.197266,-5.615234
43777,0.071289,-0.216431,0.971436,0.183105,-1.464844,-2.746582
43787,0.026978,-0.152588,1.002930,0.183105,-0.732422,-1.281738
43796,0.009766,-0.180908,0.990356,0.366211,-0.427246,-0.061035
43806,-0.002075,-0.237671,0.963257,0.732422,-0.183105,1.525879
43815,-0.021729,-0.258667,0.943604,0.732422,0.244141,2.990723
43826,-0.042236,-0.222046,0.966309,0.488281,0.671387,4.699707
43837,-0.043701,-0.249878,0.988403,0.793457,1.831055,7.812500
43846,-0.104614,-0.243164,0.990967,0.915527,1.831055,9.277344
43856,-0.125244,-0.214966,1.038940,1.037598,2.075195,10.925293
43865,-0.098267,-0.290039,1.021118,1.464844,3.417969,12.634277
43875,-0.093018,-0.275513,1.066772,1.342773,4.150391,13.916016
43886,-0.072388,-0.190308,1.068970,1.403809,4.943848,15.441895
43895,-0.043457,-0.234131,1.071289,1.892090,5.493164,17.028809
43905,-0.009277,-0.247192,1.086792,2.502441,5.737305,18.493652
43916,0.020142,-0.310547,1.031250,3.295898,5.859375,21.240234
43926,0.027222,-0.313599,1.010742,4.394531,6.042480,22.644043
43936,0.030884,-0.323853,0.971802,4.211426,5.920410,23.742676
43945,0.019775,-0.332397,0.979126,4.028320,6.103516,24.780273
43955,0.030762,-0.313843,0.945923,3.906250,5.737305,25.817871
43965,0.046509,-0.296021,0.894043,3.540039,5.981445,27.038574
43977,0.042603,-0.373535,0.917725,3.112793,5.981445,29.663086
43986,0.071899,-0.378052,0.907104,2.746582,6.347656,30.700684
43996,0.090210,-0.302979,0.883301,2.319336,6.408691,31.616211
44005,0.061157,-0.320435,0.866821,1.892090,5.920410,31.677246
44015,0.038208,-0.322998,0.903320,1.464844,5.310059,31.555176
44026,0.018433,-0.315308,0.907104,1.159668,4.699707,31.311035
44036,0.022949,-0.270996,0.903320,0.427246,4.455566,30.944824
44045,0.061523,-0.306885,0.928833,-0.061035,3.784180,30.212402
44057,0.065063,-0.267090,0.906372,-0.732422,2.258301,28.076172
44066,0.109375,-0.262817,0.915894,-0.915527,1.892090,26.428223
44076,0.137695,-0.251465,0.946167,-1.220703,1.281738,24.780273
44086,0.182373,-0.264160,1.000488,-1.159668,0.610352,22.766113
44095,0.153320,-0.327026,0.979614,-1.098633,-0.549316,20.568848
44106,0.158691,-0.210449,1.075439,-1.098633,-1.403809,18.615723
44115,0.177490,-0.158813,1.137451,-0.915527,-2.258301,16.723633
44127,0.169067,-0.227539,1.048828,15.197754,-4.089355,13.122559
44136,0.200317,-0.256592,1.007935,0.183105,-4.516602,11.535645
44146,0.232300,-0.208862,1.024536,0.183105,-5.310059,10.559082
44156,0.226807,-0.218384,0.959717,0.671387,-6.408691,9.521484
44165,0.243896,-0.309204,0.867432,0.976562,-6.896973,8.544922
44175,0.206543,-0.375610,0.885132,0.671387,-7.568359,7.873535
44187,0.239136,-0.242554,0.978516,-0.915527,-8.728027,6.591797
44196,0.244263,-0.237183,0.958252,-0.793457,-9.582520,5.554199
44206,0.205566,-0.285645,0.938721,-0.366211,-10.192871,4.577637
44216,0.196289,-0.318604,0.925537,0.000000,-10.681152,3.662109
44225,0.165649,-0.270020,0.970093,-0.305176,-11.779785,2.197266
44235,0.150391,-0.316162,0.962036,-0.732422,-12.084961,0.061035
44245,0.139771,-0.290039,0.937134,-0.976562,-12.695313,-2.624512
44255,0.175415,-0.309570,0.978271,-0.671387,-13.000488,-5.798340
44267,0.171875,-0.413940,0.984253,-0.915527,-15.991211,-13.305664
44276,0.174316,-0.315674,1.021484,-1.525879,-17.639160,-18.066406
44285,0.216431,-0.339478,1.007202,-1.525879,-18.554687,-22.827148
44295,0.228638,-0.253052,1.025024,-1.464844,-19.409180,-26.977539
44305,0.245850,-0.246094,1.001343,-1.037598,-20.141602,-30.517578
44316,0.239380,-0.211548,1.007324,-0.854492,-20.935059,-33.996582
44325,0.229248,-0.234863,1.013306,-0.976562,-22.155762,-37.048340
44337,0.256104,-0.126709,1.020264,-1.403809,-22.644043,-41.870117
44346,0.269775,-0.232910,0.961914,-1.159668,-22.277832,-44.189453
44355,0.244263,-0.237305,0.998779,-1.464844,-22.644043,-46.142578
44365,0.243286,-0.158936,0.978882,-2.136230,-22.949219,-47.790527
44375,0.179932,-0.130981,1.013184,-2.807617,-24.291992,-49.743652
44385,0.181274,-0.102173,1.001831,-2.746582,-24.291992,-51.635742
44397,0.154907,-0.055664,0.963013,-2.380371,-22.644043,-52.856445
44406,0.197754,-0.100586,0.968506,-2.563477,-22.216797,-53.222656
44416,0.167480,0.018799,0.991211,-3.051758,-21.911621,-52.368164
44425,0.127686,0.003662,0.994019,-3.112793,-21.484375,-51.574707
44436,0.105225,-0.067749,1.013062,-2.746582,-20.446777,-51.086426
44445,0.102905,-0.071655,0.984741,-2.929688,-19.287109,-50.659180
44456,0.095337,-0.111450,0.965820,-2.929688,-18.920898,-50.781250
44465,0.072998,-0.099609,0.926636,-2.685547,-18.798828,-51.391602
44475,0.055054,-0.140259,0.947998,-2.563477,-19.165039,-51.513672
44486,-0.018311,-0.110840,0.980713,-2.502441,-18.066406,-50.170898
44496,-0.064087,-0.103149,0.937988,-2.807617,-16.967773,-47.668457
44506,-0.102905,-0.132568,0.924683,-2.502441,-15.075684,-44.616699
44515,-0.083374,-0.116333,0.963257,-2.258301,-13.366699,-40.832520
44525,-0.064087,-0.137329,1.004028,-1.831055,-11.291504,-36.743164
44537,-0.105469,-0.100708,1.004639,-1.403809,-9.399414,-30.029297
44547,-0.178955,-0.100830,0.971558,-1.037598,-9.216309,-27.526855
44556,-0.189697,-0.070435,0.967163,-1.037598,-8.544922,-25.390625
44566,-0.182251,-0.028320,0.962036,-0.488281,-7.324219,-22.888184
44575,-0.164429,-0.048340,0.994263,-0.061035,-6.225586,-19.836426
44586,-0.112061,-0.061035,0.999268,0.366211,-4.699707,-16.357422
44596,-0.090698,-0.126343,1.017456,0.488281,-3.417969,-13.061523
44605,-0.073730,-0.108887,1.026489,0.488281,-2.014160,-10.192871
44617,-0.093262,-0.045044,0.975220,0.061035,-1.037598,-6.042480
44626,-0.105469,-0.025513,0.953247,0.305176,-0.793457,-4.821777
44635,-0.109741,-0.078613,0.987915,0.366211,0.000000,-3.112793
44646,-0.095581,-0.044922,1.044556,-0.122070,0.061035,-1.953125
44655,-0.084961,-0.016602,1.114014,-0.366211,0.061035,-1.159668
44665,-0.096802,-0.073730,1.073486,-0.488281,-0.549316,-1.037598
44677,-0.051025,-0.084229,1.028076,-0.427246,-0.793457,-1.403809
44686,0.041992,0.021240,1.002197,-0.549316,-0.610352,-1.220703
44696,0.033325,-0.084839,1.031738,-0.488281,-0.549316,-1.403809
44705,0.052002,-0.126709,1.015869,-0.427246,-1.464844,-1.953125
44716,-0.023560,-0.170044,1.035522,-0.854492,-2.746582,-2.685547
44726,-0.030396,-0.305054,1.019653,-1.037598,-2.624512,-3.784180
44735,-0.054565,-0.043579,0.989014,-1.708984,-2.746582,-4.760742
44747,-0.045776,-0.020386,0.983154,0.000000,-3.601074,-6.408691
44757,-0.056641,-0.282227,0.915649,0.427246,-4.333496,-7.202148
44766,-0.044800,-0.270386,0.930420,0.122070,-4.211426,-7.568359
44776,0.033691,-0.211792,0.993774,-0.427246,-4.089355,-7.934570
44785,0.037354,-0.180664,0.993774,-0.061035,-3.601074,-7.873535
44796,0.010742,-0.221436,0.948486,0.305176,-4.760742,-8.422852
44805,-0.076782,-0.270996,0.900269,0.549316,-4.577637,-9.948730
44817,-0.069092,-0.294800,0.898071,-0.061035,-3.967285,-13.366699
44826,0.010864,-0.257202,1.012329,-0.061035,-4.455566,-14.892578
44836,-0.033447,-0.210083,1.042358,0.122070,-5.065918,-16.784668
44845,-0.030151,-0.260254,0.993896,0.183105,-5.554199,-18.188477
44856,-0.042480,-0.226440,0.968994,0.183105,-6.347656,-19.836426
44865,-0.002686,-0.247925,0.957764,0.305176,-5.432129,-21.057129
44876,-0.031250,-0.183228,0.966187,0.305176,-5.798340,-22.338867
44885,-0.072632,-0.162354,1.003418,0.366211,-6.103516,-23.681641
44897,-0.055298,-0.112549,1.015015,0.732422,-6.347656,-24.841309
44906,-0.037842,-0.163208,0.982544,0.732422,-4.638672,-24.230957
44916,-0.004761,-0.135010,0.992798,0.488281,-3.906250,-23.193359
44925,-0.002075,-0.149292,1.059814,0.366211,-3.417969,-22.277832
44936,-0.001587,-0.165161,1.047485,0.549316,-2.929688,-21.484375
44946,-0.037231,-0.142456,1.040405,0.610352,-2.807617,-20.568848
44955,-0.046509,-0.200684,0.991333,0.732422,-2.868652,-20.263672
44967,-0.105835,-0.199829,0.949707,0.976562,-2.868652,-19.470215
44976,-0.151245,-0.232666,0.948853,0.732422,-2.624512,-18.920898
44986,-0.156372,-0.223267,0.954834,0.732422,-1.342773,-18.188477
44995,-0.184082,-0.173706,0.967163,0.671387,-0.305176,-16.662598
45006,-0.178467,-0.184570,0.960449,0.549316,0.000000,-15.075684
45016,-0.169800,-0.090942,0.989746,0.305176,1.586914,-12.817383
45025,-0.180054,-0.110840,1.019775,0.549316,2.319336,-10.253906
45037,-0.121826,-0.223755,0.972900,0.976562,2.990723,-6.103516
45046,-0.121094,-0.216797,0.907104,1.281738,3.906250,-3.723145
45055,-0.138916,-0.164551,0.913574,1.342773,4.516602,-1.220703
45065,-0.165649,-0.233154,0.941284,1.342773,5.798340,0.976562
45076,-0.219849,-0.208130,0.930176,1.281738,6.408691,2.502441
45086,-0.231934,-0.140991,0.978271,0.976562,7.324219,3.906250
45095,-0.216064,-0.114502,1.022705,1.037598,8.178711,5.615234
45107,-0.195312,-0.231323,0.940552,1.098633,8.544922,8.178711
45116,-0.162964,-0.208740,0.968628,0.854492,8.789063,9.155273
45125,-0.140137,-0.181030,0.983765,0.488281,9.277344,10.314941
45136,-0.134644,-0.133423,0.991333,0.183105,8.605957,11.169434
45145,-0.150879,-0.153442,0.984253,0.305176,8.483887,12.145996
45156,-0.160889,-0.170776,0.981934,0.183105,9.399414,13.244629
45165,-0.148560,-0.127808,1.017456,-0.061035,9.948730,14.038086
45177,-0.108521,-0.166138,0.996338,-0.122070,9.338379,14.648438
45186,-0.113525,-0.163452,0.966675,-0.305176,9.216309,14.831543
45196,-0.104858,-0.169189,0.966797,-0.671387,8.544922,15.075684
45206,-0.074463,-0.105225,1.046265,-1.037598,8.789063,15.197754
45215,-0.058716,-0.077881,1.060059,-1.220703,8.483887,15.136719
45226,-0.054443,-0.104614,1.002197,-1.098633,8.422852,14.831543
45235,-0.088379,-0.083740,0.972534,-0.854492,8.056641,14.587402
45247,-0.138672,-0.119629,0.913452,-1.281738,8.544922,14.282227
45256,-0.145752,-0.191895,0.928589,-1.037598,7.873535,14.160156
45266,-0.126709,-0.103271,0.957886,-1.525879,7.690430,13.488770
45276,-0.107666,-0.023315,1.009644,-1.586914,7.324219,12.878418
45286,-0.082886,-0.056641,1.027710,-1.831055,6.835937,12.329102
45295,-0.064209,-0.103394,0.994019,-1.892090,5.981445,11.901855
45307,-0.045288,-0.121582,1.015625,-1.770020,5.737305,10.620117
45316,-0.088501,-0.022339,0.959839,-1.342773,5.432129,9.643555
45326,-0.055908,-0.015503,0.997192,-1.342773,5.371094,9.277344
45336,-0.015259,-0.085205,1.015259,-1.464844,5.065918,9.033203
45345,-0.038574,-0.191406,0.989136,-1.281738,5.310059,8.850098
45356,-0.031006,-0.163696,1.019775,-1.098633,4.882812,8.056641
45365,-0.010986,-0.084961,1.066040,-1.037598,4.516602,6.835937
45378,-0.009033,-0.210449,1.006348,-0.732422,3.234863,2.685547
45388,0.012085,-0.258423,0.999878,-1.098633,0.854492,0.488281
45397,-0.027222,-0.169800,0.971558,-0.610352,2.563477,-2.014160
45407,-0.003540,-0.180298,0.962402,-0.305176,1.281738,-4.211426
45416,-0.028931,-0.386353,0.728027,-0.183105,0.122070,-5.737305
45426,-0.023560,-0.375977,0.618042,-0.915527,0.915527,-6.774902
45435,0.013184,-0.232544,0.853394,-2.502441,0.305176,-7.141113
45447,-0.001343,-0.051758,1.007935,-3.173828,-0.671387,-9.948730
45456,-0.011719,-0.110229,1.141235,-3.234863,-0.915527,-12.695313
45466,0.052124,-0.031982,1.182373,-3.356934,0.366211,-14.526367
45475,0.093384,-0.069214,1.181274,-2.441406,-3.906250,-17.456055
45486,0.119507,-0.109253,1.062378,-0.793457,-1.586914,-19.348145
45495,0.130005,-0.172607,0.996338,-0.183105,-1.647949,-20.141602
45506,0.154175,-0.135254,0.976929,-1.098633,-2.136230,-19.653320
45515,0.136230,-0.085449,0.950562,-1.892090,-2.441406,-19.165039
45527,0.105103,-0.120850,0.875610,-1.037598,-4.028320,-18.981934
45537,0.112183,-0.201904,0.974731,-1.220703,-3.540039,-19.409180
45546,0.095947,-0.155640,1.024902,-1.831055,-3.540039,-20.568848
45556,0.069092,-0.121826,1.045166,-2.502441,-4.760742,-21.850586
45565,0.006836,-0.186768,1.053955,-2.136230,-4.638672,-23.071289
45576,0.003052,-0.160400,0.990723,-1.831055,-4.821777,-23.864746
45585,0.020142,-0.124390,1.025635,-1.220703,-3.845215,-24.475098
45597,-0.000977,-0.260254,0.947632,-1.159668,-3.723145,-24.841309
45606,-0.023071,-0.270020,0.980469,-1.525879,-3.784180,-25.207520
45616,-0.036011,-0.199097,0.948608,-1.892090,-3.967285,-25.451660
45625,-0.010010,-0.150879,0.960083,-1.586914,-3.662109,-25.268555
45636,0.014404,-0.203979,1.004028,-1.464844,-2.441406,-24.475098
45646,0.030029,-0.153931,0.971680,-1.525879,-1.586914,-23.437500
45655,-0.012695,-0.190063,0.999634,-2.075195,-2.685547,-22.705078
45667,-0.033447,-0.123169,1.002075,-1.647949,-1.525879,-20.690918
45677,-0.035156,-0.216553,0.937622,-1.037598,-0.061035,-19.714355
45687,-0.006470,-0.214355,0.973267,-0.976562,0.610352,-18.676758
45697,-0.043945,-0.176392,1.006470,-1.098633,0.610352,-17.639160
45706,-0.072144,-0.136963,1.008301,-1.098633,0.427246,-17.089844
45716,-0.062622,-0.129761,0.976807,-0.854492,0.915527,-16.052246
45725,-0.054932,-0.131592,0.929932,-1.098633,1.586914,-15.319824
45737,-0.053955,-0.140137,1.016602,-1.037598,2.075195,-13.427734
45747,-0.073364,-0.143311,0.998535,-0.854492,2.502441,-12.756348
45756,-0.093994,-0.204102,0.906250,-1.159668,2.746582,-11.779785
45766,-0.050781,-0.238525,0.952148,-1.220703,3.479004,-10.864258
45775,-0.067871,-0.214478,0.972168,-1.464844,4.089355,-10.375977
45786,-0.076294,-0.172119,1.004883,-1.708984,4.394531,-9.948730
45795,-0.085815,-0.199585,0.939941,-1.586914,4.150391,-9.643555
45807,-0.031860,-0.152588,0.984619,-1.892090,5.187988,-9.826660
45817,-0.026855,-0.193237,0.979980,-1.708984,5.371094,-10.070801
45826,-0.043823,-0.144043,0.987915,-1.892090,5.065918,-10.742188
45836,-0.048218,0.025146,1.060059,-1.831055,4.821777,-11.413574
45846,-0.081055,-0.192261,1.020508,0.000000,4.760742,-12.451172
45855,-0.008545,-0.421387,0.937378,1.159668,4.394531,-13.671875
45867,0.085205,-0.418335,0.906738,0.610352,3.784180,-15.075684
45876,0.132080,-0.167480,1.000366,0.671387,3.356934,-15.441895
45886,0.147339,-0.378418,0.919434,0.854492,3.234863,-15.197754
45895,0.177002,-0.266846,1.013062,-0.122070,2.807617,-15.014648
45906,0.192261,-0.168823,1.050049,-0.976562,2.929688,-15.136719
45915,0.101074,-0.036011,1.117554,-1.098633,2.441406,-15.075684
45925,0.023193,-0.081909,1.070313,-0.061035,1.770020,-15.502930
45936,0.011475,-0.210327,0.960449,0.976562,2.380371,-15.808105
45946,0.055908,-0.074585,1.091553,0.732422,1.159668,-15.319824
45956,0.042236,-0.018921,1.114258,0.976562,1.281738,-14.709473
45966,0.008179,-0.035645,1.050293,1.586914,1.586914,-13.854980
45975,0.044678,-0.086304,1.048096,2.197266,2.258301,-12.939453
45986,0.013916,-0.120850,1.019653,2.502441,2.807617,-11.962891
45995,0.038452,-0.083374,0.976318,2.319336,2.685547,-11.352539
46007,0.003418,-0.093750,0.961182,1.586914,2.807617,-9.460449
46016,-0.060181,-0.026489,1.007080,1.586914,2.685547,-8.972168
46026,-0.070312,-0.055786,1.025757,1.770020,2.929688,-8.056641
46036,-0.093018,-0.068359,1.068359,1.831055,3.173828,-7.141113
46045,-0.141479,-0.084351,1.016113,2.014160,3.662109,-6.103516
46056,-0.163452,-0.109131,0.962158,2.075195,5.187988,-4.943848
46065,-0.136719,-0.063232,0.991577,2.197266,5.493164,-3.601074
46075,-0.121460,-0.118042,0.959717,2.380371,6.225586,-2.075195
46086,-0.104858,-0.112549,0.980225,2.136230,6.774902,1.647949
46096,-0.082642,-0.119019,0.959473,1.770020,7.873535,2.990723
46105,-0.041748,-0.226074,0.862793,2.014160,7.934570,4.455566
46116,-0.034546,-0.187622,0.875977,1.892090,8.544922,6.225586
46125,-0.006836,-0.172363,0.921875,1.281738,6.469727,7.507324
46136,0.024902,-0.136230,0.951904,1.098633,7.202148,8.789063
46145,-0.001465,-0.032104,1.058105,1.037598,7.385254,10.070801
46157,-0.017456,-0.041748,1.104858,0.915527,6.958008,12.329102
46166,-0.073120,-0.029785,1.079956,1.892090,6.835937,12.878418
46175,-0.080933,-0.082764,1.009399,1.892090,6.713867,12.878418
46185,-0.094116,-0.027222,1.028320,2.441406,7.995605,13.244629
46195,-0.121704,-0.008667,0.981812,1.953125,5.004883,13.488770
46205,-0.128296,-0.074829,0.929565,2.197266,7.141113,13.122559
46215,-0.146606,-0.034790,1.054199,1.281738,5.737305,13.366699
46227,-0.132568,-0.130249,0.956421,1.525879,6.896973,13.793945
46236,-0.123901,-0.158813,0.951538,1.098633,7.019043,14.221191
46246,-0.056152,-0.172729,0.978516,0.915527,7.019043,14.160156
46255,-0.057251,-0.226196,0.972900,0.671387,7.202148,13.977051
46265,-0.029419,-0.158691,0.959717,0.305176,5.493164,13.732910
46275,-0.045166,-0.234009,0.960693,0.366211,4.577637,13.793945
46285,-0.016846,-0.314819,0.933960,0.366211,5.187988,13.488770
46295,0.019653,-0.302979,0.936035,-0.854492,4.699707,12.756348
46306,0.021118,-0.244385,0.955688,-1.342773,3.662109,12.329102
46316,0.059937,-0.202148,0.945068,-1.647949,3.540039,11.718750
46325,0.082764,-0.223267,0.963867,-1.708984,2.441406,10.864258
46335,0.075806,-0.246826,0.983154,-1.831055,1.831055,9.521484
46345,0.066162,-0.172729,0.977661,-2.136230,0.610352,7.934570
46355,0.026367,-0.169922,0.943237,-2.319336,-0.488281,6.225586
46366,0.051025,-0.172363,1.086792,-2.441406,-0.488281,2.685547
46376,0.039551,-0.136475,1.020264,-2.807617,-1.586914,1.098633
46386,0.041870,-0.122314,1.006836,-2.929688,-2.380371,-0.305176
46395,0.054077,-0.174683,0.989014,-3.112793,-3.112793,-1.586914
46405,0.085693,-0.205200,0.972534,-3.234863,-3.112793,-2.441406
46416,0.095093,-0.099976,1.031006,-3.906250,-3.479004,-3.295898
46425,0.041382,-0.149658,0.964355,-4.150391,-3.784180,-4.150391
46435,0.053833,-0.167725,0.965332,-3.784180,-3.479004,-5.371094
46447,0.034302,-0.179687,0.958252,-3.845215,-3.784180,-5.981445
46456,0.013306,-0.109619,1.065796,-3.479004,-3.479004,-6.408691
46466,-0.018555,-0.161011,0.997070,-3.356934,-4.028320,-6.591797
46476,-0.046753,-0.190796,1.016113,-2.868652,-4.272461,-6.652832
46485,-0.053711,-0.191650,1.031250,-2.258301,-3.784180,-6.408691
46495,-0.091431,-0.252930,0.998413,-1.831055,-3.051758,-5.920410
46505,-0.049072,-0.105469,1.063232,-1.708984,-2.075195,-3.295898
46515,-0.082520,-0.171021,1.028320,-1.770020,-1.525879,-2.014160
46526,-0.130005,-0.220703,0.956543,-1.892090,-0.488281,-0.915527
46536,-0.140869,-0.126099,0.979492,-2.136230,-0.122070,0.305176
46546,-0.130493,-0.095825,0.970215,-1.953125,0.732422,1.159668
46555,-0.141113,-0.178223,0.986328,-1.953125,1.220703,1.892090
46568,-0.119141,-0.140869,0.947632,-1.892090,1.647949,2.563477
46578,-0.086548,-0.020996,1.015503,-1.831055,1.708984,3.173828
46587,-0.163330,-0.098389,0.991089,-1.770020,2.441406,3.906250
46597,-0.153564,-0.142944,1.057617,-1.586914,3.112793,4.333496
46606,-0.216675,-0.099121,0.966309,-1.464844,3.540039,4.760742
46616,-0.189941,-0.140747,0.893066,-1.770020,4.150391,5.065918
46625,-0.189331,-0.093384,0.988281,-1.831055,4.089355,5.065918
46636,-0.184937,-0.178711,0.933594,-1.342773,4.455566,3.723145
46646,-0.138794,-0.128052,0.929932,-1.342773,5.004883,2.807617
46656,-0.069336,-0.152466,0.910522,-1.708984,5.371094,1.770020
46665,-0.062500,0.000366,0.954102,-2.075195,5.249023,0.915527
46675,-0.012695,-0.082642,0.953369,-1.892090,5.310059,0.183105
46686,0.015869,0.051758,1.073853,-1.708984,5.249023,-0.122070
46695,0.041016,-0.109497,0.967896,-1.342773,4.943848,-0.305176
46708,0.054321,-0.108154,0.981445,-0.610352,4.760742,-0.244141
46718,0.072754,-0.116333,1.047974,-0.671387,4.699707,-0.122070
46727,0.033447,-0.071777,1.060059,-0.549316,4.150391,-0.305176
46737,0.011963,-0.118164,0.986816,-0.305176,3.845215,-0.366211
46746,-0.025635,-0.103271,0.991943,0.183105,4.211426,-0.427246
46756,0.018311,-0.289185,0.892822,0.488281,4.150391,-0.427246
46765,0.014404,-0.204590,0.975098,0.061035,3.723145,-0.305176
46777,-0.014771,-0.157959,0.962280,-0.427246,3.967285,0.061035
46786,-0.061401,-0.170898,0.999512,0.061035,3.540039,-0.244141
46796,-0.086426,-0.218750,1.010498,0.671387,4.394531,-1.281738
46806,-0.098145,-0.164307,0.990234,0.854492,4.333496,-2.258301
46816,-0.050171,-0.230469,1.030396,0.854492,4.394531,-2.868652
46826,-0.037842,-0.109375,1.041138,0.366211,4.455566,-3.601074
46836,-0.037476,-0.172852,0.973999,0.366211,4.516602,-4.150391
46846,0.008057,-0.028442,1.034424,0.366211,3.967285,-4.699707
46856,0.084106,-0.183594,0.999756,0.000000,3.906250,-5.004883
46866,0.170288,-0.164307,0.897827,-0.671387,2.990723,-4.821777
46876,0.130127,-0.148926,0.908081,-1.525879,2.441406,-4.455566
46886,0.126099,-0.109253,0.967773,-2.380371,2.380371,-3.784180
46895,0.093262,-0.151733,0.930298,-2.990723,2.746582,-2.807617
46906,0.065796,-0.092529,1.007568,-3.173828,3.417969,-1.647949
46915,0.014648,-0.140747,1.033325,-3.234863,2.868652,15.197754
46927,-0.001831,-0.161865,0.954468,-2.990723,3.173828,1.464844
46936,-0.000366,-0.143921,0.945679,-2.807617,2.807617,2.868652
46946,0.003784,-0.136353,0.983276,-2.746582,3.356934,3.784180
46956,-0.048218,-0.211060,0.924072,-2.563477,3.845215,4.943848
46965,-0.023804,-0.151123,0.936279,-2.929688,3.723145,5.981445
46976,0.006958,-0.134766,0.942505,-3.173828,3.967285,6.896973
46985,-0.018311,-0.074219,0.993530,-2.990723,4.516602,7.812500
46997,-0.047363,-0.147705,0.966309,-2.563477,4.028320,7.690430
47006,-0.032837,-0.164795,0.991089,-2.380371,3.479004,7.080078
47016,-0.015259,-0.031860,1.120361,-1.892090,3.723145,5.737305
47025,-0.070801,-0.262695,0.992798,-1.281738,2.563477,4.760742
47036,-0.047974,-0.209106,1.021362,-1.220703,2.502441,4.028320
47046,0.027344,-0.249756,0.933960,-0.915527,4.638672,2.868652
47055,0.038940,-0.091431,1.026978,-2.075195,2.502441,2.868652
47067,0.041992,-0.141235,1.071899,-1.159668,2.380371,0.183105
47076,0.068726,-0.367188,0.908081,-0.854492,1.586914,-0.915527
47086,0.069824,-0.198730,1.013550,-1.403809,-0.061035,-1.953125
47095,0.079468,-0.355469,0.962402,-1.342773,0.915527,-2.746582
47106,0.069702,-0.193481,1.027710,-1.892090,-0.793457,-3.845215
47115,0.047974,-0.271729,0.960693,-1.770020,0.122070,-4.516602
47128,0.042969,-0.308228,0.933350,-1.892090,0.061035,-5.126953
47138,0.107666,-0.159546,1.002930,-2.319336,-1.464844,-5.981445
47147,0.072021,-0.305298,0.876099,-2.868652,-0.122070,-6.042480
47157,0.139282,-0.129639,0.961792,-3.112793,-0.915527,-6.713867
47166,0.120605,-0.255737,0.880493,-3.784180,-1.098633,-6.774902
47176,0.180664,-0.011597,0.997192,-4.333496,-1.220703,-6.652832
47186,0.142822,-0.143188,0.885254,-4.455566,-1.770020,-6.469727
47195,0.214111,-0.025513,1.018921,-4.821777,-1.647949,-5.920410
47207,0.177368,-0.014771,1.110107,-4.760742,-2.441406,-3.295898
47217,0.082275,-0.148437,0.935059,-4.150391,-1.586914,-1.953125
47227,0.111328,0.045776,0.982788,-4.211426,-1.953125,-0.305176
47236,0.021606,-0.100708,0.951294,-4.394531,-2.319336,1.525879
47246,-0.005493,0.070435,1.049805,-3.784180,-2.441406,2.563477
47256,-0.109253,-0.115967,0.867432,-3.295898,-1.892090,3.906250
47266,-0.113892,0.119141,1.018311,-2.929688,-1.220703,5.737305
47276,-0.113403,-0.052734,1.008423,-2.563477,-0.305176,6.225586
47286,-0.134766,-0.077759,1.066040,-2.197266,-0.366211,5.798340
47296,-0.133911,-0.096313,1.014526,-1.831055,-0.793457,5.249023
47306,-0.079834,-0.081665,1.034546,-1.647949,0.305176,5.615234
47316,-0.058960,-0.205322,1.003418,-0.854492,0.671387,5.187988
47326,-0.061646,-0.226929,1.022095,-0.732422,1.037598,4.577637
47336,-0.021484,-0.288208,0.929687,-1.281738,-0.122070,3.356934
47347,0.026123,-0.234497,0.858643,-1.586914,-0.854492,2.807617
47357,0.032837,-0.073975,1.018433,-1.831055,-1.159668,2.990723
47366,0.058105,-0.240112,1.003418,-2.197266,-1.403809,3.417969
47376,0.094238,-0.062256,1.107544,-2.075195,-0.427246,3.662109
47386,0.075195,-0.150513,1.074341,-2.197266,-0.671387,4.089355
47396,0.114380,-0.074463,1.081299,-2.624512,-0.793457,4.638672
47408,0.077637,-0.178345,1.033569,-1.342773,-1.953125,4.394531
47418,0.023926,-0.087036,0.988525,-1.281738,-2.197266,4.394531
47428,0.050415,-0.183716,0.947144,-1.770020,-2.563477,3.906250
47437,0.013184,-0.029541,0.978516,-2.441406,-3.173828,3.417969
47449,-0.000366,-0.203491,0.902954,-2.441406,-2.868652,2.746582
47458,-0.031372,-0.171021,0.901245,-2.502441,-3.784180,0.915527
47468,0.009766,-0.137939,0.919556,-2.868652,-3.784180,-0.244141
47478,0.026978,-0.132812,0.926514,-3.662109,-4.394531,-1.342773
47488,0.036377,-0.087646,1.053345,-3.479004,-4.455566,-2.441406
47497,0.079712,-0.207886,1.044312,-3.234863,-5.187988,-3.112793
47507,0.043213,-0.067139,1.011963,-2.685547,-5.554199,-3.723145
47517,0.038086,-0.150757,0.965576,-2.075195,-4.821777,-3.906250
47527,0.071411,-0.219971,1.009888,-1.403809,-4.455566,-4.028320
47536,0.110962,-0.112671,1.116211,-0.915527,-4.638672,-4.150391
47546,0.090942,-0.264160,0.997437,0.061035,-6.530762,-3.784180
47558,-0.000610,-0.256836,0.878052,1.159668,-2.990723,-2.380371
47567,0.006226,-0.291260,0.888428,0.732422,-6.774902,-1.281738
47576,-0.025269,-0.190308,0.881836,0.671387,-3.234863,0.183105
47586,-0.096313,-0.237671,0.849609,-0.183105,-3.845215,1.220703
47596,-0.112671,-0.142090,0.914185,-0.732422,-3.356934,2.136230
47606,-0.090576,-0.134521,0.971069,-0.976562,-3.173828,2.685547
47616,-0.122070,-0.077881,1.024658,-1.525879,-3.112793,2.319336
47627,-0.132568,-0.151367,1.029785,-1.647949,-2.197266,1.892090
47637,-0.051147,-0.101563,1.081055,-2.075195,-1.953125,1.953125
47647,-0.097412,-0.232544,0.885620,-2.136230,-2.258301,1.831055
47657,-0.071655,0.042847,1.004395,-1.892090,-1.770020,2.136230
47666,-0.093750,-0.316895,0.829712,-1.647949,-0.732422,3.417969
47676,-0.054932,-0.071655,1.032593,-2.197266,-0.122070,4.211426
47688,-0.134644,-0.276489,0.954346,-2.685547,0.427246,5.737305
47698,-0.053223,0.083252,1.158447,-3.234863,-0.610352,5.859375
47707,-0.018311,-0.256592,1.099121,-2.624512,-0.244141,6.164551
47717,-0.048096,-0.194702,0.975220,-2.380371,0.427246,6.347656
47726,-0.014893,0.010498,1.083496,-2.441406,0.366211,6.896973
47736,0.002930,-0.253784,1.051147,-2.563477,-0.427246,6.835937
47746,-0.034058,-0.111450,1.068726,-2.441406,-0.305176,6.530762
47758,-0.102051,-0.221436,0.926147,-1.281738,-0.244141,4.760742
47768,-0.032593,-0.051025,1.016479,-1.037598,-0.915527,3.845215
47778,-0.050293,-0.113770,1.026489,-0.732422,-1.037598,2.868652
47787,-0.068970,-0.218750,0.894287,-0.915527,-1.403809,2.014160
47797,-0.046631,0.051636,1.060425,-1.098633,-1.525879,0.854492
47806,-0.010864,-0.298950,0.879883,-0.915527,-2.014160,0.061035
47816,-0.016846,-0.106445,0.867065,-1.098633,-1.770020,-0.793457
47828,0.000244,-0.282959,0.825562,-1.037598,-2.136230,-2.502441
47837,-0.043213,0.102417,1.007935,-2.868652,-2.746582,-3.906250
47846,-0.035034,-0.132202,0.948120,-3.051758,-2.136230,-5.249023
47856,-0.049072,-0.040405,0.964844,-3.173828,-2.441406,-6.408691
47866,0.005859,0.002686,1.078979,-2.746582,-2.258301,-7.080078
47876,0.006470,-0.219971,1.029907,-2.258301,-1.098633,-7.629395
47886,0.014404,-0.057617,1.085327,-2.380371,-1.525879,-7.995605
47897,0.047852,-0.201538,0.992676,-2.197266,-2.197266,-8.422852
47907,0.066406,-0.046997,1.104248,-1.342773,-2.380371,-9.704590
47916,0.067993,-0.161743,1.008789,-0.610352,-3.051758,-10.253906
47926,0.060181,-0.214111,0.924072,0.244141,-2.502441,-11.230469
47936,0.108032,-0.056030,1.027100,0.305176,-3.173828,-11.779785
47946,0.077759,-0.276123,0.964844,0.305176,-3.173828,-12.207031
47956,0.100464,-0.093506,0.935547,0.000000,-3.112793,-12.695313
47967,0.171631,-0.267578,0.872803,0.061035,-2.929688,-13.061523
47977,0.148682,-0.088623,1.042603,0.244141,-4.821777,-14.343262
47986,0.124390,-0.180664,0.960205,0.488281,-4.516602,-14.770508
47996,0.069946,-0.286499,0.900024,0.305176,-4.394531,-15.258789
48007,0.025146,-0.003662,1.082520,-0.183105,-4.211426,-15.197754
48016,0.003296,-0.267578,1.026611,0.061035,-3.906250,-15.197754
48026,-0.054810,-0.312988,0.913452,-0.122070,-3.051758,-15.319824
48038,-0.000488,-0.222900,1.004761,-0.915527,-2.380371,-15.441895
48048,-0.047363,-0.223877,0.921631,-1.159668,-1.525879,-15.930176
48058,-0.011475,0.102295,1.058960,-1.647949,-1.342773,-16.296387
48068,0.008545,-0.093506,1.089233,-1.403809,-1.586914,-16.235352
48077,-0.027710,-0.231567,0.960937,-0.427246,-1.037598,-16.113281
48087,-0.032349,-0.059082,1.094116,-0.427246,-1.220703,-15.930176
48097,0.026978,0.008301,1.071533,-0.305176,0.976562,-14.526367
48106,-0.019287,-0.076782,1.039063,0.976562,1.770020,-13.183594
48116,-0.062622,-0.060425,0.967773,1.403809,2.624512,-12.145996
48126,-0.026733,-0.238403,0.864624,1.586914,2.746582,-10.925293
48136,-0.012451,-0.134644,0.954468,1.159668,3.967285,-9.277344
48146,-0.008545,-0.169434,1.033203,0.915527,2.868652,-8.300781
48156,-0.062744,-0.242310,0.885254,0.732422,2.868652,-7.446289
48166,-0.046753,-0.062500,0.964111,0.732422,3.601074,-6.164551
48176,-0.016113,-0.164429,1.034058,0.915527,5.432129,-3.417969
48188,-0.049927,-0.141602,0.925659,0.427246,5.798340,-1.953125
48197,0.013306,-0.121826,1.041748,0.244141,6.103516,-0.366211
48206,-0.030151,-0.428955,0.918335,-0.122070,5.981445,1.159668
48216,-0.028320,-0.291992,0.911499,-0.488281,5.859375,1.953125
48226,-0.026123,-0.057129,1.023682,-1.037598,5.493164,2.380371
48237,-0.030640,-0.174561,1.055420,-1.159668,5.065918,2.014160
48246,-0.016479,-0.132690,1.089111,-0.915527,4.882812,0.610352
48256,-0.052856,-0.087402,1.048218,0.061035,5.249023,-0.488281
48267,-0.039063,-0.204224,1.018066,0.610352,4.882812,-1.403809
48276,0.016357,-0.201904,0.967285,0.915527,3.967285,-1.831055
48287,0.075439,-0.083130,0.975586,0.610352,3.967285,-2.441406
48296,0.127686,-0.249756,0.957520,0.549316,3.723145,-2.868652
48306,0.087524,-0.154175,0.921509,0.000000,3.112793,-2.380371
48318,0.120728,0.043335,1.024414,-0.488281,3.723145,-1.647949
48328,0.081299,-0.202148,0.999756,-0.610352,3.479004,-1.464844
48337,0.031128,-0.014282,1.067139,-0.549316,3.540039,-1.464844
48347,-0.000854,0.171143,1.054688,-0.183105,2.868652,-1.831055
48356,-0.012939,-0.073486,0.955566,0.122070,2.502441,-1.647949
48366,-0.054932,-0.207520,0.913330,0.305176,2.868652,-1.159668
48376,-0.029541,0.029175,1.075928,0.183105,3.479004,-0.671387
48387,-0.091797,-0.265381,0.781982,0.305176,2.807617,-0.061035
48397,-0.016724,-0.178101,0.827026,-0.244141,3.845215,0.976562
48406,0.061523,-0.238281,0.909058,-1.098633,4.272461,1.953125
48416,0.036377,-0.245239,0.933350,-2.380371,3.784180,2.563477
48426,0.013428,0.070312,1.065796,-3.112793,3.845215,3.173828
48436,0.021484,-0.037109,1.078125,-2.990723,3.845215,4.272461
48446,-0.023315,-0.368530,0.924927,-2.563477,3.601074,5.065918
48456,0.006958,-0.010498,1.057251,-2.014160,3.906250,7.141113
48467,0.057129,-0.190552,1.036621,-1.281738,3.662109,7.934570
48477,0.031860,-0.237549,0.866577,-0.793457,2.502441,9.033203
48486,0.089966,0.010498,0.968994,-0.793457,2.075195,9.521484
48496,0.029297,-0.139771,0.916870,-1.037598,2.136230,9.643555
48507,-0.000244,-0.309204,0.878784,-2.014160,2.014160,10.253906
48516,-0.053955,-0.036011,0.994873,-2.868652,1.708984,10.131836
48526,-0.110229,0.017090,0.981079,-3.295898,1.647949,8.605957
48537,-0.083984,-0.018921,1.043213,-3.906250,1.464844,7.751465
48547,-0.079468,-0.104858,1.006592,-4.150391,1.342773,6.652832
48556,-0.102295,-0.273193,0.831909,-4.577637,0.854492,5.798340
48566,-0.022705,-0.008179,0.984863,-4.638672,1.342773,5.493164
48576,0.019531,-0.045532,0.991211,-4.516602,1.525879,5.249023
48586,-0.004639,-0.308716,0.925293,-4.699707,1.464844,5.187988
48598,0.044556,0.006470,1.093262,-4.150391,1.586914,4.394531
48608,-0.004883,-0.275635,0.909058,-3.845215,0.915527,3.967285
48617,-0.019775,-0.220703,0.861084,-3.723145,0.000000,2.868652
48626,0.002808,-0.049438,1.045532,-3.906250,0.305176,2.685547
48637,-0.010132,-0.114746,1.071045,-3.906250,-0.244141,2.624512
48647,-0.033203,-0.207153,1.038086,-3.784180,-0.427246,2.197266
48656,-0.021973,-0.193481,1.040405,-2.990723,0.549316,2.380371
48666,0.024048,-0.288452,1.019165,-3.295898,0.183105,1.892090
48677,-0.038452,0.001831,0.958130,-3.906250,-0.427246,1.708984
48687,-0.009277,-0.004883,1.002075,-3.479004,-0.366211,1.464844
48696,-0.006958,-0.315796,0.888428,-3.356934,0.061035,1.403809
48707,-0.058716,-0.138550,0.944214,-3.540039,0.427246,1.159668
48716,-0.036011,0.001587,1.025391,-3.234863,0.488281,0.854492
48726,-0.016113,-0.250610,1.029785,-2.563477,0.244141,0.488281
48736,-0.034058,-0.345093,0.975464,-2.380371,-0.427246,0.244141
48747,-0.020020,0.005127,1.021606,-2.197266,0.061035,0.488281
48757,0.022461,-0.116089,1.057617,-2.136230,1.281738,1.220703
48766,-0.053467,-0.235229,0.948975,-2.685547,1.159668,1.770020
48776,-0.078613,-0.116943,0.930054,-2.990723,1.403809,2.014160
48786,-0.104614,0.043945,1.003052,-3.356934,1.770020,2.624512
48796,-0.055054,0.003174,1.014648,-3.234863,2.197266,2.929688
48808,-0.061401,-0.082031,1.047485,-1.831055,2.746582,2.807617
48818,-0.048584,-0.051758,1.109253,-1.342773,2.441406,2.685547
48827,-0.025391,-0.078003,1.090332,-0.549316,2.624512,2.075195
48837,-0.023193,-0.093750,1.003418,-0.671387,1.892090,1.403809
48846,-0.008911,-0.071289,0.962036,-0.732422,2.319336,0.854492
48856,0.031982,0.054810,1.033813,-0.732422,1.647949,0.244141
48866,0.007446,-0.005615,0.966919,-0.366211,1.220703,0.244141
48877,-0.007568,-0.107910,1.012695,-0.183105,0.793457,0.488281
48887,0.025146,-0.088623,1.015381,1.098633,1.647949,0.671387
48896,0.057373,-0.103271,1.058838,1.281738,2.197266,0.610352
48906,0.039673,-0.249512,0.968262,1.098633,0.915527,0.000000
48917,0.038696,-0.227661,0.897339,0.793457,0.427246,-0.183105
48926,0.032471,-0.039551,0.951416,0.671387,0.366211,-0.244141
48938,0.052856,-0.094360,0.962402,-0.305176,1.159668,-0.122070
48947,-0.038330,-0.062500,1.054688,-0.244141,1.159668,0.122070
48958,-0.070557,0.056885,1.078369,0.000000,1.342773,0.122070
48967,-0.053711,-0.041992,1.029785,0.305176,1.403809,0.305176
48976,-0.013306,-0.227051,0.955566,0.976562,1.647949,0.488281
48986,-0.027710,-0.197632,0.975708,1.281738,1.220703,0.488281
48996,-0.036865,-0.037842,1.040894,1.586914,1.342773,0.549316
49006,0.003174,0.007080,1.027222,1.831055,2.014160,0.976562
49018,-0.008911,-0.256958,0.913452,1.831055,2.136230,0.732422
49028,0.027832,-0.152832,0.943237,1.220703,1.892090,0.610352
49037,0.076904,-0.030273,1.037476,1.098633,2.197266,0.610352
49046,0.078125,-0.008545,1.068481,0.671387,1.464844,0.244141
49057,0.031860,-0.094727,0.993164,0.732422,1.403809,-0.244141
49066,0.063965,-0.056519,1.016724,0.793457,1.098633,-0.549316
49076,0.010864,-0.062378,1.054443,1.220703,0.915527,-0.854492
49088,0.030273,-0.142944,1.010132,1.586914,0.610352,-1.770020
49097,0.057983,-0.121094,1.001465,1.525879,0.183105,-2.014160
49106,0.066406,-0.077393,1.031860,1.220703,0.061035,-2.380371
49117,0.075195,-0.101196,1.004272,1.098633,0.000000,-2.746582
49126,0.048462,-0.154053,0.935669,0.854492,0.183105,-3.051758
49137,0.056885,-0.174316,0.954468,0.427246,-0.671387,-3.051758
49146,0.045166,-0.042358,1.006836,0.366211,0.183105,-2.746582
49158,0.044189,-0.195923,0.914062,0.000000,0.000000,-2.075195
49167,0.015503,-0.190796,0.869507,-0.793457,0.366211,-1.770020
49176,0.036743,-0.072754,0.961548,-1.220703,0.244141,-1.586914
49187,-0.010864,-0.077515,0.972778,-1.342773,0.305176,-1.220703
49196,-0.018188,-0.034424,1.012695,-1.770020,0.610352,-0.732422
49206,-0.009766,0.035522,1.080322,-2.014160,0.610352,-0.183105
49218,-0.014526,-0.040527,1.062012,-0.549316,1.342773,1.464844
49227,-0.025024,-0.182129,0.985718,-0.305176,1.098633,2.075195
49237,-0.030396,-0.083618,1.022827,-0.305176,1.647949,2.746582
49246,-0.036255,-0.086792,1.001343,-0.549316,1.525879,2.990723
49257,-0.033447,-0.261353,0.930420,-0.976562,2.014160,3.417969
49266,-0.061646,-0.239380,0.903076,-1.525879,2.136230,3.356934
49276,-0.053711,-0.006714,0.984131,-1.831055,1.953125,3.295898
49286,-0.091309,0.033936,1.053101,-1.342773,2.014160,2.502441
49298,-0.046631,-0.168823,0.995972,-1.159668,2.319336,0.976562
49307,-0.014404,-0.082397,1.043579,-0.488281,2.685547,0.366211
49317,0.013306,-0.067383,1.036011,-0.427246,2.380371,-0.122070
49326,0.048950,-0.100098,0.998657,-0.305176,2.075195,-0.488281
49337,0.032837,-0.225830,0.960937,-0.305176,1.892090,-0.244141
49346,0.024536,-0.197388,0.947266,-0.366211,2.136230,0.183105
49358,0.083130,-0.099854,0.981079,-1.281738,2.746582,2.136230
49367,0.055054,-0.071655,1.051392,-1.770020,2.441406,2.685547
49377,0.079224,-0.068970,1.017700,-2.075195,1.647949,3.601074
49386,0.097778,-0.091797,1.001831,-2.075195,1.831055,4.333496
49397,0.052002,-0.087158,0.987305,-1.586914,2.441406,4.821777
49406,0.028320,-0.031860,0.987183,-1.342773,2.380371,5.432129
49416,0.032349,0.006104,1.007324,-1.281738,1.403809,6.103516
49428,0.015625,-0.097778,0.992676,-1.464844,0.915527,6.713867
49437,-0.045776,0.036865,1.006348,-1.281738,1.342773,7.080078
49447,-0.046021,0.084351,1.055664,-1.037598,1.892090,7.751465
49457,-0.056763,-0.081421,1.038086,-0.793457,1.342773,8.178711
49466,-0.064209,-0.143677,0.979126,-0.183105,1.708984,8.605957
49477,-0.046875,0.002808,1.065063,0.183105,1.953125,9.216309
49486,-0.017578,0.016113,1.072388,0.488281,1.464844,9.826660
49498,0.026855,-0.198853,1.001221,1.220703,1.281738,11.596680
49507,0.126099,0.008545,1.135132,1.098633,1.464844,12.207031
49517,-0.191772,-0.443359,0.832886,0.976562,1.342773,13.366699
49526,0.020996,-0.334717,0.827271,0.366211,3.051758,13.488770
49537,0.096924,-0.228149,1.069336,0.976562,3.417969,12.756348
49546,0.124756,-0.128418,0.824707,0.915527,1.220703,10.070801
49557,-0.142090,-0.145996,0.733887,0.061035,-0.976562,7.751465
49566,-0.154785,0.020630,0.839722,-1.647949,-3.540039,5.493164
49578,0.064087,-0.121582,1.033569,-2.807617,-2.685547,4.821777
49588,0.154053,0.066895,0.907104,-2.868652,-1.220703,6.896973
49597,0.134766,0.127075,1.072388,-1.831055,0.549316,9.033203
49607,0.053955,-0.254150,1.146851,-0.915527,0.732422,9.460449
49616,0.082886,-0.378784,0.982422,-1.342773,-0.183105,8.361816
49626,0.061035,-0.155151,1.078979,-2.380371,-2.319336,6.530762
49638,0.044800,0.025879,0.989258,-3.356934,-4.821777,3.479004
49647,0.045044,-0.226562,0.991455,-2.685547,-4.699707,2.197266
49658,0.053711,-0.076416,1.087769,-2.441406,-4.943848,1.525879
49667,0.050049,-0.148437,1.049805,-2.258301,-5.432129,1.220703
49677,0.080444,-0.168945,0.949341,-2.746582,-5.615234,0.915527
49686,0.086060,-0.084839,0.987915,-3.112793,-5.371094,0.610352
49696,0.053955,-0.034180,0.917725,-3.112793,-5.615234,0.122070
49709,0.002686,-0.200317,0.929199,-2.624512,-5.798340,-2.075195
49719,0.022583,-0.072754,0.961548,-3.295898,-5.554199,-2.990723
49728,-0.082764,-0.281982,0.889282,-4.211426,-5.798340,-3.723145
49737,-0.144531,-0.225098,0.926270,-4.821777,-4.882812,-4.394531
49747,-0.063110,0.045410,1.071411,-5.126953,-4.394531,-4.821777
49757,-0.088257,-0.010010,1.133789,-5.432129,-4.882812,-5.004883
49767,-0.071655,-0.124634,1.090698,-5.004883,-2.929688,-5.371094
49776,-0.020752,-0.147705,1.069092,-4.455566,-3.234863,-5.187988
49788,0.009277,-0.096680,0.965576,-4.028320,-2.624512,-5.371094
49798,0.042480,-0.156006,0.964844,-3.784180,-2.746582,-5.310059
49807,0.074829,-0.137695,1.063843,-3.479004,-1.220703,-5.371094
49817,0.078247,-0.109009,1.002197,-3.906250,-3.356934,-5.798340
49826,0.075562,-0.149536,0.942383,-4.028320,-3.417969,-5.554199
49837,0.073242,-0.077148,1.001343,-3.356934,-2.197266,-5.615234
49847,0.061279,-0.018555,1.026001,-3.723145,-2.258301,-5.676270
49856,0.036255,-0.045044,0.968262,-2.868652,-5.676270,-5.371094
49867,-0.008179,-0.103271,1.011353,-1.220703,-3.356934,-5.920410
49877,0.025879,-0.071045,1.014648,-1.342773,-1.281738,-5.432129
49887,-0.051758,-0.169556,0.929932,-1.647949,-1.770020,-5.493164
49897,-0.020630,-0.167480,0.958740,-2.380371,-5.004883,-5.554199
49907,-0.040039,0.013428,0.964844,-1.342773,-0.061035,-5.676270
49917,-0.031128,0.019653,1.008789,-1.770020,-2.624512,-5.126953
49926,-0.021362,-0.178223,0.925781,-0.671387,-1.708984,-4.272461
49936,-0.019287,-0.005371,1.058594,-0.732422,-1.281738,-3.845215
49946,-0.044067,-0.103149,1.015259,-0.244141,-0.305176,-3.051758
49957,-0.034424,-0.234741,0.918213,-0.183105,0.000000,-2.563477
49967,-0.015015,-0.108521,0.963501,-0.366211,0.183105,-1.953125
49977,0.027710,-0.001465,1.009644,-0.549316,0.976562,-1.281738
49986,-0.028076,-0.127930,0.960327,-1.037598,0.488281,-0.793457
49996,-0.000732,-0.129272,0.942017,-1.220703,0.061035,-1.098633
50006,-0.017456,-0.023804,0.964844,-1.159668,0.915527,-0.732422
50016,-0.012573,-0.149170,0.962036,-0.976562,0.366211,-0.732422
50026,-0.004028,-0.082031,1.000854,-0.732422,1.281738,-0.671387
50037,0.015259,-0.012085,1.027954,-0.549316,1.159668,-0.549316
50046,-0.018799,-0.144165,0.992432,-0.488281,0.549316,-0.305176
50056,0.000000,-0.169800,0.912598,-0.549316,0.854492,-0.122070
50068,0.023926,-0.043091,1.021240,-1.586914,0.671387,0.610352
50077,0.003296,-0.121948,0.993286,-2.014160,1.037598,0.549316
50087,0.009033,0.001953,1.049561,-2.258301,0.915527,0.549316
50097,-0.001709,0.038452,1.092529,-1.647949,0.854492,0.671387
50107,0.025391,-0.164673,1.068970,-0.915527,0.915527,0.610352
50116,0.037354,-0.222534,1.019531,-0.793457,0.549316,0.732422
50129,0.042236,0.009277,1.017822,-0.488281,0.488281,0.793457
50139,0.055054,-0.251465,0.845093,-0.427246,0.488281,1.037598
50149,0.010132,-0.134277,0.855957,-1.037598,0.183105,0.976562
50158,0.015137,0.014282,0.971558,-1.220703,0.000000,1.037598
50167,0.012695,-0.156982,0.958008,-1.586914,-0.305176,1.037598
50177,-0.006592,-0.188477,1.009399,-2.258301,-0.244141,0.854492
50187,-0.015991,-0.027710,1.075806,-2.319336,0.000000,0.610352
50199,-0.002197,-0.156982,0.945190,-1.770020,0.122070,1.586914
50209,-0.009399,-0.031982,0.985107,-1.708984,0.488281,2.197266
50219,-0.005005,-0.063721,0.962646,-1.525879,0.488281,2.746582
50228,0.001709,-0.266724,0.851196,-1.586914,0.549316,3.112793
50238,-0.005371,-0.144409,0.883545,-2.197266,0.061035,3.356934
50247,0.015381,-0.078247,0.967163,-2.746582,0.183105,3.479004
50257,0.005981,-0.222290,0.978882,-3.479004,-0.427246,3.356934
50266,-0.037842,-0.056152,1.029175,-3.723145,-0.549316,2.990723
50278,-0.013916,-0.028931,1.122803,-2.746582,-0.488281,2.746582
50288,-0.013672,-0.175171,1.038208,-1.953125,-0.366211,2.990723
50298,-0.048340,-0.065674,1.060547,-1.037598,0.000000,3.051758
50307,-0.052002,-0.051392,1.016846,-0.610352,-0.183105,2.929688
50317,0.006470,-0.209229,0.981079,-0.244141,-0.732422,2.563477
50326,-0.026367,-0.302124,0.883423,-0.122070,-0.488281,2.319336
50339,0.038818,-0.072388,0.986938,-0.854492,-0.549316,1.342773
50349,0.047485,-0.250366,0.951050,-1.403809,-1.037598,0.732422
50358,0.010376,-0.167358,0.960205,-1.831055,-1.220703,0.183105
50368,0.045288,-0.048462,1.016846,-2.136230,-1.037598,-0.488281
50378,0.010864,-0.141602,0.966064,-2.502441,-1.159668,-0.976562
50388,0.027222,-0.083008,0.989258,-2.685547,-1.342773,-1.342773
50397,0.028320,-0.055176,0.993652,-2.807617,-1.586914,-1.708984
50407,0.020630,-0.210205,0.941162,-2.685547,-1.770020,-2.136230
50417,0.024902,-0.151367,0.977173,-2.868652,-1.831055,-2.563477
50427,-0.005493,0.006470,1.111450,-2.441406,-1.892090,-2.990723
50437,0.013428,-0.127441,1.064453,-1.342773,-1.281738,-3.356934
50447,-0.011841,-0.143311,1.026733,-0.549316,-1.098633,-3.295898
50457,0.025635,-0.081299,1.031128,0.061035,-1.281738,-3.601074
50467,0.026001,-0.145996,1.020630,0.244141,-1.281738,-3.845215
50479,0.013184,-0.124023,0.960571,-0.305176,-1.098633,-4.699707
50489,0.056274,0.043579,1.002930,-0.793457,-1.159668,-5.065918
50498,0.033081,-0.043701,0.933838,-0.915527,-1.586914,-5.432129
50508,0.002686,-0.213379,0.820801,-0.915527,-1.464844,-5.432129
50518,-0.005371,-0.018555,0.946411,-1.342773,-1.525879,-5.371094
50527,0.036865,0.043213,1.016357,-1.281738,-0.915527,-5.187988
50537,-0.019897,-0.194580,0.889404,-1.037598,-0.427246,-4.882812
50549,-0.015137,-0.014282,1.038208,-1.098633,-0.671387,-4.516602
50558,-0.006592,-0.081787,1.058472,-0.793457,0.000000,-3.479004
50568,-0.085815,-0.176147,0.928955,-0.732422,-0.061035,-2.929688
50577,-0.084473,-0.061768,0.930298,-1.159668,0.000000,-2.258301
50587,-0.050293,0.043091,1.005005,-2.075195,0.854492,-1.953125
50598,-0.014404,0.023437,0.992065,-2.380371,1.220703,-1.403809
50607,-0.060303,-0.000610,0.943726,-2.319336,1.159668,-0.793457
50617,-0.026245,-0.089355,0.906372,-1.831055,1.464844,-0.061035
50627,-0.038574,0.090088,0.992676,-2.441406,2.380371,0.305176
50636,0.025146,-0.005737,0.982666,-2.807617,1.892090,0.488281
50647,0.037598,-0.081421,0.834717,-2.685547,1.403809,0.427246
50657,0.015503,0.081299,0.897217,-2.319336,1.770020,0.671387
50667,0.049561,-0.145752,0.911987,-2.441406,1.770020,0.732422
50677,-0.000977,-0.088257,0.911011,-2.929688,1.464844,0.549316
50687,-0.004272,-0.025024,1.002930,-5.065918,1.403809,-0.061035
50696,-0.018799,-0.050415,0.933105,-5.615234,1.037598,-0.366211
50707,0.002197,0.064087,0.960693,-4.943848,1.647949,-0.244141
50717,-0.018066,-0.014648,1.033569,-4.089355,2.136230,-0.122070
50727,-0.020142,-0.066040,1.154663,-4.028320,1.281738,0.122070
50737,-0.010010,-0.072876,1.150146,-4.211426,0.183105,0.366211
50747,-0.006104,0.064331,1.215454,-4.089355,2.380371,0.732422
50759,0.020508,-0.036743,0.941650,-3.356934,2.014160,2.380371
50769,0.056152,-0.000366,0.973022,-1.953125,0.671387,2.319336
50778,0.016724,-0.129150,0.970215,-2.075195,2.624512,2.990723
50788,0.058594,-0.095459,1.027710,-2.502441,0.915527,2.319336
50797,0.024658,0.009766,1.102051,-4.333496,-0.793457,2.319336
50807,-0.005981,-0.054932,0.991699,-4.089355,-0.732422,1.892090
50816,0.001831,0.145630,1.036377,-3.540039,0.671387,2.197266
50828,-0.025146,-0.019897,1.021362,-1.281738,1.525879,3.051758
50837,-0.039551,-0.026978,1.174805,-0.732422,0.915527,2.685547
50847,-0.041260,-0.146484,1.077393,-0.183105,1.220703,2.075195
50857,-0.035034,-0.068481,1.062622,-0.427246,0.854492,1.831055
50867,0.001831,-0.041016,1.006592,-0.366211,0.915527,1.708984
50877,0.010010,-0.028320,0.979980,0.061035,1.220703,1.892090
50887,-0.000977,-0.069702,1.005493,0.610352,0.488281,1.525879
50897,0.039551,-0.077026,1.083252,0.793457,0.122070,0.915527
50908,0.032715,-0.041748,1.004517,0.122070,0.000000,0.976562
50918,0.032349,-0.041016,0.845825,0.061035,0.305176,1.220703
50927,0.030518,0.044800,0.913696,0.000000,0.549316,1.953125
50937,0.014648,-0.047852,0.930786,0.854492,0.366211,2.136230
50947,-0.001953,-0.066772,0.930420,1.098633,0.122070,2.441406
50957,0.014038,-0.078613,0.995728,1.098633,-0.122070,2.563477
50969,0.011353,0.001831,0.987915,1.098633,0.549316,3.234863
50979,-0.017334,-0.041016,0.955200,1.770020,0.732422,3.845215
50988,-0.036011,-0.014160,0.976318,2.380371,0.549316,4.455566
50998,-0.048584,-0.078613,0.987549,3.112793,-0.122070,4.577637
51007,-0.040039,-0.057983,1.022217,3.417969,0.549316,4.455566
51017,-0.048340,-0.043701,1.054321,2.929688,0.244141,4.455566
51028,-0.021729,-0.045410,1.017578,2.502441,-0.732422,3.906250
51037,-0.044312,-0.017456,0.947266,3.356934,0.610352,3.112793
51047,-0.019165,-0.150879,0.921265,3.479004,0.549316,2.319336
51057,0.010132,-0.158325,0.988281,2.746582,0.305176,1.159668
51066,0.011963,-0.140991,0.942261,1.647949,-0.183105,-0.305176
51077,0.070312,-0.078613,0.991821,0.488281,-0.793457,-1.403809
51087,0.050659,-0.090698,0.836548,-0.061035,-0.488281,-1.770020
51097,0.075439,0.060425,1.012573,-0.305176,-0.671387,-2.258301
51106,0.055908,-0.131470,0.894287,-0.183105,-0.793457,-3.112793
51118,0.044678,-0.133911,1.007080,-2.075195,-0.854492,-3.417969
51128,0.058960,0.064575,1.013062,-3.051758,-0.976562,-3.784180
51137,0.075439,0.016602,0.976562,-3.173828,-1.098633,-3.845215
51147,0.051636,0.030518,0.925537,-3.112793,-1.159668,-4.150391
51158,0.056152,-0.000244,0.985107,-3.173828,-1.220703,-4.333496
51167,0.000610,-0.022339,1.070801,-3.356934,-1.953125,-4.943848
51177,0.001587,-0.000122,1.101074,-3.967285,-1.770020,-5.493164
51189,0.030029,-0.031738,1.017944,-3.784180,-1.037598,-5.065918
51198,-0.002930,-0.032471,0.932495,-3.540039,-1.098633,-4.760742
51208,0.042358,0.007813,1.012817,-3.601074,-0.793457,-4.455566
51218,0.030029,-0.025635,0.972168,-3.662109,-1.342773,-4.028320
51228,0.017822,-0.023804,1.023682,-3.967285,-1.281738,-2.929688
51237,-0.002930,-0.008911,0.978271,-4.638672,-1.159668,-2.319336
51247,0.017456,0.033203,0.951172,-4.333496,-0.061035,0.122070
51257,-0.022339,0.026001,1.060303,-3.967285,-0.122070,0.854492
51267,-0.060547,-0.023315,0.988159,-3.295898,-0.122070,1.342773
51277,-0.051880,-0.093994,0.961914,-2.685547,0.427246,1.464844
51287,-0.060791,-0.092041,1.011108,-2.807617,0.732422,1.647949
51297,-0.025146,-0.116211,0.977539,-3.051758,0.732422,2.014160
51307,-0.061890,-0.061157,0.910645,-3.173828,1.220703,2.441406
51317,-0.042847,-0.107422,0.869629,-3.784180,1.159668,2.685547
51328,-0.064331,-0.123413,0.922363,-3.906250,1.037598,2.502441
51338,-0.053345,-0.040039,0.939209,-4.150391,1.220703,2.014160
51348,-0.071045,-0.058350,0.958862,-4.455566,1.525879,1.464844
51357,0.006104,-0.057495,1.051880,-4.760742,0.976562,1.220703
51367,-0.035278,-0.040405,0.991333,-5.371094,1.464844,0.732422
51378,0.001343,0.060547,1.000000,-5.554199,0.549316,0.122070
51387,0.026733,0.022339,0.968384,-4.638672,0.671387,0.061035
51399,0.024170,0.000000,1.059448,-3.784180,2.319336,0.061035
51408,0.040161,0.010254,1.028198,-3.784180,0.488281,0.427246
51417,0.028076,-0.082642,1.018555,-3.417969,0.793457,0.793457
51427,0.039307,-0.000244,1.097534,-3.662109,0.671387,1.647949
51437,0.026733,-0.030884,0.980347,-2.807617,1.098633,2.014160
51447,0.048218,-0.046875,0.951416,-2.197266,0.793457,2.136230
51458,0.006958,-0.004272,0.941406,-1.647949,0.244141,2.258301
51468,-0.011719,-0.131348,0.867432,-1.464844,-0.061035,2.319336
51477,-0.005737,-0.056030,0.909058,-1.770020,-0.366211,2.380371
51487,-0.024658,-0.089233,0.915894,-2.136230,0.610352,2.502441
51497,-0.032959,-0.016968,0.992065,-2.624512,0.366211,2.746582
51507,-0.042847,0.034180,0.981567,-2.563477,-0.061035,2.807617
51517,-0.069458,-0.031982,0.934814,-2.258301,0.427246,3.479004
51529,-0.049805,0.021240,1.112061,-1.770020,1.403809,3.295898
51539,-0.050049,-0.102783,1.038086,-1.831055,1.647949,2.990723
51548,-0.038330,-0.076172,1.038452,-1.647949,1.342773,2.502441
51558,0.010620,-0.092285,0.995972,-1.647949,-0.122070,1.770020
51567,0.049683,-0.078003,0.948364,-1.220703,0.732422,1.342773
51577,0.066895,-0.059814,1.000610,-1.098633,0.244141,0.915527
51587,0.107300,-0.035156,1.083130,-1.037598,-0.366211,0.671387
51599,0.050293,-0.065308,1.084839,-1.220703,-0.488281,0.488281
51608,0.020020,0.045044,1.094971,-1.525879,-0.793457,0.427246
51617,0.035156,-0.029541,1.030151,-1.220703,-0.854492,0.671387
51627,0.019165,0.029785,1.043335,-0.488281,-1.586914,0.549316
51637,0.018799,-0.055054,0.992798,-0.061035,-0.854492,0.549316
51648,0.013062,-0.042847,0.993530,-0.244141,-1.037598,0.244141
51657,-0.026123,-0.052124,0.917236,-0.732422,-1.525879,0.122070
51667,-0.018433,-0.039063,0.910034,-0.976562,-0.671387,0.366211
51679,-0.027222,-0.061523,0.949829,-1.098633,-1.159668,0.244141
51688,-0.028809,-0.022705,0.990845,-1.464844,-0.366211,0.793457
51698,-0.012817,0.016724,0.991089,-1.037598,0.488281,0.793457
51707,-0.014648,-0.070679,0.992554,-0.854492,-0.610352,0.671387
51717,-0.038696,-0.074341,0.962891,-1.037598,-1.403809,0.610352
51727,0.004761,-0.013428,1.007568,-0.793457,-2.685547,-0.488281
51739,0.008667,-0.053955,0.974243,-0.244141,15.319824,-0.549316
51748,0.018799,-0.036133,0.971191,-1.281738,-1.647949,-0.305176
51758,0.022339,-0.023071,0.932861,-0.366211,-1.647949,-1.342773
51767,0.031738,-0.074097,0.948853,0.183105,2.380371,-1.098633
51777,0.063232,-0.057129,1.008301,-0.488281,-1.281738,-0.976562
51788,0.048950,-0.085327,1.010498,-0.427246,-0.549316,-0.549316
51797,0.038574,-0.046143,1.059326,-0.854492,-0.427246,-0.732422
51807,0.019775,-0.014282,1.075562,-0.244141,-0.122070,-0.549316
51819,0.012451,-0.046143,1.004395,0.671387,-1.342773,-0.793457
51828,0.013428,-0.036255,1.036621,0.732422,-0.976562,-0.793457
51838,0.028198,0.007813,1.093262,1.159668,0.061035,-1.159668
51847,0.030151,-0.101563,1.042358,0.732422,-1.708984,-1.403809
51858,0.020874,0.035889,1.129028,0.793457,-1.464844,-2.014160
51867,0.033447,-0.054687,1.041992,1.159668,-1.831055,-2.502441
51879,0.005615,-0.013428,1.035400,1.220703,-2.319336,-2.563477
51888,-0.010010,-0.096680,0.935669,1.159668,-2.563477,-2.807617
51898,0.031006,-0.121216,0.915039,0.976562,-1.464844,-3.356934
51907,0.020142,-0.020142,0.984131,0.366211,-1.464844,-3.601074
51917,0.031128,-0.061157,0.973267,0.000000,-2.136230,-4.028320
51927,0.010010,-0.047119,0.978638,-0.427246,-2.380371,-4.760742
51937,0.005859,-0.071289,0.935059,-0.549316,-2.075195,-4.943848
51949,-0.010620,-0.029297,0.945068,-0.610352,-2.319336,-4.943848
51958,-0.011963,-0.036011,0.981323,-0.671387,-1.831055,-4.760742
51968,-0.014526,-0.019043,0.996216,-0.732422,-1.281738,-4.455566
51978,-0.021118,0.027710,0.999634,-1.281738,-0.793457,-4.577637
51988,-0.028442,-0.042480,0.963745,-1.708984,-1.281738,-4.272461
51997,0.012695,0.021118,0.958252,-2.197266,-0.976562,-4.211426
52007,-0.015747,0.032715,0.992920,-2.136230,-0.488281,-3.967285
52019,-0.018311,-0.021851,0.951172,-2.014160,-0.427246,-3.540039
52028,0.062866,-0.018311,0.994995,-1.464844,0.000000,-3.662109
52038,0.010010,-0.021729,0.958862,-1.220703,-0.732422,-3.906250
52047,0.039917,-0.046631,0.979126,-1.098633,-0.427246,-3.967285
52057,0.018799,-0.056641,1.000122,-1.098633,-0.366211,-3.601074
52068,-0.005127,-0.057495,1.028320,-0.976562,0.732422,-3.662109
52078,0.011963,-0.084595,1.015625,-1.037598,-0.488281,-3.356934
52087,-0.031006,-0.046631,0.989014,-0.366211,0.854492,-2.441406
52098,-0.007813,-0.107056,0.996460,-0.305176,0.061035,-2.075195
52107,-0.006348,-0.071655,0.993530,-0.488281,0.061035,-1.831055
52118,-0.040771,-0.054199,0.986450,-0.366211,1.708984,-2.014160
52127,-0.022095,-0.047363,0.996704,-1.342773,-0.244141,-1.342773
52137,-0.052856,-0.074463,0.945312,-1.220703,1.647949,-1.220703
52149,-0.021484,-0.008057,0.982422,-1.281738,0.488281,-1.037598
52159,-0.030151,-0.013306,1.003052,-1.037598,-0.244141,-0.915527
52168,-0.013306,-0.025146,1.040283,-0.854492,1.708984,-0.549316
52178,-0.032471,-0.001343,1.033447,-1.098633,0.427246,-0.488281
52187,-0.000366,-0.010620,1.057495,-1.159668,1.159668,-0.549316
52197,-0.014893,-0.024414,1.022827,-1.159668,0.976562,-0.732422
52208,-0.027588,-0.034668,1.015137,-1.342773,2.319336,-0.732422
52217,-0.008667,-0.058838,0.971680,-1.403809,1.342773,-1.159668
52229,0.034912,-0.046753,0.968506,-2.258301,1.159668,-0.976562
52238,0.014526,-0.029419,0.955078,-2.258301,1.464844,-0.854492
52248,0.027344,-0.030884,0.996948,-2.563477,1.220703,-0.671387
52257,0.000488,-0.028931,1.015503,-2.868652,1.037598,-0.427246
52268,0.022217,0.018188,1.057495,-3.234863,1.220703,-0.366211
52277,-0.002808,0.014282,1.065918,-3.173828,1.037598,-0.244141
52287,0.006714,0.034302,1.077881,-2.685547,1.342773,0.122070
52299,0.000122,0.008057,1.044556,-2.014160,0.915527,0.671387
52308,-0.021973,-0.027954,0.949341,-1.281738,1.464844,1.037598
52317,0.011353,-0.079590,0.952881,-0.793457,1.525879,1.647949
52328,-0.024902,-0.113281,0.964111,-1.220703,0.915527,1.892090
52338,-0.023193,-0.040771,0.985229,-1.220703,0.976562,2.258301
52347,-0.019531,-0.004761,1.042114,-1.037598,1.586914,2.441406
52357,-0.019531,-0.047485,0.999268,-0.976562,1.159668,2.502441
52369,-0.024170,-0.095337,0.982788,-0.244141,1.647949,2.624512
52378,-0.025757,-0.014648,0.981934,-0.244141,1.342773,2.807617
52388,-0.028198,-0.027710,1.003906,-0.427246,1.525879,2.929688
52398,-0.019165,-0.026001,0.975098,-0.549316,1.708984,3.417969
52407,-0.035889,-0.008301,0.990967,-0.671387,2.014160,3.601074
52418,-0.020508,-0.087158,0.983154,-0.732422,1.770020,3.540039
52428,-0.023315,-0.026855,1.008301,-1.037598,1.647949,3.295898
52439,0.014648,-0.072388,0.960693,-0.244141,1.770020,2.929688
52448,0.025269,-0.029663,0.980225,-0.305176,1.037598,2.929688
52457,0.010986,-0.030396,1.038208,-0.122070,1.220703,2.685547
52468,0.027832,-0.067871,1.002075,0.122070,0.793457,2.075195
52477,-0.006104,-0.111694,0.933228,0.305176,0.244141,1.953125
52488,0.028809,-0.052368,0.994263,0.000000,0.122070,2.197266
52500,0.014160,-0.097046,0.997559,0.183105,0.427246,2.441406
52509,-0.021362,-0.092163,0.921753,0.061035,0.854492,2.807617
52519,-0.004761,-0.015503,0.943481,-0.122070,0.793457,2.990723
52528,0.007813,0.018677,1.013794,-0.549316,0.854492,3.295898
52538,-0.002930,-0.049194,0.932007,-1.098633,0.793457,3.234863
52547,-0.023560,-0.105713,0.916382,-1.281738,0.427246,2.868652
52558,-0.005371,0.025146,1.011230,-1.770020,-0.244141,2.502441
52568,-0.022705,0.058105,1.032593,-1.770020,0.305176,2.380371
52579,-0.029907,-0.026123,0.998413,-1.464844,0.732422,2.197266
52589,-0.001587,-0.043457,1.016357,-1.647949,0.732422,1.953125
52598,0.025757,0.017944,1.013550,-1.525879,0.488281,1.464844
52607,0.020142,-0.046265,0.972168,-1.281738,0.183105,1.037598
52618,0.035400,-0.052734,0.954468,-1.037598,0.671387,0.732422
52627,0.032593,-0.055176,0.973145,-0.976562,0.061035,0.244141
52639,0.033081,-0.038452,1.030396,-1.525879,-0.244141,0.061035
52649,0.020020,-0.064697,0.959351,-1.525879,0.244141,-0.122070
52658,0.024658,-0.016968,0.976685,-1.647949,-0.244141,-0.122070
52668,-0.001343,-0.071289,0.936401,-1.281738,-0.305176,-0.183105
52678,0.005859,-0.035645,0.915649,-1.281738,0.183105,-0.061035
52687,-0.006958,-0.059448,0.939941,-1.342773,-0.732422,-0.122070
52698,0.015381,-0.029907,0.990112,-1.892090,-0.366211,-0.366211
52708,0.007324,0.002441,1.004028,-2.197266,-0.488281,-0.366211
52719,-0.004272,-0.040527,0.976562,-2.868652,-0.671387,-0.854492
52729,-0.002686,-0.065430,1.007568,-2.990723,-0.366211,-1.098633
52739,-0.013428,0.046875,1.089478,-3.356934,-0.549316,-1.220703
52749,0.028687,0.021729,1.151245,-3.356934,-0.488281,-1.281738
52758,0.011230,0.034180,1.095093,-2.929688,-0.244141,-1.281738
52768,0.014771,-0.003052,1.131348,-2.380371,-0.183105,-1.098633
52777,0.016968,0.007080,1.071045,-1.647949,-0.183105,-1.159668
52787,0.023315,-0.039795,1.077637,-0.366211,-0.122070,-1.342773
52798,0.015625,-0.008545,1.103271,0.122070,-0.915527,-1.831055
52807,0.003174,-0.077271,1.066040,0.549316,-0.732422,-2.075195
52818,0.008179,-0.104248,0.974976,0.610352,-1.037598,-2.502441
52827,-0.000610,-0.110474,0.937012,0.244141,-1.098633,-2.319336
52838,0.016479,-0.102905,0.937012,-0.122070,-1.464844,-2.258301
52848,0.002686,-0.099731,0.938354,-0.549316,-1.770020,-2.502441
52859,-0.011841,-0.063232,0.951538,-1.342773,-0.671387,-2.258301
52869,-0.031250,-0.046021,0.967285,-1.464844,-1.037598,-2.563477
52879,-0.025513,-0.013794,0.977661,-1.586914,-0.671387,-2.624512
52889,-0.051392,-0.034668,0.972534,-1.708984,-0.549316,-2.441406
52898,-0.037354,-0.012817,0.965576,-1.586914,0.061035,-2.197266
52908,-0.009277,-0.051025,0.963135,-1.586914,0.061035,-2.014160
52918,-0.009644,-0.017212,0.953003,-1.525879,0.610352,-1.281738
52927,0.021484,-0.025513,1.002441,-1.708984,0.976562,-0.976562
52938,0.041626,0.006348,0.998901,-2.075195,0.183105,-0.732422
52948,0.045410,0.018555,1.019165,-1.831055,0.427246,-0.793457
52958,0.034424,-0.006104,1.023071,-1.647949,0.366211,-0.732422
52968,0.007690,-0.016357,1.022095,-1.342773,0.183105,-0.366211
52977,0.007080,-0.010864,1.022095,-1.342773,-0.122070,-0.061035
52989,-0.007446,-0.028931,1.009521,-0.854492,0.488281,0.549316
52998,-0.001709,-0.012451,1.007324,-0.793457,0.305176,0.854492
53008,0.011719,-0.032471,1.000488,-0.732422,0.122070,1.037598
53017,-0.001099,-0.057251,0.959473,-0.488281,0.000000,0.793457
53027,-0.001343,-0.029907,1.009888,-0.793457,0.427246,0.671387
53038,-0.018311,-0.032959,1.028564,-1.037598,-0.488281,0.549316
53047,-0.013428,-0.049805,1.036133,-1.220703,0.244141,0.061035
53060,-0.015869,-0.006470,1.007324,-1.586914,0.244141,-0.549316
53070,0.013184,-0.040771,0.986572,-1.342773,0.122070,-0.793457
53079,0.000488,-0.049438,1.002563,-1.586914,-0.366211,-1.037598
53089,0.011108,-0.052856,0.991333,-1.464844,0.183105,-1.464844
53099,-0.005127,-0.055542,0.985718,-1.708984,-0.366211,-1.831055
53108,0.022827,-0.034180,0.983032,-1.586914,-0.061035,-2.380371
53118,0.008667,-0.030151,0.996460,-1.647949,-0.244141,-2.563477
53128,0.020142,-0.024292,0.988281,-1.464844,-0.610352,-2.685547
53137,0.030518,0.003662,1.012939,-0.915527,-0.549316,-2.685547
53147,0.024536,-0.025024,1.023071,-1.098633,-0.488281,-2.624512
53157,0.025513,-0.047485,1.019409,-1.037598,-0.061035,-2.136230
53168,0.007446,-0.062866,1.013916,-0.671387,-0.488281,-1.525879
53178,0.006470,-0.086548,0.978394,-0.671387,0.183105,-0.915527
53187,0.003662,-0.035889,0.970093,-0.122070,1.281738,-0.427246
53197,0.020264,-0.080688,0.934448,-0.244141,-1.953125,-0.122070
53209,-0.003906,-0.065430,0.949829,0.366211,-0.488281,-0.244141
53219,-0.033569,-0.018188,0.953369,0.000000,-0.244141,0.183105
53228,-0.015015,-0.043091,0.979614,-0.305176,0.366211,0.732422
53237,-0.031372,-0.008057,0.997192,-0.610352,0.610352,1.220703
53248,-0.033936,-0.060303,0.999756,-0.488281,0.976562,1.647949
53257,-0.020386,-0.044922,0.986206,-0.183105,0.854492,1.892090
53267,-0.025146,-0.064819,1.022705,-0.061035,0.854492,2.319336
53279,-0.043945,-0.040894,1.018555,-1.281738,1.098633,2.136230
53288,-0.000977,-0.014282,0.997070,-1.586914,1.220703,2.075195
53298,-0.025024,-0.008667,1.003296,-2.075195,1.037598,1.770020
53307,0.002563,0.007324,1.015991,-2.197266,1.281738,1.342773
53318,-0.014038,-0.010498,1.036865,-2.563477,0.488281,1.037598
53328,0.030640,-0.045776,1.012695,-2.685547,0.427246,0.427246
53337,0.001709,0.000488,1.032349,-2.990723,0.183105,-0.061035
53349,0.025757,0.000244,1.006592,-2.929688,0.671387,-0.244141
53359,0.036987,-0.081665,1.004395,-2.990723,0.183105,-0.366211
53368,0.018311,-0.014893,1.010986,-2.990723,-0.427246,-0.732422
53378,0.014282,-0.043457,1.013062,-2.868652,-0.305176,-0.793457
53388,0.003906,-0.071655,0.952515,-2.563477,0.061035,-0.915527
53398,0.002319,-0.049683,0.987671,-2.746582,-0.305176,-1.220703
53408,0.009277,0.006714,0.961792,-2.807617,-0.427246,-1.953125
53417,-0.016602,-0.007568,0.962402,-2.990723,-0.427246,-2.075195
53428,-0.019653,-0.005127,0.978882,-2.746582,-0.244141,-2.014160
53438,0.005737,0.012329,1.000244,-2.502441,0.549316,-2.014160
53448,-0.017578,-0.021606,0.992310,-2.746582,0.183105,-1.708984
53458,0.013428,-0.040771,0.972534,-2.624512,0.122070,-1.770020
53467,0.004150,0.004883,1.008667,-2.563477,0.122070,-1.586914
53480,-0.024048,-0.063721,0.954102,-2.441406,0.061035,-1.098633
53490,0.007324,0.047607,1.035522,-2.380371,0.427246,-0.793457
53499,-0.001587,-0.109619,0.960205,-1.953125,-0.244141,-0.061035
53509,0.020142,-0.096069,0.912720,-1.831055,0.244141,0.488281
53518,0.019653,-0.059448,0.946289,-2.319336,0.549316,0.854492
53528,-0.005005,-0.056030,0.955566,-2.624512,-0.061035,1.220703
53538,-0.031982,-0.079468,0.947021,-2.380371,-0.183105,1.159668
53547,-0.009766,-0.047119,1.018921,-2.746582,-0.366211,1.220703
53557,-0.010010,0.011230,1.020996,-2.685547,0.244141,1.708984
53569,-0.022949,-0.060791,1.026367,-2.746582,1.037598,2.075195
53579,-0.033203,-0.063354,1.035522,-2.929688,1.098633,2.319336
53588,-0.012695,-0.066528,1.014160,-2.929688,0.549316,1.953125
53598,-0.019653,-0.029541,0.974731,-2.990723,0.671387,1.525879
53607,-0.021118,-0.092041,0.935547,-2.929688,0.488281,1.403809
53620,-0.007446,-0.054687,0.987427,-2.929688,0.488281,0.854492
53629,0.020386,-0.049927,0.994263,-3.173828,0.305176,0.610352
53639,0.029175,0.049683,1.032837,-3.356934,1.037598,0.549316
53649,0.004639,-0.058838,0.984253,-3.173828,1.281738,0.488281
53658,-0.004028,0.034058,1.041138,-3.173828,0.427246,0.183105
53668,-0.018433,0.001465,1.004150,-3.112793,0.366211,0.366211
53677,0.013794,-0.002808,1.017700,-2.868652,0.610352,0.732422
53690,-0.005371,-0.057373,0.983276,-2.807617,1.098633,1.037598
53699,-0.010376,0.000122,1.009277,-2.990723,0.549316,1.037598
53709,0.012085,-0.015747,0.981567,-2.990723,0.854492,1.098633
53718,0.035889,-0.034668,0.984985,-2.746582,-0.061035,1.098633
53728,0.016602,-0.060791,0.987671,-2.502441,0.061035,0.793457
53737,-0.009888,-0.025269,1.022339,-2.685547,0.305176,0.671387
53748,-0.001343,-0.087036,0.965088,-2.746582,0.427246,0.732422
53757,0.020264,-0.007568,0.996948,-3.112793,-0.061035,0.610352
53769,0.013428,-0.003784,1.012695,-2.746582,0.305176,0.366211
53779,-0.009033,-0.055786,1.007080,-2.868652,0.000000,0.305176
53788,0.021240,-0.032349,1.019165,-2.685547,0.061035,0.122070
53798,0.009155,-0.064941,0.997803,-2.807617,0.122070,-0.305176
53807,0.024658,-0.051758,1.026123,-2.563477,0.061035,-0.549316
53818,-0.013794,-0.037598,1.009155,-2.807617,-0.061035,-0.976562
53828,0.003052,-0.018921,1.012939,-2.563477,-0.183105,-1.586914
53837,-0.003418,-0.112305,0.956055,-2.258301,-0.488281,-1.647949
53847,-0.009277,-0.036865,1.000122,-2.380371,-0.183105,-1.831055
53857,0.008789,-0.028687,0.999146,-2.258301,0.305176,-1.831055
53868,0.014648,-0.024780,0.978516,-2.563477,0.061035,-1.892090
53877,0.027344,-0.041748,0.986572,-2.502441,-0.122070,-1.770020
53888,0.017700,-0.039307,1.004028,-2.258301,-0.061035,-1.770020
53898,0.011963,-0.000488,1.029053,-2.258301,-0.305176,-2.014160
53907,0.005493,-0.026978,1.022949,-2.197266,-0.061035,-2.258301
53917,-0.009399,0.001221,1.026367,-2.441406,-0.549316,-2.258301
53927,0.006348,-0.069824,1.003174,-2.258301,-0.366211,-2.258301
53937,0.006104,0.004028,1.012085,-2.380371,-0.427246,-2.197266
53948,-0.004761,-0.001953,0.994263,-2.319336,-0.427246,-1.892090
53957,0.006226,-0.025391,0.983765,-2.014160,-0.244141,-1.647949
53967,0.013184,-0.009277,1.008545,-1.831055,0.671387,-1.159668
53979,-0.015503,-0.009521,1.001221,-1.708984,0.000000,-0.305176
53988,-0.016724,0.001709,0.983276,-2.136230,0.915527,0.244141
53998,-0.030273,-0.009155,0.980591,-2.014160,0.366211,0.793457
54008,-0.040405,-0.013672,1.001221,-1.586914,0.488281,1.098633
54017,-0.033691,-0.046997,0.997559,-1.647949,0.976562,1.342773
54028,-0.025513,-0.055908,1.015503,-1.647949,1.037598,1.525879
54037,-0.036255,-0.008179,1.019043,-1.831055,0.305176,1.953125
54049,-0.021484,-0.063232,0.991943,-1.281738,1.464844,2.502441
54059,-0.030762,-0.024414,1.012939,-1.342773,1.953125,2.746582
54069,-0.011475,-0.045410,0.999634,-1.403809,1.708984,2.929688
54079,-0.013062,-0.070068,0.996948,-1.281738,1.342773,2.807617
54088,0.021851,-0.016846,0.977539,-0.915527,1.831055,2.441406
54098,0.026611,-0.051025,0.987061,-0.793457,1.525879,2.380371
54107,0.008179,-0.075439,0.983643,-0.915527,0.793457,1.831055
54117,-0.006226,-0.011475,1.007446,-1.464844,0.549316,2.014160
54128,-0.000122,-0.032715,0.987305,-1.464844,1.098633,2.258301
54137,-0.005859,0.006348,1.013550,-1.342773,0.427246,2.380371
54147,0.017334,-0.005615,1.015869,-1.281738,1.647949,2.441406
54158,0.014404,-0.035889,1.014160,-1.159668,0.366211,2.136230
54167,0.001953,0.009644,1.023071,-1.281738,0.244141,2.197266
54180,0.007446,-0.084717,1.001831,-0.732422,1.831055,2.136230
54189,0.004150,-0.035645,0.993530,-1.037598,0.366211,2.197266
54199,0.003784,-0.014282,0.994995,-1.281738,1.037598,2.624512
54208,0.000854,-0.065918,0.971436,-0.854492,2.258301,2.868652
54218,0.003784,-0.054321,0.965942,-1.342773,-0.244141,2.868652
54227,-0.006836,-0.016846,1.005493,-1.098633,1.281738,2.929688
54238,-0.008789,-0.047974,1.008057,-1.342773,-2.319336,2.563477
54247,-0.026001,-0.042847,0.989624,-0.671387,2.929688,2.868652
54259,-0.026733,-0.019409,0.987305,-0.793457,1.708984,2.929688
54268,-0.032471,-0.031616,0.961304,-0.793457,1.342773,3.234863
54278,-0.014893,0.001343,1.005859,-0.732422,2.197266,3.662109
54287,-0.014282,-0.063354,0.969604,-0.732422,1.708984,3.723145
54298,-0.024048,-0.049927,1.018066,-0.915527,1.220703,3.662109
54307,-0.007080,-0.009766,1.019409,-0.976562,1.342773,3.967285
54317,0.002075,-0.042969,0.991821,-0.427246,2.502441,4.211426
54329,0.005615,-0.053467,0.995239,-0.183105,1.831055,4.699707
54338,-0.009399,-0.034912,0.998779,-0.366211,2.197266,4.760742
54348,-0.011475,-0.060181,0.993774,-0.488281,2.441406,4.882812
54357,-0.016235,-0.074585,0.969238,-0.366211,2.746582,4.821777
54368,-0.003174,-0.046753,0.989380,-0.366211,2.197266,5.371094
54377,0.010742,-0.030273,1.004395,-0.122070,2.319336,5.554199
54389,-0.012207,-0.093140,1.001587,-0.061035,5.187988,5.493164
54398,0.000854,-0.019653,0.990967,-0.854492,3.479004,6.225586
54408,0.005249,-0.082031,0.995850,-0.488281,1.220703,5.798340
54418,0.012695,-0.003540,0.999512,-0.793457,0.488281,6.042480
54427,0.025146,-0.029785,1.005127,-0.061035,1.464844,5.615234
54438,0.037231,-0.070557,1.012939,0.366211,6.225586,5.920410
54447,0.034546,0.003662,0.995483,-0.366211,5.554199,6.591797
54459,0.017700,0.011719,1.006226,-0.427246,2.197266,6.896973
54468,-0.017944,-0.067017,1.001465,-0.488281,4.211426,8.056641
54477,-0.018066,-0.024292,1.011108,-1.464844,-1.037598,7.568359
54488,-0.016357,0.010986,1.011963,-0.671387,3.417969,7.019043
54497,-0.015137,-0.051636,0.976685,-1.403809,1.831055,7.263184
54508,-0.012329,-0.002930,0.985718,-1.281738,0.305176,6.042480
54517,0.007446,-0.032104,0.988525,-0.183105,5.676270,5.859375
54527,0.011963,-0.090698,0.984253,-1.525879,2.319336,6.225586
54539,0.008179,-0.011108,0.972168,-2.014160,1.403809,5.065918
54548,0.002686,-0.036987,0.969482,-1.647949,3.723145,5.859375
54557,0.009888,-0.065430,0.946777,-1.953125,-1.098633,5.615234
54568,0.008423,-0.010376,1.006104,-0.732422,2.990723,4.821777
54577,0.015137,-0.052490,1.005859,-1.159668,3.601074,5.493164
54588,0.001221,-0.076660,1.006836,-1.098633,0.793457,4.943848
54600,0.021851,0.036011,0.997192,-1.708984,1.403809,5.798340
54609,0.016357,-0.016479,0.976196,-1.342773,1.647949,6.164551
54619,-0.033691,-0.079224,0.964233,-1.281738,0.976562,6.958008
54628,-0.047363,-0.036499,1.030396,-1.098633,2.563477,7.202148
54638,-0.087402,-0.050903,1.014282,-1.464844,1.403809,7.568359
54647,-0.115234,-0.013794,1.055908,-1.586914,3.112793,8.300781
54658,-0.126587,-0.068970,0.987549,-1.464844,3.479004,8.972168
54667,-0.106934,0.019287,1.022217,-2.014160,2.990723,10.070801
54678,-0.076416,-0.091431,1.031982,-1.098633,5.249023,11.657715
54688,-0.045410,-0.100708,1.026611,-0.732422,4.516602,12.451172
54697,-0.041382,0.023682,1.058105,-1.464844,5.676270,13.427734
54708,0.016357,0.041626,0.953735,-1.831055,6.408691,14.221191
54717,0.032349,-0.018188,0.934814,-1.525879,5.981445,15.136719
54728,0.097290,-0.018433,0.933960,-1.037598,8.605957,15.991211
54737,0.072632,-0.008667,1.000488,-1.403809,4.577637,15.380859
54749,0.108521,-0.081055,1.049683,-1.770020,2.441406,14.465332
54759,0.180298,-0.026978,1.014893,-1.708984,5.310059,14.465332
54768,0.177734,0.034302,1.019775,-2.502441,1.464844,14.526367
54778,0.178345,-0.070557,0.948853,-1.586914,5.554199,14.831543
54787,0.141479,-0.121948,1.013672,-1.525879,1.098633,14.282227
54798,0.146484,-0.078125,1.018799,-1.342773,3.234863,13.366699
54807,0.127930,-0.065430,1.016113,-1.708984,-0.976562,11.962891
54819,0.092529,-0.066772,0.989502,-1.464844,-0.793457,8.911133
54828,0.109009,-0.001953,0.981201,-1.525879,-2.136230,7.812500
54838,0.081177,-0.013794,0.982056,-0.732422,-0.976562,6.469727
54848,0.074097,-0.097412,0.975342,-0.427246,-2.258301,5.310059
54857,0.042603,-0.082153,1.011475,-0.671387,-2.319336,4.272461
54868,0.033447,-0.034668,0.999878,-1.037598,-2.624512,2.624512
54878,0.024292,-0.007202,0.986450,-1.342773,-3.112793,0.488281
54887,0.041016,-0.042603,0.983154,-1.220703,0.793457,0.366211
54898,0.047485,-0.009888,1.014038,-2.197266,-4.516602,0.061035
54907,0.047729,-0.014282,1.009644,-1.220703,-4.760742,-1.281738
54918,0.097046,-0.049438,1.025879,-0.610352,-0.671387,-1.159668
54928,0.091064,-0.065918,1.008911,-1.037598,-3.662109,-1.281738
54937,0.105469,-0.081055,1.017578,-1.098633,-2.136230,-1.342773
54950,0.097900,-0.037842,0.983643,-0.854492,-3.417969,-2.746582
54960,0.084961,-0.095581,0.952271,-0.488281,-4.211426,-3.540039
54970,0.058838,-0.107056,1.022461,-0.732422,-4.516602,-4.516602
54980,0.013794,-0.067383,1.007813,-1.037598,-5.004883,-5.554199
54989,-0.013550,-0.016846,1.000488,-0.915527,-4.394531,-6.530762
54999,0.007568,-0.108887,0.989624,-0.671387,-3.906250,-7.446289
55009,-0.003052,-0.098999,1.022827,-0.854492,-4.272461,-8.239746
55018,0.024292,-0.060425,1.023315,-1.464844,-4.333496,-10.009766
55028,0.059937,-0.050049,0.962891,-1.159668,-4.699707,-10.620117
55038,0.077393,-0.096191,0.945557,-0.915527,-4.333496,-10.620117
55047,0.078613,-0.121094,1.027832,-0.976562,-4.028320,-10.498047
55058,0.053589,-0.077393,1.033569,-1.159668,-4.150391,-10.009766
55067,-0.003662,-0.031250,1.010376,-1.281738,-4.516602,-10.192871
55078,0.007080,-0.098145,0.997192,-0.793457,-3.967285,-10.620117
55088,-0.041260,-0.089722,0.984985,-1.281738,-3.540039,-12.268066
55097,-0.025024,-0.020142,0.998779,-1.037598,-4.455566,-12.390137
55108,-0.034302,-0.033813,0.949341,-0.732422,-4.089355,-12.634277
55118,-0.007324,-0.027588,0.986572,-1.281738,-6.530762,-12.268066
55127,-0.022583,-0.072754,0.995483,-1.098633,-0.915527,-11.169434
55138,0.005615,-0.016235,1.004150,-2.075195,-3.356934,-9.643555
55148,-0.006958,0.033325,0.978394,-2.380371,-3.601074,-8.361816
55157,0.015503,-0.039063,1.006226,-1.403809,-2.380371,-6.408691
55167,0.032715,-0.083374,1.008667,-1.464844,-2.990723,-5.249023
55178,0.021362,-0.027100,1.017334,-1.708984,-3.234863,-4.455566
55187,0.019409,-0.039063,0.950195,-1.281738,-2.685547,-3.295898
55198,-0.003906,-0.087402,1.010376,-0.854492,-2.563477,-2.319336
55207,0.011475,-0.089722,1.013794,-1.159668,-2.868652,-1.647949
55218,-0.066162,-0.115845,1.004150,-1.220703,-2.075195,-0.854492
55228,-0.076538,-0.029663,1.004883,-1.647949,-0.915527,0.305176
55238,-0.071777,-0.026489,0.963257,-1.342773,-0.305176,0.732422
55248,-0.052979,-0.046509,0.972656,-1.037598,0.427246,0.854492
55257,-0.048584,-0.084106,0.963379,-0.793457,-0.061035,0.976562
55267,-0.038086,-0.020142,1.013306,-0.671387,0.244141,0.610352
55278,-0.008789,-0.025391,1.002075,-0.854492,0.549316,0.488281
55287,0.019043,-0.066040,1.005127,-1.403809,0.366211,0.488281
55299,0.023926,-0.045654,1.014038,-1.708984,0.000000,0.793457
55308,0.029907,-0.011353,0.993286,-1.586914,-0.488281,0.915527
55318,0.040894,-0.021729,0.976929,-1.342773,-0.671387,0.915527
55328,0.040527,-0.035156,0.988525,-1.220703,0.122070,0.976562
55338,0.014282,-0.044800,1.019165,-1.098633,0.061035,1.037598
55348,0.007080,-0.047974,0.982178,-1.220703,0.427246,0.915527
55358,0.010620,-0.034302,0.997314,-1.342773,0.122070,1.037598
55368,0.015015,-0.022217,1.010376,-1.220703,0.122070,1.403809
55377,0.011475,-0.048096,0.989868,-1.098633,0.732422,1.647949
55388,0.019775,-0.056519,1.028198,-1.098633,0.000000,1.831055
55397,-0.013184,-0.059692,0.992187,-1.281738,0.610352,2.441406
55408,-0.023193,-0.019165,1.007690,-1.281738,0.427246,2.624512
55417,-0.040405,-0.045654,0.984131,-1.342773,-1.647949,2.990723
55428,-0.043823,-0.062134,0.984375,-0.610352,2.319336,3.479004
55438,-0.031372,-0.056396,1.002686,-0.915527,-0.122070,3.784180
55447,-0.043823,-0.047119,0.996094,-0.549316,0.488281,3.479004
55458,-0.015503,-0.061768,0.970459,-0.671387,0.061035,3.540039
55467,-0.000488,-0.002808,1.005371,-0.976562,1.037598,3.540039
55478,0.000366,-0.040894,0.994385,-0.854492,2.502441,3.662109
55488,-0.007202,-0.037354,0.982422,-1.098633,1.342773,4.028320
55498,0.007080,-0.027344,0.994995,-1.098633,1.464844,4.028320
55510,0.020142,-0.084595,0.984741,-0.854492,0.854492,3.784180
55520,0.033936,-0.033569,1.009155,-1.159668,0.915527,3.540039
55529,0.046265,-0.048706,1.013672,-1.403809,0.915527,3.784180
55539,0.012695,-0.097656,0.948120,-1.159668,1.159668,4.028320
55548,0.028564,-0.067505,0.995850,-0.854492,2.197266,4.028320
55558,0.072876,-0.066650,1.019897,-1.342773,0.793457,4.028320
55568,0.040039,-0.087402,0.984497,-1.342773,0.915527,3.967285
55577,0.021606,-0.044556,0.967773,-1.525879,0.427246,2.868652
55589,0.008545,-0.057861,0.982056,-1.464844,0.488281,2.624512
55598,-0.019653,-0.088989,0.956909,-0.854492,0.915527,2.380371
55608,0.005737,-0.083374,1.012817,-1.098633,0.061035,1.831055
55618,-0.005371,-0.036621,1.047119,-1.220703,0.793457,1.281738
55628,-0.038452,-0.087280,0.962402,-1.220703,1.037598,0.671387
55638,-0.015137,-0.047485,0.975708,-1.647949,0.549316,0.000000
55647,0.011841,-0.051147,1.013916,-1.586914,0.671387,-0.427246
55659,-0.003662,-0.114868,0.981079,-1.525879,0.793457,-1.220703
55669,0.014893,-0.075928,1.010742,-1.953125,0.183105,-1.342773
55678,0.012329,-0.010498,1.029175,-1.831055,1.098633,-1.586914
55687,0.026855,-0.034668,0.962769,-1.770020,0.671387,-1.647949
55698,0.044678,-0.080933,0.971924,-1.281738,-0.122070,-1.525879
55708,0.045654,-0.071411,1.023926,-1.281738,0.671387,-1.281738
55718,0.017334,-0.036377,1.034546,-1.586914,15.258789,-1.708984
55727,0.024048,-0.106934,0.975464,-1.770020,0.244141,-1.708984
55738,0.013428,-0.025024,1.015381,-2.075195,0.366211,-1.647949
55748,0.013794,-0.049683,0.977783,-1.953125,0.793457,-1.831055
55758,0.015625,-0.084229,0.982910,-1.770020,-0.183105,-2.319336
55768,0.002808,-0.080688,1.030640,-1.647949,0.976562,-2.258301
55778,-0.020752,-0.030762,1.019043,-1.892090,0.000000,-2.685547
55788,-0.013428,-0.058350,0.945679,-1.770020,15.563965,-3.417969
55799,-0.005493,-0.061279,1.010620,-1.220703,0.549316,-3.540039
55809,-0.014648,-0.063599,1.021973,-1.281738,0.915527,-3.723145
55819,0.001343,-0.076538,0.959717,-1.525879,0.732422,-4.272461
55828,0.022827,-0.073486,0.978149,-1.464844,1.220703,-4.333496
55838,0.032227,-0.072876,1.005737,-1.342773,0.915527,-4.333496
55847,0.031860,-0.060669,1.003784,-1.281738,0.732422,-4.638672
55860,0.041382,-0.093506,1.010254,-1.098633,0.366211,-5.004883
55870,0.026489,-0.054443,1.028564,-1.159668,0.610352,-5.065918
55879,0.026245,-0.042480,0.994385,-1.281738,0.610352,-5.432129
55889,0.037598,-0.053223,0.927612,-1.220703,0.183105,-5.432129
55898,0.038330,-0.053955,0.993286,-1.098633,0.427246,-4.882812
55908,0.026367,-0.036377,1.040039,-1.159668,0.244141,-4.760742
55918,0.031006,-0.041870,1.025757,-1.464844,-0.122070,-4.699707
55930,0.042358,-0.071899,1.005615,-1.525879,0.427246,-4.333496
55940,0.044678,-0.010864,1.028076,-1.831055,0.549316,-4.211426
55949,0.023926,-0.046021,1.000366,-1.831055,-0.183105,-4.882812
55959,0.011475,-0.083374,0.961914,-1.403809,-0.671387,-5.493164
55968,0.009155,-0.082886,0.996460,-1.342773,-0.366211,-5.737305
55978,-0.005249,-0.068237,1.039307,-1.403809,-0.549316,-6.103516
55987,-0.024780,-0.052979,1.025024,-1.647949,-0.488281,-6.652832
56000,-0.006348,-0.127319,0.959595,-1.281738,0.305176,-7.385254
56010,0.006836,-0.050659,1.011108,-1.403809,0.122070,-7.568359
56019,0.014893,-0.051758,1.004272,-1.525879,0.061035,-7.751465
56029,0.021118,-0.054565,0.990845,-1.464844,-0.122070,-8.239746
56039,0.047363,-0.080322,0.971069,-1.464844,0.549316,-8.300781
56048,0.052979,-0.083984,0.996704,-1.525879,0.122070,-7.873535
56058,0.051758,-0.036865,1.038940,-1.770020,-0.183105,-7.873535
56067,0.053345,-0.023315,1.032104,-1.770020,-0.244141,-7.751465
56079,0.032837,-0.069702,0.977905,-1.708984,0.183105,-7.385254
56089,0.021729,-0.021362,1.002197,-1.770020,0.000000,-7.080078
56098,0.030518,0.001953,1.019775,-1.770020,-0.366211,-6.835937
56108,0.022583,-0.007935,1.013794,-2.014160,-0.732422,-6.530762
56117,0.032471,-0.018433,1.002075,-2.197266,-0.488281,-5.920410
56128,0.032227,-0.006226,1.001465,-2.380371,-0.793457,-4.699707
56138,0.028809,0.016724,1.012329,-2.380371,-0.122070,-2.197266
56147,0.016357,0.020752,0.987549,-2.502441,-0.183105,-1.037598
56158,-0.015381,0.044434,0.962280,-2.258301,0.488281,-0.061035
56167,-0.024658,0.004395,0.955811,-2.014160,0.671387,0.610352
56178,-0.032227,-0.011108,0.970581,-1.892090,0.976562,0.793457
56187,-0.017456,-0.006226,1.012451,-2.014160,1.342773,0.915527
56198,-0.007446,0.006714,1.039063,-2.136230,0.732422,0.793457
56209,0.021118,-0.001587,0.982422,-1.770020,0.732422,1.037598
56219,0.043457,-0.013306,0.990723,-1.525879,1.586914,1.525879
56228,0.063477,-0.029297,0.992920,-1.708984,1.281738,2.258301
56238,0.069580,-0.028687,0.973511,-1.892090,1.708984,2.502441
56248,0.052490,0.015259,0.990601,-2.136230,1.098633,2.319336
56257,0.027832,0.031250,0.996582,-2.197266,0.488281,1.953125
56268,0.027344,0.014038,0.998657,-2.258301,0.305176,1.892090
56280,0.002441,-0.004517,1.020508,-1.770020,0.549316,1.770020
56289,0.004150,-0.003052,1.013428,-1.220703,0.854492,1.464844
56299,0.002075,-0.014160,0.998779,-1.403809,0.671387,1.586914
56308,-0.000977,-0.012817,0.982178,-1.281738,1.159668,1.770020
56318,0.005371,0.001587,0.991089,-1.586914,1.159668,1.708984
56328,0.019165,-0.004517,0.988892,-1.770020,0.976562,1.892090
56338,0.039795,-0.007813,0.999512,-1.770020,1.403809,2.014160
56349,0.065308,-0.015625,1.030396,-1.953125,0.488281,1.953125
56359,0.055298,-0.012451,1.027832,-1.770020,0.732422,2.197266
56368,0.035645,0.004028,1.013672,-1.708984,0.427246,2.563477
56377,0.020386,0.014160,0.995239,-1.586914,0.183105,2.868652
56388,0.009155,0.021851,0.972778,-1.403809,0.793457,3.723145
56398,-0.001099,0.027954,0.954590,-1.647949,1.037598,4.760742
56408,-0.000244,0.032104,0.958984,-1.647949,1.281738,5.676270
56420,0.025513,0.004028,1.005737,-1.647949,1.342773,6.225586
56429,0.022827,-0.005859,1.020752,-1.831055,1.098633,6.042480
56439,0.021851,-0.000854,1.031616,-1.770020,1.037598,5.615234
56448,0.028198,0.000977,1.028931,-1.586914,0.610352,5.310059
56458,0.031128,-0.006592,1.017334,-1.403809,0.915527,5.310059
56468,0.028198,-0.013306,1.007813,-1.159668,0.305176,5.187988
56478,0.034180,-0.021240,1.000366,-0.915527,0.488281,5.126953
56490,0.023315,-0.027710,0.981567,-1.281738,0.061035,4.821777
56500,0.025024,-0.023437,0.993530,-1.464844,0.671387,4.699707
56510,0.037964,-0.024292,1.000854,-1.525879,0.427246,4.211426
56519,0.042725,-0.025757,1.002319,-1.525879,0.305176,3.479004
56528,0.042725,-0.023682,1.006592,-1.342773,0.244141,2.746582
56538,0.051392,-0.019409,1.018311,-1.403809,-0.854492,1.770020
56548,0.048340,-0.021851,1.017334,-1.159668,-0.610352,1.342773
56558,0.034668,-0.016113,1.007568,-1.159668,-0.488281,1.220703
56568,0.018921,-0.007202,1.000244,-1.342773,-0.732422,1.525879
56578,0.017944,-0.012329,1.007568,-1.342773,-0.610352,2.014160
56588,0.019165,-0.056763,1.014038,-1.098633,-0.793457,2.136230
56597,0.015869,-0.102661,1.018311,-0.732422,-0.610352,2.319336
56609,0.005127,-0.105957,1.013062,-0.732422,-0.671387,2.441406
56618,-0.001587,-0.113770,0.996948,-0.610352,-1.159668,2.380371
56628,-0.014038,-0.114014,0.977905,-0.610352,-0.366211,2.502441
56640,-0.045410,-0.096436,0.973267,-0.610352,-0.061035,2.563477
56649,-0.048340,-0.105591,0.980225,-0.793457,0.183105,2.746582
56659,-0.038940,-0.100708,0.993774,-0.671387,0.610352,2.929688
56669,-0.023071,-0.099976,1.000244,-0.671387,0.549316,3.051758
56678,-0.016357,-0.106445,0.998169,-0.671387,0.488281,3.234863
56688,-0.014160,-0.099121,0.993408,-0.671387,0.427246,3.295898
56698,-0.005981,-0.096191,0.990601,-0.610352,1.892090,3.906250
56709,0.022339,-0.097168,0.988403,-0.671387,0.854492,4.028320
56719,0.034546,-0.100098,0.990601,-0.610352,1.342773,4.089355
56728,0.036011,-0.092163,0.986938,-0.610352,0.915527,4.150391
56738,0.028687,-0.077393,0.964722,-0.793457,1.281738,4.150391
56748,0.047363,-0.077881,0.993408,-1.037598,0.915527,4.333496
56758,0.063721,-0.044556,1.008911,-1.037598,1.159668,4.516602
56770,0.048828,-0.104858,1.009766,-1.098633,1.159668,5.004883
56779,0.053955,-0.150635,1.055542,-1.220703,0.976562,5.126953
56789,0.048218,-0.194336,1.002075,-0.671387,0.488281,5.065918
56798,0.021240,-0.204102,0.982422,-0.671387,-0.061035,4.638672
56808,0.008545,-0.164795,0.987183,-0.793457,0.976562,4.272461
56819,0.001953,-0.143799,0.954468,-1.159668,0.427246,3.784180
56828,0.007080,-0.143188,0.962280,-1.403809,0.305176,3.479004
56838,0.015137,-0.151733,0.976318,-1.708984,0.122070,2.197266
56849,0.042480,-0.098022,1.015137,-1.647949,-0.610352,1.586914
56859,0.061646,-0.127197,1.018433,-1.708984,-0.061035,1.220703
56868,0.062256,-0.124268,1.002197,-1.586914,-0.488281,0.793457
56879,0.054199,-0.113281,0.993286,-1.342773,0.122070,0.610352
56888,0.043579,-0.108765,0.975464,-1.403809,-0.488281,0.183105
56900,0.031006,-0.101318,0.972900,-1.464844,-0.732422,-0.122070
56909,0.026855,-0.117065,0.996216,-1.770020,-0.183105,-0.366211
56919,0.030273,-0.125610,0.997437,-1.953125,-0.976562,-0.244141
56929,0.020508,-0.160278,1.028564,-1.831055,-0.549316,-0.061035
56938,0.029663,-0.128906,0.992798,-1.464844,-0.244141,0.000000
56949,0.021240,-0.100342,0.951416,-1.464844,-0.488281,0.122070
56958,0.019043,-0.061401,0.939697,-1.647949,0.122070,0.244141
56968,0.024902,-0.057739,0.985474,-1.708984,0.000000,0.732422
56979,0.061157,-0.094849,1.008057,-1.953125,-0.488281,1.098633
56989,0.033813,-0.100830,1.010376,-1.647949,0.488281,1.586914
56998,0.016235,-0.111938,1.014282,-2.014160,-1.586914,1.342773
57008,0.021606,-0.108887,1.008301,-1.464844,-0.305176,1.159668
57018,0.020508,-0.106934,0.997681,-1.586914,-1.342773,1.281738
57028,0.016357,-0.106567,0.973389,-1.770020,-0.732422,1.647949
57038,0.010010,-0.106689,0.974365,-2.014160,-0.915527,2.258301
57050,0.043335,-0.118774,1.006470,-1.770020,-0.488281,2.746582
57059,0.060181,-0.129639,1.004883,-1.892090,-0.671387,2.502441
57069,0.059204,-0.130005,1.006226,-1.831055,-0.732422,2.136230
57078,0.068848,-0.121948,1.005493,-1.953125,-0.793457,1.586914
57088,0.066406,-0.112061,1.001099,-2.014160,-1.403809,1.098633
57099,0.062988,-0.099854,0.981201,-1.953125,-1.953125,0.793457
57108,0.046021,-0.073730,0.980347,-1.892090,-0.793457,0.732422
57118,0.032227,-0.069580,0.985962,-1.708984,-1.220703,0.183105
57130,-0.007568,-0.117798,1.024170,-2.014160,-2.014160,-0.244141
57139,0.029541,-0.094116,0.962646,-1.953125,-2.807617,-0.610352
57149,0.026611,-0.105225,0.976807,-1.647949,-2.868652,-0.854492
57159,0.049805,-0.094116,0.987915,-1.770020,-2.258301,-0.671387
57168,0.052979,-0.104370,0.996216,-1.403809,-1.831055,-0.366211
57180,0.040894,-0.121338,0.997681,-1.770020,-2.441406,-0.488281
57189,0.031982,-0.097656,0.983765,-1.708984,-2.807617,-0.732422
57199,0.008423,-0.097900,1.002686,-1.647949,-2.868652,-0.793457
57209,-0.001953,-0.121582,1.002808,-1.586914,-3.540039,-1.220703
57218,-0.019165,-0.096313,0.995605,-1.647949,-2.380371,-0.976562
57228,-0.017090,-0.074707,0.969604,-1.708984,-2.502441,-0.732422
57239,-0.004272,-0.090332,0.977051,-1.647949,-2.502441,-0.244141
57249,-0.010864,-0.087036,1.001953,-1.708984,-1.831055,1.098633
57258,-0.016479,-0.051025,0.997192,-1.647949,-1.037598,1.281738
57268,0.020996,-0.080322,1.004272,-1.831055,-1.464844,1.586914
57279,0.041870,-0.112305,1.010376,-1.647949,-1.281738,1.892090
57288,0.044922,-0.106323,1.009644,-1.647949,-2.014160,2.258301
57298,0.030640,-0.108032,1.003174,-1.586914,-1.770020,2.502441
57308,0.020264,-0.104492,0.997314,-1.525879,-1.586914,2.258301
57320,0.032227,-0.114136,0.988647,-1.586914,-2.441406,2.075195
57329,0.031006,-0.103638,0.981567,-1.647949,-2.014160,2.197266
57339,0.020996,-0.086182,0.978516,-1.464844,-1.770020,2.197266
57348,0.017822,-0.081787,0.998657,-1.525879,-2.319336,1.831055
57358,-0.000122,-0.077759,0.999023,-1.464844,-2.685547,1.586914
57369,-0.018311,-0.071777,0.985596,-1.342773,-2.807617,1.281738
57378,-0.024902,-0.080688,0.977173,-1.098633,-2.197266,1.281738
57388,0.013550,-0.087402,0.992187,-1.342773,-2.075195,1.586914
57400,-0.010132,-0.102173,1.004639,-1.403809,-0.793457,2.868652
57409,-0.025146,-0.106567,0.998535,-1.464844,-1.525879,2.746582
57419,-0.023560,-0.107544,0.996582,-1.342773,0.244141,2.868652
57429,-0.017334,-0.100342,0.993042,-1.708984,-2.746582,2.807617
57438,-0.001221,-0.098877,0.994141,-1.281738,-1.220703,3.173828
57449,0.009277,-0.113037,0.995605,-1.403809,-1.220703,3.356934
57459,0.010620,-0.107666,1.001587,-1.403809,-1.953125,3.540039
57468,0.020752,-0.119263,0.999878,-1.220703,-1.403809,4.150391
57479,0.051147,-0.102051,0.997803,-1.586914,-1.586914,4.760742
57489,0.045898,-0.112915,0.986450,-1.525879,-1.831055,5.187988
57499,0.044556,-0.113403,0.999023,-1.403809,-1.403809,5.554199
57509,0.012085,-0.114502,1.007568,-1.525879,-1.037598,5.920410
57519,0.048096,-0.117065,1.010010,-2.014160,-1.708984,5.859375
57529,0.049561,-0.120728,1.001221,-2.075195,-1.831055,5.065918
57538,0.066406,-0.112305,0.995850,-1.770020,-2.380371,4.394531
57549,0.074097,-0.122559,1.009155,-1.708984,-2.319336,3.540039
57558,0.095093,-0.106323,0.999146,-1.708984,-1.953125,2.380371
57569,0.074829,-0.109131,0.983521,-1.892090,-3.356934,1.220703
57578,0.042236,-0.113892,0.985718,-1.892090,-4.150391,0.061035
57589,0.027710,-0.102905,0.988770,-1.770020,-4.638672,-1.525879
57599,0.022705,-0.109009,0.988525,-1.403809,-4.760742,-4.699707
57608,0.010132,-0.093140,0.980469,-1.525879,-5.676270,-5.859375
57619,0.000488,-0.088745,0.978027,-1.647949,-5.615234,-6.530762
57629,-0.015625,-0.085083,0.987549,-1.525879,-5.798340,-7.080078
57639,-0.032471,-0.071655,0.998657,-1.342773,-5.310059,-7.507324
57648,-0.026855,-0.066650,1.005859,-1.281738,-4.699707,-7.690430
57659,-0.066895,-0.098755,1.009766,-1.159668,-4.516602,-7.934570
57669,-0.005005,-0.099243,1.005615,-0.854492,-5.493164,-8.728027
57679,-0.023193,-0.118896,0.979858,-0.854492,-6.042480,-9.460449
57688,-0.014771,-0.062988,0.960327,-0.854492,-4.821777,-9.338379
57699,-0.032104,-0.053467,0.954956,-1.037598,-5.004883,-8.911133
57709,-0.033203,-0.058105,0.994019,-1.037598,-4.272461,-9.277344
57719,-0.033325,-0.083374,1.023682,-1.220703,-4.333496,-9.582520
57728,-0.035034,-0.111816,1.052734,-1.464844,-5.004883,-10.131836
57739,-0.014160,-0.071167,1.048584,-1.586914,-5.126953,-12.023926
57750,0.000610,-0.030029,0.968262,-2.014160,-5.615234,-13.061523
57760,0.049438,-0.238647,0.877686,-1.586914,-6.896973,-14.160156
57769,-0.015869,-0.146851,1.050049,-1.647949,-6.286621,-15.380859
57779,0.014282,-0.037354,1.109009,-1.403809,-7.385254,-17.089844
57789,-0.083496,-0.125122,1.053833,-1.220703,-8.239746,-18.615723
57799,0.189941,-0.177490,0.959595,-1.159668,-8.239746,-18.859863
57808,0.153320,-0.157227,0.960571,-0.976562,-7.080078,-17.944336
57820,0.020996,-0.102173,0.949463,-1.953125,-6.835937,-18.249512
57830,0.010742,-0.048584,0.994751,-2.441406,-7.324219,-19.592285
57840,0.038208,-0.059570,1.010620,-2.807617,-8.178711,-20.874023
57849,-0.006348,-0.057373,1.014648,-2.807617,-9.460449,-23.254395
57859,-0.095581,-0.083496,1.004028,-2.258301,-9.277344,-26.000977
57869,-0.160278,-0.072510,1.033081,-2.380371,-10.009766,-28.198242
57879,-0.150757,-0.090942,1.013062,-2.502441,-11.047363,-28.869629
57888,-0.185791,-0.008911,0.979858,-1.647949,-7.568359,-27.343750
57899,-0.216553,-0.136841,0.956421,-1.281738,-6.958008,-25.329590
57909,-0.166260,-0.115723,1.001953,-1.525879,-6.835937,-23.071289
57918,-0.148926,-0.088989,1.013306,-1.464844,-6.408691,-20.812988
57929,-0.138550,-0.089111,0.996094,-1.647949,-6.469727,-18.188477
57939,-0.150024,-0.068604,0.983032,-1.647949,-5.371094,-14.526367
57949,-0.142578,-0.070190,0.980957,-1.708984,-5.126953,-6.896973
57960,-0.121948,-0.103882,0.982300,-1.464844,-2.502441,-3.112793
57970,-0.150391,-0.103149,0.999268,-2.136230,-0.732422,1.098633
57980,-0.166748,-0.093506,1.012085,-2.319336,-0.061035,4.577637
57989,-0.183716,-0.075439,1.015503,-2.258301,0.305176,7.263184
57999,-0.158081,-0.072876,1.020752,-2.197266,1.037598,9.460449
58009,-0.152954,-0.070679,1.015625,-2.075195,0.976562,11.230469
58021,-0.104248,-0.064819,0.996582,-1.586914,1.892090,13.610840
58031,-0.098145,-0.060669,0.963989,-1.586914,1.831055,13.977051
58040,-0.108643,-0.037598,0.941284,-1.403809,2.258301,14.221191
58050,-0.082031,-0.021851,0.950806,-1.647949,1.831055,13.793945
58059,-0.059204,-0.030273,0.971924,-1.464844,2.197266,13.183594
58069,-0.053345,-0.032227,0.987427,-1.770020,2.319336,12.634277
58078,-0.047363,-0.241577,0.954224,-1.708984,2.136230,12.084961
58091,-0.051147,0.246948,1.097900,-1.953125,1.647949,11.230469
58101,0.011475,-0.041016,0.965454,-1.647949,1.342773,11.169434
58110,-0.046631,-0.177856,1.044434,-1.281738,2.441406,11.047363
58120,-0.122559,-0.108398,1.006470,-1.464844,1.403809,10.192871
58130,0.069946,-0.301147,0.896240,-1.281738,0.854492,9.216309
58139,0.076904,-0.081177,1.071655,-0.976562,1.159668,8.544922
58149,0.053833,-0.325806,1.233765,-0.793457,0.061035,7.202148
58159,-0.210083,-0.541260,0.882568,-0.183105,-1.770020,4.455566
58170,0.046753,-0.278076,0.927856,0.244141,-0.915527,4.699707
58179,0.277466,-0.130005,0.971680,0.427246,0.122070,5.004883
58189,0.251587,-0.003662,0.897217,-0.244141,0.732422,4.943848
58199,0.341919,0.061035,0.966797,-1.342773,0.976562,3.723145
58209,0.260010,0.041870,1.059814,-2.746582,0.061035,1.464844
58219,0.048096,-0.054687,1.173828,-3.784180,-2.990723,-2.502441
58229,-0.181763,-0.126465,1.191528,-4.272461,-6.835937,-10.925293
58239,-0.290161,-0.191040,1.124756,-1.647949,-10.253906,-12.817383
58249,-0.085937,-0.343994,0.983398,-0.549316,-8.178711,-11.596680
58259,0.051758,-0.361450,0.961914,-0.366211,-5.004883,-9.155273
58269,0.072266,-0.328369,0.942505,-0.732422,-2.502441,-7.751465
58279,0.092163,-0.303467,0.896851,-1.159668,-2.258301,-7.629395
58289,0.066284,-0.291382,0.877930,-1.403809,-4.150391,-9.094238
58301,0.021851,-0.294067,0.997803,-1.403809,-6.469727,-11.962891
58310,0.003052,-0.280029,1.023560,-1.403809,-9.582520,-19.287109
58320,-0.027710,-0.251587,1.028564,-1.220703,-10.437012,-23.559570
58329,-0.009521,-0.238647,1.005981,-1.342773,-10.864258,-27.160645
58339,-0.058838,-0.243164,0.990601,-1.037598,-10.681152,-30.395508
58349,-0.123047,-0.234619,0.977783,-0.732422,-11.047363,-33.691406
58359,-0.153931,-0.221680,0.958862,-0.488281,-11.474609,-37.597656
58370,-0.126709,-0.232910,0.964844,0.244141,-11.779785,-44.311523
58379,-0.038452,-0.184448,0.998779,-0.061035,-12.023926,-47.851562
58389,-0.037964,-0.101440,1.007446,-0.366211,-11.962891,-50.964355
58399,-0.046875,-0.019165,1.028198,-0.244141,-13.000488,-53.588867
58409,-0.067871,0.000000,1.028442,0.366211,-12.268066,-55.480957
58419,-0.071533,-0.039795,0.998657,0.976562,-11.474609,-57.067871
58429,-0.059326,-0.021606,0.958252,0.915527,-11.840820,-58.959961
58441,-0.013550,0.046875,0.938599,-0.061035,-13.671875,-62.866211
58451,-0.035767,0.041870,0.960327,-0.610352,-13.977051,-64.086914
58461,-0.072998,0.020752,0.989990,-1.159668,-14.282227,-63.964844
58471,-0.079468,-0.002319,1.023193,-1.342773,-14.465332,-63.171387
58480,-0.092041,-0.025635,1.027954,-1.464844,-14.099121,-61.279297
58490,-0.125366,-0.044189,1.013428,-1.281738,-13.427734,-58.532715
58500,-0.156006,-0.071533,0.990723,-1.159668,-11.413574,-50.476074
58510,-0.190063,-0.088745,0.965576,-0.671387,-9.704590,-45.959473
58520,-0.319702,-0.110107,0.930786,-0.854492,-9.643555,-41.625977
58529,-0.364990,-0.102661,0.944580,-0.793457,-8.178711,-37.109375
58539,-0.368042,-0.101318,0.957520,-0.427246,-5.737305,-32.104492
58549,-0.364014,-0.117065,0.957153,-0.122070,-4.638672,-27.404785
58559,-0.363403,-0.144287,0.942505,0.061035,-3.295898,-22.766113
58569,-0.342163,-0.160522,0.928345,0.122070,-2.014160,-18.310547
58579,-0.309448,-0.168945,0.941650,0.000000,0.061035,-9.155273
58590,-0.255127,-0.138062,1.000366,-0.122070,0.915527,-5.493164
58600,-0.221436,-0.152954,1.005005,0.000000,2.075195,-1.525879
58610,-0.207886,-0.191528,0.978027,0.549316,3.540039,2.258301
58619,-0.199097,-0.192261,0.953979,0.610352,4.211426,5.676270
58630,-0.196533,-0.150757,0.967285,0.427246,5.249023,8.605957
58639,-0.205078,-0.141724,0.985474,0.061035,5.249023,11.413574
58649,-0.239014,-0.135132,1.004028,0.061035,6.286621,15.563965
58660,-0.190063,-0.161987,0.971436,0.488281,7.568359,17.761230
58670,-0.172485,-0.175171,0.946533,0.427246,8.117676,19.958496
58679,-0.152710,-0.135986,0.968506,0.000000,8.483887,21.728516
58689,-0.127808,-0.104126,1.007690,-0.549316,8.789063,23.681641
58699,-0.131714,-0.134399,1.008057,-0.488281,9.094238,25.573730
58709,-0.121582,-0.171509,0.978638,-0.427246,9.582520,26.855469
58719,-0.101807,-0.184937,0.953125,-0.610352,9.521484,28.320312
58731,-0.059814,-0.144653,1.024048,-1.220703,9.704590,28.198242
58740,-0.069702,-0.164185,1.027832,-0.915527,8.789063,27.282715
58750,-0.088379,-0.225586,0.981689,-0.671387,7.995605,25.817871
58759,-0.071289,-0.253296,0.954102,-0.671387,7.934570,24.047852
58769,-0.026978,-0.208008,0.991943,-1.098633,7.568359,22.094727
58781,-0.030884,-0.212280,1.011475,-1.403809,5.126953,16.296387
58790,-0.027222,-0.285278,0.939087,-1.342773,3.723145,12.756348
58800,0.029907,-0.274048,0.969360,-1.586914,3.051758,9.521484
58809,0.043091,-0.249756,1.005249,-1.770020,2.929688,6.164551
58820,0.030029,-0.288208,0.998413,-1.464844,2.319336,2.014160
58829,0.053101,-0.353882,0.944336,-1.037598,0.244141,-2.624512
58839,0.117065,-0.329346,0.989136,-1.159668,-0.610352,-6.286621
58849,0.137451,-0.271240,1.046021,-1.525879,-1.220703,-9.094238
58861,0.153076,-0.353271,1.042114,-1.525879,-2.807617,-16.906738
58870,0.087646,-0.262695,1.048340,-2.014160,-6.347656,-20.019531
58880,0.023804,-0.255005,0.997070,-1.953125,-7.812500,-22.888184
58889,-0.011475,-0.286987,0.928955,-1.525879,-9.094238,-25.817871
58899,0.005127,-0.232056,0.989136,-1.342773,-9.399414,-27.709961
58909,0.002808,-0.216919,1.010376,-1.281738,-9.765625,-29.052734
58921,-0.006836,-0.230957,0.991577,-1.586914,-10.559082,-31.860352
58930,-0.126343,-0.168335,0.984619,-1.892090,-10.864258,-32.592773
58940,-0.191772,-0.169189,0.947632,-1.708984,-10.864258,-33.752441
58950,-0.191650,-0.130737,0.992187,-1.281738,-10.498047,-35.400391
58959,-0.205078,-0.147583,0.969849,-1.037598,-9.887695,-36.560059
58969,-0.190918,-0.154419,0.963135,-0.793457,-9.826660,-38.085937
58979,-0.140381,-0.147217,0.987915,-0.610352,-8.728027,-39.306641
58989,-0.143555,-0.210937,0.986328,-0.549316,-8.972168,-40.222168
58999,-0.111328,-0.245972,1.003784,-0.671387,-10.070801,-43.823242
59009,-0.091553,-0.252075,0.970703,-0.549316,-10.559082,-45.654297
59019,-0.001099,-0.231689,0.966919,-0.427246,-10.437012,-47.668457
59029,-0.051147,-0.088135,0.854858,0.061035,-10.498047,-49.438477
59039,-0.053101,-0.180542,0.870850,0.732422,-10.864258,-51.452637
59049,0.045654,-0.320068,1.097168,0.610352,-10.925293,-53.833008
59059,0.110352,-0.314331,1.197510,0.000000,-10.681152,-55.297852
59071,-0.010742,-0.185059,0.907471,-0.732422,-11.779785,-58.715820
59080,-0.154419,-0.121704,0.730225,0.122070,-14.770508,-60.791016
59090,-0.167847,-0.121216,0.817871,1.342773,-14.221191,-62.072754
59100,-0.043091,-0.149780,1.042603,1.953125,-12.145996,-62.683105
59109,0.002808,-0.102417,1.215332,1.525879,-11.535645,-62.988281
59119,0.019775,-0.113892,1.200684,1.342773,-11.596680,-62.622070
59130,-0.119263,-0.107300,1.012207,0.793457,-12.634277,-61.950684
59139,-0.218384,-0.049194,0.920654,0.488281,-12.573242,-61.218262
59149,-0.224854,0.016724,0.948486,1.403809,-11.962891,-60.119629
59159,-0.185303,-0.059082,0.995850,2.258301,-10.559082,-58.410645
59169,-0.163330,-0.124390,1.008179,2.746582,-9.582520,-56.213379
59179,-0.192993,-0.110474,1.009399,2.563477,-7.995605,-53.344727
59190,-0.203735,-0.044556,0.988403,2.197266,-7.080078,-50.659180
59199,-0.213013,0.032593,0.987427,2.258301,-6.530762,-49.072266
59211,-0.336914,-0.115601,0.999512,3.112793,-5.249023,-45.898437
59220,-0.326050,-0.080566,0.996094,3.967285,-3.784180,-44.616699
59230,-0.288574,-0.009399,1.005249,3.906250,-3.112793,-43.090820
59239,-0.319702,0.006470,0.962036,4.516602,-2.197266,-41.259766
59249,-0.361328,-0.084717,0.922485,5.737305,-1.403809,-39.489746
59259,-0.380615,-0.135254,0.927368,6.042480,0.305176,-36.987305
59269,-0.307861,-0.075195,0.971313,5.920410,2.136230,-34.362793
59279,-0.235352,-0.002197,1.015747,7.019043,4.577637,-28.381348
59290,-0.302002,-0.161499,0.965576,7.324219,5.310059,-25.329590
59300,-0.278320,-0.114502,0.942139,7.324219,6.530762,-22.705078
59310,-0.187378,-0.041016,0.977295,7.568359,7.995605,-20.263672
59319,-0.241333,-0.089233,0.939331,7.812500,8.239746,-17.700195
59330,-0.242432,-0.152588,0.967285,8.178711,9.277344,-15.563965
59340,-0.234375,-0.083252,0.978760,7.629395,10.437012,-12.817383
59349,-0.161743,-0.002563,0.982178,7.629395,11.901855,-7.385254
59360,-0.266602,-0.112915,0.933105,7.568359,13.061523,-5.187988
59370,-0.290161,-0.036255,0.944946,6.896973,14.099121,-2.197266
59380,-0.232422,0.025391,0.977173,6.469727,14.648438,0.488281
59389,-0.283447,0.002075,0.958984,6.530762,15.380859,2.807617
59400,-0.319824,-0.089355,0.954956,6.591797,16.296387,5.249023
59409,-0.324585,-0.036865,0.964355,6.286621,16.906738,7.324219
59421,-0.313110,-0.016479,0.939697,5.920410,17.700195,10.620117
59430,-0.344604,-0.101196,0.933594,6.225586,18.005371,11.779785
59440,-0.307129,-0.048218,0.966431,5.676270,18.676758,12.390137
59450,-0.255371,-0.009766,0.942139,5.493164,19.287109,13.244629
59459,-0.242432,-0.084717,0.917603,5.554199,19.897461,14.404297
59470,-0.270508,-0.164917,0.897705,5.676270,19.958496,15.502930
59479,-0.224365,-0.122803,0.946167,4.821777,21.057129,16.906738
59491,-0.187012,-0.096191,0.990112,4.699707,22.460937,18.981934
59500,-0.203979,-0.109009,0.971069,4.333496,21.972656,20.629883
59510,-0.148437,-0.088989,0.992798,4.089355,21.484375,21.484375
59520,-0.132690,-0.102783,0.984375,4.394531,22.094727,22.094727
59529,-0.127441,-0.183350,0.977173,4.577637,21.606445,22.888184
59540,-0.130615,-0.181152,0.997681,4.394531,21.972656,23.071289
59549,-0.096802,-0.135010,0.974487,4.028320,22.033691,23.315430
59561,-0.107788,-0.164795,0.968872,3.784180,21.545410,24.230957
59570,-0.067993,-0.147949,0.983032,3.845215,21.972656,24.963379
59580,-0.076782,-0.102051,0.984253,3.173828,21.911621,26.184082
59589,-0.079834,-0.093140,0.986694,3.234863,21.789551,27.282715
59600,-0.121216,-0.085937,0.981201,3.295898,22.033691,29.052734
59609,-0.105225,-0.087769,0.976685,3.234863,22.277832,30.456543
59621,-0.144897,-0.055176,0.994507,2.685547,22.521973,34.606934
59630,-0.211670,-0.033569,0.977295,2.380371,22.766113,37.048340
59641,-0.293701,0.015869,0.993408,2.502441,24.230957,39.733887
59650,-0.320923,-0.020508,0.937012,2.746582,25.512695,42.602539
59659,-0.289795,0.009033,0.982056,2.563477,26.489258,45.532227
59670,-0.278442,0.003784,0.962402,2.319336,27.038574,48.217773
59679,-0.237183,0.002197,0.971924,2.014160,28.015137,50.720215
59691,-0.251465,-0.014648,0.960815,1.892090,28.625488,56.274414
59700,-0.213745,-0.015991,0.955566,1.708984,29.907227,58.959961
59711,-0.146606,-0.092163,0.943848,1.647949,30.456543,61.462402
59720,-0.132446,-0.033081,1.008911,1.342773,30.944824,64.025879
59730,-0.117676,-0.031372,1.000854,1.159668,31.555176,66.650391
59739,-0.140747,-0.057617,0.992920,1.037598,32.409668,68.847656
59750,-0.150146,-0.040527,0.973267,1.037598,32.470703,70.983887
59759,-0.166504,-0.057617,0.955811,1.098633,32.836914,72.692871
59771,-0.165039,-0.014893,0.988159,0.793457,32.958984,76.782227
59780,-0.161133,0.009766,1.022827,0.305176,33.386230,78.857422
59790,-0.131104,-0.080078,0.947754,0.122070,33.874512,81.054687
59799,-0.108643,-0.041016,0.979736,-0.183105,33.813477,83.312988
59809,-0.086060,-0.006348,0.954712,-0.488281,34.240723,85.876465
59820,-0.123169,-0.079346,0.957886,-0.488281,35.034180,88.256836
59829,-0.134033,-0.082764,0.951904,-0.915527,34.912109,90.148926
59841,-0.072754,-0.031250,1.013672,-1.159668,36.071777,93.688965
59850,-0.062256,-0.065430,0.972168,-1.220703,35.278320,95.031738
59860,-0.034180,-0.064819,0.984985,-1.281738,34.423828,95.825195
59870,-0.016724,-0.072632,0.977539,-0.976562,34.301758,96.740723
59879,-0.006958,-0.080322,0.952637,-1.159668,33.996582,98.266602
59890,-0.022095,-0.017944,0.982544,-1.525879,34.423828,100.036621
59899,-0.022827,-0.016846,0.919678,-1.647949,34.667969,102.111816
59909,-0.010498,-0.041748,0.952881,-1.586914,35.034180,105.773926
59921,-0.033569,-0.036377,0.961304,-1.831055,34.790039,106.994629
59930,-0.021118,-0.053833,1.000977,-1.708984,34.851074,107.727051
59940,-0.021362,-0.074585,1.009033,-1.892090,34.179687,107.971191
59950,-0.004150,-0.012573,1.016113,-2.075195,33.813477,108.154297
59959,-0.001099,-0.029175,0.980225,-1.892090,33.813477,108.337402
59971,0.051147,-0.082153,0.994629,-1.159668,33.020020,109.313965
59980,0.037598,-0.020020,0.985474,-1.098633,32.775879,108.947754
59990,0.101318,-0.050049,0.986572,-1.342773,32.226562,108.825684
59999,0.109131,-0.025757,0.975464,-1.098633,32.592773,108.825684
