timestamp,accX,accY,accZ,gyrX,gyrY,gyrZ
11,-0.025635,-0.148560,1.004517,0.549316,6.286621,-0.976562
20,-0.031982,-0.159790,0.972778,0.183105,6.408691,0.366211
32,-0.028564,-0.119995,0.994995,-0.671387,6.286621,2.563477
42,-0.068481,-0.116455,1.010986,-0.854492,7.080078,3.723145
51,-0.099609,-0.152588,1.017578,-0.976562,7.385254,4.577637
61,-0.085815,-0.096924,1.052002,-0.976562,7.751465,4.394531
70,-0.072876,-0.122559,1.070801,-0.915527,7.812500,4.394531
80,-0.052979,-0.118042,1.057373,-0.976562,7.446289,3.845215
91,-0.062622,-0.092407,1.060791,-1.464844,7.141113,3.662109
100,-0.076172,-0.102783,1.039917,-1.037598,6.347656,3.295898
112,-0.060791,-0.087280,1.024902,-1.037598,7.568359,3.723145
122,-0.026611,-0.111816,1.011719,-0.915527,8.117676,4.394531
131,-0.020142,-0.106567,1.026001,-1.037598,8.300781,5.126953
141,0.001587,-0.090454,1.025879,-1.159668,8.239746,5.371094
150,0.004761,-0.069702,1.056030,-1.220703,7.934570,5.249023
161,0.040161,-0.156372,1.015869,-1.159668,7.751465,5.432129
173,0.062622,-0.149414,0.927734,-1.403809,7.080078,6.408691
182,0.025635,-0.154419,0.881104,-1.770020,6.896973,7.446289
192,-0.005615,-0.161499,0.923828,-2.014160,7.080078,8.605957
202,-0.036621,-0.167725,0.963135,-2.502441,7.263184,9.765625
211,-0.061157,-0.109375,1.037964,-2.746582,7.324219,10.498047
221,-0.103394,-0.081543,1.073608,-2.990723,7.446289,10.742188
231,-0.134155,-0.074463,1.046997,-2.441406,7.324219,10.131836
240,-0.103271,-0.094482,1.057617,-1.831055,7.385254,8.850098
252,-0.052002,-0.121704,1.062378,-0.854492,6.835937,5.187988
262,-0.051514,-0.142700,1.041870,-0.671387,6.774902,3.601074
271,-0.024658,-0.159668,1.049927,-0.366211,6.469727,2.685547
281,-0.013794,-0.152954,0.998413,0.061035,6.713867,1.831055
291,-0.028198,-0.164185,0.962402,0.427246,6.896973,1.220703
301,-0.010010,-0.142944,0.941528,0.305176,7.141113,0.854492
310,-0.036987,-0.226074,0.937744,0.671387,7.202148,1.037598
322,-0.074463,-0.192017,0.947510,0.671387,7.507324,1.647949
331,-0.029907,-0.165405,0.905396,0.732422,8.056641,2.441406
341,-0.034180,-0.133667,0.948608,0.427246,8.239746,3.051758
351,-0.017212,-0.120483,1.005859,0.427246,8.178711,3.662109
361,-0.013428,-0.128540,1.038208,0.915527,8.972168,4.638672
371,-0.002197,-0.140869,1.039063,0.976562,8.911133,5.004883
381,-0.015991,-0.143188,1.000122,1.037598,8.911133,5.737305
392,0.247559,-0.158569,0.956787,1.159668,7.507324,6.286621
402,0.391479,-0.201538,0.972290,1.220703,4.882812,4.882812
411,0.270752,-0.105347,0.959595,0.732422,2.197266,4.028320
421,-0.022827,-0.015991,1.115601,0.610352,2.868652,4.211426
431,-0.014893,-0.039673,1.156738,0.854492,6.713867,6.103516
441,-0.020996,-0.155518,1.005859,1.220703,8.972168,7.934570
453,-0.116455,-0.201172,0.884521,0.122070,4.943848,8.361816
463,-0.084351,-0.120728,0.960205,-0.366211,4.577637,11.047363
472,-0.051758,-0.052979,1.078369,-0.427246,5.432129,14.465332
482,-0.053955,-0.129517,1.097412,0.000000,6.774902,18.188477
491,-0.010010,-0.139893,1.061890,0.427246,7.690430,21.118164
501,0.036255,-0.118530,1.041138,0.732422,8.117676,22.399902
511,0.115723,-0.147095,1.009277,0.854492,7.568359,22.583008
521,0.112915,-0.167847,1.010620,1.037598,6.713867,22.277832
532,0.097778,-0.199097,1.069824,1.403809,4.760742,22.338867
541,0.108643,-0.277710,0.960571,1.342773,3.540039,22.583008
550,0.102173,-0.178101,0.962769,1.403809,2.624512,22.766113
561,0.049805,-0.114380,0.987183,1.342773,1.953125,23.620605
571,0.023437,-0.209961,0.931152,1.342773,2.258301,24.902344
581,-0.036011,-0.236816,0.860962,0.854492,2.319336,25.878906
593,-0.077881,-0.113892,0.895752,-0.732422,2.563477,27.954102
603,-0.036255,-0.111572,0.915039,-1.220703,2.929688,28.686523
612,-0.040039,-0.103271,0.951904,-1.831055,2.685547,28.808594
622,0.002319,-0.099731,1.010376,-1.953125,2.197266,28.564453
631,-0.047607,-0.085083,1.020020,-1.586914,1.831055,27.954102
641,-0.047363,-0.130127,0.984985,-1.525879,1.403809,27.282715
651,-0.001343,-0.118774,1.051270,-1.464844,1.037598,26.000977
663,0.042114,-0.009033,1.055908,-0.366211,-0.305176,23.925781
673,0.097290,-0.097046,1.030762,0.061035,-0.610352,23.193359
682,0.112549,-0.118164,1.039429,0.610352,-0.976562,22.460937
692,0.067139,-0.167847,1.002930,0.793457,-2.014160,21.240234
701,0.044434,-0.209839,0.949463,0.549316,-2.990723,19.897461
712,0.030518,-0.151978,0.993774,0.244141,-3.417969,18.554687
721,0.028564,-0.115112,1.062378,-0.122070,-3.845215,17.211914
731,0.043457,-0.158081,1.025391,-0.366211,-4.089355,0.427246
742,0.054199,-0.090820,1.018311,-0.427246,-4.882812,13.854980
752,0.027832,-0.157227,1.033325,-0.305176,-5.432129,12.817383
762,0.008545,-0.205566,0.981689,-0.488281,-5.737305,11.657715
771,0.001831,-0.239990,0.968750,-0.549316,-5.676270,10.498047
781,-0.004761,-0.155640,0.949463,-0.427246,-6.103516,9.399414
791,0.006348,-0.130493,1.017578,-0.305176,-6.469727,8.056641
803,0.015381,-0.200317,0.993286,-0.183105,-6.713867,6.042480
813,0.036377,-0.182129,0.964233,-0.549316,-7.019043,4.882812
822,0.085327,-0.145996,0.998901,-0.366211,-7.385254,3.967285
832,0.122070,-0.234131,0.984863,-0.122070,-7.751465,2.685547
841,0.149902,-0.325928,0.944580,-0.244141,-8.300781,1.770020
851,0.127563,-0.243042,0.879639,-0.854492,-8.911133,0.854492
861,0.108032,-0.160156,0.885742,-1.525879,-9.521484,-0.305176
871,0.141479,-0.117920,1.029663,-2.197266,-9.887695,-2.258301
883,0.121460,-0.175171,1.039551,-2.014160,-10.681152,-3.295898
892,0.132690,-0.183105,0.993652,-1.647949,-11.352539,-4.699707
902,0.118408,-0.140259,0.982910,-2.014160,-11.718750,-5.798340
911,0.111206,-0.150146,0.948853,-2.441406,-12.207031,-7.202148
921,0.075195,-0.008545,0.936401,-2.868652,-12.573242,-8.300781
931,0.092529,-0.189209,1.016724,-2.685547,-12.817383,-9.643555
941,0.076050,-0.295044,0.992187,-3.234863,-13.488770,-12.756348
953,0.025513,-0.042847,0.953125,-4.089355,-13.610840,-14.404297
963,0.085205,-0.225708,1.078613,-4.089355,-13.732910,-15.747070
972,0.107910,-0.188721,1.007080,-3.967285,-13.671875,-16.479492
982,0.089966,-0.075195,1.083862,-3.906250,-13.671875,-16.845703
991,0.107178,-0.091309,1.028564,-3.051758,-13.732910,-17.333984
1001,0.076294,-0.133911,0.953735,-2.746582,-13.793945,-17.639160
1013,0.098511,-0.174683,1.006592,-2.746582,-13.671875,-19.714355
1023,0.105713,-0.187622,1.084106,-1.953125,-13.916016,-20.141602
1033,0.061523,-0.145630,1.072021,-1.098633,-14.099121,-20.324707
1042,0.039307,-0.102173,1.006836,-0.488281,-13.671875,-20.263672
1052,-0.003906,-0.210693,0.969482,0.061035,-13.732910,-20.568848
1062,-0.029297,-0.286255,0.910156,0.671387,-13.488770,-20.568848
1071,-0.024902,-0.180420,0.997070,0.793457,-12.939453,-20.935059
1083,-0.062256,-0.199829,0.903320,0.610352,-12.207031,-21.362305
1093,-0.056519,-0.235229,0.931519,0.549316,-10.986328,-21.606445
1102,-0.058716,-0.225098,0.911499,-0.061035,-10.742188,-22.583008
1112,-0.032715,-0.186279,0.997192,-0.366211,-10.437012,-23.315430
1122,0.006470,-0.089233,0.989868,-0.671387,-10.192871,-23.559570
1131,-0.008545,-0.138550,0.947144,-0.732422,-9.643555,-23.559570
1143,0.011963,-0.229858,0.963867,-1.220703,-8.239746,-23.437500
1153,-0.001953,-0.081543,1.027710,-1.770020,-8.239746,-23.559570
1162,0.021362,-0.090820,1.018555,-1.586914,-7.690430,-23.376465
1172,-0.002197,-0.114502,0.953979,-1.586914,-7.446289,-23.071289
1182,-0.000977,-0.126831,1.007202,-1.647949,-7.263184,-22.583008
1191,-0.011108,-0.082031,1.068604,-1.708984,-6.958008,-21.484375
1201,0.008057,-0.064331,1.030273,-1.708984,-6.286621,-20.141602
1211,-0.046997,-0.083374,1.013184,-1.892090,-5.554199,-18.798828
1223,-0.094116,-0.024780,1.025635,-2.075195,-4.943848,-16.113281
1233,-0.127197,-0.030273,0.998169,-2.075195,-3.662109,-15.197754
1242,-0.121582,-0.066772,1.022827,-1.831055,-3.295898,-14.526367
1252,-0.157593,-0.107300,0.985596,-1.220703,-2.563477,-14.038086
1262,-0.116577,-0.054810,1.048462,-1.464844,-1.708984,-13.610840
1271,-0.116211,0.018677,1.035156,-1.281738,-0.976562,-13.000488
1283,-0.113159,-0.025146,1.044312,-0.366211,-0.610352,-12.634277
1292,-0.083740,-0.177856,0.934204,-0.549316,-0.732422,-12.268066
1302,-0.087646,-0.164185,0.973755,-0.183105,-0.427246,-11.535645
1312,-0.076904,-0.139771,0.949097,0.122070,0.244141,-10.559082
1322,-0.097290,-0.154419,0.971802,0.549316,1.220703,-9.399414
1331,-0.073364,-0.156616,0.973755,0.610352,2.136230,-8.300781
1342,-0.004639,-0.126099,1.096191,0.854492,3.173828,-7.690430
1352,-0.047119,-0.089722,1.046875,1.159668,3.356934,-7.202148
1361,-0.214111,-0.139038,1.020752,2.136230,3.479004,-7.324219
1373,-0.058960,-0.262573,0.980469,2.563477,3.540039,-7.751465
1382,-0.108398,-0.251465,0.896362,2.685547,3.173828,-8.422852
1392,-0.099121,-0.231445,0.857300,2.502441,3.234863,-8.239746
1402,-0.099609,-0.250488,0.892700,2.136230,4.272461,-7.873535
1411,-0.126343,-0.206299,0.861694,1.464844,4.882812,-8.300781
1422,-0.090942,-0.156006,0.985474,0.854492,4.882812,-8.666992
1431,-0.055176,-0.103516,1.022583,0.366211,5.310059,-9.460449
1442,-0.016968,-0.108887,1.033325,0.183105,5.310059,-9.643555
1452,0.085571,-0.113281,1.059326,0.305176,5.065918,-9.948730
1461,0.074707,-0.103638,1.022339,-0.244141,4.638672,-10.314941
1472,0.077881,-0.073486,1.028076,-0.854492,4.028320,-10.681152
1481,0.051758,-0.037720,1.054688,-0.732422,3.845215,-10.803223
1493,0.101440,-0.064087,1.046509,-0.976562,3.662109,-11.474609
1503,0.063110,-0.128906,0.983032,-1.220703,3.173828,-12.084961
1512,0.016235,-0.099976,0.984741,-1.464844,2.502441,-12.329102
1522,0.000244,-0.127686,1.041626,-1.281738,2.319336,-12.451172
1532,0.038086,-0.166260,0.941162,-0.976562,2.807617,-12.634277
1541,0.037109,-0.196899,0.990967,-1.098633,2.868652,-12.634277
1551,-0.008057,-0.113647,1.031128,-1.037598,2.685547,-12.756348
1562,-0.009888,-0.100708,1.054199,-0.549316,2.563477,-12.878418
1572,-0.014526,-0.147217,1.018433,0.610352,2.990723,-12.390137
1581,0.062012,-0.309204,0.770874,0.488281,3.295898,-11.779785
1592,0.056396,-0.346069,0.760376,-0.488281,3.417969,-10.986328
1601,-0.014526,-0.212036,0.873169,-1.586914,3.295898,-10.070801
1612,0.020874,-0.173950,0.821045,-1.831055,3.173828,-9.582520
1622,0.014771,-0.162354,0.934448,-2.197266,3.845215,-8.422852
1632,0.039551,-0.105591,1.008545,-2.197266,3.906250,-7.812500
1643,-0.030273,-0.179687,1.012329,-1.953125,3.662109,-7.263184
1653,-0.049561,-0.079346,1.001343,-1.708984,3.845215,-7.263184
1662,-0.031860,-0.149048,0.979614,-1.403809,4.150391,-7.385254
1672,-0.034546,-0.186523,1.015503,-1.037598,4.577637,-7.446289
1682,-0.052002,-0.096680,1.087891,-1.037598,4.455566,-7.568359
1691,-0.063599,-0.127686,1.079834,-0.671387,4.516602,-7.690430
1704,-0.025879,-0.178101,0.943848,0.000000,5.004883,-7.873535
1714,-0.043823,-0.173340,0.948120,-0.366211,5.004883,-7.812500
1723,-0.045532,-0.222290,0.963623,-0.976562,5.126953,-7.568359
1733,-0.096313,-0.154419,1.000610,-1.342773,5.554199,-7.202148
1743,-0.077271,-0.145020,0.991577,-1.464844,6.103516,-7.080078
1752,-0.100098,-0.206055,0.921387,-1.525879,6.347656,-7.080078
1762,-0.050049,-0.213623,0.906982,-2.197266,6.713867,-7.324219
1772,-0.051514,-0.159180,0.898926,-3.112793,6.591797,-7.690430
1783,-0.064819,-0.096191,0.936035,-4.211426,7.080078,-7.629395
1793,-0.045532,-0.112427,0.974121,-4.211426,7.690430,-7.324219
1803,-0.050049,-0.109619,1.028687,-4.028320,8.300781,-7.202148
1813,-0.030762,-0.093750,1.018677,-3.967285,8.422852,-6.835937
1822,-0.000732,-0.098755,1.013916,-3.723145,8.605957,-6.347656
1832,0.015259,-0.072510,0.999390,-3.601074,8.605957,-5.615234
1843,0.028687,-0.120483,0.946777,-3.173828,8.666992,-3.173828
1853,0.029053,-0.139526,0.964600,-3.234863,8.728027,-1.586914
1863,0.047241,-0.126343,0.977539,-3.234863,8.422852,-0.244141
1872,0.052612,-0.135986,0.968018,-3.234863,8.483887,1.708984
1882,0.052734,-0.049805,1.006958,-2.868652,8.789063,3.540039
1892,0.040405,-0.118652,1.008667,-2.624512,8.972168,5.065918
1902,0.036499,-0.077881,1.060547,-2.624512,9.033203,6.347656
1911,0.008179,-0.047974,1.057861,-2.319336,9.155273,7.507324
1923,0.040039,-0.090698,1.073975,-2.014160,8.972168,8.911133
1932,-0.005981,-0.072998,1.070557,-1.831055,8.056641,9.765625
1942,0.008057,-0.086304,1.058960,-1.647949,7.629395,10.437012
1952,-0.028931,-0.016724,1.113525,-1.342773,7.324219,11.474609
1962,-0.023804,-0.038940,1.071289,-0.793457,7.568359,12.634277
1972,-0.060791,-0.071655,1.018311,-0.793457,7.507324,13.671875
1981,-0.107910,0.003662,1.051270,-0.183105,7.690430,13.854980
1993,-0.147461,-0.142944,0.916870,0.183105,8.056641,14.221191
2003,-0.113892,-0.030640,0.982910,0.000000,8.056641,14.038086
2013,-0.070435,-0.098511,0.936890,0.061035,7.934570,14.038086
2022,-0.063843,-0.252319,0.884277,0.000000,7.812500,14.343262
2032,-0.063477,-0.193848,0.869141,-0.732422,7.629395,14.831543
2041,-0.025879,-0.109741,0.895752,-1.525879,7.385254,15.258789
2053,0.019043,-0.119507,0.906006,-1.708984,7.019043,17.089844
2063,0.054321,-0.086060,0.998901,-1.831055,6.530762,18.188477
2073,0.046143,-0.085449,0.956055,-2.258301,6.164551,19.348145
2082,0.054565,-0.094849,0.987549,-2.441406,5.737305,20.629883
2092,0.054687,-0.053589,1.012695,-2.258301,6.164551,22.155762
2102,0.007935,-0.063843,1.029053,-2.380371,5.981445,23.254395
2112,-0.025269,-0.036377,0.978027,-2.685547,5.493164,23.864746
2124,-0.071655,-0.107666,0.952759,-2.197266,4.760742,24.169922
2134,-0.088501,-0.077515,0.970825,-2.746582,4.333496,23.742676
2144,-0.088379,-0.066528,1.008789,-2.807617,3.967285,23.254395
2153,-0.078003,-0.079102,1.014526,-2.502441,3.906250,22.583008
2163,-0.030762,-0.083984,1.008179,-1.586914,3.662109,22.338867
2172,-0.003540,-0.211182,0.997070,-1.220703,3.051758,21.423340
2181,0.008057,-0.135376,1.029785,-1.098633,2.319336,20.751953
2194,0.058105,-0.119019,1.183228,-0.610352,1.037598,18.615723
2204,0.058105,-0.060791,1.211182,0.427246,0.671387,17.822266
2213,0.068604,-0.181885,1.140381,1.220703,0.305176,17.028809
2223,0.129028,-0.173096,1.115112,2.014160,-0.549316,15.808105
2232,0.140137,-0.306152,1.028809,2.685547,-1.831055,14.587402
2241,0.133789,-0.286011,0.944702,2.990723,-2.746582,13.366699
2252,0.103516,-0.307129,0.901001,3.051758,-3.784180,12.145996
2262,0.136841,-0.359741,0.914429,2.441406,-4.272461,10.803223
2273,0.122803,-0.130127,1.052734,1.281738,-5.432129,8.178711
2283,0.065674,-0.143311,0.986084,1.098633,-6.286621,7.080078
2292,0.062622,-0.207764,0.987183,0.854492,-6.774902,5.981445
2302,0.061035,-0.252075,1.009033,0.305176,-6.835937,4.638672
2313,0.069946,-0.094971,0.983276,-0.549316,-7.263184,3.112793
2322,0.090088,-0.144653,0.912109,-0.793457,-8.239746,1.586914
2332,0.096191,-0.219116,0.879517,-1.098633,-8.850098,-0.244141
2343,0.077026,-0.135742,0.970825,-2.136230,-9.948730,-3.662109
2353,0.114746,-0.165894,1.001099,-2.380371,-9.948730,-5.126953
2362,0.066284,-0.154785,0.999146,-2.136230,-10.192871,-5.981445
2372,0.046631,-0.149536,0.891235,-1.892090,-10.681152,-6.530762
2383,0.067993,-0.147949,0.946899,-1.831055,-10.742188,-6.774902
2393,0.092285,-0.161377,0.998901,-2.136230,-10.803223,-6.835937
2402,0.042114,-0.106079,0.969604,-1.831055,-11.047363,-7.507324
2412,0.008789,-0.161621,0.910278,-1.037598,-10.864258,-7.812500
2422,-0.057373,-0.286255,0.861694,-1.220703,-10.314941,-8.728027
2432,-0.061157,-0.157471,0.882324,-1.220703,-10.070801,-10.131836
2443,-0.095459,-0.203369,0.889771,-1.525879,-9.948730,-11.413574
2452,-0.081787,-0.132446,0.897461,-1.831055,-9.460449,-12.634277
2462,-0.068848,-0.160278,0.961304,-2.075195,-9.033203,-13.427734
2472,-0.006958,-0.094849,1.000732,-1.831055,-8.300781,-14.221191
2483,-0.006348,-0.180664,0.997925,-1.281738,-7.446289,-14.038086
2493,0.001099,-0.181030,1.049438,-1.159668,-6.896973,-13.854980
2503,0.017700,-0.198853,0.989624,-0.976562,-6.408691,-13.854980
2513,0.023926,-0.108398,0.980591,-1.159668,-6.103516,-13.916016
2523,-0.018188,-0.217041,0.938477,-0.732422,-5.676270,-13.610840
2532,-0.012939,-0.091675,1.076050,-0.915527,-5.249023,-13.854980
2542,-0.042236,-0.166992,1.023804,-1.159668,-4.760742,-13.000488
2554,-0.091919,-0.113647,1.021851,-1.892090,-3.173828,-12.329102
2564,-0.092529,-0.017212,1.151733,-2.502441,-2.746582,-11.352539
2573,-0.059937,0.013062,1.114624,-2.990723,-2.258301,-10.803223
2583,-0.035645,0.084106,1.131104,-3.540039,-1.831055,-10.192871
2592,-0.003052,0.080322,1.155029,-3.479004,-1.403809,-9.521484
2602,-0.023926,0.013428,1.127197,-2.990723,-0.854492,-8.666992
2615,-0.043213,-0.018433,1.086792,-2.136230,-0.366211,-7.995605
2624,-0.029907,-0.057129,1.046631,-1.770020,-0.305176,-7.812500
2634,-0.033325,-0.154785,0.956421,-1.525879,-0.366211,-7.446289
2644,-0.077637,-0.080688,0.940186,-2.075195,-0.244141,-6.896973
2653,-0.044922,-0.112793,0.894775,-2.502441,0.000000,-6.347656
2663,-0.080811,-0.085815,0.965454,-2.868652,0.671387,-5.493164
2672,-0.075317,-0.100342,0.954590,-2.685547,1.281738,-4.272461
2682,-0.069336,-0.152954,0.903198,-2.502441,2.258301,-2.746582
2693,-0.076416,-0.209351,0.999023,-1.708984,2.807617,-1.403809
2703,-0.056641,-0.124390,0.979004,-1.098633,2.746582,-1.159668
2713,-0.043091,-0.270752,0.889282,-0.061035,2.746582,-0.854492
2722,-0.027832,-0.292358,0.840088,0.122070,2.502441,-0.854492
2732,-0.093872,-0.281006,0.919312,0.061035,2.624512,-0.793457
2743,-0.097290,-0.170776,1.000610,-0.488281,3.051758,-0.793457
2752,-0.023926,-0.086426,1.112183,15.197754,4.272461,-1.892090
2764,-0.039551,-0.125122,1.030029,0.488281,4.150391,-3.112793
2773,-0.006226,-0.153687,0.982910,1.098633,3.784180,-4.394531
2783,0.027832,-0.141235,1.020752,1.342773,3.356934,-5.737305
2792,0.063477,-0.091064,0.999512,1.586914,2.746582,-6.408691
2803,0.087158,-0.100952,1.076904,2.197266,2.685547,-6.408691
2812,0.046875,-0.161011,1.011719,2.624512,2.319336,-5.981445
2824,0.094116,-0.275513,0.911865,3.845215,2.197266,-4.821777
2834,0.130371,-0.256348,0.886108,3.173828,2.075195,-3.662109
2843,0.066772,-0.237305,0.908447,2.014160,1.953125,-2.868652
2853,0.033203,-0.119507,0.990845,1.342773,1.464844,-2.685547
2862,0.012207,-0.180298,0.947632,1.403809,1.708984,-2.685547
2873,-0.007446,-0.192627,1.033813,1.403809,2.075195,-3.356934
2882,-0.037598,-0.215820,0.987427,1.220703,1.831055,-4.516602
2895,0.015625,-0.119141,0.957397,0.366211,1.892090,-7.202148
2904,0.038330,-0.058472,0.980103,0.305176,1.953125,-7.263184
2914,0.028931,-0.161987,0.973389,0.366211,2.014160,-7.202148
2923,0.022339,-0.114136,1.021851,-0.305176,2.014160,-7.080078
2933,0.049316,-0.094482,0.984985,-0.549316,2.258301,-6.713867
2942,0.041382,-0.122681,0.988037,-0.976562,2.136230,-6.591797
2953,0.037842,-0.166138,0.962280,-1.586914,2.136230,-6.408691
2962,0.030273,-0.077271,1.114380,-1.647949,2.014160,-6.530762
2972,-0.003052,-0.040039,1.082642,-1.281738,2.136230,-6.225586
2983,-0.002563,-0.243042,1.029419,-1.037598,2.014160,-5.920410
2992,-0.028320,-0.151611,1.025146,-1.464844,2.319336,-5.249023
3002,-0.021484,-0.244507,0.948364,-1.708984,2.624512,-4.272461
3013,-0.003296,-0.109619,0.954590,-1.647949,3.112793,-3.295898
3022,0.000854,-0.238770,0.852905,-1.281738,3.479004,-2.380371
3035,-0.031616,-0.188232,0.955933,-2.014160,3.540039,-0.976562
3045,-0.028442,-0.056152,1.029175,-2.197266,4.211426,-0.549316
3054,-0.038940,-0.136475,0.990723,-1.770020,4.333496,-0.549316
3064,-0.019653,-0.058228,1.033569,-1.708984,4.394531,-0.671387
3073,0.002075,-0.180420,0.981079,-1.220703,4.150391,-0.671387
3083,0.071167,-0.098267,1.049072,-1.037598,3.845215,-0.976562
3092,0.060791,-0.214233,0.916504,-0.610352,3.417969,-0.915527
3104,0.123901,-0.169189,0.922607,-1.098633,3.234863,-0.183105
3114,0.129517,-0.053711,0.976685,-2.441406,2.197266,0.244141
3123,0.125854,-0.206055,0.982910,-2.258301,1.953125,0.671387
3133,0.111572,-0.187378,0.913574,-2.197266,1.708984,1.037598
3142,0.089478,-0.149048,0.848511,-3.051758,1.098633,0.976562
3153,0.114502,-0.082764,0.861694,-3.662109,0.549316,0.976562
3162,0.103516,-0.106445,0.788208,-4.394531,-0.122070,1.159668
3175,0.025879,-0.021851,1.033203,-4.821777,-0.183105,1.525879
3185,-0.004761,0.054932,1.035645,-4.211426,0.183105,1.586914
3194,0.006348,-0.159180,0.997070,-3.417969,0.366211,1.831055
3203,0.027466,-0.083008,1.128052,-3.234863,0.000000,1.586914
3213,-0.061768,-0.101929,1.007446,-3.356934,-0.732422,1.464844
3223,-0.054443,0.048462,1.020508,-3.051758,-1.159668,1.708984
3232,-0.063721,-0.083984,1.004883,-2.380371,-0.976562,2.685547
3244,-0.080322,-0.134766,1.045410,-1.892090,-0.305176,4.760742
3253,-0.067749,-0.102783,1.116333,-2.075195,0.610352,5.493164
3263,-0.070557,-0.069336,1.088135,-2.075195,0.732422,6.164551
3273,-0.046631,-0.144287,0.966064,-1.647949,1.220703,6.286621
3282,-0.003540,-0.257690,0.945068,-1.220703,0.732422,6.713867
3293,-0.003418,-0.428467,0.608643,-1.159668,0.000000,6.896973
3303,0.029907,-0.475952,0.409790,-2.502441,-0.427246,7.080078
3312,0.061523,-0.467163,0.351440,-10.375977,-0.915527,6.347656
3324,0.050903,0.483887,1.440308,-12.512207,-0.732422,6.530762
3333,0.076782,1.165405,2.526001,-10.498047,-0.976562,6.652832
3343,-0.030762,0.494873,1.959839,-2.319336,-1.403809,8.605957
3352,-0.294067,-0.700195,0.952393,4.394531,-0.061035,10.803223
3363,-0.042114,-0.735840,0.891968,3.540039,3.845215,11.840820
3372,0.160278,-0.430786,0.692505,1.281738,2.258301,10.070801
3384,0.068848,-0.398926,0.316406,-1.037598,-6.164551,1.708984
3394,0.178101,-0.150269,0.611572,-4.394531,-4.577637,0.793457
3404,0.137939,0.089233,1.071533,-6.225586,-3.479004,2.319336
3413,0.019775,0.237305,1.277466,-5.859375,-3.723145,3.051758
3423,0.050049,0.003662,1.323608,-4.028320,-3.356934,4.577637
3432,-0.044434,-0.340454,1.017944,-3.784180,-2.807617,5.126953
3443,-0.021362,-0.191772,0.958496,-4.882812,-3.417969,3.112793
3452,-0.015991,-0.191895,0.901001,-5.981445,-5.249023,-0.976562
3464,0.098877,-0.031128,1.046997,-5.004883,-6.164551,-1.831055
3474,0.118286,-0.171997,1.088013,-3.784180,-7.141113,-2.075195
3483,0.048096,-0.237061,1.019287,-3.234863,-6.896973,-1.647949
3493,-0.008057,-0.182495,0.988647,-3.112793,-6.347656,-1.403809
3503,0.019897,-0.058594,1.094604,-2.319336,-5.737305,-1.159668
3513,0.007446,-0.286621,0.947632,-0.976562,-5.737305,-1.892090
3522,0.011963,-0.170166,1.016113,-0.122070,-6.835937,-4.089355
3534,-0.002319,-0.261841,0.928345,-0.976562,-7.324219,-5.432129
3544,0.002197,-0.054199,1.069458,-1.525879,-7.385254,-5.737305
3553,-0.015747,-0.117798,0.982422,-1.342773,-7.141113,-5.676270
3563,-0.045654,-0.076294,0.996094,-0.915527,-6.469727,-4.760742
3573,-0.059937,-0.269653,0.936401,-0.793457,-5.676270,-3.601074
3583,-0.075195,-0.165649,0.993164,-1.464844,-4.821777,-3.173828
3592,-0.001953,-0.072388,1.065674,-2.746582,-5.126953,-3.479004
3604,0.003662,-0.031250,1.064453,-2.380371,-4.943848,-3.601074
3614,-0.058105,-0.026978,0.975464,-2.075195,-4.760742,-3.723145
3623,-0.013794,0.150879,1.065552,-0.915527,-4.333496,-3.723145
3633,-0.032959,-0.334595,0.923706,1.464844,-4.272461,-3.112793
3642,-0.059326,-0.531738,0.857544,2.624512,-4.272461,-3.295898
3653,-0.132812,-0.168213,0.843506,2.014160,-4.394531,-4.028320
3662,-0.157959,-0.609131,0.754639,-1.159668,-3.540039,-5.371094
3672,-0.162109,0.076538,1.128052,-5.065918,-2.807617,-6.286621
3687,-0.004883,0.263062,1.233887,-6.530762,-1.525879,-5.859375
3697,-0.067261,0.067139,1.166870,-6.042480,0.671387,-4.882812
3705,-0.118164,0.046753,0.818115,-6.042480,0.671387,-4.882812
3715,-0.136719,0.169678,0.874390,-2.014160,-0.793457,-5.493164
3725,0.015747,-0.237915,1.051025,-0.915527,-1.770020,-7.019043
3734,-0.048462,-0.157104,1.041260,-1.159668,-2.624512,-9.216309
3744,-0.008301,-0.008057,1.033081,-1.159668,-2.319336,-10.559082
3754,0.003662,0.027222,1.063232,-0.671387,-1.586914,-11.596680
3764,-0.031738,-0.185669,0.879150,-0.305176,-1.037598,-12.329102
3774,-0.056396,-0.079468,0.983398,-0.427246,-0.549316,-12.390137
3783,0.039673,-0.170532,0.962646,-0.793457,-0.366211,-12.756348
3793,0.050171,-0.112793,0.929810,-1.586914,-0.671387,-13.183594
3803,0.073853,0.020386,1.000732,-2.319336,-1.403809,-13.305664
3812,0.051880,-0.056030,0.957153,-2.197266,-0.976562,-13.122559
3823,0.034790,-0.225952,0.920410,-2.014160,-0.488281,-12.634277
3833,-0.006348,-0.163086,0.944458,-2.441406,-0.183105,-12.329102
3842,-0.001099,-0.116089,0.970581,-2.624512,0.183105,-11.779785
3853,-0.053467,-0.131836,0.921509,-2.441406,0.549316,-11.413574
3863,-0.069702,-0.072510,1.053345,-2.563477,0.793457,-11.596680
3873,-0.083862,-0.173340,1.014404,-2.075195,2.014160,-11.962891
3883,-0.092651,-0.056396,1.161743,-2.014160,2.441406,-12.451172
3893,-0.053955,-0.089844,1.159790,-1.953125,2.868652,-13.122559
3903,-0.025391,-0.092041,1.067505,-1.159668,2.685547,-13.488770
3913,0.014771,-0.022583,1.068481,-0.488281,2.746582,-13.549805
3923,0.007813,-0.268311,0.895264,0.183105,3.112793,-12.878418
3933,0.052002,-0.151611,0.961914,-0.122070,3.601074,-11.413574
3943,0.093018,-0.176636,0.905396,-1.281738,3.723145,-10.314941
3953,0.010986,-0.020020,0.974487,-1.831055,4.211426,-9.826660
3963,-0.016602,-0.158325,0.968750,-1.892090,4.516602,-9.094238
3973,-0.036499,-0.011353,1.063965,-1.708984,4.882812,-8.728027
3983,-0.033691,-0.125366,1.164429,-1.342773,4.821777,-8.728027
3994,-0.077271,-0.188354,1.008911,-1.098633,4.943848,-8.483887
4003,-0.006470,0.066284,1.110107,0.732422,5.859375,-7.446289
4013,0.023926,-0.078979,1.039551,1.403809,6.286621,-6.896973
4024,-0.096436,0.015259,1.023926,1.525879,6.713867,-6.286621
4033,-0.046387,-0.190674,1.004883,1.953125,7.385254,-5.310059
4043,-0.077637,-0.292114,0.829224,1.647949,7.629395,-4.516602
4053,-0.038086,-0.010986,0.977417,1.525879,8.361816,-3.540039
4063,-0.008179,-0.078979,0.974609,1.220703,8.850098,-2.319336
4073,-0.027588,-0.238647,0.903809,1.098633,9.094238,-1.464844
4085,-0.027954,-0.227783,1.064819,1.892090,8.911133,-0.122070
4094,-0.061401,-0.375244,0.876587,1.708984,9.033203,0.122070
4104,-0.058472,-0.093994,0.986206,1.647949,9.155273,0.732422
4113,-0.081299,-0.113037,0.903198,1.281738,9.582520,1.770020
4123,-0.106201,-0.217651,0.880859,0.915527,10.131836,2.868652
4133,-0.052246,-0.045532,0.908203,0.549316,10.620117,4.272461
4143,-0.048462,-0.194702,0.895020,0.427246,11.047363,5.859375
4155,-0.048218,-0.072144,1.078735,-0.122070,11.047363,7.446289
4164,-0.047241,-0.260376,0.965698,0.305176,11.230469,7.934570
4174,-0.050049,-0.121094,0.933960,0.427246,11.352539,8.422852
4183,0.014160,-0.085693,1.052856,0.549316,11.108398,8.666992
4193,0.044434,-0.294556,0.946411,-0.061035,10.803223,9.094238
4203,0.042725,-0.134888,0.957886,-1.159668,10.009766,9.460449
4213,0.057373,0.105103,1.114258,-1.770020,9.521484,10.009766
4224,-0.003662,-0.130249,1.070313,-1.770020,9.704590,12.023926
4234,0.035156,0.012573,1.172485,-1.281738,10.009766,12.817383
4243,-0.001709,-0.004028,1.143677,-0.610352,10.009766,13.916016
4253,0.022461,-0.058472,1.113770,0.610352,9.338379,14.709473
4263,0.045410,-0.065674,1.038696,1.159668,8.422852,15.441895
4273,0.043091,-0.037598,0.952271,1.464844,7.385254,16.113281
4284,0.009033,-0.189697,0.932983,0.549316,6.713867,17.028809
4293,-0.047607,0.120972,1.010376,-0.671387,6.896973,16.662598
4303,-0.011475,-0.113037,1.018311,-1.403809,6.958008,16.662598
4313,-0.094116,-0.213867,1.035767,-1.708984,7.263184,16.601562
4323,-0.100342,0.110107,1.180298,-1.770020,7.324219,15.869141
4333,-0.116211,0.097046,1.213867,-1.403809,6.408691,15.136719
4344,-0.032837,-0.206909,1.045166,-0.549316,5.798340,14.831543
4353,-0.010620,-0.067505,1.106201,-0.061035,5.371094,15.319824
4365,0.074707,-0.163574,1.121094,1.770020,4.516602,16.174316
4374,0.102661,-0.380981,0.995605,2.685547,4.516602,16.967773
4383,0.145752,-0.168091,0.969360,2.990723,3.845215,17.700195
4394,0.180664,-0.139893,0.974487,2.746582,2.868652,17.639160
4403,0.165161,-0.363770,0.747681,2.075195,1.159668,17.272949
4413,0.199341,-0.165039,0.835693,1.342773,0.000000,16.845703
4426,0.154663,-0.193848,0.868530,0.793457,-1.708984,16.174316
4435,0.121216,-0.143677,0.966797,0.793457,-2.441406,15.930176
4445,0.103271,-0.075317,1.062378,0.976562,-3.051758,14.770508
4454,0.039307,-0.147095,1.004761,1.281738,-3.906250,13.671875
4463,-0.001099,-0.147217,0.974243,1.831055,-4.577637,12.451172
4473,0.007080,-0.074097,1.007324,2.441406,-5.310059,10.864258
4483,-0.005859,-0.188354,0.942993,2.746582,-5.676270,9.704590
4496,0.026489,-0.144531,1.037109,3.417969,-6.408691,7.080078
4505,0.014038,-0.299438,0.978882,3.784180,-6.774902,5.737305
4515,0.024536,-0.315918,0.941040,3.295898,-6.958008,4.272461
4524,0.023804,-0.152344,0.999146,2.563477,-7.385254,2.685547
4534,0.093994,-0.079956,0.965942,2.258301,-7.812500,1.098633
4543,0.088989,-0.258789,0.886108,1.464844,-8.117676,0.061035
4554,0.125244,-0.270996,0.845093,0.488281,-8.361816,-0.976562
4563,0.093018,-0.132080,0.919312,-1.525879,-9.460449,-2.624512
4573,0.143799,-0.146484,0.945801,-2.014160,-9.643555,-3.479004
4583,0.122681,-0.083740,1.050415,-2.258301,-10.192871,-4.455566
4594,0.092041,-0.128296,1.025757,-2.197266,-10.253906,-4.821777
4603,0.072876,-0.229004,0.962769,-2.075195,-10.375977,-5.249023
4613,0.075562,-0.084717,1.057983,-2.380371,-10.375977,-5.615234
4624,0.092163,-0.114258,1.072266,-2.746582,-10.620117,-5.981445
4633,-0.000366,-0.344482,0.907349,-3.112793,-10.925293,-6.530762
4644,-0.026611,-0.035278,1.107056,-3.662109,-10.437012,-6.530762
4653,-0.058228,-0.099731,1.074585,-4.089355,-9.704590,-5.981445
4663,-0.044800,-0.284058,0.985596,-4.150391,-8.850098,-4.821777
4673,-0.050537,-0.196899,1.030518,-4.394531,-7.751465,-3.601074
4684,0.031860,-0.059448,1.050537,-4.394531,-7.263184,-2.929688
4694,-0.024292,-0.217773,0.951660,-4.516602,-7.446289,-2.014160
4703,-0.042114,-0.211548,0.843872,-4.333496,-7.507324,-1.586914
4715,-0.045776,-0.158447,0.925415,-4.150391,-7.324219,-1.525879
4725,-0.159790,-0.286865,0.751587,-4.577637,-7.202148,-2.075195
4735,-0.119507,-0.029297,0.924927,-4.882812,-6.469727,-2.136230
4744,-0.151733,0.156860,1.034790,-5.187988,-5.981445,-2.380371
4754,-0.183594,-0.101563,0.916382,-5.126953,-5.432129,-2.746582
4763,-0.182129,-0.205688,0.886963,-5.065918,-4.516602,-3.173828
4773,-0.158691,-0.031860,0.996216,-5.432129,-3.356934,-6.042480
4783,-0.135010,-0.029175,0.995117,-5.249023,-3.479004,-7.446289
4794,-0.071899,-0.053955,1.002197,-4.943848,-3.356934,-9.094238
4804,-0.003296,-0.006226,1.052979,-4.638672,-3.662109,-10.925293
4814,0.096191,0.105713,1.351807,-4.882812,-3.662109,-12.268066
4823,-0.139038,-0.261719,0.708618,-3.234863,-3.845215,-12.878418
4834,0.071533,-0.140503,0.736206,-2.746582,-3.173828,-13.000488
4844,0.242065,0.217407,1.369141,-3.051758,-3.295898,-15.502930
4853,0.012207,0.009766,0.550537,-0.122070,-2.990723,-16.906738
4864,0.415894,-0.135254,1.077881,-1.342773,-1.831055,-14.709473
4874,0.105469,0.092041,1.249634,-2.807617,-2.624512,-14.709473
4883,-0.067749,-0.131592,0.991211,-1.525879,-3.540039,-16.052246
4894,0.114624,-0.281128,0.873779,0.427246,-2.807617,-16.052246
4903,0.125977,-0.248047,0.989746,1.281738,-2.624512,-15.991211
4915,-0.042969,-0.356567,0.946899,0.366211,-3.173828,-16.540527
4924,-0.072998,-0.205200,0.952759,-1.281738,-1.892090,-15.747070
4934,-0.117188,0.041748,0.915771,-1.220703,-1.037598,-15.502930
4944,-0.080566,-0.124146,0.944214,-1.220703,-0.183105,-15.319824
4954,-0.078857,-0.245117,0.944946,-1.770020,0.488281,-14.587402
4963,-0.092407,-0.080566,1.027710,-2.990723,1.403809,-13.427734
4974,-0.071045,0.079468,1.032715,-3.234863,2.685547,-12.207031
4984,0.014404,-0.029907,0.965210,-2.014160,4.028320,-10.131836
4993,-0.023071,-0.013550,1.095337,-1.342773,4.028320,-9.338379
5004,-0.051758,-0.043457,1.168457,-0.732422,4.272461,-8.483887
5013,-0.026611,-0.044067,1.146484,0.244141,4.638672,-8.239746
5024,-0.024780,-0.078369,1.061401,1.892090,5.310059,-7.446289
5034,-0.037842,-0.196411,0.891724,2.685547,5.798340,-6.530762
5044,-0.049805,-0.188354,0.821899,2.807617,6.530762,-5.432129
5053,-0.025146,-0.119141,0.943726,1.281738,7.263184,-2.563477
5065,-0.074219,-0.089600,1.036743,1.464844,7.934570,-1.647949
5074,-0.093262,-0.049316,0.951538,2.197266,8.911133,-0.061035
5084,-0.064575,-0.193115,0.932129,2.563477,9.521484,1.403809
5093,-0.062134,-0.280029,0.857544,1.953125,9.765625,2.624512
5104,-0.051758,-0.465820,0.834229,0.793457,9.704590,3.784180
5113,0.004883,-0.024292,0.917725,-0.854492,9.826660,5.004883
5126,-0.046387,-0.210937,1.015503,0.366211,9.216309,7.324219
5136,0.002197,-0.325684,0.967529,-0.549316,9.338379,8.239746
5145,-0.033325,0.019165,0.975220,-1.953125,9.643555,8.911133
5155,0.011230,-0.121704,1.045532,-0.671387,9.521484,9.521484
5164,0.021851,-0.251587,1.028198,0.061035,9.277344,9.826660
5174,0.085083,-0.236572,0.982788,-1.098633,8.666992,9.826660
5184,0.025635,-0.155396,0.972534,-1.708984,7.629395,9.643555
5196,-0.010986,-0.062500,1.083862,-1.281738,6.469727,9.155273
5205,0.013916,-0.014404,1.101929,-1.098633,6.225586,9.216309
5215,-0.010864,-0.060913,1.065308,-1.037598,6.347656,10.009766
5224,0.030762,-0.174316,0.977051,-0.488281,6.225586,10.498047
5234,0.009033,-0.300049,0.984619,-0.122070,6.286621,11.474609
5244,0.024902,-0.149414,1.023315,0.061035,5.737305,12.023926
5254,0.004028,0.052124,1.057373,0.122070,5.065918,12.145996
5265,0.023315,-0.036865,1.030396,1.037598,4.455566,12.512207
5275,0.019897,-0.120239,0.958862,1.159668,4.150391,12.451172
5284,0.040039,-0.178467,0.892456,0.305176,3.967285,12.451172
5294,0.012817,-0.106079,0.939941,-0.854492,3.784180,12.512207
5304,0.037354,-0.026855,0.974487,-2.136230,3.540039,12.390137
5314,0.023071,0.053101,1.008423,-3.234863,3.356934,12.329102
5324,-0.017456,-0.062622,0.998047,-3.540039,2.868652,11.718750
5334,-0.090088,-0.145142,0.978760,-2.624512,2.075195,10.803223
5344,-0.075317,0.110718,1.118530,-2.319336,1.831055,9.765625
5354,-0.028076,-0.023071,1.056641,-1.464844,1.464844,9.216309
5364,-0.004517,-0.200928,0.987671,-0.793457,1.159668,8.789063
5374,0.057129,-0.227539,1.023682,-0.549316,0.671387,8.178711
5383,0.078735,-0.142944,1.081665,-0.183105,0.183105,7.873535
5395,0.069336,-0.103394,1.076172,1.098633,-0.122070,7.751465
5404,0.102661,-0.068848,1.105957,1.159668,-0.305176,7.507324
5415,0.118896,-0.173462,1.034180,1.281738,-1.281738,6.713867
5424,0.143677,-0.267944,0.956299,1.403809,-2.624512,5.615234
5434,0.099854,-0.228882,0.869019,1.281738,-3.417969,4.943848
5443,0.148804,-0.042114,0.885498,0.976562,-3.723145,4.211426
5454,0.110229,-0.070801,0.941040,0.732422,-4.394531,3.662109
5465,0.112793,-0.137573,0.966064,-0.488281,-5.187988,1.708984
5475,0.025757,-0.079834,1.036377,-0.122070,-5.493164,0.732422
5484,0.065552,-0.154297,1.013916,0.671387,-5.676270,-0.732422
5494,0.073486,-0.207275,1.004028,0.976562,-5.920410,-1.770020
5503,0.060913,-0.254028,1.045288,1.037598,-6.591797,-2.868652
5514,0.035522,-0.185913,1.043457,0.793457,-6.774902,-3.479004
5523,0.030518,-0.110229,1.021851,0.671387,-6.896973,-3.784180
5535,-0.048950,-0.050293,1.010620,0.549316,-6.408691,-4.150391
5544,0.036377,-0.008057,1.048828,0.305176,-5.920410,-3.845215
5555,0.047119,-0.236084,0.939087,0.183105,-6.042480,-4.211426
5564,0.021240,-0.180664,0.888672,0.122070,-5.859375,-4.821777
5574,0.007568,-0.133911,0.944580,0.366211,-6.225586,-5.187988
5584,0.036621,-0.036133,0.992676,0.610352,-6.286621,-6.103516
5594,-0.000977,-0.132324,0.966919,0.976562,-6.530762,-7.141113
5604,-0.006226,-0.258667,0.947632,0.671387,-6.774902,-7.751465
5615,-0.002563,-0.145630,0.898071,0.183105,-6.591797,-7.751465
5624,0.013794,-0.138672,0.876709,-0.305176,-4.882812,-7.202148
5634,0.014771,-0.295898,0.880981,-0.671387,-4.150391,-6.286621
5643,-0.007690,-0.244019,0.827515,-1.586914,-3.784180,-5.859375
5654,-0.043213,-0.131348,0.848267,-2.258301,-3.234863,-5.432129
5664,-0.025757,-0.039429,0.937866,-2.746582,-3.295898,-4.882812
5675,-0.030884,0.022705,0.991821,-3.845215,-2.868652,-3.540039
5685,-0.023926,-0.088013,1.071289,-4.516602,-2.258301,-2.746582
5695,-0.008179,-0.055054,1.096191,-4.211426,-1.525879,-1.708984
5704,-0.011963,-0.044312,1.056152,-3.784180,-1.342773,-0.976562
5714,0.005249,-0.004883,1.039795,-3.723145,-1.647949,-0.244141
5724,0.032349,-0.034424,1.045532,-3.356934,-2.197266,-0.488281
5734,0.007446,-0.058105,1.056030,-2.746582,-2.319336,-0.793457
5744,0.002197,-0.034058,1.010010,-2.380371,-2.380371,-0.854492
5753,-0.033203,-0.079712,1.031860,-1.770020,-1.586914,-1.220703
5765,-0.072754,-0.127808,1.050293,-2.563477,-1.708984,-1.953125
5775,-0.079102,-0.187134,0.997437,-2.746582,-1.831055,-3.051758
5785,-0.106445,-0.175415,1.012207,-2.746582,-1.770020,-4.333496
5794,-0.117554,-0.293579,0.775635,-2.624512,-1.953125,-5.187988
5804,-0.079834,-0.051025,0.856812,-3.112793,-1.708984,-5.859375
5813,-0.025269,0.081299,0.975342,-4.089355,-1.281738,-6.164551
5825,-0.007446,-0.096313,0.981689,-4.394531,-0.732422,-5.554199
5834,-0.022461,0.063599,1.101807,-5.981445,1.098633,-5.432129
5844,-0.072388,0.046997,1.084961,-5.249023,0.915527,-5.859375
5853,-0.026489,-0.060059,1.083862,-4.028320,1.098633,-5.920410
5864,0.007446,-0.082153,1.106567,-3.173828,1.281738,-5.676270
5874,0.014648,-0.059814,1.145752,-2.319336,1.342773,-5.249023
5883,0.020630,-0.067139,1.109985,-1.647949,1.159668,-4.882812
5895,0.057495,-0.092285,0.927368,-0.671387,1.464844,-3.051758
5905,0.097046,-0.135620,0.919678,0.183105,1.586914,-2.380371
5914,0.067261,-0.161621,0.907227,0.122070,1.403809,-1.831055
5923,0.024780,-0.088989,0.932251,-0.427246,1.159668,-1.708984
5934,0.013550,0.007446,0.968750,-0.427246,1.220703,-1.586914
5943,0.025879,-0.034424,0.924927,0.122070,1.342773,-1.525879
5954,-0.003784,-0.129639,0.911865,0.671387,1.281738,-1.770020
5963,0.008423,-0.150635,0.965454,0.854492,1.098633,-2.075195
5975,-0.020996,-0.058838,0.950317,0.610352,0.976562,-2.136230
5985,0.008667,-0.080322,0.911377,0.244141,0.976562,-2.319336
5994,0.032104,-0.198242,0.883545,-0.305176,0.854492,-2.136230
6004,-0.022827,-0.233643,0.889038,-1.098633,0.976562,-2.014160
6014,-0.012695,-0.099854,0.969727,-1.647949,1.403809,-1.770020
6023,0.000488,0.015259,1.041138,-2.136230,1.892090,-1.403809
6035,-0.017334,-0.099854,1.063110,-2.380371,2.136230,-0.976562
6045,-0.006104,-0.087524,1.070679,-2.136230,1.953125,-1.220703
6055,-0.003906,-0.037109,1.100098,-1.892090,1.953125,-0.915527
6064,-0.014404,-0.061035,1.053101,-1.586914,1.831055,-0.671387
6074,0.003906,-0.072021,1.020996,-1.098633,1.464844,-0.427246
6083,0.022461,-0.037720,1.057861,-0.610352,1.892090,0.061035
6095,0.016357,-0.130981,1.040527,0.549316,2.136230,1.098633
6104,0.010620,-0.098755,0.995117,0.915527,1.953125,1.464844
6113,-0.048096,-0.158081,1.017334,1.220703,1.708984,1.770020
6124,-0.018677,-0.187256,1.039795,1.159668,1.464844,1.953125
6134,-0.032104,-0.146240,1.047119,0.549316,1.708984,2.624512
6144,-0.011353,-0.106201,1.006104,0.061035,2.380371,3.173828
6154,0.014404,-0.041870,0.954956,-0.366211,2.441406,4.150391
6165,0.028564,-0.049683,0.929932,-1.403809,2.502441,6.164551
6175,0.015747,-0.260254,0.845093,-2.685547,2.075195,6.652832
6185,-0.017212,0.012939,0.916260,-3.845215,1.708984,6.652832
6194,-0.051025,0.139038,1.004517,-3.967285,1.586914,6.774902
6204,-0.094604,-0.108765,0.881348,-3.540039,1.525879,6.835937
6214,-0.055420,-0.239868,0.846802,-3.417969,1.953125,7.019043
6224,-0.060181,-0.027222,0.920288,-3.845215,1.831055,7.080078
6235,-0.019653,0.002686,0.964600,-4.577637,1.586914,6.652832
6247,-0.052490,-0.100586,0.885986,-4.882812,1.586914,6.591797
6257,-0.019897,-0.014648,0.921509,-4.150391,2.319336,6.530762
6266,0.021973,0.025513,1.037109,-3.662109,1.586914,6.652832
6276,-0.024902,-0.142822,1.046387,-3.356934,1.220703,6.225586
6285,-0.021851,-0.164185,1.061890,-3.601074,1.159668,5.737305
6295,-0.044556,-0.093750,1.026001,-3.356934,0.976562,5.310059
6304,-0.012085,-0.028442,1.010864,-2.502441,1.098633,5.126953
6314,-0.000488,-0.080933,0.998291,-1.464844,0.183105,3.845215
6324,-0.003540,-0.269043,0.880005,-1.647949,-0.305176,2.807617
6334,-0.006348,-0.180420,0.908081,-2.136230,-0.549316,2.014160
6344,0.020630,-0.028931,0.952515,-2.929688,-0.366211,1.281738
6354,0.035156,-0.100220,0.926636,-3.662109,0.305176,0.732422
6364,0.018799,-0.161255,0.895996,-4.516602,0.244141,0.183105
6374,0.058838,-0.017944,1.021362,-5.493164,-0.061035,-0.366211
6386,0.059204,-0.103271,1.057251,-6.347656,-0.732422,-1.159668
6395,0.039917,-0.133789,1.045044,-5.920410,-0.793457,-1.464844
6405,0.057129,0.011475,1.111206,-5.371094,-0.671387,-1.892090
6414,0.012817,0.040771,1.129150,-5.126953,-0.671387,-2.014160
6424,-0.014526,-0.070068,1.086426,-4.882812,-0.793457,-2.136230
6434,-0.023437,-0.148804,1.041382,-4.882812,-0.732422,-2.441406
6446,-0.000488,0.006958,1.048584,-4.089355,-0.061035,-1.708984
6456,0.001709,0.009155,1.059082,-3.234863,-0.183105,-1.586914
6466,0.045166,-0.022827,1.031982,-2.502441,-0.183105,-1.342773
6475,-0.001099,-0.172852,0.987061,-2.014160,-0.427246,-1.098633
6485,0.064819,-0.214722,0.944092,-1.953125,-0.671387,-1.464844
6495,-0.000610,-0.014648,0.944580,-2.075195,-0.915527,-1.220703
6505,-0.006104,0.049072,0.942261,-1.770020,-0.854492,-1.098633
6514,-0.044434,-0.061768,0.922974,-0.976562,-0.061035,-0.427246
6524,-0.071289,-0.156250,0.876831,-0.488281,0.732422,-0.183105
6534,-0.040283,-0.063599,0.952759,-0.244141,1.220703,0.366211
6544,-0.081299,-0.077759,0.972900,-0.305176,1.647949,0.915527
6554,-0.037842,-0.105835,0.990845,-0.427246,1.647949,0.976562
6564,-0.016846,-0.179077,0.999756,-0.244141,1.708984,1.281738
6574,-0.028564,-0.187256,0.954468,-0.061035,1.525879,1.098633
6584,0.013428,-0.058228,0.984253,-0.061035,1.098633,0.610352
6595,0.033569,-0.089478,1.059448,-0.793457,0.732422,0.183105
6605,0.020874,-0.012939,1.101929,-0.549316,0.854492,0.305176
6614,0.024780,-0.007202,1.078491,0.183105,1.098633,1.037598
6625,0.025391,-0.103516,1.048828,1.098633,1.220703,1.892090
6634,0.080811,-0.155273,1.071777,1.708984,1.342773,2.441406
6644,0.065796,-0.131348,1.040771,2.319336,0.854492,2.685547
6655,0.070923,-0.039795,1.022827,2.746582,0.000000,2.990723
6664,0.061157,-0.133911,0.907349,2.929688,-0.122070,2.929688
6674,0.020386,-0.203247,0.883301,2.380371,-0.244141,2.563477
6685,-0.017578,-0.164917,0.937012,1.464844,-0.366211,2.136230
6694,-0.052246,-0.043579,1.046265,0.366211,-0.549316,1.525879
6704,-0.057129,0.049316,1.139038,0.244141,-0.549316,1.098633
6714,-0.066040,0.046875,1.170654,0.732422,-0.183105,0.732422
6724,-0.018799,0.024902,1.157349,0.976562,0.061035,0.366211
6735,0.011597,-0.170044,1.111206,1.220703,0.000000,0.000000
6745,0.045654,-0.221802,1.082153,2.624512,-0.061035,-0.366211
6754,0.046143,-0.237549,0.955566,3.356934,-0.305176,-0.610352
6765,0.083008,-0.106201,0.912598,3.417969,-0.366211,-1.037598
6774,0.102905,-0.012573,1.049316,3.051758,-1.037598,-1.525879
6784,0.122559,-0.122559,0.990967,2.563477,-1.647949,-2.197266
6796,0.048828,-0.164795,0.924561,2.197266,-1.892090,-3.723145
6806,0.041138,-0.059570,0.990112,1.953125,-1.525879,-3.906250
6815,0.032593,-0.084717,0.937256,2.014160,-1.464844,-4.150391
6825,0.027588,0.031738,1.260986,1.586914,-1.220703,-4.272461
6834,-0.027588,0.136230,1.218506,2.136230,-1.708984,-4.577637
6844,-0.042603,-0.194458,0.961792,4.333496,-1.464844,-4.394531
6855,-0.005859,-0.350342,0.795898,4.882812,-1.342773,-4.211426
6864,0.053467,-0.641235,0.379272,1.464844,-1.525879,-3.479004
6874,0.058960,-0.397583,0.804199,-2.441406,-1.220703,-2.807617
6884,0.024292,0.313843,0.818237,-4.699707,-0.976562,-1.708984
6895,0.026245,0.099121,0.893433,-3.784180,-0.305176,-0.915527
6904,-0.054810,-0.110107,0.990967,-3.417969,0.000000,-0.915527
6914,-0.063965,-0.002808,1.152466,-4.028320,0.061035,-1.464844
6925,-0.106689,0.112427,1.350220,-4.821777,0.061035,-1.770020
6935,-0.087891,0.137451,1.290283,-2.014160,0.610352,-0.488281
6944,-0.074097,0.005859,0.930298,0.549316,1.159668,1.037598
6955,0.051880,-0.183472,0.916626,1.708984,1.037598,1.831055
6964,0.104736,-0.234253,0.925781,0.610352,0.976562,2.380371
6975,0.100098,-0.169434,0.850708,-1.464844,0.549316,2.868652
6984,0.081787,0.122314,0.852051,-3.540039,0.183105,3.112793
6995,0.063110,0.061768,0.903442,-4.333496,0.061035,3.417969
7004,-0.004639,-0.173828,0.863892,-4.272461,-0.183105,2.563477
7014,0.011719,-0.111816,1.068237,-5.493164,-0.732422,1.831055
7025,-0.077026,-0.001099,1.116089,-6.347656,-1.037598,0.854492
7040,-0.017578,0.087036,1.128662,-6.469727,-0.915527,0.366211
7049,-0.052734,0.034058,1.018188,-5.004883,-0.305176,0.549316
7059,-0.033203,0.084351,1.126099,-4.150391,-0.366211,0.183105
7068,-0.008179,-0.067871,1.189575,-3.906250,-0.183105,-0.183105
7078,-0.004028,-0.104248,1.113525,-4.150391,-0.244141,-0.854492
7088,0.050049,-0.059448,0.970093,-4.760742,0.122070,-0.854492
7098,0.039307,0.074951,0.905518,-5.065918,0.549316,-0.915527
7107,0.064941,0.029297,0.801636,-4.516602,0.244141,-1.159668
7116,0.057251,-0.261841,0.840454,-3.540039,-0.244141,-1.708984
7126,0.049316,-0.156494,1.064087,-4.455566,-1.220703,-3.051758
7136,0.022461,0.157593,1.335938,-6.835937,-1.525879,-5.249023
7145,-0.045776,0.150391,1.331909,-5.737305,-0.732422,-5.798340
7155,-0.016479,0.361328,1.092285,-3.112793,-0.244141,-5.859375
7164,-0.026245,-0.191895,0.854004,2.563477,-0.183105,-5.615234
7174,0.051514,-0.428101,0.754395,6.164551,-1.342773,-5.798340
7185,0.125732,-0.390137,0.808960,5.554199,-2.441406,-6.347656
7195,0.136719,-0.240479,0.778931,1.464844,-2.502441,-5.981445
7205,0.072998,-0.050415,0.659912,-2.075195,-1.281738,-4.882812
7214,0.053223,0.149414,0.754150,-3.479004,0.122070,-3.479004
7226,-0.071899,-0.046143,1.058838,-1.342773,0.488281,-3.662109
7235,-0.081421,-0.063354,1.388428,-1.464844,0.305176,-4.150391
7245,-0.113037,-0.008179,1.342896,-2.319336,0.122070,-4.394531
7255,-0.120972,0.214111,1.272217,-1.953125,1.220703,-3.234863
7264,-0.042725,0.083374,1.001221,0.366211,2.502441,-1.403809
7275,0.004761,-0.147461,0.734375,4.272461,3.051758,0.183105
7284,0.091553,-0.236694,0.837280,4.638672,1.281738,1.342773
7296,0.071167,-0.157959,0.930054,0.244141,0.671387,1.892090
7305,0.082031,0.199585,0.997314,-3.112793,1.281738,2.868652
7315,0.019043,0.219238,0.903931,-3.112793,2.319336,4.333496
7324,-0.048218,-0.012329,0.841675,-0.488281,2.868652,5.554199
7334,-0.035400,-0.155151,1.004272,1.281738,2.746582,5.981445
7345,-0.044312,-0.311279,1.118164,1.220703,2.197266,5.798340
7354,-0.089233,-0.160034,1.068481,-3.295898,1.892090,6.286621
7366,-0.061401,-0.003174,0.739502,-3.540039,2.746582,7.507324
7376,-0.092896,0.059692,0.790039,-2.685547,2.868652,8.117676
7385,-0.067993,-0.063110,0.924805,-2.380371,2.502441,8.483887
7395,-0.097168,-0.019043,1.201294,-3.662109,2.258301,7.812500
7405,-0.074097,0.181519,1.308350,-5.493164,2.380371,7.507324
7415,-0.063599,0.250977,1.134399,-5.859375,3.356934,8.361816
7425,-0.015991,0.180542,1.055054,-0.488281,4.760742,10.192871
7436,0.074341,-0.129150,1.151611,1.770020,3.723145,9.704590
7445,0.058960,-0.281616,1.211792,1.342773,1.708984,8.178711
7455,0.029297,-0.172363,1.187378,-1.098633,0.183105,5.859375
7464,0.050293,0.173584,1.133789,-3.784180,-0.061035,4.516602
7475,0.049438,0.037109,0.915527,-4.211426,0.549316,4.272461
7485,0.055786,0.026611,0.804443,-2.380371,1.037598,4.211426
7494,0.061768,-0.075195,0.883057,-0.488281,-0.488281,2.746582
7506,0.022827,-0.061768,1.013672,-1.159668,-1.342773,1.770020
7516,0.060303,0.014648,0.993896,-2.624512,-1.098633,1.525879
7525,0.055542,0.095825,0.987549,-3.173828,-0.244141,1.892090
7534,-0.003906,0.012085,0.869019,-1.831055,-0.061035,1.953125
7544,-0.052002,-0.091675,0.822021,-0.183105,-0.671387,1.220703
7555,-0.031128,-0.086426,1.067505,-0.122070,-1.525879,0.244141
7565,-0.026489,-0.224731,0.936523,-3.295898,-1.342773,-0.671387
7575,0.025024,0.029663,0.927612,-5.249023,-0.549316,-0.183105
7584,0.042358,0.120483,0.895386,-5.798340,0.061035,0.366211
7595,0.027588,0.036621,0.864258,-4.211426,0.000000,0.671387
7605,0.053955,-0.055908,0.988892,-2.319336,-0.610352,0.244141
7615,0.028198,-0.083740,1.137573,-2.075195,-1.403809,-0.549316
7624,0.031860,-0.041504,1.132202,-2.441406,-1.892090,-0.915527
7636,0.068970,0.028076,0.988281,-2.868652,-1.159668,-0.488281
7646,0.065918,-0.041016,0.885010,-1.281738,-1.281738,-0.488281
7656,0.070190,-0.133179,0.907715,-0.061035,-2.197266,-1.098633
7666,0.031128,-0.117310,1.008057,-0.061035,-2.990723,-1.708984
7675,0.021729,-0.034424,1.081421,-0.976562,-3.479004,-2.075195
7685,-0.019409,0.011597,1.071655,-1.281738,-2.380371,-1.403809
7695,-0.033447,0.012573,1.005371,-0.671387,-1.159668,-0.061035
7704,-0.032837,0.050293,1.050781,2.624512,-0.549316,0.854492
7716,-0.003174,-0.226929,0.958130,3.295898,-1.342773,0.183105
7726,-0.004272,-0.151123,1.023926,2.380371,-1.953125,-0.366211
7736,-0.014038,-0.126099,0.985718,0.854492,-2.319336,-1.098633
7745,-0.007324,-0.075928,0.894531,-0.976562,-2.075195,-1.464844
7755,0.005981,0.082764,0.931885,-2.197266,-1.281738,-1.220703
7764,-0.027222,0.011353,0.935669,-2.319336,-0.793457,-1.647949
7776,-0.033813,-0.041748,1.076904,-1.770020,-0.854492,-3.173828
7786,0.017578,0.024780,1.207764,-2.136230,-1.464844,-4.028320
7796,0.010132,-0.002075,1.163574,-2.258301,-1.586914,-4.333496
7805,0.039063,0.003540,1.119141,-2.502441,-1.037598,-4.272461
7815,0.015381,0.074463,1.134277,-2.746582,-0.671387,-4.089355
7825,0.050293,0.106201,1.008301,-1.953125,-0.793457,-4.028320
7835,0.019165,-0.084595,0.845215,-0.305176,-0.976562,-3.967285
7846,0.063599,-0.056274,1.012085,0.061035,-1.464844,-3.601074
7856,0.036011,-0.142578,0.954102,-0.976562,-1.464844,-3.540039
7865,0.047729,-0.012695,0.910645,-2.685547,-1.159668,-3.540039
7875,-0.011719,0.131714,0.929443,-3.967285,-0.793457,-3.295898
7885,-0.036377,0.036011,0.858887,-3.723145,-0.732422,-2.990723
7895,-0.054687,0.026733,0.940430,-2.929688,-0.854492,-3.356934
7905,-0.029297,-0.031616,0.902710,-2.319336,-0.915527,-3.662109
7915,-0.034180,-0.034668,0.982666,-2.258301,-0.244141,-2.746582
7925,0.007690,-0.041138,0.960449,-2.563477,0.671387,-1.586914
7935,0.004883,0.038330,0.966187,-2.990723,1.220703,-0.366211
7944,0.018066,0.031982,0.859131,-2.563477,1.281738,0.427246
7955,0.000000,-0.108887,0.831421,-1.525879,0.915527,0.732422
7965,0.007813,-0.100342,0.927124,-1.220703,0.427246,0.793457
7975,-0.003296,-0.150635,0.955078,-2.075195,0.244141,1.159668
7985,0.009521,-0.069946,1.000000,-4.394531,1.159668,2.929688
7995,-0.023804,0.086426,1.010254,-5.004883,1.281738,3.540039
8005,-0.005249,0.049072,1.009277,-4.333496,1.403809,3.723145
8015,-0.039673,0.007813,1.055908,-3.540039,1.281738,3.784180
8025,-0.007813,-0.037476,1.064087,-3.051758,0.854492,3.295898
8035,-0.028198,-0.135986,1.027222,-2.807617,0.305176,2.929688
8045,0.017822,-0.104858,1.006836,-3.295898,0.183105,2.624512
8054,0.016724,-0.104980,1.027466,-4.028320,0.732422,2.441406
8066,-0.002319,0.017822,1.028564,-4.760742,0.549316,1.831055
8076,0.008057,-0.060425,0.964844,-4.333496,0.244141,0.976562
8085,0.013428,-0.053589,1.034668,-3.784180,-0.183105,-0.122070
8095,-0.007446,0.009888,1.057861,-3.845215,-0.610352,-0.915527
8105,0.009644,-0.016357,1.010620,-3.479004,-0.305176,-1.342773
8117,-0.013672,0.030518,1.133545,-3.723145,0.244141,-2.685547
8126,-0.021118,0.038208,1.018066,-3.845215,0.000000,-3.601074
8135,0.008911,0.077271,0.964478,-3.356934,-0.305176,-4.272461
8145,0.005249,-0.033447,0.960571,-2.319336,-0.610352,-4.821777
8155,0.059937,-0.041748,0.983032,-2.014160,-0.854492,-5.493164
8165,0.061646,-0.055054,1.023804,-2.258301,-0.976562,-5.737305
8175,0.070801,-0.084351,1.033203,-2.868652,-0.427246,-5.737305
8187,0.056274,-0.053711,1.058472,-3.723145,-0.183105,-5.859375
8196,0.010742,0.034302,0.997925,-3.417969,-0.183105,-5.920410
8206,0.033447,0.006104,1.003418,-2.441406,-0.610352,-5.920410
8216,0.010498,-0.034546,0.924194,-1.220703,-0.610352,-5.737305
8225,0.065552,0.022583,1.021851,-0.793457,-0.610352,-5.187988
8235,0.016968,-0.073242,0.984009,-1.037598,-0.488281,-4.394531
8245,0.034058,-0.076538,0.937866,-1.647949,-0.061035,-3.540039
8255,0.019653,0.034668,0.978271,-2.502441,0.183105,-2.807617
8266,-0.036865,0.062134,0.984741,-2.868652,0.549316,-1.342773
8276,-0.047974,-0.008911,0.997925,-1.586914,0.427246,-0.549316
8286,-0.033691,0.037231,1.071777,-0.854492,0.549316,-0.366211
8295,-0.055908,0.010864,1.000854,-0.366211,0.549316,0.061035
8306,-0.052368,-0.026978,1.003418,0.061035,1.159668,0.915527
8315,-0.045288,-0.036743,0.997437,0.427246,1.770020,1.953125
8327,-0.027710,-0.054932,1.007202,-0.244141,2.075195,2.868652
8336,-0.033447,-0.016968,0.941162,-0.305176,1.953125,3.479004
8346,-0.015747,0.030273,1.029907,0.183105,2.258301,4.272461
8356,-0.040039,-0.022339,1.047974,1.281738,2.502441,5.187988
8365,-0.057373,-0.074951,1.090820,1.892090,2.563477,5.920410
8375,-0.055298,-0.069214,1.117188,1.953125,2.868652,6.164551
8385,-0.052124,-0.075439,1.082031,2.197266,3.173828,6.530762
8395,-0.043579,-0.068726,0.994385,2.014160,3.112793,6.774902
8406,0.001587,-0.034668,0.984497,2.319336,2.685547,7.568359
8416,-0.015381,-0.090332,0.928833,2.807617,2.685547,7.568359
8425,-0.005981,-0.087646,1.008911,2.563477,2.624512,7.690430
8435,-0.020996,-0.077393,1.045288,1.708984,2.624512,7.812500
8445,-0.042847,-0.061768,1.015747,1.281738,2.929688,7.812500
8455,-0.010864,-0.016724,1.013306,1.281738,3.356934,7.507324
8465,-0.008911,-0.024048,1.026733,1.647949,3.234863,7.324219
8476,-0.013916,-0.081543,1.002319,2.136230,2.380371,5.554199
8485,0.010376,-0.110107,0.955200,2.746582,1.525879,4.943848
8495,0.051025,-0.060425,1.030640,2.258301,1.403809,4.455566
8505,-0.015503,-0.021240,0.969116,1.831055,1.220703,4.333496
8515,0.017700,-0.038818,1.039185,1.525879,1.647949,4.089355
8525,0.015503,0.012573,1.114014,0.976562,1.708984,3.784180
8535,-0.010620,0.042969,1.012451,0.610352,1.525879,3.479004
8547,0.049072,-0.004639,0.987915,1.586914,1.342773,2.929688
8556,0.056641,-0.003418,1.066650,2.319336,0.610352,2.685547
8566,0.068848,-0.075317,1.011597,2.502441,0.244141,2.258301
8575,0.069336,-0.052734,1.037964,2.380371,0.061035,1.831055
8586,0.057495,-0.012939,1.045044,2.014160,0.000000,1.831055
8595,0.032837,-0.032227,1.051025,1.770020,0.061035,1.647949
8606,0.022827,0.012939,0.963501,0.915527,-0.488281,1.037598
8616,0.034302,-0.010864,0.954102,1.342773,-0.488281,0.793457
8625,0.045532,-0.092285,1.047363,2.258301,-0.671387,0.793457
8635,0.003540,-0.076294,1.011841,2.563477,-0.732422,1.037598
8645,-0.006348,-0.057495,1.060181,2.685547,-0.610352,1.281738
8655,0.004028,-0.049683,1.035767,2.685547,-0.305176,1.220703
8666,0.022827,0.002197,1.096680,2.502441,0.183105,1.525879
8675,-0.001221,0.020264,1.016357,2.502441,0.000000,1.647949
8687,-0.013184,-0.072021,0.912109,3.784180,-0.793457,1.647949
8696,0.039307,-0.061157,0.880737,4.028320,-1.159668,1.647949
8707,0.024780,-0.102783,0.850220,3.479004,-0.915527,1.647949
8716,0.016602,-0.185791,0.826660,2.624512,-0.610352,1.770020
8726,0.018188,-0.307007,0.661011,1.525879,-0.183105,1.708984
8735,0.052002,-0.179565,0.763062,0.000000,-0.183105,1.220703
8748,-0.013550,0.007568,0.955811,-2.563477,-0.915527,-0.427246
8757,-0.068359,-0.040283,0.928101,-2.563477,-0.793457,-1.037598
8767,-0.036987,-0.017334,0.992554,-2.136230,-0.366211,-1.586914
8777,-0.016602,0.005005,1.055664,-1.464844,-0.183105,-1.770020
8786,-0.026489,-0.053345,1.031372,-1.586914,-0.305176,-1.831055
8796,-0.003174,-0.014160,1.051880,-1.892090,-0.305176,-1.281738
8806,0.034180,-0.037598,1.035522,-2.319336,0.000000,-0.732422
8815,0.027100,0.008179,0.962646,-2.868652,0.000000,-0.183105
8827,0.024536,0.070068,1.031738,-2.807617,-0.122070,-0.122070
8836,0.028076,0.033936,0.991699,-2.868652,-0.427246,0.122070
8846,0.042358,-0.063477,1.065552,-2.624512,-0.366211,0.305176
8855,0.042480,0.076782,1.120361,-2.685547,-0.427246,0.488281
8866,0.032349,0.005005,1.073608,-2.563477,-0.305176,0.793457
8875,0.041748,-0.052368,1.044922,-2.380371,-0.061035,1.159668
8885,0.017944,-0.089966,1.081665,-2.319336,0.244141,1.525879
8896,-0.015015,-0.052490,1.002686,-2.746582,-0.793457,1.037598
8906,-0.029785,-0.059814,0.967285,-3.356934,-0.976562,0.793457
8916,-0.043457,0.060669,0.934082,-3.173828,-0.610352,1.281738
8925,-0.015137,-0.089355,0.944824,-2.258301,0.305176,1.831055
8936,-0.003662,-0.122681,1.015259,-2.563477,0.061035,1.892090
8945,-0.004639,-0.048218,1.043091,-3.173828,0.122070,1.831055
8955,-0.017212,0.020752,1.008423,-3.784180,0.122070,1.708984
8966,-0.007568,-0.062256,1.001343,-3.601074,0.305176,1.525879
8976,-0.009033,0.022949,1.037720,-3.601074,0.488281,1.220703
8986,-0.026489,0.017212,1.032471,-3.479004,0.488281,0.976562
8995,-0.027832,0.027954,1.010986,-3.295898,0.366211,0.915527
9006,0.009155,-0.031128,0.975464,-3.051758,0.549316,0.976562
9015,0.030396,-0.037720,0.982788,-2.685547,0.549316,1.098633
9025,0.048462,-0.060059,0.964233,-2.624512,0.488281,1.037598
9037,0.043579,-0.052490,0.964600,-3.540039,0.427246,1.159668
9046,0.026001,-0.071655,0.996460,-3.601074,0.610352,1.464844
9056,0.025391,-0.014771,1.063354,-3.540039,0.549316,1.831055
9065,-0.008667,-0.041382,1.063110,-3.356934,0.183105,2.014160
9075,-0.007935,-0.027954,1.016235,-3.173828,0.183105,2.319336
9085,-0.023437,-0.037964,0.996704,-2.746582,0.244141,2.746582
9095,0.003174,-0.019775,0.992676,-2.502441,0.366211,3.112793
9106,-0.007568,-0.039185,0.983154,-3.112793,0.549316,3.479004
9116,-0.026855,-0.035156,0.985840,-3.906250,0.610352,3.540039
9125,-0.011230,-0.053833,1.000977,-4.394531,0.793457,3.356934
9135,-0.006592,0.049561,1.010132,-5.004883,0.610352,3.112793
9145,-0.005737,0.140747,1.044800,-5.554199,0.793457,3.173828
9155,-0.025879,0.064453,1.012573,-5.126953,0.732422,3.051758
9166,-0.001099,-0.000977,1.008911,-4.089355,0.610352,2.746582
9176,0.000244,0.012573,1.021606,-3.295898,0.549316,2.563477
9186,0.066040,-0.051025,0.982666,-2.563477,0.244141,1.770020
9196,0.051147,0.023926,0.949951,-2.319336,-0.061035,1.220703
9205,0.059570,-0.057617,0.957642,-1.770020,-0.427246,0.610352
9216,0.033203,-0.078125,0.931274,-1.220703,-0.610352,-0.122070
9225,0.010986,-0.099243,0.976929,-0.793457,-0.732422,-0.854492
9238,-0.016724,-0.066650,0.976929,-0.854492,-0.732422,-1.464844
9247,-0.001831,-0.030640,0.967529,-1.281738,-0.671387,-1.464844
9257,-0.004761,-0.011841,0.955566,-1.342773,-0.366211,-1.281738
9267,0.021973,-0.044434,0.941895,-0.915527,-0.549316,-0.915527
9276,0.045532,-0.076294,0.956299,-0.305176,-0.488281,-0.732422
9286,0.036743,-0.089478,0.970825,-0.305176,-0.671387,-0.793457
9296,0.030396,-0.103271,0.972534,-0.854492,-0.732422,-0.793457
9305,0.006714,-0.028564,0.981445,-1.525879,-0.610352,-0.488281
9317,0.028320,-0.064575,0.985107,-1.098633,-0.183105,-0.366211
9326,0.030396,-0.083496,1.026611,-0.976562,-0.305176,-0.427246
9336,0.013550,-0.001099,1.032227,-1.403809,-0.915527,-0.671387
9346,0.029419,-0.046753,1.027100,-1.586914,-1.037598,-0.732422
9355,0.034058,-0.013306,1.016113,-1.525879,-0.549316,-0.610352
9365,0.028320,-0.114990,0.993164,-0.976562,-0.427246,-0.305176
9378,0.017334,-0.072388,1.042603,-1.159668,-1.220703,-0.976562
9387,0.015259,-0.021484,1.032227,-1.647949,-1.281738,-1.525879
9397,-0.002930,-0.068848,1.001587,-2.014160,-1.220703,-2.075195
9406,0.020874,-0.013184,1.017212,-1.953125,-1.159668,-2.502441
9416,-0.005249,-0.052124,1.039551,-1.647949,-1.281738,-2.929688
9426,0.017944,-0.033936,1.038574,-1.647949,-1.586914,-3.784180
9435,0.003662,-0.029541,1.020874,-1.953125,-1.464844,-4.272461
9445,0.015137,0.035889,0.993164,-1.892090,-1.464844,-4.455566
9456,0.042358,-0.022705,0.968506,-1.831055,-1.281738,-4.882812
9466,0.032593,-0.071899,0.984863,-1.647949,-1.220703,-5.126953
9476,0.041748,-0.009644,1.005371,-2.258301,-1.281738,-5.126953
9485,0.016235,0.018433,1.014404,-2.746582,-0.976562,-4.943848
9495,0.027466,0.033081,1.010620,-2.929688,-0.854492,-4.394531
9505,-0.015625,-0.001343,1.014893,-2.502441,-0.671387,-3.967285
9515,-0.000977,0.028931,1.038330,-2.319336,-0.244141,-3.295898
9525,-0.020752,0.078613,1.064087,-2.441406,-0.488281,-1.953125
9535,-0.008789,-0.007813,0.971191,-2.136230,-0.366211,-1.403809
9545,-0.000610,-0.062500,0.936646,-1.770020,-0.183105,-0.427246
9555,-0.002563,-0.015991,0.964111,-1.586914,-0.061035,0.366211
9566,-0.007813,-0.051270,0.990723,-1.708984,0.366211,1.464844
9575,-0.024536,-0.018555,0.973877,-2.014160,0.854492,2.441406
9585,-0.057495,-0.120728,0.958008,-2.014160,1.159668,3.845215
9596,-0.073975,-0.045044,1.015503,-1.831055,1.403809,5.371094
9606,-0.068970,-0.077026,0.989258,-1.770020,1.586914,6.225586
9616,-0.102783,-0.077271,0.988525,-2.197266,1.892090,6.896973
9625,-0.044067,0.008667,0.989868,-2.624512,2.319336,7.873535
9635,-0.056274,-0.026855,0.966919,-2.441406,2.502441,8.728027
9645,-0.026489,-0.057129,0.915283,-1.892090,2.319336,9.216309
9655,-0.022583,-0.013062,0.955322,-1.403809,2.624512,9.826660
9665,-0.023315,-0.081787,0.975586,-2.014160,3.051758,10.009766
9676,-0.020752,0.020264,0.998169,-2.624512,3.234863,10.498047
9685,-0.026245,-0.025513,0.983154,-2.380371,3.479004,10.925293
9695,-0.006958,-0.041260,0.986206,-2.258301,3.356934,11.047363
9705,-0.003052,-0.114502,0.994507,-1.708984,2.807617,10.314941
9715,0.010742,-0.034790,1.029785,-2.075195,2.197266,9.521484
9726,-0.013306,-0.038086,0.996582,-2.929688,2.136230,8.422852
9736,0.012207,0.041626,0.996948,-2.624512,2.319336,8.239746
9745,0.010742,-0.051270,0.973877,-1.892090,2.319336,8.239746
9755,0.019165,-0.036499,1.037354,-1.403809,1.953125,7.873535
9765,0.029297,-0.005005,1.090210,-1.403809,1.708984,7.507324
9775,0.020508,0.014771,1.057129,-1.708984,1.403809,7.385254
9785,0.043701,0.010498,1.033325,-1.892090,1.647949,7.507324
9795,0.051880,-0.053101,1.000244,-1.342773,1.892090,7.568359
9807,0.029175,-0.137573,1.025513,-0.732422,1.037598,6.591797
9816,0.040894,-0.028198,1.058228,-0.915527,0.610352,5.798340
9825,0.046997,-0.053101,1.055908,-1.770020,0.427246,5.065918
9835,0.030273,-0.017090,0.970825,-2.136230,0.427246,4.333496
9845,0.037720,-0.003906,0.979736,-1.831055,0.488281,3.723145
9855,0.028809,-0.059692,0.975952,-1.220703,-0.061035,2.868652
9866,0.032104,-0.074219,1.005615,-0.549316,-0.854492,0.854492
9876,0.020630,-0.075562,0.972290,-0.732422,-1.220703,0.000000
9886,0.058472,-0.007202,0.971436,-1.342773,-1.220703,-0.671387
9895,0.053101,-0.083740,0.947388,-1.220703,-1.037598,-1.159668
9905,0.069946,-0.030029,0.938843,-0.976562,-1.281738,-1.770020
9915,0.035767,-0.089355,0.955933,-1.098633,-1.647949,-2.258301
9925,0.028931,-0.030151,0.997925,-1.403809,-1.770020,-2.807617
9938,0.040039,0.009766,0.991821,-2.624512,-1.831055,-2.746582
9947,0.030029,0.048462,0.976318,-2.685547,-1.342773,-2.380371
9957,0.002319,0.011719,0.989990,-2.197266,-1.220703,-1.953125
9966,-0.025024,0.035522,0.991577,-1.892090,-1.403809,-1.708984
9976,-0.027710,-0.007568,1.018921,-1.708984,-1.403809,-1.220703
9985,-0.013184,-0.030151,1.036743,-1.647949,-1.220703,-0.793457
9995,-0.034302,-0.008423,1.003784,-1.770020,-1.220703,-0.488281
10005,-0.033691,-0.043701,1.003418,-1.708984,-0.732422,0.122070
10016,0.015259,-0.021973,1.017212,-1.586914,-0.122070,1.098633
10025,0.000854,-0.067261,0.983032,-1.464844,-0.244141,1.770020
10035,0.023682,-0.069092,1.023560,-1.281738,0.000000,2.258301
10045,0.040649,-0.068359,1.016357,-1.708984,-0.244141,2.624512
10055,0.032837,-0.058960,1.009155,-1.770020,-0.183105,3.173828
10065,-0.002686,-0.015503,0.993042,-1.953125,-0.122070,3.601074
10075,-0.027832,-0.010986,0.998657,-1.953125,0.061035,4.333496
10086,-0.007690,-0.041992,0.951050,-1.342773,0.488281,5.187988
10096,-0.014526,-0.102295,1.013550,-1.098633,0.671387,5.737305
10105,-0.009521,-0.051147,1.015869,-1.403809,0.671387,5.737305
10115,-0.015381,-0.043579,0.985596,-1.953125,0.610352,5.737305
10125,0.008545,-0.001709,0.942871,-2.441406,0.793457,5.187988
10135,0.005493,-0.002075,0.980591,-2.136230,0.976562,4.760742
10145,0.013184,-0.068359,0.960693,-1.770020,0.488281,4.028320
10156,0.033691,-0.043091,1.051880,-1.953125,-0.061035,2.685547
10166,0.047607,-0.010620,1.036255,-2.685547,-0.061035,2.014160
10175,0.064087,0.074951,1.006714,-2.990723,-0.061035,1.403809
10186,0.064575,0.003784,0.950928,-2.624512,-0.183105,0.915527
10196,0.037842,-0.048096,0.980347,-2.075195,-0.671387,0.549316
10205,0.053711,0.017944,1.028931,-2.075195,-1.037598,-0.122070
10217,0.080933,-0.081421,1.000610,-2.075195,-1.770020,-0.976562
10227,0.073608,-0.006592,0.998657,-1.831055,-1.647949,-1.586914
10237,0.086670,-0.058838,1.009521,-1.525879,-1.953125,-2.075195
10246,0.048950,-0.099121,1.010742,-1.220703,-2.075195,-2.807617
10256,0.042969,-0.060181,1.039673,-1.464844,-2.319336,-3.784180
10266,0.033447,-0.067627,1.024902,-1.342773,-2.624512,-4.638672
10275,0.045898,-0.080322,0.990601,-1.464844,-3.051758,-5.554199
10285,0.028931,-0.061646,1.008667,-1.464844,-3.051758,-6.958008
10297,0.026001,-0.049072,1.012329,-0.976562,-3.173828,-7.568359
10306,0.007568,-0.056519,1.033569,-1.281738,-3.356934,-8.239746
10316,0.014526,-0.039185,1.023804,-1.159668,-3.479004,-9.033203
10325,0.026733,-0.052368,0.983032,-0.976562,-3.967285,-9.826660
10335,0.044556,-0.042236,0.976562,-0.732422,-4.028320,-10.253906
10345,0.047119,-0.056030,0.978516,-0.244141,-3.967285,-10.498047
10355,0.043213,-0.083130,0.982178,0.061035,-3.967285,-11.047363
10367,0.006348,-0.069092,0.986572,0.061035,-3.479004,-10.986328
10376,-0.011963,-0.057983,0.959717,-0.305176,-3.051758,-10.864258
10386,-0.008667,-0.007202,0.973511,-0.427246,-2.990723,-10.620117
10396,-0.033691,-0.039551,0.969116,-0.183105,-3.112793,-10.437012
10406,-0.030640,-0.045288,0.971558,0.000000,-3.051758,-10.192871
10415,-0.025391,-0.053223,1.023804,-0.122070,-2.624512,-9.582520
10425,-0.024170,-0.063110,1.019165,-0.427246,-2.197266,-8.056641
10435,-0.014160,0.030151,1.009521,-1.098633,-1.220703,-7.263184
10445,-0.007324,-0.047852,0.943604,-0.854492,-1.159668,-6.286621
10455,-0.008301,-0.004883,0.983887,-0.793457,-0.915527,-5.065918
10465,-0.034058,0.015747,1.000610,-0.915527,-0.366211,-3.845215
10475,-0.065430,0.001953,1.000244,-0.915527,-0.244141,-2.624512
10485,-0.082397,-0.019531,0.978027,-1.159668,0.183105,-1.403809
10495,-0.087402,-0.030151,1.016235,-0.793457,1.159668,0.061035
10506,-0.080200,-0.000122,1.015625,-1.525879,2.014160,1.892090
10516,-0.090820,0.032104,0.997925,-1.647949,2.075195,2.685547
10525,-0.069092,-0.047241,0.978760,-1.281738,2.502441,3.845215
10536,-0.057495,-0.054443,1.027954,-0.976562,2.990723,4.821777
10545,-0.053223,0.015503,1.027344,-1.281738,3.479004,6.103516
10555,-0.050293,-0.011597,1.015015,-1.342773,3.784180,7.263184
10567,-0.014282,0.016113,0.997070,-1.403809,4.272461,8.972168
10577,0.009277,0.005859,1.005981,-1.464844,4.333496,9.582520
10586,0.009033,-0.089600,0.976074,-1.342773,4.089355,10.009766
10596,0.000000,0.015991,0.998047,-1.770020,4.211426,10.131836
10605,0.001587,0.018433,0.986328,-1.831055,4.028320,10.498047
10615,-0.024048,-0.047241,0.979004,-1.342773,4.089355,10.986328
10626,0.008057,0.028320,0.987549,-1.464844,4.272461,11.352539
10635,-0.020142,0.008057,1.005005,-1.342773,4.333496,12.145996
10647,-0.022217,-0.068237,0.981934,-1.098633,4.089355,12.023926
10656,-0.027222,-0.000122,1.005493,-1.525879,4.150391,12.084961
10666,-0.035400,-0.032349,0.974487,-1.403809,4.272461,11.779785
10676,-0.047852,-0.070312,0.985229,-1.098633,4.516602,12.084961
10685,-0.024902,-0.062622,0.986694,-1.037598,4.516602,12.145996
10695,-0.015137,0.000366,1.012207,-1.281738,4.272461,12.268066
10708,0.020752,-0.074707,0.987427,-0.976562,4.455566,13.061523
10717,0.040039,-0.020996,1.005981,-1.403809,4.394531,13.549805
10726,0.000732,-0.037720,0.985840,-1.831055,4.516602,14.038086
10736,0.003784,-0.095703,1.010742,-1.525879,4.699707,14.404297
10746,-0.002319,-0.074341,0.998413,-1.525879,4.211426,14.526367
10755,-0.001099,-0.012207,1.045044,-1.708984,4.028320,14.282227
10765,0.033936,-0.041870,1.008057,-1.159668,3.967285,13.916016
10778,0.080200,0.017822,1.022827,-1.342773,3.173828,12.268066
10787,0.057373,-0.057495,1.001953,-1.037598,2.624512,11.535645
10796,0.096802,-0.132324,0.992065,-0.793457,2.319336,10.314941
10806,0.085571,-0.045898,1.009399,-1.220703,2.136230,9.277344
10815,0.100952,-0.005737,1.004639,-1.342773,1.647949,8.117676
10825,0.071533,-0.035400,0.986816,-1.281738,1.403809,7.263184
10836,0.074585,-0.077759,0.972778,-1.525879,1.220703,6.774902
10845,0.055298,-0.008911,0.996704,-1.525879,0.793457,6.164551
10856,0.012695,-0.024292,1.003540,-1.525879,0.305176,5.065918
10866,0.008423,-0.070801,0.981812,-1.525879,0.183105,4.638672
10875,0.013672,0.007446,0.984253,-1.647949,0.305176,4.272461
10885,-0.020386,-0.016968,0.996826,-1.464844,0.061035,3.723145
10895,-0.003662,-0.088013,0.978516,-1.525879,-0.305176,3.051758
10905,0.008789,-0.063721,1.013428,-1.525879,-0.183105,2.258301
10918,-0.003174,0.012939,1.015259,-1.708984,0.000000,1.220703
10927,0.011719,-0.081909,0.964111,-1.464844,-0.061035,0.671387
10936,0.031128,-0.035522,1.013306,-1.586914,0.244141,0.488281
10946,0.019653,0.020874,0.992432,-1.708984,0.122070,0.488281
10955,0.028809,-0.012817,0.998901,-1.770020,-0.061035,0.549316
10965,0.043701,-0.120605,0.970825,-1.098633,0.122070,1.220703
10975,0.048950,-0.052246,0.999390,-1.342773,0.061035,1.892090
10988,-0.024780,-0.031738,0.975220,-1.708984,0.427246,3.723145
10997,-0.032837,-0.075317,0.965332,-1.403809,0.915527,4.821777
11007,-0.042114,-0.010864,1.000977,-1.647949,1.342773,5.310059
11016,-0.046387,0.020630,1.001953,-1.831055,1.525879,5.859375
11026,-0.038696,-0.045288,1.013916,-1.464844,1.525879,6.408691
11035,0.001587,-0.065063,0.988892,-1.525879,1.586914,7.019043
11045,0.009155,-0.004639,1.032349,-1.770020,1.708984,7.507324
11056,0.021606,-0.004150,0.999512,-1.403809,2.258301,8.850098
11066,0.030884,-0.049927,0.988403,-1.708984,2.380371,9.216309
11075,0.042480,0.012451,1.037598,-2.014160,2.319336,9.460449
11085,0.026245,0.011353,0.996582,-2.014160,2.319336,9.765625
11096,0.023926,-0.003662,0.988770,-1.770020,2.258301,9.887695
11105,0.021729,-0.005371,1.003540,-1.831055,2.197266,10.131836
11115,0.011475,-0.044067,1.011108,-1.647949,2.319336,10.131836
11125,0.011719,0.001465,1.041870,-1.464844,2.502441,10.375977
11135,0.011230,0.004150,0.991089,-1.403809,2.441406,10.192871
11146,0.036743,-0.070801,0.968872,-1.403809,1.892090,9.887695
11155,0.060425,-0.032471,0.994141,-1.281738,1.647949,9.582520
11166,0.021729,-0.021484,1.003662,-1.525879,1.403809,9.521484
11175,0.023193,-0.053589,0.994385,-1.831055,1.586914,9.460449
11185,0.033936,-0.021362,1.008789,-1.831055,1.770020,9.704590
11195,0.015015,-0.054199,0.995850,-1.525879,2.014160,9.887695
11206,0.016479,-0.019043,0.974365,-1.586914,1.953125,10.070801
11216,0.054199,-0.089111,0.976929,-1.159668,1.770020,9.948730
11225,0.053345,-0.066895,1.004639,-1.220703,1.403809,9.826660
11235,0.041626,-0.023071,0.987915,-1.586914,1.281738,9.826660
11246,0.032593,0.031616,1.022461,-1.892090,1.647949,10.070801
11255,0.017456,-0.030518,0.970459,-1.586914,2.197266,10.192871
11267,0.012695,-0.086060,1.038940,-1.464844,1.586914,9.765625
11277,0.010742,-0.017334,1.007080,-1.770020,1.342773,9.338379
11287,0.037720,0.045166,1.024170,-2.563477,1.281738,9.033203
11296,0.029175,-0.033203,0.968750,-2.258301,1.281738,8.728027
11305,0.044922,-0.059570,0.977661,-1.892090,1.220703,8.300781
11315,0.050659,-0.022949,1.028320,-2.136230,1.220703,7.507324
11325,0.032593,-0.017212,0.997681,-2.075195,1.098633,6.591797
11335,0.081665,0.015381,1.033569,-2.380371,0.793457,5.554199
11346,0.067993,-0.049805,0.991577,-1.647949,0.183105,3.906250
11356,0.067749,0.023315,1.045776,-2.014160,-0.183105,3.234863
11365,0.060181,-0.027344,0.981201,-1.770020,-0.061035,2.746582
11376,0.067139,-0.046265,0.982300,-1.647949,0.122070,2.502441
11385,0.085815,-0.008789,1.003174,-1.220703,0.244141,2.197266
11396,0.068970,-0.058838,0.962891,-1.281738,0.000000,1.342773
11405,0.079834,-0.016235,1.000244,-1.770020,-0.366211,0.183105
11417,0.069458,-0.037598,0.973511,-1.953125,-1.220703,-0.244141
11426,0.040771,0.018311,1.041504,-2.075195,-1.403809,-0.305176
11435,0.053223,0.032715,1.028320,-1.953125,-1.464844,-0.488281
11445,0.045166,-0.041626,0.967285,-1.586914,-1.098633,0.061035
11456,0.072144,-0.012695,1.009888,-1.281738,-1.098633,0.305176
11465,0.087280,0.005615,1.021973,-1.281738,-1.403809,-0.061035
11475,0.064575,-0.048828,0.975220,-1.098633,-1.647949,0.000000
11486,0.082764,0.044434,1.018311,-1.525879,-1.831055,-0.610352
11496,0.061157,-0.035400,0.972534,-1.464844,-2.014160,-0.793457
11505,0.032593,-0.043335,0.990967,-1.281738,-2.380371,-0.915527
11515,0.058716,0.000854,1.037109,-1.403809,-2.502441,-1.586914
11525,0.071289,-0.012573,1.010742,-1.403809,-2.624512,-1.770020
11535,0.024414,0.007690,0.988403,-1.770020,-2.319336,-1.647949
11546,0.046509,0.077393,0.968506,-1.647949,-2.136230,-2.258301
11556,0.022461,-0.045654,0.985107,-1.159668,-2.075195,-2.441406
11565,0.002319,0.003296,1.017456,-1.647949,-2.319336,-3.234863
11575,0.020874,0.058594,1.058350,-2.197266,-2.136230,-3.845215
11585,0.022095,0.045898,1.009277,-2.380371,-1.525879,-4.089355
11595,0.027466,0.032349,0.972168,-2.197266,-1.281738,-3.662109
11605,0.029663,0.073364,0.983643,-2.197266,-1.892090,-3.784180
11615,0.046387,0.060425,1.033447,-1.953125,-2.258301,-3.723145
11627,0.046265,-0.035278,1.006470,-1.770020,-1.770020,-2.685547
11636,0.047607,0.032104,1.027466,-2.258301,-1.770020,-2.380371
11646,0.048828,0.069824,0.994751,-2.563477,-2.258301,-2.746582
11655,0.082520,-0.001953,0.997803,-1.892090,-2.380371,-2.502441
11665,0.046753,-0.045776,0.983032,-1.220703,-2.197266,-2.380371
11675,0.076538,-0.033447,1.029785,-1.037598,-2.258301,-2.563477
11685,0.043579,-0.031006,1.015747,-1.159668,-2.685547,-3.295898
11696,0.066772,-0.034790,0.979248,-1.403809,-2.136230,-3.845215
11706,0.029053,-0.025024,0.973511,-1.525879,-1.953125,-4.394531
11716,0.043213,-0.014404,1.041626,-1.892090,-2.441406,-5.676270
11725,0.008789,-0.023071,1.024048,-2.075195,-2.807617,-6.652832
11735,0.035400,-0.049561,1.020386,-1.586914,-2.807617,-7.263184
11745,0.065918,-0.073730,0.996826,-1.342773,-2.990723,-7.751465
11755,0.053101,-0.068481,0.957886,-1.098633,-3.173828,-7.995605
11766,0.058472,-0.052612,0.970093,-1.220703,-3.051758,-8.300781
11776,0.056396,-0.052612,0.999512,-1.281738,-2.929688,-7.995605
11785,0.023193,-0.034180,1.007446,-1.464844,-2.563477,-7.873535
11795,0.016357,-0.017090,1.007446,-1.525879,-2.868652,-7.934570
11805,0.011108,-0.028320,1.003052,-1.464844,-3.051758,-8.239746
11815,0.004272,-0.041016,1.000366,-1.464844,-3.173828,-8.544922
11826,0.000122,-0.023193,1.014771,-1.647949,-2.746582,-8.117676
11836,-0.018677,-0.044800,1.000854,-1.586914,-2.441406,-8.117676
11846,-0.012207,-0.014404,0.998779,-1.892090,-2.685547,-8.056641
11856,-0.011353,0.042114,1.006470,-2.075195,-2.624512,-7.995605
11865,-0.000244,0.008545,0.988525,-1.708984,-2.502441,-7.751465
11875,0.026489,-0.042847,0.988770,-1.403809,-2.014160,-7.141113
11885,0.022095,-0.012939,1.008667,-1.403809,-1.953125,-6.591797
11896,0.030518,-0.010620,1.010620,-1.525879,-1.831055,-6.042480
11906,0.032471,-0.037598,0.990356,-1.586914,-1.708984,-5.920410
11915,0.051392,-0.039429,0.975098,-1.586914,-1.647949,-5.859375
11925,0.046997,-0.020752,0.985840,-1.770020,-1.892090,-5.615234
11935,0.021973,-0.018311,1.010498,-1.831055,-1.770020,-5.004883
11945,0.017090,-0.044189,1.004028,-1.831055,-1.525879,-4.577637
11955,0.010620,-0.033813,1.018066,-1.953125,-1.525879,-4.760742
11965,-0.002808,-0.008057,1.015625,-1.953125,-1.708984,-5.004883
11977,-0.025635,-0.022705,0.990479,-1.586914,-1.892090,-5.676270
11986,-0.010742,-0.043091,0.992676,-1.342773,-1.647949,-5.737305
11996,-0.017578,-0.024780,1.018799,-1.525879,-1.525879,-5.676270
12006,-0.036865,-0.024170,1.007690,-1.586914,-1.281738,-5.676270
12015,-0.044556,-0.022339,0.997559,-1.586914,-0.915527,-5.737305
12025,-0.034912,-0.010986,0.993042,-1.647949,-0.549316,-5.798340
12035,-0.035156,-0.002075,0.998291,-1.464844,-0.427246,-6.103516
12047,-0.019287,-0.005127,1.008057,-1.464844,-0.732422,-6.530762
12057,-0.000366,0.000854,1.017578,-1.770020,-0.488281,-6.591797
12066,0.006958,0.011719,1.025879,-1.770020,-0.305176,-6.591797
12076,0.007690,0.010620,1.011108,-1.831055,-0.244141,-6.286621
12086,0.017578,0.019287,1.001709,-1.831055,0.000000,-6.347656
12095,0.022583,0.015259,0.997437,-1.647949,-0.061035,-6.164551
12107,0.008667,0.008911,0.993774,-1.464844,0.000000,-5.920410
12117,0.001587,0.006592,0.992432,-1.525879,0.183105,-6.042480
12126,-0.005249,0.008301,0.996826,-1.342773,0.122070,-5.981445
12136,-0.004395,0.018921,1.000977,-1.647949,0.305176,-6.225586
12146,-0.001099,0.030029,1.008301,-1.586914,0.488281,-6.164551
12155,-0.002197,0.028687,1.012939,-1.586914,0.671387,-6.042480
12165,-0.001099,0.025513,1.014160,-1.342773,0.671387,-5.615234
12175,0.005615,0.024170,1.010254,-1.281738,0.610352,-4.211426
12186,-0.000366,0.038208,1.000366,-1.525879,0.976562,-3.662109
12196,0.000000,0.032593,0.994995,-1.647949,1.098633,-3.173828
12206,0.000366,0.029907,1.000488,-1.403809,0.915527,-2.685547
12215,-0.003418,0.033691,1.008301,-1.525879,1.220703,-2.563477
12226,-0.014404,0.045288,1.019653,-1.464844,1.159668,-2.197266
12235,-0.022095,0.062500,1.021973,-1.525879,1.464844,-2.014160
12245,-0.017456,0.082153,1.019165,-1.647949,1.647949,-0.854492
12257,-0.038330,0.111084,1.036255,-1.037598,1.953125,0.244141
12267,-0.062500,0.045654,1.066040,-0.976562,2.197266,1.464844
12276,0.070435,-0.006836,1.083008,-0.549316,2.624512,2.746582
12286,0.046265,-0.076416,1.057129,-0.183105,2.746582,4.028320
12295,0.002930,-0.140625,1.010376,0.244141,2.319336,4.882812
12305,0.078491,-0.154663,0.998047,0.305176,2.258301,5.920410
12315,0.080811,-0.155029,0.963257,-0.122070,2.014160,6.835937
12327,0.125122,-0.148560,0.919800,-0.793457,1.586914,7.690430
12336,0.114868,-0.134033,0.958130,-1.342773,1.586914,8.605957
12345,0.080811,-0.147095,1.008545,-1.525879,1.586914,9.033203
12356,0.051147,-0.168213,1.011597,-1.708984,1.159668,9.155273
12366,0.028442,-0.171265,0.991455,-1.464844,0.732422,9.094238
12375,0.029175,-0.142090,0.981689,-1.342773,0.427246,8.972168
12386,0.006836,-0.082397,0.978638,-1.525879,0.488281,8.605957
12396,0.001465,-0.052612,0.942383,-1.647949,0.854492,8.483887
12405,0.036621,-0.077393,0.953125,-1.708984,1.281738,8.056641
12415,0.045532,-0.086426,0.997559,-1.586914,1.037598,7.324219
12425,0.038696,-0.097900,1.030640,-1.464844,1.159668,6.164551
12436,0.050781,-0.116821,1.026245,-1.403809,0.976562,5.065918
12445,0.059082,-0.126953,1.000122,-1.342773,0.732422,4.089355
12458,0.060425,-0.118896,0.990723,-1.220703,0.000000,2.075195
12467,0.059814,-0.108154,0.983887,-1.220703,-0.366211,1.342773
12477,0.057495,-0.110596,0.978149,-1.403809,-0.488281,0.854492
12487,0.050049,-0.110474,0.986328,-1.342773,-0.244141,0.427246
12496,0.037476,-0.102539,0.996704,-1.281738,-0.183105,0.366211
12505,0.036011,-0.108521,0.994629,-1.525879,-0.488281,-0.061035
12515,0.030029,-0.114502,0.991577,-1.464844,-0.793457,-0.610352
12528,0.028076,-0.108032,1.000977,-1.342773,-1.220703,-1.770020
12537,0.020508,-0.105469,0.996826,-1.586914,-1.586914,-2.258301
12547,0.007202,-0.098145,0.982910,-1.342773,-1.525879,-2.563477
12557,0.004883,-0.092407,0.979248,-1.464844,-1.281738,-2.807617
12566,0.006836,-0.082031,0.992554,-1.708984,-1.159668,-2.746582
12576,-0.000854,-0.075317,1.014404,-1.647949,-0.915527,-2.807617
12586,-0.006714,-0.081299,1.032593,-1.708984,-1.037598,-2.807617
12596,-0.005249,-0.088257,1.031982,-1.464844,-1.281738,-3.112793
12606,-0.008423,-0.086060,1.006104,-1.281738,-1.220703,-3.173828
12615,-0.004883,-0.077393,0.991211,-1.220703,-1.220703,-3.051758
12625,-0.003540,-0.070068,0.981201,-1.037598,-0.976562,-2.807617
12636,-0.007690,-0.068848,0.982544,-1.159668,-0.610352,-2.258301
12646,-0.014893,-0.076904,0.988281,-1.098633,-0.244141,-1.953125
12655,-0.023560,-0.081299,0.989380,-1.281738,-0.061035,-1.647949
12665,-0.029419,-0.086304,0.992065,-1.098633,0.366211,-0.671387
12677,-0.035278,-0.086182,1.000244,-1.037598,0.793457,-0.122070
12687,-0.039917,-0.086792,0.999023,-0.915527,0.793457,0.610352
12697,-0.042480,-0.086426,0.993774,-1.159668,1.037598,1.403809
12706,-0.046387,-0.088745,0.984619,-1.281738,1.403809,2.441406
12716,-0.046509,-0.092407,0.976562,-1.159668,1.831055,3.479004
12725,-0.031738,-0.095703,0.984009,-1.464844,2.136230,4.333496
12738,0.000000,-0.111816,1.000366,-1.464844,2.563477,5.554199
12748,0.004761,-0.113159,0.995972,-1.464844,2.380371,5.920410
12757,0.013672,-0.104614,0.994507,-1.525879,2.441406,5.859375
12766,0.024658,-0.092651,0.998901,-1.586914,2.441406,5.859375
12776,0.040405,-0.085571,0.999146,-1.342773,2.502441,5.859375
12785,0.053955,-0.087769,0.995361,-1.403809,2.624512,5.859375
12796,0.052734,-0.088013,0.986694,-1.525879,2.441406,5.676270
12805,0.065674,-0.102173,0.982544,-1.464844,2.441406,6.164551
12817,0.081421,-0.107910,0.999756,-1.464844,2.502441,6.408691
12827,0.070190,-0.146851,0.997314,-1.342773,2.197266,6.469727
12836,0.062500,-0.173950,1.014893,-1.342773,1.770020,6.103516
12845,0.056763,-0.170898,1.030396,-1.403809,1.708984,5.676270
12856,0.054321,-0.174927,1.020264,-1.647949,1.342773,4.943848
12866,0.048584,-0.194214,0.994873,-1.525879,0.976562,3.967285
12877,0.039063,-0.235474,0.963135,-1.220703,0.366211,2.136230
12887,0.046509,-0.238770,0.986084,-1.464844,0.488281,1.342773
12896,0.059448,-0.223145,1.000488,-1.708984,0.671387,1.098633
12906,0.060547,-0.206421,0.995972,-1.831055,0.549316,0.976562
12915,0.060791,-0.212402,0.978760,-1.464844,0.122070,1.037598
12926,0.043213,-0.233398,0.977173,-1.281738,0.305176,0.915527
12935,0.032227,-0.245972,0.991089,-1.281738,0.122070,0.488281
12947,0.007935,-0.211548,1.008911,-1.770020,-0.061035,-1.831055
12957,-0.002808,-0.190918,0.996948,-1.586914,-0.305176,-2.807617
12967,0.039429,-0.215698,0.981079,-1.586914,-0.366211,-3.723145
12976,0.044189,-0.213745,0.972168,-1.586914,-0.793457,-4.455566
12986,0.046143,-0.217896,0.975586,-1.708984,-0.732422,-4.882812
12996,0.055786,-0.199951,0.993530,-1.708984,-0.915527,-5.126953
13005,0.027100,-0.189697,0.985840,-1.953125,-0.915527,-5.065918
13017,0.048706,-0.183716,1.004639,-1.953125,-0.549316,-4.638672
13027,0.019897,-0.194336,0.989624,-1.892090,-0.854492,-4.699707
13036,0.015015,-0.210083,1.008057,-1.708984,-0.793457,-5.187988
13046,0.036743,-0.226074,1.007080,-1.525879,-1.098633,-5.310059
13056,0.030518,-0.245972,0.987061,-1.586914,-0.976562,-5.981445
13066,0.024292,-0.255005,0.973022,-1.647949,-1.037598,-6.530762
13076,0.021729,-0.244751,0.965210,-2.014160,-1.281738,-7.995605
13086,0.036499,-0.217041,1.004517,-2.136230,-1.586914,-8.666992
13096,0.046997,-0.246582,1.014771,-2.075195,-1.892090,-9.704590
13106,0.057739,-0.228638,1.000977,-1.953125,-2.319336,-10.681152
13116,0.089355,-0.224609,0.975586,-1.953125,-2.441406,-11.108398
13126,0.111938,-0.239990,0.953125,-2.258301,-2.990723,-10.681152
13136,0.095703,-0.255615,0.939453,-2.197266,-2.868652,-10.131836
13146,0.069092,-0.245728,0.960815,-2.502441,-3.112793,-9.399414
13157,0.046387,-0.192749,1.051025,-2.746582,-2.929688,-8.056641
13167,0.042480,-0.217285,1.010864,-2.319336,-2.990723,-7.324219
13176,0.030640,-0.273682,0.931763,-2.258301,-3.051758,-6.164551
13186,0.018066,-0.307007,0.882690,-2.319336,-3.173828,-4.577637
13196,-0.006470,-0.256104,0.907104,-2.746582,-2.807617,-2.746582
13206,0.060913,-0.210815,0.998657,-2.990723,-2.685547,-0.671387
13217,0.098877,-0.249878,1.020508,-2.136230,-2.502441,3.234863
13227,0.051025,-0.426025,0.935181,-2.197266,-2.197266,4.455566
13236,0.032471,-0.384033,0.968140,-2.868652,-2.441406,4.272461
13246,-0.012329,-0.307007,1.000488,-3.051758,-2.868652,3.112793
13255,-0.031250,-0.297363,0.949219,-2.563477,-3.112793,1.525879
13266,-0.037598,-0.367676,0.869629,-1.953125,-2.319336,0.915527
13276,-0.030029,-0.353394,0.935791,-1.708984,-1.647949,0.183105
13287,0.003174,-0.319092,1.006836,-1.464844,-2.014160,-1.525879
13297,0.002319,-0.327393,0.915161,-1.220703,-1.892090,-2.441406
13307,0.009277,-0.317505,0.924316,-1.525879,-1.525879,-3.112793
13316,0.026611,-0.337280,0.911499,-1.892090,-1.098633,-4.089355
13326,0.029175,-0.310669,0.958374,-2.014160,-1.098633,-5.798340
13336,0.053589,-0.265869,1.018311,-2.014160,-1.831055,-7.812500
13346,0.078613,-0.237671,1.023071,-1.831055,-2.990723,-10.192871
13356,0.071777,-0.211670,1.027222,-1.464844,-3.967285,-12.329102
13366,0.090698,-0.276978,0.979858,-0.854492,-4.760742,-14.404297
13376,0.065430,-0.259399,0.980469,-1.220703,-4.882812,-15.441895
13386,0.043701,-0.232178,0.933105,-1.770020,-4.699707,-16.052246
13396,-0.015381,-0.113770,0.990112,-1.892090,-4.943848,-17.456055
13406,-0.051392,-0.167114,0.914795,-1.403809,-4.577637,-19.165039
13416,-0.061646,-0.181763,0.991333,-1.159668,-4.150391,-20.446777
13426,-0.099243,-0.101685,1.072510,-1.220703,-4.211426,-22.583008
13436,-0.064941,-0.101440,1.095703,-0.427246,-4.699707,-26.000977
13446,-0.136108,-0.035278,1.042358,-0.122070,-5.187988,-27.587891
13456,-0.070312,-0.016357,1.015625,0.183105,-4.516602,-27.770996
13466,-0.104248,0.005493,0.994263,0.366211,-4.028320,-28.015137
13475,0.011353,0.016846,0.945679,0.488281,-3.479004,-27.648926
13486,0.031616,0.022461,0.992676,0.122070,-2.502441,-25.817871
13497,0.067139,0.057617,1.001587,-1.037598,-1.586914,-21.667480
13507,0.031982,0.123535,1.054443,-1.037598,-1.220703,-19.226074
13517,0.033081,0.104492,1.037231,-0.793457,-0.976562,-16.479492
13526,-0.022217,0.064941,1.000366,-0.671387,-0.183105,-13.061523
13536,-0.100464,0.039185,0.969116,-0.549316,0.305176,-10.742188
13546,-0.094849,0.045166,1.006104,-0.915527,1.037598,-8.178711
13556,-0.128540,0.046753,1.026001,-1.159668,2.075195,-6.347656
13566,-0.109985,0.032959,0.997192,-1.525879,2.136230,-4.638672
13575,0.005249,0.011963,1.062378,-1.708984,2.746582,-0.610352
13586,-0.033569,-0.037109,0.995239,-1.831055,2.563477,0.427246
13596,-0.003662,-0.008667,1.002319,-2.075195,2.441406,1.892090
13606,0.084961,-0.016235,1.000000,-2.136230,2.563477,3.295898
13616,0.085083,-0.089233,0.947266,-1.953125,2.563477,4.272461
13626,0.087036,-0.076660,0.963013,-1.892090,2.380371,5.249023
13637,0.074219,-0.052734,0.996826,-1.831055,3.295898,7.568359
13647,-0.030151,-0.114990,0.986816,-1.708984,3.356934,7.263184
13656,-0.040283,-0.095337,1.015015,-1.586914,2.990723,6.164551
13665,-0.017944,-0.110229,1.032715,-1.281738,2.563477,5.004883
13676,-0.018433,-0.139893,1.034180,-1.037598,1.892090,3.417969
13686,0.026733,-0.117188,1.011963,-0.915527,1.220703,2.136230
13696,0.072632,-0.132812,0.997070,-0.976562,1.037598,1.586914
13706,0.042847,-0.138428,0.972290,-1.037598,1.098633,1.586914
13719,0.097412,-0.088135,0.979980,-1.159668,2.136230,2.136230
13729,0.041260,-0.149170,0.952515,-1.037598,1.892090,3.112793
13738,0.014404,-0.082520,0.995850,-1.281738,1.037598,3.784180
13748,0.024292,-0.095337,1.035522,-1.464844,1.037598,4.699707
13757,-0.081299,-0.146484,1.010498,-1.159668,0.671387,5.432129
13767,-0.102295,-0.108032,1.035278,-1.464844,0.549316,5.615234
13777,-0.100220,-0.065308,1.032471,-1.098633,2.197266,7.873535
13786,-0.118164,-0.148071,0.984863,-1.342773,2.319336,9.155273
13796,-0.026367,-0.099487,1.007813,-1.708984,2.197266,10.742188
13806,-0.067261,-0.162231,0.959717,-1.647949,2.746582,12.878418
13816,-0.068115,-0.130493,0.973999,-1.647949,3.234863,14.709473
13826,-0.034058,-0.118408,0.985718,-1.586914,4.638672,17.150879
13836,-0.089111,-0.189209,0.966187,-1.525879,5.432129,18.798828
13847,-0.031860,-0.123901,1.029541,-1.342773,4.821777,21.118164
13857,-0.042480,-0.186035,1.000000,-1.220703,4.455566,22.216797
13867,-0.015991,-0.117310,0.982544,-1.525879,4.577637,23.193359
13876,-0.012695,-0.178711,0.983154,-1.403809,5.493164,24.841309
13886,-0.016235,-0.083130,0.979980,-1.281738,6.225586,25.939941
13896,0.010132,-0.014282,0.950684,-1.525879,6.286621,26.428223
13906,-0.007446,-0.110840,0.964844,-1.525879,6.469727,27.832031
13915,-0.086792,-0.139404,0.942139,-1.586914,6.286621,28.076172
13927,-0.019287,-0.055664,1.031494,-1.586914,5.859375,28.991699
13937,0.025024,-0.021484,0.999878,-1.525879,6.408691,29.724121
13946,0.013794,0.003174,0.969482,-1.464844,6.469727,30.273437
13955,-0.045166,-0.021118,0.792847,-0.366211,6.347656,30.578613
13966,0.034302,-0.116699,0.969727,0.000000,6.713867,30.944824
13976,0.089722,-0.160767,1.014038,-0.305176,6.530762,31.127930
13987,-0.000488,-0.066406,0.987183,-1.281738,5.737305,29.907227
13997,-0.005615,-0.060791,0.930420,-0.793457,5.371094,28.991699
14007,0.016357,-0.154541,1.004883,-0.427246,4.577637,27.709961
14016,0.116455,-0.095947,1.094116,-0.732422,4.455566,26.306152
14026,0.052246,-0.100708,1.022827,-1.037598,3.967285,24.841309
14036,0.181396,-0.188965,0.927856,-1.220703,2.990723,23.498535
14046,0.140137,-0.020386,1.126953,-1.525879,2.563477,22.216797
14057,0.117065,0.131714,1.200073,-1.525879,2.136230,20.751953
14066,-0.175293,-0.082520,0.916748,-1.281738,1.098633,18.676758
14076,-0.044800,-0.133301,0.926270,-0.976562,1.098633,17.333984
14085,0.160034,-0.065674,1.001465,-0.915527,1.220703,16.601562
14096,-0.030640,0.089844,0.953735,-0.854492,0.305176,14.953613
14105,0.024658,-0.182861,0.961426,-0.488281,0.610352,15.014648
14116,0.132446,-0.315186,1.046631,-0.854492,0.732422,14.526367
14126,0.056885,-0.180054,1.135254,-1.831055,0.061035,13.305664
14137,-0.004272,-0.102783,0.927734,-2.014160,-0.305176,11.962891
14147,0.025513,-0.167236,1.027832,-0.732422,-0.122070,11.718750
14157,-0.037231,-0.162231,1.007202,-0.671387,-0.305176,10.864258
14166,-0.026001,-0.159790,0.991211,-0.488281,-0.427246,9.887695
14176,0.047241,-0.179687,1.003418,-0.549316,0.122070,10.009766
14186,0.009766,-0.106567,0.988647,-0.793457,0.305176,10.559082
14198,0.104980,-0.190552,0.968994,0.183105,0.183105,12.084961
14208,0.095703,-0.157837,1.049927,0.000000,0.244141,12.695313
14217,0.124878,-0.169067,1.038330,-0.244141,-0.427246,12.817383
14227,0.111084,-0.123291,0.966553,-0.427246,-0.549316,13.244629
14237,0.107178,-0.119995,1.016968,-0.610352,-0.793457,13.610840
14246,0.119141,-0.136353,0.986084,-0.427246,-1.159668,14.160156
14256,0.117065,-0.172607,0.993408,0.061035,-1.342773,14.587402
14267,0.147827,-0.143555,1.036011,0.488281,-2.075195,15.075684
14277,0.041138,-0.152588,0.978271,0.488281,-2.441406,15.258789
14286,0.002075,-0.150757,0.956909,0.427246,-2.624512,15.441895
14296,-0.060547,-0.138062,0.901245,0.427246,-2.258301,15.441895
14305,-0.029053,-0.134277,0.956055,0.488281,-1.831055,15.319824
14316,-0.031128,-0.141724,0.933228,0.305176,-1.525879,15.563965
14326,-0.014893,-0.182861,0.932739,0.061035,-1.647949,15.502930
14337,0.001221,-0.121704,0.998291,-0.427246,-1.586914,16.479492
14347,0.023682,-0.112183,1.005005,0.000000,-1.342773,16.967773
14356,0.025146,-0.168945,1.008789,0.305176,-0.549316,18.066406
14366,0.025879,-0.236694,0.982178,0.366211,-0.732422,17.822266
14377,0.031128,-0.200684,0.999512,-0.122070,-0.854492,17.761230
14386,0.017578,-0.199951,0.987671,-0.061035,-1.098633,16.723633
14396,0.043213,-0.220703,0.962891,0.000000,-1.525879,15.075684
14407,0.042480,-0.251831,0.995728,-0.244141,-2.319336,11.840820
14417,0.035278,-0.230103,1.011841,-0.488281,-2.746582,10.192871
14426,0.009399,-0.194336,0.972656,-0.732422,-3.417969,8.666992
14436,0.020752,-0.195679,0.952637,-0.549316,-3.112793,6.896973
14446,0.033569,-0.270264,0.978271,-0.244141,-2.868652,6.286621
14456,0.001953,-0.243774,0.965332,-0.671387,-2.929688,5.676270
14466,-0.016846,-0.194580,0.982178,-0.793457,-2.624512,5.249023
14476,-0.033691,-0.157715,1.010010,-0.732422,-2.746582,5.859375
14488,-0.049683,-0.268066,0.971313,-0.244141,-2.502441,6.896973
14497,-0.042603,-0.244507,0.973389,-0.671387,-2.136230,6.958008
14507,-0.037598,-0.159668,0.989746,-0.732422,-2.136230,6.652832
14517,0.029175,-0.161377,0.991699,-0.244141,-1.647949,6.713867
14527,0.089111,-0.241699,1.005615,0.000000,-1.586914,6.286621
14536,0.115234,-0.246338,1.010010,-0.244141,-2.258301,5.859375
14546,0.075928,-0.147339,1.002197,-0.549316,-2.441406,5.187988
14557,0.116577,-0.204102,1.002441,15.136719,-2.990723,3.356934
14567,0.142090,-0.261353,1.000366,0.122070,-3.295898,2.197266
14576,0.129883,-0.166016,1.034546,-0.061035,-4.089355,0.854492
14586,0.120239,-0.106567,1.012451,0.061035,-4.882812,-0.488281
14596,0.124390,-0.169067,1.031372,0.549316,-5.310059,-1.892090
14606,0.137451,-0.253662,0.997925,0.427246,-5.920410,-3.051758
14617,0.120972,-0.235596,1.017700,-0.122070,-7.202148,-5.554199
14627,0.110107,-0.224487,0.975952,-0.122070,-7.324219,-6.713867
14636,0.129150,-0.253784,0.998535,0.061035,-7.629395,-7.568359
14646,0.090820,-0.249512,1.004761,-0.183105,-8.056641,-8.666992
14656,0.100952,-0.213257,1.036743,0.000000,-8.422852,-10.009766
14666,0.075195,-0.279785,0.980103,-0.122070,-8.728027,-10.925293
14676,0.099609,-0.225830,1.007813,-0.122070,-8.666992,-11.779785
14687,0.082886,-0.242065,0.955566,0.305176,-9.277344,-12.268066
14697,0.085083,-0.296509,0.978516,0.427246,-9.704590,-12.145996
14706,0.036865,-0.229980,0.987427,0.305176,-9.399414,-11.779785
14716,0.024292,-0.269043,0.980225,0.671387,-9.460449,-11.413574
14726,-0.000122,-0.320435,0.927002,0.671387,-9.399414,-10.681152
14736,-0.026123,-0.257202,0.939819,0.427246,-9.094238,-9.948730
14746,-0.049561,-0.241943,0.918579,0.244141,-8.422852,-9.277344
14756,-0.048584,-0.235229,0.959229,0.366211,-7.812500,-8.361816
14767,-0.072021,-0.225952,0.974487,-0.549316,-6.958008,-6.835937
14777,-0.052612,-0.203003,0.964233,-0.305176,-6.347656,-5.554199
14787,-0.059448,-0.253784,0.937134,-0.610352,-5.859375,-4.333496
14796,-0.068359,-0.235352,0.971924,-0.854492,-5.432129,-3.540039
14806,-0.052124,-0.251221,0.955200,-0.854492,-5.065918,-2.624512
14817,-0.052979,-0.257935,0.959595,-1.037598,-4.882812,-2.075195
14827,-0.045776,-0.225708,1.008057,-1.403809,-4.577637,-1.403809
14836,-0.037109,-0.218262,0.996216,-1.342773,-4.150391,-1.037598
14846,-0.040405,-0.248169,1.014526,-1.220703,-4.272461,-0.671387
14856,-0.053223,-0.298950,0.965698,-1.220703,-4.089355,-0.244141
14867,-0.045898,-0.242432,0.964355,-1.647949,-3.662109,-0.183105
14876,-0.030029,-0.242187,0.989624,-1.831055,-3.540039,-0.183105
14887,-0.034180,-0.289429,0.953003,-1.831055,-3.601074,-0.488281
14896,-0.033325,-0.249878,0.954102,-2.197266,-3.906250,-1.647949
14906,0.005615,-0.243286,0.982666,-2.319336,-3.845215,-2.136230
14916,0.072144,-0.319458,0.969604,-2.624512,-3.967285,-2.441406
14926,0.087769,-0.243408,0.998779,-2.990723,-4.638672,-2.685547
14936,0.073486,-0.208374,1.022095,-3.295898,-5.187988,-3.051758
14946,0.068481,-0.264038,0.998657,-2.990723,-5.187988,-2.746582
14956,0.053833,-0.282837,0.986938,-3.112793,-5.187988,-2.868652
14968,0.022217,-0.235229,0.973511,-3.234863,-5.676270,-3.601074
14978,-0.001221,-0.211548,0.985718,-3.479004,-6.103516,-4.272461
14988,-0.004272,-0.249390,0.982788,-3.295898,-6.103516,-5.065918
14998,-0.002197,-0.209351,1.012329,-3.417969,-6.225586,-5.981445
15007,0.008911,-0.232422,0.989868,-3.417969,-6.164551,-6.835937
15017,0.023804,-0.197998,0.976074,-3.417969,-6.469727,-7.568359
15027,0.015625,-0.189453,0.954224,-3.356934,-6.713867,-8.422852
15037,0.028931,-0.216919,0.979736,-3.295898,-6.835937,-10.192871
15046,0.013672,-0.214844,1.007690,-3.479004,-7.080078,-11.230469
15056,-0.010498,-0.161743,1.066650,-3.723145,-7.324219,-12.207031
15066,-0.004517,-0.181763,1.053589,-3.295898,-7.263184,-13.000488
15076,-0.016724,-0.297852,0.933716,-2.868652,-7.141113,-13.610840
15087,-0.017212,-0.297974,0.915894,-3.173828,-7.080078,-14.282227
15096,0.015991,-0.212891,0.970825,-3.295898,-6.896973,-14.953613
15106,0.016724,-0.192627,1.042725,-3.112793,-6.896973,-15.686035
15118,-0.019165,-0.282471,0.971313,-2.014160,-7.202148,-15.930176
15127,-0.026855,-0.303955,0.860596,-2.075195,-6.835937,-15.502930
15137,-0.006470,-0.192017,0.984619,-2.990723,-6.408691,-15.014648
15147,-0.076294,-0.059326,1.060059,-3.112793,-6.530762,-14.465332
15156,-0.066650,-0.100464,1.068359,-2.258301,-6.591797,-13.854980
15166,-0.114014,-0.181641,1.000244,-1.220703,-5.981445,-12.695313
15177,-0.075806,-0.258179,0.959595,-1.403809,-4.028320,-10.375977
15187,-0.085571,-0.165405,0.961304,-1.770020,-3.906250,-9.216309
15197,-0.093140,-0.138672,1.009155,-1.464844,-3.479004,-8.056641
15206,-0.054932,-0.135986,1.010010,-0.793457,-2.990723,-6.958008
15216,0.003296,-0.174805,1.027832,-0.610352,-2.319336,-6.103516
15227,-0.024048,-0.164185,1.015259,-0.183105,-2.014160,-5.615234
15236,-0.006470,-0.122192,1.001709,-0.244141,-1.892090,-5.126953
15249,-0.028198,-0.119873,1.010376,0.000000,-2.380371,-5.554199
15259,-0.044312,-0.177490,0.977295,0.244141,-2.380371,-6.347656
15268,-0.072510,-0.177246,0.979492,0.061035,-2.502441,-7.446289
15278,-0.040527,-0.148315,1.010132,-0.244141,-2.441406,-8.666992
15288,-0.088867,-0.110107,0.994873,-0.549316,-2.990723,-9.948730
15297,-0.041260,-0.068726,1.004395,-0.427246,-3.051758,-10.925293
15307,-0.067871,-0.062256,1.001587,-0.244141,-2.929688,-11.352539
15316,-0.038086,-0.069214,1.011475,-0.427246,-2.441406,-11.962891
15326,-0.077637,-0.036865,1.002808,-0.549316,-2.380371,-12.390137
15337,-0.044556,-0.077637,0.979858,-0.549316,-2.502441,-12.756348
15346,0.008301,-0.144897,0.944092,-0.793457,-2.868652,-12.939453
15356,-0.012329,-0.138550,0.933105,-0.854492,-2.746582,-13.244629
15367,0.021851,-0.080566,0.995361,-0.854492,-2.319336,-13.732910
15376,0.040161,-0.063843,1.050049,-1.159668,-2.136230,-13.793945
15389,-0.013672,-0.118896,1.010498,-1.525879,-2.502441,-14.953613
15399,-0.064697,-0.078369,0.986816,-1.708984,-2.502441,-16.052246
15408,-0.042114,-0.089844,0.992187,-1.525879,-2.380371,-17.028809
15418,-0.026367,-0.164307,0.991577,-1.037598,-2.441406,-17.822266
15428,0.038696,-0.173828,1.001587,-0.793457,-2.502441,-18.493652
15437,-0.012451,-0.141479,1.010498,-0.854492,-3.295898,-19.165039
15447,-0.035889,-0.131104,1.009888,-0.366211,-3.784180,-20.568848
15457,0.013428,-0.163452,1.018433,0.549316,-2.807617,-21.545410
15467,0.003052,-0.174072,1.058472,0.915527,-2.502441,-21.850586
15476,-0.031128,-0.174072,1.040527,1.220703,-2.258301,-22.583008
15486,-0.042114,-0.234009,1.008545,1.342773,-2.380371,-23.681641
15496,-0.052368,-0.187622,0.968018,1.342773,-2.624512,-24.963379
15506,-0.015869,-0.185181,0.925903,1.586914,-2.685547,-26.367187
15516,-0.044800,-0.185669,0.896851,1.770020,-2.807617,-27.160645
15529,-0.004272,-0.157959,0.924438,1.647949,-2.502441,-26.977539
15538,0.028564,-0.100952,0.987549,1.525879,-2.197266,-26.550293
15548,0.016235,-0.076660,1.038086,1.586914,-1.770020,-25.878906
15558,0.060181,-0.058228,1.078003,1.464844,-1.586914,-25.756836
15567,0.052856,-0.077881,1.079102,2.075195,-1.525879,-25.817871
15577,0.038574,-0.080078,1.081421,2.197266,-1.953125,-26.184082
15586,0.038452,-0.126831,1.081421,2.502441,-2.258301,-26.367187
15599,0.004883,-0.158936,0.978638,2.746582,-2.563477,-26.184082
15608,-0.002563,-0.165527,0.919556,2.502441,-2.319336,-25.207520
15618,0.021118,-0.231689,0.875488,2.197266,-1.953125,-23.803711
15628,0.012573,-0.181274,0.832153,1.586914,-1.708984,-22.460937
15637,0.029419,-0.120850,0.868652,0.976562,-1.098633,-20.690918
15647,-0.051270,-0.098999,0.943970,0.915527,-0.854492,-19.165039
15656,-0.035645,-0.144897,1.045654,0.976562,-0.610352,-18.981934
15666,-0.067871,-0.149536,1.057495,1.098633,-0.793457,-20.019531
15676,-0.062988,-0.210571,1.030151,1.342773,-0.549316,-21.301270
15687,-0.098511,-0.262207,0.988770,1.098633,-0.610352,-21.972656
15696,-0.142822,-0.102173,0.912598,0.976562,-0.183105,-22.277832
15707,-0.150024,-0.185791,0.924438,0.732422,0.549316,-21.667480
15716,-0.157715,-0.238281,0.904419,1.098633,1.770020,-20.080566
15726,-0.125122,-0.237915,0.925171,0.671387,2.929688,-17.883301
15736,-0.128174,-0.159302,0.976196,0.122070,3.601074,-14.770508
15747,-0.107056,-0.176880,1.012207,0.183105,4.516602,-13.671875
15757,-0.117676,-0.210449,0.989380,0.061035,4.821777,-13.000488
15767,-0.106812,-0.183105,1.007446,0.061035,5.249023,-12.512207
15776,-0.093994,-0.204712,1.009644,-0.061035,5.554199,-11.779785
15787,-0.070679,-0.191162,0.996338,0.305176,6.164551,-10.925293
15796,-0.055664,-0.235962,0.960571,0.488281,6.225586,-10.131836
15806,-0.041504,-0.197754,0.954102,-0.061035,6.469727,-8.117676
15816,-0.055176,-0.184448,0.977905,-0.183105,7.141113,-7.385254
15826,-0.093506,-0.230103,0.984741,-0.305176,7.324219,-6.225586
15836,-0.070435,-0.207275,0.963623,-0.305176,7.995605,-5.065918
15847,-0.109131,-0.224854,0.953735,-0.366211,8.422852,-3.601074
15856,-0.069580,-0.183594,0.947021,-0.671387,8.605957,-2.807617
15867,-0.085449,-0.152344,0.955322,-1.037598,8.728027,-2.136230
15876,-0.103638,-0.182739,0.988892,-0.915527,8.666992,-1.098633
15888,-0.081665,-0.215332,1.006226,-0.793457,9.155273,-0.427246
15898,-0.082642,-0.215820,0.959839,-0.366211,9.460449,0.366211
15907,-0.073975,-0.227539,0.918823,-0.427246,9.216309,0.305176
15917,-0.092163,-0.213867,0.881592,-0.488281,9.155273,0.366211
15926,-0.080566,-0.265747,0.916626,-0.549316,9.155273,0.122070
15937,-0.068359,-0.163330,1.031128,-0.732422,9.338379,-0.366211
15947,-0.015625,-0.208740,1.023682,-0.915527,9.460449,-0.671387
15956,-0.023804,-0.165771,0.994629,-1.037598,9.460449,-0.854492
15967,0.004517,-0.217651,0.912231,-1.403809,8.911133,-1.220703
15976,0.007202,-0.180542,0.896362,-1.525879,8.728027,-1.342773
15987,0.005737,-0.151367,0.993164,-1.708984,8.422852,-2.014160
15996,0.041504,-0.159302,1.028809,-2.136230,8.361816,-2.319336
16007,0.061890,-0.172241,1.034424,-2.258301,7.934570,-2.258301
16016,0.011108,-0.099243,1.041504,-1.892090,7.080078,-2.746582
16026,0.017822,-0.142334,1.056763,-1.464844,6.835937,-2.502441
16036,-0.004517,-0.133789,1.011108,-1.037598,7.019043,-2.319336
16046,0.004639,-0.157959,1.069458,-1.281738,7.080078,-1.953125
16057,-0.004150,-0.209839,1.058594,-1.220703,7.141113,-1.464844
16066,-0.010742,-0.214844,1.020630,-1.159668,6.774902,-1.220703
16077,-0.016235,-0.223145,0.992310,-1.403809,6.652832,-1.281738
16087,-0.053833,-0.294312,1.001343,-1.281738,6.469727,-3.051758
16096,-0.116211,-0.114624,1.019897,-0.915527,6.774902,-4.455566
16106,-0.072876,-0.136719,1.068359,-0.671387,7.080078,-5.554199
16117,-0.049927,-0.212158,1.049561,-0.427246,7.385254,-6.591797
16126,0.016113,-0.261597,0.968018,-0.244141,7.019043,-7.751465
16137,0.044312,-0.211670,0.932495,-0.549316,6.286621,-8.789063
16146,0.100830,-0.234863,0.857056,-0.671387,5.493164,-9.460449
16159,0.114380,-0.269531,0.911743,-1.098633,4.882812,-9.155273
16168,0.094849,-0.150879,1.015259,-1.342773,5.249023,-8.789063
16177,0.066650,-0.127686,1.046509,-1.037598,5.554199,-8.239746
16188,0.055176,-0.176147,1.013062,-0.671387,5.554199,-8.178711
16197,0.052002,-0.117676,0.977661,-0.305176,5.493164,-8.300781
16207,0.081665,-0.118164,0.977905,0.061035,4.638672,-8.605957
16216,0.073730,-0.142822,0.946777,0.061035,4.272461,-8.544922
16229,0.024902,-0.054687,1.034912,-0.244141,4.028320,-7.202148
16238,-0.018799,0.006470,1.060425,-0.305176,4.333496,-5.981445
16248,-0.041382,0.030640,1.050415,0.061035,5.187988,-3.967285
16257,-0.037720,-0.013550,0.929810,0.000000,6.103516,-2.075195
16267,-0.059326,-0.093750,0.910400,0.000000,6.530762,-0.122070
16276,-0.050293,-0.197998,0.867554,-0.488281,6.469727,1.770020
16287,-0.039429,-0.109619,0.877563,-0.976562,6.164551,3.662109
16296,-0.046021,-0.061768,0.944580,-1.037598,6.835937,8.300781
16306,-0.033203,-0.018799,1.008789,-1.220703,7.873535,11.169434
16316,-0.075928,-0.073608,0.991577,-0.915527,9.155273,14.038086
16326,-0.100220,-0.030762,1.040771,-1.037598,9.277344,16.235352
16336,-0.102051,-0.101685,0.954224,-1.342773,9.338379,18.493652
16346,-0.151855,-0.124634,0.962036,-1.220703,9.399414,20.996094
16357,-0.119019,-0.090576,1.036499,-0.793457,10.070801,24.108887
16366,-0.120239,-0.034912,1.044678,-0.732422,11.474609,31.188965
16378,-0.091675,-0.092651,1.000488,-1.098633,11.962891,34.362793
16387,-0.088867,-0.128418,0.986328,-0.671387,12.023926,37.353516
16397,-0.136230,-0.111084,0.949585,-0.427246,11.657715,39.550781
16406,-0.110352,-0.132568,1.037720,-0.976562,11.596680,40.771484
16417,-0.109131,-0.084595,1.047119,-1.403809,10.925293,41.137695
16426,-0.058716,-0.125854,1.036743,-1.586914,10.314941,41.076660
16436,-0.035767,-0.105347,1.091187,-1.525879,9.765625,40.100098
16447,-0.094360,-0.158691,1.047363,-0.854492,8.911133,39.428711
16457,-0.051025,-0.237061,1.010742,-0.488281,8.544922,37.902832
16467,-0.042480,-0.230103,0.975952,-0.854492,7.507324,35.949707
16476,-0.015137,-0.183960,0.965820,-1.464844,6.652832,33.996582
16486,0.080200,-0.118408,1.022583,-1.647949,5.676270,31.982422
16496,0.034668,-0.161743,0.950073,-1.708984,3.906250,30.029297
16506,0.091431,-0.204956,0.939209,-1.770020,2.746582,27.465820
16518,0.196777,-0.216431,1.052002,-2.197266,1.281738,26.306152
16527,0.203979,-0.149902,1.067383,-2.258301,-0.122070,24.902344
16537,0.142822,-0.132568,1.120483,-1.953125,-1.159668,23.315430
16546,0.114136,-0.163330,1.063354,-1.220703,-2.380371,21.484375
16556,0.091309,-0.182739,1.021973,-0.671387,-2.929688,18.798828
16567,0.124512,-0.279053,1.012085,-0.915527,-4.089355,15.686035
16576,0.101074,-0.212524,1.023804,-1.220703,-7.080078,8.728027
16586,0.085937,-0.169189,1.059814,-0.305176,-7.873535,6.286621
16596,0.053589,-0.283569,0.861572,0.305176,-8.117676,4.028320
16607,0.086426,-0.364258,0.833618,0.183105,-8.361816,1.708984
16616,0.095581,-0.260620,0.912964,-0.427246,-8.605957,-0.061035
16627,0.058228,-0.246338,0.951050,-0.854492,-9.155273,-2.014160
16636,0.047607,-0.216309,1.037109,-0.610352,-9.521484,-4.638672
16646,0.057495,-0.198608,1.042114,0.183105,-10.070801,-8.544922
16657,0.071777,-0.314331,0.924072,0.610352,-10.620117,-10.498047
16667,0.068848,-0.213745,0.905640,-0.122070,-10.498047,-11.657715
16676,0.056030,-0.180054,0.828491,-0.793457,-10.559082,-12.756348
16687,0.067993,-0.216309,0.917236,-1.281738,-10.375977,-13.610840
16696,0.087402,-0.193237,0.983887,-1.586914,-10.192871,-13.977051
16706,0.094604,-0.183472,1.026733,-1.770020,-10.314941,-14.465332
16718,0.027466,-0.204224,0.925293,-0.854492,-9.948730,-14.038086
16728,0.030029,-0.392700,0.848511,-0.488281,-9.155273,-13.488770
16738,-0.005981,-0.309814,0.789551,-1.159668,-8.605957,-12.756348
16747,-0.058960,-0.065308,0.995972,-2.197266,-8.361816,-11.718750
16757,-0.085937,-0.074707,1.162720,-1.831055,-7.629395,-10.925293
16766,-0.128052,-0.177490,1.101074,-0.427246,-6.958008,-10.009766
16777,-0.149292,-0.197754,1.081787,0.427246,-6.286621,-9.277344
16787,-0.141113,-0.225586,1.014648,-0.183105,-4.394531,-7.812500
16796,-0.164917,-0.138672,0.859375,-0.610352,-3.234863,-6.652832
16807,-0.180054,-0.136475,0.899902,-1.342773,-1.831055,-5.187988
16817,-0.174316,-0.166870,0.939331,-1.708984,-0.671387,-3.723145
16827,-0.145630,-0.139648,1.020752,-2.014160,0.183105,-2.563477
16836,-0.133667,-0.050171,1.045776,-2.563477,0.610352,-1.892090
16846,-0.158691,-0.053711,1.034546,-2.746582,1.098633,-1.159668
16859,-0.164062,-0.070068,1.052856,-2.868652,2.441406,0.305176
16868,-0.128662,-0.076782,0.995850,-2.929688,2.929688,0.915527
16878,-0.105469,-0.118164,0.932495,-2.929688,3.479004,1.953125
16887,-0.082153,-0.023804,1.002441,-3.234863,4.028320,2.990723
16897,-0.107422,-0.071167,0.998901,-2.990723,4.699707,4.516602
16906,-0.111938,-0.141968,0.971802,-2.807617,4.760742,5.432129
16917,-0.062744,-0.113892,0.911133,-2.746582,5.004883,6.164551
16926,-0.061646,-0.070312,0.978027,-2.502441,5.615234,7.324219
16936,-0.025757,-0.184692,0.934692,-2.990723,6.042480,7.873535
16947,-0.019287,-0.154419,0.934570,-3.784180,5.981445,7.751465
16956,-0.009155,-0.079468,0.972046,-4.638672,5.554199,7.202148
16966,0.011108,-0.084229,0.959595,-5.249023,4.760742,6.408691
16977,0.012817,-0.078491,1.009888,-5.493164,4.394531,5.554199
16986,0.032959,-0.061890,1.097534,-5.249023,4.516602,4.821777
16999,0.057129,-0.106445,1.116943,-4.089355,4.272461,3.051758
17008,0.080933,-0.150146,1.056885,-3.173828,3.234863,1.586914
17017,0.094238,-0.171997,0.982300,-2.380371,2.380371,0.488281
17027,0.078369,-0.139771,0.949097,-2.197266,1.708984,-0.183105
17036,0.050659,-0.114380,1.021362,-2.014160,1.464844,-1.037598
17046,0.074829,-0.211426,0.969360,-2.014160,1.770020,-1.647949
17057,0.104980,-0.228027,0.905762,-2.380371,1.770020,-2.502441
17066,0.056519,-0.130127,0.981079,-2.868652,0.610352,-5.126953
17078,0.081299,-0.186035,0.942749,-2.807617,-0.244141,-6.469727
17087,0.047852,-0.143188,1.020264,-2.929688,-0.671387,-7.446289
17097,0.036865,-0.016724,1.010132,-2.868652,-0.549316,-8.117676
17106,0.003784,-0.159302,0.978271,-2.502441,-0.366211,-8.666992
17116,0.025391,-0.113403,0.944580,-2.319336,0.244141,-9.399414
17126,0.008789,-0.120361,1.023193,-2.197266,0.915527,-9.155273
17136,0.015503,-0.141357,0.954834,-1.892090,0.732422,-8.178711
17148,0.039673,-0.011597,1.011719,-1.525879,0.671387,-7.324219
17157,0.077637,-0.084229,1.011108,-1.892090,0.976562,-6.042480
17167,0.012085,-0.141846,0.985840,-1.953125,1.403809,-4.333496
17176,-0.014771,0.021118,1.031250,-2.746582,1.708984,-2.563477
17186,-0.040527,0.033691,1.029541,-2.563477,2.624512,-1.159668
17196,-0.022827,0.025757,1.100708,-1.953125,3.295898,-0.244141
17206,-0.050171,-0.089600,1.081909,-0.915527,3.234863,1.342773
17218,-0.024048,-0.096069,1.057373,0.305176,3.112793,2.502441
17227,-0.026489,-0.150513,0.950928,0.610352,3.295898,3.723145
17236,-0.023193,-0.214966,0.890991,0.793457,3.601074,5.371094
17246,-0.051147,-0.145264,0.898315,0.000000,4.272461,6.774902
17257,-0.049927,-0.180664,0.906250,-0.976562,5.004883,7.873535
17267,-0.067261,-0.096802,0.951416,-1.770020,5.371094,8.117676
17276,-0.049072,-0.081421,0.989136,-1.831055,5.004883,7.629395
17288,-0.020508,-0.211670,1.015991,-1.281738,5.004883,7.202148
17298,-0.000732,-0.095947,1.066284,-1.220703,4.516602,6.652832
17307,0.003296,-0.152100,0.982544,-1.098633,4.211426,6.286621
17316,0.005859,-0.192993,0.931885,-0.610352,4.394531,6.225586
17326,0.026733,-0.154419,0.976318,-0.366211,4.577637,6.164551
17337,-0.027710,-0.224121,0.954956,-0.122070,4.455566,5.920410
17346,-0.016235,-0.277954,0.899902,0.122070,4.516602,5.920410
17358,0.057373,-0.253662,0.818237,-1.098633,3.967285,5.981445
17367,0.065186,-0.246582,0.899170,-2.197266,3.967285,6.286621
17377,0.065186,-0.158936,0.922485,-2.868652,3.784180,6.530762
17386,0.057739,-0.110107,1.059204,-3.356934,3.784180,6.469727
17396,0.047119,-0.011963,1.088013,-3.540039,3.723145,5.981445
17407,-0.000977,-0.140503,1.061035,-2.929688,3.784180,5.493164
17416,-0.025024,-0.218262,0.983398,-2.136230,3.051758,4.333496
17428,0.033081,-0.093384,0.941528,-2.563477,2.319336,4.150391
17437,0.091675,-0.072876,0.991211,-2.502441,2.197266,4.638672
17447,0.034546,-0.088989,0.980957,-2.014160,2.014160,5.615234
17456,0.046997,-0.166504,0.969727,-2.075195,2.258301,6.530762
17467,0.029297,-0.097412,0.999268,-2.136230,2.746582,7.019043
17476,0.020874,-0.092529,0.969238,-2.197266,2.685547,7.263184
17489,0.040283,-0.097900,0.975342,-3.601074,2.258301,7.629395
17498,0.024414,-0.015015,0.993896,-4.150391,1.647949,7.507324
17507,0.056641,0.034058,1.036743,-3.906250,1.403809,7.812500
17517,0.075439,-0.026855,1.049194,-3.601074,1.403809,8.117676
17526,0.082886,-0.157471,1.036743,-3.356934,1.037598,8.972168
17537,0.049805,-0.029907,1.077271,-3.723145,0.976562,9.826660
17546,0.058228,-0.034912,1.035645,-3.479004,0.793457,10.742188
17559,0.036987,-0.099243,1.000732,-2.868652,0.610352,13.427734
17568,0.012573,-0.088745,0.987061,-3.112793,0.671387,14.221191
17577,0.011108,-0.046875,1.045654,-3.417969,0.671387,15.075684
17587,0.013672,-0.095459,1.031250,-3.540039,0.732422,15.930176
17596,-0.004883,-0.015991,1.130493,-3.662109,0.549316,16.296387
17607,-0.034546,0.005005,1.139893,-3.540039,0.427246,16.723633
17617,0.004517,-0.080566,1.084839,-2.624512,0.244141,16.723633
17626,0.005127,-0.021851,1.100830,-1.403809,-0.427246,16.113281
17638,0.015015,-0.111328,0.981934,-0.793457,-0.854492,15.808105
17647,-0.018433,-0.130981,0.921265,-0.793457,-0.793457,15.747070
17657,-0.084229,-0.179565,0.937256,-1.159668,-0.732422,15.197754
17667,-0.111450,-0.136353,0.936646,-1.586914,-1.098633,13.610840
17676,-0.127930,-0.137207,0.892090,-1.831055,-1.525879,12.084961
17687,-0.127075,-0.161377,0.912720,-1.892090,-1.525879,10.009766
17696,-0.116943,-0.058472,0.950562,-2.258301,-1.464844,5.126953
17708,-0.023682,-0.081909,1.009155,-1.953125,-1.403809,3.234863
17718,-0.017578,-0.071899,1.011597,-1.403809,-1.342773,1.220703
17727,0.030762,-0.130615,0.959595,-0.671387,-1.647949,-0.732422
17737,0.075684,-0.101563,0.978760,-0.488281,-2.075195,-1.831055
17746,0.089233,-0.127930,0.963257,-0.183105,-1.892090,-2.075195
17756,0.059204,-0.121216,0.965210,0.061035,-2.014160,-2.258301
17768,0.079590,-0.103271,0.850952,-0.366211,-2.258301,-1.647949
17778,0.129028,-0.129761,0.845581,-0.915527,-2.441406,-1.281738
17787,0.075073,-0.118164,0.884766,-1.464844,-2.685547,-0.793457
17797,0.077759,-0.186890,0.848633,-1.770020,-2.685547,-0.366211
17807,0.068604,-0.063110,1.002563,-2.563477,-2.441406,-0.122070
17816,0.062500,-0.012573,1.033325,-2.990723,-2.441406,-0.244141
17828,0.053223,-0.026978,1.106201,-1.892090,-2.441406,-0.305176
17837,0.056152,-0.020996,1.154297,-1.403809,-2.807617,-0.427246
17847,0.046753,-0.027588,1.156738,-1.159668,-3.234863,-0.671387
17857,0.058960,0.026978,1.185181,-0.366211,-3.417969,-0.488281
17866,0.008789,-0.077637,1.098877,0.671387,-3.356934,0.122070
17877,-0.002930,-0.155762,0.987671,1.281738,-3.112793,0.732422
17886,-0.009766,-0.108887,1.043335,1.342773,-2.929688,1.342773
17898,0.014893,-0.131592,1.005249,1.159668,-2.624512,2.502441
17907,0.030518,-0.103394,0.962158,0.671387,-2.624512,2.685547
17917,0.006226,-0.149536,0.936157,0.366211,-2.807617,2.868652
17926,0.003418,-0.130493,0.986694,0.427246,-2.380371,3.234863
17937,-0.015137,-0.101318,1.022217,0.244141,-1.831055,3.662109
17947,-0.019409,-0.141724,1.022339,-0.427246,-1.647949,3.845215
17957,-0.009888,-0.086426,1.028809,-0.854492,-1.770020,3.845215
17966,-0.026611,-0.093018,0.940796,-0.854492,-1.342773,3.906250
17978,-0.007324,-0.114014,0.985474,-1.037598,-1.525879,2.990723
17988,0.018677,-0.188721,0.980469,-2.075195,-1.892090,2.258301
17997,0.015259,-0.110840,0.971069,-2.807617,-2.136230,1.098633
18007,0.015625,-0.038330,0.957153,-3.723145,-2.258301,0.427246
18016,0.000977,-0.059937,1.009521,-3.784180,-2.197266,-0.427246
18027,0.039551,0.010986,1.061523,-3.540039,-1.770020,-1.037598
18038,0.029663,-0.026489,1.067871,-2.075195,-1.647949,-1.831055
18048,0.020508,-0.056885,1.024170,-1.220703,-1.708984,-2.014160
18057,0.044922,-0.137207,1.035400,-0.549316,-2.014160,-2.014160
18067,0.034912,-0.047119,1.013306,-0.610352,-2.197266,-2.014160
18077,0.030273,-0.136719,0.915894,-0.244141,-2.380371,-1.586914
18086,0.038574,-0.154297,0.907227,-0.244141,-2.075195,-1.342773
18097,0.023560,-0.161621,0.894287,-0.549316,-1.831055,-0.732422
18107,0.018677,-0.168335,0.847534,-0.854492,-1.525879,-0.549316
18116,0.004761,-0.112305,0.937378,-1.770020,-1.159668,-0.122070
18128,0.007324,-0.116089,0.935547,-1.892090,-1.098633,-0.061035
18137,0.020996,-0.024536,1.021118,-1.953125,-1.037598,-0.061035
18147,0.018677,-0.066528,1.031372,-1.159668,-1.098633,0.122070
18157,0.026367,-0.105469,1.019043,-0.061035,-0.915527,0.366211
18167,0.035645,-0.154663,0.989990,0.488281,-0.976562,0.488281
18177,0.035645,-0.198608,0.941406,0.854492,-1.037598,0.671387
18188,0.024536,-0.160400,0.916626,1.037598,-1.098633,0.732422
18198,0.049805,-0.179321,0.968506,0.671387,-0.976562,0.671387
18207,0.016357,-0.121094,0.917969,0.183105,-1.037598,0.366211
18217,0.046387,-0.167358,0.945679,-0.366211,-1.220703,0.488281
18227,0.035278,-0.077759,1.023438,-1.342773,-1.403809,0.305176
18236,0.043945,-0.127197,1.011475,-2.014160,-1.525879,0.244141
18248,0.008667,0.003418,1.076538,-2.868652,-1.525879,0.305176
18258,0.001953,0.059570,1.110718,-2.929688,-1.281738,0.244141
18267,-0.005249,0.000610,1.146606,-2.441406,-1.098633,0.000000
18277,0.005859,0.010254,1.132202,-2.136230,-1.037598,-0.610352
18287,0.028564,-0.054321,1.066650,-1.831055,-1.220703,-1.037598
18297,0.046143,-0.051880,1.045044,-1.403809,-1.586914,-1.708984
18307,0.031616,-0.030396,0.988647,-1.220703,-1.831055,-2.746582
18316,0.022583,0.082886,1.138306,-1.586914,-2.014160,-3.723145
18328,0.009033,-0.166260,0.908447,-1.281738,-1.647949,-4.211426
18337,0.064453,0.030029,1.052490,-2.075195,-1.525879,-5.310059
18347,0.031738,0.073975,1.052979,-1.953125,-1.770020,-5.249023
18357,0.006714,-0.132202,0.877563,-0.854492,-1.831055,-4.821777
18367,0.070312,-0.216553,0.893677,0.061035,-1.342773,-4.150391
18377,0.056641,-0.104858,0.987427,-0.976562,-1.464844,-3.723145
18387,0.053223,-0.156616,0.802979,-2.014160,-1.708984,-3.234863
18398,0.019409,0.067139,1.028076,-2.014160,-0.488281,-1.647949
18407,-0.041504,0.081909,1.122559,-3.540039,-0.244141,-0.854492
18417,-0.061279,0.079590,1.157959,-2.746582,-0.061035,-0.122070
18427,-0.057983,-0.045532,1.152954,-1.037598,0.427246,0.427246
18437,-0.015503,-0.184570,1.026245,0.610352,0.427246,1.037598
18446,0.008667,-0.105713,1.046143,1.159668,0.305176,1.525879
18457,0.032349,-0.093750,0.990723,1.464844,-0.061035,2.319336
18468,-0.002930,-0.100586,0.823364,0.610352,0.793457,4.882812
18478,-0.007324,0.014893,0.861816,-0.488281,1.220703,5.859375
18487,-0.040283,-0.066528,0.875732,-0.732422,1.159668,6.347656
18496,-0.030151,-0.097534,0.955322,-0.915527,1.098633,6.347656
18507,-0.089844,-0.030762,1.126221,-1.831055,1.037598,6.286621
18517,-0.067993,0.090820,1.243896,-2.319336,1.098633,6.225586
18528,-0.102539,-0.018433,1.119507,-1.037598,1.953125,6.469727
18538,-0.061279,0.087158,1.111572,0.122070,2.197266,7.019043
18547,-0.013184,-0.075928,1.016602,1.403809,1.770020,6.958008
18556,-0.016968,-0.021118,1.014038,2.136230,1.647949,6.958008
18567,-0.047607,-0.066162,1.026123,1.953125,1.892090,7.324219
18577,-0.001831,0.015747,1.034180,1.770020,1.892090,7.202148
18587,-0.025635,-0.047363,1.050659,2.014160,2.502441,7.690430
18598,0.000854,-0.103882,1.023926,1.953125,2.380371,8.056641
18608,0.043701,-0.017944,0.978149,2.136230,2.014160,7.934570
18617,-0.014648,-0.076538,0.906372,2.685547,1.281738,7.751465
18627,0.014404,-0.083984,0.951416,2.563477,1.403809,7.812500
18636,-0.038696,-0.090576,0.899902,1.770020,1.525879,8.239746
18647,0.005249,-0.175171,0.927002,0.915527,1.647949,8.605957
18657,-0.006714,-0.103516,0.895630,-0.122070,1.708984,8.483887
18667,-0.017090,0.021240,0.917236,-1.464844,1.647949,8.361816
18678,-0.006470,0.045898,0.946655,-2.136230,1.525879,7.690430
18688,0.031616,-0.069580,0.942139,-1.281738,1.403809,7.080078
18697,0.019897,0.085693,1.054321,-1.464844,1.220703,6.469727
18707,0.026978,0.065796,1.068726,-1.464844,0.915527,6.042480
18717,0.011963,-0.061035,1.053955,-1.098633,0.549316,5.432129
18727,0.064575,-0.099609,1.031494,-1.525879,0.427246,4.699707
18737,0.077515,0.065552,1.054077,-2.319336,0.366211,3.601074
18751,0.034790,-0.002197,0.993530,-0.488281,-0.183105,3.112793
18761,0.031494,-0.080933,0.965576,0.732422,-0.671387,2.502441
18770,0.075562,0.023926,1.093384,0.427246,-0.976562,2.441406
18779,0.067749,-0.222412,1.013550,0.793457,-0.915527,2.502441
18789,0.077271,-0.161255,0.947266,0.000000,-0.732422,2.929688
18798,0.084717,0.043823,0.882446,-1.586914,-0.976562,3.356934
18807,0.063354,0.071045,0.902344,-2.502441,-1.647949,2.746582
18817,0.006592,-0.052856,0.953735,-4.272461,-1.525879,2.197266
18827,-0.017944,0.073608,1.140625,-4.333496,-1.525879,2.075195
18837,-0.017212,0.096436,1.141846,-3.723145,-1.647949,1.464844
18847,0.007324,0.053223,1.208130,-2.624512,-1.647949,0.793457
18857,0.026123,-0.082642,1.062500,-1.708984,-1.525879,0.244141
18867,0.043945,-0.102417,1.000732,-0.854492,-1.708984,-0.427246
18877,0.070679,-0.113403,1.009644,-0.488281,-2.197266,-0.915527
18886,0.053589,-0.023071,0.916382,-1.464844,-2.441406,-2.258301
18898,0.044556,-0.096436,0.884766,-0.671387,-2.685547,-2.502441
18908,0.026978,-0.142212,0.969604,-0.854492,-2.563477,-2.990723
18917,0.030884,-0.045166,1.051025,-1.586914,-2.624512,-3.417969
18926,0.019409,0.018433,1.058350,-2.197266,-2.441406,-3.662109
18937,0.008667,0.001587,1.091797,-2.563477,-2.258301,-3.845215
18946,0.004517,0.033203,1.054199,-2.624512,-2.441406,-3.906250
18958,-0.010132,0.103638,1.014648,-2.075195,-2.197266,-3.967285
18968,-0.001953,-0.002930,1.086548,-1.281738,-1.953125,-4.028320
18977,0.033569,0.015747,1.016479,-0.976562,-1.708984,-3.967285
18987,0.019531,-0.003052,1.042358,-0.854492,-1.525879,-3.540039
18997,0.040039,-0.053711,1.059448,-0.915527,-1.464844,-2.807617
19007,0.030273,-0.050781,0.991455,-1.525879,-1.159668,-2.380371
19017,0.058228,-0.042236,1.113525,-1.464844,-1.220703,-2.136230
19028,0.003906,0.045898,1.015991,-1.525879,-1.281738,-1.403809
19037,-0.017578,0.076416,1.010376,-1.098633,-1.342773,-1.098633
19047,-0.005371,-0.026489,0.968994,-0.671387,-1.525879,-0.671387
19057,-0.005493,-0.085571,0.927979,-0.183105,-1.098633,0.000000
19067,-0.033081,0.027832,0.996582,-0.183105,-0.671387,0.610352
19077,-0.021240,0.010864,0.995972,-0.122070,-0.610352,1.159668
19088,-0.037720,-0.099976,0.947144,0.000000,0.549316,2.197266
19097,-0.001465,0.013550,0.997070,0.122070,0.488281,2.563477
19108,0.013550,-0.033081,0.930054,0.000000,0.305176,2.685547
19117,-0.024170,0.012085,0.876831,-0.061035,0.488281,2.868652
19127,-0.012695,0.031738,0.924927,0.244141,0.488281,2.929688
19137,-0.015991,-0.052856,0.964233,0.671387,0.122070,2.929688
19147,-0.043091,-0.046753,0.974731,0.732422,0.549316,2.868652
19157,-0.006348,-0.031860,1.007202,0.793457,1.037598,2.929688
19168,0.022583,-0.168945,0.887451,0.915527,0.915527,2.441406
19178,0.032471,-0.074219,0.904541,0.122070,0.610352,2.014160
19187,0.049683,0.039917,0.870605,-1.281738,0.122070,1.831055
19197,0.026855,0.023193,0.857422,-1.953125,0.000000,1.953125
19206,0.031128,0.056030,0.914917,-2.075195,0.244141,2.319336
19217,0.000977,-0.052490,0.969727,-1.586914,0.610352,2.929688
19228,-0.010254,0.015259,1.065796,-2.319336,0.549316,3.173828
19238,0.006226,0.063354,1.082520,-2.319336,0.488281,3.173828
19247,0.016602,0.011841,1.063110,-1.525879,0.305176,3.112793
19257,0.013916,-0.029297,1.020996,-1.220703,0.366211,2.746582
19267,0.002563,0.016113,1.052124,-1.403809,0.122070,2.502441
19278,0.001709,0.002563,1.002930,-1.525879,0.061035,2.624512
19287,0.000854,-0.008179,0.984253,-1.586914,0.061035,2.868652
19298,0.003296,-0.024292,0.952881,-1.464844,0.488281,3.723145
19307,0.004883,-0.073120,1.029663,-1.770020,0.549316,3.845215
19318,-0.000610,-0.007080,1.052002,-2.197266,0.732422,3.784180
19327,0.002197,-0.059326,1.028076,-2.258301,0.610352,3.662109
19337,0.017578,-0.006592,1.000366,-1.953125,0.610352,3.784180
19347,0.022217,-0.065674,1.004883,-1.770020,0.366211,3.356934
19357,0.022583,0.006226,1.001709,-2.136230,0.000000,3.112793
19369,0.020386,-0.012329,0.944336,-2.197266,0.122070,2.624512
19379,0.010376,-0.016479,0.990479,-2.136230,0.122070,2.380371
19388,0.032959,-0.044312,0.997437,-2.258301,-0.061035,2.075195
19397,0.021851,-0.028564,1.038452,-2.746582,0.122070,1.770020
19407,0.034302,-0.031982,1.001709,-2.929688,0.000000,1.647949
19417,0.031128,-0.046875,1.010620,-2.929688,-0.366211,1.525879
19426,0.035522,-0.021973,1.024902,-3.051758,-0.427246,1.342773
19438,0.020996,-0.009155,1.023560,-3.417969,-0.427246,1.281738
19447,-0.002563,-0.002563,0.947021,-3.479004,-0.305176,1.220703
19457,0.007813,0.021118,0.947266,-3.356934,-0.488281,1.159668
19467,0.003174,-0.021362,0.968506,-2.868652,-0.305176,1.220703
19477,0.014893,-0.081665,0.979126,-2.807617,-0.488281,1.220703
19487,0.007080,-0.040039,0.989990,-3.051758,-0.793457,0.915527
19497,0.032593,-0.078613,1.000854,-3.173828,-0.793457,0.854492
19508,0.012573,-0.025146,1.000977,-2.990723,-0.488281,0.915527
19517,0.008911,-0.020142,1.041992,-2.929688,-0.305176,0.793457
19527,-0.009033,-0.027832,1.026489,-3.051758,-0.183105,0.915527
19537,-0.005615,0.050537,0.999756,-3.723145,-0.427246,0.793457
19547,-0.031006,0.093994,0.963623,-4.028320,-0.610352,0.671387
19557,-0.005737,0.071777,0.967773,-3.601074,-0.549316,1.037598
19567,-0.039673,-0.008423,0.978516,-2.807617,0.000000,1.464844
19577,-0.017700,-0.030762,1.035767,-2.868652,0.366211,1.586914
19588,-0.008545,0.001587,0.976318,-3.051758,1.159668,2.929688
19598,0.014282,0.036499,0.943726,-2.868652,1.220703,3.356934
19607,0.039673,-0.046875,0.972412,-2.441406,0.732422,3.662109
19617,0.011108,-0.023193,0.981812,-2.685547,0.305176,3.662109
19627,-0.019775,-0.042603,1.001587,-3.112793,0.549316,3.784180
19637,-0.025024,0.112183,1.017090,-3.601074,0.793457,4.089355
19647,-0.030273,0.059692,0.972046,-3.601074,1.159668,4.577637
19658,-0.003418,-0.039307,0.979004,-2.319336,1.464844,5.615234
19667,0.023071,-0.046265,1.029663,-1.953125,1.098633,5.676270
19677,0.015747,0.030273,1.056396,-2.441406,0.854492,5.981445
19687,0.032227,0.008911,1.032227,-2.319336,1.281738,6.408691
19697,-0.003906,0.023804,0.988892,-1.770020,1.647949,6.835937
19707,0.033447,-0.019409,1.008545,-1.159668,1.403809,7.202148
19718,-0.000610,-0.077026,0.989990,-0.793457,1.098633,7.629395
19728,-0.019653,-0.070435,0.990845,-1.098633,1.098633,7.873535
19737,-0.015869,0.057373,0.945435,-1.464844,1.281738,8.300781
19747,-0.018921,0.056274,0.932861,-0.976562,1.647949,8.911133
19757,-0.008911,0.039673,0.968872,-0.305176,1.770020,9.155273
19767,-0.037964,-0.073608,1.013550,0.427246,1.770020,9.521484
19777,-0.019043,-0.116821,1.010376,0.366211,1.647949,9.399414
19790,0.016235,-0.014771,0.983887,-1.159668,1.586914,9.399414
19799,0.026367,0.017090,0.950439,-0.610352,1.831055,9.704590
19808,0.041138,-0.027100,0.986938,-0.305176,1.647949,9.460449
19817,0.004883,-0.026367,1.023926,-0.549316,0.976562,8.911133
19828,0.002930,-0.008667,1.032593,-1.281738,0.854492,8.666992
19837,0.008301,-0.024780,1.023926,-1.586914,0.915527,8.422852
19848,0.017456,0.100464,1.001709,-1.953125,1.037598,8.544922
19857,0.017822,0.067505,1.029053,-1.281738,0.854492,8.422852
19868,0.032349,0.052368,1.086914,-0.244141,0.488281,8.178711
19878,0.011108,-0.090820,1.008667,-0.427246,0.183105,7.995605
19887,0.014771,0.003906,1.031250,-0.854492,0.183105,7.629395
19897,0.035522,0.007690,1.034546,-0.976562,0.488281,7.446289
19907,0.023315,-0.000854,0.986328,-0.732422,0.671387,7.629395
19917,0.049194,0.002686,1.026611,-0.671387,0.366211,7.507324
19930,0.043457,-0.049072,1.032227,-0.732422,-0.671387,6.591797
19939,0.047119,-0.045898,1.005615,-1.220703,-0.671387,6.164551
19949,0.027222,-0.014526,0.904053,-1.525879,-0.854492,5.371094
19958,0.032349,0.038086,0.969604,-1.770020,-0.732422,5.126953
19967,0.029053,-0.007080,0.901245,-1.342773,-0.854492,4.577637
19978,0.047974,0.002441,0.936768,-1.220703,-0.976562,3.845215
19987,0.050903,-0.094604,0.999146,-0.854492,-1.464844,2.746582
20000,0.039551,0.006592,1.033203,-2.441406,-1.953125,1.220703
20009,0.067993,0.062866,0.956543,-2.441406,-1.708984,0.671387
20018,0.072144,0.019775,0.930664,-1.770020,-1.953125,0.122070
20028,0.063232,-0.088379,0.980347,-0.793457,-2.502441,-0.549316
20037,0.048828,-0.048828,1.045410,-0.976562,-3.295898,-1.647949
20048,0.042725,0.005249,1.068604,-1.647949,-3.601074,-2.441406
20057,0.067505,0.003174,1.009888,-2.441406,-3.417969,-2.746582
20070,0.044800,0.038208,0.969604,-1.953125,-2.929688,-2.990723
20079,0.024048,-0.055298,0.972900,-1.220703,-3.234863,-3.173828
20088,0.008423,0.020508,1.019043,-1.403809,-3.234863,-3.417969
20098,0.030029,-0.011597,1.044067,-1.586914,-3.051758,-3.173828
20107,0.046753,-0.034912,1.005615,-1.770020,-3.173828,-3.540039
20118,0.056885,0.015381,0.984131,-1.892090,-3.417969,-3.540039
20127,0.051392,-0.057617,0.997803,-1.586914,-3.784180,-3.479004
20137,0.022705,-0.059204,1.008301,-1.586914,-3.784180,-3.845215
20148,0.005981,-0.062744,1.036865,-1.770020,-3.417969,-4.333496
20158,-0.006592,-0.041626,1.019043,-2.075195,-3.295898,-4.821777
20167,0.026245,-0.064331,0.959839,-1.892090,-3.417969,-5.371094
20177,0.029419,-0.065308,0.991577,-1.647949,-4.089355,-5.981445
20188,0.036499,-0.035156,1.018188,-1.647949,-4.333496,-6.713867
20197,0.039795,-0.030762,0.982056,-1.708984,-4.150391,-7.019043
20209,0.006226,0.025513,0.977173,-2.136230,-3.662109,-7.324219
20219,0.029053,0.043579,0.944946,-1.892090,-3.295898,-7.446289
20228,0.026489,0.014771,0.986938,-1.586914,-3.662109,-7.629395
20237,0.019653,0.024292,1.016846,-1.464844,-4.028320,-7.751465
20248,0.021362,-0.003052,1.005493,-1.892090,-4.150391,-8.056641
20257,-0.000977,0.000610,1.018799,-2.136230,-3.662109,-8.117676
20267,-0.014526,0.078003,1.026733,-1.953125,-3.173828,-7.873535
20280,-0.015869,-0.044434,1.007690,-0.854492,-2.685547,-7.812500
20289,0.027100,-0.036743,1.033569,-1.037598,-3.295898,-8.117676
20299,0.040039,-0.053223,0.999512,-1.525879,-3.601074,-8.483887
20309,0.023560,-0.010376,1.035889,-1.647949,-3.479004,-8.972168
20318,0.022705,-0.001831,0.984863,-1.770020,-3.173828,-8.911133
20327,0.012573,0.026123,0.989136,-1.647949,-3.051758,-8.789063
20338,0.003906,-0.012207,1.028076,-1.220703,-2.746582,-8.728027
20347,0.035278,-0.062500,0.994141,-1.831055,-3.051758,-8.422852
20357,0.033325,0.051270,1.027100,-1.770020,-3.112793,-8.300781
20367,-0.002563,-0.035767,0.952026,-1.342773,-2.746582,-8.117676
20377,-0.018921,-0.004028,1.053345,-0.976562,-2.746582,-7.934570
20388,-0.019287,-0.076538,0.984375,-1.281738,-2.563477,-7.873535
20398,-0.028442,-0.019531,1.040161,-1.647949,-2.197266,-7.812500
20407,-0.008179,0.032959,1.008667,-1.831055,-2.136230,-7.751465
20420,-0.001587,-0.057129,1.031982,-0.854492,-2.258301,-7.629395
20429,0.001709,-0.054443,1.047119,-0.671387,-2.075195,-7.568359
20439,-0.000122,0.004883,1.059570,-0.915527,-1.892090,-7.629395
20449,0.003540,-0.043579,1.057739,-0.610352,-2.014160,-7.873535
20458,0.020020,-0.051025,0.976440,-0.732422,-1.892090,-8.300781
20468,0.013794,0.059082,1.014282,-0.793457,-2.014160,-8.544922
20477,0.026733,-0.048340,0.956787,-0.305176,-2.197266,-8.605957
20490,0.015503,0.070923,1.032471,-0.976562,-2.319336,-8.605957
20499,0.008301,0.059204,0.980225,-0.976562,-2.136230,-8.239746
20509,-0.010864,0.031738,1.025635,-0.610352,-1.953125,-7.873535
20518,0.002808,0.013184,0.984497,-0.366211,-1.708984,-7.446289
20528,-0.007568,0.038330,1.054932,-0.122070,-1.586914,-7.019043
20537,-0.015259,-0.067993,0.971802,0.244141,-1.525879,-6.835937
20548,-0.053589,-0.011963,1.026367,-0.183105,-1.037598,-6.408691
20557,-0.035522,-0.010742,0.962524,-0.427246,-0.732422,-5.554199
20567,-0.045532,0.037720,0.978394,0.000000,-0.549316,-5.004883
20577,-0.019287,-0.051636,1.010132,-0.183105,-0.610352,-4.760742
20587,0.011597,-0.036011,0.992676,-0.427246,-0.671387,-4.577637
20598,0.001709,0.003418,1.020630,-0.671387,-0.671387,-4.455566
20607,0.004517,-0.060303,0.979492,-0.488281,-0.671387,-4.394531
20618,0.006714,-0.051758,1.006836,-0.610352,-0.488281,-4.394531
20627,0.005737,0.018311,0.998291,-1.098633,-0.732422,-4.577637
20639,-0.020264,-0.071777,0.965820,-0.610352,-0.732422,-4.638672
20648,-0.021729,0.012085,1.012085,-1.037598,-0.610352,-4.943848
20658,-0.021606,0.039551,0.966431,-1.220703,-0.610352,-4.882812
20667,-0.031982,0.032104,0.998779,-1.098633,-0.610352,-4.699707
20677,-0.012085,-0.051270,0.964355,-0.976562,-0.244141,-4.333496
20688,-0.004883,0.026001,1.034180,-1.220703,-0.244141,-4.211426
20697,0.002441,-0.004883,0.971313,-0.732422,-0.244141,-4.577637
20707,-0.003906,-0.001709,0.996704,-0.671387,0.061035,-4.821777
20718,-0.008667,-0.007446,1.019653,-1.037598,-0.183105,-5.126953
20727,-0.013184,-0.005493,0.974365,-1.098633,-0.244141,-5.310059
20737,-0.021484,-0.021362,0.958496,-1.037598,-0.366211,-5.615234
20748,-0.020020,-0.009766,0.990723,-1.037598,-0.183105,-5.981445
20758,-0.011597,-0.028320,0.983398,-0.976562,0.122070,-5.981445
20767,-0.011597,-0.008057,1.035767,-1.342773,0.000000,-6.408691
20779,0.010742,0.005249,1.021484,-1.464844,-0.244141,-6.408691
20788,0.041992,-0.055786,0.984741,-1.220703,-0.610352,-6.713867
20798,0.026367,-0.062866,0.988647,-0.732422,-0.854492,-6.958008
20807,0.026245,-0.012329,1.019531,-0.854492,-0.915527,-6.958008
20817,-0.002930,-0.026367,0.975586,-1.037598,-0.610352,-6.774902
20828,-0.017578,-0.022827,1.005493,-0.915527,-0.488281,-6.591797
20837,-0.025635,-0.059692,0.965454,-0.976562,-0.122070,-6.103516
20847,-0.036499,-0.004395,1.000244,-1.403809,-0.366211,-5.981445
20858,-0.049561,-0.000854,0.946777,-1.525879,-0.366211,-5.676270
20867,-0.061890,0.016846,1.000854,-1.464844,-0.366211,-5.249023
20877,-0.047852,-0.011597,0.980103,-1.342773,-0.061035,-4.821777
20888,-0.067749,0.036011,1.031372,-1.281738,0.610352,-4.150391
20897,-0.051147,0.017212,1.006714,-1.342773,0.915527,-3.601074
20907,-0.016846,-0.015869,0.974121,-0.793457,1.342773,-2.502441
20918,-0.005737,-0.021973,0.984497,-1.220703,1.037598,-2.136230
20928,-0.010132,0.013184,1.004761,-1.403809,0.854492,-1.770020
20937,0.001099,0.024536,1.005005,-1.464844,1.098633,-1.098633
20948,0.004150,-0.042358,0.955200,-1.220703,1.159668,-0.183105
20957,-0.002563,-0.011353,1.067017,-1.220703,1.525879,0.793457
20968,-0.025269,-0.032715,1.000732,-1.464844,1.403809,1.647949
20977,-0.016724,-0.048340,0.985229,-1.403809,1.525879,2.136230
20989,-0.030151,-0.046997,0.965576,-1.403809,1.159668,1.953125
20998,-0.011719,-0.009766,1.010620,-1.586914,1.098633,1.708984
21008,-0.021240,0.006348,1.037109,-1.586914,1.159668,1.831055
21017,-0.043335,-0.058838,0.969238,-1.281738,1.342773,2.014160
21028,-0.033447,0.022461,1.011841,-1.342773,1.708984,1.953125
21037,-0.022461,-0.001709,1.019409,-1.342773,2.014160,2.136230
21050,-0.007202,0.070557,1.019165,-1.708984,1.525879,1.831055
21059,-0.051758,0.032837,1.002930,-1.403809,1.647949,2.258301
21069,-0.048706,-0.029785,0.971558,-0.793457,1.892090,2.258301
21078,0.017822,0.041748,1.088013,-1.403809,2.197266,2.319336
21087,-0.030151,-0.001099,1.015625,-1.708984,2.014160,3.051758
21098,-0.022949,-0.014038,0.905151,-1.403809,1.770020,3.295898
21107,-0.001587,0.103760,0.981445,-1.403809,1.586914,3.662109
21120,-0.009644,-0.097412,0.981079,-0.793457,1.831055,4.455566
21129,0.022095,-0.006714,1.015015,-1.342773,2.380371,4.760742
21139,-0.008179,0.057129,1.061890,-1.892090,2.807617,5.432129
21148,-0.023193,-0.055786,0.988525,-1.098633,2.380371,5.371094
21157,0.029907,-0.061890,0.989990,-0.671387,1.708984,4.699707
21168,0.039185,-0.054443,1.059448,-0.732422,1.464844,4.333496
21177,-0.017456,-0.088501,1.044800,-0.915527,1.159668,4.455566
21189,0.003418,0.023193,0.951172,-1.342773,0.793457,4.760742
21198,-0.051514,0.035034,0.973389,-1.281738,2.075195,5.249023
21208,-0.051758,-0.049316,0.940186,-0.366211,1.586914,5.065918
21218,-0.003540,-0.051392,1.004517,-0.061035,1.708984,4.699707
21228,-0.000244,-0.018188,1.058228,-0.793457,1.770020,4.638672
21237,-0.007446,-0.003784,1.023193,-1.037598,1.464844,4.577637
21249,0.011475,-0.008911,0.958374,-1.098633,1.220703,3.845215
21258,0.025757,0.026001,1.023193,-0.793457,1.159668,3.906250
21269,-0.003784,-0.046631,1.019897,-0.488281,1.342773,3.540039
21278,0.010864,-0.052979,0.995605,-0.854492,1.220703,3.234863
21288,0.013550,-0.000122,1.000122,-1.464844,0.976562,3.112793
21297,0.002319,0.032104,1.011719,-1.770020,0.793457,3.356934
21308,-0.000488,-0.010010,0.972656,-1.281738,0.610352,3.356934
21317,0.016479,-0.058350,0.980957,-0.732422,0.488281,3.051758
21329,0.019409,-0.037720,1.085449,-1.098633,0.427246,3.051758
21339,-0.008667,-0.052124,1.047485,-1.464844,0.732422,2.990723
21348,-0.001831,-0.046997,0.975952,-1.464844,0.549316,2.624512
21358,0.019775,-0.037720,0.960571,-1.281738,0.183105,1.892090
21367,0.021973,-0.045898,0.990845,-1.464844,-0.183105,1.403809
21378,0.011353,-0.051636,1.010986,-1.281738,-0.427246,1.159668
21389,-0.005371,-0.052979,1.021118,-1.281738,-0.549316,0.671387
21399,-0.037231,-0.074585,1.002808,-1.525879,-0.061035,0.732422
21408,-0.033936,0.005127,0.998535,-1.525879,0.122070,0.488281
21418,-0.053467,0.003418,0.976196,-1.220703,0.244141,0.732422
21427,-0.042358,-0.040039,0.956299,-0.793457,0.000000,0.671387
21438,-0.001831,-0.051025,0.975220,-0.671387,-0.061035,0.305176
21448,0.002197,-0.047729,0.995117,-0.671387,0.000000,0.427246
21459,0.006104,-0.014404,1.000732,-1.525879,0.122070,1.159668
21469,0.006104,-0.012451,1.010132,-1.159668,0.366211,1.220703
21478,0.017456,-0.061523,0.999023,-1.037598,0.061035,1.159668
21488,0.018433,-0.036133,1.001831,-1.098633,-0.549316,1.098633
21497,0.000977,0.000244,0.999878,-1.586914,-0.671387,1.220703
21508,-0.014282,0.003418,1.003662,-1.647949,-0.610352,1.647949
21517,-0.019287,-0.000977,1.001221,-1.586914,-0.610352,2.258301
21529,-0.015259,0.009033,1.002441,-0.915527,0.000000,2.807617
21539,-0.020264,-0.060425,1.001587,-0.854492,-0.122070,2.807617
21548,-0.003540,-0.020142,1.001709,-1.220703,0.061035,2.929688
21558,-0.000122,0.027222,1.024780,-1.586914,0.061035,3.112793
21568,-0.007813,-0.016602,0.999390,-1.342773,-0.183105,3.112793
21578,-0.008667,-0.034790,0.997314,-1.281738,0.000000,3.051758
21587,-0.006104,-0.021118,1.015503,-1.403809,-0.305176,2.624512
21599,-0.024658,0.004883,1.001709,-1.586914,0.427246,2.319336
21609,-0.060181,0.036499,0.987305,-1.403809,0.793457,2.258301
21618,-0.053955,0.022339,1.016602,-1.342773,0.854492,2.014160
21628,-0.030762,-0.011841,0.998779,-1.159668,0.732422,1.586914
21638,-0.016724,-0.001099,1.010010,-1.159668,0.427246,0.976562
21647,-0.015991,0.006104,1.030884,-1.342773,0.000000,0.305176
21658,-0.013672,-0.007202,1.018677,-1.403809,0.122070,0.305176
21668,-0.006592,-0.013916,1.005493,-1.525879,0.549316,0.305176
21679,-0.046875,-0.005859,0.990601,-1.708984,1.159668,0.732422
21689,-0.025391,-0.010498,0.986572,-1.770020,1.220703,1.342773
21698,-0.015015,0.006348,1.020020,-1.770020,1.098633,1.586914
21708,-0.016479,0.000244,1.023315,-1.708984,1.037598,2.014160
21718,-0.010254,-0.017700,1.018799,-1.464844,0.976562,2.380371
21728,-0.008179,-0.016113,1.014648,-1.403809,1.281738,2.868652
21737,-0.010254,-0.022827,0.999268,-1.159668,1.586914,2.990723
21749,0.004272,-0.014771,0.971069,-1.098633,1.586914,2.746582
21758,-0.003906,-0.014526,0.976807,-1.220703,1.098633,2.563477
21768,-0.023437,-0.010254,0.989502,-1.464844,0.976562,2.197266
21778,-0.038452,-0.001465,1.005981,-1.708984,0.854492,1.708984
21788,-0.037964,0.004272,1.018188,-1.586914,1.342773,1.586914
21798,-0.035278,0.005737,1.015137,-1.342773,1.586914,1.464844
21809,-0.030884,0.010620,1.003784,-1.403809,1.464844,1.098633
21819,0.024414,0.000122,0.999634,-1.220703,1.342773,1.098633
21828,0.047119,0.013794,1.012573,-1.403809,1.281738,1.220703
21837,0.057251,0.018555,1.012817,-1.708984,1.220703,1.647949
21848,0.062012,0.012329,1.010132,-1.708984,1.342773,1.770020
21858,0.055176,0.012329,1.014160,-1.647949,1.342773,1.892090
21868,0.031494,0.011841,1.021118,-1.525879,1.098633,1.892090
21879,0.001099,0.011597,1.013916,-1.403809,0.427246,1.098633
21889,-0.036987,0.035400,1.005005,-1.464844,0.244141,0.671387
21898,-0.037231,-0.005005,1.010132,-1.342773,0.244141,0.183105
21907,-0.014526,-0.062744,1.021484,-0.976562,0.488281,0.061035
21918,0.013550,-0.078979,1.032593,-0.854492,0.427246,0.061035
21928,0.038940,-0.116089,1.021118,-0.549316,0.244141,-0.061035
21938,0.054199,-0.129517,1.000732,-0.183105,0.122070,0.122070
21948,0.056519,-0.107910,0.986206,-0.366211,0.305176,0.305176
21959,0.013794,-0.106567,0.973389,-0.305176,0.427246,0.793457
21968,-0.010742,-0.085083,0.986328,-0.732422,0.244141,0.915527
21978,-0.040405,-0.086792,0.992920,-0.732422,0.244141,1.037598
21988,-0.054443,-0.088989,0.995239,-0.366211,0.244141,1.037598
21998,-0.062622,-0.071533,0.998535,-0.488281,0.305176,0.732422
22008,-0.063110,-0.070923,0.995361,-0.549316,0.183105,0.854492
22018,-0.056152,-0.076050,0.989258,-0.366211,0.610352,0.854492
22029,-0.018188,-0.090332,0.998779,-0.305176,1.098633,0.976562
22039,0.002197,-0.107788,0.993164,-0.244141,1.281738,1.281738
22049,0.010010,-0.104126,0.969116,-0.122070,1.403809,1.770020
22058,0.010742,-0.052368,0.957886,-0.305176,1.464844,2.441406
22068,0.022339,-0.081421,0.987793,-0.427246,1.342773,3.112793
22077,0.015015,-0.136841,0.960083,-0.549316,1.586914,3.906250
22089,0.024780,-0.100952,1.044678,-0.610352,1.342773,4.821777
22099,0.049683,-0.228882,1.039429,-0.244141,1.525879,5.371094
22108,0.073730,-0.236938,0.987427,0.183105,1.220703,5.432129
22118,0.056885,-0.170776,0.940308,-0.183105,0.549316,5.493164
22128,0.013916,-0.129517,0.912964,-0.427246,0.488281,5.615234
22138,-0.009644,-0.120483,0.938721,-0.793457,0.793457,5.615234
22148,-0.003784,-0.114746,0.996826,-1.342773,0.854492,5.310059
22160,0.012329,-0.173340,1.029541,-1.220703,0.793457,3.906250
22170,0.027954,-0.181030,1.016602,-1.464844,0.366211,2.685547
22179,0.035767,-0.171631,0.994385,-1.342773,-0.061035,1.647949
22189,0.031494,-0.154785,0.983643,-1.403809,-0.366211,0.366211
22198,0.024048,-0.136108,0.973389,-1.586914,-0.549316,-0.915527
22208,0.006836,-0.138062,0.963135,-1.647949,-0.488281,-2.014160
22218,-0.012085,-0.148315,0.976685,-1.647949,-0.427246,-2.807617
22228,-0.030762,-0.144287,1.001831,-1.770020,-0.427246,-4.272461
22238,-0.043823,-0.131958,1.009277,-2.136230,-0.244141,-4.882812
22248,-0.045166,-0.116333,0.997559,-1.892090,-0.488281,-5.126953
22258,-0.037354,-0.094971,0.992554,-1.831055,-0.366211,-5.371094
22268,-0.020752,-0.074829,0.992310,-1.892090,-0.488281,-5.249023
22278,-0.003784,-0.055664,1.001709,-2.014160,-0.488281,-5.065918
22288,0.004639,-0.043945,1.012817,-1.892090,-0.122070,-4.455566
22298,0.011353,-0.043701,1.023926,-1.403809,0.061035,-3.601074
22309,0.019287,-0.050537,1.003662,-1.037598,0.183105,-3.051758
22319,0.025879,-0.060669,0.997925,-0.793457,0.366211,-2.624512
22329,0.026367,-0.078857,0.989136,-0.793457,0.183105,-2.075195
22338,0.025879,-0.101685,0.973267,-0.732422,0.183105,-1.403809
22348,0.014282,-0.128662,0.965576,-0.854492,-0.122070,-0.976562
22358,-0.000244,-0.145264,0.958984,-0.854492,-0.061035,-0.305176
22368,-0.003052,-0.155151,0.963257,-1.586914,0.488281,1.770020
22378,-0.013062,-0.156616,0.973755,-1.403809,0.793457,2.929688
22388,-0.037842,-0.126221,0.991699,-1.586914,0.854492,3.479004
22398,-0.022583,-0.108032,0.983887,-1.647949,0.915527,3.845215
22408,-0.014648,-0.083130,0.991333,-1.770020,1.098633,4.150391
22418,-0.009277,-0.068726,1.008789,-1.525879,1.281738,4.211426
22428,0.008423,-0.072998,1.034912,-1.770020,1.037598,3.845215
22440,0.032349,-0.150757,1.001953,-1.525879,0.793457,3.173828
22450,0.051514,-0.164795,0.976440,-1.403809,0.793457,2.380371
22459,0.066406,-0.140625,0.970825,-1.464844,0.671387,1.647949
22469,0.078003,-0.122314,0.995605,-1.647949,0.427246,0.915527
22478,0.076782,-0.110352,1.001465,-1.953125,-0.122070,0.183105
22488,0.069824,-0.108521,1.006836,-2.075195,-0.366211,-0.305176
22498,0.071899,-0.131226,0.998535,-1.708984,-0.549316,-0.732422
22511,0.071411,-0.199829,0.985596,-1.525879,-0.976562,-1.708984
22520,0.067505,-0.192627,0.993530,-2.075195,-1.770020,-2.014160
22529,0.048218,-0.173340,1.011475,-2.258301,-1.953125,-2.258301
22539,0.028320,-0.184570,1.016602,-2.136230,-2.136230,-2.319336
22548,-0.009155,-0.204468,0.998413,-2.014160,-2.319336,-2.502441
22558,-0.008911,-0.253174,0.990479,-1.953125,-2.441406,-2.502441
22568,-0.009888,-0.258301,0.997803,-2.319336,-2.563477,-2.868652
22580,-0.022949,-0.239746,0.992554,-2.319336,-2.624512,-4.211426
22590,-0.049072,-0.255127,0.951294,-2.197266,-2.441406,-5.249023
22600,0.015625,-0.306885,0.969116,-1.953125,-2.075195,-5.920410
22609,0.014404,-0.284302,0.984253,-2.075195,-2.868652,-7.141113
22619,0.010376,-0.260498,1.017578,-1.953125,-3.112793,-8.605957
22628,0.005859,-0.227783,1.004761,-1.892090,-3.356934,-9.460449
22638,0.007690,-0.236572,0.980469,-1.586914,-3.417969,-10.009766
22651,-0.034302,-0.252441,0.938354,-1.159668,-3.051758,-10.009766
22660,-0.059814,-0.235718,0.969971,-1.403809,-2.624512,-9.399414
22670,-0.068359,-0.215698,1.000977,-1.586914,-2.441406,-9.094238
22679,-0.072998,-0.212524,1.001953,-1.525879,-2.319336,-8.666992
22689,-0.080200,-0.216553,0.985352,-1.342773,-2.258301,-8.605957
22699,-0.083252,-0.214478,0.969360,-1.281738,-2.197266,-9.521484
22709,-0.066895,-0.210937,0.974487,-1.281738,-2.136230,-10.559082
22719,-0.044067,-0.216431,0.973267,-0.976562,-1.525879,-10.803223
22729,-0.029175,-0.239990,0.963135,-1.098633,-1.586914,-11.230469
22739,-0.008301,-0.244385,0.983521,-1.159668,-1.464844,-11.230469
22748,0.005493,-0.257446,0.994507,-1.281738,-1.281738,-11.230469
22758,-0.016968,-0.265259,0.997070,-1.159668,-1.464844,-11.657715
22769,-0.029663,-0.273193,1.006836,-1.037598,-1.647949,-11.779785
22778,-0.009155,-0.271973,0.993530,-0.915527,-1.464844,-11.840820
22788,0.027588,-0.285889,0.973999,-1.098633,-1.525879,-11.230469
22800,0.006348,-0.278931,0.994141,-1.220703,-1.464844,-10.437012
22809,0.025635,-0.285767,0.983765,-1.281738,-1.525879,-10.314941
22819,0.035889,-0.281860,0.981567,-1.403809,-1.403809,-10.437012
22829,0.023804,-0.292114,0.963135,-1.342773,-1.525879,-10.803223
22838,0.029053,-0.305664,0.981934,-1.037598,-1.770020,-10.986328
22848,0.034424,-0.310303,1.002563,-1.037598,-1.770020,-11.779785
22858,0.010010,-0.299561,0.993408,-1.342773,-2.075195,-13.305664
22869,0.031860,-0.287964,0.968018,-1.342773,-2.624512,-13.916016
22879,0.036743,-0.276245,0.982300,-1.525879,-2.502441,-13.671875
22889,0.005493,-0.263550,0.967896,-1.708984,-3.173828,-13.549805
22899,-0.013306,-0.245239,0.963989,-1.525879,-3.051758,-13.122559
22909,0.026245,-0.236450,0.969727,-1.220703,-2.624512,-12.207031
22918,0.047485,-0.275757,1.005737,-1.037598,-2.380371,-11.413574
22928,0.015015,-0.306763,0.979858,-0.854492,-3.051758,-11.169434
22938,0.038452,-0.321655,0.925781,-1.525879,-2.929688,-10.375977
22949,0.011230,-0.273560,0.959717,-1.708984,-2.868652,-10.437012
22958,-0.026978,-0.265015,0.938599,-1.586914,-2.807617,-10.681152
22968,-0.004761,-0.268799,0.960083,-1.342773,-2.563477,-11.047363
22978,-0.004883,-0.359497,0.951782,-1.098633,-1.953125,-11.718750
22989,-0.084595,-0.352417,0.967285,-1.281738,-2.441406,-14.038086
22998,-0.071899,-0.271118,1.018555,-0.854492,-3.417969,-18.737793
23008,-0.104736,-0.251831,1.003174,-0.732422,-3.112793,-19.836426
23018,-0.128784,-0.160645,1.012451,-0.122070,-2.746582,-19.836426
23028,-0.048340,-0.286743,0.895508,0.427246,-2.014160,-18.554687
23038,-0.041870,-0.234009,0.978149,-0.244141,-1.464844,-17.089844
23048,0.012085,-0.195801,0.972290,-0.976562,-1.708984,-16.540527
23059,-0.007813,-0.180054,1.000122,-0.915527,-1.342773,-15.869141
23068,-0.038330,-0.125854,1.052612,-1.098633,-0.915527,-17.211914
23078,-0.002930,-0.164795,1.005615,-0.183105,-0.793457,-17.333984
23088,-0.041016,-0.109009,1.002197,-0.244141,-1.770020,-18.432617
23098,-0.081787,-0.102661,0.967163,-0.244141,-1.770020,-18.432617
23108,-0.073730,-0.029785,1.042236,-0.610352,-0.732422,-17.578125
23119,-0.083008,0.010742,0.994873,-0.671387,-0.488281,-17.517090
23128,-0.054932,-0.021484,1.011475,-0.244141,0.183105,-16.357422
23138,-0.078247,0.021240,1.031982,-0.427246,0.061035,-15.258789
23150,-0.001221,0.040527,0.992310,-0.671387,0.976562,-14.221191
23159,0.019531,0.088989,1.010620,-1.098633,0.854492,-13.305664
23168,0.019531,0.054199,0.993896,-1.098633,0.427246,-11.901855
23178,0.045044,0.060669,1.023315,-1.037598,0.488281,-9.338379
23189,0.047974,0.054932,1.027344,-1.403809,0.488281,-7.019043
23198,0.040771,0.023315,1.005493,-1.586914,0.976562,-4.333496
23208,-0.006226,0.060425,1.003540,-1.892090,1.770020,1.403809
23218,-0.078247,0.063477,0.994507,-2.014160,2.929688,3.112793
23228,-0.075073,0.038696,1.038452,-2.075195,2.990723,4.455566
23238,-0.075439,0.014038,1.067749,-2.075195,2.990723,5.187988
23248,-0.046021,-0.046875,1.028198,-1.770020,2.807617,5.737305
23258,0.007568,-0.005737,1.016235,-2.014160,2.563477,5.920410
23268,0.049072,0.020874,1.009521,-2.502441,2.746582,5.920410
23280,0.065796,-0.070557,0.924194,-2.197266,2.258301,4.577637
23290,0.095825,-0.023315,0.997437,-2.380371,1.281738,3.051758
23300,0.101440,-0.093018,1.042236,-2.380371,0.671387,1.403809
23309,0.039551,-0.126221,0.994873,-2.380371,-0.061035,-0.976562
23319,0.073486,-0.097290,0.993042,-2.380371,-0.915527,-3.906250
23329,0.080078,-0.045776,1.024170,-2.502441,-1.708984,-5.920410
23338,0.087524,-0.124634,0.997559,-2.136230,-2.197266,-7.446289
23348,0.058960,-0.169189,0.934326,-2.075195,-3.784180,-11.230469
23358,0.134399,-0.133301,0.971802,-2.319336,-4.455566,-12.756348
23368,0.062744,-0.165527,1.017090,-2.502441,-5.310059,-14.343262
23378,0.048462,-0.134888,0.980591,-2.624512,-5.371094,-15.747070
23388,0.023682,-0.086548,1.011353,-2.380371,-5.554199,-16.662598
23398,0.022339,-0.114258,1.012329,-2.014160,-5.981445,-18.066406
23408,0.021240,-0.144531,0.970459,-1.708984,-6.408691,-19.592285
23420,-0.013184,-0.129883,1.001587,-2.319336,-7.751465,-21.667480
23430,-0.058350,-0.133057,0.990234,-2.502441,-8.361816,-23.071289
23440,-0.059570,-0.097046,0.967163,-2.563477,-8.239746,-23.742676
23450,-0.101685,-0.085937,0.995239,-2.624512,-7.812500,-24.353027
23460,-0.126343,-0.107422,0.999878,-2.380371,-7.507324,-25.207520
23470,-0.114624,-0.158813,1.000000,-2.136230,-7.385254,-25.634766
23480,-0.119019,-0.126099,1.033936,-2.258301,-6.408691,-25.695801
23489,-0.145874,-0.122803,1.022949,-2.014160,-6.225586,-25.817871
23499,-0.147217,-0.118164,0.977539,-1.647949,-5.126953,-25.573730
23509,-0.120361,-0.106934,0.963501,-1.647949,-4.333496,-25.390625
23518,-0.112793,-0.116699,0.959351,-1.403809,-4.577637,-25.634766
23528,-0.097656,-0.160767,0.950806,-1.403809,-4.760742,-25.878906
23538,-0.078369,-0.128296,0.981689,-1.281738,-4.272461,-26.123047
23548,-0.089355,-0.100830,1.010864,-1.342773,-3.784180,-26.367187
23560,-0.063477,-0.118286,1.001099,-1.037598,-3.173828,-26.916504
23570,-0.097412,-0.057861,1.013672,-1.037598,-3.173828,-27.221680
23580,-0.084229,-0.095459,0.977051,-0.732422,-3.112793,-27.526855
23590,-0.064209,-0.138184,0.956421,-0.366211,-2.685547,-27.404785
23599,0.091431,-0.065308,1.018677,-0.549316,-2.807617,-27.160645
23609,-0.093262,-0.063232,1.009521,-0.793457,-2.868652,-26.733398
23619,0.057495,-0.130005,0.983276,-0.732422,-2.380371,-26.000977
23628,0.005737,-0.099976,1.025513,-0.854492,-2.746582,-25.024414
23638,0.036621,-0.097290,0.975708,-0.549316,-2.929688,-23.986816
23649,0.030640,-0.067017,1.004150,-0.976562,-2.990723,-22.888184
23658,0.011475,-0.044312,1.004761,-1.098633,-3.051758,-22.277832
23668,-0.064941,-0.072388,0.928223,-0.732422,-3.051758,-21.972656
23677,-0.041626,-0.084961,0.954346,-0.427246,-3.051758,-21.240234
23688,-0.059692,-0.054932,1.023560,-0.549316,-2.746582,-20.935059
23698,-0.116455,-0.051514,0.918457,-0.488281,-2.258301,-20.263672
23708,-0.062378,-0.153564,1.092163,-0.732422,-2.441406,-19.958496
23718,-0.102173,-0.004395,0.952271,-0.854492,-2.685547,-19.958496
23728,-0.054199,-0.149292,0.994629,-0.366211,-2.441406,-19.287109
23738,-0.064575,-0.092773,1.027222,-1.037598,-2.563477,-18.676758
23748,-0.069580,-0.024292,0.976196,-1.647949,-2.197266,-17.761230
23758,-0.070679,0.146606,0.962769,-1.525879,-1.281738,-16.052246
23768,-0.108154,-0.064331,0.837646,-0.732422,-0.366211,-13.488770
23783,-0.079346,-0.138550,1.118042,-0.305176,-0.915527,-14.038086
23793,-0.140747,-0.104614,1.015259,-0.366211,0.061035,-13.854980
23802,-0.112915,-0.094116,0.929443,-0.183105,-0.366211,-13.488770
23812,-0.135010,-0.120850,0.920044,0.183105,-0.854492,-12.817383
23822,-0.149414,-0.146851,1.082642,-0.427246,0.244141,-12.023926
23832,-0.099243,0.001221,1.075562,-1.281738,1.281738,-11.535645
23842,-0.126953,-0.026855,0.989624,-1.159668,1.464844,-11.169434
23852,-0.151245,0.004517,1.010742,-1.037598,1.220703,-11.352539
23861,-0.141235,0.033936,1.028931,-0.732422,0.732422,-11.596680
23871,-0.121094,-0.038574,0.989502,-0.305176,0.732422,-11.779785
23881,-0.080200,-0.117554,1.000366,0.061035,0.793457,-11.535645
23890,-0.070557,-0.108276,1.019653,0.122070,1.342773,-9.765625
23899,-0.098267,-0.157837,0.994507,0.122070,1.342773,-9.765625
23908,-0.127563,-0.156738,0.994019,0.122070,2.685547,-7.202148
23918,-0.084351,-0.147095,1.027710,0.183105,3.356934,-6.286621
23928,-0.061523,-0.159546,0.987183,0.427246,3.234863,-5.615234
23938,-0.083618,-0.132324,0.967163,0.427246,2.685547,-5.187988
23947,-0.086426,-0.079346,0.937500,0.122070,2.380371,-4.760742
23958,-0.092285,-0.090942,0.920288,0.122070,2.868652,-3.723145
23968,-0.083252,-0.098877,0.978271,-0.122070,3.295898,-2.685547
23977,-0.061401,-0.059326,1.015503,-0.244141,3.845215,-1.342773
23989,-0.091675,-0.118774,1.008789,0.427246,3.906250,0.854492
23999,-0.057251,-0.084229,1.003906,0.305176,3.723145,2.014160
24008,-0.074219,-0.118042,0.954224,0.549316,3.601074,3.479004
24018,-0.157715,-0.093018,0.925049,0.488281,4.150391,4.760742
24028,-0.121094,-0.039551,0.963379,0.183105,5.493164,6.103516
24038,-0.144775,-0.097290,0.975098,0.366211,6.469727,7.873535
24047,-0.175171,-0.091187,0.975220,0.427246,6.469727,8.666992
24059,-0.143799,-0.120728,1.007080,0.305176,6.591797,10.498047
24068,-0.177979,-0.102905,0.984009,0.183105,6.164551,11.108398
24077,-0.109619,-0.050537,1.031250,0.122070,6.591797,12.512207
24088,-0.146240,-0.099854,0.993896,0.305176,7.019043,14.465332
24097,-0.149780,-0.116211,0.981079,0.549316,7.690430,15.869141
24108,-0.088867,-0.098877,1.007568,0.183105,8.728027,17.822266
24117,-0.111328,-0.141235,0.976562,0.061035,9.216309,20.080566
24129,-0.108154,-0.055298,1.007935,-0.793457,9.704590,23.376465
24138,-0.166382,-0.082520,0.977783,-0.732422,10.375977,25.756836
24148,-0.198120,-0.094849,0.964966,-0.549316,11.169434,27.832031
24158,-0.174194,-0.049194,1.032104,-0.793457,12.207031,30.090332
24168,-0.212524,-0.093140,0.985840,-0.671387,13.061523,32.470703
24178,-0.224854,-0.101196,0.946899,-0.549316,13.427734,34.240723
24187,-0.169556,-0.066650,0.967407,-0.610352,14.038086,36.254883
24199,-0.169800,-0.086548,0.924561,-0.610352,14.343262,40.527344
24209,-0.145874,-0.056396,0.994629,-1.342773,15.380859,43.273926
24218,-0.161865,-0.114380,0.960571,-1.098633,16.235352,45.654297
24228,-0.158447,-0.057129,0.981323,-1.098633,16.784668,47.546387
24238,-0.137451,-0.082764,1.007568,-1.098633,17.578125,49.316406
24248,-0.156738,-0.149658,0.933105,-0.976562,17.761230,50.109863
24258,-0.157104,-0.120728,0.963501,-1.037598,17.700195,50.231934
24269,-0.099609,-0.164673,0.933594,-0.793457,18.188477,52.185059
24279,-0.054932,-0.117065,0.991577,-1.220703,18.249512,52.551270
24288,-0.050171,-0.111450,1.016602,-1.464844,18.371582,53.894043
24298,-0.060913,-0.159546,0.966309,-1.220703,18.615723,55.175781
24307,-0.044312,-0.084229,1.042236,-1.403809,18.981934,56.335449
24318,-0.039917,-0.157959,0.999146,-1.220703,19.226074,57.617187
24328,-0.041382,-0.161987,0.920288,-1.098633,18.737793,58.837891
24339,-0.029297,-0.144165,0.952881,-1.464844,18.981934,59.753418
24349,-0.007446,-0.126343,0.984131,-1.831055,18.798828,60.485840
24359,-0.030029,-0.155151,1.015015,-2.197266,18.798828,61.340332
24368,-0.016479,-0.142456,0.952026,-2.197266,18.493652,61.950684
24378,0.006592,-0.074463,1.024780,-2.624512,18.432617,62.927246
24388,-0.020264,-0.151245,0.989258,-2.380371,18.554687,63.781738
24398,-0.044678,-0.129028,0.993774,-2.563477,18.554687,64.819336
24409,-0.059570,-0.167358,0.975952,-2.441406,18.676758,65.063477
24419,-0.041870,-0.150513,1.011963,-2.624512,18.981934,65.246582
24428,-0.055054,-0.190674,0.954834,-2.563477,19.042969,65.490723
24438,-0.044067,-0.162842,1.018066,-2.807617,19.042969,65.551758
24448,-0.026123,-0.147339,0.990723,-2.990723,19.226074,65.734863
24458,-0.000854,-0.122681,1.008057,-2.746582,19.287109,65.979004
24468,0.004761,-0.158936,1.001709,-2.685547,19.226074,67.077637
24479,0.014526,-0.155396,1.013184,-2.502441,19.042969,67.871094
24489,0.015869,-0.170654,0.948364,-2.319336,18.798828,68.847656
24498,0.029541,-0.135376,1.023926,-2.441406,18.981934,69.702148
24508,0.007813,-0.192261,0.962036,-2.258301,18.920898,70.678711
24518,0.013428,-0.140503,1.010132,-2.075195,18.981934,71.166992
24528,-0.037231,-0.190796,0.961792,-2.014160,18.737793,71.838379
24540,-0.009644,-0.163452,0.971558,-1.708984,19.042969,72.875977
24550,0.020020,-0.110474,1.018921,-1.708984,19.165039,73.608398
24560,-0.018799,-0.164917,0.957397,-1.586914,19.226074,74.584961
24569,-0.010864,-0.118286,0.974243,-1.403809,19.653320,75.012207
24579,-0.038086,-0.176514,0.979492,-1.281738,19.592285,75.439453
24588,-0.009521,-0.139771,1.046997,-1.464844,19.653320,75.256348
24598,-0.006836,-0.129517,1.020386,-1.464844,20.080566,75.561523
24610,-0.030640,-0.124878,0.983643,-1.098633,19.958496,75.744629
24620,-0.011475,-0.162720,0.984863,-1.037598,19.897461,75.683594
24630,0.007568,-0.142334,1.002319,-1.037598,20.080566,76.110840
24639,0.032349,-0.123413,0.976196,-1.342773,20.935059,77.087402
24648,0.046631,-0.085571,1.017944,-1.159668,21.240234,78.125000
24658,0.046631,-0.148437,0.969116,-0.793457,21.362305,78.491211
24667,0.020996,-0.166504,1.000610,-0.610352,21.240234,78.674316
24679,0.038696,-0.190796,0.963623,-0.793457,20.935059,78.735352
24688,0.039917,-0.155396,1.003174,-0.427246,20.874023,78.918457
24698,0.028809,-0.158325,0.982910,-0.244141,20.629883,78.857422
24708,0.053711,-0.152954,0.993652,-0.244141,20.751953,79.467773
24718,0.054077,-0.149170,0.978638,-0.183105,20.874023,80.444336
24728,0.058105,-0.139526,1.015259,-0.061035,21.057129,81.359863
24738,0.089355,-0.171753,0.993896,0.305176,21.423340,82.397461
24749,0.073364,-0.180176,1.001831,0.854492,20.935059,83.557129
24758,0.088867,-0.145630,0.976074,1.220703,20.751953,83.984375
24769,0.116211,-0.150879,0.976807,1.586914,20.507812,84.228516
24778,0.080200,-0.121460,1.006226,2.014160,20.385742,84.777832
24787,0.076904,-0.092163,1.010864,2.258301,20.324707,85.266113
24798,0.106323,-0.094971,1.013550,2.807617,20.202637,86.059570
24808,0.103271,-0.104614,1.019897,3.234863,20.141602,86.914062
24818,0.073975,-0.084961,0.982544,3.479004,20.202637,87.646484
24829,0.130005,-0.093750,1.005737,3.723145,20.263672,89.538574
24838,0.104858,-0.084717,1.022827,4.272461,20.080566,90.087891
24847,0.117554,-0.052002,1.031250,4.821777,19.897461,90.332031
24858,0.156372,-0.107056,1.000366,5.310059,19.775391,90.698242
24867,0.149658,-0.137207,1.000366,5.920410,19.653320,90.698242
24878,0.121338,-0.112793,1.019531,6.042480,19.104004,89.904785
24888,0.162476,-0.127808,1.032593,6.591797,18.554687,87.524414
24899,0.166626,-0.100220,1.039917,7.568359,17.272949,85.815430
24909,0.153076,-0.148560,1.032471,8.239746,16.479492,83.679199
24918,0.175537,-0.157715,1.035522,8.850098,15.258789,80.932617
24928,0.178833,-0.148682,1.021240,9.033203,13.854980,78.247070
24938,0.177246,-0.166138,1.009277,9.399414,12.512207,75.378418
24948,0.176514,-0.171387,1.001343,9.887695,11.413574,72.265625
24957,0.128662,-0.156128,0.996338,10.253906,10.314941,69.396973
24969,0.175537,-0.150635,1.021484,10.375977,8.728027,65.185547
24978,0.150757,-0.088013,1.010132,10.314941,8.239746,63.537598
24988,0.141724,-0.100830,1.023193,10.437012,7.751465,62.194824
24998,0.183838,-0.073975,1.014404,10.192871,7.507324,61.035156
25008,0.164307,-0.058838,1.011597,10.375977,6.835937,59.936523
25017,0.173096,-0.032837,0.993530,10.559082,6.408691,58.227539
25029,0.171509,-0.059326,0.995117,10.498047,5.371094,54.016113
25039,0.151978,-0.033325,1.077393,10.314941,4.638672,51.391602
25048,0.153931,0.053345,1.049438,10.009766,3.723145,49.011230
25058,0.215576,0.047729,1.018677,10.009766,3.173828,46.997070
25068,0.258911,0.027832,1.020508,10.070801,2.563477,45.166016
25078,0.254883,0.081665,1.026489,10.131836,2.258301,44.006348
25088,0.242432,0.078491,1.027466,10.375977,2.075195,43.212891
25099,0.264160,0.079956,1.019531,10.314941,2.014160,42.541504
25108,0.270020,0.070679,1.011963,10.375977,2.075195,42.175293
25118,0.242310,0.051270,1.017334,10.681152,1.525879,41.809082
25128,0.177368,0.072876,1.025146,10.559082,1.159668,41.015625
25137,0.191528,0.039307,0.988647,10.681152,0.915527,40.161133
25148,0.190430,0.009277,0.990356,10.925293,1.037598,39.794922
25157,0.141235,0.047485,1.002686,10.864258,0.915527,39.733887
25167,0.133789,0.032837,1.002930,11.047363,1.037598,39.916992
25179,0.104248,0.048340,1.010864,10.986328,1.037598,40.771484
25188,0.148193,0.000000,0.975464,11.291504,1.281738,41.320801
25197,0.136108,0.004639,0.956909,11.535645,1.647949,41.687012
25208,0.125977,0.036133,0.998535,11.352539,1.953125,42.236328
25218,0.155273,0.017578,1.005005,11.230469,2.319336,42.480469
25227,0.160522,0.049438,0.992920,11.352539,2.746582,43.090820
25239,0.170044,0.062134,0.997192,11.840820,3.295898,44.616699
25248,0.131592,-0.006592,0.994873,12.145996,3.417969,44.921875
25258,0.127930,0.000000,0.995117,12.390137,3.295898,45.166016
25268,0.135376,-0.032593,1.000366,12.451172,3.356934,45.532227
25277,0.112427,0.002808,1.029907,12.573242,3.479004,45.776367
25288,0.108276,0.023071,1.035645,12.695313,3.601074,45.959473
25297,0.143799,0.009888,1.032593,12.939453,3.723145,46.142578
25309,0.116333,0.049072,1.047119,13.061523,4.150391,46.997070
25318,0.148804,-0.005005,0.987671,13.183594,4.577637,47.241211
25328,0.092529,0.048340,0.996460,12.817383,4.760742,47.546387
25338,0.145264,-0.002319,0.992187,12.512207,4.943848,47.668457
25348,0.149048,0.014404,1.009277,12.023926,5.126953,47.668457
25358,0.114380,0.085083,1.012939,11.657715,5.065918,47.485352
25368,0.167358,0.039429,0.988037,11.657715,5.126953,47.302246
25377,0.149902,0.023193,0.989136,11.596680,5.310059,47.119141
25389,0.204956,0.009399,0.979370,11.169434,5.126953,46.936035
25398,0.165039,0.071899,0.998413,10.925293,5.004883,46.997070
25407,0.181152,0.093140,0.994995,10.681152,4.943848,47.058105
25418,0.180176,0.051392,0.944946,10.864258,5.004883,47.424316
25427,0.115479,0.034912,0.958740,10.559082,5.249023,47.668457
25438,0.138550,0.022217,0.970215,10.131836,5.615234,48.034668
25447,0.154053,0.029785,0.985107,10.131836,5.859375,48.583984
25459,0.176025,0.076782,0.985840,9.643555,5.920410,49.072266
25469,0.196533,0.012085,0.851807,10.192871,6.347656,49.560547
25478,0.093018,0.070923,0.937134,9.887695,6.225586,50.292969
25488,0.099121,0.063965,0.973511,10.070801,6.469727,50.415039
25498,0.140259,-0.006226,0.950317,10.070801,6.774902,50.781250
25508,0.114258,0.033447,0.977783,9.521484,7.324219,51.391602
25520,0.187012,0.031982,0.975098,9.155273,7.507324,51.757812
25529,0.161377,0.104980,1.006470,9.460449,7.507324,52.185059
25539,0.191284,0.152588,1.015991,9.765625,7.568359,52.062988
25548,0.227417,0.043945,0.972290,10.803223,7.812500,52.490234
25557,0.134033,0.010620,0.968628,11.230469,7.812500,52.978516
25568,0.105347,0.008789,0.972900,11.352539,7.934570,53.039551
25578,0.159302,-0.042969,0.938477,11.230469,8.178711,53.100586
25587,0.140869,0.025757,0.967407,10.498047,8.300781,53.100586
25599,0.195312,0.036987,0.934814,10.314941,7.934570,53.466797
25609,0.159302,0.091187,0.981201,10.375977,7.812500,54.138184
25618,0.166138,0.070557,0.996704,10.314941,7.629395,54.382324
25627,0.203735,0.023804,0.995850,10.437012,7.812500,55.114746
25638,0.170044,0.076782,1.020264,10.131836,8.239746,55.847168
25648,0.187500,0.108032,1.006836,9.948730,8.483887,56.152344
25657,0.212036,0.094238,0.995605,10.314941,9.155273,56.701660
25669,0.215454,0.120972,1.009644,10.314941,9.155273,58.044434
25678,0.221191,0.046143,0.972534,10.986328,9.216309,58.959961
25688,0.171753,0.098633,0.998779,10.986328,9.094238,59.570312
25697,0.198608,0.100952,1.018066,11.352539,8.544922,60.058594
25708,0.210327,0.056274,0.994385,12.023926,8.666992,60.852051
25718,0.172607,0.084595,1.002441,12.207031,8.544922,61.462402
25727,0.203247,0.058472,0.984375,12.695313,8.728027,61.889648
25739,0.143555,0.036377,1.002441,12.817383,8.972168,63.110352
25748,0.185791,0.034058,0.962646,12.878418,8.911133,63.415527
25757,0.205811,0.000122,1.000732,13.183594,9.094238,63.720703
25767,0.143066,0.040039,1.061401,13.061523,9.094238,63.842773
25778,0.150879,0.056152,1.046143,13.183594,8.728027,63.354492
25788,0.173340,0.022827,1.038086,13.671875,8.911133,63.354492
25799,0.135010,0.064087,1.083374,14.282227,8.972168,62.438965
25808,0.179199,0.056396,1.055664,15.014648,9.155273,62.255859
25819,0.142212,0.091064,1.032959,15.380859,8.972168,62.316895
25828,0.221313,0.042603,0.999634,15.930176,8.850098,61.889648
25837,0.202759,-0.026489,0.980469,16.601562,8.422852,61.950684
25848,0.154419,-0.019287,0.973145,16.540527,7.751465,61.401367
25858,0.211426,-0.066528,0.935425,16.357422,7.324219,60.424805
25867,0.171631,-0.027222,0.964111,15.991211,7.141113,60.180664
25879,0.222778,0.017822,0.976929,15.075684,6.958008,58.044434
25888,0.219604,0.036987,0.989380,14.953613,6.652832,57.373047
25898,0.199585,0.102905,1.012817,14.770508,5.981445,56.762695
25908,0.272949,0.102295,0.988281,14.953613,5.798340,55.847168
25918,0.215332,0.109985,0.991577,15.075684,5.310059,55.541992
25927,0.200317,0.130615,0.997070,15.258789,4.882812,55.297852
25939,0.247681,0.071655,0.957153,15.441895,5.126953,56.152344
25948,0.168457,0.136963,1.008911,15.258789,5.493164,56.762695
25959,0.218994,0.086548,0.978149,15.380859,5.676270,57.189941
25968,0.180176,0.110718,0.994629,15.258789,6.042480,57.922363
25977,0.182495,0.102417,1.025146,15.808105,5.981445,58.410645
25987,0.232056,0.075562,1.015015,16.113281,5.981445,58.654785
25998,0.188843,0.127563,1.038940,16.235352,6.103516,58.959961
26010,0.209473,0.036499,0.997070,17.089844,6.286621,59.570312
26019,0.186646,0.104858,1.040649,17.150879,6.408691,60.241699
26029,0.221313,0.100464,1.040527,17.089844,6.469727,60.241699
26038,0.240601,0.080322,1.028076,17.517090,6.530762,60.791016
26047,0.202271,0.090332,1.043701,17.639160,6.408691,61.035156
26058,0.254150,0.029907,1.006348,18.432617,6.103516,60.791016
26068,0.211670,-0.010498,0.963501,18.920898,5.676270,60.485840
26080,0.182251,-0.075073,0.991089,18.859863,4.943848,58.471680
26090,0.160889,-0.073975,0.976807,18.676758,4.699707,57.312012
26099,0.127563,-0.013916,0.988037,18.371582,3.967285,56.335449
26108,0.191772,-0.022339,0.976318,18.066406,3.845215,55.603027
26117,0.186279,-0.012939,1.003418,18.188477,3.784180,54.992676
26128,0.175659,0.041138,1.027832,17.761230,3.479004,54.199219
26138,0.232178,0.022583,1.042847,17.883301,3.784180,53.466797
26147,0.224487,0.051147,1.027588,18.188477,3.662109,53.222656
26159,0.233398,0.077026,1.015991,18.493652,3.356934,51.879883
26168,0.185181,0.004883,1.012329,20.080566,3.295898,51.452637
26177,0.175659,-0.017334,1.037354,20.446777,3.234863,50.964355
26188,0.172119,-0.040771,1.022705,20.507812,3.051758,50.231934
26198,0.131836,-0.017578,1.018555,20.385742,2.868652,49.621582
26208,0.161011,0.000977,0.989624,20.385742,2.319336,48.400879
26217,0.224854,0.008179,0.970337,20.507812,1.953125,47.424316
26229,0.197510,0.024902,1.016357,20.629883,1.770020,46.203613
26239,0.217896,0.022827,1.000732,20.812988,1.647949,45.837402
26248,0.201416,0.042969,1.013794,20.690918,1.831055,45.349121
26257,0.239014,0.015259,0.996948,20.568848,1.708984,45.166016
26267,0.203735,0.052246,0.980103,20.202637,1.586914,44.494629
26278,0.205444,0.032715,0.968628,20.019531,1.586914,44.006348
26287,0.243896,0.010010,0.967041,19.653320,1.464844,43.518066
26299,0.244873,0.031860,0.954346,19.165039,0.793457,42.419434
26309,0.254028,0.053955,0.920776,18.615723,0.244141,41.992187
26318,0.233032,0.080200,0.922729,18.493652,0.000000,41.442871
26327,0.274902,0.055786,0.920532,18.310547,-0.061035,40.832520
26338,0.233154,0.044067,0.934204,18.066406,-0.610352,40.466309
26347,0.228271,0.009644,0.944824,18.005371,-1.037598,39.916992
26359,0.271973,0.035278,0.932495,16.662598,-1.403809,39.550781
26368,0.242798,0.061646,0.937378,16.418457,-1.342773,39.489746
26379,0.190063,0.069336,0.948975,15.930176,-0.976562,39.428711
26388,0.178101,0.071411,0.986450,15.747070,-0.488281,39.672852
26397,0.205933,0.051147,0.968262,15.808105,-0.244141,39.978027
26408,0.157471,0.100830,0.984253,15.319824,-0.244141,40.161133
26418,0.178833,0.066284,0.984863,15.136719,0.061035,40.405273
26427,0.220093,0.031982,0.941528,15.136719,0.488281,40.405273
26439,0.207153,0.016846,0.975342,15.075684,0.549316,40.161133
26448,0.177612,0.029053,0.990356,15.136719,0.244141,40.161133
26457,0.149170,0.032227,0.979370,14.892578,-0.305176,39.855957
26468,0.179565,-0.028564,0.946411,15.136719,-0.183105,39.550781
26477,0.135620,0.013550,0.975464,14.526367,0.427246,39.672852
26487,0.171631,0.001831,1.003052,14.160156,0.488281,39.550781
26499,0.187744,0.047607,0.998901,13.366699,0.427246,39.367676
26508,0.231323,0.062744,0.949097,13.488770,0.488281,39.245605
26518,0.200806,0.081299,0.987305,13.244629,0.732422,39.367676
26528,0.200317,0.081421,1.004150,13.000488,0.671387,39.184570
26537,0.242676,0.031616,0.976318,12.695313,0.671387,39.062500
26547,0.202026,0.094116,0.980957,12.390137,0.793457,39.001465
26558,0.223511,0.072632,0.986816,12.207031,0.854492,39.123535
26567,0.228882,0.067871,0.956421,11.962891,0.732422,39.367676
26579,0.221069,0.039429,0.977783,11.718750,1.220703,39.672852
26588,0.190308,0.109375,0.991577,11.108398,1.220703,39.794922
26597,0.190430,0.089844,0.989502,10.986328,1.159668,39.794922
26608,0.224121,0.075928,0.987061,11.047363,1.220703,40.161133
26618,0.165894,0.155518,0.999146,10.864258,1.098633,40.161133
26627,0.217407,0.088989,0.976807,11.413574,1.281738,40.222168
26639,0.184814,0.092041,0.984253,10.925293,1.464844,40.893555
26648,0.188721,0.040405,0.983521,11.230469,1.708984,41.442871
26659,0.166504,0.091675,1.020020,10.864258,2.258301,42.175293
26668,0.192505,0.089844,1.017090,10.864258,2.563477,42.602539
26677,0.193970,0.037231,0.985718,11.169434,2.990723,43.212891
26688,0.141602,0.088135,1.001831,11.230469,3.051758,43.762207
26698,0.180664,0.067139,0.996948,11.474609,3.479004,44.006348
26707,0.162354,0.040405,1.005737,11.840820,3.601074,44.433594
26719,0.169922,-0.013916,0.974365,12.023926,3.662109,44.982910
26728,0.132202,0.004150,0.988037,11.962891,4.211426,45.593262
26737,0.090454,0.038574,0.990845,11.779785,4.577637,46.203613
26747,0.173218,-0.029785,0.972656,11.901855,5.249023,46.569824
26758,0.121338,0.025879,0.990845,11.657715,5.493164,47.180176
26767,0.181885,0.031860,0.984497,11.352539,5.615234,48.217773
26779,0.188110,0.009277,0.961182,11.474609,5.920410,50.231934
26788,0.213379,0.026123,1.027344,11.535645,6.103516,51.330566
26798,0.171997,-0.017456,0.999023,11.474609,6.652832,52.795410
26808,0.155273,0.029297,0.999268,10.986328,6.958008,53.894043
26817,0.230835,0.023193,0.925659,11.047363,7.263184,55.297852
26828,0.196777,0.109375,0.992065,11.169434,7.568359,56.457520
26837,0.176025,0.057129,0.982544,11.840820,7.446289,57.373047
26849,0.130859,-0.019775,0.972168,12.390137,7.141113,58.471680
26858,0.150513,-0.052246,1.009888,12.207031,7.385254,58.593750
26868,0.130005,0.008423,1.000977,12.084961,8.239746,59.143066
26878,0.139160,0.075073,0.993652,11.840820,8.972168,59.753418
26887,0.171509,0.034790,0.982300,12.207031,9.460449,60.485840
26898,0.125977,0.062012,1.024414,12.329102,9.948730,60.729980
26907,0.176392,-0.006348,1.017456,12.573242,9.399414,60.424805
26919,0.186890,-0.021118,1.022949,12.939453,8.728027,58.471680
26928,0.188843,0.032227,1.047852,13.366699,8.239746,57.373047
26938,0.180786,0.116455,1.115112,13.793945,8.117676,56.457520
26948,0.170166,0.142578,1.098022,14.343262,7.934570,55.908203
26957,0.260376,0.098267,1.074585,15.258789,7.812500,55.725098
26968,0.192261,0.140991,1.128296,15.808105,7.751465,55.664062
26978,0.242432,0.103638,1.098633,16.601562,7.751465,55.480957
26987,0.271118,0.080322,1.047363,17.150879,7.385254,55.236816
26999,0.173828,-0.017944,0.932983,18.188477,7.385254,55.297852
27008,0.133423,-0.039795,0.934937,18.188477,7.995605,55.603027
27018,0.121338,-0.053711,0.966797,18.066406,8.605957,56.213379
27027,0.138062,-0.069702,0.966431,18.188477,8.300781,56.701660
27038,0.105469,-0.018188,0.966675,17.944336,7.995605,57.312012
27048,0.167603,0.002441,0.989502,17.761230,8.056641,57.983398
27057,0.209717,0.044434,1.010010,18.005371,8.239746,59.020996
27068,0.251465,0.036743,1.047852,18.371582,7.873535,61.096191
27078,0.228882,0.041992,1.014038,18.981934,7.751465,62.072754
27088,0.196533,-0.013306,0.991089,19.348145,8.117676,62.988281
27097,0.129272,0.022217,0.967041,19.042969,8.789063,63.720703
27107,0.127563,-0.031372,0.978760,18.859863,9.521484,64.208984
27118,0.119019,-0.001709,0.994507,18.493652,9.887695,65.063477
27127,0.072632,0.015869,1.043823,18.371582,9.887695,65.795898
27139,0.117920,0.057983,1.051880,18.310547,9.033203,67.321777
27148,0.196533,0.045288,1.047729,18.737793,9.155273,68.176270
27158,0.183105,0.065796,1.024414,19.042969,9.399414,69.030762
27168,0.201050,0.037109,1.021362,19.226074,9.643555,69.580078
27177,0.190186,0.026123,0.990845,19.592285,10.253906,70.251465
27187,0.138428,-0.038208,0.996948,19.836426,10.742188,70.434570
27199,0.174194,-0.029907,1.007935,19.897461,9.887695,70.129395
27208,0.158936,0.004272,1.068115,20.202637,9.155273,69.152832
27218,0.200806,0.013062,1.049438,20.629883,8.239746,68.542480
27227,0.241089,0.015137,1.042480,21.362305,7.507324,68.054199
27238,0.240601,0.029053,1.028931,21.850586,7.141113,67.565918
27247,0.227295,0.008545,1.046753,22.094727,6.591797,66.955566
27258,0.267456,0.011353,1.032227,22.644043,6.408691,66.528320
27269,0.193481,-0.014038,1.013306,23.254395,5.310059,65.429687
27278,0.151489,-0.029907,0.980103,23.681641,4.760742,64.697266
27288,0.148804,-0.065796,0.975708,23.925781,4.821777,63.903809
27298,0.140381,-0.006714,1.011597,24.047852,4.577637,63.476562
27307,0.148437,-0.031128,1.067871,24.047852,4.150391,62.561035
27318,0.186279,-0.007935,1.023193,24.536133,3.845215,62.255859
27327,0.178345,-0.044800,0.985229,24.658203,3.479004,61.950684
27339,0.197754,-0.030762,0.992920,25.512695,2.929688,61.950684
27348,0.173218,-0.063965,0.964844,25.939941,2.624512,62.011719
27358,0.119141,-0.091553,0.952026,26.184082,2.258301,61.828613
27367,0.098511,-0.092041,0.987061,26.123047,1.953125,61.584473
27378,0.148071,-0.012085,1.034546,26.000977,2.319336,61.828613
27388,0.150391,-0.024048,1.033203,26.184082,2.441406,62.011719
27397,0.176514,0.060059,1.002075,26.245117,2.075195,62.255859
27409,0.177246,0.015259,1.010620,27.770996,1.770020,64.025879
27418,0.162720,-0.073730,0.945068,28.381348,1.464844,64.941406
27429,0.173340,-0.069702,0.994019,28.625488,1.403809,65.979004
27438,0.111450,-0.032837,1.025146,28.198242,1.403809,67.077637
27447,0.107788,-0.048828,0.963379,28.259277,1.281738,68.237305
27457,0.080444,-0.072876,0.965088,27.893066,1.037598,68.908691
27468,0.090332,-0.072754,0.975830,27.587891,0.671387,69.396973
27480,0.066406,-0.019165,1.093506,26.794434,0.976562,70.129395
27490,0.095215,-0.007202,1.037109,26.184082,1.220703,70.312500
27499,0.079346,0.068359,1.080322,25.817871,1.525879,70.739746
27508,0.148193,0.132812,1.054688,25.573730,0.976562,70.861816
27517,0.147827,0.097290,1.057007,25.878906,0.793457,70.861816
27528,0.174805,0.069092,0.977905,26.245117,0.549316,70.800781
27537,0.130371,0.019287,0.986084,26.306152,-0.244141,70.495605
27549,0.127319,0.025879,0.989502,25.512695,-1.342773,69.335937
27558,0.096558,0.038086,1.027466,24.902344,-1.342773,68.359375
27568,0.081543,0.011108,1.011597,24.414062,-1.708984,67.626953
27578,0.132080,0.039673,1.038818,23.498535,-1.892090,66.650391
27588,0.135620,0.057739,1.028931,23.254395,-2.197266,65.490723
27598,0.107910,0.078247,1.044312,22.888184,-2.746582,64.086914
27607,0.090698,0.061035,1.003418,22.644043,-3.417969,62.438965
27619,0.161865,0.027466,1.041748,22.216797,-4.638672,59.082031
27628,0.197510,0.114746,1.091675,21.728516,-5.065918,57.434082
27638,0.182129,0.098755,1.032471,22.094727,-5.615234,56.396484
27647,0.212280,0.143311,1.101807,22.216797,-5.920410,55.297852
27658,0.163208,0.177856,1.131470,22.583008,-6.408691,54.138184
27667,0.234741,0.206787,1.176880,22.949219,-6.408691,53.344727
27678,0.178589,0.075317,1.031250,23.742676,-6.958008,52.307129
27690,0.150269,0.044800,1.019165,23.864746,-8.483887,49.255371
27700,0.213135,0.109375,1.016357,23.376465,-8.911133,47.668457
27709,0.177612,0.012573,0.980591,23.376465,-9.643555,45.593262
27718,0.241211,0.034424,0.964233,22.888184,-10.559082,43.151855
27728,0.250854,0.073242,1.017822,22.155762,-10.864258,41.564941
27738,0.251343,0.150635,1.041748,21.606445,-11.169434,40.039062
27747,0.303589,0.034546,0.995239,21.789551,-11.596680,38.024902
27759,0.296265,0.005615,1.034790,21.606445,-12.878418,33.203125
27768,0.270630,0.113770,1.090210,21.362305,-13.671875,29.846191
27778,0.298218,0.015137,1.017944,21.850586,-14.892578,25.939941
27788,0.313110,-0.036743,1.004883,22.460937,-16.235352,21.972656
27798,0.292847,-0.078857,0.969238,22.583008,-18.005371,17.639160
27808,0.346191,-0.148560,0.907837,22.766113,-19.409180,13.061523
27817,0.337891,-0.177002,0.848145,22.277832,-20.629883,8.483887
27830,0.376831,-0.196533,0.821045,20.202637,-22.644043,0.610352
27839,0.411499,-0.164307,0.799805,18.859863,-23.864746,-3.845215
27849,0.390015,-0.153809,0.797974,17.639160,-24.902344,-7.019043
27858,0.417603,-0.084106,0.854614,16.174316,-26.000977,-10.131836
27868,0.424683,-0.116577,0.892090,15.319824,-26.428223,-13.732910
27877,0.448364,-0.076172,0.877441,14.770508,-27.221680,-17.333984
27888,0.409912,-0.119141,0.900146,14.038086,-28.015137,-20.507812
27898,0.426270,-0.024170,0.897095,13.427734,-28.869629,-27.709961
27909,0.383057,0.045532,0.963135,12.145996,-29.846191,-31.188965
27918,0.330811,-0.035767,0.934937,11.657715,-29.724121,-33.691406
27928,0.299561,-0.026489,0.854980,10.925293,-29.907227,-36.132812
27938,0.281128,0.055542,0.871094,9.338379,-29.663086,-37.780762
27947,0.268799,0.137573,0.921143,7.751465,-28.869629,-38.452148
27958,0.287964,0.119995,0.964722,7.202148,-28.076172,-38.024902
27970,0.290405,0.103394,0.993896,5.981445,-26.489258,-35.217285
27980,0.289673,0.111572,0.982666,5.493164,-25.817871,-33.386230
27989,0.289917,0.149170,1.001587,4.943848,-25.146484,-31.188965
27998,0.321289,0.171631,0.978638,4.699707,-24.353027,-28.564453
28008,0.336060,0.078735,0.924683,4.699707,-23.681641,-25.085449
28017,0.296631,0.022827,0.865845,4.516602,-23.193359,-21.423340
28028,0.228394,0.066162,0.940552,3.784180,-23.071289,-18.066406
28037,0.206299,0.039917,0.989868,3.845215,-22.216797,-14.343262
28049,0.108276,-0.149414,0.937988,3.906250,-19.836426,-7.385254
28059,0.039063,-0.136597,0.946167,3.479004,-19.104004,-5.310059
28069,0.038940,-0.151123,0.912476,3.234863,-18.249512,-3.234863
28078,0.044434,-0.164307,0.920288,2.990723,-16.906738,-1.342773
28088,0.024658,-0.235596,0.961914,3.173828,-16.235352,0.366211
28097,-0.018921,-0.269165,0.939331,3.173828,-15.625000,1.953125
28110,0.014648,-0.270508,0.951416,2.990723,-14.221191,5.065918
28119,0.036621,-0.272583,0.961670,2.807617,-13.610840,6.408691
28129,0.060059,-0.271362,0.971924,3.234863,-13.061523,7.446289
28138,0.058472,-0.326416,0.979614,4.089355,-13.061523,7.934570
28148,0.052124,-0.340942,0.989014,4.272461,-13.244629,7.690430
28158,0.063965,-0.335815,0.986816,4.455566,-13.427734,7.263184
28168,0.139648,-0.311157,0.984741,4.394531,-12.939453,6.591797
28177,0.167358,-0.333740,0.965332,4.516602,-13.000488,3.112793
28189,0.172119,-0.325073,1.009644,4.577637,-15.014648,0.488281
28198,0.166870,-0.234985,1.078613,4.150391,-16.052246,-2.258301
28208,0.190918,-0.216797,1.046997,4.089355,-16.479492,-4.943848
28217,0.209961,-0.197388,1.004272,3.601074,-17.089844,-7.263184
28228,0.233643,-0.133057,0.987671,3.112793,-17.211914,-9.033203
28238,0.254272,-0.147583,0.981812,2.502441,-17.944336,-11.047363
28247,0.263428,-0.168579,0.931030,2.197266,-18.798828,-12.878418
28259,0.246216,-0.043701,1.033813,1.220703,-19.958496,-16.174316
28269,0.280029,-0.144287,1.000854,0.488281,-20.385742,-17.700195
28278,0.277344,-0.106323,0.976196,-0.061035,-20.690918,-19.470215
28288,0.259033,-0.069214,1.033813,-0.549316,-21.301270,-21.240234
28298,0.245605,-0.133057,1.068726,-0.610352,-21.789551,-23.559570
28308,0.175781,-0.175171,1.035278,-0.793457,-22.277832,-26.062012
28318,0.157959,-0.177368,0.991211,-1.220703,-22.033691,-31.372070
28328,0.118896,-0.213501,0.967529,-1.708984,-21.667480,-33.752441
28338,0.135864,-0.191284,0.964844,-2.258301,-21.728516,-36.071777
28348,0.154785,-0.213623,0.932983,-2.319336,-21.972656,-37.963867
28358,0.140625,-0.264038,0.941284,-2.441406,-21.850586,-39.733887
28367,0.156616,-0.248047,0.938843,-2.258301,-21.789551,-41.381836
28378,0.147827,-0.252808,0.935669,-2.136230,-21.362305,-42.480469
28388,0.149292,-0.210937,0.932007,-1.892090,-20.324707,-43.762207
28398,0.121582,-0.254883,0.858398,-1.464844,-19.531250,-44.372559
28408,0.118896,-0.200317,0.931396,-1.342773,-19.042969,-44.616699
28418,0.132202,-0.246338,0.945068,-1.220703,-18.493652,-44.250488
28428,0.145752,-0.206177,1.025269,-0.610352,-18.066406,-44.616699
28438,0.153564,-0.262695,1.014282,0.061035,-18.310547,-45.043945
28448,0.133057,-0.351685,0.935059,0.549316,-18.249512,-45.532227
28458,0.166504,-0.299194,0.950684,0.793457,-17.700195,-45.715332
28467,0.159546,-0.232910,0.968262,0.366211,-16.235352,-44.921875
28478,0.136353,-0.175781,0.999390,0.793457,-15.625000,-44.067383
28488,0.084106,-0.205322,0.964111,1.220703,-14.953613,-42.602539
28497,0.099976,-0.225952,0.975586,1.647949,-14.099121,-41.015625
28508,0.070923,-0.145386,0.990845,1.464844,-13.793945,-39.489746
28518,0.050415,-0.149170,0.939087,1.159668,-12.817383,-37.597656
28530,0.021973,-0.167358,0.910767,1.037598,-11.108398,-34.362793
28540,0.015503,-0.064209,0.934692,0.488281,-9.826660,-32.226562
28549,0.009521,0.078125,1.054443,0.122070,-8.422852,-30.212402
28559,-0.024414,0.090088,1.010010,0.610352,-7.446289,-28.930664
28568,-0.046631,-0.033081,1.068359,1.037598,-6.652832,-28.015137
28578,-0.066895,-0.111328,1.010132,1.220703,-5.798340,-27.465820
28588,-0.078613,-0.166626,0.974365,1.342773,-5.371094,-27.465820
28598,-0.036987,-0.115356,1.000977,0.915527,-4.699707,-26.428223
28608,-0.037354,-0.069336,0.943359,0.488281,-3.906250,-24.841309
28619,0.018799,-0.089966,1.013306,-0.061035,-3.173828,-22.888184
28628,-0.009521,-0.134521,0.979614,-0.244141,-2.624512,-20.629883
28638,-0.017700,-0.175171,1.052002,-0.183105,-1.403809,-17.944336
28648,-0.008423,-0.135376,1.039795,-0.061035,-0.244141,-15.258789
28659,-0.010132,-0.104980,1.020508,-0.122070,0.427246,-12.939453
28668,0.006714,-0.072632,1.025024,0.305176,0.671387,-9.826660
28678,0.007202,-0.172485,0.992065,0.366211,0.976562,-8.422852
28688,0.021606,-0.088867,1.026611,0.244141,1.037598,-7.385254
28698,0.012817,-0.098022,0.987183,-0.061035,1.403809,-6.225586
28709,-0.000854,-0.197144,0.953735,-0.183105,1.708984,-4.638672
28719,0.010864,-0.145630,0.965576,-0.427246,2.075195,-2.746582
28728,-0.015259,-0.093628,0.957764,-0.732422,2.136230,-0.915527
28740,-0.046265,-0.013672,0.999146,-0.610352,2.685547,2.441406
28749,-0.086304,-0.076904,0.974609,-0.366211,3.601074,3.845215
28759,-0.067749,-0.065186,1.006714,-0.244141,3.906250,5.249023
28768,-0.120850,-0.088501,0.964966,-0.183105,4.211426,7.324219
28778,-0.086060,-0.041626,1.083130,-0.122070,4.699707,9.521484
28788,-0.102295,0.017456,1.052246,0.183105,5.371094,12.023926
28798,-0.096680,-0.062988,1.031128,0.366211,6.164551,14.831543
28812,-0.107544,-0.098389,0.997437,0.122070,6.347656,18.615723
28822,-0.089355,-0.056763,1.167480,-0.366211,5.615234,19.836426
28832,-0.089966,-0.091309,1.051758,0.488281,6.408691,20.874023
28841,-0.107178,-0.177979,0.940552,1.220703,6.164551,21.728516
28851,-0.145630,-0.200928,0.862183,1.220703,6.469727,22.094727
28860,-0.119751,-0.172607,0.813843,-0.305176,6.774902,23.132324
28870,-0.170776,-0.250854,0.750854,-1.647949,6.103516,22.277832
28879,-0.040527,-0.114380,1.025513,-2.746582,6.408691,22.155762
28889,-0.056030,-0.113037,1.088501,-2.990723,5.737305,22.094727
28898,-0.043945,-0.156494,1.060669,-2.319336,4.455566,21.118164
28908,0.012817,-0.257080,0.939697,-1.831055,3.967285,20.568848
28918,0.036499,-0.265381,0.892944,-2.075195,3.967285,20.812988
28928,0.042725,-0.173218,0.918335,-2.441406,3.356934,21.057129
28940,-0.019043,-0.074585,0.968872,-2.990723,2.502441,21.545410
28949,-0.038208,-0.172241,1.019043,-2.746582,2.075195,20.996094
28959,-0.002808,-0.289063,0.989746,-2.136230,2.319336,20.385742
28968,-0.030762,-0.255249,1.018066,-2.258301,1.708984,19.470215
28978,-0.067017,-0.181396,0.938354,-2.502441,0.854492,18.066406
28988,-0.031616,-0.210815,0.940796,-2.502441,0.427246,16.601562
28998,0.005371,-0.210205,0.913086,-2.624512,0.122070,15.136719
29009,0.080322,-0.235229,1.010254,-2.746582,-0.488281,13.610840
29018,0.083984,-0.178223,1.006226,-2.685547,-2.014160,11.108398
29028,0.094971,-0.191772,0.924561,-2.441406,-2.502441,9.948730
29038,0.054199,-0.247559,0.932617,-2.685547,-3.112793,8.728027
29048,0.038818,-0.212646,1.005615,-3.173828,-3.723145,7.141113
29058,0.019653,-0.184326,0.985229,-3.295898,-4.272461,5.859375
29068,0.006592,-0.171509,1.028564,-3.112793,-4.760742,4.760742
29079,0.012329,-0.219360,0.990967,-2.685547,-5.187988,3.662109
29088,0.004395,-0.246948,0.923950,-3.173828,-5.615234,2.258301
29098,0.036377,-0.175293,1.021362,-3.356934,-5.737305,2.380371
29109,-0.017944,-0.185547,0.982422,-3.295898,-5.432129,2.380371
29119,-0.006592,-0.236938,1.025269,-3.295898,-5.004883,2.624512
29128,-0.020874,-0.192139,1.027344,-3.295898,-4.699707,2.990723
29138,-0.030273,-0.213501,0.992920,-3.295898,-4.699707,3.112793
29149,-0.043457,-0.281250,0.972168,-3.540039,-5.065918,3.051758
29158,-0.068359,-0.205078,0.972290,-3.662109,-5.249023,2.441406
29170,-0.105103,-0.226440,0.976074,-4.089355,-4.943848,2.502441
29179,-0.100220,-0.147827,1.055420,-4.394531,-4.333496,3.051758
29189,-0.144897,-0.085449,1.026978,-4.150391,-3.540039,3.784180
29198,-0.156860,-0.222412,0.954834,-3.784180,-2.685547,4.882812
29208,-0.177490,-0.230957,0.922119,-3.845215,-1.770020,5.432129
29219,-0.164917,-0.185059,1.004395,-4.089355,-1.098633,5.371094
29228,-0.181396,-0.218994,0.964478,-5.310059,-1.037598,3.906250
29240,-0.145386,0.026855,1.055054,-5.432129,-0.854492,2.929688
29249,-0.078979,-0.047729,1.000854,-4.638672,-0.854492,2.075195
29259,-0.093140,-0.125244,0.947632,-4.577637,-1.220703,1.281738
29268,-0.046143,0.025879,1.042725,-4.577637,-1.098633,0.488281
29278,-0.017090,0.078247,0.980225,-4.150391,-0.793457,0.061035
29289,0.046387,-0.079590,0.948853,-2.929688,-0.427246,-0.427246
29298,0.068848,-0.054321,1.059326,-1.953125,-1.647949,-2.624512
29310,0.061768,-0.178833,0.956177,-1.464844,-2.380371,-4.577637
29319,0.031982,-0.142578,0.946655,-1.098633,-2.441406,-6.164551
29329,0.055054,-0.206787,0.909302,-0.976562,-2.075195,-7.080078
29339,0.016479,-0.188232,0.978760,-1.037598,-2.319336,-8.361816
29348,0.038818,-0.145020,1.005615,-0.976562,-2.807617,-10.437012
29360,-0.015015,-0.218262,0.947754,-0.854492,-3.356934,-14.282227
29370,0.070190,-0.124268,1.038208,-1.037598,-2.746582,-15.441895
29379,0.110962,-0.257813,0.947510,-0.854492,-2.929688,-16.418457
29388,0.212646,-0.222778,1.002686,-0.915527,-3.356934,-17.089844
29398,0.236084,-0.176514,1.041626,-0.915527,-4.089355,-17.333984
29408,0.226440,-0.187744,0.964722,-0.915527,-4.333496,-17.517090
29419,0.192627,-0.151367,1.021484,-0.671387,-4.577637,-17.272949
29428,0.083984,-0.164307,0.992432,-0.427246,-4.821777,-17.700195
29438,0.085449,-0.176880,0.994873,0.305176,-5.065918,-18.676758
29450,-0.045654,-0.158447,0.931396,-0.183105,-4.943848,-18.310547
29460,-0.030273,-0.032227,1.012695,-0.793457,-4.211426,-17.883301
29469,-0.063965,-0.010132,1.040405,-0.732422,-3.417969,-17.211914
29479,-0.059570,-0.117920,1.035645,-0.549316,-2.868652,-16.235352
29489,-0.048584,-0.071045,1.010864,-0.488281,-2.197266,-15.197754
29498,-0.017944,-0.047363,0.960449,-0.427246,-1.525879,-14.099121
29509,-0.006592,-0.087646,0.993652,-0.671387,-0.793457,-11.474609
29518,-0.068848,-0.049194,1.008179,-0.671387,-0.305176,-9.704590
29528,-0.056519,-0.059937,0.998413,-0.671387,0.671387,-8.117676
29539,-0.063721,-0.123047,0.950317,-0.610352,1.647949,-6.835937
29549,-0.113892,-0.124023,0.980103,-0.488281,2.197266,-5.554199
29558,-0.158325,-0.129761,0.986084,-0.488281,2.563477,-4.638672
29568,-0.158447,-0.160278,0.979126,-0.122070,2.990723,-4.333496
29578,-0.143921,-0.126099,1.066528,0.366211,4.089355,-3.723145
29590,-0.122070,-0.092285,1.188354,0.915527,4.699707,-3.479004
29599,-0.122437,-0.234497,1.051758,1.647949,4.760742,-3.234863
29609,-0.079712,-0.271240,0.909058,1.647949,5.310059,-2.868652
29619,-0.005737,-0.278687,0.828125,1.281738,5.676270,-2.258301
29628,-0.009277,-0.261353,0.831421,0.793457,5.798340,-1.770020
29640,-0.009521,-0.211670,0.909058,-0.671387,5.737305,-1.831055
29649,0.042480,-0.085205,1.116089,-0.488281,5.798340,-2.258301
29659,0.050293,-0.205322,1.069336,0.610352,5.615234,-3.112793
29669,0.031006,-0.237671,1.085571,1.159668,4.821777,-4.333496
29678,0.050293,-0.226685,1.042969,1.037598,4.272461,-5.981445
29689,0.057007,-0.215454,1.000244,0.915527,3.723145,-7.141113
29698,0.062622,-0.244751,1.027100,1.281738,3.723145,-7.690430
29708,0.017822,-0.324585,0.940308,1.586914,3.723145,-7.995605
29720,0.027222,-0.378296,0.696289,1.525879,4.150391,-7.690430
29729,0.090210,-0.231323,0.878906,-1.159668,4.455566,-7.385254
29739,0.113647,-0.210693,0.988892,-2.197266,3.906250,-7.385254
29749,0.144165,-0.128052,1.153564,-2.441406,3.479004,-7.873535
29758,0.112549,-0.256836,1.073730,-1.525879,2.685547,-9.460449
29769,0.137939,-0.178589,1.112671,-0.671387,2.197266,-11.718750
29779,0.086914,-0.320679,0.967407,-0.305176,1.281738,-14.526367
29788,0.128906,-0.241699,0.979248,-1.037598,0.854492,-14.831543
29798,0.151489,-0.217529,0.888428,-0.854492,0.854492,-14.526367
29809,0.094116,-0.155518,0.872314,-0.976562,1.403809,-13.366699
29818,0.118896,-0.103027,0.975830,-1.464844,1.220703,-12.084961
29829,0.072754,-0.163818,0.940552,-1.770020,1.037598,-10.864258
29838,0.083862,-0.024780,1.046631,-2.136230,1.831055,-9.582520
29848,0.008911,-0.168335,0.965088,-1.525879,2.197266,-8.300781
29860,0.010010,-0.155518,0.989502,-1.220703,2.258301,-6.408691
29869,0.052246,-0.072021,1.010742,-1.037598,2.380371,-5.432129
29879,0.011963,-0.182129,1.054810,-0.976562,2.990723,-3.417969
29888,0.007324,-0.062866,1.093262,-1.159668,3.356934,-1.281738
29899,-0.019897,-0.004761,1.103149,-1.525879,3.540039,0.427246
29908,-0.070435,0.021606,0.992432,-1.403809,3.723145,2.319336
29918,-0.119873,0.020020,1.049561,-0.976562,4.882812,4.577637
29930,-0.274292,0.100708,1.058472,-0.976562,5.798340,7.507324
29939,-0.245605,0.010742,1.038452,-0.488281,7.263184,9.399414
29948,-0.192505,-0.005859,1.037720,0.366211,8.300781,11.230469
29958,-0.184326,-0.187378,0.913940,0.610352,9.033203,13.427734
29968,-0.101685,-0.105713,1.018677,0.488281,9.521484,15.686035
29978,-0.103394,-0.164185,0.913208,0.244141,9.643555,17.639160
29990,-0.014404,-0.048340,0.890503,-0.854492,9.399414,21.545410
29999,-0.024536,-0.051514,1.009155,-2.014160,9.338379,23.437500
30010,0.005127,-0.113770,0.991333,-2.929688,8.972168,24.902344
30019,0.065308,0.058594,1.089722,-3.295898,8.300781,25.634766
30029,-0.003052,-0.030518,1.036011,-3.173828,7.446289,26.733398
30038,-0.019287,0.051025,1.091309,-3.051758,6.835937,27.893066
30049,-0.013916,0.016724,1.147217,-1.953125,6.591797,28.869629
30058,-0.023315,0.092773,1.198608,-0.793457,6.347656,29.663086
30070,-0.056396,-0.021240,1.192139,0.854492,5.615234,30.029297
30079,-0.023926,-0.025024,1.154297,3.601074,5.187988,29.174805
30089,0.007080,-0.261597,1.002319,4.699707,4.516602,27.832031
30098,0.030151,-0.324585,0.880981,4.089355,2.868652,25.207520
30109,0.090088,-0.110229,0.889160,2.685547,1.831055,22.827148
30118,0.111084,-0.080444,0.896240,2.258301,0.061035,20.324707
30128,0.065308,-0.250732,0.859009,2.685547,-1.525879,17.822266
30138,0.038940,-0.206787,0.846313,1.770020,-2.868652,13.488770
30149,0.058838,-0.255615,0.889893,1.403809,-3.417969,11.840820
30159,0.072876,-0.272217,0.875854,1.281738,-3.540039,10.314941
30168,0.043335,-0.302856,0.913086,0.793457,-4.333496,8.361816
30178,0.083130,-0.272583,0.952271,0.305176,-5.065918,5.859375
30189,0.123169,-0.114746,1.090576,0.183105,-5.859375,2.685547
30198,0.113159,-0.206543,1.109131,0.793457,-7.385254,-0.610352
30210,0.193481,-0.208862,1.173828,1.220703,-9.582520,-6.408691
30219,0.135864,-0.319580,0.951660,2.136230,-10.253906,-7.934570
30229,0.143677,-0.157837,0.976318,2.258301,-10.437012,-9.399414
30238,0.157349,-0.332520,0.885498,2.197266,-10.375977,-10.803223
30248,0.156250,-0.214233,1.022949,1.708984,-10.681152,-11.901855
30258,0.190063,-0.145142,1.109375,1.037598,-11.413574,-13.000488
30268,0.115112,-0.182983,1.002930,1.037598,-11.840820,-13.977051
30280,0.068848,-0.286133,1.015991,1.403809,-11.413574,-14.221191
30290,0.034912,-0.044312,1.082397,1.037598,-11.047363,-13.977051
30299,0.017944,-0.003296,1.133545,0.976562,-11.047363,-13.305664
30309,0.011841,-0.208740,1.090332,1.342773,-10.375977,-12.023926
30318,-0.033936,0.016846,1.156494,1.892090,-9.948730,-10.803223
30329,-0.031494,-0.003540,1.121582,2.624512,-9.582520,-9.887695
30339,-0.103027,-0.164307,0.957397,3.540039,-8.483887,-8.666992
30348,-0.123413,-0.175659,0.979248,3.906250,-6.469727,-6.652832
30358,-0.172241,-0.286133,0.773071,2.746582,-5.004883,-5.737305
30369,-0.275757,-0.297852,0.628418,1.159668,-4.150391,-5.126953
30379,-0.213379,-0.262207,0.741577,-0.976562,-3.051758,-4.577637
30388,-0.234009,-0.248291,0.821777,-2.929688,-2.380371,-4.089355
30399,-0.160645,0.073486,1.010254,-4.760742,-1.831055,-3.906250
30408,-0.150146,-0.046143,1.094604,-5.432129,-1.037598,-3.479004
30420,-0.141113,0.008057,1.185791,-5.615234,-0.122070,-2.929688
30429,-0.116699,0.035767,1.015259,-4.211426,0.427246,-2.624512
30439,-0.157837,0.115356,1.032715,-3.051758,1.647949,-1.586914
30449,-0.145020,-0.162720,0.907715,-2.014160,2.441406,-0.549316
30458,-0.112549,-0.024170,0.991821,-1.831055,3.417969,0.671387
30468,-0.139038,-0.130493,0.862305,-1.647949,3.967285,1.892090
30478,-0.106323,-0.080078,0.904785,-1.647949,4.333496,2.136230
30488,-0.096191,-0.122314,0.928711,-2.319336,3.723145,1.342773
30499,-0.017700,-0.082764,0.946899,-1.953125,3.234863,0.305176
30509,0.015625,-0.168945,0.919800,-1.770020,3.234863,-0.183105
30518,0.008423,-0.064087,1.032227,-1.892090,3.845215,-0.122070
30529,0.031616,-0.197144,0.948364,-2.075195,3.601074,-0.244141
30539,0.044800,-0.028931,1.122070,-2.075195,3.479004,-0.610352
30548,0.062256,-0.219971,1.046021,-1.831055,3.234863,-1.037598
30558,0.024780,-0.160645,1.035645,-1.342773,2.868652,-1.953125
30569,-0.004395,-0.288940,0.918579,-1.159668,2.990723,-2.441406
30579,0.031982,-0.158569,0.982300,-1.647949,2.929688,-3.234863
30588,0.001953,-0.258423,0.828491,-1.953125,2.563477,-4.150391
30599,0.020386,-0.134399,1.004761,-2.563477,2.197266,-5.126953
30608,0.019409,-0.133423,0.982300,-3.173828,2.258301,-5.676270
30618,0.052246,0.039307,1.070557,-3.662109,2.075195,-6.408691
30629,0.067383,-0.119263,1.052124,-3.173828,2.014160,-6.896973
30639,0.085937,-0.049194,1.135742,-4.028320,2.197266,-7.202148
30649,0.058228,-0.111572,1.078491,-4.699707,2.075195,-7.385254
30659,0.003174,0.191406,1.152100,-5.187988,2.014160,-7.446289
30668,-0.008057,0.001099,1.046631,-4.272461,2.014160,-7.934570
30678,-0.055420,-0.078125,1.003784,-3.479004,1.953125,-8.666992
30690,-0.020996,-0.098755,0.963135,-2.929688,2.319336,-9.521484
30700,0.007446,-0.137451,0.916626,-2.258301,2.685547,-8.972168
30709,0.004517,-0.257324,0.864502,-1.525879,2.990723,-7.995605
30719,0.054932,-0.292847,0.779663,-1.098633,3.173828,-7.263184
30729,0.143799,-0.451172,0.653076,-1.037598,3.417969,-6.530762
30738,0.166992,-0.343872,0.759644,-2.197266,3.173828,-5.554199
30749,0.093872,-0.266968,0.850830,-3.784180,2.502441,-4.821777
30758,0.032959,-0.190552,0.877930,-4.760742,2.563477,-4.699707
30768,0.010742,-0.073975,0.975464,-4.821777,4.028320,-5.187988
30779,-0.065430,-0.148560,0.997192,-4.760742,4.516602,-5.981445
30789,-0.057739,-0.001099,1.067383,-4.394531,4.150391,-6.774902
30798,-0.022217,-0.106201,0.904785,-3.601074,4.089355,-7.019043
30808,-0.015015,-0.151367,0.939575,-2.929688,4.272461,-6.530762
30819,0.010742,-0.188599,1.044434,-2.685547,4.455566,-5.676270
30828,-0.024658,-0.155640,0.947144,-2.136230,4.943848,-4.516602
30840,-0.003052,-0.250610,1.008423,-1.831055,5.981445,-2.258301
30849,-0.025269,-0.167725,1.012817,-1.464844,6.591797,-1.647949
30859,0.011353,-0.050171,1.153076,-1.647949,6.652832,-1.586914
30868,0.002441,-0.237305,1.044067,-1.464844,6.469727,-1.586914
30878,-0.018921,-0.116943,1.047729,-1.525879,6.286621,-1.770020
30889,0.021729,-0.104980,1.047363,-1.953125,5.981445,-1.159668
30899,0.007446,-0.121826,0.974365,-2.136230,6.225586,0.793457
30909,0.006226,-0.042603,1.037598,-1.708984,7.080078,2.136230
30918,-0.015137,-0.163452,1.022217,-1.831055,7.507324,3.540039
30929,0.017212,-0.057251,1.079712,-1.770020,7.385254,4.760742
30938,0.029419,-0.148071,0.964233,-1.342773,7.263184,6.286621
30949,-0.002319,-0.137817,0.997559,-1.464844,7.385254,7.995605
30958,0.056396,-0.258179,0.976929,-1.831055,6.958008,9.643555
30970,0.041382,-0.052612,0.924438,-3.967285,7.141113,13.000488
30979,-0.023804,-0.198853,0.866089,-4.760742,6.958008,14.892578
30989,-0.026611,0.105225,0.967285,-5.737305,7.385254,16.418457
30998,-0.048462,0.036255,0.951660,-6.347656,7.263184,17.761230
31009,-0.072144,0.118042,0.984985,-6.164551,7.141113,19.042969
31018,-0.073853,0.070679,1.050415,-5.249023,7.385254,20.996094
31029,-0.112305,0.005127,1.031616,-4.394531,7.507324,22.277832
31039,-0.086670,0.102783,1.118774,-3.234863,6.958008,23.498535
31050,-0.038940,-0.042358,0.966553,-0.183105,6.530762,23.681641
31060,-0.006714,-0.075684,1.029297,0.976562,6.225586,23.925781
31069,0.029297,-0.288452,0.854004,1.831055,5.798340,23.986816
31079,0.048462,-0.201660,0.840088,2.014160,5.371094,23.864746
31088,0.042847,-0.267456,0.822144,1.586914,4.577637,23.681641
31099,0.047607,-0.204468,0.835083,0.854492,3.540039,23.132324
31108,0.050049,-0.139282,0.922241,-0.244141,2.563477,22.583008
31118,0.057373,-0.198608,0.971558,-0.549316,1.281738,21.667480
31129,0.053345,-0.068359,1.026367,-0.427246,0.610352,21.179199
31138,0.058105,-0.209106,1.053955,-0.610352,-0.122070,20.385742
31149,0.086304,-0.058960,1.064697,-0.610352,-1.159668,19.104004
31159,0.051025,-0.222046,0.991577,-0.610352,-2.319336,17.883301
31168,0.091431,0.016602,1.055054,-1.220703,-3.051758,16.845703
31180,0.149048,-0.062744,1.122314,-0.976562,-4.638672,14.465332
31189,0.034180,-0.031128,0.968018,-2.075195,-5.371094,12.939453
31199,-0.009033,-0.020630,0.984863,-2.990723,-5.615234,11.169434
31208,0.012695,0.003540,1.041992,-3.662109,-5.615234,9.338379
31219,0.013916,0.062988,1.201172,-3.234863,-5.676270,7.934570
31228,0.054443,-0.166992,1.146118,-2.685547,-6.103516,6.286621
31238,0.062256,-0.183838,1.196167,-2.441406,-6.774902,4.699707
31251,0.064209,-0.189453,1.149658,-1.159668,-7.934570,1.770020
31261,0.121948,-0.258423,0.946899,-0.427246,-8.728027,0.061035
31270,0.147339,-0.172974,0.968262,0.061035,-9.399414,-1.586914
31280,0.153931,-0.322876,0.823975,0.061035,-10.131836,-3.234863
31289,0.196899,-0.225098,0.839111,-0.427246,-10.437012,-4.028320
31299,0.177612,-0.117432,0.937988,-0.915527,-10.803223,-4.333496
31309,0.099976,-0.106445,0.994141,-0.671387,-11.108398,-4.882812
31318,0.066162,-0.121582,1.012695,-0.122070,-11.596680,-6.225586
31330,0.041260,-0.306030,0.870239,0.488281,-11.779785,-9.338379
31339,0.003296,-0.326660,0.842529,-0.366211,-11.962891,-10.498047
31349,-0.025635,-0.220825,0.815186,-1.525879,-11.596680,-11.108398
31359,-0.028931,-0.020020,0.963135,-2.319336,-10.864258,-10.986328
31369,0.010010,-0.058594,1.025391,-2.075195,-10.375977,-10.864258
31378,-0.033203,-0.251221,0.823975,-1.525879,-9.948730,-10.925293
31388,-0.021118,-0.260620,0.827026,-1.586914,-9.216309,-10.864258
31400,-0.021118,-0.239502,0.899170,-3.417969,-7.568359,-10.009766
31410,-0.122314,-0.066284,0.908203,-3.662109,-6.958008,-9.033203
31420,-0.098877,-0.058594,1.055054,-3.356934,-6.469727,-8.300781
31429,-0.074463,-0.037354,1.100830,-3.051758,-5.859375,-7.568359
31439,-0.084106,-0.124634,1.039307,-2.990723,-4.943848,-7.141113
31449,-0.088745,-0.122314,1.068237,-2.929688,-4.211426,-6.652832
31461,-0.035278,-0.045654,1.248901,-1.281738,-3.173828,-5.676270
31471,-0.083008,-0.042603,1.088501,-0.061035,-2.929688,-4.882812
31481,-0.060181,-0.091309,1.072632,1.220703,-2.136230,-3.784180
31490,-0.060547,-0.141968,0.999512,1.953125,-0.854492,-2.380371
31500,-0.135986,-0.134277,1.000000,1.770020,-0.427246,-1.281738
31509,-0.094482,-0.185547,0.928101,1.220703,0.000000,-0.671387
31519,-0.120239,-0.119751,0.937988,0.610352,0.244141,-0.061035
31528,-0.070435,-0.117188,1.014404,0.122070,0.183105,-0.244141
31540,-0.075928,-0.111328,0.973511,-1.708984,0.427246,-1.342773
31550,-0.044189,0.039673,1.019531,-2.929688,0.488281,-2.258301
31560,-0.074341,-0.147095,0.885376,-3.417969,0.427246,-3.234863
31569,-0.045044,0.057861,0.993408,-3.906250,1.098633,-3.784180
31579,-0.039429,0.139282,1.082886,-3.723145,1.403809,-4.028320
31589,0.022217,-0.086670,1.047852,-3.112793,1.586914,-4.577637
31598,0.000122,-0.107056,1.063599,-2.319336,1.525879,-5.126953
31610,0.100708,-0.176392,1.001343,-1.892090,0.976562,-6.103516
31620,0.105469,-0.072998,1.014282,-1.647949,1.098633,-6.103516
31629,0.105103,-0.022949,1.120972,-1.525879,0.915527,-6.469727
31639,0.102295,-0.252808,0.953003,-1.586914,0.305176,-6.774902
31649,0.035645,-0.129883,0.878052,-1.342773,0.244141,-7.141113
31659,0.027954,-0.044312,1.021118,-0.732422,0.183105,-7.568359
31669,-0.059448,-0.409790,0.814453,-0.061035,0.549316,-7.446289
31679,-0.031616,-0.148926,0.859863,-0.244141,1.342773,-6.958008
31688,-0.036865,-0.264526,0.947144,0.610352,1.831055,-6.713867
31699,0.004395,-0.202881,0.902466,1.159668,1.953125,-6.652832
31709,0.036865,-0.129761,0.989868,1.953125,2.197266,-5.981445
31719,-0.010498,-0.316528,0.802979,2.258301,2.197266,-5.493164
31729,-0.079102,-0.319946,0.862671,1.586914,2.258301,-4.760742
31741,-0.044556,-0.033203,0.995972,0.671387,3.967285,-2.807617
31751,-0.095581,-0.180420,0.955566,0.854492,4.455566,-2.197266
31761,-0.129517,-0.144531,0.986938,0.610352,5.126953,-2.014160
31770,-0.156372,-0.040771,1.021484,-0.488281,5.737305,-1.586914
31780,-0.138794,-0.083130,0.974731,-1.586914,6.286621,-1.403809
31789,-0.109497,0.012329,1.022095,-2.258301,6.530762,-0.793457
31799,-0.069702,0.177124,1.117920,-2.319336,6.958008,0.061035
31809,-0.027100,-0.118896,0.995239,-2.136230,7.629395,2.319336
31820,0.018433,0.062988,1.136963,-1.708984,8.117676,3.234863
31830,0.027344,-0.139526,1.041138,-1.647949,8.361816,4.455566
31839,0.036865,-0.230469,0.892090,-1.892090,8.422852,5.187988
31848,0.004883,0.024048,1.069336,-1.892090,8.178711,5.737305
31859,0.050903,-0.058594,1.098633,-1.647949,7.690430,5.798340
31869,0.005127,-0.427124,0.916382,-1.281738,7.385254,5.859375
31879,0.062256,-0.198730,0.949829,-2.136230,7.019043,5.493164
31889,0.045898,-0.032593,1.082764,-2.319336,6.530762,5.310059
31899,-0.001831,-0.230469,0.925415,-2.807617,6.469727,5.126953
31909,0.047363,-0.014771,1.018677,-2.990723,6.530762,5.249023
31919,0.021729,-0.185181,0.899170,-2.502441,6.286621,5.554199
31929,0.005737,-0.291870,0.865723,-2.563477,6.225586,6.042480
31939,0.061768,-0.037598,0.988647,-3.356934,6.103516,6.225586
31949,0.046021,-0.197998,0.994873,-3.723145,5.676270,5.981445
31960,0.034424,-0.046875,0.906494,-4.089355,5.432129,5.798340
31970,0.057861,-0.120239,0.863403,-4.089355,5.310059,5.920410
31979,0.050293,-0.297852,0.825562,-4.638672,5.187988,5.615234
31989,0.061890,-0.005127,1.047119,-5.432129,4.882812,5.432129
31999,0.087891,0.136719,1.140381,-5.126953,4.089355,5.554199
32008,0.023193,-0.239990,1.010742,-3.601074,3.662109,5.737305
32021,0.032715,-0.143799,1.019409,-2.807617,3.784180,6.103516
32030,0.019653,-0.047363,1.009155,-3.051758,3.723145,6.652832
32039,0.062744,-0.119385,0.995483,-2.990723,3.601074,7.568359
32049,0.040771,-0.070190,1.060303,-2.685547,3.967285,9.155273
32059,0.015381,0.017334,1.076782,-2.685547,4.028320,10.498047
32069,0.024536,-0.043701,1.026001,-2.624512,4.333496,11.047363
32079,-0.012939,-0.083984,1.024902,-2.136230,4.577637,11.657715
32091,-0.048340,0.041748,1.018799,-1.953125,3.540039,12.145996
32101,-0.034302,-0.121948,0.914795,-2.075195,3.479004,12.878418
32110,-0.034790,-0.254395,0.871338,-1.831055,3.601074,14.038086
32120,-0.062378,0.037964,0.995361,-2.441406,3.967285,14.770508
32129,-0.038818,0.104858,1.049438,-2.990723,3.906250,15.380859
32139,-0.050781,-0.129517,0.998535,-3.295898,3.662109,15.869141
32149,-0.009766,-0.183105,0.993896,-2.746582,3.845215,16.235352
32159,0.007935,0.018555,1.097778,-2.502441,3.479004,16.540527
32170,0.040161,-0.252808,1.036011,-1.831055,2.258301,16.418457
32179,0.071899,-0.280151,0.959229,-1.708984,1.342773,15.686035
32189,0.060913,0.026733,0.971069,-1.831055,1.037598,15.808105
32199,0.064941,0.002075,0.962158,-1.281738,0.976562,16.296387
32209,0.051392,-0.183716,0.984009,-1.098633,0.793457,16.540527
32219,0.052856,-0.034912,1.086182,-1.586914,0.122070,16.967773
32229,0.052734,0.116577,1.128540,-1.281738,-1.159668,16.967773
32238,0.096313,-0.025757,1.118408,-0.671387,-1.770020,16.906738
32249,0.066284,-0.141602,1.026611,0.122070,-2.380371,16.296387
32259,0.059204,-0.000366,1.072754,0.732422,-3.112793,15.686035
32269,0.059814,-0.073242,1.032104,1.586914,-3.845215,14.892578
32279,0.035767,-0.239624,1.001953,2.380371,-4.394531,13.977051
32289,0.013428,-0.168091,0.945923,2.685547,-4.882812,13.000488
32301,0.054199,-0.167114,0.922241,3.112793,-5.310059,11.230469
32311,0.014771,-0.336792,0.907715,2.685547,-5.676270,10.070801
32320,0.002319,-0.249512,0.829346,1.831055,-6.469727,8.239746
32330,0.032471,-0.183472,0.897095,1.586914,-6.958008,7.019043
32339,0.062012,-0.221436,0.911743,0.976562,-7.385254,5.371094
32349,0.021484,-0.403320,0.855591,0.244141,-7.812500,3.112793
32359,0.046143,-0.307983,0.901855,-0.305176,-8.117676,1.525879
32369,0.056030,-0.154785,0.969604,-0.549316,-8.239746,-1.281738
32380,0.042847,-0.127441,0.912109,-1.892090,-8.300781,-2.319336
32390,0.040527,0.010010,1.025635,-2.075195,-8.422852,-3.173828
32399,0.076294,-0.015625,1.067993,-1.831055,-8.605957,-3.784180
32409,0.045166,-0.167480,0.998291,-1.464844,-8.422852,-4.394531
32419,0.087769,-0.083984,1.088989,-1.098633,-8.361816,-4.394531
32429,0.066772,0.015747,1.253174,-0.244141,-8.422852,-4.272461
32439,0.086304,-0.061157,1.185059,0.793457,-8.544922,-4.211426
32450,0.053223,-0.223999,0.988892,1.708984,-8.605957,-4.394531
32460,0.065430,-0.387451,0.917480,1.464844,-8.239746,-4.455566
32469,0.024658,-0.250977,0.807983,0.366211,-8.300781,-4.699707
32479,0.002686,0.028687,0.842407,-0.915527,-8.178711,-4.394531
32489,-0.018921,-0.092041,0.856934,-1.525879,-8.178711,-4.028320
32499,0.007568,-0.239624,0.823120,-2.868652,-7.873535,-4.150391
32508,0.021973,-0.064575,0.971558,-4.150391,-7.751465,-4.943848
32520,0.000488,-0.054932,1.072754,-4.821777,-7.385254,-5.126953
32530,-0.003052,-0.178345,0.994629,-4.760742,-6.958008,-4.882812
32540,-0.029175,0.017212,1.032349,-4.699707,-6.835937,-5.432129
32550,-0.020508,0.103394,1.124878,-4.333496,-6.591797,-5.676270
32559,-0.046143,-0.071777,1.107910,-4.333496,-6.347656,-5.981445
32569,-0.070557,-0.145874,1.007813,-4.394531,-6.225586,-6.958008
32579,-0.029053,-0.162598,0.913574,-4.211426,-5.859375,-8.605957
32589,-0.013794,-0.018066,0.991577,-4.455566,-5.676270,-9.704590
32598,0.001465,-0.005859,1.009644,-3.723145,-5.065918,-10.314941
32609,-0.011597,-0.132935,1.025024,-2.624512,-5.126953,-11.169434
32619,-0.031128,0.021118,1.100830,-1.892090,-5.004883,-12.329102
32629,0.000000,0.014526,1.156860,-0.854492,-4.516602,-13.000488
32639,-0.006470,-0.055908,1.134888,0.000000,-3.967285,-13.122559
32649,0.002319,-0.120361,1.065063,0.793457,-3.601074,-12.695313
32658,0.037842,-0.166260,1.087158,2.929688,-2.624512,-12.268066
32669,-0.047974,-0.167480,0.937866,3.540039,-2.502441,-11.901855
32679,0.005127,-0.185059,0.945923,4.028320,-1.892090,-10.864258
32689,-0.026733,-0.269043,0.922729,3.845215,-1.098633,-9.765625
32698,-0.027832,-0.268311,0.873047,3.112793,-0.488281,-8.544922
32709,-0.015991,-0.143188,0.896851,2.258301,0.183105,-7.019043
32718,0.008301,-0.041626,0.979492,1.342773,1.037598,-5.920410
32730,-0.033081,-0.139648,1.002075,0.793457,1.831055,-4.394531
32739,-0.062256,-0.044800,1.016113,-0.183105,1.892090,-4.028320
32749,-0.049072,0.025391,1.035889,0.183105,1.892090,-3.967285
32758,-0.053467,0.019165,1.025024,0.488281,2.136230,-3.601074
32769,-0.038208,-0.097046,0.925537,1.342773,2.502441,-2.807617
32779,-0.051880,-0.130737,0.844971,2.136230,3.051758,-2.075195
32789,-0.049194,-0.017090,0.890869,2.502441,3.662109,-0.122070
32798,0.009766,-0.024048,0.890625,1.525879,4.211426,0.793457
32809,0.010742,-0.156616,0.895508,0.854492,4.516602,1.098633
32819,-0.024170,0.037598,1.024658,0.000000,4.333496,1.281738
32829,0.036865,0.030273,1.067139,-0.427246,4.089355,0.915527
32838,0.000610,-0.149536,1.002075,-0.244141,3.784180,0.854492
32849,0.002808,-0.268066,0.946411,-0.305176,3.601074,0.732422
32861,0.010742,-0.024536,1.044922,-0.549316,3.784180,0.732422
32871,-0.034058,-0.091675,1.008057,-0.488281,4.028320,0.732422
32880,-0.012451,-0.154541,1.011108,0.000000,3.601074,0.610352
32890,0.031372,-0.154907,1.015747,0.183105,3.479004,0.366211
32899,0.033569,-0.123901,1.066772,0.000000,3.234863,0.061035
32909,0.007446,-0.154175,1.048096,-0.244141,3.601074,0.183105
32918,0.031128,-0.130615,1.023315,-0.610352,3.417969,0.427246
32931,0.061768,-0.125244,0.953979,-1.220703,3.784180,2.136230
32941,0.048950,0.008423,1.026855,-2.441406,3.479004,3.112793
32950,0.074219,-0.107788,0.942261,-3.234863,3.112793,4.333496
32960,0.035645,-0.119507,0.972900,-3.723145,3.112793,5.432129
32969,0.003784,0.019897,1.036011,-4.150391,2.990723,6.530762
32978,0.019287,0.012695,1.032837,-3.967285,3.295898,7.751465
32989,0.013306,-0.060669,1.004150,-3.784180,3.356934,8.605957
33001,-0.018555,-0.017578,1.026123,-4.516602,2.868652,10.314941
33011,-0.039917,-0.059937,0.981201,-5.004883,3.051758,11.108398
33021,-0.088257,-0.162476,0.892944,-5.310059,3.112793,11.718750
33030,-0.081787,-0.023926,0.959717,-5.493164,3.601074,11.962891
33040,-0.092163,0.072754,1.007446,-5.065918,3.051758,11.535645
33049,-0.153320,-0.146973,1.004761,-4.882812,2.746582,11.108398
33059,-0.126343,-0.210083,0.996704,-4.882812,2.929688,10.559082
33071,-0.148315,-0.027222,0.985718,-3.662109,3.662109,9.338379
33081,-0.108276,-0.197998,0.904785,-2.502441,4.028320,9.277344
33090,-0.122681,-0.307251,0.846558,-2.014160,4.333496,9.094238
33100,-0.061646,-0.105835,0.856934,-2.197266,4.089355,8.056641
33109,-0.041870,-0.106201,0.928589,-1.953125,4.089355,7.141113
33119,0.015503,-0.218018,0.888550,-2.563477,3.906250,6.042480
33128,0.017090,-0.145996,0.921875,-2.929688,3.601074,5.187988
33141,0.097168,-0.058594,1.121704,-2.380371,3.112793,3.540039
33151,0.095703,-0.192139,1.067017,-1.892090,2.746582,2.746582
33160,0.090942,-0.161377,1.107056,-1.708984,2.258301,1.831055
33170,0.115967,-0.027344,1.143555,-1.403809,1.708984,1.281738
33179,0.126831,-0.012817,1.089722,-0.610352,1.464844,0.854492
33189,0.111938,-0.007446,0.991577,-0.183105,0.976562,0.427246
33199,0.145264,-0.093872,0.926025,0.122070,0.549316,0.183105
33209,0.100220,-0.179687,0.877808,0.122070,-0.061035,-0.671387
33220,0.109863,-0.060669,1.022095,-1.464844,-0.854492,-0.671387
33230,0.060059,-0.026611,1.069336,-1.892090,-1.098633,-0.976562
33239,-0.010498,0.046631,1.109375,-1.831055,-1.647949,-1.708984
33249,0.037964,-0.028564,1.106812,-1.464844,-1.525879,-2.197266
33258,0.014038,-0.082520,1.040161,-0.854492,-1.342773,-2.502441
33269,-0.029297,-0.053345,1.023071,-0.610352,-0.915527,-2.258301
33279,-0.034180,-0.014893,1.001099,-0.549316,0.000000,-1.892090
33290,-0.060181,-0.015991,0.961426,-0.183105,0.183105,-1.586914
33300,-0.082520,-0.246216,0.851318,-0.305176,0.488281,-1.159668
33310,-0.043457,-0.230835,0.793945,-0.671387,0.976562,-0.244141
33319,-0.051758,0.102417,0.961426,-1.159668,1.708984,1.220703
33329,0.001343,0.052734,1.017944,-1.770020,2.258301,2.563477
33339,-0.018921,-0.214600,0.915894,-1.892090,2.990723,4.150391
33349,-0.045410,-0.129517,0.967163,-1.708984,2.868652,6.774902
33358,-0.060425,0.077271,1.077759,-0.732422,3.051758,7.507324
33369,-0.007690,-0.123413,1.097412,-0.610352,3.112793,7.995605
33379,-0.033691,-0.049438,1.079590,0.061035,2.746582,8.666992
33388,0.032104,-0.018066,1.058472,1.281738,2.502441,9.460449
33399,0.024902,-0.061646,1.010254,2.197266,2.807617,10.192871
33409,0.057983,-0.239746,0.931641,2.685547,2.929688,10.803223
33419,0.041504,-0.289917,0.968140,2.624512,2.380371,11.108398
33430,0.006348,-0.104248,0.967041,1.098633,1.159668,10.681152
33439,0.033936,-0.220825,0.877075,0.427246,0.976562,10.009766
33449,0.007446,-0.221802,0.842163,-0.244141,0.610352,9.277344
33459,0.031616,0.043457,0.943726,-1.647949,0.488281,8.728027
33469,0.002808,-0.046265,1.001953,-2.502441,0.244141,8.239746
33479,-0.001587,-0.233765,0.985474,-2.868652,-0.061035,7.751465
33491,0.012451,0.154175,1.100220,-2.807617,-0.061035,6.835937
33500,0.003906,-0.047607,1.090454,-2.563477,-0.488281,6.164551
33509,-0.002441,-0.170044,1.023804,-2.014160,-0.732422,5.554199
33519,0.006470,-0.076416,1.044800,-1.831055,-0.427246,4.699707
33528,0.003418,0.025757,1.092407,-1.586914,-0.671387,3.906250
33539,0.006470,-0.161011,0.931519,-1.464844,-0.610352,3.784180
33549,-0.000854,-0.170898,0.900635,-1.953125,-0.793457,2.807617
33560,0.029297,-0.120972,0.881714,-2.380371,-0.976562,2.197266
33570,0.030273,-0.102905,0.884644,-3.234863,-1.159668,1.342773
33580,0.057983,0.105347,1.012451,-3.295898,-1.098633,1.037598
33589,0.034302,-0.048828,1.033569,-3.173828,-1.159668,0.915527
33599,0.025879,-0.280884,0.868530,-2.807617,-1.342773,0.488281
33609,0.000244,-0.060791,0.932251,-2.685547,-1.342773,0.183105
33619,0.064941,0.016479,1.063721,-2.746582,-1.586914,0.122070
33631,0.047974,-0.168091,0.957764,-2.319336,-1.159668,0.549316
33640,0.062988,0.087402,1.080444,-2.746582,-1.281738,0.915527
33650,0.005493,-0.072144,1.033936,-3.051758,-1.281738,1.464844
33660,-0.009766,-0.208740,0.994019,-3.234863,-1.037598,1.770020
33669,0.006226,0.025635,1.054443,-3.479004,-0.732422,2.319336
33679,0.016235,0.064453,1.077759,-3.234863,-0.427246,3.356934
33689,-0.011719,-0.098267,1.017090,-3.112793,-0.183105,4.516602
33699,0.014282,-0.129150,0.960083,-3.051758,-0.061035,6.530762
33710,0.015381,-0.091553,0.952271,-3.479004,-0.244141,7.141113
33720,0.003540,-0.112183,0.973022,-3.662109,-0.366211,7.507324
33729,-0.005737,0.076904,1.027222,-3.906250,-0.732422,7.385254
33739,0.004150,-0.013184,0.990479,-3.601074,-0.915527,7.812500
33749,-0.010864,-0.171509,0.965210,-3.173828,-0.854492,7.690430
33759,-0.010132,-0.020386,0.990356,-2.990723,-0.671387,7.141113
33769,-0.043091,-0.059692,1.030151,-2.990723,-0.671387,6.103516
33781,-0.077759,-0.083374,0.951172,-2.563477,-0.671387,5.676270
33790,-0.039429,-0.023682,0.987671,-2.319336,-0.854492,5.004883
33800,-0.076050,-0.229736,0.935547,-2.319336,-0.854492,4.089355
33810,-0.037842,-0.103882,1.017090,-2.563477,-0.854492,3.356934
33820,-0.014404,0.060791,1.105225,-2.502441,-0.732422,3.173828
33834,-0.012451,-0.265137,0.955933,-1.525879,0.488281,2.624512
33844,0.040771,-0.098877,1.052246,-1.464844,0.122070,2.197266
33854,0.048340,0.033691,1.062378,-1.098633,-0.671387,1.953125
33863,0.072876,-0.156128,0.973999,-0.732422,-0.976562,1.464844
33873,0.046265,-0.215332,0.897949,-0.976562,-1.098633,1.342773
33883,0.088257,-0.004761,0.996094,-0.488281,-1.037598,1.281738
33892,0.087891,-0.042725,0.929932,-0.610352,-1.403809,1.525879
33902,0.032593,-0.141724,0.968262,-0.732422,-1.220703,1.403809
33911,0.045654,-0.008301,1.018677,-0.793457,-1.403809,1.342773
33921,-0.013062,-0.177856,0.908936,-0.976562,-1.525879,1.281738
33931,0.017822,-0.117798,0.869995,-1.159668,-1.708984,1.159668
33940,0.001831,-0.085815,0.919312,-1.342773,-1.892090,1.159668
33950,0.010376,-0.246582,0.820557,-1.770020,-1.708984,1.342773
33959,-0.032349,0.001465,0.909058,-3.295898,-1.464844,1.586914
33969,-0.005859,-0.041748,0.820679,-4.028320,-1.464844,1.953125
33981,0.018799,0.058960,0.900757,-5.371094,-1.037598,2.075195
33990,-0.004639,0.069336,0.960571,-7.080078,-1.159668,2.258301
34000,-0.009521,0.093140,1.052979,-7.690430,-0.976562,2.380371
34010,0.023193,0.135376,1.044434,-6.835937,-0.671387,2.441406
34019,0.018311,-0.055176,1.114746,-5.310059,-0.305176,2.868652
34030,-0.000610,-0.164917,1.064819,-4.455566,-0.549316,2.868652
34039,0.037964,0.032471,1.172607,-4.394531,-0.549316,3.112793
34051,0.007080,-0.032715,1.049683,-4.028320,-0.915527,3.356934
34060,0.012207,-0.027344,0.987915,-3.234863,-0.915527,3.845215
34070,0.008179,-0.025879,0.972900,-2.746582,-0.610352,4.150391
34079,0.020508,-0.137451,0.994751,-2.868652,-0.854492,3.967285
34090,0.010620,-0.116943,1.019165,-3.295898,-1.098633,3.906250
34099,0.001953,-0.075439,1.041382,-3.356934,-1.159668,3.601074
34111,0.008179,-0.101074,0.973633,-3.356934,-0.915527,2.868652
34120,0.016479,-0.112061,1.020874,-2.624512,-0.915527,2.502441
34130,-0.010498,-0.103882,1.036743,-2.990723,-1.464844,1.953125
34140,-0.022827,-0.052246,1.073242,-4.089355,-1.464844,1.586914
34150,-0.029907,-0.086060,1.029419,-4.516602,-1.464844,1.464844
34159,-0.008911,-0.002686,0.979248,-4.760742,-0.915527,1.403809
34169,-0.037354,0.010010,0.988037,-4.333496,-0.427246,1.831055
34181,-0.059937,-0.028809,0.990723,-2.746582,-0.183105,1.647949
34190,-0.015625,-0.026978,1.086304,-3.112793,-0.305176,1.098633
34200,-0.012939,0.004395,1.046265,-3.173828,-0.122070,1.037598
34210,0.007080,-0.025513,0.999878,-3.112793,0.183105,1.159668
34219,-0.017700,-0.040283,0.930542,-2.563477,0.305176,1.586914
34230,0.007935,-0.058350,0.975098,-1.403809,0.488281,1.892090
34239,0.043457,-0.163086,0.963745,-1.037598,0.427246,1.892090
34251,0.056641,-0.087646,1.009155,-1.892090,0.183105,2.441406
34260,0.037231,0.013916,0.879883,-1.953125,0.366211,2.868652
34271,0.027344,-0.012939,0.764160,-0.976562,0.305176,3.662109
34280,0.011475,-0.133057,0.838257,0.061035,0.244141,4.028320
34290,0.034424,-0.196411,0.899292,0.305176,0.366211,4.211426
34299,-0.015503,0.078369,1.114746,-0.732422,-0.305176,4.577637
34310,-0.004517,0.310181,1.532715,-0.610352,-0.183105,4.943848
34319,-0.028931,0.112427,1.470337,1.037598,0.244141,5.554199
34331,-0.132812,-0.095093,1.329346,4.272461,0.671387,7.446289
34340,-0.073975,-0.152832,1.206421,10.253906,1.770020,7.568359
34350,-0.025024,-0.404175,0.897339,10.864258,0.915527,7.385254
34359,0.036621,-0.345337,0.744263,9.399414,0.183105,7.202148
34370,0.144775,-0.066406,0.581177,6.103516,0.000000,7.507324
34380,0.160767,0.085937,0.585205,3.356934,0.000000,8.300781
34390,0.127319,-0.053833,0.680176,2.380371,-0.061035,8.483887
34399,0.043335,-0.135620,0.962036,0.976562,-1.037598,6.225586
34410,-0.035522,-0.116455,1.436401,0.000000,-1.403809,4.760742
34419,-0.106445,0.051270,1.348877,-0.183105,-1.464844,4.028320
34430,-0.121582,0.064453,1.129395,1.037598,-0.915527,3.784180
34439,-0.076294,0.180786,1.151001,4.089355,-0.549316,3.845215
34449,-0.015137,-0.218506,1.045532,7.324219,-0.549316,3.906250
34461,-0.055664,-0.377319,0.954346,6.042480,-1.647949,2.136230
34471,0.084229,0.096924,1.027588,3.173828,-1.403809,1.525879
34480,0.025513,0.089966,0.871704,1.831055,-0.671387,1.525879
34489,0.034912,0.067383,0.872437,3.051758,-0.122070,1.403809
34500,0.034180,-0.148315,0.943970,4.821777,-0.244141,1.037598
34509,0.024780,-0.235474,1.064575,5.249023,-0.915527,0.305176
34520,0.029541,-0.231445,1.125000,4.516602,-1.892090,-0.610352
34529,0.076660,-0.024780,1.023071,2.502441,-2.136230,-0.854492
34541,0.090454,0.067505,0.750488,1.525879,-0.488281,0.732422
34550,0.059082,-0.200439,0.734863,3.967285,-0.854492,1.098633
34560,0.035522,-0.200073,0.869385,3.662109,-1.647949,1.098633
34569,-0.002930,-0.114258,0.995239,1.525879,-2.197266,0.549316
34580,0.026123,0.073975,0.947266,-0.915527,-1.953125,0.427246
34589,0.012695,0.311768,0.950439,-1.953125,-1.586914,0.976562
34601,0.019409,0.020508,0.814575,2.502441,-0.793457,2.075195
34610,-0.021729,-0.340210,1.040894,3.173828,-1.281738,1.708984
34620,-0.022583,-0.297607,1.135498,1.281738,-1.647949,1.525879
34630,0.004272,0.015503,1.138550,-2.685547,-1.525879,1.464844
34640,0.005005,0.076538,0.930664,-5.737305,-1.159668,1.953125
34650,0.029541,0.235474,0.887085,-6.896973,-0.671387,2.990723
34659,0.012451,0.094238,0.959351,-5.859375,-0.122070,3.601074
34671,-0.009277,0.014526,1.058960,-4.699707,-1.037598,3.356934
34680,0.029053,-0.006470,1.148804,-4.821777,-0.915527,3.112793
34690,0.064209,0.109009,1.147339,-5.126953,-1.098633,3.051758
34699,0.016479,0.018311,1.005737,-4.211426,-0.732422,3.234863
34710,0.049561,0.015259,0.966553,-3.051758,-0.549316,3.173828
34720,0.028198,-0.088379,0.971924,-1.953125,-1.342773,2.136230
34729,0.073120,-0.196533,1.010498,-2.502441,-2.136230,1.159668
34741,0.021118,-0.123535,0.999023,-5.676270,-2.563477,-0.488281
34751,-0.000122,0.062012,0.963013,-6.713867,-2.197266,-0.854492
34760,-0.022949,0.000732,0.907593,-6.469727,-1.953125,-1.464844
34770,-0.032227,-0.063232,0.950073,-5.920410,-2.197266,-2.014160
34780,-0.039673,-0.109009,0.979980,-5.737305,-2.258301,-2.563477
34789,-0.012817,0.006470,1.057739,-6.042480,-2.136230,-2.868652
34800,-0.002563,0.020508,1.146606,-6.347656,-1.770020,-2.868652
34810,0.006348,-0.033936,1.023682,-6.286621,-1.403809,-1.708984
34820,-0.003540,0.038086,1.007324,-5.676270,-0.488281,-1.098633
34829,0.002563,0.023315,1.000610,-5.004883,-0.488281,-0.793457
34840,0.049805,-0.008179,0.998169,-4.516602,-0.671387,-0.793457
34850,0.070312,0.015381,1.032471,-4.028320,-1.098633,-0.671387
34860,0.073120,-0.048584,0.999023,-3.784180,-1.037598,-0.183105
34870,0.059814,-0.046631,0.994629,-3.601074,-0.793457,0.183105
34879,0.032593,-0.040771,0.984863,-3.601074,-0.793457,0.427246
34891,-0.011841,-0.143555,0.951782,-2.990723,-0.610352,0.976562
34900,-0.005249,-0.125244,0.921997,-1.708984,-0.915527,0.793457
34910,0.007568,-0.110962,0.886597,-1.831055,-1.281738,0.610352
34919,-0.003174,-0.084961,0.957397,-2.441406,-1.098633,1.098633
34930,-0.013062,-0.078857,0.950195,-2.929688,-1.159668,1.159668
34939,-0.030518,-0.022461,0.937012,-3.356934,-0.732422,1.220703
34951,-0.036011,-0.012207,0.888062,-2.868652,-0.366211,0.854492
34961,-0.046021,-0.108765,1.012573,-2.502441,-0.610352,0.427246
34970,-0.044556,0.004639,1.114624,-2.563477,-0.427246,0.244141
34980,-0.036499,0.025269,1.103149,-2.380371,-0.366211,0.244141
34989,0.004395,0.003174,1.052246,-1.892090,-0.122070,0.488281
35000,-0.005615,-0.034912,0.982300,-0.976562,0.488281,0.976562
35009,0.000366,-0.109497,0.903442,-0.366211,0.854492,1.342773
35021,0.038818,-0.116333,0.882080,-0.732422,0.671387,1.708984
35030,0.065063,-0.004150,1.005005,-2.014160,0.244141,1.464844
35041,0.018921,-0.007568,0.979492,-2.807617,-0.183105,1.525879
35050,0.026367,0.088501,1.087769,-3.112793,-0.122070,1.464844
35060,-0.018921,0.055542,1.073853,-2.990723,-0.122070,1.647949
35070,-0.005615,0.092896,1.121948,-2.197266,-0.061035,1.403809
35080,-0.030396,0.044800,1.141602,-0.976562,0.183105,1.525879
35090,-0.023682,-0.028442,1.148193,0.305176,0.427246,1.403809
35101,0.037354,-0.066895,1.055908,1.403809,0.061035,1.220703
35110,-0.001587,-0.079102,0.949219,1.220703,0.305176,1.098633
35120,0.008057,-0.027466,0.934692,0.305176,0.061035,1.220703
35130,0.021973,0.006226,0.944458,0.061035,0.427246,1.525879
35140,0.010254,-0.075073,0.926880,0.671387,0.610352,1.525879
35150,0.000244,-0.143188,0.992432,1.342773,0.488281,1.831055
35162,-0.018433,-0.014404,1.135010,0.244141,0.305176,1.647949
35172,0.002808,-0.006348,1.093750,-0.549316,0.549316,1.831055
35181,-0.007446,0.120972,1.070679,-0.976562,0.793457,2.380371
35190,-0.029053,0.010132,0.952026,-0.244141,0.976562,2.441406
35200,-0.029663,-0.033936,0.949585,0.854492,0.854492,2.380371
35210,0.005859,-0.077637,1.022339,1.098633,0.854492,2.258301
35220,-0.001343,-0.087646,0.994263,0.671387,0.732422,2.197266
35230,0.044556,-0.127441,0.935913,0.122070,0.976562,2.624512
35241,0.028442,0.046021,0.893433,-2.075195,1.220703,3.234863
35250,0.002686,0.014771,0.856201,-2.014160,1.281738,3.540039
35260,0.005249,-0.053467,0.870850,-1.281738,1.037598,3.845215
35270,-0.001099,-0.076904,1.019409,-0.915527,0.976562,3.784180
35280,-0.020874,-0.112061,0.971924,-1.037598,0.793457,3.967285
35291,-0.015259,-0.132690,0.852539,-1.586914,1.098633,4.150391
35300,-0.004028,-0.001831,0.904419,-2.868652,0.976562,4.577637
35310,0.005493,0.012573,0.886353,-3.173828,0.976562,4.638672
35320,-0.007568,0.005493,0.864624,-3.234863,1.098633,4.699707
35330,-0.007202,-0.027710,0.934326,-3.173828,1.098633,4.455566
35340,-0.010620,-0.077637,1.024658,-3.540039,0.793457,4.272461
35350,0.001343,0.052124,1.087158,-3.723145,0.915527,4.150391
35360,-0.013794,0.031616,1.125366,-3.540039,1.220703,4.394531
35370,-0.020386,-0.000488,1.128906,-3.051758,1.464844,4.272461
35381,0.034180,-0.010254,1.065918,-1.586914,1.647949,4.333496
35391,0.057617,-0.120117,1.024536,0.122070,1.464844,4.333496
35401,0.061157,-0.169189,0.965088,0.671387,0.976562,4.333496
35410,0.055054,-0.189941,0.961792,0.427246,0.549316,4.516602
35420,0.070557,-0.158569,0.976685,-0.793457,0.427246,4.455566
35430,0.041992,-0.070679,1.045288,-1.892090,0.183105,4.333496
35442,-0.008667,0.054321,1.075684,-3.723145,-0.427246,3.784180
35452,-0.028809,0.031494,1.085938,-3.662109,-0.366211,3.967285
35461,-0.032471,0.031494,1.123291,-3.295898,-0.061035,4.028320
35471,-0.012573,-0.043335,1.115112,-2.441406,0.366211,4.028320
35480,-0.034424,-0.038696,1.116211,-2.258301,0.793457,4.150391
35490,-0.036133,-0.019409,1.113281,-2.502441,0.793457,4.333496
35500,-0.005249,-0.058228,1.010132,-2.319336,0.793457,4.089355
35512,0.003174,-0.042725,0.928589,-2.075195,0.122070,3.540039
35522,0.021240,-0.066772,0.929565,-1.708984,-0.244141,3.173828
35531,0.043701,-0.025513,1.091064,-1.464844,0.000000,3.234863
35540,0.024292,0.064331,1.202271,-1.831055,-0.061035,3.112793
35551,0.022217,-0.048340,1.106445,-1.831055,-0.122070,2.746582
35560,-0.021851,-0.054810,1.058838,-1.342773,0.122070,2.441406
35570,0.006836,0.020142,1.104492,-1.098633,0.305176,2.563477
35582,0.027222,-0.136597,0.805908,-0.610352,0.244141,2.197266
35591,0.036987,-0.114502,0.781250,-0.305176,-0.854492,1.831055
35601,0.054810,-0.011597,0.742187,-1.647949,-1.098633,1.831055
35610,0.065552,0.037476,0.830078,-3.051758,-0.732422,1.953125
35620,0.030396,-0.063477,0.837524,-3.234863,-0.793457,2.075195
35630,0.013550,-0.151611,0.820679,-2.929688,-0.793457,2.014160
35640,-0.007202,-0.092651,0.985474,-3.356934,-0.915527,1.647949
35652,-0.062622,0.041992,1.001709,-3.417969,-0.732422,1.525879
35662,-0.029053,0.025513,0.946045,-2.258301,-0.305176,1.770020
35671,-0.046143,0.031250,1.015503,-1.220703,-0.061035,2.014160
35681,-0.015137,0.000977,1.063599,-0.366211,-0.366211,1.770020
35690,-0.035034,-0.045654,1.054565,0.244141,-0.305176,1.647949
35700,0.011597,-0.116699,1.023315,0.488281,-0.183105,1.770020
35710,0.002808,0.007690,1.077515,0.366211,0.244141,1.953125
35722,0.015503,-0.085327,1.001953,0.976562,0.366211,2.197266
35731,0.027710,-0.165894,0.944458,3.112793,0.488281,2.136230
35740,0.068237,-0.161499,1.041748,2.868652,0.183105,1.708984
35751,0.073120,-0.144531,1.004028,2.136230,-0.488281,1.647949
35760,0.070190,-0.113281,1.006226,1.220703,-0.488281,1.403809
35771,0.073853,-0.189819,0.870850,0.671387,-0.610352,1.586914
35780,0.020508,-0.080566,0.956787,0.244141,-0.366211,2.197266
35792,-0.020630,-0.014038,1.090088,-0.610352,-0.366211,2.441406
35801,-0.015747,-0.145508,0.999146,-0.427246,-0.427246,2.380371
35811,-0.043945,-0.158325,0.925049,0.122070,-0.183105,2.319336
35820,-0.024658,0.090454,1.073120,-0.854492,-0.061035,2.380371
35831,0.010376,0.112671,1.067261,-1.220703,-0.061035,2.441406
35840,-0.024902,-0.153809,0.784180,-0.732422,-0.183105,2.746582
35852,0.002930,-0.187988,0.629517,-4.699707,0.488281,2.685547
35861,0.001587,0.193848,0.924683,-6.408691,0.671387,2.807617
35872,-0.024292,-0.006714,0.852783,-5.981445,0.183105,2.624512
35881,-0.041504,-0.105713,0.865845,-6.225586,0.000000,2.807617
35891,-0.074707,0.080811,1.140503,-7.690430,0.854492,3.479004
35900,-0.049805,0.203857,1.237061,-7.507324,1.220703,3.662109
35911,-0.056030,0.008057,1.194336,-5.798340,1.586914,4.577637
35920,-0.078857,-0.124756,1.062866,-4.272461,1.892090,5.859375
35932,0.024292,0.026611,1.078613,-4.028320,2.197266,8.117676
35941,0.033691,-0.155884,0.864136,-2.807617,2.441406,9.155273
35950,0.106689,-0.111938,0.864258,-2.685547,2.380371,9.948730
35961,0.088135,-0.034302,0.929077,-3.479004,2.136230,10.986328
35970,0.042358,-0.003174,0.966431,-4.394531,1.464844,11.413574
35981,0.006470,-0.022583,0.977417,-5.615234,0.976562,11.474609
35990,0.021606,-0.034668,1.051147,-6.530762,0.732422,11.474609
36002,-0.061523,0.162964,1.151001,-7.019043,0.854492,12.695313
36011,-0.074707,0.080078,1.092651,-4.943848,1.464844,13.183594
36021,-0.088745,-0.037598,1.052734,-3.540039,1.586914,13.610840
36030,-0.027100,-0.077148,1.118530,-2.624512,1.892090,13.244629
36041,-0.058716,-0.016968,1.053223,-2.380371,1.953125,12.878418
36050,-0.047974,-0.113403,0.947388,-1.586914,1.953125,12.268066
36062,-0.061523,-0.127563,0.960571,-1.159668,1.403809,10.131836
36071,-0.002808,-0.080200,1.001709,-1.037598,1.403809,8.544922
36082,-0.003174,-0.078125,1.019531,-1.342773,1.037598,7.202148
36091,0.027466,-0.091675,0.982422,-1.281738,0.732422,5.737305
36101,0.015137,-0.121582,0.958618,-0.549316,0.793457,4.699707
36111,0.045044,-0.151123,0.976929,-0.061035,0.488281,3.540039
36120,0.056885,-0.125244,1.028564,0.427246,0.305176,2.563477
36132,0.061523,-0.128662,1.001465,-1.281738,-0.671387,1.159668
36141,0.091797,-0.033691,0.977661,-2.014160,-1.098633,0.793457
36151,0.078857,0.117310,1.011597,-2.624512,-1.220703,0.976562
36160,0.066650,0.059814,0.998291,-2.746582,-1.037598,1.159668
36171,0.076782,0.038940,1.086304,-2.441406,-1.159668,1.464844
36180,0.051758,0.038086,1.116577,-2.075195,-1.220703,1.892090
36191,0.042236,0.002563,1.084717,-1.586914,-1.342773,2.441406
36200,0.056885,0.031250,1.072266,-1.037598,-1.525879,2.685547
36212,0.074097,-0.078613,1.025513,-0.122070,-1.464844,3.051758
36221,0.058105,-0.141602,1.016724,0.427246,-2.014160,2.929688
36231,0.034790,-0.127441,0.970825,-0.244141,-2.319336,2.502441
36240,0.021729,0.032715,0.987061,-1.220703,-2.258301,1.770020
36251,0.026245,0.110352,0.929932,-1.586914,-2.319336,1.403809
36260,-0.012817,-0.114136,0.887573,-0.488281,-2.197266,0.854492
36272,0.021240,-0.127319,1.002319,-1.220703,-2.258301,-0.122070
36282,0.006958,0.186279,1.068237,-0.793457,-2.380371,-0.244141
36291,-0.009033,-0.206421,0.740356,1.220703,-2.136230,0.244141
36301,0.011719,-0.124390,0.920166,1.464844,-1.342773,1.037598
36310,0.046875,0.086182,1.042969,0.976562,-1.525879,1.220703
36321,0.052490,0.059204,1.007202,1.831055,-2.014160,0.793457
36330,-0.019409,-0.071045,0.947876,2.868652,-2.319336,0.183105
36342,0.058350,-0.374634,0.718140,2.258301,-2.258301,-1.098633
36351,0.019043,0.017090,1.086304,0.549316,-2.197266,-1.037598
36361,0.033447,0.003784,0.992920,0.488281,-2.197266,-1.586914
36371,0.011719,-0.107910,0.927124,0.610352,-2.258301,-1.831055
36381,0.000244,-0.042969,1.022949,0.610352,-2.014160,-2.014160
36390,0.015625,0.011597,1.165405,0.488281,-1.953125,-2.319336
36401,-0.003906,0.003296,1.122192,0.610352,-2.197266,-1.953125
36413,0.050781,0.056519,1.057617,1.220703,-1.708984,-0.671387
36423,0.083740,-0.109619,1.044922,2.197266,-1.586914,-0.122070
36433,0.055664,-0.095703,1.016968,2.502441,-1.525879,-0.122070
36442,0.041992,-0.098389,1.018677,2.258301,-1.770020,0.061035
36451,0.043701,-0.075562,1.012451,1.708984,-1.831055,0.061035
36460,0.020752,-0.030396,1.020142,1.342773,-2.197266,-0.244141
36471,0.017822,0.007446,1.072876,0.915527,-2.075195,-0.061035
36480,-0.012329,-0.050049,1.043579,0.671387,-2.014160,-0.122070
36492,-0.059448,0.062256,1.055664,0.854492,-1.708984,-0.366211
36502,-0.076782,-0.078369,1.037109,1.037598,-1.525879,-0.549316
36511,-0.076538,-0.008789,1.005371,0.793457,-1.037598,-0.427246
36521,-0.029785,-0.019897,1.012573,1.098633,-0.610352,-0.122070
36530,-0.015747,0.014282,1.042236,1.037598,-0.488281,0.244141
36541,0.001587,-0.094482,1.001343,1.159668,-0.549316,0.427246
36553,0.008911,-0.018555,0.999268,0.549316,0.122070,0.488281
36562,0.016846,-0.004883,0.973511,0.183105,0.305176,0.793457
36572,0.024536,0.043457,0.959961,0.183105,0.244141,1.342773
36581,0.003906,-0.045044,0.929077,0.854492,0.061035,1.892090
36590,0.007080,-0.074341,0.954956,1.281738,0.305176,2.441406
36601,-0.004272,-0.117432,0.955322,0.854492,0.305176,2.868652
36611,-0.001587,-0.012207,0.960449,0.366211,0.427246,3.417969
36621,-0.009399,-0.023926,0.948730,-0.183105,0.793457,5.310059
36630,-0.005371,-0.008057,0.922852,-0.061035,1.098633,5.981445
36641,-0.021606,-0.027222,0.999390,-0.305176,0.976562,6.164551
36651,-0.018677,-0.001587,0.996460,-0.610352,1.037598,6.225586
36661,-0.015991,-0.014404,0.988159,-0.976562,1.220703,6.286621
36670,-0.023560,-0.024414,0.958496,-0.915527,1.159668,6.530762
36681,0.007324,-0.057861,0.971802,-0.793457,1.281738,6.408691
36690,0.008179,-0.062744,0.989502,-1.220703,1.281738,6.164551
36702,0.034546,-0.049438,0.986938,-1.586914,1.098633,4.455566
36711,0.044678,-0.063721,0.996338,-2.014160,0.732422,3.479004
36721,0.050415,-0.047974,1.029663,-1.770020,0.244141,2.441406
36731,0.030151,-0.063721,1.054565,-2.014160,-0.183105,1.098633
36741,0.038208,-0.025879,1.034546,-2.319336,-0.427246,0.000000
36751,0.034790,-0.001587,1.011841,-2.014160,-0.488281,-0.427246
36761,0.035034,-0.081909,0.994873,-1.525879,-0.610352,-1.098633
36772,0.018677,0.070801,1.015625,-1.342773,-0.671387,-1.403809
36782,0.018066,-0.173706,0.924072,-0.854492,-0.610352,-1.831055
36791,0.046143,-0.077271,0.920044,-1.403809,-0.671387,-2.136230
36801,0.029419,0.002319,1.019409,-1.953125,-0.732422,-2.319336
36811,0.020630,-0.040771,0.940796,-1.953125,-1.037598,-2.563477
36821,0.018555,-0.059814,0.967896,-2.197266,-0.671387,-2.563477
36830,0.047241,-0.044922,1.015137,-2.990723,-0.854492,-2.441406
36842,-0.000122,0.031738,0.961304,-2.136230,-0.549316,-1.770020
36852,0.008179,-0.146729,0.956055,-0.915527,-0.183105,-1.220703
36861,0.008423,-0.045654,1.065063,-1.281738,-0.122070,-0.366211
36871,0.001099,-0.038452,1.060791,-1.403809,-0.122070,0.366211
36881,-0.008911,-0.097656,0.979858,-1.403809,0.183105,0.915527
36891,-0.004761,-0.025269,0.959961,-1.586914,0.488281,2.014160
36901,-0.002563,-0.083252,1.006836,-1.647949,1.037598,2.990723
36911,-0.017334,-0.100342,0.987793,-1.953125,1.037598,3.662109
36921,-0.013672,0.035767,0.996216,-2.563477,0.732422,3.967285
36931,-0.003906,0.001465,0.992310,-2.746582,0.732422,4.455566
36942,-0.033447,-0.023804,0.968994,-2.258301,0.915527,5.126953
36951,-0.014648,-0.091309,0.990356,-1.953125,1.525879,5.859375
36961,-0.027954,-0.085815,1.044189,-2.075195,1.708984,6.469727
36971,-0.011841,-0.106934,0.986694,-2.441406,1.708984,7.263184
36982,-0.015747,-0.034302,0.968994,-2.929688,2.258301,7.995605
36992,-0.056030,-0.037231,0.979614,-2.929688,2.258301,8.239746
37002,-0.029907,-0.026123,1.006348,-3.234863,2.258301,8.605957
37012,-0.052979,0.066895,1.032227,-4.028320,2.441406,8.911133
37021,-0.020874,0.093628,1.009888,-4.577637,2.685547,9.765625
37031,-0.019653,0.054687,0.996948,-4.028320,3.051758,10.742188
37043,0.004883,-0.065063,1.009521,-3.417969,3.417969,12.695313
37053,-0.002197,0.027832,1.083984,-3.417969,3.356934,13.183594
37062,-0.008179,-0.010864,1.054810,-3.723145,3.662109,13.793945
37072,-0.018066,-0.038696,1.002075,-3.601074,3.723145,14.282227
37082,-0.002930,-0.013184,1.019531,-3.723145,3.540039,14.404297
37091,-0.010132,0.006470,1.036377,-3.295898,3.234863,14.587402
37101,-0.022705,-0.086548,1.019897,-3.051758,3.540039,14.648438
37114,-0.001099,-0.000366,1.032715,-4.028320,3.234863,14.465332
37123,0.005127,-0.027588,0.971924,-3.906250,3.295898,14.465332
37133,0.019409,-0.004517,0.946655,-3.356934,3.356934,14.343262
37142,0.002686,-0.039063,0.962891,-2.868652,3.356934,14.099121
37152,0.017944,-0.086426,0.990479,-2.380371,3.173828,13.671875
37162,0.023560,-0.149170,0.986938,-2.502441,2.563477,12.878418
37171,0.031006,-0.028564,1.000977,-3.173828,2.319336,12.268066
37181,0.035156,-0.051514,0.946045,-3.356934,2.136230,11.352539
37193,0.037476,-0.066284,0.946777,-2.868652,1.586914,10.620117
37203,0.059814,-0.118896,0.974976,-2.990723,0.976562,9.399414
37212,0.036865,-0.036011,1.022583,-3.356934,0.671387,8.422852
37222,0.059204,0.006470,0.998291,-3.784180,0.549316,7.873535
37232,0.059692,0.007080,0.985107,-3.601074,0.793457,7.934570
37241,0.061035,0.057495,0.964966,-3.173828,0.793457,7.873535
37254,0.044189,-0.031616,1.017578,-1.953125,0.244141,7.263184
37263,0.043457,-0.046631,1.030518,-2.075195,-0.305176,7.263184
37273,0.056885,-0.062988,0.997681,-2.319336,-0.183105,7.019043
37282,0.047485,-0.027222,1.003174,-2.380371,-0.305176,7.080078
37292,0.026489,-0.058472,0.995483,-2.075195,-0.061035,6.835937
37302,0.009277,-0.023682,1.018677,-1.647949,-0.183105,6.530762
37312,0.008057,-0.088013,1.030518,-1.342773,-0.549316,6.164551
37321,0.036743,-0.147949,1.045288,-1.892090,-0.732422,5.981445
37333,0.057495,-0.026733,0.991577,-1.892090,-0.732422,5.859375
37342,0.028442,0.026489,0.963989,-1.953125,-0.854492,5.798340
37352,0.056763,-0.039551,0.952637,-1.281738,-0.793457,5.798340
37362,0.036011,-0.115112,1.015991,-0.549316,-0.915527,5.554199
37371,0.038818,-0.078247,1.065796,-0.915527,-1.159668,5.126953
37381,0.030273,-0.070923,1.002808,-1.464844,-1.220703,5.004883
37393,0.065918,-0.016968,0.937256,-1.770020,-0.976562,5.065918
37403,0.049316,0.030151,0.966675,-1.586914,-1.403809,4.882812
37412,0.015381,-0.067505,1.029419,-1.403809,-1.647949,4.516602
37422,0.003906,-0.081299,1.049927,-1.403809,-1.831055,3.906250
37432,0.002197,0.046143,1.086914,-2.563477,-1.708984,3.479004
37441,0.024292,0.012939,1.005005,-2.868652,-1.220703,3.112793
37453,0.029907,0.052490,0.978638,-1.464844,-1.342773,2.197266
37462,0.043701,0.038086,1.009277,-1.037598,-1.831055,1.342773
37473,0.078125,-0.053955,1.019897,-1.098633,-2.441406,0.366211
37482,0.108643,-0.033081,1.043213,-1.464844,-2.807617,-0.366211
37492,0.096313,-0.027466,0.974243,-1.708984,-2.624512,-0.488281
37501,0.091187,0.013794,1.001465,-1.892090,-2.258301,-0.610352
37512,0.080688,-0.089355,0.992432,-0.976562,-2.441406,-0.549316
37521,0.077393,-0.062866,0.999146,-0.854492,-2.868652,-1.098633
37533,0.057495,-0.078979,1.051025,-0.976562,-3.601074,-1.892090
37543,0.031372,-0.004761,1.034058,-1.281738,-3.601074,-2.136230
37552,0.039429,-0.022705,1.019531,-0.793457,-3.417969,-2.319336
37562,0.020630,-0.028564,0.992920,-0.488281,-3.479004,-2.868652
37571,0.013916,-0.052368,1.005737,-0.244141,-3.417969,-3.234863
37582,0.011108,-0.040405,1.004883,0.122070,-3.540039,-3.784180
37592,0.033813,-0.067627,0.970703,0.122070,-3.601074,-4.333496
37603,0.028809,-0.107666,0.989502,0.427246,-3.906250,-4.882812
37613,0.012573,-0.034058,0.987671,0.610352,-3.540039,-5.126953
37622,0.003052,-0.081177,0.953125,0.610352,-3.234863,-5.126953
37632,0.007080,-0.041260,0.964600,0.305176,-3.051758,-5.004883
37641,0.004272,-0.029175,0.969727,0.366211,-2.807617,-4.455566
37652,-0.008179,-0.088257,0.982666,0.488281,-2.685547,-3.967285
37662,-0.035889,-0.020020,0.986938,0.183105,-2.624512,-3.356934
37671,-0.050659,-0.023437,1.005249,-0.122070,-1.342773,-1.586914
37682,-0.063721,-0.006714,0.968628,-0.427246,-0.793457,-0.732422
37692,-0.036011,-0.034424,0.954834,-0.244141,-0.305176,0.305176
37701,-0.028564,0.031128,0.985229,-0.305176,-0.122070,1.159668
37712,-0.017700,-0.061646,0.976196,0.122070,-0.183105,1.708984
37721,-0.014282,-0.068848,1.026855,-0.244141,-0.244141,2.197266
37731,-0.013916,0.048462,1.015259,-1.159668,0.427246,2.929688
37743,-0.006226,-0.075073,0.966064,-1.220703,0.854492,5.065918
37752,0.009399,-0.021362,0.981567,-0.610352,1.464844,6.103516
37762,-0.001587,-0.028320,0.978760,-1.037598,1.281738,7.202148
37771,-0.000854,-0.075684,1.019287,-1.098633,1.342773,7.995605
37782,-0.016357,-0.028931,0.989380,-1.464844,1.647949,8.422852
37791,-0.006226,-0.043335,0.978149,-1.586914,2.075195,8.972168
37803,-0.032227,-0.025391,0.994019,-2.014160,2.319336,9.521484
37813,-0.010986,-0.054932,0.962646,-1.770020,2.258301,9.826660
37822,-0.000244,-0.010254,0.969849,-1.525879,2.014160,9.460449
37832,0.032104,-0.024658,0.961670,-1.953125,1.953125,9.338379
37841,0.023071,-0.065552,0.950562,-1.708984,2.075195,9.277344
37852,0.033813,-0.041626,0.980103,-1.647949,2.136230,9.399414
37861,0.045166,-0.060913,0.968872,-2.014160,2.075195,9.094238
37873,0.044556,-0.062744,0.981201,-2.258301,1.647949,8.117676
37882,0.042480,-0.020996,0.985596,-2.441406,1.403809,7.690430
37893,0.052612,-0.012695,1.006104,-2.380371,1.098633,7.080078
37903,0.059082,-0.078003,1.001465,-2.319336,0.610352,6.347656
37912,0.063110,-0.074707,1.020630,-1.953125,0.427246,5.615234
37922,0.058960,-0.059937,1.018433,-2.136230,0.244141,4.882812
37932,0.069092,-0.029541,1.028198,-2.380371,-0.061035,4.699707
37942,0.076416,0.002441,1.007202,-2.502441,-0.061035,4.882812
37953,0.063965,-0.068604,1.012085,-1.770020,-0.549316,4.028320
37963,0.055298,-0.043335,1.036133,-1.586914,-1.037598,3.479004
37972,0.058716,-0.087158,1.030640,-1.586914,-1.220703,3.112793
37982,0.055664,-0.070435,1.030029,-1.525879,-1.220703,2.502441
37992,0.053223,-0.042480,1.020020,-1.831055,-1.342773,2.014160
38002,0.031372,-0.091187,1.008057,-1.647949,-1.464844,1.708984
38012,0.020874,-0.066284,1.029419,-1.525879,-1.831055,0.732422
38022,0.008789,-0.041016,1.028931,-1.525879,-1.708984,0.427246
38032,-0.005615,-0.042480,1.040771,-1.770020,-1.647949,0.244141
38042,0.008667,-0.009033,1.005981,-1.770020,-1.647949,0.122070
38052,0.000610,-0.044800,1.010254,-1.464844,-1.342773,0.244141
38062,0.008911,-0.056763,1.021851,-1.220703,-1.403809,0.061035
38071,0.005371,-0.011719,1.007568,-1.403809,-1.281738,-0.061035
38083,0.003296,-0.008545,1.031006,-1.342773,-1.037598,0.366211
38093,-0.006958,0.009277,0.986206,-1.647949,-0.793457,0.610352
38102,0.003784,0.019287,1.004639,-1.403809,-0.732422,1.037598
38112,0.003906,-0.068726,0.985962,-0.915527,-0.549316,1.464844
38122,-0.005249,-0.054565,0.997559,-0.732422,-0.427246,1.647949
38132,-0.006714,-0.028564,1.009033,-0.854492,-0.305176,2.014160
38142,-0.002808,-0.046021,1.001221,-0.976562,-0.183105,2.441406
38152,-0.010254,-0.002441,1.000488,-0.915527,0.183105,2.868652
38163,-0.003662,-0.030029,0.966919,-0.610352,0.671387,3.906250
38173,-0.002441,-0.028564,0.981567,-0.610352,0.610352,4.577637
38183,-0.005005,0.019775,1.000610,-1.220703,0.488281,5.187988
38192,0.003906,0.004761,1.017700,-1.037598,0.854492,6.042480
38203,-0.003296,-0.040649,1.007935,-0.915527,1.464844,6.958008
38212,-0.004272,0.017822,1.012207,-1.220703,1.708984,7.263184
38222,-0.008911,0.021851,1.004028,-1.281738,1.708984,7.568359
38233,-0.016602,-0.032837,1.003662,-0.671387,1.647949,7.507324
38243,0.000122,-0.010986,1.030151,-0.915527,1.647949,7.202148
38252,0.015259,-0.025146,1.019287,-0.976562,1.831055,7.019043
38262,0.028320,-0.080811,0.977783,-1.342773,2.075195,7.202148
38272,0.050903,-0.016357,0.986938,-1.525879,1.831055,7.080078
38282,0.055176,-0.032104,0.989990,-1.403809,1.770020,7.080078
38294,0.070801,-0.061035,0.994751,-1.159668,1.464844,6.591797
38304,0.077393,-0.015991,1.009766,-1.647949,1.098633,6.286621
38313,0.065552,-0.038086,0.990601,-1.586914,0.793457,6.225586
38323,0.072021,-0.090088,0.991577,-1.403809,0.671387,6.225586
38332,0.051514,-0.032837,0.974731,-1.708984,0.610352,5.981445
38342,0.050659,0.004761,0.991577,-1.953125,0.671387,5.981445
38352,0.049194,-0.027466,0.965088,-1.831055,0.488281,5.920410
38362,0.058716,-0.074219,0.988525,-1.586914,0.183105,5.737305
38372,0.037109,-0.010620,1.005005,-2.502441,0.183105,5.432129
38382,0.022217,-0.009155,0.976685,-2.624512,-0.122070,5.126953
38392,0.031738,0.011230,0.994629,-2.624512,-0.366211,4.821777
38402,0.008789,0.026855,1.000366,-2.502441,-0.427246,4.516602
38412,0.015015,-0.075439,0.921021,-2.319336,-0.549316,4.150391
38422,0.035400,-0.024048,0.996338,-2.624512,-0.671387,4.089355
38434,0.037231,-0.003418,0.974243,-2.990723,-0.793457,3.845215
38444,0.026855,-0.036621,0.996216,-2.685547,-0.366211,3.906250
38453,0.013794,-0.069214,1.004028,-2.441406,-0.305176,3.601074
38463,0.007568,-0.035767,1.050781,-2.563477,-0.305176,3.234863
38472,0.008545,-0.056885,1.011475,-2.380371,-0.610352,2.990723
38482,0.000488,-0.073364,0.983643,-2.624512,-0.427246,2.868652
38493,0.021362,-0.024048,0.991821,-2.624512,-0.671387,2.929688
38502,0.034302,-0.067749,0.978027,-2.502441,-0.915527,3.234863
38512,0.016113,-0.040405,0.997681,-2.563477,-0.732422,3.417969
38523,0.023315,-0.001099,1.025146,-2.685547,-0.244141,3.784180
38532,0.020874,-0.058350,1.012939,-2.807617,-0.122070,3.662109
38542,0.007446,-0.052979,1.038452,-2.563477,0.183105,3.356934
38552,0.000732,-0.024048,1.012695,-2.563477,0.183105,3.051758
38562,0.006470,-0.015015,1.021484,-2.502441,-0.244141,2.563477
38574,0.043579,0.010254,1.011108,-2.441406,-0.061035,2.014160
38584,0.053833,0.003662,0.965942,-2.563477,-0.366211,1.708984
38593,0.050537,-0.028442,0.994263,-2.197266,-0.183105,1.708984
38603,0.088013,-0.037476,0.983276,-2.014160,-0.305176,1.831055
38612,0.079956,-0.013794,0.992432,-2.380371,-0.183105,1.953125
38622,0.095581,0.002808,0.996338,-2.502441,-0.366211,1.708984
38632,0.088379,-0.052002,0.979370,-1.953125,-0.549316,1.586914
38642,0.093140,-0.044678,1.022705,-1.647949,-1.098633,0.610352
38654,0.079468,-0.007690,1.021118,-2.197266,-2.075195,0.000000
38663,0.087524,-0.015747,0.956299,-2.197266,-2.197266,-0.305176
38673,0.073242,-0.046387,0.987549,-1.708984,-2.136230,-0.122070
38682,0.058472,-0.078247,0.986938,-1.586914,-2.197266,-0.305176
38692,0.024414,-0.083496,1.002075,-1.586914,-2.563477,-0.427246
38703,0.007568,-0.027222,1.039185,-1.892090,-2.502441,-0.671387
38712,0.015015,-0.011597,0.985474,-1.953125,-2.441406,-1.159668
38722,0.000854,-0.010864,0.999512,-1.464844,-2.502441,-1.159668
38733,0.010254,-0.055176,1.014526,-1.220703,-2.380371,-0.793457
38743,0.013062,-0.058594,1.035156,-1.281738,-2.380371,-0.854492
38752,0.008301,-0.040527,1.000366,-1.831055,-2.502441,-0.915527
38762,0.027100,-0.007568,1.001953,-1.953125,-2.380371,-0.549316
38772,0.054321,-0.050293,0.951538,-1.647949,-2.014160,-0.549316
38784,0.024292,-0.019897,0.994141,-1.159668,-1.831055,-0.183105
38794,0.009888,-0.069214,0.984863,-1.159668,-1.892090,-0.305176
38804,0.010620,-0.035034,1.047974,-1.281738,-1.525879,-0.305176
38814,0.013794,-0.072388,0.984741,-1.098633,-1.586914,-0.122070
38823,0.000000,-0.021973,1.023438,-1.098633,-1.403809,0.183105
38833,0.023193,-0.029419,0.982300,-1.098633,-1.586914,0.244141
38842,0.008301,-0.073608,0.959595,-0.671387,-1.647949,0.305176
38855,0.020508,-0.078979,1.010376,-0.427246,-0.976562,-0.488281
38865,-0.001831,-0.053345,1.021729,-0.854492,-1.342773,-0.671387
38874,0.018433,-0.045654,1.000610,-0.915527,-1.647949,-0.854492
38884,0.003906,-0.067627,0.967163,-0.732422,-1.403809,-1.098633
38894,0.013916,-0.065796,0.999634,-0.732422,-1.403809,-1.586914
38903,0.045654,-0.043945,1.002075,-0.732422,-1.770020,-2.014160
38913,0.020752,-0.080566,0.971924,-0.854492,-2.136230,-2.441406
38923,0.033813,-0.028564,0.996338,-1.220703,-1.892090,-2.746582
38932,0.023560,-0.041260,0.976318,-0.976562,-1.525879,-2.807617
38942,0.047852,-0.028809,0.982788,-1.098633,-1.647949,-3.051758
38953,0.029907,-0.049194,0.996216,-1.159668,-1.770020,-3.173828
38963,0.035034,-0.031738,1.019043,-1.037598,-1.770020,-3.173828
38973,0.051025,-0.013428,1.018555,-1.281738,-1.708984,-3.051758
38982,0.009155,-0.033691,1.000854,-1.342773,-1.892090,-2.929688
38992,0.044678,0.017700,1.017578,-1.586914,-1.770020,-2.563477
39003,0.034546,-0.024414,1.008423,-1.037598,-1.708984,-2.441406
39013,0.064575,0.028442,1.007935,-1.464844,-2.197266,-2.746582
39023,0.035522,-0.015015,0.995361,-1.586914,-1.953125,-2.258301
39032,0.006348,-0.006470,1.004639,-1.464844,-1.831055,-2.014160
39043,0.051758,0.007202,1.018188,-1.525879,-2.014160,-1.953125
39052,0.011841,-0.041870,0.997314,-1.281738,-1.953125,-1.770020
39065,0.034912,0.032104,0.996216,-1.525879,-2.441406,-2.441406
39074,0.006958,-0.056396,0.976196,-1.220703,-2.502441,-2.441406
39084,0.007568,-0.027466,1.008179,-1.647949,-2.502441,-2.746582
39094,0.028198,-0.025146,1.029541,-1.586914,-2.441406,-2.929688
39103,-0.006592,-0.065308,0.999268,-1.403809,-2.075195,-2.807617
39113,-0.018433,-0.017700,1.005005,-1.831055,-2.136230,-2.990723
39123,0.018433,0.005005,1.002808,-1.831055,-2.136230,-2.990723
39132,-0.006348,-0.092773,0.975342,-1.403809,-1.892090,-2.502441
39144,0.010498,-0.012695,1.032959,-1.647949,-1.708984,-2.197266
39153,-0.020874,-0.068237,0.999390,-1.464844,-1.342773,-1.708984
39163,-0.043091,-0.049561,0.984253,-1.647949,-1.037598,-1.281738
39173,-0.009033,-0.002686,1.005371,-1.586914,-1.098633,-1.159668
39182,-0.020142,-0.051636,0.990967,-1.281738,-0.854492,-0.854492
39192,-0.038452,-0.069580,0.979370,-1.220703,-0.793457,-0.793457
39205,0.002197,-0.020142,1.001831,-1.342773,-0.488281,-0.671387
39214,-0.007690,-0.057495,0.970581,-1.159668,-0.305176,-0.366211
39224,0.015015,-0.036621,0.987061,-1.281738,-0.183105,-0.366211
39233,0.038696,-0.002563,1.034668,-1.464844,-0.427246,-0.488281
39243,0.036743,-0.081177,1.001587,-1.464844,-0.366211,-0.244141
39253,0.046997,-0.047485,0.993652,-1.831055,-0.427246,-0.122070
39262,0.072510,0.005859,1.008179,-1.892090,-0.732422,-0.061035
39274,0.037231,-0.072388,0.983032,-1.281738,-0.915527,0.183105
39284,0.028809,-0.043213,1.003418,-1.464844,-1.159668,-0.122070
39293,0.022583,-0.002441,1.021606,-1.708984,-1.281738,-0.366211
39303,0.003174,-0.039063,1.004639,-1.708984,-1.159668,-0.244141
39313,-0.001465,-0.025146,0.982178,-1.586914,-1.159668,-0.183105
39322,0.012695,-0.006348,0.981689,-1.464844,-1.281738,-0.183105
39332,0.023315,-0.059082,0.994751,-1.159668,-1.342773,-0.061035
39345,0.014038,-0.022461,1.008545,-1.831055,-1.525879,0.427246
39354,0.007813,-0.004028,0.988647,-2.075195,-1.342773,0.732422
39364,0.004761,-0.021362,0.993774,-1.892090,-0.976562,0.976562
39373,0.000122,-0.030518,0.992310,-1.647949,-0.793457,1.159668
39383,-0.001465,-0.024536,0.999023,-1.525879,-1.281738,1.281738
39392,0.004883,-0.057739,1.005737,-1.403809,-1.159668,1.403809
39402,0.018311,-0.083984,1.004761,-1.464844,-1.281738,1.708984
39414,0.003784,-0.011719,0.995483,-2.014160,-1.159668,2.441406
39424,0.006714,0.003296,0.983398,-2.197266,-1.098633,3.112793
39433,0.006592,-0.025513,0.979858,-1.831055,-0.976562,3.723145
39443,0.002930,-0.028931,1.016113,-1.525879,-1.159668,3.845215
39453,-0.002563,-0.025879,1.009033,-1.586914,-1.098633,3.723145
39462,-0.009277,-0.041992,1.010498,-1.770020,-1.098633,3.723145
39472,-0.013794,-0.061523,0.994507,-1.953125,-0.854492,4.028320
39485,-0.015137,0.016357,0.996216,-2.258301,-0.732422,4.028320
39494,-0.016968,-0.029663,0.975464,-2.014160,-0.976562,3.723145
39504,-0.012573,0.002319,1.002686,-2.014160,-0.915527,3.662109
39514,-0.026245,-0.008789,0.992920,-2.014160,-0.793457,3.967285
39523,-0.040283,-0.009277,1.004517,-1.953125,-0.549316,4.272461
39533,-0.043335,0.003906,1.015991,-2.258301,-0.122070,4.150391
39543,-0.074097,-0.013550,0.995239,-2.136230,0.427246,4.089355
39552,-0.073242,-0.021118,0.990845,-2.258301,0.366211,4.211426
39564,-0.051514,-0.004150,0.994629,-2.380371,0.671387,4.394531
39573,-0.047363,-0.048096,1.000488,-2.258301,0.671387,4.699707
39583,-0.018066,-0.074585,1.008667,-1.953125,1.342773,5.187988
39592,-0.021118,-0.045898,1.009277,-1.892090,1.892090,5.859375
39602,0.012451,-0.044312,1.007935,-2.197266,2.197266,6.408691
39613,0.031616,-0.080444,0.983521,-2.075195,2.319336,7.080078
39622,0.051025,-0.062744,0.995605,-1.892090,1.220703,6.835937
39634,0.072876,-0.063477,1.011230,-2.014160,0.610352,6.774902
39643,0.062134,-0.052979,1.004761,-2.258301,0.549316,6.835937
39653,0.094727,0.000854,1.013184,-2.197266,0.610352,7.080078
39662,0.056641,0.043213,0.961060,-2.136230,0.549316,6.896973
39673,0.018555,-0.027710,1.055420,-1.831055,0.000000,6.408691
39682,0.022705,-0.105957,1.021484,-1.525879,-0.244141,5.432129
39692,-0.027100,-0.057617,1.011230,-1.586914,-0.488281,4.333496
39704,-0.093872,0.009644,0.905396,-1.464844,0.183105,4.333496
39713,-0.020142,-0.046021,0.978027,-1.281738,0.061035,4.211426
39722,-0.061279,-0.027100,1.023926,-1.342773,-0.366211,3.723145
39732,-0.088501,0.019287,0.984009,-1.953125,-0.366211,3.356934
39743,-0.015259,0.034424,0.996704,-2.136230,0.549316,3.662109
39752,-0.001709,0.015625,1.011963,-2.075195,1.342773,4.333496
39762,-0.013062,0.007935,0.976196,-1.708984,1.647949,4.638672
39772,0.013184,0.012695,1.000610,-1.708984,1.098633,4.516602
39782,0.081543,-0.048828,1.046631,-1.708984,0.427246,4.089355
39792,0.132935,-0.065063,1.026611,-1.831055,0.061035,3.784180
39802,0.122925,-0.030518,1.019409,-2.197266,-0.244141,3.601074
39812,0.115479,-0.008179,1.009277,-2.258301,-0.366211,3.540039
39823,0.104370,-0.038208,1.005737,-1.770020,-0.488281,3.173828
39832,0.082153,-0.055908,1.020508,-1.525879,-0.732422,2.319336
39844,0.027222,-0.018555,0.999634,-1.525879,-0.793457,1.953125
39853,0.004395,-0.021973,0.964478,-1.586914,-1.281738,1.220703
39863,0.015137,-0.018799,0.980225,-1.464844,-1.892090,0.366211
39872,0.020996,-0.024902,0.994995,-1.647949,-2.441406,-0.915527
39882,-0.003052,-0.028687,0.998901,-1.525879,-2.685547,-1.831055
39893,-0.010254,-0.008789,1.000732,-1.831055,-2.380371,-2.685547
39903,-0.009155,0.008423,0.996216,-1.770020,-1.770020,-3.112793
39912,-0.008057,0.012329,0.980347,-1.464844,-1.892090,-3.112793
39923,0.007080,-0.013672,0.981201,-1.220703,-1.708984,-2.868652
39932,0.024414,-0.028198,0.991699,-1.037598,-1.525879,-2.868652
39942,0.035645,-0.023315,0.996826,-1.037598,-1.708984,-2.929688
39953,0.047485,-0.018555,1.001953,-1.403809,-1.770020,-2.929688
39962,0.060547,-0.018433,1.020508,-1.403809,-1.770020,-3.173828
39972,0.059082,-0.019531,1.032227,-1.464844,-2.014160,-3.356934
39984,0.073853,-0.014038,1.004883,-1.525879,-2.746582,-3.479004
39994,0.048828,-0.018677,1.009888,-1.403809,-2.990723,-3.173828
40003,0.025513,-0.004761,1.011353,-1.525879,-3.173828,-2.746582
40013,0.009766,0.008789,1.003540,-1.708984,-3.051758,-2.075195
40022,-0.005493,-0.001465,1.001221,-1.647949,-2.929688,-1.464844
40032,-0.014282,-0.015259,1.008545,-1.586914,-3.051758,-0.915527
40045,-0.023315,-0.002930,0.998413,-1.831055,-3.112793,-0.366211
40055,-0.037476,0.001831,0.992065,-1.831055,-3.112793,-0.061035
40064,-0.051880,-0.003296,0.977661,-1.647949,-2.868652,0.610352
40074,-0.076660,0.010498,0.970337,-1.647949,-2.258301,1.586914
40083,-0.096680,0.002686,0.967896,-1.647949,-1.831055,2.319336
40092,-0.112915,-0.006348,0.983643,-1.770020,-1.525879,2.990723
40103,-0.116699,0.006836,1.003174,-1.708984,-1.159668,3.295898
40112,-0.089844,0.015137,1.011475,-1.770020,-0.488281,4.577637
40122,-0.037964,0.009888,1.008789,-1.586914,-0.549316,5.249023
40133,0.020874,0.014038,1.000610,-1.831055,-0.549316,5.859375
40142,0.031494,0.011841,1.009277,-1.647949,-0.183105,6.591797
40153,0.044434,-0.008179,1.025635,-1.403809,0.061035,7.141113
40162,0.040771,-0.066650,1.034912,-1.159668,-0.061035,7.629395
40172,0.032837,-0.095825,1.044312,-0.915527,-0.061035,7.751465
40185,0.029663,-0.114258,0.998901,-0.305176,-1.220703,7.751465
40194,0.013794,-0.104492,0.979858,-0.610352,-1.647949,7.202148
40204,-0.013062,-0.090332,0.973511,-0.915527,-1.831055,6.835937
40213,-0.037598,-0.089844,0.974365,-0.732422,-1.403809,6.408691
40223,-0.046509,-0.089722,0.987305,-0.854492,-0.976562,5.920410
40232,-0.048706,-0.095825,1.000854,-0.976562,-0.549316,5.554199
40242,-0.017090,-0.058472,0.975952,-0.915527,-0.549316,4.760742
40255,0.004517,-0.087769,1.019409,-1.037598,-1.098633,3.356934
40264,-0.055298,-0.093994,1.006592,-0.976562,-0.976562,2.685547
40274,-0.066772,-0.109619,1.012817,-0.732422,-0.915527,2.136230
40283,-0.056274,-0.106323,1.018311,-0.671387,-1.098633,1.525879
40293,-0.064087,-0.136719,0.999756,-0.366211,-0.549316,1.586914
40304,-0.066650,-0.114868,0.975586,-0.488281,-0.061035,2.136230
40313,-0.099121,-0.108887,0.941528,-0.793457,0.061035,3.234863
40323,-0.101074,-0.099487,0.948486,-1.098633,0.183105,4.150391
40332,-0.038818,-0.094604,0.997559,-1.342773,0.732422,5.859375
40342,-0.034546,-0.098267,1.005127,-1.220703,1.342773,7.690430
40353,-0.039429,-0.085083,0.996582,-1.281738,1.892090,9.521484
40362,-0.040894,-0.087769,0.977051,-1.281738,2.197266,10.742188
40372,-0.033936,-0.100586,0.963013,-1.403809,2.441406,12.084961
40383,-0.027344,-0.088623,0.975952,-1.525879,2.807617,13.061523
40393,-0.022705,-0.101929,0.998291,-1.647949,2.807617,14.038086
40402,0.007446,-0.134766,1.017456,-1.770020,2.624512,13.916016
40412,0.036499,-0.123901,1.013062,-1.831055,2.685547,13.854980
40423,0.034790,-0.119507,0.986816,-1.831055,2.807617,13.305664
40432,0.029907,-0.107910,0.971069,-2.014160,2.685547,12.268066
40443,0.041504,-0.094971,0.982300,-1.953125,2.624512,11.108398
40452,0.068604,-0.091309,0.996582,-2.136230,2.197266,9.460449
40465,0.093994,-0.121216,1.011353,-2.258301,1.525879,5.920410
40474,0.111938,-0.123291,1.034912,-2.014160,1.159668,4.089355
40484,0.146729,-0.118164,1.031494,-1.953125,0.244141,2.075195
40493,0.180786,-0.114624,1.006226,-1.892090,-0.183105,0.488281
40503,0.186035,-0.103760,0.987549,-1.831055,-0.976562,-1.098633
40512,0.154297,-0.095459,0.977539,-1.708984,-1.892090,-2.746582
40522,0.131592,-0.094849,0.973877,-1.953125,-2.441406,-4.150391
40535,0.097046,-0.094971,1.013794,-2.136230,-3.662109,-5.920410
40544,0.073364,-0.101440,1.022461,-1.831055,-4.089355,-6.652832
40554,0.059448,-0.100464,1.016235,-1.708984,-4.455566,-7.080078
40564,0.040771,-0.083374,1.005493,-1.586914,-5.004883,-7.446289
40574,0.033691,-0.062988,0.987671,-1.525879,-5.371094,-7.629395
40583,0.018921,-0.045532,0.981079,-1.525879,-5.371094,-7.385254
40593,-0.005981,-0.039063,0.990601,-1.403809,-5.493164,-6.835937
40603,-0.038452,-0.041382,1.003174,-1.342773,-4.821777,-6.408691
40613,-0.080566,-0.069702,1.005005,-1.281738,-4.577637,-5.676270
40622,-0.115234,-0.079102,0.992310,-1.220703,-4.577637,-5.065918
40632,-0.117065,-0.076294,0.988403,-1.220703,-4.089355,-4.455566
40643,-0.100952,-0.063477,0.989014,-1.220703,-3.906250,-3.234863
40653,-0.101318,-0.062378,0.987061,-1.281738,-3.417969,-2.136230
40662,-0.094849,-0.061401,0.993774,-1.098633,-2.685547,-1.037598
40672,-0.079712,-0.059448,1.001587,-1.159668,-1.831055,1.464844
40684,-0.059326,-0.073242,1.002075,-0.915527,-1.525879,2.746582
40694,-0.059570,-0.078247,1.000488,-0.732422,-1.403809,3.845215
40703,-0.060181,-0.084595,0.993896,-0.915527,-1.281738,5.065918
40713,-0.054932,-0.078125,0.984985,-0.976562,-0.976562,6.347656
40722,-0.052368,-0.078369,0.991089,-1.037598,-0.671387,7.568359
40732,-0.038574,-0.059814,0.988892,-0.854492,-0.488281,8.666992
40745,-0.005127,-0.195312,1.049072,-1.098633,0.000000,10.314941
40754,0.036621,-0.161743,0.974854,-0.976562,0.366211,10.803223
40763,-0.031738,-0.038452,0.879395,-0.671387,0.122070,11.230469
40773,-0.043213,0.029175,0.891846,-1.098633,-0.305176,10.864258
40783,0.040771,0.003174,0.934082,-1.708984,-0.427246,10.192871
40792,0.075684,-0.100586,1.037598,-1.770020,-0.244141,10.131836
40802,0.115601,-0.060913,1.085083,-1.770020,0.366211,9.948730
40812,-0.021973,-0.169556,1.072510,-1.342773,-0.854492,8.056641
40823,-0.030518,-0.196777,1.015137,-0.610352,-1.464844,6.774902
40833,0.036133,-0.162109,0.955811,-0.793457,-0.976562,6.591797
40843,0.037720,-0.129761,0.950684,-0.976562,-0.549316,6.347656
40852,-0.006836,-0.111206,0.942871,-1.281738,-0.915527,5.493164
40863,-0.033325,-0.110962,0.962891,-1.647949,-1.586914,4.821777
40872,-0.006470,-0.111938,1.006470,-1.892090,-1.403809,4.821777
40882,0.028320,-0.115112,1.039551,-1.892090,-0.488281,5.615234
40893,-0.000977,-0.137817,1.004028,-1.831055,-0.976562,5.310059
40903,-0.027100,-0.111084,0.992432,-1.953125,-1.525879,4.882812
40912,-0.024414,-0.115967,0.971436,-2.197266,-1.220703,4.699707
40922,-0.006348,-0.117554,0.986816,-2.380371,-0.610352,4.577637
40933,-0.018555,-0.101685,1.006836,-2.380371,-0.610352,4.089355
40942,-0.019287,-0.108521,1.010864,-2.197266,-1.037598,3.723145
40952,-0.008789,-0.083862,1.007690,-2.258301,-1.098633,3.356934
40964,0.009521,-0.127686,1.038574,-2.136230,-1.098633,2.990723
40974,-0.030762,-0.074829,0.977661,-2.319336,-1.464844,2.441406
40983,-0.022705,-0.109619,1.014893,-2.075195,-1.342773,1.831055
40993,-0.021240,-0.066406,0.996948,-1.892090,-1.037598,1.647949
41003,-0.003296,-0.053955,1.003174,-2.197266,-1.037598,1.220703
41012,-0.029297,-0.073242,1.001099,-2.502441,-1.159668,0.488281
41025,-0.008667,-0.067139,1.027222,-2.563477,-1.586914,-0.549316
41035,-0.001465,-0.102051,1.014160,-2.380371,-1.831055,-0.549316
41044,0.017944,-0.086670,1.009033,-2.197266,-1.647949,-0.732422
41054,0.020020,-0.069214,0.997314,-2.075195,-1.770020,-1.037598
41064,0.013672,-0.066772,0.977417,-1.831055,-1.708984,-1.037598
41074,0.009888,-0.051636,0.956787,-1.831055,-1.770020,-1.159668
41083,-0.010010,-0.041382,0.965454,-1.953125,-2.136230,-2.197266
41093,-0.017822,-0.054199,0.977783,-1.647949,-2.258301,-2.624512
41102,-0.034546,-0.087402,0.984009,-1.525879,-2.563477,-3.112793
41112,-0.041016,-0.101929,0.981201,-1.525879,-2.380371,-3.295898
41122,-0.058838,-0.100586,0.970947,-1.464844,-2.075195,-3.540039
41133,-0.080811,-0.087036,0.963745,-1.403809,-2.014160,-3.967285
41142,-0.086304,-0.081421,0.957275,-1.525879,-1.953125,-4.211426
41152,-0.075439,-0.059570,0.957275,-1.281738,-1.708984,-4.089355
41164,-0.073853,-0.034668,0.998779,-1.220703,-1.159668,-3.540039
41174,-0.084473,-0.040649,1.010742,-0.976562,-0.854492,-3.234863
41183,-0.088501,-0.045654,1.019531,-0.976562,-0.488281,-2.502441
41193,-0.093506,-0.050415,1.023315,-0.732422,-0.122070,-1.770020
41202,-0.097778,-0.053711,1.011353,-0.610352,0.305176,-1.220703
41212,-0.107544,-0.071533,0.997803,-0.488281,0.793457,-0.732422
41223,-0.121826,-0.090576,0.994385,-0.427246,1.159668,-0.244141
41232,-0.135620,-0.099609,0.991821,-0.427246,1.831055,0.488281
41244,-0.126465,-0.132080,0.994385,-0.671387,2.502441,1.037598
41254,-0.102295,-0.140015,1.001099,-0.915527,2.868652,1.525879
41263,-0.088379,-0.139160,1.000732,-1.159668,3.295898,2.014160
41273,-0.071655,-0.123779,0.993042,-1.281738,3.479004,2.624512
41283,-0.043091,-0.102783,0.981323,-1.342773,3.540039,2.990723
41292,-0.024536,-0.084106,0.975464,-1.220703,3.906250,3.417969
41302,-0.010986,-0.073608,0.974365,-1.342773,4.211426,3.356934
41314,-0.031616,-0.064575,0.975464,-1.586914,4.150391,2.990723
41323,-0.039795,-0.078613,0.981934,-1.403809,4.333496,2.624512
41333,-0.048828,-0.101440,0.995605,-1.525879,4.211426,2.136230
41342,-0.062744,-0.118408,1.009155,-1.342773,4.760742,1.586914
41352,-0.070557,-0.120361,1.003418,-1.342773,4.821777,1.098633
41363,-0.067383,-0.112549,1.000488,-1.281738,4.638672,0.671387
41372,-0.039917,-0.093140,0.991821,-1.220703,4.760742,-0.732422
41382,-0.009888,-0.072876,0.976685,-1.037598,4.882812,-0.915527
41392,0.011719,-0.065430,0.978882,-1.037598,4.760742,-1.220703
41403,0.049927,-0.075073,0.990112,-1.220703,5.004883,-1.159668
41413,0.087524,-0.098755,1.000000,-1.281738,4.760742,-1.464844
41422,0.113770,-0.115112,1.009155,-1.220703,4.333496,-1.525879
41433,0.111084,-0.082275,0.989380,-1.220703,3.601074,-1.586914
41442,0.112183,-0.124390,1.023804,-1.464844,3.173828,-1.953125
41452,0.086426,-0.065430,1.021729,-1.464844,3.051758,-1.831055
41463,0.066772,-0.091797,0.988281,-1.037598,2.563477,-1.770020
41472,0.037598,-0.092773,1.017090,-1.098633,1.953125,-2.136230
41483,0.022705,-0.063721,0.969482,-0.915527,1.708984,-2.685547
41492,0.008545,-0.110962,1.013550,-0.915527,1.464844,-3.417969
41502,0.011963,-0.104004,1.023682,-0.976562,1.159668,-4.028320
41514,0.012817,-0.174316,0.997314,-0.854492,1.342773,-4.516602
41523,0.031738,-0.158936,1.003784,-0.976562,1.464844,-4.638672
41533,0.039551,-0.161987,0.986206,-1.342773,1.037598,-4.638672
41542,0.052368,-0.166016,0.995728,-1.586914,0.610352,-4.577637
41553,0.040161,-0.122314,0.995850,-1.770020,0.427246,-4.455566
41562,0.023315,-0.109985,0.990845,-1.770020,0.427246,-4.089355
41572,0.005737,-0.108765,0.991699,-1.892090,0.610352,-3.295898
41584,-0.034302,-0.086670,1.000854,-2.136230,1.159668,-1.220703
41593,-0.035400,-0.100952,1.009766,-2.136230,1.525879,-0.305176
41603,-0.021729,-0.100098,1.021973,-2.258301,1.770020,0.183105
41613,-0.017090,-0.106079,1.021484,-2.380371,1.403809,0.427246
41622,-0.016602,-0.105103,1.017822,-2.258301,1.159668,0.427246
41633,-0.017456,-0.096191,1.006470,-2.380371,1.220703,0.549316
41643,-0.025024,-0.097412,0.992065,-2.380371,1.220703,0.854492
41653,-0.032349,-0.086304,0.987061,-2.197266,1.831055,0.976562
41662,-0.049561,-0.069336,0.979614,-2.075195,2.258301,1.159668
41673,-0.057617,-0.065308,0.978516,-2.075195,2.380371,1.098633
41683,-0.056152,-0.061768,0.987183,-2.075195,2.746582,0.976562
41692,-0.045776,-0.064941,0.988770,-1.953125,2.807617,0.915527
41703,-0.028931,-0.064941,0.983887,-1.831055,3.173828,1.037598
41713,-0.006470,-0.070068,0.983643,-1.770020,3.601074,1.159668
41724,0.009766,-0.065796,0.994385,-1.892090,3.662109,1.831055
41734,0.012451,-0.064209,0.995605,-1.708984,3.784180,2.014160
41743,0.009644,-0.067627,0.998413,-1.525879,3.784180,2.014160
41752,0.012451,-0.066040,1.001465,-1.586914,3.784180,2.136230
41763,0.020142,-0.066895,1.004517,-1.342773,3.601074,2.319336
41772,0.034180,-0.073120,1.004639,-1.342773,3.112793,2.197266
41784,0.034912,-0.072876,1.007080,-1.403809,2.685547,2.563477
41794,0.006470,-0.088135,0.996094,-1.037598,3.112793,3.112793
41803,-0.005615,-0.128296,1.022705,-1.220703,3.723145,3.479004
41813,-0.020386,-0.144775,1.008911,-1.525879,4.089355,3.845215
41822,-0.010376,-0.177490,1.000000,-1.403809,4.272461,3.906250
41833,0.016724,-0.151611,0.974243,-1.342773,3.967285,3.845215
41842,-0.005371,-0.098633,0.964966,-1.464844,3.479004,3.479004
41852,-0.040771,-0.094727,1.009521,-1.586914,3.051758,2.868652
41864,-0.024780,-0.001343,0.971680,-1.953125,3.662109,2.685547
41873,0.038086,-0.043945,1.022827,-1.770020,4.333496,3.723145
41883,0.045044,-0.058838,1.047241,-1.831055,5.310059,4.577637
41892,0.022827,-0.135376,1.004761,-1.586914,4.943848,4.699707
41903,0.029785,-0.135986,0.994873,-1.098633,4.394531,4.394531
41912,0.051636,-0.090088,0.999512,-1.220703,4.089355,4.455566
41924,0.068970,-0.115234,0.973755,-1.525879,4.272461,4.821777
41933,0.085815,-0.078003,0.993042,-1.770020,4.089355,4.638672
41944,0.062256,-0.092529,1.005737,-1.770020,3.723145,4.455566
41954,0.067627,-0.115234,1.001343,-1.708984,3.234863,4.089355
41963,0.052856,-0.089233,1.018921,-1.586914,3.051758,3.540039
41972,0.033325,-0.075439,0.986572,-1.525879,2.990723,2.807617
41983,0.022949,-0.074097,0.992920,-1.403809,2.929688,2.197266
41993,0.008057,-0.080322,0.987671,-1.403809,3.112793,1.770020
42004,0.033081,-0.096924,0.999512,-1.403809,3.173828,0.976562
42013,0.048462,-0.092773,0.996704,-1.403809,2.868652,0.427246
42023,0.074219,-0.094482,1.001953,-1.464844,2.380371,-0.122070
42032,0.084839,-0.085083,1.007568,-1.464844,2.197266,-0.488281
42043,0.073364,-0.081421,0.992310,-1.342773,2.136230,-0.549316
42053,0.069702,-0.092407,0.982300,-1.464844,1.770020,-0.549316
42063,0.068726,-0.089355,0.970947,-1.220703,1.892090,-0.366211
42074,0.077393,-0.091553,0.997925,-1.464844,1.953125,-0.122070
42084,0.068237,-0.093872,1.012939,-1.586914,1.525879,-0.061035
42093,0.057373,-0.079102,1.015381,-1.586914,1.647949,0.244141
42103,0.051025,-0.069580,1.010010,-1.647949,1.586914,0.610352
42112,0.040039,-0.071411,1.008301,-1.464844,1.403809,1.342773
42123,0.038086,-0.074341,0.987793,-1.281738,1.647949,1.953125
42132,0.029419,-0.077148,0.984741,-1.464844,1.464844,2.380371
42142,0.026611,-0.069702,0.982910,-1.220703,1.770020,3.051758
42153,0.048096,-0.097168,1.000366,-1.464844,1.464844,3.234863
42163,0.067139,-0.106934,1.001343,-1.464844,1.708984,3.662109
42173,0.092773,-0.102539,1.000244,-1.586914,1.342773,3.967285
42183,0.109253,-0.100952,0.994873,-1.403809,1.098633,4.272461
42192,0.130249,-0.094604,0.995605,-1.464844,0.671387,4.577637
42203,0.130493,-0.079102,0.999634,-1.647949,0.549316,4.821777
42212,0.116089,-0.067017,0.993896,-1.342773,0.061035,4.638672
42224,0.109863,-0.078247,0.997559,-1.464844,0.061035,4.577637
42233,0.119263,-0.091553,1.005371,-1.525879,-0.488281,4.150391
42242,0.123413,-0.107056,1.004883,-1.525879,-0.854492,3.845215
42253,0.117920,-0.119995,1.003174,-1.281738,-1.525879,3.356934
42262,0.108521,-0.128906,1.001343,-1.342773,-2.075195,2.441406
42274,0.104126,-0.128174,1.004395,-1.281738,-2.258301,0.915527
42284,0.077759,-0.119385,0.998657,-1.525879,-2.563477,0.061035
42293,0.050781,-0.111694,0.996338,-1.770020,-2.685547,-0.671387
42302,0.044312,-0.104492,0.984131,-1.464844,-2.868652,-1.586914
42313,0.033203,-0.106079,0.995361,-1.770020,-3.479004,-2.807617
42323,-0.033691,-0.111084,1.034302,-1.831055,-3.723145,-3.601074
42333,0.032471,-0.039673,0.976440,-1.708984,-3.723145,-4.089355
42343,0.012939,-0.042725,0.996826,-1.525879,-3.417969,-3.845215
42355,0.023926,-0.058594,1.008423,-1.770020,-2.990723,-3.417969
42364,0.010376,-0.046509,0.989380,-1.525879,-2.746582,-2.990723
42373,0.009277,-0.037476,0.978149,-1.342773,-2.624512,-2.746582
42383,-0.001831,-0.067871,0.990723,-1.281738,-2.624512,-2.258301
42392,-0.030518,-0.081421,0.997681,-1.342773,-2.624512,-1.831055
42403,-0.039185,-0.074341,0.999634,-1.342773,-2.319336,-1.220703
42413,-0.057495,-0.069214,0.983765,-1.037598,-1.647949,-0.854492
42423,-0.070923,-0.066528,0.980835,-1.220703,-0.915527,0.061035
42433,-0.060059,-0.062378,0.984497,-1.037598,-0.793457,0.610352
42443,-0.038086,-0.104248,0.997314,-1.037598,-0.610352,0.915527
42452,-0.036255,-0.097046,1.018066,-1.220703,-0.671387,1.525879
42463,-0.014404,-0.079468,0.981201,-1.342773,-0.488281,2.258301
42473,-0.014160,-0.082031,0.977905,-1.403809,0.366211,3.356934
42484,0.002930,-0.112183,0.977783,-0.915527,1.647949,4.455566
42493,-0.029907,-0.099976,0.993286,-0.915527,0.915527,4.577637
42503,0.036255,-0.035034,0.894653,-1.037598,0.366211,4.089355
42512,0.320190,-0.126221,0.930542,-0.976562,0.183105,3.967285
42523,-0.098267,0.021851,1.101196,-1.098633,-0.610352,3.845215
42533,-0.037231,-0.174805,1.121460,-0.671387,-1.342773,2.990723
42543,0.076050,0.049927,0.993042,-1.831055,-0.305176,2.990723
42553,0.090820,0.073853,0.985840,-2.075195,1.647949,4.882812
42564,-0.080933,-0.183716,1.158203,-0.976562,2.380371,6.103516
42574,-0.139893,-0.203369,1.069824,-0.610352,-0.244141,3.906250
42583,0.054199,-0.162476,0.977051,-0.610352,-0.854492,2.929688
42593,0.157837,-0.021851,1.004639,-0.732422,0.732422,3.845215
42603,0.249023,-0.322754,0.983398,-0.854492,1.770020,4.821777
42612,0.201050,-0.267700,0.821777,-1.220703,1.220703,4.638672
42624,0.092285,0.366699,1.493530,-2.075195,-2.014160,4.455566
42633,0.245728,-0.432251,0.962036,-1.281738,-1.647949,4.455566
42643,0.155884,0.071411,0.928467,-1.525879,-1.281738,4.455566
42653,0.105591,0.194580,0.937988,-1.586914,-0.854492,5.187988
42662,0.053223,0.065063,0.908936,-1.464844,-0.305176,5.310059
42673,-0.019165,-0.118652,0.924927,-1.342773,-1.342773,4.211426
42683,-0.012085,-0.032471,1.019775,-1.586914,-2.380371,1.281738
42692,-0.067993,-0.125732,1.125000,-1.953125,-3.540039,0.183105
42704,-0.024902,-0.213257,1.064575,-1.708984,-3.601074,-0.427246
42714,0.022705,-0.251587,0.988159,-0.488281,-2.380371,-0.305176
42723,0.041626,-0.336060,0.936646,0.000000,-2.014160,0.366211
42732,0.093384,-0.297119,0.961182,-0.305176,-1.525879,0.793457
42743,0.100342,-0.276855,0.955078,-0.854492,-0.915527,1.708984
42752,0.089111,-0.245117,0.982788,-1.220703,-0.976562,1.770020
42764,0.043457,-0.241577,0.970703,-1.098633,-2.502441,-0.122070
42774,-0.014526,-0.262573,0.993896,-0.915527,-3.234863,-1.403809
42783,0.030640,-0.262207,1.003662,-0.854492,-3.234863,-1.586914
42793,-0.032349,-0.235596,0.956177,-0.793457,-3.479004,-1.586914
42802,-0.131104,-0.204590,0.951050,-0.732422,-2.990723,-0.610352
42813,0.062134,-0.243286,0.974731,-0.671387,-1.464844,0.671387
42823,0.058472,-0.296387,0.989502,-0.732422,-1.281738,1.159668
42832,-0.044800,-0.225464,0.984741,-0.915527,-2.075195,1.342773
42844,-0.063110,-0.197144,0.980591,-0.915527,-0.610352,2.746582
42854,-0.047607,-0.173828,0.978760,-1.037598,-0.305176,2.746582
42863,-0.028076,-0.182373,0.968872,-1.220703,-0.549316,3.234863
42872,0.001587,-0.156128,0.978882,-1.281738,-0.183105,4.455566
42883,0.024902,-0.176270,0.981201,-1.037598,0.244141,6.286621
42892,0.034546,-0.208862,0.980347,-0.915527,0.671387,7.934570
42904,0.010254,-0.217896,0.992798,-1.464844,1.037598,9.704590
42913,0.001221,-0.161743,1.031372,-1.342773,1.281738,9.277344
42923,0.006592,-0.185425,1.013062,-1.037598,1.037598,8.300781
42932,0.005493,-0.217407,0.999512,-0.549316,0.915527,7.141113
42943,0.046875,-0.269287,0.964966,-0.671387,0.488281,5.798340
42953,0.051636,-0.213989,0.969360,-0.671387,0.366211,4.272461
42963,0.106567,-0.171753,0.971558,-1.037598,0.000000,3.356934
42973,0.135742,-0.168823,0.996948,-1.159668,-0.305176,2.868652
42984,0.084839,-0.185303,1.008179,-1.220703,-1.770020,1.770020
42994,0.053223,-0.199341,0.979980,-1.037598,-1.403809,1.586914
43003,0.044678,-0.209839,0.949463,-1.098633,-1.342773,1.220703
43012,0.055176,-0.191895,0.950684,-1.403809,-1.647949,1.464844
43023,0.028198,-0.145386,1.017212,-1.586914,-1.892090,1.464844
43032,-0.037354,-0.133545,1.036011,-1.403809,-2.136230,1.464844
43044,-0.068115,-0.198486,1.009521,-0.122070,-1.220703,2.807617
43054,-0.017578,-0.278198,0.924072,-0.610352,-0.793457,2.807617
43063,-0.028076,-0.192139,0.980835,-1.220703,-0.488281,2.868652
43073,-0.021362,-0.177856,1.018188,-1.525879,-0.427246,3.173828
43083,-0.008667,-0.232544,0.977783,-0.915527,-0.122070,2.929688
43093,-0.025879,-0.299561,0.926758,-0.671387,-0.488281,2.136230
43103,-0.038086,-0.301636,0.924438,-0.793457,-0.549316,1.403809
43113,-0.009644,-0.232300,0.992554,-1.403809,-0.061035,0.732422
43124,0.003784,-0.356445,0.953613,-0.610352,-0.061035,-0.549316
43134,-0.007324,-0.354980,0.968140,-0.732422,-0.183105,-1.159668
43144,0.010620,-0.296875,1.045532,-0.976562,-0.244141,-1.647949
43153,0.037720,-0.296265,1.030884,-0.976562,0.061035,-1.647949
43163,0.023193,-0.344849,0.955322,-0.549316,0.122070,-1.770020
43173,0.004272,-0.262817,0.979248,-0.610352,0.183105,-2.258301
43184,0.030884,-0.249390,0.987549,0.061035,0.061035,-1.525879
43194,0.040405,-0.241943,0.920166,0.000000,0.000000,-0.610352
43203,0.025513,-0.192261,0.981201,-0.244141,-0.122070,0.183105
43212,0.008423,-0.229492,0.965698,0.122070,0.000000,1.159668
43223,-0.020508,-0.232178,0.986206,-0.061035,0.488281,1.892090
43233,-0.034180,-0.171875,1.024902,-0.366211,0.854492,2.075195
43242,-0.064209,-0.189941,0.968140,-0.244141,0.854492,2.685547
43254,-0.122559,-0.170410,0.991333,-0.305176,1.892090,3.906250
43264,-0.072876,-0.233154,0.960937,-0.427246,2.441406,4.882812
43273,-0.071899,-0.157837,1.030029,-0.976562,3.112793,5.981445
43283,-0.049316,-0.150635,1.004517,-1.098633,3.540039,7.141113
43293,-0.078613,-0.203979,0.930664,-0.915527,3.662109,8.544922
43302,-0.070435,-0.233887,1.000366,-0.854492,4.455566,9.826660
43313,-0.033936,-0.274414,0.994141,-1.159668,5.371094,10.925293
43322,0.001221,-0.196655,1.008789,-1.525879,5.310059,11.230469
43334,0.032471,-0.271118,0.949341,-1.464844,5.004883,12.145996
43343,0.073730,-0.272583,0.997925,-0.915527,5.065918,12.817383
43353,0.092285,-0.354370,0.980103,-0.915527,5.554199,14.587402
43363,0.073120,-0.288452,1.000122,-1.098633,5.187988,15.747070
43373,0.048950,-0.245117,0.984009,-1.220703,4.699707,16.784668
43383,0.013672,-0.343018,0.950195,-0.976562,4.577637,18.005371
43393,0.071533,-0.348511,1.007568,-0.854492,4.760742,18.615723
43404,0.044678,-0.232666,1.009521,-1.159668,4.455566,19.592285
43413,-0.000732,-0.339233,0.952881,-1.220703,4.211426,19.775391
43423,0.001465,-0.342773,0.950439,-1.037598,4.150391,19.958496
43432,-0.017212,-0.335327,0.946045,-1.159668,4.577637,20.019531
43443,-0.007813,-0.238525,0.993774,-1.403809,4.760742,19.714355
43453,-0.031738,-0.340088,0.958740,-1.342773,4.394531,19.042969
43464,0.011353,-0.317261,0.983887,-0.915527,4.089355,16.845703
43474,0.084351,-0.288696,1.014648,-0.976562,3.540039,15.075684
43483,0.073730,-0.351196,0.960449,-0.671387,2.441406,13.000488
43492,0.116089,-0.310913,0.975342,-0.915527,1.892090,10.864258
43503,0.115479,-0.292358,0.953857,-0.854492,1.647949,9.094238
43512,0.163818,-0.310059,0.998901,-0.976562,1.220703,7.446289
43523,0.165771,-0.295166,1.013794,-0.732422,0.427246,5.920410
43533,0.192017,-0.292603,1.001831,-0.671387,-0.061035,4.577637
43544,0.173706,-0.344116,0.967773,-0.305176,-1.586914,1.403809
43554,0.167725,-0.301392,0.981567,-0.610352,-2.319336,-0.488281
43564,0.168701,-0.306274,0.969116,-0.915527,-3.173828,-2.563477
43573,0.159180,-0.333618,0.942261,-0.915527,-3.784180,-4.577637
43583,0.128784,-0.284058,0.999878,-1.159668,-4.394531,-6.225586
43593,0.129028,-0.278564,0.990112,-1.464844,-4.638672,-7.385254
43603,0.120361,-0.273071,1.020874,-1.403809,-4.882812,-8.483887
43614,0.079834,-0.283081,0.987061,-1.403809,-5.432129,-10.559082
43624,0.047607,-0.254639,0.990723,-1.403809,-5.554199,-11.474609
43633,0.046143,-0.222534,0.992065,-1.464844,-5.981445,-12.207031
43643,0.038208,-0.279541,0.959351,-1.464844,-5.798340,-12.817383
43653,0.010376,-0.260254,0.979248,-1.525879,-5.859375,-13.488770
43663,0.024170,-0.212891,0.990845,-1.586914,-5.432129,-13.488770
43673,0.044434,-0.250122,0.968994,-1.708984,-4.943848,-13.305664
43683,0.032104,-0.209106,0.989868,-1.953125,-4.333496,-13.000488
43693,0.080933,-0.271362,0.977051,-1.586914,-4.211426,-12.939453
43703,0.090820,-0.264160,0.981689,-2.075195,-4.577637,-13.000488
43712,0.101196,-0.268188,0.987183,-1.647949,-4.516602,-12.939453
43723,0.160400,-0.280884,0.843018,-1.403809,-4.577637,-12.817383
43733,0.077759,-0.232178,0.929565,-1.464844,-4.394531,-12.207031
43743,0.141602,-0.271606,0.991333,-1.647949,-4.455566,-10.559082
43752,0.133301,-0.213257,0.958740,-2.441406,-5.737305,-9.826660
43763,0.006958,-0.185669,0.951904,-2.319336,-5.615234,-8.728027
43773,0.018433,-0.135254,0.961914,-2.624512,-4.882812,-7.080078
43783,0.028442,-0.210205,0.979370,-2.319336,-3.845215,-4.882812
43792,-0.032837,-0.199097,0.996216,-2.075195,-3.173828,-2.624512
43803,-0.036011,-0.073730,0.913330,-1.892090,-3.051758,-0.366211
43813,-0.138428,-0.170288,0.924561,-1.586914,-0.793457,4.150391
43823,-0.086670,-0.245239,1.056396,-2.014160,0.854492,6.713867
43832,0.027832,-0.179321,1.087158,-2.319336,0.305176,8.361816
43843,-0.208374,-0.118286,0.912964,-2.258301,-1.342773,8.361816
43853,-0.263916,-0.211548,0.782227,-1.464844,-1.586914,7.995605
43862,-0.169800,-0.203979,0.750854,-1.403809,0.427246,9.094238
43874,-0.096069,-0.187866,0.942017,-1.831055,2.380371,9.765625
43883,-0.062378,-0.184326,1.165527,-2.014160,3.051758,9.094238
43893,-0.018066,-0.175293,1.108398,-1.953125,1.770020,7.934570
43904,0.026367,-0.109009,0.987305,-1.953125,1.159668,6.469727
43913,0.095337,-0.162842,0.888428,-1.831055,0.793457,4.943848
43923,0.132324,-0.051758,0.888794,-1.647949,0.244141,3.112793
43933,0.145630,-0.115845,0.962402,-1.281738,-0.305176,1.098633
43943,0.226562,-0.201172,1.065552,-1.281738,-0.671387,-0.610352
43953,0.204834,-0.146606,1.119507,-2.014160,-1.220703,-3.723145
43964,0.148071,-0.044434,0.966553,-2.258301,-3.051758,-5.554199
43974,0.111450,-0.093994,0.965088,-2.258301,-4.150391,-7.141113
43984,0.136963,-0.085937,1.000732,-2.075195,-4.516602,-7.995605
43994,0.116455,-0.171021,1.032593,-2.075195,-4.577637,-8.300781
44003,0.092407,-0.116211,1.065796,-2.136230,-4.638672,-8.605957
44013,0.053101,-0.020264,1.040161,-2.075195,-4.699707,-9.033203
44025,0.003174,-0.161133,0.922241,-1.647949,-5.004883,-10.437012
44035,0.000244,-0.150024,0.974731,-1.281738,-5.065918,-11.291504
44045,0.001953,-0.147217,0.992432,-1.403809,-5.371094,-12.817383
44054,0.004639,-0.134399,1.001221,-1.586914,-5.920410,-14.038086
44064,0.014526,-0.111938,1.029175,-1.464844,-5.798340,-14.526367
44074,0.042114,-0.108032,1.032349,-1.525879,-4.760742,-14.282227
44083,0.030518,-0.101685,1.021484,-1.525879,-4.150391,-13.977051
44093,0.080688,-0.027832,1.040039,-1.159668,-3.601074,-13.183594
44103,0.011963,-0.136963,0.942749,-0.793457,-3.784180,-13.183594
44113,0.083984,-0.034180,0.967407,-0.854492,-3.723145,-13.122559
44123,0.025146,-0.114380,0.980469,-0.854492,-4.150391,-13.122559
44133,0.016479,-0.076660,1.017090,-1.098633,-4.394531,-12.817383
44143,0.007324,-0.127075,1.068115,-0.793457,-3.601074,-11.840820
44153,0.013550,-0.126953,1.051270,-1.159668,-2.990723,-10.925293
44163,0.048706,-0.112183,1.071045,-0.976562,-2.563477,-9.826660
44174,-0.008667,-0.113525,1.039307,-0.366211,-2.746582,-8.239746
44184,-0.056152,-0.168823,1.018188,0.122070,-3.112793,-7.873535
44194,-0.050415,-0.171509,0.971680,-0.183105,-2.624512,-7.019043
44203,-0.095703,-0.142456,0.930054,-0.305176,-1.770020,-5.554199
44213,-0.092529,-0.033325,0.931519,-0.305176,-0.610352,-3.173828
44223,-0.097534,-0.055908,0.920654,-0.061035,0.366211,-1.342773
44233,-0.086426,-0.019653,0.892456,0.000000,1.281738,0.671387
44244,-0.012695,-0.130127,0.951660,0.000000,1.770020,3.540039
44253,-0.007813,0.087158,0.917114,-0.488281,1.647949,4.455566
44263,-0.064087,0.099976,0.881836,-0.488281,1.953125,5.432129
44274,-0.138550,0.052246,0.930542,-0.671387,2.075195,5.859375
44283,-0.058228,-0.112671,1.038696,-0.488281,3.356934,6.713867
44293,-0.089600,-0.164795,1.018066,-0.549316,4.211426,7.324219
44303,-0.022827,-0.037354,1.008789,-0.793457,4.150391,8.422852
44313,-0.012207,-0.138184,1.066895,-1.770020,3.967285,9.155273
44323,0.060913,-0.127197,1.094727,-2.868652,3.540039,9.277344
44334,0.011475,-0.065552,0.959595,-2.990723,3.356934,9.338379
44343,-0.042236,-0.016479,0.901245,-2.319336,3.112793,9.399414
44354,-0.041626,-0.140747,0.944092,-1.098633,3.112793,9.704590
44363,-0.037231,-0.164551,1.030518,-0.915527,3.479004,10.375977
44376,-0.013428,-0.132812,1.064209,-1.525879,3.601074,11.718750
44385,-0.029053,-0.121826,0.978638,-1.647949,3.601074,12.817383
44394,-0.025146,-0.077637,0.955200,-0.976562,3.356934,14.221191
44404,0.015381,-0.040039,0.998413,-0.549316,3.662109,15.441895
44413,0.036133,-0.153076,1.023071,0.061035,3.967285,16.601562
44424,0.060913,-0.058716,1.049805,-0.610352,4.089355,17.272949
44433,0.099609,-0.315308,0.918335,-0.793457,4.516602,18.005371
44445,-0.061890,-0.152100,1.082764,-1.098633,6.408691,18.615723
44455,-0.100220,-0.702637,0.989380,1.159668,7.019043,17.028809
44464,0.071289,-0.290771,0.975342,1.953125,5.126953,13.000488
44474,0.047485,-0.179077,0.948486,2.563477,2.929688,10.437012
44483,0.057739,-0.168213,0.859985,2.075195,0.549316,7.812500
44493,-0.016724,-0.160522,0.858887,1.342773,-1.647949,5.859375
44504,0.085815,-0.086548,0.947632,-0.427246,-1.464844,4.943848
44513,0.125000,0.041138,1.037598,-0.427246,2.136230,7.324219
44525,0.065674,-0.120483,1.024902,0.610352,2.563477,8.178711
44534,0.073242,-0.254150,1.164063,0.915527,2.258301,7.690430
44544,0.110474,-0.150635,1.137573,-0.061035,1.586914,6.530762
44553,0.086670,-0.158691,1.086914,-0.610352,-0.122070,5.004883
44564,0.060791,0.024780,0.991577,-0.183105,-2.075195,3.417969
44573,-0.036743,-0.031494,0.878052,0.732422,-3.112793,2.502441
44585,0.042114,-0.141846,0.961426,0.244141,-0.732422,5.615234
44595,0.111206,-0.055176,1.052612,-1.037598,0.854492,8.239746
44604,0.088379,-0.013184,1.062134,-1.647949,0.976562,10.559082
44613,0.049805,-0.057007,0.959595,-1.220703,0.183105,11.840820
44623,-0.002930,-0.176758,0.926147,-0.549316,-0.427246,12.268066
44634,-0.022583,-0.273682,0.970337,-0.488281,-0.793457,12.268066
44643,-0.035645,-0.185303,1.068726,-0.976562,-0.793457,12.390137
44653,-0.037964,-0.103149,1.050781,-1.403809,-0.976562,13.427734
44665,-0.072754,-0.216431,0.941284,-1.098633,-0.427246,14.831543
44674,-0.075684,-0.278931,0.903687,-0.671387,0.549316,16.479492
44683,-0.048828,-0.296143,0.863647,-1.159668,0.793457,17.517090
44694,-0.036743,-0.233643,0.903931,-1.525879,1.037598,18.493652
44703,-0.029663,-0.227173,0.965576,-1.892090,0.854492,19.042969
44714,-0.045044,-0.266235,0.950439,-1.831055,0.854492,18.981934
44723,-0.053711,-0.273315,0.950684,-1.647949,0.427246,17.517090
44735,-0.028687,-0.221558,0.981445,-1.892090,0.122070,16.601562
44744,-0.005127,-0.245483,1.006592,-1.892090,-0.183105,15.869141
44754,-0.007446,-0.193970,1.000610,-2.136230,-0.366211,14.831543
44763,0.043091,-0.204590,0.977905,-1.770020,-0.732422,13.732910
44773,0.051147,-0.178223,0.982422,-1.525879,-0.793457,12.145996
44783,0.112793,-0.236694,0.972046,-1.525879,-1.403809,10.498047
44796,0.166138,-0.185791,1.034424,-2.014160,-3.356934,7.385254
44805,0.154297,-0.138428,1.064819,-2.136230,-4.211426,6.042480
44815,0.140015,-0.171021,1.033081,-1.892090,-4.760742,4.943848
44824,0.167480,-0.195557,1.010986,-1.831055,-5.126953,3.723145
44834,0.137817,-0.195190,0.992554,-1.953125,-6.042480,2.563477
44844,0.152222,-0.165894,1.009888,-2.075195,-6.774902,1.098633
44853,0.120117,-0.181885,1.007202,-1.892090,-7.202148,-0.366211
44865,0.078491,-0.212402,0.990845,-1.770020,-7.629395,-4.150391
44874,0.052124,-0.203491,0.951660,-1.647949,-8.911133,-5.798340
44884,0.015991,-0.218140,0.978516,-1.525879,-8.972168,-7.019043
44893,-0.001587,-0.185181,0.951050,-1.586914,-9.094238,-7.995605
44903,0.010498,-0.213257,0.982422,-1.525879,-8.728027,-8.789063
44914,0.010254,-0.188965,0.954346,-1.586914,-8.544922,-9.460449
44924,0.018311,-0.199219,0.966064,-1.647949,-8.666992,-9.948730
44933,-0.005127,-0.185547,0.946899,-1.831055,-7.934570,-10.070801
44945,0.011230,-0.155884,0.979248,-2.380371,-7.690430,-9.826660
44955,0.021729,-0.162964,1.017456,-2.746582,-7.446289,-9.460449
44964,0.010132,-0.199951,0.928223,-2.746582,-7.507324,-8.850098
44973,-0.010986,-0.215088,0.930542,-3.112793,-7.263184,-8.239746
44984,-0.006592,-0.108276,0.976196,-3.723145,-6.896973,-7.873535
44994,-0.060547,-0.184082,0.958252,-3.662109,-6.347656,-7.263184
45004,-0.080078,-0.144409,0.972900,-3.479004,-5.432129,-6.652832
45014,-0.095947,-0.075195,1.009888,-3.967285,-4.272461,-5.920410
45024,-0.108765,-0.091797,1.001343,-4.089355,-3.967285,-5.065918
45034,-0.089966,-0.061401,1.013062,-3.967285,-3.479004,-4.089355
45043,-0.116943,-0.137939,1.015137,-3.540039,-2.624512,-2.624512
45054,-0.115234,-0.087769,1.015991,-3.417969,-2.136230,-1.647949
45064,-0.110107,-0.131836,0.996582,-3.356934,-1.342773,-0.427246
45075,-0.074585,-0.137451,0.995605,-3.601074,-0.610352,0.854492
45085,-0.049194,-0.077148,0.994873,-3.295898,-0.122070,1.098633
45094,-0.040894,-0.111328,1.035645,-3.356934,-0.366211,0.793457
45104,-0.014160,-0.060181,1.026611,-3.295898,-0.305176,0.061035
45113,-0.002075,-0.055786,1.006958,-3.173828,-0.549316,-0.732422
45124,0.007690,-0.044678,0.998535,-3.417969,-0.793457,-1.586914
45134,0.038696,-0.052979,0.997681,-3.051758,-0.732422,-4.089355
45144,0.029663,-0.061768,1.017944,-3.234863,-1.281738,-5.432129
45154,0.037720,-0.068604,1.058838,-3.479004,-1.708984,-6.958008
45164,0.069824,-0.050903,1.040771,-3.417969,-2.441406,-8.361816
45174,0.060913,-0.058960,1.034790,-3.112793,-2.746582,-9.704590
45184,0.075562,-0.071533,1.005005,-2.807617,-2.868652,-10.620117
45194,0.054565,-0.081177,1.010132,-2.502441,-2.807617,-11.108398
45204,0.067383,-0.088013,1.011475,-2.319336,-2.441406,-11.413574
45215,0.054077,-0.129883,0.960693,-2.136230,-2.380371,-11.291504
45225,0.036133,-0.161255,0.969727,-2.075195,-2.319336,-11.291504
45235,0.039307,-0.173950,0.947510,-2.319336,-2.807617,-11.901855
45244,0.066162,-0.169312,0.954956,-2.258301,-3.173828,-12.084961
45254,0.089233,-0.189697,0.952637,-2.380371,-3.234863,-12.329102
45264,0.049316,-0.152222,0.996338,-2.746582,-3.479004,-12.573242
45274,0.006104,-0.130249,1.007324,-2.746582,-3.662109,-12.695313
45284,-0.050781,-0.163208,0.991211,-2.807617,-2.929688,-12.756348
45293,-0.085571,-0.142578,1.019409,-2.258301,-2.258301,-12.329102
45304,-0.122803,-0.038452,1.042969,-2.258301,-1.342773,-11.657715
45314,-0.144165,-0.117188,1.051025,-2.075195,-0.671387,-11.047363
45324,-0.124146,-0.043823,1.028809,-1.892090,0.061035,-10.681152
45334,-0.140991,-0.103394,1.016724,-1.831055,0.183105,-10.742188
45344,-0.109985,-0.088135,0.993774,-1.464844,0.549316,-10.131836
45356,-0.023315,-0.134033,1.003784,-1.098633,1.525879,-9.277344
45366,0.008911,-0.138428,1.012695,-0.915527,2.075195,-8.666992
45375,0.021606,-0.106567,1.031006,-1.037598,2.502441,-7.873535
45385,0.041748,-0.091064,1.027710,-1.098633,2.807617,-7.324219
45394,0.019897,-0.111816,1.037354,-0.854492,2.685547,-6.713867
45404,0.017334,-0.127075,1.034668,-0.732422,2.563477,-6.286621
45414,-0.000732,-0.159546,1.027344,-0.976562,2.258301,-6.042480
45423,0.009766,-0.073730,1.030884,-0.793457,2.685547,-4.943848
45434,-0.000244,-0.118774,0.931396,-0.915527,2.624512,-3.784180
45444,-0.040405,-0.155518,0.892944,-0.793457,2.807617,-2.380371
45455,-0.086426,-0.114502,0.921997,-0.976562,3.662109,-1.159668
45465,-0.111450,-0.181641,0.994629,-0.976562,4.577637,0.427246
45474,-0.101563,-0.188843,0.982300,-1.037598,5.310059,1.464844
45484,-0.099487,-0.184814,0.989746,-0.915527,5.554199,1.892090
45494,-0.088989,-0.210937,1.011963,-0.305176,5.493164,1.281738
45504,-0.091675,-0.208862,1.038818,0.183105,5.065918,0.061035
45514,-0.097534,-0.233765,1.035034,0.915527,5.432129,-0.976562
45524,-0.047363,-0.249756,1.058472,1.281738,6.286621,-1.708984
45534,-0.051270,-0.183472,1.044434,1.586914,6.347656,-2.014160
45544,-0.057861,-0.226562,0.988770,2.136230,6.347656,-1.708984
45554,-0.071045,-0.237671,0.983032,2.502441,6.530762,-0.976562
45565,-0.005493,-0.227905,1.001099,2.319336,7.812500,2.319336
45575,0.028076,-0.249146,0.947754,2.319336,8.239746,4.211426
45584,0.047607,-0.231201,0.917969,1.831055,8.666992,5.920410
45594,0.050537,-0.132446,0.916016,1.831055,8.544922,7.507324
45604,0.024414,-0.131226,0.981201,1.342773,8.117676,8.544922
45614,0.002441,-0.171509,1.021973,0.915527,7.812500,9.460449
45624,-0.034058,-0.187500,0.990356,0.671387,7.934570,10.375977
45635,-0.043091,-0.053955,1.009277,0.488281,8.605957,11.840820
45645,-0.098389,-0.106567,1.003296,0.610352,8.483887,12.878418
45655,-0.102905,-0.174072,0.938721,0.488281,8.422852,13.488770
45664,-0.075439,-0.210327,0.887695,0.183105,8.789063,13.977051
45674,-0.055664,-0.170898,0.903198,-0.427246,9.094238,14.709473
45684,-0.058472,-0.090698,0.953613,-0.793457,9.033203,15.197754
45696,-0.116211,-0.157837,0.970337,-0.793457,9.033203,15.258789
45706,-0.096436,-0.177368,0.940186,-0.732422,9.216309,15.319824
45715,-0.083984,-0.173950,0.904419,-0.671387,9.765625,15.197754
45725,-0.041260,-0.121948,0.919067,-0.854492,9.948730,15.014648
45735,0.002930,-0.131348,0.995605,-0.976562,9.521484,14.587402
45744,0.013428,-0.187866,1.011230,-0.793457,8.911133,13.916016
45755,0.008423,-0.218628,1.041870,-0.488281,8.483887,12.817383
45764,0.018433,-0.247559,1.012451,-0.366211,7.995605,10.742188
45774,0.059692,-0.181641,1.050415,-0.183105,7.751465,9.704590
45784,0.102783,-0.196167,0.977051,-0.122070,6.774902,8.850098
45794,0.162476,-0.247925,0.963989,-0.183105,5.554199,7.934570
45804,0.159302,-0.247070,0.939209,-0.732422,4.760742,7.568359
45815,0.160645,-0.190186,1.011597,-1.342773,4.272461,7.507324
45824,0.160400,-0.164551,1.042847,-1.098633,4.150391,7.385254
45834,0.154907,-0.176636,1.027466,-1.342773,4.211426,7.446289
45846,0.098145,-0.130859,1.072632,-1.403809,3.051758,6.958008
45855,0.044434,-0.120850,1.045776,-0.976562,2.502441,6.469727
45865,0.041992,-0.119995,1.111694,-0.488281,2.136230,5.981445
45874,0.041626,-0.146240,1.076904,-0.305176,1.770020,5.493164
45884,0.051636,-0.143799,1.111572,0.000000,1.708984,5.371094
45895,0.082520,-0.106201,1.035156,0.122070,1.464844,5.798340
45904,0.108643,-0.144043,0.996338,0.305176,1.220703,7.263184
45915,0.093384,-0.187378,0.906616,-0.122070,1.098633,7.751465
45925,0.055176,-0.164185,0.921875,-0.671387,0.854492,7.934570
45935,0.039673,-0.158691,0.924194,-1.281738,0.549316,7.812500
45944,0.040039,-0.130493,0.873779,-2.197266,0.244141,7.568359
45955,0.012939,-0.101563,0.844238,-2.868652,0.061035,7.812500
45964,0.062012,-0.120605,0.940796,-3.356934,0.000000,8.239746
45975,0.027466,-0.092163,1.007813,-3.845215,0.000000,9.948730
45985,-0.021606,0.029907,1.085938,-3.662109,-0.122070,11.047363
45994,-0.026489,0.015869,1.105225,-2.868652,0.549316,12.573242
46004,-0.067871,-0.029541,1.101196,-2.075195,1.159668,14.099121
46014,-0.089600,-0.100586,1.126221,-1.220703,1.647949,15.869141
46025,-0.096558,-0.173096,1.063110,-0.610352,2.197266,17.578125
46034,-0.081299,-0.154297,1.009644,-0.366211,2.380371,18.920898
46047,-0.067871,-0.056030,1.026611,0.610352,2.990723,20.935059
46056,-0.012329,-0.084473,1.064697,0.915527,3.112793,21.728516
46066,-0.013184,-0.164062,0.978516,1.342773,3.051758,22.399902
46075,0.031128,-0.217285,0.974976,1.525879,3.051758,23.132324
46084,0.041382,-0.213379,0.961548,1.403809,2.868652,23.681641
46095,0.049805,-0.194214,0.904053,1.220703,2.319336,24.047852
46104,0.012939,-0.188599,0.838013,0.976562,1.647949,24.291992
46117,0.045288,-0.122192,0.979492,0.671387,0.976562,23.864746
46126,0.085937,-0.037842,1.065552,0.732422,0.366211,23.071289
46136,0.060181,-0.095703,1.003296,1.403809,-0.244141,22.399902
46145,0.066284,-0.261475,0.994629,2.014160,-0.854492,21.728516
46155,0.088257,-0.267944,0.955322,2.014160,-1.586914,20.568848
46164,0.096802,-0.221802,1.025879,2.136230,-2.136230,19.165039
46174,0.104736,-0.192505,1.016724,1.892090,-3.051758,17.883301
46187,0.047852,-0.208496,0.980103,2.136230,-4.821777,14.221191
46196,0.088745,-0.263550,1.005737,2.075195,-5.615234,11.962891
46205,0.160767,-0.215210,1.033813,2.136230,-6.164551,10.620117
46215,0.179810,-0.154053,1.007446,2.014160,-6.652832,9.521484
46224,0.152710,-0.167603,0.932495,2.014160,-7.629395,8.178711
46234,0.124878,-0.197876,0.959229,2.258301,-8.117676,6.835937
46245,0.106323,-0.202759,0.948364,2.197266,-8.911133,5.187988
46254,0.113159,-0.212036,0.961304,1.525879,-9.460449,2.990723
46266,0.044922,-0.182495,0.914795,0.183105,-9.887695,1.831055
46275,0.034424,-0.122559,0.946167,-0.244141,-10.009766,0.854492
46285,0.065308,-0.164795,0.991821,-0.793457,-10.314941,-0.427246
46295,0.096924,-0.188599,0.991333,-1.159668,-10.559082,-1.464844
46304,0.109131,-0.163574,0.993408,-1.342773,-10.437012,-2.258301
46315,0.098145,-0.154053,0.916992,-1.708984,-10.742188,-3.540039
46325,0.086792,-0.245972,0.930420,-2.075195,-10.986328,-4.943848
46334,0.071899,-0.237671,1.004028,-2.258301,-11.291504,-5.493164
46344,0.016479,-0.235840,0.935181,-2.380371,-11.413574,-5.798340
46354,-0.015259,-0.267944,0.942017,-2.441406,-11.657715,-6.347656
46365,-0.001221,-0.218140,0.983643,-2.197266,-11.230469,-6.774902
46375,-0.004272,-0.197021,0.996216,-1.953125,-10.803223,-6.835937
46384,-0.028076,-0.259399,0.976929,-1.708984,-10.498047,-6.835937
46397,-0.049683,-0.284668,0.905640,-1.586914,-9.460449,-6.286621
46407,-0.019531,-0.346191,0.925293,-2.014160,-9.033203,-5.920410
46416,-0.002319,-0.297729,0.952271,-2.929688,-8.483887,-5.310059
46426,-0.008545,-0.213745,0.952515,-3.662109,-7.934570,-4.211426
46436,-0.001099,-0.184692,0.978271,-4.333496,-7.446289,-2.929688
46445,-0.014038,-0.183350,1.005981,-4.699707,-7.385254,-1.892090
46455,-0.002563,-0.174316,1.073486,-4.699707,-7.080078,0.183105
46465,-0.029541,-0.092773,1.067627,-4.577637,-6.347656,0.793457
46475,-0.106689,-0.184692,1.039673,-4.211426,-6.103516,1.586914
46485,-0.104004,-0.175903,1.080078,-3.662109,-5.798340,1.770020
46495,-0.128662,-0.238281,1.024902,-3.051758,-5.065918,2.075195
46504,-0.152222,-0.211426,1.030396,-2.441406,-4.150391,2.441406
46515,-0.163452,-0.331543,0.930542,-2.197266,-3.356934,2.441406
46525,-0.136475,-0.279541,0.954590,-2.197266,-2.624512,1.892090
46534,-0.109375,-0.196289,1.000366,-2.624512,-2.746582,-0.244141
46544,-0.040039,-0.138428,1.052856,-2.197266,-2.807617,-0.549316
46555,-0.051758,-0.191040,0.946411,-2.014160,-2.380371,-0.366211
46565,-0.047607,-0.174927,0.966187,-2.319336,-1.892090,0.183105
46574,-0.052002,-0.153931,0.958496,-2.563477,-1.647949,0.854492
46585,-0.045166,-0.114746,0.989380,-2.441406,-1.037598,1.159668
46595,-0.072021,-0.053589,1.071777,-2.136230,-0.610352,1.403809
46604,-0.054810,-0.136475,1.033325,-1.586914,-0.305176,0.183105
46616,-0.033081,-0.392090,0.553467,-1.342773,-0.549316,-0.854492
46626,-0.072266,-0.419678,0.303955,-2.929688,-0.671387,-1.708984
46636,-0.071167,-0.143921,0.550293,-5.798340,-0.305176,-2.502441
46645,-0.080200,0.023315,0.835083,-7.812500,-0.244141,-3.295898
46655,-0.048096,0.294189,1.196533,-8.300781,0.000000,-4.211426
46665,0.000610,0.815430,2.221924,-7.568359,0.366211,-5.554199
46676,0.148560,-0.499878,1.207642,-1.953125,0.000000,-8.300781
46686,0.022949,-0.364502,1.113281,6.530762,-1.770020,-9.094238
46695,0.000122,-0.200073,0.966919,6.896973,-1.342773,-8.972168
46705,-0.024170,-0.448608,0.505859,7.995605,-0.976562,-8.605957
46714,0.028564,-0.638184,0.216431,5.493164,0.000000,-6.896973
46725,0.131104,-0.354004,0.299683,-0.671387,0.305176,-4.638672
46735,0.187012,0.094116,0.708740,-5.493164,-0.244141,-3.417969
46746,-0.026855,-0.057495,1.296021,-5.859375,-0.976562,-7.446289
46756,0.139404,-0.371338,1.234985,-2.197266,-1.586914,-12.512207
46766,0.153809,-0.228149,1.255737,-2.502441,-2.746582,-17.456055
46775,0.053955,-0.014648,1.136597,-2.929688,-4.028320,-20.446777
46785,0.002441,0.059326,1.075195,-2.014160,-3.295898,-20.507812
46794,-0.044067,-0.135376,0.934937,-0.061035,-2.136230,-18.737793
46806,-0.029663,-0.201050,0.990112,1.281738,-1.586914,-15.991211
46816,0.055786,-0.167725,0.986328,-0.183105,-0.671387,-14.526367
46825,0.139648,-0.086670,1.002686,-1.220703,0.122070,-13.427734
46835,0.150513,-0.031250,1.024048,-1.342773,-0.122070,-12.268066
46845,0.125854,-0.029053,1.065186,-0.671387,-0.427246,-11.535645
46855,0.062988,-0.253296,0.917236,0.183105,-0.549316,-11.535645
46865,0.066284,-0.346802,0.793457,-0.488281,-0.244141,-11.413574
46875,0.061646,-0.266113,0.771851,-2.014160,0.305176,-11.352539
46886,-0.084717,-0.145752,0.857056,-3.356934,0.427246,-11.779785
46896,-0.068726,-0.105469,0.983032,-4.089355,0.488281,-12.390137
46906,-0.049561,-0.113647,1.009399,-3.845215,1.037598,-12.573242
46915,-0.062256,-0.181396,1.013184,-3.295898,1.831055,-12.451172
46925,-0.082642,-0.232788,0.978027,-3.723145,2.075195,-11.962891
46935,-0.082031,-0.210083,0.929443,-4.516602,2.990723,-11.352539
46946,-0.036255,-0.114502,0.901245,-4.760742,4.882812,-9.155273
46956,-0.054932,-0.067505,1.102661,-4.150391,5.249023,-8.239746
46966,-0.088745,0.063354,1.108643,-3.173828,5.249023,-8.178711
46976,-0.055054,0.033691,0.986084,-1.525879,5.676270,-8.056641
46986,-0.001099,-0.362549,0.863159,1.037598,6.286621,-7.446289
46996,0.034668,-0.484497,0.775146,2.319336,6.774902,-6.774902
47005,0.004761,-0.336792,0.797852,1.892090,6.835937,-5.859375
47015,0.023071,-0.656372,0.907593,1.281738,6.774902,-5.004883
47026,0.044678,0.055176,1.116577,-1.586914,7.934570,-2.685547
47036,-0.073242,0.261719,1.259766,-9.033203,8.605957,-1.037598
47045,-0.043945,0.203491,1.200317,-7.934570,8.911133,-0.549316
47055,-0.032715,-0.160278,0.951782,-5.981445,9.399414,-0.427246
47065,-0.052490,-0.075806,0.814819,-5.310059,9.033203,-1.037598
47075,-0.117432,-0.192017,0.877686,-4.150391,8.605957,-2.014160
47085,-0.093018,-0.227173,1.016235,-2.441406,8.666992,-1.464844
47095,0.032104,-0.316162,0.971680,-3.051758,9.887695,1.220703
47104,0.087402,-0.206055,1.014648,-3.234863,10.253906,3.540039
47115,0.047729,-0.154419,1.045410,-2.929688,9.826660,5.310059
47125,0.067993,-0.316284,0.896729,-2.685547,9.826660,6.530762
47135,0.072876,-0.150635,0.971558,-3.234863,10.192871,7.141113
47145,0.077271,-0.232056,0.979736,-3.540039,9.948730,7.568359
47155,0.072998,-0.149048,1.072266,-3.784180,9.521484,7.995605
47166,0.051636,-0.113892,0.954102,-3.845215,7.873535,9.460449
47176,0.027466,-0.196289,0.922729,-4.272461,8.300781,11.169434
47185,0.060669,0.005371,0.962769,-5.004883,8.666992,12.939453
47195,0.021851,0.021240,0.919556,-5.737305,8.422852,14.343262
47205,0.028687,0.069824,0.962891,-5.676270,8.178711,15.563965
47215,-0.029175,-0.092651,0.972656,-5.432129,7.934570,16.479492
47226,-0.019165,0.159912,1.079224,-4.455566,7.690430,17.944336
47236,-0.116211,0.016357,0.982910,-3.417969,7.995605,18.859863
47245,-0.095459,-0.092041,0.975830,-2.685547,8.239746,19.409180
47255,-0.095825,-0.019775,0.974487,-2.258301,8.239746,20.202637
47265,-0.136353,-0.077759,0.977905,-1.892090,8.178711,20.751953
47275,-0.080078,-0.140259,0.941772,-1.281738,7.934570,21.728516
47285,-0.023071,-0.121826,1.034546,-1.159668,8.178711,22.827148
47294,-0.013916,-0.230225,0.974121,-1.098633,8.239746,23.620605
47306,0.023682,-0.193970,1.026245,-1.892090,7.812500,26.367187
47316,0.059082,0.020386,1.079346,-2.258301,7.385254,27.770996
47325,0.069214,-0.098389,1.134766,-1.770020,6.896973,28.747559
47335,0.052612,-0.090454,1.068359,-0.976562,6.103516,29.541016
47345,-0.016113,-0.023437,1.018433,0.000000,5.615234,30.029297
47356,-0.011963,-0.176025,1.074097,0.854492,5.371094,30.700684
47365,-0.047974,-0.121216,1.041382,1.037598,4.943848,30.639648
47376,-0.031250,0.041382,1.032104,0.549316,4.333496,30.029297
47386,-0.058472,-0.185547,0.905396,0.549316,3.784180,29.663086
47395,0.002441,-0.111572,0.958130,0.366211,3.173828,28.625488
47405,0.020630,-0.196899,0.995117,-0.061035,2.441406,27.404785
47415,0.026245,-0.124512,1.007813,-0.793457,1.342773,25.451660
47425,0.046021,-0.046387,1.064819,-0.976562,0.122070,23.315430
47436,0.027954,-0.186157,1.060791,-0.427246,-0.732422,20.141602
47446,0.075928,-0.229980,1.048096,0.122070,-1.403809,19.165039
47455,0.083984,-0.166748,1.046997,0.610352,-2.136230,18.188477
47466,0.088745,-0.235352,0.964111,1.159668,-2.685547,17.761230
47475,0.117065,-0.237061,0.943115,0.854492,-3.112793,16.723633
47485,0.165039,-0.101440,1.014648,0.671387,-4.089355,15.502930
47495,0.101563,-0.179443,0.962280,0.915527,-5.187988,13.916016
47508,0.084473,-0.224121,0.961060,1.586914,-6.591797,10.498047
47517,0.078003,-0.189331,1.008301,1.647949,-7.202148,8.911133
47527,0.064941,-0.135620,1.012207,1.953125,-7.873535,7.934570
47536,0.032227,-0.182129,1.006348,2.014160,-8.178711,7.568359
47546,0.071899,-0.074463,1.124634,2.624512,-8.117676,7.629395
47555,0.072021,-0.209595,0.973755,3.601074,-8.178711,7.385254
47566,0.029175,-0.263184,0.907715,4.028320,-8.728027,7.080078
47575,0.021484,-0.247925,0.882690,3.601074,-8.544922,5.737305
47587,0.018555,-0.076294,1.025757,2.319336,-8.728027,5.004883
47596,-0.016846,-0.220459,0.965210,2.197266,-8.911133,3.967285
47606,-0.007690,-0.223511,0.941162,2.197266,-8.728027,3.112793
47615,0.001953,-0.183716,0.964966,1.953125,-8.850098,2.441406
47625,-0.011963,-0.323730,0.881226,1.037598,-9.155273,1.770020
47636,-0.014526,-0.110474,0.977173,0.183105,-8.972168,1.342773
47645,-0.015015,-0.253906,0.972534,-0.305176,-8.483887,0.793457
47655,-0.016113,-0.267334,0.900513,-1.037598,-7.812500,0.671387
47665,-0.075317,-0.212646,0.863525,-1.892090,-7.385254,0.671387
47676,-0.047729,-0.042236,1.034790,-2.868652,-7.019043,0.732422
47685,-0.049805,-0.127197,0.976807,-3.540039,-6.713867,0.732422
47695,-0.038086,-0.039185,1.010010,-3.601074,-6.530762,0.854492
47705,-0.044434,-0.083740,0.971558,-2.929688,-6.652832,0.915527
47715,-0.045166,-0.279541,0.933594,-2.929688,-6.347656,1.098633
47725,-0.001099,0.020508,1.075317,-3.173828,-4.638672,1.220703
47735,-0.044922,-0.104980,1.001465,-2.685547,-3.967285,0.854492
47745,-0.048950,-0.011475,1.051392,-2.441406,-4.028320,0.305176
47756,-0.025391,-0.150513,0.977417,-2.319336,-4.516602,-0.793457
47765,-0.043457,-0.037720,0.997437,-3.173828,-4.638672,-2.258301
47775,-0.026123,0.039673,1.165527,-3.662109,-4.333496,-3.051758
47788,0.004272,0.104614,1.195557,-3.234863,-4.089355,-5.981445
47797,0.022583,0.057007,1.149414,-2.014160,-4.211426,-7.019043
47807,0.063843,-0.075317,1.138184,-0.976562,-4.028320,-7.873535
47816,0.114868,-0.116455,1.140381,0.122070,-3.967285,-8.728027
47826,0.128296,-0.154297,1.139404,0.915527,-4.211426,-9.826660
47836,0.125244,-0.269531,0.960815,1.342773,-4.638672,-11.108398
47845,0.124756,-0.148315,0.944092,1.220703,-4.394531,-12.207031
47855,0.109497,-0.275635,0.850220,0.732422,-4.699707,-13.122559
47866,0.121460,-0.136719,0.936646,-0.488281,-5.249023,-15.625000
47876,0.087158,-0.226929,0.919189,-2.990723,-5.310059,-16.235352
47885,0.072754,-0.106201,1.015381,-2.868652,-4.943848,-16.845703
47895,0.065430,-0.140259,0.927856,-2.441406,-4.394531,-16.967773
47905,0.039673,-0.165894,0.943970,-1.953125,-3.967285,-17.028809
47915,0.037109,-0.152466,0.950195,-1.708984,-3.540039,-16.540527
47925,0.061035,-0.205566,0.909912,-1.892090,-2.746582,-15.808105
47937,0.032593,-0.102417,0.926392,-1.647949,-1.831055,-13.854980
47946,-0.115479,-0.057007,0.896484,-1.281738,-1.098633,-12.634277
47956,-0.015259,0.006470,0.979980,-0.793457,-0.244141,-11.596680
47965,-0.037231,-0.150757,0.879395,-0.671387,0.610352,-10.559082
47975,-0.001099,-0.101440,0.934326,-0.732422,1.525879,-9.399414
47985,-0.051636,-0.013062,1.000854,-0.549316,1.831055,-8.361816
47995,-0.081177,-0.081909,1.030396,0.305176,2.319336,-8.056641
48007,-0.072388,-0.131714,1.093140,2.258301,3.234863,-8.056641
48016,-0.143799,-0.238281,0.942871,2.685547,3.845215,-7.812500
48026,-0.145386,-0.112793,1.012695,2.990723,4.882812,-7.141113
48035,-0.110840,-0.097900,1.034180,3.173828,6.286621,-5.737305
48046,-0.055542,-0.302734,0.848267,3.601074,7.751465,-3.723145
48055,-0.058716,-0.178833,0.929077,3.356934,8.544922,-1.708984
48068,0.001221,-0.315186,0.864380,2.075195,8.483887,0.427246
48077,0.019653,-0.231079,0.959717,0.793457,8.483887,0.488281
48086,-0.017700,0.017090,1.118286,0.000000,8.972168,0.915527
48095,-0.052979,-0.245483,1.028320,-0.366211,9.338379,1.159668
48105,0.011230,-0.225342,1.013306,-1.037598,9.887695,1.342773
48115,0.006226,-0.131836,0.973145,-1.647949,9.826660,1.953125
48126,0.005615,-0.228394,0.822998,-2.929688,9.765625,2.624512
48135,0.044067,-0.052612,0.910889,-4.638672,9.826660,4.516602
48147,-0.004883,-0.096802,1.066040,-5.920410,10.803223,5.432129
48156,0.001709,0.023315,1.184570,-5.676270,11.352539,6.164551
48166,-0.023437,-0.215576,1.082520,-4.699707,11.474609,6.713867
48176,-0.015625,-0.265137,0.997803,-4.577637,10.803223,6.835937
48186,0.005615,-0.051025,1.124512,-4.333496,10.253906,7.873535
48195,0.041748,-0.125122,1.070435,-4.089355,10.253906,9.399414
48208,0.065430,-0.069458,1.011353,-2.075195,10.803223,13.610840
48218,0.086060,-0.153809,0.950562,-0.915527,10.498047,15.136719
48227,0.112305,-0.334473,0.843994,-0.915527,9.887695,15.808105
48237,0.140747,-0.230103,0.728027,-1.098633,9.094238,16.723633
48246,0.143799,-0.216919,0.765747,-1.464844,8.483887,17.517090
48255,0.113281,-0.225586,0.732422,-2.258301,7.629395,18.432617
48265,0.122070,-0.086426,0.844971,-2.929688,7.263184,19.042969
48276,0.078247,-0.025635,1.079346,-3.356934,5.554199,18.615723
48286,-0.015991,-0.030884,1.098022,-2.563477,5.371094,18.249512
48295,-0.008057,0.003174,1.038940,-2.075195,4.821777,17.639160
48305,-0.008911,-0.265381,0.908081,-1.831055,4.211426,17.333984
48316,-0.031616,-0.168091,0.957153,-2.319336,4.455566,17.517090
48325,-0.042358,0.150269,1.078735,-2.746582,4.455566,17.578125
48336,-0.065796,0.061157,1.090454,-2.929688,4.516602,17.822266
48345,-0.059448,-0.096802,1.041504,-2.990723,4.943848,18.676758
48357,-0.023560,0.093872,1.092163,-2.502441,5.126953,18.676758
48366,-0.002563,-0.007202,1.003174,-2.136230,4.821777,19.287109
48376,0.028809,-0.161133,0.987427,-1.586914,4.150391,19.409180
48385,0.032593,-0.111572,1.022827,-1.708984,3.356934,19.104004
48396,0.029297,-0.203247,0.939697,-2.136230,2.868652,19.042969
48405,0.018188,-0.143555,0.949463,-3.173828,2.990723,18.981934
48417,0.010010,-0.112061,1.070801,-3.784180,2.929688,19.287109
48427,0.003662,-0.090210,1.006348,-3.417969,2.685547,19.226074
48436,0.029419,-0.019043,1.053345,-2.380371,2.319336,19.836426
48446,0.050903,-0.270020,1.007935,-1.220703,1.831055,19.592285
48456,0.062134,-0.293701,0.895996,-1.098633,0.732422,19.348145
48465,0.091675,-0.072144,1.034668,-1.403809,-0.244141,18.676758
48475,0.076050,-0.116333,0.987427,-1.708984,-0.427246,17.700195
48485,0.030884,-0.325195,0.835205,-2.258301,-0.366211,16.052246
48497,0.007813,0.019653,1.009277,-3.295898,-0.610352,14.892578
48506,0.035278,-0.074219,1.004150,-3.540039,-0.976562,14.526367
48516,0.047852,-0.125366,1.042603,-3.662109,-1.586914,13.732910
48525,0.117310,-0.000488,1.072144,-3.295898,-2.441406,12.878418
48536,0.065918,-0.050537,1.002930,-2.380371,-3.112793,12.390137
48545,0.116455,-0.210815,0.901001,-1.159668,-3.723145,11.535645
48558,0.113159,-0.109375,0.991455,-0.793457,-4.089355,9.582520
48567,0.065796,-0.239746,0.868286,-0.732422,-4.272461,8.789063
48577,0.079468,-0.206299,0.915405,-0.549316,-4.821777,8.239746
48586,0.084229,-0.222778,1.016357,-0.915527,-4.943848,7.568359
48596,0.052368,-0.277954,0.951660,-1.892090,-5.554199,6.835937
48606,0.028687,-0.052979,0.977539,-2.136230,-5.676270,6.591797
48615,0.053101,0.074341,1.128784,-1.953125,-5.981445,6.164551
48628,-0.011841,-0.395386,0.871826,-1.037598,-6.103516,5.676270
48637,0.014038,-0.029785,1.044922,-1.464844,-6.042480,5.615234
48647,0.033569,0.061035,1.156006,-1.403809,-5.981445,6.042480
48657,0.035156,-0.235107,1.028442,-0.671387,-5.676270,6.591797
48666,-0.025757,-0.423096,0.911987,-0.183105,-5.310059,7.080078
48676,-0.020508,-0.144775,0.987915,-0.244141,-4.760742,7.446289
48685,-0.036621,0.032715,1.140747,-0.427246,-4.333496,7.873535
48698,-0.112427,-0.245605,1.014038,-0.122070,-4.028320,8.605957
48708,-0.108887,-0.220703,0.964111,0.244141,-3.662109,9.094238
48717,-0.075439,-0.101563,0.946655,0.122070,-3.173828,9.826660
48727,-0.073120,-0.127319,0.965576,-0.305176,-2.380371,10.864258
48736,-0.046143,-0.292603,0.907471,-0.915527,-2.319336,11.169434
48746,-0.018677,-0.142334,0.887329,-1.525879,-2.380371,11.352539
48756,-0.035889,-0.008179,0.977783,-2.197266,-2.685547,11.352539
48765,-0.043945,-0.202026,0.949097,-2.075195,-2.075195,11.474609
48777,-0.054932,-0.010498,0.997314,-2.197266,-1.770020,11.718750
48787,-0.080200,0.031738,1.001343,-2.014160,-1.403809,11.840820
48796,-0.080444,-0.194702,0.953613,-2.197266,-1.220703,11.169434
48805,-0.082520,-0.255371,0.926270,-2.807617,-1.342773,10.192871
48815,-0.074585,0.014526,1.005615,-2.807617,-1.586914,8.850098
48826,-0.045288,0.151855,1.059692,-2.685547,-1.831055,7.568359
48836,-0.041382,0.010986,1.044434,-1.647949,-1.342773,4.882812
48845,-0.010620,-0.142822,0.995483,-1.281738,-1.586914,3.540039
48855,0.067749,0.001465,1.012329,-0.915527,-1.647949,2.502441
48865,0.123535,-0.061523,1.003174,-0.305176,-2.075195,1.647949
48875,0.134399,-0.228516,0.943604,-0.305176,-2.563477,1.220703
48886,0.102661,-0.128174,0.989502,-0.366211,-3.051758,0.305176
48896,0.087769,-0.010986,1.145020,-0.183105,-2.929688,-0.427246
48905,0.084351,-0.085327,1.141235,0.244141,-2.929688,-1.647949
48915,0.052979,-0.146362,1.076416,1.525879,-3.173828,-2.563477
48926,0.031738,-0.254028,1.067749,1.770020,-3.112793,-3.112793
48935,0.034424,-0.269897,1.011841,1.892090,-3.051758,-3.784180
48946,0.082642,-0.231567,0.959106,1.586914,-3.112793,-4.760742
48956,0.064209,-0.259766,0.901245,0.854492,-3.295898,-5.615234
48966,0.108398,-0.293213,0.842651,0.000000,-3.356934,-6.469727
48976,0.087280,-0.025391,0.963135,-1.770020,-3.295898,-7.324219
48985,0.095825,0.178101,1.123535,-1.403809,-2.685547,-7.324219
48996,0.098267,-0.187500,1.001465,-0.915527,-2.380371,-7.690430
49005,0.125122,-0.190918,0.878418,-0.976562,-2.441406,-7.751465
49016,0.016724,-0.030273,0.910767,-1.098633,-2.502441,-7.202148
49026,-0.022217,0.029907,0.989014,-1.281738,-1.831055,-6.286621
49035,-0.034058,-0.048950,0.976196,-1.403809,-0.549316,-4.821777
49045,-0.052612,-0.096436,0.963257,-0.732422,0.732422,-2.258301
49057,0.001343,-0.217285,0.981323,0.427246,1.037598,-1.220703
49066,0.040527,-0.218872,0.953247,0.061035,1.403809,0.244141
49076,0.018311,-0.182861,0.953613,-0.122070,1.770020,1.770020
49085,0.029907,-0.079590,0.953613,-0.305176,2.258301,3.356934
49096,0.036743,-0.038086,0.974243,-0.183105,2.929688,4.760742
49105,0.028442,-0.121094,0.952148,0.061035,2.868652,5.554199
49118,-0.031250,-0.207397,1.036377,-0.793457,2.746582,5.737305
49127,-0.044434,-0.118652,1.011475,-0.671387,2.990723,5.004883
49137,-0.090698,-0.162354,0.999146,0.305176,3.051758,4.211426
49146,-0.031860,-0.172852,0.945068,0.793457,2.868652,3.051758
49155,0.002808,-0.332520,0.876099,0.061035,2.624512,2.319336
49166,0.059082,-0.297241,0.873291,-0.793457,2.502441,1.892090
49175,0.040405,-0.218872,0.986328,-1.342773,2.441406,1.770020
49185,0.047852,-0.107666,1.018799,-1.586914,3.112793,2.319336
49197,0.012207,-0.222412,1.073486,-2.563477,3.051758,1.770020
49206,0.008667,-0.133057,1.088013,-3.112793,3.112793,1.220703
49216,0.031616,-0.051514,1.048340,-3.051758,3.234863,1.220703
49225,0.119995,-0.171753,1.008423,-2.380371,3.356934,1.708984
49236,0.105347,-0.125000,0.992432,-2.319336,2.868652,2.685547
49245,0.095581,-0.038330,1.021362,-2.380371,2.502441,3.601074
49258,0.084229,-0.292480,0.969360,-1.586914,3.234863,6.347656
49267,0.078857,-0.239136,0.945679,-1.647949,3.479004,7.751465
49277,0.125610,-0.094238,0.928589,-2.136230,3.662109,9.582520
49287,0.052856,-0.056396,0.986938,-2.563477,3.295898,11.108398
49296,0.013428,0.025635,1.013550,-3.112793,2.685547,12.268066
49305,0.010498,0.085083,1.014526,-3.112793,3.051758,13.732910
49316,-0.010010,0.059204,1.054688,-2.624512,3.173828,15.136719
49327,-0.060059,-0.084351,0.971436,-1.525879,3.723145,17.272949
49337,-0.062500,0.020264,0.951538,-1.037598,3.417969,18.127441
49346,-0.051025,-0.033203,0.959717,-0.976562,3.234863,19.226074
49356,-0.057983,-0.136719,0.949585,-0.915527,3.234863,20.446777
49365,-0.020508,-0.187256,0.920898,-0.732422,3.601074,21.789551
49376,-0.054810,-0.160156,0.953857,-0.366211,3.356934,22.705078
49386,-0.069946,-0.116699,0.971313,-0.244141,3.234863,22.949219
49397,-0.078247,-0.046997,1.125122,-0.488281,2.868652,22.949219
49407,-0.070312,-0.111572,1.074219,-0.488281,2.746582,23.498535
49416,-0.010010,-0.137207,1.044922,0.122070,2.929688,24.475098
49425,-0.035767,-0.156006,0.999756,1.037598,2.441406,25.207520
49435,0.026245,-0.119873,1.043335,1.647949,1.464844,25.085449
49446,0.040161,0.002441,1.110474,1.831055,0.671387,24.597168
49455,0.117432,0.017822,1.109985,2.014160,0.610352,24.291992
49468,0.063110,-0.188599,1.022827,2.685547,-0.854492,23.071289
49477,0.079712,-0.176636,1.081787,2.502441,-1.525879,22.094727
49486,0.140503,-0.142212,1.113037,2.441406,-2.258301,20.874023
49496,0.166504,-0.210327,1.066040,3.234863,-3.479004,19.714355
49505,0.128662,-0.219727,0.948975,3.601074,-5.004883,18.737793
49516,0.117798,-0.212280,0.971191,3.662109,-6.042480,17.700195
49525,0.140625,-0.177856,1.012817,3.479004,-7.202148,16.235352
49537,0.247681,-0.155518,1.039185,3.479004,-9.216309,13.977051
49547,0.218628,-0.163696,1.013062,3.784180,-10.253906,12.878418
49556,0.208740,-0.255249,0.924561,3.967285,-10.864258,11.779785
49566,0.186523,-0.336426,0.886230,4.028320,-11.718750,10.803223
49576,0.151367,-0.313843,0.830811,3.356934,-12.451172,9.094238
49586,0.063477,-0.270020,0.815063,2.014160,-13.610840,7.141113
49596,0.116943,-0.231812,0.833252,1.220703,-14.221191,5.065918
49607,0.054565,-0.143555,0.748047,0.061035,-15.258789,1.586914
49617,0.030884,-0.184570,0.776611,-1.770020,-14.953613,0.244141
49626,0.046021,-0.263428,0.796875,-2.868652,-15.075684,-1.281738
49636,0.005981,-0.052368,0.956909,-4.394531,-15.197754,-2.014160
49645,-0.016968,0.018799,1.118530,-4.394531,-14.831543,-2.014160
49656,0.005127,-0.129761,1.078491,-3.540039,-14.343262,-2.441406
49666,-0.037109,-0.274292,0.994873,-3.112793,-14.160156,-3.112793
49676,-0.069092,-0.288940,0.935913,-4.699707,-13.305664,-5.981445
49686,-0.091553,-0.125000,1.093384,-4.577637,-12.695313,-7.019043
49696,-0.139648,-0.170044,1.107422,-3.601074,-12.390137,-7.812500
49706,-0.062988,-0.236084,1.105591,-2.746582,-11.779785,-8.544922
49716,-0.036377,-0.265137,1.014893,-2.746582,-10.803223,-8.483887
49726,-0.032471,-0.131226,1.002319,-3.540039,-9.521484,-8.117676
49736,-0.037231,-0.037354,1.078613,-4.272461,-8.911133,-7.812500
49745,-0.038452,-0.053955,1.119995,-3.662109,-7.995605,-8.239746
49755,-0.049927,-0.087646,1.071899,-3.601074,-7.934570,-9.643555
49766,-0.004395,-0.095947,1.027222,-3.967285,-7.385254,-10.681152
49776,-0.053345,-0.003662,1.031006,-4.577637,-6.835937,-11.840820
49785,-0.054810,0.059937,1.025879,-4.577637,-6.774902,-13.122559
49795,-0.051758,0.024536,0.999268,-4.089355,-6.103516,-13.793945
49806,-0.044312,-0.019165,1.022583,-3.356934,-5.371094,-14.648438
49816,-0.003540,-0.028687,1.027588,-3.234863,-4.455566,-16.113281
49826,0.079346,-0.114624,0.887939,-3.234863,-3.906250,-16.662598
49835,0.122070,-0.273926,0.715820,-3.356934,-3.784180,-16.723633
49846,0.129395,-0.300903,0.583130,-4.089355,-3.356934,-16.418457
49856,0.117188,-0.196045,0.621582,-5.187988,-2.990723,-16.357422
49866,0.066650,-0.161255,0.749634,-6.835937,-3.051758,-16.113281
49877,0.029541,-0.020386,0.908569,-6.530762,-1.586914,-15.563965
49887,0.031982,-0.140869,1.025024,-4.516602,-0.793457,-15.686035
49896,0.098633,-0.210937,0.888916,-3.051758,-0.610352,-15.869141
49906,0.113403,-0.353271,0.927612,-1.281738,-0.793457,-15.747070
49916,-0.033936,-0.245605,1.015625,-1.037598,-1.098633,-14.953613
49926,-0.171631,-0.107910,1.125854,-0.671387,-0.183105,-12.817383
49936,0.002319,-0.030396,1.147461,0.244141,2.136230,-10.314941
49946,-0.033936,-0.080566,1.108521,1.708984,4.272461,-7.568359
49957,-0.119873,-0.170776,1.078857,2.380371,5.493164,-5.065918
49967,-0.206055,-0.034058,1.112793,1.770020,6.774902,-3.601074
49976,-0.232178,-0.104004,1.071777,1.953125,7.629395,-2.868652
49986,-0.171509,-0.131958,0.946655,2.380371,8.544922,-1.586914
49996,-0.172729,-0.187012,0.829590,2.624512,9.338379,0.610352
50006,-0.171875,-0.193970,0.836548,1.586914,10.131836,3.051758
50016,-0.034302,-0.177856,0.913818,0.244141,11.230469,5.493164
50025,0.024658,-0.159302,0.954224,-1.647949,11.596680,9.338379
50037,0.035889,-0.039795,1.193481,-2.380371,11.169434,9.887695
50046,0.062622,-0.154541,1.208740,-2.258301,10.742188,10.681152
50056,0.005615,-0.235718,1.095825,-1.831055,10.375977,11.474609
50066,0.047729,-0.270020,1.015381,-2.014160,10.192871,11.657715
50076,0.097168,-0.228516,1.026123,-2.380371,9.948730,11.962891
50087,0.067749,-0.150879,1.205566,-1.525879,8.300781,11.901855
50097,0.060303,-0.183838,1.170532,0.671387,8.483887,12.268066
50107,0.024658,-0.362061,0.888184,2.502441,7.995605,12.084961
50117,0.017578,-0.494873,0.693848,3.601074,7.385254,11.596680
50126,0.067261,-0.469360,0.622559,3.540039,6.591797,11.230469
50135,0.090332,-0.330200,0.687744,2.868652,5.615234,11.047363
50146,0.081299,-0.241211,0.846313,2.380371,4.943848,11.108398
50155,0.095825,-0.130981,0.938110,2.075195,4.699707,10.925293
50167,0.017944,-0.138550,1.133545,2.197266,4.272461,7.080078
50176,0.056030,-0.133057,1.245605,2.929688,2.807617,4.882812
50186,0.096191,-0.172119,1.280518,2.990723,2.136230,2.746582
50196,0.110596,-0.213257,1.053345,3.112793,1.464844,1.892090
50206,0.163940,-0.178223,0.836792,2.624512,0.915527,2.624512
50216,0.099487,-0.176636,0.833008,2.136230,0.671387,4.821777
50227,0.089478,-0.042725,0.888306,0.488281,2.075195,10.620117
50236,0.045044,0.031494,0.948730,0.122070,2.807617,12.512207
50247,-0.027710,-0.012207,0.804687,-0.366211,3.173828,13.488770
50257,-0.048950,-0.022461,0.676636,-1.403809,2.441406,12.817383
50266,-0.104004,0.003540,0.689575,-2.929688,1.831055,11.718750
50276,-0.153320,0.015991,0.776001,-4.150391,1.647949,10.375977
50286,-0.110596,0.064209,0.904297,-5.126953,1.525879,9.033203
50296,-0.095215,0.087280,0.988159,-5.554199,2.014160,8.850098
50308,-0.109009,-0.028076,1.117310,-5.493164,2.441406,9.460449
50317,-0.055420,-0.050903,1.264282,-5.187988,2.868652,10.681152
50327,0.034790,-0.079712,1.301025,-4.821777,3.723145,12.634277
50336,0.063110,-0.124023,1.204712,-3.967285,3.723145,15.441895
50345,0.106323,-0.129150,1.105835,-4.028320,3.540039,17.822266
50356,0.063721,-0.064819,1.075684,-4.211426,2.746582,19.165039
50367,0.136475,0.005615,1.144897,-5.004883,2.014160,21.972656
50377,0.145752,0.050415,1.205078,-4.455566,1.464844,22.766113
50386,0.092041,-0.111084,1.157593,-2.685547,0.488281,23.010254
50396,0.060303,-0.243530,1.142090,-1.770020,-0.366211,22.033691
50406,0.154297,-0.265259,1.118042,-1.586914,-1.342773,20.690918
50416,0.231079,-0.238770,1.111694,-1.647949,-2.319336,19.592285
50426,-0.008789,-0.275269,0.993164,-1.953125,-4.394531,17.700195
50437,-0.008301,-0.342529,0.878296,-3.295898,-6.530762,12.145996
50447,-0.014893,-0.307861,0.794312,-4.943848,-6.286621,10.314941
50457,0.032593,-0.175659,0.848145,-6.530762,-5.981445,9.155273
50466,0.065308,-0.108521,0.912109,-6.469727,-6.103516,7.934570
50476,0.054321,-0.207520,0.871460,-6.042480,-6.958008,5.981445
50486,0.022339,-0.185547,0.853027,-6.042480,-8.300781,4.028320
50497,0.038330,-0.046997,0.906982,-5.676270,-8.666992,1.892090
50506,0.010376,-0.012329,0.994751,-4.821777,-8.789063,-2.258301
50518,-0.012085,-0.140259,0.996582,-0.427246,-8.911133,-3.051758
50528,0.007324,-0.220703,0.986816,1.159668,-8.483887,-3.173828
50537,-0.058350,-0.299927,0.943481,2.136230,-7.568359,-2.746582
50547,-0.062012,-0.353882,0.900879,2.807617,-6.591797,-2.319336
50556,-0.059326,-0.264771,0.958862,2.746582,-5.981445,-2.441406
50567,-0.048950,-0.194580,1.058838,2.563477,-5.493164,-2.319336
50576,-0.112549,-0.195801,0.987427,2.624512,-5.004883,-0.793457
50588,-0.105835,-0.213989,1.195557,2.685547,-3.234863,0.488281
50597,-0.061279,-0.193848,1.140747,2.563477,-2.258301,1.464844
50607,-0.044067,-0.194336,1.007446,2.441406,-1.831055,2.197266
50616,-0.106323,-0.281494,0.910400,2.380371,-1.342773,2.502441
50626,-0.088013,-0.169556,0.926758,1.403809,-0.793457,2.075195
50636,-0.051392,-0.052979,0.981445,0.366211,-0.183105,1.525879
50646,-0.025146,-0.016357,1.068848,-0.488281,-0.122070,0.183105
50657,0.099609,-0.058960,0.984497,-1.098633,-0.793457,-2.136230
50667,0.114380,-0.026611,0.793335,-3.112793,-1.220703,-3.540039
50677,0.177490,0.049072,0.841675,-4.638672,-2.136230,-4.943848
50686,0.191650,0.015625,0.963501,-5.798340,-2.624512,-5.615234
50696,0.095215,0.132568,1.147217,-6.530762,-3.356934,-6.286621
50706,0.101929,0.138062,1.181152,-6.042480,-3.417969,-6.347656
50716,0.066650,-0.016846,1.183838,-4.699707,-2.868652,-6.103516
50727,-0.008057,0.016479,1.216064,-2.319336,-1.831055,-6.347656
50737,-0.051270,0.000610,1.155273,-0.976562,-1.708984,-6.286621
50747,-0.070312,-0.050781,1.070068,0.854492,-1.220703,-6.530762
50756,-0.093140,-0.085327,1.043945,2.319336,-1.159668,-6.896973
50766,-0.152222,-0.266602,1.005859,3.967285,-1.098633,-7.385254
50777,-0.140503,-0.381958,0.885376,4.516602,0.000000,-7.690430
50786,-0.079712,-0.344360,0.760986,4.211426,2.685547,-6.713867
50796,-0.083008,-0.385864,0.692627,2.197266,3.662109,-6.042480
50806,-0.026367,-0.233398,0.673706,0.671387,4.028320,-4.882812
50816,-0.022705,-0.176636,0.793091,-0.244141,4.333496,-3.540039
50826,-0.006958,-0.105835,0.848389,-1.159668,5.004883,-1.770020
50837,-0.050537,-0.172241,1.065430,-1.525879,5.920410,-0.427246
50846,-0.101563,-0.005615,1.186401,-2.197266,6.774902,0.427246
50859,-0.010742,-0.256348,0.840698,-0.732422,7.751465,1.403809
50868,0.017822,-0.257324,0.817627,-1.159668,7.629395,2.929688
50877,0.050903,-0.033936,0.907349,-2.319336,7.751465,4.821777
50887,0.045166,-0.089844,0.971802,-2.990723,8.422852,7.141113
50896,-0.032959,-0.021851,1.043457,-3.295898,8.728027,8.789063
50906,-0.020142,0.052490,1.131348,-3.601074,9.033203,9.704590
50916,-0.032593,-0.001953,1.183228,-2.685547,9.033203,10.070801
50929,0.043457,-0.130005,1.003052,0.366211,8.728027,11.657715
50938,0.071655,-0.234741,0.939697,1.586914,8.483887,13.305664
50947,0.043213,-0.269775,0.997681,1.831055,7.446289,14.465332
50956,0.078491,-0.172974,0.995972,0.976562,7.080078,15.747070
50967,0.066406,-0.213379,1.002075,-0.122070,6.958008,17.333984
50976,0.002930,-0.130981,0.899414,-1.159668,7.019043,18.188477
50986,-0.011475,-0.199097,0.882202,-2.441406,7.080078,18.859863
50997,0.020874,-0.140991,0.980347,-5.371094,5.859375,18.798828
51007,0.057373,0.137085,1.167114,-6.164551,5.126953,18.554687
51017,0.051514,0.068359,1.175537,-5.310059,4.699707,18.920898
51026,-0.041016,0.017456,1.145996,-4.455566,4.089355,18.676758
51036,0.015747,0.096680,1.231812,-3.601074,3.723145,18.493652
51046,0.023315,-0.005371,1.263550,-1.831055,3.295898,18.737793
51056,0.012695,-0.154541,1.098511,0.000000,2.563477,18.981934
51068,0.056763,-0.208740,0.786133,0.488281,1.647949,19.287109
51078,0.006104,-0.345337,0.653442,-0.244141,0.671387,19.042969
51087,0.057129,-0.275024,0.543457,-2.258301,0.061035,18.188477
51096,0.052124,-0.020874,0.631348,-4.760742,-0.244141,17.456055
51107,-0.002563,0.094971,0.853271,-5.859375,-0.671387,16.540527
51116,-0.006226,0.156738,1.216064,-5.615234,-0.854492,15.563965
51127,-0.005371,0.128784,1.395386,-4.272461,-1.037598,14.709473
51136,-0.043335,-0.052490,1.225952,-2.075195,-1.342773,12.817383
51148,0.015381,-0.247070,1.087891,1.831055,-2.624512,11.596680
51157,0.018311,-0.261108,0.945801,2.685547,-3.051758,10.375977
51166,0.133667,-0.292358,0.769287,2.807617,-3.662109,9.887695
51176,0.170898,-0.231567,0.765259,2.014160,-3.540039,9.643555
51186,0.197144,-0.096802,0.921387,0.915527,-4.150391,9.338379
51196,0.166382,-0.036499,1.132446,0.061035,-4.943848,8.728027
51209,0.094971,-0.033081,1.089355,0.183105,-5.920410,7.751465
51218,0.152100,-0.101563,1.171021,0.915527,-6.713867,6.958008
51227,0.154541,-0.000732,1.198730,1.281738,-7.751465,5.615234
51237,0.170532,-0.096436,1.256714,2.136230,-8.544922,5.065918
51246,0.194946,-0.148560,1.205322,2.502441,-8.911133,4.211426
51256,0.107544,0.004883,1.114868,2.014160,-9.704590,2.807617
51267,0.066162,-0.121826,1.045044,2.258301,-10.375977,1.098633
51276,0.079468,-0.125244,0.985107,2.502441,-10.559082,-1.953125
51288,0.111328,-0.347656,0.913574,1.770020,-10.375977,-2.929688
51297,0.135864,-0.117676,0.787476,0.244141,-10.925293,-4.760742
51306,0.056519,-0.207275,0.721680,-0.915527,-11.718750,-6.164551
51316,0.134399,-0.129150,0.559082,-1.647949,-12.207031,-7.385254
51326,0.084961,-0.165405,0.605957,-2.197266,-11.840820,-8.117676
51336,0.017700,-0.081177,0.742432,-2.441406,-12.023926,-9.033203
51349,0.013306,-0.042114,0.989624,-1.220703,-10.864258,-9.338379
51358,-0.033447,-0.182983,0.922363,-0.061035,-10.009766,-8.361816
51368,-0.039185,-0.384033,1.063721,0.427246,-9.094238,-7.812500
51377,-0.022949,-0.200684,1.146484,-0.488281,-8.422852,-7.385254
51387,-0.003418,-0.062744,1.153564,-1.586914,-8.178711,-6.896973
51396,0.011719,0.072632,1.057251,-1.525879,-6.713867,-6.225586
51406,0.043213,-0.027222,0.982544,-1.159668,-5.859375,-5.187988
51419,-0.036255,-0.052124,1.070190,-0.427246,-5.371094,-5.065918
51428,-0.006226,-0.034424,1.085571,0.244141,-4.394531,-4.882812
51438,-0.004028,-0.157104,0.959961,0.854492,-4.577637,-5.249023
51447,-0.030518,-0.222046,0.931519,0.732422,-4.760742,-5.615234
51456,-0.065796,-0.174072,1.105103,0.183105,-4.211426,-5.310059
51466,-0.070068,0.005127,1.259644,-0.610352,-3.784180,-5.187988
51477,-0.038818,-0.038208,1.219482,-0.854492,-3.051758,-4.211426
51486,-0.027954,-0.174683,1.069580,-0.549316,-1.831055,-2.075195
51496,0.000610,-0.083252,1.051880,-1.464844,-1.464844,-0.793457
51506,-0.021118,-0.055908,0.911011,-2.441406,-1.525879,-0.183105
51516,0.025269,0.002930,0.897339,-3.417969,-1.586914,0.366211
51527,0.019775,-0.026611,0.878296,-4.150391,-1.708984,1.220703
51536,-0.020874,-0.000732,0.809814,-4.821777,-1.647949,2.014160
51547,-0.108398,0.166504,0.828613,-5.249023,-1.525879,2.380371
51556,-0.092651,0.114868,0.948853,-4.455566,15.014648,3.295898
51568,-0.190552,0.003662,1.049927,-1.037598,0.671387,2.990723
51577,-0.244263,-0.145142,0.939941,1.403809,1.037598,2.441406
51586,-0.246094,-0.318604,0.802124,2.868652,1.342773,1.708984
51597,-0.205811,-0.345947,0.763428,2.685547,1.892090,1.037598
51606,-0.160767,-0.233032,0.760010,1.403809,2.990723,0.671387
51617,-0.151855,-0.167969,0.744873,-0.061035,3.906250,0.976562
51626,-0.064819,-0.148071,0.796509,-1.586914,4.699707,1.037598
51637,0.003052,-0.191040,0.942993,-2.807617,6.103516,2.441406
51647,0.034668,-0.109985,1.001343,-3.479004,5.981445,3.051758
51656,0.049316,-0.007935,1.051270,-3.540039,5.859375,3.479004
51666,0.070557,-0.036499,1.059204,-2.807617,5.798340,3.906250
51677,0.116943,-0.099365,1.154419,-2.136230,5.859375,4.882812
51686,0.093384,-0.083862,1.271362,-1.708984,5.371094,5.615234
51699,-0.001099,-0.102661,1.022217,-0.732422,4.272461,5.981445
51708,0.008667,-0.071289,0.980469,-1.159668,3.906250,6.286621
51717,0.066772,-0.038330,1.014160,-1.953125,4.028320,7.080078
51727,0.067383,-0.065918,0.972656,-2.746582,4.089355,8.117676
51736,0.070435,-0.082275,0.971069,-3.723145,3.601074,8.605957
51746,-0.006714,-0.009155,0.980713,-4.699707,2.685547,8.544922
51756,0.028076,0.039185,1.072876,-5.065918,2.624512,8.422852
51767,-0.013062,0.052856,1.154419,-4.089355,2.380371,7.751465
51776,-0.030273,-0.104858,1.128418,-2.868652,2.197266,7.568359
51787,0.008301,-0.145508,1.054077,-2.258301,2.319336,7.446289
51796,-0.036743,-0.249634,0.884521,-1.708984,1.892090,6.958008
51806,-0.038208,-0.288208,0.788696,-1.770020,1.953125,7.019043
51816,-0.008789,-0.217529,0.752930,-2.624512,2.014160,7.080078
51827,0.002319,-0.090454,0.703613,-4.089355,2.014160,7.202148
51839,-0.041260,0.098145,1.015869,-5.310059,2.441406,7.629395
51848,-0.045288,0.038818,1.053833,-4.150391,2.868652,7.812500
51857,-0.019897,-0.065674,0.984863,-2.441406,3.112793,7.873535
51867,0.008545,-0.123535,0.982788,-1.464844,2.624512,7.568359
51876,-0.008179,-0.141235,1.000977,-0.793457,2.319336,7.629395
51887,0.003540,-0.151367,0.943848,-0.488281,2.014160,7.690430
51896,0.010254,-0.140747,0.855835,-0.793457,1.647949,7.873535
51909,0.026123,-0.144775,0.892334,-2.136230,2.380371,8.789063
51918,0.002441,-0.064575,1.067993,-2.929688,1.831055,8.544922
51928,0.037109,-0.057495,1.166382,-3.662109,1.464844,8.300781
51937,0.038208,-0.047852,1.130493,-3.723145,1.403809,7.934570
51946,0.051147,-0.076538,1.080933,-3.479004,0.671387,7.446289
51957,0.077881,-0.057495,1.111816,-3.112793,0.244141,7.019043
51968,0.076294,0.016357,1.137329,-2.685547,-0.610352,6.896973
51978,0.041138,-0.120361,1.117310,-1.708984,-0.427246,7.568359
51986,0.041138,-0.120361,1.117310,-0.854492,-0.305176,7.995605
51996,0.052002,-0.219727,0.990479,-0.549316,-0.610352,8.422852
52007,0.013550,-0.208130,0.949707,-0.976562,-1.281738,8.850098
52016,0.007324,-0.149414,0.877441,-1.647949,-1.342773,9.033203
52027,-0.011475,-0.182495,0.769287,-2.502441,-1.403809,9.338379
52037,-0.018555,-0.213867,0.733032,-3.112793,-1.281738,9.948730
52046,-0.060059,-0.120972,0.836914,-4.089355,-1.464844,9.704590
52058,-0.093872,0.012329,0.968994,-4.760742,-0.976562,9.399414
52067,-0.082520,-0.120239,0.886719,-3.845215,-0.671387,9.521484
52076,-0.114380,-0.213379,0.869995,-3.112793,-0.427246,8.728027
52087,-0.093018,-0.136475,0.970093,-2.990723,-0.793457,7.507324
52097,-0.076416,-0.145020,0.961914,-2.441406,-0.915527,6.713867
52106,-0.059937,-0.163086,0.943604,-2.136230,-0.732422,5.798340
52119,0.011597,0.013550,1.062866,-3.234863,-0.366211,5.126953
52128,0.039673,0.033081,1.003418,-2.929688,-0.488281,4.821777
52137,0.039063,0.017578,0.962158,-2.075195,-0.244141,5.065918
52147,0.084595,-0.069580,0.975464,-1.037598,-0.183105,5.187988
52156,0.077148,-0.102173,1.021851,-0.488281,-0.610352,5.187988
52167,0.106323,-0.104126,1.131104,0.000000,-1.159668,5.004883
52176,0.062988,-0.101318,1.099487,0.122070,-1.647949,4.577637
52187,0.080444,-0.146484,1.054932,-0.183105,-2.380371,4.272461
52197,0.079224,-0.036499,1.108643,-0.610352,-2.441406,4.089355
52206,0.075195,-0.116089,1.117920,-0.854492,-2.502441,3.601074
52217,-0.008423,-0.181885,1.103638,-1.403809,-2.746582,2.929688
52226,-0.010376,-0.123291,1.026855,-2.258301,-2.746582,2.319336
52237,-0.042480,-0.036255,0.986206,-3.295898,-2.502441,1.708984
52248,0.032593,0.019409,0.949463,-3.784180,-2.624512,0.610352
52258,0.027344,-0.043823,0.872803,-3.051758,-2.868652,0.244141
52268,0.016602,0.098999,0.963989,-2.136230,-3.295898,0.000000
52277,0.046509,0.066528,1.036133,-1.220703,-3.417969,-0.122070
52287,0.051758,-0.077515,1.047241,-0.122070,-3.417969,-0.366211
52296,0.038086,-0.160034,0.974854,0.061035,-3.356934,-0.610352
52307,0.058716,-0.143433,0.938843,-0.061035,-2.807617,-0.610352
52316,0.009033,-0.134521,0.874512,-0.183105,-2.868652,-0.976562
52329,-0.034546,-0.232422,0.762695,-0.244141,-3.051758,-1.708984
52338,-0.011597,-0.182007,0.740601,-0.854492,-2.929688,-2.014160
52348,-0.064209,-0.171021,0.854370,-1.464844,-2.685547,-1.647949
52358,-0.049316,-0.139404,0.892212,-1.953125,-2.136230,-1.098633
52367,-0.048218,-0.143188,0.924805,-1.831055,-1.525879,0.061035
52377,-0.022461,-0.120728,0.928467,-1.525879,-0.488281,1.586914
52386,-0.013550,-0.085571,0.998657,-1.403809,0.000000,2.990723
52398,0.026001,-0.104126,1.117798,-1.525879,-0.305176,5.249023
52407,-0.004150,-0.108398,1.026978,-1.647949,-0.305176,6.103516
52417,0.021606,-0.050415,1.021851,-2.014160,-0.244141,6.835937
52426,0.008667,-0.030273,0.996460,-2.197266,-0.244141,7.263184
52437,-0.029785,0.019775,0.910767,-2.380371,-0.610352,7.629395
52446,0.053467,0.012451,0.965088,-2.929688,-0.915527,7.568359
52457,0.008057,0.005615,0.977783,-2.990723,-1.525879,7.568359
52468,0.006226,-0.111816,1.028198,-2.624512,-1.770020,7.446289
52477,0.006714,-0.030884,1.136353,-2.685547,-1.647949,7.080078
52487,0.020020,0.020752,1.190186,-2.746582,-1.892090,6.591797
52497,0.021484,0.051025,1.166260,-2.624512,-1.953125,5.859375
52507,0.003784,-0.022217,1.089966,-2.441406,-1.770020,5.432129
52517,-0.006226,-0.019531,1.064087,-1.892090,-1.953125,4.333496
52527,-0.020508,-0.025146,1.109741,-1.586914,-2.441406,3.112793
52536,-0.009033,-0.006226,1.100830,-1.342773,-2.685547,1.220703
52548,0.007813,-0.110107,0.887085,-1.281738,-2.441406,0.793457
52557,0.015869,-0.094604,0.951050,-0.976562,-2.502441,0.183105
52567,0.004272,-0.043091,0.953369,-1.159668,-2.563477,-0.427246
52577,-0.001587,-0.072388,0.969360,-1.281738,-2.746582,-0.976562
52587,0.009644,-0.041626,0.972656,-1.708984,-2.319336,-1.037598
52596,-0.005615,0.067261,0.977539,-2.014160,-2.136230,-1.098633
52609,-0.048462,-0.128418,0.970093,0.732422,-1.770020,-0.305176
52618,-0.031128,-0.157349,0.978638,1.403809,-1.647949,0.000000
52627,0.029419,-0.088745,0.980347,1.281738,-1.037598,0.854492
52637,-0.047241,-0.067261,0.887939,0.976562,-0.671387,2.136230
52647,0.027222,-0.113647,0.847778,1.159668,-0.305176,3.234863
52657,-0.007813,-0.122925,0.841919,1.098633,-0.244141,4.089355
52667,0.002197,-0.072021,0.939575,0.732422,-0.244141,4.760742
52679,-0.036133,-0.072754,0.837769,-0.183105,-0.427246,5.554199
52688,-0.041626,-0.100464,0.810669,0.000000,-0.305176,5.737305
52697,-0.003784,-0.187622,0.820312,0.000000,-0.244141,6.042480
52707,-0.015747,-0.149048,0.849121,-0.732422,-0.488281,5.859375
52717,0.014648,-0.014404,0.901123,-2.624512,-0.549316,5.737305
52726,0.037720,0.015015,0.921875,-3.845215,-0.671387,5.615234
52737,-0.035522,0.048340,1.002563,-4.150391,-0.488281,5.432129
52748,-0.048218,-0.089111,1.044922,-4.455566,-0.671387,4.272461
52758,0.012817,0.070435,1.104370,-5.798340,-1.037598,3.601074
52767,-0.006470,0.042480,0.994385,-6.652832,-1.159668,3.295898
52777,0.066162,0.052734,0.985352,-6.225586,-1.037598,3.356934
52787,0.061401,-0.033325,0.970337,-5.187988,-0.976562,3.295898
52797,0.072021,-0.028442,1.076172,-4.821777,-1.586914,2.624512
52806,0.063354,-0.000610,1.105347,-5.249023,-2.319336,1.708984
52819,0.083130,-0.059448,0.973877,-5.249023,-2.685547,1.037598
52828,0.064087,-0.006592,1.031982,-4.211426,-2.624512,0.732422
52837,0.032715,-0.025024,1.102905,-3.234863,-2.868652,-0.061035
52847,-0.011475,-0.044556,1.116943,-3.234863,-3.417969,-1.342773
52857,0.013916,-0.016235,1.061279,-3.417969,-3.417969,-2.197266
52867,0.003540,-0.086426,0.985107,-3.356934,-3.234863,-2.929688
52878,0.001343,-0.029541,1.004639,-2.014160,-3.173828,-4.516602
52888,-0.042114,-0.044800,1.031128,-1.586914,-3.234863,-5.676270
52897,0.026978,0.006226,0.995483,-1.770020,-2.929688,-6.042480
52907,0.035522,0.086670,0.978882,-1.525879,-2.685547,-6.225586
52917,0.051636,-0.015259,0.918457,-0.732422,-2.502441,-6.164551
52926,0.048828,-0.081299,1.035400,0.000000,-2.380371,-5.981445
52937,0.043579,-0.001343,1.113159,0.244141,-2.685547,-6.164551
52946,0.049072,0.053589,1.070190,-0.427246,-2.380371,-5.920410
52959,0.010376,0.089600,1.046631,1.586914,-1.098633,-4.211426
52968,0.024292,0.021851,1.100708,3.967285,-0.610352,-3.112793
52977,0.017944,-0.181030,1.067017,5.981445,-0.793457,-2.441406
52987,0.003784,-0.205811,0.950195,6.958008,-0.732422,-1.708984
52997,0.022949,-0.150024,0.836548,7.141113,-0.366211,-0.976562
53007,0.017700,-0.108765,0.843872,6.958008,-0.305176,-0.549316
53018,0.024902,-0.096436,0.885010,5.981445,-0.244141,-0.061035
53028,-0.036011,-0.022095,1.033691,5.126953,0.122070,0.305176
53038,-0.071411,-0.019165,1.013672,4.882812,0.549316,1.037598
53047,-0.059448,-0.094116,0.984253,5.737305,1.281738,2.014160
53057,-0.080933,-0.131958,1.074707,6.774902,1.525879,2.563477
53067,-0.028442,-0.130005,1.067261,7.019043,1.708984,2.624512
53077,-0.035645,-0.115723,0.929565,6.164551,2.014160,3.234863
53088,0.017212,-0.115723,0.739624,4.333496,2.014160,4.272461
53097,0.053589,-0.183838,0.779785,3.356934,1.708984,4.699707
53108,-0.002808,-0.081055,1.006226,1.953125,1.464844,4.394531
53117,-0.038330,0.140381,1.124146,-0.732422,1.342773,4.699707
53127,-0.030884,0.189331,1.074951,-2.197266,2.014160,5.249023
53137,-0.021484,0.071777,1.019043,-1.403809,2.624512,5.859375
53147,-0.045166,-0.126953,1.029541,0.183105,2.868652,6.530762
53158,-0.056152,-0.112183,1.143921,-0.244141,1.525879,5.371094
53168,-0.012939,0.054565,1.025635,-2.075195,1.647949,5.065918
53178,0.020386,0.140015,0.889160,-2.685547,1.953125,5.187988
53187,0.022461,0.013672,0.792480,-2.014160,2.075195,5.371094
53197,0.015747,-0.158569,0.856079,-1.770020,1.708984,5.126953
53207,0.008545,0.008057,1.126465,-3.540039,0.915527,4.089355
53217,0.015137,0.150879,1.146729,-6.347656,1.098633,3.723145
53228,-0.004883,0.173706,1.018188,-6.408691,2.502441,4.760742
53238,-0.025513,-0.138062,0.977661,-4.699707,2.014160,4.943848
53248,-0.007202,-0.071533,1.128540,-4.333496,1.525879,4.760742
53258,-0.017578,0.021118,1.125610,-5.737305,0.854492,4.455566
53267,0.040283,0.098633,1.041626,-7.202148,1.037598,4.821777
53277,-0.007324,0.098511,0.882202,-6.713867,1.770020,5.493164
53287,0.000244,0.032104,0.845337,-4.882812,1.892090,6.225586
53297,0.022461,-0.050903,1.026978,-3.540039,1.770020,6.652832
53308,0.009155,0.033569,1.105713,-4.150391,1.342773,6.530762
53317,0.005371,0.016846,0.935181,-7.873535,1.342773,7.080078
53326,0.018311,0.051514,0.870972,-7.141113,1.892090,7.568359
53337,0.003540,0.049561,1.020508,-4.882812,1.586914,8.117676
53347,-0.019531,-0.144043,1.107788,-2.990723,1.098633,7.507324
53357,-0.083984,-0.064209,1.269531,-3.112793,0.549316,6.713867
53368,-0.030151,0.080811,1.189575,-2.624512,1.586914,7.080078
53378,-0.038574,-0.021973,0.952148,0.061035,2.014160,7.141113
53388,0.009888,-0.309937,0.903198,2.502441,1.342773,6.652832
53397,0.003540,-0.394287,0.894653,2.563477,-0.183105,4.882812
53407,0.009033,-0.153687,0.926636,-0.244141,-1.159668,3.479004
53417,0.017578,-0.004272,0.801392,-3.234863,-0.915527,3.295898
53427,0.052612,0.082031,0.717773,-4.272461,-0.244141,3.723145
53437,0.019653,-0.086670,0.735474,-3.112793,0.305176,4.333496
53448,-0.020264,-0.084717,1.134888,-2.563477,-0.427246,3.723145
53458,-0.013428,0.160522,1.146240,-4.211426,-0.122070,3.906250
53468,-0.003662,0.215942,1.075317,-4.760742,0.610352,4.516602
53477,-0.008789,0.106567,0.969360,-3.173828,1.159668,4.943848
53487,0.004395,0.044312,1.046387,-0.366211,0.854492,4.943848
53496,0.010986,-0.155884,1.115601,1.281738,0.000000,4.455566
53508,0.004883,-0.133545,1.190552,-1.159668,-0.732422,3.967285
53517,0.027954,0.068604,0.990845,-1.892090,0.122070,4.943848
53528,0.071045,0.052856,0.912720,-0.488281,0.244141,5.737305
53537,0.074585,-0.070801,0.981201,1.281738,-0.366211,5.615234
53547,0.060547,-0.145020,1.093140,1.831055,-1.403809,5.126953
53556,0.021606,-0.133545,1.060669,0.549316,-2.197266,4.577637
53567,0.053345,0.145142,1.020386,-0.915527,-2.075195,4.333496
53577,0.048950,0.120972,0.988403,-1.159668,-1.342773,4.455566
53588,-0.047974,-0.084473,1.015991,0.061035,-1.220703,3.784180
53597,-0.042480,-0.016479,1.166870,1.403809,-1.892090,2.746582
53607,-0.052734,0.116455,1.183716,-0.061035,-1.953125,1.831055
53617,-0.032715,0.017334,1.059082,-1.342773,-1.098633,1.586914
53627,-0.005371,0.033691,0.922363,-0.671387,-0.366211,0.976562
53637,0.012085,0.118042,0.990845,0.854492,-0.427246,0.549316
53648,-0.005493,-0.154785,0.979126,1.037598,-2.075195,-1.770020
53658,0.061646,0.053223,0.981079,-1.770020,-2.319336,-2.380371
53667,0.096436,0.108154,0.805908,-4.028320,-1.831055,-2.502441
53677,0.097046,0.152832,0.744873,-4.028320,-1.525879,-2.136230
53687,0.058105,0.091064,0.837280,-2.441406,-1.892090,-1.770020
53697,0.015259,-0.015991,0.906982,-1.220703,-2.502441,-2.075195
53707,0.030640,-0.028320,1.038940,-1.892090,-2.380371,-2.563477
53717,-0.011475,0.118896,1.075684,-4.211426,-1.708984,-1.098633
53729,0.026001,0.171875,0.905396,-3.479004,0.061035,-0.549316
53738,0.015991,0.002686,0.885132,0.427246,-0.305176,-0.122070
53747,-0.051636,-0.163818,1.012451,2.746582,-0.976562,-0.427246
53757,0.015259,-0.139648,1.146729,2.014160,-1.525879,-1.037598
53767,-0.010376,-0.112915,1.084473,-1.098633,-0.915527,-0.244141
53777,0.021362,0.110229,0.922974,-3.845215,0.305176,0.976562
53789,0.012695,0.159180,0.854126,0.244141,0.976562,3.234863
53798,-0.000488,-0.023193,1.004639,2.929688,0.427246,3.479004
53807,0.040649,-0.191772,1.255371,2.197266,-0.244141,3.295898
53818,-0.004028,-0.116455,1.217163,-1.098633,-0.366211,3.234863
53827,-0.014282,0.257324,1.119019,-3.845215,0.610352,3.967285
53837,0.012817,-0.013184,0.767944,-2.868652,1.708984,4.882812
53847,0.015259,0.078125,0.835205,-0.366211,1.953125,5.249023
53858,0.029419,-0.000610,1.122803,-0.549316,-0.610352,3.540039
53868,-0.013550,0.017090,0.963989,-3.906250,-0.549316,2.746582
53877,-0.010498,-0.193481,0.358521,-5.676270,0.183105,2.868652
53887,0.130737,0.277832,0.896362,-7.202148,0.976562,3.540039
53897,-0.001831,0.201538,0.887207,-8.666992,0.305176,3.356934
53907,-0.087280,0.102783,0.627197,-10.803223,-0.915527,2.441406
53917,-0.078735,0.327271,0.784790,-12.634277,-0.793457,2.319336
53927,-0.016968,0.394531,1.313599,-11.535645,0.305176,2.807617
53940,-0.099854,-0.097412,1.097656,-8.056641,2.441406,4.516602
53950,0.021484,0.300537,1.246948,-11.169434,3.295898,5.493164
53959,0.050171,0.317139,1.128784,-10.742188,4.150391,6.896973
53968,0.001831,0.056763,0.866089,-7.385254,3.479004,7.690430
53978,0.064941,-0.122925,0.742432,-5.065918,2.014160,7.263184
53987,0.122192,0.122314,1.275513,-5.371094,0.793457,6.652832
53997,0.040894,0.071533,1.292603,-5.798340,-0.122070,6.286621
54008,0.042725,0.072510,0.969238,-5.126953,0.061035,8.422852
54017,0.090942,0.093872,1.010864,-4.699707,2.014160,9.643555
54027,0.035034,0.036621,0.965698,-2.746582,1.220703,10.253906
54037,-0.018677,-0.109375,1.015259,-1.281738,0.427246,10.009766
54047,-0.056519,-0.096924,1.261963,-0.793457,-0.061035,9.399414
54057,-0.087280,-0.102783,1.206543,-1.037598,0.183105,8.972168
54068,-0.103882,-0.063599,1.031860,-1.770020,1.586914,9.399414
54078,-0.090698,-0.092407,0.891235,-0.366211,1.831055,9.582520
54088,-0.031616,-0.047729,1.030029,0.976562,1.403809,9.338379
54097,-0.046387,-0.215454,1.052246,1.281738,0.915527,8.911133
54107,-0.021362,-0.010132,1.158203,0.183105,0.549316,8.056641
54117,-0.028076,-0.123047,0.977051,-1.159668,0.854492,7.812500
54127,0.021851,0.072144,0.934326,-1.647949,1.403809,7.629395
54138,0.047485,0.128418,0.918213,0.183105,0.915527,7.385254
54147,0.038818,-0.031250,1.049683,0.671387,-0.061035,6.530762
54157,0.030762,-0.073364,1.010376,-0.183105,-0.549316,5.737305
54167,0.025635,0.118042,1.162231,-2.136230,-0.610352,5.249023
54177,0.002441,0.098633,1.062622,-3.601074,-0.183105,5.432129
54187,0.024292,0.191040,1.005737,-3.906250,0.732422,5.737305
54197,0.004150,0.232056,0.976074,-2.807617,0.610352,6.103516
54208,0.009155,0.025757,0.907227,-0.793457,-0.671387,5.554199
54218,0.016846,-0.002686,1.020264,-1.953125,-0.732422,5.432129
54228,0.030151,-0.023682,0.962036,-3.417969,-0.488281,5.493164
54238,0.038330,0.119629,1.005737,-4.943848,-0.305176,5.737305
54247,0.049927,0.165527,0.999634,-4.882812,0.183105,5.920410
54257,0.012817,0.112915,0.878906,-3.601074,-0.183105,5.798340
54267,0.034424,0.229736,0.980591,-2.014160,-0.976562,5.432129
54280,0.033447,-0.219727,1.013916,1.159668,-1.464844,4.760742
54289,0.042847,0.065063,1.146973,0.427246,-1.586914,4.577637
54299,-0.002563,0.213501,1.017944,0.427246,-1.342773,4.333496
54308,0.029297,-0.224487,0.896118,1.403809,-0.793457,4.455566
54318,-0.006470,0.022339,0.977417,0.610352,-0.915527,4.089355
54327,-0.014404,0.119751,0.996704,-0.305176,-1.281738,3.967285
54337,-0.005737,-0.063965,0.813599,0.427246,-1.647949,3.845215
54348,0.018433,-0.063599,0.899414,0.671387,-1.525879,4.333496
54358,0.015625,-0.142456,0.989258,0.610352,-1.403809,4.638672
54367,0.032959,-0.094727,1.027954,-0.366211,-1.464844,4.943848
54377,0.034668,0.049438,1.050659,-1.586914,-1.037598,5.493164
54387,0.060059,0.086792,0.974487,-1.708984,-0.793457,6.103516
54397,0.069702,-0.003662,0.946533,-1.037598,-0.976562,6.408691
54407,0.032349,0.077515,1.018921,-0.122070,-1.525879,6.225586
54418,0.015991,0.050903,1.045410,-0.244141,-2.746582,5.432129
54428,-0.006592,-0.000366,1.106201,-1.464844,-2.075195,5.249023
54438,-0.002075,0.103638,1.109131,-2.319336,-1.464844,5.187988
54448,-0.012817,0.174194,1.069580,-2.868652,-1.586914,4.760742
54457,-0.029297,0.155151,0.969849,-2.441406,-1.770020,4.089355
54467,0.014404,0.044312,0.975830,-1.281738,-2.136230,3.112793
54478,0.028076,0.026123,1.066650,-0.122070,-2.929688,1.708984
54487,-0.007080,0.013550,1.048096,-0.488281,-3.234863,-14.953613
54498,0.036743,-0.053711,0.961670,-2.075195,-2.746582,-0.854492
54508,0.068115,0.022095,1.022339,-2.441406,-2.258301,-1.220703
54518,0.031250,0.065063,1.009766,-2.624512,-2.441406,-1.647949
54527,0.022095,0.090820,0.942871,-2.136230,-2.746582,-2.014160
54537,0.016602,0.102539,0.953125,-1.831055,-2.807617,-2.380371
54547,0.030640,0.089722,0.936646,-1.220703,-2.929688,-2.685547
54558,0.057983,0.064941,1.058960,-0.549316,-3.051758,-3.112793
54568,0.025146,-0.026733,1.012085,-0.915527,-2.685547,-3.234863
54577,0.008057,-0.004272,1.021729,-1.037598,-2.319336,-3.417969
54587,0.033813,0.021973,1.015747,-1.403809,-2.014160,-3.417969
54598,0.038452,0.121094,1.077393,-1.586914,-2.258301,-3.479004
54607,0.071899,0.147217,1.036621,-1.159668,-2.685547,-3.479004
54617,0.032227,0.038696,0.922729,0.305176,-3.051758,-3.662109
54627,0.042114,-0.035400,0.967651,1.403809,-3.356934,-4.028320
54638,0.011475,-0.102051,0.931763,0.732422,-2.746582,-4.150391
54648,0.052856,-0.102295,1.008789,0.061035,-2.075195,-4.150391
54658,0.040771,0.034302,1.057983,-0.366211,-2.258301,-4.455566
54667,0.020874,0.101929,1.043579,-0.366211,-2.319336,-4.760742
54677,0.005615,-0.020630,0.989258,0.061035,-2.746582,-5.493164
54687,-0.003418,0.011108,0.990723,0.244141,-2.807617,-6.103516
54697,0.011230,0.046997,0.966187,0.366211,-2.624512,-6.469727
54708,0.041382,-0.021484,0.930908,-0.183105,-2.197266,-6.164551
54718,0.040161,0.024658,1.017944,-0.671387,-1.892090,-5.920410
54727,0.056030,0.070435,1.078491,-1.159668,-1.708984,-5.615234
54737,0.026367,0.052368,1.084473,-1.403809,-1.403809,-5.310059
54747,0.008911,0.110962,1.051270,-1.831055,-1.525879,-5.187988
54757,-0.003296,0.170532,1.044678,-2.014160,-1.647949,-4.943848
54770,-0.000244,0.055420,1.015869,-0.793457,-1.403809,-3.295898
54779,0.003540,0.016357,1.002075,0.000000,-0.793457,-2.746582
54789,-0.017212,0.066284,1.006714,-0.610352,-0.671387,-1.953125
54798,0.011597,0.020386,0.937500,-1.037598,-0.183105,-1.037598
54808,0.000732,-0.006104,0.956665,-1.403809,0.000000,0.000000
54817,-0.017090,0.047607,0.993530,-1.403809,0.061035,0.427246
54828,-0.052979,0.044189,0.971680,-1.708984,-0.061035,1.037598
54837,-0.034912,0.021729,0.966553,-1.464844,0.610352,2.746582
54849,-0.042480,0.079590,0.907471,-0.915527,1.342773,4.211426
54858,-0.053589,0.028320,0.864502,-0.427246,1.831055,5.676270
54868,-0.022217,-0.036621,0.898804,0.183105,2.136230,7.080078
54877,-0.062500,-0.053223,0.911621,-0.366211,2.441406,8.300781
54887,-0.046387,-0.049561,0.958984,-1.037598,2.624512,9.338379
54897,-0.039185,-0.075317,0.960449,-1.647949,2.746582,9.887695
54910,-0.046631,0.002319,1.018677,-1.953125,2.807617,10.498047
54919,-0.051880,-0.009277,1.018799,-1.525879,2.563477,10.314941
54928,-0.041504,-0.005127,0.999634,-1.342773,2.624512,10.009766
54938,-0.030396,0.019287,0.998901,-1.281738,2.563477,9.826660
54948,-0.016602,-0.043213,0.939331,-0.732422,2.502441,9.582520
54957,-0.000366,-0.068359,0.958984,-0.183105,2.197266,9.216309
54968,-0.009766,-0.037720,0.982666,-0.488281,2.380371,8.422852
54977,-0.004883,-0.060669,0.979004,-0.549316,2.136230,6.774902
54987,0.007935,-0.068970,0.999268,-0.793457,1.953125,6.225586
54997,0.025391,-0.022217,1.015869,-1.037598,1.586914,5.554199
55008,0.029541,-0.056396,0.994629,-0.976562,1.403809,5.004883
55018,0.022095,0.008057,0.954224,-1.098633,0.976562,4.394531
55027,0.062378,0.062622,0.967041,-1.098633,0.732422,3.784180
55037,0.066040,0.054810,0.974854,-1.159668,0.610352,3.723145
55050,0.044067,0.027832,0.945923,-1.464844,0.183105,3.356934
55059,0.037476,0.052490,0.986816,-2.380371,0.061035,3.662109
55068,0.015503,0.059937,0.972900,-2.746582,0.488281,4.028320
55078,0.013672,0.033325,1.004395,-2.685547,0.732422,4.455566
55087,-0.015381,0.083374,1.014038,-2.502441,0.549316,4.638672
55098,0.006104,0.024658,1.036621,-2.563477,0.244141,4.577637
55107,-0.011963,0.063110,1.016724,-2.685547,0.122070,4.577637
55119,0.018066,0.165283,0.968994,-3.051758,0.122070,4.760742
55128,0.026855,0.043091,0.925171,-2.746582,0.366211,5.737305
55138,0.029663,-0.028198,0.946167,-2.136230,0.427246,6.042480
55147,0.026855,-0.023071,0.994385,-2.441406,-0.061035,5.981445
55158,0.037476,0.011841,1.035278,-3.234863,-0.366211,5.676270
55167,0.003296,0.073486,1.020142,-3.906250,-0.305176,5.554199
55178,0.026123,0.060425,1.035278,-3.540039,-0.183105,5.554199
55187,0.001709,0.014648,1.066284,-2.624512,-0.122070,5.310059
55197,-0.012451,-0.052002,1.003784,-2.868652,-0.366211,4.943848
55208,-0.015015,0.049805,1.040527,-3.051758,-0.366211,4.821777
55218,0.000000,0.004395,0.976685,-2.746582,-0.183105,4.638672
55228,-0.014282,0.071899,0.986084,-2.380371,0.183105,4.211426
55238,0.025269,-0.015381,0.978394,-1.953125,0.000000,3.784180
55249,0.010498,-0.065552,0.947510,-1.892090,-0.793457,2.502441
55259,0.012329,0.016113,1.049927,-2.441406,-0.793457,1.953125
55268,-0.017090,0.086182,1.054565,-2.746582,-0.122070,2.136230
55278,0.012085,0.019775,1.013062,-2.258301,-0.183105,1.892090
55287,-0.007935,0.034668,0.996338,-1.770020,-0.183105,2.075195
55298,-0.006714,-0.016602,0.999878,-1.464844,-0.488281,2.014160
55307,0.020142,0.025879,1.001831,-1.892090,-0.549316,1.953125
55318,0.009277,0.041748,1.046875,-1.953125,-0.122070,2.563477
55327,0.016357,0.043823,1.025024,-2.014160,0.244141,3.479004
55339,0.013428,0.066406,0.981689,-1.770020,0.366211,3.906250
55348,0.047729,0.026489,1.003418,-1.037598,0.122070,4.028320
55358,0.025635,0.025757,1.018921,-0.854492,-0.244141,3.906250
55367,0.018311,-0.027222,1.017700,-1.159668,-0.427246,3.723145
55378,0.015869,0.018921,1.000977,-1.647949,-0.305176,3.784180
55388,-0.001831,0.093750,0.992554,-1.831055,0.061035,4.211426
55397,0.015381,0.012939,0.966675,-1.342773,0.183105,4.455566
55409,-0.017334,-0.058472,1.029175,-0.854492,-0.061035,4.272461
55419,-0.008423,0.057617,1.060425,-1.831055,-0.061035,4.028320
55428,-0.004517,0.092041,1.012817,-2.563477,0.305176,4.272461
55438,0.020264,0.018311,0.921509,-2.136230,0.549316,4.394531
55448,0.016968,0.048340,0.978271,-1.342773,0.610352,4.821777
55458,0.014160,0.044556,0.994507,-0.854492,0.427246,4.821777
55470,0.015259,0.015503,0.992187,-1.464844,0.122070,4.943848
55479,0.012207,0.079102,0.989746,-2.014160,0.427246,4.943848
55489,0.019165,0.024902,0.967163,-1.708984,0.549316,5.004883
55498,-0.016846,0.014893,0.990601,-1.464844,0.366211,5.187988
55507,-0.002441,0.059326,1.054688,-1.525879,0.122070,4.882812
55518,0.007202,-0.011719,1.039307,-1.464844,0.183105,4.882812
55529,-0.008423,0.029785,0.993286,-1.708984,0.671387,5.065918
55538,0.022217,0.030029,1.035156,-1.159668,0.793457,4.943848
55548,0.023193,0.039551,0.990479,-1.770020,0.549316,5.126953
55558,0.040649,0.012817,1.003540,-2.014160,0.183105,4.821777
55568,0.044678,0.041748,0.979980,-2.136230,-0.244141,4.394531
55578,0.019043,0.077637,0.985840,-2.380371,-0.427246,4.089355
55587,0.028564,0.034180,0.995483,-1.892090,-0.244141,3.723145
55598,0.009888,0.025513,0.979980,-2.014160,-0.183105,3.601074
55609,0.022583,0.029907,1.041382,-2.075195,-0.305176,3.173828
55618,0.037964,-0.038208,0.981567,-1.892090,-0.183105,3.173828
55628,0.012817,0.065796,1.061768,-2.014160,-0.183105,3.112793
55638,0.026123,0.054443,0.999023,-2.136230,-0.427246,2.807617
55648,-0.001831,-0.024170,0.957153,-1.831055,-0.366211,2.807617
55658,-0.010986,0.031738,1.025391,-1.525879,-0.305176,2.624512
55668,0.004517,-0.026245,0.973877,-1.464844,-0.366211,2.441406
55680,0.038330,-0.008179,1.016479,-1.770020,-0.244141,2.502441
55689,0.034424,0.039063,0.975220,-2.502441,-0.488281,2.258301
55698,0.035278,0.062134,0.998291,-2.197266,-0.488281,2.319336
55708,0.023804,0.011230,0.948853,-1.770020,-0.671387,2.075195
55718,0.007202,0.093384,1.050903,-1.708984,-0.793457,1.831055
55728,0.003296,-0.012451,0.994019,-1.464844,-0.732422,1.770020
55739,0.004272,-0.004028,1.015625,-2.014160,-0.610352,1.953125
55749,0.030029,0.029785,0.942505,-1.708984,-0.244141,2.258301
55758,0.025757,-0.003052,0.978027,-0.915527,-0.183105,2.258301
55768,0.020142,-0.014038,0.988159,-1.098633,-0.427246,2.319336
55777,0.004028,0.039307,1.046509,-1.342773,-0.488281,2.197266
55788,0.015625,-0.036011,0.953125,-1.220703,-0.488281,2.319336
55798,0.029297,0.026245,1.020142,-1.525879,-0.244141,2.624512
55808,0.038452,-0.016113,0.966309,-1.159668,-0.366211,2.624512
55819,0.013550,-0.014160,0.973511,-0.610352,-0.610352,2.441406
55829,0.008789,-0.063965,1.024902,-0.488281,-0.488281,2.441406
55838,0.010010,-0.005859,1.038086,-0.976562,-0.366211,2.563477
55848,-0.004639,0.054932,0.991455,-1.770020,-0.061035,2.685547
55858,0.018188,0.027832,0.968750,-1.647949,-0.183105,2.990723
55868,0.015991,0.005371,0.992065,-1.342773,-0.061035,3.112793
55878,-0.001343,0.053833,1.020996,-1.342773,-0.427246,2.868652
55888,-0.007446,0.036255,1.005371,-1.220703,-0.122070,2.563477
55899,0.001099,0.014038,1.010254,-1.464844,0.366211,2.380371
55908,0.014038,0.057983,0.999634,-1.342773,0.061035,2.197266
55918,0.032471,0.001465,0.987915,-1.098633,-0.244141,2.014160
55928,0.040649,-0.063965,0.987549,-0.549316,-0.366211,1.586914
55938,0.044312,0.010254,1.056030,-1.037598,-0.732422,1.098633
55948,0.032715,0.002441,0.991821,-1.281738,-0.915527,0.732422
55959,0.029419,-0.021729,0.940308,-1.281738,-0.427246,1.159668
55969,0.030151,0.032715,1.013672,-1.342773,-0.366211,1.281738
55978,0.032959,-0.031006,0.970459,-0.976562,-0.671387,1.281738
55988,0.026733,0.020142,1.025146,-1.159668,-0.915527,1.098633
55998,0.022217,-0.035767,0.976196,-1.464844,-1.098633,0.976562
56009,0.020142,0.014648,1.033936,-1.708984,-0.671387,0.915527
56018,0.006226,0.011230,1.001099,-1.770020,-0.671387,0.793457
56029,0.006592,0.039917,0.997437,-2.014160,-0.976562,0.366211
56039,0.019043,-0.020020,0.977173,-1.525879,-0.915527,0.305176
56049,0.025513,0.017334,1.046631,-1.403809,-0.915527,0.244141
56058,0.034546,-0.009033,0.988525,-1.525879,-1.098633,-0.061035
56068,0.001465,0.057739,1.034668,-2.075195,-0.915527,-0.305176
56078,0.031860,-0.028076,0.944336,-2.075195,-0.732422,-0.427246
56088,0.013306,0.012817,1.033081,-2.014160,-0.488281,-0.427246
56099,0.011597,0.001099,0.977539,-1.708984,-1.281738,-1.037598
56109,0.014893,0.010498,1.016968,-1.708984,-1.403809,-1.098633
56118,0.035034,-0.061890,0.955566,-1.220703,-1.464844,-1.342773
56128,0.014282,0.022949,1.073975,-1.892090,-1.220703,-1.281738
56138,0.033447,0.001831,0.995850,-2.014160,-1.342773,-1.281738
56148,0.009521,0.012329,0.977173,-1.647949,-1.220703,-1.220703
56158,0.033813,0.041992,1.045532,-1.708984,-0.854492,-1.098633
56169,-0.013672,0.044556,1.051758,-1.647949,-0.976562,-0.854492
56179,0.007690,0.026489,0.991577,-1.647949,-1.098633,-0.915527
56188,-0.009644,-0.007324,0.970703,-1.464844,-0.976562,-0.793457
56198,-0.013794,0.053467,1.049927,-1.647949,-0.549316,-0.549316
56208,-0.015503,-0.009766,0.951050,-1.525879,-0.427246,-0.366211
56218,-0.019165,0.019165,0.993652,-1.831055,-0.122070,-0.244141
56228,0.022217,0.054199,1.024292,-1.831055,-0.305176,-0.061035
56238,0.014404,-0.036621,0.954224,-2.014160,-0.366211,0.183105
56248,-0.005737,0.038086,1.027954,-2.014160,0.061035,0.366211
56258,-0.001953,-0.042358,0.942749,-1.647949,0.000000,0.610352
56268,0.006348,0.060303,1.044434,-1.770020,0.000000,0.793457
56279,0.011719,0.018433,1.002563,-1.708984,-0.183105,0.732422
56288,-0.015991,-0.037720,0.947021,-1.586914,-0.183105,1.037598
56301,0.024292,0.035400,0.994507,-1.892090,0.427246,1.220703
56310,-0.005615,-0.033691,0.925659,-1.525879,0.244141,1.342773
56320,0.021606,0.077515,1.056519,-1.770020,0.366211,1.403809
56329,0.013184,0.014526,1.025757,-1.831055,0.244141,1.281738
56339,-0.010864,-0.027832,0.940063,-1.586914,0.305176,1.220703
56348,0.028076,0.089966,1.041138,-2.075195,0.427246,1.220703
56359,0.027222,0.038330,1.004150,-1.770020,0.427246,1.098633
56368,-0.006226,-0.088013,0.942505,-1.098633,0.244141,0.854492
56380,0.002075,0.067017,1.081787,-2.075195,0.183105,0.854492
56389,-0.022705,-0.021851,0.940552,-2.075195,0.488281,0.793457
56399,-0.002808,0.005981,0.940674,-1.831055,0.854492,1.098633
56408,0.020386,0.118408,1.064697,-1.647949,0.793457,1.098633
56418,-0.024658,-0.012207,0.984497,-1.098633,0.488281,0.915527
56429,-0.022095,-0.047241,0.953369,-1.098633,0.244141,0.915527
56438,0.005981,0.092773,1.035889,-1.892090,0.732422,1.220703
56448,-0.007202,0.107788,1.027954,-1.525879,1.220703,1.403809
56459,-0.036865,0.006348,0.956909,-0.793457,1.342773,1.770020
56469,-0.003906,0.050537,1.056641,-0.976562,1.403809,1.525879
56478,-0.014282,0.024170,1.059570,-1.281738,0.976562,1.098633
56489,-0.002563,-0.033569,0.988037,-1.464844,1.098633,0.976562
56498,0.027344,0.009521,0.982422,-1.953125,1.342773,1.098633
56511,0.023315,0.057617,1.033691,-1.892090,1.159668,1.342773
56520,0.014893,-0.027832,0.993042,-1.159668,0.976562,1.525879
56530,0.030518,-0.001343,1.013794,-1.220703,1.647949,1.770020
56539,0.060425,0.018677,1.010986,-1.586914,1.342773,1.525879
56549,0.046265,0.062012,1.035522,-1.892090,1.159668,1.159668
56558,0.042358,0.047729,0.990356,-1.831055,0.915527,0.976562
56568,0.056519,-0.001099,0.971069,-1.586914,1.037598,1.159668
56581,0.067017,0.010986,0.979614,-1.586914,0.427246,0.305176
56590,0.048950,0.067749,1.016357,-1.831055,0.305176,-0.122070
56599,0.066528,0.039551,1.005371,-1.647949,0.305176,-0.488281
56609,0.061523,-0.016968,0.989502,-1.220703,0.427246,-0.610352
56619,0.068359,-0.012695,0.991577,-1.098633,0.183105,-0.976562
56628,0.075562,-0.004028,0.993408,-1.281738,-0.610352,-1.403809
56639,0.052856,-0.003418,0.978516,-1.403809,-1.098633,-1.953125
56648,0.036133,0.060913,1.008667,-1.525879,-1.403809,-2.624512
56660,-0.010010,0.015381,0.998169,-0.915527,-1.098633,-2.502441
56670,-0.015259,0.014038,1.001221,-0.854492,-0.488281,-2.319336
56679,-0.012695,0.030396,1.003906,-1.159668,-0.122070,-2.197266
56689,-0.009888,0.005859,0.970459,-1.098633,-0.244141,-1.892090
56699,-0.007690,0.033081,0.980591,-1.403809,-0.427246,-1.892090
56708,-0.014526,0.062744,1.027588,-1.647949,-0.488281,-1.586914
56718,-0.035767,0.025757,1.018311,-1.525879,-0.183105,-0.793457
56730,-0.051758,0.032471,1.033203,-1.159668,0.976562,-0.488281
56739,-0.050781,0.046021,1.014404,-1.403809,1.464844,-0.305176
56749,-0.054687,0.054199,1.010864,-1.708984,1.464844,-0.122070
56758,-0.040161,0.045166,0.981445,-1.586914,1.342773,-0.061035
56768,-0.016479,0.013550,0.973633,-1.708984,1.037598,-0.244141
56779,-0.018921,0.026611,1.005859,-1.708984,0.732422,-0.244141
56790,0.003906,-0.012207,1.005737,-1.647949,1.159668,15.380859
56800,0.015869,-0.014160,1.008301,-1.708984,2.319336,0.854492
56809,0.028320,-0.014160,0.983643,-1.525879,2.502441,1.281738
56819,0.029907,-0.033203,0.980835,-1.464844,2.502441,1.525879
56828,0.019531,-0.044922,0.976074,-1.464844,2.136230,1.770020
56839,0.023315,-0.013916,0.992676,-1.586914,1.953125,1.831055
56848,0.000122,-0.021240,0.981323,-1.525879,1.892090,2.075195
56861,0.000854,-0.029419,0.983154,-1.403809,2.441406,2.319336
56871,0.019287,-0.030273,0.995483,-1.342773,2.807617,2.319336
56880,0.032593,-0.027466,1.006348,-1.342773,2.502441,2.075195
56890,0.022339,-0.015625,1.014282,-1.281738,2.258301,1.770020
56899,0.015747,-0.024048,1.011597,-1.403809,2.258301,1.342773
56909,0.029297,-0.004883,1.003540,-1.159668,2.563477,1.159668
56919,0.037842,-0.001831,0.999268,-1.159668,2.685547,0.793457
56929,0.045898,-0.004517,0.994751,-1.281738,2.441406,0.427246
56938,0.060913,0.009399,1.002441,-1.220703,2.380371,-0.183105
56949,0.093140,0.056274,1.002319,-1.342773,1.708984,-0.732422
56958,0.085571,0.034424,1.029663,-1.464844,1.220703,-1.403809
56969,0.086914,0.018921,1.061523,-1.708984,0.915527,-1.953125
56978,0.096436,0.054199,1.041992,-2.014160,1.037598,-2.197266
56989,0.100830,0.054199,1.004883,-2.014160,1.159668,-2.197266
56998,0.115112,0.005859,1.028931,-1.708984,0.488281,-3.295898
57010,0.112183,0.015381,1.007324,-1.586914,-0.427246,-4.455566
57019,0.082397,0.010864,0.986938,-1.586914,-0.976562,-5.187988
57029,0.025513,-0.008911,0.968018,-1.403809,-1.098633,-5.737305
57038,-0.010742,-0.057739,0.967651,-1.098633,-1.525879,-6.408691
57049,0.024414,-0.124023,1.062744,-0.305176,-1.342773,-6.958008
57059,-0.155762,0.019775,0.901855,-0.305176,-1.037598,-7.141113
57069,-0.095947,-0.008911,0.889771,15.563965,0.244141,-7.629395
57080,-0.107666,-0.204956,1.009644,0.122070,0.488281,-7.690430
57090,0.036377,-0.043213,0.956299,-0.427246,1.281738,-7.263184
57099,-0.073364,0.156860,0.877197,-0.366211,1.281738,-6.042480
57109,-0.083618,-0.096436,0.961304,0.427246,0.305176,-5.432129
57119,-0.011841,0.011719,1.031738,-0.183105,0.488281,-4.699707
57129,-0.043579,0.124023,1.019775,-1.281738,2.319336,-2.685547
57141,-0.093140,-0.068726,1.021851,-1.281738,5.798340,1.892090
57150,-0.133057,-0.032959,1.084351,-0.183105,5.065918,2.624512
57160,-0.063843,-0.119141,1.037354,0.610352,4.333496,3.234863
57170,-0.083130,-0.154663,1.001587,0.610352,4.638672,4.455566
57179,0.002075,-0.101807,0.977173,0.000000,5.371094,5.737305
57189,0.032104,-0.190063,0.947754,0.000000,6.103516,6.530762
57199,0.091309,-0.187500,0.987549,-0.366211,6.042480,6.713867
57210,0.182007,-0.141724,1.018311,-0.915527,5.981445,7.690430
57220,0.132446,-0.124390,1.004517,-0.976562,5.981445,7.324219
57229,0.137451,-0.051758,0.995117,-1.403809,4.821777,6.408691
57240,0.092529,-0.105469,1.003784,-1.098633,4.089355,5.554199
57249,0.086670,-0.096802,1.014404,-0.976562,4.089355,4.699707
57259,0.062622,-0.076416,1.029053,-1.220703,3.845215,4.028320
57269,0.053955,-0.102539,1.014648,-1.037598,3.417969,2.624512
57281,0.112305,-0.030151,0.997803,-1.342773,2.258301,0.366211
57290,0.125122,-0.013550,0.989868,-1.159668,1.892090,-0.122070
57300,0.128540,-0.021851,0.995361,-1.220703,1.525879,-0.549316
57310,0.091919,-0.045044,0.998413,-1.281738,1.098633,-1.220703
57319,0.077026,-0.044067,0.996338,-1.525879,1.159668,-0.793457
57329,0.081787,-0.001343,1.016357,-2.136230,1.281738,-0.305176
57341,0.097412,-0.022461,1.025146,-2.197266,1.037598,0.671387
57350,0.081299,-0.057251,0.993896,-2.014160,0.549316,0.549316
57360,0.114136,-0.077881,1.021240,-1.770020,0.244141,0.671387
57370,0.149780,-0.109497,0.994629,-1.708984,-0.183105,1.037598
57379,0.143311,-0.085083,1.051758,-1.647949,-0.366211,0.732422
57389,0.075928,-0.076294,1.011597,-1.464844,-0.793457,0.976562
57400,0.059082,-0.117310,0.978516,-1.098633,-0.305176,1.342773
57410,0.065918,-0.087646,1.026123,-0.854492,0.488281,2.136230
57421,-0.018311,0.074341,1.337402,-0.122070,0.427246,2.075195
57430,-0.045410,0.134521,1.456055,1.342773,0.488281,1.953125
57440,-0.085571,0.017334,1.351563,3.784180,0.366211,1.831055
57449,-0.062744,-0.154907,1.255371,6.591797,0.427246,1.770020
57459,-0.066528,-0.345459,1.070190,8.300781,0.549316,2.380371
57469,-0.043579,-0.460205,0.865112,8.422852,1.342773,3.845215
57480,-0.040039,-0.423584,0.739380,5.920410,3.417969,8.239746
57490,-0.032715,-0.301636,0.725098,5.004883,3.784180,10.131836
57500,-0.039917,-0.310913,0.817627,4.272461,4.089355,11.657715
57510,-0.065674,-0.327271,0.910034,3.845215,4.394531,13.122559
57519,-0.014282,-0.254150,0.969971,3.051758,5.310059,13.916016
57530,0.095947,-0.239136,0.976196,2.624512,6.042480,14.953613
57539,0.159790,-0.213013,0.926270,1.953125,5.798340,14.282227
57551,0.083740,-0.210083,0.844971,1.220703,5.065918,14.526367
57560,0.122437,-0.194214,0.892212,0.854492,4.150391,13.061523
57570,0.057861,-0.191895,0.930664,0.366211,4.028320,14.099121
57580,0.172363,-0.241455,0.968140,-0.122070,4.821777,15.991211
57589,0.212891,-0.166870,0.986816,-0.427246,4.577637,13.793945
57599,0.146851,-0.178101,0.947388,-0.488281,2.868652,12.084961
57610,0.083130,-0.210205,0.911743,-0.427246,2.075195,10.620117
57619,0.117920,-0.282715,0.886841,-0.671387,1.647949,8.056641
57630,0.140137,-0.208252,0.990356,-0.915527,0.488281,-0.366211
57640,0.107544,-0.188599,0.994873,-1.525879,-0.549316,-3.417969
57650,0.138672,-0.175537,0.998169,-1.403809,-1.037598,-5.371094
57659,0.156006,-0.182617,0.968506,-1.098633,-1.220703,-6.591797
57669,0.083008,-0.171265,0.947876,-1.464844,-1.770020,-6.958008
57679,0.027100,-0.161011,0.944580,-1.403809,-1.770020,-5.859375
57692,0.043213,-0.113403,1.020874,-1.708984,-1.037598,-2.746582
57701,0.018433,-0.075195,1.053467,-1.342773,-0.976562,0.061035
57711,-0.000610,-0.094971,1.047852,-0.793457,-0.366211,3.662109
57721,-0.007690,-0.124756,1.017700,-0.671387,0.244141,6.225586
57730,-0.024414,-0.152710,0.967773,-0.671387,0.732422,8.361816
57740,-0.030762,-0.175537,0.930420,-0.854492,1.220703,10.498047
57750,-0.015747,-0.164917,0.927856,-1.220703,1.342773,11.413574
57759,0.031616,-0.148437,0.970703,-1.464844,1.586914,12.573242
57769,0.065674,-0.128784,1.012939,-0.976562,1.464844,13.610840
57780,0.084961,-0.151855,1.001831,-0.854492,1.647949,14.038086
57789,0.126343,-0.155762,0.969727,-1.342773,1.708984,15.380859
57800,0.126587,-0.148437,0.949951,-1.647949,2.075195,17.822266
57809,0.128052,-0.136719,0.938110,-1.403809,2.441406,19.531250
57820,0.138672,-0.143066,0.954468,-1.342773,2.685547,20.935059
57829,0.128540,-0.198242,0.982544,-1.342773,2.685547,22.094727
57841,0.057739,-0.228882,0.997192,-1.586914,1.770020,21.057129
57850,0.052368,-0.221069,1.005371,-1.831055,1.403809,19.897461
57859,0.069946,-0.193115,1.025757,-1.770020,1.037598,18.371582
57870,0.085205,-0.212646,1.004639,-1.342773,0.549316,16.479492
57879,0.086792,-0.230469,0.978394,-1.159668,0.061035,15.014648
57890,0.074463,-0.244873,0.958374,-1.159668,-0.183105,13.671875
57899,0.048340,-0.263062,0.929565,-1.403809,-0.122070,11.230469
57909,0.021973,-0.219971,0.934570,-2.075195,1.220703,10.986328
57920,0.030762,-0.177856,1.019043,-1.831055,1.953125,12.634277
57930,0.170410,-0.204468,1.059326,-1.342773,1.464844,12.390137
57940,0.082642,-0.230347,1.016113,-1.098633,-0.122070,11.169434
57949,0.012573,-0.250854,0.967529,-0.732422,-1.098633,10.070801
57960,0.061523,-0.236694,0.970093,-0.976562,-0.732422,8.361816
57969,0.123169,-0.243896,0.989868,-1.037598,-0.610352,4.272461
57981,0.127197,-0.234253,0.998901,-0.854492,-2.441406,1.770020
57990,0.133423,-0.228149,0.985474,-0.793457,-3.112793,0.061035
58000,0.138672,-0.195312,0.995483,-0.915527,-3.112793,-0.671387
58009,0.129395,-0.156372,1.011719,-0.854492,-3.112793,-0.976562
58019,0.113892,-0.154053,0.978638,-0.488281,-3.540039,-1.220703
58030,0.095581,-0.183105,0.928955,-0.305176,-3.784180,-1.403809
58040,0.071655,-0.208130,0.935059,-0.305176,-3.295898,-1.892090
58049,0.057495,-0.205322,0.986816,-0.488281,-3.540039,-2.807617
58060,0.083862,-0.227905,0.974731,-0.549316,-3.784180,-3.601074
58069,0.060791,-0.228760,0.950195,-0.976562,-4.150391,-4.150391
58080,0.045410,-0.197632,0.974854,-1.525879,-4.394531,-4.760742
58090,0.068359,-0.198608,0.974121,-1.220703,-4.150391,-5.004883
58099,0.089844,-0.271362,0.938721,-0.732422,-3.845215,-5.187988
58109,0.091309,-0.299927,0.957397,-0.854492,-4.272461,-5.615234
58121,0.105591,-0.250122,1.015381,-1.159668,-4.577637,-6.042480
58132,0.109131,-0.299072,0.974976,-1.037598,-4.760742,-6.103516
58141,0.096802,-0.297852,0.981201,-1.037598,-4.943848,-6.469727
58151,0.062378,-0.269287,1.004517,-1.220703,-5.004883,-7.141113
58161,0.065063,-0.254272,0.976685,-0.854492,-5.065918,-7.812500
58170,0.070557,-0.264893,0.971191,-0.793457,-4.699707,-7.934570
58180,0.062134,-0.256958,0.980835,-0.488281,-4.882812,-7.568359
58190,0.039307,-0.270020,0.936523,-0.854492,-4.455566,-7.202148
58199,0.014893,-0.269043,0.960693,-1.098633,-4.272461,-6.103516
58210,0.021729,-0.267212,0.929565,-1.159668,-3.967285,-5.310059
58219,0.032349,-0.269531,0.916138,-1.098633,-3.845215,-4.943848
58230,0.001343,-0.283447,0.951294,-1.281738,-3.356934,-4.089355
58240,-0.017090,-0.269409,0.999146,-1.403809,-2.990723,-3.601074
58249,0.002075,-0.294556,1.019165,-1.037598,-2.624512,-2.136230
58261,-0.010376,-0.283691,1.005249,-0.976562,-2.319336,-1.281738
58271,0.009644,-0.321899,0.924683,-0.610352,-2.014160,-0.366211
58281,-0.018066,-0.352661,0.928589,-0.427246,-1.220703,0.915527
58290,-0.031616,-0.368652,0.935303,-0.488281,-0.793457,1.831055
58300,-0.011719,-0.355957,0.933716,-0.854492,-0.610352,2.380371
58309,-0.047974,-0.305176,1.002075,-1.037598,-0.183105,3.295898
58322,-0.084473,-0.315552,0.982910,-0.488281,0.488281,4.760742
58332,-0.098022,-0.366943,0.936401,-0.427246,1.220703,5.554199
58341,-0.090332,-0.321899,0.993042,-0.549316,2.075195,6.408691
58351,-0.109497,-0.331299,0.956787,-0.671387,2.441406,7.019043
58360,-0.121948,-0.261475,1.000854,-0.427246,2.685547,7.263184
58370,-0.140869,-0.315063,0.961914,-0.305176,2.990723,7.995605
58380,-0.125244,-0.262085,1.034424,-0.305176,3.479004,8.666992
58392,-0.075806,-0.176636,1.027344,-0.610352,5.065918,11.169434
58402,-0.060425,-0.190796,0.958618,-0.366211,5.615234,12.512207
58411,-0.002075,-0.223145,0.941650,-0.732422,5.798340,14.221191
58421,0.042480,-0.177856,0.927979,-1.220703,6.225586,16.052246
58430,0.064087,-0.148926,0.958496,-1.708984,6.042480,17.578125
58440,0.069580,-0.192505,0.950806,-1.708984,5.737305,18.859863
58450,0.096069,-0.159424,1.002930,-2.258301,5.554199,20.202637
58460,0.145020,-0.139038,1.013428,-2.502441,5.187988,22.399902
58471,0.165161,-0.197144,1.000244,-2.502441,5.065918,23.132324
58481,0.172119,-0.192749,0.982178,-2.807617,4.882812,23.742676
58490,0.216309,-0.179932,0.979492,-2.807617,3.967285,24.230957
58499,0.107544,-0.262817,0.946045,-2.563477,3.051758,24.536133
58510,0.124634,-0.197876,0.984863,-2.868652,3.112793,24.658203
58520,0.133423,-0.185425,0.979980,-3.234863,2.990723,24.841309
58530,0.088867,-0.227661,0.991821,-2.807617,2.258301,24.658203
58541,0.033691,-0.285645,0.997437,-2.685547,1.953125,24.597168
58551,0.028564,-0.316406,1.003906,-2.624512,1.647949,24.353027
58560,0.016724,-0.343262,0.960815,-2.441406,1.159668,23.376465
58570,0.040161,-0.340332,0.976685,-2.319336,0.732422,22.521973
58579,0.037842,-0.350220,0.949585,-2.441406,0.305176,21.606445
58590,0.067627,-0.342407,0.938354,-2.502441,0.183105,20.690918
58599,0.077148,-0.315063,0.975586,-2.502441,-15.380859,19.104004
58611,0.120239,-0.375610,0.962891,-2.136230,-0.671387,18.249512
58620,0.120361,-0.345581,0.995483,-2.197266,-1.159668,17.150879
58630,0.128540,-0.355713,1.002075,-1.831055,-2.197266,15.869141
58641,0.114136,-0.354248,0.996582,-1.708984,-2.685547,14.831543
58650,0.133057,-0.339722,0.988892,-1.770020,-3.051758,13.488770
58660,0.125366,-0.331421,0.991455,-1.464844,-3.479004,12.145996
58670,0.105469,-0.327393,0.949341,-1.586914,-4.577637,9.033203
58681,0.123535,-0.302246,0.962891,-1.770020,-5.187988,7.324219
58691,0.113647,-0.281128,1.003296,-1.892090,-5.493164,5.249023
58700,0.114380,-0.261108,1.008789,-2.258301,-6.408691,2.624512
58710,0.090698,-0.230347,1.045166,-2.380371,-7.080078,0.183105
58720,0.088135,-0.245361,1.034180,-2.075195,-7.446289,-2.563477
58730,0.110352,-0.192993,1.038330,-1.953125,-7.751465,-4.943848
58740,0.140625,-0.198975,1.004639,-1.708984,-8.239746,-8.178711
58750,0.167847,-0.203979,1.024658,-1.770020,-8.972168,-9.643555
58760,0.198364,-0.184326,0.998657,-1.831055,-9.582520,-11.474609
58770,0.210083,-0.156860,0.970459,-1.953125,-10.192871,-12.756348
58780,0.186401,-0.142456,0.985229,-2.319336,-10.864258,-13.916016
58791,0.180542,-0.179321,1.012451,-2.563477,-11.352539,-15.258789
58800,0.189331,-0.155640,1.052490,-2.807617,-11.962891,-16.967773
58810,0.177490,-0.206299,1.024048,-2.624512,-12.817383,-20.935059
58822,0.146973,-0.197510,1.007813,-2.441406,-13.305664,-22.338867
58831,0.183716,-0.177246,1.006592,-1.953125,-13.427734,-23.193359
58841,0.187012,-0.200439,0.989014,-1.831055,-13.671875,-23.620605
58851,0.163086,-0.280273,0.956177,-1.892090,-13.916016,-23.864746
58860,0.137207,-0.224243,0.977173,-2.136230,-13.916016,-23.681641
58870,0.131226,-0.260986,0.959839,-2.014160,-13.732910,-23.681641
58882,0.122070,-0.224976,0.974854,-2.136230,-13.732910,-24.963379
58891,0.070435,-0.251465,0.974731,-2.197266,-14.587402,-26.428223
58901,0.029785,-0.172974,0.986328,-2.380371,-14.526367,-28.320312
58910,-0.005127,-0.215576,0.967529,-2.075195,-14.404297,-29.479980
58920,0.000000,-0.125366,0.994629,-2.075195,-13.977051,-30.517578
58930,0.001587,-0.136597,0.950684,-2.136230,-13.488770,-31.188965
58940,-0.003418,-0.130371,0.918335,-2.075195,-12.756348,-31.066895
58951,-0.008057,-0.159302,0.926392,-2.136230,-12.207031,-30.395508
58966,0.020996,-0.042725,0.990356,-2.502441,-10.192871,-30.151367
58975,0.022705,-0.055298,1.036011,-2.075195,-8.544922,-30.151367
58985,0.084229,-0.023804,1.029541,-1.953125,-9.399414,-31.005859
58995,0.115112,0.019775,1.020386,-1.586914,-9.460449,-32.226562
59004,0.076416,-0.017578,1.002563,-1.464844,-9.582520,-33.081055
59014,0.023804,-0.116699,1.025391,-0.915527,-9.887695,-34.179687
59024,0.041138,-0.087036,1.046875,-1.220703,-10.192871,-34.912109
59033,0.006958,-0.145630,1.030640,-1.159668,-10.070801,-34.606934
59043,0.023682,-0.162354,1.013550,-1.281738,-9.338379,-33.569336
59053,0.007935,-0.181030,0.996704,-1.159668,-8.911133,-32.165527
59062,-0.016479,-0.186279,1.012207,-0.976562,-8.056641,-30.517578
59072,-0.025146,-0.235962,0.997803,15.075684,-6.774902,-27.404785
59082,-0.034424,-0.255493,1.017456,0.488281,-5.981445,-27.038574
59091,-0.093750,-0.247559,0.990601,0.732422,-5.554199,-27.587891
59101,-0.061646,-0.187378,0.962036,0.610352,-5.249023,-28.381348
59111,-0.024780,-0.230957,0.926636,0.793457,-5.126953,-29.296875
59120,0.008545,-0.183838,0.888794,0.427246,-5.432129,-30.151367
59130,0.052124,-0.138184,0.940918,0.305176,-4.943848,-30.761719
59141,0.110962,-0.160278,0.961548,0.122070,-4.394531,-31.005859
59150,0.228760,-0.042236,0.961548,0.427246,-4.211426,-30.639648
59162,0.228394,-0.053467,1.021851,0.549316,-4.272461,-29.479980
59171,0.193237,-0.022583,1.029175,0.427246,-5.371094,-29.113770
59180,0.157349,0.044556,1.002197,0.183105,-6.164551,-28.930664
59190,0.059448,0.022461,0.980591,0.427246,-6.164551,-28.015137
59200,0.109009,0.026123,0.967285,0.427246,-5.310059,-26.367187
59211,0.036743,-0.066284,0.953003,0.488281,-4.760742,-24.658203
59220,-0.014771,-0.019043,0.921265,0.854492,-4.821777,-23.437500
59230,-0.040405,-0.006348,0.961060,0.854492,-3.662109,-20.935059
59242,-0.094482,0.024414,1.010254,0.244141,-3.234863,-20.202637
59251,-0.173706,-0.030518,1.040527,0.305176,-2.746582,-19.714355
59260,-0.197998,0.030640,1.037964,0.183105,-2.075195,-19.836426
59270,-0.197876,-0.035889,1.044312,0.305176,-1.159668,-20.019531
59281,-0.148682,-0.014038,1.018311,0.122070,0.000000,-19.714355
59290,-0.096680,-0.041016,0.987549,-0.061035,0.854492,-19.042969
59300,-0.095093,0.007080,0.959229,-0.061035,1.403809,-17.089844
59311,-0.046875,-0.001465,0.991089,0.122070,2.014160,-15.319824
59321,-0.013916,0.037598,0.904053,0.061035,2.685547,-13.488770
59330,0.003906,-0.064941,1.000244,0.244141,3.112793,-11.474609
59341,0.094971,-0.061646,1.091797,-0.244141,3.601074,-9.765625
59350,0.059814,-0.122192,1.077637,-0.488281,3.784180,-8.605957
59360,-0.008789,-0.078979,1.029175,-0.305176,3.417969,-7.873535
59372,-0.077271,-0.117188,1.038208,-0.122070,2.868652,-7.568359
59381,-0.032104,-0.078369,1.070190,-0.427246,2.990723,-7.202148
59391,-0.026245,-0.069092,1.062134,-0.671387,3.234863,-6.042480
59400,-0.038940,-0.000610,1.050781,-1.342773,3.906250,-4.577637
59410,-0.108032,-0.033936,1.003174,-1.586914,4.272461,-3.173828
59421,-0.160156,0.039307,1.003662,-1.831055,4.699707,-2.441406
59430,-0.162354,-0.050049,1.000488,-1.281738,4.699707,-2.014160
59440,-0.146484,-0.095093,1.004272,-0.488281,5.432129,-1.647949
59451,-0.081543,-0.109863,0.990723,-0.183105,5.004883,-0.976562
59460,-0.057983,-0.166504,0.965942,-0.549316,5.187988,0.305176
59471,-0.073608,-0.183472,0.954346,-0.610352,5.859375,2.258301
59480,-0.057739,-0.106689,0.964844,-0.915527,6.347656,4.577637
59490,-0.047729,-0.165283,0.933350,-0.732422,7.019043,7.141113
59502,0.009155,-0.170166,0.927979,-0.549316,7.263184,11.535645
59511,0.084473,-0.148926,0.974976,-0.976562,6.896973,13.244629
59521,0.101196,0.012329,0.902832,-1.342773,6.042480,14.587402
59530,0.049683,-0.244385,1.065674,-1.464844,5.859375,15.869141
59541,-0.111328,-0.176758,0.809937,-1.342773,6.835937,16.662598
59550,-0.119507,-0.137207,1.203247,-0.671387,7.568359,16.845703
59560,-0.064209,-0.331543,1.062378,1.220703,7.202148,14.831543
59571,-0.000488,-0.191528,0.899902,0.976562,3.356934,9.582520
59581,-0.112061,-0.161377,0.977417,0.549316,1.403809,7.446289
59591,0.004395,-0.135132,0.928589,-0.244141,0.549316,5.126953
59601,0.073364,0.002930,0.988770,-1.098633,0.671387,3.967285
59610,0.121582,-0.035278,1.060791,-0.976562,1.586914,4.333496
59620,0.072021,-0.142334,1.121094,-0.610352,2.380371,4.516602
59630,0.039917,-0.266724,1.074585,-0.305176,2.624512,3.723145
59642,-0.004150,-0.212402,1.060913,-0.244141,1.831055,-0.488281
59651,0.020630,-0.197754,0.978638,-0.061035,0.732422,-3.479004
59661,0.033081,-0.150513,0.946777,0.366211,-0.488281,-5.920410
59670,-0.000977,-0.214478,0.942505,0.610352,-1.953125,-7.751465
59680,0.031250,-0.112549,0.943970,0.610352,-2.258301,-8.178711
59691,0.043945,-0.152466,1.014526,0.488281,-1.831055,-8.117676
59700,0.100830,-0.070557,1.034302,0.061035,-1.281738,-7.568359
59713,0.122559,-0.186035,1.034546,0.488281,-1.037598,-4.516602
59722,0.096802,-0.176880,1.039429,0.793457,-0.793457,-2.197266
59732,0.077515,-0.184204,1.026611,0.854492,-1.281738,0.122070
59742,0.011353,-0.177490,1.040161,0.854492,-1.525879,2.197266
59751,-0.015381,-0.117065,0.985596,0.610352,-1.647949,4.028320
59761,-0.083374,-0.121216,0.943237,0.793457,-1.220703,6.469727
59770,-0.130859,-0.165527,0.897583,0.793457,-0.793457,8.728027
59780,-0.142334,-0.175659,0.922852,0.488281,-0.305176,10.253906
59792,-0.170532,-0.082397,0.975220,0.549316,-0.183105,11.596680
59801,-0.178223,-0.096069,0.954468,0.732422,-0.183105,11.291504
59811,-0.180298,-0.117310,0.945557,0.549316,0.610352,11.047363
59820,-0.148315,-0.176758,0.932251,0.244141,1.464844,11.169434
59830,-0.150024,-0.190308,0.930176,-0.366211,2.197266,11.596680
59841,-0.132690,-0.201294,0.960693,-0.671387,2.990723,12.756348
59850,-0.128052,-0.187500,0.986572,-0.671387,3.173828,14.038086
59862,-0.135132,-0.266724,0.952026,-0.244141,2.807617,14.221191
59872,-0.123779,-0.273682,0.933228,-0.549316,2.685547,14.221191
59881,-0.118286,-0.217285,0.937622,-1.098633,2.746582,14.221191
59891,-0.110840,-0.193726,0.978149,-1.403809,2.746582,14.099121
59900,-0.072876,-0.200073,0.992432,-1.464844,3.112793,13.671875
59910,-0.053223,-0.202393,1.015991,-1.892090,2.929688,13.244629
59922,-0.033203,-0.238037,1.012329,-1.770020,2.624512,12.268066
59931,0.013916,-0.230591,0.990601,-1.953125,2.441406,11.840820
59941,0.012329,-0.215210,0.999390,-2.014160,2.075195,11.291504
59950,0.030396,-0.255981,0.990845,-1.953125,1.525879,10.559082
59961,0.056396,-0.250122,1.038940,-2.075195,1.098633,9.948730
59970,0.049805,-0.275146,1.022217,-2.014160,0.671387,9.399414
59981,0.035034,-0.255127,1.016846,-2.441406,0.000000,8.728027
59990,0.034424,-0.247925,1.000488,-2.624512,0.244141,7.568359
