timestamp,accX,accY,accZ,gyrX,gyrY,gyrZ
11,-0.102051,-0.173462,0.906006,-2.075195,7.202148,2.197266
20,-0.092651,-0.078003,0.935181,-2.502441,7.690430,2.929688
32,-0.083862,0.024902,1.034058,-2.746582,8.972168,4.394531
41,-0.086426,-0.104614,0.981079,-2.197266,9.277344,4.455566
52,-0.083862,0.002441,1.007324,-2.319336,9.094238,3.784180
61,-0.065430,0.053101,1.032715,-2.685547,9.155273,3.173828
71,-0.078369,0.007080,1.020874,-2.685547,8.666992,2.136230
81,-0.076660,-0.052734,0.984009,-2.380371,8.911133,1.342773
90,-0.077637,-0.025391,0.953857,-2.136230,9.094238,1.159668
102,-0.048584,-0.092529,0.930176,-2.441406,9.765625,1.586914
111,-0.027710,-0.083252,1.062256,-2.380371,10.070801,2.197266
122,-0.041626,-0.022705,1.040771,-2.075195,10.620117,2.807617
131,-0.073975,-0.124634,0.944214,-1.831055,10.253906,2.746582
141,-0.073364,-0.129639,0.937012,-2.075195,10.314941,2.746582
151,-0.081421,-0.027222,0.989502,-2.441406,10.009766,2.685547
160,-0.120972,-0.082031,0.958130,-2.563477,9.826660,2.990723
172,-0.121094,-0.112671,0.922852,-2.624512,12.084961,5.615234
181,-0.068115,-0.143188,0.947388,-2.990723,12.145996,6.774902
192,-0.086182,-0.172852,0.903198,-3.051758,12.145996,7.751465
201,-0.153931,-0.105225,0.962524,-3.173828,12.634277,8.789063
211,-0.142334,-0.016113,1.063843,-3.112793,13.610840,9.887695
221,-0.123291,-0.063721,1.062744,-2.563477,14.648438,10.925293
231,-0.112061,-0.058838,1.026978,-1.953125,14.953613,11.413574
242,-0.093262,-0.092651,1.039795,-1.586914,14.709473,12.878418
252,-0.060181,-0.086182,0.954102,-1.342773,15.075684,13.916016
261,-0.003174,-0.049927,1.000244,-1.403809,15.686035,15.869141
270,-0.007324,-0.107056,1.021484,-1.281738,15.869141,18.005371
281,-0.015869,-0.185913,0.967773,-1.220703,15.563965,19.592285
291,-0.051392,-0.084839,0.955933,-1.525879,15.563965,21.484375
301,-0.065674,-0.016602,1.010498,-2.075195,15.197754,22.766113
312,-0.054199,-0.080078,1.013916,-2.319336,15.930176,24.719238
322,-0.037598,-0.142578,0.966187,-2.319336,16.235352,25.268555
331,-0.041626,-0.075806,1.062256,-2.258301,16.113281,25.512695
341,-0.051392,-0.116089,1.060059,-2.380371,15.563965,25.939941
350,-0.049927,-0.118530,1.003906,-2.441406,15.563965,26.123047
361,-0.022461,-0.056885,1.017212,-2.502441,15.686035,26.245117
370,-0.003296,-0.086670,0.991089,-2.502441,15.625000,26.550293
382,0.020996,-0.187134,0.947876,-2.258301,14.526367,27.099609
391,0.051880,-0.164917,0.924805,-2.380371,14.099121,27.587891
402,0.074585,-0.066406,1.000732,-2.502441,13.488770,28.076172
411,0.109497,-0.098877,1.046387,-2.075195,13.427734,28.381348
421,0.114990,-0.205811,0.971191,-1.525879,12.634277,28.015137
431,0.115234,-0.262939,0.952271,-1.159668,11.840820,27.526855
440,0.101685,-0.198975,0.990967,-0.976562,10.986328,26.428223
451,0.168945,-0.215088,0.956055,-0.610352,9.765625,25.634766
462,0.080811,-0.277710,0.966797,-0.305176,7.934570,23.986816
471,0.140015,-0.233887,0.912842,-0.549316,7.812500,23.864746
481,0.100098,-0.212646,0.982056,-0.915527,7.019043,23.376465
491,0.058838,-0.171753,0.937988,-1.403809,6.225586,23.254395
500,0.050781,-0.123291,0.907837,-1.403809,5.920410,23.132324
511,0.099976,-0.153320,1.032715,-1.220703,6.103516,23.620605
520,0.054687,-0.129761,0.957031,-1.464844,5.249023,22.705078
532,0.017334,0.023315,1.126465,-1.892090,4.882812,23.254395
541,0.025879,0.045898,1.074341,-1.892090,5.004883,23.071289
551,0.019897,-0.050415,1.119751,-1.098633,5.310059,24.291992
561,0.008789,-0.139038,1.038452,-0.610352,4.821777,23.742676
571,0.020020,-0.094238,1.109741,-0.488281,4.211426,23.193359
581,-0.022217,-0.044312,1.082520,-0.488281,3.967285,23.620605
592,-0.012939,-0.046143,1.113525,0.732422,4.638672,24.536133
602,0.044312,-0.120728,1.036011,1.647949,4.760742,26.062012
612,0.052612,-0.239990,0.947876,2.258301,4.211426,27.038574
621,0.014160,-0.278687,0.885742,1.953125,3.540039,28.198242
630,0.001587,-0.265137,0.885010,1.586914,3.234863,29.724121
641,-0.004517,-0.244141,0.913818,1.037598,3.417969,31.494141
651,0.012085,-0.240112,0.942749,0.915527,4.089355,33.325195
660,-0.015991,-0.262329,0.887451,0.671387,4.211426,34.729004
672,-0.047119,-0.234131,0.919678,0.549316,3.845215,35.461426
681,-0.010254,-0.155151,1.011230,-0.549316,2.746582,35.156250
690,0.036865,-0.178345,0.982422,-0.549316,2.685547,34.423828
701,0.068726,-0.185303,0.951416,-0.671387,2.075195,33.264160
711,0.109741,-0.118774,1.041626,-0.732422,1.342773,31.738281
721,0.126099,-0.058472,0.998413,-0.793457,0.122070,29.785156
732,0.147461,-0.092529,1.018555,-0.549316,-1.647949,24.963379
741,0.182861,-0.050537,1.050537,-0.244141,-3.051758,21.789551
752,0.182007,-0.089478,1.020996,-0.061035,-4.699707,18.249512
761,0.228882,-0.066162,1.047485,0.000000,-6.042480,14.282227
770,0.213257,-0.068115,1.028809,0.122070,-7.873535,10.742188
781,0.224243,-0.093872,1.030640,0.244141,-8.789063,8.117676
791,0.231934,-0.093506,1.065186,0.305176,-9.460449,5.798340
800,0.211426,-0.093750,1.014404,0.244141,-10.498047,3.906250
812,0.193481,-0.128540,0.969727,0.183105,-10.864258,0.305176
821,0.165527,-0.079712,1.002930,-0.061035,-11.596680,-1.464844
831,0.156494,-0.051147,0.981689,-0.366211,-12.084961,-3.356934
841,0.106812,-0.083618,0.956787,-0.549316,-12.207031,-5.676270
851,0.117676,-0.039673,0.989136,-1.342773,-12.573242,-7.690430
860,0.138184,0.006958,1.037598,-1.525879,-13.183594,-10.253906
872,0.204590,-0.089478,1.008179,-0.793457,-14.648438,-15.258789
882,0.245117,-0.102783,0.958862,-1.098633,-15.991211,-17.150879
891,0.170410,-0.149902,0.977539,-0.488281,-15.747070,-16.479492
900,0.140015,-0.163086,1.054688,0.061035,-14.648438,-13.793945
911,0.090820,-0.147705,1.056641,0.549316,-13.610840,-10.742188
921,-0.035034,-0.161255,1.083862,1.220703,-12.451172,-8.117676
931,-0.071167,-0.260620,1.010742,2.258301,-11.718750,-6.774902
942,-0.040894,-0.263672,0.997437,2.685547,-10.803223,-6.225586
952,-0.108276,-0.248047,0.857910,2.746582,-10.253906,-6.469727
961,-0.045898,-0.268433,0.805420,2.258301,-9.826660,-7.019043
971,-0.002808,-0.110718,0.890015,0.854492,-8.850098,-7.263184
981,0.024536,-0.068237,0.904419,-0.305176,-7.812500,-7.568359
991,0.097290,-0.069214,0.954102,-1.159668,-7.385254,-7.995605
1001,0.119385,-0.043457,1.031006,-1.647949,-7.080078,-8.666992
1011,0.137573,-0.003784,1.022217,-2.258301,-7.629395,-9.216309
1022,0.114624,0.038818,1.048828,-2.197266,-7.690430,-8.361816
1032,0.040527,0.011963,0.994507,-1.708984,-7.568359,-7.202148
1041,-0.005127,-0.086914,1.015869,-1.525879,-6.591797,-5.493164
1051,-0.001465,-0.022949,1.015137,-1.708984,-5.310059,-2.990723
1061,-0.004883,-0.028076,0.946289,-1.708984,-4.211426,-0.366211
1071,-0.004395,-0.140015,0.941040,-1.708984,-2.990723,2.563477
1080,-0.027588,-0.104370,0.965210,-1.403809,-3.112793,5.249023
1092,-0.016968,-0.172974,0.956543,-1.098633,-2.258301,8.850098
1101,-0.037842,-0.143921,1.005249,-0.671387,-1.953125,10.131836
1111,-0.048950,-0.112427,1.008667,-0.488281,-1.831055,11.230469
1120,-0.028931,-0.205688,0.930054,-0.183105,-1.586914,12.023926
1131,-0.014038,-0.177368,0.999878,-0.366211,-1.525879,12.390137
1140,-0.005859,-0.125977,1.026001,-0.366211,-1.403809,13.000488
1152,-0.014160,-0.188843,0.931519,0.000000,-1.342773,13.183594
1161,-0.030640,-0.163452,0.985840,-0.183105,-1.342773,13.244629
1171,-0.034912,-0.286621,0.951050,-0.305176,-1.342773,12.817383
1181,-0.028442,-0.039185,1.025391,-0.854492,-1.281738,12.329102
1191,-0.019531,-0.032104,0.993652,-0.488281,-1.525879,12.145996
1201,0.025146,-0.272461,0.994385,0.244141,-1.525879,12.329102
1211,0.001465,-0.212524,1.026733,-0.061035,-2.075195,11.657715
1220,0.022827,-0.209839,0.950684,-0.488281,-2.380371,11.108398
1232,0.056030,-0.076782,1.024536,-0.915527,-2.136230,11.108398
1241,0.004639,-0.228271,0.944458,-0.366211,-2.258301,11.108398
1251,0.079102,-0.216064,0.949585,-0.610352,-2.075195,10.742188
1261,0.043579,-0.160156,0.949463,-1.342773,-2.563477,10.498047
1271,0.107788,-0.212891,0.965088,-1.525879,-2.929688,10.131836
1281,0.105713,-0.125854,1.038940,-1.770020,-3.723145,9.216309
1291,0.084717,-0.171265,1.021362,-1.831055,-4.516602,8.605957
1302,0.027344,-0.049805,1.051636,-2.807617,-5.554199,6.408691
1312,0.009888,-0.135376,0.993774,-2.380371,-5.249023,5.859375
1321,-0.047119,-0.080078,1.017456,-2.441406,-5.310059,4.943848
1331,-0.067261,-0.107178,1.001099,-2.685547,-5.126953,3.845215
1341,-0.078125,-0.098389,1.000854,-2.563477,-4.821777,2.807617
1351,-0.075562,-0.063599,1.018188,-2.502441,-4.699707,1.892090
1363,-0.069824,-0.200317,1.002930,-1.525879,-5.126953,-0.732422
1373,-0.023193,-0.148437,0.953247,-1.342773,-4.821777,-1.892090
1383,-0.042969,-0.137573,0.961548,-1.342773,-3.967285,-2.685547
1392,-0.047852,-0.106689,1.000366,-1.098633,-3.356934,-2.990723
1402,-0.064575,-0.185181,0.954956,-1.220703,-3.112793,-2.929688
1412,-0.044434,-0.124634,0.977783,-1.037598,-2.807617,-3.112793
1422,-0.031860,-0.136475,0.932617,-0.915527,-2.380371,-3.112793
1432,-0.010254,-0.124146,1.039063,-1.098633,-1.220703,-3.356934
1441,-0.043823,-0.042114,1.010620,-1.098633,-0.793457,-3.723145
1451,-0.046021,-0.039063,0.977905,-0.793457,-0.305176,-4.272461
1461,0.004517,-0.160522,0.956665,-0.244141,0.305176,-4.760742
1472,0.017090,-0.021484,1.044800,-0.732422,0.061035,-4.943848
1481,0.015869,-0.012817,0.981689,-1.098633,-0.183105,-4.638672
1492,0.019531,-0.026367,0.939819,-1.159668,0.183105,-3.845215
1501,0.028076,-0.019897,0.938110,-1.831055,0.976562,-1.525879
1511,0.004761,-0.011230,0.951904,-1.953125,1.464844,-0.732422
1522,0.020630,0.012085,1.078613,-2.014160,2.624512,-0.061035
1531,0.033081,-0.017944,1.055054,-1.770020,2.380371,-0.183105
1541,0.031250,-0.076538,1.026611,-1.525879,2.014160,-0.793457
1551,0.083130,-0.129272,1.007813,-1.281738,1.831055,-1.831055
1561,0.099487,-0.189331,1.021484,-0.854492,1.342773,-2.624512
1571,0.116577,-0.167603,1.003052,-1.037598,0.793457,-4.089355
1582,0.104980,-0.185181,1.040161,-1.037598,-0.427246,-4.516602
1592,0.052124,-0.195190,0.957153,-1.098633,-0.427246,-4.638672
1602,0.057983,-0.140747,0.950806,-1.098633,-0.122070,-4.089355
1611,0.028442,-0.150269,0.977173,-0.793457,0.427246,-3.967285
1621,-0.023315,-0.169189,1.019043,-0.549316,0.793457,-4.028320
1632,-0.008789,-0.090332,1.069702,-0.305176,1.281738,-3.784180
1641,-0.062134,-0.160767,1.058960,0.549316,1.647949,-3.784180
1651,-0.089966,-0.051392,1.023438,0.976562,2.075195,-3.417969
1661,-0.115479,-0.042969,0.976929,1.037598,2.990723,-2.868652
1671,-0.072388,-0.056396,0.969849,1.159668,4.333496,-1.708984
1681,-0.050781,-0.031738,1.052856,1.037598,5.432129,-0.488281
1691,-0.064819,-0.019775,1.043335,1.037598,5.981445,0.549316
1702,-0.049194,-0.054321,0.957520,1.342773,6.286621,1.464844
1711,0.013306,-0.052856,0.962036,1.892090,6.347656,2.014160
1722,0.014771,-0.071655,1.132446,1.647949,6.103516,2.014160
1731,-0.024902,-0.072754,1.053467,1.525879,5.798340,2.075195
1741,-0.011719,-0.077881,1.008057,1.831055,5.798340,1.770020
1751,0.029663,-0.140869,0.936646,2.319336,6.042480,1.647949
1761,0.021362,-0.206421,0.890015,2.136230,6.591797,2.502441
1771,0.043335,-0.127319,0.894775,1.708984,7.385254,4.577637
1782,0.022705,-0.181152,0.863892,0.915527,8.850098,9.826660
1792,-0.024658,-0.180176,0.899780,0.366211,9.338379,12.634277
1801,-0.065308,-0.210937,0.934814,0.000000,9.643555,14.892578
1812,-0.072998,-0.136841,0.993286,-0.427246,9.460449,16.357422
1821,-0.053833,-0.165161,0.932129,-0.793457,9.643555,17.272949
1832,-0.045288,-0.183350,0.877441,-1.037598,9.704590,18.249512
1841,-0.037720,-0.182617,0.848511,-1.525879,9.460449,19.287109
1851,-0.073608,-0.207275,0.855347,-2.075195,9.277344,20.568848
1862,-0.079224,-0.149536,0.912109,-2.990723,9.887695,21.423340
1872,-0.056885,-0.051636,1.002808,-3.662109,10.620117,22.888184
1881,-0.072754,-0.071777,1.013672,-3.662109,10.742188,24.047852
1891,-0.060669,-0.148437,0.976318,-3.540039,11.230469,24.780273
1902,-0.053833,-0.151245,0.925903,-3.356934,11.230469,25.268555
1911,-0.049805,-0.176514,0.944458,-3.601074,10.742188,25.573730
1924,-0.015503,-0.142090,1.007324,-3.845215,9.765625,25.878906
1933,0.020020,-0.041748,1.027832,-3.479004,9.826660,25.817871
1943,0.062012,-0.171143,1.015503,-3.173828,9.399414,26.123047
1952,0.064697,-0.144897,1.060547,-3.234863,8.789063,26.245117
1962,0.085937,-0.209229,0.995605,-3.417969,8.117676,26.123047
1971,0.067871,-0.095703,1.048462,-3.662109,7.385254,25.634766
1982,0.084229,-0.108276,1.116455,-3.540039,6.835937,25.024414
1991,0.097534,-0.137939,1.155518,-2.685547,5.065918,22.827148
2003,0.119263,-0.150513,1.091797,-2.258301,3.784180,21.850586
2012,0.145386,-0.090210,1.095581,-1.831055,3.112793,21.057129
2022,0.141724,-0.150879,1.036743,-1.464844,2.990723,20.874023
2032,0.118286,-0.114136,1.064697,-1.708984,2.502441,20.751953
2041,0.126343,-0.109009,1.063477,-2.319336,1.770020,20.080566
2052,0.089722,-0.093018,1.061890,-2.197266,1.037598,19.226074
2061,0.117676,-0.066162,0.989990,-2.563477,0.122070,16.906738
2073,0.100342,-0.062500,0.997437,-3.234863,-0.793457,15.625000
2082,0.110840,-0.029663,1.006836,-3.662109,-2.014160,14.526367
2092,0.080566,-0.049927,0.975586,-3.417969,-2.197266,14.282227
2101,0.067627,-0.148193,0.825806,-3.601074,-2.319336,14.160156
2111,0.100830,-0.095459,0.821533,-3.967285,-2.441406,14.404297
2123,0.119385,-0.062988,0.814697,-5.126953,-2.685547,15.319824
2132,0.106934,-0.081909,0.912109,-5.615234,-3.051758,15.075684
2142,0.075317,-0.062012,0.925903,-5.615234,-3.540039,14.465332
2151,0.038208,-0.010986,0.991699,-5.798340,-4.211426,13.183594
2161,-0.003052,-0.077759,0.941406,-5.371094,-4.272461,12.084961
2171,0.034912,0.005005,1.034180,-4.760742,-4.882812,11.413574
2182,0.008789,-0.073120,0.983643,-3.845215,-4.760742,11.230469
2191,0.012939,-0.068726,1.000488,-2.746582,-4.150391,11.474609
2203,0.000244,-0.052979,1.008423,-0.854492,-3.601074,12.329102
2213,0.007568,-0.209351,0.908936,0.305176,-3.112793,12.512207
2222,0.038330,-0.205933,0.998779,0.976562,-3.417969,12.145996
2231,0.021973,-0.237793,0.941528,0.732422,-3.967285,11.352539
2242,0.048950,-0.091064,1.003418,0.427246,-4.577637,10.314941
2251,0.068237,-0.165161,0.998291,0.305176,-5.187988,9.643555
2262,0.090454,-0.014282,1.126831,0.549316,-5.065918,9.277344
2271,0.110352,-0.096069,1.115845,1.281738,-5.249023,9.765625
2283,0.101685,-0.102295,1.059692,1.770020,-4.760742,10.437012
2292,0.080444,-0.114990,1.114136,1.953125,-4.821777,11.352539
2302,0.096313,-0.119873,1.071289,1.770020,-4.943848,11.901855
2311,0.047607,-0.070190,0.982666,1.098633,-5.249023,12.390137
2322,0.036621,-0.087524,1.019775,0.732422,-5.493164,12.817383
2331,0.069824,-0.122803,1.008423,0.122070,-5.798340,12.939453
2343,0.067383,-0.108032,1.087158,-0.610352,-6.042480,13.488770
2353,0.067627,-0.066528,1.110840,-1.403809,-6.042480,12.939453
2362,0.046875,-0.163086,1.037720,-1.342773,-6.286621,12.512207
2372,0.048462,-0.167725,1.078979,-1.098633,-6.530762,11.840820
2382,0.044922,-0.240112,0.931763,-1.220703,-7.080078,10.742188
2391,0.039063,-0.145142,0.983521,-1.342773,-7.385254,10.192871
2402,0.042847,-0.220459,0.925659,-1.647949,-7.446289,9.460449
2413,0.081177,-0.163208,0.950928,-2.136230,-8.361816,7.629395
2423,0.104858,-0.034424,0.964355,-2.197266,-8.422852,6.958008
2432,0.062866,-0.128174,0.906250,-1.770020,-8.666992,6.225586
2442,0.079346,-0.049683,1.009033,-1.159668,-8.666992,4.943848
2451,0.013794,-0.135132,0.982788,-0.183105,-9.033203,4.089355
2461,0.023804,-0.006226,1.066162,0.610352,-8.972168,3.234863
2472,-0.024170,-0.171753,0.957886,1.831055,-8.972168,2.319336
2481,-0.010010,-0.154297,0.921631,3.906250,-8.728027,0.183105
2493,-0.050537,-0.269165,0.887573,4.516602,-8.300781,-0.122070
2502,-0.020996,-0.237305,0.866577,4.638672,-7.934570,-0.610352
2512,-0.030762,-0.299805,0.852661,4.150391,-7.690430,-0.732422
2522,-0.033447,-0.192139,0.901855,3.662109,-7.751465,-0.610352
2531,-0.032593,-0.290527,0.868896,3.112793,-7.202148,-0.122070
2541,0.000488,-0.079834,1.027466,2.563477,-6.286621,0.915527
2553,-0.024414,-0.122803,1.004761,2.258301,-5.249023,2.380371
2563,-0.078857,-0.126587,1.024658,2.258301,-4.760742,3.051758
2572,-0.042725,-0.193970,1.010254,2.197266,-3.845215,4.394531
2582,0.003906,-0.069092,1.054199,1.831055,-3.845215,5.432129
2591,-0.035889,-0.082520,1.030884,1.953125,-3.356934,6.774902
2602,-0.074097,-0.077393,1.035767,1.403809,-2.502441,8.239746
2612,-0.028809,-0.036621,1.034302,0.854492,-1.586914,9.399414
2623,-0.047852,-0.093262,1.041870,0.244141,-1.525879,10.375977
2633,-0.023926,-0.077881,1.065430,-0.061035,-1.708984,10.253906
2643,-0.009277,0.016968,1.019287,-0.488281,-1.831055,10.253906
2652,-0.004028,-0.010132,1.000610,-0.976562,-2.197266,10.253906
2662,-0.029053,-0.020264,0.903442,-1.708984,-2.807617,9.765625
2672,-0.029541,-0.022949,0.933472,-2.746582,-2.807617,9.582520
2681,-0.046509,0.019653,0.941895,-3.540039,-2.807617,9.155273
2693,-0.061890,-0.055786,0.868896,-4.089355,-2.990723,7.202148
2702,-0.043457,-0.032959,0.966919,-3.967285,-2.868652,6.042480
2712,-0.003906,-0.085083,0.950073,-4.089355,-2.746582,4.882812
2722,0.006836,-0.046631,1.004761,-4.028320,-2.502441,3.845215
2731,0.011841,-0.129272,0.965942,-3.723145,-2.868652,2.868652
2742,0.015991,-0.017822,1.102051,-3.234863,-3.173828,1.586914
2752,0.027466,-0.192871,0.993652,-2.441406,-3.234863,0.732422
2763,0.054443,-0.165527,1.069092,-1.892090,-2.990723,-0.305176
2773,0.053955,-0.123169,0.985962,-2.258301,-2.868652,-0.610352
2782,0.081909,-0.106812,0.996216,-2.136230,-2.685547,-0.427246
2792,0.065796,-0.173706,0.908691,-1.892090,-2.563477,-0.122070
2801,0.103638,-0.108154,0.956055,-1.770020,-2.685547,-0.244141
2812,0.105347,-0.202515,0.936035,-2.136230,-2.868652,-0.305176
2822,0.134399,-0.090210,1.111938,-2.563477,-2.929688,-0.183105
2831,0.066284,-0.089966,1.052612,-2.014160,-4.333496,-0.915527
2842,0.022949,-0.072754,1.066895,-1.525879,-4.333496,-0.732422
2852,0.067993,-0.065918,1.007690,-1.281738,-3.601074,-0.854492
2861,0.114624,-0.072266,1.128906,-1.159668,-2.868652,-0.549316
2872,0.053467,-0.130127,1.078125,-0.732422,-2.929688,-0.854492
2882,0.015747,-0.024536,0.993652,-0.915527,-3.479004,-2.380371
2891,0.011230,-0.180054,0.982422,-0.854492,-4.150391,-4.455566
2903,0.033569,-0.228149,0.893188,-0.854492,-5.615234,-8.422852
2913,0.018188,-0.078247,0.898682,-2.136230,-5.737305,-10.070801
2922,0.071899,-0.125610,0.785400,-2.746582,-5.371094,-11.169434
2932,0.126099,-0.038574,0.915771,-3.356934,-4.455566,-11.901855
2941,0.108154,-0.162720,0.862061,-3.540039,-4.211426,-11.962891
2952,0.144775,-0.055176,0.972778,-4.211426,-4.028320,-12.329102
2962,0.123169,-0.190186,0.897949,-4.150391,-4.089355,-12.695313
2971,0.145142,-0.036133,0.959229,-4.089355,-3.723145,-12.756348
2983,0.089600,-0.040405,0.941650,-4.150391,-3.601074,-12.512207
2992,0.046509,-0.123413,0.959351,-4.089355,-3.173828,-11.596680
3002,0.041138,-0.062988,1.005737,-3.356934,-2.441406,-10.803223
3012,0.005859,0.020386,1.083984,-2.807617,-1.831055,-9.399414
3022,-0.027832,-0.208496,0.949097,-1.953125,-1.525879,-8.544922
3032,-0.012207,-0.026123,1.081543,-1.159668,-1.037598,-6.591797
3042,0.000977,-0.232788,1.016113,0.122070,-0.488281,-5.554199
3051,-0.029175,-0.115234,0.995728,0.244141,0.183105,-4.150391
3062,-0.015747,-0.235596,0.849365,0.427246,0.793457,-2.868652
3072,-0.004883,-0.113525,1.000977,-0.122070,1.342773,-1.525879
3081,-0.023804,-0.233276,0.986938,-0.610352,1.525879,-0.244141
3092,-0.058472,-0.035522,0.977417,-1.403809,1.831055,0.610352
3102,-0.036133,-0.043335,1.036865,-1.586914,2.502441,1.403809
3111,-0.066406,-0.149048,0.913208,-2.014160,2.502441,3.295898
3122,-0.042969,-0.111084,0.995605,-2.380371,2.990723,4.455566
3132,-0.005737,-0.012695,1.010864,-2.563477,3.845215,5.310059
3141,-0.026245,-0.086182,1.003296,-2.807617,3.967285,6.225586
3152,-0.001465,-0.043335,0.920654,-3.173828,4.150391,6.713867
3162,0.002686,-0.286865,0.632568,-3.417969,4.089355,7.202148
3172,-0.005981,-0.283691,0.580811,-5.065918,4.211426,7.812500
3181,0.085937,0.051514,1.077271,-9.826660,3.845215,8.789063
3193,-0.016602,0.404297,1.592651,-8.728027,2.563477,8.544922
3202,-0.116699,0.195312,1.378174,-5.859375,2.502441,8.483887
3212,-0.146240,-0.076050,1.145264,-1.831055,3.417969,9.216309
3222,-0.100098,-0.197266,1.190063,0.122070,5.126953,10.925293
3232,-0.002075,-0.109009,1.139404,0.610352,6.408691,12.878418
3242,-0.027344,-0.174194,0.793823,0.488281,6.042480,14.465332
3251,-0.014771,-0.246826,0.536255,-1.342773,5.310059,16.357422
3263,0.085815,-0.172729,0.737183,-2.380371,4.882812,15.930176
3272,0.011108,-0.056763,0.971802,-2.929688,3.845215,14.953613
3282,-0.016113,0.038208,1.151978,-2.929688,3.234863,14.526367
3292,-0.001343,-0.065186,1.145142,-2.563477,3.295898,14.587402
3302,-0.038574,0.062378,1.257813,-0.915527,3.479004,14.831543
3312,-0.047119,-0.084351,1.284912,1.586914,3.295898,14.953613
3323,-0.051880,-0.283325,1.144897,5.432129,3.784180,15.930176
3333,0.000854,-0.295044,1.039551,5.126953,3.845215,16.479492
3342,0.017334,-0.192261,0.905518,4.333496,3.662109,16.723633
3352,0.008057,-0.080933,0.877197,3.662109,3.479004,17.028809
3362,0.027832,-0.149414,0.878052,3.479004,3.417969,17.028809
3372,0.053833,-0.188477,0.863525,3.417969,3.112793,17.028809
3381,0.087524,-0.082642,0.968140,2.868652,2.380371,16.662598
3393,0.078003,-0.060791,1.087158,2.075195,1.220703,15.625000
3403,0.065552,0.004517,1.095947,0.732422,-0.427246,15.258789
3412,0.099609,-0.111328,1.097534,0.976562,-0.915527,14.587402
3422,0.066040,-0.074585,1.077271,1.770020,-1.586914,14.282227
3432,0.103394,-0.096436,1.064331,2.014160,-1.892090,13.793945
3442,0.073853,-0.078735,0.971069,1.770020,-2.563477,13.366699
3452,0.069458,-0.073730,0.955200,1.708984,-3.112793,12.451172
3462,0.038574,-0.207886,0.794678,1.831055,-3.662109,11.901855
3472,0.044189,0.035278,0.731323,1.220703,-4.150391,10.803223
3482,0.090576,-0.020386,0.879150,2.014160,-4.577637,9.765625
3491,0.088135,-0.511108,0.754639,3.662109,-5.187988,8.728027
3502,0.031860,-0.474243,0.882080,2.197266,-5.981445,7.263184
3511,0.072754,-0.293335,1.035889,0.183105,-6.042480,6.164551
3522,0.040527,-0.171631,1.123535,-1.464844,-6.408691,4.760742
3533,0.132935,0.079834,1.188721,-3.112793,-7.324219,1.647949
3543,0.094604,-0.205566,0.904907,-2.502441,-7.507324,0.549316
3552,-0.013062,0.129761,0.946777,-1.953125,-7.690430,-0.671387
3562,0.011719,-0.091675,0.904907,-0.427246,-7.751465,-1.525879
3572,0.085205,-0.182251,0.955933,1.159668,-7.690430,-2.014160
3581,0.088623,-0.243408,0.865601,0.976562,-7.507324,-2.624512
3593,0.067993,-0.158325,0.868408,-2.136230,-7.263184,-2.685547
3602,0.070557,-0.264526,0.932007,-2.136230,-7.751465,-3.723145
3613,0.020996,-0.173096,0.989990,-2.807617,-8.361816,-5.310059
3622,0.043335,-0.144897,1.115967,-3.967285,-9.094238,-6.408691
3632,0.040161,-0.233032,1.056396,-5.004883,-8.911133,-6.896973
3642,0.011108,0.059814,1.120483,-6.408691,-8.605957,-7.141113
3652,-0.014648,-0.009277,1.022461,-6.835937,-8.605957,-7.446289
3662,-0.040039,-0.026367,0.949585,-6.896973,-7.385254,-5.920410
3672,0.023804,-0.019897,1.024292,-7.019043,-5.737305,-5.371094
3681,-0.026367,-0.014404,1.068726,-7.019043,-5.310059,-5.126953
3692,-0.074463,0.032227,1.122314,-6.530762,-5.004883,-5.126953
3702,-0.090820,-0.006348,1.120972,-5.554199,-4.943848,-5.187988
3712,-0.066284,-0.105347,1.067993,-4.272461,-4.821777,-5.432129
3722,-0.126709,-0.172974,1.023438,-3.051758,-4.333496,-5.187988
3732,-0.085083,-0.153809,1.047729,-2.685547,-3.662109,-4.455566
3741,-0.111938,-0.202637,1.000854,-2.868652,-1.647949,-2.929688
3752,-0.151489,-0.052368,0.866943,-2.929688,-1.098633,-2.563477
3762,-0.089722,-0.228394,0.714966,-2.990723,-0.305176,-2.319336
3772,-0.060791,-0.028564,0.881348,-3.479004,-0.061035,-2.807617
3782,-0.049072,-0.140747,0.882935,-3.723145,-0.122070,-3.051758
3791,-0.077759,0.064087,0.983521,-3.601074,0.122070,-3.479004
3805,-0.003540,-0.091187,1.077637,-0.793457,1.464844,-3.601074
3815,-0.055908,-0.083496,1.038696,1.098633,2.136230,-3.295898
3825,-0.024414,-0.126831,1.072021,1.892090,2.197266,-2.929688
3835,-0.055786,-0.303223,0.922363,2.197266,2.746582,-2.258301
3844,0.023437,-0.100464,0.933472,1.220703,2.868652,-1.953125
3854,0.030518,-0.142212,0.896240,0.427246,2.624512,-1.708984
3863,0.010010,-0.022461,0.891357,-0.488281,2.807617,-0.793457
3873,0.041504,0.084351,1.004761,-1.098633,3.112793,0.122070
3882,0.052002,-0.031128,1.067139,-0.793457,3.662109,1.098633
3893,0.027954,0.009277,1.130493,-0.305176,3.784180,1.953125
3902,0.032471,-0.056885,1.115479,0.305176,3.723145,2.807617
3912,0.028442,-0.095703,1.079712,0.976562,3.967285,3.356934
3922,0.070312,-0.094849,1.086548,1.220703,3.479004,3.356934
3932,0.008911,-0.188232,0.988525,1.342773,2.502441,3.112793
3944,-0.001465,-0.021973,1.017090,0.976562,2.258301,3.112793
3954,0.006226,-0.049805,1.010620,1.220703,2.807617,4.028320
3963,0.019653,0.043335,1.041382,1.403809,2.990723,4.943848
3973,-0.003418,-0.212280,0.975342,2.197266,3.417969,5.737305
3982,-0.072144,-0.289673,1.004272,2.685547,3.295898,5.737305
3992,-0.075806,-0.019409,1.093872,2.258301,3.051758,5.126953
4002,-0.033813,-0.126221,1.075439,2.136230,3.051758,4.821777
4014,-0.075684,-0.024170,1.034180,2.685547,3.112793,3.540039
4024,-0.144165,-0.317505,0.774414,3.112793,3.784180,3.967285
4033,-0.014893,-0.212524,0.785278,2.380371,4.699707,4.638672
4043,0.033203,-0.308350,0.785889,1.098633,5.187988,5.126953
4052,0.018799,-0.075439,0.778198,-1.098633,5.432129,6.103516
4062,0.099609,0.061279,0.944092,-2.380371,5.187988,6.652832
4072,0.076172,-0.081787,0.879272,-2.136230,4.943848,6.591797
4082,0.056885,-0.017578,1.017212,-1.953125,4.577637,6.225586
4094,0.028564,-0.160156,1.012573,-1.647949,3.417969,5.554199
4103,0.045654,-0.030151,1.099609,-1.831055,3.662109,6.408691
4112,-0.037231,-0.136353,1.005737,-1.831055,3.845215,7.385254
4122,-0.024048,-0.036133,1.021118,-1.708984,3.845215,7.934570
4133,-0.011108,-0.107544,0.980225,-1.464844,3.906250,8.544922
4142,0.041016,-0.212769,1.012329,-1.647949,4.577637,9.277344
4152,0.002563,-0.012695,1.128662,-2.136230,4.455566,9.704590
4163,-0.068970,-0.148437,0.961914,-1.525879,4.577637,11.352539
4173,0.001343,-0.048462,1.079834,-1.037598,4.638672,12.145996
4183,-0.054321,-0.112061,1.044800,-0.732422,4.821777,12.756348
4192,-0.007202,-0.194214,1.010010,-1.037598,4.638672,12.878418
4202,-0.004395,-0.108276,1.043457,-1.037598,4.211426,12.878418
4212,0.030640,-0.204346,1.046753,-1.281738,4.028320,12.451172
4224,0.029419,-0.026855,0.958740,-1.098633,3.173828,10.864258
4234,0.076538,-0.224243,1.026978,-1.220703,2.807617,10.131836
4243,0.068726,-0.179443,0.995239,-1.831055,2.380371,9.460449
4252,0.095581,-0.020630,1.079468,-2.075195,2.197266,9.094238
4262,0.097534,-0.069946,1.028931,-2.014160,1.281738,8.789063
4272,0.092529,-0.178345,0.999390,-1.525879,1.159668,8.544922
4282,0.131958,-0.150146,1.092163,-1.037598,0.671387,8.666992
4293,0.096313,-0.131348,0.995850,-2.014160,-0.244141,9.094238
4303,0.076904,-0.034058,0.939087,-2.380371,-0.610352,9.216309
4312,0.093018,-0.178467,0.826172,-2.868652,-0.793457,8.972168
4322,0.048462,0.058472,0.946045,-3.723145,-1.098633,8.300781
4332,0.053467,-0.059814,0.913452,-4.516602,-1.831055,7.080078
4342,0.021606,0.017944,0.950562,-5.310059,-2.136230,5.920410
4352,0.023315,0.202881,1.059326,-5.065918,-2.380371,4.882812
4362,0.011475,-0.034180,0.956177,-3.479004,-2.319336,3.784180
4372,-0.001465,0.030029,0.991577,-1.525879,-2.014160,3.906250
4382,-0.005127,-0.215576,0.996216,-0.976562,-1.831055,4.577637
4392,-0.012207,0.001709,1.025024,-0.915527,-1.159668,4.882812
4402,-0.027710,-0.141235,0.945190,-0.549316,-1.159668,5.249023
4413,-0.024170,-0.150635,0.861206,0.061035,-1.037598,5.493164
4422,-0.020386,-0.143066,0.927368,0.305176,-0.915527,5.432129
4432,-0.007446,-0.308716,0.843018,0.183105,-0.976562,4.882812
4443,0.046021,-0.166504,1.048584,-1.037598,-1.098633,4.638672
4453,0.059448,-0.248291,0.928711,-0.915527,-1.037598,4.394531
4462,0.078003,-0.034180,1.010376,-0.549316,-1.220703,4.272461
4472,0.104980,-0.191284,0.959351,-0.366211,-1.708984,4.333496
4483,0.078491,-0.228149,0.966187,-0.671387,-2.014160,4.333496
4492,0.153687,-0.107178,1.081055,-1.403809,-2.441406,4.455566
4504,0.110229,0.033203,1.046753,-2.258301,-3.295898,4.516602
4514,0.119629,0.049072,1.099121,-1.953125,-3.173828,4.516602
4524,0.099121,-0.034912,1.085938,-1.770020,-3.356934,4.699707
4533,0.049316,-0.067627,1.119263,-1.403809,-3.417969,4.455566
4543,0.016357,-0.024902,1.100342,-1.464844,-3.723145,4.211426
4552,0.009399,-0.118164,1.084839,-1.586914,-4.028320,4.089355
4562,-0.046631,-0.075684,0.979126,-1.892090,-4.272461,3.784180
4572,0.036621,0.036255,1.033569,-1.953125,-4.333496,4.028320
4583,0.037476,-0.130981,0.903687,-2.685547,-3.845215,4.150391
4593,0.034424,-0.035400,1.024658,-3.356934,-3.295898,4.089355
4602,-0.012085,-0.187256,0.896729,-3.356934,-3.295898,4.150391
4612,0.000122,-0.024170,1.012451,-3.173828,-3.540039,3.601074
4623,0.022095,-0.117676,0.983765,-2.929688,-3.784180,2.990723
4632,-0.000610,-0.135376,0.958008,-2.319336,-3.662109,2.746582
4642,0.018677,-0.033691,0.972290,-2.075195,-3.906250,1.831055
4653,-0.000244,-0.099854,0.945801,-1.098633,-3.601074,1.647949
4663,0.005615,-0.077393,1.012817,-0.793457,-3.417969,1.525879
4672,-0.030151,-0.278320,0.819946,-0.305176,-3.234863,1.831055
4682,-0.012329,-0.279785,0.783081,-0.061035,-2.807617,2.868652
4692,0.012207,-0.255615,0.826782,-0.976562,-2.197266,3.723145
4702,-0.019287,-0.157959,0.838013,-2.380371,-2.014160,4.333496
4712,-0.005493,-0.103027,0.943115,-3.112793,-2.075195,4.577637
4724,-0.016724,-0.099854,0.966553,-3.601074,-2.075195,4.333496
4733,0.001831,0.028931,1.057373,-3.417969,-2.136230,4.333496
4743,-0.072510,-0.154297,1.029419,-3.295898,-1.953125,4.150391
4752,-0.050659,-0.047974,1.041626,-3.112793,-2.014160,4.638672
4762,-0.086548,-0.034668,1.109009,-2.563477,-1.525879,5.432129
4773,-0.058594,-0.183838,0.965820,-2.319336,-1.159668,5.798340
4782,-0.077148,-0.163696,1.013184,-2.441406,0.427246,7.385254
4792,-0.023804,-0.082764,1.053955,-2.380371,0.122070,7.751465
4802,-0.058594,-0.102173,1.023682,-2.624512,0.122070,7.690430
4812,-0.090576,-0.095947,0.989502,-2.990723,0.122070,7.995605
4823,-0.066284,-0.048584,1.048828,-3.417969,0.549316,8.178711
4832,-0.025635,-0.006836,1.099854,-3.723145,0.549316,8.117676
4843,-0.042847,-0.039185,1.042725,-3.967285,0.549316,8.178711
4852,-0.035522,-0.048096,1.105347,-4.089355,0.671387,8.483887
4862,0.021729,0.026489,1.025391,-3.540039,0.793457,8.728027
4872,-0.027222,-0.001221,1.002563,-3.356934,0.671387,8.850098
4882,-0.009155,0.006348,1.045288,-3.601074,0.610352,9.033203
4893,0.021484,0.067749,1.049927,-3.356934,0.427246,8.483887
4902,0.000366,-0.021240,1.049683,-2.502441,0.244141,7.873535
4913,-0.002930,-0.085815,1.082397,-1.708984,0.000000,7.019043
4922,0.013672,-0.111938,1.053223,-0.854492,-0.244141,5.249023
4932,0.007324,-0.227661,1.015259,-0.488281,-0.244141,4.333496
4942,0.070190,-0.093872,0.866943,-0.854492,-0.976562,2.929688
4952,0.127197,-0.310547,0.743164,-1.281738,-1.953125,1.647949
4963,0.132080,-0.105957,0.804321,-2.319336,-2.258301,0.610352
4972,0.172241,-0.179687,0.808838,-3.051758,-2.746582,-0.366211
4982,0.150146,-0.125977,0.816040,-3.906250,-3.112793,-1.342773
4995,0.099731,-0.171875,0.975708,-3.479004,-3.967285,-3.601074
5004,0.032227,-0.077026,1.007690,-2.441406,-4.699707,-5.004883
5014,0.014160,-0.101929,1.069336,-1.403809,-4.943848,-5.615234
5024,0.001343,-0.323364,0.898682,-0.671387,-5.065918,-5.859375
5033,0.001709,-0.090210,0.965820,-0.549316,-4.028320,-5.676270
5043,0.093140,-0.093262,1.015137,-0.610352,-2.929688,-5.065918
5053,0.021118,-0.262085,0.829102,-0.915527,-2.502441,-5.310059
5062,0.017700,-0.058472,0.904663,-1.708984,-2.990723,-6.958008
5072,-0.009766,-0.049194,0.919922,-1.525879,-3.234863,-8.056641
5082,-0.023560,-0.004028,1.068848,-1.647949,-2.868652,-8.789063
5093,-0.051270,0.117310,1.218262,-1.953125,-2.990723,-8.605957
5103,-0.024658,-0.169556,0.990356,-1.525879,-1.770020,-8.056641
5112,-0.005127,-0.080933,0.954468,-1.281738,-0.854492,-6.530762
5123,0.005371,0.113647,1.116699,-1.159668,0.244141,-4.760742
5132,-0.006836,-0.176147,1.024292,-0.732422,0.610352,-2.746582
5144,0.008301,0.030884,1.039063,-1.403809,0.793457,-2.319336
5153,0.008179,-0.057495,1.037598,-1.586914,1.220703,-1.953125
5163,-0.016724,-0.168335,0.971924,-1.892090,1.159668,-1.342773
5172,-0.018066,-0.019043,1.001831,-1.953125,1.403809,-0.244141
5182,0.030884,-0.119019,1.026855,-1.770020,1.953125,0.915527
5192,0.000000,-0.232422,1.037476,-1.831055,2.441406,2.380371
5204,0.078125,-0.173096,1.016846,-2.197266,2.685547,4.760742
5213,0.020996,-0.288452,0.874023,-3.173828,2.807617,5.615234
5223,0.002930,0.038452,1.002441,-3.540039,2.746582,5.920410
5232,-0.006470,-0.008789,1.054077,-3.540039,2.258301,6.103516
5243,-0.047974,-0.244141,0.935669,-3.540039,2.075195,5.859375
5252,-0.039551,-0.028442,1.054932,-3.112793,2.319336,5.615234
5262,-0.044312,-0.018311,1.059082,-2.197266,2.624512,5.737305
5274,0.001953,-0.242310,0.885376,-1.159668,3.356934,6.408691
5284,0.026978,-0.019897,1.036377,-1.159668,3.051758,6.530762
5293,-0.021484,-0.215942,0.931763,-0.915527,3.051758,6.286621
5303,0.043945,-0.197144,0.885010,-0.671387,2.502441,5.676270
5312,0.019653,-0.057861,0.935913,-0.366211,2.136230,5.371094
5323,0.038696,-0.185669,0.931274,-0.122070,2.014160,5.187988
5332,0.022217,-0.317993,0.878906,-0.793457,1.953125,5.126953
5344,0.082764,-0.028198,1.021973,-1.098633,2.136230,5.981445
5353,0.073486,-0.274292,0.900024,-0.976562,1.647949,6.652832
5363,0.072021,-0.119263,0.898926,-1.464844,1.403809,7.080078
5372,0.103394,0.122681,1.064575,-1.647949,0.732422,7.324219
5383,0.046509,-0.029907,1.088013,-1.586914,0.366211,7.934570
5392,0.035522,-0.120361,1.023804,-1.281738,0.244141,8.422852
5403,-0.015259,0.039185,1.032959,-1.159668,-0.061035,8.605957
5412,0.009521,0.113892,1.091553,-1.159668,0.488281,9.765625
5424,-0.029297,-0.121704,1.043213,-1.281738,0.488281,9.826660
5433,-0.064819,-0.128540,1.018066,-1.403809,0.549316,9.826660
5443,-0.066406,0.004761,1.002197,-1.525879,0.549316,9.643555
5453,-0.045898,-0.004272,1.013184,-2.075195,1.037598,9.643555
5463,-0.056030,-0.039185,1.001709,-2.746582,1.098633,9.643555
5472,-0.016235,-0.032593,0.980469,-3.112793,0.976562,9.582520
5484,-0.014893,-0.148926,0.992676,-3.173828,1.403809,10.009766
5494,-0.008789,-0.128052,0.984253,-2.685547,1.403809,10.009766
5503,0.055298,-0.112427,1.026489,-2.746582,0.732422,10.314941
5512,0.095703,-0.281250,0.982788,-2.502441,0.366211,10.559082
5523,0.160278,-0.140747,0.969482,-2.380371,-0.122070,10.375977
5532,0.167358,0.044678,1.038940,-1.953125,-0.854492,10.070801
5543,0.154907,-0.185913,1.028320,-1.220703,-1.953125,9.704590
5552,0.164917,-0.269653,0.966919,-1.525879,-3.173828,8.544922
5564,0.145142,0.080688,1.132080,-1.342773,-4.028320,7.751465
5573,0.124023,-0.120239,1.068481,-0.976562,-4.699707,6.530762
5583,0.119019,-0.280518,0.959473,-0.671387,-5.065918,5.493164
5593,0.085815,-0.108887,0.939331,-0.305176,-5.554199,4.333496
5602,0.097290,0.011841,1.025146,0.305176,-6.408691,2.746582
5613,0.068970,-0.214844,0.942627,-0.122070,-7.019043,1.647949
5622,0.022583,-0.279785,0.846680,-0.976562,-7.568359,-2.197266
5632,0.034424,-0.118164,0.929687,-0.854492,-7.812500,-3.417969
5643,-0.051270,-0.313232,0.855591,-0.915527,-7.202148,-4.760742
5653,-0.025391,-0.116577,0.973755,-1.586914,-7.507324,-6.225586
5662,-0.026855,0.045532,1.117798,-1.525879,-7.568359,-7.629395
5672,-0.007080,-0.125610,1.079224,-0.732422,-7.202148,-8.361816
5683,0.014404,-0.249146,0.997192,-0.061035,-6.835937,-9.277344
5693,0.021240,-0.102051,0.982300,0.366211,-6.042480,-9.216309
5702,0.057983,-0.094849,1.008789,0.244141,-5.554199,-8.850098
5713,0.033813,-0.225098,0.913574,0.183105,-5.065918,-8.117676
5723,0.069336,-0.118774,0.915771,0.061035,-4.760742,-6.896973
5732,0.040161,-0.115356,0.997437,-0.061035,-4.455566,-5.981445
5743,0.073853,-0.348022,0.922241,-0.061035,-4.394531,-5.004883
5753,-0.010742,-0.366455,0.807739,-0.305176,-4.150391,-4.028320
5762,-0.045898,-0.031494,0.865845,-1.770020,-2.929688,-2.075195
5773,-0.050171,-0.055176,0.830933,-2.929688,-2.685547,-1.403809
5783,-0.138794,-0.099976,0.896240,-3.784180,-1.953125,-0.732422
5793,-0.167114,0.040283,0.970459,-3.845215,-1.342773,-0.061035
5803,-0.129639,-0.054810,0.990601,-3.784180,-0.610352,1.220703
5813,-0.151123,-0.134521,0.938477,-4.028320,0.610352,2.258301
5822,-0.178345,-0.005859,0.944214,-4.394531,1.342773,3.356934
5834,-0.108521,-0.228638,0.905884,-4.272461,2.990723,5.615234
5844,-0.135132,-0.292969,0.846313,-5.187988,3.723145,6.042480
5853,-0.118530,0.009521,0.968140,-5.859375,3.967285,6.713867
5863,-0.063110,0.181641,1.065796,-6.469727,4.211426,7.202148
5872,-0.052979,0.043335,1.036621,-6.835937,4.394531,7.568359
5883,-0.065430,-0.028076,1.029663,-6.896973,4.516602,8.056641
5892,-0.036255,0.116821,1.120972,-6.530762,4.638672,8.483887
5905,-0.072510,0.072266,1.097656,-4.638672,4.638672,8.666992
5914,-0.016602,-0.051392,1.091919,-3.540039,4.211426,8.422852
5923,0.026367,-0.140747,1.054321,-2.685547,4.089355,8.544922
5933,0.031372,-0.148926,1.012817,-2.258301,3.845215,8.239746
5943,0.026855,-0.099121,1.034058,-2.380371,3.356934,7.751465
5953,0.063843,-0.062256,1.069214,-2.746582,2.990723,7.202148
5962,0.099609,-0.144287,0.991821,-2.929688,2.563477,6.530762
5974,0.043701,-0.065186,1.039429,-2.563477,1.403809,5.554199
5984,0.100952,-0.064087,1.073364,-4.028320,1.342773,5.432129
5993,0.137573,0.181763,1.445435,-3.540039,1.464844,5.432129
6002,-0.014771,-0.051270,1.228027,-1.647949,0.732422,5.371094
6013,-0.117920,-0.066650,1.241943,0.488281,-0.183105,3.723145
6023,-0.004639,-0.335938,1.097656,2.441406,-0.305176,3.051758
6033,-0.062988,-0.305664,1.082153,2.929688,-0.915527,2.136230
6042,-0.004395,-0.082642,1.020142,2.868652,-1.220703,0.793457
6054,0.064331,-0.082642,0.897095,3.051758,-0.061035,1.281738
6064,0.087769,-0.041016,1.005493,3.112793,0.854492,1.159668
6073,0.050903,-0.125000,1.037231,3.906250,0.915527,0.488281
6083,-0.017456,-0.196533,1.095337,4.638672,0.000000,-0.976562
6093,-0.003174,-0.208984,1.067505,5.310059,-0.732422,-2.441406
6103,-0.020630,-0.190674,0.958252,5.981445,-0.549316,-3.601074
6112,0.035278,-0.093628,0.932739,6.896973,-0.671387,-5.126953
6123,0.039795,-0.295532,0.854614,7.141113,-0.671387,-5.798340
6133,0.051880,-0.224121,0.826782,6.774902,-0.427246,-6.408691
6142,0.004028,-0.137573,0.947998,6.652832,0.000000,-7.141113
6153,0.017090,-0.056763,1.029663,6.408691,0.244141,-7.751465
6162,0.010986,-0.089355,1.053589,6.530762,0.671387,-8.300781
6174,0.010376,-0.233765,0.901367,6.408691,1.281738,-8.422852
6183,0.026611,-0.184692,0.716919,4.638672,2.136230,-7.751465
6194,0.101929,-0.107666,0.763062,2.807617,2.136230,-6.835937
6203,0.054932,0.067627,0.910156,1.281738,2.624512,-5.432129
6213,0.029053,0.068970,1.075562,1.159668,2.685547,-4.089355
6223,0.024658,-0.093872,1.047852,1.281738,2.868652,-3.540039
6232,-0.043945,-0.228638,0.947998,1.403809,3.173828,-2.563477
6244,-0.026733,-0.059937,0.955811,-0.305176,4.577637,0.610352
6254,-0.025757,-0.239380,0.973145,-0.610352,5.065918,2.258301
6263,-0.047363,-0.280518,0.994019,-0.915527,4.394531,3.051758
6273,0.004639,-0.018921,1.052124,-1.525879,4.699707,4.150391
6283,0.017944,-0.145874,1.037354,-1.586914,4.882812,4.943848
6293,0.075317,-0.195557,1.029907,-3.356934,5.432129,5.981445
6303,0.059204,-0.109619,1.042236,-5.004883,5.554199,7.446289
6313,0.046631,-0.098145,0.918213,-5.371094,5.737305,8.361816
6324,0.004028,-0.035156,1.016602,-5.126953,5.004883,9.155273
6334,0.016846,-0.117798,1.015625,-5.737305,4.211426,7.995605
6344,-0.057129,-0.156006,0.981934,-6.408691,3.540039,7.080078
6353,0.000244,-0.061279,1.018188,-6.774902,3.417969,7.263184
6363,0.022949,0.069702,1.058716,-6.835937,3.784180,7.873535
6373,0.083496,0.121948,1.058716,-6.835937,4.272461,9.643555
6383,0.049194,0.043091,1.087280,-6.652832,4.577637,11.535645
6394,0.049438,-0.025513,1.005615,-6.469727,4.455566,14.221191
6404,0.078613,0.042969,0.988159,-6.042480,3.967285,14.526367
6413,0.014160,0.046265,0.978516,-5.249023,3.662109,14.587402
6423,-0.005371,-0.120850,0.894531,-5.065918,2.746582,14.343262
6433,-0.026489,-0.180908,0.841919,-5.432129,1.953125,13.854980
6443,-0.081543,0.040161,0.904907,-5.920410,1.953125,13.549805
6454,-0.045776,0.107178,1.041138,-5.981445,2.075195,13.183594
6464,-0.103271,-0.037109,1.042603,-5.126953,2.502441,13.366699
6473,-0.064697,-0.007324,1.071533,-3.601074,2.807617,13.610840
6483,-0.110840,-0.029297,1.145996,-1.281738,3.356934,13.977051
6494,-0.068237,-0.045532,1.187744,0.122070,3.234863,14.221191
6503,-0.027954,-0.222290,1.062622,1.647949,3.234863,14.221191
6513,0.043091,-0.374146,0.961060,2.441406,2.868652,14.099121
6523,0.062134,-0.524048,0.751709,2.380371,2.319336,13.916016
6534,0.126099,-0.101807,0.741699,-14.343262,0.671387,13.183594
6544,0.145752,-0.177856,0.759521,-1.892090,0.244141,13.366699
6553,0.181274,-0.223267,0.823486,-3.417969,-0.488281,13.488770
6564,0.150269,0.041504,0.951050,-4.394531,-1.098633,13.671875
6573,0.109009,0.126099,1.120972,-4.211426,-1.831055,13.549805
6583,0.075928,0.048706,1.204956,-3.784180,-2.380371,14.038086
6593,0.082520,0.042236,1.224731,-2.624512,-2.868652,13.916016
6604,0.089722,-0.109741,1.107544,0.549316,-3.845215,13.366699
6614,0.037476,-0.108643,1.170166,1.403809,-3.967285,13.366699
6623,0.046387,-0.088257,1.101196,2.136230,-4.699707,12.756348
6634,0.011841,-0.136230,1.022217,2.807617,-5.065918,11.718750
6643,0.047485,-0.128662,0.991577,2.319336,-5.432129,10.681152
6654,0.061035,-0.046631,0.963379,1.342773,-5.493164,9.216309
6663,0.020508,-0.214355,0.934570,0.854492,-6.408691,7.263184
6674,0.024414,-0.108765,1.025635,0.244141,-7.507324,3.662109
6684,0.028931,-0.063232,0.980225,0.488281,-7.934570,2.380371
6693,0.005493,-0.167358,0.988403,0.610352,-8.178711,1.220703
6703,0.028564,-0.140015,0.985718,0.854492,-7.873535,0.549316
6713,0.025146,-0.085083,1.031738,0.915527,-7.934570,-0.366211
6723,-0.033203,-0.142700,1.062866,1.464844,-7.751465,-0.854492
6733,0.024414,-0.114624,1.116943,1.525879,-7.629395,-0.976562
6745,0.020386,-0.183350,0.985352,1.220703,-6.469727,-1.464844
6754,0.019531,-0.289917,0.965942,0.732422,-6.591797,-1.647949
6763,0.068848,-0.265259,0.858154,-0.549316,-6.774902,-1.770020
6773,0.010254,-0.287109,0.833496,-1.708984,-6.774902,-2.014160
6784,0.050659,-0.138062,0.871582,-2.624512,-7.019043,-2.319336
6793,0.098022,0.019653,0.948242,-3.479004,-7.080078,-2.746582
6803,0.033936,-0.077515,0.901855,-3.295898,-6.774902,-3.112793
6815,-0.000610,-0.040039,0.890137,-2.014160,-6.591797,-3.723145
6824,0.005371,0.015381,0.964111,-1.770020,-5.981445,-3.784180
6834,-0.000977,-0.050903,0.961182,-1.586914,-5.859375,-3.967285
6844,-0.035522,-0.149780,0.979736,-1.098633,-5.432129,-4.211426
6853,-0.030762,-0.167114,0.962891,-0.793457,-5.065918,-3.967285
6863,-0.103760,-0.093628,0.923584,-0.793457,-4.699707,-4.089355
6873,-0.087402,-0.057129,0.959595,-1.159668,-3.845215,-2.502441
6885,-0.088867,0.037231,1.094360,-1.770020,-2.319336,-2.136230
6894,-0.078491,-0.024780,1.042114,-2.014160,-1.770020,-2.075195
6904,-0.070190,-0.125610,0.978516,-1.953125,-1.525879,-1.770020
6914,-0.000854,-0.110352,1.012939,-2.075195,-1.281738,-2.136230
6924,-0.036255,-0.082397,1.011475,-2.502441,-1.525879,-2.502441
6933,0.039917,0.056885,1.073975,-2.624512,-1.586914,-2.929688
6943,0.042725,0.041748,1.181885,-2.319336,-1.159668,-2.685547
6955,0.011108,-0.053223,1.056396,-1.037598,-1.281738,-2.807617
6964,0.020630,-0.013184,1.044434,-0.427246,-1.037598,-2.075195
6974,0.048340,-0.055908,1.065552,-0.305176,-1.220703,-1.831055
6984,0.029907,-0.211304,0.860107,-0.854492,-1.342773,-1.464844
6994,0.017456,-0.490601,0.331177,-2.075195,-1.281738,-1.037598
7003,0.036743,-0.259155,0.578979,-5.493164,-0.671387,-0.427246
7013,0.038818,0.056274,0.809082,-8.605957,-0.976562,-0.061035
7023,-0.031250,0.394653,1.188721,-9.155273,-0.793457,-0.183105
7034,-0.128418,-0.170776,0.930786,-7.019043,-0.549316,0.000000
7043,-0.074219,-0.096802,1.117432,-7.263184,0.305176,0.366211
7053,-0.093140,0.187134,1.243774,-6.958008,1.403809,1.586914
7064,-0.083008,0.126343,1.128906,-4.760742,2.014160,2.624512
7073,-0.070801,-0.122559,0.958374,-2.319336,2.075195,3.051758
7086,0.002197,-0.299561,0.920532,0.183105,2.441406,1.770020
7095,-0.014648,-0.235352,0.962158,0.122070,2.197266,1.220703
7104,0.046143,-0.077393,0.959106,-0.793457,1.953125,1.098633
7114,0.063110,-0.084473,0.959351,-1.159668,2.136230,1.281738
7123,-0.008789,-0.140259,0.988647,-0.854492,2.136230,2.014160
7133,0.004639,-0.202026,1.005127,-0.122070,1.953125,2.563477
7143,-0.000244,-0.209473,1.031616,-0.122070,2.197266,3.234863
7153,0.004028,-0.038696,1.094849,-0.549316,2.197266,5.065918
7165,-0.008789,-0.115234,0.945068,0.305176,2.441406,5.493164
7174,-0.009644,-0.231079,0.888794,0.366211,2.624512,5.554199
7184,-0.026123,-0.290161,0.926025,-0.305176,2.075195,5.004883
7194,0.048340,-0.173096,1.011719,-1.525879,1.708984,4.699707
7203,-0.012329,-0.026611,1.061401,-2.258301,1.647949,4.516602
7213,0.034668,0.026855,1.048340,-2.685547,1.586914,4.272461
7224,-0.019287,-0.103760,1.048462,-2.685547,1.953125,4.577637
7234,0.056885,-0.126343,1.046509,-3.112793,1.708984,4.638672
7243,0.044189,-0.124878,1.018311,-3.723145,1.159668,4.394531
7253,0.073975,-0.073853,0.993042,-4.150391,1.098633,3.845215
7263,0.074707,0.191895,0.965332,-4.150391,0.549316,3.234863
7273,0.059692,-0.067139,0.944702,-2.075195,0.061035,2.075195
7283,0.032471,-0.367920,0.940674,0.183105,0.183105,1.708984
7296,0.063965,-0.393677,1.087036,1.220703,-0.305176,1.281738
7305,-0.004150,-0.311157,0.970215,2.136230,-1.037598,0.854492
7315,0.071045,-0.160645,0.903931,1.403809,-1.586914,-0.061035
7324,0.104248,-0.149780,0.908691,1.220703,-1.831055,-0.854492
7334,0.060303,-0.178101,0.833862,0.793457,-1.831055,-1.037598
7344,0.107666,-0.203857,0.795410,-0.366211,-1.831055,-0.854492
7353,0.084595,-0.143677,0.863281,-1.403809,-2.014160,-0.427246
7363,0.044434,-0.110840,0.920410,-1.892090,-2.075195,-0.305176
7375,0.066650,0.026245,1.096191,-2.441406,-1.892090,0.000000
7384,0.071411,0.064941,1.152954,-2.319336,-2.136230,-0.122070
7394,-0.002686,-0.026855,1.133301,-1.708984,-2.014160,0.122070
7403,0.064941,-0.032104,1.071411,-0.976562,-1.953125,0.549316
7413,0.025635,0.016846,1.061646,-0.915527,-1.647949,0.854492
7424,0.003784,0.008179,1.088989,-0.854492,-1.770020,0.671387
7433,0.039063,-0.004272,1.052246,-1.220703,-1.831055,0.671387
7445,-0.043701,-0.045654,1.010132,-1.464844,-1.586914,-0.061035
7454,-0.044678,-0.046875,1.026855,-1.525879,-1.159668,-0.122070
7464,-0.056763,-0.041504,1.041504,-1.647949,-1.159668,0.000000
7473,-0.046143,-0.034912,1.041870,-1.220703,-0.976562,0.244141
7483,-0.059448,-0.046387,1.047974,-0.915527,-0.793457,0.732422
7494,-0.009644,-0.068726,1.041870,-0.671387,-0.732422,1.159668
7503,-0.061157,-0.077393,1.035522,-0.488281,0.305176,2.441406
7513,0.025024,-0.084229,1.030151,-0.122070,0.183105,3.479004
7524,0.084717,-0.121216,0.963135,0.488281,0.183105,4.150391
7533,0.068848,-0.166748,0.929687,0.915527,0.183105,4.760742
7543,0.052002,-0.250854,0.904053,1.281738,-0.183105,5.554199
7553,0.047363,-0.286743,0.907349,1.159668,-0.671387,5.676270
7564,0.051514,-0.139404,0.894897,0.427246,-1.220703,5.432129
7573,0.081543,-0.103027,0.938110,0.000000,-1.220703,5.920410
7584,0.056641,-0.104248,0.910156,-0.854492,-1.892090,5.432129
7594,0.017822,-0.149414,0.929077,-0.915527,-2.441406,4.577637
7604,0.001709,-0.128174,1.003174,-0.793457,-2.441406,3.540039
7613,-0.001831,0.016113,1.003174,-0.793457,-2.929688,2.563477
7624,-0.067871,-0.017822,1.040527,-0.122070,-2.807617,2.319336
7633,-0.072510,-0.036133,0.994507,0.488281,-2.685547,2.197266
7643,-0.049438,-0.145264,0.991211,0.671387,-1.953125,3.173828
7654,-0.067505,-0.158936,0.942627,0.610352,-0.915527,3.845215
7664,-0.083740,-0.196777,0.938354,0.427246,-0.549316,4.699707
7674,-0.035278,-0.056274,0.911377,-0.427246,-0.488281,5.554199
7683,-0.088623,-0.042969,1.054932,-1.098633,-0.305176,6.164551
7693,-0.038208,0.082886,1.131470,-1.892090,-0.122070,6.774902
7703,0.031494,0.022827,1.176880,-1.831055,0.122070,7.446289
7715,-0.029419,-0.150146,1.104736,-0.793457,-0.061035,8.361816
7725,-0.072510,-0.250366,1.025024,-0.366211,-0.244141,8.483887
7735,0.020020,-0.180786,0.993530,-0.183105,-0.122070,8.483887
7744,-0.076782,-0.366455,0.902954,-0.244141,-0.366211,8.666992
7754,-0.007446,-0.261841,0.834839,-1.098633,-0.244141,8.544922
7763,0.014648,-0.081177,0.930176,-2.685547,0.000000,8.666992
7773,-0.010376,-0.102661,0.971924,-3.845215,-0.366211,8.728027
7783,0.003052,-0.179199,0.915527,-4.394531,-0.793457,7.751465
7795,-0.045532,-0.151001,0.951416,-5.187988,-0.854492,5.371094
7804,-0.090210,0.011108,1.045898,-5.615234,-1.098633,4.089355
7814,0.020874,0.003906,1.113037,-5.249023,-1.586914,2.929688
7823,-0.079468,0.024048,1.040771,-4.760742,-1.525879,1.647949
7833,-0.061401,-0.023804,0.983398,-3.967285,-1.281738,0.976562
7844,0.035278,-0.097534,0.993652,-3.295898,-0.854492,0.549316
7853,0.036987,-0.164917,0.970581,-3.173828,-1.647949,-1.586914
7863,0.006348,-0.053955,0.983398,-3.295898,-1.708984,-2.319336
7874,0.060791,-0.006226,1.024536,-2.868652,-2.197266,-2.929688
7883,0.092041,-0.013794,1.041992,-2.502441,-2.685547,-3.479004
7893,0.077271,-0.055176,1.034912,-2.441406,-2.624512,-3.295898
7904,0.125732,-0.105713,1.002686,-2.441406,-2.136230,-3.173828
7913,0.089722,-0.133545,0.954346,-2.563477,-2.014160,-2.563477
7923,0.082642,-0.096680,0.891846,-2.685547,-2.075195,-2.258301
7934,0.084351,0.001587,1.000732,-2.075195,-2.807617,-1.831055
7944,0.042358,-0.070312,1.035645,-1.953125,-3.295898,-2.075195
7953,0.013550,-0.086670,1.054199,-2.014160,-3.662109,-2.441406
7963,-0.010742,-0.157593,0.991577,-1.892090,-3.417969,-2.502441
7974,-0.044189,-0.188599,0.950562,-1.953125,-2.990723,-2.319336
7983,-0.030762,-0.106934,0.979858,-2.136230,-2.441406,-2.075195
7993,-0.065552,-0.060059,1.052368,-2.502441,-1.770020,-2.136230
8003,-0.042969,0.030151,1.043091,-3.051758,-1.525879,-2.746582
8014,-0.061768,-0.105347,0.949707,-2.563477,-1.464844,-3.112793
8023,-0.078247,-0.045288,0.976318,-2.319336,-1.281738,-2.685547
8033,-0.049561,-0.060547,0.977905,-1.647949,-0.854492,-2.136230
8043,-0.023560,-0.134155,0.922485,-0.976562,-0.183105,-1.220703
8053,0.005127,-0.053223,0.894897,-0.854492,0.549316,-0.244141
8066,-0.010742,-0.158081,0.855347,-1.708984,1.098633,0.854492
8075,-0.009277,-0.150391,0.850586,-1.953125,0.549316,0.671387
8085,-0.011841,-0.117798,0.898560,-2.014160,0.793457,0.732422
8094,-0.040161,-0.041016,0.971313,-2.441406,0.122070,0.549316
8104,0.012939,-0.003662,1.024048,-2.807617,0.549316,1.159668
8113,0.009888,-0.047974,1.036865,-2.563477,1.037598,1.770020
8123,-0.015137,-0.139526,1.017944,-2.502441,1.037598,2.868652
8135,0.015625,-0.124634,0.990967,-2.441406,1.586914,5.371094
8145,0.029785,-0.093140,0.998657,-2.319336,1.525879,6.347656
8154,-0.008301,-0.070923,1.031616,-2.380371,1.586914,7.141113
8164,0.062988,-0.004395,1.122803,-2.380371,0.793457,7.507324
8174,0.012329,-0.041016,1.209106,-2.258301,0.488281,7.629395
8183,-0.039307,-0.111938,1.212402,-1.647949,0.000000,7.202148
8193,0.010254,-0.083252,1.142578,-1.159668,-0.183105,6.713867
8206,0.016479,-0.241089,0.995728,0.976562,-0.488281,5.920410
8215,0.047485,-0.154419,0.945068,0.488281,-0.610352,5.493164
8225,0.122559,-0.147827,0.932251,0.244141,-1.159668,5.310059
8234,0.052002,-0.204346,0.885986,-0.305176,-1.708984,4.882812
8243,0.086670,-0.080322,0.904785,-1.586914,-2.563477,4.394531
8253,0.102905,-0.036255,0.848267,-2.502441,-2.990723,3.662109
8263,0.027344,-0.072021,0.941162,-3.234863,-3.723145,3.112793
8274,0.065674,-0.036499,0.947998,-4.089355,-3.723145,2.990723
8284,0.050659,0.081177,0.950439,-4.272461,-3.845215,2.807617
8293,0.020020,0.026978,1.036865,-4.089355,-4.272461,2.807617
8304,0.088013,-0.055176,0.976074,-4.089355,-4.577637,2.380371
8313,0.054199,-0.080688,0.988770,-4.028320,-5.004883,1.831055
8324,0.018188,-0.149292,0.929565,-3.601074,-5.187988,0.610352
8333,0.072144,-0.122314,0.897827,-3.173828,-5.065918,0.183105
8343,0.012573,-0.044312,0.959229,-2.746582,-4.943848,-0.488281
8355,0.032959,-0.132812,0.973633,-2.502441,-5.310059,-1.525879
8364,-0.008179,-0.168091,0.945557,-2.563477,-5.432129,-2.014160
8374,0.031860,-0.156616,0.951416,-2.868652,-5.249023,-2.319336
8384,-0.078613,-0.166260,0.929077,-2.685547,-5.065918,-2.746582
8393,-0.029175,-0.103394,0.957275,-2.624512,-4.821777,-2.929688
8404,-0.083374,0.000854,1.000732,-2.929688,-4.638672,-3.112793
8413,-0.056152,-0.013184,1.019043,-2.319336,-3.723145,-3.173828
8423,-0.023560,-0.098633,0.998291,-2.441406,-3.295898,-3.173828
8434,0.001343,-0.104492,1.052246,-2.624512,-3.173828,-3.479004
8443,-0.018555,-0.077393,1.106323,-2.563477,-3.295898,-3.417969
8453,0.015991,-0.000366,1.196167,-2.624512,-3.479004,-3.723145
8464,0.043457,0.046753,1.198730,-2.868652,-3.906250,-4.028320
8473,0.058716,0.007935,1.129761,-2.746582,-4.089355,-3.723145
8483,0.073486,0.015137,1.096558,-2.197266,-3.784180,-2.624512
8495,0.119263,0.001221,0.965454,-1.586914,-3.906250,-2.441406
8504,0.110596,-0.070557,0.978516,-1.403809,-4.516602,-2.807617
8514,0.155762,-0.212036,0.979492,-1.281738,-5.065918,-3.601074
8523,0.091064,-0.192749,0.938843,-1.220703,-5.920410,-4.821777
8533,0.080078,-0.194580,0.877563,-1.281738,-6.286621,-5.676270
8544,0.039551,-0.093628,0.942627,-1.342773,-6.408691,-6.469727
8553,0.059570,0.004883,0.982178,-1.525879,-6.530762,-7.263184
8563,-0.006348,-0.073486,0.952026,-0.671387,-6.652832,-7.812500
8573,-0.062012,-0.148315,0.891479,-0.061035,-6.408691,-8.239746
8584,-0.072144,-0.128418,0.918823,0.244141,-6.042480,-8.300781
8594,-0.050537,-0.068726,0.932007,0.549316,-5.554199,-8.605957
8603,-0.059937,-0.065430,0.991211,0.610352,-4.760742,-8.728027
8613,-0.027832,-0.046997,0.925293,0.488281,-4.272461,-8.666992
8626,-0.009155,-0.250244,0.881348,1.037598,-3.173828,-8.666992
8635,-0.057129,-0.146362,0.917358,0.671387,-3.173828,-9.033203
8645,-0.002319,-0.067749,0.969116,0.427246,-3.234863,-9.521484
8655,0.023315,-0.115845,0.969360,0.854492,-3.173828,-10.070801
8664,0.012817,-0.090820,0.997070,0.854492,-2.746582,-10.253906
8673,0.020142,0.053345,1.003662,0.793457,-2.868652,-10.620117
8683,0.070312,-0.119507,1.042969,1.403809,-2.136230,-10.375977
8695,0.067993,-0.175049,1.075195,0.427246,-1.892090,-10.375977
8705,0.052002,-0.153076,1.056885,0.061035,-1.953125,-9.948730
8715,0.041992,-0.185669,1.004272,0.000000,-1.708984,-9.765625
8724,0.008179,-0.168945,1.010864,-0.305176,-1.586914,-9.704590
8734,0.003906,-0.023560,1.078369,-0.915527,-1.525879,-9.643555
8744,-0.015625,-0.007202,1.137695,-1.098633,-1.098633,-9.216309
8753,-0.007568,-0.045166,1.151245,-1.342773,-1.037598,-9.094238
8763,-0.019897,-0.054077,1.121460,-1.159668,-0.854492,-8.850098
8773,-0.031250,-0.066040,1.029419,-0.854492,-0.305176,-8.239746
8784,-0.002319,-0.096069,1.036011,-1.037598,0.122070,-7.812500
8793,0.002075,-0.063599,1.021729,-1.037598,0.061035,-7.263184
8804,-0.008179,-0.020386,1.007202,-1.281738,0.427246,-6.774902
8813,-0.018799,-0.102417,0.951050,-1.220703,0.915527,-6.286621
8828,-0.040771,-0.090088,0.980469,-1.159668,1.159668,-5.920410
8838,-0.028198,-0.094604,0.990967,-1.464844,1.037598,-5.859375
8848,-0.050781,-0.060547,0.962036,-1.464844,1.281738,-5.737305
8857,-0.087769,-0.052246,0.979858,-1.403809,1.647949,-5.798340
8867,-0.066040,-0.028076,1.032959,-1.037598,1.708984,-6.103516
8877,-0.078369,-0.040649,1.090698,-0.061035,2.807617,-5.615234
8886,-0.118286,-0.113281,1.043823,1.770020,3.295898,-5.187988
8896,-0.057251,-0.076782,1.018311,2.075195,3.845215,-4.394531
8906,-0.080566,-0.127563,0.965820,2.685547,4.211426,-3.356934
8915,-0.046387,-0.157715,0.856201,2.929688,4.272461,-2.502441
8924,-0.042847,-0.076294,0.835083,2.685547,4.943848,-1.708984
8934,-0.038574,-0.035400,0.852783,2.075195,5.554199,-0.854492
8944,-0.051025,-0.080811,0.843384,1.342773,5.371094,-0.366211
8953,-0.039307,-0.136353,0.828369,0.793457,5.920410,-0.244141
8963,-0.099609,-0.073853,0.853760,0.061035,6.103516,0.061035
8974,-0.066162,0.011230,0.902100,-0.915527,5.859375,1.098633
8984,-0.042236,0.056030,1.039307,-1.403809,6.164551,1.953125
8993,-0.069580,-0.017944,1.036377,-1.464844,6.591797,2.502441
9003,-0.057007,-0.115967,1.033325,-1.586914,6.958008,3.540039
9014,-0.066284,-0.083496,1.075928,-1.525879,6.774902,4.455566
9023,-0.047241,0.000610,1.144043,-1.708984,7.324219,5.493164
9034,-0.010132,-0.001099,1.147583,-1.281738,7.873535,6.591797
9043,-0.029785,-0.057739,1.086548,-0.976562,7.324219,7.690430
9055,0.016968,-0.079224,1.018799,-0.732422,7.019043,7.995605
9064,0.059326,-0.031982,1.026123,-0.671387,6.530762,8.117676
9074,0.025391,-0.109863,1.038208,-0.793457,6.103516,7.812500
9083,0.062622,-0.122314,1.036499,-1.220703,5.187988,7.446289
9093,-0.000244,-0.089844,1.025146,-1.403809,4.394531,6.835937
9104,0.027588,-0.092163,1.009277,-0.976562,4.272461,6.652832
9113,-0.023071,-0.136108,0.980591,-0.549316,4.516602,6.958008
9125,-0.023682,-0.096313,0.943359,-0.488281,4.211426,7.141113
9135,-0.000244,-0.182373,0.871948,-0.732422,4.211426,7.446289
9144,-0.015625,-0.174805,0.865479,-1.525879,3.784180,7.324219
9154,-0.022827,-0.029785,0.883667,-2.441406,3.662109,7.202148
9163,-0.003540,0.033325,0.970581,-3.173828,3.479004,7.080078
9174,-0.023437,0.016724,1.003784,-3.479004,3.234863,6.958008
9183,-0.005493,-0.004639,0.992676,-3.295898,3.356934,7.446289
9193,-0.052368,-0.106201,0.989258,-3.112793,3.295898,7.507324
9204,-0.041504,0.006348,1.033691,-2.380371,2.929688,7.568359
9213,-0.026001,-0.018677,1.024048,-1.708984,2.685547,7.812500
9223,-0.042603,-0.084717,1.010010,-1.037598,2.563477,7.812500
9234,-0.026611,-0.171021,0.958008,-0.244141,2.929688,7.690430
9244,-0.013916,-0.196899,0.949219,-0.122070,2.624512,7.202148
9253,-0.009644,-0.205933,0.920166,-0.122070,1.892090,5.737305
9263,0.002563,-0.178711,0.982666,-0.366211,1.586914,5.310059
9274,0.040527,-0.064819,1.028442,-0.671387,1.342773,4.638672
9283,0.005127,-0.139893,0.968384,-0.976562,0.915527,4.150391
9294,0.004761,-0.154541,0.944946,-1.098633,0.732422,3.234863
9303,0.022461,-0.124512,0.974731,-1.159668,0.793457,2.807617
9315,-0.002930,-0.057495,1.006470,-1.831055,0.244141,2.075195
9325,-0.007080,-0.008423,1.083862,-1.892090,0.732422,1.892090
9334,-0.027344,-0.055420,1.067627,-1.647949,0.610352,1.647949
9344,0.007446,-0.067261,1.062622,-1.281738,1.037598,1.220703
9353,0.030151,-0.104614,1.092041,-1.220703,0.671387,0.854492
9364,0.044922,-0.187134,1.026367,-0.915527,0.610352,0.122070
9374,0.096436,-0.214478,0.978027,-0.976562,-0.122070,-0.488281
9383,0.097168,-0.244263,0.879639,-1.770020,-0.610352,-1.159668
9393,0.112671,-0.204956,0.830078,-3.479004,-1.342773,-2.624512
9403,0.122437,0.033081,1.004395,-4.211426,-2.075195,-3.479004
9414,0.089478,0.008911,1.012939,-4.211426,-2.441406,-4.211426
9424,0.000732,-0.002319,1.085571,-3.479004,-2.319336,-5.004883
9433,0.007080,-0.018188,1.075317,-2.563477,-2.380371,-5.920410
9444,-0.003418,-0.083130,1.052979,-1.586914,-2.075195,-6.164551
9453,-0.008057,-0.135986,0.999756,-0.915527,-1.708984,-5.981445
9466,0.058716,-0.091187,0.935913,-1.403809,-0.915527,-5.493164
9475,0.015259,-0.095215,0.890869,-1.831055,-0.671387,-5.126953
9485,-0.014404,-0.063721,0.942017,-1.892090,-0.610352,-4.638672
9495,-0.030151,-0.081299,0.963257,-1.953125,-0.671387,-4.577637
9504,-0.060059,-0.067749,0.970093,-1.953125,0.061035,-4.211426
9514,-0.061768,-0.001465,0.990479,-2.014160,0.488281,-3.540039
9524,-0.041138,-0.031860,0.950684,-1.770020,0.793457,-2.807617
9533,-0.023560,-0.133789,0.919189,-1.342773,1.586914,-0.793457
9544,-0.013428,-0.100952,0.821655,-1.464844,2.136230,0.244141
9553,0.008911,-0.002686,0.907471,-2.136230,2.197266,1.159668
9564,0.036133,-0.039673,0.960083,-2.929688,2.380371,2.014160
9574,0.013062,-0.098877,1.007080,-3.479004,2.624512,2.868652
9584,-0.007813,-0.057007,1.028809,-3.356934,2.624512,4.150391
9594,-0.058350,-0.033447,1.110962,-3.234863,2.502441,5.126953
9603,-0.025635,0.004883,1.155273,-2.624512,2.868652,6.591797
9613,-0.061035,-0.015747,1.077515,-2.258301,2.868652,6.774902
9624,-0.023315,-0.093506,0.996094,-2.014160,2.868652,7.141113
9634,0.022827,-0.047485,0.958740,-1.586914,2.929688,7.080078
9643,0.024048,-0.038330,0.964478,-1.647949,2.502441,6.591797
9654,0.041260,0.005371,1.035889,-1.770020,1.770020,5.798340
9665,0.056763,-0.036865,1.047607,-1.464844,1.037598,4.333496
9674,0.006714,-0.202515,0.920288,-0.793457,0.610352,3.967285
9684,0.058716,-0.207275,0.917969,-0.793457,0.732422,3.601074
9694,0.087769,-0.152710,0.981689,-1.342773,0.305176,3.356934
9704,0.029053,-0.013672,1.063110,-2.136230,-0.061035,2.563477
9714,0.043335,0.010376,1.026489,-2.746582,-0.427246,1.647949
9723,-0.017700,-0.002197,1.014648,-2.868652,-0.854492,0.732422
9735,-0.029175,-0.023437,1.022339,-1.586914,-0.488281,-0.854492
9745,-0.041504,-0.060547,1.134033,-0.183105,-0.610352,-1.098633
9755,-0.047852,-0.318604,0.805908,0.976562,-0.732422,-1.281738
9764,0.014526,-0.185303,0.776245,0.549316,-0.488281,-1.525879
9774,0.103271,-0.327393,0.621582,-0.793457,-0.366211,-1.525879
9784,0.140991,-0.244629,0.600342,-2.807617,-1.037598,-2.197266
9794,0.137329,0.087891,0.876831,-5.065918,-1.342773,-2.441406
9804,0.121704,0.117920,0.943726,-5.554199,-1.586914,-2.929688
9813,0.040039,-0.041626,0.875610,-4.455566,-1.953125,-3.540039
9823,0.035034,-0.125122,1.075073,-4.272461,-2.014160,-3.234863
9834,0.024658,0.093506,1.221558,-4.028320,-1.525879,-2.990723
9844,-0.022217,0.100586,1.149170,-3.417969,-1.525879,-2.136230
9854,-0.029297,-0.047852,1.033936,-1.892090,-1.342773,-1.281738
9864,-0.041748,-0.182739,0.979004,-0.915527,-0.671387,-0.549316
9874,-0.009766,-0.234863,0.924927,-0.793457,-0.488281,-0.427246
9884,0.025269,-0.127319,0.985474,-2.563477,-0.610352,-0.061035
9894,0.062012,0.073853,1.116333,-2.990723,-0.732422,-0.305176
9904,-0.002808,-0.055298,1.084106,-2.563477,-0.854492,-0.305176
9914,0.006104,-0.153564,1.057739,-2.014160,-0.793457,-0.427246
9924,0.005615,-0.186279,1.044067,-2.014160,-0.610352,-0.671387
9934,-0.009277,-0.173706,1.089478,-2.258301,-0.305176,-0.732422
9945,-0.015381,-0.078003,1.033569,-2.990723,-0.366211,-1.770020
9955,-0.018433,-0.047241,0.961548,-2.319336,-0.122070,-2.197266
9965,-0.009644,-0.056152,1.003662,-1.953125,-0.244141,-2.807617
9975,-0.011108,-0.029053,1.080322,-2.563477,-0.610352,-3.540039
9984,-0.024536,0.046997,1.109253,-3.234863,-0.122070,-4.089355
9994,-0.033569,-0.001831,1.015869,-3.540039,-0.183105,-3.906250
10004,-0.029663,-0.013306,0.969604,-3.356934,0.244141,-3.540039
10013,-0.027222,0.024658,0.969360,-3.051758,0.671387,-2.990723
10025,0.021484,0.096680,1.098877,-2.868652,1.220703,-1.892090
10035,0.014771,0.020142,0.956177,-3.417969,0.976562,-1.586914
10044,0.046387,0.061035,0.938354,-3.356934,1.281738,-0.976562
10054,0.067871,0.127808,0.948730,-2.502441,1.770020,-0.305176
10064,-0.017700,0.099487,0.940430,-0.610352,1.586914,0.183105
10074,-0.003296,-0.116211,0.977661,1.220703,1.831055,0.610352
10085,0.005127,-0.218750,0.994507,1.647949,1.525879,1.098633
10095,0.023071,-0.086792,0.967041,1.220703,2.136230,1.281738
10104,-0.023560,-0.064819,0.915894,1.342773,1.647949,1.831055
10114,-0.044189,-0.105835,0.891724,1.892090,1.770020,2.197266
10124,-0.055786,-0.110596,0.957520,2.136230,1.708984,2.502441
10134,-0.012085,-0.108398,0.990967,2.014160,2.258301,2.929688
10144,-0.013550,-0.022705,0.977661,0.915527,2.624512,3.295898
10154,0.017456,0.096680,0.974121,0.061035,2.380371,3.845215
10165,-0.017944,-0.063110,1.026855,0.732422,3.051758,4.699707
10175,-0.027832,-0.051392,1.100342,0.915527,2.746582,4.638672
10184,0.002930,0.067993,1.161621,0.488281,2.624512,4.638672
10195,0.033691,0.072144,1.109863,-0.244141,2.197266,4.821777
10204,0.011841,-0.030762,0.993530,-0.732422,2.502441,4.821777
10215,0.030273,0.059570,0.944702,-0.671387,2.258301,5.310059
10224,-0.000610,0.192017,1.004150,-0.061035,2.563477,5.615234
10235,0.000244,-0.178345,1.035767,-0.305176,1.708984,4.882812
10245,0.010864,-0.092163,1.007568,-1.037598,1.403809,4.394531
10254,-0.015503,0.188477,1.010620,-1.586914,0.854492,3.967285
10265,0.018311,0.120605,1.036743,-1.220703,0.793457,3.784180
10274,0.004517,-0.117920,0.961914,-0.732422,1.220703,3.784180
10284,0.015137,-0.039063,1.061768,-0.915527,1.159668,3.784180
10294,0.001099,0.116577,1.076294,-1.403809,0.976562,3.601074
10305,-0.014893,0.024902,0.838867,-1.708984,1.159668,3.540039
10315,0.020264,-0.013794,0.827515,-1.037598,1.159668,3.479004
10324,0.040039,-0.093628,0.904297,-0.976562,0.671387,3.112793
10334,0.032715,-0.149780,0.946533,-1.220703,0.549316,2.441406
10344,0.036377,-0.095459,0.966797,-2.136230,0.000000,1.831055
10354,0.012817,0.033203,0.934448,-2.990723,0.061035,1.342773
10367,-0.001831,0.042847,0.965820,-2.197266,0.305176,1.892090
10376,-0.023071,-0.000977,1.008423,-1.831055,-0.061035,1.831055
10385,-0.007080,-0.065796,1.051270,-1.953125,0.000000,2.014160
10395,-0.010376,0.013062,1.052612,-2.197266,0.122070,2.319336
10404,-0.035767,0.083496,1.024170,-2.075195,0.854492,2.868652
10414,-0.024902,0.005127,0.899292,-1.098633,1.403809,3.845215
10425,-0.007813,-0.005005,0.993408,-0.366211,1.708984,4.821777
10434,-0.008179,-0.163330,0.956909,-0.305176,1.464844,5.493164
10446,0.039185,0.015747,1.006958,-2.746582,0.549316,5.126953
10455,0.020264,-0.019897,0.850586,-3.417969,0.244141,5.249023
10464,0.015625,0.158447,0.925537,-3.723145,0.671387,5.249023
10474,0.037476,0.098755,1.046509,-3.234863,0.488281,5.187988
10484,-0.038574,-0.132324,1.006226,-2.990723,0.488281,5.310059
10494,-0.003784,0.113037,1.184204,-3.723145,0.244141,5.187988
10507,-0.019043,-0.060181,0.977417,-3.845215,1.098633,4.943848
10516,-0.027954,0.216919,1.103516,-3.173828,0.976562,4.943848
10526,0.003540,-0.072754,0.981567,-2.075195,0.976562,4.638672
10535,-0.013428,-0.078857,0.983032,-2.014160,0.488281,3.906250
10545,0.091064,0.108398,1.192261,-2.380371,0.061035,2.990723
10554,0.001221,-0.222412,0.954468,-2.502441,-0.305176,2.319336
10564,0.082886,0.083496,1.022095,-2.502441,-0.244141,1.586914
10577,0.056519,-0.053589,0.902100,-2.136230,-0.732422,1.525879
10586,0.078735,0.068604,1.042236,-2.502441,-0.793457,1.220703
10596,0.057739,-0.066284,0.938599,-2.990723,-1.464844,0.610352
10605,0.051514,0.091919,0.999634,-3.723145,-1.647949,0.122070
10615,0.052124,-0.031982,0.888184,-3.540039,-1.770020,-0.366211
10625,0.029541,0.109863,0.958252,-3.112793,-1.525879,-0.366211
10634,-0.002319,0.022461,0.985229,-2.563477,-1.586914,-0.610352
10647,0.004028,0.057251,1.098633,-1.708984,-1.342773,-0.549316
10656,-0.004639,-0.144165,0.933716,-1.098633,-1.220703,-0.366211
10666,0.009521,-0.031250,1.003052,-0.793457,-1.281738,-0.793457
10676,0.064819,-0.098877,0.888916,-1.098633,-1.037598,-0.793457
10685,0.015259,0.008667,0.957397,-1.892090,-1.403809,-0.854492
10695,0.042847,-0.024048,0.943970,-2.197266,-1.464844,-1.037598
10705,0.005249,0.105835,1.006470,-2.258301,-1.403809,-1.098633
10714,0.011230,0.052002,1.054565,-2.075195,-1.281738,-1.708984
10726,0.008667,0.115967,1.160767,-2.014160,-0.915527,-1.953125
10735,-0.019653,-0.048096,1.011108,-1.708984,-1.037598,-1.708984
10745,0.003906,0.180542,1.089844,-1.403809,-0.488281,-1.464844
10755,-0.003784,-0.078857,0.904419,-0.610352,0.000000,-1.159668
10764,0.023071,0.055664,1.064819,-0.305176,-0.061035,-0.976562
10775,0.005249,-0.170044,0.929687,0.244141,-0.122070,-0.793457
10784,0.032959,-0.007202,0.997803,-0.061035,0.183105,-0.915527
10796,0.026001,0.070923,1.050659,-0.976562,0.061035,-0.976562
10805,0.002319,-0.016846,1.012695,-0.854492,0.305176,-1.342773
10815,-0.016479,0.059937,1.061768,-0.671387,-0.427246,-1.220703
10825,-0.010010,0.017822,1.136230,-0.122070,-0.305176,-1.159668
10835,-0.010742,-0.004517,1.044678,-0.061035,0.061035,-0.732422
10845,-0.009277,0.064087,1.098999,-0.305176,0.488281,0.000000
10854,-0.024536,0.010254,0.964233,0.183105,1.220703,1.647949
10866,0.017334,-0.049072,0.924316,0.488281,1.464844,2.258301
10875,0.031738,-0.004395,1.050049,0.244141,1.464844,2.746582
10884,0.012085,-0.095337,0.965576,0.305176,1.342773,3.051758
10895,0.022827,0.054810,1.076538,-0.427246,1.525879,3.295898
10904,-0.009644,0.010864,1.007324,-0.671387,1.037598,3.417969
10915,0.030396,0.031982,1.049805,-0.305176,1.159668,3.173828
10925,-0.034668,0.020508,0.962036,0.610352,1.037598,4.089355
10936,0.010498,0.037231,1.016235,0.915527,1.281738,4.455566
10945,-0.002563,0.000977,0.988770,0.793457,1.098633,4.577637
10955,-0.022217,0.039673,1.007568,0.793457,1.098633,4.882812
10965,-0.008545,-0.026367,0.919312,0.793457,1.342773,5.310059
10974,-0.017456,0.036133,0.987305,0.854492,1.892090,5.676270
10985,-0.016113,-0.065308,0.924194,0.793457,1.953125,5.920410
10994,-0.011475,-0.031982,0.946777,0.671387,1.831055,6.835937
11006,-0.015137,-0.052368,0.984619,0.549316,1.770020,7.080078
11015,0.009644,-0.015747,1.011475,1.098633,1.892090,7.446289
11024,-0.020996,-0.058838,0.955078,1.220703,1.647949,7.812500
11035,-0.024902,-0.022827,0.940674,1.098633,1.770020,8.300781
11044,-0.007690,-0.103516,0.907471,0.976562,2.075195,8.544922
11055,-0.036621,-0.046753,0.921509,0.549316,1.831055,8.666992
11064,-0.001953,0.005859,0.988770,-0.427246,1.831055,8.178711
11076,0.001587,0.046753,1.016357,-1.037598,1.525879,8.056641
11085,-0.009033,0.002563,1.006958,-1.037598,1.342773,7.873535
11095,0.003052,0.017334,1.000000,-1.281738,1.281738,7.812500
11105,-0.004517,0.051880,1.043701,-1.159668,1.159668,7.995605
11114,-0.002930,-0.040771,1.009033,-0.854492,1.525879,8.300781
11125,0.016479,0.035522,1.050171,-0.732422,1.647949,8.178711
11134,0.042236,-0.038818,0.989502,-0.793457,0.793457,7.385254
11146,0.028198,-0.010986,1.050659,-1.159668,0.183105,7.202148
11156,0.040649,-0.038330,0.947388,-1.342773,0.488281,7.019043
11165,0.020630,0.069458,1.010742,-1.708984,-0.122070,6.652832
11174,0.035278,0.018799,1.008789,-1.831055,-0.244141,6.225586
11185,0.016357,-0.034180,0.960937,-1.708984,-0.305176,5.859375
11196,0.047852,0.018188,1.027710,-2.502441,-0.732422,5.493164
11206,0.051758,0.000610,1.025635,-2.990723,-0.915527,5.371094
11216,0.028931,0.094971,1.005493,-2.990723,-0.732422,5.310059
11226,0.014160,0.041626,0.982666,-2.868652,-0.976562,5.065918
11235,-0.000732,-0.031006,0.979370,-2.685547,-0.793457,4.516602
11245,0.005859,0.003662,1.022461,-2.258301,-0.549316,4.150391
11255,0.026245,-0.029663,1.007568,-2.258301,-0.732422,3.479004
11265,0.010376,-0.087280,0.960937,-2.502441,-1.525879,2.746582
11274,0.027710,-0.073730,0.989868,-2.502441,-1.647949,1.159668
11286,0.049316,-0.050049,0.922729,-3.051758,-2.014160,0.915527
11296,0.051636,0.010498,0.972168,-3.173828,-1.708984,0.732422
11305,0.047241,0.009521,0.988037,-3.356934,-2.014160,0.488281
11315,0.031494,0.013428,0.945557,-3.601074,-2.319336,0.549316
11325,0.038208,0.031982,1.042358,-3.967285,-2.441406,0.183105
11336,0.039673,0.081787,1.079712,-3.173828,-2.563477,-0.183105
11346,0.012695,-0.080322,0.993408,-2.685547,-2.563477,-0.366211
11355,0.006470,-0.008057,1.013184,-2.685547,-2.136230,-0.549316
11365,0.029663,0.047852,1.049438,-2.441406,-1.647949,-0.854492
11375,0.020020,-0.071777,0.955566,-2.014160,-1.892090,-1.159668
11384,0.028809,-0.050903,0.977539,-1.892090,-2.319336,-1.525879
11395,0.020874,0.001953,1.083252,-1.831055,-2.502441,-1.708984
11405,0.007324,-0.024780,0.998291,-1.403809,-2.807617,-1.831055
11414,0.009644,-0.118286,1.019287,-1.159668,-2.563477,-2.441406
11426,0.038818,0.034302,1.014038,-1.281738,-2.014160,-2.197266
11436,0.031982,0.022583,0.952026,-1.342773,-1.770020,-2.197266
11445,0.013672,-0.021118,0.958008,-1.159668,-1.953125,-2.014160
11455,0.001709,0.049683,1.002441,-1.159668,-1.892090,-1.770020
11465,0.010132,0.013550,1.030273,-1.159668,-2.197266,-1.464844
11475,-0.010498,-0.024536,0.993774,-0.976562,-1.953125,-0.976562
11486,-0.009277,-0.003174,1.008423,-0.854492,-1.037598,-0.061035
11496,0.006226,0.036011,0.993774,-0.793457,-0.183105,0.610352
11505,-0.004150,-0.000366,0.909668,-0.427246,-0.183105,1.159668
11515,0.015259,-0.036255,0.971436,-0.488281,-0.244141,1.220703
11524,-0.012329,-0.005859,0.959106,-0.671387,-0.183105,1.220703
11535,-0.001953,-0.051514,0.959839,-0.610352,-0.366211,1.403809
11545,0.002808,-0.075806,0.932495,-0.427246,-0.305176,1.586914
11555,0.012329,-0.095581,0.920044,-1.708984,0.000000,2.319336
11565,0.006104,-0.071899,0.890991,-2.075195,0.000000,2.563477
11575,0.020752,0.017456,0.882080,-2.563477,-0.244141,2.746582
11584,0.013184,0.037598,0.883911,-2.929688,-0.427246,2.807617
11595,0.003784,0.060181,1.031494,-3.234863,-0.427246,2.807617
11605,-0.005859,0.043213,0.997559,-3.662109,-0.366211,2.990723
11616,-0.027832,0.037598,1.010986,-3.723145,0.305176,3.967285
11626,-0.020508,0.061646,1.067383,-3.356934,0.671387,4.516602
11635,-0.002075,0.062622,1.051025,-3.601074,0.427246,5.126953
11645,0.009155,0.032104,1.025024,-3.479004,0.366211,5.126953
11655,0.040771,-0.065308,1.000244,-3.173828,0.305176,4.821777
11665,-0.005737,-0.046143,0.933716,-3.112793,0.061035,4.821777
11674,0.023437,0.018677,1.043579,-3.051758,0.122070,4.577637
11685,0.031982,0.010498,1.053955,-3.051758,0.183105,4.089355
11694,0.019409,-0.032593,0.994873,-2.685547,-0.732422,3.173828
11705,0.018188,-0.073364,1.015625,-2.685547,-0.915527,2.929688
11715,-0.012207,-0.010010,0.962280,-2.624512,-0.610352,2.685547
11725,-0.001465,0.024170,1.054565,-2.685547,-0.305176,2.807617
11735,0.000488,0.018677,1.045166,-2.441406,-0.122070,2.807617
11744,-0.011475,-0.018799,0.965454,-2.441406,-0.061035,2.807617
11756,0.018677,-0.020752,1.016968,-2.746582,-0.671387,2.502441
11766,0.021240,-0.050049,0.962769,-2.746582,-0.793457,2.075195
11776,0.032837,-0.077759,1.016479,-2.502441,-0.244141,1.708984
11785,0.033936,-0.045654,1.056274,-2.380371,-0.244141,1.342773
11795,0.008179,0.064453,1.033691,-2.136230,-0.427246,1.220703
11805,0.031494,0.013672,1.009033,-2.136230,-0.305176,1.037598
11815,0.035522,-0.061523,1.000366,-1.770020,-0.427246,0.976562
11826,0.040283,-0.039429,0.978638,-1.831055,-0.976562,0.488281
11836,0.032227,-0.048950,0.951782,-2.075195,-1.220703,0.183105
11846,0.044800,-0.096802,0.950806,-2.014160,-1.220703,0.000000
11855,0.023437,-0.043335,1.001709,-2.014160,-1.098633,-0.183105
11865,0.036499,0.005737,1.019287,-2.441406,-1.220703,-0.305176
11875,0.022217,0.023926,0.963623,-2.624512,-1.464844,-0.366211
11885,0.015747,-0.005005,0.932983,-2.624512,-1.586914,-0.610352
11896,0.012451,0.022827,0.988525,-3.173828,-1.831055,-0.671387
11906,-0.013916,0.028687,0.973999,-3.417969,-1.403809,-0.732422
11916,-0.017212,0.037231,1.002441,-3.479004,-1.403809,-0.732422
11925,-0.006348,0.011475,0.988525,-3.356934,-1.098633,-0.488281
11935,0.001831,0.011719,0.976196,-3.234863,-0.732422,-0.183105
11945,0.020752,-0.017090,0.999146,-2.990723,-0.549316,0.305176
11955,0.007080,-0.037964,0.985107,-2.929688,-0.549316,0.244141
11965,0.045288,0.037109,1.051514,-3.234863,-0.488281,0.000000
11976,0.006104,0.008545,1.008789,-2.197266,-0.793457,-0.244141
11986,-0.011230,0.003906,1.018799,-1.831055,-0.610352,-0.183105
11996,-0.025269,-0.018677,1.008911,-1.708984,-0.854492,-0.305176
12006,0.002197,-0.035767,1.015259,-1.647949,-1.037598,-0.610352
12016,0.005005,-0.014282,1.015625,-1.464844,-0.488281,-0.549316
12025,0.018799,-0.030029,0.993042,-0.976562,-0.488281,-0.427246
12035,0.009155,-0.037231,0.964844,-0.854492,-0.305176,-0.244141
12045,0.005737,-0.026123,0.963867,-0.427246,-0.244141,-0.305176
12055,-0.016113,-0.008911,0.962036,-0.244141,-0.122070,-0.305176
12065,-0.012329,-0.046753,0.967896,-0.366211,-0.183105,-0.427246
12075,-0.003174,-0.002563,1.005493,-0.244141,-0.549316,-0.183105
12085,0.029419,-0.014038,1.024902,-0.183105,0.122070,0.122070
12095,0.020142,0.020264,1.053345,-0.061035,0.183105,0.549316
12105,0.021362,0.000854,1.043823,0.244141,0.488281,0.793457
12116,0.000977,0.026245,1.031006,0.122070,0.671387,0.610352
12126,-0.015991,0.008911,1.012817,0.244141,0.488281,0.549316
12135,0.000732,-0.026855,0.993408,0.488281,0.671387,0.549316
12145,-0.000977,0.011108,1.012207,0.366211,0.610352,0.427246
12155,0.038940,-0.062500,0.997070,0.366211,0.305176,0.610352
12165,0.040161,-0.017456,1.018066,0.000000,-0.122070,0.427246
12176,0.045532,-0.057739,1.038086,-0.244141,0.244141,0.610352
12186,0.016113,-0.084351,1.009766,-0.244141,0.000000,0.671387
12196,0.011597,-0.037964,0.982910,-0.183105,0.244141,0.671387
12205,0.008545,-0.039917,0.982056,-0.244141,0.183105,0.793457
12215,0.026123,0.014893,0.984619,-0.671387,-0.366211,0.732422
12225,0.015869,0.029785,0.973389,-0.793457,0.000000,0.427246
12235,0.009644,0.057739,0.998657,-1.220703,-0.122070,0.488281
12246,0.015015,0.043579,0.977905,-1.953125,0.366211,1.098633
12255,-0.013306,0.040649,1.000732,-1.831055,0.427246,1.403809
12266,-0.005005,0.056885,1.026855,-1.953125,0.305176,1.647949
12275,0.014893,0.022217,1.008423,-1.647949,0.488281,1.831055
12285,0.016846,0.006348,1.001587,-1.770020,0.427246,2.014160
12296,0.013550,-0.003540,0.936890,-1.892090,0.244141,2.319336
12305,0.012573,0.022461,1.003296,-2.136230,0.488281,2.502441
12318,-0.007568,-0.019531,0.986938,-1.831055,0.427246,2.685547
12327,-0.011353,0.006470,0.992554,-2.075195,0.488281,2.746582
12337,-0.010620,0.004761,1.041748,-1.892090,0.854492,2.868652
12346,-0.016235,-0.007813,1.010742,-1.586914,0.915527,3.173828
12356,-0.006714,-0.029053,1.010498,-1.342773,0.671387,3.479004
12366,0.004517,-0.051880,0.989868,-0.976562,0.732422,3.662109
12375,0.012817,-0.061279,1.001221,-0.732422,1.220703,3.906250
12385,-0.008423,-0.038330,0.991211,-0.610352,1.403809,4.272461
12396,-0.022217,-0.003296,0.975464,-0.793457,1.464844,4.760742
12406,-0.024414,-0.015503,0.993530,-0.488281,1.770020,5.126953
12416,-0.023315,-0.016968,1.008667,-0.183105,2.075195,5.493164
12425,-0.011108,-0.002319,1.028564,-0.122070,2.014160,5.676270
12436,-0.001465,-0.036987,0.995483,-0.122070,1.892090,6.042480
12445,-0.003540,-0.021362,0.987427,-0.183105,1.892090,6.591797
12455,0.022583,-0.020996,1.001953,0.061035,2.197266,7.202148
12466,0.031372,-0.072510,1.006104,-0.061035,2.014160,7.446289
12476,-0.009277,0.018311,1.003296,-0.122070,2.136230,7.934570
12485,0.012817,-0.012329,0.991943,-0.366211,2.014160,8.178711
12496,-0.006226,0.002441,0.987183,-0.183105,1.831055,8.300781
12505,0.010986,-0.049072,0.974365,-0.244141,1.708984,8.239746
12516,0.000610,-0.022217,0.993530,-0.610352,1.403809,8.117676
12525,0.015503,-0.054932,0.987427,-0.854492,1.342773,7.812500
12536,0.008667,-0.042847,0.967773,-1.037598,1.037598,7.629395
12546,0.015625,-0.011719,0.980591,-1.342773,1.281738,7.385254
12555,-0.001587,-0.027588,0.961670,-1.525879,1.159668,7.324219
12565,0.026489,-0.070801,0.972534,-1.831055,0.915527,7.080078
12575,0.007202,-0.023682,0.945679,-2.075195,0.427246,6.713867
12585,0.028931,0.029297,0.966187,-2.197266,0.671387,6.103516
12598,0.012451,-0.011719,0.994507,-2.319336,0.183105,5.004883
12607,-0.000977,0.007446,1.002075,-2.380371,0.183105,4.455566
12616,0.025024,0.009521,1.015381,-2.441406,0.366211,3.967285
12626,0.010864,0.059692,1.026855,-2.197266,0.366211,3.784180
12635,0.042114,0.045532,1.035034,-2.380371,-0.183105,3.540039
12646,0.046631,0.030029,1.030029,-2.258301,-0.244141,3.356934
12655,0.042847,-0.031616,0.985962,-2.136230,0.305176,3.295898
12665,0.048950,-0.092163,0.993042,-2.502441,-0.366211,3.356934
12677,0.035400,-0.023682,1.000854,-2.807617,-0.366211,2.990723
12686,0.031250,0.009399,0.994141,-2.563477,-0.732422,2.990723
12696,0.029297,-0.000122,1.018311,-2.502441,-1.037598,2.929688
12705,0.011108,-0.018066,1.037354,-2.502441,-1.159668,2.807617
12716,0.001831,-0.061768,0.983765,-2.380371,-1.037598,2.441406
12725,0.011963,-0.064575,0.991333,-2.563477,-1.037598,2.441406
12735,-0.003174,0.009155,0.988403,-2.563477,-0.549316,2.441406
12747,-0.007935,-0.030029,0.985474,-2.075195,-0.732422,2.380371
12756,0.002686,-0.099487,1.004883,-2.014160,-0.610352,2.319336
12766,0.001587,-0.048462,1.004395,-2.075195,-0.671387,2.197266
12775,0.013794,-0.057129,0.983765,-1.953125,-0.366211,2.014160
12786,0.017944,-0.015869,0.969360,-1.892090,-0.183105,1.892090
12795,0.016235,0.031616,0.997070,-2.014160,-0.488281,1.708984
12808,0.027466,0.004883,0.977051,-1.586914,-0.610352,1.831055
12817,0.032471,-0.009644,1.006958,-1.647949,-1.037598,1.770020
12827,0.040161,0.006348,0.965088,-1.647949,-0.671387,1.770020
12836,0.025635,0.029419,1.020264,-1.403809,-0.427246,1.953125
12846,0.024780,-0.007690,1.017334,-1.220703,-0.366211,2.075195
12855,0.010986,0.024658,1.062866,-1.281738,-0.305176,2.014160
12866,0.022095,-0.050903,0.987915,-1.220703,-0.488281,1.647949
12875,0.019287,-0.061890,1.009644,-0.976562,-0.671387,1.770020
12887,0.024902,-0.027588,1.047241,-0.732422,-0.854492,1.586914
12896,0.010254,0.056641,1.056274,-0.549316,-0.366211,1.464844
12906,0.018555,-0.035889,1.005005,-0.549316,-0.610352,1.403809
12915,0.007080,-0.065308,0.973877,-0.244141,-0.366211,1.159668
12926,-0.000366,0.026611,1.041504,-0.122070,-0.549316,0.976562
12935,0.015747,-0.032837,1.025391,-0.122070,-0.610352,0.915527
12948,0.022217,-0.031250,1.014160,-0.122070,-0.732422,0.549316
12957,0.002563,-0.098877,0.985596,0.061035,-0.976562,0.610352
12967,0.003662,0.044312,1.043701,-0.061035,-0.793457,0.305176
12976,0.015991,-0.024536,1.027222,-0.122070,-0.366211,0.488281
12986,0.019775,-0.018677,1.005249,-0.061035,-0.427246,0.427246
12996,0.023437,-0.055054,0.965332,-0.061035,-0.427246,0.671387
13006,0.016357,-0.040771,0.973145,0.061035,-0.488281,0.976562
13016,0.021606,0.044312,1.005249,-0.122070,-0.549316,0.976562
13027,0.027222,0.005859,0.991943,-0.366211,-0.610352,0.854492
13036,0.008545,-0.022217,0.979248,-0.732422,-0.488281,0.854492
13046,0.008057,0.011230,1.008911,-0.671387,-0.427246,0.976562
13056,0.011841,0.081055,0.993286,-0.854492,-0.427246,1.098633
13066,0.024658,0.005371,0.989990,-0.549316,-0.366211,1.525879
13076,0.001099,-0.007324,1.004517,-0.427246,-0.244141,1.708984
13086,-0.006226,0.016724,1.007568,-0.549316,-0.183105,2.014160
13097,-0.002075,-0.013794,0.981567,-0.610352,0.000000,2.319336
13107,0.014526,-0.000488,1.007935,-0.610352,0.366211,2.197266
13116,0.018433,-0.047852,0.985107,-0.305176,0.183105,2.441406
13126,0.011108,-0.026123,0.988037,-0.488281,-0.122070,2.380371
13135,0.009033,0.031982,1.018677,-0.671387,0.000000,2.380371
13146,-0.000977,-0.011597,0.977905,-0.549316,-0.122070,2.563477
13155,-0.009766,0.004028,0.969849,-0.244141,0.366211,3.051758
13167,0.009888,-0.013184,1.021851,0.244141,0.305176,3.173828
13177,-0.006958,-0.023560,0.948120,0.183105,0.488281,3.417969
13186,0.026245,-0.024170,0.984741,0.244141,0.366211,3.112793
13196,0.024902,-0.035278,0.958618,0.366211,0.244141,3.112793
13206,0.009155,-0.045654,0.949585,0.305176,0.122070,3.417969
13216,0.026367,-0.160522,0.846191,0.244141,0.305176,3.540039
13227,0.028198,-0.086548,0.869141,-0.488281,0.549316,3.906250
13237,0.038208,0.028442,1.065796,-1.770020,0.427246,4.028320
13246,0.034302,-0.083008,0.960815,-1.342773,0.305176,3.967285
13255,-0.023926,-0.039673,0.990967,-1.342773,0.122070,3.845215
13265,0.020508,0.018555,1.004517,-1.708984,0.366211,3.723145
13276,-0.013062,-0.040039,0.914429,-1.647949,0.305176,4.028320
13286,-0.027710,0.112915,1.016357,-1.892090,0.305176,4.150391
13297,-0.008423,0.077515,1.046875,-2.136230,0.854492,4.394531
13307,-0.006836,0.116333,1.105957,-1.403809,0.610352,4.516602
13316,-0.004517,-0.109009,0.985596,-0.488281,1.037598,4.699707
13326,-0.009033,-0.229492,0.945190,0.183105,1.037598,4.882812
13336,0.041260,-0.054077,1.011719,-1.220703,1.403809,5.187988
13345,0.083374,0.035645,1.001587,-2.380371,1.159668,5.004883
13356,0.028564,-0.049683,0.880615,-2.197266,0.488281,4.760742
13367,0.034546,-0.059937,1.006348,-1.831055,0.305176,4.333496
13376,0.018921,-0.061890,1.085693,-2.563477,-0.183105,4.455566
13386,-0.026245,-0.014160,1.020508,-3.173828,0.427246,4.760742
13395,-0.040161,0.073730,1.024536,-3.479004,0.427246,5.310059
13406,-0.010742,0.040649,0.989502,-2.563477,1.403809,6.286621
13415,-0.033325,-0.014160,0.982178,-1.708984,1.220703,6.652832
13427,-0.005371,-0.006104,1.063354,-1.892090,1.220703,6.530762
13437,0.004150,-0.010498,1.001953,-2.502441,1.770020,6.286621
13447,0.013916,0.063599,0.989624,-2.624512,2.319336,6.347656
13456,0.000977,-0.040405,0.951904,-1.831055,2.380371,6.469727
13466,-0.003784,-0.050049,1.029419,-1.281738,1.953125,6.347656
13476,-0.000732,-0.054321,1.018921,-1.342773,2.075195,6.530762
13486,0.020996,-0.053833,1.041870,-1.892090,1.220703,6.286621
13496,0.016113,-0.041870,0.992310,-1.892090,1.831055,5.981445
13506,0.011475,-0.008423,0.951050,-1.647949,1.525879,5.920410
13517,-0.006958,-0.116821,0.977295,-1.037598,1.770020,6.164551
13527,-0.020996,-0.047729,1.031006,-1.708984,1.464844,6.408691
13536,-0.000488,-0.013672,1.016724,-2.197266,1.892090,6.835937
13546,-0.005005,-0.015747,0.961060,-2.197266,1.953125,7.446289
13556,-0.002197,0.010254,0.988525,-2.197266,2.502441,7.873535
13566,0.002075,0.004761,0.984863,-1.770020,2.380371,8.178711
13575,0.016113,-0.024536,1.024780,-1.770020,2.502441,8.422852
13587,0.028320,0.036987,1.007813,-2.380371,2.929688,8.422852
13597,0.030029,0.000000,0.958862,-2.502441,2.807617,8.728027
13606,0.034058,0.006348,0.980347,-2.380371,2.685547,9.155273
13616,0.009521,-0.043457,0.962158,-2.136230,2.685547,9.277344
13626,0.015381,0.013794,1.017334,-2.380371,2.624512,9.216309
13635,0.010620,-0.026978,0.993530,-2.563477,2.563477,9.277344
13648,0.016968,0.009766,0.979126,-3.173828,2.929688,9.033203
13657,0.012451,0.008911,1.003174,-3.051758,2.990723,9.582520
13666,0.009888,-0.063477,0.964722,-2.685547,2.990723,9.582520
13676,0.014038,-0.049316,1.003418,-2.929688,2.990723,9.521484
13686,0.029785,0.026367,0.999756,-3.601074,2.990723,9.521484
13696,0.024780,-0.001465,0.994507,-3.845215,2.990723,9.643555
13707,0.018799,-0.022949,0.965088,-3.295898,2.563477,9.399414
13717,0.021729,0.005249,0.992065,-3.356934,2.319336,9.643555
13727,0.038940,-0.048706,1.006714,-3.417969,2.807617,9.643555
13737,0.036011,-0.039185,1.026245,-3.540039,2.563477,9.826660
13746,0.030640,0.003662,1.009399,-3.845215,2.807617,9.826660
13756,0.032837,0.015991,1.004639,-3.479004,2.746582,9.704590
13766,0.030029,-0.044556,0.987305,-3.417969,2.441406,9.460449
13776,0.041626,-0.020020,1.013428,-3.173828,2.624512,9.460449
13787,0.057007,-0.002197,0.992554,-3.662109,2.685547,9.460449
13797,0.068115,-0.046753,1.010376,-3.173828,2.624512,9.399414
13806,0.051270,-0.057495,0.979248,-3.051758,2.136230,9.216309
13816,0.061646,-0.000366,1.042236,-3.417969,2.441406,9.094238
13826,0.060791,-0.057495,0.970947,-3.173828,2.075195,9.094238
13835,0.064209,-0.038208,1.039185,-2.990723,2.014160,9.216309
13847,0.051270,-0.064331,0.958496,-3.417969,1.464844,8.544922
13858,0.048340,-0.074829,0.946167,-2.990723,1.525879,8.361816
13868,0.060547,-0.007813,1.036499,-3.173828,1.403809,7.812500
13877,0.046875,-0.037964,0.961792,-3.540039,0.915527,7.324219
13887,0.042847,0.038330,1.027710,-3.601074,0.976562,6.652832
13896,0.057251,0.027100,0.982056,-3.662109,1.159668,6.225586
13906,0.055908,0.037354,1.030640,-3.662109,0.854492,5.554199
13916,0.064087,0.035156,1.018677,-3.601074,0.732422,5.126953
13927,0.056885,0.095581,1.049316,-3.784180,0.854492,4.150391
13937,0.071045,0.026489,0.988892,-3.723145,0.488281,3.601074
13946,0.079712,0.060181,1.043091,-3.784180,0.000000,2.929688
13956,0.083008,0.024536,0.979736,-3.540039,-0.366211,2.380371
13966,0.078125,0.093994,1.043823,-3.784180,-0.366211,1.647949
13976,0.077393,0.009155,0.981323,-3.356934,-0.427246,0.915527
13986,0.104248,0.038696,1.037231,-3.356934,-0.793457,0.183105
13997,0.071167,0.076172,0.976807,-3.417969,-0.854492,-1.342773
14007,0.075684,0.140625,1.042358,-3.295898,-1.220703,-1.953125
14016,0.073242,0.067017,0.952515,-3.051758,-1.403809,-2.685547
14026,0.058716,0.086914,1.010742,-2.807617,-1.281738,-2.868652
14036,0.049927,0.097534,1.037354,-2.990723,-1.220703,-3.234863
14046,0.046021,0.075073,0.989380,-2.807617,-1.281738,-3.662109
14057,0.015625,0.128296,1.051514,-2.685547,-1.342773,-3.723145
14067,0.021729,-0.023804,0.977783,-2.197266,-0.793457,-3.601074
14077,0.025635,0.067871,1.071533,-2.258301,-0.427246,-3.723145
14087,0.034424,-0.040894,0.959229,-2.075195,-1.037598,-4.028320
14096,0.035767,0.016968,0.984131,-2.380371,-0.854492,-3.845215
14107,0.041992,0.082642,1.062744,-2.746582,-0.427246,-3.845215
14116,0.058960,-0.006836,0.970459,-2.197266,-0.671387,-4.150391
14126,0.042480,-0.028564,0.990234,-1.892090,-0.549316,-3.967285
14137,0.074097,-0.017456,0.966431,-2.075195,-0.488281,-4.333496
14147,0.050781,0.032593,0.941162,-1.770020,-0.732422,-4.516602
14156,0.077026,0.104614,1.040649,-2.136230,-0.732422,-4.821777
14166,0.087280,0.028931,0.938599,-1.525879,-0.915527,-5.371094
14176,0.053101,-0.048828,0.913452,-1.342773,-1.281738,-5.615234
14187,0.062500,0.114258,1.065430,-2.075195,-1.281738,-5.798340
14196,0.084229,0.107422,1.001099,-2.075195,-1.586914,-6.286621
14206,0.034790,0.034912,0.916382,-1.403809,-1.281738,-6.652832
14217,0.092041,0.133545,1.077271,-1.892090,-1.342773,-7.141113
14227,0.078857,0.078613,0.973267,-1.831055,-1.831055,-7.568359
14236,0.021484,0.056519,0.945435,-2.075195,-1.647949,-7.629395
14246,0.086182,0.154663,1.036255,-2.502441,-1.525879,-7.629395
14256,0.077759,0.128418,1.032593,-2.136230,-2.197266,-8.178711
14266,0.044678,0.012329,0.965088,-1.159668,-1.831055,-8.605957
14277,0.033569,0.030273,1.057129,-1.037598,-1.770020,-8.728027
14287,0.002930,0.062866,1.050903,-1.525879,-1.647949,-8.850098
14296,-0.011475,0.000000,0.975342,-1.220703,-1.281738,-9.033203
14306,0.023560,-0.012817,0.986450,-0.976562,-1.708984,-8.361816
14316,0.053467,-0.038574,1.004639,-0.732422,-0.610352,-7.995605
14326,0.027588,0.015991,1.059814,-1.525879,-1.037598,-7.995605
14336,-0.026733,0.035522,0.984375,-1.464844,-0.732422,-7.995605
14347,-0.068237,0.058838,0.916626,-1.403809,-0.549316,-7.751465
14357,-0.061523,0.073853,0.992187,-1.342773,-0.427246,-7.751465
14367,-0.002197,0.037842,1.102539,-1.403809,-0.488281,-7.568359
14376,-0.049561,0.032593,1.014771,-1.220703,0.061035,-7.141113
14386,-0.034180,0.051758,0.938354,-1.220703,1.281738,-6.164551
14396,-0.010498,0.053223,0.971802,-1.342773,2.319336,-5.187988
14408,-0.028076,0.038452,0.974731,-0.732422,2.624512,-4.638672
14417,-0.054810,0.013550,0.972412,-0.671387,2.563477,-4.150391
14427,-0.032104,0.002930,0.982300,-0.793457,2.929688,-3.540039
14436,-0.019653,-0.007690,0.992798,-1.159668,3.540039,-2.746582
14446,-0.010742,0.013428,0.997437,-1.464844,3.967285,-1.831055
14456,0.063232,-0.061890,0.973877,-1.342773,4.943848,-0.793457
14466,-0.015137,-0.081787,0.873657,-0.976562,4.760742,-0.244141
14476,0.042480,-0.179687,1.071655,-0.427246,4.333496,-0.183105
14486,0.052734,-0.114502,0.988525,0.061035,4.394531,0.915527
14497,0.199219,0.013062,0.966553,-0.549316,4.821777,1.403809
14507,0.188110,0.070557,0.942383,-0.793457,4.333496,1.281738
14516,0.147461,0.063477,1.003296,-1.342773,3.417969,0.122070
14526,0.138184,0.073975,1.059692,-1.525879,2.441406,-1.464844
14536,0.144897,-0.007324,1.086914,-1.281738,1.892090,-3.173828
14546,0.106323,-0.047485,1.071777,-0.671387,1.770020,-4.638672
14557,0.140503,-0.150269,1.046509,-0.183105,0.549316,-7.690430
14567,0.150879,-0.183838,1.044434,0.549316,-0.122070,-9.338379
14577,0.196655,-0.127686,1.042358,0.488281,-0.671387,-10.986328
14586,0.232056,-0.145142,1.004639,0.610352,-1.953125,-12.817383
14596,0.185547,-0.219727,1.011597,0.671387,-2.746582,-14.282227
14606,0.163086,-0.245605,1.047241,0.122070,-3.173828,-15.380859
14616,0.188599,-0.170044,1.057007,-0.549316,-3.173828,-16.113281
14627,0.065430,-0.100464,1.000366,-1.159668,-4.211426,-17.456055
14637,0.026367,-0.119995,0.992310,-1.098633,-4.760742,-17.822266
14647,-0.053711,-0.067017,0.986938,-1.403809,-4.699707,-18.432617
14657,-0.102905,0.014893,0.977539,-2.136230,-4.577637,-18.798828
14666,0.046875,0.085449,0.988892,-2.441406,-4.089355,-18.676758
14676,-0.101074,0.106201,0.920410,-2.197266,-3.723145,-17.761230
14688,-0.163696,0.053833,0.893555,-1.892090,-1.525879,-13.977051
14697,-0.118896,0.088623,0.973511,-2.502441,-0.244141,-11.657715
14707,-0.132446,0.135376,0.979248,-2.746582,0.976562,-9.399414
14717,-0.143677,0.111450,0.966187,-2.258301,2.502441,-7.080078
14726,-0.159912,0.047974,0.943604,-1.770020,3.784180,-5.065918
14736,-0.208008,0.010376,0.941040,-1.586914,4.455566,-3.356934
14747,-0.175415,-0.005981,0.956299,-1.708984,5.126953,-1.708984
14757,-0.135498,-0.006348,0.973267,-1.770020,7.019043,0.610352
14766,-0.091553,-0.013062,0.961426,-1.647949,7.385254,1.770020
14776,-0.022827,-0.046753,0.964233,-1.342773,7.690430,3.112793
14787,0.039063,-0.053467,0.999268,-1.220703,7.995605,4.272461
14796,0.069214,-0.075195,1.000854,-0.976562,7.812500,5.065918
14807,0.078247,-0.101563,0.998779,-0.854492,7.873535,5.615234
14816,0.106934,-0.104004,1.011719,-0.610352,7.873535,5.981445
14829,0.171997,-0.122559,1.004395,-0.793457,7.690430,7.568359
14838,0.196411,-0.130615,0.989746,-0.610352,7.873535,8.361816
14848,0.192627,-0.117188,0.978516,-0.976562,7.568359,9.094238
14857,0.173828,-0.091431,0.980713,-0.976562,6.896973,9.460449
14867,0.153687,-0.083618,0.997192,-0.976562,5.676270,8.850098
14876,0.162109,-0.081909,1.002075,-0.915527,5.371094,8.239746
14887,0.183472,-0.074707,0.999756,-1.159668,4.577637,7.507324
14896,0.206299,-0.057739,0.992187,-1.281738,3.845215,7.019043
14908,0.248779,-0.040527,1.005737,-1.647949,3.051758,6.225586
14917,0.219238,-0.059937,0.998657,-1.831055,2.685547,5.737305
14927,0.187256,-0.076538,1.002563,-2.014160,2.014160,5.432129
14936,0.180054,-0.065552,1.027466,-2.197266,2.197266,4.760742
14946,0.174316,-0.066528,1.038330,-2.258301,1.403809,3.723145
14957,0.150513,-0.086914,1.025879,-2.136230,0.183105,2.258301
14966,0.135376,-0.089722,1.008179,-2.075195,-0.793457,-1.220703
14976,0.133545,-0.079956,1.002197,-1.647949,-1.525879,-2.441406
14987,0.194336,-0.069702,1.079102,-1.586914,-1.708984,-3.356934
14997,0.100586,-0.138184,1.088013,-1.525879,-2.441406,-4.089355
15006,0.083252,0.240723,1.020996,-5.493164,-2.685547,-4.333496
15017,0.090698,0.255371,0.936890,-4.943848,-2.319336,-3.601074
15026,0.108887,0.126099,0.849976,-3.112793,-2.990723,-4.455566
15039,0.092041,0.092529,1.038452,-2.136230,-2.563477,-3.417969
15048,0.106567,0.067993,1.077393,-1.892090,-2.197266,-2.624512
15058,0.140869,0.033691,1.030396,-2.075195,-1.953125,-1.770020
15067,0.104736,0.008057,0.977539,-1.831055,-1.831055,-1.525879
15077,0.079956,-0.002563,0.968018,-1.525879,-2.502441,-1.281738
15086,0.057739,-0.010254,0.986328,-1.342773,-2.319336,-0.976562
15096,0.034058,-0.031128,0.986450,-1.159668,-2.258301,-0.549316
15109,0.031250,-0.089355,0.976318,-1.342773,-1.525879,1.281738
15119,0.041870,-0.098877,0.988403,-1.464844,-1.647949,2.258301
15128,0.024414,-0.102051,0.994995,-1.342773,-2.075195,3.173828
15138,0.029907,-0.110596,0.988770,-0.976562,-2.075195,4.089355
15147,0.043335,-0.132446,0.989502,-0.732422,-1.708984,5.126953
15157,0.061401,-0.180664,0.991821,-0.244141,-1.525879,5.859375
15166,0.052979,-0.228271,1.001831,-0.061035,-1.281738,6.652832
15179,0.035156,-0.187622,1.028931,-1.098633,-0.732422,7.690430
15189,0.015869,-0.116333,0.989136,-1.647949,-0.793457,7.690430
15198,0.015015,-0.064575,0.949585,-1.892090,-0.976562,7.202148
15208,0.028564,-0.053467,0.953735,-1.525879,-1.098633,6.469727
15217,0.051270,-0.071167,0.988770,-0.671387,-1.281738,5.798340
15227,0.062012,-0.082520,1.026367,-0.610352,-1.464844,5.249023
15236,0.075684,-0.061890,1.042480,-0.732422,-1.647949,5.126953
15249,0.094116,0.000366,0.994141,-0.915527,-1.159668,5.493164
15258,0.093506,0.010132,0.956787,-0.610352,-1.464844,5.554199
15268,0.083130,0.010986,0.958496,-0.549316,-2.014160,5.432129
15277,0.072388,0.020386,0.975952,-0.915527,-2.258301,5.432129
15287,0.055298,0.040405,0.987427,-1.525879,-2.197266,5.432129
15296,0.050903,0.065918,0.992920,-2.197266,-1.708984,5.493164
15307,0.062500,0.090820,0.993042,-2.502441,-1.037598,5.615234
15316,0.076538,0.088013,1.000977,-2.563477,-1.464844,5.615234
15328,0.113037,0.032959,1.021973,-2.197266,-2.319336,5.737305
15337,0.122559,0.022339,1.012207,-2.258301,-1.831055,5.676270
15347,0.120728,0.022217,0.993530,-2.624512,-2.380371,5.187988
15357,0.109253,-0.044800,0.982300,-2.258301,-2.258301,4.638672
15367,0.100220,-0.070801,0.991211,-1.892090,-2.380371,3.845215
15376,0.110107,-0.061401,1.004883,-2.197266,-2.685547,2.807617
15389,0.140747,-0.148071,1.009521,-1.953125,-3.845215,0.549316
15398,0.137939,-0.132202,1.004395,-2.319336,-4.882812,-0.732422
15408,0.125854,-0.149414,0.998779,-1.770020,-5.310059,-2.075195
15417,0.092529,-0.149292,0.999146,-1.770020,-5.371094,-3.112793
15427,0.058716,-0.113281,0.998779,-1.892090,-5.615234,-4.028320
15436,0.038696,-0.104492,0.999268,-1.831055,-5.798340,-4.638672
15446,0.022827,-0.092773,0.999878,-1.708984,-5.554199,-5.065918
15459,-0.006104,-0.032349,0.998779,-1.464844,-5.676270,-6.286621
15469,-0.029541,-0.008545,1.002197,-1.586914,-5.737305,-6.408691
15479,-0.048462,0.031616,1.006958,-1.647949,-5.798340,-6.408691
15488,-0.060181,0.046021,1.004883,-1.464844,-5.371094,-6.103516
15498,-0.061035,0.052002,1.001953,-1.159668,-4.760742,-5.554199
15508,-0.044922,0.066406,1.000366,-1.342773,-4.272461,-4.272461
15517,-0.028076,0.062012,0.990967,-1.098633,-3.540039,-2.624512
15527,-0.011475,0.045288,0.989624,-0.915527,-2.807617,0.671387
15538,0.006836,0.017578,0.999756,-0.976562,-2.502441,2.380371
15548,0.012695,-0.012573,0.997681,-0.488281,-1.892090,4.028320
15557,0.001709,-0.033936,0.996948,-0.671387,-1.525879,5.554199
15567,-0.014160,-0.059937,0.996216,-0.610352,-1.342773,6.958008
15577,-0.017944,-0.091553,0.995605,-0.549316,-1.159668,8.300781
15586,-0.015259,-0.111084,0.997070,-0.610352,-0.427246,9.277344
15599,-0.001831,-0.135376,1.003296,-0.610352,-0.183105,10.498047
15609,0.010254,-0.140381,1.000488,-0.488281,-0.061035,10.925293
15618,0.028687,-0.147583,0.989624,-0.610352,0.000000,10.925293
15628,0.048218,-0.155396,0.978149,-0.671387,0.305176,10.864258
15637,0.060059,-0.148315,0.981445,-0.793457,0.244141,10.681152
15646,0.071289,-0.136353,0.992554,-0.915527,-0.122070,10.009766
15657,0.080200,-0.129883,1.000122,-0.915527,-0.244141,9.277344
15667,0.080566,-0.118774,1.000732,-1.220703,-1.464844,7.019043
15676,0.078247,-0.110962,1.010132,-1.464844,-1.464844,6.103516
15687,0.070679,-0.104492,1.007080,-1.464844,-1.708984,4.882812
15696,0.054077,-0.104614,1.000488,-1.281738,-2.258301,3.723145
15707,0.039795,-0.106567,0.990356,-1.403809,-2.258301,2.746582
15716,0.034424,-0.108032,0.985107,-1.159668,-2.014160,1.831055
15727,0.037598,-0.114624,0.989990,-1.281738,-1.892090,0.732422
15737,0.038452,-0.119873,0.996460,-1.586914,-2.380371,-1.342773
15746,0.039795,-0.130005,0.999268,-1.586914,-2.136230,-2.075195
15757,0.036255,-0.144165,1.000122,-1.892090,-2.624512,-2.929688
15767,0.030396,-0.138916,1.000610,-1.892090,-2.441406,-4.028320
15776,0.019897,-0.134033,0.996826,-2.014160,-2.807617,-4.516602
15787,0.005005,-0.126709,0.994263,-1.892090,-2.807617,-4.699707
15796,-0.005615,-0.114502,0.989502,-1.892090,-2.502441,-4.760742
15809,-0.004883,-0.097168,0.976074,-1.953125,-2.258301,-3.845215
15819,-0.001709,-0.096558,0.970581,-2.014160,-2.075195,-3.173828
15829,-0.006470,-0.077881,0.990601,-2.197266,-2.136230,-2.563477
15838,-0.008789,-0.059692,1.012207,-2.319336,-1.831055,-1.647949
15848,-0.009155,-0.057373,1.012451,-2.319336,-1.770020,-0.793457
15858,-0.006714,-0.060547,1.001099,-2.258301,-1.770020,0.000000
15867,0.005859,-0.051270,0.995117,-2.014160,-1.037598,1.159668
15877,0.014404,-0.053101,0.991089,-2.075195,-0.793457,2.807617
15888,0.023926,-0.060913,0.982178,-1.953125,-0.732422,3.662109
15898,0.030762,-0.060547,0.992187,-2.319336,-1.220703,3.906250
15907,0.036011,-0.051147,1.004761,-2.197266,-1.098633,4.150391
15917,0.047119,0.003540,1.018555,-2.136230,-0.793457,4.699707
15927,0.039673,-0.105469,0.991577,-2.136230,-0.610352,6.042480
15937,-0.021484,-0.099731,0.979248,-2.441406,-0.488281,5.432129
15949,0.008911,-0.078735,1.024902,-2.075195,-15.563965,4.516602
15958,0.037720,-0.060425,1.031982,-2.136230,-0.610352,3.356934
15968,0.038330,-0.075317,0.999756,-1.892090,-0.915527,2.563477
15977,0.023926,-0.083740,0.979858,-1.831055,-1.098633,2.197266
15987,0.044067,-0.048950,0.985352,-1.770020,-0.915527,2.075195
15997,0.041260,-0.044312,0.989746,-1.770020,-0.427246,2.624512
16007,0.024292,-0.057739,0.990234,-1.708984,-0.061035,3.051758
16017,0.017334,-0.045288,0.995239,-2.075195,-0.122070,3.906250
16028,0.016479,-0.073364,1.000610,-1.770020,-0.366211,3.967285
16038,0.025146,-0.066284,1.002808,-1.770020,-0.671387,3.540039
16048,0.029541,-0.066162,1.002930,-1.647949,-1.098633,3.112793
16057,0.029297,-0.072632,1.000488,-1.647949,-1.220703,2.441406
16067,0.033203,-0.066284,0.998291,-1.708984,-1.037598,2.197266
16077,0.032471,-0.072388,0.991333,-1.586914,-0.549316,2.319336
16087,0.038696,-0.084351,0.982666,-1.647949,-0.610352,2.380371
16098,0.040649,-0.070068,0.990356,-1.647949,-0.732422,1.953125
16108,0.035278,-0.069214,0.996704,-1.586914,-0.854492,1.892090
16117,0.031006,-0.063599,1.000488,-1.647949,-1.037598,1.464844
16127,0.018677,-0.063232,1.000488,-1.708984,-0.976562,1.281738
16137,0.014526,-0.066284,1.000488,-1.708984,-0.854492,1.281738
16147,0.015259,-0.060791,1.000610,-1.647949,-0.854492,1.403809
16158,0.023437,-0.065674,0.997925,-1.525879,-0.671387,1.586914
16168,0.027832,-0.061523,1.000732,-1.281738,-0.793457,1.525879
16177,0.027588,-0.058105,1.002319,-1.403809,-0.793457,1.525879
16187,0.029419,-0.062256,1.000854,-1.342773,-0.976562,1.281738
16197,0.026978,-0.064697,1.000488,-1.220703,-0.793457,1.464844
16207,0.024536,-0.072388,0.994629,-1.159668,-0.915527,1.647949
16218,0.020020,-0.078735,0.989380,-1.403809,-1.098633,1.708984
16228,0.022217,-0.080811,0.994873,-1.403809,-0.976562,1.708984
16238,0.030762,-0.082764,1.000122,-1.586914,-0.915527,1.647949
16248,0.026001,-0.080322,1.001831,-1.586914,-1.220703,1.770020
16257,0.021606,-0.078247,1.004150,-1.403809,-1.220703,1.831055
16267,0.015991,-0.076050,1.002075,-1.342773,-0.915527,1.892090
16277,0.012085,-0.075562,1.000244,-1.220703,-1.037598,1.892090
16287,0.008057,-0.077148,0.992798,-1.098633,-0.854492,2.014160
16299,0.020630,-0.081909,0.984131,-1.403809,-0.732422,1.770020
16309,0.025391,-0.078979,0.986572,-1.464844,-0.915527,1.647949
16318,0.026367,-0.077881,0.993774,-1.342773,-0.793457,1.525879
16327,0.026245,-0.079346,0.997681,-1.525879,-0.976562,1.464844
16337,0.024658,-0.079834,1.000488,-1.586914,-0.976562,1.525879
16347,0.021118,-0.082520,1.000488,-1.586914,-0.793457,1.708984
16357,0.022095,-0.087158,1.000244,-1.342773,-0.732422,1.770020
16369,0.027344,-0.083252,0.999878,-1.342773,-1.037598,1.770020
16379,0.031006,-0.083008,0.997925,-1.281738,-0.976562,1.647949
16388,0.027100,-0.080322,0.997437,-1.342773,-1.220703,1.770020
16398,0.026611,-0.080566,0.997681,-1.525879,-1.037598,2.014160
16407,0.029785,-0.079956,0.998047,-1.281738,-0.854492,2.075195
16417,0.029175,-0.081909,0.995239,-1.525879,-0.793457,2.258301
16427,0.026611,-0.086304,0.989868,-1.586914,-0.671387,2.258301
16437,0.031006,-0.089966,0.988892,-1.464844,-1.098633,2.075195
16448,0.030396,-0.087158,1.000488,-1.708984,-1.037598,1.953125
16457,0.018188,-0.085571,1.003296,-1.708984,-1.159668,1.831055
16467,0.012939,-0.088135,1.003174,-1.525879,-1.159668,1.770020
16478,0.009033,-0.090820,1.000610,-1.525879,-1.098633,1.525879
16487,0.005493,-0.090332,0.999268,-1.403809,-1.098633,1.342773
16497,0.006592,-0.091064,0.992187,-1.525879,-1.037598,1.159668
16508,0.015503,-0.088745,0.991699,-1.586914,-1.220703,0.610352
16518,0.014404,-0.082520,0.995728,-1.770020,-1.525879,0.366211
16528,0.013306,-0.080444,0.998657,-1.525879,-0.915527,0.122070
16537,0.012207,-0.081055,1.000488,-1.525879,-0.854492,0.305176
16547,0.009033,-0.079590,1.000732,-1.647949,-0.976562,0.305176
16557,0.003418,-0.078003,1.000610,-1.586914,-0.854492,0.488281
16567,0.006836,-0.077637,0.997559,-1.708984,-1.159668,0.488281
16577,0.017944,-0.079346,0.990845,-1.647949,-1.464844,0.915527
16588,0.014038,-0.074585,0.997559,-1.770020,-1.403809,1.098633
16598,0.008301,-0.074341,1.000488,-1.892090,-1.281738,1.281738
16607,0.002075,-0.074341,1.000488,-1.831055,-0.854492,1.403809
16617,0.000000,-0.073853,1.000854,-1.770020,-0.610352,1.525879
16627,-0.001099,-0.071899,0.999878,-1.647949,-0.427246,1.586914
16637,-0.002808,-0.070312,0.998901,-1.647949,-0.427246,1.831055
16649,-0.000610,-0.067139,0.999878,-1.525879,-0.671387,2.136230
16658,0.000610,-0.068970,0.996826,-1.708984,-0.854492,2.380371
16668,0.002808,-0.071777,0.993896,-1.525879,-0.549316,2.441406
16678,0.010742,-0.074585,0.992920,-1.525879,-0.122070,2.563477
16687,0.020630,-0.077515,0.992676,-1.770020,-0.122070,2.563477
16697,0.025757,-0.077393,0.996582,-1.525879,-0.366211,2.624512
16707,0.027954,-0.075073,0.999634,-1.403809,-0.122070,2.624512
16717,0.028931,-0.073730,1.000854,-1.708984,-0.793457,2.685547
16728,0.023071,-0.075684,0.996948,-1.647949,-0.549316,2.624512
16738,0.022705,-0.077515,0.991699,-1.586914,-0.366211,2.685547
16748,0.020264,-0.077759,0.993042,-1.647949,-0.732422,2.746582
16757,0.017212,-0.074585,0.994995,-1.770020,-0.549316,2.624512
16767,0.016113,-0.073853,0.996338,-1.647949,-0.549316,2.624512
16778,0.018311,-0.074951,0.997192,-1.708984,-0.732422,2.014160
16788,0.025513,-0.077026,1.000488,-1.708984,-0.976562,1.831055
16798,0.026367,-0.074585,1.000610,-1.586914,-0.854492,1.770020
16807,0.025635,-0.074341,0.999512,-1.525879,-1.037598,1.586914
16817,0.024292,-0.077759,0.996582,-1.342773,-0.854492,1.647949
16827,0.020508,-0.078369,0.996582,-1.464844,-1.098633,1.586914
16837,0.017334,-0.074341,0.997803,-1.831055,-0.793457,1.464844
16848,0.012817,-0.072021,0.996948,-1.464844,-1.342773,1.159668
16858,0.010010,-0.071533,1.000610,-1.586914,-1.098633,1.159668
16868,0.007446,-0.068481,1.001831,-1.647949,-1.281738,1.098633
16877,0.004272,-0.068848,1.000488,-1.464844,-1.159668,1.098633
16888,0.008789,-0.072021,0.993774,-1.525879,-1.159668,1.220703
16897,0.019653,-0.076538,0.985718,-1.525879,-0.976562,1.220703
16907,0.021973,-0.078247,0.988525,-1.647949,-1.159668,1.098633
16917,0.019531,-0.075806,0.997803,-1.892090,-1.220703,1.037598
16928,0.007446,-0.070068,1.001343,-1.831055,-1.159668,0.976562
16938,0.004395,-0.071167,0.999268,-1.403809,-0.793457,0.976562
16947,0.006104,-0.071045,0.995483,-1.403809,-1.098633,1.159668
16957,0.006836,-0.073242,0.989624,-1.647949,-0.793457,1.098633
16967,0.004272,-0.076050,0.991577,-1.708984,-1.220703,1.403809
16977,0.003174,-0.074707,0.997559,-1.586914,-1.342773,1.342773
16989,0.007202,-0.072876,0.998901,-1.464844,-0.976562,1.098633
16998,0.010742,-0.074463,0.998779,-1.464844,-1.281738,0.976562
17007,0.011108,-0.070435,0.995117,-1.403809,-0.915527,0.915527
17017,0.011963,-0.075073,0.988525,-1.403809,-1.220703,0.732422
17027,0.015015,-0.076416,0.986450,-1.525879,-1.342773,0.732422
17037,0.014893,-0.074341,0.991333,-1.464844,-1.281738,0.427246
17047,0.013672,-0.073730,0.995850,-1.403809,-1.464844,0.305176
17059,0.008301,-0.073730,1.000366,-1.586914,-1.220703,0.488281
17068,-0.000366,-0.080933,1.000732,-1.464844,-1.342773,0.610352
17078,-0.003662,-0.081909,1.000610,-1.464844,-1.342773,0.671387
17088,-0.001831,-0.084595,1.000366,-1.220703,-0.854492,0.976562
17097,-0.000244,-0.086914,0.997314,-1.342773,-0.976562,1.098633
17107,0.003906,-0.084717,1.000000,-1.525879,-1.342773,1.159668
17117,0.005981,-0.080811,1.001343,-1.464844,-1.403809,1.159668
17127,0.001831,-0.080811,1.002441,-1.525879,-1.281738,1.342773
17137,-0.006470,-0.081055,1.001831,-1.464844,-1.037598,1.342773
17148,-0.020752,-0.078003,1.002197,-1.403809,-0.610352,1.220703
17158,-0.017944,-0.080933,0.996948,-1.586914,-0.854492,0.976562
17168,-0.014893,-0.082153,0.993408,-1.464844,-0.915527,0.915527
17177,-0.017944,-0.079224,0.996338,-1.464844,-0.854492,0.732422
17187,-0.026123,-0.072632,1.001343,-1.831055,-0.793457,0.793457
17199,-0.031372,-0.068604,1.005127,-1.342773,-0.244141,0.976562
17208,-0.031616,-0.069092,1.000488,-1.525879,0.122070,1.220703
17218,-0.030273,-0.068481,0.998535,-1.647949,0.244141,1.403809
17227,-0.023560,-0.070435,0.991943,-1.525879,0.427246,1.647949
17238,-0.011597,-0.075439,0.989258,-1.586914,0.427246,1.953125
17247,0.000366,-0.079468,0.985596,-1.464844,0.610352,2.319336
17257,0.007080,-0.077271,0.989990,-1.464844,0.488281,2.563477
17268,0.011353,-0.078735,0.991455,-1.525879,0.427246,3.051758
17278,0.014648,-0.084106,0.996338,-1.770020,0.610352,3.356934
17288,0.006104,-0.080444,1.000488,-1.770020,0.732422,3.723145
17297,0.002808,-0.079468,1.001099,-1.647949,0.366211,4.028320
17307,0.003662,-0.080444,1.000244,-1.647949,0.671387,4.333496
17317,0.005859,-0.079224,0.995361,-1.831055,0.183105,4.516602
17328,0.006470,-0.075684,0.999756,-1.770020,0.488281,4.638672
17339,0.006470,-0.071899,1.000610,-1.525879,0.793457,4.577637
17348,0.011353,-0.080688,1.000366,-1.586914,0.854492,4.516602
17358,0.016479,-0.084839,0.994019,-1.464844,0.671387,4.272461
17367,0.022217,-0.083984,0.992798,-1.525879,0.427246,3.845215
17378,0.026611,-0.085083,0.997559,-1.525879,0.427246,3.479004
17388,0.028320,-0.085083,1.000244,-1.586914,0.061035,3.234863
17397,0.029053,-0.086182,1.000000,-1.647949,0.122070,2.929688
17409,0.032349,-0.088745,1.000488,-1.892090,-0.427246,2.258301
17418,0.044922,-0.094116,0.997925,-1.647949,-0.305176,1.892090
17428,0.038452,-0.091309,1.000610,-1.708984,-0.244141,1.647949
17437,0.035034,-0.086060,1.000854,-1.647949,-0.305176,1.342773
17447,0.031372,-0.084473,1.000854,-1.647949,-0.671387,1.098633
17458,0.025513,-0.085937,0.999268,-1.647949,-0.427246,0.793457
17468,0.022339,-0.081543,0.998413,-1.831055,-0.549316,0.549316
17477,0.022583,-0.077637,0.996948,-1.586914,-0.488281,0.610352
17487,0.020996,-0.077759,0.997192,-1.770020,-1.037598,0.549316
17498,0.017822,-0.076416,0.994507,-1.831055,-1.281738,0.488281
17508,0.011719,-0.070923,0.996460,-1.770020,-0.854492,0.488281
17518,0.004761,-0.067383,0.998779,-1.831055,-0.793457,0.488281
17527,-0.004028,-0.066895,1.000610,-1.892090,-1.037598,0.732422
17538,-0.014648,-0.067139,1.000732,-1.831055,-0.854492,0.732422
17547,-0.025513,-0.068726,1.000732,-1.708984,-0.854492,1.342773
17557,-0.032104,-0.071289,1.000366,-1.525879,-0.366211,1.831055
17568,-0.012207,-0.088013,0.988892,-1.586914,-0.122070,1.892090
17577,-0.004150,-0.093506,0.985962,-1.647949,-0.183105,1.953125
17588,-0.001099,-0.063599,0.992432,-1.647949,-0.488281,2.075195
17598,0.012329,-0.077637,0.973755,-1.647949,-0.366211,2.075195
17607,0.029663,-0.091064,0.975098,-1.220703,-0.610352,1.953125
17620,0.030273,-0.183594,0.997192,-0.244141,-0.427246,1.647949
17629,0.029785,-0.215576,1.016846,-0.122070,-0.244141,1.953125
17639,0.007446,-0.203491,1.022583,-0.488281,-0.122070,1.831055
17649,-0.017822,-0.171997,1.002686,-0.488281,0.183105,2.258301
17658,-0.034546,-0.171387,0.975464,-0.488281,0.244141,2.319336
17668,-0.040283,-0.197876,0.968750,-0.183105,0.183105,2.624512
17678,-0.043945,-0.223389,0.989868,0.122070,-0.244141,2.868652
17687,-0.038696,-0.199585,1.019287,-0.366211,-0.122070,3.356934
17699,-0.032227,-0.088745,0.998291,-0.976562,0.915527,4.333496
17709,-0.046631,-0.086060,0.960327,-0.793457,1.037598,4.516602
17718,-0.049438,-0.118774,0.953003,-0.488281,0.976562,4.455566
17728,-0.032227,-0.135620,0.983521,-0.366211,0.976562,4.577637
17737,-0.004272,-0.118042,1.021240,-0.671387,1.220703,4.699707
17748,0.019531,-0.088745,1.029907,-1.098633,1.770020,4.821777
17758,0.028442,-0.081299,1.009399,-1.342773,1.831055,5.249023
17767,0.025879,-0.106079,0.979858,-1.037598,1.464844,5.371094
17778,0.056641,-0.143433,0.996094,-1.342773,0.915527,5.493164
17787,0.070068,-0.182495,1.005981,-1.464844,0.915527,5.493164
17798,0.049072,-0.143311,1.005981,-1.525879,0.854492,5.737305
17807,0.034668,-0.152588,1.001831,-1.464844,1.281738,6.042480
17818,0.027954,-0.186035,0.988037,-1.403809,1.220703,6.042480
17828,0.014038,-0.233521,0.954956,-1.464844,1.037598,5.432129
17839,0.013916,-0.178345,1.007324,-1.220703,0.854492,4.943848
17849,0.025146,-0.189453,1.004883,-1.159668,0.854492,4.150391
17858,0.032471,-0.185181,0.992432,-0.976562,0.732422,3.295898
17870,0.024170,-0.196411,0.965820,-0.976562,0.305176,2.868652
17880,0.012695,-0.200317,0.955200,-1.159668,-0.244141,1.831055
17890,0.000122,-0.188232,0.963501,-1.342773,0.000000,1.770020
17900,-0.021973,-0.173462,0.988159,-1.281738,0.366211,1.464844
17909,-0.019409,-0.164062,0.995972,-1.098633,0.671387,1.708984
17919,-0.012451,-0.179932,0.994385,-1.159668,0.671387,1.953125
17928,-0.000732,-0.182617,1.000610,-0.976562,0.671387,2.258301
17938,0.002930,-0.183105,1.006104,-0.976562,0.671387,2.441406
17948,0.011475,-0.195190,0.994141,-0.854492,0.793457,2.990723
17958,0.025635,-0.181641,0.975342,-0.915527,0.854492,3.479004
17970,0.020264,-0.138672,0.984497,-1.281738,0.915527,4.638672
17980,0.009399,-0.129517,0.994751,-1.403809,0.732422,5.371094
17989,-0.003296,-0.138184,1.000610,-1.220703,1.159668,6.164551
17999,-0.023804,-0.151978,1.013184,-1.098633,1.159668,6.958008
18008,-0.043579,-0.165161,1.005005,-1.159668,1.220703,7.446289
18018,-0.049438,-0.160278,0.987183,-1.281738,1.525879,8.483887
18028,-0.045776,-0.136108,0.979370,-1.464844,1.892090,9.460449
18038,-0.042114,-0.118652,0.997192,-1.342773,2.380371,11.840820
18049,-0.047485,-0.175171,0.990723,-0.915527,2.929688,12.695313
18059,-0.020508,-0.173340,0.995239,-1.342773,3.295898,13.427734
18068,-0.000488,-0.171997,0.977661,-1.770020,3.601074,14.160156
18078,0.016602,-0.176270,0.958252,-1.708984,4.394531,14.892578
18088,0.016846,-0.174316,0.970337,-2.014160,4.272461,15.441895
18098,0.003418,-0.211426,0.980591,-1.708984,3.845215,15.319824
18108,-0.001465,-0.226929,1.004028,-1.525879,3.723145,14.221191
18117,0.010132,-0.233154,1.002075,-1.586914,3.479004,14.038086
18128,0.049194,-0.192627,0.992310,-1.525879,3.601074,13.977051
18137,0.038940,-0.206787,0.990479,-1.342773,3.723145,14.526367
18148,0.031006,-0.211670,0.995239,-0.976562,3.540039,15.197754
18157,0.039795,-0.229858,0.972168,-1.098633,3.784180,15.747070
18168,0.045532,-0.198364,0.965820,-1.403809,3.723145,16.723633
18180,0.010010,-0.192749,0.997803,-1.586914,3.967285,17.700195
18190,0.001953,-0.206421,0.996094,-1.037598,3.784180,17.700195
18199,0.000732,-0.209351,0.985352,-1.098633,4.089355,18.127441
18209,-0.011719,-0.254150,0.989990,-1.159668,4.333496,18.615723
18218,-0.010010,-0.209229,0.992310,-1.098633,4.211426,18.615723
18228,0.000244,-0.192017,0.984131,-1.098633,4.272461,19.409180
18237,0.029297,-0.139404,0.977051,-1.403809,4.028320,20.263672
18250,-0.021240,-0.156372,0.967896,-0.854492,4.638672,22.399902
18260,0.001709,-0.193237,0.972778,-0.915527,5.126953,23.376465
18269,-0.039673,-0.169434,0.997070,-1.037598,5.493164,23.803711
18279,-0.079712,-0.145142,1.012451,-1.525879,5.920410,24.169922
18289,-0.022949,-0.139282,0.986328,-1.342773,6.103516,23.986816
18298,-0.020508,-0.135132,0.983887,-1.220703,6.591797,24.047852
18308,-0.044556,-0.149170,1.003784,-1.159668,6.469727,24.658203
18320,0.022461,-0.202881,0.990601,-0.976562,6.774902,25.024414
18330,0.013306,-0.191650,1.005981,-1.037598,6.713867,25.268555
18339,0.024902,-0.195557,0.993164,-1.220703,6.469727,25.146484
18349,0.051147,-0.180786,0.985107,-1.281738,6.530762,25.207520
18358,0.048340,-0.184082,1.008301,-1.159668,6.713867,25.390625
18368,0.050781,-0.194458,0.994751,-0.854492,6.164551,25.024414
18378,0.081787,-0.221558,0.981079,-1.037598,6.347656,24.658203
18390,0.080078,-0.230591,0.988159,-1.159668,5.126953,23.559570
18400,0.110352,-0.193604,0.987305,-1.098633,4.333496,22.827148
18409,0.092529,-0.189575,0.991577,-0.732422,4.211426,22.521973
18419,0.122559,-0.199951,0.968750,-0.671387,4.028320,21.484375
18428,0.141113,-0.258789,0.983521,-0.427246,3.967285,21.057129
18438,0.108154,-0.272949,1.000732,-0.488281,3.356934,20.324707
18448,0.128662,-0.235718,0.989990,-0.671387,2.868652,18.737793
18458,0.112671,-0.218140,1.013794,-0.732422,1.831055,15.930176
18470,0.131104,-0.247803,0.977783,-0.244141,1.403809,14.404297
18479,0.102539,-0.277954,1.006714,-0.061035,1.220703,13.366699
18489,0.111206,-0.237915,0.993774,-0.183105,0.610352,12.145996
18498,0.103882,-0.207886,0.996582,-0.183105,0.000000,10.498047
18509,0.093384,-0.190186,0.995239,0.061035,-0.427246,9.338379
18518,0.147095,-0.234375,0.976685,0.244141,-1.037598,7.751465
18529,0.159790,-0.232178,0.994629,0.122070,-1.525879,4.333496
18539,0.140625,-0.163330,0.979370,-0.305176,-2.807617,2.075195
18548,0.142334,-0.195068,0.937378,-0.244141,-3.295898,-0.061035
18558,0.168091,-0.253906,0.977539,0.061035,-3.784180,-2.136230
18568,0.162964,-0.248169,1.002075,-0.610352,-4.577637,-4.089355
18578,0.146240,-0.163696,1.033081,-0.854492,-5.249023,-6.347656
18588,0.156250,-0.192505,0.976685,-0.671387,-5.981445,-7.873535
18598,0.145020,-0.238770,1.002319,-0.427246,-6.896973,-10.803223
18610,0.158691,-0.205322,1.014648,-0.610352,-7.507324,-12.329102
18619,0.150757,-0.189697,0.987061,-0.610352,-8.117676,-13.732910
18629,0.146240,-0.215942,0.988281,-0.488281,-8.361816,-14.831543
18638,0.167847,-0.242920,0.984863,-0.366211,-8.544922,-15.502930
18648,0.126709,-0.208984,1.019043,-0.610352,-8.789063,-15.808105
18660,0.125488,-0.184937,0.982544,-0.305176,-9.338379,-16.235352
18669,0.114380,-0.277954,0.957764,-0.305176,-9.399414,-16.357422
18679,0.086060,-0.212524,1.012695,-0.671387,-9.460449,-16.662598
18689,0.073364,-0.212280,0.976196,-0.549316,-9.399414,-16.845703
18699,0.051514,-0.264526,0.990112,-0.427246,-9.704590,-16.357422
18708,0.058838,-0.313354,0.953613,-0.183105,-9.460449,-15.747070
18718,0.042603,-0.184814,1.002930,-0.549316,-9.277344,-15.258789
18730,0.058228,-0.239502,0.951050,-0.122070,-8.728027,-14.587402
18739,0.043701,-0.156494,0.973267,-0.549316,-8.483887,-14.099121
18750,0.057129,-0.151611,0.987915,-0.915527,-8.728027,-13.610840
18759,0.074219,-0.163940,0.969849,-1.098633,-8.666992,-13.122559
18769,0.077637,-0.137573,0.964111,-1.647949,-8.544922,-12.817383
18778,0.073364,-0.131226,0.986084,-1.525879,-8.239746,-12.390137
18788,0.083618,-0.181274,0.955078,-1.586914,-7.995605,-12.023926
18800,0.041016,-0.089355,1.034302,-2.197266,-8.239746,-11.840820
18809,0.041016,-0.182373,1.001587,-1.770020,-7.934570,-12.268066
18819,0.069824,-0.150635,1.005493,-2.197266,-7.873535,-12.573242
18829,0.053467,-0.087524,0.998901,-2.563477,-8.422852,-13.366699
18839,0.051025,-0.148682,1.033936,-2.136230,-8.422852,-14.343262
18848,0.071533,-0.204102,0.971069,-1.953125,-8.728027,-14.892578
18858,0.069458,-0.126709,1.006714,-2.258301,-8.911133,-15.258789
18870,0.084717,-0.155518,0.990845,-2.258301,-9.582520,-15.747070
18879,0.062256,-0.125977,1.036499,-2.563477,-9.338379,-16.174316
18889,0.036499,-0.141724,0.975830,-1.953125,-9.155273,-16.174316
18899,0.022949,-0.164062,1.005371,-1.770020,-8.911133,-16.479492
18909,0.017456,-0.151001,0.980225,-1.770020,-8.972168,-16.662598
18918,0.002441,-0.124268,0.957275,-1.892090,-8.850098,-17.272949
18928,-0.020020,-0.204834,0.945312,-1.464844,-8.850098,-18.249512
18939,0.003418,-0.186523,0.929443,-1.770020,-9.033203,-19.226074
18950,0.017456,-0.144775,0.979858,-1.831055,-8.850098,-21.057129
18960,0.047241,-0.134644,0.951050,-2.014160,-8.483887,-21.362305
18969,0.067505,-0.080811,1.004517,-2.380371,-7.934570,-21.240234
18979,0.084351,-0.156128,0.974121,-2.197266,-7.995605,-21.301270
18989,0.050415,-0.084839,1.013306,-2.014160,-8.239746,-21.606445
18998,0.052979,-0.061401,0.996338,-2.136230,-8.666992,-21.423340
19008,0.042969,-0.117676,0.984497,-1.892090,-8.605957,-21.301270
19020,0.081177,-0.081421,0.985474,-1.831055,-8.178711,-20.935059
19030,0.042847,-0.078979,0.974731,-2.075195,-8.728027,-20.996094
19040,0.032593,-0.107056,1.005493,-2.014160,-8.972168,-21.057129
19049,0.006836,-0.061157,1.026123,-2.136230,-8.605957,-21.179199
19059,-0.002563,-0.033447,1.025391,-2.380371,-8.300781,-21.423340
19069,-0.007446,-0.093140,1.007813,-2.075195,-8.544922,-22.094727
19078,-0.017456,-0.054199,0.969238,-1.831055,-8.544922,-22.827148
19088,-0.008423,-0.028198,0.977173,-1.586914,-8.911133,-24.841309
19098,-0.018433,-0.079712,0.997559,-1.892090,-9.094238,-25.939941
19108,-0.013306,-0.046265,1.061890,-2.075195,-9.033203,-27.099609
19119,-0.031982,-0.063965,1.082031,-2.014160,-8.789063,-28.076172
19129,-0.023315,-0.047729,1.040161,-2.014160,-8.239746,-29.113770
19139,0.001099,-0.045288,1.020386,-1.831055,-7.812500,-30.151367
19149,-0.008423,-0.090942,1.023926,-1.342773,-7.751465,-32.165527
19158,0.065308,-0.163574,0.977661,-1.159668,-8.422852,-32.958984
19168,-0.012329,-0.113525,0.979004,-0.732422,-8.605957,-33.569336
19179,0.024170,-0.048462,0.961670,-0.488281,-8.422852,-34.423828
19188,0.009033,-0.090942,0.959595,-0.732422,-8.544922,-34.729004
19199,0.016846,-0.111572,0.972290,-0.793457,-8.422852,-34.851074
19209,0.063721,-0.095703,0.984009,-0.854492,-7.812500,-34.362793
19218,0.023071,-0.084961,0.964600,-0.793457,-7.202148,-33.813477
19230,0.065918,-0.125244,0.952515,-0.122070,-7.629395,-33.325195
19240,0.066040,-0.127441,0.981812,-0.183105,-7.812500,-32.897949
19250,0.071655,-0.089233,0.974854,-0.488281,-7.812500,-32.775879
19259,0.054077,-0.084839,0.979126,-0.488281,-7.812500,-32.470703
19269,0.000366,-0.091187,0.983643,-0.366211,-7.751465,-31.982422
19279,0.006592,-0.130981,1.028809,-0.366211,-7.690430,-31.738281
19288,-0.000854,-0.166870,1.074097,-0.366211,-7.629395,-31.677246
19300,-0.016357,-0.073853,1.024536,-1.220703,-7.385254,-31.005859
19310,-0.051270,-0.045532,1.022217,-0.976562,-7.324219,-31.005859
19320,-0.047852,-0.052368,0.978760,-0.427246,-7.324219,-30.578613
19330,-0.018799,-0.061279,0.992798,-0.061035,-6.713867,-29.724121
19340,-0.051758,0.003784,0.857666,-0.183105,-6.408691,-29.174805
19349,-0.004395,0.087646,0.832886,-0.061035,-6.164551,-28.869629
19359,-0.076904,0.035889,0.919189,-15.380859,-4.211426,-28.198242
19369,-0.038940,0.091797,1.092773,-0.671387,-3.356934,-28.320312
19379,-0.182739,0.103516,1.054688,-1.342773,-4.089355,-29.541016
19388,-0.199463,0.072632,1.025757,-1.403809,-4.882812,-31.250000
19399,-0.125977,0.008423,1.051514,-0.976562,-5.004883,-31.921387
19409,-0.062988,-0.076172,1.074219,-0.427246,-5.126953,-31.555176
19419,0.000122,-0.181519,0.980591,0.183105,-4.821777,-31.005859
19428,-0.038818,-0.186157,0.983276,0.366211,-4.638672,-30.151367
19440,-0.016968,-0.134277,0.967651,0.183105,-3.784180,-28.625488
19450,0.041138,-0.177979,0.998413,0.244141,-2.624512,-27.709961
19459,0.039917,-0.060059,0.876343,0.061035,-2.014160,-26.855469
19469,0.113037,-0.179810,1.056641,-0.061035,-2.014160,-26.855469
19478,0.019897,-0.129395,1.079468,-0.488281,-2.929688,-27.526855
19489,0.005981,-0.062744,0.963257,-0.610352,-4.272461,-28.442383
19499,-0.038208,0.021606,0.744629,-0.305176,-5.065918,-29.052734
19509,0.080811,0.107422,0.786865,1.770020,-4.211426,-27.770996
19519,0.081787,-0.147583,1.134033,1.525879,-2.380371,-26.367187
19529,0.069458,-0.087646,1.283325,0.000000,-1.098633,-25.146484
19538,-0.145996,-0.024292,1.153076,-1.403809,-1.647949,-24.963379
19549,-0.225342,0.037964,1.141724,-1.586914,-4.272461,-26.733398
19559,-0.227783,0.022583,1.100342,-0.793457,-6.225586,-28.320312
19569,-0.169678,-0.120483,0.965820,0.488281,-6.225586,-26.000977
19578,-0.023560,-0.147949,0.970947,1.831055,-2.929688,-23.071289
19589,-0.113281,-0.225952,0.894287,1.647949,-1.403809,-19.897461
19599,-0.145508,-0.129883,0.930054,1.037598,-0.793457,-17.150879
19609,-0.109619,-0.109253,0.913330,0.854492,0.244141,-15.319824
19619,-0.161499,-0.100464,0.994263,0.915527,0.976562,-14.099121
19629,-0.145386,0.008667,1.126221,0.915527,1.586914,-13.793945
19638,-0.122681,-0.123291,1.054688,1.281738,1.953125,-13.793945
19650,-0.084473,-0.140503,0.958008,1.953125,0.366211,-13.793945
19660,-0.073120,-0.030762,1.010864,1.708984,0.000000,-13.244629
19669,-0.143066,-0.039917,0.973755,1.098633,0.061035,-12.207031
19679,-0.109497,-0.013672,0.951904,0.671387,0.427246,-10.620117
19689,-0.046265,0.063477,0.945679,0.244141,2.197266,-8.239746
19699,-0.104614,-0.015015,1.002075,0.610352,3.112793,-6.103516
19711,-0.071045,-0.068481,1.062500,1.098633,4.028320,-3.356934
19721,-0.080933,-0.125122,1.092163,1.342773,3.906250,-2.868652
19730,-0.087646,-0.145752,1.038696,1.281738,2.990723,-4.211426
19740,-0.113770,-0.150879,1.010132,1.342773,1.647949,-5.615234
19750,-0.103882,-0.096313,0.952759,1.525879,1.037598,-6.713867
19759,-0.090454,-0.210571,0.961792,2.075195,0.671387,-7.568359
19769,-0.059814,-0.153931,0.934448,2.014160,0.732422,-8.117676
19779,-0.029785,-0.144531,0.990967,1.892090,1.831055,-8.056641
19789,0.014160,-0.205566,0.990845,1.708984,1.831055,-7.934570
19799,-0.081055,-0.109985,0.973999,1.525879,1.525879,-7.690430
19808,-0.080078,-0.201294,0.996704,1.953125,1.403809,-7.507324
19819,-0.098022,-0.115112,1.000610,1.586914,1.098633,-7.812500
19829,-0.087036,-0.039429,0.992310,1.525879,0.976562,-7.568359
19839,-0.078857,-0.135620,0.993286,1.525879,0.854492,-6.958008
19849,-0.080078,-0.079468,0.973511,1.525879,1.831055,-4.943848
19860,-0.063721,-0.122070,0.996582,1.892090,1.953125,-4.089355
19870,-0.041992,-0.076538,1.024780,1.892090,1.953125,-3.417969
19879,-0.069214,-0.079712,1.029297,1.770020,1.708984,-2.990723
19889,-0.090820,-0.117554,0.998535,1.647949,1.342773,-3.051758
19900,-0.078857,-0.100342,0.989746,1.403809,1.281738,-3.479004
19909,-0.084961,-0.117188,1.003296,1.342773,0.976562,-3.662109
19919,-0.127563,-0.096436,0.965332,1.586914,0.976562,-4.150391
19930,-0.150391,-0.157959,0.975586,1.525879,2.197266,-3.967285
19940,-0.161377,-0.113770,0.976685,1.464844,2.014160,-4.089355
19949,-0.152100,-0.098022,0.950806,1.037598,2.319336,-4.150391
19959,-0.154541,-0.129150,0.970581,1.037598,2.868652,-4.455566
19969,-0.150635,-0.094971,0.977905,1.037598,2.990723,-4.638672
19979,-0.146606,-0.145264,0.938232,0.976562,2.685547,-4.821777
19989,-0.105957,-0.192139,0.969849,0.610352,2.868652,-5.187988
19999,-0.103394,-0.147217,0.975830,0.671387,2.563477,-5.126953
20010,-0.108276,-0.182617,0.953369,0.427246,2.624512,-4.821777
20019,-0.076294,-0.146729,0.991943,0.244141,3.417969,-4.028320
20029,-0.090088,-0.197510,0.983276,0.305176,3.723145,-3.479004
20040,-0.099365,-0.194580,0.949341,-0.244141,3.601074,-3.234863
20049,-0.083130,-0.189331,0.969238,-0.549316,3.967285,-2.807617
20059,-0.107422,-0.197876,0.966919,-0.366211,4.150391,-2.380371
20071,-0.113037,-0.204834,0.976074,-0.305176,4.150391,-1.892090
20081,-0.096558,-0.166992,1.000610,-0.061035,4.394531,-1.525879
20091,-0.110962,-0.126465,0.982910,-0.122070,4.577637,-1.281738
20100,-0.114746,-0.224609,0.961670,0.122070,4.455566,-1.037598
20110,-0.086182,-0.190552,0.967285,-0.183105,4.272461,-1.220703
20119,-0.078735,-0.148560,0.995605,-0.427246,4.272461,-0.915527
20129,-0.071777,-0.179932,1.004028,-0.244141,4.333496,-0.610352
20139,-0.082397,-0.259033,0.954102,-0.610352,4.455566,-0.305176
20149,-0.054932,-0.207886,0.944580,-0.976562,4.089355,-0.366211
20159,-0.064697,-0.135132,0.962158,-1.037598,4.333496,-0.244141
20169,-0.078613,-0.150513,0.961426,-1.098633,4.699707,-0.244141
20179,-0.058960,-0.129395,0.962402,-1.342773,4.028320,-0.915527
20191,-0.065796,-0.192017,0.994507,-1.220703,3.417969,-2.197266
20200,-0.089844,-0.145874,1.032104,-1.464844,3.173828,-2.929688
20210,-0.103394,-0.129517,1.004517,-1.464844,2.929688,-3.601074
20220,-0.113159,-0.135010,0.975708,-1.708984,2.929688,-4.333496
20229,-0.117432,-0.168213,0.958740,-1.281738,3.173828,-4.577637
20239,-0.101685,-0.152344,1.011230,-1.342773,3.417969,-4.638672
20250,-0.058716,-0.181030,1.015991,-1.525879,3.479004,-4.821777
20259,-0.031860,-0.139771,1.051025,-1.647949,3.601074,-4.516602
20269,-0.005005,-0.171875,1.015259,-1.342773,3.601074,-4.455566
20281,-0.040527,-0.143066,0.984741,-1.525879,3.173828,-4.516602
20290,-0.062622,-0.203247,0.984619,-1.525879,3.295898,-4.882812
20300,-0.071045,-0.130737,1.012695,-1.831055,3.112793,-5.371094
20310,-0.074219,-0.134644,1.005615,-1.525879,3.540039,-5.676270
20320,-0.082275,-0.147827,1.028442,-1.220703,3.051758,-5.920410
20329,-0.085815,-0.137451,0.944214,-1.220703,3.051758,-6.347656
20341,-0.108032,-0.150024,0.954224,-0.854492,3.479004,-6.835937
20350,-0.107788,-0.079102,1.041626,-1.831055,3.540039,-6.896973
20360,-0.125244,-0.067627,1.027710,-1.525879,3.417969,-6.713867
20370,-0.117676,-0.194580,0.977051,-0.976562,3.906250,-6.347656
20379,-0.077271,-0.146484,1.000854,-0.915527,4.577637,-5.493164
20390,-0.073364,-0.185913,0.930420,-0.854492,4.882812,-4.699707
20399,-0.049072,-0.167480,1.007813,-1.281738,5.493164,-3.662109
20411,-0.070190,-0.093384,0.991333,-1.708984,5.187988,-1.037598
20421,-0.113770,-0.140503,0.943726,-0.793457,5.493164,-0.305176
20431,-0.080322,-0.190063,0.961914,-0.793457,5.981445,0.305176
20440,-0.105591,-0.107178,0.975952,-1.281738,6.164551,1.403809
20449,-0.113281,-0.068237,0.987183,-1.464844,6.591797,2.136230
20459,-0.170532,-0.050903,0.940796,-1.281738,6.652832,3.173828
20471,-0.178467,-0.010742,0.957764,-1.037598,8.178711,6.164551
20480,-0.157959,-0.068848,1.058960,-1.586914,8.972168,7.019043
20490,-0.145264,-0.081421,1.076904,-1.831055,8.850098,8.056641
20499,-0.135864,0.029419,1.061279,-1.770020,8.911133,9.094238
20510,-0.091919,-0.057495,1.022827,-1.586914,9.521484,10.498047
20520,-0.097900,-0.108154,0.943359,-1.464844,9.826660,11.718750
20529,-0.077148,-0.134033,0.944824,-1.770020,10.009766,12.451172
20541,-0.108521,-0.003052,0.973999,-2.136230,10.009766,12.939453
20551,-0.130615,-0.066406,0.947632,-1.953125,9.948730,13.244629
20560,-0.111694,-0.030884,0.949951,-2.075195,10.131836,13.183594
20570,-0.078857,-0.064575,1.008423,-1.892090,10.314941,13.793945
20579,-0.088867,-0.046387,1.030396,-1.770020,10.864258,14.526367
20590,-0.081299,-0.115479,1.005249,-1.220703,10.375977,15.441895
20600,-0.089600,-0.069458,0.998657,-0.793457,10.620117,16.418457
20609,-0.059082,-0.064697,1.025879,-0.488281,10.559082,17.089844
20621,-0.055420,-0.181396,0.991333,0.000000,10.742188,18.676758
20630,-0.078369,-0.195435,0.989990,0.000000,10.803223,19.348145
20640,-0.094971,-0.087402,1.000366,-0.122070,10.986328,19.653320
20650,-0.119263,-0.153320,0.971924,0.122070,10.925293,19.897461
20660,-0.144897,-0.165405,0.913818,0.061035,10.620117,19.531250
20670,-0.088989,-0.173706,0.920288,0.122070,10.437012,19.226074
20681,-0.041992,-0.146118,0.922363,0.000000,9.460449,18.676758
20691,-0.005493,-0.090332,1.028320,0.000000,9.155273,18.615723
20700,-0.008789,-0.062500,1.038940,0.122070,8.911133,18.554687
20710,0.003296,-0.106323,1.048462,0.488281,8.972168,18.554687
20720,-0.017334,-0.060913,1.061035,0.549316,9.094238,18.371582
20729,-0.010620,-0.134766,1.053589,1.159668,8.850098,18.066406
20740,-0.012085,-0.086670,1.046875,1.037598,8.361816,17.578125
20749,0.045898,-0.177856,0.979126,0.976562,7.812500,17.211914
20761,0.074951,-0.179687,0.972778,0.915527,5.798340,16.906738
20770,0.059448,-0.149170,0.948242,0.671387,5.737305,17.456055
20780,0.070190,-0.191528,0.970337,0.549316,5.676270,17.822266
20790,0.060669,-0.102295,1.005005,0.183105,5.310059,17.517090
20800,0.046387,-0.107422,1.027466,0.061035,4.821777,16.784668
20810,0.002075,-0.087646,1.014526,0.122070,3.967285,15.808105
20820,-0.019897,-0.106323,1.076416,0.061035,3.295898,13.671875
20830,-0.025513,-0.094482,1.068115,0.183105,2.807617,12.634277
20840,-0.030884,-0.117065,1.019409,0.488281,2.441406,11.779785
20850,-0.043335,-0.130615,0.983887,0.610352,2.380371,11.291504
20859,0.012817,-0.153931,0.970581,0.610352,2.380371,10.925293
20870,0.003540,-0.106201,0.983032,0.427246,2.075195,10.437012
20879,0.027588,-0.176514,0.994141,0.610352,1.281738,9.582520
20892,0.070435,-0.175537,0.978638,0.549316,0.671387,6.652832
20902,0.081299,-0.155151,0.979980,0.671387,0.122070,4.760742
20911,0.106445,-0.224487,0.955933,0.366211,-1.098633,3.051758
20920,0.105103,-0.177490,0.969360,0.244141,-1.708984,1.159668
20930,0.098755,-0.194214,0.994141,0.183105,-2.380371,-0.488281
20940,0.040894,-0.175537,1.036377,0.061035,-2.685547,-2.014160
20950,-0.001221,-0.206299,1.022217,0.366211,-2.746582,-3.479004
20960,0.002197,-0.169922,1.023071,0.732422,-2.624512,-5.920410
20969,-0.006836,-0.220337,1.025024,0.732422,-2.685547,-6.835937
20980,-0.013428,-0.230469,0.966797,0.915527,-2.746582,-7.324219
20989,0.033325,-0.202271,0.980591,0.854492,-2.746582,-7.751465
21000,0.044067,-0.229736,0.978394,1.037598,-2.990723,-7.812500
21010,0.089478,-0.224487,0.943848,0.915527,-2.807617,-7.751465
21020,0.134521,-0.225708,0.935913,0.793457,-2.807617,-7.812500
21030,0.160034,-0.225220,0.926147,0.732422,-3.051758,-8.605957
21040,0.154419,-0.234375,0.951782,0.061035,-3.906250,-9.338379
21049,0.142700,-0.258545,0.993774,-0.610352,-4.760742,-10.375977
21060,0.138306,-0.257202,0.982056,-0.671387,-5.554199,-11.840820
21069,0.078857,-0.282227,0.964844,-0.976562,-6.347656,-13.244629
21080,0.087524,-0.310547,0.926270,-1.159668,-6.713867,-15.014648
21090,0.061401,-0.300049,0.902100,-1.525879,-6.835937,-16.479492
21100,0.057983,-0.249756,0.916748,-1.708984,-6.713867,-20.080566
21110,0.007690,-0.243530,0.939575,-2.075195,-6.896973,-21.667480
21119,-0.000977,-0.215698,0.978760,-2.441406,-6.835937,-23.071289
21130,-0.003296,-0.153809,1.007690,-2.563477,-6.286621,-23.925781
21140,0.002563,-0.162476,0.994263,-2.563477,-6.103516,-24.414062
21150,0.011230,-0.085205,1.012085,-2.685547,-5.676270,-24.780273
21160,0.007446,-0.072754,1.018677,-2.319336,-5.371094,-25.024414
21170,0.002319,-0.086548,1.021362,-2.197266,-5.554199,-25.146484
21181,-0.005493,-0.075684,1.002319,-2.502441,-4.577637,-25.085449
21191,-0.029297,-0.080811,0.988403,-2.258301,-4.028320,-24.597168
21201,-0.030762,-0.097412,0.986694,-2.136230,-3.479004,-24.108887
21211,-0.006226,-0.069580,0.978638,-2.502441,-3.356934,-23.315430
21221,-0.003906,-0.067505,1.014648,-2.319336,-2.685547,-22.033691
21231,0.007813,-0.105957,0.998535,-2.380371,-1.647949,-20.812988
21240,0.014648,-0.172241,1.000244,-2.807617,-0.671387,-19.409180
21250,0.013794,-0.114624,0.985840,-2.624512,-0.732422,-18.981934
21261,-0.012085,-0.092896,1.005005,-2.807617,-0.671387,-18.676758
21271,-0.039307,-0.163574,1.016113,-2.197266,-0.488281,-18.554687
21280,-0.036133,-0.171021,1.002563,-1.892090,0.122070,-18.493652
21290,-0.044922,-0.200317,1.024292,-1.525879,0.549316,-18.310547
21300,-0.029175,-0.221924,0.990967,-1.586914,0.976562,-18.066406
21312,-0.015869,-0.254395,0.919067,-1.708984,1.464844,-17.272949
21322,-0.022583,-0.243286,0.878174,-1.770020,1.647949,-16.601562
21332,-0.022217,-0.223022,0.905762,-2.197266,2.319336,-16.174316
21342,-0.034790,-0.212402,0.938843,-2.136230,2.746582,-15.930176
21352,-0.002075,-0.265625,0.944580,-2.014160,3.295898,-15.625000
21361,0.022461,-0.148926,0.982056,-2.197266,3.784180,-15.197754
21371,0.066406,-0.163940,0.975342,-2.563477,3.540039,-14.526367
21381,0.036377,-0.138794,0.967773,-3.051758,3.967285,-12.207031
21390,0.022217,-0.073486,1.029297,-3.051758,4.089355,-10.192871
21400,-0.019775,-0.101074,1.025269,-2.807617,4.882812,-7.751465
21411,-0.018433,-0.031616,1.048218,-2.929688,5.920410,-5.249023
21420,-0.060059,-0.038940,1.001221,-2.807617,6.896973,-2.319336
21431,-0.039063,-0.082642,0.956787,-2.990723,6.835937,0.000000
21440,-0.047729,0.004761,0.942871,-3.173828,7.202148,2.258301
21452,-0.015015,-0.114258,0.942505,-3.540039,7.995605,6.713867
21462,-0.006714,-0.042847,1.004150,-3.906250,8.239746,8.483887
21471,-0.049194,0.020630,1.038696,-4.272461,8.361816,10.009766
21481,-0.120483,0.031372,1.014404,-4.516602,8.300781,11.474609
21490,-0.132812,0.021606,0.972534,-4.272461,8.300781,12.695313
21500,-0.144897,0.038696,1.006470,-3.601074,9.033203,13.916016
21510,-0.113892,-0.032471,1.012695,-3.417969,9.277344,15.319824
21522,-0.095703,-0.011719,1.019287,-3.112793,9.765625,17.944336
21532,-0.082642,-0.036377,0.985840,-2.990723,9.643555,19.226074
21542,-0.079346,-0.082031,0.954468,-2.624512,9.643555,20.446777
21551,-0.071289,-0.111206,0.947510,-2.380371,9.948730,21.789551
21561,-0.039429,-0.139282,0.979858,-1.831055,10.498047,23.376465
21570,-0.058838,-0.148193,0.961548,-1.770020,10.681152,24.780273
21581,-0.073242,-0.168335,0.938110,-1.892090,10.620117,26.000977
21590,-0.093872,-0.167847,0.951660,-1.647949,10.192871,28.442383
21602,-0.054199,-0.169678,0.958740,-1.525879,10.009766,29.235840
21612,-0.050659,-0.149292,0.981445,-1.281738,9.948730,30.273437
21621,-0.027344,-0.188232,0.984131,-1.220703,9.765625,31.616211
21631,-0.037109,-0.122681,1.018799,-1.342773,9.460449,32.226562
21640,-0.028442,-0.143066,1.025391,-1.281738,9.216309,32.653809
21651,-0.017334,-0.161011,1.001709,-1.159668,9.033203,32.531738
21660,-0.037598,-0.118164,0.985718,-1.281738,8.300781,32.348633
21670,-0.024414,-0.169800,0.970947,-0.854492,8.178711,32.165527
21680,-0.012329,-0.136841,1.006958,-1.403809,7.934570,31.494141
21691,-0.030762,0.003784,1.053467,-1.647949,6.958008,30.883789
21700,-0.034302,-0.062744,1.009888,-1.586914,6.713867,30.151367
21710,-0.057983,-0.067383,0.989990,-1.647949,6.164551,28.991699
21720,-0.014160,-0.014404,1.021362,-1.770020,5.676270,27.648926
21730,0.027222,-0.078979,1.048828,-2.075195,4.028320,24.841309
21742,0.109253,-0.163330,0.985840,-2.319336,3.051758,23.437500
21751,0.093506,-0.055664,1.029419,-2.197266,2.197266,21.911621
21761,0.115479,-0.135376,1.031738,-1.831055,1.586914,20.629883
21770,0.094604,-0.185303,1.029907,-1.525879,0.671387,19.165039
21781,0.099854,-0.134644,1.010986,-1.464844,0.122070,17.639160
21790,0.135742,-0.139893,1.006104,-1.403809,-0.976562,15.808105
21800,0.159424,-0.164551,0.977661,-1.586914,-3.112793,12.817383
21812,0.152466,-0.126099,0.995239,-1.586914,-3.784180,11.535645
21821,0.108398,-0.145874,0.968628,-1.220703,-4.638672,10.803223
21831,0.117920,-0.238647,0.993652,-1.342773,-4.699707,10.192871
21841,0.103882,-0.220947,1.012573,-1.098633,-5.432129,9.887695
21850,0.081665,-0.132080,1.041016,-0.854492,-5.676270,9.521484
21861,0.013916,-0.142944,0.999268,-0.488281,-5.798340,8.789063
21870,0.021362,-0.263916,0.972290,-0.244141,-6.408691,6.958008
21880,-0.006226,-0.243408,0.982666,0.000000,-6.408691,5.737305
21891,0.028687,-0.209229,0.999390,0.122070,-6.713867,4.394531
21900,0.027100,-0.277466,0.977783,0.427246,-7.385254,2.746582
21911,0.043335,-0.265625,0.893921,0.183105,-8.361816,0.366211
21920,0.048706,-0.168457,0.905640,-0.244141,-8.666992,-1.342773
21932,0.093384,-0.139404,0.976196,-1.159668,-9.521484,-4.638672
21941,0.142212,-0.143066,0.966064,-1.220703,-9.765625,-5.676270
21951,0.100098,-0.162231,1.015015,-1.159668,-9.948730,-6.591797
21961,0.107666,-0.138184,1.011108,-1.403809,-10.253906,-7.568359
21970,0.038330,-0.096924,1.020874,-1.586914,-10.131836,-8.544922
21981,0.068604,-0.125854,1.053223,-1.708984,-10.009766,-9.948730
21990,0.065674,-0.101074,1.016602,-1.403809,-9.948730,-11.535645
22000,0.064575,-0.123779,1.030762,-1.037598,-10.131836,-12.939453
22012,0.043335,-0.144409,0.959229,-0.976562,-10.437012,-14.282227
22021,0.039917,-0.179077,0.957397,-0.793457,-10.559082,-16.784668
22031,0.031128,-0.158447,0.936035,-1.159668,-10.681152,-17.822266
22041,0.010742,-0.165894,0.915649,-1.403809,-10.498047,-18.127441
22051,0.034912,-0.183716,0.954102,-1.586914,-9.460449,-18.310547
22060,0.004150,-0.148315,0.961060,-1.647949,-8.728027,-18.066406
22071,0.006958,-0.189819,0.903564,-2.197266,-8.178711,-17.761230
22081,0.017334,-0.192505,0.938354,-2.502441,-7.995605,-17.333984
22090,-0.009644,-0.103149,1.015625,-2.258301,-7.446289,-16.418457
22101,-0.032715,-0.095581,1.034058,-2.197266,-6.408691,-15.380859
22111,-0.085571,-0.109741,0.979126,-2.563477,-5.798340,-14.404297
22121,-0.083496,-0.142212,0.927490,-2.990723,-5.187988,-12.756348
22130,-0.116943,-0.148560,0.951294,-2.868652,-3.723145,-10.742188
22141,-0.125366,-0.125977,0.949707,-2.868652,-3.295898,-8.605957
22151,-0.134521,-0.129517,0.986084,-2.990723,-1.464844,-5.798340
22160,-0.151733,-0.111572,0.951050,-2.929688,-0.366211,-4.577637
22171,-0.100830,-0.018677,1.041870,-3.112793,0.122070,-3.417969
22181,-0.137329,0.001831,1.039185,-3.051758,1.098633,-2.380371
22191,-0.116455,-0.032349,1.030640,-2.868652,1.525879,-1.586914
22200,-0.062744,-0.037964,1.029663,-2.746582,1.892090,-1.220703
22212,-0.032593,-0.035767,1.046021,-2.380371,2.258301,0.061035
22222,-0.050659,-0.093628,1.015381,-2.136230,2.441406,0.793457
22231,-0.039063,-0.104980,0.989624,-2.014160,2.990723,2.014160
22241,-0.073730,-0.070190,0.974243,-1.892090,3.845215,2.990723
22251,-0.057617,-0.011719,1.019287,-1.831055,4.089355,4.089355
22260,-0.071533,0.020264,0.940918,-2.258301,4.394531,4.760742
22271,-0.063232,0.013672,1.007568,-2.441406,4.211426,5.737305
22281,-0.044312,-0.021851,0.973267,-2.563477,4.394531,6.103516
22290,-0.035156,-0.051392,1.061035,-2.746582,4.333496,7.019043
22301,-0.031006,-0.045166,1.038208,-2.319336,4.211426,6.958008
22311,0.003296,-0.118896,1.006470,-2.136230,4.272461,7.080078
22320,0.064331,-0.129150,1.008667,-1.708984,4.394531,6.591797
22331,0.082153,-0.116089,1.029541,-1.464844,3.295898,6.103516
22340,0.083740,-0.115845,1.014282,-1.159668,2.685547,5.676270
22352,0.102905,-0.151733,1.017700,-0.305176,1.403809,3.845215
22361,0.031250,-0.234131,0.994385,-0.061035,0.976562,3.051758
22371,0.047363,-0.204468,0.906494,0.122070,0.732422,2.319336
22380,0.014526,-0.217529,0.946777,-0.366211,1.464844,2.075195
22391,-0.024292,-0.172974,0.925049,-0.671387,1.098633,1.586914
22400,-0.060913,-0.129761,0.975586,-0.976562,0.671387,0.976562
22411,-0.043579,-0.050049,0.979858,-1.037598,0.366211,-0.061035
22421,-0.086304,-0.078369,0.993896,-1.037598,0.244141,-2.136230
22431,-0.001465,-0.118774,0.973022,-1.525879,0.244141,-3.051758
22441,-0.005005,-0.128784,0.985229,-1.281738,0.366211,-3.540039
22450,0.007568,-0.089966,0.966064,-1.708984,0.854492,-4.272461
22461,0.060669,-0.119141,0.897827,-1.708984,0.976562,-4.516602
22471,0.099854,-0.187866,0.847290,-1.831055,0.488281,-4.577637
22481,0.100708,-0.189087,0.884277,-2.380371,-0.183105,-5.065918
22491,0.098511,-0.025269,0.914429,-2.990723,-0.488281,-5.187988
22502,0.102417,0.016235,0.948120,-3.234863,0.061035,-4.821777
22511,0.067871,-0.079346,1.030273,-3.051758,0.122070,-4.821777
22521,0.041870,-0.126709,0.986450,-2.929688,-0.610352,-4.638672
22531,-0.035522,-0.093994,1.005005,-2.746582,-0.915527,-4.577637
22540,0.003784,-0.131592,0.968994,-2.746582,-1.098633,-4.089355
22551,-0.027588,-0.180054,0.962524,-2.197266,-0.549316,-3.051758
22561,-0.013916,-0.180908,1.027832,-1.525879,0.183105,-1.831055
22571,-0.050171,-0.123047,1.025513,-1.342773,1.281738,0.488281
22580,-0.039307,-0.139771,0.987305,-1.220703,1.708984,1.708984
22591,-0.036865,-0.096436,1.006958,-0.732422,2.136230,2.624512
22600,0.007202,-0.204590,0.988403,-0.549316,1.831055,3.417969
22611,-0.033203,-0.204346,0.985229,-0.915527,1.708984,4.211426
22621,-0.007202,-0.116089,1.064819,-1.342773,1.525879,4.699707
22631,-0.041626,-0.105835,1.041992,-1.098633,1.464844,5.126953
22642,0.047729,-0.198608,1.005371,-0.671387,1.464844,6.530762
22652,0.018433,-0.161621,1.042847,-1.220703,1.220703,7.202148
22661,0.025635,-0.166748,0.963867,-1.708984,1.159668,7.385254
22670,0.025513,-0.166382,0.943726,-2.197266,1.037598,7.751465
22681,0.022583,-0.129150,1.015625,-2.624512,0.671387,8.300781
22690,-0.018433,-0.135498,1.002563,-2.868652,0.549316,8.544922
22702,-0.023560,-0.199463,1.020996,-3.173828,0.610352,7.690430
22712,-0.065186,-0.114014,1.017090,-3.051758,0.305176,7.141113
22721,-0.044434,-0.152954,1.009277,-3.112793,0.122070,6.164551
22731,-0.045410,-0.142578,1.074585,-3.173828,0.366211,5.310059
22740,-0.032349,-0.077515,1.063843,-3.112793,-0.183105,3.540039
22751,0.001831,-0.156006,0.999756,-2.868652,-0.549316,1.831055
22761,0.027588,-0.158447,0.973511,-2.502441,-0.915527,0.610352
22770,0.086548,-0.174561,0.964478,-2.685547,-1.525879,-1.098633
22782,0.098633,-0.092773,0.981201,-2.929688,-2.197266,-3.906250
22792,0.114746,-0.105469,1.018433,-3.295898,-2.807617,-5.554199
22801,0.098022,-0.146118,0.980835,-2.685547,-2.807617,-6.591797
22811,0.089722,-0.089600,1.032837,-2.441406,-2.685547,-7.568359
22821,0.068359,-0.126587,1.040771,-1.770020,-2.807617,-8.728027
22831,0.039673,-0.178223,0.997925,-1.464844,-3.356934,-9.887695
22841,0.093140,-0.105835,0.983643,-1.037598,-3.479004,-10.498047
22852,0.155762,-0.229858,0.911621,-0.122070,-3.967285,-10.925293
22862,0.175171,-0.169922,0.938721,0.000000,-4.394531,-10.864258
22871,0.115356,-0.145386,0.956543,-0.122070,-4.943848,-10.559082
22881,0.112061,-0.228149,0.923218,0.366211,-4.760742,-10.437012
22891,0.097900,-0.149658,0.951904,0.549316,-4.394531,-10.070801
22901,0.083130,-0.153931,0.963989,0.610352,-4.211426,-10.131836
22912,0.036987,-0.228149,0.955566,0.549316,-4.882812,-9.704590
22921,0.070679,-0.135986,0.998413,0.732422,-5.310059,-9.277344
22931,0.089233,-0.195312,0.987183,0.793457,-5.187988,-8.850098
22941,0.048218,-0.075439,0.989380,0.305176,-4.577637,-8.239746
22951,0.046143,-0.008423,1.006592,0.000000,-4.638672,-7.690430
22961,0.004395,-0.082886,0.907471,-0.122070,-4.333496,-7.263184
22971,0.001099,-0.054810,0.958984,-0.793457,-3.845215,-6.774902
22982,-0.022461,-0.006836,0.982788,-2.624512,-3.112793,-6.469727
22992,-0.126587,0.034302,0.943115,-2.685547,-2.746582,-6.835937
23001,-0.145264,-0.021240,0.962402,-2.990723,-2.197266,-6.958008
23011,-0.118286,0.063721,1.074829,-3.234863,-1.708984,-7.202148
23021,-0.121094,0.010132,1.023804,-3.173828,-1.770020,-7.507324
23031,-0.104492,-0.039795,1.050049,-3.051758,-0.915527,-7.446289
23041,-0.081909,-0.071045,1.063843,-2.624512,-0.488281,-7.263184
23051,-0.017578,-0.108154,1.005737,-1.708984,0.549316,-6.958008
23061,0.022461,-0.137939,1.045044,-1.403809,0.671387,-6.408691
23071,0.038330,-0.234497,0.947144,-1.647949,0.671387,-6.042480
23082,0.035278,-0.099609,0.977295,-2.258301,0.427246,-5.615234
23091,0.006714,-0.072998,0.956055,-2.136230,0.427246,-4.821777
23101,0.032593,-0.213257,0.974976,-1.647949,0.183105,-3.723145
23111,0.027954,-0.088257,1.053101,-1.525879,0.427246,-2.258301
23121,0.052368,-0.157715,1.016968,-1.220703,0.854492,0.244141
23132,0.031982,-0.061646,1.034058,-0.976562,1.342773,0.915527
23142,-0.004028,-0.149658,0.963501,-0.671387,0.854492,1.525879
23152,-0.002808,-0.069580,1.012207,-0.549316,0.854492,1.953125
23161,-0.022949,-0.088623,0.961670,-0.305176,0.671387,2.014160
23172,-0.017334,-0.148193,0.969116,-0.610352,0.793457,2.685547
23181,-0.049927,-0.064453,1.019409,-0.976562,0.915527,3.601074
23191,-0.098877,-0.060669,0.971924,-1.586914,1.708984,5.187988
23203,-0.154419,-0.025635,0.997437,-2.075195,2.502441,6.103516
23212,-0.137817,-0.103882,0.958984,-1.770020,3.356934,6.652832
23222,-0.114746,-0.075073,1.027222,-1.647949,3.479004,6.958008
23232,-0.065918,-0.153198,1.003052,-1.525879,3.295898,6.835937
23242,-0.006592,-0.137939,0.957886,-1.586914,2.990723,6.408691
23251,0.003906,-0.076782,0.977905,-1.281738,2.624512,6.408691
23261,0.037598,-0.202148,0.949341,-1.220703,2.441406,6.469727
23273,0.032104,-0.160034,0.993408,-1.403809,2.441406,6.408691
23282,0.039551,-0.178589,0.947754,-1.708984,1.892090,6.347656
23292,0.025513,-0.105347,1.017944,-1.831055,1.647949,6.347656
23301,0.014771,-0.116455,0.938843,-1.525879,0.976562,6.347656
23312,0.030273,-0.192383,1.035400,-1.220703,0.610352,5.859375
23321,0.024536,-0.132690,1.036011,-1.098633,0.427246,5.493164
23331,0.006958,-0.133423,0.969727,-0.793457,-0.061035,4.943848
23341,0.005981,-0.100952,0.986938,0.427246,-0.061035,4.943848
23351,0.017944,-0.162842,1.013916,0.305176,-0.122070,4.577637
23362,-0.020142,-0.173462,0.957031,0.488281,-0.671387,4.211426
23371,-0.025635,-0.137573,1.016602,0.671387,-0.549316,3.967285
23381,-0.058716,-0.165894,0.989868,0.671387,-0.549316,3.601074
23392,-0.035522,-0.197388,0.982910,0.732422,-0.488281,3.173828
23401,-0.053711,-0.065674,0.987793,0.915527,-0.854492,2.685547
23411,-0.025024,-0.173096,0.970581,0.610352,-1.037598,2.746582
23422,-0.028687,-0.212036,0.968994,0.244141,-0.366211,3.173828
23431,0.036865,-0.108521,1.002930,0.000000,-0.305176,3.540039
23442,-0.015625,-0.118042,0.954834,-0.244141,-0.061035,3.784180
23451,0.019653,-0.064453,1.069824,-0.549316,0.000000,3.723145
23462,-0.035889,-0.120850,1.069580,-0.793457,-0.061035,3.356934
23471,0.009399,-0.058228,1.046387,-0.610352,-1.525879,1.708984
23483,-0.021362,-0.144287,1.022949,-0.366211,-1.342773,0.976562
23492,-0.062988,-0.146484,1.020752,-0.610352,-1.342773,0.488281
23502,-0.022705,-0.124634,0.904175,-0.854492,-1.281738,-0.366211
23512,-0.024902,-0.304199,0.619385,-1.342773,-1.220703,-0.732422
23521,-0.025024,0.184326,1.154541,-3.479004,-1.159668,-1.037598
23532,-0.141357,0.052979,1.152954,-3.417969,-1.281738,-1.464844
23541,-0.075317,-0.007446,1.097290,-2.441406,-0.732422,-3.662109
23551,0.026611,-0.040527,1.127563,-1.037598,0.427246,-3.051758
23561,-0.001465,-0.087280,1.035034,0.366211,0.976562,-3.295898
23572,0.022339,-0.159912,0.994629,0.915527,0.976562,-2.929688
23581,0.048828,-0.215942,0.776123,0.732422,1.281738,-2.685547
23592,0.085693,-0.234619,0.638428,-0.610352,0.366211,-2.990723
23601,0.049805,-0.078491,0.657959,-2.380371,-0.244141,-3.662109
23614,0.022461,-0.072021,0.901489,-4.333496,-0.793457,-5.615234
23624,-0.014404,-0.041504,1.035156,-4.760742,-1.281738,-6.286621
23633,-0.044434,-0.088989,1.091187,-4.455566,-0.732422,-6.652832
23643,-0.055298,-0.046875,1.115723,-3.845215,-0.488281,-6.408691
23653,-0.035522,-0.109619,1.046143,-2.746582,0.061035,-5.981445
23662,-0.010254,-0.063965,1.099121,-1.770020,0.549316,-5.004883
23672,0.027954,-0.165161,0.981079,-0.793457,0.793457,-3.723145
23681,0.028564,-0.144409,0.985474,-0.793457,0.793457,-2.441406
23693,0.033203,-0.216431,0.953003,-1.770020,0.732422,-1.770020
23703,0.011108,-0.141724,0.959351,-2.502441,0.793457,-1.525879
23712,-0.057617,-0.147949,0.922974,-3.112793,0.244141,-1.220703
23722,-0.088257,-0.011230,1.010010,-3.417969,0.488281,-0.793457
23732,-0.023926,-0.094971,0.973633,-3.417969,1.098633,0.000000
23741,-0.012451,-0.043701,1.088745,-3.417969,1.708984,0.061035
23753,-0.032715,-0.076538,1.062012,-3.356934,1.770020,-1.525879
23763,0.004150,-0.043335,1.075806,-2.990723,1.403809,-2.624512
23772,0.015503,-0.132324,0.987793,-2.685547,1.159668,-4.333496
23782,-0.008179,-0.069458,1.006348,-2.746582,0.549316,-5.920410
23791,0.026245,-0.088135,0.974976,-3.173828,0.244141,-6.958008
23802,0.041748,-0.006104,1.118286,-3.112793,0.488281,-7.629395
23812,0.044800,-0.086548,1.047363,-2.929688,0.610352,-7.812500
23823,0.026367,-0.108765,1.027100,-2.807617,0.854492,-7.751465
23833,0.046509,-0.023926,1.136108,-2.075195,1.403809,-7.629395
23842,0.068481,-0.055542,1.093384,-1.525879,0.915527,-7.507324
23852,0.019653,-0.067383,1.051758,-0.610352,0.854492,-7.690430
23861,0.029663,-0.114624,0.977295,0.000000,0.549316,-7.934570
23872,0.069214,-0.300171,0.864990,1.159668,0.305176,-7.995605
23887,0.068726,-0.306274,0.841919,0.549316,0.854492,-7.385254
23897,-0.014771,-0.228027,0.977051,-0.488281,1.037598,-7.080078
23906,0.020752,-0.252319,0.919556,-1.647949,1.464844,-7.019043
23916,-0.078247,-0.104370,0.950562,-2.807617,1.647949,-6.774902
23926,-0.042114,-0.040039,0.986084,-2.929688,2.319336,-6.713867
23935,-0.092163,-0.129028,0.906616,-1.708984,2.136230,-5.798340
23945,-0.026123,-0.048218,0.789062,-0.793457,2.502441,-4.577637
23953,-0.026123,-0.048218,0.789062,-0.122070,3.112793,-2.624512
23963,0.065308,-0.243896,0.922485,0.244141,3.234863,-0.854492
23973,0.062256,-0.179443,0.949219,-0.122070,3.234863,0.427246
23982,0.011108,-0.165283,0.913452,-0.427246,3.845215,1.098633
23991,-0.004150,-0.125732,0.999512,-0.976562,3.723145,0.732422
24001,-0.036865,-0.164551,1.060913,-1.220703,3.479004,0.244141
24012,-0.112793,-0.059204,1.034058,-1.281738,3.234863,-0.488281
24022,-0.125000,-0.096436,0.980469,-1.098633,3.356934,-1.159668
24032,-0.074707,-0.068359,1.053711,-0.488281,3.601074,0.122070
24041,-0.064575,-0.099731,0.958252,-0.183105,4.333496,1.342773
24052,-0.036743,-0.074585,0.926880,-0.061035,4.943848,2.502441
24062,0.005005,-0.140503,0.988770,-0.244141,5.249023,3.540039
24071,0.019653,-0.159546,0.963867,-0.366211,5.920410,4.394531
24082,-0.028076,-0.115479,1.000732,-0.915527,5.798340,5.249023
24091,-0.010132,-0.045776,1.011230,-1.281738,5.615234,5.981445
24102,0.003174,-0.035645,1.061890,-0.854492,5.798340,7.507324
24113,0.027954,-0.084595,1.123657,-0.732422,5.310059,8.056641
24123,0.004395,-0.038208,1.054443,-0.366211,5.310059,8.850098
24132,0.008545,-0.084839,1.039917,0.183105,5.004883,9.155273
24142,0.067261,-0.148193,1.039063,0.305176,4.882812,9.399414
24151,0.040039,-0.083008,1.036011,-0.122070,4.699707,10.009766
24162,0.069214,-0.198608,0.967163,-0.610352,4.089355,10.375977
24173,0.068481,-0.039673,0.994385,-1.831055,3.540039,11.108398
24182,0.022705,0.028564,1.034180,-3.662109,2.746582,11.779785
24192,-0.024780,-0.020386,0.943115,-3.784180,3.112793,12.207031
24201,-0.038574,0.045166,1.012207,-3.906250,2.441406,12.390137
24212,-0.041260,-0.003296,0.970459,-3.845215,2.685547,12.451172
24222,-0.039795,-0.009888,1.008301,-3.723145,2.929688,12.573242
24233,-0.057129,-0.060791,1.005493,-3.356934,2.136230,11.657715
24243,-0.079224,-0.050293,0.983643,-2.990723,2.014160,11.474609
24253,-0.037109,-0.086060,1.005127,-2.380371,2.075195,10.803223
24262,-0.045532,-0.125488,1.012451,-2.258301,1.831055,10.314941
24272,-0.029053,-0.095459,1.070313,-1.892090,2.075195,10.192871
24281,-0.051147,-0.088379,0.993896,-1.403809,1.953125,10.253906
24292,-0.028320,-0.111694,1.013916,-0.671387,1.892090,10.375977
24301,-0.001343,-0.154541,0.975830,0.244141,1.892090,10.192871
24313,0.037476,-0.215820,0.938110,1.098633,1.892090,9.460449
24322,0.045654,-0.134766,1.014038,1.647949,0.610352,8.972168
24332,0.027100,-0.236938,0.913452,1.647949,0.549316,8.666992
24342,0.040283,-0.142212,0.976318,1.098633,0.427246,8.178711
24351,0.056885,-0.131958,0.919312,0.732422,0.183105,7.873535
24362,0.036987,-0.053589,0.998901,0.549316,0.122070,7.690430
24371,0.013550,-0.200317,0.930420,0.610352,0.000000,7.751465
24384,0.008545,-0.087524,1.046753,0.183105,-0.244141,7.141113
24393,-0.003052,0.011353,1.087402,0.366211,-0.610352,6.835937
24402,-0.044434,-0.166138,0.978516,0.915527,-1.037598,6.530762
24412,0.007935,-0.049927,1.112183,0.854492,-1.159668,5.859375
24422,-0.004517,-0.165649,1.023438,0.732422,-1.403809,5.249023
24432,0.023315,-0.024414,1.031860,0.366211,-1.342773,5.004883
24441,-0.005371,-0.105835,0.991089,0.366211,-1.220703,4.943848
24453,0.040649,-0.180908,0.924683,0.183105,-1.098633,4.516602
24462,0.098877,-0.119507,0.996338,-0.488281,-1.586914,4.394531
24472,0.083740,-0.170898,0.892822,-0.915527,-1.892090,4.272461
24482,0.128174,-0.025879,1.008423,-1.647949,-2.319336,3.906250
24492,0.168457,-0.137695,1.033325,-1.953125,-3.112793,3.723145
24502,0.128052,-0.002319,1.090454,-1.892090,-3.662109,3.173828
24513,0.109253,-0.062012,1.143433,-0.427246,-4.943848,2.136230
24523,0.067993,-0.174683,0.973999,0.000000,-4.943848,2.014160
24533,0.064087,-0.109253,0.954346,0.000000,-5.004883,2.014160
24542,0.058350,-0.246948,0.851685,0.061035,-5.126953,2.136230
24552,0.010620,-0.119629,0.837524,-0.366211,-5.554199,1.892090
24562,0.046143,-0.185181,0.862671,-0.732422,-5.554199,1.647949
24572,0.014160,-0.134155,0.841797,-1.159668,-5.493164,0.732422
24581,-0.048950,-0.239990,0.780396,-1.464844,-5.432129,-0.305176
24593,-0.027100,-0.204224,0.910156,-2.441406,-5.432129,-2.868652
24603,-0.067017,-0.017700,1.001343,-3.417969,-5.798340,-3.845215
24613,-0.023804,-0.132080,1.045898,-3.295898,-5.493164,-4.455566
24623,-0.035034,-0.099731,1.061646,-2.990723,-4.882812,-4.577637
24632,0.009033,-0.125977,1.066895,-2.868652,-4.455566,-4.577637
24642,-0.013184,-0.085571,1.021362,-2.624512,-4.028320,-4.394531
24652,-0.022949,-0.076660,0.993408,-2.685547,-3.479004,-4.150391
24661,-0.043701,-0.116089,0.977417,-2.685547,-3.295898,-4.028320
24672,0.010010,-0.105469,0.973999,-2.624512,-2.929688,-3.845215
24682,0.011841,-0.077271,1.044189,-2.563477,-2.990723,-3.845215
24692,-0.001831,-0.170288,1.026367,-2.258301,-2.807617,-3.723145
24702,-0.016357,-0.104126,1.034912,-2.380371,-2.624512,-3.845215
24712,0.047974,-0.094604,1.088989,-2.441406,-2.868652,-4.150391
24721,-0.001709,-0.035645,0.995239,-2.563477,-2.868652,-4.028320
24733,0.021362,-0.063843,1.005737,-2.502441,-2.685547,-3.845215
24743,0.013672,-0.075684,0.970703,-2.807617,-2.624512,-4.028320
24752,-0.027100,-0.064941,0.944580,-2.990723,-2.441406,-4.089355
24762,-0.008545,-0.068237,0.939087,-3.112793,-2.014160,-3.967285
24772,-0.024170,-0.008057,0.965820,-3.723145,-1.892090,-4.150391
24782,0.013794,0.024658,1.055176,-3.967285,-1.647949,-4.760742
24792,-0.061157,-0.032227,0.971924,-3.723145,-1.831055,-5.310059
24801,0.005249,0.006470,1.053223,-2.807617,-1.037598,-5.615234
24812,-0.041260,-0.090454,1.030029,-2.075195,-0.915527,-5.859375
24822,-0.007935,-0.137695,0.982300,-1.525879,-0.488281,-6.042480
24832,0.021851,-0.096436,1.030518,-1.464844,-0.732422,-6.408691
24841,0.031616,-0.193359,0.972046,-1.586914,-0.854492,-6.408691
24852,0.042236,-0.063110,1.013794,-1.953125,-0.427246,-6.530762
24862,0.047974,-0.158447,0.981079,-1.892090,-0.305176,-6.286621
24873,0.010376,-0.111816,1.020264,-2.075195,-0.488281,-5.859375
24883,-0.007324,-0.069092,1.013916,-1.281738,-0.305176,-5.310059
24893,-0.075073,-0.064697,1.062622,-0.427246,-0.305176,-4.516602
24902,-0.084595,-0.127808,1.015625,0.488281,-0.305176,-3.479004
24912,-0.042236,-0.097778,1.017090,1.281738,0.915527,-2.258301
24922,-0.059570,-0.195801,1.000366,2.075195,1.586914,-1.098633
24931,-0.064941,-0.083740,1.031494,2.197266,1.708984,-0.671387
24943,-0.077637,-0.118896,0.955688,2.441406,2.258301,-0.183105
24953,-0.074951,-0.212646,0.947388,1.953125,2.075195,-0.244141
24962,-0.078979,-0.109619,0.927124,1.403809,2.685547,-0.305176
24972,-0.040283,-0.041016,1.018311,0.854492,3.356934,-0.183105
24982,0.003662,-0.114502,0.905762,0.732422,3.784180,-0.305176
24992,-0.016602,-0.014404,1.021729,0.671387,3.479004,-0.366211
25002,-0.013062,-0.189087,0.960327,0.488281,3.295898,-0.366211
25011,-0.018188,0.031128,1.018555,0.488281,3.234863,-0.183105
25023,0.009766,-0.062866,0.998901,0.305176,3.723145,0.610352
25032,0.018311,-0.164185,0.931396,-0.061035,3.967285,1.220703
25042,0.011963,-0.062866,1.036377,-0.305176,4.211426,1.708984
25052,0.038574,-0.150635,0.916504,-0.122070,3.967285,2.319336
25062,0.046509,-0.121460,0.992432,-0.183105,3.845215,2.868652
25072,0.030640,-0.192993,0.935181,-0.549316,3.723145,3.662109
25083,0.041992,-0.099121,1.079468,-0.671387,3.723145,4.882812
25092,0.031250,-0.204712,0.975342,-0.976562,4.028320,5.615234
25102,-0.027832,-0.016113,1.088257,-1.037598,3.845215,5.554199
25111,-0.031860,-0.224487,0.956909,-0.854492,3.417969,5.249023
25122,-0.007080,-0.071167,1.011108,-1.037598,3.173828,4.882812
25132,0.004028,-0.253784,1.006714,-0.976562,2.929688,4.638672
25143,-0.026611,-0.135254,0.975708,-1.098633,2.685547,4.150391
25153,-0.005127,-0.151367,0.892212,-1.342773,2.990723,4.089355
25162,0.021851,-0.133179,1.053711,-1.770020,3.295898,3.601074
25172,-0.006714,-0.215942,0.968018,-1.953125,2.990723,2.868652
25182,0.013428,-0.105469,1.068359,-2.136230,2.868652,2.197266
25192,0.044434,-0.120361,1.026001,-2.319336,2.441406,1.403809
25202,0.057495,-0.106689,1.065674,-2.075195,2.197266,1.098633
25212,0.020386,-0.132812,1.023438,-1.770020,1.647949,1.159668
25223,0.077759,-0.122925,1.053955,-1.831055,2.014160,1.464844
25232,0.107422,-0.190796,1.015991,-1.892090,2.319336,1.892090
25242,0.057617,-0.071167,1.027344,-1.708984,1.708984,1.831055
25251,0.104858,-0.111572,0.976562,-1.892090,1.098633,1.525879
25262,0.053345,-0.133301,0.962769,-1.953125,0.732422,1.220703
25271,0.128052,-0.068604,1.033325,-1.953125,0.244141,1.037598
25283,0.070190,-0.163208,1.009888,-1.281738,-0.549316,0.976562
25292,0.057007,-0.103760,0.980347,-1.037598,-0.244141,1.281738
25302,0.073608,-0.111206,0.957275,-1.098633,-0.366211,1.647949
25312,0.047485,-0.141846,0.940552,-1.464844,-0.366211,2.014160
25322,0.034180,-0.109375,0.876465,-1.953125,-0.671387,2.563477
25332,0.062744,0.030396,0.946899,-2.563477,-0.976562,3.295898
25341,0.009888,-0.068359,0.879761,-2.563477,-0.549316,4.211426
25353,-0.027710,0.023315,0.941284,-2.502441,-0.061035,5.554199
25363,-0.024536,0.029053,0.967651,-3.112793,-0.183105,5.676270
25373,-0.028931,-0.155884,0.951050,-2.990723,0.122070,5.676270
25382,-0.093262,-0.000122,0.994507,-3.295898,0.122070,5.615234
25392,-0.067261,-0.038086,1.029785,-3.295898,0.000000,5.249023
25402,-0.083862,-0.046143,0.986084,-2.746582,0.000000,4.821777
25412,-0.088013,-0.020752,1.053711,-2.319336,0.488281,4.638672
25423,-0.067993,-0.184326,1.012939,-1.464844,0.732422,4.516602
25433,-0.026001,-0.171265,0.973145,-1.037598,1.159668,4.882812
25442,-0.017944,-0.137573,1.023438,-1.281738,0.976562,4.943848
25452,-0.006958,-0.061035,1.080444,-1.281738,1.281738,5.065918
25462,0.012573,-0.140381,1.037842,-1.098633,0.793457,4.760742
25471,0.061035,-0.063965,1.015625,-0.610352,0.854492,4.638672
25482,0.046143,-0.118408,1.017944,-0.488281,0.366211,4.943848
25491,0.088867,-0.142822,0.958008,-0.305176,0.366211,5.798340
25503,0.110229,-0.274292,0.965698,-0.305176,-0.061035,6.835937
25513,0.066162,-0.115234,0.979248,-0.366211,-0.305176,6.774902
25522,0.099976,-0.237183,0.914062,-1.037598,-0.610352,6.530762
25532,0.068237,-0.038818,0.925903,-1.953125,-0.671387,6.164551
25543,0.048096,-0.211792,0.861084,-2.685547,-1.403809,5.676270
25552,-0.012207,-0.073486,0.899414,-3.723145,-1.708984,5.310059
25562,-0.022339,-0.084473,1.016357,-4.272461,-1.708984,5.187988
25572,-0.059570,-0.000244,0.942627,-4.638672,-1.281738,5.371094
25583,-0.097168,-0.154175,0.916260,-4.028320,-1.098633,5.676270
25592,-0.100830,0.016724,1.029297,-4.028320,-0.915527,5.920410
25602,-0.006592,-0.149414,0.988892,-4.028320,-0.854492,6.286621
25612,-0.005249,-0.001831,0.981323,-4.089355,-0.915527,6.652832
25622,0.030762,-0.076904,0.994507,-3.845215,-0.671387,7.507324
25632,0.016846,-0.121216,0.899170,-3.784180,-0.305176,8.178711
25644,0.006348,-0.193115,0.944458,-3.723145,-0.793457,8.300781
25653,0.030151,-0.033081,1.029663,-3.784180,-1.403809,8.239746
25663,-0.012817,-0.160767,0.998901,-3.234863,-1.708984,8.666992
25673,0.024048,-0.075562,0.969238,-2.807617,-1.708984,8.605957
25682,-0.024536,-0.152710,1.009277,-2.319336,-2.014160,9.094238
25692,-0.004028,-0.228516,0.952881,-1.708984,-1.831055,9.399414
25705,-0.016479,-0.268799,0.870850,-1.281738,-1.892090,9.582520
25714,-0.031372,-0.129150,0.945435,-1.708984,-2.014160,8.728027
25724,-0.041992,-0.282837,0.853394,-1.831055,-2.746582,7.690430
25734,-0.010864,-0.223999,0.900513,-2.136230,-2.807617,6.591797
25743,-0.020386,-0.197388,0.993164,-2.868652,-3.051758,5.676270
25753,-0.036011,-0.244629,0.921753,-3.540039,-3.356934,4.455566
25762,-0.063843,0.063843,1.075806,-3.967285,-3.051758,3.845215
25775,-0.016724,-0.112793,1.012695,-4.272461,-2.929688,2.990723
25784,0.022827,0.020142,1.098755,-4.089355,-2.929688,2.868652
25793,0.037720,-0.107666,1.102051,-3.906250,-2.990723,2.319336
25803,0.016968,-0.081543,1.059570,-3.784180,-2.990723,1.647949
25812,0.061401,0.005981,1.044556,-3.784180,-3.662109,0.610352
25822,0.045532,-0.034180,0.981323,-3.906250,-3.723145,-0.305176
25832,0.050171,-0.065430,1.009644,-3.662109,-3.845215,-0.915527
25842,0.071411,-0.159424,0.978882,-3.295898,-4.089355,-1.831055
25853,0.039063,0.051147,1.027588,-3.356934,-5.432129,-3.845215
25863,0.067627,-0.058472,1.049438,-2.380371,-5.798340,-4.699707
25872,0.012939,-0.059204,1.067383,-1.647949,-6.042480,-5.920410
25882,0.037231,-0.111938,1.034058,-1.220703,-5.981445,-6.591797
25892,-0.016235,-0.109009,0.968994,-1.220703,-5.554199,-7.141113
25902,0.030640,-0.040405,1.082520,-1.098633,-5.065918,-7.812500
25912,0.004761,-0.103394,1.020386,-0.488281,-4.943848,-8.789063
25924,0.023193,-0.046021,1.007690,0.671387,-5.432129,-11.291504
25933,0.078247,-0.183228,1.015381,1.342773,-5.676270,-12.634277
25943,0.048462,-0.130615,0.999512,1.831055,-5.554199,-13.305664
25952,0.081543,-0.120605,1.021973,2.258301,-5.371094,-13.793945
25962,0.060303,-0.244629,0.928467,2.563477,-5.432129,-14.526367
25972,0.100586,-0.118652,0.969360,2.441406,-5.249023,-14.892578
25982,0.089722,-0.191406,0.921753,2.136230,-5.187988,-14.831543
25993,0.042603,-0.040527,0.973267,0.671387,-4.272461,-14.526367
26003,0.081787,-0.141724,0.968628,0.488281,-4.577637,-14.282227
26012,-0.011841,-0.039063,1.002930,0.732422,-4.272461,-13.793945
26022,-0.004517,0.004395,1.102539,1.037598,-3.967285,-13.366699
26033,-0.076416,-0.101563,1.070190,1.831055,-3.051758,-12.634277
26043,-0.101807,-0.050537,1.019165,2.319336,-2.258301,-11.596680
26052,-0.046631,-0.051636,1.048828,2.746582,-0.305176,-9.460449
26062,-0.073608,-0.218628,0.828125,2.319336,0.366211,-8.239746
26073,-0.055054,-0.004028,1.034668,1.281738,0.915527,-7.141113
26082,-0.095337,-0.102295,0.835693,0.793457,1.403809,-6.591797
26092,-0.074463,0.049072,0.953491,0.488281,1.953125,-6.103516
26103,-0.108765,-0.296265,0.705811,0.488281,2.380371,-5.126953
26112,-0.058716,-0.221191,0.787598,-0.610352,2.929688,-4.516602
26122,-0.070923,-0.107544,0.862427,-2.380371,3.234863,-3.051758
26132,-0.013062,0.164795,1.020508,-2.563477,3.356934,-1.892090
26143,-0.078857,-0.244507,0.922729,-1.098633,4.333496,-0.671387
26153,-0.042480,-0.083008,1.007935,-0.854492,5.004883,0.427246
26163,-0.015991,-0.202881,1.052002,-1.037598,5.310059,2.014160
26172,-0.002930,-0.210083,0.948364,-1.525879,5.798340,3.601074
26183,-0.044189,0.061035,1.093506,-2.014160,5.676270,5.004883
26192,0.039551,-0.063232,0.962402,-2.136230,5.920410,8.422852
26204,0.028809,-0.004272,1.090210,-2.380371,5.859375,9.399414
26213,-0.064575,-0.247437,0.964844,-2.868652,5.432129,10.314941
26223,-0.046387,-0.104492,1.005005,-3.967285,5.371094,10.864258
26233,0.023193,-0.011963,1.050537,-4.516602,4.882812,11.535645
26242,-0.030640,-0.144043,0.986084,-4.150391,4.882812,11.840820
26252,-0.022949,-0.107666,1.084961,-4.455566,4.577637,11.596680
26265,-0.007202,-0.050659,1.134888,-5.004883,3.479004,9.948730
26274,-0.060913,-0.142090,1.064453,-4.699707,3.356934,9.643555
26284,-0.026245,-0.135010,1.021729,-4.089355,3.479004,8.850098
26294,0.021606,-0.063110,0.987915,-3.967285,3.784180,8.239746
26303,0.033203,-0.097900,1.041016,-4.089355,3.173828,7.812500
26313,0.015625,-0.180298,0.963501,-4.455566,2.319336,7.080078
26323,-0.000732,-0.094727,0.985107,-4.333496,2.380371,6.347656
26332,0.034912,-0.124756,0.939087,-4.577637,1.892090,5.004883
26343,0.084473,-0.103760,1.055176,-4.211426,0.915527,4.150391
26353,0.069336,-0.098389,1.001465,-4.394531,0.427246,3.601074
26362,0.081543,-0.065186,1.017456,-4.211426,0.000000,3.234863
26372,0.141968,0.059570,1.016846,-3.662109,-0.122070,2.685547
26382,0.102173,-0.284668,0.906128,-2.319336,-0.366211,2.807617
26393,0.122559,-0.206177,0.942261,-1.892090,-0.854492,2.746582
26402,0.154663,-0.071167,0.976562,-2.075195,-1.403809,2.807617
26412,0.114502,-0.196167,1.014160,-2.197266,-2.502441,2.441406
26423,-0.015991,0.100952,1.043091,-1.281738,-2.990723,2.319336
26433,-0.032471,-0.164673,1.015259,0.549316,-2.868652,1.770020
26442,-0.039307,-0.155640,1.035645,1.647949,-2.502441,1.770020
26452,-0.100586,-0.059814,1.087280,1.892090,-2.380371,1.831055
26463,-0.070557,-0.186768,0.957275,1.892090,-2.441406,1.831055
26473,-0.046997,-0.121826,0.901489,0.915527,-1.770020,2.197266
26482,-0.043823,0.023804,0.845093,0.671387,-1.586914,1.770020
26493,-0.044434,-0.073242,0.939697,0.488281,-1.403809,1.159668
26502,-0.066284,-0.051147,1.060425,0.122070,-1.098633,0.244141
26513,-0.064209,-0.126709,1.083374,0.061035,-1.403809,-0.793457
26523,-0.062866,-0.067749,1.054688,0.000000,-1.403809,-1.281738
26533,-0.038696,-0.049561,1.055298,0.305176,-1.037598,-1.403809
26542,0.031982,-0.139038,0.997070,0.549316,-1.037598,-0.976562
26554,0.030151,-0.105713,1.003418,0.549316,-1.037598,-0.305176
26564,0.072388,-0.243774,0.925293,0.427246,-0.915527,0.122070
26573,0.123901,-0.027100,0.947510,-0.122070,-0.854492,0.488281
26583,0.158081,0.019653,1.033691,-0.061035,-0.976562,0.671387
26592,0.108154,-0.238647,0.928101,0.061035,-1.647949,0.854492
26602,0.056763,-0.035645,0.973999,-0.244141,-2.258301,0.732422
26612,0.114380,0.030640,1.147217,-0.183105,-2.990723,0.854492
26624,0.081543,-0.057007,0.954712,-0.366211,-3.173828,0.671387
26634,0.063843,0.009766,1.021729,0.061035,-3.662109,0.732422
26643,0.068115,-0.245972,0.910645,0.549316,-3.723145,0.305176
26652,0.027100,-0.098755,0.924194,0.305176,-4.394531,-0.122070
26663,0.020264,-0.031982,1.002808,0.244141,-4.760742,-1.037598
26673,-0.017212,-0.189453,0.895142,-0.061035,-4.821777,-1.708984
26683,-0.053833,-0.102539,0.974365,-0.427246,-3.906250,-2.441406
26693,-0.071289,-0.169678,0.967041,-0.244141,-3.967285,-2.746582
26703,-0.106567,-0.075439,1.033325,-0.122070,-3.234863,-2.807617
26713,-0.038574,0.016724,1.079590,0.122070,-2.868652,-2.441406
26722,-0.010132,-0.250854,0.976318,0.061035,-2.929688,-2.075195
26733,-0.046509,-0.101807,0.992187,0.000000,-2.624512,-1.892090
26743,-0.007568,0.036011,1.052124,-0.427246,-2.746582,-1.647949
26754,-0.029297,-0.134155,0.974487,-0.305176,-1.892090,-0.915527
26764,-0.016968,0.060791,1.059448,-0.976562,-2.014160,-0.305176
26774,-0.015625,-0.053467,1.039795,-0.732422,-1.586914,0.366211
26783,0.016968,-0.189453,0.964600,-0.549316,-1.892090,0.976562
26793,0.024048,-0.090698,1.004517,-0.427246,-1.464844,1.708984
26803,0.043579,-0.119873,1.026123,-0.427246,-1.220703,2.319336
26814,-0.008545,-0.230835,0.968750,-1.281738,-2.014160,2.746582
26824,-0.022949,-0.033691,1.003906,-1.586914,-1.647949,2.807617
26834,-0.029297,-0.117188,0.997681,-1.770020,-2.075195,2.746582
26843,-0.024902,-0.062500,1.000732,-1.586914,-2.014160,2.624512
26853,-0.048462,-0.112793,0.994019,-1.342773,-1.892090,2.197266
26863,-0.046387,-0.213501,0.853516,-1.220703,-2.075195,1.220703
26873,-0.050293,-0.052734,0.947266,-1.098633,-2.197266,0.549316
26882,-0.002930,-0.277710,0.909302,-1.342773,-2.075195,-0.122070
26894,-0.018677,0.015381,0.975830,-1.831055,-2.502441,-2.807617
26904,-0.021362,-0.166504,0.951782,-2.502441,-2.502441,-3.479004
26914,-0.050171,-0.206299,0.897339,-2.746582,-2.136230,-4.211426
26924,-0.030273,-0.005737,0.954468,-2.868652,-1.892090,-4.943848
26933,-0.029297,-0.094604,1.005371,-3.112793,-1.892090,-5.371094
26943,-0.018677,-0.052734,1.081055,-3.356934,-1.770020,-5.737305
26953,-0.014648,-0.007813,1.049805,-2.746582,-1.831055,-6.103516
26962,-0.026611,-0.064331,1.016235,-2.075195,-1.525879,-6.164551
26973,0.029907,-0.054199,1.076416,-1.770020,-1.281738,-5.798340
26983,0.082764,-0.058105,1.013306,-1.647949,-1.342773,-5.554199
26992,0.046753,-0.055298,0.974976,-1.831055,-1.220703,-5.065918
27003,0.087158,0.014404,1.003296,-2.014160,-1.220703,-4.089355
27013,0.087036,-0.083740,0.995239,-1.647949,-1.464844,-3.540039
27023,0.061768,-0.190186,0.957153,-1.464844,-1.586914,-3.234863
27032,0.080811,-0.078613,1.025879,-2.563477,-2.502441,-3.234863
27043,0.040283,-0.081543,0.999756,-3.051758,-3.173828,-3.356934
27053,0.002197,-0.051636,0.953369,-3.234863,-3.173828,-3.967285
27063,-0.012939,-0.075073,0.942749,-3.295898,-3.051758,-4.150391
27073,-0.000854,-0.190308,0.894531,-4.089355,-2.685547,-4.150391
27083,-0.021606,0.039551,1.038452,-4.760742,-2.624512,-4.089355
27094,-0.029297,-0.242065,0.734375,-5.310059,-3.173828,-4.821777
27104,0.046143,0.282715,1.203369,-7.202148,-2.929688,-4.577637
27114,-0.076904,0.124023,1.233765,-6.347656,-2.990723,-4.943848
27124,-0.111938,-0.012451,1.259766,-4.455566,-2.807617,-6.164551
27133,-0.130981,-0.010498,1.157593,-2.929688,-0.976562,-5.554199
27143,-0.017944,-0.197876,1.011597,-1.281738,0.488281,-4.943848
27153,-0.054321,-0.244263,0.905518,-0.854492,0.488281,-4.821777
27163,0.007935,-0.038208,0.940918,-1.892090,-0.427246,-4.699707
27174,0.026123,-0.149658,0.806763,-2.197266,-2.014160,-6.286621
27184,0.101196,0.066406,1.107056,-3.967285,-1.831055,-7.019043
27193,0.006958,-0.094604,1.045654,-2.929688,-1.770020,-8.300781
27203,-0.035034,-0.094482,0.982910,-0.976562,-1.708984,-9.765625
27213,0.012085,-0.094604,1.112549,-0.061035,-1.647949,-10.314941
27223,0.010498,-0.247192,1.076294,0.061035,-0.976562,-10.192871
27234,-0.006836,-0.050903,1.046387,0.854492,-1.403809,-9.704590
27244,0.003418,-0.178589,1.039795,1.647949,-0.793457,-8.972168
27253,-0.011475,-0.238770,0.968750,1.770020,-0.732422,-8.361816
27263,-0.008423,-0.102295,1.019287,1.403809,-0.183105,-7.873535
27273,-0.002930,-0.080811,0.999390,0.732422,-0.122070,-7.568359
27282,-0.030151,-0.227661,0.894165,0.366211,0.366211,-6.591797
27293,-0.023560,-0.053345,0.883667,0.000000,0.793457,-5.126953
27303,0.048950,-0.094116,0.988525,0.122070,1.220703,-3.845215
27312,0.049805,-0.357056,0.970703,-0.732422,1.342773,-2.563477
27324,-0.017334,0.125854,1.083984,-1.525879,0.976562,-2.258301
27334,0.013428,-0.034302,1.096924,-1.037598,1.403809,-2.197266
27343,-0.031494,-0.092896,1.035034,-0.488281,1.281738,-1.892090
27353,-0.031494,-0.044922,1.064087,0.000000,1.342773,-1.525879
27363,-0.036011,-0.039063,1.067749,0.488281,1.525879,-1.037598
27374,-0.014648,-0.166992,0.996460,1.220703,1.708984,0.183105
27384,-0.061401,-0.024414,0.921997,1.708984,1.525879,0.671387
27394,-0.047119,0.012085,0.970093,2.258301,1.708984,0.549316
27403,-0.012451,-0.346558,0.974976,3.356934,1.281738,0.427246
27414,-0.020020,-0.196167,0.983154,3.601074,1.647949,0.061035
27423,-0.030273,-0.244507,0.977783,2.624512,1.708984,-0.061035
27433,-0.001343,-0.311646,0.892334,1.831055,2.014160,0.000000
27444,-0.035889,-0.178345,0.919434,-0.549316,1.159668,-0.793457
27454,0.015015,-0.156006,0.829346,-0.488281,1.098633,-1.037598
27463,0.050415,-0.088501,0.882812,-0.488281,0.915527,-1.220703
27474,0.060059,0.129150,1.063965,-0.244141,0.793457,-0.671387
27483,0.063477,-0.164795,1.005981,0.183105,1.220703,0.061035
27493,0.023315,-0.225464,0.956787,-0.122070,1.159668,0.122070
27503,0.039185,-0.038818,1.012695,-0.549316,1.159668,0.244141
27516,0.024536,-0.103394,0.930664,-1.586914,0.183105,-0.915527
27525,-0.005249,-0.058594,0.947998,-1.953125,-0.488281,-1.770020
27535,0.005249,-0.024536,1.041382,-1.953125,-0.366211,-2.136230
27544,-0.058472,-0.128052,0.950684,-2.258301,-0.427246,-2.502441
27554,-0.038330,-0.018799,0.972168,-2.929688,-0.305176,-2.624512
27564,-0.018799,0.129272,1.101196,-3.784180,0.122070,-2.563477
27573,-0.044678,-0.022705,1.072021,-4.028320,0.610352,-2.441406
27583,-0.104370,0.018188,1.093384,-3.173828,0.671387,-2.929688
27595,-0.026611,-0.099487,1.075317,-0.976562,0.610352,-2.807617
27605,-0.008179,-0.236938,1.041016,-0.427246,0.976562,-2.380371
27614,0.018188,-0.116821,0.981445,-0.305176,0.976562,-1.953125
27624,0.026001,-0.046509,0.972412,-0.610352,1.159668,-1.098633
27633,0.071655,-0.260498,0.883057,-0.549316,1.281738,-0.488281
27644,0.034790,-0.159546,0.877319,-0.732422,0.915527,0.122070
27653,0.026733,-0.053589,0.959351,-1.159668,0.976562,1.159668
27665,-0.003540,-0.143311,1.003906,-3.112793,0.854492,1.525879
27674,0.051514,0.033203,1.140747,-3.540039,0.549316,2.258301
27683,-0.016235,-0.131348,1.069336,-2.990723,0.915527,3.112793
27694,-0.011841,-0.159546,1.034668,-2.136230,0.915527,3.051758
27703,-0.013672,0.003662,1.113770,-1.403809,0.854492,2.990723
27714,0.027588,-0.173218,1.028809,-1.220703,0.610352,3.234863
27723,0.034058,-0.248535,0.874878,-1.220703,0.000000,3.112793
27735,0.066895,-0.256470,0.871460,-0.915527,0.061035,3.051758
27744,0.015381,-0.218018,0.738281,-1.525879,-0.549316,2.929688
27754,0.041260,0.051880,0.948486,-2.380371,-0.732422,3.051758
27763,-0.006348,0.002930,1.015991,-2.502441,-1.037598,3.234863
27773,0.034912,-0.173096,1.046143,-2.380371,-1.647949,2.868652
27783,-0.043091,0.016235,1.078979,-2.563477,-1.953125,2.380371
27793,-0.064575,0.011108,1.066406,-1.525879,-1.892090,1.892090
27805,-0.020264,-0.156738,0.957153,-1.647949,-2.014160,1.525879
27814,0.033569,0.122681,1.036621,-1.708984,-2.502441,1.220703
27824,-0.023926,-0.035400,0.965088,-1.159668,-2.685547,0.915527
27833,0.003540,-0.270508,0.853638,-0.732422,-2.380371,0.671387
27844,-0.012451,-0.093506,0.966553,-0.793457,-2.441406,0.183105
27853,0.003418,-0.080200,1.018555,-0.915527,-2.563477,-0.488281
27866,-0.001709,-0.203613,0.975586,-1.342773,-2.929688,-1.953125
27875,0.007935,-0.127930,0.998169,-1.403809,-2.868652,-2.075195
27885,-0.001831,-0.229126,0.918823,-1.770020,-3.051758,-2.624512
27895,-0.006348,-0.100220,0.977783,-1.953125,-2.746582,-3.173828
27904,-0.003784,-0.008301,1.022583,-2.014160,-2.258301,-3.234863
27914,-0.054932,-0.130249,0.927246,-2.380371,-2.685547,-3.479004
27923,-0.065674,-0.217407,0.879150,-2.319336,-2.502441,-3.479004
27933,-0.028442,0.011230,0.975220,-2.868652,-1.831055,-3.540039
27945,-0.010864,-0.255859,0.982544,-3.234863,-1.831055,-3.967285
27955,-0.026489,-0.056396,1.034912,-3.479004,-2.258301,-4.577637
27965,0.010254,0.051636,1.095337,-3.417969,-2.136230,-5.249023
27974,0.012573,-0.029907,1.061768,-3.173828,-2.075195,-5.737305
27983,-0.011963,-0.087769,1.040771,-2.929688,-2.319336,-6.286621
27993,0.026978,-0.083496,1.049561,-2.868652,-2.197266,-6.652832
28006,0.016357,-0.001709,1.014404,-3.051758,-2.929688,-7.385254
28015,0.027344,-0.020996,1.005615,-2.929688,-3.479004,-7.995605
28025,0.069092,-0.068237,0.992554,-2.502441,-3.234863,-7.873535
28034,0.058594,-0.063477,1.016846,-1.647949,-2.929688,-7.812500
28044,0.071167,-0.173706,0.967407,-1.098633,-2.990723,-7.751465
28053,0.069336,-0.188599,0.923950,-1.220703,-2.746582,-7.385254
28064,0.048706,-0.117798,0.964722,-1.770020,-2.868652,-7.202148
28073,0.056274,-0.204468,0.872192,-2.441406,-3.295898,-7.263184
28085,0.032959,0.080933,1.005981,-3.173828,-3.601074,-7.324219
28094,-0.051880,-0.170166,0.945068,-3.295898,-3.234863,-7.568359
28104,-0.070068,-0.188477,0.968750,-3.540039,-3.295898,-7.934570
28114,-0.095093,0.098633,1.085449,-3.295898,-2.563477,-8.178711
28123,-0.102783,0.043335,1.075439,-2.502441,-2.258301,-8.178711
28134,-0.061768,-0.183105,1.061523,-1.831055,-1.464844,-8.239746
28144,-0.088623,-0.103760,1.000000,-1.098633,-0.488281,-8.300781
28153,-0.068604,0.044067,1.069458,-0.732422,-0.305176,-8.300781
28164,-0.025513,-0.181152,0.985718,-0.305176,-0.488281,-8.361816
28174,-0.055298,-0.182129,0.984619,-0.244141,-0.549316,-8.178711
28184,-0.042480,0.004639,1.015015,-0.610352,-0.366211,-7.934570
28194,-0.017700,-0.100464,0.958252,-0.366211,0.244141,-7.324219
28203,-0.008179,-0.200928,0.905640,-0.122070,0.610352,-6.958008
28216,0.022583,-0.059326,0.934937,-0.488281,1.892090,-5.920410
28225,-0.030762,-0.187256,0.922241,-0.732422,1.403809,-5.798340
28235,-0.045898,-0.016724,0.954102,-1.098633,1.098633,-5.981445
28245,-0.022339,-0.012817,0.976562,-1.037598,1.647949,-5.859375
28255,-0.069336,-0.158813,0.946045,-0.915527,1.647949,-5.798340
28264,-0.045654,-0.098633,0.983032,-0.671387,1.525879,-5.432129
28274,-0.036743,-0.000122,0.974243,-1.037598,2.075195,-4.882812
28283,0.033447,-0.208618,0.933350,-1.525879,2.624512,-3.784180
28295,0.019287,0.115967,1.081543,-2.441406,2.380371,-3.601074
28304,-0.007690,-0.057373,1.043213,-2.319336,2.624512,-3.784180
28314,-0.024780,-0.308228,1.032593,-1.953125,2.197266,-4.089355
28323,0.032837,-0.064087,1.044067,-2.075195,2.258301,-4.150391
28334,0.004150,0.063232,1.073608,-2.197266,1.892090,-4.028320
28343,0.052490,-0.122437,1.005859,-1.708984,1.708984,-4.028320
28356,0.031860,-0.100708,1.033691,-1.403809,1.708984,-3.784180
28365,0.018799,-0.106201,0.962646,-1.159668,1.281738,-4.028320
28375,0.034790,-0.250488,0.953369,-0.915527,1.037598,-4.272461
28384,-0.003906,-0.249023,0.998291,-0.854492,0.976562,-4.455566
28394,0.009155,-0.090942,0.984131,-1.159668,0.610352,-4.760742
28403,0.038574,-0.076294,0.980835,-1.220703,0.671387,-4.821777
28414,-0.003906,-0.154785,1.032471,-1.098633,0.671387,-4.638672
28424,0.006836,-0.076782,1.068848,-1.464844,0.793457,-4.272461
28434,-0.071045,-0.090332,0.990112,-0.671387,1.037598,-3.906250
28443,-0.027466,-0.154053,0.959473,-0.366211,1.342773,-3.540039
28454,-0.005615,-0.076294,0.961426,-0.305176,1.953125,-2.746582
28464,-0.005859,-0.162109,0.913818,-0.671387,2.014160,-1.831055
28473,0.002441,-0.324951,0.848267,-0.915527,1.953125,-1.342773
28484,-0.014771,-0.094238,0.896851,-1.647949,1.831055,-0.915527
28493,-0.011230,0.117432,0.963745,-2.380371,1.770020,-0.854492
28505,-0.015381,-0.144409,0.927856,-2.624512,2.197266,-1.281738
28515,-0.006714,0.078369,1.004517,-2.746582,1.281738,-1.342773
28524,-0.043335,0.002808,1.023315,-2.258301,1.098633,-1.220703
28534,-0.029785,-0.153076,0.968628,-1.708984,1.403809,-0.976562
28544,-0.014526,-0.079712,1.005371,-1.403809,1.586914,-0.732422
28554,-0.002930,0.046387,1.053589,-1.220703,2.075195,-0.061035
28564,-0.052246,-0.020020,1.011353,-1.220703,1.892090,0.366211
28574,-0.029663,-0.037231,1.030762,-1.037598,2.014160,0.305176
28584,-0.036499,-0.020874,1.009644,-0.732422,2.258301,0.122070
28594,-0.030640,-0.064087,0.998291,-1.159668,1.770020,0.000000
28604,-0.018311,-0.151978,0.956909,-1.403809,1.525879,-0.183105
28614,-0.030884,-0.033325,0.977661,-1.708984,1.770020,-0.305176
28623,-0.010742,-0.052490,0.997192,-1.708984,2.075195,0.000000
28636,-0.009766,-0.060303,0.985840,-1.403809,1.831055,0.366211
28646,0.049683,-0.019897,1.020264,-1.464844,1.831055,1.098633
28655,0.043701,-0.218628,0.969116,-1.708984,1.281738,1.342773
28665,0.094238,-0.208252,0.944458,-2.319336,0.671387,1.647949
28674,0.024292,0.040283,1.052979,-2.990723,0.427246,1.953125
28683,0.037720,0.021484,1.070801,-2.990723,0.244141,1.953125
28694,0.063721,-0.168579,0.985840,-2.624512,0.549316,1.770020
28705,0.000000,-0.043823,1.034790,-2.380371,-15.625000,1.220703
28715,-0.018555,-0.036133,1.018433,-2.258301,-1.037598,0.549316
28724,-0.055054,-0.135254,0.956299,-2.685547,-1.831055,0.366211
28734,0.003540,-0.050537,0.997192,-2.990723,-1.770020,0.061035
28744,0.021484,0.050415,1.005859,-2.868652,-1.464844,0.305176
28754,0.010132,-0.080688,0.975342,-2.380371,-1.037598,0.671387
28764,0.009766,-0.135620,1.014893,-1.708984,-0.854492,0.488281
28775,-0.039185,-0.070068,1.041626,-1.403809,-0.854492,-0.488281
28785,-0.053711,-0.214722,0.926636,-0.549316,-2.014160,-1.159668
28795,-0.027832,-0.144287,0.936646,-0.366211,-1.953125,-1.953125
28804,-0.063599,-0.039673,1.022949,-0.061035,-2.075195,-2.075195
28814,-0.041504,-0.133301,0.985596,0.000000,-1.525879,-2.319336
28824,-0.077515,-0.190918,0.915161,-0.061035,-1.281738,-2.380371
28834,-0.050537,-0.124146,0.971436,-0.305176,-0.732422,-2.014160
28843,-0.025024,-0.067017,1.009888,-0.427246,-0.366211,-1.770020
28855,-0.008545,-0.221558,0.974609,-0.244141,-0.915527,-1.831055
28865,0.031006,-0.048218,1.018311,-0.244141,-0.610352,-1.892090
28874,0.032715,-0.035767,1.033325,-0.244141,-0.793457,-2.258301
28884,0.010376,-0.301514,0.873291,-0.305176,-1.037598,-2.319336
28894,0.000000,-0.240967,0.849487,-1.098633,-0.976562,-2.624512
28908,0.024658,0.033813,1.048462,-2.319336,-1.464844,-3.662109
28918,-0.021729,-0.113403,0.996582,-2.624512,-1.647949,-4.150391
28928,0.008179,-0.131348,1.094727,-2.319336,-1.525879,-4.882812
28937,0.017944,-0.072876,1.167969,-1.892090,-1.342773,-5.310059
28947,-0.003174,-0.041260,1.093506,-0.976562,-1.281738,-5.798340
28957,-0.049438,-0.024048,1.076050,-0.122070,-1.403809,-6.652832
28966,0.037964,-0.058105,1.054688,0.732422,-1.159668,-6.835937
28976,0.005493,-0.174072,0.886841,0.549316,-1.525879,-7.324219
28986,0.019653,-0.169189,0.909790,-0.061035,-1.708984,-7.995605
28995,0.048096,-0.070190,0.979980,-0.427246,-1.892090,-8.850098
29004,0.065186,-0.065796,0.976929,-0.793457,-2.136230,-10.070801
29014,-0.007690,-0.145996,0.920654,-0.671387,-2.380371,-11.230469
29024,0.024170,-0.275757,0.900635,-1.037598,-2.258301,-11.840820
29034,0.052002,-0.118164,0.958984,-1.403809,-2.075195,-11.901855
29044,0.038208,0.048706,0.995850,-1.586914,-2.136230,-12.329102
29054,0.010254,-0.041870,0.942505,-1.464844,-1.953125,-12.390137
29064,0.043213,-0.082397,0.996338,-1.159668,-1.770020,-12.451172
29074,0.061279,0.056274,1.098267,-1.159668,-1.708984,-12.512207
29084,0.008423,0.015381,1.120117,-0.854492,-1.220703,-12.023926
29094,-0.006470,-0.056030,1.101807,-0.305176,-0.915527,-12.023926
29104,-0.002075,-0.111206,1.080322,0.183105,-0.549316,-11.962891
29114,-0.015259,-0.096069,1.075562,0.610352,0.061035,-11.718750
29124,-0.021362,-0.073730,1.057983,1.403809,-0.305176,-12.084961
29135,-0.007935,-0.202637,0.892700,1.281738,-0.366211,-12.207031
29145,0.020386,-0.141479,0.943237,0.488281,-0.549316,-12.451172
29154,0.027832,-0.075073,0.933838,-0.061035,-0.122070,-12.512207
29164,0.021606,-0.055176,0.987793,-0.366211,0.488281,-11.596680
29174,-0.018066,-0.072144,0.998535,-0.244141,1.037598,-10.986328
29185,-0.052002,-0.040161,1.013794,0.915527,1.647949,-9.826660
29195,-0.098145,-0.083618,0.976440,1.098633,2.319336,-9.155273
29205,-0.093506,-0.170044,0.902344,1.647949,3.845215,-8.178711
29215,-0.128052,-0.083252,0.944092,1.647949,4.760742,-7.019043
29224,-0.129150,0.038330,0.994629,0.976562,5.615234,-6.042480
29235,-0.115967,-0.093750,0.988403,0.427246,6.530762,-5.371094
29244,-0.160767,-0.181519,0.955566,0.305176,6.774902,-4.455566
29254,-0.174438,0.007080,0.983032,-0.061035,7.446289,-3.540039
29265,-0.072266,-0.105713,0.950684,0.122070,8.056641,-0.854492
29275,-0.084106,-0.308838,0.853027,-0.183105,9.216309,0.976562
29284,-0.058838,-0.114014,0.923218,-0.915527,9.521484,3.112793
29295,-0.030640,0.142822,1.051636,-1.281738,9.704590,4.516602
29304,-0.027588,-0.078735,0.991089,-1.220703,9.521484,5.920410
29315,-0.105591,-0.302612,0.890747,-0.793457,9.399414,7.080078
29324,-0.061279,-0.104858,0.952393,-0.854492,9.094238,8.056641
29334,-0.050781,0.016602,0.945801,-0.854492,9.521484,10.925293
29345,-0.007324,-0.253540,0.839233,-0.915527,10.070801,12.817383
29354,0.027710,-0.113892,0.915405,-1.464844,10.131836,14.160156
29364,0.005737,-0.281006,0.870850,-2.624512,9.948730,15.136719
29375,-0.025269,-0.338013,0.970337,-3.784180,9.033203,15.136719
29384,-0.021362,-0.021118,1.053833,-4.516602,8.178711,14.709473
29396,-0.066650,0.033813,1.116089,-4.516602,7.141113,12.268066
29405,-0.047852,-0.266602,0.972534,-5.004883,6.652832,11.596680
29415,0.019165,-0.021729,0.987793,-5.371094,6.530762,11.352539
29424,0.028564,0.014038,1.008057,-4.943848,6.042480,11.230469
29435,0.082397,-0.140381,0.971680,-4.760742,5.493164,11.535645
29444,0.083618,-0.164429,1.008057,-4.455566,5.249023,11.840820
29454,0.134888,0.036865,1.095093,-4.211426,4.760742,11.230469
29464,0.101685,-0.095825,1.132813,-3.723145,3.601074,10.559082
29475,0.100708,-0.238403,0.961060,-3.234863,2.990723,8.300781
29485,0.075073,-0.171631,0.941528,-2.807617,0.854492,7.385254
29494,0.119019,0.012329,1.018311,-3.234863,0.244141,6.469727
29504,0.090942,-0.006226,1.108765,-3.967285,-0.915527,5.493164
29515,0.131470,-0.084961,1.035522,-4.028320,-1.220703,4.028320
29524,0.072144,-0.158203,0.956177,-3.967285,-2.563477,2.685547
29537,0.085571,0.043213,1.052490,-3.662109,-3.479004,-0.427246
29547,0.052734,0.044067,1.050415,-3.906250,-3.845215,-1.464844
29556,0.058228,-0.098511,0.973511,-3.662109,-3.845215,-2.624512
29566,0.032715,-0.156006,0.860962,-3.295898,-4.089355,-3.417969
29575,0.070801,-0.016357,0.895020,-3.479004,-3.479004,-3.967285
29585,0.037109,-0.139282,0.921753,-3.906250,-4.211426,-4.882812
29595,0.018799,-0.187866,0.907471,-4.211426,-4.455566,-5.798340
29604,-0.003540,-0.019043,1.026245,-4.394531,-4.516602,-7.812500
29614,-0.027222,0.083252,1.125854,-2.990723,-4.089355,-8.850098
29625,-0.050537,-0.179565,1.017456,-2.075195,-4.028320,-10.070801
29634,-0.025757,-0.160278,1.038330,-1.098633,-3.784180,-10.925293
29644,-0.028931,-0.046753,1.021851,-0.061035,-3.417969,-11.230469
29655,0.029419,-0.044312,1.037354,0.732422,-3.417969,-11.352539
29664,0.068848,-0.263184,0.948608,1.586914,-3.173828,-10.986328
29677,0.071533,-0.305542,0.847168,1.281738,-2.685547,-9.643555
29686,0.094360,-0.026733,0.963257,0.427246,-2.502441,-8.972168
29696,0.101563,0.029785,1.053711,-0.122070,-2.136230,-8.666992
29705,0.111938,-0.083862,0.996460,-0.305176,-1.770020,-8.544922
29715,0.104492,-0.142700,0.971680,0.244141,-1.770020,-8.361816
29724,0.021484,-0.087524,1.045288,0.976562,-2.136230,-8.728027
29735,0.034912,-0.010742,1.047852,1.525879,-2.807617,-9.216309
29744,0.011719,-0.015259,1.011719,1.647949,-2.990723,-9.338379
29756,0.054810,-0.214355,0.932739,0.244141,-1.770020,-7.934570
29765,0.006470,-0.020020,0.912109,-0.427246,-0.915527,-6.347656
29775,-0.015259,0.066284,0.989868,-0.549316,-0.061035,-4.943848
29784,-0.008301,0.036377,1.114502,-0.244141,0.305176,-3.662109
29794,-0.014893,-0.016113,1.068115,-0.671387,0.488281,-3.112793
29804,-0.071045,-0.152954,1.048462,-0.610352,0.366211,-3.234863
29817,-0.126465,-0.018311,0.932983,-0.061035,0.488281,-2.990723
29827,-0.101074,-0.002686,0.961548,-0.183105,0.793457,-2.380371
29836,-0.121460,-0.108398,0.946167,0.122070,1.586914,-1.464844
29846,-0.048950,-0.082642,0.970581,0.000000,2.380371,-0.122070
29855,-0.052490,-0.049805,1.036499,-0.183105,3.112793,1.708984
29865,-0.084106,-0.080811,1.023926,0.183105,3.601074,3.479004
29874,-0.076538,-0.156860,1.041626,0.549316,3.906250,5.249023
29886,-0.068604,-0.235107,1.091797,0.732422,4.455566,7.568359
29895,-0.098511,-0.119751,1.060059,1.037598,4.882812,8.666992
29905,-0.070190,-0.127930,1.015259,1.037598,5.004883,9.521484
29914,-0.098389,-0.028320,0.975464,0.549316,5.126953,10.253906
29924,-0.169556,-0.138794,1.003662,0.305176,5.249023,10.986328
29935,-0.148560,-0.216919,0.995483,0.305176,5.676270,11.352539
29944,-0.058594,-0.213623,0.964355,0.366211,5.920410,11.230469
29956,-0.107666,-0.140747,0.955322,0.183105,4.943848,9.399414
29965,-0.022705,-0.071289,1.029419,-0.122070,4.821777,8.239746
29975,-0.022827,-0.166260,1.003784,0.244141,4.089355,6.896973
29985,0.002686,-0.156616,0.963989,0.061035,2.868652,5.493164
29994,0.037598,-0.133667,0.971313,-0.427246,2.868652,4.638672
30004,0.093018,-0.118042,1.011963,-0.427246,3.173828,4.333496
30015,0.003906,-0.059326,0.989990,-0.732422,3.417969,4.577637
30024,0.032471,-0.080200,0.986694,-1.037598,3.479004,4.760742
30036,0.034912,-0.033569,1.046631,-0.610352,3.479004,4.516602
30045,0.016479,-0.021973,1.007690,-0.366211,2.807617,3.601074
30055,0.082520,-0.014160,0.972778,0.183105,1.831055,2.807617
30064,0.092041,-0.073975,0.949707,0.305176,1.037598,1.708984
30075,0.127075,-0.247192,0.888306,0.122070,-0.122070,0.915527
30084,0.134155,-0.220947,0.830322,-0.854492,-0.854492,0.427246
30094,0.084595,0.043457,0.940063,-1.770020,-1.098633,0.305176
30106,0.044434,0.057129,1.104614,-2.197266,-0.671387,-0.488281
30115,-0.001343,-0.073242,1.086670,-1.464844,-0.854492,-1.403809
30125,-0.056763,-0.160645,1.074951,-0.732422,-1.037598,-2.441406
30135,-0.019897,-0.132446,1.036011,-0.244141,-1.220703,-2.746582
30145,-0.077026,-0.046875,1.014160,0.305176,-1.281738,-3.356934
30155,0.023926,-0.094360,0.962524,0.305176,-1.586914,-3.417969
30164,-0.002686,-0.199463,0.921387,-0.305176,-1.281738,-2.990723
30174,0.010010,-0.153809,0.887695,-2.380371,-0.061035,-1.892090
30185,-0.064209,0.098145,1.106812,-2.746582,0.122070,-1.770020
30195,-0.103516,-0.031494,1.083618,-2.624512,0.000000,-2.014160
30204,-0.078003,-0.155518,1.017212,-2.258301,0.244141,-2.258301
30215,-0.020264,-0.101563,1.028076,-1.708984,0.793457,-2.502441
30225,-0.081665,0.044434,1.084351,-1.464844,0.793457,-2.502441
30234,0.014038,0.059570,1.055908,-1.464844,0.366211,-2.502441
30246,0.038330,-0.247925,0.911255,0.000000,1.403809,-2.136230
30255,0.010254,-0.260742,0.886108,0.122070,1.770020,-2.014160
30265,0.074951,-0.082764,0.945068,-0.427246,1.831055,-1.342773
30274,0.017578,0.025024,1.044067,-0.915527,1.525879,-0.976562
30285,0.027832,-0.063232,1.051025,-0.793457,1.403809,-0.427246
30294,0.054199,-0.200684,0.967407,-0.488281,1.770020,-0.244141
30307,0.017578,-0.011841,1.001953,-0.366211,1.342773,0.671387
30316,0.033813,-0.004639,0.998901,-0.366211,0.976562,0.915527
30325,0.063354,-0.107178,0.926025,-0.732422,0.854492,1.281738
30335,0.030029,-0.113281,0.916382,-1.159668,0.915527,1.647949
30345,0.071899,-0.034668,0.965088,-1.220703,0.671387,2.014160
30354,0.000244,-0.013794,1.014771,-0.549316,0.976562,2.502441
30365,0.011230,-0.126587,1.021362,-0.305176,0.183105,2.929688
30374,-0.004150,-0.104858,1.044678,-0.183105,0.183105,3.417969
30386,0.004395,-0.062866,1.051392,0.732422,0.000000,3.784180
30395,0.013916,-0.120605,1.026001,0.732422,0.061035,4.150391
30404,-0.031616,-0.152832,0.958130,0.610352,-0.427246,4.455566
30415,-0.001953,-0.084106,0.992554,0.183105,-0.183105,4.943848
30425,-0.006470,-0.006226,1.022949,-0.122070,0.305176,5.554199
30434,0.003052,-0.050537,0.942261,0.122070,0.549316,5.920410
30447,-0.001953,-0.383545,0.857666,0.000000,-0.061035,6.225586
30456,-0.021606,-0.368164,0.810547,-0.976562,-0.732422,5.798340
30466,-0.027466,-0.110840,0.926392,-2.624512,-1.159668,4.882812
30475,-0.029175,-0.023926,0.958374,-3.845215,-1.159668,4.272461
30485,-0.020752,-0.079956,0.957275,-4.150391,-0.671387,3.479004
30495,-0.058228,-0.101318,0.969116,-4.028320,-0.244141,3.295898
30504,-0.063599,-0.014526,1.032471,-4.394531,-0.366211,2.807617
30517,-0.040771,-0.130615,1.037842,-4.455566,-0.488281,2.014160
30527,-0.024658,-0.058838,0.991699,-4.028320,0.061035,1.953125
30536,-0.003906,-0.012451,0.974976,-3.417969,0.427246,2.014160
30546,0.026611,-0.051758,1.033081,-3.173828,0.549316,2.258301
30555,0.039185,-0.123657,1.023560,-3.112793,0.183105,2.197266
30564,0.041748,-0.164673,1.036133,-3.234863,0.366211,2.258301
30574,0.008423,-0.166626,1.007568,-3.112793,-0.183105,1.831055
30587,0.040161,-0.047852,1.014404,-2.746582,-0.671387,0.976562
30597,0.048340,-0.090332,0.995972,-2.502441,-0.854492,0.671387
30606,0.042969,-0.210571,0.954590,-2.380371,-1.220703,0.061035
30616,0.083374,-0.145752,0.936890,-2.624512,-0.915527,-0.183105
30626,0.021484,0.002686,0.901367,-2.990723,-1.281738,-0.183105
30635,0.097778,-0.010376,0.899292,-3.417969,-1.220703,-0.305176
30645,0.075073,-0.081787,0.913696,-3.417969,-1.037598,-0.549316
30655,0.046387,-0.023804,0.977783,-3.112793,-1.831055,-0.976562
30664,-0.003418,-0.002197,0.999390,-3.173828,-2.685547,-1.525879
30674,-0.006714,-0.165649,1.003296,-3.662109,-2.075195,-1.770020
30685,-0.023560,0.007080,1.057373,-4.211426,-1.770020,-2.075195
30695,-0.033813,0.119019,1.083862,-4.455566,-1.098633,-2.502441
30704,-0.015503,0.002319,1.092651,-4.333496,-1.403809,-3.173828
30715,-0.033936,-0.095215,1.033203,-4.150391,-1.525879,-4.211426
30724,0.004150,-0.013672,1.026733,-3.967285,-1.525879,-6.042480
30734,0.042603,0.034302,1.023071,-2.380371,-1.586914,-6.713867
30745,0.087524,-0.074585,0.937256,-1.647949,-2.014160,-7.202148
30754,0.104248,-0.226685,0.913330,-0.854492,-1.525879,-7.324219
30765,0.107300,-0.122559,0.881714,-0.549316,-1.708984,-7.263184
30775,0.119873,-0.071899,0.988037,-0.793457,-2.014160,-7.080078
30784,0.115234,-0.156372,1.023315,-0.610352,-2.075195,-6.958008
30797,0.020752,-0.107178,1.001099,-0.488281,-2.258301,-6.835937
30807,-0.010742,-0.041382,1.012939,-0.183105,-1.647949,-6.225586
30816,-0.002563,-0.053711,1.020996,-0.183105,-1.525879,-5.432129
30826,-0.032837,-0.101563,0.965088,0.244141,-0.793457,-4.577637
30836,-0.037598,-0.102539,0.950806,0.488281,-0.488281,-3.723145
30845,-0.011597,-0.097046,0.869263,0.854492,-0.122070,-2.807617
30855,-0.001099,-0.060303,0.916626,0.366211,-0.061035,-2.136230
30865,0.035767,-0.191650,0.924927,-1.342773,-0.061035,-1.159668
30875,-0.020020,0.080444,1.017944,-2.258301,-0.244141,-0.854492
30884,-0.018555,0.086426,1.042358,-2.258301,0.061035,-0.671387
30895,-0.031128,-0.003418,0.962769,-1.892090,0.488281,0.061035
30904,-0.011719,0.029785,1.013062,-1.586914,0.488281,0.549316
30915,-0.042725,0.001587,1.030762,-0.854492,0.366211,0.976562
30925,-0.020142,-0.074951,1.021973,-0.610352,0.549316,1.525879
30935,-0.046021,-0.126221,0.968384,-0.976562,0.854492,2.258301
30944,-0.016846,-0.024048,0.956909,-1.403809,1.342773,3.112793
30955,-0.023437,-0.013184,0.972778,-1.586914,1.464844,3.845215
30965,-0.037109,-0.080078,0.977661,-1.892090,1.281738,4.028320
30974,-0.044800,-0.001709,1.056641,-2.075195,1.281738,4.150391
30985,-0.056396,0.036255,1.071777,-2.197266,1.464844,4.394531
30995,-0.052368,-0.044922,1.024048,-2.014160,1.159668,4.394531
31004,-0.019653,-0.073975,1.036377,-1.647949,1.953125,4.882812
31016,0.000244,-0.036499,1.030396,-1.281738,2.075195,4.943848
31025,-0.016602,-0.036255,0.977539,-1.342773,1.342773,4.516602
31035,0.006958,0.001099,1.031372,-1.708984,1.281738,4.699707
31045,-0.020020,-0.044678,0.949951,-1.770020,1.647949,4.699707
31055,-0.010010,-0.060913,0.882080,-2.014160,1.586914,4.943848
31065,-0.002930,-0.070312,0.917725,-1.953125,1.831055,5.249023
31075,0.016235,-0.023804,0.959229,-3.662109,0.854492,4.760742
31086,0.017334,-0.002441,1.023682,-4.577637,0.549316,4.211426
31096,-0.004150,0.064697,1.022339,-4.760742,0.488281,3.906250
31105,-0.047607,0.020874,0.952637,-4.028320,0.549316,4.089355
31114,-0.009521,-0.007202,1.009399,-3.479004,0.305176,4.333496
31125,-0.035767,-0.069580,0.975952,-3.540039,0.427246,4.516602
31134,-0.003052,-0.030640,1.015503,-3.662109,0.915527,4.455566
31146,0.004028,0.011719,0.993774,-3.906250,0.671387,3.784180
31156,-0.007446,-0.070068,0.988647,-3.479004,-0.122070,2.990723
31166,0.041992,0.000122,1.041992,-2.746582,-0.427246,2.197266
31175,0.019531,0.006714,1.153687,-2.136230,-0.549316,1.464844
31185,-0.013916,-0.086792,1.071899,-1.586914,-1.037598,0.732422
31195,0.016479,-0.114380,1.056152,-1.892090,-0.976562,0.183105
31204,0.032959,0.112549,1.041382,-1.892090,-0.976562,0.305176
31217,0.045410,-0.175171,0.872803,-0.183105,-0.732422,0.000000
31227,0.029053,-0.059570,0.946533,-0.122070,-1.159668,-0.244141
31236,0.082153,-0.048584,1.058350,-0.671387,-1.708984,-0.671387
31246,0.010864,-0.086304,0.967407,-1.525879,-1.953125,-1.220703
31255,0.041504,0.063110,0.984375,-1.525879,-1.647949,-1.586914
31264,0.028687,-0.011475,0.934692,-0.976562,-1.403809,-1.831055
31275,0.021973,-0.102783,0.898437,-0.427246,-1.647949,-2.075195
31284,0.042725,-0.058105,0.988159,-0.488281,-1.770020,-3.356934
31296,0.043335,-0.036377,0.983398,-3.234863,-2.441406,-3.723145
31306,0.025146,0.195435,1.028320,-4.150391,-1.831055,-3.967285
31315,0.060181,0.122681,1.052368,-3.479004,-1.708984,-4.211426
31325,-0.050049,-0.018677,0.977661,-2.624512,-2.014160,-4.272461
31334,-0.010498,0.161621,1.221313,-1.831055,-2.136230,-4.333496
31345,0.034668,0.024292,1.245117,-1.281738,-1.708984,-4.272461
31354,-0.014771,-0.095215,1.054443,-1.342773,-1.770020,-4.577637
31366,0.064209,-0.056274,0.894409,0.488281,-1.647949,-4.516602
31376,0.045654,-0.130249,0.825928,1.403809,-1.953125,-4.272461
31385,0.083618,-0.051514,0.958496,1.281738,-2.136230,-4.333496
31395,0.099243,-0.170654,0.996338,0.427246,-2.624512,-4.394531
31405,0.042847,-0.008179,0.982178,-0.854492,-2.868652,-4.638672
31414,0.020874,0.056519,1.010620,-1.525879,-2.624512,-4.516602
31427,-0.041016,0.032715,0.961914,-0.488281,-2.014160,-3.906250
31436,-0.005005,-0.152710,0.886475,0.488281,-1.770020,-3.906250
31446,-0.028931,-0.022705,1.000244,0.061035,-2.075195,-3.784180
31455,-0.013306,-0.000732,1.020874,-0.488281,-2.014160,-3.784180
31465,-0.036011,-0.024414,0.968872,-1.037598,-1.281738,-3.845215
31475,-0.041748,0.009277,0.942139,-0.610352,-0.793457,-3.540039
31485,-0.032837,-0.235352,0.738403,0.061035,-0.488281,-3.112793
31495,-0.004395,-0.064453,0.957886,-1.098633,-0.183105,-2.807617
31505,-0.028931,-0.043945,0.989502,-1.831055,-0.976562,-3.417969
31514,0.013672,0.109009,1.071533,-2.746582,-0.549316,-3.723145
31525,-0.021729,-0.024292,0.896606,-2.502441,-0.488281,-3.601074
31535,0.018311,0.114014,0.966797,-2.075195,-0.488281,-3.784180
31545,-0.011841,-0.068237,0.901001,-1.342773,-0.610352,-3.662109
31555,0.026978,0.028564,1.015381,-1.892090,-0.732422,-3.784180
31564,0.023560,-0.054687,0.939941,-2.746582,-0.854492,-3.967285
31576,0.008545,0.009399,0.897461,-3.967285,-0.427246,-3.723145
31585,0.010742,0.082153,0.959351,-3.784180,0.122070,-3.295898
31595,-0.003418,-0.071289,0.908447,-3.417969,0.183105,-3.112793
31605,-0.037964,0.010498,0.989502,-3.723145,0.305176,-3.051758
31614,-0.005981,0.008667,1.038086,-3.967285,0.244141,-3.173828
31625,-0.010498,0.032959,1.048462,-4.089355,0.122070,-3.112793
31636,-0.002319,0.015015,0.975220,-4.394531,0.061035,-2.868652
31646,0.000854,0.070557,1.025757,-4.394531,0.488281,-2.258301
31655,-0.024292,-0.042236,0.968262,-4.211426,0.549316,-2.258301
31665,-0.005249,0.066650,1.134766,-4.211426,0.732422,-1.892090
31674,-0.044067,-0.067627,0.988159,-3.967285,1.281738,-1.586914
31685,-0.006348,0.171509,1.182373,-4.028320,1.098633,-1.647949
31695,0.001221,-0.103638,1.067871,-3.356934,1.220703,-1.403809
31707,-0.003662,-0.105347,0.936890,-2.136230,1.159668,-0.854492
31717,0.060791,-0.003540,1.030762,-2.258301,1.098633,-0.671387
31726,0.012451,-0.135864,0.945679,-2.502441,1.159668,-0.671387
31736,0.027466,0.073608,1.035156,-3.417969,0.671387,-0.976562
31745,-0.009399,-0.035034,0.980591,-3.662109,0.305176,-0.976562
31755,-0.010132,0.117920,1.141602,-3.601074,0.549316,-1.098633
31765,-0.041870,0.002441,1.022583,-2.929688,0.793457,-0.854492
31775,-0.051880,0.080811,1.065918,-1.403809,1.586914,-0.366211
31786,-0.032715,0.056030,1.134521,-1.037598,2.014160,-0.183105
31796,-0.018433,-0.056030,1.065796,-0.732422,1.647949,-0.366211
31805,-0.006714,0.026245,1.012695,-0.549316,1.892090,-0.122070
31815,-0.000977,-0.041260,1.069824,-0.061035,1.892090,0.122070
31825,-0.003662,-0.094238,0.958618,1.037598,2.075195,0.061035
31835,-0.002197,-0.174072,0.921143,1.342773,1.525879,-0.061035
31844,-0.011963,-0.029663,0.955688,1.037598,1.159668,0.305176
31856,0.025513,-0.009033,0.923340,0.183105,0.976562,0.061035
31865,0.015381,0.014038,0.929932,-0.366211,1.525879,0.305176
31875,0.019531,0.156372,1.052856,-0.549316,1.586914,0.793457
31885,-0.021973,-0.019653,0.954590,0.305176,1.586914,1.281738
31895,-0.031738,0.084351,1.024902,1.342773,1.953125,2.014160
31904,-0.026978,-0.120850,0.943726,2.014160,2.502441,2.807617
31917,-0.009888,-0.052124,1.014038,2.197266,2.197266,3.295898
31926,-0.001221,0.048828,1.049805,2.075195,2.258301,3.479004
31935,-0.009521,-0.051636,0.945312,2.746582,2.197266,3.601074
31945,-0.017212,-0.049927,0.941528,3.540039,2.075195,3.540039
31954,-0.011719,-0.080322,0.942627,4.272461,1.403809,3.112793
31965,-0.009399,-0.089722,0.975952,4.028320,0.976562,2.746582
31975,0.012573,-0.109863,0.983521,3.479004,0.732422,2.502441
31986,0.007690,0.065918,1.013794,2.685547,1.220703,1.525879
31995,0.004883,-0.036011,0.929810,1.831055,1.220703,1.098633
32004,-0.002930,0.019653,1.007568,1.831055,0.854492,0.427246
32015,0.016235,-0.036255,1.011475,1.403809,0.488281,-0.183105
32025,-0.001221,-0.029297,1.002686,0.793457,0.427246,-0.610352
32035,0.017944,0.014771,1.020996,0.000000,0.854492,-0.549316
32044,0.007690,-0.013672,0.987183,-0.854492,0.671387,-0.183105
32057,0.008911,-0.006714,0.956909,-0.915527,0.549316,-0.305176
32066,0.032715,-0.069824,0.898804,-0.854492,0.488281,-0.122070
32075,0.036987,-0.066040,0.911499,-0.976562,0.610352,-0.305176
32085,0.072876,0.003540,0.948364,-1.831055,0.000000,-0.366211
32095,0.036987,-0.043335,0.887329,-2.197266,-0.366211,-0.488281
32105,0.048096,0.019409,0.977417,-2.929688,0.061035,-0.610352
32116,-0.022095,0.072021,1.018311,-3.845215,0.061035,-0.671387
32126,-0.020264,0.036255,1.031250,-3.601074,-0.061035,-0.488281
32136,-0.040771,0.023193,1.002563,-3.417969,-0.244141,-0.122070
32146,-0.019775,0.056030,1.042358,-3.051758,-0.183105,0.183105
32155,-0.005005,-0.000244,1.045044,-2.929688,0.122070,0.488281
32165,-0.016235,-0.066162,0.993042,-3.295898,0.549316,0.488281
32175,0.011963,0.032593,1.026733,-4.028320,0.366211,0.366211
32186,0.007446,0.019043,0.965332,-3.723145,0.549316,0.854492
32196,0.020996,-0.019653,0.949341,-3.356934,0.061035,0.854492
32206,0.002075,0.009155,0.999878,-3.662109,-0.427246,0.793457
32215,0.007202,-0.022827,0.965454,-3.845215,0.061035,0.976562
32224,-0.023804,0.008911,1.028442,-3.967285,-0.183105,0.854492
32235,-0.028931,0.087402,1.058472,-3.967285,-0.244141,0.793457
32244,-0.045044,-0.008423,0.986084,-3.906250,0.305176,0.671387
32255,-0.052368,-0.033691,0.982300,-3.417969,0.488281,0.732422
32266,-0.014771,0.018433,0.934937,-3.295898,1.159668,0.915527
32276,0.001465,-0.039917,0.981689,-3.295898,1.220703,0.976562
32285,-0.014160,-0.033691,0.890869,-3.295898,0.427246,0.671387
32295,0.041138,-0.049072,0.951172,-3.601074,0.366211,0.671387
32305,0.003906,-0.053711,0.937744,-3.967285,0.793457,0.610352
32315,0.015991,-0.058228,0.936646,-4.150391,1.281738,0.122070
32324,-0.016602,0.016113,0.965210,-4.333496,2.136230,0.000000
32337,-0.021484,0.034058,0.926270,-4.272461,0.854492,0.366211
32346,-0.015503,0.006714,0.983765,-4.333496,0.732422,0.610352
32355,-0.011108,0.038330,1.023560,-4.516602,0.122070,0.671387
32365,-0.003540,0.106812,0.973022,-4.455566,-0.061035,1.098633
32375,0.007568,0.066528,1.016602,-4.699707,1.037598,1.525879
32385,-0.012329,0.068481,0.989258,-4.821777,0.976562,2.014160
32395,-0.008789,0.104492,1.067017,-4.577637,1.159668,2.380371
32406,-0.000122,-0.019653,0.970581,-3.906250,1.525879,3.051758
32415,-0.017700,-0.044434,0.973389,-3.051758,1.037598,2.929688
32425,0.015137,0.044067,1.077759,-2.868652,1.037598,2.868652
32435,-0.014038,0.083862,1.022949,-2.868652,0.610352,2.807617
32445,-0.010986,-0.012451,1.022827,-2.502441,0.549316,2.563477
32455,-0.006348,0.032349,1.016113,-2.014160,1.159668,2.624512
32466,0.011475,-0.071655,1.053345,-0.976562,1.586914,2.807617
32476,0.006714,-0.050171,0.943115,-0.732422,1.586914,3.112793
32486,0.044556,-0.050049,0.935547,-0.854492,0.549316,2.807617
32495,0.043701,-0.011230,0.879150,-1.342773,0.061035,2.441406
32505,0.047974,0.003418,0.995117,-1.647949,0.061035,2.319336
32515,-0.004517,0.006104,0.955811,-2.380371,-0.305176,1.953125
32525,-0.001587,-0.077148,0.951050,-2.624512,-0.061035,1.708984
32537,-0.020386,-0.005493,0.995972,-3.417969,0.122070,2.136230
32546,0.007813,0.095825,1.084473,-2.746582,0.061035,1.831055
32556,-0.020386,0.069702,1.010132,-2.380371,-0.122070,1.525879
32566,0.003296,0.014893,1.025879,-2.075195,0.061035,1.220703
32575,0.008545,0.018188,0.996704,-2.136230,-0.061035,0.732422
32585,0.037354,0.051025,1.056519,-2.319336,0.244141,0.183105
32596,0.046021,0.007813,1.071899,-2.075195,-0.183105,-0.244141
32605,0.002563,0.004639,0.952026,-1.892090,-0.061035,-0.305176
32616,0.012695,-0.060059,1.002197,-1.892090,-0.732422,-0.915527
32626,0.049805,-0.000366,1.074585,-1.403809,-1.098633,-1.708984
32635,0.030396,0.041748,1.092163,-1.098633,-1.159668,-1.953125
32645,0.003174,0.027832,1.021240,-0.671387,-0.122070,-2.136230
32655,-0.012451,-0.003906,0.996826,-0.671387,-1.220703,-2.197266
32665,-0.025024,-0.019897,0.955933,-0.671387,-1.403809,-2.319336
32677,0.004395,-0.004761,0.962036,-1.281738,-0.244141,-1.525879
32686,0.001831,0.061401,0.956177,-1.403809,0.427246,-1.159668
32695,0.004028,0.087646,0.988525,-1.708984,0.427246,-0.610352
32705,0.018066,-0.004272,0.951538,-1.831055,-0.183105,-0.488281
32715,0.013184,-0.004883,0.987671,-1.098633,0.244141,-0.549316
32725,0.008545,-0.024292,0.973511,-1.037598,0.488281,-0.244141
32735,-0.016479,-0.015869,0.964355,-1.342773,0.366211,-0.366211
32745,0.012817,-0.000488,1.052368,-1.281738,0.061035,-0.183105
32756,-0.002930,0.071045,1.015747,-0.915527,0.427246,-0.183105
32766,-0.020020,-0.037231,0.995483,-0.122070,0.183105,-0.183105
32775,-0.001953,-0.075195,0.961914,0.427246,0.305176,-0.183105
32785,-0.009766,-0.041260,0.935181,0.610352,0.671387,-0.305176
32795,0.030151,-0.023682,0.927490,0.610352,0.183105,-0.366211
32805,0.038330,-0.079712,0.919434,0.671387,0.061035,-0.488281
32815,0.027832,-0.039795,0.955688,0.122070,-0.061035,-0.549316
32827,-0.000244,0.004028,1.041626,-0.915527,-0.061035,-0.366211
32836,0.016968,0.082886,1.090088,-1.342773,0.122070,-0.183105
32845,-0.027344,0.084351,1.039795,-1.342773,0.488281,-0.061035
32855,-0.035034,0.059937,1.034912,-1.159668,0.610352,0.000000
32866,-0.022095,0.015991,1.047241,-0.915527,0.732422,0.244141
32875,-0.019165,0.003784,1.012085,-0.915527,0.244141,0.366211
32886,0.007690,-0.044678,0.994263,-1.159668,0.610352,0.488281
32896,0.003540,-0.024902,1.029785,-0.915527,0.488281,0.488281
32905,-0.007202,-0.011597,1.048340,-0.854492,0.427246,0.732422
32915,0.007568,0.027710,1.079102,-0.793457,1.098633,0.793457
32925,0.019653,0.057251,1.093628,-0.671387,1.098633,0.854492
32935,0.008057,0.050537,1.052368,-0.305176,0.732422,0.976562
32946,0.011719,-0.002075,1.006104,0.244141,0.915527,1.342773
32955,0.011597,-0.014893,0.990112,0.488281,0.488281,1.953125
32967,0.005859,-0.000488,0.965088,0.793457,0.610352,2.197266
32976,-0.005981,-0.061157,0.943726,0.976562,0.854492,2.624512
32985,-0.032837,-0.012695,0.967529,0.671387,0.793457,2.929688
32996,-0.017578,0.015015,0.985229,0.000000,0.915527,3.479004
33005,-0.037598,-0.007813,0.937500,-0.183105,1.220703,3.662109
33015,-0.033691,-0.015381,0.954956,0.122070,1.342773,4.028320
33027,-0.014038,-0.017212,0.953735,0.122070,1.281738,4.211426
33036,0.006104,-0.026978,0.956787,0.122070,1.403809,4.150391
33045,0.011719,-0.035034,0.937134,0.244141,1.220703,3.967285
33056,-0.012573,-0.040771,0.956909,-0.122070,1.403809,3.906250
33065,0.002197,-0.038696,0.958984,-0.244141,0.854492,3.723145
33076,-0.019897,-0.031372,0.971680,-0.122070,1.647949,3.784180
33085,-0.023437,0.002686,0.982422,-0.488281,1.037598,3.784180
33097,-0.006226,-0.067017,0.985840,0.183105,0.915527,3.845215
33106,-0.006348,-0.079712,0.973511,0.183105,0.793457,3.662109
33115,0.021851,-0.051392,0.936523,-0.366211,0.793457,3.234863
33126,0.028198,-0.049927,0.929932,-0.549316,1.037598,2.929688
33135,0.033447,-0.038208,0.937622,-1.098633,0.427246,2.380371
33146,0.029663,-0.025757,0.975830,-1.586914,0.244141,1.892090
33156,0.010986,0.033081,1.009155,-1.831055,0.061035,1.403809
33165,0.021362,0.010864,1.008911,-1.892090,0.061035,0.854492
33176,0.001465,0.026733,0.993408,-1.953125,0.000000,0.793457
33186,0.020630,0.025513,0.980835,-1.525879,0.488281,0.793457
33195,0.043579,0.028564,0.984741,-1.586914,0.305176,0.549316
33205,0.027832,0.063843,0.985229,-1.708984,-0.183105,0.427246
33216,0.010986,0.032227,0.971924,-1.647949,0.305176,0.671387
33226,0.005981,0.037964,0.977783,-1.953125,-0.305176,0.732422
33235,-0.028931,0.012573,0.988281,-1.770020,0.000000,1.342773
33247,-0.055054,0.005859,1.027832,-1.953125,0.183105,1.770020
33257,-0.009644,-0.000854,1.008057,-1.770020,0.732422,1.831055
33266,-0.026733,0.014893,1.009033,-1.708984,0.610352,1.953125
33275,0.015625,-0.033203,0.977173,-1.342773,0.732422,2.136230
33286,-0.019653,-0.047974,0.968628,-1.159668,0.488281,2.319336
33295,0.035156,-0.085327,0.960205,-0.915527,0.732422,2.563477
33306,0.029297,-0.039063,0.972900,-0.915527,1.098633,2.929688
33316,0.006348,0.047852,1.010376,-1.159668,0.183105,3.112793
33325,-0.000610,0.045776,1.051880,-1.037598,0.732422,3.417969
33336,0.004883,0.076172,1.094238,-1.281738,0.732422,3.479004
33346,-0.013062,-0.031250,1.042725,-1.098633,0.854492,3.784180
33355,-0.014282,-0.012817,1.013794,-1.220703,1.037598,4.028320
33366,-0.015381,-0.023315,0.994019,-0.915527,1.098633,4.089355
33375,0.021851,-0.001953,0.970337,-0.976562,0.854492,4.028320
33387,0.004883,-0.049561,0.990112,-1.159668,0.793457,3.784180
33396,-0.000732,0.016357,0.984253,-1.403809,1.098633,3.479004
33406,0.008545,0.017456,1.010132,-1.586914,0.427246,3.601074
33416,-0.005493,0.038696,1.012817,-1.464844,0.488281,3.295898
33426,0.004028,-0.022461,1.002563,-1.342773,0.976562,3.662109
33436,-0.008911,-0.005859,1.001831,-1.342773,1.220703,3.784180
33445,0.006836,-0.019043,0.977905,-1.464844,0.549316,3.662109
33457,0.008057,0.002930,1.046509,-1.647949,0.793457,3.479004
33466,0.008789,0.020386,1.009888,-1.770020,1.220703,3.356934
33475,0.016479,0.025513,1.014282,-1.770020,1.464844,3.295898
33486,0.019653,-0.070923,0.945312,-1.647949,0.000000,2.685547
33496,0.032593,-0.058228,0.975586,-1.892090,-0.244141,2.258301
33506,0.044922,-0.004517,0.989868,-1.953125,-0.061035,1.647949
33517,0.008789,0.034546,0.992920,-2.258301,-0.305176,1.281738
33527,0.010620,0.062378,1.051758,-2.197266,-0.305176,1.586914
33536,-0.001953,0.000732,0.998901,-2.197266,0.061035,1.403809
33546,-0.016724,-0.011230,0.999756,-2.502441,-0.488281,1.403809
33556,0.002319,0.095215,1.026489,-2.502441,0.061035,1.403809
33566,0.006348,0.022705,0.994507,-2.258301,0.427246,1.770020
33576,0.021729,0.078735,1.046875,-2.380371,0.305176,1.831055
33588,0.005737,-0.049927,0.993042,-2.319336,0.366211,1.586914
33597,0.016235,0.057007,1.023926,-2.319336,0.305176,1.647949
33606,0.020508,-0.007568,0.987061,-2.014160,0.122070,1.403809
33616,0.027954,0.039063,1.015625,-2.319336,0.061035,1.281738
33626,0.008545,-0.069580,0.932617,-2.014160,-0.122070,1.159668
33635,0.000977,-0.017334,0.960571,-1.953125,-0.061035,1.159668
33646,0.006470,0.051025,1.022461,-2.075195,0.000000,1.159668
33658,-0.032349,-0.006104,0.931152,-2.136230,0.244141,1.525879
33668,-0.024414,0.012573,0.999390,-1.708984,1.037598,1.953125
33677,-0.014526,0.009033,1.029785,-1.586914,1.342773,2.441406
33686,-0.019897,0.014648,1.017578,-1.770020,0.854492,2.807617
33696,-0.002930,-0.083618,0.951050,-1.464844,0.915527,2.868652
33706,-0.008301,-0.021606,1.012939,-1.647949,0.671387,2.868652
33716,0.010132,-0.009033,1.027222,-1.281738,0.671387,2.746582
33728,0.007813,-0.001465,1.000977,-0.915527,0.915527,2.746582
33738,0.011963,-0.018555,0.964600,-0.976562,0.610352,2.868652
33748,0.001953,0.032593,1.017822,-0.793457,0.793457,3.417969
33757,0.010864,0.020386,1.013428,-0.854492,0.915527,3.845215
33766,-0.005493,-0.027588,0.991455,-0.732422,0.976562,3.967285
33776,-0.004395,0.007568,1.017334,-0.793457,0.854492,4.150391
33787,-0.007813,0.041138,1.024536,-0.610352,1.342773,4.516602
33797,-0.030273,-0.031738,0.963867,-0.732422,1.037598,4.455566
33806,0.000732,0.050049,1.005615,-0.671387,1.403809,4.394531
33816,0.005371,0.029785,1.015991,-0.732422,1.647949,4.333496
33826,0.000610,-0.010254,0.985962,-0.549316,1.464844,4.638672
33836,0.014526,0.018799,1.017090,-0.549316,1.342773,4.577637
33846,0.022217,0.014282,1.027344,-0.610352,1.159668,4.455566
33856,0.008911,0.032959,0.986084,-0.915527,1.831055,4.760742
33867,0.026123,0.011963,1.018188,-0.854492,1.525879,4.882812
33876,0.022827,0.025757,0.981812,-0.732422,0.976562,5.126953
33886,0.023926,-0.036621,0.968262,-0.671387,1.220703,5.004883
33896,0.019409,0.025391,1.015137,-1.220703,0.854492,5.187988
33906,0.011230,0.024170,0.985962,-1.159668,1.098633,5.187988
33916,0.009033,-0.048950,0.976318,-1.098633,1.037598,5.065918
33926,-0.006836,0.006226,1.030396,-1.281738,0.976562,4.943848
33940,0.004150,-0.032715,0.981689,-1.342773,0.915527,5.004883
33950,0.007935,0.019531,1.011230,-1.342773,1.220703,5.004883
33959,-0.009277,-0.058472,0.942871,-1.220703,1.586914,4.943848
33969,-0.000977,-0.047363,1.010620,-0.976562,2.014160,4.821777
33978,-0.018677,-0.021729,1.016235,-1.037598,2.197266,4.699707
33988,-0.021973,-0.037109,0.948242,-1.464844,1.892090,4.699707
33996,-0.015259,0.014771,1.003174,-1.464844,1.892090,4.699707
34007,-0.020752,-0.010742,0.966553,-1.281738,2.136230,3.662109
34017,-0.005127,0.007446,1.023926,-1.098633,2.197266,3.417969
34026,0.003662,0.008057,1.010376,-1.403809,1.770020,3.112793
34036,0.033569,0.060547,1.033936,-1.708984,2.075195,3.234863
34046,0.049805,0.026001,1.006592,-1.403809,2.380371,3.662109
34056,0.038574,-0.011963,0.974243,-1.281738,2.319336,3.662109
34066,0.074097,0.068237,1.022095,-1.647949,2.441406,3.967285
34077,0.073120,-0.010010,1.001709,-1.647949,2.563477,4.516602
34087,0.072388,0.052612,1.056641,-1.892090,1.647949,4.821777
34096,0.057495,-0.013428,0.966553,-1.647949,1.525879,5.065918
34106,0.067261,0.025879,1.024170,-1.464844,1.525879,4.760742
34116,0.038818,0.033081,1.011963,-1.464844,1.281738,4.943848
34126,0.041138,-0.007446,0.988037,-1.342773,1.342773,4.760742
34136,0.068115,-0.021118,0.987915,-1.159668,-0.183105,4.882812
34148,0.053467,0.052368,1.011353,-1.647949,0.427246,4.211426
34158,0.053345,-0.007813,0.977417,-1.586914,0.183105,4.211426
34167,0.046631,0.008911,1.005005,-1.708984,0.488281,3.723145
34176,0.049438,0.014282,1.005493,-1.892090,-0.122070,2.868652
34186,0.058716,0.033203,1.064453,-1.770020,-0.244141,2.441406
34196,0.132568,-0.077271,1.080322,-1.464844,-0.732422,2.075195
34205,0.040161,-0.042725,1.019409,-1.647949,-0.854492,1.831055
34218,0.095581,-0.023193,0.953857,-1.708984,-1.281738,1.159668
34227,0.095825,-0.060669,0.953247,-1.281738,-1.892090,0.488281
34237,0.074341,-0.005371,0.970825,-1.342773,-1.525879,0.122070
34246,0.067749,-0.005493,0.984985,-1.281738,-1.220703,-0.061035
34256,0.046631,-0.076904,0.998657,-1.342773,-1.953125,-0.732422
34267,0.028564,-0.022583,1.004883,-1.586914,-2.319336,-1.708984
34276,-0.006592,0.034302,0.979492,-1.831055,-2.624512,-2.746582
34286,-0.009521,0.035156,0.969971,-0.732422,-2.319336,-3.967285
34296,-0.025024,-0.013794,1.010254,-0.854492,-2.441406,-4.699707
34306,-0.022217,0.003052,0.988892,-1.159668,-2.502441,-5.126953
34316,-0.018921,0.017456,1.000488,-1.464844,-2.197266,-5.493164
34326,-0.000610,-0.012939,0.964722,-1.586914,-2.197266,-5.920410
34336,0.002930,0.018677,1.037354,-1.770020,-1.647949,-6.103516
34347,0.001587,-0.045654,0.999146,-1.831055,-1.953125,-6.347656
34357,0.000000,-0.048340,0.994019,-1.647949,-1.525879,-6.225586
34366,0.035767,-0.010620,1.038574,-1.770020,-1.281738,-6.042480
34376,0.037476,-0.060913,0.952881,-1.525879,-1.342773,-5.859375
34386,0.023682,0.065308,1.061890,-1.770020,-1.464844,-5.859375
34396,0.049683,-0.098267,0.958008,-1.159668,-0.976562,-5.859375
34406,0.021851,-0.016968,1.064331,-1.220703,-1.037598,-5.920410
34416,0.029175,-0.058105,0.980103,-1.403809,-0.854492,-6.164551
34427,0.044922,-0.086060,0.963989,-1.464844,-1.281738,-6.286621
34437,0.059082,-0.054077,1.034546,-1.159668,-1.647949,-6.347656
34447,0.086548,-0.022949,1.008301,-1.586914,-2.136230,-6.225586
34457,0.056274,-0.011230,0.979126,-1.464844,-2.075195,-6.103516
34467,0.081665,-0.041138,0.985229,-1.220703,-1.647949,-5.859375
34476,0.068970,-0.084595,0.990723,-0.854492,-1.770020,-5.615234
34486,0.046631,-0.033081,1.006470,-0.854492,-1.708984,-5.737305
34497,0.032593,-0.041504,0.996338,-0.549316,-1.220703,-5.859375
34507,0.028809,-0.079468,0.956421,-0.488281,-1.892090,-6.164551
34516,0.013184,0.013306,1.003174,-0.793457,-2.441406,-6.347656
34526,-0.004639,-0.006592,0.947510,-0.732422,-2.075195,-6.530762
34536,-0.020508,0.005737,0.979004,-0.610352,-1.708984,-6.652832
34547,-0.020630,-0.001587,0.992065,-0.427246,-1.708984,-6.774902
34556,-0.034790,-0.001343,1.002197,-0.427246,-1.037598,-6.591797
34568,-0.057617,-0.040771,0.977417,-0.366211,-0.610352,-7.385254
34578,-0.051758,0.044556,1.044800,-0.854492,-0.732422,-7.568359
34587,-0.023315,-0.032349,0.959473,-0.732422,-0.854492,-7.690430
34597,-0.021240,0.008667,1.047607,-0.976562,-1.037598,-8.178711
34607,0.007935,0.011719,1.013916,-1.098633,-0.610352,-8.056641
34616,0.008789,0.028809,1.006958,-1.220703,-0.549316,-7.690430
34626,0.004639,0.040039,1.042114,-1.220703,0.122070,-7.263184
34637,0.014038,0.032227,1.040039,-0.793457,0.244141,-6.347656
34647,0.043335,0.057861,0.992798,-1.525879,-0.061035,-6.225586
34656,0.030518,0.026489,0.931763,-1.037598,0.732422,-6.225586
34666,0.043823,0.017090,1.020020,-1.220703,0.427246,-6.347656
34676,0.079346,-0.010376,1.014038,-1.220703,-0.427246,-6.652832
34686,0.020142,0.017456,1.035400,-1.831055,-0.366211,-6.774902
34696,0.024292,0.057495,1.055054,-2.197266,-0.427246,-7.019043
34706,0.035889,0.006958,0.980347,-1.342773,-0.427246,-7.263184
34717,0.025146,-0.013794,1.037354,-1.525879,-0.854492,-7.934570
34727,-0.013916,-0.028320,1.006958,-1.647949,-0.244141,-8.056641
34737,-0.063110,0.024658,0.987061,-2.197266,-0.366211,-8.422852
34746,-0.016235,0.036377,0.960571,-2.014160,0.000000,-8.911133
34756,-0.030151,-0.009766,0.976929,-1.647949,0.854492,-8.972168
34767,-0.028564,-0.017334,0.970337,-2.136230,0.854492,-10.070801
34777,-0.017700,0.011230,0.996704,-2.014160,1.037598,-10.437012
34787,-0.009399,0.038940,0.973877,-1.892090,1.464844,-11.291504
34797,0.032227,0.003784,0.987183,-1.708984,0.915527,-11.840820
34807,0.007080,-0.008545,1.003418,-1.220703,0.732422,-11.596680
34816,0.022461,0.032593,1.008667,-1.281738,0.610352,-11.474609
34826,0.079224,0.037231,0.979248,-1.647949,0.671387,-10.925293
34836,0.079956,0.049561,1.002319,-1.708984,0.671387,-9.826660
34847,0.101563,0.034912,0.970215,-1.586914,0.183105,-8.178711
34857,0.087769,0.029175,1.016113,-1.342773,0.488281,-7.324219
34866,0.067627,0.091553,1.051270,-1.586914,0.244141,-6.652832
34876,0.076294,0.066162,0.991333,-1.831055,-0.061035,-6.042480
34886,0.049683,0.027222,0.913086,-1.220703,0.793457,-4.699707
34897,0.030029,0.075073,0.981323,-1.708984,0.061035,-3.417969
34906,0.000488,0.081787,1.036011,-1.770020,0.244141,-2.929688
34916,-0.032227,0.034424,0.996094,-1.342773,0.793457,-1.159668
34927,-0.091309,0.045776,0.988281,-1.525879,1.586914,-0.549316
34937,-0.086060,0.098999,1.041870,-1.892090,1.892090,-0.061035
34946,-0.088745,0.045044,0.996582,-1.586914,2.258301,0.305176
34956,-0.075928,-0.005615,0.942139,-1.159668,2.746582,1.098633
34966,-0.039185,0.018799,0.968140,-1.464844,2.807617,1.892090
34977,-0.000122,0.054810,1.025635,-1.770020,3.540039,2.624512
34987,0.007690,-0.008667,0.966309,-1.403809,4.150391,3.173828
34996,0.046875,-0.014893,0.965332,-1.220703,3.967285,4.150391
35007,0.084229,0.007446,1.009155,-1.403809,3.540039,4.516602
35016,0.094238,-0.008789,1.030884,-1.403809,3.479004,4.943848
35027,0.098145,-0.026855,1.029419,-1.708984,3.051758,4.760742
35036,0.100952,-0.020630,1.019043,-1.586914,2.563477,4.699707
35049,0.091675,0.022095,1.002686,-1.159668,2.441406,4.211426
35058,0.087891,0.000610,1.007446,-1.220703,1.708984,4.150391
35068,0.075073,-0.012939,1.002930,-1.342773,1.586914,4.028320
35077,0.067261,0.009277,1.001709,-1.586914,1.037598,3.662109
35087,0.059937,-0.004395,0.970459,-1.342773,1.586914,3.234863
35097,0.055054,-0.022339,0.963257,-1.403809,0.915527,2.624512
35106,0.061035,-0.003540,1.004028,-1.281738,0.427246,2.197266
35119,0.031494,-0.005493,1.006104,-1.831055,0.366211,1.525879
35129,0.024902,0.016724,1.008423,-1.892090,0.244141,1.403809
35138,0.017090,0.005981,0.994995,-1.647949,0.244141,1.098633
35147,0.016846,0.005371,0.991943,-1.403809,0.061035,0.915527
35157,0.017090,-0.001953,0.990601,-1.220703,-0.366211,1.037598
35166,0.011597,0.018311,1.011108,-1.342773,0.244141,1.464844
35177,-0.000610,-0.003906,0.992676,-1.525879,0.366211,1.892090
35187,-0.006714,0.000122,0.981934,-1.464844,0.915527,3.295898
35196,0.005371,0.031738,1.003784,-1.464844,1.220703,3.784180
35207,-0.028687,-0.007202,1.000244,-0.976562,1.342773,4.150391
35216,0.004761,-0.018677,1.002808,-1.037598,1.098633,4.455566
35227,0.013428,-0.009399,1.019165,-1.403809,0.915527,4.943848
35236,0.013916,0.013428,1.022583,-1.586914,0.610352,5.249023
35247,0.013184,0.004272,0.988281,-1.525879,1.220703,5.737305
35256,0.025513,0.007935,0.975098,-1.342773,1.464844,6.286621
35268,0.050171,0.016602,1.006104,-1.708984,0.793457,6.652832
35277,0.047241,0.005737,1.014160,-1.403809,1.159668,6.713867
35286,0.052734,0.000854,1.013672,-1.647949,0.854492,6.591797
35297,0.061523,0.001465,1.013184,-1.342773,0.976562,6.347656
35307,0.067383,-0.002197,1.011108,-1.342773,0.732422,5.981445
35317,0.063843,-0.006958,1.006104,-1.403809,0.122070,5.554199
35326,0.067383,-0.015991,0.999512,-1.464844,-15.563965,4.089355
35336,0.068848,-0.015991,0.997925,-1.586914,-0.366211,3.234863
35347,0.055176,-0.016357,1.000610,-1.708984,-0.915527,2.563477
35357,0.054810,-0.021973,1.003540,-1.770020,-0.793457,2.319336
35366,0.052002,-0.019165,1.010376,-1.953125,-0.610352,1.770020
35377,0.048340,-0.014404,1.010254,-1.953125,-1.037598,1.342773
35387,0.047119,-0.013306,1.007324,-1.647949,-0.854492,0.976562
35396,0.052368,-0.015991,1.004150,-1.647949,-1.281738,0.427246
35406,0.060913,-0.015381,1.000488,-1.403809,-1.831055,-0.183105
35417,0.057129,-0.005737,0.982910,-1.464844,-1.770020,0.000000
35427,0.048706,-0.000977,0.983887,-1.647949,-2.014160,0.183105
35437,0.040161,0.001587,0.990845,-1.953125,-2.014160,0.427246
35446,0.029419,-0.000122,0.996948,-1.892090,-1.770020,0.244141
35457,0.027588,0.000488,1.002441,-1.831055,-1.770020,0.366211
35467,0.026489,0.000244,1.006348,-1.525879,-2.319336,0.061035
35476,0.024658,-0.004761,1.010864,-1.525879,-2.014160,0.244141
35487,0.014526,-0.004395,1.012207,-1.464844,-1.464844,0.488281
35496,0.010254,-0.001099,1.005981,-1.586914,-2.319336,0.549316
35507,0.011230,-0.041504,1.007446,-1.403809,-2.197266,0.915527
35517,0.008789,-0.076904,1.005615,-1.037598,-1.831055,1.464844
35526,0.002075,-0.084106,0.999634,-0.915527,-1.831055,1.647949
35539,0.008301,-0.113403,0.988037,-0.732422,-2.380371,2.136230
35549,0.007080,-0.094727,0.983765,-0.915527,-2.014160,2.380371
35558,0.011108,-0.092896,0.982422,-1.037598,-1.831055,2.563477
35568,0.016724,-0.087646,0.989136,-1.159668,-1.708984,2.929688
35577,0.015503,-0.071045,0.992920,-1.037598,-1.708984,3.051758
35587,0.017456,-0.075684,0.990234,-0.915527,-1.281738,3.417969
35596,0.018433,-0.079102,0.988892,-0.976562,-1.770020,3.662109
35609,0.014893,-0.076660,0.990723,-0.732422,-1.281738,4.028320
35618,0.022949,-0.082397,0.993286,-0.854492,-1.403809,4.211426
35628,0.030151,-0.079590,0.997314,-0.793457,-1.647949,4.211426
35637,0.028076,-0.090698,0.999268,-0.793457,-1.831055,4.089355
35647,0.028076,-0.102417,0.983521,-0.854492,-2.197266,3.967285
35657,0.032104,-0.102417,0.994995,-0.854492,-1.831055,4.089355
35667,0.034546,-0.079224,0.981079,-0.976562,-1.220703,3.906250
35677,0.030884,-0.106567,0.983765,-1.037598,-1.586914,3.723145
35688,0.023437,-0.058716,0.998413,-1.342773,-1.525879,3.417969
35698,0.013550,-0.116821,0.989502,-1.281738,-1.892090,3.112793
35707,0.003662,-0.120361,1.045532,-1.220703,-1.708984,2.807617
35717,-0.001343,-0.167603,0.999878,-0.976562,-1.770020,2.563477
35727,0.006104,-0.185791,0.988159,-1.037598,-1.708984,2.380371
35737,0.022827,-0.150391,0.984741,-1.098633,-1.708984,2.075195
35748,0.030029,-0.127441,0.966309,-1.281738,-2.136230,1.464844
35758,0.035400,-0.124268,0.975464,-1.220703,-2.014160,1.220703
35768,0.034546,-0.106323,0.995972,-1.464844,-2.563477,1.098633
35777,0.029175,-0.088257,0.983521,-1.525879,-2.380371,1.159668
35787,0.029419,-0.088745,0.993652,-1.464844,-2.441406,0.976562
35798,0.025146,-0.075928,1.010498,-1.403809,-2.136230,1.037598
35807,0.020874,-0.070801,0.994873,-1.586914,-2.563477,0.854492
35819,0.015991,-0.095825,0.994019,-1.220703,-2.136230,0.427246
35828,0.014526,-0.096069,0.982178,-1.403809,-3.112793,0.305176
35838,0.013550,-0.132935,0.976685,-1.464844,-3.051758,0.122070
35847,-0.001953,-0.133911,0.991577,-1.586914,-2.990723,-0.305176
35857,-0.017700,-0.101563,0.980835,-1.770020,-2.929688,-0.427246
35868,-0.027954,-0.110962,1.003052,-1.708984,-2.319336,-0.732422
35877,-0.042358,-0.121338,1.000732,-1.708984,-2.197266,-0.976562
35887,-0.052368,-0.114258,0.994873,-1.647949,-2.441406,-0.915527
35897,-0.063965,-0.082642,0.987183,-1.770020,-1.953125,-0.915527
35907,-0.064819,-0.072510,0.980103,-1.831055,-1.953125,-0.671387
35917,-0.059937,-0.076172,0.983398,-1.647949,-1.525879,-0.488281
35927,-0.049316,-0.079346,0.993652,-1.831055,-0.915527,-0.061035
35938,-0.045166,-0.080688,0.996704,-1.831055,-0.915527,0.549316
35947,-0.037964,-0.085083,0.999023,-1.586914,-0.610352,0.915527
35957,-0.029053,-0.082764,1.002808,-1.525879,0.366211,2.441406
35967,-0.021362,-0.078003,1.000244,-1.586914,0.061035,2.929688
35977,-0.009888,-0.086914,0.992676,-1.708984,0.000000,3.356934
35987,-0.009888,-0.092651,0.994385,-1.647949,0.488281,3.723145
35997,-0.010498,-0.101929,0.997437,-1.525879,0.427246,3.967285
36007,-0.014038,-0.108643,0.997559,-1.464844,0.305176,4.150391
36017,-0.026489,-0.107544,0.997925,-1.525879,0.122070,4.211426
36029,-0.058350,-0.100464,0.993286,-1.586914,0.854492,3.784180
36038,-0.068359,-0.095947,0.990112,-1.708984,0.671387,3.540039
36048,-0.071533,-0.095337,0.989746,-1.403809,1.037598,3.173828
36058,-0.074219,-0.094482,0.998047,-1.403809,0.915527,2.502441
36067,-0.069580,-0.091553,0.999390,-1.403809,1.831055,1.953125
36077,-0.058594,-0.095337,0.999146,-1.647949,2.014160,1.708984
36088,-0.043091,-0.098877,0.997925,-1.525879,2.441406,1.770020
36098,-0.017334,-0.098755,0.989990,-1.464844,2.807617,1.831055
36108,0.029419,-0.099609,0.988770,-1.464844,2.624512,1.892090
36117,0.047729,-0.098267,0.993042,-1.647949,2.563477,1.953125
36128,0.060181,-0.095093,0.999634,-1.586914,2.014160,1.770020
36137,0.055908,-0.090698,1.001587,-1.525879,1.953125,1.403809
36147,0.045166,-0.083374,0.999634,-1.342773,1.770020,1.098633
36158,0.044067,-0.075928,0.995361,-1.342773,1.403809,0.061035
36168,0.041748,-0.074707,1.000488,-1.220703,1.281738,-0.488281
36179,0.007813,-0.078491,1.003906,-1.220703,1.220703,-1.220703
36188,0.004517,-0.086182,1.005737,-1.281738,1.098633,-1.647949
36198,0.002686,-0.097412,1.001831,-1.159668,0.488281,-2.258301
36207,-0.003052,-0.107300,1.000488,-1.098633,0.793457,-2.807617
36217,-0.009888,-0.107056,0.993896,-1.037598,1.220703,-2.990723
36229,-0.009521,-0.105957,0.989380,-1.159668,0.976562,-3.112793
36238,-0.006958,-0.110840,0.986450,-0.976562,1.708984,-3.051758
36248,-0.007446,-0.104614,0.990479,-1.159668,1.647949,-2.868652
36258,-0.012451,-0.102905,0.991455,-1.342773,1.159668,-2.807617
36267,-0.016479,-0.099487,0.990356,-1.342773,1.403809,-2.563477
36277,-0.013794,-0.095703,0.997437,-1.220703,1.403809,-2.380371
36287,-0.015869,-0.091431,1.000366,-1.403809,1.464844,-2.136230
36298,-0.020752,-0.086548,1.005859,-1.281738,2.075195,-1.464844
36308,0.012695,-0.086792,1.012695,-1.281738,2.075195,-1.159668
36318,0.029907,-0.089966,1.010376,-1.220703,2.380371,-0.915527
36327,0.040649,-0.095093,1.015259,-1.342773,2.075195,-0.427246
36337,0.057617,-0.098389,1.019043,-1.220703,2.014160,0.000000
36347,0.073486,-0.094360,1.021118,-1.342773,1.586914,0.427246
36358,0.086304,-0.097290,1.009521,-1.403809,1.342773,0.854492
36367,0.091675,-0.111206,0.999512,-1.281738,1.403809,1.281738
36379,0.098877,-0.127563,0.988281,-1.831055,0.793457,2.075195
36388,0.090454,-0.131592,0.985840,-1.831055,0.976562,2.014160
36398,0.068848,-0.131348,0.981689,-1.892090,0.122070,1.892090
36407,0.042847,-0.127808,0.973999,-1.892090,0.000000,1.464844
36418,0.017944,-0.120972,0.974243,-1.953125,-0.366211,0.915527
36427,-0.013428,-0.108398,0.988770,-1.892090,0.122070,0.427246
36437,-0.065063,-0.090942,0.977783,-1.892090,0.793457,-0.061035
36449,-0.113281,-0.059937,0.976807,-2.014160,0.732422,-0.427246
36458,-0.120605,-0.051636,0.983521,-1.770020,1.464844,-0.305176
36468,-0.134399,-0.060547,0.994385,-1.770020,2.563477,0.061035
36478,-0.135864,-0.070312,0.999390,-1.586914,2.807617,0.427246
36487,-0.121704,-0.083374,0.999023,-1.586914,3.173828,0.854492
36497,-0.095581,-0.095093,0.992798,-1.525879,3.723145,1.464844
36509,-0.059692,-0.102905,0.988403,-1.525879,4.455566,2.380371
36518,0.031006,-0.103149,0.982544,-1.403809,4.760742,3.112793
36528,0.064941,-0.100464,0.986084,-1.525879,4.760742,3.784180
36537,0.091309,-0.098389,0.990112,-1.831055,4.516602,4.577637
36548,0.111328,-0.101929,1.012573,-1.586914,4.577637,5.249023
36557,0.119995,-0.118652,1.015137,-1.525879,4.333496,5.676270
36568,0.123535,-0.159790,1.011841,-1.464844,4.028320,5.798340
36577,0.114014,-0.176758,0.993042,-1.342773,3.784180,5.737305
36589,0.085937,-0.092651,0.989624,-1.647949,2.563477,5.371094
36598,0.076416,-0.117310,0.970703,-1.281738,2.441406,5.004883
36607,0.077637,-0.203735,0.979126,-0.671387,2.624512,4.516602
36618,0.077637,-0.253540,1.009644,-0.610352,2.624512,3.601074
36627,0.068481,-0.215942,1.041504,-1.403809,1.831055,2.685547
36638,0.049072,-0.133301,1.031006,-2.014160,1.831055,1.586914
36648,0.036621,-0.098999,0.992065,-1.831055,1.403809,-0.244141
36659,0.043457,-0.194580,0.962769,-0.976562,0.793457,-0.976562
36669,0.048462,-0.196655,1.006104,-1.342773,0.793457,-1.525879
36679,0.058105,-0.145264,1.034546,-1.892090,1.037598,-1.831055
36688,0.055908,-0.094116,1.016846,-2.136230,1.098633,-2.075195
36698,-0.002686,-0.082642,0.965210,-1.831055,0.549316,-1.953125
36707,0.051147,-0.148071,0.971313,-1.525879,0.671387,-0.976562
36720,0.061401,-0.187012,1.003174,-1.525879,0.793457,-0.488281
36730,0.057983,-0.146240,0.987183,-1.831055,0.427246,-0.488281
36739,0.066040,-0.117554,0.979614,-1.953125,0.305176,-0.244141
36749,0.062866,-0.111694,0.979126,-1.586914,0.488281,-0.061035
36758,0.057983,-0.177979,0.970215,-1.098633,0.305176,-0.244141
36768,0.054687,-0.211426,0.984375,-1.098633,0.244141,-0.305176
36777,0.054687,-0.180176,1.006470,-1.525879,0.000000,-0.122070
36790,0.039917,-0.154663,0.985229,-1.770020,-0.427246,-0.122070
36799,0.031860,-0.175049,0.965088,-1.464844,-0.488281,-0.305176
36809,0.040161,-0.210571,0.964600,-1.281738,-0.732422,-0.305176
36818,0.052856,-0.216553,0.982056,-1.281738,-0.427246,-0.671387
36828,0.059937,-0.192627,0.996948,-1.708984,-0.732422,-0.976562
36838,0.065918,-0.175049,0.996948,-1.831055,-0.854492,-0.976562
36848,0.072021,-0.167358,1.000488,-1.586914,-1.159668,-0.793457
36857,0.075806,-0.176025,1.012817,-1.464844,-0.976562,-0.366211
36869,0.073608,-0.213379,0.988037,-1.281738,-1.159668,0.000000
36879,0.055420,-0.212769,0.971924,-1.220703,-1.220703,0.366211
36888,0.041748,-0.206055,0.965210,-1.342773,-0.793457,0.549316
36898,0.032349,-0.207520,0.977783,-1.159668,-0.854492,0.488281
36908,0.028931,-0.208984,0.994507,-1.281738,-1.220703,0.244141
36918,0.025879,-0.203979,1.009033,-1.342773,-1.220703,-0.061035
36927,0.028931,-0.188477,1.030396,-1.159668,-1.831055,-0.427246
36939,0.054199,-0.105713,1.153931,-0.671387,-1.770020,-0.732422
36949,0.083618,-0.028442,1.320435,0.000000,-1.770020,-0.732422
36958,0.083130,-0.031982,1.343384,1.220703,-1.892090,-0.427246
36968,0.057617,-0.149902,1.202393,2.685547,-2.441406,-0.488281
36978,0.080200,-0.272949,1.174805,4.882812,-2.136230,-1.281738
36987,0.080566,-0.429687,1.087891,6.103516,-2.197266,-1.831055
37000,0.073608,-0.434814,0.859253,5.493164,-3.662109,-3.723145
37009,0.059937,-0.365234,0.797974,4.577637,-3.479004,-3.601074
37019,0.030762,-0.304321,0.782959,4.028320,-3.784180,-3.479004
37029,-0.010254,-0.264038,0.863159,3.784180,-3.051758,-3.417969
37039,-0.026367,-0.294067,0.935547,3.540039,-2.929688,-4.211426
37049,-0.016235,-0.355713,0.886108,3.112793,-2.868652,-5.126953
37058,-0.016602,-0.343262,0.815918,2.075195,-2.502441,-6.713867
37068,-0.016479,-0.256104,0.809692,0.427246,-3.417969,-10.070801
37077,0.017212,-0.179565,0.847900,0.488281,-3.295898,-11.169434
37088,0.042480,-0.293701,0.822510,0.183105,-3.845215,-12.207031
37097,0.015381,-0.227539,0.884399,-0.854492,-4.211426,-13.366699
37108,0.051270,-0.135498,1.013184,-1.586914,-3.784180,-13.732910
37118,0.063965,-0.157104,0.969360,-1.525879,-3.601074,-13.305664
37127,0.036499,-0.183105,0.889893,-1.647949,-4.272461,-12.878418
37140,0.041260,-0.106934,1.008789,-2.014160,-4.211426,-11.596680
37149,0.062378,-0.168457,1.002441,-1.770020,-3.845215,-9.765625
37159,0.036011,-0.192017,0.984131,-1.647949,-3.723145,-7.995605
37168,0.023437,-0.144043,1.001343,-2.014160,-3.540039,-6.652832
37178,0.044800,-0.148682,1.008423,-2.197266,-3.662109,-4.760742
37187,0.050537,-0.199951,0.969116,-2.014160,-3.479004,-2.380371
37198,0.033569,-0.219482,0.976440,-1.892090,-3.234863,-0.122070
37207,-0.006104,-0.221191,0.990234,-2.075195,-3.234863,3.723145
37219,-0.039795,-0.164917,1.004150,-2.441406,-2.685547,4.699707
37228,-0.080078,-0.171387,0.973999,-2.258301,-1.647949,5.859375
37238,-0.110962,-0.200073,0.966064,-1.953125,-0.915527,6.591797
37247,-0.103149,-0.230835,0.964844,-1.770020,0.061035,6.896973
37258,-0.083252,-0.203247,0.992676,-1.892090,-0.183105,7.446289
37267,-0.075317,-0.177124,0.980957,-2.197266,0.061035,8.178711
37280,-0.040283,-0.149048,0.983398,-1.953125,1.098633,10.620117
37290,-0.045898,-0.179810,0.939575,-1.647949,0.976562,11.657715
37299,-0.000244,-0.192261,0.949707,-1.525879,1.342773,12.573242
37309,-0.029053,-0.193115,0.995361,-1.647949,1.770020,13.488770
37318,-0.035400,-0.162598,1.000488,-1.647949,1.647949,13.671875
37328,-0.016479,-0.199585,0.968506,-1.647949,1.647949,13.732910
37337,-0.029175,-0.151001,0.979614,-1.708984,2.197266,13.793945
37350,-0.053223,-0.191528,0.918823,-1.586914,2.319336,13.916016
37360,-0.035889,-0.167114,0.971680,-1.464844,3.234863,14.282227
37370,-0.104614,-0.166016,0.993408,-1.708984,2.746582,14.282227
37379,-0.090942,-0.202148,0.947388,-1.342773,3.417969,14.282227
37389,-0.088989,-0.145752,1.031738,-1.464844,3.601074,14.282227
37399,-0.109253,-0.144043,1.014893,-1.403809,4.211426,14.160156
37409,-0.108765,-0.172852,0.973633,-1.037598,4.516602,13.549805
37418,-0.051025,-0.122192,1.029297,-0.915527,4.638672,12.634277
37428,-0.059937,-0.124756,0.988770,-1.037598,3.784180,11.779785
37438,0.006348,-0.083130,1.045166,-1.281738,3.845215,11.657715
37448,-0.035889,-0.069702,0.984619,-1.281738,3.723145,12.207031
37458,-0.038696,-0.005371,0.991699,-1.464844,4.028320,12.939453
37468,-0.021729,-0.007690,1.015747,-1.464844,4.821777,15.014648
37479,-0.052734,-0.011475,0.997192,-1.159668,5.859375,17.517090
37488,-0.054443,-0.013428,1.010376,-1.281738,7.141113,22.521973
37498,-0.004150,-0.000610,1.002319,-1.342773,7.690430,25.024414
37509,-0.054443,0.053223,1.003540,-1.586914,7.751465,27.160645
37518,-0.051758,0.026123,1.007935,-1.525879,8.422852,29.479980
37528,-0.093140,0.007568,0.983643,-1.464844,9.582520,31.860352
37538,-0.095215,-0.000244,1.010864,-1.342773,10.009766,34.179687
37548,-0.057251,-0.001343,1.014282,-1.342773,10.925293,36.865234
37558,-0.145996,-0.043579,0.937744,-1.647949,12.329102,42.480469
37569,-0.104980,-0.021973,1.000122,-1.647949,13.305664,45.654297
37579,-0.138672,-0.081177,0.955811,-1.586914,14.221191,48.706055
37588,-0.087402,-0.094604,0.986328,-1.525879,15.258789,51.391602
37599,-0.020264,-0.091309,1.017090,-1.831055,16.174316,54.138184
37608,-0.019653,-0.092163,0.979980,-1.831055,16.174316,56.823730
37618,0.019287,-0.074951,0.971191,-1.586914,16.235352,58.837891
37628,0.087524,-0.081543,0.971436,-1.098633,16.784668,63.171387
37639,0.104614,-0.129150,0.970581,-0.732422,17.089844,64.819336
37649,0.124268,-0.116699,0.991089,-1.159668,16.845703,66.284180
37658,0.090820,-0.089478,0.991577,-1.464844,16.418457,68.054199
37668,0.048218,-0.070557,1.013306,-1.342773,16.357422,69.335937
37678,0.067993,-0.094482,1.002441,-0.793457,16.357422,70.007324
37689,0.060181,-0.107056,1.007935,-0.549316,16.235352,70.678711
37698,0.008301,-0.115356,1.008423,-1.037598,15.441895,70.434570
37710,0.009644,-0.022095,1.010986,-1.220703,15.747070,70.556641
37719,0.022583,-0.020874,0.990234,-1.037598,15.930176,70.556641
37729,0.081299,-0.039429,0.979736,-0.915527,15.686035,70.861816
37738,0.088989,-0.045898,0.985352,-0.549316,15.563965,71.350098
37749,0.110718,-0.067017,0.971924,-0.671387,14.953613,71.228027
37758,0.133789,-0.034424,0.990845,-0.915527,14.648438,71.716309
37770,0.121094,-0.032349,1.009277,-0.610352,14.099121,71.228027
37780,0.159668,-0.043701,1.016479,-0.366211,14.343262,70.922852
37789,0.150879,-0.055664,1.010742,-0.244141,13.977051,70.861816
37798,0.172119,-0.082031,0.988770,-0.122070,13.183594,70.434570
37808,0.169556,-0.030029,0.989624,0.183105,13.183594,70.434570
37818,0.130127,-0.013184,0.964966,0.305176,12.512207,70.922852
37828,0.148926,-0.018433,0.961426,0.488281,11.718750,71.105957
37840,0.122925,-0.063843,1.000610,0.854492,11.840820,72.631836
37850,0.112915,-0.100342,1.007813,0.854492,11.901855,72.753906
37859,0.117188,-0.049072,1.029541,0.793457,12.390137,72.998047
37868,0.087524,-0.064209,1.003540,0.976562,12.390137,72.692871
37878,0.108276,-0.101929,0.964722,0.976562,11.718750,72.143555
37888,0.148682,-0.114258,0.980469,1.342773,11.596680,71.594238
37898,0.163452,-0.108887,0.974731,1.525879,11.169434,70.434570
37908,0.200562,-0.137451,0.972900,1.525879,9.765625,65.917969
37920,0.215942,-0.160034,1.001465,1.342773,9.094238,61.828613
37929,0.246704,-0.127197,1.015137,1.281738,7.324219,56.457520
37938,0.271851,-0.146606,1.051025,1.525879,5.493164,49.926758
37948,0.289917,-0.164551,1.054565,1.892090,3.784180,42.907715
37958,0.358887,-0.119629,1.073608,1.892090,1.098633,35.705566
37968,0.375977,-0.122192,1.061890,2.197266,-0.732422,28.930664
37980,0.385986,-0.029419,0.980591,2.380371,-2.685547,17.822266
37989,0.375244,0.028320,0.965088,1.953125,-5.676270,13.122559
37998,0.360229,0.007324,0.948364,2.258301,-6.225586,9.338379
38008,0.394531,-0.019165,0.928345,2.380371,-6.530762,6.042480
38018,0.388916,-0.021729,0.979614,2.197266,-8.056641,2.685547
38028,0.396484,0.000854,1.020142,2.197266,-8.850098,-0.671387
38040,0.335938,-0.002319,1.004883,2.319336,-11.413574,-6.652832
38049,0.270630,0.043701,1.022583,2.502441,-12.207031,-8.056641
38059,0.265015,0.034790,0.974365,2.868652,-12.573242,-9.094238
38068,0.250366,0.022339,0.944336,2.746582,-13.061523,-8.911133
38079,0.156372,-0.021484,0.941284,2.746582,-12.756348,-7.812500
38088,0.096802,-0.023071,0.966675,2.441406,-12.084961,-6.835937
38098,0.030884,-0.057007,0.971924,1.953125,-11.962891,-5.859375
38110,-0.033325,-0.129028,0.966919,1.403809,-10.375977,-6.530762
38119,0.026978,-0.142700,1.015137,1.159668,-10.437012,-8.361816
38129,0.055176,-0.177246,1.007202,1.159668,-10.498047,-10.742188
38138,0.070801,-0.220093,1.000000,1.098633,-10.925293,-13.610840
38148,0.166016,-0.192261,1.037109,0.915527,-12.023926,-16.906738
38159,0.260864,-0.126587,1.040527,0.610352,-12.512207,-20.385742
38168,0.283691,-0.147949,0.992920,0.488281,-12.573242,-23.193359
38180,0.297241,-0.133789,0.974976,0.549316,-13.671875,-29.479980
38189,0.390747,-0.132080,0.986572,0.488281,-14.770508,-33.081055
38200,0.333984,-0.190552,0.965332,0.549316,-15.563965,-36.926270
38209,0.336548,-0.157471,1.014404,0.183105,-17.761230,-41.748047
38218,0.371948,-0.085327,1.042847,0.000000,-19.226074,-47.302246
38228,0.329102,-0.111938,1.024292,0.244141,-20.935059,-52.673340
38239,0.305420,-0.130859,0.960083,0.549316,-22.338867,-58.654785
38248,0.368042,-0.097412,0.981567,0.427246,-23.925781,-64.575195
38260,0.336182,-0.097778,0.984253,0.244141,-25.512695,-74.707031
38269,0.311279,-0.122925,0.962280,-0.305176,-27.343750,-79.162598
38279,0.302002,-0.079956,0.970825,-0.915527,-27.954102,-83.740234
38288,0.305054,-0.046265,0.980713,-1.098633,-27.770996,-88.195801
38299,0.273071,-0.063965,0.983521,-0.976562,-28.869629,-92.346191
38308,0.235962,-0.133667,0.980591,-0.732422,-29.296875,-96.923828
38318,0.199219,-0.101929,0.982544,-0.915527,-30.700684,-101.684570
38328,0.197632,-0.082886,0.965332,-1.647949,-31.311035,-106.933594
38340,0.147461,-0.071533,0.951782,-1.708984,-31.555176,-108.520508
38349,0.100952,-0.015625,0.956787,-1.708984,-30.944824,-109.802246
38359,0.135254,-0.009155,0.926025,-1.708984,-30.395508,-109.802246
38368,0.108398,-0.095093,0.912598,-1.464844,-29.113770,-108.581543
38378,0.058228,-0.101074,0.919678,-1.647949,-28.259277,-106.750488
38390,0.048706,-0.022583,0.993286,-2.014160,-25.573730,-102.416992
38400,-0.049316,-0.087158,0.920166,-2.014160,-24.414062,-99.304199
38409,-0.089233,-0.077393,0.919312,-2.136230,-23.254395,-95.703125
38419,-0.031128,0.008789,0.985596,-2.319336,-21.850586,-92.102051
38429,-0.083374,-0.080566,0.994873,-1.708984,-20.324707,-87.890625
38439,-0.125244,-0.078613,0.943115,-1.403809,-19.042969,-82.946777
38449,-0.142578,0.019531,0.949829,-1.770020,-17.883301,-78.369141
38458,-0.145264,0.008301,0.973022,-1.770020,-17.089844,-74.157715
38468,-0.167603,-0.040161,0.903442,-1.647949,-13.732910,-64.270020
38478,-0.141479,0.094727,0.988037,-1.953125,-12.329102,-58.959961
38489,-0.184448,0.026978,0.946533,-1.464844,-10.498047,-53.527832
38498,-0.182129,-0.032104,0.895630,-1.342773,-9.338379,-48.156738
38508,-0.198853,0.073364,0.890015,-1.403809,-8.178711,-42.846680
38518,-0.179565,0.042480,1.002075,-1.220703,-6.713867,-37.719727
38530,-0.103149,-0.041260,1.032471,-1.464844,-3.479004,-26.489258
38540,-0.223267,0.006958,0.972168,-1.708984,-2.319336,-21.423340
38549,-0.218750,-0.044678,1.005005,-1.770020,-1.647949,-17.395020
38559,-0.178101,-0.002197,1.046143,-1.831055,-0.915527,-13.793945
38569,-0.190674,0.013672,1.036255,-1.708984,0.244141,-10.131836
38578,-0.304443,0.080688,0.858276,-1.403809,0.854492,-7.019043
38588,-0.145996,-0.021118,0.986084,-0.793457,2.319336,-3.906250
38600,-0.083862,-0.044556,1.085938,-1.098633,3.417969,1.281738
38609,-0.102173,-0.141968,0.988892,-1.159668,4.211426,2.624512
38619,-0.128540,-0.094482,0.998535,-1.159668,4.272461,3.112793
38628,-0.091064,-0.095703,0.997437,-1.159668,4.150391,3.662109
38638,-0.028931,-0.100342,1.014648,-1.159668,4.333496,4.333496
38649,0.014038,0.003174,0.961792,-1.464844,4.333496,4.821777
38658,0.047974,-0.112549,1.092407,-2.014160,4.821777,5.798340
38670,-0.030518,-0.205078,0.939331,-2.685547,5.004883,7.690430
38679,-0.001343,-0.132324,0.937378,-1.586914,4.821777,8.789063
38689,0.087769,-0.193481,0.947144,-1.098633,3.967285,9.704590
38698,0.020752,-0.204224,1.041382,-1.281738,3.234863,10.803223
38709,-0.044922,-0.197876,1.038452,-1.892090,2.746582,11.718750
38719,-0.051636,-0.138550,0.937134,-2.197266,2.807617,12.756348
38728,0.032959,-0.119263,1.004150,-2.502441,3.845215,14.526367
38740,-0.079224,-0.099365,0.948730,-2.502441,5.310059,16.540527
38749,-0.092285,-0.159668,1.015381,-2.319336,5.004883,16.418457
38759,-0.132324,-0.135254,1.066650,-2.319336,4.821777,15.808105
38768,-0.112793,-0.105957,0.988159,-2.563477,4.150391,15.258789
38778,-0.075439,-0.096436,1.001709,-2.075195,3.967285,14.953613
38789,0.017090,-0.108276,0.985962,-1.647949,3.723145,15.197754
38798,0.009644,-0.155640,0.987671,-1.159668,4.394531,16.540527
38808,0.048828,-0.194092,0.978882,-0.976562,4.516602,17.944336
38820,0.056152,-0.173706,1.023926,-1.770020,4.272461,20.751953
38829,0.006104,-0.173218,0.963257,-2.075195,4.455566,22.216797
38839,0.015869,-0.108398,0.994141,-2.258301,4.272461,23.071289
38848,-0.006470,-0.144897,1.044556,-2.014160,3.845215,24.658203
38858,-0.076172,-0.168579,0.965576,-1.831055,3.540039,25.268555
38868,-0.078369,-0.184937,0.958008,-1.831055,2.685547,25.268555
38880,-0.097778,-0.096436,1.015259,-1.831055,2.990723,25.573730
38889,-0.134155,-0.128662,0.875854,-1.403809,3.417969,25.390625
38899,-0.119263,-0.080200,0.993408,-1.892090,4.150391,26.245117
38909,-0.128662,-0.089111,0.983887,-2.136230,5.310059,27.343750
38918,-0.073364,-0.178711,0.942017,-1.892090,5.798340,28.259277
38929,-0.029175,-0.102417,1.024292,-2.380371,6.164551,29.296875
38938,-0.035156,-0.075439,1.020752,-2.685547,5.737305,30.212402
38950,-0.001587,-0.138672,0.939941,-2.441406,4.882812,31.005859
38965,-0.006226,-0.107056,1.028931,-2.685547,4.455566,31.250000
38974,-0.007813,-0.170166,0.973511,-2.380371,4.394531,31.005859
38984,0.004639,-0.099365,1.037720,-2.807617,4.821777,30.822754
38994,-0.007690,-0.075562,0.965576,-2.502441,4.882812,31.005859
39002,-0.007690,-0.075562,0.965576,-2.380371,4.516602,30.761719
39012,-0.024658,-0.162598,0.990479,-2.502441,4.028320,30.944824
39021,-0.043213,-0.247803,0.945435,-2.258301,3.723145,30.639648
39031,-0.022217,-0.133789,1.019165,-2.746582,3.601074,29.846191
39040,-0.036377,-0.119141,1.025269,-2.746582,3.479004,29.479980
39050,-0.039551,-0.210083,0.951538,-2.258301,3.356934,28.747559
39059,-0.022339,-0.144775,1.001831,-2.380371,3.417969,27.832031
39068,-0.035400,-0.217896,0.994385,-2.197266,3.479004,27.282715
39079,-0.032471,-0.238892,0.968506,-2.075195,3.051758,26.184082
39089,0.002563,-0.122925,1.049072,-2.441406,2.746582,23.986816
39100,0.033325,-0.185059,0.971680,-2.014160,2.136230,22.888184
39110,0.034790,-0.222778,1.001953,-1.953125,1.892090,21.606445
39119,0.026123,-0.282593,0.962769,-2.014160,1.403809,20.507812
39129,0.050659,-0.182129,1.002808,-2.258301,0.610352,18.981934
39138,0.042358,-0.138306,1.018188,-2.258301,0.671387,17.517090
39149,0.046753,-0.199463,0.963013,-1.770020,0.122070,15.747070
39158,0.043945,-0.173828,1.015991,-1.708984,-0.183105,14.465332
39170,0.034546,-0.182373,0.987915,-1.403809,-1.342773,11.108398
39179,0.051025,-0.106445,1.028687,-2.136230,-1.403809,9.704590
39189,0.063965,-0.158813,0.969604,-1.770020,-2.014160,8.300781
39198,0.108154,-0.164917,1.003296,-1.708984,-2.258301,6.896973
39209,0.074707,-0.232788,0.988159,-1.708984,-3.051758,6.042480
39219,0.066895,-0.191162,0.971191,-2.014160,-3.479004,4.577637
39228,0.080200,-0.120239,1.034302,-2.380371,-3.723145,3.540039
39240,0.072632,-0.184204,1.008179,-1.770020,-4.577637,0.366211
39249,0.074463,-0.253418,0.978394,-1.892090,-4.882812,-1.464844
39259,0.067627,-0.198364,0.978516,-2.380371,-5.615234,-3.173828
39269,0.079102,-0.131714,1.005981,-2.624512,-6.469727,-5.004883
39278,0.107300,-0.171509,0.986206,-2.197266,-7.019043,-6.164551
39289,0.080566,-0.206665,1.030762,-2.014160,-7.202148,-6.896973
39298,0.052002,-0.258057,0.961792,-1.953125,-7.568359,-7.507324
39308,-0.011963,-0.169556,0.997559,-2.319336,-7.690430,-8.972168
39319,-0.015503,-0.182373,0.977783,-2.075195,-7.507324,-9.704590
39328,-0.029175,-0.244873,1.009033,-1.953125,-7.507324,-10.681152
39338,-0.039063,-0.229126,0.989014,-2.136230,-7.446289,-11.657715
39348,-0.062866,-0.133789,1.006226,-2.746582,-7.629395,-12.878418
39359,0.021240,-0.148926,0.949097,-2.197266,-7.629395,-13.916016
39369,0.046265,-0.201782,0.986694,-1.953125,-7.507324,-15.747070
39380,-0.017456,-0.155151,1.053345,-2.563477,-8.056641,-16.784668
39390,0.020508,-0.149170,1.020264,-2.319336,-8.300781,-18.005371
39400,0.007813,-0.195068,1.000000,-1.525879,-8.239746,-18.798828
39409,0.012207,-0.267212,0.963501,-1.281738,-8.422852,-20.019531
39419,-0.030640,-0.192261,0.968750,-1.708984,-8.300781,-20.874023
39429,0.006836,-0.122070,1.000732,-2.014160,-8.483887,-21.972656
39438,0.029053,-0.148560,1.002686,-1.281738,-8.789063,-23.254395
39448,0.062744,-0.267090,1.014404,-1.220703,-9.216309,-25.634766
39459,0.004639,-0.129883,1.007935,-1.831055,-9.155273,-26.672363
39469,0.011353,-0.128296,0.973755,-1.464844,-8.361816,-26.855469
39478,0.051514,-0.256836,0.986938,-0.854492,-8.117676,-26.977539
39489,-0.025513,-0.262207,0.958252,-1.098633,-8.544922,-27.038574
39498,-0.014282,-0.142090,0.995728,-1.831055,-8.789063,-27.709961
39508,-0.022705,-0.148682,0.986816,-1.464844,-8.605957,-27.954102
39520,-0.029907,-0.202393,0.973389,-1.464844,-9.216309,-28.747559
39530,-0.001343,-0.105225,0.989624,-2.075195,-8.850098,-28.747559
39539,-0.035278,-0.126953,1.008789,-1.708984,-8.483887,-27.954102
39549,0.011963,-0.185303,0.986694,-1.464844,-7.934570,-27.343750
39559,-0.044678,-0.112549,1.034912,-1.647949,-7.324219,-26.428223
39568,-0.025757,-0.105957,0.956055,-1.647949,-7.446289,-25.451660
39579,-0.053955,-0.167358,1.018433,-1.220703,-7.141113,-24.536133
39588,-0.049316,-0.237427,0.939575,-1.647949,-5.859375,-23.254395
39599,-0.043823,-0.138184,0.970947,-1.708984,-5.615234,-22.277832
39609,-0.045654,-0.184082,0.998413,-1.220703,-5.615234,-21.484375
39618,-0.077881,-0.159790,0.959961,-1.342773,-5.493164,-20.385742
39628,-0.088257,-0.081787,0.977783,-1.647949,-5.065918,-18.981934
39639,-0.100342,-0.176514,0.965088,-1.586914,-4.455566,-17.761230
39648,-0.060669,-0.182861,0.957886,-1.708984,-4.211426,-16.601562
39660,-0.043945,-0.128174,0.966431,-1.770020,-3.356934,-14.465332
39670,-0.052979,-0.207642,0.987549,-1.525879,-3.601074,-13.305664
39680,-0.072632,-0.196411,0.940674,-1.647949,-2.929688,-12.939453
39690,-0.085327,-0.062622,0.995850,-1.708984,-2.807617,-12.268066
39699,-0.079346,-0.161621,0.978271,-1.464844,-2.380371,-11.596680
39709,-0.080688,-0.184570,0.971191,-1.159668,-1.708984,-10.620117
39719,-0.114258,-0.111816,0.997559,-1.098633,-1.525879,-9.826660
39728,-0.086548,-0.142212,0.963379,-0.671387,-1.403809,-8.178711
39738,-0.088745,-0.190186,0.953735,-0.732422,-1.098633,-7.751465
39748,-0.067993,-0.096069,0.982544,-0.976562,-0.671387,-7.141113
39759,-0.082397,-0.183594,0.997314,-0.549316,-0.549316,-6.286621
39768,-0.080200,-0.255005,0.937500,-0.488281,-0.183105,-5.493164
39778,-0.095459,-0.151489,0.971924,-0.793457,0.183105,-5.065918
39788,-0.049927,-0.157593,0.953491,-0.793457,0.244141,-4.150391
39800,-0.040527,-0.110474,0.988281,-0.488281,-15.380859,-3.906250
39809,-0.040161,-0.202637,0.969238,-0.427246,-0.183105,-4.089355
39819,-0.038696,-0.181885,0.995728,-0.732422,-0.793457,-4.455566
39828,-0.050903,-0.107056,0.994751,-1.220703,-0.732422,-4.882812
39838,-0.028198,-0.125732,0.967896,-0.915527,-0.244141,-4.882812
39849,-0.032593,-0.186279,1.014404,-0.610352,-0.488281,-4.821777
39858,-0.067139,-0.153564,0.999878,-0.976562,-0.549316,-5.065918
39868,-0.053223,-0.126221,0.982788,-0.610352,-0.854492,-5.615234
39879,-0.061401,-0.138916,0.966309,-0.854492,-0.976562,-6.103516
39889,-0.039429,-0.089355,0.984009,-1.159668,-1.281738,-6.347656
39899,-0.030151,-0.152466,1.001587,-0.915527,-1.342773,-6.286621
39908,-0.039795,-0.156006,0.983643,-1.098633,-0.732422,-6.469727
39918,-0.018921,-0.098755,1.004761,-1.403809,-0.854492,-6.591797
39928,-0.009399,-0.162598,1.026123,-0.976562,-1.342773,-6.774902
39940,-0.036743,-0.132446,0.985962,-0.915527,-1.953125,-7.568359
39950,-0.061646,-0.156128,0.992554,-0.671387,-2.014160,-7.873535
39959,-0.091309,-0.123291,0.983643,-1.037598,-2.197266,-8.483887
39969,-0.096802,-0.095459,0.978271,-0.671387,-1.831055,-8.483887
39979,-0.119995,-0.141968,0.992187,-0.549316,-1.708984,-8.605957
39988,-0.115356,-0.119385,0.986938,-0.854492,-1.464844,-8.850098
39998,-0.094971,-0.107300,0.978271,-0.732422,-1.098633,-8.605957
40008,-0.058716,-0.151855,0.992554,-0.671387,-1.281738,-8.728027
40019,-0.032593,-0.167847,0.992920,-0.793457,-0.976562,-8.972168
40029,-0.053101,-0.132568,1.009277,-0.549316,-1.403809,-8.972168
40038,-0.057495,-0.104370,1.003418,-0.427246,-1.159668,-8.911133
40048,-0.071899,-0.141235,1.008057,-0.610352,-1.159668,-8.728027
40058,-0.074097,-0.122925,1.000854,-0.305176,-1.159668,-9.033203
40068,-0.062744,-0.081787,1.015869,-0.244141,-0.976562,-9.338379
40080,-0.040405,-0.083740,0.999878,-0.671387,-1.403809,-9.521484
40090,-0.017700,-0.061401,1.000244,-0.488281,-1.159668,-9.582520
40100,-0.044434,-0.146240,0.979248,-0.305176,-1.220703,-9.521484
40109,-0.050537,-0.095093,1.001221,-0.244141,-0.732422,-9.155273
40119,-0.067505,-0.075684,1.002686,-0.122070,-0.427246,-8.789063
40128,-0.103149,-0.101196,0.985840,-0.244141,-0.305176,-9.155273
40141,-0.112915,-0.079102,0.985474,-0.061035,-0.305176,-10.559082
40151,-0.123047,-0.079956,1.003784,-0.061035,-0.244141,-10.986328
40161,-0.086304,-0.086792,0.999512,-0.244141,-0.793457,-11.657715
40170,-0.059937,-0.091187,1.003052,-0.061035,-0.244141,-12.390137
40181,-0.063232,-0.065308,1.004150,-0.122070,-0.122070,-12.878418
40191,-0.042480,-0.101318,0.983521,-0.122070,0.000000,-13.183594
40200,-0.033203,-0.115723,0.995972,-0.549316,-0.305176,-14.465332
40210,-0.030151,-0.117432,1.004761,-0.610352,-0.427246,-14.892578
40220,0.069824,-0.114624,1.016602,-0.549316,-1.220703,-15.441895
40229,0.063721,-0.107056,1.030762,-0.732422,-2.136230,-15.625000
40239,0.079346,-0.095337,1.042236,-0.854492,-3.051758,-15.686035
40249,0.052002,-0.090088,1.011963,-0.793457,-2.319336,-15.686035
40258,0.036865,-0.128418,0.992432,-0.793457,-2.807617,-15.502930
40269,0.015991,-0.151489,0.986938,-0.732422,-2.624512,-15.014648
40279,0.036133,-0.153320,0.964478,-1.037598,-2.624512,-15.197754
40288,0.037598,-0.156982,0.944580,-0.915527,-2.868652,-15.625000
40299,-0.060303,-0.149414,1.006714,-1.098633,-4.150391,-16.967773
40309,-0.094727,-0.122314,1.052002,-1.281738,-4.211426,-18.615723
40319,-0.120239,-0.128540,1.033936,-1.464844,-4.699707,-20.263672
40329,-0.090454,-0.077637,1.032715,-0.976562,-4.455566,-21.240234
40338,-0.091187,-0.054443,1.013428,-0.488281,-3.662109,-21.911621
40351,-0.110229,-0.081543,0.994873,0.305176,-4.028320,-22.644043
40361,-0.094971,-0.097900,0.985107,0.183105,-3.295898,-22.338867
40371,-0.073364,-0.082397,0.983887,-0.183105,-3.112793,-22.033691
40381,-0.036011,-0.060669,0.970703,-0.366211,-2.807617,-21.606445
40391,-0.053955,-0.045532,0.974854,-0.488281,-2.746582,-20.812988
40401,-0.041992,-0.068726,0.959961,-0.488281,-2.624512,-19.653320
40410,0.019409,-0.064697,1.012207,-0.549316,-1.708984,-17.822266
40420,-0.031494,-0.068848,0.990723,-0.549316,-1.525879,-17.456055
40428,-0.031494,-0.068848,0.990723,-0.305176,-1.159668,-17.517090
40439,-0.116455,-0.086182,0.998901,-0.122070,-1.403809,-17.639160
40449,-0.097412,-0.074585,1.009399,0.183105,-1.281738,-18.005371
40459,-0.077515,-0.099487,0.988403,0.366211,-2.014160,-18.249512
40469,-0.041504,-0.104980,0.985229,0.549316,-1.831055,-18.798828
40479,-0.053589,-0.109375,0.993896,0.427246,-2.136230,-19.470215
40488,-0.025146,-0.092285,1.003784,0.549316,-2.197266,-20.202637
40500,-0.008911,-0.148682,1.006958,0.854492,-2.075195,-20.751953
40510,-0.031372,-0.119141,1.011108,0.915527,-2.075195,-21.240234
40520,-0.037231,-0.100830,1.016113,1.159668,-1.647949,-22.033691
40530,-0.013062,-0.102783,1.015747,1.281738,-1.892090,-22.766113
40540,0.000977,-0.123535,0.993408,1.281738,-2.441406,-23.376465
40549,0.046143,-0.102173,0.972900,1.403809,-2.990723,-24.108887
40558,0.068237,-0.109619,0.979614,1.281738,-3.967285,-25.085449
40570,0.071899,-0.115234,1.027344,1.159668,-5.004883,-25.329590
40580,0.051880,-0.106445,1.032104,1.159668,-4.882812,-25.268555
40590,0.008911,-0.106934,1.012939,1.403809,-4.516602,-25.329590
40599,-0.004150,-0.146240,1.006592,1.403809,-4.760742,-25.451660
40609,-0.022217,-0.105591,1.001221,1.342773,-5.737305,-26.245117
40618,-0.041748,-0.099121,0.993286,1.342773,-6.042480,-27.099609
40631,-0.058716,-0.101074,0.992310,1.281738,-6.774902,-29.296875
40641,-0.081177,-0.089844,0.977661,1.586914,-6.652832,-30.395508
40650,-0.079102,-0.092285,0.989990,1.708984,-6.164551,-31.372070
40660,-0.079834,-0.108643,0.991699,1.892090,-5.859375,-32.043457
40670,-0.072754,-0.125854,1.013794,2.075195,-5.493164,-32.653809
40680,-0.068115,-0.140991,0.975098,2.075195,-6.164551,-33.630371
40689,-0.059326,-0.127075,0.958740,2.014160,-5.859375,-34.423828
40701,-0.028931,-0.171021,0.952393,1.953125,-6.225586,-36.071777
40710,-0.016968,-0.166748,0.946655,1.586914,-6.286621,-36.560059
40720,-0.006470,-0.202881,0.935181,1.586914,-5.554199,-36.376953
40730,-0.030029,-0.186035,0.942139,1.403809,-4.882812,-36.132812
40739,-0.065674,-0.181519,0.944092,1.342773,-4.272461,-35.705566
40749,-0.057495,-0.145264,0.979126,1.281738,-4.150391,-35.278320
40759,-0.098389,-0.202271,0.985229,1.098633,-4.699707,-35.034180
40769,-0.128052,-0.174194,0.952637,1.098633,-4.211426,-35.034180
40779,-0.068237,-0.111694,1.005737,1.159668,-3.662109,-34.667969
40789,-0.083252,-0.089233,1.010742,1.342773,-3.479004,-33.874512
40800,-0.155884,-0.142334,1.017212,1.892090,-2.929688,-32.775879
40809,-0.146362,-0.187622,0.977051,2.136230,-2.014160,-32.287598
40819,-0.114868,-0.130493,1.008057,2.075195,-1.647949,-31.799316
40829,-0.103516,-0.074097,0.991821,1.953125,-1.220703,-30.700684
40841,-0.167236,-0.105225,0.968384,2.563477,0.000000,-28.015137
40851,-0.134399,-0.123291,0.976807,2.319336,0.671387,-26.855469
40861,-0.166016,-0.087158,0.988892,1.892090,1.464844,-25.268555
40870,-0.114868,-0.063354,1.043457,1.953125,1.953125,-23.803711
40880,-0.129272,-0.080078,1.011108,2.258301,2.502441,-22.705078
40889,-0.153931,-0.041016,0.993042,2.441406,2.868652,-21.606445
40899,-0.122070,-0.035889,0.995117,2.502441,2.563477,-20.690918
40911,-0.115356,-0.099243,0.983032,2.685547,2.990723,-19.470215
40920,-0.099976,-0.150757,0.974976,2.990723,4.394531,-16.662598
40930,-0.106567,-0.117676,0.947510,2.685547,4.516602,-15.441895
40939,-0.099976,-0.073364,0.993530,2.685547,4.760742,-14.343262
40949,-0.118896,-0.120361,1.000244,2.685547,4.699707,-13.244629
40959,-0.117188,-0.077881,1.027100,2.746582,5.249023,-12.329102
40970,-0.125000,-0.155396,0.991455,2.868652,5.554199,-11.291504
40979,-0.139893,-0.100220,0.985107,2.990723,5.554199,-10.009766
40991,-0.135376,-0.092285,0.952881,3.112793,5.859375,-9.277344
41000,-0.132690,-0.066895,0.960693,2.929688,5.981445,-8.239746
41010,-0.120361,-0.170044,0.946289,2.868652,6.469727,-7.385254
41019,-0.099365,-0.108643,0.937622,2.502441,6.896973,-6.347656
41029,-0.089233,-0.132812,0.974121,2.197266,7.019043,-5.737305
41039,-0.125000,-0.105835,0.978882,2.075195,7.019043,-4.882812
41049,-0.099609,-0.113770,1.000244,1.586914,7.263184,-4.211426
41061,-0.086060,-0.101074,1.010132,1.220703,6.774902,-4.089355
41070,-0.120117,-0.154785,1.021240,1.403809,7.080078,-4.150391
41080,-0.119385,-0.105835,1.029053,1.525879,6.713867,-4.455566
41090,-0.110718,-0.140747,1.024536,1.403809,6.469727,-4.516602
41099,-0.132202,-0.119873,0.986938,1.464844,6.408691,-4.577637
41109,-0.096069,-0.091064,0.983032,1.281738,6.530762,-4.211426
41119,-0.100952,-0.122070,0.978149,1.342773,6.103516,-3.845215
41130,-0.079834,-0.179687,0.969604,0.915527,6.164551,-3.662109
41140,-0.036621,-0.131226,1.002319,0.671387,6.042480,-3.723145
41149,-0.022339,-0.161377,1.012573,0.366211,5.737305,-3.906250
41160,-0.011108,-0.121948,1.029297,0.427246,5.615234,-4.089355
41169,-0.009399,-0.113770,1.036255,0.488281,5.249023,-3.906250
41179,-0.019165,-0.087280,1.011597,0.793457,4.821777,-3.601074
41189,0.006958,-0.059692,0.993042,0.793457,4.821777,-2.380371
41199,-0.094360,-0.136597,1.064209,0.610352,4.638672,-1.831055
41210,-0.080322,-0.054199,0.807861,0.488281,4.638672,-1.281738
41219,-0.116699,-0.027466,1.080566,0.366211,3.967285,-1.098633
41230,-0.033569,-0.188232,0.994019,0.549316,4.089355,-0.854492
41239,-0.108398,-0.051147,1.038574,0.122070,4.150391,-1.464844
41250,-0.087402,-0.019653,1.094360,0.122070,4.211426,-1.831055
41259,-0.157349,-0.038086,1.003418,0.793457,3.234863,-4.699707
41270,-0.100098,-0.124268,0.990967,1.098633,2.868652,-6.469727
41280,-0.099487,-0.088135,0.993164,1.220703,2.807617,-7.629395
41289,-0.044678,-0.152222,1.010742,1.098633,2.685547,-8.850098
41300,-0.043823,-0.117798,0.979614,0.671387,2.258301,-10.375977
41310,-0.038940,-0.072021,1.024048,-0.061035,1.892090,-11.779785
41319,-0.061646,-0.059448,0.958496,-0.183105,1.586914,-12.695313
41331,-0.021362,-0.107056,0.964844,-0.183105,1.708984,-13.977051
41340,-0.002686,-0.101196,0.979980,0.244141,1.403809,-14.587402
41350,0.007568,-0.141846,0.960449,0.183105,0.793457,-15.502930
41359,0.010010,-0.123901,0.982666,0.305176,0.488281,-16.418457
41369,0.030518,-0.136475,0.967041,0.061035,0.122070,-16.906738
41380,0.022827,-0.138916,0.965698,0.183105,0.244141,-17.089844
41389,0.034302,-0.140625,0.945923,0.061035,0.305176,-17.211914
41401,0.014526,-0.143188,0.964233,0.183105,0.244141,-17.639160
41410,0.040405,-0.182739,0.999512,0.244141,-0.427246,-18.249512
41419,0.044434,-0.145386,0.981079,0.122070,-1.220703,-19.042969
41429,0.053589,-0.122681,1.015381,0.122070,-1.831055,-19.958496
41440,0.036255,-0.094727,1.021362,0.366211,-2.441406,-21.057129
41449,0.059082,-0.120117,1.017822,0.610352,-2.624512,-21.850586
41459,0.034180,-0.141846,1.012085,0.732422,-2.929688,-22.888184
41471,0.023560,-0.098267,1.024536,0.732422,-3.540039,-25.878906
41481,0.003174,-0.106689,1.008057,0.915527,-4.394531,-27.160645
41490,0.001953,-0.134766,1.008911,1.342773,-4.333496,-28.320312
41500,-0.003296,-0.121948,1.007935,1.037598,-4.333496,-29.418945
41509,-0.011230,-0.145630,0.983398,1.037598,-4.760742,-30.578613
41519,-0.002808,-0.132202,0.987915,1.281738,-4.943848,-31.799316
41530,-0.008667,-0.095703,0.996216,1.159668,-5.432129,-32.958984
41539,-0.002686,-0.089355,1.006104,1.098633,-5.615234,-34.667969
41550,-0.004517,-0.086060,0.998291,1.037598,-5.371094,-35.400391
41559,-0.052734,-0.035522,0.994751,0.915527,-4.943848,-35.827637
41569,-0.005737,-0.034912,1.008545,1.098633,-4.638672,-35.705566
41580,-0.041992,-0.034668,1.021851,0.976562,-4.699707,-35.827637
41589,-0.024048,-0.072388,1.019897,0.793457,-4.943848,-35.888672
41599,-0.043579,-0.066772,1.007935,0.915527,-4.394531,-36.132812
41611,-0.046021,-0.007813,1.006104,1.281738,-4.699707,-36.560059
41620,-0.091309,-0.023437,0.989380,1.586914,-3.906250,-36.682129
41630,-0.096191,-0.088867,1.012329,1.831055,-3.295898,-36.621094
41640,-0.100586,-0.090088,1.002930,1.892090,-3.112793,-36.926270
41649,-0.066772,-0.047485,1.021851,1.953125,-2.929688,-37.170410
41659,-0.086304,-0.041626,1.012207,1.708984,-2.441406,-37.475586
41671,-0.053833,-0.084106,0.993774,2.075195,-1.770020,-37.048340
41681,-0.087524,-0.104370,0.963135,2.441406,-0.915527,-36.743164
41690,-0.073486,-0.073608,0.995239,2.258301,-0.244141,-36.621094
41699,-0.105225,-0.080322,1.001831,2.319336,-0.122070,-36.376953
41710,-0.113525,-0.099609,0.994263,2.258301,-0.427246,-36.071777
41720,-0.119873,-0.082397,0.979004,2.563477,0.305176,-35.827637
41729,-0.130127,-0.084717,0.990479,2.868652,0.122070,-35.217285
41739,-0.111328,-0.049316,1.001831,3.234863,0.793457,-34.851074
41751,-0.099854,-0.115601,0.982178,4.028320,2.746582,-33.142090
41761,-0.100586,-0.089722,0.965698,4.028320,3.662109,-32.226562
41770,-0.109253,-0.076416,0.970947,4.089355,3.967285,-30.822754
41780,-0.124268,-0.051514,0.976685,4.211426,4.760742,-29.296875
41790,-0.112549,-0.082275,0.987793,3.906250,5.249023,-27.709961
41799,-0.128784,-0.089478,0.967529,4.211426,5.981445,-25.878906
41811,-0.129272,-0.066895,0.996216,4.150391,7.568359,-21.728516
41821,-0.148071,-0.012085,1.014282,4.333496,8.178711,-19.958496
41830,-0.165161,-0.030640,1.000610,4.699707,9.033203,-18.310547
41840,-0.163208,-0.064209,0.972656,4.821777,9.765625,-16.662598
41849,-0.175903,-0.068726,0.975220,4.516602,10.620117,-15.136719
41859,-0.163696,-0.035645,0.965576,4.516602,11.108398,-13.671875
41870,-0.138794,-0.059570,0.979126,4.394531,11.718750,-12.023926
41880,-0.171265,-0.013550,0.998413,4.028320,12.512207,-8.483887
41889,-0.181641,-0.087524,0.982178,4.028320,13.549805,-6.958008
41900,-0.205078,-0.077026,0.988281,3.662109,14.587402,-5.432129
41910,-0.233521,-0.035889,0.964966,3.845215,15.563965,-3.784180
41919,-0.208130,-0.061157,0.978271,3.845215,16.113281,-2.197266
41930,-0.217407,-0.058350,0.937134,3.906250,16.662598,-0.793457
41940,-0.175903,-0.083740,0.920288,4.089355,16.967773,0.427246
41950,-0.162720,-0.136963,0.953369,4.089355,17.333984,3.173828
41959,-0.159302,-0.045166,0.973755,3.479004,17.517090,4.882812
41970,-0.157593,-0.058838,0.980103,3.540039,18.066406,6.713867
41980,-0.144897,-0.089966,0.991089,3.723145,18.737793,8.728027
41990,-0.167114,-0.085571,0.985962,4.211426,19.287109,10.681152
41999,-0.173096,-0.066162,1.009766,4.577637,20.019531,12.084961
42010,-0.190430,-0.093628,0.995361,4.638672,19.897461,13.305664
42020,-0.178467,-0.092041,0.983643,4.028320,20.324707,15.563965
42030,-0.174438,-0.100220,0.962524,4.272461,20.996094,17.028809
42039,-0.177246,-0.091919,0.922119,4.028320,21.728516,18.737793
42050,-0.151123,-0.031372,0.957275,3.479004,21.484375,20.690918
42059,-0.161499,-0.073730,0.973999,3.234863,22.338867,22.277832
42070,-0.151001,-0.009766,1.008301,2.746582,22.766113,23.498535
42080,-0.180542,-0.078613,1.003174,2.624512,23.315430,24.414062
42089,-0.173096,-0.080811,1.005371,2.258301,23.620605,25.390625
42099,-0.170776,-0.109131,1.007080,2.014160,23.559570,26.489258
42110,-0.183716,-0.102051,1.022583,1.892090,23.437500,27.282715
42120,-0.146973,-0.122681,0.989136,1.953125,24.108887,28.076172
42130,-0.141479,-0.104004,0.985840,1.647949,24.108887,28.869629
42139,-0.137939,-0.101196,0.990356,1.647949,24.108887,29.907227
42150,-0.139160,-0.067505,0.991577,1.586914,24.475098,30.883789
42159,-0.125610,-0.082764,0.978760,1.037598,24.230957,31.677246
42171,-0.112183,-0.067383,0.986572,0.671387,24.047852,33.569336
42181,-0.062866,-0.029907,0.975098,0.305176,24.414062,34.362793
42190,-0.073120,-0.039307,0.992920,-0.244141,24.230957,35.461426
42200,-0.050659,-0.057007,0.934448,-0.549316,24.047852,36.560059
42210,-0.101807,-0.026489,0.937012,-1.159668,24.230957,37.353516
42220,-0.072998,-0.022949,0.911621,-1.220703,24.169922,38.391113
42232,-0.054199,-0.065063,0.976440,-1.342773,24.108887,39.916992
42242,-0.102417,-0.062134,0.978638,-1.403809,24.353027,41.076660
42251,-0.069336,-0.052002,0.990845,-1.770020,24.108887,42.175293
42261,-0.082764,-0.034912,0.972168,-1.647949,23.986816,43.090820
42270,-0.065796,-0.076172,0.948242,-1.647949,23.803711,44.128418
42280,-0.088745,-0.063965,0.938843,-1.770020,23.803711,44.921875
42289,-0.076904,-0.047241,0.937256,-2.014160,24.047852,46.142578
42302,-0.056396,-0.053345,0.989258,-1.770020,24.108887,48.583984
42311,-0.028320,-0.069214,0.996582,-1.831055,23.925781,49.499512
42321,-0.052246,-0.050903,1.024902,-1.647949,23.742676,49.987793
42330,-0.011841,-0.089844,1.022705,-1.464844,23.254395,50.476074
42340,-0.042603,-0.107178,1.017456,-1.159668,22.766113,50.903320
42350,-0.006226,-0.061401,1.032471,-1.220703,22.644043,51.208496
42360,-0.065552,-0.058350,0.982300,-1.037598,22.644043,52.001953
42372,-0.057739,-0.074585,0.985107,-0.488281,22.827148,54.138184
42382,-0.027344,-0.022339,1.005127,-0.732422,23.193359,55.358887
42391,-0.034912,-0.072754,1.003418,-0.976562,23.132324,56.335449
42400,-0.039063,-0.077393,0.970703,-1.098633,22.766113,57.250977
42410,-0.018066,-0.081421,1.006714,-0.854492,22.949219,58.105469
42419,-0.012451,-0.017700,1.032104,-0.915527,22.583008,58.776855
42430,-0.014648,-0.039063,1.035278,-0.610352,22.277832,59.570312
42439,-0.047363,-0.060059,1.028198,-0.366211,21.789551,60.424805
42451,-0.025269,-0.056519,0.981567,-0.427246,22.094727,61.828613
42461,0.000244,-0.032471,0.991211,-0.427246,22.216797,62.500000
42470,-0.033813,-0.033081,1.029419,-0.244141,21.606445,63.049316
42480,-0.009521,0.033691,1.041992,-0.549316,21.545410,63.171387
42489,-0.017456,-0.055176,1.025391,-0.427246,21.362305,63.537598
42500,-0.008179,-0.020020,0.999390,-0.183105,21.911621,64.086914
42510,0.002075,-0.086060,1.015381,0.244141,21.057129,64.514160
42521,0.008911,-0.072021,1.005371,0.366211,20.935059,64.453125
42531,0.014038,-0.054687,0.993408,0.244141,20.690918,64.636230
42540,0.033936,-0.072632,0.942993,0.488281,20.751953,65.063477
42550,0.030884,-0.074585,0.940308,0.366211,20.812988,65.185547
42560,0.048218,-0.029175,0.936401,0.122070,19.897461,65.185547
42570,0.020874,-0.049438,0.953857,0.305176,19.348145,65.307617
42582,-0.008545,-0.078247,0.954468,-0.488281,18.676758,65.002441
42592,0.010498,0.000610,0.970093,-0.549316,18.554687,64.880371
42602,0.018555,-0.007935,1.003540,-0.793457,18.310547,65.002441
42611,0.031494,0.046265,1.052612,-0.610352,18.981934,65.490723
42621,0.039795,-0.016968,1.041382,-0.244141,18.798828,66.040039
42630,0.040283,-0.016968,1.051025,0.122070,18.554687,66.772461
42640,0.052002,0.016724,1.076172,0.122070,19.226074,67.443848
42652,0.064819,0.058350,1.049316,0.732422,19.165039,69.763184
42662,0.045166,-0.036133,1.032593,1.403809,19.287109,70.678711
42671,0.014404,0.024048,1.032959,1.525879,18.737793,71.533203
42681,0.005859,-0.062256,1.008423,1.708984,18.798828,72.265625
42690,0.001465,-0.010498,1.032959,1.708984,19.287109,72.875977
42700,-0.004639,-0.038696,1.009888,1.586914,19.348145,73.181152
42710,0.062378,-0.041016,0.981079,1.647949,19.165039,73.730469
42722,0.197510,-0.012573,1.065918,2.563477,18.554687,74.707031
42732,0.055664,-0.026367,1.100098,3.234863,16.906738,74.768066
42741,0.093872,-0.062256,1.026367,4.455566,16.052246,74.523926
42750,0.080200,0.122070,0.938843,4.516602,15.686035,74.890137
42760,0.162109,0.084473,0.959961,4.577637,16.113281,74.890137
42770,0.133057,0.034546,1.077026,4.699707,16.601562,74.890137
42780,0.081421,-0.047241,1.096680,4.089355,16.540527,74.218750
42789,0.128906,0.056641,1.113647,3.723145,15.686035,72.753906
42801,0.169678,-0.024536,1.156738,6.347656,14.709473,69.335937
42810,0.108887,0.024536,1.131592,7.629395,13.793945,67.687988
42819,0.124146,-0.063477,1.106445,8.544922,12.451172,66.284180
42830,0.119751,-0.014648,1.045532,8.422852,11.901855,65.612793
42840,0.187012,0.052002,1.033569,8.178711,11.962891,65.307617
42850,0.237549,0.050049,1.034180,8.728027,12.817383,65.551758
42859,0.238525,-0.079712,1.038574,9.887695,13.061523,65.917969
42871,0.131226,-0.118042,0.991455,10.803223,11.108398,63.964844
42881,0.104126,-0.176025,0.974609,11.169434,10.192871,62.194824
42890,0.118530,-0.122559,0.954468,10.681152,8.666992,59.875488
42899,0.129272,-0.098389,0.901978,10.681152,7.385254,57.739258
42910,0.123291,-0.101563,0.891479,10.559082,6.591797,56.335449
42919,0.153809,-0.126343,0.904297,10.314941,6.347656,55.236816
42931,0.162231,-0.022461,0.892822,9.582520,6.103516,55.053711
42940,0.163452,0.028564,0.976074,9.155273,6.408691,55.297852
42951,0.200928,0.058716,1.039551,8.850098,6.469727,55.480957
42960,0.170288,0.134155,1.055054,8.911133,6.591797,55.664062
42970,0.148926,0.040527,1.155518,9.826660,6.530762,55.358887
42980,0.124878,0.113037,1.162720,10.620117,6.225586,54.565430
42990,0.131348,0.059326,1.164063,11.474609,6.286621,53.649902
43002,0.098633,0.034546,1.063965,13.122559,5.676270,52.551270
43011,0.140381,-0.044800,1.003296,13.916016,6.042480,52.307129
43021,0.117310,-0.073730,1.009399,14.221191,5.859375,52.368164
43030,0.136475,-0.099121,0.958984,14.038086,5.737305,51.818848
43040,0.136597,-0.042236,0.961426,13.488770,5.187988,51.025391
43050,0.164795,-0.050781,0.988647,12.878418,5.004883,50.048828
43060,0.193604,0.074463,0.985596,12.207031,4.821777,49.133301
43070,0.206055,0.024414,1.016968,11.901855,4.638672,48.339844
43081,0.223267,0.016846,1.032104,12.023926,4.089355,47.851562
43091,0.229858,0.065796,1.041504,12.207031,3.723145,47.485352
43100,0.215332,-0.003174,1.025635,12.817383,3.784180,46.997070
43109,0.198853,0.026978,0.992676,12.939453,3.479004,46.630859
43120,0.165649,0.007324,0.988770,13.061523,3.295898,46.630859
43130,0.165649,0.055176,0.978149,13.305664,3.540039,46.813965
43139,0.165039,-0.010254,0.970947,13.549805,3.540039,47.119141
43151,0.136353,-0.031006,0.953125,13.610840,3.479004,48.217773
43160,0.129272,-0.050293,0.943115,14.160156,3.479004,48.461914
43170,0.103271,-0.013672,0.934326,13.793945,2.868652,48.400879
43180,0.106445,-0.080322,0.898071,13.732910,2.502441,48.339844
43190,0.073975,-0.041260,0.911865,13.183594,3.112793,48.522949
43200,0.097900,-0.063965,0.907349,12.573242,3.051758,48.583984
43212,0.122192,0.015381,0.948608,11.413574,4.028320,49.987793
43222,0.111938,0.101074,0.978271,11.047363,5.004883,50.781250
43231,0.147705,0.069336,1.049194,11.169434,5.126953,51.757812
43240,0.125977,0.117676,1.054077,11.291504,5.371094,52.429199
43250,0.128418,0.042358,1.066162,11.352539,5.554199,53.100586
43260,0.146362,0.086304,1.096069,11.718750,5.676270,53.527832
43269,0.134399,0.082275,1.077637,11.901855,5.798340,54.443359
43282,0.099243,0.100098,1.059448,12.878418,6.958008,57.189941
43291,0.118652,0.083618,1.049561,13.366699,7.263184,58.349609
43301,0.087036,0.049683,1.064331,13.122559,7.568359,59.448242
43310,0.099609,0.040649,1.046997,13.122559,7.690430,59.753418
43320,0.090210,0.055542,1.024414,13.000488,7.568359,59.692383
43330,0.118774,0.055298,1.015747,12.817383,7.568359,60.058594
43340,0.126221,0.069946,1.026733,12.695313,8.056641,60.485840
43349,0.171997,0.063843,1.004517,12.817383,7.995605,60.668945
43361,0.173584,0.066040,1.028931,12.817383,8.056641,61.523437
43370,0.134277,0.071289,1.024902,12.756348,8.117676,61.828613
43379,0.148071,0.034790,1.044678,12.695313,8.300781,62.011719
43390,0.120117,0.074585,1.059937,12.634277,8.300781,61.828613
43400,0.114258,0.095093,1.077759,12.756348,8.117676,61.584473
43410,0.137573,0.114258,1.046387,13.122559,8.544922,61.401367
43421,0.114868,0.048218,1.011475,14.282227,8.117676,60.974121
43430,0.121094,0.011597,1.014893,14.526367,7.995605,60.668945
43441,0.094727,0.002563,0.994385,14.892578,7.873535,60.363770
43450,0.089233,-0.004028,0.998535,14.953613,7.751465,60.302734
43460,0.145996,0.010620,0.973877,15.075684,7.812500,59.997559
43470,0.131470,0.045532,1.005737,15.258789,7.751465,60.119629
43480,0.168091,0.056519,1.005981,15.747070,7.812500,60.302734
43489,0.167725,0.069946,1.001831,16.235352,8.239746,60.607910
43501,0.187378,0.045776,1.081543,16.784668,8.178711,60.729980
43510,0.170776,0.022461,1.045776,17.395020,8.117676,60.913086
43520,0.185547,0.005615,1.001099,17.822266,7.995605,60.913086
43530,0.173828,0.023560,1.014526,18.005371,8.056641,60.729980
43540,0.155151,0.026245,1.000610,18.798828,8.117676,60.424805
43550,0.099243,0.018677,1.024048,19.165039,7.629395,59.875488
43560,0.087158,-0.024048,0.989990,19.226074,6.347656,59.387207
43571,0.130615,0.015869,0.991333,18.981934,6.286621,59.082031
43580,0.167847,0.052368,1.000366,18.676758,6.347656,59.509277
43590,0.174194,0.034790,0.969971,18.127441,7.080078,60.302734
43600,0.147217,0.090332,0.948975,17.517090,7.385254,61.279297
43610,0.142700,0.112183,0.967896,17.211914,7.995605,62.194824
43619,0.118286,0.117310,1.005737,16.906738,8.117676,62.805176
43631,0.139038,0.097656,1.034180,16.357422,7.995605,63.110352
43640,0.125732,0.126709,1.043701,16.296387,7.873535,62.866211
43650,0.124878,0.134644,1.027344,16.296387,8.300781,62.988281
43660,0.176880,0.145630,1.013184,16.418457,8.422852,63.293457
43670,0.120850,0.120361,0.988403,17.028809,8.972168,63.598633
43679,0.134033,0.088989,0.964355,17.578125,9.094238,64.025879
43690,0.123657,0.036621,0.945312,17.883301,8.972168,64.086914
43702,0.147583,0.022583,0.971558,17.272949,8.239746,63.110352
43711,0.160522,0.051514,0.983643,17.028809,8.361816,62.683105
43721,0.213989,0.037354,0.987061,17.333984,8.300781,62.377930
43730,0.174561,0.063477,1.000854,17.761230,8.483887,62.255859
43740,0.206055,0.087280,1.017212,18.127441,8.117676,62.377930
43750,0.194946,0.041870,0.990967,19.104004,7.629395,62.438965
43760,0.212280,0.031616,1.017456,19.714355,7.507324,62.561035
43770,0.152222,-0.005493,1.020264,20.141602,7.263184,62.927246
43781,0.124878,-0.004272,1.001587,20.568848,7.324219,63.354492
43790,0.138184,0.047974,1.018066,20.751953,7.934570,63.659668
43799,0.104614,0.041870,1.013550,20.751953,7.812500,64.453125
43810,0.107300,0.072266,1.031616,20.629883,7.812500,65.368652
43820,0.073975,0.045288,1.074585,20.690918,8.056641,66.284180
43829,0.092896,0.091187,1.066040,20.751953,8.483887,67.138672
43841,0.094238,0.052979,1.048828,20.751953,9.155273,67.993164
43850,0.106812,0.075684,1.027954,20.568848,9.643555,68.969727
43860,0.064575,0.096558,1.072632,20.629883,10.131836,69.885254
43869,0.074829,0.060059,1.037354,20.751953,10.498047,70.434570
43880,0.076904,0.043457,1.033936,20.507812,10.620117,71.228027
43890,0.104736,0.051025,1.027222,20.019531,10.559082,71.594238
43900,0.135376,0.041870,1.017822,19.897461,11.108398,71.838379
43909,0.186523,0.115967,1.075073,19.958496,11.779785,72.326660
43921,0.197144,0.120972,1.071411,20.385742,11.657715,72.509766
43930,0.157959,0.025391,1.039063,21.789551,10.864258,72.265625
43940,0.158203,0.039917,1.034912,22.094727,10.009766,71.533203
43950,0.136230,0.077393,1.083740,22.033691,9.521484,70.495605
43960,0.168335,0.095825,1.056519,22.277832,9.338379,69.702148
43969,0.132568,0.076172,1.005005,22.827148,9.216309,69.274902
43981,0.163696,0.068604,1.001099,23.071289,9.033203,68.786621
43995,0.174316,0.062622,1.018677,23.254395,8.605957,68.908691
44004,0.120361,0.076904,0.983643,23.193359,8.483887,69.030762
44014,0.185791,0.084106,0.990356,23.071289,8.239746,69.274902
44023,0.139893,0.088257,0.986694,23.132324,8.117676,69.702148
44032,0.161499,0.090088,0.970947,22.827148,8.422852,70.129395
44040,0.131226,0.096802,1.006958,22.827148,8.422852,70.129395
44050,0.163330,0.104492,1.024536,22.827148,8.117676,70.617676
44061,0.182129,0.140625,1.053833,23.071289,8.300781,70.495605
44070,0.181152,0.110352,1.027832,23.437500,7.934570,70.190430
44079,0.197876,0.105957,1.010986,24.169922,8.178711,70.129395
44090,0.147583,0.094360,1.024780,24.780273,7.812500,69.824219
44099,0.165894,0.121460,1.013916,25.573730,7.141113,69.519043
44110,0.138672,0.028687,0.994263,26.123047,6.713867,69.030762
44122,0.126953,0.030762,0.996948,25.817871,5.798340,67.871094
44131,0.157349,0.074219,1.003418,25.390625,5.981445,67.565918
44140,0.154907,0.064209,0.974731,25.329590,5.981445,67.138672
44149,0.169800,0.088135,1.001831,25.390625,6.042480,66.894531
44160,0.135986,0.058350,0.982422,25.451660,5.493164,66.711426
44170,0.144043,0.082153,1.063965,25.512695,5.249023,66.528320
44179,0.112305,0.011841,0.972778,25.451660,5.065918,65.979004
44191,0.141235,0.122437,1.043091,25.268555,5.126953,64.758301
44200,0.106812,0.087402,1.014526,24.963379,5.004883,64.208984
44210,0.108276,0.031006,0.987915,24.658203,4.699707,63.476562
44220,0.150879,0.079102,1.017822,24.291992,5.126953,62.866211
44229,0.138306,0.068970,1.023071,24.169922,4.882812,62.011719
44240,0.182495,0.096558,1.008179,23.803711,4.211426,60.913086
44250,0.186157,0.114868,0.998657,23.437500,3.967285,59.875488
44262,0.213257,0.139648,1.012451,23.010254,3.723145,58.105469
44271,0.205566,0.138550,1.017090,23.010254,3.417969,57.373047
44281,0.197388,0.132568,1.030884,22.888184,2.685547,56.213379
44290,0.183716,0.147949,1.009155,22.644043,2.502441,55.603027
44300,0.215820,0.130127,1.007813,22.705078,2.502441,54.870605
44310,0.187622,0.141968,1.006348,22.949219,2.075195,54.016113
44320,0.197632,0.137939,0.984009,22.888184,1.892090,53.710937
44329,0.183105,0.110840,1.004517,22.766113,1.647949,53.527832
44341,0.145508,0.096558,0.952515,22.644043,2.136230,53.955078
44350,0.154175,0.124512,0.989624,21.972656,2.441406,54.138184
44360,0.145142,0.080688,0.993530,22.155762,2.746582,54.626465
44370,0.158325,0.091553,0.961548,22.033691,3.173828,54.748535
44380,0.128296,0.099243,0.984253,21.423340,2.624512,54.443359
44389,0.145630,0.172241,1.038940,21.301270,2.868652,54.748535
44401,0.128540,0.144409,0.999390,21.606445,3.295898,56.091309
44410,0.121460,0.109497,1.024292,21.850586,4.333496,57.128906
44420,0.132812,0.135498,0.996216,21.789551,4.577637,58.166504
44430,0.116455,0.058594,1.009521,21.789551,4.577637,59.265137
44440,0.118774,0.079712,1.038940,21.911621,5.004883,60.119629
44450,0.110962,0.097778,1.037598,21.789551,5.371094,61.035156
44460,0.103149,0.120972,1.061646,22.094727,6.225586,61.767578
44469,0.111450,0.101807,1.049438,22.216797,6.530762,62.500000
44481,0.159546,0.118286,1.088257,22.521973,7.202148,63.720703
44490,0.139893,0.040039,1.005493,23.010254,7.324219,63.964844
44499,0.151611,0.045776,0.988037,23.315430,7.751465,64.208984
44510,0.114990,0.035034,1.027710,23.376465,7.507324,64.270020
44520,0.118408,0.094238,1.049316,23.193359,6.896973,63.903809
44529,0.091309,0.037476,1.052612,23.498535,6.774902,63.354492
44541,0.113770,0.069336,1.029297,23.681641,7.019043,62.622070
44550,0.122803,0.111328,1.043701,23.925781,7.019043,62.316895
44560,0.162720,0.042725,1.019043,24.475098,7.202148,62.316895
44570,0.158447,0.086182,1.022461,24.780273,7.385254,62.011719
44580,0.192627,0.029297,1.001709,25.024414,7.080078,61.889648
44589,0.198486,0.002441,0.982422,25.390625,5.859375,61.340332
44600,0.172729,-0.010620,0.944214,25.207520,5.187988,60.607910
44612,0.144653,-0.006592,0.942017,24.719238,4.699707,58.166504
44621,0.156860,0.004272,0.948853,24.291992,4.760742,57.250977
44631,0.155640,0.025024,0.983765,23.986816,4.516602,56.152344
44640,0.142090,0.066406,0.978760,23.498535,4.272461,55.664062
44649,0.194458,0.092163,0.995361,23.010254,4.211426,54.870605
44660,0.226807,0.074341,1.014648,23.132324,3.784180,54.260254
44670,0.248169,0.104614,0.980103,23.071289,3.295898,53.649902
44680,0.210083,0.096191,1.020508,23.193359,2.502441,51.818848
44691,0.182861,0.100586,0.997803,22.766113,2.014160,51.025391
44700,0.208496,0.067993,1.017822,22.460937,2.319336,50.415039
44710,0.182739,0.112549,1.006958,21.911621,2.380371,49.926758
44720,0.192139,0.158081,1.092163,21.667480,2.502441,49.682617
44730,0.233643,0.137573,1.046021,21.850586,3.173828,49.682617
44739,0.239868,0.095703,1.053711,22.033691,2.746582,49.438477
44751,0.259644,0.122314,1.036865,22.583008,2.136230,48.950195
44760,0.218994,0.052246,0.995972,22.827148,1.525879,48.583984
44770,0.248779,-0.023682,0.987427,23.132324,1.159668,48.461914
44780,0.165527,0.032959,0.986572,22.888184,0.610352,48.645020
44790,0.220581,0.009033,0.957031,22.644043,0.610352,48.706055
44800,0.227905,0.031616,0.942139,22.216797,0.732422,49.133301
44809,0.254272,-0.012939,0.966675,22.155762,0.854492,49.621582
44822,0.284180,-0.033691,0.961670,21.789551,0.549316,49.987793
44831,0.241943,0.017578,0.957764,21.789551,0.610352,50.109863
44840,0.236450,0.005615,1.001221,21.789551,0.061035,49.865723
44850,0.211792,0.035767,1.004395,21.789551,-0.305176,49.438477
44860,0.202271,-0.012451,1.006836,21.911621,-0.671387,49.133301
44870,0.173828,-0.022339,0.990356,22.155762,-0.427246,48.645020
44880,0.170532,-0.000244,1.037476,22.033691,-0.488281,48.400879
44889,0.171997,0.001587,1.013672,22.094727,-0.793457,47.790527
44901,0.138306,-0.035278,1.002197,22.277832,-0.793457,47.607422
44910,0.170166,-0.040161,0.992310,22.277832,-0.854492,47.363281
44920,0.196777,-0.063477,0.959717,22.338867,-0.976562,46.813965
44929,0.220215,-0.046997,1.015503,22.033691,-1.220703,46.264648
44940,0.185547,-0.000610,1.020508,21.667480,-1.159668,45.532227
44950,0.222046,0.006226,1.031128,21.606445,-1.403809,44.555664
44959,0.185425,-0.010742,0.999146,21.423340,-1.586914,43.640137
44971,0.195801,-0.008423,0.993774,21.240234,-1.953125,41.564941
44980,0.204590,-0.021362,0.971558,20.874023,-2.502441,40.832520
44990,0.187866,0.002808,0.928711,20.629883,-2.685547,40.405273
44999,0.190308,0.052246,0.997681,19.897461,-3.051758,40.100098
45010,0.221558,0.065552,1.007568,19.226074,-3.662109,39.916992
45019,0.205811,0.015625,0.915283,18.981934,-3.417969,40.283203
45031,0.233521,-0.001465,0.960693,18.005371,-2.868652,40.954590
45041,0.218994,0.018921,0.947754,17.578125,-2.807617,40.710449
45050,0.195068,0.023926,0.933594,17.211914,-2.929688,40.283203
45059,0.181030,0.020020,0.996338,16.601562,-3.112793,39.794922
45070,0.187256,0.100952,1.005493,16.113281,-3.417969,39.306641
45080,0.188477,0.015015,1.020630,15.930176,-3.845215,38.513184
45089,0.201660,0.047852,1.028687,15.625000,-4.028320,37.780762
45102,0.183594,0.092285,0.992920,15.075684,-3.417969,37.963867
45111,0.217651,0.089478,1.006958,15.319824,-3.295898,38.452148
45121,0.218140,0.074097,0.993652,15.380859,-2.929688,39.367676
45130,0.215698,0.052002,0.984009,15.747070,-2.685547,40.832520
45139,0.186523,0.011230,0.991699,15.747070,-2.868652,41.931152
45150,0.193115,0.023560,0.995972,15.808105,-2.807617,42.785645
45159,0.161499,0.028564,1.026733,15.686035,-1.953125,43.945312
45171,0.155762,0.003784,1.035889,15.747070,-1.770020,45.410156
45180,0.134277,0.011475,1.011230,16.113281,-1.770020,46.020508
45190,0.124634,0.038940,1.058472,16.357422,-1.770020,46.630859
45200,0.080444,0.009521,1.024780,16.601562,-1.953125,47.058105
45210,0.105835,0.028076,0.981689,16.357422,-1.464844,47.607422
45219,0.107300,0.023071,0.982422,16.235352,-0.976562,48.095703
45230,0.153564,0.050781,0.971069,16.052246,-0.915527,48.767090
45239,0.171143,0.041260,0.967896,16.113281,-0.305176,49.621582
45251,0.179443,0.027710,1.018311,16.479492,-0.061035,51.025391
45260,0.176514,0.014282,1.006958,16.662598,-0.244141,51.147461
45270,0.210449,0.016602,0.977539,16.723633,-0.976562,51.147461
45280,0.166870,0.008179,1.002808,16.845703,-1.708984,50.659180
45290,0.178101,0.080444,1.006836,17.211914,-1.464844,50.476074
45300,0.162842,0.056763,1.005493,17.272949,-1.770020,50.415039
45309,0.143677,0.073120,1.001221,17.028809,-1.770020,50.537109
45321,0.134888,0.037354,1.017944,17.150879,-1.586914,50.415039
45330,0.150024,-0.022827,0.997681,17.211914,-1.342773,50.292969
45340,0.143066,0.018921,0.966431,16.906738,-1.281738,49.743652
45350,0.179199,-0.028687,0.963257,17.028809,-1.708984,49.133301
45360,0.142090,0.002441,0.975342,17.150879,-2.258301,48.706055
45370,0.126953,-0.072754,0.948364,17.150879,-2.685547,48.156738
45379,0.130859,-0.079468,0.894531,17.150879,-2.868652,47.546387
45391,0.125244,-0.069702,0.866821,15.747070,-2.746582,47.729492
45401,0.150879,-0.026733,0.960205,15.136719,-2.685547,47.973633
45411,0.175659,-0.002563,0.936157,15.014648,-2.502441,48.461914
45420,0.189331,-0.021362,0.983032,14.709473,-2.563477,48.889160
45430,0.141235,0.077026,1.057129,14.221191,-3.112793,49.133301
45440,0.202271,0.106445,1.146118,14.038086,-3.234863,49.438477
45450,0.212158,0.101440,1.137817,14.282227,-3.295898,49.865723
45461,0.270996,0.161133,1.119019,15.563965,-4.028320,50.231934
45471,0.264282,0.149170,1.096191,16.601562,-4.028320,50.415039
45480,0.251221,0.097900,1.069092,17.272949,-4.821777,50.659180
45490,0.237671,0.016235,0.990356,17.883301,-4.638672,50.659180
45500,0.199585,-0.010010,0.971680,18.005371,-5.065918,50.720215
45510,0.171387,-0.037720,0.993164,17.761230,-5.432129,50.598145
45520,0.126709,-0.059082,0.952881,17.639160,-4.821777,49.499512
45531,0.109253,-0.078857,1.085205,17.639160,-5.126953,48.522949
45541,0.112061,-0.103516,1.024658,17.883301,-5.615234,47.790527
45550,0.140991,-0.114258,0.998657,18.005371,-5.615234,47.058105
45560,0.160522,-0.099976,1.035767,18.554687,-5.981445,46.630859
45570,0.195435,-0.132690,1.021606,19.104004,-6.469727,46.264648
45580,0.190308,-0.100464,0.975708,19.104004,-7.446289,45.410156
45592,0.249512,-0.162109,0.993896,19.226074,-8.239746,43.457031
45601,0.251953,-0.140869,0.978027,18.920898,-8.911133,41.992187
45611,0.264648,-0.102051,0.962646,18.859863,-9.277344,40.954590
45621,0.242187,-0.102539,0.999756,19.104004,-10.253906,39.855957
45630,0.218872,-0.098389,0.999390,19.226074,-11.169434,38.513184
45640,0.141724,-0.089478,1.003784,19.104004,-11.901855,37.048340
45650,0.170288,-0.084106,1.046875,19.226074,-11.962891,35.949707
45660,0.175049,-0.069824,1.044434,18.859863,-12.329102,33.691406
45670,0.197632,-0.075317,1.046387,18.798828,-12.451172,33.020020
45680,0.195557,-0.109009,0.988770,18.981934,-12.817383,32.531738
45690,0.207397,-0.057739,0.962402,18.676758,-13.488770,31.860352
45700,0.249390,-0.034424,1.012451,18.371582,-13.671875,31.311035
45710,0.289307,-0.078003,0.984985,18.188477,-13.916016,30.822754
45720,0.281006,-0.085205,0.965820,17.883301,-14.404297,30.395508
45730,0.262573,-0.022705,0.975220,17.395020,-30.578613,29.296875
45741,0.231812,-0.197876,0.924194,16.540527,-16.845703,28.442383
45751,0.223145,-0.054810,0.956177,15.808105,-17.211914,27.221680
45760,0.230591,-0.000488,1.029419,15.136719,-17.456055,25.634766
45770,0.236084,-0.089233,1.003540,14.709473,-17.456055,24.108887
45780,0.172729,-0.151001,0.942505,14.282227,-17.578125,22.338867
45790,0.184692,-0.108276,0.971313,13.549805,-18.493652,20.324707
45799,0.153442,-0.148926,0.933350,13.000488,-19.104004,15.197754
45811,0.166016,-0.185181,0.874146,12.023926,-20.324707,12.817383
45821,0.145752,-0.197876,0.876831,11.474609,-20.629883,10.437012
45830,0.149292,-0.215332,0.864502,10.681152,-20.812988,8.422852
45840,0.147949,-0.246826,0.846680,9.765625,-20.690918,7.080078
45850,0.125000,-0.185791,0.865356,8.728027,-19.958496,6.469727
45860,0.106934,-0.062378,0.904419,7.873535,-19.470215,5.920410
45870,0.137085,-0.121704,0.906616,7.324219,-18.798828,6.042480
45881,0.116211,-0.112549,0.969116,7.019043,-18.249512,6.164551
45891,0.096558,-0.101807,0.988159,6.530762,-17.944336,6.042480
45901,0.096802,-0.034302,1.067993,6.408691,-17.456055,5.981445
45910,0.090332,-0.021606,1.075562,6.713867,-17.089844,6.164551
45920,0.095459,-0.156372,0.981934,7.629395,-16.296387,6.042480
45930,0.070679,-0.159180,0.951416,7.568359,-16.235352,5.798340
45940,0.086304,-0.064941,0.974731,7.202148,-15.258789,7.141113
45951,0.036011,-0.058594,0.999878,6.958008,-14.770508,8.666992
45961,0.041992,-0.060425,1.011108,6.835937,-13.671875,10.620117
45970,0.041016,-0.097412,0.972534,6.530762,-13.122559,12.695313
45980,0.019653,-0.067505,0.934814,5.859375,-12.329102,14.831543
45990,0.032959,-0.005493,1.010864,5.371094,-11.901855,16.845703
46000,0.044434,0.006104,1.039917,4.943848,-11.169434,18.371582
46012,0.035889,-0.056885,0.975342,4.089355,-9.887695,20.202637
46022,0.033569,0.022705,1.040771,3.845215,-9.643555,21.118164
46031,0.052856,0.021118,1.039673,3.479004,-9.216309,22.094727
46041,0.068970,0.000854,1.000366,3.295898,-8.911133,23.010254
46050,0.039551,-0.020264,1.019165,2.807617,-8.911133,23.986816
46060,0.050415,-0.012939,1.023438,2.624512,-8.850098,24.597168
46070,0.077026,-0.028809,0.977295,2.441406,-8.666992,25.207520
46080,0.073730,-0.032837,0.978394,2.258301,-8.422852,25.024414
46091,0.093384,-0.008057,1.055542,1.953125,-8.483887,24.414062
46101,0.077881,-0.088867,1.055054,2.075195,-8.850098,23.132324
46110,0.051270,-0.122925,1.000610,1.953125,-9.643555,21.484375
46121,0.068237,-0.082642,1.000977,1.586914,-9.887695,20.080566
46130,0.092896,-0.037598,1.034180,1.831055,-9.765625,18.859863
46142,0.129150,-0.091675,1.012695,2.075195,-9.887695,16.174316
46151,0.138916,-0.093628,0.998169,2.258301,-10.437012,14.587402
46161,0.234009,-0.091553,0.987549,2.624512,-11.352539,12.878418
46170,0.292725,-0.115112,0.948364,3.356934,-12.329102,11.047363
46181,0.275635,-0.174927,0.957397,3.845215,-13.122559,9.521484
46190,0.232178,-0.173584,0.958618,4.150391,-13.854980,7.751465
46201,0.229370,-0.167603,1.005005,4.455566,-14.526367,5.432129
46210,0.198730,-0.213379,0.995483,4.882812,-14.831543,3.173828
46222,0.114624,-0.143555,1.001953,5.004883,-16.113281,-2.197266
46231,0.121582,-0.215210,0.945435,5.310059,-16.113281,-4.821777
46241,0.090332,-0.206421,0.924927,5.004883,-16.540527,-6.958008
46250,0.114502,-0.126343,0.972290,4.577637,-17.028809,-8.789063
46261,0.136597,-0.178955,0.974365,4.272461,-17.211914,-10.986328
46270,0.136719,-0.204224,0.978760,4.333496,-17.028809,-12.939453
46282,0.154297,-0.150635,1.031250,4.150391,-16.784668,-16.113281
46291,0.172485,-0.083008,0.984741,4.150391,-16.540527,-17.150879
46301,0.206177,-0.081299,0.959595,4.333496,-16.357422,-18.371582
46310,0.217285,-0.080322,0.962158,4.333496,-15.991211,-19.226074
46321,0.244141,-0.120361,0.968384,4.089355,-16.479492,-20.141602
46330,0.243408,-0.155640,0.930298,4.089355,-16.845703,-21.179199
46341,0.278931,-0.132080,0.940430,3.662109,-16.967773,-21.972656
46350,0.265625,-0.087036,0.973145,3.540039,-16.906738,-22.766113
46362,0.212402,-0.095459,0.995728,2.807617,-18.310547,-24.841309
46371,0.188232,-0.053467,1.014160,2.136230,-18.188477,-25.268555
46381,0.185425,-0.102783,1.004272,1.586914,-18.127441,-26.000977
46390,0.162109,-0.139282,0.966309,1.159668,-18.005371,-26.489258
46401,0.120728,-0.193726,0.930908,1.220703,-17.333984,-25.695801
46410,0.052612,-0.197144,0.930054,0.671387,-16.296387,-24.291992
46422,0.020264,-0.109619,0.910522,-0.549316,-13.549805,-19.409180
46431,-0.010864,-0.115967,0.911011,-1.098633,-12.512207,-16.784668
46441,-0.057007,-0.159546,0.922241,-1.464844,-11.413574,-14.099121
46451,-0.087524,-0.132690,0.977905,-1.525879,-10.314941,-12.451172
46461,-0.123779,-0.129639,1.058716,-1.525879,-9.216309,-11.230469
46470,-0.130737,-0.184570,1.020752,-1.159668,-8.239746,-10.437012
46480,-0.106689,-0.191895,0.998779,-0.732422,-7.141113,-10.253906
46492,-0.056396,-0.213135,1.005127,-0.244141,-6.225586,-10.559082
46502,0.027710,-0.252930,0.966675,-0.183105,-6.042480,-10.742188
46512,0.071655,-0.238403,0.994263,-0.305176,-6.164551,-10.681152
46521,0.089600,-0.173584,1.000610,-0.244141,-5.737305,-10.375977
46531,0.135254,-0.138916,1.084351,0.000000,-5.249023,-9.460449
46541,0.134888,-0.164673,1.001953,0.549316,-4.821777,-8.300781
46550,0.135254,-0.208740,0.937256,0.549316,-4.455566,-7.141113
46562,0.108887,-0.166260,1.072510,0.427246,-4.638672,-5.493164
46571,0.059448,-0.102295,1.106812,1.220703,-4.150391,-4.272461
46581,0.041260,-0.194580,1.046631,1.892090,-3.601074,-3.356934
46591,-0.001709,-0.187622,0.996948,2.258301,-3.295898,-2.380371
46600,0.017822,-0.189575,0.956177,2.441406,-3.540039,-1.647949
46611,0.021851,-0.199463,0.907227,2.075195,-3.540039,-0.427246
46620,0.033813,-0.196289,0.872559,1.586914,-3.112793,0.610352
46632,0.019165,-0.196899,0.887939,0.610352,-2.380371,2.563477
46641,-0.050171,-0.283936,0.891602,0.061035,-2.197266,2.685547
46651,0.017944,-0.235718,0.940186,-0.549316,-2.075195,2.258301
46661,0.020508,-0.214233,0.961548,-1.159668,-1.708984,1.647949
46670,0.028442,-0.193726,0.948120,-1.403809,-1.892090,0.976562
46681,0.095459,-0.202637,0.981567,-1.647949,-2.624512,0.122070
46690,0.073364,-0.203491,1.003906,-1.892090,-2.990723,-0.610352
46702,0.111328,-0.152710,1.037720,-1.770020,-3.723145,-1.831055
46711,0.138062,-0.214233,0.908081,-2.075195,-3.601074,-2.258301
46721,0.160522,-0.219604,0.903687,-2.502441,-4.150391,-2.563477
46731,0.171387,-0.241577,0.842651,-2.807617,-4.333496,-2.990723
46741,0.154541,-0.205688,0.861206,-3.295898,-5.126953,-3.173828
46750,0.189209,-0.139526,0.915771,-3.967285,-5.920410,-3.845215
46760,0.189697,-0.119385,0.950073,-4.394531,-6.286621,-4.638672
46772,0.168823,-0.078003,1.054810,-4.394531,-6.835937,-6.408691
46781,0.140137,-0.005005,1.110474,-4.089355,-7.263184,-7.385254
46791,0.122070,-0.073242,1.097656,-3.051758,-7.202148,-8.544922
46801,0.122314,-0.088867,1.100586,-2.441406,-8.239746,-10.375977
46810,0.137573,-0.082275,1.033691,-1.953125,-8.850098,-12.145996
46820,0.124390,-0.107178,1.010132,-1.708984,-9.277344,-13.183594
46831,0.104614,-0.095459,0.941772,-1.281738,-9.521484,-13.793945
46841,0.121338,-0.084106,1.013428,-0.671387,-9.094238,-13.671875
46850,0.114258,-0.098511,0.979980,-0.610352,-8.422852,-12.145996
46861,0.097290,-0.088257,1.005615,-0.488281,-8.056641,-11.535645
46870,0.031006,-0.085327,1.045410,-0.427246,-8.239746,-11.596680
46881,0.019653,-0.098022,0.969604,-0.305176,-7.995605,-11.718750
46890,0.035278,-0.184204,0.978394,-0.061035,-7.995605,-11.474609
46900,-0.012085,-0.154297,0.937378,-0.183105,-8.117676,-11.352539
46912,0.012451,-0.100586,1.008179,-0.122070,-6.835937,-9.460449
46921,-0.023193,-0.148804,0.940186,0.000000,-6.164551,-8.422852
46931,-0.027100,-0.204468,0.953247,-0.366211,-5.798340,-7.507324
46941,-0.046875,-0.127563,0.988037,-1.037598,-5.126953,-6.530762
46950,-0.027100,-0.129883,1.003052,-1.586914,-3.967285,-5.737305
46960,-0.010986,-0.228882,1.003540,-1.953125,-3.845215,-5.126953
46971,-0.003174,-0.054199,1.050171,-2.319336,-3.295898,-4.943848
46981,-0.011230,-0.045410,1.076660,-2.807617,-3.295898,-4.455566
46990,0.012939,-0.090454,1.116577,-3.356934,-3.967285,-4.028320
47001,-0.028931,-0.085449,1.144409,-3.417969,-3.662109,-2.990723
47010,-0.032227,0.043335,1.018555,-3.540039,-2.990723,-2.197266
47020,-0.008667,-0.089355,1.057129,-3.112793,-2.197266,-0.854492
47030,-0.022461,-0.068970,0.948853,-2.929688,-1.708984,0.610352
47040,-0.000366,-0.087646,1.062134,-2.624512,-1.525879,1.831055
47050,-0.026367,-0.065308,0.957275,-2.380371,-1.464844,3.295898
47062,-0.103394,-0.113281,0.891724,-2.136230,-0.671387,6.164551
47072,-0.143433,-0.152222,0.830688,-1.831055,0.427246,7.995605
47081,-0.132202,-0.168213,0.947876,-2.197266,1.037598,9.521484
47091,-0.120361,-0.086304,0.921997,-2.197266,1.586914,10.437012
47101,-0.133423,-0.167847,0.906982,-2.136230,1.953125,11.352539
47110,-0.126709,-0.133179,0.908569,-2.319336,1.403809,11.901855
47122,-0.121338,-0.129517,0.892090,-1.342773,1.831055,13.061523
47131,-0.054565,-0.129272,1.000366,-0.854492,2.075195,13.610840
47141,-0.061646,-0.128296,1.001709,-0.183105,2.258301,14.282227
47151,-0.042358,-0.229126,1.010132,0.549316,2.380371,14.648438
47160,-0.055298,-0.232056,0.935547,1.220703,2.441406,14.465332
47171,-0.061890,-0.230347,0.977417,1.220703,1.892090,14.343262
47180,-0.019653,-0.252563,1.030762,1.159668,2.014160,13.793945
47192,-0.002686,-0.153809,0.973755,1.098633,0.793457,11.962891
47201,0.009277,-0.224609,0.961304,0.915527,0.732422,10.803223
47211,0.015747,-0.233521,0.928833,0.549316,0.549316,9.582520
47221,0.083984,-0.204224,0.982300,-0.183105,0.000000,8.422852
47230,0.104858,-0.139038,0.999023,-0.976562,-0.732422,7.446289
47240,0.146851,-0.156128,0.990234,-1.342773,-1.708984,6.408691
47251,0.155884,-0.208374,1.002441,-1.708984,-2.136230,5.371094
47260,0.181641,-0.138062,1.080200,-2.441406,-2.990723,4.638672
47272,0.142822,-0.177979,1.036011,-2.685547,-4.150391,2.563477
47281,0.119263,-0.157837,1.012329,-2.929688,-4.699707,1.586914
47291,0.043945,-0.154419,1.044800,-3.295898,-5.249023,0.610352
47300,0.037231,-0.160645,1.010376,-3.723145,-5.615234,-0.610352
47311,0.022217,-0.169922,0.976685,-3.601074,-5.737305,-1.831055
47320,-0.009644,-0.180908,1.035889,-3.784180,-6.225586,-3.173828
47330,-0.050903,-0.161377,0.944824,-3.540039,-6.103516,-4.516602
47342,-0.086548,-0.230835,0.949707,-3.540039,-6.042480,-6.530762
47352,-0.109009,-0.166382,0.914307,-3.417969,-5.493164,-6.958008
47362,-0.120361,-0.200928,0.925171,-3.295898,-5.065918,-6.835937
47371,-0.122559,-0.132202,0.994019,-3.295898,-4.516602,-6.713867
47381,-0.110229,-0.176025,0.996704,-2.929688,-3.356934,-6.286621
47391,-0.111450,-0.140991,0.992310,-2.685547,-2.563477,-5.493164
47400,-0.118042,-0.077271,1.018066,-2.441406,-2.258301,-4.699707
47410,-0.117432,-0.155273,1.004517,-2.014160,-0.793457,-1.403809
47421,-0.116455,-0.064941,1.045532,-1.220703,0.183105,0.427246
47430,-0.084106,-0.124268,1.030640,-0.610352,1.159668,2.136230
47440,-0.140259,-0.076050,1.010986,-0.244141,1.586914,3.540039
47451,-0.126343,-0.070435,1.032593,-0.061035,2.807617,5.493164
47461,-0.123901,-0.086792,1.052979,0.122070,4.028320,6.896973
47470,-0.148682,-0.046753,0.993164,0.732422,4.333496,7.873535
47482,-0.160522,-0.106079,0.996460,0.854492,4.211426,8.972168
47491,-0.128540,-0.087280,0.989380,0.366211,5.371094,9.582520
47500,-0.116089,-0.034302,1.020264,-0.183105,5.371094,9.277344
47511,-0.099243,0.002808,1.027710,-0.244141,5.310059,9.033203
47520,-0.088989,-0.051025,1.028809,-0.061035,4.760742,8.666992
47531,-0.006470,-0.033569,1.050537,0.000000,5.004883,8.178711
47540,-0.000854,-0.005737,1.038574,0.000000,4.699707,7.873535
47552,0.043579,-0.059326,0.941284,0.244141,4.028320,7.995605
47561,0.035522,-0.021484,0.968384,0.244141,4.638672,8.544922
47570,0.054565,-0.098999,0.913818,-0.183105,4.394531,9.460449
47581,0.098755,-0.123169,0.956299,-0.915527,4.577637,10.253906
47590,0.066528,-0.065063,1.017944,-1.281738,4.394531,10.742188
47601,0.066284,-0.147827,0.984497,-1.159668,3.173828,10.620117
47610,0.006348,-0.266479,0.936401,-1.098633,2.502441,10.192871
47622,0.043945,-0.219360,0.948853,-0.793457,1.831055,9.033203
47631,0.028931,-0.340820,0.908569,-0.427246,1.220703,8.850098
47640,-0.013916,-0.237793,0.906128,-0.610352,0.488281,8.483887
47651,-0.042725,-0.180908,0.962036,-0.488281,0.671387,7.873535
47660,-0.085693,-0.269043,0.940308,-0.061035,0.915527,7.141113
47671,-0.027222,-0.163330,0.975342,-0.061035,1.220703,5.676270
47680,-0.057617,-0.230225,0.967041,0.366211,1.342773,4.272461
47692,-0.013184,-0.209229,0.856201,-15.502930,0.854492,1.464844
47701,0.004517,-0.140015,0.853149,-0.671387,0.671387,0.488281
47710,0.048218,-0.192505,0.900879,-1.464844,-0.122070,-1.159668
47720,0.071411,-0.067871,0.987427,-1.953125,-0.854492,-2.929688
47730,0.130249,-0.130737,1.025024,-1.464844,-0.671387,-4.455566
47740,0.191162,-0.133057,1.022827,-1.464844,-1.098633,-5.859375
47752,0.218628,-0.138428,1.055420,-1.953125,-1.953125,-7.690430
47761,0.164917,-0.073975,0.958984,-2.319336,-3.234863,-8.544922
47771,0.153931,-0.107544,0.951660,-2.868652,-3.479004,-9.033203
47780,0.119263,-0.136719,0.910278,-3.295898,-3.356934,-8.850098
47790,0.111084,-0.162109,0.970093,-4.028320,-3.540039,-9.155273
47800,0.059204,-0.066528,1.011841,-5.249023,-4.333496,-9.460449
47810,0.018433,-0.047241,0.978882,-5.981445,-3.845215,-9.582520
47822,0.042847,-0.081787,1.076782,-5.676270,-3.234863,-9.033203
47831,0.011475,-0.099731,1.070313,-5.920410,-3.356934,-8.728027
47841,-0.012085,-0.051514,1.145508,-5.737305,-2.807617,-8.483887
47851,-0.009644,-0.093994,1.016357,-5.065918,-2.502441,-7.507324
47861,0.002808,-0.190796,0.957397,-4.699707,-1.464844,-6.286621
47870,-0.017334,-0.165283,1.040527,-5.004883,-1.159668,-4.943848
47880,-0.060547,-0.160522,0.963013,-5.004883,-0.976562,-3.662109
47892,-0.074463,-0.187622,0.946289,-5.432129,0.000000,-2.014160
47902,-0.053345,-0.200439,0.894897,-6.042480,0.488281,-1.281738
47911,-0.079224,-0.135620,0.958984,-6.103516,1.098633,-0.610352
47921,-0.082275,-0.095581,0.990479,-5.798340,1.098633,-0.183105
47931,-0.127808,-0.173584,0.953369,-5.737305,1.281738,0.000000
47940,-0.115967,-0.119385,0.994507,-5.310059,2.014160,0.427246
47950,-0.072266,-0.164185,0.984375,-5.004883,2.197266,1.220703
47962,-0.084106,-0.197876,0.984863,-4.516602,3.601074,2.807617
47971,-0.082031,-0.165649,0.922119,-4.272461,3.967285,3.601074
47981,0.013550,-0.142334,0.958740,-3.906250,4.150391,4.211426
47990,0.027100,-0.190430,0.960571,-3.295898,4.211426,4.882812
48001,0.040039,-0.238525,0.990723,-3.051758,4.028320,5.615234
48010,0.032959,-0.146240,1.011108,-2.990723,4.089355,6.225586
48021,0.056396,-0.207886,1.026489,-2.868652,4.089355,6.896973
48030,0.047485,-0.145142,1.049316,-2.441406,4.272461,7.629395
48042,-0.003418,-0.075317,1.064331,-2.075195,3.356934,8.361816
48051,0.014404,-0.207764,0.968262,-1.770020,3.112793,8.850098
48061,0.045410,-0.078735,0.991943,-1.708984,2.929688,9.826660
48070,0.024414,-0.084961,0.960571,-1.708984,2.624512,11.047363
48081,0.031738,-0.130127,0.918701,-1.647949,2.197266,12.084961
48090,0.028564,-0.121216,0.949463,-1.403809,1.708984,12.878418
48102,0.010498,-0.200073,0.928589,-1.281738,2.197266,14.282227
48111,0.012573,-0.195923,0.892334,-1.647949,2.075195,13.977051
48121,0.022339,-0.144043,0.925781,-2.014160,0.976562,13.244629
48130,0.003906,-0.106689,0.963989,-2.197266,0.366211,12.145996
48141,0.055054,-0.091675,1.024170,-2.197266,-0.122070,10.864258
48150,0.060303,-0.057007,1.020264,-1.953125,-0.854492,9.704590
48161,0.080933,-0.115112,0.964722,-1.708984,-1.525879,8.178711
48170,0.058228,-0.051270,1.019775,-1.342773,-2.502441,6.347656
48180,0.125854,-0.078613,1.076538,-0.610352,-3.540039,3.417969
48191,0.090210,-0.179565,1.020020,0.122070,-4.150391,2.014160
48200,0.006714,-0.103149,1.015503,0.427246,-4.394531,0.427246
48211,0.039673,-0.122070,0.968994,0.183105,-4.821777,-0.732422
48220,0.027588,-0.034790,1.039185,0.000000,-4.333496,-0.915527
48231,0.023071,-0.160034,0.938843,0.305176,-3.967285,-1.159668
48240,-0.032471,-0.098267,0.962891,0.183105,-3.906250,-1.647949
48252,0.010132,-0.118896,1.015381,-0.244141,-3.967285,-3.112793
48262,0.023926,-0.094604,0.990356,-0.366211,-4.272461,-4.150391
48271,0.057373,-0.149658,0.941650,-0.427246,-4.638672,-5.126953
48281,0.073730,-0.079346,0.962769,-0.549316,-4.882812,-5.920410
48290,0.106567,-0.166016,0.954102,-0.976562,-5.065918,-6.347656
48301,0.136597,-0.176025,1.070679,-1.098633,-5.126953,-6.652832
48311,0.104736,-0.160645,0.974487,-1.342773,-5.187988,-6.835937
48320,0.147217,-0.122559,0.983643,-2.258301,-5.249023,-7.080078
48331,0.102905,-0.199707,0.942017,-2.258301,-5.676270,-7.324219
48341,0.098511,-0.080933,1.013550,-2.441406,-5.676270,-7.812500
48350,0.105713,-0.105835,0.988281,-2.563477,-6.713867,-8.239746
48361,0.068237,-0.100220,1.113037,-2.502441,-6.225586,-8.666992
48371,-0.008301,-0.171509,0.992676,-2.441406,-6.530762,-9.094238
48380,-0.057983,-0.031616,1.078613,-2.258301,-6.164551,-9.582520
48390,-0.061768,-0.145020,0.989624,-1.647949,-4.882812,-9.460449
48401,-0.109985,-0.153320,0.877808,-1.647949,-4.394531,-9.765625
48411,-0.087524,-0.108521,0.975586,-1.892090,-3.417969,-9.460449
48420,-0.054321,-0.106445,0.931885,-2.075195,-3.234863,-9.155273
48430,-0.038574,-0.128174,0.909180,-2.136230,-3.112793,-8.850098
48440,-0.016602,-0.137451,0.854614,-1.892090,-2.685547,-8.483887
48453,0.034424,-0.052612,1.038818,-1.647949,-1.159668,-7.385254
48463,0.037842,-0.158325,0.987305,-1.525879,-1.220703,-6.591797
48472,-0.015259,-0.146973,0.977783,-1.220703,-0.976562,-5.737305
48482,-0.013062,-0.241455,0.891479,-0.976562,-0.915527,-4.455566
48492,-0.018677,-0.118896,1.014038,-1.342773,-0.122070,-2.868652
48502,0.008423,-0.176270,0.947510,-1.647949,0.793457,-1.098633
48511,-0.009888,0.013184,1.134277,-1.647949,0.854492,0.488281
48521,0.025269,-0.101440,1.150024,-1.342773,0.671387,3.234863
48530,-0.074097,-0.124878,1.061523,-0.549316,1.464844,4.638672
48541,-0.097168,-0.190308,1.036499,0.305176,1.892090,5.737305
48551,-0.091919,-0.147217,1.079712,0.549316,2.136230,6.774902
48560,-0.111572,-0.209717,1.017700,0.915527,2.380371,7.507324
48571,-0.067383,-0.126587,1.060791,0.793457,2.258301,8.300781
48580,-0.116089,-0.232544,0.906250,0.671387,2.136230,8.789063
48593,-0.177612,-0.280518,0.853027,-0.061035,2.990723,9.826660
48602,-0.148315,-0.129761,0.937134,-0.854492,3.356934,10.620117
48612,-0.141235,-0.150879,0.850342,-1.831055,2.746582,11.230469
48622,-0.158813,-0.147461,0.895142,-2.441406,3.234863,11.962891
48631,-0.145752,-0.123535,0.935669,-2.319336,4.211426,12.634277
48641,-0.103027,-0.106323,1.036255,-2.258301,4.516602,13.244629
48650,-0.118408,-0.035400,1.001221,-2.197266,4.821777,13.732910
48663,-0.112061,-0.161743,1.028198,-0.854492,5.187988,14.282227
48672,-0.151611,0.037109,1.097046,-0.305176,5.920410,14.526367
48682,-0.098145,-0.168701,0.978394,0.427246,6.530762,14.709473
48692,-0.092651,-0.031494,1.016968,0.915527,6.286621,13.671875
48702,-0.037964,-0.168823,0.944580,1.098633,5.493164,12.634277
48711,-0.042358,-0.108521,0.956055,0.976562,4.943848,10.925293
48721,0.020020,-0.183594,0.983887,0.549316,3.967285,8.850098
48733,0.071655,-0.072388,1.040039,-0.427246,2.990723,5.554199
48743,0.124512,-0.075562,0.959229,-0.854492,2.441406,4.516602
48752,0.125244,-0.003418,1.012207,-0.915527,2.563477,3.662109
48762,0.113770,-0.106689,0.968506,-0.854492,1.464844,2.807617
48771,0.125366,-0.034424,0.986206,-0.671387,1.770020,1.953125
48781,0.110474,-0.078003,0.947388,-0.732422,1.098633,1.525879
48790,0.141235,-0.053223,1.044312,-0.915527,-0.061035,0.671387
48802,0.122681,-0.112793,0.940186,-0.976562,-0.732422,-0.854492
48811,0.085937,-0.154419,0.992310,-0.610352,-1.159668,-1.342773
48821,0.091431,-0.143677,1.020264,-0.549316,-1.403809,-1.892090
48831,0.055908,-0.239258,0.956177,-0.793457,-1.770020,-2.563477
48840,0.089966,-0.195312,1.103027,-1.037598,-2.563477,-3.234863
48851,0.065552,-0.267944,0.935913,-1.159668,-3.173828,-4.394531
48860,0.112061,-0.128174,1.057007,-1.770020,-3.601074,-5.371094
48873,0.108276,-0.077026,0.988159,-2.868652,-4.760742,-6.652832
48883,0.112671,-0.218872,0.931274,-3.112793,-4.333496,-6.896973
48892,0.110352,-0.024414,1.017700,-3.417969,-3.784180,-7.507324
48902,0.005859,-0.117554,1.001221,-3.417969,-4.028320,-7.995605
48911,-0.051025,0.006714,1.050781,-3.417969,-4.211426,-8.789063
48921,-0.067505,-0.075928,1.016357,-2.868652,-4.211426,-9.216309
48931,-0.091675,0.010010,1.166870,-2.197266,-2.807617,-8.972168
48941,-0.116089,0.062500,1.149170,-1.281738,-1.342773,-8.117676
48951,-0.147583,-0.124146,1.004272,0.610352,0.427246,-7.080078
48961,-0.025879,-0.251831,0.947266,0.366211,0.854492,-6.042480
48971,-0.027222,-0.081909,0.893311,-0.061035,0.854492,-5.187988
48981,0.013184,-0.194092,0.822876,-0.610352,0.305176,-5.004883
48991,0.040771,-0.144043,0.849609,-1.464844,0.427246,-5.065918
49001,0.038452,-0.186768,0.915527,-1.953125,0.427246,-5.126953
49011,-0.034546,-0.111084,1.001343,-2.624512,0.671387,-5.187988
49023,-0.020752,0.042847,1.047607,-3.234863,0.976562,-4.516602
49033,-0.018311,-0.172729,0.970215,-3.234863,1.831055,-2.929688
49043,-0.045654,0.052856,1.095215,-3.173828,2.624512,-1.770020
49052,-0.026855,-0.189453,1.065186,-2.197266,3.295898,-0.976562
49062,-0.053223,-0.028564,1.022461,-1.708984,3.479004,-0.122070
49072,-0.040283,-0.195801,1.076904,-1.037598,3.540039,1.037598
49080,-0.035767,-0.171753,1.045532,-1.037598,3.540039,1.037598
49092,-0.042114,-0.285156,0.889648,-0.061035,4.089355,1.098633
49101,0.012695,-0.083862,1.036011,0.244141,3.601074,0.549316
49110,-0.035400,-0.303345,0.897095,0.366211,3.356934,0.366211
49121,-0.019531,-0.083740,1.065063,0.061035,3.601074,0.000000
49130,-0.000977,-0.286621,0.960693,0.183105,3.601074,-0.488281
49141,0.001953,-0.183960,0.985962,0.488281,3.662109,-0.915527
49150,0.036499,-0.014648,1.196899,0.915527,3.906250,-1.098633
49162,0.025757,-0.169800,1.068115,2.136230,3.784180,-1.647949
49171,0.073120,-0.253540,1.024780,2.319336,3.845215,-1.220703
49181,0.053101,-0.318359,0.933350,1.770020,4.150391,-0.671387
49190,0.104370,-0.110718,0.959961,0.976562,4.028320,-0.244141
49201,0.114746,-0.151611,0.872681,0.915527,3.234863,-0.183105
49211,0.107544,-0.041504,0.957153,0.671387,2.929688,-0.305176
49221,0.084961,-0.264648,0.893799,0.671387,2.441406,-0.305176
49232,0.079956,-0.210815,0.996094,0.610352,2.319336,0.305176
49242,0.040649,-0.155518,0.964233,0.122070,2.380371,1.220703
49251,0.088867,0.084961,1.088867,-0.061035,2.441406,2.319336
49260,0.081177,-0.234863,0.901733,-0.061035,2.075195,3.540039
49271,0.075806,-0.042603,0.966553,-0.671387,2.319336,4.516602
49281,0.056763,-0.083496,0.976318,-1.281738,2.136230,5.615234
49293,0.004761,0.089233,1.006836,-1.953125,1.953125,7.202148
49303,-0.040283,0.003418,0.939209,-1.647949,2.014160,7.934570
49312,-0.064941,0.095581,1.048096,-1.342773,2.258301,9.094238
49322,-0.056152,-0.113037,0.967285,-0.732422,2.136230,9.826660
49331,-0.083618,-0.052612,1.070190,-0.305176,2.624512,10.620117
49341,-0.074707,-0.100220,1.088013,-0.183105,2.624512,11.779785
49351,-0.110474,-0.165405,1.018799,0.183105,3.051758,12.451172
49363,-0.120361,-0.186157,0.986938,0.793457,3.906250,13.244629
49373,-0.101929,-0.086670,0.998169,0.793457,4.272461,13.061523
49382,-0.083740,-0.246948,0.930786,0.976562,4.333496,12.939453
49392,-0.068481,-0.246948,0.865112,0.610352,3.967285,12.390137
49401,-0.029785,-0.188843,0.880493,-0.183105,3.540039,11.901855
49410,-0.027832,-0.261841,0.822144,-0.854492,3.112793,11.596680
49421,-0.013184,-0.073853,0.963867,-2.014160,3.051758,11.291504
49431,0.024902,-0.228516,0.911377,-2.563477,2.929688,10.742188
49441,0.066406,-0.158691,0.988281,-3.295898,2.807617,10.742188
49450,0.094727,-0.057129,0.998413,-3.173828,2.624512,10.559082
49461,0.072632,-0.172607,1.058472,-3.417969,1.831055,10.620117
49471,0.130371,-0.028687,1.048828,-4.211426,0.854492,10.253906
49480,0.095703,0.039917,1.151978,-4.272461,0.549316,9.643555
49491,0.106812,-0.094849,1.023315,-3.906250,0.122070,9.399414
49500,0.098145,0.050415,1.107422,-3.601074,-0.061035,9.216309
49512,0.026611,-0.053101,0.991943,-3.173828,-0.793457,8.056641
49522,0.038940,-0.114624,1.041260,-3.234863,-1.586914,7.568359
49531,0.023926,-0.124512,0.929077,-2.929688,-2.319336,7.141113
49541,0.014404,-0.062500,0.947510,-2.746582,-2.075195,6.774902
49550,-0.019531,-0.237671,0.834106,-2.685547,-1.464844,6.347656
49561,-0.039063,-0.070679,0.944458,-3.295898,-1.953125,5.859375
49571,0.021973,-0.234863,0.919189,-3.356934,-2.014160,5.004883
49582,-0.012939,-0.174561,0.865356,-3.540039,-2.441406,4.638672
49592,-0.006958,-0.198853,0.779419,-3.417969,-2.685547,3.967285
49602,0.020508,-0.277954,0.762329,-3.540039,-2.258301,4.333496
49611,0.029907,-0.179077,0.848755,-4.272461,-1.464844,4.455566
49621,0.031616,-0.185913,0.869385,-4.943848,-1.708984,4.516602
49630,0.016235,-0.001831,1.073730,-5.676270,-2.258301,4.150391
49642,0.018066,-0.134644,1.078003,-5.004883,-2.258301,1.831055
49651,0.054810,-0.050049,1.174561,-4.333496,-2.380371,0.915527
49661,0.010254,-0.239136,1.028687,-3.601074,-2.990723,0.488281
49670,0.010498,-0.064453,1.115845,-3.417969,-2.929688,0.427246
49681,0.020264,-0.194580,1.011475,-3.112793,-2.502441,0.793457
49690,-0.046631,-0.166382,0.908203,-2.990723,-1.953125,1.098633
49701,-0.039795,-0.216309,0.921997,-3.295898,-1.342773,1.831055
49711,-0.022339,-0.215088,0.840576,-4.089355,-0.671387,3.234863
49720,-0.014160,-0.023193,0.973145,-5.676270,-1.403809,3.234863
49731,-0.054565,-0.028564,1.070068,-5.737305,-0.915527,4.272461
49741,-0.040649,-0.146362,1.046753,-5.187988,-0.793457,5.065918
49750,-0.042969,-0.087646,1.011353,-4.638672,-1.098633,6.103516
49761,-0.034180,-0.027344,1.082764,-3.723145,0.305176,7.873535
49770,-0.102661,-0.180786,0.965576,-3.295898,0.610352,9.582520
49783,-0.086304,-0.195801,0.873779,-3.112793,1.159668,12.268066
49793,-0.099487,-0.104492,0.913208,-3.112793,2.014160,12.817383
49802,-0.098877,-0.120850,0.914795,-3.417969,2.075195,13.183594
49812,-0.063843,-0.099243,0.937988,-3.967285,1.525879,12.939453
49821,-0.015503,0.077148,1.065186,-4.394531,1.525879,12.145996
49831,-0.034424,-0.130737,1.026855,-4.577637,0.488281,11.291504
49840,-0.006714,-0.044189,1.070435,-4.394531,0.854492,10.925293
49853,0.022827,-0.114624,1.021729,-3.601074,0.976562,9.460449
49863,-0.008057,0.069580,1.141846,-3.295898,0.671387,8.728027
49872,0.043457,-0.006104,1.082764,-2.929688,0.000000,7.690430
49881,0.081055,-0.048950,1.031860,-1.953125,-0.244141,6.286621
49891,0.058472,-0.059814,1.042480,-1.403809,-1.159668,4.577637
49901,0.089111,-0.100342,1.048096,-0.549316,-1.953125,2.380371
49910,0.103394,-0.069336,1.118774,0.061035,-2.624512,0.488281
49923,0.127197,-0.082153,1.126221,1.586914,-3.601074,-4.089355
49933,0.104858,-0.188477,1.005127,2.685547,-4.516602,-5.737305
49943,0.084473,-0.257690,0.987061,3.601074,-4.821777,-6.835937
49953,0.125488,-0.315674,0.925659,3.967285,-4.699707,-7.629395
49963,0.125000,-0.241699,0.928345,3.723145,-4.882812,-8.361816
49973,0.137573,-0.287598,0.909424,2.624512,-5.371094,-8.850098
49982,0.102051,-0.148315,0.922729,1.037598,-4.699707,-10.253906
49992,-0.014648,-0.207764,0.963623,1.159668,-5.310059,-11.047363
50002,-0.050293,-0.038208,1.044556,1.464844,-4.882812,-11.474609
50012,-0.005981,-0.067383,1.038330,1.953125,-4.089355,-10.803223
50022,-0.024780,-0.133179,1.009155,2.563477,-3.479004,-9.704590
50032,-0.079590,0.023560,1.069336,3.173828,-1.770020,-8.422852
50041,-0.019775,-0.079224,1.017578,3.723145,-1.159668,-7.141113
50051,-0.026978,-0.245850,0.985107,4.638672,-0.488281,-6.103516
50061,-0.034180,-0.021973,1.069702,5.004883,0.000000,-5.004883
50071,-0.010620,-0.257935,0.917603,4.760742,0.122070,-4.150391
50081,0.005981,0.036743,1.020264,4.211426,0.671387,-2.990723
50091,-0.017578,-0.026123,1.046021,4.089355,1.281738,-1.281738
50101,-0.014404,-0.208252,0.838989,4.150391,0.976562,0.305176
50111,-0.006958,-0.120728,0.847534,4.150391,2.197266,2.136230
50121,-0.007324,-0.208374,0.752075,3.417969,2.258301,3.784180
50133,-0.002441,-0.084961,0.761353,-0.732422,2.563477,7.080078
50143,0.048218,0.085205,0.944336,-1.708984,2.014160,7.629395
50152,-0.028564,0.000732,1.087891,-1.831055,2.136230,8.483887
50162,-0.087280,-0.206299,0.902100,-1.281738,2.624512,9.521484
50171,-0.096191,-0.158813,0.924927,-1.586914,2.624512,9.765625
50181,-0.035400,-0.075562,1.004639,-2.929688,3.540039,10.986328
50190,-0.011841,0.065430,1.159790,-3.723145,3.234863,11.474609
50203,-0.038086,-0.313477,0.990723,-1.647949,3.295898,11.230469
50213,-0.008789,-0.168091,1.035400,-1.770020,3.173828,10.253906
50222,0.032837,-0.201660,1.157837,-2.075195,2.807617,9.704590
50232,-0.018799,-0.117310,1.000244,-2.441406,2.380371,9.216309
50241,0.029297,-0.090820,1.065430,-2.563477,2.014160,9.460449
50251,0.006104,-0.260254,0.938965,-2.502441,1.892090,9.155273
50261,0.006592,-0.246338,0.983765,-2.807617,1.831055,9.216309
50273,-0.017944,-0.267212,1.040771,-3.356934,1.464844,8.789063
50282,-0.004150,-0.111816,1.066650,-3.356934,1.220703,8.178711
50292,-0.019287,-0.125854,1.104980,-3.723145,1.159668,7.690430
50302,0.051270,-0.088013,1.066162,-3.784180,1.037598,6.713867
50311,0.096313,-0.061279,1.114502,-3.356934,0.183105,5.615234
50321,0.057983,-0.147339,1.098267,-2.441406,0.183105,4.516602
50331,0.091187,-0.216187,1.037109,-2.258301,-0.244141,3.906250
50341,0.084106,-0.160034,1.027344,-2.197266,-0.976562,3.540039
50352,0.129395,-0.206543,0.881958,-2.563477,-1.159668,4.455566
50362,0.137451,-0.131836,0.867676,-3.356934,-1.281738,4.882812
50372,0.123901,-0.176636,0.785400,-4.394531,-1.770020,5.310059
50381,0.114014,0.019775,0.920654,-5.126953,-2.014160,5.737305
50391,0.084473,-0.183716,0.935913,-5.737305,-2.746582,5.798340
50403,0.030151,-0.104126,0.924194,-6.896973,-2.929688,5.249023
50413,-0.022461,0.015503,1.005371,-6.652832,-3.234863,5.126953
50422,-0.042725,0.156494,1.059570,-5.798340,-2.746582,4.394531
50432,-0.021240,0.035400,1.005981,-4.638672,-2.746582,3.845215
50441,-0.026489,-0.114990,0.931274,-2.868652,-3.173828,3.173828
50451,-0.003052,-0.003906,0.927612,-1.647949,-3.112793,2.502441
50461,-0.000244,-0.022705,0.843994,-0.854492,-3.173828,2.075195
50471,0.017090,-0.206909,0.969238,0.183105,-2.746582,1.403809
50483,0.048584,-0.211914,0.933228,-0.305176,-2.868652,-0.061035
50493,0.054810,-0.148437,1.010254,-0.305176,-3.479004,-0.610352
50502,0.072632,-0.353027,0.905029,-0.305176,-3.845215,-0.976562
50512,0.082397,-0.234131,0.973633,-0.793457,-3.845215,-1.281738
50522,0.062012,-0.029541,1.090210,-1.159668,-4.394531,-1.708984
50532,0.043823,-0.248779,1.007935,-1.159668,-4.577637,-1.647949
50541,-0.018188,-0.133179,1.003052,-1.159668,-4.089355,-1.708984
50551,0.035645,-0.102051,1.009033,-0.732422,-3.601074,-1.892090
50562,0.018921,0.012573,0.990234,-0.976562,-3.723145,-2.319336
50572,0.068726,-0.117920,0.999023,-1.098633,-3.906250,-2.502441
50581,0.118896,-0.171265,0.985962,-1.464844,-4.089355,-3.051758
50591,0.089355,0.000854,1.068481,-2.136230,-4.394531,-3.234863
50601,0.162598,-0.222534,1.051025,-2.502441,-4.455566,-2.990723
50611,0.075562,-0.140015,0.990845,-3.051758,-4.394531,-2.929688
50621,0.066528,0.112671,1.120850,-3.662109,-4.394531,-2.685547
50632,-0.009033,-0.178345,0.979858,-3.784180,-4.089355,-2.685547
50642,-0.014893,-0.003784,1.084351,-4.150391,-3.967285,-2.746582
50652,-0.019165,-0.166870,0.956909,-4.028320,-4.150391,-2.563477
50662,-0.034302,-0.147827,0.985840,-3.662109,-4.028320,-2.441406
50672,-0.010620,-0.041748,1.005493,-3.295898,-4.089355,-2.624512
50681,-0.001099,-0.092163,0.994507,-2.807617,-3.295898,-2.746582
50691,0.006470,-0.026978,0.987305,-1.464844,-2.685547,-2.929688
50703,-0.020752,-0.300171,0.849731,-0.854492,-2.380371,-2.563477
50712,-0.046143,-0.224976,0.892822,-0.671387,-2.441406,-2.685547
50722,-0.055176,-0.218750,0.824707,-0.976562,-1.953125,-2.258301
50732,-0.012451,-0.174072,0.922485,-1.464844,-1.831055,-1.525879
50741,0.013062,-0.014404,1.042603,-1.953125,-1.647949,-0.854492
50751,0.001343,-0.176270,0.943848,-1.831055,-1.586914,0.122070
50761,-0.027710,-0.145386,0.924561,-1.647949,-0.793457,2.380371
50773,-0.064819,-0.273193,0.824463,-1.831055,-0.793457,2.807617
50782,-0.079102,-0.046631,0.921143,-2.197266,-0.427246,3.112793
50792,-0.023437,-0.018921,1.028442,-1.953125,-0.366211,3.173828
50802,-0.063232,-0.307251,0.888062,-1.525879,0.061035,3.601074
50811,-0.065552,-0.114258,0.977295,-1.770020,0.732422,4.028320
50821,-0.072754,-0.076782,1.037598,-2.258301,1.098633,4.272461
50833,-0.035034,-0.129883,1.076660,-2.502441,1.464844,5.065918
50842,-0.014038,-0.052612,1.060791,-2.258301,1.220703,4.455566
50852,-0.050049,-0.161011,1.054565,-1.831055,0.915527,4.333496
50861,-0.003052,-0.075562,1.136108,-2.014160,0.610352,3.417969
50871,0.016602,-0.078125,1.106323,-1.464844,0.732422,2.746582
50881,0.008301,-0.087036,1.125732,-1.037598,0.549316,2.807617
50891,0.022461,-0.121948,1.088989,-0.305176,0.610352,2.624512
50902,0.091797,-0.109375,1.001953,0.244141,0.183105,2.624512
50912,0.030273,-0.098389,1.022217,-0.061035,0.610352,2.746582
50921,0.060913,-0.019653,1.056885,-0.427246,0.061035,2.319336
50932,0.023560,-0.002075,1.016479,-0.915527,-0.427246,1.525879
50941,0.013672,-0.109375,0.931519,-1.525879,-0.671387,0.427246
50952,-0.042358,-0.068237,0.994019,-1.708984,-0.732422,-0.427246
50962,-0.001953,0.077637,1.055542,-1.770020,-0.793457,-1.831055
50972,-0.021729,-0.087158,0.997070,-1.037598,-0.732422,-2.380371
50982,-0.027710,-0.029785,0.979004,-1.098633,-0.244141,-2.807617
50991,0.032104,-0.159424,0.894409,-1.586914,0.061035,-3.479004
51001,-0.008545,-0.085083,0.900269,-2.197266,0.122070,-4.211426
51012,0.011719,0.034912,0.960327,-2.380371,0.122070,-5.432129
51021,0.004272,-0.191650,0.941772,-2.136230,-0.183105,-6.347656
51031,0.021973,-0.146851,0.956055,-2.014160,-0.427246,-7.263184
51041,0.092285,-0.034668,1.098145,-1.586914,-1.281738,-8.972168
51052,0.030640,-0.188965,0.978516,-0.488281,-0.976562,-8.911133
51062,0.054932,-0.015381,1.119751,-0.122070,-0.976562,-8.605957
51072,0.004395,-0.169189,0.982788,0.488281,-0.793457,-8.117676
51082,-0.012085,-0.168091,0.941772,1.037598,0.244141,-7.141113
51091,-0.059570,-0.028442,0.980103,1.770020,1.281738,-5.737305
51101,-0.065186,-0.169067,1.023193,2.380371,2.136230,-4.516602
51111,-0.115479,-0.284546,0.896118,2.136230,3.784180,-1.464844
51123,-0.032715,0.006104,1.038452,1.647949,3.906250,-0.244141
51132,-0.015869,-0.265625,0.915771,1.708984,3.906250,1.098633
51141,-0.091064,-0.216309,0.899170,1.037598,4.272461,2.014160
51151,-0.031616,0.047119,1.076050,0.305176,4.638672,2.563477
51161,-0.056641,-0.118042,1.086060,0.122070,5.126953,2.746582
51171,-0.132568,-0.326660,0.968506,-0.183105,5.310059,2.197266
51183,-0.096313,0.066772,1.073486,-0.366211,6.042480,1.403809
51192,-0.101807,-0.194824,0.932739,-0.305176,6.225586,1.770020
51202,-0.062866,-0.159912,0.898682,-0.793457,6.591797,2.563477
51212,0.064209,-0.013550,0.873047,-1.342773,7.507324,4.272461
51221,0.038086,-0.268677,0.772339,-2.014160,7.446289,6.835937
51232,0.045044,-0.214233,0.767456,-3.540039,7.263184,9.216309
51241,0.019409,-0.235352,0.798706,-5.004883,7.202148,11.657715
51251,0.059937,-0.204712,0.861816,-6.469727,7.629395,15.441895
51263,0.015381,-0.017334,1.070435,-6.042480,7.385254,16.540527
51272,-0.003418,-0.203369,0.965942,-5.187988,7.080078,16.479492
51282,0.032715,-0.185181,0.965576,-5.126953,6.286621,15.991211
51291,-0.017700,-0.183838,0.993286,-4.943848,5.554199,15.991211
51301,-0.021240,-0.163818,0.911743,-4.821777,5.249023,16.296387
51311,0.005371,-0.142456,0.982056,-4.699707,5.126953,16.784668
51321,0.024048,-0.242798,0.992065,-4.211426,5.126953,18.310547
51332,-0.022217,-0.169922,0.984497,-4.333496,4.577637,18.188477
51342,-0.001221,0.023560,1.052368,-4.699707,4.516602,18.127441
51351,-0.035034,-0.158813,1.076172,-4.577637,3.723145,17.639160
51361,-0.076660,-0.252197,0.991089,-4.394531,3.356934,16.662598
51371,-0.040405,-0.090576,1.032959,-4.028320,3.173828,15.319824
51381,-0.012085,0.033936,1.069702,-4.333496,2.685547,14.221191
51393,0.032593,-0.219604,0.904663,-5.065918,1.953125,13.244629
51403,0.062988,-0.053101,1.046021,-5.371094,1.525879,13.183594
51412,0.036621,0.081177,1.062012,-5.493164,1.342773,12.878418
51421,0.068481,-0.106445,1.023682,-5.065918,1.281738,12.207031
51431,0.072021,-0.202026,0.981079,-4.760742,0.854492,10.803223
51441,0.083984,-0.056641,0.975342,-5.065918,-0.305176,9.155273
51451,0.079102,-0.050781,1.030273,-5.065918,-0.854492,7.995605
51463,0.096924,-0.046753,1.015015,-4.821777,-1.220703,6.286621
51472,0.118408,-0.078491,0.975952,-4.882812,-2.502441,5.859375
51481,0.070557,-0.152588,0.948486,-4.943848,-2.624512,5.432129
51491,0.066284,-0.099487,0.993286,-5.554199,-3.112793,4.516602
51501,0.058228,0.103638,1.080200,-5.615234,-3.051758,3.967285
51511,0.021973,0.052612,1.062622,-4.577637,-2.929688,3.540039
51521,0.009033,-0.155762,1.002808,-3.234863,-3.356934,2.624512
51531,0.022461,-0.211914,1.022461,-0.976562,-2.990723,0.671387
51542,-0.000854,-0.161987,0.978271,0.183105,-3.234863,-0.366211
51552,0.038818,-0.336792,0.881226,0.793457,-3.479004,-1.098633
51562,0.023926,-0.359619,0.822144,1.159668,-3.356934,-2.014160
51572,0.045288,-0.160522,0.911987,1.037598,-3.417969,-3.112793
51581,0.014282,-0.130127,0.951538,0.671387,-3.234863,-4.028320
51591,0.009155,-0.312500,0.910889,0.366211,-3.295898,-4.882812
51603,-0.000122,-0.097290,0.944336,0.000000,-2.929688,-6.408691
51613,0.023071,-0.061768,0.963501,-0.244141,-2.624512,-6.164551
51623,0.053711,-0.120239,0.950439,-0.183105,-2.075195,-6.164551
51632,0.055786,-0.098389,0.990723,-0.244141,-2.136230,-6.103516
51642,0.101685,-0.059814,1.045654,-0.122070,-1.892090,-6.225586
51651,0.109741,-0.012085,1.078125,0.122070,-1.953125,-6.103516
51661,0.126953,-0.020020,1.056641,-0.122070,-2.197266,-6.164551
51673,0.111084,-0.031982,1.100830,-0.244141,-2.563477,-6.042480
51682,0.087036,-0.096802,1.023193,0.122070,-2.929688,-5.676270
51691,0.056641,-0.063599,0.969727,0.244141,-2.563477,-5.126953
51701,0.062744,0.036377,0.966431,0.183105,-2.441406,-3.967285
51711,0.051880,-0.068115,0.994385,0.061035,-2.746582,-2.441406
51721,0.049316,-0.104980,1.014648,-0.183105,-1.586914,-1.525879
51731,0.000366,-0.095703,1.052612,-0.854492,-1.464844,-0.488281
51743,-0.096313,-0.129517,0.966309,-1.525879,-0.244141,1.403809
51753,-0.144897,-0.034790,1.010620,-2.136230,0.427246,2.258301
51763,-0.162720,0.132568,1.112427,-2.258301,1.159668,3.417969
51772,-0.178345,0.122559,1.124023,-1.770020,2.075195,4.638672
51782,-0.142822,-0.060547,0.995728,-0.793457,2.502441,6.347656
51792,-0.112183,-0.182251,0.950317,0.122070,2.990723,7.690430
51801,-0.066284,-0.099487,1.000000,0.488281,3.540039,8.850098
51813,0.004883,-0.166504,1.010864,0.915527,3.723145,11.291504
51822,-0.000122,-0.208862,0.974365,0.854492,4.211426,12.329102
51831,0.005981,-0.177856,0.946167,0.488281,4.211426,13.000488
51841,-0.061523,-0.099976,0.911743,0.244141,4.272461,13.610840
51851,-0.058472,0.032227,1.057495,0.244141,4.272461,14.038086
51861,-0.051758,-0.019043,1.021973,0.488281,3.845215,14.038086
51871,-0.070801,-0.185913,0.885742,0.915527,3.723145,14.282227
51883,0.003174,0.046387,0.995117,0.366211,3.845215,14.282227
51893,-0.050659,-0.010986,0.969971,0.549316,3.784180,14.526367
51903,-0.014771,-0.048584,0.999756,0.610352,3.662109,14.282227
51912,0.015137,-0.062012,0.994507,0.488281,3.662109,14.465332
51922,0.003418,-0.016724,0.956543,0.549316,3.540039,14.526367
51931,0.024170,-0.056519,0.953369,0.122070,2.990723,14.160156
51941,0.030884,-0.113403,0.968140,0.000000,2.380371,14.160156
51953,0.055664,-0.081177,0.982788,-0.671387,0.976562,13.244629
51962,0.070068,-0.067871,0.990967,-1.586914,0.122070,12.512207
51972,0.050293,0.008789,1.047974,-2.197266,-0.305176,11.901855
51981,0.053101,0.077393,1.028809,-2.380371,-0.183105,11.657715
51991,-0.009033,0.029785,1.066284,-1.892090,-0.061035,11.840820
52001,0.001221,0.023437,1.089844,-1.159668,-0.122070,11.962891
52012,0.021240,-0.000244,1.107666,-0.427246,-0.854492,11.718750
52022,0.009033,-0.007568,1.019043,0.061035,-1.220703,11.047363
52032,0.031494,0.021851,1.015747,0.549316,-1.159668,10.192871
52041,0.031494,-0.008179,0.983276,0.732422,-1.342773,9.277344
52051,0.007446,-0.064575,0.983643,0.366211,-2.014160,8.056641
52062,0.042480,-0.056274,1.027222,-0.061035,-2.807617,6.652832
52071,0.032227,-0.003174,1.061401,-0.427246,-3.601074,5.493164
52083,0.032471,-0.067261,0.991089,-1.281738,-3.295898,4.394531
52092,0.021606,-0.012207,0.994141,-0.915527,-3.417969,3.845215
52103,0.051636,-0.064575,1.013184,-0.549316,-3.601074,3.784180
52112,0.024536,-0.178833,0.986206,-0.549316,-3.723145,3.417969
52121,0.031860,-0.054199,0.957642,-0.854492,-4.211426,2.258301
52131,0.043579,-0.066650,0.968628,-1.586914,-3.967285,1.464844
52141,0.086182,-0.019897,0.916260,-2.258301,-3.845215,0.305176
52151,0.059448,0.057129,0.984985,-2.258301,-4.455566,-1.098633
52162,0.078491,-0.007935,1.053223,-2.197266,-4.943848,-3.356934
52172,0.105957,0.111694,1.074951,-2.319336,-5.126953,-4.028320
52181,0.069946,-0.000488,0.987183,-1.647949,-5.004883,-4.150391
52191,0.065430,-0.027588,0.906372,-1.342773,-4.760742,-4.211426
52202,0.081299,0.046509,0.983521,-0.854492,-4.577637,-4.455566
52211,0.096069,-0.149292,0.927246,-0.549316,-4.943848,-5.126953
52221,0.070312,-0.118042,0.956665,-0.732422,-5.249023,-6.042480
52231,0.063354,-0.077515,0.921631,-1.281738,-5.187988,-7.324219
52242,0.026978,0.050537,0.951660,-2.380371,-5.432129,-7.629395
52252,0.015381,0.012573,0.949463,-1.647949,-4.821777,-7.690430
52261,-0.013916,-0.041138,1.015869,-1.220703,-5.065918,-7.690430
52271,0.014648,-0.016968,1.110596,-0.732422,-4.333496,-7.751465
52281,0.023926,-0.063232,1.032959,-0.610352,-4.028320,-7.202148
52293,0.026367,-0.020020,1.002808,-0.549316,-2.807617,-6.347656
52302,0.075806,0.004395,0.926636,-0.732422,-2.868652,-5.737305
52312,0.047729,-0.049438,0.967773,-0.671387,-2.502441,-4.760742
52321,0.041748,-0.082275,0.999146,-0.854492,-2.441406,-4.089355
52331,0.009277,-0.036987,1.025391,-1.586914,-1.708984,-3.479004
52342,0.011841,-0.046265,0.994385,-2.319336,-1.647949,-2.807617
52352,-0.026855,0.003662,1.000977,-2.685547,-1.464844,-2.075195
52361,-0.033813,0.044067,1.007446,-2.807617,-1.281738,-0.305176
52373,-0.024780,0.087646,1.051025,-2.868652,-0.244141,0.366211
52383,-0.016968,-0.032959,1.034668,-3.356934,0.000000,0.732422
52392,-0.050049,0.075073,1.035156,-3.601074,0.427246,1.342773
52402,-0.046753,0.072754,1.042847,-3.356934,0.000000,2.136230
52411,-0.028809,-0.000488,0.945312,-2.746582,0.793457,2.746582
52422,-0.041138,-0.000977,0.960205,-2.380371,1.159668,3.662109
52431,-0.028076,-0.087402,0.903809,-2.075195,1.159668,4.272461
52441,0.004883,-0.077026,0.964844,-2.990723,1.098633,4.821777
52452,0.011230,-0.039795,0.900757,-3.540039,0.671387,4.577637
52461,-0.028320,0.066772,0.932129,-4.150391,0.854492,5.004883
52471,-0.032104,0.059204,0.981567,-4.028320,1.586914,5.676270
52481,-0.064819,0.006958,0.966797,-3.479004,2.136230,6.530762
52492,-0.085693,-0.012451,1.042725,-3.295898,2.197266,7.019043
52502,-0.072632,-0.007080,1.070557,-3.356934,2.563477,8.300781
52513,-0.044312,0.013916,0.927246,-2.807617,3.051758,8.605957
52523,0.003418,0.025635,1.002563,-2.258301,3.112793,9.094238
52532,0.007446,-0.087280,0.940552,-2.014160,3.417969,9.460449
52542,0.019043,0.014404,1.003906,-2.075195,2.929688,9.765625
52551,0.018555,-0.094238,1.019897,-2.014160,2.624512,9.826660
52561,0.029175,-0.070923,1.097046,-1.953125,2.441406,9.643555
52571,-0.019775,-0.141357,0.980591,-1.892090,2.197266,9.399414
52581,0.000366,0.058228,1.026001,-1.281738,1.831055,9.399414
52592,0.015259,-0.031494,0.977539,-1.220703,1.708984,9.521484
52602,-0.012085,-0.119019,0.978760,-1.586914,1.220703,9.460449
52611,0.012695,0.063477,1.022339,-2.441406,1.708984,9.460449
52621,-0.013550,-0.051636,1.000366,-3.051758,1.281738,9.460449
52631,0.027222,0.112671,1.066162,-3.234863,1.647949,8.911133
52641,-0.007202,-0.051270,0.956177,-2.990723,1.403809,9.155273
52653,0.002686,-0.081421,1.065552,-2.807617,0.976562,8.178711
52662,0.047729,0.061401,1.116577,-2.319336,0.915527,7.629395
52671,0.023193,-0.096436,0.979858,-2.014160,1.525879,6.958008
52681,0.023682,0.082153,1.064697,-2.075195,0.732422,6.225586
52691,0.011719,-0.093994,0.928345,-1.770020,0.122070,5.737305
52702,0.065552,0.028931,1.010254,-1.647949,0.061035,5.187988
52711,0.025757,-0.064453,0.933472,-1.159668,0.549316,5.310059
52722,0.029907,0.014160,1.018311,-1.159668,0.122070,5.554199
52732,0.011719,-0.013916,1.017456,-1.708984,-0.671387,5.310059
52741,0.025146,0.021973,1.006348,-1.647949,-0.671387,5.493164
52751,-0.015991,-0.058716,0.945557,-0.976562,-0.244141,5.859375
52761,0.002197,0.050659,0.989990,-0.976562,0.305176,6.164551
52771,0.003052,-0.021118,0.986328,-0.671387,-0.244141,6.103516
52781,0.020508,-0.015015,1.018921,-0.549316,-0.244141,6.042480
52792,0.016235,-0.062500,0.994263,-0.183105,-0.122070,5.798340
52802,0.012573,-0.132080,0.916016,0.793457,-0.732422,5.615234
52811,0.043335,-0.105103,0.932617,0.976562,-0.793457,5.187988
52822,0.055176,-0.092896,0.984253,0.610352,-0.793457,5.065918
52831,0.016968,-0.094482,0.973267,0.061035,-0.671387,4.760742
52841,0.025146,0.034302,1.026245,-0.427246,-1.281738,4.394531
52853,-0.024902,0.030273,0.980591,-0.366211,-1.037598,4.028320
52862,-0.008057,0.032349,1.097656,0.061035,-0.793457,3.906250
52873,-0.000488,-0.104858,1.010376,0.366211,-0.793457,3.723145
52882,0.014038,0.063721,1.037476,0.000000,-1.037598,3.845215
52891,0.050293,0.014404,1.003540,0.000000,-0.793457,3.784180
52901,0.051514,-0.046631,0.988281,-0.244141,-0.366211,4.089355
52912,0.036011,0.011719,1.037109,-0.366211,-0.488281,3.967285
52921,0.038574,-0.093018,0.932983,-0.244141,-0.915527,4.028320
52933,0.047241,-0.028320,1.001465,-1.281738,-1.037598,3.784180
52943,0.008301,0.017212,0.961304,-1.708984,-1.037598,3.479004
52952,0.014160,0.072632,0.999512,-1.770020,-1.342773,3.417969
52961,-0.009888,0.097656,1.017822,-1.464844,-1.464844,3.479004
52971,-0.023804,0.028931,1.012817,-1.159668,-1.159668,3.723145
52982,-0.055176,0.047852,1.059814,-1.037598,-1.098633,3.845215
52991,-0.006104,0.006714,1.068481,-0.854492,-0.793457,3.906250
53003,-0.009277,0.058228,1.003662,-0.549316,-0.244141,4.455566
53012,-0.011597,-0.025879,0.965820,-0.366211,0.183105,4.394531
53022,0.029297,-0.055542,0.953369,-0.244141,0.000000,4.333496
53031,0.012695,0.011353,1.009766,-0.183105,-0.183105,4.394531
53041,0.036499,-0.056030,1.005127,-0.122070,0.122070,4.455566
53051,0.012085,-0.092041,0.981201,-0.305176,-0.366211,4.577637
53063,0.043823,-0.025635,1.028564,0.305176,-0.366211,4.516602
53072,0.004639,-0.053589,1.040771,0.000000,-0.366211,4.516602
53083,0.000244,0.040527,1.033691,-0.244141,-0.671387,4.821777
53092,0.005005,-0.009521,0.983643,-0.427246,-0.671387,5.004883
53102,0.004150,-0.023071,0.998535,-0.305176,-0.610352,5.004883
53111,0.000244,0.028687,1.028931,-0.183105,0.061035,5.249023
53122,0.025513,0.024048,1.055664,-0.793457,-0.610352,5.493164
53131,0.005493,-0.030396,1.018311,-0.549316,-0.305176,5.493164
53143,0.032349,0.079712,1.095825,-0.671387,-0.244141,5.065918
53152,0.026367,0.031494,0.962524,-0.427246,-0.610352,4.943848
53162,0.020630,-0.042358,0.974731,-0.122070,-0.244141,4.638672
53171,0.035034,-0.009521,1.012207,-0.244141,-0.183105,4.638672
53181,0.050049,-0.050049,1.015625,-0.427246,-0.671387,4.272461
53192,-0.010498,-0.054443,0.967896,-0.549316,-0.793457,4.333496
53201,0.007202,-0.120850,0.969971,-0.183105,-0.671387,4.089355
53213,0.019897,-0.045776,0.946167,-0.549316,-0.549316,4.211426
53222,-0.002563,-0.042603,0.890991,-0.610352,-0.488281,4.150391
53232,0.029419,-0.035400,0.928467,-1.098633,-0.549316,4.089355
53242,0.013916,0.004883,0.955322,-1.525879,-0.732422,4.028320
53252,0.014404,0.037476,1.016724,-1.770020,-0.549316,4.150391
53261,-0.007446,0.067871,0.980713,-1.647949,-0.610352,4.638672
53271,0.000854,0.020630,1.026123,-1.464844,-0.122070,5.126953
53283,0.004150,0.062622,1.043823,-1.220703,0.183105,5.798340
53292,0.020508,0.001221,0.980591,-0.854492,0.366211,5.981445
53301,0.035034,-0.078003,0.958984,-0.976562,-0.061035,6.164551
53312,0.033569,-0.043945,0.991821,-0.854492,-0.122070,6.286621
53322,0.017944,0.012451,1.035034,-0.854492,-0.122070,6.164551
53331,0.012817,-0.022949,1.060791,-0.427246,-0.305176,6.103516
53343,-0.016724,-0.021606,1.039917,-0.183105,0.427246,5.920410
53352,-0.007446,-0.046021,0.936646,0.122070,-0.305176,6.042480
53362,0.004883,-0.005859,0.990479,-0.061035,-0.793457,6.164551
53372,0.012207,-0.031006,0.976440,-0.122070,-0.488281,6.042480
53381,-0.003418,0.003174,0.934692,-0.244141,-0.183105,5.798340
53392,0.014404,-0.050415,0.998535,-0.854492,-0.244141,5.676270
53401,-0.019897,-0.078979,0.967529,-1.586914,-0.244141,5.432129
53411,-0.015869,-0.036133,0.999268,-1.892090,-0.244141,5.065918
53423,0.024292,0.086060,1.055542,-2.197266,0.000000,4.394531
53432,0.029785,0.038086,1.035522,-2.258301,0.183105,4.211426
53442,0.029663,-0.019287,0.996948,-2.319336,-0.488281,3.784180
53452,0.032959,-0.079224,0.970947,-2.197266,-0.122070,3.845215
53462,0.041382,-0.049561,0.987793,-2.441406,-0.061035,3.967285
53472,0.048218,0.040283,0.992554,-2.563477,-0.244141,3.906250
53481,0.039307,0.024780,1.024170,-2.563477,-0.366211,4.150391
53493,0.034058,-0.043213,0.996460,-2.563477,-0.610352,4.211426
53502,0.015625,-0.029907,0.975464,-2.502441,-0.610352,4.455566
53512,0.017822,0.017578,1.001709,-2.502441,-0.549316,4.760742
53522,0.014893,-0.001831,0.992432,-2.319336,-0.305176,5.004883
53531,-0.000488,-0.024902,0.957031,-2.258301,-0.366211,5.126953
53542,0.013306,0.035522,0.967529,-2.685547,-0.427246,5.432129
53552,-0.010376,0.025757,1.016602,-2.685547,-0.244141,5.554199
53561,0.004883,0.022217,1.049561,-2.441406,-0.244141,5.554199
53572,0.015869,0.020142,1.017090,-2.258301,-0.366211,5.432129
53581,-0.000732,-0.035400,1.027222,-2.075195,-0.183105,5.493164
53592,0.015137,-0.017822,0.971436,-2.258301,-0.305176,5.493164
53602,0.018066,-0.019165,0.980469,-1.831055,-0.061035,5.432129
53611,0.010742,-0.093018,0.947021,-1.831055,-0.244141,5.371094
53623,0.018188,-0.030518,0.986694,-2.075195,-0.610352,5.310059
53633,0.002319,-0.036987,1.010498,-1.586914,-0.061035,5.554199
53642,-0.011719,-0.045410,1.030396,-1.098633,0.061035,5.676270
53651,0.002686,-0.078613,1.010620,-0.915527,-0.427246,5.554199
53662,0.021973,-0.093384,0.972656,-0.671387,-0.488281,5.187988
53672,0.040039,0.004517,0.980103,-1.159668,-0.488281,5.187988
53681,0.028076,-0.014282,0.958496,-1.037598,-0.427246,5.004883
53694,0.001587,-0.010132,0.976929,-1.770020,-0.183105,4.943848
53704,-0.009399,0.018188,1.011719,-1.770020,-0.244141,5.126953
53713,-0.004272,0.017456,1.019775,-1.708984,0.000000,5.371094
53723,-0.020264,-0.006836,1.001221,-1.525879,0.610352,5.493164
53733,-0.005371,-0.003906,1.014526,-1.525879,0.610352,5.737305
53743,0.014648,-0.012695,0.977905,-1.464844,0.671387,5.981445
53752,0.016235,-0.024170,0.979126,-1.220703,0.671387,6.042480
53762,0.031982,-0.027100,0.970825,-1.220703,0.732422,6.103516
53771,0.005859,-0.037354,0.944092,-1.159668,0.305176,5.798340
53782,0.024292,-0.038818,0.994141,-1.098633,0.549316,5.676270
53791,0.029419,-0.054565,1.010010,-1.159668,0.183105,5.676270
53802,0.024048,-0.056152,1.001953,-0.915527,0.183105,5.676270
53812,0.029175,-0.089722,0.972778,-1.159668,-0.061035,5.798340
53822,0.021729,-0.057129,0.973267,-1.281738,0.061035,5.981445
53831,0.041870,-0.051392,0.976807,-1.342773,0.183105,6.469727
53843,0.022827,-0.006714,0.947510,-2.014160,-0.122070,6.530762
53853,0.010620,0.037720,0.963501,-2.136230,-0.122070,6.713867
53862,0.010864,-0.006958,0.974976,-2.319336,-0.122070,6.774902
53872,-0.020630,0.078735,1.021240,-2.563477,-0.244141,7.141113
53881,-0.008667,0.020142,1.034424,-2.258301,0.244141,7.507324
53891,-0.020508,0.020020,1.010742,-1.708984,0.915527,7.812500
53904,0.009766,0.002319,0.998047,-1.098633,0.915527,8.483887
53913,0.026733,-0.030518,0.992065,-0.976562,0.854492,8.789063
53923,0.024048,-0.027100,0.983765,-1.220703,0.976562,8.911133
53932,0.012817,-0.036865,0.970947,-1.098633,0.793457,8.850098
53942,0.008301,-0.001465,0.976807,-1.281738,0.549316,9.216309
53952,-0.000122,-0.035767,0.986450,-1.037598,0.915527,9.765625
53962,-0.006104,-0.009155,0.982910,-1.037598,0.915527,10.253906
53972,-0.009033,-0.047119,0.989624,-0.915527,1.159668,11.230469
53983,-0.011475,-0.074097,0.985840,-0.854492,0.976562,11.779785
53993,0.012085,-0.028564,0.980103,-1.037598,1.159668,11.962891
54002,0.013306,-0.056519,1.015991,-1.098633,1.037598,12.329102
54012,-0.006226,-0.084106,0.976440,-1.098633,1.098633,12.512207
54021,-0.007813,-0.033569,1.001953,-1.647949,1.220703,12.695313
54032,0.004150,-0.026978,0.978760,-1.770020,1.098633,12.878418
54046,-0.018799,-0.030029,1.008911,-1.647949,1.098633,12.695313
54056,-0.001831,0.013550,0.999512,-1.953125,1.098633,12.756348
54066,-0.002075,-0.000732,1.009033,-1.770020,1.342773,12.451172
54076,0.010742,0.025635,1.011230,-1.892090,0.854492,12.268066
54085,0.009888,-0.000732,1.022461,-1.831055,1.647949,12.145996
54094,0.030029,0.026611,1.022339,-2.197266,1.037598,11.901855
54104,0.040527,-0.072998,0.983521,-2.441406,0.549316,11.718750
54113,0.023437,-0.028320,0.977417,-2.563477,0.488281,11.718750
54123,0.026489,0.005249,0.992554,-2.197266,0.244141,11.718750
54132,0.034546,0.013550,1.037354,-2.319336,0.488281,11.718750
54142,0.019653,-0.010620,0.996216,-2.136230,0.244141,11.535645
54152,0.022583,-0.059326,0.980713,-1.892090,0.427246,11.474609
54162,0.057495,-0.043213,0.967773,-1.953125,0.183105,11.352539
54171,0.045532,-0.030396,0.956055,-2.075195,-0.244141,11.169434
54184,0.048096,-0.054932,0.953369,-1.708984,-0.610352,10.375977
54194,0.038330,-0.103027,0.952271,-1.708984,-0.854492,10.192871
54203,0.039795,-0.074341,1.014893,-1.953125,-0.793457,9.643555
54212,0.027588,-0.070923,0.985596,-2.136230,-1.098633,9.155273
54222,0.029175,-0.029419,0.974854,-2.380371,-0.976562,8.789063
54231,0.011597,-0.005737,0.941284,-1.953125,-0.732422,8.605957
54242,0.027466,-0.043579,0.959351,-1.831055,-1.342773,8.056641
54251,0.011230,0.017578,0.979004,-2.136230,-1.770020,6.774902
54263,0.009766,0.035767,1.009888,-2.807617,-1.342773,6.530762
54272,0.024658,0.009155,0.995239,-2.624512,-1.403809,6.164551
54282,0.030762,-0.026001,0.982056,-2.197266,-1.342773,5.737305
54291,0.058716,0.004761,1.013428,-2.136230,-1.403809,5.371094
54302,0.093994,-0.022827,1.039673,-2.197266,-1.953125,5.126953
54311,0.079224,0.012695,1.040283,-2.319336,-2.258301,5.065918
54324,0.083862,-0.046875,1.005981,-2.502441,-1.953125,4.638672
54334,0.066284,-0.013794,0.998291,-2.563477,-1.831055,4.516602
54343,0.063110,-0.054565,1.028931,-2.258301,-2.075195,4.272461
54352,0.040649,0.006836,1.021362,-2.014160,-2.502441,3.845215
54362,0.033813,-0.026245,1.038208,-2.014160,-2.685547,3.479004
54371,0.022583,-0.052979,0.983032,-2.197266,-2.990723,3.234863
54382,0.030029,-0.005005,0.988892,-2.441406,-2.990723,3.112793
54391,0.027222,-0.039063,1.002930,-2.075195,-2.929688,3.356934
54403,0.010376,-0.062378,0.996704,-1.647949,-2.624512,3.234863
54413,0.031860,-0.054077,0.994385,-1.892090,-2.319336,3.295898
54422,0.010254,-0.052246,0.995605,-1.647949,-2.380371,3.051758
54431,0.038818,-0.043823,0.970215,-1.403809,-2.258301,2.929688
54442,0.011230,-0.033691,0.946655,-1.464844,-2.441406,2.685547
54451,0.047363,-0.008301,0.968018,-1.586914,-2.136230,2.319336
54464,0.008789,0.016602,0.983765,-1.708984,-2.319336,1.831055
54473,0.016724,-0.016602,0.986084,-2.075195,-2.380371,1.831055
54483,0.015259,0.027710,0.995850,-2.319336,-2.563477,1.831055
54492,0.021362,0.011841,0.961304,-2.258301,-2.258301,2.075195
54502,0.030518,0.006592,0.989624,-2.197266,-1.831055,2.502441
54512,0.017456,0.016846,0.997559,-2.258301,-1.708984,2.746582
54521,0.019287,-0.012939,0.983521,-2.441406,-1.708984,2.929688
54534,0.009155,-0.005127,1.013428,-2.624512,-1.342773,3.356934
54543,0.038574,-0.063354,0.982422,-2.563477,-0.915527,3.601074
54553,0.023071,0.024048,1.037842,-2.807617,-1.281738,3.784180
54562,0.041138,0.019897,1.025146,-2.746582,-1.464844,3.723145
54572,0.033569,-0.037598,0.988770,-2.746582,-1.281738,3.906250
54581,0.024170,-0.002563,1.018677,-2.502441,-1.281738,4.028320
54592,0.030762,-0.003906,1.019775,-2.319336,-0.854492,4.272461
54601,0.019043,-0.041992,0.998291,-2.197266,-0.976562,4.699707
54613,0.037476,-0.013672,0.984375,-2.563477,-0.915527,4.821777
54622,0.017944,-0.050293,0.995850,-2.441406,-1.037598,5.004883
54632,0.001831,-0.020386,0.981079,-2.502441,-1.098633,5.065918
54642,0.006104,-0.062622,0.983154,-2.319336,-0.793457,5.187988
54652,-0.003906,-0.018799,1.015869,-2.319336,-0.854492,5.004883
54661,-0.005493,-0.051147,0.996704,-2.441406,-0.732422,5.065918
54674,0.003906,0.019287,0.998413,-2.441406,-0.732422,5.187988
54683,0.018799,-0.019165,0.960449,-2.441406,-0.305176,5.615234
54693,0.029663,-0.045532,0.964233,-2.319336,-0.122070,6.042480
54702,0.016235,0.045654,1.014038,-2.319336,-0.427246,6.286621
54712,0.021606,-0.030518,0.958374,-2.136230,-0.244141,6.347656
54722,0.027344,-0.000488,0.996216,-2.380371,-0.244141,6.408691
54732,-0.003784,0.048096,1.017822,-2.563477,-0.061035,6.469727
54743,0.000977,-0.015015,0.989014,-2.197266,-0.122070,6.652832
54753,0.008179,0.015991,1.015259,-2.075195,0.000000,6.774902
54762,0.029785,-0.026367,0.986816,-1.953125,0.000000,6.713867
54772,0.017822,-0.010498,1.016602,-2.075195,-0.183105,6.713867
54781,0.016479,0.014160,1.038208,-2.197266,0.122070,6.896973
54792,0.033447,-0.021484,0.995483,-2.075195,0.122070,7.202148
54804,0.033691,-0.050659,1.001953,-1.586914,0.366211,7.324219
54813,0.005981,-0.025269,1.006104,-2.014160,0.183105,7.385254
54823,0.021851,-0.033203,1.017090,-2.014160,0.305176,7.446289
54833,0.015503,-0.046997,0.956665,-1.892090,-0.244141,7.568359
54842,0.044800,0.013306,0.999512,-1.953125,0.061035,7.446289
54852,0.041992,-0.016479,1.020996,-1.647949,0.061035,7.202148
54862,0.019287,-0.054321,0.981079,-1.464844,-0.366211,7.080078
54872,0.021362,0.021484,1.031128,-1.708984,-0.183105,7.324219
54882,0.038330,-0.007202,0.999023,-1.647949,-0.122070,7.324219
54893,0.032593,0.022461,1.024780,-1.586914,-0.183105,6.958008
54903,0.039917,-0.059814,0.971191,-1.281738,-0.061035,6.591797
54912,0.032471,-0.038208,1.026489,-1.220703,-0.427246,6.286621
54922,0.022583,-0.016602,1.010376,-1.159668,-0.732422,6.042480
54932,0.033447,-0.018066,0.984619,-1.098633,-0.488281,6.042480
54942,0.040771,0.000977,1.018311,-0.854492,-0.183105,6.042480
54954,0.037598,-0.055420,1.010498,-0.549316,-0.488281,5.920410
54963,0.045654,-0.037231,0.989380,-0.976562,-0.854492,5.920410
54973,0.049438,-0.054443,0.947266,-1.037598,-0.610352,5.676270
54982,0.037842,-0.000122,0.997192,-1.098633,-0.366211,5.432129
54993,0.034180,-0.032959,0.970703,-0.915527,-0.915527,5.004883
55002,0.025635,-0.007324,1.030884,-0.915527,-1.281738,4.699707
55014,0.010742,-0.012085,1.013306,-1.342773,-1.159668,4.638672
55023,0.021973,0.012085,0.990479,-1.220703,-1.220703,4.760742
55033,0.031982,-0.009521,0.982788,-1.098633,-0.488281,4.943848
55042,0.044067,0.034058,1.005127,-1.159668,-0.732422,4.638672
55052,0.055664,-0.060669,0.970337,-1.098633,-1.159668,4.699707
55062,0.040161,-0.051514,1.016602,-1.281738,-1.220703,4.333496
55072,0.050171,-0.024048,1.008301,-1.464844,-1.342773,3.967285
55082,0.041016,0.003662,1.020630,-1.708984,-1.220703,3.662109
55094,0.028320,-0.030396,1.015381,-1.525879,-1.098633,3.479004
55103,0.035156,-0.050903,0.978638,-1.464844,-1.281738,3.234863
55113,0.029175,-0.008667,1.010620,-1.586914,-1.586914,2.990723
55122,0.031372,-0.022827,0.979736,-1.770020,-1.647949,2.990723
55132,0.026001,0.012329,1.001099,-2.014160,-1.525879,3.112793
55142,0.023437,0.017334,0.970459,-1.892090,-1.281738,3.112793
55152,0.022461,-0.000610,0.991455,-1.770020,-1.037598,3.173828
55164,0.015381,-0.007813,1.017578,-1.464844,-1.037598,3.051758
55173,0.027466,-0.014404,0.989502,-2.075195,-0.854492,2.746582
55182,0.040039,-0.029053,0.978760,-2.075195,-1.159668,2.380371
55192,0.029053,-0.029663,0.988281,-1.953125,-1.464844,2.258301
55202,0.032349,-0.001099,0.987793,-2.014160,-1.281738,2.197266
55212,0.016357,-0.022583,0.983643,-2.014160,-1.342773,2.197266
55224,0.028198,-0.036865,1.007813,-2.014160,-1.037598,2.441406
55233,0.011841,-0.008545,1.021362,-2.136230,-0.854492,2.868652
55244,0.028809,-0.047607,0.954834,-1.831055,-0.976562,3.173828
55253,0.026855,-0.031494,1.009155,-1.770020,-0.976562,3.112793
55263,0.022217,-0.063477,0.990112,-1.831055,-1.159668,3.295898
55272,0.004028,-0.012451,1.027588,-1.953125,-1.159668,3.417969
55283,0.010132,-0.054687,0.976685,-1.892090,-0.793457,3.479004
55292,-0.001587,-0.046997,0.998779,-1.647949,-0.610352,3.540039
55302,0.015259,-0.055420,0.979980,-1.892090,-0.427246,3.662109
55313,0.011719,-0.002686,0.961548,-1.831055,-0.671387,3.479004
55322,0.014160,-0.020020,0.984619,-2.197266,-0.610352,3.479004
55332,0.030029,-0.016968,0.992310,-2.380371,-0.305176,3.479004
55343,0.019287,0.002930,1.014404,-2.136230,-0.061035,3.601074
55352,0.008545,0.012451,1.007080,-2.136230,-0.061035,3.662109
55362,0.025269,-0.006714,0.991821,-2.136230,0.061035,3.784180
55374,0.044922,-0.039307,0.997070,-1.770020,-0.244141,3.967285
55384,0.034424,0.011353,1.025146,-2.136230,-0.427246,3.845215
55393,0.041260,-0.016357,0.956909,-1.892090,-0.610352,3.906250
55403,0.032471,-0.013794,1.020508,-1.831055,-0.488281,3.906250
55412,0.038330,-0.060181,0.987793,-1.831055,-0.305176,3.906250
55422,0.011353,-0.000732,1.032471,-1.647949,-0.366211,4.089355
55434,0.032227,-0.001465,1.001587,-1.708984,-0.610352,4.211426
55443,0.042603,-0.013184,1.012207,-1.586914,-0.488281,4.333496
55453,0.046753,-0.055054,0.978394,-1.831055,-0.732422,4.272461
55462,0.037720,-0.004761,1.026123,-1.708984,-0.549316,4.333496
55472,0.030518,-0.040039,0.968994,-1.647949,-0.427246,4.333496
55483,0.020142,-0.026245,1.015747,-1.708984,-0.610352,4.333496
55492,0.023071,-0.029053,1.011963,-1.586914,-0.488281,4.211426
55504,0.004395,-0.032227,0.999146,-1.647949,-0.061035,3.967285
55513,0.021484,-0.045898,0.954834,-1.464844,-0.549316,4.028320
55523,0.028076,-0.015381,1.028809,-1.403809,-0.305176,3.845215
55532,0.030029,-0.040894,0.991699,-1.342773,-0.244141,3.784180
55543,0.019653,-0.020874,1.004028,-1.464844,-0.122070,3.662109
55552,0.025024,0.002197,1.030396,-1.464844,-0.244141,3.723145
55563,0.032837,-0.040527,0.955688,-1.037598,-0.244141,3.662109
55572,0.026245,0.001343,1.024536,-1.342773,-0.122070,3.479004
55582,0.038086,-0.049194,0.978149,-1.098633,-0.183105,3.540039
55593,0.012573,-0.037598,1.039673,-1.464844,-0.366211,3.662109
55603,0.020996,-0.036865,0.962646,-1.159668,-0.244141,3.723145
55612,0.024780,0.001587,1.026123,-1.220703,0.000000,3.784180
55623,0.043701,-0.045532,1.005859,-1.342773,0.183105,3.723145
55632,0.041992,-0.059204,0.977905,-1.037598,0.061035,3.662109
55644,0.037231,0.000732,1.031250,-1.098633,-0.366211,3.173828
55653,0.032471,-0.062012,0.983521,-1.098633,-0.793457,3.173828
55663,0.041992,-0.025269,1.024414,-1.098633,-0.488281,2.929688
55672,0.024536,-0.059204,0.978760,-1.159668,-0.671387,2.319336
55683,0.014282,0.005249,1.002075,-1.464844,-0.732422,2.197266
55693,0.035522,0.005981,1.000122,-1.403809,-0.427246,1.892090
55702,0.029541,-0.041504,0.977173,-0.976562,-0.549316,1.586914
55714,0.010376,-0.022461,1.032471,-1.403809,-0.610352,0.671387
55723,0.008301,-0.042603,0.992432,-1.525879,-0.610352,0.305176
55733,0.017944,0.031738,1.036499,-1.708984,-0.366211,-0.061035
55743,0.049316,0.004761,0.967163,-1.525879,-0.427246,-0.366211
55752,0.040649,-0.045166,0.952637,-1.281738,-0.793457,-0.366211
55763,0.046509,0.051025,1.036255,-1.708984,-0.915527,-0.915527
55773,0.065552,0.026978,1.000854,-2.075195,-1.037598,-1.281738
55782,0.027466,-0.016968,0.958862,-1.831055,-1.098633,-1.403809
55792,0.025635,0.075684,1.057495,-1.892090,-0.732422,-1.586914
55803,0.029663,-0.034180,0.959106,-1.525879,-0.732422,-1.220703
55812,0.035522,0.037598,1.032227,-1.892090,-0.854492,-1.159668
55823,0.076294,0.058350,1.037720,-1.953125,-0.793457,-1.525879
55833,0.038574,-0.011597,0.968262,-1.586914,-1.220703,-1.647949
55843,0.009033,-0.022461,0.971802,-1.525879,-1.098633,-1.770020
55853,0.048950,0.071045,1.055054,-1.953125,-1.464844,-2.075195
55864,-0.007324,-0.017822,0.936890,-1.770020,-1.525879,-2.014160
55874,0.009033,0.016724,0.990479,-1.953125,-1.037598,-1.770020
55883,0.041870,0.070312,1.044312,-2.014160,-0.793457,-1.831055
55893,0.024902,0.007324,0.985840,-1.831055,-0.671387,-1.586914
55903,-0.007446,-0.016113,0.973633,-1.831055,-0.488281,-1.464844
55913,0.041382,0.012939,1.011230,-1.953125,-0.305176,-1.281738
55925,0.044434,-0.018433,0.949951,-1.892090,-0.671387,-1.525879
55935,0.031250,-0.023926,0.935059,-1.525879,-0.549316,-1.647949
55944,0.055054,-0.031616,0.953003,-1.892090,-0.366211,-1.342773
55954,0.063721,-0.062256,0.850220,-2.502441,-0.976562,-1.525879
55963,0.052612,-0.399414,0.267334,-2.868652,-1.647949,-1.770020
55973,0.113892,-0.058838,0.750488,-5.126953,-1.464844,-1.770020
55982,0.088501,0.096436,0.785034,-9.399414,-1.953125,-1.892090
55995,0.005493,0.494385,0.849854,-14.160156,-2.502441,-3.295898
56005,-0.030396,0.424927,1.118408,-11.413574,-1.098633,-2.075195
56014,-0.130127,0.114502,1.143799,-8.483887,-0.976562,-1.647949
56024,-0.121948,0.064819,1.263916,-7.934570,-0.305176,-1.403809
56034,-0.047607,0.127930,1.252930,-8.789063,0.732422,0.000000
56043,-0.018921,0.158203,1.142944,-8.544922,1.770020,1.281738
56052,-0.025879,0.093384,1.012451,-7.385254,2.380371,1.831055
56065,0.054443,0.020386,0.991211,-5.981445,1.281738,1.831055
56075,0.106323,-0.039429,1.093628,-5.310059,0.854492,1.586914
56084,0.090942,-0.134155,1.081299,-5.065918,0.366211,1.403809
56093,0.068604,-0.077881,1.111816,-5.554199,0.488281,1.037598
56103,0.087158,-0.005005,1.104980,-5.676270,0.366211,0.671387
56113,0.087891,-0.000122,1.096558,-5.065918,0.244141,0.671387
56122,0.022095,-0.004028,1.101563,-4.272461,-0.366211,0.244141
56135,-0.053467,-0.030396,1.191528,-2.563477,-0.671387,-0.305176
56145,-0.066895,-0.074951,1.200562,-2.136230,-0.305176,-0.183105
56155,-0.053589,-0.041138,1.170288,-1.831055,0.488281,0.061035
56164,-0.053101,-0.034424,1.085571,-1.403809,1.220703,0.244141
56174,-0.036499,-0.052490,1.005981,-1.037598,1.708984,0.854492
56184,0.023926,-0.045044,0.979126,-1.037598,1.953125,1.342773
56193,0.048340,-0.016968,0.983154,-1.098633,2.075195,1.220703
56203,0.047607,0.016846,0.993652,-1.708984,1.770020,0.610352
56214,0.060791,0.049561,0.998413,-2.014160,1.770020,0.915527
56223,0.054932,0.063599,1.002197,-2.319336,2.014160,0.915527
56233,0.042969,0.083252,0.995117,-2.014160,1.831055,1.220703
56242,0.033447,0.088745,0.969238,-1.770020,1.464844,1.342773
56253,0.042969,0.086304,0.950195,-1.708984,1.037598,1.281738
56262,0.046143,0.075806,0.947754,-1.586914,1.403809,1.098633
56275,0.033936,0.060547,0.980347,-1.342773,1.586914,1.159668
56284,0.041504,0.055542,0.993530,-1.708984,1.892090,0.976562
56294,0.044067,0.048584,1.000000,-1.464844,2.197266,0.671387
56303,0.045532,0.038208,1.000488,-1.403809,1.831055,0.305176
56312,0.045532,0.015015,0.999878,-1.464844,1.525879,-0.244141
56323,0.036743,0.011719,0.996704,-1.464844,1.098633,-0.671387
56332,0.034058,0.016846,0.996826,-1.342773,0.793457,-1.342773
56345,0.016235,0.019775,0.994019,-1.281738,0.610352,-1.464844
56355,0.023071,0.019897,0.996338,-1.525879,1.037598,-0.976562
56364,0.027954,0.019409,1.002441,-1.342773,1.647949,-0.366211
56374,0.041016,0.012939,1.011719,-1.525879,1.708984,0.000000
56383,0.058594,0.006226,1.017822,-1.525879,1.708984,0.000000
56392,0.065674,0.016357,1.015015,-1.220703,1.281738,-0.183105
56403,0.080566,0.035278,1.023560,-1.281738,1.586914,-0.671387
56413,0.080688,0.051147,1.005371,-1.342773,0.488281,-1.403809
56422,0.096924,0.052124,1.034790,-1.464844,0.732422,-1.770020
56433,0.086060,-0.055420,1.057983,-1.037598,0.122070,-2.197266
56443,0.065918,-0.082520,1.041504,-0.610352,0.183105,-2.380371
56452,0.079468,-0.089844,1.016113,-0.549316,0.183105,-2.990723
56463,0.087646,-0.108521,0.993164,-0.366211,-0.122070,-3.662109
56472,0.062134,-0.096680,0.969849,-0.488281,-0.305176,-4.211426
56485,0.014404,-0.069336,0.986816,-0.549316,-0.732422,-5.249023
56495,-0.041992,-0.048584,0.994873,-0.549316,-0.122070,-5.310059
56505,-0.042969,-0.047363,0.988647,-0.488281,0.244141,-5.004883
56514,-0.044800,-0.062622,1.026001,-0.305176,0.732422,-5.065918
56524,-0.058838,-0.030029,0.948608,-0.366211,0.976562,-4.882812
56534,-0.009644,0.104492,0.997803,-0.305176,1.220703,-4.638672
56543,-0.109131,-0.006836,0.989624,0.366211,1.525879,-4.394531
56553,-0.115601,-0.095093,1.111572,0.488281,1.586914,-4.272461
56562,-0.118652,-0.068604,1.244263,0.488281,3.479004,-2.929688
56573,-0.058350,0.018799,1.005615,0.610352,4.943848,-0.793457
56583,-0.011353,-0.043579,1.023804,1.525879,5.798340,0.610352
56593,-0.015137,-0.072266,1.031860,2.075195,4.760742,0.366211
56602,-0.005859,-0.067993,1.013672,1.892090,3.356934,-0.122070
56613,0.186890,-0.294678,0.806763,1.403809,3.112793,0.244141
56623,-0.074341,-0.119019,0.947388,1.281738,3.906250,1.220703
56634,0.123901,-0.054932,0.917358,1.037598,2.746582,1.281738
56644,0.129395,0.001709,0.941406,0.122070,3.845215,3.173828
56653,0.102539,0.041748,0.916016,-0.183105,5.676270,5.676270
56662,0.041748,-0.003052,0.862671,-0.488281,6.530762,7.324219
56673,-0.007813,0.032104,0.927002,-0.305176,5.920410,7.446289
56683,0.044922,-0.000366,1.117310,-0.183105,5.371094,6.958008
56695,0.011719,-0.308594,1.026978,0.610352,5.004883,6.530762
56705,0.018311,-0.364502,1.027100,0.610352,4.943848,5.493164
56714,0.086792,-0.303223,1.017822,0.122070,4.577637,4.333496
56723,0.076172,-0.226562,0.937256,-0.305176,3.967285,3.356934
56733,0.134033,-0.193726,0.909546,-0.671387,3.662109,2.502441
56742,0.101685,-0.114502,0.907837,-1.403809,3.845215,1.831055
56753,0.113403,-0.046143,0.936279,-1.708984,3.356934,0.488281
56762,0.108765,-0.037842,0.960083,-1.708984,2.685547,-2.502441
56774,0.078491,-0.047485,1.028809,-1.770020,2.563477,-3.295898
56784,0.084229,-0.065674,1.049438,-1.525879,2.563477,-4.455566
56793,0.066650,-0.059082,1.045166,-1.281738,2.380371,-5.371094
56802,0.089966,-0.085449,1.041382,-1.342773,1.525879,-5.981445
56813,0.086304,-0.141479,1.067993,-0.976562,1.831055,-6.286621
56823,0.104980,-0.109253,1.084229,-1.525879,1.342773,-6.774902
56835,0.141724,-0.057129,1.150635,-1.098633,0.488281,-8.178711
56845,0.139893,0.005127,1.187622,-0.549316,-0.122070,-8.850098
56854,0.127563,0.030396,1.189941,-0.244141,-0.427246,-8.972168
56864,0.110962,0.072998,1.154785,0.427246,-0.366211,-8.911133
56873,0.071899,0.102295,1.100830,1.037598,-0.549316,-8.300781
56883,0.056274,0.117188,1.029419,1.586914,-0.610352,-7.202148
56893,0.144165,0.103271,1.018188,2.319336,0.671387,-5.737305
56903,0.087036,0.034302,1.018555,3.112793,-0.061035,-3.356934
56914,-0.029297,-0.103760,1.018677,3.967285,0.244141,-2.441406
56924,-0.063354,-0.144409,0.978760,4.455566,0.976562,-1.220703
56933,-0.075562,-0.147583,0.917358,4.272461,2.258301,0.061035
56943,-0.068970,-0.145142,0.879517,4.150391,2.929688,0.915527
56953,-0.090698,-0.181885,0.857056,4.211426,3.967285,1.770020
56963,-0.107788,-0.212769,0.878662,4.150391,4.272461,2.136230
56972,-0.082886,-0.240356,0.881592,3.540039,4.211426,2.807617
56984,0.001221,-0.216675,0.841309,1.831055,5.310059,3.540039
56994,0.041748,-0.204468,0.816772,1.342773,5.371094,4.150391
57003,0.075928,-0.215088,0.814087,1.037598,5.676270,4.699707
57012,0.087036,-0.239746,0.830444,0.671387,5.004883,5.065918
57023,0.123169,-0.241821,0.877930,0.061035,5.249023,4.943848
57032,0.156494,-0.204590,0.926392,-0.244141,5.249023,3.906250
57045,0.147095,-0.158691,0.977661,-1.037598,4.455566,0.305176
57054,0.106567,-0.117920,0.958252,-1.281738,4.272461,-0.244141
57064,0.103394,-0.115601,0.985718,-1.220703,4.638672,0.427246
57073,0.071289,-0.119873,0.992432,-1.464844,4.272461,2.502441
57083,0.074707,-0.112549,1.020874,-1.098633,4.577637,4.394531
57092,0.120850,-0.129761,1.029663,-1.220703,3.845215,6.469727
57103,0.126343,-0.207764,0.997192,-1.159668,3.601074,6.896973
57112,0.114868,-0.183838,0.965942,-1.281738,2.990723,6.896973
57124,0.134644,-0.201294,0.976562,-1.220703,3.540039,5.249023
57133,0.134766,-0.178955,1.001587,-1.342773,3.662109,4.638672
57143,0.105957,-0.187866,1.014648,-1.464844,3.295898,4.760742
57152,0.065918,-0.190186,1.019531,-1.342773,2.746582,4.943848
57163,0.049194,-0.203125,1.007568,-1.281738,2.746582,5.249023
57172,0.049438,-0.205688,0.987305,-1.342773,2.746582,5.615234
57185,0.093506,-0.212891,0.952393,-1.403809,2.380371,5.249023
57194,0.097290,-0.196411,0.965576,-1.464844,2.258301,4.089355
57204,0.110840,-0.213257,0.993774,-1.647949,2.563477,3.723145
57214,0.154663,-0.207153,1.019897,-1.464844,2.807617,3.601074
57223,0.215332,-0.198730,1.018555,-1.525879,2.441406,4.394531
57233,0.212769,-0.208008,0.999878,-1.403809,2.319336,5.981445
57243,0.158691,-0.132202,0.968262,-1.464844,1.586914,6.042480
57255,0.185181,-0.231934,0.964111,-1.220703,2.197266,7.934570
57264,0.169312,-0.229004,0.998413,-1.220703,1.342773,7.812500
57274,0.132080,-0.154541,0.986328,-1.586914,0.366211,7.934570
57283,0.177490,-0.208252,1.011597,-1.403809,0.427246,9.094238
57293,0.165039,-0.198242,0.999756,-1.464844,0.000000,8.239746
57302,0.092896,-0.200806,0.983887,-1.281738,-1.098633,7.385254
57313,0.083496,-0.193970,0.983398,-1.220703,-1.281738,6.652832
57323,0.110229,-0.206421,0.976440,-0.976562,-1.037598,4.028320
57334,0.178223,-0.202271,0.977539,-1.220703,-1.953125,3.173828
57344,0.174072,-0.174683,0.972778,-1.403809,-2.868652,2.563477
57353,0.164062,-0.155273,0.986450,-1.342773,-2.807617,2.563477
57363,0.175659,-0.158936,0.998535,-1.098633,-2.807617,3.540039
57372,0.167725,-0.181885,0.988403,-1.037598,-2.868652,4.638672
57383,0.161987,-0.189209,0.974609,-1.159668,-2.380371,5.859375
57393,0.153076,-0.173218,0.984497,-1.342773,-2.990723,7.446289
57404,0.130859,-0.166016,0.990112,-1.464844,-2.990723,8.056641
57414,0.107056,-0.163330,0.996094,-1.342773,-3.479004,8.483887
57423,0.063232,-0.183594,0.982788,-1.159668,-3.906250,8.666992
57433,0.026978,-0.208618,0.968750,-1.098633,-3.845215,8.483887
57443,0.003784,-0.194824,0.976807,-1.220703,-3.906250,8.544922
57453,0.019897,-0.174805,0.986816,-1.525879,-3.662109,8.850098
57463,0.054321,-0.159180,0.997070,-1.342773,-2.563477,9.704590
57474,0.083862,-0.194092,0.984131,-1.281738,-2.563477,10.253906
57484,0.078369,-0.207031,0.953247,-1.281738,-2.990723,10.498047
57493,0.080933,-0.197754,0.957642,-1.403809,-2.990723,10.925293
57503,0.080933,-0.169434,0.977295,-1.831055,-2.990723,11.657715
57513,0.087402,-0.144775,1.006836,-1.892090,-2.685547,12.634277
57523,0.077271,-0.161865,0.994873,-1.403809,-2.319336,13.427734
57535,0.033569,-0.237915,0.943970,-0.976562,-2.197266,14.526367
57545,0.029541,-0.220215,0.959229,-1.647949,-1.953125,14.343262
57554,0.042969,-0.199829,0.983032,-1.770020,-1.647949,14.465332
57564,0.042358,-0.210205,0.984375,-1.586914,-1.953125,13.793945
57574,0.028076,-0.234619,0.950562,-1.464844,-2.441406,13.000488
57583,0.007690,-0.251343,0.945068,-1.342773,-2.197266,11.901855
57592,0.008789,-0.254395,0.952393,-1.342773,-1.525879,11.596680
57605,0.068115,-0.271729,0.983887,-1.159668,-1.159668,11.596680
57615,0.082764,-0.274414,0.999878,-0.854492,-1.525879,11.291504
57624,0.104736,-0.307983,0.984741,-0.732422,-2.014160,11.413574
57634,0.127686,-0.342651,0.961060,-0.549316,-2.258301,11.840820
57643,0.145142,-0.315430,0.997437,-0.854492,-2.685547,12.145996
57653,0.136597,-0.277588,1.004028,-0.976562,-3.051758,12.023926
57662,0.111938,-0.293213,0.943970,-0.732422,-2.685547,11.840820
57675,0.016724,-0.268799,0.973877,-0.183105,-2.258301,11.596680
57685,-0.021362,-0.323242,0.952393,0.122070,-2.441406,10.986328
57694,-0.042480,-0.307129,0.988037,0.000000,-2.197266,10.070801
57704,-0.058472,-0.288696,1.024536,-0.305176,-2.502441,9.338379
57714,-0.064209,-0.321533,0.975708,-0.244141,-2.136230,8.300781
57724,-0.083862,-0.279297,0.973999,-0.366211,-2.075195,6.958008
57734,-0.116577,-0.250854,0.997314,-0.427246,-0.610352,4.943848
57744,-0.090332,-0.322021,0.952148,0.183105,0.305176,4.211426
57753,-0.042847,-0.296753,1.006104,0.000000,0.610352,3.234863
57763,-0.014404,-0.326172,0.953979,-0.122070,0.488281,2.563477
57772,0.021484,-0.264526,0.984619,-0.244141,0.366211,2.136230
57783,0.049194,-0.227173,0.960327,-0.427246,0.427246,2.563477
57793,0.075317,-0.208618,0.959229,-0.366211,0.610352,3.479004
57802,0.076172,-0.147339,1.013916,-0.122070,0.305176,5.004883
57815,0.095947,-0.197266,0.990112,0.244141,1.586914,9.826660
57824,0.082031,-0.173462,0.974243,-0.122070,2.502441,12.756348
57834,0.058838,-0.122192,0.951294,-0.366211,2.807617,15.441895
57843,0.048462,-0.130981,0.965576,-0.427246,3.234863,17.944336
57853,0.057373,-0.181152,0.944824,-0.610352,3.295898,20.385742
57863,0.062744,-0.158203,1.014404,-0.732422,3.601074,22.705078
57873,-0.066650,-0.198608,0.969849,-0.610352,3.662109,24.414062
57885,-0.073730,-0.180298,0.970947,-0.976562,5.065918,27.526855
57894,-0.082642,-0.214111,0.954346,-0.793457,6.164551,29.052734
57904,-0.094238,-0.234619,0.979736,-0.793457,6.958008,30.090332
57913,-0.110840,-0.254639,0.965454,-1.159668,7.202148,31.494141
57923,-0.078857,-0.222046,0.998413,-1.586914,7.141113,31.860352
57932,-0.035889,-0.250366,0.953369,-1.708984,7.385254,32.470703
57943,0.000854,-0.254639,1.013184,-1.770020,7.507324,32.653809
57953,0.058838,-0.272705,1.013794,-1.770020,8.056641,32.714844
57964,0.139771,-0.230469,0.992554,-1.464844,7.141113,32.592773
57974,0.162842,-0.262573,1.000366,-1.342773,6.896973,32.592773
57983,0.214233,-0.268066,0.960815,-1.098633,6.713867,32.653809
57992,0.240845,-0.249878,0.996094,-1.342773,6.042480,32.531738
58003,0.252686,-0.278809,0.952148,-1.159668,5.065918,31.982422
58012,0.236694,-0.260864,0.975342,-1.220703,3.479004,31.555176
58025,0.257324,-0.264893,0.974731,-0.793457,1.647949,30.334473
58034,0.270630,-0.261597,1.021484,-0.549316,0.793457,29.357910
58044,0.233643,-0.288086,1.003540,-0.183105,0.122070,28.442383
58053,0.222168,-0.267822,0.990967,0.122070,-0.122070,27.282715
58063,0.210083,-0.290039,0.941650,0.000000,-1.464844,25.756836
58073,0.188354,-0.286377,0.966553,0.061035,-2.075195,24.597168
58083,0.148926,-0.305542,0.954590,0.183105,-2.807617,23.376465
58095,0.101440,-0.258057,1.044800,0.061035,-3.967285,20.385742
58105,0.075073,-0.277344,1.021118,0.244141,-4.333496,18.981934
58114,0.065430,-0.315308,1.000366,0.488281,-4.821777,17.333984
58124,0.069214,-0.320679,0.972778,0.549316,-5.310059,15.258789
58133,0.095703,-0.309814,0.944946,0.244141,-5.798340,13.244629
58143,0.125000,-0.246338,0.949097,0.122070,-6.286621,11.169434
58153,0.156250,-0.236938,0.973022,0.061035,-7.080078,9.216309
58165,0.158936,-0.257080,1.012329,-0.122070,-8.178711,5.676270
58175,0.157715,-0.275146,1.021118,-0.183105,-8.728027,4.028320
58185,0.191772,-0.253906,1.022827,-0.488281,-8.972168,1.831055
58195,0.226685,-0.312378,0.999268,-0.427246,-9.277344,-0.610352
58204,0.235352,-0.298706,0.968506,-0.305176,-10.742188,-3.540039
58214,0.224243,-0.269531,0.955688,-0.610352,-11.901855,-6.347656
58224,0.238159,-0.323853,0.940430,-0.732422,-13.183594,-8.850098
58233,0.236328,-0.267334,0.973267,-1.403809,-14.343262,-14.404297
58243,0.252563,-0.220215,0.996582,-1.586914,-15.380859,-16.601562
58253,0.258545,-0.244385,1.003662,-1.464844,-15.808105,-18.432617
58263,0.240112,-0.220581,0.968506,-1.525879,-16.479492,-20.507812
58272,0.200806,-0.221069,0.926270,-2.014160,-16.906738,-22.705078
58283,0.203979,-0.209106,0.930420,-2.441406,-17.211914,-25.329590
58293,0.171753,-0.213379,0.968018,-2.807617,-17.822266,-28.259277
58305,0.100220,-0.164185,0.962769,-2.929688,-18.188477,-33.630371
58315,0.109863,-0.171021,0.995483,-2.868652,-18.127441,-35.522461
58325,0.076538,-0.165771,1.030029,-2.929688,-18.066406,-37.231445
58334,0.111938,-0.236572,0.998169,-3.051758,-17.944336,-38.818359
58344,0.109253,-0.229492,0.970703,-3.479004,-17.883301,-39.916992
58354,0.121094,-0.158936,0.978516,-4.089355,-18.066406,-41.320801
58364,0.158081,-0.200439,0.948730,-3.784180,-18.310547,-44.982910
58374,0.166504,-0.239136,0.972656,-3.784180,-18.798828,-46.630859
58383,0.145508,-0.208252,1.024292,-3.540039,-18.737793,-48.095703
58393,0.158325,-0.187012,1.036621,-3.295898,-18.493652,-48.767090
58402,0.158813,-0.270386,1.006958,-3.112793,-18.371582,-48.950195
58413,0.135498,-0.240723,0.992310,-3.234863,-18.371582,-49.072266
58423,0.070190,-0.228394,0.976074,-3.173828,-18.005371,-48.828125
58435,0.049561,-0.151123,0.956299,-2.685547,-16.052246,-47.363281
58444,0.010864,-0.267334,0.879883,-2.746582,-15.075684,-46.264648
58454,-0.028931,-0.236938,0.889282,-2.990723,-14.160156,-45.104980
58464,-0.079712,-0.219727,0.955078,-3.295898,-13.549805,-44.006348
58474,-0.093628,-0.146606,1.010498,-3.356934,-12.573242,-42.785645
58484,-0.100586,-0.108887,1.056152,-3.112793,-11.596680,-41.137695
58494,-0.083740,-0.146851,1.023560,-2.563477,-10.009766,-39.062500
58504,-0.079102,-0.133423,0.996948,-2.380371,-8.972168,-36.804199
58513,-0.094727,-0.122070,0.943359,-2.441406,-7.141113,-32.836914
58523,-0.026367,0.013062,0.964600,-2.197266,-5.493164,-31.005859
58533,-0.012451,0.005249,0.971558,-1.953125,-4.516602,-29.418945
58543,-0.010376,0.004517,0.999146,-1.647949,-3.723145,-28.076172
58553,-0.018677,-0.018555,1.038086,-1.525879,-2.868652,-27.038574
58563,-0.015015,-0.018799,1.042236,-1.708984,-2.075195,-26.062012
58573,0.013428,-0.023315,1.018188,-1.892090,-1.647949,-25.268555
58583,0.032104,-0.002686,1.025513,-1.098633,-2.136230,-23.010254
58593,0.038086,-0.109985,0.999512,-0.488281,-2.563477,-21.362305
58603,0.031006,-0.119995,1.038208,0.061035,-2.746582,-18.493652
58613,-0.019165,-0.181274,1.021484,0.488281,-1.831055,-14.831543
58623,-0.013184,-0.219482,0.974121,0.610352,-0.915527,-10.314941
58633,-0.051147,-0.192627,0.987671,0.732422,0.000000,-6.591797
58643,-0.066040,-0.244019,1.017090,0.671387,0.793457,-3.051758
58655,-0.180786,-0.094727,0.927124,1.159668,2.746582,0.976562
58665,-0.082520,-0.037720,0.909668,1.159668,3.417969,1.037598
58674,-0.052979,-0.026001,0.946167,0.549316,3.723145,0.427246
58683,0.028564,0.046753,0.938721,0.061035,3.723145,-0.732422
58693,0.147217,0.117188,0.954590,-0.305176,2.929688,-1.708984
58703,0.174316,0.135864,0.972290,-0.122070,1.098633,-2.258301
58713,0.231445,0.076660,0.995850,0.000000,-0.183105,-1.953125
58725,0.221558,-0.022461,1.102173,-0.183105,-1.037598,0.854492
58735,0.038330,-0.024658,0.953491,-0.671387,-0.976562,2.807617
58744,0.048218,-0.090820,1.037231,-0.732422,-0.610352,4.272461
58754,-0.049561,-0.092896,1.006348,-0.732422,-0.183105,4.821777
58763,-0.144653,-0.115845,1.008911,-0.976562,-0.915527,3.906250
58773,-0.108154,-0.136230,1.011841,-1.037598,-0.549316,2.075195
58783,-0.107910,-0.164307,1.035156,-1.037598,-1.220703,-0.366211
58794,-0.013184,-0.097778,0.981689,-1.098633,-1.892090,-5.676270
58804,0.003662,-0.132080,0.956909,-0.122070,-2.868652,-7.385254
58814,0.064453,-0.107666,1.019043,-0.122070,-3.112793,-8.850098
58823,0.024170,-0.167480,0.984253,-0.122070,-3.112793,-10.620117
58833,0.015869,-0.102417,0.991821,-0.427246,-3.295898,-13.000488
58843,0.099487,-0.074341,1.131348,-0.366211,-3.234863,-15.686035
58853,0.077637,-0.101440,1.034912,-0.366211,-3.540039,-18.859863
58863,0.046387,-0.121338,0.984009,0.305176,-5.981445,-25.817871
58874,0.112305,-0.174438,0.974121,-0.244141,-7.019043,-28.686523
58884,0.181885,-0.158447,1.046021,-0.549316,-7.934570,-30.883789
58894,0.187866,-0.101929,1.050537,-0.427246,-8.483887,-32.165527
58903,0.141479,-0.132568,1.026245,0.122070,-8.789063,-32.653809
58913,0.062500,-0.187012,0.997070,0.732422,-8.666992,-32.958984
58923,0.088745,-0.156250,1.003662,0.793457,-8.056641,-32.104492
58935,0.034180,-0.114502,1.017090,1.220703,-7.080078,-30.639648
58945,0.005371,-0.114136,0.998535,1.403809,-6.652832,-30.334473
58954,-0.036743,-0.096924,0.939575,1.708984,-6.347656,-30.395508
58964,-0.013550,-0.088623,0.986450,1.647949,-6.591797,-30.761719
58973,-0.027832,-0.191528,0.978882,1.770020,-6.713867,-31.433105
58983,-0.023682,-0.121094,0.971436,1.647949,-6.469727,-31.555176
58993,0.001099,-0.105347,0.962036,1.525879,-5.615234,-31.005859
59003,-0.008911,-0.047363,0.957031,1.220703,-3.723145,-28.503418
59015,-0.043945,0.025635,0.964478,0.915527,-3.662109,-26.855469
59024,-0.078369,-0.015869,0.952026,0.915527,-2.990723,-25.451660
59034,-0.120239,-0.039673,0.961548,1.037598,-2.319336,-24.108887
59043,-0.082642,-0.009644,0.995239,0.976562,-1.586914,-22.521973
59053,-0.084595,-0.006958,1.058960,0.976562,-1.037598,-21.362305
59063,-0.094116,-0.002686,1.008301,0.732422,-0.610352,-19.958496
59076,-0.030029,-0.070801,0.991821,0.610352,0.122070,-16.723633
59086,0.027588,-0.057861,1.013062,0.427246,0.061035,-14.831543
59095,0.034546,-0.091797,1.000610,0.549316,-0.122070,-12.878418
59105,0.067505,-0.023071,1.053101,0.732422,-0.305176,-10.925293
59115,0.078003,-0.143799,1.023682,0.549316,-0.305176,-8.972168
59124,0.090332,-0.090942,1.012695,-0.122070,0.000000,-7.324219
59133,0.141479,0.126099,1.074951,-1.098633,-0.183105,-6.164551
59143,-0.189819,-0.132324,1.132935,-0.732422,1.953125,-4.028320
59153,-0.037720,-0.515991,0.980225,0.915527,2.868652,-3.906250
59163,-0.144409,-0.152588,0.812256,0.915527,2.807617,-4.760742
59173,-0.313721,-0.160278,0.929810,0.488281,1.647949,-5.432129
59184,-0.247681,-0.002197,0.893921,0.061035,0.732422,-6.164551
59193,-0.228271,0.060425,0.925537,-0.854492,0.793457,-6.347656
59205,-0.155396,-0.016235,0.980957,-2.197266,3.479004,-4.699707
59214,-0.068848,0.009033,1.167480,-1.953125,4.516602,-3.967285
59224,0.007080,-0.102539,1.191040,-0.366211,5.126953,-3.784180
59234,0.018555,-0.182983,1.050049,1.220703,5.493164,-3.417969
59243,0.011841,-0.285767,1.024048,2.075195,5.493164,-3.417969
59254,-0.031128,-0.163086,0.934204,1.831055,4.882812,-4.638672
59263,-0.105225,-0.204712,0.903442,1.403809,3.723145,-5.737305
59275,-0.158325,-0.034912,0.911133,0.854492,2.807617,-6.286621
59284,-0.086060,-0.232178,0.855713,0.488281,3.112793,-5.920410
59294,-0.002197,-0.127686,0.923462,-0.610352,4.394531,-4.638672
59303,-0.001831,-0.064331,1.014404,-1.403809,5.493164,-1.586914
59314,-0.004639,0.033569,1.006714,-1.342773,6.164551,2.014160
59323,-0.087280,-0.115723,0.982788,-0.671387,6.164551,5.065918
59333,-0.081055,-0.115845,0.923096,-0.488281,6.835937,7.690430
59343,-0.093872,-0.167847,0.992920,-0.976562,7.690430,9.399414
59355,-0.119263,-0.038696,1.005615,-1.770020,7.202148,10.498047
59364,-0.142456,-0.158203,0.988281,-0.854492,7.263184,10.620117
59374,-0.118408,-0.125732,0.981323,-0.915527,7.446289,10.375977
59384,-0.138062,-0.126709,0.968750,-0.976562,7.446289,10.253906
59393,-0.131226,-0.087646,1.021606,-1.159668,7.568359,10.437012
59404,-0.134399,-0.117554,1.017212,-1.098633,7.568359,10.742188
59413,-0.124023,-0.134644,0.988281,-0.732422,7.995605,11.596680
59423,-0.138794,-0.148926,0.985229,-0.732422,8.911133,13.427734
59434,-0.135010,-0.140625,0.957275,-1.037598,9.643555,14.343262
59444,-0.135742,-0.226562,0.954834,-0.976562,10.314941,15.075684
59454,-0.146118,-0.185059,0.990356,-1.403809,10.009766,15.686035
59463,-0.126831,-0.166992,0.985474,-1.525879,9.765625,15.991211
59474,-0.083984,-0.146362,0.977295,-1.586914,10.314941,16.540527
59484,-0.056396,-0.149658,1.008301,-1.892090,10.375977,18.066406
59495,-0.024292,-0.141724,0.982178,-2.380371,10.253906,19.104004
59505,-0.019043,-0.154785,1.001953,-2.319336,10.681152,20.019531
59514,-0.058350,-0.133545,0.999756,-2.380371,10.009766,20.507812
59524,-0.063721,-0.208130,0.983521,-2.502441,9.765625,21.057129
59533,-0.079102,-0.155762,0.995239,-2.502441,9.826660,21.118164
59543,-0.085083,-0.176147,0.992187,-2.441406,9.704590,21.179199
59555,-0.104736,-0.177124,0.977783,-2.563477,10.314941,21.484375
59564,-0.072266,-0.165894,0.973267,-2.990723,10.375977,21.850586
59574,-0.087158,-0.158325,1.008423,-2.929688,10.070801,22.277832
59583,-0.068481,-0.183594,0.980713,-2.868652,10.192871,22.460937
59593,-0.063721,-0.179565,0.980469,-2.929688,10.131836,22.705078
59604,-0.041748,-0.219604,0.991211,-2.868652,9.704590,23.010254
59613,-0.054443,-0.189331,0.985840,-2.868652,9.704590,23.010254
59625,-0.075806,-0.185547,0.966309,-2.746582,9.765625,23.376465
59634,-0.077148,-0.175903,0.965698,-2.807617,9.582520,23.437500
59644,-0.058350,-0.181763,0.948608,-2.868652,9.826660,23.681641
59654,-0.061890,-0.189209,0.963867,-3.112793,9.033203,23.681641
59663,-0.022583,-0.172607,0.951660,-3.417969,9.399414,24.230957
59673,-0.056885,-0.244629,0.941284,-3.540039,9.338379,24.475098
59683,-0.032471,-0.193970,0.971436,-3.479004,8.850098,24.963379
59695,-0.045532,-0.187256,0.971680,-3.417969,9.338379,26.977539
59704,-0.047729,-0.172363,1.003540,-3.479004,9.277344,28.076172
59714,-0.075073,-0.167603,0.972900,-3.234863,9.460449,29.479980
59724,-0.072021,-0.129272,1.007446,-3.234863,9.338379,30.395508
59733,-0.102051,-0.144653,1.005981,-3.051758,9.643555,31.188965
59744,-0.113403,-0.161255,1.016602,-3.051758,9.826660,31.616211
59754,-0.100342,-0.175049,1.020386,-2.807617,10.375977,32.348633
59763,-0.080566,-0.144043,1.010864,-2.685547,10.253906,32.897949
59773,-0.089600,-0.133667,0.996948,-2.319336,9.826660,34.362793
59784,-0.044067,-0.166260,0.984985,-1.953125,9.948730,35.522461
59794,-0.045654,-0.192139,0.959106,-2.075195,10.009766,36.560059
59804,-0.087036,-0.205200,0.959961,-2.441406,10.253906,38.330078
59814,-0.084961,-0.052979,0.984375,-3.234863,10.498047,39.306641
59823,-0.110962,0.044067,1.039551,-3.234863,10.620117,39.916992
59835,-0.071533,-0.103760,1.059692,-2.319336,10.803223,39.062500
59844,-0.088745,-0.049072,1.016113,-2.807617,9.704590,38.269043
59854,-0.094238,-0.161011,0.977295,-2.746582,9.826660,37.536621
59864,-0.039185,-0.060669,0.972534,-2.624512,9.704590,37.292480
59874,-0.074463,-0.070679,0.988647,-2.563477,9.643555,36.743164
59883,-0.017944,-0.095093,0.997925,-2.014160,9.887695,35.888672
59894,-0.032227,-0.183350,1.020508,-1.708984,9.704590,35.095215
59904,-0.005981,-0.158447,1.009766,-1.586914,9.399414,33.020020
59915,0.005981,-0.133789,0.984863,-1.159668,8.422852,31.677246
59925,0.016968,-0.174072,0.997314,-1.098633,7.080078,30.456543
59934,0.040649,-0.149780,0.990479,-1.159668,6.652832,29.235840
59944,0.055664,-0.118042,0.999878,-1.037598,6.042480,28.137207
59953,0.062500,-0.135864,0.996216,-1.220703,5.737305,26.977539
59964,0.050781,-0.158203,0.983887,-0.854492,5.004883,25.878906
59973,0.069092,-0.190674,0.969360,-0.915527,5.187988,24.414062
59985,0.069092,-0.169189,0.999512,-1.220703,4.394531,20.935059
59994,0.088013,-0.137207,1.006592,-1.464844,3.967285,18.981934
